method,n_ris,seed,scenario,split,sum_rate,reward,qos_fraction,all_qos,violation,iterations,evaluations,accepted_steps,solver,initialization,objective_history,surrogate_records,grid,solve_ms,config_hash,git_commit,bank_checksum
ao_sca,96,10000,500,test,18.739375894557654,18.739375894557654,1.0,True,0.0,5,2989,9,ao_sca_proximal_physical,analytical_ris_equal_allocation,"[1.8379934824353117, 18.239706618651283, 18.71472164918582, 18.72209927242686, 18.73815364737495, 18.739375894557654]","[{""block"": ""rsma"", ""rho"": 1.0, ""gain"": 16.36905876220924}, {""block"": ""star_ris"", ""rho"": 1.0, ""gain"": 0.03265437400673221}, {""block"": ""rsma"", ""rho"": 1.0, ""gain"": 0.0}, {""block"": ""star_ris"", ""rho"": 1.0, ""gain"": 0.47501503053453575}, {""block"": ""rsma"", ""rho"": 1.0, ""gain"": 0.0}, {""block"": ""star_ris"", ""rho"": 8.0, ""gain"": 0.007377623241040965}, {""block"": ""rsma"", ""rho"": 1.0, ""gain"": 3.552713678800501e-15}, {""block"": ""star_ris"", ""rho"": 2.0, ""gain"": 0.016054374948087258}, {""block"": ""rsma"", ""rho"": 1.0, ""gain"": 0.0}, {""block"": ""star_ris"", ""rho"": 16.0, ""gain"": 0.001222247182703029}]",{},1715.246221,eb978e84730de4cf1e0579ad9e17edb700c67ba6eceac89d1fe3698763a419f7,fc61d5cda7da39530055bae9bd0e92865f995cd9,4e84455d08cacd9f85c432f7838c3be2cb0f000b55edc3487c6dee9520cc0b63
ao_sca,96,10000,501,test,18.790932936614496,18.790932936614496,1.0,True,0.0,9,5383,18,ao_sca_proximal_physical,analytical_ris_equal_allocation,"[1.8379928260994924, 18.485588678476788, 18.53725783857716, 18.597792617233388, 18.61386837269072, 18.61703365817153, 18.729588040145064, 18.740773282768515, 18.79007243379754, 18.790932936614496]","[{""block"": ""rsma"", ""rho"": 1.0, ""gain"": 16.332967009083745}, {""block"": ""star_ris"", ""rho"": 2.0, ""gain"": 0.31462884329355134}, {""block"": ""rsma"", ""rho"": 1.0, ""gain"": 0.0}, {""block"": ""star_ris"", ""rho"": 4.0, ""gain"": 0.051669160100370704}, {""block"": ""rsma"", ""rho"": 1.0, ""gain"": 0.0}, {""block"": ""star_ris"", ""rho"": 1.0, ""gain"": 0.060534778656229804}, {""block"": ""rsma"", ""rho"": 1.0, ""gain"": 0.0}, {""block"": ""star_ris"", ""rho"": 8.0, ""gain"": 0.016075755457332974}, {""block"": ""rsma"", ""rho"": 1.0, ""gain"": 0.0}, {""block"": ""star_ris"", ""rho"": 4.0, ""gain"": 0.0031652854808079667}, {""block"": ""rsma"", ""rho"": 1.0, ""gain"": 0.0}, {""block"": ""star_ris"", ""rho"": 2.0, ""gain"": 0.11255438197353484}, {""block"": ""rsma"", ""rho"": 1.0, ""gain"": 0.0}, {""block"": ""star_ris"", ""rho"": 4.0, ""gain"": 0.01118524262345133}, {""block"": ""rsma"", ""rho"": 1.0, ""gain"": 0.0}, {""block"": ""star_ris"", ""rho"": 1.0, ""gain"": 0.04929915102902527}, {""block"": ""rsma"", ""rho"": 1.0, ""gain"": 0.0}, {""block"": ""star_ris"", ""rho"": 128.0, ""gain"": 0.0008605028169554885}]",{},3102.626899,eb978e84730de4cf1e0579ad9e17edb700c67ba6eceac89d1fe3698763a419f7,fc61d5cda7da39530055bae9bd0e92865f995cd9,4e84455d08cacd9f85c432f7838c3be2cb0f000b55edc3487c6dee9520cc0b63
ao_sca,96,10000,502,test,18.990800733152625,18.990800733152625,1.0,True,0.0,20,11966,31,ao_sca_proximal_physical,analytical_ris_equal_allocation,"[1.8379840099591511, 17.988829603283357, 18.364088199703158, 18.366357291542982, 18.370390731547896, 18.43799315780748, 18.509754139933197, 18.52686762622153, 18.616886857635357, 18.64977915742135, 18.753606801423622, 18.761639242422618, 18.77338924701569, 18.79226834224194, 18.84760789135384, 18.860991208280304, 18.90073087203425, 18.934895149657603, 18.963223662186934, 18.98544384566889, 18.990800733152625]","[{""block"": ""rsma"", ""rho"": 1.0, ""gain"": 15.907203367771988}, {""block"": ""star_ris"", ""rho"": 4.0, ""gain"": 0.24364222555221815}, {""block"": ""rsma"", ""rho"": 1.0, ""gain"": 3.552713678800501e-15}, {""block"": ""star_ris"", ""rho"": 2.0, ""gain"": 0.37525859641979764}, {""block"": ""rsma"", ""rho"": 1.0, ""gain"": 0.0}, {""block"": ""star_ris"", ""rho"": 16.0, ""gain"": 0.0022690918398247106}, {""block"": ""rsma"", ""rho"": 1.0, ""gain"": 0.0}, {""block"": ""star_ris"", ""rho"": 4.0, ""gain"": 0.004033440004914013}, {""block"": ""rsma"", ""rho"": 1.0, ""gain"": 3.552713678800501e-15}, {""block"": ""star_ris"", ""rho"": 2.0, ""gain"": 0.06760242625957957}, {""block"": ""rsma"", ""rho"": 1.0, ""gain"": 0.0}, {""block"": ""star_ris"", ""rho"": 8.0, ""gain"": 0.07176098212571702}, {""block"": ""rsma"", ""rho"": 1.0, ""gain"": 0.0}, {""block"": ""star_ris"", ""rho"": 32.0, ""gain"": 0.0171134862883342}, {""block"": ""rsma"", ""rho"": 1.0, ""gain"": 0.0}, {""block"": ""star_ris"", ""rho"": 2.0, ""gain"": 0.09001923141382662}, {""block"": ""rsma"", ""rho"": 1.0, ""gain"": 0.0}, {""block"": ""star_ris"", ""rho"": 1.0, ""gain"": 0.03289229978599195}, {""block"": ""rsma"", ""rho"": 1.0, ""gain"": 0.0}, {""block"": ""star_ris"", ""rho"": 4.0, ""gain"": 0.10382764400227273}, {""block"": ""rsma"", ""rho"": 1.0, ""gain"": 0.0}, {""block"": ""star_ris"", ""rho"": 2.0, ""gain"": 0.008032440998995583}, {""block"": ""rsma"", ""rho"": 1.0, ""gain"": -3.552713678800501e-15}, {""block"": ""star_ris"", ""rho"": 8.0, ""gain"": 0.011750004593075403}, {""block"": ""rsma"", ""rho"": 1.0, ""gain"": 0.0}, {""block"": ""star_ris"", ""rho"": 4.0, ""gain"": 0.018879095226250087}, {""block"": ""rsma"", ""rho"": 1.0, ""gain"": 0.0}, {""block"": ""star_ris"", ""rho"": 8.0, ""gain"": 0.05533954911189909}, {""block"": ""rsma"", ""rho"": 1.0, ""gain"": 0.0}, {""block"": ""star_ris"", ""rho"": 32.0, ""gain"": 0.013383316926464772}, {""block"": ""rsma"", ""rho"": 1.0, ""gain"": 0.0}, {""block"": ""star_ris"", ""rho"": 2.0, ""gain"": 0.03973966375394511}, {""block"": ""rsma"", ""rho"": 1.0, ""gain"": 0.0}, {""block"": ""star_ris"", ""rho"": 4.0, ""gain"": 0.03416427762335417}, {""block"": ""rsma"", ""rho"": 1.0, ""gain"": 0.0}, {""block"": ""star_ris"", ""rho"": 2.0, ""gain"": 0.028328512529331107}, {""block"": ""rsma"", ""rho"": 1.0, ""gain"": 0.0}, {""block"": ""star_ris"", ""rho"": 4.0, ""gain"": 0.022220183481955758}, {""block"": ""rsma"", ""rho"": 1.0, ""gain"": 0.0}, {""block"": ""star_ris"", ""rho"": 16.0, ""gain"": 0.005356887483735306}]",{},6788.598436,eb978e84730de4cf1e0579ad9e17edb700c67ba6eceac89d1fe3698763a419f7,fc61d5cda7da39530055bae9bd0e92865f995cd9,4e84455d08cacd9f85c432f7838c3be2cb0f000b55edc3487c6dee9520cc0b63
ao_sca,96,10000,503,test,18.8862380327546,18.8862380327546,1.0,True,0.0,3,1800,6,ao_sca_proximal_physical,analytical_ris_equal_allocation,"[1.8380084115500954, 18.73614942114711, 18.88599920655354, 18.886238032754598]","[{""block"": ""rsma"", ""rho"": 1.0, ""gain"": 16.89441673634529}, {""block"": ""star_ris"", ""rho"": 4.0, ""gain"": 0.003724273251727084}, {""block"": ""rsma"", ""rho"": 1.0, ""gain"": 0.0}, {""block"": ""star_ris"", ""rho"": 4.0, ""gain"": 0.14984978540642757}, {""block"": ""rsma"", ""rho"": 1.0, ""gain"": 0.0}, {""block"": ""star_ris"", ""rho"": 128.0, ""gain"": 0.0002388262010590836}]",{},1018.102798,eb978e84730de4cf1e0579ad9e17edb700c67ba6eceac89d1fe3698763a419f7,fc61d5cda7da39530055bae9bd0e92865f995cd9,4e84455d08cacd9f85c432f7838c3be2cb0f000b55edc3487c6dee9520cc0b63
ao_sca,96,10000,504,test,18.984959172582823,18.984959172582823,1.0,True,0.0,17,10166,30,ao_sca_proximal_physical,analytical_ris_equal_allocation,"[1.8379891557474426, 18.29015484462811, 18.519385283319423, 18.56404867538833, 18.62863284826562, 18.70218565439551, 18.7072818646123, 18.731731207999946, 18.75648569743156, 18.781534874190328, 18.817509582111246, 18.939471016550133, 18.946466705007907, 18.95168831295682, 18.95884106938881, 18.980114633371056, 18.983804591185162, 18.984959172582823]","[{""block"": ""rsma"", ""rho"": 1.0, ""gain"": 16.15690840912123}, {""block"": ""star_ris"", ""rho"": 1.0, ""gain"": 0.2952572797594364}, {""block"": ""rsma"", ""rho"": 1.0, ""gain"": 0.0}, {""block"": ""star_ris"", ""rho"": 1.0, ""gain"": 0.22923043869131376}, {""block"": ""rsma"", ""rho"": 1.0, ""gain"": 0.0}, {""block"": ""star_ris"", ""rho"": 2.0, ""gain"": 0.04466339206890879}, {""block"": ""rsma"", ""rho"": 1.0, ""gain"": 0.0}, {""block"": ""star_ris"", ""rho"": 16.0, ""gain"": 0.06458417287728935}, {""block"": ""rsma"", ""rho"": 1.0, ""gain"": -3.552713678800501e-15}, {""block"": ""star_ris"", ""rho"": 4.0, ""gain"": 0.0735528061298929}, {""block"": ""rsma"", ""rho"": 1.0, ""gain"": 0.0}, {""block"": ""star_ris"", ""rho"": 4.0, ""gain"": 0.005096210216787966}, {""block"": ""rsma"", ""rho"": 1.0, ""gain"": 0.0}, {""block"": ""star_ris"", ""rho"": 16.0, ""gain"": 0.024449343387647815}, {""block"": ""rsma"", ""rho"": 1.0, ""gain"": 0.0}, {""block"": ""star_ris"", ""rho"": 2.0, ""gain"": 0.024754489431614957}, {""block"": ""rsma"", ""rho"": 1.0, ""gain"": 0.0}, {""block"": ""star_ris"", ""rho"": 2.0, ""gain"": 0.025049176758766833}, {""block"": ""rsma"", ""rho"": 1.0, ""gain"": 0.0}, {""block"": ""star_ris"", ""rho"": 2.0, ""gain"": 0.03597470792091784}, {""block"": ""rsma"", ""rho"": 1.0, ""gain"": 0.0}, {""block"": ""star_ris"", ""rho"": 2.0, ""gain"": 0.1219614344388873}, {""block"": ""rsma"", ""rho"": 1.0, ""gain"": 0.0}, {""block"": ""star_ris"", ""rho"": 2.0, ""gain"": 0.006995688457774207}, {""block"": ""rsma"", ""rho"": 1.0, ""gain"": 0.0}, {""block"": ""star_ris"", ""rho"": 4.0, ""gain"": 0.005221607948911355}, {""block"": ""rsma"", ""rho"": 1.0, ""gain"": 0.0}, {""block"": ""star_ris"", ""rho"": 16.0, ""gain"": 0.007152756431992202}, {""block"": ""rsma"", ""rho"": 1.0, ""gain"": 3.552713678800501e-15}, {""block"": ""star_ris"", ""rho"": 16.0, ""gain"": 0.021273563982241228}, {""block"": ""rsma"", ""rho"": 1.0, ""gain"": 0.0}, {""block"": ""star_ris"", ""rho"": 4.0, ""gain"": 0.003689957814106748}, {""block"": ""rsma"", ""rho"": 1.0, ""gain"": 0.0}, {""block"": ""star_ris"", ""rho"": 8.0, ""gain"": 0.001154581397660337}]",{},5727.336115,eb978e84730de4cf1e0579ad9e17edb700c67ba6eceac89d1fe3698763a419f7,fc61d5cda7da39530055bae9bd0e92865f995cd9,4e84455d08cacd9f85c432f7838c3be2cb0f000b55edc3487c6dee9520cc0b63
ao_sca,96,10000,505,test,19.15093184828219,19.15093184828219,1.0,True,0.0,15,8972,19,ao_sca_proximal_physical,analytical_ris_equal_allocation,"[1.8379962366523572, 18.539686029535332, 18.643763742765184, 18.704592038491803, 18.79763752304635, 18.938650553644138, 18.97796225751772, 19.005806458926326, 19.069722190977693, 19.072827477517972, 19.076121132756466, 19.083072460425683, 19.096119701515583, 19.100756088587453, 19.150674642646162, 19.15093184828219]","[{""block"": ""rsma"", ""rho"": 1.0, ""gain"": 16.533251244171304}, {""block"": ""star_ris"", ""rho"": 1.0, ""gain"": 0.16843854871166997}, {""block"": ""rsma"", ""rho"": 1.0, ""gain"": -3.552713678800501e-15}, {""block"": ""star_ris"", ""rho"": 1.0, ""gain"": 0.10407771322985582}, {""block"": ""rsma"", ""rho"": 1.0, ""gain"": 0.0}, {""block"": ""star_ris"", ""rho"": 2.0, ""gain"": 0.060828295726619075}, {""block"": ""rsma"", ""rho"": 1.0, ""gain"": 0.0}, {""block"": ""star_ris"", ""rho"": 1.0, ""gain"": 0.09304548455454764}, {""block"": ""rsma"", ""rho"": 1.0, ""gain"": 3.552713678800501e-15}, {""block"": ""star_ris"", ""rho"": 2.0, ""gain"": 0.14101303059778303}, {""block"": ""rsma"", ""rho"": 1.0, ""gain"": 0.0}, {""block"": ""star_ris"", ""rho"": 2.0, ""gain"": 0.03931170387358307}, {""block"": ""rsma"", ""rho"": 1.0, ""gain"": 0.0}, {""block"": ""star_ris"", ""rho"": 4.0, ""gain"": 0.02784420140860533}, {""block"": ""rsma"", ""rho"": 1.0, ""gain"": 0.0}, {""block"": ""star_ris"", ""rho"": 1.0, ""gain"": 0.0639157320513668}, {""block"": ""rsma"", ""rho"": 1.0, ""gain"": 0.0}, {""block"": ""star_ris"", ""rho"": 32.0, ""gain"": 0.003105286540279195}, {""block"": ""rsma"", ""rho"": 1.0, ""gain"": 0.0}, {""block"": ""star_ris"", ""rho"": 16.0, ""gain"": 0.0032936552384938977}, {""block"": ""rsma"", ""rho"": 1.0, ""gain"": 0.0}, {""block"": ""star_ris"", ""rho"": 8.0, ""gain"": 0.006951327669217022}, {""block"": ""rsma"", ""rho"": 1.0, ""gain"": 0.0}, {""block"": ""star_ris"", ""rho"": 4.0, ""gain"": 0.013047241089900297}, {""block"": ""rsma"", ""rho"": 1.0, ""gain"": 0.0}, {""block"": ""star_ris"", ""rho"": 8.0, ""gain"": 0.004636387071869308}, {""block"": ""rsma"", ""rho"": 1.0, ""gain"": 0.0}, {""block"": ""star_ris"", ""rho"": 4.0, ""gain"": 0.04991855405870993}, {""block"": ""rsma"", ""rho"": 1.0, ""gain"": 0.0}, {""block"": ""star_ris"", ""rho"": 128.0, ""gain"": 0.00025720563602860125}]",{},5046.285318,eb978e84730de4cf1e0579ad9e17edb700c67ba6eceac89d1fe3698763a419f7,fc61d5cda7da39530055bae9bd0e92865f995cd9,4e84455d08cacd9f85c432f7838c3be2cb0f000b55edc3487c6dee9520cc0b63
ao_sca,96,10000,506,test,19.18910831014234,19.18910831014234,1.0,True,0.0,13,7781,25,ao_sca_proximal_physical,analytical_ris_equal_allocation,"[1.8379860295965764, 18.245837416339324, 18.677954583478652, 18.781506283560578, 18.87243606517909, 18.89452054853737, 18.900064000496776, 19.116484274505986, 19.122814513414525, 19.13150473826925, 19.13404455406775, 19.15672385820934, 19.187705788814515, 19.18910831014234]","[{""block"": ""rsma"", ""rho"": 1.0, ""gain"": 15.92042251766067}, {""block"": ""star_ris"", ""rho"": 1.0, ""gain"": 0.48742886908207694}, {""block"": ""rsma"", ""rho"": 1.0, ""gain"": 0.0}, {""block"": ""star_ris"", ""rho"": 1.0, ""gain"": 0.432117167139328}, {""block"": ""rsma"", ""rho"": 1.0, ""gain"": 0.0}, {""block"": ""star_ris"", ""rho"": 1.0, ""gain"": 0.10355170008192616}, {""block"": ""rsma"", ""rho"": 1.0, ""gain"": 0.0}, {""block"": ""star_ris"", ""rho"": 4.0, ""gain"": 0.09092978161851306}, {""block"": ""rsma"", ""rho"": 1.0, ""gain"": 0.0}, {""block"": ""star_ris"", ""rho"": 16.0, ""gain"": 0.022084483358277396}, {""block"": ""rsma"", ""rho"": 1.0, ""gain"": -3.552713678800501e-15}, {""block"": ""star_ris"", ""rho"": 64.0, ""gain"": 0.005543451959411527}, {""block"": ""rsma"", ""rho"": 1.0, ""gain"": 0.0}, {""block"": ""star_ris"", ""rho"": 1.0, ""gain"": 0.21642027400920938}, {""block"": ""rsma"", ""rho"": 1.0, ""gain"": 0.0}, {""block"": ""star_ris"", ""rho"": 64.0, ""gain"": 0.006330238908539343}, {""block"": ""rsma"", ""rho"": 1.0, ""gain"": 0.0}, {""block"": ""star_ris"", ""rho"": 2.0, ""gain"": 0.008690224854724704}, {""block"": ""rsma"", ""rho"": 1.0, ""gain"": 0.0}, {""block"": ""star_ris"", ""rho"": 8.0, ""gain"": 0.0025398157984994896}, {""block"": ""rsma"", ""rho"": 1.0, ""gain"": 0.0}, {""block"": ""star_ris"", ""rho"": 64.0, ""gain"": 0.02267930414159025}, {""block"": ""rsma"", ""rho"": 1.0, ""gain"": 0.0}, {""block"": ""star_ris"", ""rho"": 2.0, ""gain"": 0.030981930605175734}, {""block"": ""rsma"", ""rho"": 1.0, ""gain"": 0.0}, {""block"": ""star_ris"", ""rho"": 8.0, ""gain"": 0.001402521327825923}]",{},4463.555874,eb978e84730de4cf1e0579ad9e17edb700c67ba6eceac89d1fe3698763a419f7,fc61d5cda7da39530055bae9bd0e92865f995cd9,4e84455d08cacd9f85c432f7838c3be2cb0f000b55edc3487c6dee9520cc0b63
ao_sca,96,10000,507,test,18.713609942913514,18.713609942913514,1.0,True,0.0,5,2989,9,ao_sca_proximal_physical,analytical_ris_equal_allocation,"[1.837997942467522, 18.60984448235777, 18.63273315878237, 18.65592867443331, 18.71295717552642, 18.713609942913514]","[{""block"": ""rsma"", ""rho"": 1.0, ""gain"": 16.50713259167627}, {""block"": ""star_ris"", ""rho"": 2.0, ""gain"": 0.2647139482139771}, {""block"": ""rsma"", ""rho"": 1.0, ""gain"": 0.0}, {""block"": ""star_ris"", ""rho"": 4.0, ""gain"": 0.022888676424599907}, {""block"": ""rsma"", ""rho"": 1.0, ""gain"": 0.0}, {""block"": ""star_ris"", ""rho"": 4.0, ""gain"": 0.023195515650940024}, {""block"": ""rsma"", ""rho"": 1.0, ""gain"": 0.0}, {""block"": ""star_ris"", ""rho"": 2.0, ""gain"": 0.05702850109311086}, {""block"": ""rsma"", ""rho"": 1.0, ""gain"": 0.0}, {""block"": ""star_ris"", ""rho"": 4.0, ""gain"": 0.0006527673870948547}]",{},1692.644678,eb978e84730de4cf1e0579ad9e17edb700c67ba6eceac89d1fe3698763a419f7,fc61d5cda7da39530055bae9bd0e92865f995cd9,4e84455d08cacd9f85c432f7838c3be2cb0f000b55edc3487c6dee9520cc0b63
ao_sca,96,10000,508,test,18.832249641719912,18.832249641719912,1.0,True,0.0,14,8374,19,ao_sca_proximal_physical,analytical_ris_equal_allocation,"[1.837959919223992, 17.99197081977516, 18.449661382095194, 18.454038877896224, 18.563821677436266, 18.598499391081145, 18.60696413843845, 18.620608170535327, 18.63831459068927, 18.646397440757635, 18.656821915898334, 18.686100302132736, 18.82256679822772, 18.830747980553603, 18.832249641719912]","[{""block"": ""rsma"", ""rho"": 1.0, ""gain"": 15.262087729275722}, {""block"": ""star_ris"", ""rho"": 1.0, ""gain"": 0.8919231712754474}, {""block"": ""rsma"", ""rho"": 1.0, ""gain"": 0.0}, {""block"": ""star_ris"", ""rho"": 1.0, ""gain"": 0.4576905623200318}, {""block"": ""rsma"", ""rho"": 1.0, ""gain"": 0.0}, {""block"": ""star_ris"", ""rho"": 1.0, ""gain"": 0.004377495801030307}, {""block"": ""rsma"", ""rho"": 1.0, ""gain"": 0.0}, {""block"": ""star_ris"", ""rho"": 4.0, ""gain"": 0.10978279954004222}, {""block"": ""rsma"", ""rho"": 1.0, ""gain"": -7.105427357601002e-15}, {""block"": ""star_ris"", ""rho"": 8.0, ""gain"": 0.0346777136448857}, {""block"": ""rsma"", ""rho"": 1.0, ""gain"": 0.0}, {""block"": ""star_ris"", ""rho"": 32.0, ""gain"": 0.008464747357304958}, {""block"": ""rsma"", ""rho"": 1.0, ""gain"": 0.0}, {""block"": ""star_ris"", ""rho"": 1.0, ""gain"": 0.013644032096877368}, {""block"": ""rsma"", ""rho"": 1.0, ""gain"": 0.0}, {""block"": ""star_ris"", ""rho"": 32.0, ""gain"": 0.017706420153942304}, {""block"": ""rsma"", ""rho"": 1.0, ""gain"": 0.0}, {""block"": ""star_ris"", ""rho"": 64.0, ""gain"": 0.008082850068365843}, {""block"": ""rsma"", ""rho"": 1.0, ""gain"": 0.0}, {""block"": ""star_ris"", ""rho"": 1.0, ""gain"": 0.010424475140698775}, {""block"": ""rsma"", ""rho"": 1.0, ""gain"": 0.0}, {""block"": ""star_ris"", ""rho"": 4.0, ""gain"": 0.029278386234402376}, {""block"": ""rsma"", ""rho"": 1.0, ""gain"": -7.105427357601002e-15}, {""block"": ""star_ris"", ""rho"": 2.0, ""gain"": 0.1364664960949895}, {""block"": ""rsma"", ""rho"": 1.0, ""gain"": 0.0}, {""block"": ""star_ris"", ""rho"": 4.0, ""gain"": 0.008181182325884606}, {""block"": ""rsma"", ""rho"": 1.0, ""gain"": 0.0}, {""block"": ""star_ris"", ""rho"": 8.0, ""gain"": 0.0015016611663085655}]",{},4700.615849,eb978e84730de4cf1e0579ad9e17edb700c67ba6eceac89d1fe3698763a419f7,fc61d5cda7da39530055bae9bd0e92865f995cd9,4e84455d08cacd9f85c432f7838c3be2cb0f000b55edc3487c6dee9520cc0b63
ao_sca,96,10000,509,test,18.992111031334755,18.992111031334755,1.0,True,0.0,12,7173,24,ao_sca_proximal_physical,analytical_ris_equal_allocation,"[1.837995909628286, 18.5425034131626, 18.746025040630336, 18.751079868843206, 18.756290535694948, 18.843289051857784, 18.855403898150925, 18.867704397308977, 18.89305524571969, 18.911591942383634, 18.963409607444223, 18.99168481605132, 18.992111031334755]","[{""block"": ""rsma"", ""rho"": 1.0, ""gain"": 16.110055925371462}, {""block"": ""star_ris"", ""rho"": 1.0, ""gain"": 0.5944515781628503}, {""block"": ""rsma"", ""rho"": 1.0, ""gain"": 0.0}, {""block"": ""star_ris"", ""rho"": 2.0, ""gain"": 0.20352162746773672}, {""block"": ""rsma"", ""rho"": 1.0, ""gain"": 0.0}, {""block"": ""star_ris"", ""rho"": 4.0, ""gain"": 0.005054828212870177}, {""block"": ""rsma"", ""rho"": 1.0, ""gain"": 0.0}, {""block"": ""star_ris"", ""rho"": 1.0, ""gain"": 0.005210666851741763}, {""block"": ""rsma"", ""rho"": 1.0, ""gain"": 0.0}, {""block"": ""star_ris"", ""rho"": 4.0, ""gain"": 0.08699851616283638}, {""block"": ""rsma"", ""rho"": 1.0, ""gain"": 0.0}, {""block"": ""star_ris"", ""rho"": 8.0, ""gain"": 0.012114846293140857}, {""block"": ""rsma"", ""rho"": 1.0, ""gain"": 3.552713678800501e-15}, {""block"": ""star_ris"", ""rho"": 8.0, ""gain"": 0.012300499158047984}, {""block"": ""rsma"", ""rho"": 1.0, ""gain"": 0.0}, {""block"": ""star_ris"", ""rho"": 4.0, ""gain"": 0.025350848410713667}, {""block"": ""rsma"", ""rho"": 1.0, ""gain"": 3.552713678800501e-15}, {""block"": ""star_ris"", ""rho"": 4.0, ""gain"": 0.018536696663939978}, {""block"": ""rsma"", ""rho"": 1.0, ""gain"": 0.0}, {""block"": ""star_ris"", ""rho"": 2.0, ""gain"": 0.05181766506058949}, {""block"": ""rsma"", ""rho"": 1.0, ""gain"": 0.0}, {""block"": ""star_ris"", ""rho"": 2.0, ""gain"": 0.02827520860709498}, {""block"": ""rsma"", ""rho"": 1.0, ""gain"": 0.0}, {""block"": ""star_ris"", ""rho"": 8.0, ""gain"": 0.00042621528343644854}]",{},4097.479714,eb978e84730de4cf1e0579ad9e17edb700c67ba6eceac89d1fe3698763a419f7,fc61d5cda7da39530055bae9bd0e92865f995cd9,4e84455d08cacd9f85c432f7838c3be2cb0f000b55edc3487c6dee9520cc0b63
ao_sca,96,10000,510,test,19.07817495825564,19.07817495825564,1.0,True,0.0,18,10790,35,ao_sca_proximal_physical,analytical_ris_equal_allocation,"[1.837992117237307, 18.24613530947743, 18.32546800616362, 18.393074667391772, 18.435290887760075, 18.868492305615547, 18.873126486182564, 18.88432539088636, 19.034774696487588, 19.03715425580026, 19.039825759964366, 19.04468699920419, 19.04987163098822, 19.059112046943394, 19.061987011114393, 19.065289907119006, 19.0717797622709, 19.077358276832292, 19.07817495825564]","[{""block"": ""rsma"", ""rho"": 1.0, ""gain"": 16.32423106258257}, {""block"": ""star_ris"", ""rho"": 8.0, ""gain"": 0.08391212965755557}, {""block"": ""rsma"", ""rho"": 1.0, ""gain"": -3.552713678800501e-15}, {""block"": ""star_ris"", ""rho"": 8.0, ""gain"": 0.07933269668619403}, {""block"": ""rsma"", ""rho"": 1.0, ""gain"": 0.0}, {""block"": ""star_ris"", ""rho"": 1.0, ""gain"": 0.06760666122815095}, {""block"": ""rsma"", ""rho"": 1.0, ""gain"": 0.0}, {""block"": ""star_ris"", ""rho"": 1.0, ""gain"": 0.04221622036830297}, {""block"": ""rsma"", ""rho"": 1.0, ""gain"": 0.0}, {""block"": ""star_ris"", ""rho"": 1.0, ""gain"": 0.4332014178554715}, {""block"": ""rsma"", ""rho"": 1.0, ""gain"": -3.552713678800501e-15}, {""block"": ""star_ris"", ""rho"": 8.0, ""gain"": 0.004634180567020252}, {""block"": ""rsma"", ""rho"": 1.0, ""gain"": 0.0}, {""block"": ""star_ris"", ""rho"": 1.0, ""gain"": 0.011198904703796586}, {""block"": ""rsma"", ""rho"": 1.0, ""gain"": 0.0}, {""block"": ""star_ris"", ""rho"": 1.0, ""gain"": 0.15044930560122793}, {""block"": ""rsma"", ""rho"": 1.0, ""gain"": 0.0}, {""block"": ""star_ris"", ""rho"": 64.0, ""gain"": 0.002379559312672086}, {""block"": ""rsma"", ""rho"": 1.0, ""gain"": 0.0}, {""block"": ""star_ris"", ""rho"": 64.0, ""gain"": 0.0026715041641054427}, {""block"": ""rsma"", ""rho"": 1.0, ""gain"": -3.552713678800501e-15}, {""block"": ""star_ris"", ""rho"": 32.0, ""gain"": 0.004861239239826176}, {""block"": ""rsma"", ""rho"": 1.0, ""gain"": 0.0}, {""block"": ""star_ris"", ""rho"": 32.0, ""gain"": 0.005184631784032945}, {""block"": ""rsma"", ""rho"": 1.0, ""gain"": 0.0}, {""block"": ""star_ris"", ""rho"": 16.0, ""gain"": 0.009240415955172665}, {""block"": ""rsma"", ""rho"": 1.0, ""gain"": 0.0}, {""block"": ""star_ris"", ""rho"": 64.0, ""gain"": 0.0028749641709993057}, {""block"": ""rsma"", ""rho"": 1.0, ""gain"": 0.0}, {""block"": ""star_ris"", ""rho"": 32.0, ""gain"": 0.003302896004612421}, {""block"": ""rsma"", ""rho"": 1.0, ""gain"": 0.0}, {""block"": ""star_ris"", ""rho"": 32.0, ""gain"": 0.006489855151894375}, {""block"": ""rsma"", ""rho"": 1.0, ""gain"": 0.0}, {""block"": ""star_ris"", ""rho"": 16.0, ""gain"": 0.005578514561392467}, {""block"": ""rsma"", ""rho"": 1.0, ""gain"": 0.0}, {""block"": ""star_ris"", ""rho"": 64.0, ""gain"": 0.0008166814233483422}]",{},6076.386971,eb978e84730de4cf1e0579ad9e17edb700c67ba6eceac89d1fe3698763a419f7,fc61d5cda7da39530055bae9bd0e92865f995cd9,4e84455d08cacd9f85c432f7838c3be2cb0f000b55edc3487c6dee9520cc0b63
ao_sca,96,10000,511,test,18.353829965524056,18.353829965524056,1.0,True,0.0,4,2401,8,ao_sca_proximal_physical,analytical_ris_equal_allocation,"[1.8379875497202975, 18.33808919083611, 18.340043796940833, 18.353131871258753, 18.353829965524056]","[{""block"": ""rsma"", ""rho"": 1.0, ""gain"": 16.17828912739393}, {""block"": ""star_ris"", ""rho"": 2.0, ""gain"": 0.32181251372188413}, {""block"": ""rsma"", ""rho"": 1.0, ""gain"": 0.0}, {""block"": ""star_ris"", ""rho"": 32.0, ""gain"": 0.0019546061047215346}, {""block"": ""rsma"", ""rho"": 1.0, ""gain"": 0.0}, {""block"": ""star_ris"", ""rho"": 32.0, ""gain"": 0.013088074317920473}, {""block"": ""rsma"", ""rho"": 1.0, ""gain"": 0.0}, {""block"": ""star_ris"", ""rho"": 32.0, ""gain"": 0.0006980942653029842}]",{},1342.986314,eb978e84730de4cf1e0579ad9e17edb700c67ba6eceac89d1fe3698763a419f7,fc61d5cda7da39530055bae9bd0e92865f995cd9,4e84455d08cacd9f85c432f7838c3be2cb0f000b55edc3487c6dee9520cc0b63
ao_sca,96,10000,512,test,18.564898995685585,18.564898995685585,1.0,True,0.0,2,1197,3,ao_sca_proximal_physical,analytical_ris_equal_allocation,"[1.837993888513744, 18.564467021175574, 18.564898995685585]","[{""block"": ""rsma"", ""rho"": 1.0, ""gain"": 16.416991447274896}, {""block"": ""star_ris"", ""rho"": 1.0, ""gain"": 0.30948168538693466}, {""block"": ""rsma"", ""rho"": 1.0, ""gain"": 0.0}, {""block"": ""star_ris"", ""rho"": 16.0, ""gain"": 0.0004319745100112016}]",{},743.295799,eb978e84730de4cf1e0579ad9e17edb700c67ba6eceac89d1fe3698763a419f7,fc61d5cda7da39530055bae9bd0e92865f995cd9,4e84455d08cacd9f85c432f7838c3be2cb0f000b55edc3487c6dee9520cc0b63
ao_sca,96,10000,513,test,18.566067721382463,18.566067721382463,1.0,True,0.0,16,9578,29,ao_sca_proximal_physical,analytical_ris_equal_allocation,"[1.8379684809255772, 17.796294202546544, 17.882938055736194, 17.9303598434686, 18.11581223971072, 18.122659002438887, 18.21401207163298, 18.219749919591965, 18.32549405903009, 18.37478466316234, 18.38674660011683, 18.39268183343396, 18.40783799083151, 18.420565927299076, 18.485737236831014, 18.565763995855256, 18.566067721382463]","[{""block"": ""rsma"", ""rho"": 1.0, ""gain"": 15.757314940172991}, {""block"": ""star_ris"", ""rho"": 4.0, ""gain"": 0.20101078144797668}, {""block"": ""rsma"", ""rho"": 1.0, ""gain"": 0.0}, {""block"": ""star_ris"", ""rho"": 8.0, ""gain"": 0.08664385318964918}, {""block"": ""rsma"", ""rho"": 1.0, ""gain"": -3.552713678800501e-15}, {""block"": ""star_ris"", ""rho"": 2.0, ""gain"": 0.04742178773241079}, {""block"": ""rsma"", ""rho"": 1.0, ""gain"": 0.0}, {""block"": ""star_ris"", ""rho"": 2.0, ""gain"": 0.18545239624211973}, {""block"": ""rsma"", ""rho"": 1.0, ""gain"": 0.0}, {""block"": ""star_ris"", ""rho"": 2.0, ""gain"": 0.006846762728166311}, {""block"": ""rsma"", ""rho"": 1.0, ""gain"": 0.0}, {""block"": ""star_ris"", ""rho"": 1.0, ""gain"": 0.09135306919409203}, {""block"": ""rsma"", ""rho"": 1.0, ""gain"": 0.0}, {""block"": ""star_ris"", ""rho"": 2.0, ""gain"": 0.005737847958986464}, {""block"": ""rsma"", ""rho"": 1.0, ""gain"": 0.0}, {""block"": ""star_ris"", ""rho"": 4.0, ""gain"": 0.10574413943812289}, {""block"": ""rsma"", ""rho"": 1.0, ""gain"": 0.0}, {""block"": ""star_ris"", ""rho"": 8.0, ""gain"": 0.049290604132252724}, {""block"": ""rsma"", ""rho"": 1.0, ""gain"": 0.0}, {""block"": ""star_ris"", ""rho"": 32.0, ""gain"": 0.01196193695448855}, {""block"": ""rsma"", ""rho"": 1.0, ""gain"": 0.0}, {""block"": ""star_ris"", ""rho"": 64.0, ""gain"": 0.0059352333171318605}, {""block"": ""rsma"", ""rho"": 1.0, ""gain"": 0.0}, {""block"": ""star_ris"", ""rho"": 2.0, ""gain"": 0.015156157397548498}, {""block"": ""rsma"", ""rho"": 1.0, ""gain"": 0.0}, {""block"": ""star_ris"", ""rho"": 128.0, ""gain"": 0.012727936467566536}, {""block"": ""rsma"", ""rho"": 1.0, ""gain"": -3.552713678800501e-15}, {""block"": ""star_ris"", ""rho"": 2.0, ""gain"": 0.06517130953194084}, {""block"": ""rsma"", ""rho"": 1.0, ""gain"": 0.0}, {""block"": ""star_ris"", ""rho"": 1.0, ""gain"": 0.08002675902424272}, {""block"": ""rsma"", ""rho"": 1.0, ""gain"": -7.105427357601002e-15}, {""block"": ""star_ris"", ""rho"": 128.0, ""gain"": 0.0003037255272140271}]",{},5365.084429,eb978e84730de4cf1e0579ad9e17edb700c67ba6eceac89d1fe3698763a419f7,fc61d5cda7da39530055bae9bd0e92865f995cd9,4e84455d08cacd9f85c432f7838c3be2cb0f000b55edc3487c6dee9520cc0b63
ao_sca,96,10000,514,test,18.84783582517856,18.84783582517856,1.0,True,0.0,8,4779,15,ao_sca_proximal_physical,analytical_ris_equal_allocation,"[1.8379880729700082, 18.47477304814589, 18.49040617799629, 18.499031433772743, 18.785148041918667, 18.801389656036875, 18.82414479459335, 18.846076573277735, 18.847835825178556]","[{""block"": ""rsma"", ""rho"": 1.0, ""gain"": 15.98034652647514}, {""block"": ""star_ris"", ""rho"": 1.0, ""gain"": 0.6564384487007437}, {""block"": ""rsma"", ""rho"": 1.0, ""gain"": 0.0}, {""block"": ""star_ris"", ""rho"": 1.0, ""gain"": 0.015633129850399996}, {""block"": ""rsma"", ""rho"": 1.0, ""gain"": 3.552713678800501e-15}, {""block"": ""star_ris"", ""rho"": 1.0, ""gain"": 0.00862525577644746}, {""block"": ""rsma"", ""rho"": 1.0, ""gain"": 0.0}, {""block"": ""star_ris"", ""rho"": 1.0, ""gain"": 0.28611660814592454}, {""block"": ""rsma"", ""rho"": 1.0, ""gain"": 0.0}, {""block"": ""star_ris"", ""rho"": 4.0, ""gain"": 0.016241614118207792}, {""block"": ""rsma"", ""rho"": 1.0, ""gain"": 0.0}, {""block"": ""star_ris"", ""rho"": 2.0, ""gain"": 0.022755138556476595}, {""block"": ""rsma"", ""rho"": 1.0, ""gain"": -3.552713678800501e-15}, {""block"": ""star_ris"", ""rho"": 1.0, ""gain"": 0.02193177868438667}, {""block"": ""rsma"", ""rho"": 1.0, ""gain"": -3.552713678800501e-15}, {""block"": ""star_ris"", ""rho"": 128.0, ""gain"": 0.001759251900825376}]",{},2670.023383,eb978e84730de4cf1e0579ad9e17edb700c67ba6eceac89d1fe3698763a419f7,fc61d5cda7da39530055bae9bd0e92865f995cd9,4e84455d08cacd9f85c432f7838c3be2cb0f000b55edc3487c6dee9520cc0b63
ao_sca,96,10000,515,test,19.37952765221818,19.37952765221818,1.0,True,0.0,20,11960,38,ao_sca_proximal_physical,analytical_ris_equal_allocation,"[1.8380082581956934, 18.889935942935818, 18.918907810639855, 18.96030858227793, 18.99379136222614, 18.99941943588012, 19.042193503746304, 19.05834398140806, 19.133546642867973, 19.151775536852085, 19.15937489480806, 19.208599109694113, 19.212100404876296, 19.226119519679287, 19.252935587059536, 19.26826298529511, 19.295813056731212, 19.300345547205595, 19.351174712778835, 19.379020006953034, 19.37952765221818]","[{""block"": ""rsma"", ""rho"": 1.0, ""gain"": 16.741901587512984}, {""block"": ""star_ris"", ""rho"": 2.0, ""gain"": 0.3100260972271407}, {""block"": ""rsma"", ""rho"": 1.0, ""gain"": 0.0}, {""block"": ""star_ris"", ""rho"": 16.0, ""gain"": 0.028971867704036924}, {""block"": ""rsma"", ""rho"": 1.0, ""gain"": 0.0}, {""block"": ""star_ris"", ""rho"": 4.0, ""gain"": 0.04140077163807376}, {""block"": ""rsma"", ""rho"": 1.0, ""gain"": 0.0}, {""block"": ""star_ris"", ""rho"": 16.0, ""gain"": 0.03348277994821203}, {""block"": ""rsma"", ""rho"": 1.0, ""gain"": 0.0}, {""block"": ""star_ris"", ""rho"": 2.0, ""gain"": 0.005628073653980437}, {""block"": ""rsma"", ""rho"": 1.0, ""gain"": 0.0}, {""block"": ""star_ris"", ""rho"": 4.0, ""gain"": 0.04277406786618343}, {""block"": ""rsma"", ""rho"": 1.0, ""gain"": 0.0}, {""block"": ""star_ris"", ""rho"": 2.0, ""gain"": 0.016150477661756923}, {""block"": ""rsma"", ""rho"": 1.0, ""gain"": 0.0}, {""block"": ""star_ris"", ""rho"": 2.0, ""gain"": 0.07520266145991172}, {""block"": ""rsma"", ""rho"": 1.0, ""gain"": -3.552713678800501e-15}, {""block"": ""star_ris"", ""rho"": 4.0, ""gain"": 0.018228893984115757}, {""block"": ""rsma"", ""rho"": 1.0, ""gain"": 0.0}, {""block"": ""star_ris"", ""rho"": 2.0, ""gain"": 0.007599357955974995}, {""block"": ""rsma"", ""rho"": 1.0, ""gain"": 0.0}, {""block"": ""star_ris"", ""rho"": 1.0, ""gain"": 0.049224214886052664}, {""block"": ""rsma"", ""rho"": 1.0, ""gain"": 0.0}, {""block"": ""star_ris"", ""rho"": 32.0, ""gain"": 0.003501295182182673}, {""block"": ""rsma"", ""rho"": 1.0, ""gain"": 0.0}, {""block"": ""star_ris"", ""rho"": 4.0, ""gain"": 0.01401911480299134}, {""block"": ""rsma"", ""rho"": 1.0, ""gain"": 0.0}, {""block"": ""star_ris"", ""rho"": 16.0, ""gain"": 0.02681606738024911}, {""block"": ""rsma"", ""rho"": 1.0, ""gain"": 3.552713678800501e-15}, {""block"": ""star_ris"", ""rho"": 4.0, ""gain"": 0.015327398235569945}, {""block"": ""rsma"", ""rho"": 1.0, ""gain"": -3.552713678800501e-15}, {""block"": ""star_ris"", ""rho"": 2.0, ""gain"": 0.02755007143610655}, {""block"": ""rsma"", ""rho"": 1.0, ""gain"": 0.0}, {""block"": ""star_ris"", ""rho"": 2.0, ""gain"": 0.0045324904743822}, {""block"": ""rsma"", ""rho"": 1.0, ""gain"": -3.552713678800501e-15}, {""block"": ""star_ris"", ""rho"": 1.0, ""gain"": 0.05082916557324424}, {""block"": ""rsma"", ""rho"": 1.0, ""gain"": 0.0}, {""block"": ""star_ris"", ""rho"": 2.0, ""gain"": 0.027845294174198898}, {""block"": ""rsma"", ""rho"": 1.0, ""gain"": 0.0}, {""block"": ""star_ris"", ""rho"": 16.0, ""gain"": 0.0005076452651451291}]",{},6613.324097,eb978e84730de4cf1e0579ad9e17edb700c67ba6eceac89d1fe3698763a419f7,fc61d5cda7da39530055bae9bd0e92865f995cd9,4e84455d08cacd9f85c432f7838c3be2cb0f000b55edc3487c6dee9520cc0b63
ao_sca,96,10000,516,test,18.928283498586385,18.928283498586385,1.0,True,0.0,16,9572,29,ao_sca_proximal_physical,analytical_ris_equal_allocation,"[1.8379630877795354, 18.076995235767807, 18.255023148241733, 18.276646807055307, 18.37516567733645, 18.532254905558013, 18.54007459864638, 18.65535241604092, 18.662964166828345, 18.66814327175646, 18.68667476700879, 18.703498461223035, 18.720481399741136, 18.737016356565633, 18.740632033911737, 18.928149195106602, 18.928283498586385]","[{""block"": ""rsma"", ""rho"": 1.0, ""gain"": 15.465158808240439}, {""block"": ""star_ris"", ""rho"": 1.0, ""gain"": 0.7738733397478335}, {""block"": ""rsma"", ""rho"": 1.0, ""gain"": 0.0}, {""block"": ""star_ris"", ""rho"": 1.0, ""gain"": 0.1780279124739259}, {""block"": ""rsma"", ""rho"": 1.0, ""gain"": -3.552713678800501e-15}, {""block"": ""star_ris"", ""rho"": 2.0, ""gain"": 0.021623658813577862}, {""block"": ""rsma"", ""rho"": 1.0, ""gain"": 0.0}, {""block"": ""star_ris"", ""rho"": 2.0, ""gain"": 0.09851887028114348}, {""block"": ""rsma"", ""rho"": 1.0, ""gain"": 0.0}, {""block"": ""star_ris"", ""rho"": 1.0, ""gain"": 0.15708922822156168}, {""block"": ""rsma"", ""rho"": 1.0, ""gain"": 0.0}, {""block"": ""star_ris"", ""rho"": 2.0, ""gain"": 0.007819693088368496}, {""block"": ""rsma"", ""rho"": 1.0, ""gain"": 0.0}, {""block"": ""star_ris"", ""rho"": 32.0, ""gain"": 0.11527781739453857}, {""block"": ""rsma"", ""rho"": 1.0, ""gain"": 0.0}, {""block"": ""star_ris"", ""rho"": 16.0, ""gain"": 0.0076117507874258195}, {""block"": ""rsma"", ""rho"": 1.0, ""gain"": 0.0}, {""block"": ""star_ris"", ""rho"": 8.0, ""gain"": 0.005179104928114242}, {""block"": ""rsma"", ""rho"": 1.0, ""gain"": 0.0}, {""block"": ""star_ris"", ""rho"": 16.0, ""gain"": 0.018531495252329222}, {""block"": ""rsma"", ""rho"": 1.0, ""gain"": 0.0}, {""block"": ""star_ris"", ""rho"": 8.0, ""gain"": 0.016823694214245677}, {""block"": ""rsma"", ""rho"": 1.0, ""gain"": 0.0}, {""block"": ""star_ris"", ""rho"": 8.0, ""gain"": 0.016982938518101065}, {""block"": ""rsma"", ""rho"": 1.0, ""gain"": 3.552713678800501e-15}, {""block"": ""star_ris"", ""rho"": 4.0, ""gain"": 0.016534956824493463}, {""block"": ""rsma"", ""rho"": 1.0, ""gain"": -3.552713678800501e-15}, {""block"": ""star_ris"", ""rho"": 2.0, ""gain"": 0.003615677346108015}, {""block"": ""rsma"", ""rho"": 1.0, ""gain"": 0.0}, {""block"": ""star_ris"", ""rho"": 2.0, ""gain"": 0.18751716119486517}, {""block"": ""rsma"", ""rho"": 1.0, ""gain"": -3.552713678800501e-15}, {""block"": ""star_ris"", ""rho"": 64.0, ""gain"": 0.00013430347978626855}]",{},5409.17951,eb978e84730de4cf1e0579ad9e17edb700c67ba6eceac89d1fe3698763a419f7,fc61d5cda7da39530055bae9bd0e92865f995cd9,4e84455d08cacd9f85c432f7838c3be2cb0f000b55edc3487c6dee9520cc0b63
ao_sca,96,10000,517,test,18.790122467047368,18.790122467047368,1.0,True,0.0,20,12019,35,ao_sca_proximal_physical,analytical_ris_equal_allocation,"[1.8379341395555777, 16.837672381640452, 16.889263204106346, 16.91416802167025, 17.275622745978353, 17.29383754680217, 17.565747124338323, 17.679317996687004, 17.731993511459603, 17.74474284983686, 18.118244234272222, 18.176915733060905, 18.276597720061858, 18.553628340363872, 18.585577498289684, 18.612245214812994, 18.683396364188805, 18.68763382701877, 18.698340210914026, 18.705509032736096, 18.790122467047368]","[{""block"": ""rsma"", ""rho"": 1.0, ""gain"": 14.759626079818144}, {""block"": ""star_ris"", ""rho"": 8.0, ""gain"": 0.2401121622667297}, {""block"": ""rsma"", ""rho"": 65536.0, ""gain"": 0.0}, {""block"": ""star_ris"", ""rho"": 32.0, ""gain"": 0.05159082246589364}, {""block"": ""rsma"", ""rho"": 65536.0, ""gain"": 0.0}, {""block"": ""star_ris"", ""rho"": 64.0, ""gain"": 0.024904817563903947}, {""block"": ""rsma"", ""rho"": 65536.0, ""gain"": 0.0}, {""block"": ""star_ris"", ""rho"": 4.0, ""gain"": 0.36145472430810344}, {""block"": ""rsma"", ""rho"": 1.0, ""gain"": 0.0}, {""block"": ""star_ris"", ""rho"": 64.0, ""gain"": 0.018214800823816546}, {""block"": ""rsma"", ""rho"": 1.0, ""gain"": 0.0}, {""block"": ""star_ris"", ""rho"": 4.0, ""gain"": 0.2719095775361531}, {""block"": ""rsma"", ""rho"": 1.0, ""gain"": 0.0}, {""block"": ""star_ris"", ""rho"": 8.0, ""gain"": 0.11357087234868146}, {""block"": ""rsma"", ""rho"": 1.0, ""gain"": -3.552713678800501e-15}, {""block"": ""star_ris"", ""rho"": 16.0, ""gain"": 0.05267551477260213}, {""block"": ""rsma"", ""rho"": 1.0, ""gain"": 3.552713678800501e-15}, {""block"": ""star_ris"", ""rho"": 64.0, ""gain"": 0.01274933837725456}, {""block"": ""rsma"", ""rho"": 1.0, ""gain"": 0.0}, {""block"": ""star_ris"", ""rho"": 1.0, ""gain"": 0.37350138443536096}, {""block"": ""rsma"", ""rho"": 1.0, ""gain"": 0.0}, {""block"": ""star_ris"", ""rho"": 4.0, ""gain"": 0.05867149878868361}, {""block"": ""rsma"", ""rho"": 1.0, ""gain"": 0.0}, {""block"": ""star_ris"", ""rho"": 1.0, ""gain"": 0.09968198700095243}, {""block"": ""rsma"", ""rho"": 1.0, ""gain"": 0.0}, {""block"": ""star_ris"", ""rho"": 1.0, ""gain"": 0.2770306203020141}, {""block"": ""rsma"", ""rho"": 1.0, ""gain"": 0.0}, {""block"": ""star_ris"", ""rho"": 2.0, ""gain"": 0.03194915792581199}, {""block"": ""rsma"", ""rho"": 1.0, ""gain"": 0.0}, {""block"": ""star_ris"", ""rho"": 2.0, ""gain"": 0.026667716523309792}, {""block"": ""rsma"", ""rho"": 1.0, ""gain"": 0.0}, {""block"": ""star_ris"", ""rho"": 8.0, ""gain"": 0.07115114937581168}, {""block"": ""rsma"", ""rho"": 1.0, ""gain"": 3.552713678800501e-15}, {""block"": ""star_ris"", ""rho"": 8.0, ""gain"": 0.004237462829962624}, {""block"": ""rsma"", ""rho"": 1.0, ""gain"": 0.0}, {""block"": ""star_ris"", ""rho"": 16.0, ""gain"": 0.010706383895254135}, {""block"": ""rsma"", ""rho"": 1.0, ""gain"": 0.0}, {""block"": ""star_ris"", ""rho"": 2.0, ""gain"": 0.007168821822070015}, {""block"": ""rsma"", ""rho"": 1.0, ""gain"": -3.552713678800501e-15}, {""block"": ""star_ris"", ""rho"": 2.0, ""gain"": 0.08461343431127588}]",{},6640.02924,eb978e84730de4cf1e0579ad9e17edb700c67ba6eceac89d1fe3698763a419f7,fc61d5cda7da39530055bae9bd0e92865f995cd9,4e84455d08cacd9f85c432f7838c3be2cb0f000b55edc3487c6dee9520cc0b63
ao_sca,96,10000,518,test,18.2605849186452,18.2605849186452,1.0,True,0.0,6,3585,12,ao_sca_proximal_physical,analytical_ris_equal_allocation,"[1.8379678672552047, 17.899630076541758, 17.989794398043262, 18.001194921988205, 18.170300221352505, 18.259901278629645, 18.260584918645197]","[{""block"": ""rsma"", ""rho"": 1.0, ""gain"": 16.05942291033927}, {""block"": ""star_ris"", ""rho"": 4.0, ""gain"": 0.0022392989472841407}, {""block"": ""rsma"", ""rho"": 1.0, ""gain"": -3.552713678800501e-15}, {""block"": ""star_ris"", ""rho"": 1.0, ""gain"": 0.09016432150150777}, {""block"": ""rsma"", ""rho"": 1.0, ""gain"": -3.552713678800501e-15}, {""block"": ""star_ris"", ""rho"": 2.0, ""gain"": 0.011400523944946173}, {""block"": ""rsma"", ""rho"": 1.0, ""gain"": 0.0}, {""block"": ""star_ris"", ""rho"": 1.0, ""gain"": 0.16910529936430052}, {""block"": ""rsma"", ""rho"": 1.0, ""gain"": 3.552713678800501e-15}, {""block"": ""star_ris"", ""rho"": 4.0, ""gain"": 0.08960105727713596}, {""block"": ""rsma"", ""rho"": 1.0, ""gain"": 0.0}, {""block"": ""star_ris"", ""rho"": 8.0, ""gain"": 0.0006836400155521005}]",{},2127.705764,eb978e84730de4cf1e0579ad9e17edb700c67ba6eceac89d1fe3698763a419f7,fc61d5cda7da39530055bae9bd0e92865f995cd9,4e84455d08cacd9f85c432f7838c3be2cb0f000b55edc3487c6dee9520cc0b63
ao_sca,96,10000,519,test,18.782783919237666,18.782783919237666,1.0,True,0.0,12,7189,21,ao_sca_proximal_physical,analytical_ris_equal_allocation,"[1.837995690794172, 18.24931977528792, 18.317328052107015, 18.349847673527535, 18.353835889081758, 18.475647709839404, 18.531917572664266, 18.545517129960395, 18.552257562745233, 18.63302464833002, 18.705481848703563, 18.78157662663534, 18.782783919237662]","[{""block"": ""rsma"", ""rho"": 1.0, ""gain"": 16.261145308065558}, {""block"": ""star_ris"", ""rho"": 4.0, ""gain"": 0.1501787764281879}, {""block"": ""rsma"", ""rho"": 1.0, ""gain"": 0.0}, {""block"": ""star_ris"", ""rho"": 8.0, ""gain"": 0.06800827681909638}, {""block"": ""rsma"", ""rho"": 1.0, ""gain"": 0.0}, {""block"": ""star_ris"", ""rho"": 16.0, ""gain"": 0.03251962142051923}, {""block"": ""rsma"", ""rho"": 1.0, ""gain"": 0.0}, {""block"": ""star_ris"", ""rho"": 128.0, ""gain"": 0.003988215554223018}, {""block"": ""rsma"", ""rho"": 1.0, ""gain"": 3.552713678800501e-15}, {""block"": ""star_ris"", ""rho"": 4.0, ""gain"": 0.12181182075764241}, {""block"": ""rsma"", ""rho"": 1.0, ""gain"": 0.0}, {""block"": ""star_ris"", ""rho"": 8.0, ""gain"": 0.05626986282486257}, {""block"": ""rsma"", ""rho"": 1.0, ""gain"": 0.0}, {""block"": ""star_ris"", ""rho"": 32.0, ""gain"": 0.013599557296128495}, {""block"": ""rsma"", ""rho"": 1.0, ""gain"": -3.552713678800501e-15}, {""block"": ""star_ris"", ""rho"": 64.0, ""gain"": 0.006740432784841488}, {""block"": ""rsma"", ""rho"": 1.0, ""gain"": 0.0}, {""block"": ""star_ris"", ""rho"": 1.0, ""gain"": 0.08076708558478884}, {""block"": ""rsma"", ""rho"": 1.0, ""gain"": 0.0}, {""block"": ""star_ris"", ""rho"": 1.0, ""gain"": 0.07245720037354175}, {""block"": ""rsma"", ""rho"": 1.0, ""gain"": 3.552713678800501e-15}, {""block"": ""star_ris"", ""rho"": 2.0, ""gain"": 0.07609477793177177}, {""block"": ""rsma"", ""rho"": 1.0, ""gain"": 3.552713678800501e-15}, {""block"": ""star_ris"", ""rho"": 8.0, ""gain"": 0.0012072926023201092}]",{},4171.453013,eb978e84730de4cf1e0579ad9e17edb700c67ba6eceac89d1fe3698763a419f7,fc61d5cda7da39530055bae9bd0e92865f995cd9,4e84455d08cacd9f85c432f7838c3be2cb0f000b55edc3487c6dee9520cc0b63
ao_sca,96,10000,520,test,19.20067200916056,19.20067200916056,1.0,True,0.0,10,5972,15,ao_sca_proximal_physical,analytical_ris_equal_allocation,"[1.8380010330941727, 18.469442624385753, 18.48370302813028, 18.69521427583983, 18.89631798501562, 18.919183639603503, 19.110436997791155, 19.133983084450094, 19.138083955574626, 19.200284473068407, 19.20067200916056]","[{""block"": ""rsma"", ""rho"": 1.0, ""gain"": 16.561246694689764}, {""block"": ""star_ris"", ""rho"": 1.0, ""gain"": 0.07019489660181577}, {""block"": ""rsma"", ""rho"": 1.0, ""gain"": 0.0}, {""block"": ""star_ris"", ""rho"": 2.0, ""gain"": 0.014260403744525973}, {""block"": ""rsma"", ""rho"": 1.0, ""gain"": 0.0}, {""block"": ""star_ris"", ""rho"": 1.0, ""gain"": 0.2115112477095522}, {""block"": ""rsma"", ""rho"": 1.0, ""gain"": 0.0}, {""block"": ""star_ris"", ""rho"": 1.0, ""gain"": 0.2011037091757899}, {""block"": ""rsma"", ""rho"": 1.0, ""gain"": 0.0}, {""block"": ""star_ris"", ""rho"": 2.0, ""gain"": 0.022865654587882034}, {""block"": ""rsma"", ""rho"": 1.0, ""gain"": 0.0}, {""block"": ""star_ris"", ""rho"": 2.0, ""gain"": 0.19125335818765166}, {""block"": ""rsma"", ""rho"": 1.0, ""gain"": 0.0}, {""block"": ""star_ris"", ""rho"": 2.0, ""gain"": 0.023546086658939203}, {""block"": ""rsma"", ""rho"": 1.0, ""gain"": 0.0}, {""block"": ""star_ris"", ""rho"": 4.0, ""gain"": 0.004100871124531835}, {""block"": ""rsma"", ""rho"": 1.0, ""gain"": 3.552713678800501e-15}, {""block"": ""star_ris"", ""rho"": 4.0, ""gain"": 0.06220051749377831}, {""block"": ""rsma"", ""rho"": 1.0, ""gain"": -3.552713678800501e-15}, {""block"": ""star_ris"", ""rho"": 8.0, ""gain"": 0.0003875360921554716}]",{},3331.717804,eb978e84730de4cf1e0579ad9e17edb700c67ba6eceac89d1fe3698763a419f7,fc61d5cda7da39530055bae9bd0e92865f995cd9,4e84455d08cacd9f85c432f7838c3be2cb0f000b55edc3487c6dee9520cc0b63
ao_sca,96,10000,521,test,18.850510484297647,18.850510484297647,1.0,True,0.0,7,4186,12,ao_sca_proximal_physical,analytical_ris_equal_allocation,"[1.837995921066511, 18.6599882945797, 18.6761919945068, 18.77663627236637, 18.790010194287376, 18.796638963747046, 18.84924231634934, 18.850510484297647]","[{""block"": ""rsma"", ""rho"": 1.0, ""gain"": 16.263254620068565}, {""block"": ""star_ris"", ""rho"": 1.0, ""gain"": 0.5587377534446247}, {""block"": ""rsma"", ""rho"": 1.0, ""gain"": 0.0}, {""block"": ""star_ris"", ""rho"": 1.0, ""gain"": 0.016203699927100246}, {""block"": ""rsma"", ""rho"": 1.0, ""gain"": 0.0}, {""block"": ""star_ris"", ""rho"": 4.0, ""gain"": 0.10044427785956955}, {""block"": ""rsma"", ""rho"": 1.0, ""gain"": 0.0}, {""block"": ""star_ris"", ""rho"": 8.0, ""gain"": 0.01337392192100495}, {""block"": ""rsma"", ""rho"": 1.0, ""gain"": 0.0}, {""block"": ""star_ris"", ""rho"": 64.0, ""gain"": 0.006628769459670281}, {""block"": ""rsma"", ""rho"": 1.0, ""gain"": 3.552713678800501e-15}, {""block"": ""star_ris"", ""rho"": 1.0, ""gain"": 0.05260335260228999}, {""block"": ""rsma"", ""rho"": 1.0, ""gain"": 0.0}, {""block"": ""star_ris"", ""rho"": 4.0, ""gain"": 0.0012681679483073083}]",{},2298.393185,eb978e84730de4cf1e0579ad9e17edb700c67ba6eceac89d1fe3698763a419f7,fc61d5cda7da39530055bae9bd0e92865f995cd9,4e84455d08cacd9f85c432f7838c3be2cb0f000b55edc3487c6dee9520cc0b63
ao_sca,96,10000,522,test,18.77613573531128,18.77613573531128,1.0,True,0.0,6,3587,11,ao_sca_proximal_physical,analytical_ris_equal_allocation,"[1.8379761870796971, 18.00737164327429, 18.492085405089146, 18.657499888196966, 18.74328029154361, 18.774699641974326, 18.77613573531128]","[{""block"": ""rsma"", ""rho"": 1.0, ""gain"": 15.667017278100328}, {""block"": ""star_ris"", ""rho"": 2.0, ""gain"": 0.5023781780942649}, {""block"": ""rsma"", ""rho"": 1.0, ""gain"": 0.0}, {""block"": ""star_ris"", ""rho"": 1.0, ""gain"": 0.4847137618148558}, {""block"": ""rsma"", ""rho"": 1.0, ""gain"": 0.0}, {""block"": ""star_ris"", ""rho"": 2.0, ""gain"": 0.1654144831078206}, {""block"": ""rsma"", ""rho"": 1.0, ""gain"": 0.0}, {""block"": ""star_ris"", ""rho"": 1.0, ""gain"": 0.08578040334664294}, {""block"": ""rsma"", ""rho"": 1.0, ""gain"": 3.552713678800501e-15}, {""block"": ""star_ris"", ""rho"": 8.0, ""gain"": 0.03141935043071342}, {""block"": ""rsma"", ""rho"": 1.0, ""gain"": 0.0}, {""block"": ""star_ris"", ""rho"": 32.0, ""gain"": 0.001436093336952382}]",{},2139.941118,eb978e84730de4cf1e0579ad9e17edb700c67ba6eceac89d1fe3698763a419f7,fc61d5cda7da39530055bae9bd0e92865f995cd9,4e84455d08cacd9f85c432f7838c3be2cb0f000b55edc3487c6dee9520cc0b63
ao_sca,96,10000,523,test,18.934528836328887,18.934528836328887,1.0,True,0.0,20,11983,34,ao_sca_proximal_physical,analytical_ris_equal_allocation,"[1.837999950163238, 18.492494261782667, 18.54469339526306, 18.631820676921354, 18.660199499674796, 18.674273235232047, 18.685617809736808, 18.702088672039206, 18.710222653565914, 18.73036829280182, 18.742912916766535, 18.746205197939616, 18.791274441217695, 18.82079297249608, 18.830183229692793, 18.876877580768063, 18.899397913267194, 18.904937723513363, 18.910338915081518, 18.931417636770977, 18.934528836328887]","[{""block"": ""rsma"", ""rho"": 1.0, ""gain"": 16.654484930575094}, {""block"": ""star_ris"", ""rho"": 8.0, ""gain"": 9.381044336009836e-06}, {""block"": ""rsma"", ""rho"": 1.0, ""gain"": 0.0}, {""block"": ""star_ris"", ""rho"": 4.0, ""gain"": 0.052199133480392845}, {""block"": ""rsma"", ""rho"": 1.0, ""gain"": 0.0}, {""block"": ""star_ris"", ""rho"": 4.0, ""gain"": 0.08712728165829375}, {""block"": ""rsma"", ""rho"": 1.0, ""gain"": 0.0}, {""block"": ""star_ris"", ""rho"": 8.0, ""gain"": 0.02837882275344228}, {""block"": ""rsma"", ""rho"": 1.0, ""gain"": 0.0}, {""block"": ""star_ris"", ""rho"": 32.0, ""gain"": 0.014073735557250444}, {""block"": ""rsma"", ""rho"": 1.0, ""gain"": -3.552713678800501e-15}, {""block"": ""star_ris"", ""rho"": 4.0, ""gain"": 0.011344574504764893}, {""block"": ""rsma"", ""rho"": 1.0, ""gain"": 3.552713678800501e-15}, {""block"": ""star_ris"", ""rho"": 32.0, ""gain"": 0.016470862302394806}, {""block"": ""rsma"", ""rho"": 1.0, ""gain"": 3.552713678800501e-15}, {""block"": ""star_ris"", ""rho"": 64.0, ""gain"": 0.008133981526704304}, {""block"": ""rsma"", ""rho"": 1.0, ""gain"": 0.0}, {""block"": ""star_ris"", ""rho"": 16.0, ""gain"": 0.020145639235906287}, {""block"": ""rsma"", ""rho"": 1.0, ""gain"": -7.105427357601002e-15}, {""block"": ""star_ris"", ""rho"": 2.0, ""gain"": 0.01254462396472178}, {""block"": ""rsma"", ""rho"": 1.0, ""gain"": 7.105427357601002e-15}, {""block"": ""star_ris"", ""rho"": 8.0, ""gain"": 0.0032922811730742296}, {""block"": ""rsma"", ""rho"": 1.0, ""gain"": 3.552713678800501e-15}, {""block"": ""star_ris"", ""rho"": 4.0, ""gain"": 0.04506924327807482}, {""block"": ""rsma"", ""rho"": 1.0, ""gain"": 0.0}, {""block"": ""star_ris"", ""rho"": 16.0, ""gain"": 0.02951853127838433}, {""block"": ""rsma"", ""rho"": 1.0, ""gain"": 0.0}, {""block"": ""star_ris"", ""rho"": 4.0, ""gain"": 0.009390257196713492}, {""block"": ""rsma"", ""rho"": 1.0, ""gain"": 0.0}, {""block"": ""star_ris"", ""rho"": 8.0, ""gain"": 0.046694351075270646}, {""block"": ""rsma"", ""rho"": 1.0, ""gain"": 3.552713678800501e-15}, {""block"": ""star_ris"", ""rho"": 16.0, ""gain"": 0.022520332499126994}, {""block"": ""rsma"", ""rho"": 1.0, ""gain"": 0.0}, {""block"": ""star_ris"", ""rho"": 64.0, ""gain"": 0.005539810246169452}, {""block"": ""rsma"", ""rho"": 1.0, ""gain"": 0.0}, {""block"": ""star_ris"", ""rho"": 4.0, ""gain"": 0.005401191568154218}, {""block"": ""rsma"", ""rho"": 1.0, ""gain"": 0.0}, {""block"": ""star_ris"", ""rho"": 8.0, ""gain"": 0.021078721689459456}, {""block"": ""rsma"", ""rho"": 1.0, ""gain"": 0.0}, {""block"": ""star_ris"", ""rho"": 1.0, ""gain"": 0.0031111995579102825}]",{},6631.620992,eb978e84730de4cf1e0579ad9e17edb700c67ba6eceac89d1fe3698763a419f7,fc61d5cda7da39530055bae9bd0e92865f995cd9,4e84455d08cacd9f85c432f7838c3be2cb0f000b55edc3487c6dee9520cc0b63
ao_sca,96,10000,524,test,19.08377351230079,19.08377351230079,1.0,True,0.0,6,3581,11,ao_sca_proximal_physical,analytical_ris_equal_allocation,"[1.838003980662742, 18.57936284597077, 18.90988588153794, 19.030964593807315, 19.05031982281536, 19.082815001154273, 19.08377351230079]","[{""block"": ""rsma"", ""rho"": 1.0, ""gain"": 16.534646058681812}, {""block"": ""star_ris"", ""rho"": 1.0, ""gain"": 0.20671280662621783}, {""block"": ""rsma"", ""rho"": 1.0, ""gain"": 0.0}, {""block"": ""star_ris"", ""rho"": 1.0, ""gain"": 0.3305230355671682}, {""block"": ""rsma"", ""rho"": 1.0, ""gain"": 0.0}, {""block"": ""star_ris"", ""rho"": 2.0, ""gain"": 0.12107871226937661}, {""block"": ""rsma"", ""rho"": 1.0, ""gain"": -3.552713678800501e-15}, {""block"": ""star_ris"", ""rho"": 4.0, ""gain"": 0.01935522900804898}, {""block"": ""rsma"", ""rho"": 1.0, ""gain"": 0.0}, {""block"": ""star_ris"", ""rho"": 2.0, ""gain"": 0.03249517833891247}, {""block"": ""rsma"", ""rho"": 1.0, ""gain"": 0.0}, {""block"": ""star_ris"", ""rho"": 1.0, ""gain"": 0.0009585111465177931}]",{},2047.720897,eb978e84730de4cf1e0579ad9e17edb700c67ba6eceac89d1fe3698763a419f7,fc61d5cda7da39530055bae9bd0e92865f995cd9,4e84455d08cacd9f85c432f7838c3be2cb0f000b55edc3487c6dee9520cc0b63
ao_sca,96,10000,525,test,19.14123341035368,19.14123341035368,1.0,True,0.0,2,1202,4,ao_sca_proximal_physical,analytical_ris_equal_allocation,"[1.8380120268436642, 19.1411444420022, 19.141233410353678]","[{""block"": ""rsma"", ""rho"": 1.0, ""gain"": 16.72633226348929}, {""block"": ""star_ris"", ""rho"": 1.0, ""gain"": 0.5768001516692465}, {""block"": ""rsma"", ""rho"": 1.0, ""gain"": 3.552713678800501e-15}, {""block"": ""star_ris"", ""rho"": 512.0, ""gain"": 8.896835147353954e-05}]",{},658.389916,eb978e84730de4cf1e0579ad9e17edb700c67ba6eceac89d1fe3698763a419f7,fc61d5cda7da39530055bae9bd0e92865f995cd9,4e84455d08cacd9f85c432f7838c3be2cb0f000b55edc3487c6dee9520cc0b63
ao_sca,96,10000,526,test,18.724917869053364,18.724917869053364,1.0,True,0.0,15,8968,27,ao_sca_proximal_physical,analytical_ris_equal_allocation,"[1.837973644362432, 18.108304917974692, 18.166978619673728, 18.195192716975995, 18.55762825133523, 18.561475630222162, 18.568825209765123, 18.57870875380602, 18.581759622383696, 18.600420958140468, 18.61296800791657, 18.634201578584015, 18.65001670946464, 18.678076044165177, 18.723266223472784, 18.724917869053364]","[{""block"": ""rsma"", ""rho"": 1.0, ""gain"": 15.547471011258398}, {""block"": ""star_ris"", ""rho"": 1.0, ""gain"": 0.722860262353862}, {""block"": ""rsma"", ""rho"": 1.0, ""gain"": 0.0}, {""block"": ""star_ris"", ""rho"": 8.0, ""gain"": 0.05867370169903552}, {""block"": ""rsma"", ""rho"": 1.0, ""gain"": 3.552713678800501e-15}, {""block"": ""star_ris"", ""rho"": 16.0, ""gain"": 0.028214097302264207}, {""block"": ""rsma"", ""rho"": 1.0, ""gain"": 3.552713678800501e-15}, {""block"": ""star_ris"", ""rho"": 1.0, ""gain"": 0.36243553435923204}, {""block"": ""rsma"", ""rho"": 1.0, ""gain"": -3.552713678800501e-15}, {""block"": ""star_ris"", ""rho"": 16.0, ""gain"": 0.0038473788869346492}, {""block"": ""rsma"", ""rho"": 1.0, ""gain"": -3.552713678800501e-15}, {""block"": ""star_ris"", ""rho"": 8.0, ""gain"": 0.007349579542964335}, {""block"": ""rsma"", ""rho"": 1.0, ""gain"": -3.552713678800501e-15}, {""block"": ""star_ris"", ""rho"": 4.0, ""gain"": 0.00988354404089975}, {""block"": ""rsma"", ""rho"": 1.0, ""gain"": 0.0}, {""block"": ""star_ris"", ""rho"": 8.0, ""gain"": 0.0030508685776773348}, {""block"": ""rsma"", ""rho"": 1.0, ""gain"": 0.0}, {""block"": ""star_ris"", ""rho"": 4.0, ""gain"": 0.018661335756771535}, {""block"": ""rsma"", ""rho"": 1.0, ""gain"": 0.0}, {""block"": ""star_ris"", ""rho"": 2.0, ""gain"": 0.012547049776102881}, {""block"": ""rsma"", ""rho"": 1.0, ""gain"": 0.0}, {""block"": ""star_ris"", ""rho"": 4.0, ""gain"": 0.021233570667444468}, {""block"": ""rsma"", ""rho"": 1.0, ""gain"": 0.0}, {""block"": ""star_ris"", ""rho"": 2.0, ""gain"": 0.01581513088062536}, {""block"": ""rsma"", ""rho"": 1.0, ""gain"": 0.0}, {""block"": ""star_ris"", ""rho"": 2.0, ""gain"": 0.028059334700536454}, {""block"": ""rsma"", ""rho"": 1.0, ""gain"": 0.0}, {""block"": ""star_ris"", ""rho"": 1.0, ""gain"": 0.045190179307606826}, {""block"": ""rsma"", ""rho"": 1.0, ""gain"": 0.0}, {""block"": ""star_ris"", ""rho"": 2.0, ""gain"": 0.0016516455805799524}]",{},5004.997571,eb978e84730de4cf1e0579ad9e17edb700c67ba6eceac89d1fe3698763a419f7,fc61d5cda7da39530055bae9bd0e92865f995cd9,4e84455d08cacd9f85c432f7838c3be2cb0f000b55edc3487c6dee9520cc0b63
ao_sca,96,10000,527,test,18.66219003678807,18.66219003678807,1.0,True,0.0,14,8386,25,ao_sca_proximal_physical,analytical_ris_equal_allocation,"[1.837988662829539, 18.439465173318716, 18.443293992861513, 18.48823204023892, 18.56836425801359, 18.57171945724531, 18.597444747056596, 18.601869501034475, 18.612440101126307, 18.61769256152955, 18.63834751221946, 18.645399119194593, 18.652042378975935, 18.661225073392053, 18.66219003678807]","[{""block"": ""rsma"", ""rho"": 1.0, ""gain"": 16.259150058846654}, {""block"": ""star_ris"", ""rho"": 2.0, ""gain"": 0.3423264516425242}, {""block"": ""rsma"", ""rho"": 1.0, ""gain"": 0.0}, {""block"": ""star_ris"", ""rho"": 4.0, ""gain"": 0.00382881954279668}, {""block"": ""rsma"", ""rho"": 1.0, ""gain"": 0.0}, {""block"": ""star_ris"", ""rho"": 2.0, ""gain"": 0.04493804737740703}, {""block"": ""rsma"", ""rho"": 1.0, ""gain"": 0.0}, {""block"": ""star_ris"", ""rho"": 8.0, ""gain"": 0.08013221777467194}, {""block"": ""rsma"", ""rho"": 1.0, ""gain"": 3.552713678800501e-15}, {""block"": ""star_ris"", ""rho"": 16.0, ""gain"": 0.0033551992317164547}, {""block"": ""rsma"", ""rho"": 1.0, ""gain"": 0.0}, {""block"": ""star_ris"", ""rho"": 16.0, ""gain"": 0.025725289811283858}, {""block"": ""rsma"", ""rho"": 1.0, ""gain"": 3.552713678800501e-15}, {""block"": ""star_ris"", ""rho"": 8.0, ""gain"": 0.004424753977875895}, {""block"": ""rsma"", ""rho"": 1.0, ""gain"": 0.0}, {""block"": ""star_ris"", ""rho"": 64.0, ""gain"": 0.01057060009183175}, {""block"": ""rsma"", ""rho"": 1.0, ""gain"": 0.0}, {""block"": ""star_ris"", ""rho"": 128.0, ""gain"": 0.005252460403244896}, {""block"": ""rsma"", ""rho"": 1.0, ""gain"": 0.0}, {""block"": ""star_ris"", ""rho"": 4.0, ""gain"": 0.020654950689909413}, {""block"": ""rsma"", ""rho"": 1.0, ""gain"": 0.0}, {""block"": ""star_ris"", ""rho"": 2.0, ""gain"": 0.007051606975132074}, {""block"": ""rsma"", ""rho"": 1.0, ""gain"": 0.0}, {""block"": ""star_ris"", ""rho"": 8.0, ""gain"": 0.006643259781341726}, {""block"": ""rsma"", ""rho"": 1.0, ""gain"": 0.0}, {""block"": ""star_ris"", ""rho"": 2.0, ""gain"": 0.009182694416118409}, {""block"": ""rsma"", ""rho"": 1.0, ""gain"": 0.0}, {""block"": ""star_ris"", ""rho"": 8.0, ""gain"": 0.0009649633960151505}]",{},4630.791895,eb978e84730de4cf1e0579ad9e17edb700c67ba6eceac89d1fe3698763a419f7,fc61d5cda7da39530055bae9bd0e92865f995cd9,4e84455d08cacd9f85c432f7838c3be2cb0f000b55edc3487c6dee9520cc0b63
ao_sca,96,10000,528,test,19.19176224547209,19.19176224547209,1.0,True,0.0,16,9597,31,ao_sca_proximal_physical,analytical_ris_equal_allocation,"[1.8379883313448155, 18.13436370435112, 18.344088963235563, 18.367328724894723, 18.378777986625348, 18.384461121783424, 18.387292456318377, 18.40910700222674, 19.008162324376386, 19.01278035370156, 19.029757986196742, 19.069608645396194, 19.136459559663983, 19.158553152578186, 19.1826433988998, 19.190194295113777, 19.191762245472095]","[{""block"": ""rsma"", ""rho"": 1.0, ""gain"": 15.680529585193577}, {""block"": ""star_ris"", ""rho"": 2.0, ""gain"": 0.6158457878127273}, {""block"": ""rsma"", ""rho"": 1.0, ""gain"": 0.0}, {""block"": ""star_ris"", ""rho"": 4.0, ""gain"": 0.20972525888444338}, {""block"": ""rsma"", ""rho"": 1.0, ""gain"": 0.0}, {""block"": ""star_ris"", ""rho"": 32.0, ""gain"": 0.023239761659159086}, {""block"": ""rsma"", ""rho"": 1.0, ""gain"": 0.0}, {""block"": ""star_ris"", ""rho"": 64.0, ""gain"": 0.011449261730625437}, {""block"": ""rsma"", ""rho"": 1.0, ""gain"": 0.0}, {""block"": ""star_ris"", ""rho"": 128.0, ""gain"": 0.005683135158076169}, {""block"": ""rsma"", ""rho"": 1.0, ""gain"": 7.105427357601002e-15}, {""block"": ""star_ris"", ""rho"": 256.0, ""gain"": 0.002831334534945995}, {""block"": ""rsma"", ""rho"": 1.0, ""gain"": 0.0}, {""block"": ""star_ris"", ""rho"": 32.0, ""gain"": 0.02181454590836296}, {""block"": ""rsma"", ""rho"": 1.0, ""gain"": -7.105427357601002e-15}, {""block"": ""star_ris"", ""rho"": 1.0, ""gain"": 0.5990553221496526}, {""block"": ""rsma"", ""rho"": 1.0, ""gain"": 0.0}, {""block"": ""star_ris"", ""rho"": 16.0, ""gain"": 0.004618029325175854}, {""block"": ""rsma"", ""rho"": 1.0, ""gain"": 0.0}, {""block"": ""star_ris"", ""rho"": 4.0, ""gain"": 0.016977632495180472}, {""block"": ""rsma"", ""rho"": 1.0, ""gain"": 0.0}, {""block"": ""star_ris"", ""rho"": 2.0, ""gain"": 0.039850659199451854}, {""block"": ""rsma"", ""rho"": 1.0, ""gain"": -3.552713678800501e-15}, {""block"": ""star_ris"", ""rho"": 2.0, ""gain"": 0.06685091426779266}, {""block"": ""rsma"", ""rho"": 1.0, ""gain"": -3.552713678800501e-15}, {""block"": ""star_ris"", ""rho"": 16.0, ""gain"": 0.02209359291420654}, {""block"": ""rsma"", ""rho"": 1.0, ""gain"": 0.0}, {""block"": ""star_ris"", ""rho"": 16.0, ""gain"": 0.02409024632161305}, {""block"": ""rsma"", ""rho"": 1.0, ""gain"": 0.0}, {""block"": ""star_ris"", ""rho"": 32.0, ""gain"": 0.007550896213977865}, {""block"": ""rsma"", ""rho"": 1.0, ""gain"": -3.552713678800501e-15}, {""block"": ""star_ris"", ""rho"": 32.0, ""gain"": 0.0015679503583214682}]",{},5267.173431,eb978e84730de4cf1e0579ad9e17edb700c67ba6eceac89d1fe3698763a419f7,fc61d5cda7da39530055bae9bd0e92865f995cd9,4e84455d08cacd9f85c432f7838c3be2cb0f000b55edc3487c6dee9520cc0b63
ao_sca,96,10000,529,test,19.152937173581645,19.152937173581645,1.0,True,0.0,6,3580,8,ao_sca_proximal_physical,analytical_ris_equal_allocation,"[1.8379975777302964, 18.5842873898847, 18.799113634170848, 18.814658733191727, 18.978332118574123, 19.151360452919302, 19.152937173581645]","[{""block"": ""rsma"", ""rho"": 1.0, ""gain"": 16.228757442393}, {""block"": ""star_ris"", ""rho"": 1.0, ""gain"": 0.5175323697614047}, {""block"": ""rsma"", ""rho"": 1.0, ""gain"": 0.0}, {""block"": ""star_ris"", ""rho"": 1.0, ""gain"": 0.21482624428614727}, {""block"": ""rsma"", ""rho"": 1.0, ""gain"": 0.0}, {""block"": ""star_ris"", ""rho"": 1.0, ""gain"": 0.01554509902087986}, {""block"": ""rsma"", ""rho"": 1.0, ""gain"": 0.0}, {""block"": ""star_ris"", ""rho"": 1.0, ""gain"": 0.1636733853823955}, {""block"": ""rsma"", ""rho"": 1.0, ""gain"": 0.0}, {""block"": ""star_ris"", ""rho"": 1.0, ""gain"": 0.1730283343451795}, {""block"": ""rsma"", ""rho"": 1.0, ""gain"": 0.0}, {""block"": ""star_ris"", ""rho"": 8.0, ""gain"": 0.001576720662342268}]",{},1916.284527,eb978e84730de4cf1e0579ad9e17edb700c67ba6eceac89d1fe3698763a419f7,fc61d5cda7da39530055bae9bd0e92865f995cd9,4e84455d08cacd9f85c432f7838c3be2cb0f000b55edc3487c6dee9520cc0b63
ao_sca,96,10000,530,test,19.2379072297445,19.2379072297445,1.0,True,0.0,13,7772,22,ao_sca_proximal_physical,analytical_ris_equal_allocation,"[1.8380102818616362, 18.73891074922948, 18.778716702237183, 18.798014792878107, 18.80585601793451, 18.83377106325715, 18.871737059527927, 18.95126294460168, 19.121208242327604, 19.15936741489689, 19.17534821988204, 19.224354517742828, 19.236154604490643, 19.2379072297445]","[{""block"": ""rsma"", ""rho"": 1.0, ""gain"": 16.886618816262583}, {""block"": ""star_ris"", ""rho"": 2.0, ""gain"": 0.014281651105260806}, {""block"": ""rsma"", ""rho"": 1.0, ""gain"": 0.0}, {""block"": ""star_ris"", ""rho"": 16.0, ""gain"": 0.039805953007704176}, {""block"": ""rsma"", ""rho"": 1.0, ""gain"": -3.552713678800501e-15}, {""block"": ""star_ris"", ""rho"": 32.0, ""gain"": 0.0192980906409268}, {""block"": ""rsma"", ""rho"": 1.0, ""gain"": -3.552713678800501e-15}, {""block"": ""star_ris"", ""rho"": 8.0, ""gain"": 0.007841225056406387}, {""block"": ""rsma"", ""rho"": 1.0, ""gain"": 0.0}, {""block"": ""star_ris"", ""rho"": 2.0, ""gain"": 0.027915045322639997}, {""block"": ""rsma"", ""rho"": 1.0, ""gain"": 0.0}, {""block"": ""star_ris"", ""rho"": 1.0, ""gain"": 0.03796599627077768}, {""block"": ""rsma"", ""rho"": 1.0, ""gain"": 0.0}, {""block"": ""star_ris"", ""rho"": 2.0, ""gain"": 0.07952588507375324}, {""block"": ""rsma"", ""rho"": 1.0, ""gain"": 0.0}, {""block"": ""star_ris"", ""rho"": 1.0, ""gain"": 0.16994529772592415}, {""block"": ""rsma"", ""rho"": 1.0, ""gain"": -3.552713678800501e-15}, {""block"": ""star_ris"", ""rho"": 2.0, ""gain"": 0.03815917256929069}, {""block"": ""rsma"", ""rho"": 1.0, ""gain"": 0.0}, {""block"": ""star_ris"", ""rho"": 4.0, ""gain"": 0.015980804985147756}, {""block"": ""rsma"", ""rho"": 1.0, ""gain"": 0.0}, {""block"": ""star_ris"", ""rho"": 2.0, ""gain"": 0.049006297860788806}, {""block"": ""rsma"", ""rho"": 1.0, ""gain"": 0.0}, {""block"": ""star_ris"", ""rho"": 4.0, ""gain"": 0.011800086747815186}, {""block"": ""rsma"", ""rho"": 1.0, ""gain"": 0.0}, {""block"": ""star_ris"", ""rho"": 4.0, ""gain"": 0.0017526252538573317}]",{},4272.523119,eb978e84730de4cf1e0579ad9e17edb700c67ba6eceac89d1fe3698763a419f7,fc61d5cda7da39530055bae9bd0e92865f995cd9,4e84455d08cacd9f85c432f7838c3be2cb0f000b55edc3487c6dee9520cc0b63
ao_sca,96,10000,531,test,19.25869540412985,19.25869540412985,1.0,True,0.0,20,11960,32,ao_sca_proximal_physical,analytical_ris_equal_allocation,"[1.8379961408350454, 18.4451286577048, 18.683273469833345, 18.69150490762644, 18.757694233156855, 18.780656762191565, 18.783210369168277, 18.804594269903358, 18.80724868130613, 18.82020890854924, 18.925033388842486, 19.00605935359131, 19.094129905747376, 19.099793904710978, 19.104148938550672, 19.14213458896831, 19.159245334505815, 19.19227499514106, 19.200824966327033, 19.25604811923013, 19.25869540412985]","[{""block"": ""rsma"", ""rho"": 1.0, ""gain"": 16.326422510968996}, {""block"": ""star_ris"", ""rho"": 1.0, ""gain"": 0.2807100059007581}, {""block"": ""rsma"", ""rho"": 1.0, ""gain"": -3.552713678800501e-15}, {""block"": ""star_ris"", ""rho"": 2.0, ""gain"": 0.23814481212854943}, {""block"": ""rsma"", ""rho"": 1.0, ""gain"": 0.0}, {""block"": ""star_ris"", ""rho"": 4.0, ""gain"": 0.008231437793096319}, {""block"": ""rsma"", ""rho"": 1.0, ""gain"": 0.0}, {""block"": ""star_ris"", ""rho"": 4.0, ""gain"": 0.0661893255304129}, {""block"": ""rsma"", ""rho"": 1.0, ""gain"": -3.552713678800501e-15}, {""block"": ""star_ris"", ""rho"": 2.0, ""gain"": 0.022962529034714407}, {""block"": ""rsma"", ""rho"": 1.0, ""gain"": 0.0}, {""block"": ""star_ris"", ""rho"": 16.0, ""gain"": 0.0025536069767113645}, {""block"": ""rsma"", ""rho"": 1.0, ""gain"": 0.0}, {""block"": ""star_ris"", ""rho"": 8.0, ""gain"": 0.02138390073508134}, {""block"": ""rsma"", ""rho"": 1.0, ""gain"": 0.0}, {""block"": ""star_ris"", ""rho"": 2.0, ""gain"": 0.0026544114027728938}, {""block"": ""rsma"", ""rho"": 1.0, ""gain"": 0.0}, {""block"": ""star_ris"", ""rho"": 32.0, ""gain"": 0.012960227243109301}, {""block"": ""rsma"", ""rho"": 1.0, ""gain"": 0.0}, {""block"": ""star_ris"", ""rho"": 1.0, ""gain"": 0.10482448029324587}, {""block"": ""rsma"", ""rho"": 1.0, ""gain"": 0.0}, {""block"": ""star_ris"", ""rho"": 2.0, ""gain"": 0.08102596474882517}, {""block"": ""rsma"", ""rho"": 1.0, ""gain"": 0.0}, {""block"": ""star_ris"", ""rho"": 1.0, ""gain"": 0.08807055215606496}, {""block"": ""rsma"", ""rho"": 1.0, ""gain"": 3.552713678800501e-15}, {""block"": ""star_ris"", ""rho"": 2.0, ""gain"": 0.00566399896359826}, {""block"": ""rsma"", ""rho"": 1.0, ""gain"": 0.0}, {""block"": ""star_ris"", ""rho"": 128.0, ""gain"": 0.004355033839694045}, {""block"": ""rsma"", ""rho"": 1.0, ""gain"": 0.0}, {""block"": ""star_ris"", ""rho"": 1.0, ""gain"": 0.037985650417638794}, {""block"": ""rsma"", ""rho"": 1.0, ""gain"": 0.0}, {""block"": ""star_ris"", ""rho"": 16.0, ""gain"": 0.017110745537504357}, {""block"": ""rsma"", ""rho"": 1.0, ""gain"": 0.0}, {""block"": ""star_ris"", ""rho"": 2.0, ""gain"": 0.033029660635243374}, {""block"": ""rsma"", ""rho"": 1.0, ""gain"": 0.0}, {""block"": ""star_ris"", ""rho"": 4.0, ""gain"": 0.00854997118597467}, {""block"": ""rsma"", ""rho"": 1.0, ""gain"": 0.0}, {""block"": ""star_ris"", ""rho"": 2.0, ""gain"": 0.055223152903096207}, {""block"": ""rsma"", ""rho"": 1.0, ""gain"": 0.0}, {""block"": ""star_ris"", ""rho"": 8.0, ""gain"": 0.0026472848997194376}]",{},6492.986016,eb978e84730de4cf1e0579ad9e17edb700c67ba6eceac89d1fe3698763a419f7,fc61d5cda7da39530055bae9bd0e92865f995cd9,4e84455d08cacd9f85c432f7838c3be2cb0f000b55edc3487c6dee9520cc0b63
ao_sca,96,10000,532,test,18.758268334603702,18.758268334603702,1.0,True,0.0,7,4197,12,ao_sca_proximal_physical,analytical_ris_equal_allocation,"[1.8379993331786033, 18.562711360790118, 18.600179261883078, 18.617005057490047, 18.632604413251958, 18.64032929695249, 18.75782437149138, 18.758268334603706]","[{""block"": ""rsma"", ""rho"": 1.0, ""gain"": 16.723593902968823}, {""block"": ""star_ris"", ""rho"": 8.0, ""gain"": 0.0011181246426907876}, {""block"": ""rsma"", ""rho"": 1.0, ""gain"": 0.0}, {""block"": ""star_ris"", ""rho"": 2.0, ""gain"": 0.03746790109295972}, {""block"": ""rsma"", ""rho"": 1.0, ""gain"": 0.0}, {""block"": ""star_ris"", ""rho"": 8.0, ""gain"": 0.016825795606969507}, {""block"": ""rsma"", ""rho"": 1.0, ""gain"": 0.0}, {""block"": ""star_ris"", ""rho"": 2.0, ""gain"": 0.015599355761910516}, {""block"": ""rsma"", ""rho"": 1.0, ""gain"": 3.552713678800501e-15}, {""block"": ""star_ris"", ""rho"": 64.0, ""gain"": 0.007724883700529261}, {""block"": ""rsma"", ""rho"": 1.0, ""gain"": -3.552713678800501e-15}, {""block"": ""star_ris"", ""rho"": 4.0, ""gain"": 0.11749507453889407}, {""block"": ""rsma"", ""rho"": 1.0, ""gain"": 0.0}, {""block"": ""star_ris"", ""rho"": 256.0, ""gain"": 0.0004439631123247523}]",{},2278.731556,eb978e84730de4cf1e0579ad9e17edb700c67ba6eceac89d1fe3698763a419f7,fc61d5cda7da39530055bae9bd0e92865f995cd9,4e84455d08cacd9f85c432f7838c3be2cb0f000b55edc3487c6dee9520cc0b63
ao_sca,96,10000,533,test,18.589198002550667,18.589198002550667,1.0,True,0.0,5,2990,9,ao_sca_proximal_physical,analytical_ris_equal_allocation,"[1.8379709940550046, 17.687462207065757, 17.776076040271597, 18.227429423744187, 18.58916164866683, 18.589198002550667]","[{""block"": ""rsma"", ""rho"": 1.0, ""gain"": 15.808645309032238}, {""block"": ""star_ris"", ""rho"": 4.0, ""gain"": 0.040845903978514286}, {""block"": ""rsma"", ""rho"": 1.0, ""gain"": -3.552713678800501e-15}, {""block"": ""star_ris"", ""rho"": 1.0, ""gain"": 0.08861383320584437}, {""block"": ""rsma"", ""rho"": 1.0, ""gain"": -3.552713678800501e-15}, {""block"": ""star_ris"", ""rho"": 1.0, ""gain"": 0.45135338347259335}, {""block"": ""rsma"", ""rho"": 1.0, ""gain"": -3.552713678800501e-15}, {""block"": ""star_ris"", ""rho"": 1.0, ""gain"": 0.36173222492264756}, {""block"": ""rsma"", ""rho"": 1.0, ""gain"": 0.0}, {""block"": ""star_ris"", ""rho"": 128.0, ""gain"": 3.6353883835715806e-05}]",{},1713.107881,eb978e84730de4cf1e0579ad9e17edb700c67ba6eceac89d1fe3698763a419f7,fc61d5cda7da39530055bae9bd0e92865f995cd9,4e84455d08cacd9f85c432f7838c3be2cb0f000b55edc3487c6dee9520cc0b63
ao_sca,96,10000,534,test,19.03156530547108,19.03156530547108,1.0,True,0.0,10,5974,18,ao_sca_proximal_physical,analytical_ris_equal_allocation,"[1.8380046457883867, 18.737608888085088, 18.800863471929247, 18.8346402205324, 18.930579703545618, 18.96354506264769, 19.00463655403936, 19.01431768909973, 19.021682275775646, 19.03097632743046, 19.031565305471076]","[{""block"": ""rsma"", ""rho"": 1.0, ""gain"": 16.57930663547219}, {""block"": ""star_ris"", ""rho"": 2.0, ""gain"": 0.3202976068245107}, {""block"": ""rsma"", ""rho"": 1.0, ""gain"": 3.552713678800501e-15}, {""block"": ""star_ris"", ""rho"": 4.0, ""gain"": 0.06325458384415583}, {""block"": ""rsma"", ""rho"": 1.0, ""gain"": 3.552713678800501e-15}, {""block"": ""star_ris"", ""rho"": 2.0, ""gain"": 0.03377674860314883}, {""block"": ""rsma"", ""rho"": 1.0, ""gain"": 0.0}, {""block"": ""star_ris"", ""rho"": 2.0, ""gain"": 0.09593948301321831}, {""block"": ""rsma"", ""rho"": 1.0, ""gain"": 0.0}, {""block"": ""star_ris"", ""rho"": 4.0, ""gain"": 0.032965359102071545}, {""block"": ""rsma"", ""rho"": 1.0, ""gain"": -3.552713678800501e-15}, {""block"": ""star_ris"", ""rho"": 2.0, ""gain"": 0.04109149139167556}, {""block"": ""rsma"", ""rho"": 1.0, ""gain"": 0.0}, {""block"": ""star_ris"", ""rho"": 4.0, ""gain"": 0.009681135060368717}, {""block"": ""rsma"", ""rho"": 1.0, ""gain"": 0.0}, {""block"": ""star_ris"", ""rho"": 4.0, ""gain"": 0.007364586675915774}, {""block"": ""rsma"", ""rho"": 1.0, ""gain"": 3.552713678800501e-15}, {""block"": ""star_ris"", ""rho"": 1.0, ""gain"": 0.00929405165480901}, {""block"": ""rsma"", ""rho"": 1.0, ""gain"": 0.0}, {""block"": ""star_ris"", ""rho"": 2.0, ""gain"": 0.0005889780406178602}]",{},3282.851015,eb978e84730de4cf1e0579ad9e17edb700c67ba6eceac89d1fe3698763a419f7,fc61d5cda7da39530055bae9bd0e92865f995cd9,4e84455d08cacd9f85c432f7838c3be2cb0f000b55edc3487c6dee9520cc0b63
ao_sca,96,10000,535,test,19.191130906952893,19.191130906952893,1.0,True,0.0,20,11958,35,ao_sca_proximal_physical,analytical_ris_equal_allocation,"[1.8380011470872046, 18.522221552593155, 18.532298834131325, 18.602928514510822, 18.67231857039195, 18.691515362766864, 18.714363578971057, 18.82859900259894, 18.849211242973908, 18.920882431704467, 18.936843346880202, 18.94464608193138, 18.951783192390963, 18.957584493196872, 18.989518457156578, 19.011156204021624, 19.039668952895962, 19.089457297420974, 19.139985833456894, 19.16203414143572, 19.191130906952893]","[{""block"": ""rsma"", ""rho"": 1.0, ""gain"": 16.64267450947559}, {""block"": ""star_ris"", ""rho"": 16.0, ""gain"": 0.041545896030360296}, {""block"": ""rsma"", ""rho"": 1.0, ""gain"": 0.0}, {""block"": ""star_ris"", ""rho"": 64.0, ""gain"": 0.010077281538169558}, {""block"": ""rsma"", ""rho"": 1.0, ""gain"": 0.0}, {""block"": ""star_ris"", ""rho"": 1.0, ""gain"": 0.07062968037949702}, {""block"": ""rsma"", ""rho"": 1.0, ""gain"": 0.0}, {""block"": ""star_ris"", ""rho"": 1.0, ""gain"": 0.06939005588112934}, {""block"": ""rsma"", ""rho"": 1.0, ""gain"": 0.0}, {""block"": ""star_ris"", ""rho"": 4.0, ""gain"": 0.01919679237491323}, {""block"": ""rsma"", ""rho"": 1.0, ""gain"": 3.552713678800501e-15}, {""block"": ""star_ris"", ""rho"": 1.0, ""gain"": 0.02284821620418853}, {""block"": ""rsma"", ""rho"": 1.0, ""gain"": 0.0}, {""block"": ""star_ris"", ""rho"": 2.0, ""gain"": 0.11423542362788197}, {""block"": ""rsma"", ""rho"": 1.0, ""gain"": -3.552713678800501e-15}, {""block"": ""star_ris"", ""rho"": 1.0, ""gain"": 0.020612240374973112}, {""block"": ""rsma"", ""rho"": 1.0, ""gain"": 7.105427357601002e-15}, {""block"": ""star_ris"", ""rho"": 8.0, ""gain"": 0.07167118873055145}, {""block"": ""rsma"", ""rho"": 1.0, ""gain"": 0.0}, {""block"": ""star_ris"", ""rho"": 32.0, ""gain"": 0.015960915175735835}, {""block"": ""rsma"", ""rho"": 1.0, ""gain"": 0.0}, {""block"": ""star_ris"", ""rho"": 64.0, ""gain"": 0.0078027350511788995}, {""block"": ""rsma"", ""rho"": 1.0, ""gain"": 0.0}, {""block"": ""star_ris"", ""rho"": 2.0, ""gain"": 0.0071371104595812085}, {""block"": ""rsma"", ""rho"": 1.0, ""gain"": 0.0}, {""block"": ""star_ris"", ""rho"": 1.0, ""gain"": 0.005801300805909904}, {""block"": ""rsma"", ""rho"": 1.0, ""gain"": 0.0}, {""block"": ""star_ris"", ""rho"": 1.0, ""gain"": 0.03193396395970538}, {""block"": ""rsma"", ""rho"": 1.0, ""gain"": 0.0}, {""block"": ""star_ris"", ""rho"": 4.0, ""gain"": 0.02163774686504638}, {""block"": ""rsma"", ""rho"": 1.0, ""gain"": 0.0}, {""block"": ""star_ris"", ""rho"": 2.0, ""gain"": 0.028512748874337746}, {""block"": ""rsma"", ""rho"": 1.0, ""gain"": 0.0}, {""block"": ""star_ris"", ""rho"": 1.0, ""gain"": 0.04978834452501246}, {""block"": ""rsma"", ""rho"": 1.0, ""gain"": -7.105427357601002e-15}, {""block"": ""star_ris"", ""rho"": 8.0, ""gain"": 0.05052853603592666}, {""block"": ""rsma"", ""rho"": 1.0, ""gain"": 0.0}, {""block"": ""star_ris"", ""rho"": 4.0, ""gain"": 0.02204830797882451}, {""block"": ""rsma"", ""rho"": 1.0, ""gain"": -3.552713678800501e-15}, {""block"": ""star_ris"", ""rho"": 2.0, ""gain"": 0.02909676551717766}]",{},6800.888179,eb978e84730de4cf1e0579ad9e17edb700c67ba6eceac89d1fe3698763a419f7,fc61d5cda7da39530055bae9bd0e92865f995cd9,4e84455d08cacd9f85c432f7838c3be2cb0f000b55edc3487c6dee9520cc0b63
ao_sca,96,10000,536,test,19.179802615292957,19.179802615292957,1.0,True,0.0,19,11367,34,ao_sca_proximal_physical,analytical_ris_equal_allocation,"[1.837995312186898, 18.524884150070335, 18.53107295164539, 18.551350854698626, 18.561339740166847, 18.674938644065485, 18.685975966053107, 18.693141515914235, 18.738478540187593, 18.819482424550344, 18.85089387959765, 18.866348762087746, 18.87401872076924, 18.92661942496308, 18.986696142655646, 19.027047838950345, 19.04189342148903, 19.143106533017434, 19.17876944247802, 19.179802615292953]","[{""block"": ""rsma"", ""rho"": 1.0, ""gain"": 16.604021482753115}, {""block"": ""star_ris"", ""rho"": 2.0, ""gain"": 0.08286735513032184}, {""block"": ""rsma"", ""rho"": 1.0, ""gain"": 0.0}, {""block"": ""star_ris"", ""rho"": 2.0, ""gain"": 0.006188801575053304}, {""block"": ""rsma"", ""rho"": 1.0, ""gain"": 0.0}, {""block"": ""star_ris"", ""rho"": 32.0, ""gain"": 0.020277903053237623}, {""block"": ""rsma"", ""rho"": 1.0, ""gain"": 0.0}, {""block"": ""star_ris"", ""rho"": 64.0, ""gain"": 0.009988885468221298}, {""block"": ""rsma"", ""rho"": 1.0, ""gain"": 0.0}, {""block"": ""star_ris"", ""rho"": 1.0, ""gain"": 0.11359890389863736}, {""block"": ""rsma"", ""rho"": 1.0, ""gain"": 0.0}, {""block"": ""star_ris"", ""rho"": 4.0, ""gain"": 0.011037321987622306}, {""block"": ""rsma"", ""rho"": 1.0, ""gain"": 0.0}, {""block"": ""star_ris"", ""rho"": 1.0, ""gain"": 0.007165549861127829}, {""block"": ""rsma"", ""rho"": 1.0, ""gain"": 0.0}, {""block"": ""star_ris"", ""rho"": 1.0, ""gain"": 0.045337024273358395}, {""block"": ""rsma"", ""rho"": 1.0, ""gain"": 0.0}, {""block"": ""star_ris"", ""rho"": 8.0, ""gain"": 0.08100388436275097}, {""block"": ""rsma"", ""rho"": 1.0, ""gain"": 0.0}, {""block"": ""star_ris"", ""rho"": 16.0, ""gain"": 0.031411455047305026}, {""block"": ""rsma"", ""rho"": 1.0, ""gain"": 0.0}, {""block"": ""star_ris"", ""rho"": 32.0, ""gain"": 0.015454882490097077}, {""block"": ""rsma"", ""rho"": 1.0, ""gain"": 0.0}, {""block"": ""star_ris"", ""rho"": 64.0, ""gain"": 0.0076699586814932275}, {""block"": ""rsma"", ""rho"": 1.0, ""gain"": 0.0}, {""block"": ""star_ris"", ""rho"": 1.0, ""gain"": 0.05260070419383922}, {""block"": ""rsma"", ""rho"": 1.0, ""gain"": 3.552713678800501e-15}, {""block"": ""star_ris"", ""rho"": 2.0, ""gain"": 0.06007671769256362}, {""block"": ""rsma"", ""rho"": 1.0, ""gain"": 0.0}, {""block"": ""star_ris"", ""rho"": 1.0, ""gain"": 0.04035169629469948}, {""block"": ""rsma"", ""rho"": 1.0, ""gain"": -7.105427357601002e-15}, {""block"": ""star_ris"", ""rho"": 2.0, ""gain"": 0.014845582538690394}, {""block"": ""rsma"", ""rho"": 1.0, ""gain"": 7.105427357601002e-15}, {""block"": ""star_ris"", ""rho"": 4.0, ""gain"": 0.10121311152839851}, {""block"": ""rsma"", ""rho"": 1.0, ""gain"": 0.0}, {""block"": ""star_ris"", ""rho"": 1.0, ""gain"": 0.035662909460587144}, {""block"": ""rsma"", ""rho"": 1.0, ""gain"": 0.0}, {""block"": ""star_ris"", ""rho"": 32.0, ""gain"": 0.0010331728149317598}]",{},6336.996491,eb978e84730de4cf1e0579ad9e17edb700c67ba6eceac89d1fe3698763a419f7,fc61d5cda7da39530055bae9bd0e92865f995cd9,4e84455d08cacd9f85c432f7838c3be2cb0f000b55edc3487c6dee9520cc0b63
ao_sca,96,10000,537,test,19.300753528884485,19.300753528884485,1.0,True,0.0,20,11953,35,ao_sca_proximal_physical,analytical_ris_equal_allocation,"[1.8380005277375258, 18.625504515176246, 18.68653527406709, 18.71746787718913, 18.7937113193679, 18.807589184301857, 18.86377306139645, 18.94124518511244, 19.111757090205472, 19.124192917011463, 19.133892045503433, 19.19539912518982, 19.231853726949165, 19.24501495533704, 19.25011648876046, 19.26086473797143, 19.266525113235414, 19.269977195922706, 19.28348301634634, 19.28646881376485, 19.300753528884485]","[{""block"": ""rsma"", ""rho"": 1.0, ""gain"": 16.680093528380908}, {""block"": ""star_ris"", ""rho"": 2.0, ""gain"": 0.10741045905781377}, {""block"": ""rsma"", ""rho"": 1.0, ""gain"": 0.0}, {""block"": ""star_ris"", ""rho"": 2.0, ""gain"": 0.06103075889084408}, {""block"": ""rsma"", ""rho"": 1.0, ""gain"": 0.0}, {""block"": ""star_ris"", ""rho"": 1.0, ""gain"": 0.03093260312203938}, {""block"": ""rsma"", ""rho"": 1.0, ""gain"": 0.0}, {""block"": ""star_ris"", ""rho"": 8.0, ""gain"": 0.07624344217877166}, {""block"": ""rsma"", ""rho"": 1.0, ""gain"": 0.0}, {""block"": ""star_ris"", ""rho"": 1.0, ""gain"": 0.013877864933956374}, {""block"": ""rsma"", ""rho"": 1.0, ""gain"": 0.0}, {""block"": ""star_ris"", ""rho"": 1.0, ""gain"": 0.05618387709459327}, {""block"": ""rsma"", ""rho"": 1.0, ""gain"": 0.0}, {""block"": ""star_ris"", ""rho"": 2.0, ""gain"": 0.07747212371598877}, {""block"": ""rsma"", ""rho"": 1.0, ""gain"": -3.552713678800501e-15}, {""block"": ""star_ris"", ""rho"": 1.0, ""gain"": 0.17051190509303638}, {""block"": ""rsma"", ""rho"": 1.0, ""gain"": 0.0}, {""block"": ""star_ris"", ""rho"": 2.0, ""gain"": 0.012435826805990757}, {""block"": ""rsma"", ""rho"": 1.0, ""gain"": 0.0}, {""block"": ""star_ris"", ""rho"": 4.0, ""gain"": 0.0096991284919703}, {""block"": ""rsma"", ""rho"": 1.0, ""gain"": 0.0}, {""block"": ""star_ris"", ""rho"": 2.0, ""gain"": 0.061507079686386135}, {""block"": ""rsma"", ""rho"": 1.0, ""gain"": 3.552713678800501e-15}, {""block"": ""star_ris"", ""rho"": 4.0, ""gain"": 0.0364546017593419}, {""block"": ""rsma"", ""rho"": 1.0, ""gain"": 0.0}, {""block"": ""star_ris"", ""rho"": 2.0, ""gain"": 0.013161228387875923}, {""block"": ""rsma"", ""rho"": 1.0, ""gain"": 0.0}, {""block"": ""star_ris"", ""rho"": 8.0, ""gain"": 0.00510153342342079}, {""block"": ""rsma"", ""rho"": 1.0, ""gain"": -3.552713678800501e-15}, {""block"": ""star_ris"", ""rho"": 8.0, ""gain"": 0.010748249210973171}, {""block"": ""rsma"", ""rho"": 1.0, ""gain"": 0.0}, {""block"": ""star_ris"", ""rho"": 4.0, ""gain"": 0.005660375263982331}, {""block"": ""rsma"", ""rho"": 1.0, ""gain"": 0.0}, {""block"": ""star_ris"", ""rho"": 8.0, ""gain"": 0.003452082687292801}, {""block"": ""rsma"", ""rho"": 1.0, ""gain"": 0.0}, {""block"": ""star_ris"", ""rho"": 32.0, ""gain"": 0.013505820423635129}, {""block"": ""rsma"", ""rho"": 1.0, ""gain"": 0.0}, {""block"": ""star_ris"", ""rho"": 4.0, ""gain"": 0.002985797418507019}, {""block"": ""rsma"", ""rho"": 1.0, ""gain"": -3.552713678800501e-15}, {""block"": ""star_ris"", ""rho"": 2.0, ""gain"": 0.014284715119639912}]",{},6663.5719,eb978e84730de4cf1e0579ad9e17edb700c67ba6eceac89d1fe3698763a419f7,fc61d5cda7da39530055bae9bd0e92865f995cd9,4e84455d08cacd9f85c432f7838c3be2cb0f000b55edc3487c6dee9520cc0b63
ao_sca,96,10000,538,test,18.87658166541125,18.87658166541125,1.0,True,0.0,16,9585,31,ao_sca_proximal_physical,analytical_ris_equal_allocation,"[1.8379933102356982, 18.43795198289094, 18.54139045245089, 18.548650736149426, 18.56647880684413, 18.587376393826307, 18.719685617432063, 18.734896579597542, 18.738661614671315, 18.740539139435473, 18.74403197850819, 18.74741876035486, 18.751539659375368, 18.798012091915247, 18.807094753735154, 18.876212685281445, 18.876581665411255]","[{""block"": ""rsma"", ""rho"": 1.0, ""gain"": 16.466376844684802}, {""block"": ""star_ris"", ""rho"": 2.0, ""gain"": 0.13358182797043838}, {""block"": ""rsma"", ""rho"": 1.0, ""gain"": 0.0}, {""block"": ""star_ris"", ""rho"": 1.0, ""gain"": 0.10343846955995062}, {""block"": ""rsma"", ""rho"": 1.0, ""gain"": 0.0}, {""block"": ""star_ris"", ""rho"": 4.0, ""gain"": 0.007260283698535375}, {""block"": ""rsma"", ""rho"": 1.0, ""gain"": 0.0}, {""block"": ""star_ris"", ""rho"": 32.0, ""gain"": 0.017828070694704934}, {""block"": ""rsma"", ""rho"": 1.0, ""gain"": 0.0}, {""block"": ""star_ris"", ""rho"": 1.0, ""gain"": 0.020897586982176364}, {""block"": ""rsma"", ""rho"": 1.0, ""gain"": 0.0}, {""block"": ""star_ris"", ""rho"": 4.0, ""gain"": 0.13230922360575548}, {""block"": ""rsma"", ""rho"": 1.0, ""gain"": 0.0}, {""block"": ""star_ris"", ""rho"": 32.0, ""gain"": 0.015210962165479458}, {""block"": ""rsma"", ""rho"": 1.0, ""gain"": 0.0}, {""block"": ""star_ris"", ""rho"": 128.0, ""gain"": 0.0037650350737727933}, {""block"": ""rsma"", ""rho"": 1.0, ""gain"": 0.0}, {""block"": ""star_ris"", ""rho"": 256.0, ""gain"": 0.0018775247641578119}, {""block"": ""rsma"", ""rho"": 1.0, ""gain"": 3.552713678800501e-15}, {""block"": ""star_ris"", ""rho"": 32.0, ""gain"": 0.0034928390727131386}, {""block"": ""rsma"", ""rho"": 1.0, ""gain"": 0.0}, {""block"": ""star_ris"", ""rho"": 16.0, ""gain"": 0.003386781846671738}, {""block"": ""rsma"", ""rho"": 1.0, ""gain"": -7.105427357601002e-15}, {""block"": ""star_ris"", ""rho"": 4.0, ""gain"": 0.004120899020513491}, {""block"": ""rsma"", ""rho"": 1.0, ""gain"": 0.0}, {""block"": ""star_ris"", ""rho"": 2.0, ""gain"": 0.046472432539879094}, {""block"": ""rsma"", ""rho"": 1.0, ""gain"": -3.552713678800501e-15}, {""block"": ""star_ris"", ""rho"": 1.0, ""gain"": 0.009082661819910243}, {""block"": ""rsma"", ""rho"": 1.0, ""gain"": 0.0}, {""block"": ""star_ris"", ""rho"": 1.0, ""gain"": 0.06911793154629109}, {""block"": ""rsma"", ""rho"": 1.0, ""gain"": 0.0}, {""block"": ""star_ris"", ""rho"": 64.0, ""gain"": 0.00036898012981012585}]",{},5475.93074,eb978e84730de4cf1e0579ad9e17edb700c67ba6eceac89d1fe3698763a419f7,fc61d5cda7da39530055bae9bd0e92865f995cd9,4e84455d08cacd9f85c432f7838c3be2cb0f000b55edc3487c6dee9520cc0b63
ao_sca,96,10000,539,test,18.749603938642984,18.749603938642984,1.0,True,0.0,7,4185,13,ao_sca_proximal_physical,analytical_ris_equal_allocation,"[1.8379609440499558, 18.099048899632233, 18.175806335364896, 18.394106620904697, 18.584806120819913, 18.74357612048992, 18.747762180804877, 18.749603938642984]","[{""block"": ""rsma"", ""rho"": 1.0, ""gain"": 15.173919345130821}, {""block"": ""star_ris"", ""rho"": 1.0, ""gain"": 1.0871686104514566}, {""block"": ""rsma"", ""rho"": 1.0, ""gain"": 0.0}, {""block"": ""star_ris"", ""rho"": 1.0, ""gain"": 0.07675743573266303}, {""block"": ""rsma"", ""rho"": 1.0, ""gain"": 0.0}, {""block"": ""star_ris"", ""rho"": 1.0, ""gain"": 0.21830028553980085}, {""block"": ""rsma"", ""rho"": 1.0, ""gain"": 0.0}, {""block"": ""star_ris"", ""rho"": 2.0, ""gain"": 0.1906994999152154}, {""block"": ""rsma"", ""rho"": 1.0, ""gain"": -3.552713678800501e-15}, {""block"": ""star_ris"", ""rho"": 2.0, ""gain"": 0.15876999967001026}, {""block"": ""rsma"", ""rho"": 1.0, ""gain"": 0.0}, {""block"": ""star_ris"", ""rho"": 64.0, ""gain"": 0.004186060314957274}, {""block"": ""rsma"", ""rho"": 1.0, ""gain"": 0.0}, {""block"": ""star_ris"", ""rho"": 16.0, ""gain"": 0.0018417578381075828}]",{},2313.138657,eb978e84730de4cf1e0579ad9e17edb700c67ba6eceac89d1fe3698763a419f7,fc61d5cda7da39530055bae9bd0e92865f995cd9,4e84455d08cacd9f85c432f7838c3be2cb0f000b55edc3487c6dee9520cc0b63
ao_sca,96,10000,540,test,19.506341071253715,19.506341071253715,1.0,True,0.0,18,10752,33,ao_sca_proximal_physical,analytical_ris_equal_allocation,"[1.8380097504707547, 18.7955428866241, 18.80925228324975, 18.879597111326795, 18.8844937448848, 19.132559892521904, 19.154995587424157, 19.179325999522923, 19.21488275609361, 19.265348186879205, 19.268139594884342, 19.403767504672267, 19.411927638517806, 19.41814760743484, 19.46050647158411, 19.473205807610057, 19.49125929477748, 19.50451159732509, 19.506341071253715]","[{""block"": ""rsma"", ""rho"": 1.0, ""gain"": 16.838201359134583}, {""block"": ""star_ris"", ""rho"": 4.0, ""gain"": 0.11933177701876474}, {""block"": ""rsma"", ""rho"": 1.0, ""gain"": 0.0}, {""block"": ""star_ris"", ""rho"": 32.0, ""gain"": 0.013709396625650072}, {""block"": ""rsma"", ""rho"": 1.0, ""gain"": 3.552713678800501e-15}, {""block"": ""star_ris"", ""rho"": 1.0, ""gain"": 0.07034482807704023}, {""block"": ""rsma"", ""rho"": 1.0, ""gain"": 0.0}, {""block"": ""star_ris"", ""rho"": 1.0, ""gain"": 0.004896633558004737}, {""block"": ""rsma"", ""rho"": 1.0, ""gain"": 0.0}, {""block"": ""star_ris"", ""rho"": 1.0, ""gain"": 0.248066147637104}, {""block"": ""rsma"", ""rho"": 1.0, ""gain"": 0.0}, {""block"": ""star_ris"", ""rho"": 1.0, ""gain"": 0.022435694902252834}, {""block"": ""rsma"", ""rho"": 1.0, ""gain"": 3.552713678800501e-15}, {""block"": ""star_ris"", ""rho"": 1.0, ""gain"": 0.024330412098763077}, {""block"": ""rsma"", ""rho"": 1.0, ""gain"": 0.0}, {""block"": ""star_ris"", ""rho"": 2.0, ""gain"": 0.03555675657068491}, {""block"": ""rsma"", ""rho"": 1.0, ""gain"": 0.0}, {""block"": ""star_ris"", ""rho"": 1.0, ""gain"": 0.05046543078559651}, {""block"": ""rsma"", ""rho"": 1.0, ""gain"": -3.552713678800501e-15}, {""block"": ""star_ris"", ""rho"": 2.0, ""gain"": 0.002791408005140994}, {""block"": ""rsma"", ""rho"": 1.0, ""gain"": 3.552713678800501e-15}, {""block"": ""star_ris"", ""rho"": 1.0, ""gain"": 0.13562790978792094}, {""block"": ""rsma"", ""rho"": 1.0, ""gain"": 3.552713678800501e-15}, {""block"": ""star_ris"", ""rho"": 4.0, ""gain"": 0.00816013384553571}, {""block"": ""rsma"", ""rho"": 1.0, ""gain"": 0.0}, {""block"": ""star_ris"", ""rho"": 2.0, ""gain"": 0.006219968917033469}, {""block"": ""rsma"", ""rho"": 1.0, ""gain"": 0.0}, {""block"": ""star_ris"", ""rho"": 2.0, ""gain"": 0.04235886414927137}, {""block"": ""rsma"", ""rho"": 1.0, ""gain"": 0.0}, {""block"": ""star_ris"", ""rho"": 4.0, ""gain"": 0.012699336025946195}, {""block"": ""rsma"", ""rho"": 1.0, ""gain"": 0.0}, {""block"": ""star_ris"", ""rho"": 4.0, ""gain"": 0.018053487167421167}, {""block"": ""rsma"", ""rho"": 1.0, ""gain"": 0.0}, {""block"": ""star_ris"", ""rho"": 2.0, ""gain"": 0.013252302547613226}, {""block"": ""rsma"", ""rho"": 1.0, ""gain"": 0.0}, {""block"": ""star_ris"", ""rho"": 32.0, ""gain"": 0.0018294739286233153}]",{},6123.493508,eb978e84730de4cf1e0579ad9e17edb700c67ba6eceac89d1fe3698763a419f7,fc61d5cda7da39530055bae9bd0e92865f995cd9,4e84455d08cacd9f85c432f7838c3be2cb0f000b55edc3487c6dee9520cc0b63
ao_sca,96,10000,541,test,18.5540273807956,18.5540273807956,1.0,True,0.0,9,5382,18,ao_sca_proximal_physical,analytical_ris_equal_allocation,"[1.8379797972912713, 17.85678580330899, 17.895662538072973, 17.900403703669866, 18.279206707664542, 18.428996203963816, 18.490309807712492, 18.50414844138492, 18.553875717659736, 18.554027380795596]","[{""block"": ""rsma"", ""rho"": 1.0, ""gain"": 15.93636783003727}, {""block"": ""star_ris"", ""rho"": 8.0, ""gain"": 0.08243817598044956}, {""block"": ""rsma"", ""rho"": 1.0, ""gain"": 0.0}, {""block"": ""star_ris"", ""rho"": 16.0, ""gain"": 0.03887673476398135}, {""block"": ""rsma"", ""rho"": 1.0, ""gain"": -3.552713678800501e-15}, {""block"": ""star_ris"", ""rho"": 128.0, ""gain"": 0.00474116559689719}, {""block"": ""rsma"", ""rho"": 1.0, ""gain"": -7.105427357601002e-15}, {""block"": ""star_ris"", ""rho"": 1.0, ""gain"": 0.37880300399468325}, {""block"": ""rsma"", ""rho"": 1.0, ""gain"": 0.0}, {""block"": ""star_ris"", ""rho"": 1.0, ""gain"": 0.14978949629927385}, {""block"": ""rsma"", ""rho"": 1.0, ""gain"": 3.552713678800501e-15}, {""block"": ""star_ris"", ""rho"": 1.0, ""gain"": 0.06131360374867256}, {""block"": ""rsma"", ""rho"": 1.0, ""gain"": -3.552713678800501e-15}, {""block"": ""star_ris"", ""rho"": 1.0, ""gain"": 0.013838633672431655}, {""block"": ""rsma"", ""rho"": 1.0, ""gain"": 3.552713678800501e-15}, {""block"": ""star_ris"", ""rho"": 1.0, ""gain"": 0.04972727627481177}, {""block"": ""rsma"", ""rho"": 1.0, ""gain"": 0.0}, {""block"": ""star_ris"", ""rho"": 8.0, ""gain"": 0.00015166313585979196}]",{},3058.902668,eb978e84730de4cf1e0579ad9e17edb700c67ba6eceac89d1fe3698763a419f7,fc61d5cda7da39530055bae9bd0e92865f995cd9,4e84455d08cacd9f85c432f7838c3be2cb0f000b55edc3487c6dee9520cc0b63
ao_sca,96,10000,542,test,18.82796298841963,18.82796298841963,1.0,True,0.0,13,7792,25,ao_sca_proximal_physical,analytical_ris_equal_allocation,"[1.8379838690171373, 17.598281824851515, 17.6180184946424, 17.91244478933358, 18.035277387533306, 18.063901967109715, 18.473494721938795, 18.51460880610512, 18.5404542274574, 18.73022794140043, 18.764305112663827, 18.781008239922738, 18.826460038655004, 18.82796298841963]","[{""block"": ""rsma"", ""rho"": 1.0, ""gain"": 15.71979775650863}, {""block"": ""star_ris"", ""rho"": 32.0, ""gain"": 0.040500199325748554}, {""block"": ""rsma"", ""rho"": 1.0, ""gain"": 0.0}, {""block"": ""star_ris"", ""rho"": 64.0, ""gain"": 0.019736669790884065}, {""block"": ""rsma"", ""rho"": 1.0, ""gain"": -3.552713678800501e-15}, {""block"": ""star_ris"", ""rho"": 4.0, ""gain"": 0.29442629469118486}, {""block"": ""rsma"", ""rho"": 1.0, ""gain"": 0.0}, {""block"": ""star_ris"", ""rho"": 8.0, ""gain"": 0.12283259819972514}, {""block"": ""rsma"", ""rho"": 1.0, ""gain"": 0.0}, {""block"": ""star_ris"", ""rho"": 32.0, ""gain"": 0.02862457957640885}, {""block"": ""rsma"", ""rho"": 1.0, ""gain"": 0.0}, {""block"": ""star_ris"", ""rho"": 2.0, ""gain"": 0.409592754829081}, {""block"": ""rsma"", ""rho"": 1.0, ""gain"": 0.0}, {""block"": ""star_ris"", ""rho"": 16.0, ""gain"": 0.041114084166324005}, {""block"": ""rsma"", ""rho"": 1.0, ""gain"": 0.0}, {""block"": ""star_ris"", ""rho"": 2.0, ""gain"": 0.02584542135227963}, {""block"": ""rsma"", ""rho"": 1.0, ""gain"": -3.552713678800501e-15}, {""block"": ""star_ris"", ""rho"": 2.0, ""gain"": 0.18977371394303333}, {""block"": ""rsma"", ""rho"": 1.0, ""gain"": 0.0}, {""block"": ""star_ris"", ""rho"": 16.0, ""gain"": 0.03407717126339804}, {""block"": ""rsma"", ""rho"": 1.0, ""gain"": 7.105427357601002e-15}, {""block"": ""star_ris"", ""rho"": 32.0, ""gain"": 0.01670312725890355}, {""block"": ""rsma"", ""rho"": 1.0, ""gain"": 0.0}, {""block"": ""star_ris"", ""rho"": 2.0, ""gain"": 0.04545179873226601}, {""block"": ""rsma"", ""rho"": 1.0, ""gain"": 0.0}, {""block"": ""star_ris"", ""rho"": 32.0, ""gain"": 0.001502949764624617}]",{},4427.288274,eb978e84730de4cf1e0579ad9e17edb700c67ba6eceac89d1fe3698763a419f7,fc61d5cda7da39530055bae9bd0e92865f995cd9,4e84455d08cacd9f85c432f7838c3be2cb0f000b55edc3487c6dee9520cc0b63
ao_sca,96,10000,543,test,19.292909024554405,19.292909024554405,1.0,True,0.0,19,11353,31,ao_sca_proximal_physical,analytical_ris_equal_allocation,"[1.8380036915915887, 18.685518816601828, 18.692704411801834, 18.706244342724588, 18.84041918351157, 18.885312216711554, 18.95918310496174, 19.036256590206357, 19.084993002865062, 19.127048288105442, 19.129336866530632, 19.133877969453657, 19.140062690637283, 19.16126960181004, 19.18107928607003, 19.195051463116357, 19.216512582523478, 19.235238667795876, 19.29290887344984, 19.292909024554405]","[{""block"": ""rsma"", ""rho"": 1.0, ""gain"": 16.828844806024172}, {""block"": ""star_ris"", ""rho"": 4.0, ""gain"": 0.01867031898606797}, {""block"": ""rsma"", ""rho"": 1.0, ""gain"": 0.0}, {""block"": ""star_ris"", ""rho"": 1.0, ""gain"": 0.007185595200006389}, {""block"": ""rsma"", ""rho"": 1.0, ""gain"": 0.0}, {""block"": ""star_ris"", ""rho"": 2.0, ""gain"": 0.01353993092275374}, {""block"": ""rsma"", ""rho"": 1.0, ""gain"": 0.0}, {""block"": ""star_ris"", ""rho"": 1.0, ""gain"": 0.13417484078698294}, {""block"": ""rsma"", ""rho"": 1.0, ""gain"": 0.0}, {""block"": ""star_ris"", ""rho"": 1.0, ""gain"": 0.04489303319998328}, {""block"": ""rsma"", ""rho"": 1.0, ""gain"": 0.0}, {""block"": ""star_ris"", ""rho"": 1.0, ""gain"": 0.07387088825018395}, {""block"": ""rsma"", ""rho"": 1.0, ""gain"": 0.0}, {""block"": ""star_ris"", ""rho"": 4.0, ""gain"": 0.07707348524461821}, {""block"": ""rsma"", ""rho"": 1.0, ""gain"": -3.552713678800501e-15}, {""block"": ""star_ris"", ""rho"": 1.0, ""gain"": 0.04873641265870887}, {""block"": ""rsma"", ""rho"": 1.0, ""gain"": 0.0}, {""block"": ""star_ris"", ""rho"": 8.0, ""gain"": 0.04205528524038016}, {""block"": ""rsma"", ""rho"": 1.0, ""gain"": 0.0}, {""block"": ""star_ris"", ""rho"": 32.0, ""gain"": 0.0022885784251904795}, {""block"": ""rsma"", ""rho"": 1.0, ""gain"": -3.552713678800501e-15}, {""block"": ""star_ris"", ""rho"": 16.0, ""gain"": 0.0045411029230280064}, {""block"": ""rsma"", ""rho"": 1.0, ""gain"": 0.0}, {""block"": ""star_ris"", ""rho"": 8.0, ""gain"": 0.006184721183625896}, {""block"": ""rsma"", ""rho"": 1.0, ""gain"": 0.0}, {""block"": ""star_ris"", ""rho"": 4.0, ""gain"": 0.02120691117275797}, {""block"": ""rsma"", ""rho"": 1.0, ""gain"": 0.0}, {""block"": ""star_ris"", ""rho"": 2.0, ""gain"": 0.019809684259989524}, {""block"": ""rsma"", ""rho"": 1.0, ""gain"": 0.0}, {""block"": ""star_ris"", ""rho"": 2.0, ""gain"": 0.013972177046326806}, {""block"": ""rsma"", ""rho"": 1.0, ""gain"": 0.0}, {""block"": ""star_ris"", ""rho"": 2.0, ""gain"": 0.021461119407121032}, {""block"": ""rsma"", ""rho"": 1.0, ""gain"": 0.0}, {""block"": ""star_ris"", ""rho"": 2.0, ""gain"": 0.018726085272398052}, {""block"": ""rsma"", ""rho"": 1.0, ""gain"": 3.552713678800501e-15}, {""block"": ""star_ris"", ""rho"": 2.0, ""gain"": 0.05767020565395953}, {""block"": ""rsma"", ""rho"": 1.0, ""gain"": -3.552713678800501e-15}, {""block"": ""star_ris"", ""rho"": 2.0, ""gain"": 1.5110456885736312e-07}]",{},6458.910413,eb978e84730de4cf1e0579ad9e17edb700c67ba6eceac89d1fe3698763a419f7,fc61d5cda7da39530055bae9bd0e92865f995cd9,4e84455d08cacd9f85c432f7838c3be2cb0f000b55edc3487c6dee9520cc0b63
ao_sca,96,10000,544,test,18.55756609351254,18.55756609351254,1.0,True,0.0,18,10781,31,ao_sca_proximal_physical,analytical_ris_equal_allocation,"[1.8379781992631543, 17.939158005620786, 18.107113276154855, 18.182882888369306, 18.191991270265444, 18.296789546335916, 18.323691567351446, 18.325656778454885, 18.350154338199047, 18.414794121094353, 18.4306227328997, 18.44458400378449, 18.464817740427584, 18.503337673975924, 18.508567587070132, 18.52423886614531, 18.53008184927146, 18.55666745745576, 18.55756609351254]","[{""block"": ""rsma"", ""rho"": 1.0, ""gain"": 15.656370581827744}, {""block"": ""star_ris"", ""rho"": 2.0, ""gain"": 0.44480922452988736}, {""block"": ""rsma"", ""rho"": 1.0, ""gain"": 3.552713678800501e-15}, {""block"": ""star_ris"", ""rho"": 4.0, ""gain"": 0.16795527053406545}, {""block"": ""rsma"", ""rho"": 1.0, ""gain"": 0.0}, {""block"": ""star_ris"", ""rho"": 8.0, ""gain"": 0.07576961221445089}, {""block"": ""rsma"", ""rho"": 1.0, ""gain"": 0.0}, {""block"": ""star_ris"", ""rho"": 64.0, ""gain"": 0.009108381896137274}, {""block"": ""rsma"", ""rho"": 1.0, ""gain"": 0.0}, {""block"": ""star_ris"", ""rho"": 4.0, ""gain"": 0.10479827607047199}, {""block"": ""rsma"", ""rho"": 1.0, ""gain"": 0.0}, {""block"": ""star_ris"", ""rho"": 16.0, ""gain"": 0.02690202101553041}, {""block"": ""rsma"", ""rho"": 1.0, ""gain"": 0.0}, {""block"": ""star_ris"", ""rho"": 8.0, ""gain"": 0.0019652111034389463}, {""block"": ""rsma"", ""rho"": 1.0, ""gain"": 0.0}, {""block"": ""star_ris"", ""rho"": 4.0, ""gain"": 0.024497559744162345}, {""block"": ""rsma"", ""rho"": 1.0, ""gain"": 3.552713678800501e-15}, {""block"": ""star_ris"", ""rho"": 8.0, ""gain"": 0.06463978289530203}, {""block"": ""rsma"", ""rho"": 1.0, ""gain"": 0.0}, {""block"": ""star_ris"", ""rho"": 32.0, ""gain"": 0.01582861180534678}, {""block"": ""rsma"", ""rho"": 1.0, ""gain"": 0.0}, {""block"": ""star_ris"", ""rho"": 4.0, ""gain"": 0.013961270884792043}, {""block"": ""rsma"", ""rho"": 1.0, ""gain"": 3.552713678800501e-15}, {""block"": ""star_ris"", ""rho"": 2.0, ""gain"": 0.020233736643088918}, {""block"": ""rsma"", ""rho"": 1.0, ""gain"": 0.0}, {""block"": ""star_ris"", ""rho"": 2.0, ""gain"": 0.038519933548339935}, {""block"": ""rsma"", ""rho"": 1.0, ""gain"": 3.552713678800501e-15}, {""block"": ""star_ris"", ""rho"": 1.0, ""gain"": 0.005229913094204619}, {""block"": ""rsma"", ""rho"": 1.0, ""gain"": 0.0}, {""block"": ""star_ris"", ""rho"": 16.0, ""gain"": 0.01567127907517829}, {""block"": ""rsma"", ""rho"": 1.0, ""gain"": -7.105427357601002e-15}, {""block"": ""star_ris"", ""rho"": 16.0, ""gain"": 0.005842983126157719}, {""block"": ""rsma"", ""rho"": 1.0, ""gain"": 7.105427357601002e-15}, {""block"": ""star_ris"", ""rho"": 16.0, ""gain"": 0.026585608184291232}, {""block"": ""rsma"", ""rho"": 1.0, ""gain"": 3.552713678800501e-15}, {""block"": ""star_ris"", ""rho"": 32.0, ""gain"": 0.0008986360567782015}]",{},6059.947378,eb978e84730de4cf1e0579ad9e17edb700c67ba6eceac89d1fe3698763a419f7,fc61d5cda7da39530055bae9bd0e92865f995cd9,4e84455d08cacd9f85c432f7838c3be2cb0f000b55edc3487c6dee9520cc0b63
ao_sca,96,10000,545,test,18.676245569062445,18.676245569062445,1.0,True,0.0,2,1193,4,ao_sca_proximal_physical,analytical_ris_equal_allocation,"[1.8379947658334947, 18.675244097591946, 18.676245569062445]","[{""block"": ""rsma"", ""rho"": 1.0, ""gain"": 16.255056345619817}, {""block"": ""star_ris"", ""rho"": 1.0, ""gain"": 0.582192986138633}, {""block"": ""rsma"", ""rho"": 1.0, ""gain"": 0.0}, {""block"": ""star_ris"", ""rho"": 1.0, ""gain"": 0.0010014714704986716}]",{},671.719037,eb978e84730de4cf1e0579ad9e17edb700c67ba6eceac89d1fe3698763a419f7,fc61d5cda7da39530055bae9bd0e92865f995cd9,4e84455d08cacd9f85c432f7838c3be2cb0f000b55edc3487c6dee9520cc0b63
ao_sca,96,10000,546,test,18.66079331051677,18.66079331051677,1.0,True,0.0,14,8387,25,ao_sca_proximal_physical,analytical_ris_equal_allocation,"[1.8379655846499092, 17.977201686180162, 18.15264116981632, 18.176546186376452, 18.207078762001373, 18.3218751852313, 18.339138598481718, 18.3476708231863, 18.35191268480172, 18.553362120273896, 18.58975695313935, 18.633038297650515, 18.64621607143453, 18.660013313704745, 18.660793310516766]","[{""block"": ""rsma"", ""rho"": 1.0, ""gain"": 15.610515863522926}, {""block"": ""star_ris"", ""rho"": 2.0, ""gain"": 0.5287202380073275}, {""block"": ""rsma"", ""rho"": 1.0, ""gain"": 0.0}, {""block"": ""star_ris"", ""rho"": 4.0, ""gain"": 0.1754394836361577}, {""block"": ""rsma"", ""rho"": 1.0, ""gain"": 0.0}, {""block"": ""star_ris"", ""rho"": 1.0, ""gain"": 0.023905016560131997}, {""block"": ""rsma"", ""rho"": 1.0, ""gain"": -3.552713678800501e-15}, {""block"": ""star_ris"", ""rho"": 8.0, ""gain"": 0.03053257562492462}, {""block"": ""rsma"", ""rho"": 1.0, ""gain"": 0.0}, {""block"": ""star_ris"", ""rho"": 2.0, ""gain"": 0.11479642322992589}, {""block"": ""rsma"", ""rho"": 1.0, ""gain"": 0.0}, {""block"": ""star_ris"", ""rho"": 32.0, ""gain"": 0.01726341325041858}, {""block"": ""rsma"", ""rho"": 1.0, ""gain"": -3.552713678800501e-15}, {""block"": ""star_ris"", ""rho"": 64.0, ""gain"": 0.008532224704584479}, {""block"": ""rsma"", ""rho"": 1.0, ""gain"": 0.0}, {""block"": ""star_ris"", ""rho"": 128.0, ""gain"": 0.004241861615422948}, {""block"": ""rsma"", ""rho"": 1.0, ""gain"": 0.0}, {""block"": ""star_ris"", ""rho"": 2.0, ""gain"": 0.2014494354721741}, {""block"": ""rsma"", ""rho"": 1.0, ""gain"": 0.0}, {""block"": ""star_ris"", ""rho"": 4.0, ""gain"": 0.03639483286545442}, {""block"": ""rsma"", ""rho"": 1.0, ""gain"": -3.552713678800501e-15}, {""block"": ""star_ris"", ""rho"": 1.0, ""gain"": 0.043281344511168385}, {""block"": ""rsma"", ""rho"": 1.0, ""gain"": 0.0}, {""block"": ""star_ris"", ""rho"": 16.0, ""gain"": 0.0131777737840153}, {""block"": ""rsma"", ""rho"": 1.0, ""gain"": 3.552713678800501e-15}, {""block"": ""star_ris"", ""rho"": 32.0, ""gain"": 0.013797242270211285}, {""block"": ""rsma"", ""rho"": 1.0, ""gain"": 0.0}, {""block"": ""star_ris"", ""rho"": 32.0, ""gain"": 0.000779996812021011}]",{},4627.708612,eb978e84730de4cf1e0579ad9e17edb700c67ba6eceac89d1fe3698763a419f7,fc61d5cda7da39530055bae9bd0e92865f995cd9,4e84455d08cacd9f85c432f7838c3be2cb0f000b55edc3487c6dee9520cc0b63
ao_sca,96,10000,547,test,18.343750801929925,18.343750801929925,1.0,True,0.0,8,4804,12,ao_sca_proximal_physical,analytical_ris_equal_allocation,"[1.8379837064867623, 18.206421732358173, 18.246590771551706, 18.251486237331793, 18.315119001792187, 18.31731413954103, 18.33478907648759, 18.343401976701596, 18.343750801929925]","[{""block"": ""rsma"", ""rho"": 1.0, ""gain"": 16.187585507518165}, {""block"": ""star_ris"", ""rho"": 4.0, ""gain"": 0.18085251835324456}, {""block"": ""rsma"", ""rho"": 1.0, ""gain"": 0.0}, {""block"": ""star_ris"", ""rho"": 16.0, ""gain"": 0.04016903919353254}, {""block"": ""rsma"", ""rho"": 1.0, ""gain"": -3.552713678800501e-15}, {""block"": ""star_ris"", ""rho"": 128.0, ""gain"": 0.004895465780091257}, {""block"": ""rsma"", ""rho"": 1.0, ""gain"": 0.0}, {""block"": ""star_ris"", ""rho"": 2.0, ""gain"": 0.06363276446039379}, {""block"": ""rsma"", ""rho"": 1.0, ""gain"": 0.0}, {""block"": ""star_ris"", ""rho"": 16.0, ""gain"": 0.0021951377488420576}, {""block"": ""rsma"", ""rho"": 1.0, ""gain"": 0.0}, {""block"": ""star_ris"", ""rho"": 32.0, ""gain"": 0.01747493694655944}, {""block"": ""rsma"", ""rho"": 1.0, ""gain"": 0.0}, {""block"": ""star_ris"", ""rho"": 64.0, ""gain"": 0.008612900214007624}, {""block"": ""rsma"", ""rho"": 1.0, ""gain"": 3.552713678800501e-15}, {""block"": ""star_ris"", ""rho"": 64.0, ""gain"": 0.0003488252283254667}]",{},2637.556841,eb978e84730de4cf1e0579ad9e17edb700c67ba6eceac89d1fe3698763a419f7,fc61d5cda7da39530055bae9bd0e92865f995cd9,4e84455d08cacd9f85c432f7838c3be2cb0f000b55edc3487c6dee9520cc0b63
ao_sca,96,10000,548,test,18.7668374887529,18.7668374887529,1.0,True,0.0,4,2392,8,ao_sca_proximal_physical,analytical_ris_equal_allocation,"[1.8380000744885163, 18.112595228273033, 18.157271971952593, 18.765124688362288, 18.7668374887529]","[{""block"": ""rsma"", ""rho"": 1.0, ""gain"": 16.17116480281838}, {""block"": ""star_ris"", ""rho"": 8.0, ""gain"": 0.10343035096613562}, {""block"": ""rsma"", ""rho"": 1.0, ""gain"": -3.552713678800501e-15}, {""block"": ""star_ris"", ""rho"": 16.0, ""gain"": 0.0446767436795632}, {""block"": ""rsma"", ""rho"": 1.0, ""gain"": 0.0}, {""block"": ""star_ris"", ""rho"": 1.0, ""gain"": 0.6078527164096954}, {""block"": ""rsma"", ""rho"": 1.0, ""gain"": 0.0}, {""block"": ""star_ris"", ""rho"": 1.0, ""gain"": 0.0017128003906101696}]",{},1316.180012,eb978e84730de4cf1e0579ad9e17edb700c67ba6eceac89d1fe3698763a419f7,fc61d5cda7da39530055bae9bd0e92865f995cd9,4e84455d08cacd9f85c432f7838c3be2cb0f000b55edc3487c6dee9520cc0b63
ao_sca,96,10000,549,test,18.536220988449177,18.536220988449177,1.0,True,0.0,7,4195,13,ao_sca_proximal_physical,analytical_ris_equal_allocation,"[1.8379885064322417, 18.34363620572995, 18.436211419131165, 18.494457211059665, 18.522421496564785, 18.531791203296866, 18.5359015408104, 18.536220988449177]","[{""block"": ""rsma"", ""rho"": 1.0, ""gain"": 16.35881232072876}, {""block"": ""star_ris"", ""rho"": 2.0, ""gain"": 0.14683537856894802}, {""block"": ""rsma"", ""rho"": 1.0, ""gain"": 0.0}, {""block"": ""star_ris"", ""rho"": 1.0, ""gain"": 0.092575213401215}, {""block"": ""rsma"", ""rho"": 1.0, ""gain"": 0.0}, {""block"": ""star_ris"", ""rho"": 8.0, ""gain"": 0.0582457919284991}, {""block"": ""rsma"", ""rho"": 1.0, ""gain"": 0.0}, {""block"": ""star_ris"", ""rho"": 16.0, ""gain"": 0.027964285505120756}, {""block"": ""rsma"", ""rho"": 1.0, ""gain"": 0.0}, {""block"": ""star_ris"", ""rho"": 32.0, ""gain"": 0.009369706732080374}, {""block"": ""rsma"", ""rho"": 1.0, ""gain"": 0.0}, {""block"": ""star_ris"", ""rho"": 128.0, ""gain"": 0.00411033751353429}, {""block"": ""rsma"", ""rho"": 1.0, ""gain"": 7.105427357601002e-15}, {""block"": ""star_ris"", ""rho"": 4.0, ""gain"": 0.00031944763876978755}]",{},2363.497324,eb978e84730de4cf1e0579ad9e17edb700c67ba6eceac89d1fe3698763a419f7,fc61d5cda7da39530055bae9bd0e92865f995cd9,4e84455d08cacd9f85c432f7838c3be2cb0f000b55edc3487c6dee9520cc0b63
ao_sca,96,10000,550,test,19.399540772782903,19.399540772782903,1.0,True,0.0,14,8367,27,ao_sca_proximal_physical,analytical_ris_equal_allocation,"[1.83800336444914, 18.551539225543607, 18.56044813385669, 18.921951091046104, 19.03221236164298, 19.043814947939023, 19.124854791190813, 19.13523976044686, 19.172069443141673, 19.177590920713243, 19.2170591754914, 19.235805854686873, 19.383495672689172, 19.39926712205481, 19.399540772782906]","[{""block"": ""rsma"", ""rho"": 1.0, ""gain"": 16.35600971425773}, {""block"": ""star_ris"", ""rho"": 2.0, ""gain"": 0.35752614683673656}, {""block"": ""rsma"", ""rho"": 1.0, ""gain"": 0.0}, {""block"": ""star_ris"", ""rho"": 64.0, ""gain"": 0.008908908313081554}, {""block"": ""rsma"", ""rho"": 1.0, ""gain"": 0.0}, {""block"": ""star_ris"", ""rho"": 1.0, ""gain"": 0.3615029571894155}, {""block"": ""rsma"", ""rho"": 1.0, ""gain"": 0.0}, {""block"": ""star_ris"", ""rho"": 1.0, ""gain"": 0.11026127059687596}, {""block"": ""rsma"", ""rho"": 1.0, ""gain"": 0.0}, {""block"": ""star_ris"", ""rho"": 2.0, ""gain"": 0.011602586296042716}, {""block"": ""rsma"", ""rho"": 1.0, ""gain"": 0.0}, {""block"": ""star_ris"", ""rho"": 1.0, ""gain"": 0.0810398432517907}, {""block"": ""rsma"", ""rho"": 1.0, ""gain"": 0.0}, {""block"": ""star_ris"", ""rho"": 16.0, ""gain"": 0.010384969256048038}, {""block"": ""rsma"", ""rho"": 1.0, ""gain"": 3.552713678800501e-15}, {""block"": ""star_ris"", ""rho"": 2.0, ""gain"": 0.03682968269480824}, {""block"": ""rsma"", ""rho"": 1.0, ""gain"": 0.0}, {""block"": ""star_ris"", ""rho"": 2.0, ""gain"": 0.005521477571569733}, {""block"": ""rsma"", ""rho"": 1.0, ""gain"": -3.552713678800501e-15}, {""block"": ""star_ris"", ""rho"": 1.0, ""gain"": 0.03946825477816063}, {""block"": ""rsma"", ""rho"": 1.0, ""gain"": 7.105427357601002e-15}, {""block"": ""star_ris"", ""rho"": 1.0, ""gain"": 0.018746679195466243}, {""block"": ""rsma"", ""rho"": 1.0, ""gain"": 0.0}, {""block"": ""star_ris"", ""rho"": 1.0, ""gain"": 0.14768981800229852}, {""block"": ""rsma"", ""rho"": 1.0, ""gain"": 0.0}, {""block"": ""star_ris"", ""rho"": 2.0, ""gain"": 0.015771449365637125}, {""block"": ""rsma"", ""rho"": 1.0, ""gain"": 0.0}, {""block"": ""star_ris"", ""rho"": 128.0, ""gain"": 0.0002736507280971523}]",{},4505.26687,eb978e84730de4cf1e0579ad9e17edb700c67ba6eceac89d1fe3698763a419f7,fc61d5cda7da39530055bae9bd0e92865f995cd9,4e84455d08cacd9f85c432f7838c3be2cb0f000b55edc3487c6dee9520cc0b63
ao_sca,96,10000,551,test,19.058219275304616,19.058219275304616,1.0,True,0.0,9,5376,17,ao_sca_proximal_physical,analytical_ris_equal_allocation,"[1.8380060148046966, 18.723533602804338, 18.765739029852895, 18.924632050227157, 18.927173586929612, 18.952722803294925, 18.985216006438336, 19.055943041936967, 19.057991529041875, 19.058219275304616]","[{""block"": ""rsma"", ""rho"": 1.0, ""gain"": 16.828650207383667}, {""block"": ""star_ris"", ""rho"": 1.0, ""gain"": 0.056877380615972584}, {""block"": ""rsma"", ""rho"": 1.0, ""gain"": 0.0}, {""block"": ""star_ris"", ""rho"": 2.0, ""gain"": 0.04220542704855745}, {""block"": ""rsma"", ""rho"": 1.0, ""gain"": 0.0}, {""block"": ""star_ris"", ""rho"": 1.0, ""gain"": 0.15889302037426134}, {""block"": ""rsma"", ""rho"": 1.0, ""gain"": 0.0}, {""block"": ""star_ris"", ""rho"": 4.0, ""gain"": 0.0025415367024557156}, {""block"": ""rsma"", ""rho"": 1.0, ""gain"": 0.0}, {""block"": ""star_ris"", ""rho"": 2.0, ""gain"": 0.025549216365313043}, {""block"": ""rsma"", ""rho"": 1.0, ""gain"": 0.0}, {""block"": ""star_ris"", ""rho"": 2.0, ""gain"": 0.0324932031434102}, {""block"": ""rsma"", ""rho"": 1.0, ""gain"": 0.0}, {""block"": ""star_ris"", ""rho"": 1.0, ""gain"": 0.07072703549863135}, {""block"": ""rsma"", ""rho"": 1.0, ""gain"": 0.0}, {""block"": ""star_ris"", ""rho"": 4.0, ""gain"": 0.0020484871049077924}, {""block"": ""rsma"", ""rho"": 1.0, ""gain"": -3.552713678800501e-15}, {""block"": ""star_ris"", ""rho"": 16.0, ""gain"": 0.000227746262744688}]",{},2937.70983,eb978e84730de4cf1e0579ad9e17edb700c67ba6eceac89d1fe3698763a419f7,fc61d5cda7da39530055bae9bd0e92865f995cd9,4e84455d08cacd9f85c432f7838c3be2cb0f000b55edc3487c6dee9520cc0b63
ao_sca,96,10000,552,test,18.821182137714917,18.821182137714917,1.0,True,0.0,11,6570,19,ao_sca_proximal_physical,analytical_ris_equal_allocation,"[1.8379810807205672, 18.110065363859164, 18.128007148024352, 18.559217719059475, 18.585394939753044, 18.59650250008208, 18.599033510865894, 18.630709418295865, 18.649132916434148, 18.72865888427474, 18.8203067587249, 18.821182137714914]","[{""block"": ""rsma"", ""rho"": 1.0, ""gain"": 15.911436606451346}, {""block"": ""star_ris"", ""rho"": 2.0, ""gain"": 0.3606476766872504}, {""block"": ""rsma"", ""rho"": 1.0, ""gain"": -7.105427357601002e-15}, {""block"": ""star_ris"", ""rho"": 32.0, ""gain"": 0.01794178416519543}, {""block"": ""rsma"", ""rho"": 1.0, ""gain"": 0.0}, {""block"": ""star_ris"", ""rho"": 1.0, ""gain"": 0.4312105710351233}, {""block"": ""rsma"", ""rho"": 1.0, ""gain"": 7.105427357601002e-15}, {""block"": ""star_ris"", ""rho"": 1.0, ""gain"": 0.026177220693561765}, {""block"": ""rsma"", ""rho"": 1.0, ""gain"": 0.0}, {""block"": ""star_ris"", ""rho"": 4.0, ""gain"": 0.01110756032903737}, {""block"": ""rsma"", ""rho"": 1.0, ""gain"": -3.552713678800501e-15}, {""block"": ""star_ris"", ""rho"": 4.0, ""gain"": 0.0025310107838159013}, {""block"": ""rsma"", ""rho"": 1.0, ""gain"": 0.0}, {""block"": ""star_ris"", ""rho"": 1.0, ""gain"": 0.03167590742997106}, {""block"": ""rsma"", ""rho"": 1.0, ""gain"": 0.0}, {""block"": ""star_ris"", ""rho"": 2.0, ""gain"": 0.018423498138282923}, {""block"": ""rsma"", ""rho"": 1.0, ""gain"": 0.0}, {""block"": ""star_ris"", ""rho"": 1.0, ""gain"": 0.07952596784059196}, {""block"": ""rsma"", ""rho"": 1.0, ""gain"": 0.0}, {""block"": ""star_ris"", ""rho"": 1.0, ""gain"": 0.09164787445016032}, {""block"": ""rsma"", ""rho"": 1.0, ""gain"": 3.552713678800501e-15}, {""block"": ""star_ris"", ""rho"": 4.0, ""gain"": 0.0008753789900097786}]",{},3674.44128,eb978e84730de4cf1e0579ad9e17edb700c67ba6eceac89d1fe3698763a419f7,fc61d5cda7da39530055bae9bd0e92865f995cd9,4e84455d08cacd9f85c432f7838c3be2cb0f000b55edc3487c6dee9520cc0b63
ao_sca,96,10000,553,test,18.52435078833236,18.52435078833236,1.0,True,0.0,20,11970,35,ao_sca_proximal_physical,analytical_ris_equal_allocation,"[1.8379586661973935, 17.5176453904829, 17.54564993551201, 17.559390973856207, 17.767650312021292, 17.850570963057052, 17.852573609784212, 17.874172268756798, 17.884822826828415, 17.890111846311573, 17.997954029626456, 18.03925202166262, 18.272944510179954, 18.376462530258618, 18.37871168259332, 18.414870875065375, 18.43681279189448, 18.47119127564244, 18.503219120097583, 18.50621537564898, 18.524350788332356]","[{""block"": ""rsma"", ""rho"": 1.0, ""gain"": 15.558802656051673}, {""block"": ""star_ris"", ""rho"": 8.0, ""gain"": 0.1208840682338348}, {""block"": ""rsma"", ""rho"": 1.0, ""gain"": 0.0}, {""block"": ""star_ris"", ""rho"": 32.0, ""gain"": 0.028004545029109096}, {""block"": ""rsma"", ""rho"": 1.0, ""gain"": 0.0}, {""block"": ""star_ris"", ""rho"": 64.0, ""gain"": 0.01374103834419671}, {""block"": ""rsma"", ""rho"": 1.0, ""gain"": 3.552713678800501e-15}, {""block"": ""star_ris"", ""rho"": 4.0, ""gain"": 0.2082593381650817}, {""block"": ""rsma"", ""rho"": 1.0, ""gain"": 0.0}, {""block"": ""star_ris"", ""rho"": 8.0, ""gain"": 0.08292065103576007}, {""block"": ""rsma"", ""rho"": 1.0, ""gain"": 0.0}, {""block"": ""star_ris"", ""rho"": 4.0, ""gain"": 0.0020026467271598847}, {""block"": ""rsma"", ""rho"": 1.0, ""gain"": -3.552713678800501e-15}, {""block"": ""star_ris"", ""rho"": 32.0, ""gain"": 0.02159865897258939}, {""block"": ""rsma"", ""rho"": 1.0, ""gain"": 0.0}, {""block"": ""star_ris"", ""rho"": 64.0, ""gain"": 0.01065055807161741}, {""block"": ""rsma"", ""rho"": 1.0, ""gain"": 0.0}, {""block"": ""star_ris"", ""rho"": 128.0, ""gain"": 0.005289019483157631}, {""block"": ""rsma"", ""rho"": 1.0, ""gain"": 0.0}, {""block"": ""star_ris"", ""rho"": 1.0, ""gain"": 0.10784218331488304}, {""block"": ""rsma"", ""rho"": 1.0, ""gain"": 0.0}, {""block"": ""star_ris"", ""rho"": 1.0, ""gain"": 0.04129799203616358}, {""block"": ""rsma"", ""rho"": 1.0, ""gain"": 0.0}, {""block"": ""star_ris"", ""rho"": 1.0, ""gain"": 0.2336924885173346}, {""block"": ""rsma"", ""rho"": 1.0, ""gain"": 0.0}, {""block"": ""star_ris"", ""rho"": 1.0, ""gain"": 0.1035180200786634}, {""block"": ""rsma"", ""rho"": 1.0, ""gain"": 0.0}, {""block"": ""star_ris"", ""rho"": 4.0, ""gain"": 0.0022491523347021314}, {""block"": ""rsma"", ""rho"": 1.0, ""gain"": 0.0}, {""block"": ""star_ris"", ""rho"": 1.0, ""gain"": 0.03615919247205568}, {""block"": ""rsma"", ""rho"": 1.0, ""gain"": 0.0}, {""block"": ""star_ris"", ""rho"": 4.0, ""gain"": 0.021941916829103292}, {""block"": ""rsma"", ""rho"": 1.0, ""gain"": 3.552713678800501e-15}, {""block"": ""star_ris"", ""rho"": 2.0, ""gain"": 0.03437848374795749}, {""block"": ""rsma"", ""rho"": 1.0, ""gain"": 0.0}, {""block"": ""star_ris"", ""rho"": 2.0, ""gain"": 0.032027844455143395}, {""block"": ""rsma"", ""rho"": 1.0, ""gain"": 0.0}, {""block"": ""star_ris"", ""rho"": 8.0, ""gain"": 0.0029962555513982636}, {""block"": ""rsma"", ""rho"": 1.0, ""gain"": -3.552713678800501e-15}, {""block"": ""star_ris"", ""rho"": 2.0, ""gain"": 0.01813541268337815}]",{},6519.855485,eb978e84730de4cf1e0579ad9e17edb700c67ba6eceac89d1fe3698763a419f7,fc61d5cda7da39530055bae9bd0e92865f995cd9,4e84455d08cacd9f85c432f7838c3be2cb0f000b55edc3487c6dee9520cc0b63
ao_sca,96,10000,554,test,19.05047114533041,19.05047114533041,1.0,True,0.0,16,9561,31,ao_sca_proximal_physical,analytical_ris_equal_allocation,"[1.837990031779057, 18.088066111692246, 18.0997052977949, 18.478280789135532, 18.498617515669995, 18.605342987547882, 18.72624704468364, 18.728736469694248, 18.83536072824115, 18.87067866979288, 18.8795515131756, 18.890883029258127, 18.91217417875865, 19.02539381186158, 19.046399658800624, 19.04863972279512, 19.05047114533041]","[{""block"": ""rsma"", ""rho"": 1.0, ""gain"": 16.226412653610918}, {""block"": ""star_ris"", ""rho"": 32.0, ""gain"": 0.023663426302270807}, {""block"": ""rsma"", ""rho"": 1.0, ""gain"": 0.0}, {""block"": ""star_ris"", ""rho"": 64.0, ""gain"": 0.011639186102652133}, {""block"": ""rsma"", ""rho"": 1.0, ""gain"": 0.0}, {""block"": ""star_ris"", ""rho"": 1.0, ""gain"": 0.3785754913406336}, {""block"": ""rsma"", ""rho"": 1.0, ""gain"": 0.0}, {""block"": ""star_ris"", ""rho"": 1.0, ""gain"": 0.020336726534463168}, {""block"": ""rsma"", ""rho"": 1.0, ""gain"": 0.0}, {""block"": ""star_ris"", ""rho"": 1.0, ""gain"": 0.10672547187788695}, {""block"": ""rsma"", ""rho"": 1.0, ""gain"": 3.552713678800501e-15}, {""block"": ""star_ris"", ""rho"": 1.0, ""gain"": 0.12090405713575336}, {""block"": ""rsma"", ""rho"": 1.0, ""gain"": -3.552713678800501e-15}, {""block"": ""star_ris"", ""rho"": 2.0, ""gain"": 0.002489425010612223}, {""block"": ""rsma"", ""rho"": 1.0, ""gain"": -7.105427357601002e-15}, {""block"": ""star_ris"", ""rho"": 1.0, ""gain"": 0.10662425854690838}, {""block"": ""rsma"", ""rho"": 1.0, ""gain"": 3.552713678800501e-15}, {""block"": ""star_ris"", ""rho"": 2.0, ""gain"": 0.03531794155172818}, {""block"": ""rsma"", ""rho"": 1.0, ""gain"": 0.0}, {""block"": ""star_ris"", ""rho"": 1.0, ""gain"": 0.008872843382718543}, {""block"": ""rsma"", ""rho"": 1.0, ""gain"": 0.0}, {""block"": ""star_ris"", ""rho"": 4.0, ""gain"": 0.011331516082528026}, {""block"": ""rsma"", ""rho"": 1.0, ""gain"": 0.0}, {""block"": ""star_ris"", ""rho"": 1.0, ""gain"": 0.021291149500523687}, {""block"": ""rsma"", ""rho"": 1.0, ""gain"": 0.0}, {""block"": ""star_ris"", ""rho"": 1.0, ""gain"": 0.11321963310292915}, {""block"": ""rsma"", ""rho"": 1.0, ""gain"": 0.0}, {""block"": ""star_ris"", ""rho"": 1.0, ""gain"": 0.02100584693904395}, {""block"": ""rsma"", ""rho"": 1.0, ""gain"": 0.0}, {""block"": ""star_ris"", ""rho"": 32.0, ""gain"": 0.0022400639944955003}, {""block"": ""rsma"", ""rho"": 1.0, ""gain"": 0.0}, {""block"": ""star_ris"", ""rho"": 16.0, ""gain"": 0.001831422535289562}]",{},5162.353056,eb978e84730de4cf1e0579ad9e17edb700c67ba6eceac89d1fe3698763a419f7,fc61d5cda7da39530055bae9bd0e92865f995cd9,4e84455d08cacd9f85c432f7838c3be2cb0f000b55edc3487c6dee9520cc0b63
ao_sca,96,10000,555,test,18.989390248511995,18.989390248511995,1.0,True,0.0,3,1792,6,ao_sca_proximal_physical,analytical_ris_equal_allocation,"[1.8380080500107088, 18.802841386399805, 18.988327710862784, 18.989390248511995]","[{""block"": ""rsma"", ""rho"": 1.0, ""gain"": 16.724636506791008}, {""block"": ""star_ris"", ""rho"": 1.0, ""gain"": 0.24019682959809074}, {""block"": ""rsma"", ""rho"": 1.0, ""gain"": 3.552713678800501e-15}, {""block"": ""star_ris"", ""rho"": 1.0, ""gain"": 0.18548632446297475}, {""block"": ""rsma"", ""rho"": 1.0, ""gain"": -3.552713678800501e-15}, {""block"": ""star_ris"", ""rho"": 8.0, ""gain"": 0.0010625376492150451}]",{},969.478528,eb978e84730de4cf1e0579ad9e17edb700c67ba6eceac89d1fe3698763a419f7,fc61d5cda7da39530055bae9bd0e92865f995cd9,4e84455d08cacd9f85c432f7838c3be2cb0f000b55edc3487c6dee9520cc0b63
ao_sca,96,10000,556,test,19.107647143818024,19.107647143818024,1.0,True,0.0,10,5968,15,ao_sca_proximal_physical,analytical_ris_equal_allocation,"[1.837993690699492, 18.269649257172045, 18.66723325443035, 18.720972678111544, 18.80723205857486, 18.849648146481314, 18.854064165516032, 19.028245104314117, 19.06907825529238, 19.10737100781303, 19.107647143818024]","[{""block"": ""rsma"", ""rho"": 1.0, ""gain"": 16.373541872448765}, {""block"": ""star_ris"", ""rho"": 1.0, ""gain"": 0.0581136940237883}, {""block"": ""rsma"", ""rho"": 1.0, ""gain"": -3.552713678800501e-15}, {""block"": ""star_ris"", ""rho"": 1.0, ""gain"": 0.39758399725830884}, {""block"": ""rsma"", ""rho"": 1.0, ""gain"": 0.0}, {""block"": ""star_ris"", ""rho"": 1.0, ""gain"": 0.05373942368119344}, {""block"": ""rsma"", ""rho"": 1.0, ""gain"": 7.105427357601002e-15}, {""block"": ""star_ris"", ""rho"": 1.0, ""gain"": 0.08625938046331072}, {""block"": ""rsma"", ""rho"": 1.0, ""gain"": -3.552713678800501e-15}, {""block"": ""star_ris"", ""rho"": 1.0, ""gain"": 0.04241608790645657}, {""block"": ""rsma"", ""rho"": 1.0, ""gain"": -3.552713678800501e-15}, {""block"": ""star_ris"", ""rho"": 1.0, ""gain"": 0.00441601903472133}, {""block"": ""rsma"", ""rho"": 1.0, ""gain"": 0.0}, {""block"": ""star_ris"", ""rho"": 2.0, ""gain"": 0.17418093879808438}, {""block"": ""rsma"", ""rho"": 1.0, ""gain"": 0.0}, {""block"": ""star_ris"", ""rho"": 2.0, ""gain"": 0.04083315097826201}, {""block"": ""rsma"", ""rho"": 1.0, ""gain"": 0.0}, {""block"": ""star_ris"", ""rho"": 8.0, ""gain"": 0.03829275252065045}, {""block"": ""rsma"", ""rho"": 1.0, ""gain"": 0.0}, {""block"": ""star_ris"", ""rho"": 4.0, ""gain"": 0.00027613600499520885}]",{},3201.200275,eb978e84730de4cf1e0579ad9e17edb700c67ba6eceac89d1fe3698763a419f7,fc61d5cda7da39530055bae9bd0e92865f995cd9,4e84455d08cacd9f85c432f7838c3be2cb0f000b55edc3487c6dee9520cc0b63
ao_sca,96,10000,557,test,18.88668608321396,18.88668608321396,1.0,True,0.0,7,4181,12,ao_sca_proximal_physical,analytical_ris_equal_allocation,"[1.837980616223346, 17.98644029570779, 18.14126503776932, 18.265256449318446, 18.552268309155814, 18.73737695639516, 18.885885560745763, 18.88668608321396]","[{""block"": ""rsma"", ""rho"": 1.0, ""gain"": 15.754147655003004}, {""block"": ""star_ris"", ""rho"": 2.0, ""gain"": 0.3943120244814402}, {""block"": ""rsma"", ""rho"": 1.0, ""gain"": 0.0}, {""block"": ""star_ris"", ""rho"": 4.0, ""gain"": 0.1548247420615283}, {""block"": ""rsma"", ""rho"": 1.0, ""gain"": 0.0}, {""block"": ""star_ris"", ""rho"": 1.0, ""gain"": 0.1239914115491274}, {""block"": ""rsma"", ""rho"": 1.0, ""gain"": 3.552713678800501e-15}, {""block"": ""star_ris"", ""rho"": 1.0, ""gain"": 0.28701185983736366}, {""block"": ""rsma"", ""rho"": 1.0, ""gain"": 0.0}, {""block"": ""star_ris"", ""rho"": 1.0, ""gain"": 0.18510864723934617}, {""block"": ""rsma"", ""rho"": 1.0, ""gain"": 0.0}, {""block"": ""star_ris"", ""rho"": 1.0, ""gain"": 0.14850860435060298}, {""block"": ""rsma"", ""rho"": 1.0, ""gain"": 0.0}, {""block"": ""star_ris"", ""rho"": 32.0, ""gain"": 0.0008005224681966183}]",{},2265.776702,eb978e84730de4cf1e0579ad9e17edb700c67ba6eceac89d1fe3698763a419f7,fc61d5cda7da39530055bae9bd0e92865f995cd9,4e84455d08cacd9f85c432f7838c3be2cb0f000b55edc3487c6dee9520cc0b63
ao_sca,96,10000,558,test,18.774344676631664,18.774344676631664,1.0,True,0.0,11,6598,18,ao_sca_proximal_physical,analytical_ris_equal_allocation,"[1.837969642221925, 17.42835450200181, 17.545486159417646, 17.599851031977476, 17.62610912770173, 17.63902051426347, 17.64542334995861, 17.670081554638024, 18.349648812491093, 18.760067510667277, 18.77370566080655, 18.774344676631664]","[{""block"": ""rsma"", ""rho"": 1.0, ""gain"": 15.31081906284976}, {""block"": ""star_ris"", ""rho"": 4.0, ""gain"": 0.2795657969301253}, {""block"": ""rsma"", ""rho"": 1.0, ""gain"": 0.0}, {""block"": ""star_ris"", ""rho"": 8.0, ""gain"": 0.11713165741583609}, {""block"": ""rsma"", ""rho"": 1.0, ""gain"": 0.0}, {""block"": ""star_ris"", ""rho"": 16.0, ""gain"": 0.054364872559830246}, {""block"": ""rsma"", ""rho"": 1.0, ""gain"": 0.0}, {""block"": ""star_ris"", ""rho"": 32.0, ""gain"": 0.026258095724255526}, {""block"": ""rsma"", ""rho"": 1.0, ""gain"": 0.0}, {""block"": ""star_ris"", ""rho"": 64.0, ""gain"": 0.012911386561739846}, {""block"": ""rsma"", ""rho"": 1.0, ""gain"": 0.0}, {""block"": ""star_ris"", ""rho"": 128.0, ""gain"": 0.006402835695137554}, {""block"": ""rsma"", ""rho"": 1.0, ""gain"": 0.0}, {""block"": ""star_ris"", ""rho"": 32.0, ""gain"": 0.024658204679415263}, {""block"": ""rsma"", ""rho"": 1.0, ""gain"": 0.0}, {""block"": ""star_ris"", ""rho"": 1.0, ""gain"": 0.6795672578530692}, {""block"": ""rsma"", ""rho"": 1.0, ""gain"": -3.552713678800501e-15}, {""block"": ""star_ris"", ""rho"": 1.0, ""gain"": 0.41041869817618704}, {""block"": ""rsma"", ""rho"": 1.0, ""gain"": 0.0}, {""block"": ""star_ris"", ""rho"": 4.0, ""gain"": 0.013638150139271943}, {""block"": ""rsma"", ""rho"": 1.0, ""gain"": 0.0}, {""block"": ""star_ris"", ""rho"": 128.0, ""gain"": 0.0006390158251150524}]",{},3489.797119,eb978e84730de4cf1e0579ad9e17edb700c67ba6eceac89d1fe3698763a419f7,fc61d5cda7da39530055bae9bd0e92865f995cd9,4e84455d08cacd9f85c432f7838c3be2cb0f000b55edc3487c6dee9520cc0b63
ao_sca,96,10000,559,test,18.93615125175681,18.93615125175681,1.0,True,0.0,12,7183,19,ao_sca_proximal_physical,analytical_ris_equal_allocation,"[1.8379954476911913, 18.273780559108747, 18.544898187800356, 18.65399913266519, 18.679160575629584, 18.716899682367256, 18.82831204219014, 18.882100010068363, 18.894159633999376, 18.91665967296999, 18.91961990887781, 18.93428975242182, 18.936151251756815]","[{""block"": ""rsma"", ""rho"": 1.0, ""gain"": 16.321712626994803}, {""block"": ""star_ris"", ""rho"": 1.0, ""gain"": 0.11407248442275275}, {""block"": ""rsma"", ""rho"": 1.0, ""gain"": 0.0}, {""block"": ""star_ris"", ""rho"": 2.0, ""gain"": 0.27111762869160927}, {""block"": ""rsma"", ""rho"": 1.0, ""gain"": 0.0}, {""block"": ""star_ris"", ""rho"": 4.0, ""gain"": 0.10910094486483501}, {""block"": ""rsma"", ""rho"": 1.0, ""gain"": 3.552713678800501e-15}, {""block"": ""star_ris"", ""rho"": 16.0, ""gain"": 0.02516144296438938}, {""block"": ""rsma"", ""rho"": 1.0, ""gain"": 0.0}, {""block"": ""star_ris"", ""rho"": 2.0, ""gain"": 0.037739106737671335}, {""block"": ""rsma"", ""rho"": 1.0, ""gain"": 0.0}, {""block"": ""star_ris"", ""rho"": 2.0, ""gain"": 0.11141235982288578}, {""block"": ""rsma"", ""rho"": 1.0, ""gain"": 0.0}, {""block"": ""star_ris"", ""rho"": 1.0, ""gain"": 0.05378796787822182}, {""block"": ""rsma"", ""rho"": 1.0, ""gain"": -3.552713678800501e-15}, {""block"": ""star_ris"", ""rho"": 8.0, ""gain"": 0.012059623931016006}, {""block"": ""rsma"", ""rho"": 1.0, ""gain"": 0.0}, {""block"": ""star_ris"", ""rho"": 16.0, ""gain"": 0.02250003897061248}, {""block"": ""rsma"", ""rho"": 1.0, ""gain"": 0.0}, {""block"": ""star_ris"", ""rho"": 16.0, ""gain"": 0.0029602359078211293}, {""block"": ""rsma"", ""rho"": 1.0, ""gain"": 0.0}, {""block"": ""star_ris"", ""rho"": 32.0, ""gain"": 0.014669843544009353}, {""block"": ""rsma"", ""rho"": 1.0, ""gain"": 0.0}, {""block"": ""star_ris"", ""rho"": 32.0, ""gain"": 0.0018614993349963527}]",{},3826.04992,eb978e84730de4cf1e0579ad9e17edb700c67ba6eceac89d1fe3698763a419f7,fc61d5cda7da39530055bae9bd0e92865f995cd9,4e84455d08cacd9f85c432f7838c3be2cb0f000b55edc3487c6dee9520cc0b63
ao_sca,96,10000,560,test,18.937738840585823,18.937738840585823,1.0,True,0.0,9,5394,17,ao_sca_proximal_physical,analytical_ris_equal_allocation,"[1.8379968607346024, 18.505000218696928, 18.537826860654626, 18.61610471188401, 18.681155946884157, 18.69666723179327, 18.70432993220443, 18.934556519099164, 18.936560466653305, 18.937738840585823]","[{""block"": ""rsma"", ""rho"": 1.0, ""gain"": 16.47649441276015}, {""block"": ""star_ris"", ""rho"": 2.0, ""gain"": 0.19050894520217554}, {""block"": ""rsma"", ""rho"": 1.0, ""gain"": -3.552713678800501e-15}, {""block"": ""star_ris"", ""rho"": 1.0, ""gain"": 0.03282664195770124}, {""block"": ""rsma"", ""rho"": 1.0, ""gain"": 0.0}, {""block"": ""star_ris"", ""rho"": 1.0, ""gain"": 0.0782778512293838}, {""block"": ""rsma"", ""rho"": 1.0, ""gain"": 3.552713678800501e-15}, {""block"": ""star_ris"", ""rho"": 8.0, ""gain"": 0.0650512350001442}, {""block"": ""rsma"", ""rho"": 1.0, ""gain"": 3.552713678800501e-15}, {""block"": ""star_ris"", ""rho"": 32.0, ""gain"": 0.01551128490910969}, {""block"": ""rsma"", ""rho"": 1.0, ""gain"": 0.0}, {""block"": ""star_ris"", ""rho"": 64.0, ""gain"": 0.007662700411160017}, {""block"": ""rsma"", ""rho"": 1.0, ""gain"": 7.105427357601002e-15}, {""block"": ""star_ris"", ""rho"": 1.0, ""gain"": 0.23022658689472664}, {""block"": ""rsma"", ""rho"": 1.0, ""gain"": -3.552713678800501e-15}, {""block"": ""star_ris"", ""rho"": 128.0, ""gain"": 0.0020039475541437923}, {""block"": ""rsma"", ""rho"": 1.0, ""gain"": 0.0}, {""block"": ""star_ris"", ""rho"": 128.0, ""gain"": 0.0011783739325181841}]",{},2943.896499,eb978e84730de4cf1e0579ad9e17edb700c67ba6eceac89d1fe3698763a419f7,fc61d5cda7da39530055bae9bd0e92865f995cd9,4e84455d08cacd9f85c432f7838c3be2cb0f000b55edc3487c6dee9520cc0b63
ao_sca,96,10000,561,test,18.816174851812317,18.816174851812317,1.0,True,0.0,8,4780,14,ao_sca_proximal_physical,analytical_ris_equal_allocation,"[1.837990952982636, 18.36018490901318, 18.41525248000454, 18.607141859007854, 18.65958642378542, 18.792435224438552, 18.796634504617632, 18.814986361060907, 18.816174851812313]","[{""block"": ""rsma"", ""rho"": 1.0, ""gain"": 16.20732376056992}, {""block"": ""star_ris"", ""rho"": 1.0, ""gain"": 0.31487019546062456}, {""block"": ""rsma"", ""rho"": 1.0, ""gain"": 0.0}, {""block"": ""star_ris"", ""rho"": 1.0, ""gain"": 0.055067570991358394}, {""block"": ""rsma"", ""rho"": 1.0, ""gain"": 0.0}, {""block"": ""star_ris"", ""rho"": 2.0, ""gain"": 0.19188937900331382}, {""block"": ""rsma"", ""rho"": 1.0, ""gain"": -3.552713678800501e-15}, {""block"": ""star_ris"", ""rho"": 2.0, ""gain"": 0.05244456477756998}, {""block"": ""rsma"", ""rho"": 1.0, ""gain"": -3.552713678800501e-15}, {""block"": ""star_ris"", ""rho"": 4.0, ""gain"": 0.13284880065313587}, {""block"": ""rsma"", ""rho"": 1.0, ""gain"": -3.552713678800501e-15}, {""block"": ""star_ris"", ""rho"": 8.0, ""gain"": 0.004199280179083331}, {""block"": ""rsma"", ""rho"": 1.0, ""gain"": 0.0}, {""block"": ""star_ris"", ""rho"": 4.0, ""gain"": 0.018351856443274528}, {""block"": ""rsma"", ""rho"": 1.0, ""gain"": 0.0}, {""block"": ""star_ris"", ""rho"": 4.0, ""gain"": 0.00118849075140659}]",{},2549.904924,eb978e84730de4cf1e0579ad9e17edb700c67ba6eceac89d1fe3698763a419f7,fc61d5cda7da39530055bae9bd0e92865f995cd9,4e84455d08cacd9f85c432f7838c3be2cb0f000b55edc3487c6dee9520cc0b63
ao_sca,96,10000,562,test,18.66684279324087,18.66684279324087,1.0,True,0.0,10,5991,18,ao_sca_proximal_physical,analytical_ris_equal_allocation,"[1.8379728232825567, 17.590357087830146, 17.6591667470658, 17.69194671857657, 17.723723877797998, 18.010256860971307, 18.104943219987135, 18.12722040601409, 18.466182277019406, 18.665172485472837, 18.66684279324087]","[{""block"": ""rsma"", ""rho"": 1.0, ""gain"": 15.599046665662955}, {""block"": ""star_ris"", ""rho"": 8.0, ""gain"": 0.15333759888463305}, {""block"": ""rsma"", ""rho"": 1.0, ""gain"": 0.0}, {""block"": ""star_ris"", ""rho"": 16.0, ""gain"": 0.06880965923565441}, {""block"": ""rsma"", ""rho"": 1.0, ""gain"": -3.552713678800501e-15}, {""block"": ""star_ris"", ""rho"": 32.0, ""gain"": 0.03277997151077372}, {""block"": ""rsma"", ""rho"": 1.0, ""gain"": 0.0}, {""block"": ""star_ris"", ""rho"": 32.0, ""gain"": 0.0317771592214271}, {""block"": ""rsma"", ""rho"": 1.0, ""gain"": -3.552713678800501e-15}, {""block"": ""star_ris"", ""rho"": 1.0, ""gain"": 0.28653298317331277}, {""block"": ""rsma"", ""rho"": 1.0, ""gain"": -3.552713678800501e-15}, {""block"": ""star_ris"", ""rho"": 8.0, ""gain"": 0.09468635901583156}, {""block"": ""rsma"", ""rho"": 1.0, ""gain"": 3.552713678800501e-15}, {""block"": ""star_ris"", ""rho"": 32.0, ""gain"": 0.022277186026951057}, {""block"": ""rsma"", ""rho"": 1.0, ""gain"": -3.552713678800501e-15}, {""block"": ""star_ris"", ""rho"": 1.0, ""gain"": 0.3389618710053206}, {""block"": ""rsma"", ""rho"": 1.0, ""gain"": 0.0}, {""block"": ""star_ris"", ""rho"": 1.0, ""gain"": 0.19899020845343074}, {""block"": ""rsma"", ""rho"": 1.0, ""gain"": 0.0}, {""block"": ""star_ris"", ""rho"": 32.0, ""gain"": 0.0016703077680340073}]",{},3209.294606,eb978e84730de4cf1e0579ad9e17edb700c67ba6eceac89d1fe3698763a419f7,fc61d5cda7da39530055bae9bd0e92865f995cd9,4e84455d08cacd9f85c432f7838c3be2cb0f000b55edc3487c6dee9520cc0b63
ao_sca,96,10000,563,test,19.170857287688705,19.170857287688705,1.0,True,0.0,11,6584,21,ao_sca_proximal_physical,analytical_ris_equal_allocation,"[1.8380059664647037, 18.715679129190804, 18.98619241910966, 19.000495180307514, 19.00341783912639, 19.027577944214993, 19.087037694751043, 19.100808140930326, 19.131783009449727, 19.15998328079488, 19.169833384065228, 19.170857287688705]","[{""block"": ""rsma"", ""rho"": 1.0, ""gain"": 16.62300598121333}, {""block"": ""star_ris"", ""rho"": 1.0, ""gain"": 0.25466718151277234}, {""block"": ""rsma"", ""rho"": 1.0, ""gain"": 0.0}, {""block"": ""star_ris"", ""rho"": 1.0, ""gain"": 0.27051328991885626}, {""block"": ""rsma"", ""rho"": 1.0, ""gain"": 0.0}, {""block"": ""star_ris"", ""rho"": 4.0, ""gain"": 0.014302761197853897}, {""block"": ""rsma"", ""rho"": 1.0, ""gain"": 0.0}, {""block"": ""star_ris"", ""rho"": 8.0, ""gain"": 0.002922658818874879}, {""block"": ""rsma"", ""rho"": 1.0, ""gain"": -3.552713678800501e-15}, {""block"": ""star_ris"", ""rho"": 2.0, ""gain"": 0.02416010508860822}, {""block"": ""rsma"", ""rho"": 1.0, ""gain"": 0.0}, {""block"": ""star_ris"", ""rho"": 8.0, ""gain"": 0.05945975053604968}, {""block"": ""rsma"", ""rho"": 1.0, ""gain"": 3.552713678800501e-15}, {""block"": ""star_ris"", ""rho"": 4.0, ""gain"": 0.013770446179279361}, {""block"": ""rsma"", ""rho"": 1.0, ""gain"": -3.552713678800501e-15}, {""block"": ""star_ris"", ""rho"": 4.0, ""gain"": 0.030974868519404453}, {""block"": ""rsma"", ""rho"": 1.0, ""gain"": 3.552713678800501e-15}, {""block"": ""star_ris"", ""rho"": 16.0, ""gain"": 0.02820027134514902}, {""block"": ""rsma"", ""rho"": 1.0, ""gain"": 0.0}, {""block"": ""star_ris"", ""rho"": 32.0, ""gain"": 0.009850103270348853}, {""block"": ""rsma"", ""rho"": 1.0, ""gain"": 0.0}, {""block"": ""star_ris"", ""rho"": 32.0, ""gain"": 0.0010239036234764853}]",{},3584.007105,eb978e84730de4cf1e0579ad9e17edb700c67ba6eceac89d1fe3698763a419f7,fc61d5cda7da39530055bae9bd0e92865f995cd9,4e84455d08cacd9f85c432f7838c3be2cb0f000b55edc3487c6dee9520cc0b63
ao_sca,96,10000,564,test,18.65699732587908,18.65699732587908,1.0,True,0.0,19,11371,32,ao_sca_proximal_physical,analytical_ris_equal_allocation,"[1.837973447611748, 18.25923120980973, 18.367594423374296, 18.37845566255207, 18.382295965920637, 18.3972950338838, 18.411823179793142, 18.502504754926033, 18.504413357642328, 18.510986000483022, 18.521125877348357, 18.53580539631354, 18.5394355819824, 18.553277202438316, 18.57274484839947, 18.605824513992903, 18.60779439334086, 18.624758017364478, 18.65697722983298, 18.656997325879082]","[{""block"": ""rsma"", ""rho"": 1.0, ""gain"": 15.905949664379445}, {""block"": ""star_ris"", ""rho"": 1.0, ""gain"": 0.5153080978185365}, {""block"": ""rsma"", ""rho"": 1.0, ""gain"": 0.0}, {""block"": ""star_ris"", ""rho"": 4.0, ""gain"": 0.1083632135645658}, {""block"": ""rsma"", ""rho"": 1.0, ""gain"": 0.0}, {""block"": ""star_ris"", ""rho"": 2.0, ""gain"": 0.010861239177774706}, {""block"": ""rsma"", ""rho"": 1.0, ""gain"": 0.0}, {""block"": ""star_ris"", ""rho"": 8.0, ""gain"": 0.0038403033685661114}, {""block"": ""rsma"", ""rho"": 1.0, ""gain"": 0.0}, {""block"": ""star_ris"", ""rho"": 2.0, ""gain"": 0.014999067963163526}, {""block"": ""rsma"", ""rho"": 1.0, ""gain"": 3.552713678800501e-15}, {""block"": ""star_ris"", ""rho"": 4.0, ""gain"": 0.014528145909338264}, {""block"": ""rsma"", ""rho"": 1.0, ""gain"": 0.0}, {""block"": ""star_ris"", ""rho"": 4.0, ""gain"": 0.09068157513289066}, {""block"": ""rsma"", ""rho"": 1.0, ""gain"": 0.0}, {""block"": ""star_ris"", ""rho"": 2.0, ""gain"": 0.0019086027162948938}, {""block"": ""rsma"", ""rho"": 1.0, ""gain"": 0.0}, {""block"": ""star_ris"", ""rho"": 16.0, ""gain"": 0.006572642840694698}, {""block"": ""rsma"", ""rho"": 1.0, ""gain"": 0.0}, {""block"": ""star_ris"", ""rho"": 4.0, ""gain"": 0.010139876865334685}, {""block"": ""rsma"", ""rho"": 1.0, ""gain"": 0.0}, {""block"": ""star_ris"", ""rho"": 32.0, ""gain"": 0.01467951896518116}, {""block"": ""rsma"", ""rho"": 1.0, ""gain"": 3.552713678800501e-15}, {""block"": ""star_ris"", ""rho"": 128.0, ""gain"": 0.003630185668857422}, {""block"": ""rsma"", ""rho"": 1.0, ""gain"": 3.552713678800501e-15}, {""block"": ""star_ris"", ""rho"": 2.0, ""gain"": 0.013841620455913528}, {""block"": ""rsma"", ""rho"": 1.0, ""gain"": 0.0}, {""block"": ""star_ris"", ""rho"": 2.0, ""gain"": 0.01946764596115358}, {""block"": ""rsma"", ""rho"": 1.0, ""gain"": -3.552713678800501e-15}, {""block"": ""star_ris"", ""rho"": 16.0, ""gain"": 0.03307966559343711}, {""block"": ""rsma"", ""rho"": 1.0, ""gain"": 0.0}, {""block"": ""star_ris"", ""rho"": 2.0, ""gain"": 0.0019698793479570043}, {""block"": ""rsma"", ""rho"": 1.0, ""gain"": 0.0}, {""block"": ""star_ris"", ""rho"": 4.0, ""gain"": 0.016963624023617285}, {""block"": ""rsma"", ""rho"": 1.0, ""gain"": 0.0}, {""block"": ""star_ris"", ""rho"": 1.0, ""gain"": 0.03221921246850101}, {""block"": ""rsma"", ""rho"": 1.0, ""gain"": 3.552713678800501e-15}, {""block"": ""star_ris"", ""rho"": 128.0, ""gain"": 2.009604610009319e-05}]",{},6097.969636,eb978e84730de4cf1e0579ad9e17edb700c67ba6eceac89d1fe3698763a419f7,fc61d5cda7da39530055bae9bd0e92865f995cd9,4e84455d08cacd9f85c432f7838c3be2cb0f000b55edc3487c6dee9520cc0b63
ao_sca,96,10000,565,test,19.284524575996684,19.284524575996684,1.0,True,0.0,20,11973,38,ao_sca_proximal_physical,analytical_ris_equal_allocation,"[1.837997940004707, 18.093516242478795, 18.14410251866598, 18.156342591872125, 18.34276287128303, 18.424818093458235, 18.44428453241686, 18.87962018448622, 18.928561078765213, 19.023504791328964, 19.20991004225234, 19.213203642282075, 19.220105368337556, 19.224439521093128, 19.234832835146886, 19.25004917540202, 19.257949403327004, 19.271909623152602, 19.2740928809829, 19.276249709525224, 19.284524575996684]","[{""block"": ""rsma"", ""rho"": 1.0, ""gain"": 16.019887133306533}, {""block"": ""star_ris"", ""rho"": 4.0, ""gain"": 0.23563116916755433}, {""block"": ""rsma"", ""rho"": 1.0, ""gain"": 0.0}, {""block"": ""star_ris"", ""rho"": 16.0, ""gain"": 0.05058627618718603}, {""block"": ""rsma"", ""rho"": 1.0, ""gain"": 3.552713678800501e-15}, {""block"": ""star_ris"", ""rho"": 64.0, ""gain"": 0.012240073206140067}, {""block"": ""rsma"", ""rho"": 1.0, ""gain"": 0.0}, {""block"": ""star_ris"", ""rho"": 4.0, ""gain"": 0.18642027941090333}, {""block"": ""rsma"", ""rho"": 1.0, ""gain"": 0.0}, {""block"": ""star_ris"", ""rho"": 8.0, ""gain"": 0.08205522217520667}, {""block"": ""rsma"", ""rho"": 1.0, ""gain"": -3.552713678800501e-15}, {""block"": ""star_ris"", ""rho"": 32.0, ""gain"": 0.019466438958627208}, {""block"": ""rsma"", ""rho"": 1.0, ""gain"": 0.0}, {""block"": ""star_ris"", ""rho"": 1.0, ""gain"": 0.4353356520693623}, {""block"": ""rsma"", ""rho"": 1.0, ""gain"": 0.0}, {""block"": ""star_ris"", ""rho"": 1.0, ""gain"": 0.048940894278992175}, {""block"": ""rsma"", ""rho"": 1.0, ""gain"": 0.0}, {""block"": ""star_ris"", ""rho"": 1.0, ""gain"": 0.09494371256375089}, {""block"": ""rsma"", ""rho"": 1.0, ""gain"": 0.0}, {""block"": ""star_ris"", ""rho"": 4.0, ""gain"": 0.18640525092337512}, {""block"": ""rsma"", ""rho"": 1.0, ""gain"": 0.0}, {""block"": ""star_ris"", ""rho"": 16.0, ""gain"": 0.003293600029735444}, {""block"": ""rsma"", ""rho"": 1.0, ""gain"": -7.105427357601002e-15}, {""block"": ""star_ris"", ""rho"": 4.0, ""gain"": 0.006901726055488666}, {""block"": ""rsma"", ""rho"": 1.0, ""gain"": 0.0}, {""block"": ""star_ris"", ""rho"": 16.0, ""gain"": 0.004334152755571807}, {""block"": ""rsma"", ""rho"": 1.0, ""gain"": -3.552713678800501e-15}, {""block"": ""star_ris"", ""rho"": 4.0, ""gain"": 0.010393314053761316}, {""block"": ""rsma"", ""rho"": 1.0, ""gain"": 3.552713678800501e-15}, {""block"": ""star_ris"", ""rho"": 32.0, ""gain"": 0.015216340255129523}, {""block"": ""rsma"", ""rho"": 1.0, ""gain"": 0.0}, {""block"": ""star_ris"", ""rho"": 4.0, ""gain"": 0.007900227924984904}, {""block"": ""rsma"", ""rho"": 1.0, ""gain"": -3.552713678800501e-15}, {""block"": ""star_ris"", ""rho"": 4.0, ""gain"": 0.013960219825602138}, {""block"": ""rsma"", ""rho"": 1.0, ""gain"": 0.0}, {""block"": ""star_ris"", ""rho"": 1.0, ""gain"": 0.00218325783029627}, {""block"": ""rsma"", ""rho"": 1.0, ""gain"": 0.0}, {""block"": ""star_ris"", ""rho"": 16.0, ""gain"": 0.002156828542325684}, {""block"": ""rsma"", ""rho"": 1.0, ""gain"": 0.0}, {""block"": ""star_ris"", ""rho"": 8.0, ""gain"": 0.00827486647146003}]",{},6587.918715,eb978e84730de4cf1e0579ad9e17edb700c67ba6eceac89d1fe3698763a419f7,fc61d5cda7da39530055bae9bd0e92865f995cd9,4e84455d08cacd9f85c432f7838c3be2cb0f000b55edc3487c6dee9520cc0b63
ao_sca,96,10000,566,test,19.171095271321025,19.171095271321025,1.0,True,0.0,18,10784,32,ao_sca_proximal_physical,analytical_ris_equal_allocation,"[1.8379914445543701, 17.98268548788447, 18.099336575432112, 18.153411676553958, 18.179511345121554, 18.192340040529693, 18.198700651953377, 18.882587494582932, 18.89105453518387, 18.921350794846234, 18.927076973874062, 18.965550519956953, 18.983410143831872, 18.992134407003128, 19.109385559504112, 19.13310790446679, 19.16321880897836, 19.17042995388208, 19.171095271321022]","[{""block"": ""rsma"", ""rho"": 1.0, ""gain"": 15.865895913143783}, {""block"": ""star_ris"", ""rho"": 4.0, ""gain"": 0.27879813018631694}, {""block"": ""rsma"", ""rho"": 1.0, ""gain"": 0.0}, {""block"": ""star_ris"", ""rho"": 8.0, ""gain"": 0.1166510875476412}, {""block"": ""rsma"", ""rho"": 1.0, ""gain"": 0.0}, {""block"": ""star_ris"", ""rho"": 16.0, ""gain"": 0.0540751011218461}, {""block"": ""rsma"", ""rho"": 1.0, ""gain"": 0.0}, {""block"": ""star_ris"", ""rho"": 32.0, ""gain"": 0.026099668567596268}, {""block"": ""rsma"", ""rho"": 1.0, ""gain"": 3.552713678800501e-15}, {""block"": ""star_ris"", ""rho"": 64.0, ""gain"": 0.01282869540813536}, {""block"": ""rsma"", ""rho"": 1.0, ""gain"": 0.0}, {""block"": ""star_ris"", ""rho"": 128.0, ""gain"": 0.006360611423684048}, {""block"": ""rsma"", ""rho"": 1.0, ""gain"": 0.0}, {""block"": ""star_ris"", ""rho"": 1.0, ""gain"": 0.6838868426295548}, {""block"": ""rsma"", ""rho"": 1.0, ""gain"": -3.552713678800501e-15}, {""block"": ""star_ris"", ""rho"": 8.0, ""gain"": 0.008467040600940834}, {""block"": ""rsma"", ""rho"": 1.0, ""gain"": 7.105427357601002e-15}, {""block"": ""star_ris"", ""rho"": 1.0, ""gain"": 0.030296259662357272}, {""block"": ""rsma"", ""rho"": 1.0, ""gain"": -3.552713678800501e-15}, {""block"": ""star_ris"", ""rho"": 4.0, ""gain"": 0.00572617902783179}, {""block"": ""rsma"", ""rho"": 1.0, ""gain"": 0.0}, {""block"": ""star_ris"", ""rho"": 16.0, ""gain"": 0.038473546082890664}, {""block"": ""rsma"", ""rho"": 1.0, ""gain"": 0.0}, {""block"": ""star_ris"", ""rho"": 32.0, ""gain"": 0.01785962387491935}, {""block"": ""rsma"", ""rho"": 1.0, ""gain"": 0.0}, {""block"": ""star_ris"", ""rho"": 64.0, ""gain"": 0.008724263171256297}, {""block"": ""rsma"", ""rho"": 1.0, ""gain"": 0.0}, {""block"": ""star_ris"", ""rho"": 1.0, ""gain"": 0.11725115250098384}, {""block"": ""rsma"", ""rho"": 1.0, ""gain"": -3.552713678800501e-15}, {""block"": ""star_ris"", ""rho"": 8.0, ""gain"": 0.023722344962681774}, {""block"": ""rsma"", ""rho"": 1.0, ""gain"": -7.105427357601002e-15}, {""block"": ""star_ris"", ""rho"": 2.0, ""gain"": 0.030110904511577274}, {""block"": ""rsma"", ""rho"": 1.0, ""gain"": 3.552713678800501e-15}, {""block"": ""star_ris"", ""rho"": 8.0, ""gain"": 0.007211144903717326}, {""block"": ""rsma"", ""rho"": 1.0, ""gain"": 3.552713678800501e-15}, {""block"": ""star_ris"", ""rho"": 2.0, ""gain"": 0.000665317438937052}]",{},5916.414682,eb978e84730de4cf1e0579ad9e17edb700c67ba6eceac89d1fe3698763a419f7,fc61d5cda7da39530055bae9bd0e92865f995cd9,4e84455d08cacd9f85c432f7838c3be2cb0f000b55edc3487c6dee9520cc0b63
ao_sca,96,10000,567,test,18.991574315652997,18.991574315652997,1.0,True,0.0,15,8975,29,ao_sca_proximal_physical,analytical_ris_equal_allocation,"[1.8379813023917309, 17.997283511998386, 18.166019837498272, 18.25733629604005, 18.589798014854985, 18.608998256595253, 18.65909900066197, 18.679529331629446, 18.701176573286862, 18.77509561005682, 18.896947669488757, 18.924841996442343, 18.932263984419183, 18.942307702471673, 18.99088938975245, 18.991574315652993]","[{""block"": ""rsma"", ""rho"": 1.0, ""gain"": 15.888087944809401}, {""block"": ""star_ris"", ""rho"": 2.0, ""gain"": 0.27121426479725486}, {""block"": ""rsma"", ""rho"": 1.0, ""gain"": -3.552713678800501e-15}, {""block"": ""star_ris"", ""rho"": 1.0, ""gain"": 0.16873632549988926}, {""block"": ""rsma"", ""rho"": 1.0, ""gain"": 0.0}, {""block"": ""star_ris"", ""rho"": 8.0, ""gain"": 0.09131645854177961}, {""block"": ""rsma"", ""rho"": 1.0, ""gain"": 0.0}, {""block"": ""star_ris"", ""rho"": 2.0, ""gain"": 0.33246171881493325}, {""block"": ""rsma"", ""rho"": 1.0, ""gain"": 0.0}, {""block"": ""star_ris"", ""rho"": 32.0, ""gain"": 0.019200241740268353}, {""block"": ""rsma"", ""rho"": 1.0, ""gain"": 0.0}, {""block"": ""star_ris"", ""rho"": 1.0, ""gain"": 0.05010074406671805}, {""block"": ""rsma"", ""rho"": 1.0, ""gain"": 0.0}, {""block"": ""star_ris"", ""rho"": 32.0, ""gain"": 0.02043033096747493}, {""block"": ""rsma"", ""rho"": 1.0, ""gain"": -3.552713678800501e-15}, {""block"": ""star_ris"", ""rho"": 1.0, ""gain"": 0.02164724165741916}, {""block"": ""rsma"", ""rho"": 1.0, ""gain"": 0.0}, {""block"": ""star_ris"", ""rho"": 1.0, ""gain"": 0.07391903676995781}, {""block"": ""rsma"", ""rho"": 1.0, ""gain"": 0.0}, {""block"": ""star_ris"", ""rho"": 8.0, ""gain"": 0.12185205943193722}, {""block"": ""rsma"", ""rho"": 1.0, ""gain"": 0.0}, {""block"": ""star_ris"", ""rho"": 16.0, ""gain"": 0.027894326953585846}, {""block"": ""rsma"", ""rho"": 1.0, ""gain"": 3.552713678800501e-15}, {""block"": ""star_ris"", ""rho"": 1.0, ""gain"": 0.00742198797683713}, {""block"": ""rsma"", ""rho"": 1.0, ""gain"": 0.0}, {""block"": ""star_ris"", ""rho"": 8.0, ""gain"": 0.010043718052489936}, {""block"": ""rsma"", ""rho"": 1.0, ""gain"": -3.552713678800501e-15}, {""block"": ""star_ris"", ""rho"": 4.0, ""gain"": 0.04858168728078027}, {""block"": ""rsma"", ""rho"": 1.0, ""gain"": 3.552713678800501e-15}, {""block"": ""star_ris"", ""rho"": 128.0, ""gain"": 0.0006849259005399233}]",{},4809.281628,eb978e84730de4cf1e0579ad9e17edb700c67ba6eceac89d1fe3698763a419f7,fc61d5cda7da39530055bae9bd0e92865f995cd9,4e84455d08cacd9f85c432f7838c3be2cb0f000b55edc3487c6dee9520cc0b63
ao_sca,96,10000,568,test,19.089316237792243,19.089316237792243,1.0,True,0.0,15,8976,26,ao_sca_proximal_physical,analytical_ris_equal_allocation,"[1.83799430922452, 18.116197580260074, 18.19233610401446, 18.210425323710105, 18.21935271033997, 18.727895041541053, 18.740946361464466, 18.751827636901872, 18.913935494069438, 18.959345018404544, 18.988910946743886, 19.00797614565951, 19.010088101488456, 19.059378398781956, 19.088204478839334, 19.089316237792243]","[{""block"": ""rsma"", ""rho"": 1.0, ""gain"": 16.105987254658086}, {""block"": ""star_ris"", ""rho"": 4.0, ""gain"": 0.17221601637746886}, {""block"": ""rsma"", ""rho"": 1.0, ""gain"": 0.0}, {""block"": ""star_ris"", ""rho"": 8.0, ""gain"": 0.07613852375438412}, {""block"": ""rsma"", ""rho"": 1.0, ""gain"": 0.0}, {""block"": ""star_ris"", ""rho"": 32.0, ""gain"": 0.018089219695646364}, {""block"": ""rsma"", ""rho"": 1.0, ""gain"": 0.0}, {""block"": ""star_ris"", ""rho"": 64.0, ""gain"": 0.008927386629864031}, {""block"": ""rsma"", ""rho"": 1.0, ""gain"": 3.552713678800501e-15}, {""block"": ""star_ris"", ""rho"": 1.0, ""gain"": 0.508542331201081}, {""block"": ""rsma"", ""rho"": 1.0, ""gain"": 0.0}, {""block"": ""star_ris"", ""rho"": 1.0, ""gain"": 0.013051319923413018}, {""block"": ""rsma"", ""rho"": 1.0, ""gain"": 0.0}, {""block"": ""star_ris"", ""rho"": 4.0, ""gain"": 0.01088127543740569}, {""block"": ""rsma"", ""rho"": 1.0, ""gain"": 0.0}, {""block"": ""star_ris"", ""rho"": 2.0, ""gain"": 0.16210785716756604}, {""block"": ""rsma"", ""rho"": 1.0, ""gain"": 0.0}, {""block"": ""star_ris"", ""rho"": 2.0, ""gain"": 0.045409524335106255}, {""block"": ""rsma"", ""rho"": 1.0, ""gain"": 0.0}, {""block"": ""star_ris"", ""rho"": 2.0, ""gain"": 0.02956592833934124}, {""block"": ""rsma"", ""rho"": 1.0, ""gain"": 0.0}, {""block"": ""star_ris"", ""rho"": 4.0, ""gain"": 0.019065198915622972}, {""block"": ""rsma"", ""rho"": 1.0, ""gain"": 0.0}, {""block"": ""star_ris"", ""rho"": 1.0, ""gain"": 0.0021119558289477425}, {""block"": ""rsma"", ""rho"": 1.0, ""gain"": -3.552713678800501e-15}, {""block"": ""star_ris"", ""rho"": 4.0, ""gain"": 0.04929029729350276}, {""block"": ""rsma"", ""rho"": 1.0, ""gain"": 0.0}, {""block"": ""star_ris"", ""rho"": 2.0, ""gain"": 0.02882608005737808}, {""block"": ""rsma"", ""rho"": 1.0, ""gain"": 0.0}, {""block"": ""star_ris"", ""rho"": 512.0, ""gain"": 0.0011117589529092697}]",{},4731.382829,eb978e84730de4cf1e0579ad9e17edb700c67ba6eceac89d1fe3698763a419f7,fc61d5cda7da39530055bae9bd0e92865f995cd9,4e84455d08cacd9f85c432f7838c3be2cb0f000b55edc3487c6dee9520cc0b63
ao_sca,96,10000,569,test,18.796012738659684,18.796012738659684,1.0,True,0.0,8,4783,14,ao_sca_proximal_physical,analytical_ris_equal_allocation,"[1.8379797248003802, 17.978787245447993, 18.328002255366385, 18.346593077531438, 18.62317695867088, 18.65023917286777, 18.791014405528845, 18.794878609129633, 18.796012738659684]","[{""block"": ""rsma"", ""rho"": 1.0, ""gain"": 16.137911520657585}, {""block"": ""star_ris"", ""rho"": 2.0, ""gain"": 0.0028959999900273203}, {""block"": ""rsma"", ""rho"": 1.0, ""gain"": 0.0}, {""block"": ""star_ris"", ""rho"": 1.0, ""gain"": 0.3492150099183924}, {""block"": ""rsma"", ""rho"": 1.0, ""gain"": 0.0}, {""block"": ""star_ris"", ""rho"": 32.0, ""gain"": 0.018590822165052145}, {""block"": ""rsma"", ""rho"": 1.0, ""gain"": 0.0}, {""block"": ""star_ris"", ""rho"": 1.0, ""gain"": 0.276583881139441}, {""block"": ""rsma"", ""rho"": 1.0, ""gain"": 3.552713678800501e-15}, {""block"": ""star_ris"", ""rho"": 2.0, ""gain"": 0.02706221419688859}, {""block"": ""rsma"", ""rho"": 1.0, ""gain"": 0.0}, {""block"": ""star_ris"", ""rho"": 1.0, ""gain"": 0.14077523266107406}, {""block"": ""rsma"", ""rho"": 1.0, ""gain"": -7.105427357601002e-15}, {""block"": ""star_ris"", ""rho"": 16.0, ""gain"": 0.00386420360079498}, {""block"": ""rsma"", ""rho"": 1.0, ""gain"": 0.0}, {""block"": ""star_ris"", ""rho"": 8.0, ""gain"": 0.0011341295300510978}]",{},2639.421004,eb978e84730de4cf1e0579ad9e17edb700c67ba6eceac89d1fe3698763a419f7,fc61d5cda7da39530055bae9bd0e92865f995cd9,4e84455d08cacd9f85c432f7838c3be2cb0f000b55edc3487c6dee9520cc0b63
ao_sca,96,10000,570,test,18.233897974391045,18.233897974391045,1.0,True,0.0,3,1791,6,ao_sca_proximal_physical,analytical_ris_equal_allocation,"[1.837969092840721, 18.222417524363955, 18.232550055697082, 18.233897974391045]","[{""block"": ""rsma"", ""rho"": 1.0, ""gain"": 15.612363779920583}, {""block"": ""star_ris"", ""rho"": 1.0, ""gain"": 0.7720846516026505}, {""block"": ""rsma"", ""rho"": 1.0, ""gain"": 0.0}, {""block"": ""star_ris"", ""rho"": 1.0, ""gain"": 0.010132531333127304}, {""block"": ""rsma"", ""rho"": 1.0, ""gain"": 0.0}, {""block"": ""star_ris"", ""rho"": 4.0, ""gain"": 0.0013479186939626686}]",{},945.02723,eb978e84730de4cf1e0579ad9e17edb700c67ba6eceac89d1fe3698763a419f7,fc61d5cda7da39530055bae9bd0e92865f995cd9,4e84455d08cacd9f85c432f7838c3be2cb0f000b55edc3487c6dee9520cc0b63
ao_sca,96,10000,571,test,19.10127296723062,19.10127296723062,1.0,True,0.0,16,9555,31,ao_sca_proximal_physical,analytical_ris_equal_allocation,"[1.8379928107215868, 18.383876689075898, 18.5325011126845, 18.598282283068034, 18.6602242337921, 18.688143087550543, 18.695671849377696, 18.76569209523307, 18.780972151376854, 18.787235392055237, 18.79273679877318, 18.88166496001603, 19.061864467463685, 19.086289633966604, 19.091220335297955, 19.100106741429144, 19.10127296723062]","[{""block"": ""rsma"", ""rho"": 1.0, ""gain"": 16.304643039022952}, {""block"": ""star_ris"", ""rho"": 1.0, ""gain"": 0.24124083933135765}, {""block"": ""rsma"", ""rho"": 1.0, ""gain"": -3.552713678800501e-15}, {""block"": ""star_ris"", ""rho"": 4.0, ""gain"": 0.14862442360860584}, {""block"": ""rsma"", ""rho"": 1.0, ""gain"": 0.0}, {""block"": ""star_ris"", ""rho"": 8.0, ""gain"": 0.06578117038353426}, {""block"": ""rsma"", ""rho"": 1.0, ""gain"": 3.552713678800501e-15}, {""block"": ""star_ris"", ""rho"": 8.0, ""gain"": 0.06194195072406217}, {""block"": ""rsma"", ""rho"": 1.0, ""gain"": -7.105427357601002e-15}, {""block"": ""star_ris"", ""rho"": 2.0, ""gain"": 0.02791885375845027}, {""block"": ""rsma"", ""rho"": 1.0, ""gain"": 7.105427357601002e-15}, {""block"": ""star_ris"", ""rho"": 2.0, ""gain"": 0.007528761827146013}, {""block"": ""rsma"", ""rho"": 1.0, ""gain"": -3.552713678800501e-15}, {""block"": ""star_ris"", ""rho"": 1.0, ""gain"": 0.07002024585537825}, {""block"": ""rsma"", ""rho"": 1.0, ""gain"": 0.0}, {""block"": ""star_ris"", ""rho"": 1.0, ""gain"": 0.015280056143783582}, {""block"": ""rsma"", ""rho"": 1.0, ""gain"": 0.0}, {""block"": ""star_ris"", ""rho"": 8.0, ""gain"": 0.006263240678382687}, {""block"": ""rsma"", ""rho"": 1.0, ""gain"": -3.552713678800501e-15}, {""block"": ""star_ris"", ""rho"": 1.0, ""gain"": 0.005501406717947077}, {""block"": ""rsma"", ""rho"": 1.0, ""gain"": 3.552713678800501e-15}, {""block"": ""star_ris"", ""rho"": 1.0, ""gain"": 0.08892816124284408}, {""block"": ""rsma"", ""rho"": 1.0, ""gain"": 0.0}, {""block"": ""star_ris"", ""rho"": 1.0, ""gain"": 0.18019950744765723}, {""block"": ""rsma"", ""rho"": 1.0, ""gain"": 0.0}, {""block"": ""star_ris"", ""rho"": 1.0, ""gain"": 0.024425166502918927}, {""block"": ""rsma"", ""rho"": 1.0, ""gain"": 0.0}, {""block"": ""star_ris"", ""rho"": 4.0, ""gain"": 0.004930701331350207}, {""block"": ""rsma"", ""rho"": 1.0, ""gain"": 0.0}, {""block"": ""star_ris"", ""rho"": 2.0, ""gain"": 0.008886406131189517}, {""block"": ""rsma"", ""rho"": 1.0, ""gain"": 0.0}, {""block"": ""star_ris"", ""rho"": 4.0, ""gain"": 0.001166225801476628}]",{},5101.825824,eb978e84730de4cf1e0579ad9e17edb700c67ba6eceac89d1fe3698763a419f7,fc61d5cda7da39530055bae9bd0e92865f995cd9,4e84455d08cacd9f85c432f7838c3be2cb0f000b55edc3487c6dee9520cc0b63
ao_sca,96,10000,572,test,18.89964805507382,18.89964805507382,1.0,True,0.0,20,11988,34,ao_sca_proximal_physical,analytical_ris_equal_allocation,"[1.837990302392331, 18.126920063038316, 18.293382592573604, 18.367116025012283, 18.384653676287655, 18.39166317783202, 18.622639598781042, 18.653986886091364, 18.685946802831488, 18.748627324112473, 18.77923997459862, 18.786827295385788, 18.78872057370139, 18.798496506846533, 18.803210987194326, 18.828158399053855, 18.84042402708993, 18.846506622082337, 18.874258034868422, 18.87646032054074, 18.89964805507382]","[{""block"": ""rsma"", ""rho"": 1.0, ""gain"": 16.256632608323248}, {""block"": ""star_ris"", ""rho"": 2.0, ""gain"": 0.03229715232273733}, {""block"": ""rsma"", ""rho"": 1.0, ""gain"": 0.0}, {""block"": ""star_ris"", ""rho"": 4.0, ""gain"": 0.16646252953528773}, {""block"": ""rsma"", ""rho"": 1.0, ""gain"": 3.552713678800501e-15}, {""block"": ""star_ris"", ""rho"": 8.0, ""gain"": 0.0737334324386758}, {""block"": ""rsma"", ""rho"": 1.0, ""gain"": -3.552713678800501e-15}, {""block"": ""star_ris"", ""rho"": 32.0, ""gain"": 0.017537651275375765}, {""block"": ""rsma"", ""rho"": 1.0, ""gain"": 0.0}, {""block"": ""star_ris"", ""rho"": 2.0, ""gain"": 0.007009501544363417}, {""block"": ""rsma"", ""rho"": 1.0, ""gain"": -3.552713678800501e-15}, {""block"": ""star_ris"", ""rho"": 2.0, ""gain"": 0.23097642094902682}, {""block"": ""rsma"", ""rho"": 1.0, ""gain"": 0.0}, {""block"": ""star_ris"", ""rho"": 2.0, ""gain"": 0.03134728731032155}, {""block"": ""rsma"", ""rho"": 1.0, ""gain"": 0.0}, {""block"": ""star_ris"", ""rho"": 16.0, ""gain"": 0.03195991674012433}, {""block"": ""rsma"", ""rho"": 1.0, ""gain"": 0.0}, {""block"": ""star_ris"", ""rho"": 8.0, ""gain"": 0.06268052128098489}, {""block"": ""rsma"", ""rho"": 1.0, ""gain"": -3.552713678800501e-15}, {""block"": ""star_ris"", ""rho"": 16.0, ""gain"": 0.030612650486151693}, {""block"": ""rsma"", ""rho"": 1.0, ""gain"": 3.552713678800501e-15}, {""block"": ""star_ris"", ""rho"": 64.0, ""gain"": 0.0075873207871630655}, {""block"": ""rsma"", ""rho"": 1.0, ""gain"": 0.0}, {""block"": ""star_ris"", ""rho"": 256.0, ""gain"": 0.0018932783156024868}, {""block"": ""rsma"", ""rho"": 1.0, ""gain"": 0.0}, {""block"": ""star_ris"", ""rho"": 2.0, ""gain"": 0.009775933145142801}, {""block"": ""rsma"", ""rho"": 1.0, ""gain"": 0.0}, {""block"": ""star_ris"", ""rho"": 8.0, ""gain"": 0.004714480347793426}, {""block"": ""rsma"", ""rho"": 1.0, ""gain"": 0.0}, {""block"": ""star_ris"", ""rho"": 16.0, ""gain"": 0.024947411859528756}, {""block"": ""rsma"", ""rho"": 1.0, ""gain"": 0.0}, {""block"": ""star_ris"", ""rho"": 32.0, ""gain"": 0.012265628036075782}, {""block"": ""rsma"", ""rho"": 1.0, ""gain"": 0.0}, {""block"": ""star_ris"", ""rho"": 64.0, ""gain"": 0.006082594992406598}, {""block"": ""rsma"", ""rho"": 1.0, ""gain"": 0.0}, {""block"": ""star_ris"", ""rho"": 8.0, ""gain"": 0.027751412786084728}, {""block"": ""rsma"", ""rho"": 1.0, ""gain"": 0.0}, {""block"": ""star_ris"", ""rho"": 4.0, ""gain"": 0.0022022856723182826}, {""block"": ""rsma"", ""rho"": 1.0, ""gain"": 0.0}, {""block"": ""star_ris"", ""rho"": 16.0, ""gain"": 0.023187734533077986}]",{},6389.623958,eb978e84730de4cf1e0579ad9e17edb700c67ba6eceac89d1fe3698763a419f7,fc61d5cda7da39530055bae9bd0e92865f995cd9,4e84455d08cacd9f85c432f7838c3be2cb0f000b55edc3487c6dee9520cc0b63
ao_sca,96,10000,573,test,18.97858281507281,18.97858281507281,1.0,True,0.0,16,9577,31,ao_sca_proximal_physical,analytical_ris_equal_allocation,"[1.8379832993051888, 18.15692114274991, 18.182801044112953, 18.31560596828839, 18.320281927442874, 18.460204423966836, 18.58814262980167, 18.6464852255656, 18.674518279625175, 18.806974990999166, 18.875495724979974, 18.937517541621965, 18.949164770432237, 18.95648433486813, 18.97113929297569, 18.97722642909963, 18.978582815072812]","[{""block"": ""rsma"", ""rho"": 1.0, ""gain"": 15.843334055458227}, {""block"": ""star_ris"", ""rho"": 2.0, ""gain"": 0.4756037879864934}, {""block"": ""rsma"", ""rho"": 1.0, ""gain"": 7.105427357601002e-15}, {""block"": ""star_ris"", ""rho"": 4.0, ""gain"": 0.025879901363037305}, {""block"": ""rsma"", ""rho"": 1.0, ""gain"": 0.0}, {""block"": ""star_ris"", ""rho"": 2.0, ""gain"": 0.13280492417543854}, {""block"": ""rsma"", ""rho"": 1.0, ""gain"": 0.0}, {""block"": ""star_ris"", ""rho"": 128.0, ""gain"": 0.004675959154482712}, {""block"": ""rsma"", ""rho"": 1.0, ""gain"": 0.0}, {""block"": ""star_ris"", ""rho"": 1.0, ""gain"": 0.13992249652396183}, {""block"": ""rsma"", ""rho"": 1.0, ""gain"": -3.552713678800501e-15}, {""block"": ""star_ris"", ""rho"": 4.0, ""gain"": 0.1279382058348375}, {""block"": ""rsma"", ""rho"": 1.0, ""gain"": 0.0}, {""block"": ""star_ris"", ""rho"": 8.0, ""gain"": 0.05834259576392853}, {""block"": ""rsma"", ""rho"": 1.0, ""gain"": 3.552713678800501e-15}, {""block"": ""star_ris"", ""rho"": 16.0, ""gain"": 0.02803305405957346}, {""block"": ""rsma"", ""rho"": 1.0, ""gain"": 0.0}, {""block"": ""star_ris"", ""rho"": 2.0, ""gain"": 0.1324567113739903}, {""block"": ""rsma"", ""rho"": 1.0, ""gain"": 0.0}, {""block"": ""star_ris"", ""rho"": 2.0, ""gain"": 0.06852073398080805}, {""block"": ""rsma"", ""rho"": 1.0, ""gain"": 3.552713678800501e-15}, {""block"": ""star_ris"", ""rho"": 8.0, ""gain"": 0.06202181664198747}, {""block"": ""rsma"", ""rho"": 1.0, ""gain"": 0.0}, {""block"": ""star_ris"", ""rho"": 4.0, ""gain"": 0.011647228810272026}, {""block"": ""rsma"", ""rho"": 1.0, ""gain"": 0.0}, {""block"": ""star_ris"", ""rho"": 8.0, ""gain"": 0.007319564435892545}, {""block"": ""rsma"", ""rho"": 1.0, ""gain"": 0.0}, {""block"": ""star_ris"", ""rho"": 2.0, ""gain"": 0.014654958107559679}, {""block"": ""rsma"", ""rho"": 1.0, ""gain"": 0.0}, {""block"": ""star_ris"", ""rho"": 4.0, ""gain"": 0.006087136123941406}, {""block"": ""rsma"", ""rho"": 1.0, ""gain"": 0.0}, {""block"": ""star_ris"", ""rho"": 128.0, ""gain"": 0.001356385973181773}]",{},5148.159031,eb978e84730de4cf1e0579ad9e17edb700c67ba6eceac89d1fe3698763a419f7,fc61d5cda7da39530055bae9bd0e92865f995cd9,4e84455d08cacd9f85c432f7838c3be2cb0f000b55edc3487c6dee9520cc0b63
ao_sca,96,10000,574,test,18.84239093224256,18.84239093224256,1.0,True,0.0,20,11952,34,ao_sca_proximal_physical,analytical_ris_equal_allocation,"[1.8379572327300369, 18.050724907226204, 18.053425750957032, 18.26693754354208, 18.391158038282825, 18.421782679292555, 18.443971706329727, 18.47578735193481, 18.511989582158307, 18.58170814124959, 18.64289310167159, 18.69652584829987, 18.701230135010807, 18.751124111955303, 18.78823122605099, 18.794394953953784, 18.804204951060186, 18.813415624790025, 18.832007929689183, 18.837696007025546, 18.84239093224256]","[{""block"": ""rsma"", ""rho"": 1.0, ""gain"": 15.277621686981188}, {""block"": ""star_ris"", ""rho"": 1.0, ""gain"": 0.9351459875149786}, {""block"": ""rsma"", ""rho"": 1.0, ""gain"": 0.0}, {""block"": ""star_ris"", ""rho"": 2.0, ""gain"": 0.0027008437308282396}, {""block"": ""rsma"", ""rho"": 1.0, ""gain"": 0.0}, {""block"": ""star_ris"", ""rho"": 1.0, ""gain"": 0.2135117925850487}, {""block"": ""rsma"", ""rho"": 1.0, ""gain"": 0.0}, {""block"": ""star_ris"", ""rho"": 4.0, ""gain"": 0.1242204947407437}, {""block"": ""rsma"", ""rho"": 1.0, ""gain"": 0.0}, {""block"": ""star_ris"", ""rho"": 16.0, ""gain"": 0.03062464100973017}, {""block"": ""rsma"", ""rho"": 1.0, ""gain"": 3.552713678800501e-15}, {""block"": ""star_ris"", ""rho"": 2.0, ""gain"": 0.022189027037168074}, {""block"": ""rsma"", ""rho"": 1.0, ""gain"": 0.0}, {""block"": ""star_ris"", ""rho"": 2.0, ""gain"": 0.03181564560508221}, {""block"": ""rsma"", ""rho"": 1.0, ""gain"": 0.0}, {""block"": ""star_ris"", ""rho"": 1.0, ""gain"": 0.03620223022349833}, {""block"": ""rsma"", ""rho"": 1.0, ""gain"": 0.0}, {""block"": ""star_ris"", ""rho"": 2.0, ""gain"": 0.06971855909128166}, {""block"": ""rsma"", ""rho"": 1.0, ""gain"": 0.0}, {""block"": ""star_ris"", ""rho"": 2.0, ""gain"": 0.0611849604220005}, {""block"": ""rsma"", ""rho"": 1.0, ""gain"": 0.0}, {""block"": ""star_ris"", ""rho"": 1.0, ""gain"": 0.053632746628281325}, {""block"": ""rsma"", ""rho"": 1.0, ""gain"": 0.0}, {""block"": ""star_ris"", ""rho"": 16.0, ""gain"": 0.004704286710936145}, {""block"": ""rsma"", ""rho"": 1.0, ""gain"": 3.552713678800501e-15}, {""block"": ""star_ris"", ""rho"": 4.0, ""gain"": 0.04989397694449238}, {""block"": ""rsma"", ""rho"": 1.0, ""gain"": 3.552713678800501e-15}, {""block"": ""star_ris"", ""rho"": 2.0, ""gain"": 0.0371071140956829}, {""block"": ""rsma"", ""rho"": 1.0, ""gain"": 0.0}, {""block"": ""star_ris"", ""rho"": 16.0, ""gain"": 0.006163727902794847}, {""block"": ""rsma"", ""rho"": 1.0, ""gain"": 0.0}, {""block"": ""star_ris"", ""rho"": 16.0, ""gain"": 0.009809997106401624}, {""block"": ""rsma"", ""rho"": 1.0, ""gain"": -3.552713678800501e-15}, {""block"": ""star_ris"", ""rho"": 4.0, ""gain"": 0.009210673729842966}, {""block"": ""rsma"", ""rho"": 1.0, ""gain"": -3.552713678800501e-15}, {""block"": ""star_ris"", ""rho"": 2.0, ""gain"": 0.01859230489916186}, {""block"": ""rsma"", ""rho"": 1.0, ""gain"": 0.0}, {""block"": ""star_ris"", ""rho"": 2.0, ""gain"": 0.0056880773363623405}, {""block"": ""rsma"", ""rho"": 1.0, ""gain"": 0.0}, {""block"": ""star_ris"", ""rho"": 2.0, ""gain"": 0.00469492521701298}]",{},6377.941825,eb978e84730de4cf1e0579ad9e17edb700c67ba6eceac89d1fe3698763a419f7,fc61d5cda7da39530055bae9bd0e92865f995cd9,4e84455d08cacd9f85c432f7838c3be2cb0f000b55edc3487c6dee9520cc0b63
ao_sca,96,10000,575,test,19.057488263848438,19.057488263848438,1.0,True,0.0,18,10765,34,ao_sca_proximal_physical,analytical_ris_equal_allocation,"[1.8379902423086871, 18.163537771806425, 18.204916106313707, 18.224991175322863, 18.617712173724605, 18.642709430778623, 18.68506561588994, 18.721539242071152, 18.737252348645445, 18.746358544308205, 18.818096622407747, 18.821394728484293, 18.94376382247577, 18.94571006817724, 18.963511611540376, 18.995956090419185, 19.011081403605242, 19.056392354413255, 19.057488263848434]","[{""block"": ""rsma"", ""rho"": 1.0, ""gain"": 16.13783936908786}, {""block"": ""star_ris"", ""rho"": 4.0, ""gain"": 0.18770816040987626}, {""block"": ""rsma"", ""rho"": 1.0, ""gain"": -7.105427357601002e-15}, {""block"": ""star_ris"", ""rho"": 16.0, ""gain"": 0.04137833450728934}, {""block"": ""rsma"", ""rho"": 1.0, ""gain"": 3.552713678800501e-15}, {""block"": ""star_ris"", ""rho"": 32.0, ""gain"": 0.020075069009152458}, {""block"": ""rsma"", ""rho"": 1.0, ""gain"": 0.0}, {""block"": ""star_ris"", ""rho"": 1.0, ""gain"": 0.39272099840174235}, {""block"": ""rsma"", ""rho"": 1.0, ""gain"": -3.552713678800501e-15}, {""block"": ""star_ris"", ""rho"": 4.0, ""gain"": 0.02499725705402156}, {""block"": ""rsma"", ""rho"": 1.0, ""gain"": -3.552713678800501e-15}, {""block"": ""star_ris"", ""rho"": 2.0, ""gain"": 0.04235618511131989}, {""block"": ""rsma"", ""rho"": 1.0, ""gain"": 0.0}, {""block"": ""star_ris"", ""rho"": 1.0, ""gain"": 0.03647362618121264}, {""block"": ""rsma"", ""rho"": 1.0, ""gain"": 0.0}, {""block"": ""star_ris"", ""rho"": 2.0, ""gain"": 0.015713106574292368}, {""block"": ""rsma"", ""rho"": 1.0, ""gain"": 3.552713678800501e-15}, {""block"": ""star_ris"", ""rho"": 2.0, ""gain"": 0.009106195662756278}, {""block"": ""rsma"", ""rho"": 1.0, ""gain"": -3.552713678800501e-15}, {""block"": ""star_ris"", ""rho"": 1.0, ""gain"": 0.07173807809954624}, {""block"": ""rsma"", ""rho"": 1.0, ""gain"": 3.552713678800501e-15}, {""block"": ""star_ris"", ""rho"": 1.0, ""gain"": 0.00329810607654224}, {""block"": ""rsma"", ""rho"": 1.0, ""gain"": 0.0}, {""block"": ""star_ris"", ""rho"": 8.0, ""gain"": 0.12236909399147677}, {""block"": ""rsma"", ""rho"": 1.0, ""gain"": 0.0}, {""block"": ""star_ris"", ""rho"": 16.0, ""gain"": 0.0019462457014718382}, {""block"": ""rsma"", ""rho"": 1.0, ""gain"": 0.0}, {""block"": ""star_ris"", ""rho"": 2.0, ""gain"": 0.017801543363134442}, {""block"": ""rsma"", ""rho"": 1.0, ""gain"": 0.0}, {""block"": ""star_ris"", ""rho"": 16.0, ""gain"": 0.032444478878808525}, {""block"": ""rsma"", ""rho"": 1.0, ""gain"": 0.0}, {""block"": ""star_ris"", ""rho"": 32.0, ""gain"": 0.01512531318605781}, {""block"": ""rsma"", ""rho"": 1.0, ""gain"": 3.552713678800501e-15}, {""block"": ""star_ris"", ""rho"": 1.0, ""gain"": 0.045310950808008954}, {""block"": ""rsma"", ""rho"": 1.0, ""gain"": 0.0}, {""block"": ""star_ris"", ""rho"": 8.0, ""gain"": 0.00109590943517901}]",{},5670.404421,eb978e84730de4cf1e0579ad9e17edb700c67ba6eceac89d1fe3698763a419f7,fc61d5cda7da39530055bae9bd0e92865f995cd9,4e84455d08cacd9f85c432f7838c3be2cb0f000b55edc3487c6dee9520cc0b63
ao_sca,96,10000,576,test,18.118390962974928,18.118390962974928,1.0,True,0.0,4,2391,8,ao_sca_proximal_physical,analytical_ris_equal_allocation,"[1.8379643751798234, 18.09595621811721, 18.11294020394911, 18.11706759050011, 18.118390962974928]","[{""block"": ""rsma"", ""rho"": 1.0, ""gain"": 15.512789500326466}, {""block"": ""star_ris"", ""rho"": 1.0, ""gain"": 0.74520234261092}, {""block"": ""rsma"", ""rho"": 1.0, ""gain"": 0.0}, {""block"": ""star_ris"", ""rho"": 4.0, ""gain"": 0.016983985831899417}, {""block"": ""rsma"", ""rho"": 1.0, ""gain"": 0.0}, {""block"": ""star_ris"", ""rho"": 1.0, ""gain"": 0.004127386551001422}, {""block"": ""rsma"", ""rho"": 1.0, ""gain"": 3.552713678800501e-15}, {""block"": ""star_ris"", ""rho"": 16.0, ""gain"": 0.0013233724748147324}]",{},1264.57963,eb978e84730de4cf1e0579ad9e17edb700c67ba6eceac89d1fe3698763a419f7,fc61d5cda7da39530055bae9bd0e92865f995cd9,4e84455d08cacd9f85c432f7838c3be2cb0f000b55edc3487c6dee9520cc0b63
ao_sca,96,10000,577,test,18.607256628807875,18.607256628807875,1.0,True,0.0,12,7191,23,ao_sca_proximal_physical,analytical_ris_equal_allocation,"[1.8379745288880556, 17.642876425326047, 17.70134650836448, 17.91834335387847, 18.013283934383004, 18.292254743898976, 18.48385883482459, 18.558504870740784, 18.560620769185086, 18.564488959156325, 18.599054935914317, 18.6065381841464, 18.607256628807875]","[{""block"": ""rsma"", ""rho"": 1.0, ""gain"": 15.677489030757583}, {""block"": ""star_ris"", ""rho"": 8.0, ""gain"": 0.12741286568040877}, {""block"": ""rsma"", ""rho"": 1.0, ""gain"": 0.0}, {""block"": ""star_ris"", ""rho"": 16.0, ""gain"": 0.05847008303843282}, {""block"": ""rsma"", ""rho"": 1.0, ""gain"": 0.0}, {""block"": ""star_ris"", ""rho"": 4.0, ""gain"": 0.21699684551398946}, {""block"": ""rsma"", ""rho"": 1.0, ""gain"": 0.0}, {""block"": ""star_ris"", ""rho"": 8.0, ""gain"": 0.09494058050453447}, {""block"": ""rsma"", ""rho"": 1.0, ""gain"": 3.552713678800501e-15}, {""block"": ""star_ris"", ""rho"": 1.0, ""gain"": 0.2789708095159682}, {""block"": ""rsma"", ""rho"": 1.0, ""gain"": 3.552713678800501e-15}, {""block"": ""star_ris"", ""rho"": 4.0, ""gain"": 0.19160409092561181}, {""block"": ""rsma"", ""rho"": 1.0, ""gain"": 0.0}, {""block"": ""star_ris"", ""rho"": 8.0, ""gain"": 0.07464603591619223}, {""block"": ""rsma"", ""rho"": 1.0, ""gain"": 3.552713678800501e-15}, {""block"": ""star_ris"", ""rho"": 32.0, ""gain"": 0.002115898444298381}, {""block"": ""rsma"", ""rho"": 1.0, ""gain"": 0.0}, {""block"": ""star_ris"", ""rho"": 8.0, ""gain"": 0.0038681899712393886}, {""block"": ""rsma"", ""rho"": 1.0, ""gain"": 0.0}, {""block"": ""star_ris"", ""rho"": 16.0, ""gain"": 0.034565976757992445}, {""block"": ""rsma"", ""rho"": 1.0, ""gain"": 0.0}, {""block"": ""star_ris"", ""rho"": 8.0, ""gain"": 0.00748324823208435}, {""block"": ""rsma"", ""rho"": 1.0, ""gain"": 0.0}, {""block"": ""star_ris"", ""rho"": 64.0, ""gain"": 0.0007184446614729723}]",{},3787.664495,eb978e84730de4cf1e0579ad9e17edb700c67ba6eceac89d1fe3698763a419f7,fc61d5cda7da39530055bae9bd0e92865f995cd9,4e84455d08cacd9f85c432f7838c3be2cb0f000b55edc3487c6dee9520cc0b63
ao_sca,96,10000,578,test,19.093634553098365,19.093634553098365,1.0,True,0.0,19,11365,31,ao_sca_proximal_physical,analytical_ris_equal_allocation,"[1.8379847922061685, 18.255061504088165, 18.40643328306889, 18.495063875883094, 18.529308480917635, 18.550448140685866, 18.56085842875826, 18.63117166045148, 18.65141037533544, 18.76368358247248, 18.88733898869593, 18.903140457047478, 18.938341148355864, 18.953433493034783, 19.045448464498087, 19.047943230528748, 19.05336246488164, 19.083230860916935, 19.092043314010695, 19.093634553098365]","[{""block"": ""rsma"", ""rho"": 1.0, ""gain"": 16.149621119013503}, {""block"": ""star_ris"", ""rho"": 2.0, ""gain"": 0.26745559286849385}, {""block"": ""rsma"", ""rho"": 1.0, ""gain"": 3.552713678800501e-15}, {""block"": ""star_ris"", ""rho"": 1.0, ""gain"": 0.15137177898072096}, {""block"": ""rsma"", ""rho"": 1.0, ""gain"": 0.0}, {""block"": ""star_ris"", ""rho"": 4.0, ""gain"": 0.08863059281420504}, {""block"": ""rsma"", ""rho"": 1.0, ""gain"": 0.0}, {""block"": ""star_ris"", ""rho"": 2.0, ""gain"": 0.034244605034540854}, {""block"": ""rsma"", ""rho"": 1.0, ""gain"": 0.0}, {""block"": ""star_ris"", ""rho"": 32.0, ""gain"": 0.021139659768230956}, {""block"": ""rsma"", ""rho"": 1.0, ""gain"": 3.552713678800501e-15}, {""block"": ""star_ris"", ""rho"": 64.0, ""gain"": 0.010410288072389307}, {""block"": ""rsma"", ""rho"": 1.0, ""gain"": 0.0}, {""block"": ""star_ris"", ""rho"": 1.0, ""gain"": 0.07031323169321979}, {""block"": ""rsma"", ""rho"": 1.0, ""gain"": 3.552713678800501e-15}, {""block"": ""star_ris"", ""rho"": 2.0, ""gain"": 0.02023871488395912}, {""block"": ""rsma"", ""rho"": 1.0, ""gain"": 0.0}, {""block"": ""star_ris"", ""rho"": 1.0, ""gain"": 0.11227320713704003}, {""block"": ""rsma"", ""rho"": 1.0, ""gain"": -3.552713678800501e-15}, {""block"": ""star_ris"", ""rho"": 1.0, ""gain"": 0.1236554062234525}, {""block"": ""rsma"", ""rho"": 1.0, ""gain"": 0.0}, {""block"": ""star_ris"", ""rho"": 4.0, ""gain"": 0.0158014683515475}, {""block"": ""rsma"", ""rho"": 1.0, ""gain"": 7.105427357601002e-15}, {""block"": ""star_ris"", ""rho"": 2.0, ""gain"": 0.035200691308379106}, {""block"": ""rsma"", ""rho"": 1.0, ""gain"": 0.0}, {""block"": ""star_ris"", ""rho"": 1.0, ""gain"": 0.01509234467891929}, {""block"": ""rsma"", ""rho"": 1.0, ""gain"": 0.0}, {""block"": ""star_ris"", ""rho"": 4.0, ""gain"": 0.0920149714633034}, {""block"": ""rsma"", ""rho"": 1.0, ""gain"": 0.0}, {""block"": ""star_ris"", ""rho"": 8.0, ""gain"": 0.002494766030661566}, {""block"": ""rsma"", ""rho"": 1.0, ""gain"": -3.552713678800501e-15}, {""block"": ""star_ris"", ""rho"": 4.0, ""gain"": 0.005419234352896041}, {""block"": ""rsma"", ""rho"": 1.0, ""gain"": 0.0}, {""block"": ""star_ris"", ""rho"": 16.0, ""gain"": 0.029868396035293898}, {""block"": ""rsma"", ""rho"": 1.0, ""gain"": 0.0}, {""block"": ""star_ris"", ""rho"": 32.0, ""gain"": 0.008812453093760553}, {""block"": ""rsma"", ""rho"": 1.0, ""gain"": 0.0}, {""block"": ""star_ris"", ""rho"": 32.0, ""gain"": 0.0015912390876700044}]",{},6100.913099,eb978e84730de4cf1e0579ad9e17edb700c67ba6eceac89d1fe3698763a419f7,fc61d5cda7da39530055bae9bd0e92865f995cd9,4e84455d08cacd9f85c432f7838c3be2cb0f000b55edc3487c6dee9520cc0b63
ao_sca,96,10000,579,test,18.620780831526243,18.620780831526243,1.0,True,0.0,3,1789,5,ao_sca_proximal_physical,analytical_ris_equal_allocation,"[1.8379968580440849, 18.56134136680034, 18.61896318308125, 18.620780831526243]","[{""block"": ""rsma"", ""rho"": 1.0, ""gain"": 16.338395681915898}, {""block"": ""star_ris"", ""rho"": 1.0, ""gain"": 0.3849488268403576}, {""block"": ""rsma"", ""rho"": 1.0, ""gain"": 0.0}, {""block"": ""star_ris"", ""rho"": 1.0, ""gain"": 0.05762181628090701}, {""block"": ""rsma"", ""rho"": 1.0, ""gain"": 0.0}, {""block"": ""star_ris"", ""rho"": 1.0, ""gain"": 0.0018176484449945463}]",{},960.39626,eb978e84730de4cf1e0579ad9e17edb700c67ba6eceac89d1fe3698763a419f7,fc61d5cda7da39530055bae9bd0e92865f995cd9,4e84455d08cacd9f85c432f7838c3be2cb0f000b55edc3487c6dee9520cc0b63
ao_sca,96,10000,580,test,18.42932683412109,18.42932683412109,1.0,True,0.0,4,2390,6,ao_sca_proximal_physical,analytical_ris_equal_allocation,"[1.8379783679265111, 18.275666209307666, 18.399737930789428, 18.429027524308733, 18.429326834121092]","[{""block"": ""rsma"", ""rho"": 1.0, ""gain"": 15.650515622491241}, {""block"": ""star_ris"", ""rho"": 1.0, ""gain"": 0.7871722188899142}, {""block"": ""rsma"", ""rho"": 1.0, ""gain"": 0.0}, {""block"": ""star_ris"", ""rho"": 4.0, ""gain"": 0.12407172148176215}, {""block"": ""rsma"", ""rho"": 1.0, ""gain"": 0.0}, {""block"": ""star_ris"", ""rho"": 8.0, ""gain"": 0.029289593519305157}, {""block"": ""rsma"", ""rho"": 1.0, ""gain"": 0.0}, {""block"": ""star_ris"", ""rho"": 1.0, ""gain"": 0.00029930981235892773}]",{},1260.246152,eb978e84730de4cf1e0579ad9e17edb700c67ba6eceac89d1fe3698763a419f7,fc61d5cda7da39530055bae9bd0e92865f995cd9,4e84455d08cacd9f85c432f7838c3be2cb0f000b55edc3487c6dee9520cc0b63
ao_sca,96,10000,581,test,19.28553685688282,19.28553685688282,1.0,True,0.0,20,11962,34,ao_sca_proximal_physical,analytical_ris_equal_allocation,"[1.8380046028293953, 18.431534547634413, 18.508825008033348, 18.518008701744566, 18.65873952374771, 18.70394041980902, 18.764906884980036, 18.768605445628626, 18.94881100902584, 18.97573638020222, 18.99966996931407, 19.046006179840067, 19.081294724948528, 19.097270647838823, 19.128580819900918, 19.13269399375767, 19.156288800384935, 19.200096628107005, 19.228908495068854, 19.240568423293016, 19.28553685688282]","[{""block"": ""rsma"", ""rho"": 1.0, ""gain"": 16.417833569346666}, {""block"": ""star_ris"", ""rho"": 4.0, ""gain"": 0.17569637545835093}, {""block"": ""rsma"", ""rho"": 1.0, ""gain"": 0.0}, {""block"": ""star_ris"", ""rho"": 8.0, ""gain"": 0.07729046039893461}, {""block"": ""rsma"", ""rho"": 1.0, ""gain"": 0.0}, {""block"": ""star_ris"", ""rho"": 64.0, ""gain"": 0.00918369371121841}, {""block"": ""rsma"", ""rho"": 1.0, ""gain"": 0.0}, {""block"": ""star_ris"", ""rho"": 4.0, ""gain"": 0.14073082200314246}, {""block"": ""rsma"", ""rho"": 1.0, ""gain"": 0.0}, {""block"": ""star_ris"", ""rho"": 4.0, ""gain"": 0.04520089606130995}, {""block"": ""rsma"", ""rho"": 1.0, ""gain"": 0.0}, {""block"": ""star_ris"", ""rho"": 2.0, ""gain"": 0.06096646517101689}, {""block"": ""rsma"", ""rho"": 1.0, ""gain"": -7.105427357601002e-15}, {""block"": ""star_ris"", ""rho"": 128.0, ""gain"": 0.0036985606485977485}, {""block"": ""rsma"", ""rho"": 1.0, ""gain"": 0.0}, {""block"": ""star_ris"", ""rho"": 2.0, ""gain"": 0.1802055633972124}, {""block"": ""rsma"", ""rho"": 1.0, ""gain"": -3.552713678800501e-15}, {""block"": ""star_ris"", ""rho"": 4.0, ""gain"": 0.026925371176385937}, {""block"": ""rsma"", ""rho"": 1.0, ""gain"": 7.105427357601002e-15}, {""block"": ""star_ris"", ""rho"": 16.0, ""gain"": 0.023933589111841513}, {""block"": ""rsma"", ""rho"": 1.0, ""gain"": 0.0}, {""block"": ""star_ris"", ""rho"": 4.0, ""gain"": 0.04633621052599679}, {""block"": ""rsma"", ""rho"": 1.0, ""gain"": 0.0}, {""block"": ""star_ris"", ""rho"": 4.0, ""gain"": 0.03528854510846102}, {""block"": ""rsma"", ""rho"": 1.0, ""gain"": 0.0}, {""block"": ""star_ris"", ""rho"": 1.0, ""gain"": 0.015975922890294925}, {""block"": ""rsma"", ""rho"": 1.0, ""gain"": 0.0}, {""block"": ""star_ris"", ""rho"": 4.0, ""gain"": 0.03131017206209563}, {""block"": ""rsma"", ""rho"": 1.0, ""gain"": 0.0}, {""block"": ""star_ris"", ""rho"": 2.0, ""gain"": 0.004113173856751473}, {""block"": ""rsma"", ""rho"": 1.0, ""gain"": 0.0}, {""block"": ""star_ris"", ""rho"": 1.0, ""gain"": 0.02359480662726554}, {""block"": ""rsma"", ""rho"": 1.0, ""gain"": 3.552713678800501e-15}, {""block"": ""star_ris"", ""rho"": 4.0, ""gain"": 0.04380782772206615}, {""block"": ""rsma"", ""rho"": 1.0, ""gain"": 0.0}, {""block"": ""star_ris"", ""rho"": 2.0, ""gain"": 0.02881186696184912}, {""block"": ""rsma"", ""rho"": 1.0, ""gain"": 0.0}, {""block"": ""star_ris"", ""rho"": 2.0, ""gain"": 0.011659928224162286}, {""block"": ""rsma"", ""rho"": 1.0, ""gain"": 3.552713678800501e-15}, {""block"": ""star_ris"", ""rho"": 1.0, ""gain"": 0.04496843358980129}]",{},6600.001248,eb978e84730de4cf1e0579ad9e17edb700c67ba6eceac89d1fe3698763a419f7,fc61d5cda7da39530055bae9bd0e92865f995cd9,4e84455d08cacd9f85c432f7838c3be2cb0f000b55edc3487c6dee9520cc0b63
ao_sca,96,10000,582,test,19.142717802519183,19.142717802519183,1.0,True,0.0,17,10162,27,ao_sca_proximal_physical,analytical_ris_equal_allocation,"[1.8379941797176778, 18.386821113210924, 18.65080719665274, 18.724137004134562, 18.758016472401685, 18.8701084667837, 18.964001880303996, 18.975154657689423, 18.98251743029539, 19.025126125046505, 19.031312540299858, 19.040073988610324, 19.05346918367054, 19.07621509847622, 19.11994822331214, 19.128944201149643, 19.142032266079195, 19.142717802519186]","[{""block"": ""rsma"", ""rho"": 1.0, ""gain"": 16.358884381440152}, {""block"": ""star_ris"", ""rho"": 1.0, ""gain"": 0.1899425520530933}, {""block"": ""rsma"", ""rho"": 1.0, ""gain"": 0.0}, {""block"": ""star_ris"", ""rho"": 1.0, ""gain"": 0.2639860834418144}, {""block"": ""rsma"", ""rho"": 1.0, ""gain"": 0.0}, {""block"": ""star_ris"", ""rho"": 1.0, ""gain"": 0.07332980748182294}, {""block"": ""rsma"", ""rho"": 1.0, ""gain"": 0.0}, {""block"": ""star_ris"", ""rho"": 2.0, ""gain"": 0.033879468267123514}, {""block"": ""rsma"", ""rho"": 1.0, ""gain"": -3.552713678800501e-15}, {""block"": ""star_ris"", ""rho"": 1.0, ""gain"": 0.11209199438201978}, {""block"": ""rsma"", ""rho"": 1.0, ""gain"": 3.552713678800501e-15}, {""block"": ""star_ris"", ""rho"": 4.0, ""gain"": 0.09389341352029135}, {""block"": ""rsma"", ""rho"": 1.0, ""gain"": 0.0}, {""block"": ""star_ris"", ""rho"": 32.0, ""gain"": 0.011152777385426305}, {""block"": ""rsma"", ""rho"": 1.0, ""gain"": 0.0}, {""block"": ""star_ris"", ""rho"": 4.0, ""gain"": 0.007362772605965517}, {""block"": ""rsma"", ""rho"": 1.0, ""gain"": 0.0}, {""block"": ""star_ris"", ""rho"": 1.0, ""gain"": 0.042608694751116616}, {""block"": ""rsma"", ""rho"": 1.0, ""gain"": 0.0}, {""block"": ""star_ris"", ""rho"": 16.0, ""gain"": 0.006186415253353061}, {""block"": ""rsma"", ""rho"": 1.0, ""gain"": 0.0}, {""block"": ""star_ris"", ""rho"": 8.0, ""gain"": 0.00876144831046588}, {""block"": ""rsma"", ""rho"": 1.0, ""gain"": 0.0}, {""block"": ""star_ris"", ""rho"": 2.0, ""gain"": 0.013395195060216025}, {""block"": ""rsma"", ""rho"": 1.0, ""gain"": 0.0}, {""block"": ""star_ris"", ""rho"": 16.0, ""gain"": 0.02274591480567878}, {""block"": ""rsma"", ""rho"": 1.0, ""gain"": 0.0}, {""block"": ""star_ris"", ""rho"": 1.0, ""gain"": 0.043733124835920734}, {""block"": ""rsma"", ""rho"": 1.0, ""gain"": 0.0}, {""block"": ""star_ris"", ""rho"": 16.0, ""gain"": 0.008995977837503943}, {""block"": ""rsma"", ""rho"": 1.0, ""gain"": 0.0}, {""block"": ""star_ris"", ""rho"": 2.0, ""gain"": 0.01308806492955128}, {""block"": ""rsma"", ""rho"": 1.0, ""gain"": -3.552713678800501e-15}, {""block"": ""star_ris"", ""rho"": 4.0, ""gain"": 0.0006855364399953601}]",{},5598.042805,eb978e84730de4cf1e0579ad9e17edb700c67ba6eceac89d1fe3698763a419f7,fc61d5cda7da39530055bae9bd0e92865f995cd9,4e84455d08cacd9f85c432f7838c3be2cb0f000b55edc3487c6dee9520cc0b63
ao_sca,96,10000,583,test,19.181767583259,19.181767583259,1.0,True,0.0,16,9573,26,ao_sca_proximal_physical,analytical_ris_equal_allocation,"[1.8379993379390114, 18.517437105919676, 18.533591965495212, 18.572207192948326, 18.60333590102567, 18.622386407465246, 18.896528326564276, 18.91644599660946, 18.963243852747638, 19.08667708820135, 19.090821630708263, 19.09780834123616, 19.16346499209075, 19.17382204893235, 19.177229772229104, 19.18007999749636, 19.181767583259]","[{""block"": ""rsma"", ""rho"": 1.0, ""gain"": 16.43020058819264}, {""block"": ""star_ris"", ""rho"": 2.0, ""gain"": 0.2492371797880253}, {""block"": ""rsma"", ""rho"": 1.0, ""gain"": 0.0}, {""block"": ""star_ris"", ""rho"": 8.0, ""gain"": 0.016154859575536307}, {""block"": ""rsma"", ""rho"": 1.0, ""gain"": 7.105427357601002e-15}, {""block"": ""star_ris"", ""rho"": 16.0, ""gain"": 0.03861522745310708}, {""block"": ""rsma"", ""rho"": 1.0, ""gain"": -7.105427357601002e-15}, {""block"": ""star_ris"", ""rho"": 1.0, ""gain"": 0.031128708077350353}, {""block"": ""rsma"", ""rho"": 1.0, ""gain"": 0.0}, {""block"": ""star_ris"", ""rho"": 32.0, ""gain"": 0.01905050643957651}, {""block"": ""rsma"", ""rho"": 1.0, ""gain"": 0.0}, {""block"": ""star_ris"", ""rho"": 1.0, ""gain"": 0.27414191909902996}, {""block"": ""rsma"", ""rho"": 1.0, ""gain"": 0.0}, {""block"": ""star_ris"", ""rho"": 4.0, ""gain"": 0.019917670045185076}, {""block"": ""rsma"", ""rho"": 1.0, ""gain"": 0.0}, {""block"": ""star_ris"", ""rho"": 1.0, ""gain"": 0.046797856138176996}, {""block"": ""rsma"", ""rho"": 1.0, ""gain"": 0.0}, {""block"": ""star_ris"", ""rho"": 1.0, ""gain"": 0.12343323545371021}, {""block"": ""rsma"", ""rho"": 1.0, ""gain"": 3.552713678800501e-15}, {""block"": ""star_ris"", ""rho"": 2.0, ""gain"": 0.004144542506910653}, {""block"": ""rsma"", ""rho"": 1.0, ""gain"": 3.552713678800501e-15}, {""block"": ""star_ris"", ""rho"": 4.0, ""gain"": 0.006986710527893791}, {""block"": ""rsma"", ""rho"": 1.0, ""gain"": -3.552713678800501e-15}, {""block"": ""star_ris"", ""rho"": 4.0, ""gain"": 0.06565665085459216}, {""block"": ""rsma"", ""rho"": 1.0, ""gain"": 0.0}, {""block"": ""star_ris"", ""rho"": 32.0, ""gain"": 0.010357056841602486}, {""block"": ""rsma"", ""rho"": 1.0, ""gain"": -7.105427357601002e-15}, {""block"": ""star_ris"", ""rho"": 1.0, ""gain"": 0.003407723296760423}, {""block"": ""rsma"", ""rho"": 1.0, ""gain"": 0.0}, {""block"": ""star_ris"", ""rho"": 32.0, ""gain"": 0.002850225267255979}, {""block"": ""rsma"", ""rho"": 1.0, ""gain"": 0.0}, {""block"": ""star_ris"", ""rho"": 64.0, ""gain"": 0.0016875857626388324}]",{},5309.98175,eb978e84730de4cf1e0579ad9e17edb700c67ba6eceac89d1fe3698763a419f7,fc61d5cda7da39530055bae9bd0e92865f995cd9,4e84455d08cacd9f85c432f7838c3be2cb0f000b55edc3487c6dee9520cc0b63
ao_sca,96,10000,584,test,18.518219191553584,18.518219191553584,1.0,True,0.0,9,5388,17,ao_sca_proximal_physical,analytical_ris_equal_allocation,"[1.8379805051983833, 18.07375472775409, 18.145835555543442, 18.162976807777216, 18.167211497179444, 18.336759911940778, 18.507811179854418, 18.511567186825683, 18.516660554991745, 18.518219191553584]","[{""block"": ""rsma"", ""rho"": 1.0, ""gain"": 15.861197663580887}, {""block"": ""star_ris"", ""rho"": 2.0, ""gain"": 0.37457655897481956}, {""block"": ""rsma"", ""rho"": 1.0, ""gain"": 0.0}, {""block"": ""star_ris"", ""rho"": 8.0, ""gain"": 0.07208082778935321}, {""block"": ""rsma"", ""rho"": 1.0, ""gain"": 0.0}, {""block"": ""star_ris"", ""rho"": 32.0, ""gain"": 0.01714125223377394}, {""block"": ""rsma"", ""rho"": 1.0, ""gain"": 0.0}, {""block"": ""star_ris"", ""rho"": 128.0, ""gain"": 0.004234689402228042}, {""block"": ""rsma"", ""rho"": 1.0, ""gain"": 0.0}, {""block"": ""star_ris"", ""rho"": 1.0, ""gain"": 0.16954841476133353}, {""block"": ""rsma"", ""rho"": 1.0, ""gain"": 3.552713678800501e-15}, {""block"": ""star_ris"", ""rho"": 2.0, ""gain"": 0.17105126791363645}, {""block"": ""rsma"", ""rho"": 1.0, ""gain"": 3.552713678800501e-15}, {""block"": ""star_ris"", ""rho"": 8.0, ""gain"": 0.0037560069712618827}, {""block"": ""rsma"", ""rho"": 1.0, ""gain"": -3.552713678800501e-15}, {""block"": ""star_ris"", ""rho"": 4.0, ""gain"": 0.005093368166065204}, {""block"": ""rsma"", ""rho"": 1.0, ""gain"": 7.105427357601002e-15}, {""block"": ""star_ris"", ""rho"": 2.0, ""gain"": 0.001558636561831861}]",{},2884.338127,eb978e84730de4cf1e0579ad9e17edb700c67ba6eceac89d1fe3698763a419f7,fc61d5cda7da39530055bae9bd0e92865f995cd9,4e84455d08cacd9f85c432f7838c3be2cb0f000b55edc3487c6dee9520cc0b63
ao_sca,96,10000,585,test,18.93362924661961,18.93362924661961,1.0,True,0.0,11,6571,17,ao_sca_proximal_physical,analytical_ris_equal_allocation,"[1.8379908720357645, 18.306164553489552, 18.460277406766306, 18.468645693406, 18.51463917546828, 18.564102054972047, 18.62097365130811, 18.670260835432774, 18.731100896008705, 18.863907957169705, 18.931995312199604, 18.93362924661961]","[{""block"": ""rsma"", ""rho"": 1.0, ""gain"": 16.42767393250144}, {""block"": ""star_ris"", ""rho"": 2.0, ""gain"": 0.040499748952349535}, {""block"": ""rsma"", ""rho"": 1.0, ""gain"": 0.0}, {""block"": ""star_ris"", ""rho"": 4.0, ""gain"": 0.15411285327675373}, {""block"": ""rsma"", ""rho"": 1.0, ""gain"": 0.0}, {""block"": ""star_ris"", ""rho"": 4.0, ""gain"": 0.008368286639694134}, {""block"": ""rsma"", ""rho"": 1.0, ""gain"": 3.552713678800501e-15}, {""block"": ""star_ris"", ""rho"": 2.0, ""gain"": 0.045993482062275604}, {""block"": ""rsma"", ""rho"": 1.0, ""gain"": 0.0}, {""block"": ""star_ris"", ""rho"": 1.0, ""gain"": 0.04946287950376771}, {""block"": ""rsma"", ""rho"": 1.0, ""gain"": 0.0}, {""block"": ""star_ris"", ""rho"": 1.0, ""gain"": 0.056871596336062424}, {""block"": ""rsma"", ""rho"": 1.0, ""gain"": 0.0}, {""block"": ""star_ris"", ""rho"": 4.0, ""gain"": 0.04928718412466537}, {""block"": ""rsma"", ""rho"": 1.0, ""gain"": 3.552713678800501e-15}, {""block"": ""star_ris"", ""rho"": 2.0, ""gain"": 0.06084006057592717}, {""block"": ""rsma"", ""rho"": 1.0, ""gain"": 0.0}, {""block"": ""star_ris"", ""rho"": 2.0, ""gain"": 0.1328070611609995}, {""block"": ""rsma"", ""rho"": 1.0, ""gain"": 0.0}, {""block"": ""star_ris"", ""rho"": 1.0, ""gain"": 0.06808735502989904}, {""block"": ""rsma"", ""rho"": 1.0, ""gain"": -3.552713678800501e-15}, {""block"": ""star_ris"", ""rho"": 16.0, ""gain"": 0.0016339344200098083}]",{},3529.613964,eb978e84730de4cf1e0579ad9e17edb700c67ba6eceac89d1fe3698763a419f7,fc61d5cda7da39530055bae9bd0e92865f995cd9,4e84455d08cacd9f85c432f7838c3be2cb0f000b55edc3487c6dee9520cc0b63
ao_sca,96,10000,586,test,18.98522101912762,18.98522101912762,1.0,True,0.0,20,11965,38,ao_sca_proximal_physical,analytical_ris_equal_allocation,"[1.83798946807774, 18.26152830907026, 18.381392763057082, 18.385288515753523, 18.4169803672265, 18.432452309095446, 18.490715328850975, 18.599924077862536, 18.711348532707383, 18.775439254218597, 18.799451579010878, 18.811402411236372, 18.82331765936918, 18.909266388220686, 18.91120137403106, 18.942530925914095, 18.960837993107816, 18.964386105779475, 18.97150731212119, 18.977509781864825, 18.98522101912762]","[{""block"": ""rsma"", ""rho"": 1.0, ""gain"": 16.06532191820566}, {""block"": ""star_ris"", ""rho"": 2.0, ""gain"": 0.358216922786859}, {""block"": ""rsma"", ""rho"": 1.0, ""gain"": 0.0}, {""block"": ""star_ris"", ""rho"": 4.0, ""gain"": 0.11986445398682122}, {""block"": ""rsma"", ""rho"": 1.0, ""gain"": 0.0}, {""block"": ""star_ris"", ""rho"": 4.0, ""gain"": 0.003895752696440269}, {""block"": ""rsma"", ""rho"": 1.0, ""gain"": 0.0}, {""block"": ""star_ris"", ""rho"": 16.0, ""gain"": 0.03169185147297782}, {""block"": ""rsma"", ""rho"": 1.0, ""gain"": -7.105427357601002e-15}, {""block"": ""star_ris"", ""rho"": 32.0, ""gain"": 0.015471941868952399}, {""block"": ""rsma"", ""rho"": 1.0, ""gain"": 0.0}, {""block"": ""star_ris"", ""rho"": 2.0, ""gain"": 0.058263019755528944}, {""block"": ""rsma"", ""rho"": 1.0, ""gain"": 0.0}, {""block"": ""star_ris"", ""rho"": 1.0, ""gain"": 0.10920874901156097}, {""block"": ""rsma"", ""rho"": 1.0, ""gain"": -3.552713678800501e-15}, {""block"": ""star_ris"", ""rho"": 4.0, ""gain"": 0.11142445484485108}, {""block"": ""rsma"", ""rho"": 1.0, ""gain"": -3.552713678800501e-15}, {""block"": ""star_ris"", ""rho"": 8.0, ""gain"": 0.0640907215112172}, {""block"": ""rsma"", ""rho"": 1.0, ""gain"": 0.0}, {""block"": ""star_ris"", ""rho"": 2.0, ""gain"": 0.024012324792280992}, {""block"": ""rsma"", ""rho"": 1.0, ""gain"": 0.0}, {""block"": ""star_ris"", ""rho"": 4.0, ""gain"": 0.011950832225494423}, {""block"": ""rsma"", ""rho"": 1.0, ""gain"": 0.0}, {""block"": ""star_ris"", ""rho"": 2.0, ""gain"": 0.011915248132808642}, {""block"": ""rsma"", ""rho"": 1.0, ""gain"": 0.0}, {""block"": ""star_ris"", ""rho"": 1.0, ""gain"": 0.08594872885150551}, {""block"": ""rsma"", ""rho"": 1.0, ""gain"": 7.105427357601002e-15}, {""block"": ""star_ris"", ""rho"": 8.0, ""gain"": 0.0019349858103652195}, {""block"": ""rsma"", ""rho"": 1.0, ""gain"": -3.552713678800501e-15}, {""block"": ""star_ris"", ""rho"": 8.0, ""gain"": 0.031329551883040097}, {""block"": ""rsma"", ""rho"": 1.0, ""gain"": 0.0}, {""block"": ""star_ris"", ""rho"": 16.0, ""gain"": 0.018307067193720883}, {""block"": ""rsma"", ""rho"": 1.0, ""gain"": 0.0}, {""block"": ""star_ris"", ""rho"": 8.0, ""gain"": 0.0035481126716589984}, {""block"": ""rsma"", ""rho"": 1.0, ""gain"": 0.0}, {""block"": ""star_ris"", ""rho"": 8.0, ""gain"": 0.007121206341714981}, {""block"": ""rsma"", ""rho"": 1.0, ""gain"": -3.552713678800501e-15}, {""block"": ""star_ris"", ""rho"": 8.0, ""gain"": 0.006002469743638272}, {""block"": ""rsma"", ""rho"": 1.0, ""gain"": 0.0}, {""block"": ""star_ris"", ""rho"": 2.0, ""gain"": 0.007711237262796544}]",{},6439.060296,eb978e84730de4cf1e0579ad9e17edb700c67ba6eceac89d1fe3698763a419f7,fc61d5cda7da39530055bae9bd0e92865f995cd9,4e84455d08cacd9f85c432f7838c3be2cb0f000b55edc3487c6dee9520cc0b63
ao_sca,96,10000,587,test,19.4846057958464,19.4846057958464,1.0,True,0.0,16,9567,31,ao_sca_proximal_physical,analytical_ris_equal_allocation,"[1.8380145647527095, 18.991481559959627, 19.085979602491363, 19.109512017507775, 19.12207224907501, 19.20906812266178, 19.22502102863926, 19.253045695485945, 19.26947804288561, 19.321388907780996, 19.37483724985845, 19.38404787734399, 19.40051358820724, 19.407163287080397, 19.412603243705895, 19.48400112103445, 19.484605795846402]","[{""block"": ""rsma"", ""rho"": 1.0, ""gain"": 17.100589540024547}, {""block"": ""star_ris"", ""rho"": 2.0, ""gain"": 0.0528774551823723}, {""block"": ""rsma"", ""rho"": 1.0, ""gain"": 0.0}, {""block"": ""star_ris"", ""rho"": 1.0, ""gain"": 0.0944980425317361}, {""block"": ""rsma"", ""rho"": 1.0, ""gain"": 0.0}, {""block"": ""star_ris"", ""rho"": 2.0, ""gain"": 0.02353241501641179}, {""block"": ""rsma"", ""rho"": 1.0, ""gain"": 3.552713678800501e-15}, {""block"": ""star_ris"", ""rho"": 4.0, ""gain"": 0.012560231567231739}, {""block"": ""rsma"", ""rho"": 1.0, ""gain"": 0.0}, {""block"": ""star_ris"", ""rho"": 1.0, ""gain"": 0.08699587358676908}, {""block"": ""rsma"", ""rho"": 1.0, ""gain"": -3.552713678800501e-15}, {""block"": ""star_ris"", ""rho"": 8.0, ""gain"": 0.015952905977485443}, {""block"": ""rsma"", ""rho"": 1.0, ""gain"": 0.0}, {""block"": ""star_ris"", ""rho"": 2.0, ""gain"": 0.028024666846683033}, {""block"": ""rsma"", ""rho"": 1.0, ""gain"": 0.0}, {""block"": ""star_ris"", ""rho"": 4.0, ""gain"": 0.016432347399664593}, {""block"": ""rsma"", ""rho"": 1.0, ""gain"": 0.0}, {""block"": ""star_ris"", ""rho"": 2.0, ""gain"": 0.051910864895386766}, {""block"": ""rsma"", ""rho"": 1.0, ""gain"": 0.0}, {""block"": ""star_ris"", ""rho"": 4.0, ""gain"": 0.053448342077455635}, {""block"": ""rsma"", ""rho"": 1.0, ""gain"": 0.0}, {""block"": ""star_ris"", ""rho"": 2.0, ""gain"": 0.009210627485536804}, {""block"": ""rsma"", ""rho"": 1.0, ""gain"": 0.0}, {""block"": ""star_ris"", ""rho"": 8.0, ""gain"": 0.016465710863251104}, {""block"": ""rsma"", ""rho"": 1.0, ""gain"": 0.0}, {""block"": ""star_ris"", ""rho"": 4.0, ""gain"": 0.0066496988731579165}, {""block"": ""rsma"", ""rho"": 1.0, ""gain"": 0.0}, {""block"": ""star_ris"", ""rho"": 64.0, ""gain"": 0.005439956625497899}, {""block"": ""rsma"", ""rho"": 1.0, ""gain"": 0.0}, {""block"": ""star_ris"", ""rho"": 4.0, ""gain"": 0.07139787732855396}, {""block"": ""rsma"", ""rho"": 1.0, ""gain"": 3.552713678800501e-15}, {""block"": ""star_ris"", ""rho"": 8.0, ""gain"": 0.0006046748119494794}]",{},5169.708184,eb978e84730de4cf1e0579ad9e17edb700c67ba6eceac89d1fe3698763a419f7,fc61d5cda7da39530055bae9bd0e92865f995cd9,4e84455d08cacd9f85c432f7838c3be2cb0f000b55edc3487c6dee9520cc0b63
ao_sca,96,10000,588,test,18.8339885730217,18.8339885730217,1.0,True,0.0,7,4190,11,ao_sca_proximal_physical,analytical_ris_equal_allocation,"[1.838000617847298, 18.645364938929685, 18.737230964607825, 18.773825317730463, 18.781324566196613, 18.819313637913673, 18.83385942108637, 18.8339885730217]","[{""block"": ""rsma"", ""rho"": 1.0, ""gain"": 16.610153395064742}, {""block"": ""star_ris"", ""rho"": 2.0, ""gain"": 0.19721092601764312}, {""block"": ""rsma"", ""rho"": 1.0, ""gain"": 0.0}, {""block"": ""star_ris"", ""rho"": 2.0, ""gain"": 0.09186602567814006}, {""block"": ""rsma"", ""rho"": 1.0, ""gain"": 0.0}, {""block"": ""star_ris"", ""rho"": 4.0, ""gain"": 0.03659435312263781}, {""block"": ""rsma"", ""rho"": 1.0, ""gain"": 0.0}, {""block"": ""star_ris"", ""rho"": 2.0, ""gain"": 0.007499248466150021}, {""block"": ""rsma"", ""rho"": 1.0, ""gain"": -3.552713678800501e-15}, {""block"": ""star_ris"", ""rho"": 8.0, ""gain"": 0.037989071717063894}, {""block"": ""rsma"", ""rho"": 1.0, ""gain"": 0.0}, {""block"": ""star_ris"", ""rho"": 8.0, ""gain"": 0.014545783172696503}, {""block"": ""rsma"", ""rho"": 1.0, ""gain"": 0.0}, {""block"": ""star_ris"", ""rho"": 64.0, ""gain"": 0.00012915193532947455}]",{},2280.913433,eb978e84730de4cf1e0579ad9e17edb700c67ba6eceac89d1fe3698763a419f7,fc61d5cda7da39530055bae9bd0e92865f995cd9,4e84455d08cacd9f85c432f7838c3be2cb0f000b55edc3487c6dee9520cc0b63
ao_sca,96,10000,589,test,19.13081670466905,19.13081670466905,1.0,True,0.0,9,5381,17,ao_sca_proximal_physical,analytical_ris_equal_allocation,"[1.838009169819126, 18.990391163571722, 19.06178012925662, 19.07396764636034, 19.090535963886303, 19.094666295503277, 19.100233920544408, 19.110377548013165, 19.12949273384978, 19.130816704669055]","[{""block"": ""rsma"", ""rho"": 1.0, ""gain"": 16.71688322537241}, {""block"": ""star_ris"", ""rho"": 1.0, ""gain"": 0.4354987683801852}, {""block"": ""rsma"", ""rho"": 1.0, ""gain"": 0.0}, {""block"": ""star_ris"", ""rho"": 4.0, ""gain"": 0.07138896568489628}, {""block"": ""rsma"", ""rho"": 1.0, ""gain"": 0.0}, {""block"": ""star_ris"", ""rho"": 8.0, ""gain"": 0.012187517103722456}, {""block"": ""rsma"", ""rho"": 1.0, ""gain"": 0.0}, {""block"": ""star_ris"", ""rho"": 4.0, ""gain"": 0.01656831752596233}, {""block"": ""rsma"", ""rho"": 1.0, ""gain"": 0.0}, {""block"": ""star_ris"", ""rho"": 2.0, ""gain"": 0.004130331616973848}, {""block"": ""rsma"", ""rho"": 1.0, ""gain"": 0.0}, {""block"": ""star_ris"", ""rho"": 8.0, ""gain"": 0.0055676250411309525}, {""block"": ""rsma"", ""rho"": 1.0, ""gain"": 0.0}, {""block"": ""star_ris"", ""rho"": 4.0, ""gain"": 0.010143627468757188}, {""block"": ""rsma"", ""rho"": 1.0, ""gain"": 3.552713678800501e-15}, {""block"": ""star_ris"", ""rho"": 1.0, ""gain"": 0.019115185836611204}, {""block"": ""rsma"", ""rho"": 1.0, ""gain"": 3.552713678800501e-15}, {""block"": ""star_ris"", ""rho"": 8.0, ""gain"": 0.0013239708192713806}]",{},2929.051903,eb978e84730de4cf1e0579ad9e17edb700c67ba6eceac89d1fe3698763a419f7,fc61d5cda7da39530055bae9bd0e92865f995cd9,4e84455d08cacd9f85c432f7838c3be2cb0f000b55edc3487c6dee9520cc0b63
ao_sca,96,10000,590,test,19.08662616580133,19.08662616580133,1.0,True,0.0,6,3595,10,ao_sca_proximal_physical,analytical_ris_equal_allocation,"[1.8380081086974849, 18.852350825220185, 18.880685665761227, 19.012368682839707, 19.071625501892832, 19.085797874944806, 19.086626165801334]","[{""block"": ""rsma"", ""rho"": 1.0, ""gain"": 16.738814401905856}, {""block"": ""star_ris"", ""rho"": 2.0, ""gain"": 0.2755283146168459}, {""block"": ""rsma"", ""rho"": 1.0, ""gain"": 0.0}, {""block"": ""star_ris"", ""rho"": 2.0, ""gain"": 0.028334840541042183}, {""block"": ""rsma"", ""rho"": 1.0, ""gain"": 0.0}, {""block"": ""star_ris"", ""rho"": 4.0, ""gain"": 0.13168301707847974}, {""block"": ""rsma"", ""rho"": 1.0, ""gain"": 0.0}, {""block"": ""star_ris"", ""rho"": 8.0, ""gain"": 0.0592568190531253}, {""block"": ""rsma"", ""rho"": 1.0, ""gain"": 0.0}, {""block"": ""star_ris"", ""rho"": 32.0, ""gain"": 0.014172373051973608}, {""block"": ""rsma"", ""rho"": 1.0, ""gain"": 0.0}, {""block"": ""star_ris"", ""rho"": 64.0, ""gain"": 0.0008282908565284686}]",{},1973.285888,eb978e84730de4cf1e0579ad9e17edb700c67ba6eceac89d1fe3698763a419f7,fc61d5cda7da39530055bae9bd0e92865f995cd9,4e84455d08cacd9f85c432f7838c3be2cb0f000b55edc3487c6dee9520cc0b63
ao_sca,96,10000,591,test,18.823418679330015,18.823418679330015,1.0,True,0.0,10,5976,17,ao_sca_proximal_physical,analytical_ris_equal_allocation,"[1.8379886411925448, 18.355045173419526, 18.393804216416406, 18.558179630042495, 18.57153743523234, 18.756409929951417, 18.762576644654025, 18.78546606990212, 18.796713406048145, 18.82171441312702, 18.823418679330018]","[{""block"": ""rsma"", ""rho"": 1.0, ""gain"": 16.40819302098644}, {""block"": ""star_ris"", ""rho"": 1.0, ""gain"": 0.10886351124053917}, {""block"": ""rsma"", ""rho"": 1.0, ""gain"": 0.0}, {""block"": ""star_ris"", ""rho"": 1.0, ""gain"": 0.0387590429968796}, {""block"": ""rsma"", ""rho"": 1.0, ""gain"": 0.0}, {""block"": ""star_ris"", ""rho"": 1.0, ""gain"": 0.16437541362608954}, {""block"": ""rsma"", ""rho"": 1.0, ""gain"": -3.552713678800501e-15}, {""block"": ""star_ris"", ""rho"": 1.0, ""gain"": 0.013357805189848193}, {""block"": ""rsma"", ""rho"": 1.0, ""gain"": 3.552713678800501e-15}, {""block"": ""star_ris"", ""rho"": 2.0, ""gain"": 0.1848724947190732}, {""block"": ""rsma"", ""rho"": 1.0, ""gain"": -3.552713678800501e-15}, {""block"": ""star_ris"", ""rho"": 4.0, ""gain"": 0.006166714702612097}, {""block"": ""rsma"", ""rho"": 1.0, ""gain"": 0.0}, {""block"": ""star_ris"", ""rho"": 16.0, ""gain"": 0.022889425248095563}, {""block"": ""rsma"", ""rho"": 1.0, ""gain"": 0.0}, {""block"": ""star_ris"", ""rho"": 32.0, ""gain"": 0.011247336146023912}, {""block"": ""rsma"", ""rho"": 1.0, ""gain"": 0.0}, {""block"": ""star_ris"", ""rho"": 2.0, ""gain"": 0.025001007078873982}, {""block"": ""rsma"", ""rho"": 1.0, ""gain"": 0.0}, {""block"": ""star_ris"", ""rho"": 4.0, ""gain"": 0.0017042662029993494}]",{},3250.804533,eb978e84730de4cf1e0579ad9e17edb700c67ba6eceac89d1fe3698763a419f7,fc61d5cda7da39530055bae9bd0e92865f995cd9,4e84455d08cacd9f85c432f7838c3be2cb0f000b55edc3487c6dee9520cc0b63
ao_sca,96,10000,592,test,18.53572409310717,18.53572409310717,1.0,True,0.0,4,2393,8,ao_sca_proximal_physical,analytical_ris_equal_allocation,"[1.837984751342702, 18.491366608565333, 18.494238045700108, 18.535477414728, 18.53572409310717]","[{""block"": ""rsma"", ""rho"": 1.0, ""gain"": 16.0899209165948}, {""block"": ""star_ris"", ""rho"": 1.0, ""gain"": 0.5634609406278308}, {""block"": ""rsma"", ""rho"": 1.0, ""gain"": -3.552713678800501e-15}, {""block"": ""star_ris"", ""rho"": 4.0, ""gain"": 0.002871437134778887}, {""block"": ""rsma"", ""rho"": 1.0, ""gain"": 0.0}, {""block"": ""star_ris"", ""rho"": 2.0, ""gain"": 0.041239369027891826}, {""block"": ""rsma"", ""rho"": 1.0, ""gain"": 0.0}, {""block"": ""star_ris"", ""rho"": 32.0, ""gain"": 0.00024667837917036195}]",{},1284.980788,eb978e84730de4cf1e0579ad9e17edb700c67ba6eceac89d1fe3698763a419f7,fc61d5cda7da39530055bae9bd0e92865f995cd9,4e84455d08cacd9f85c432f7838c3be2cb0f000b55edc3487c6dee9520cc0b63
ao_sca,96,10000,593,test,18.740681819532576,18.740681819532576,1.0,True,0.0,9,5397,18,ao_sca_proximal_physical,analytical_ris_equal_allocation,"[1.837998616744033, 18.40239537202949, 18.423422238118036, 18.43378088195246, 18.443396277842048, 18.46860795158461, 18.64824730607511, 18.72813257445117, 18.740067329314506, 18.740681819532576]","[{""block"": ""rsma"", ""rho"": 1.0, ""gain"": 16.521036970845625}, {""block"": ""star_ris"", ""rho"": 16.0, ""gain"": 0.04335978443982924}, {""block"": ""rsma"", ""rho"": 1.0, ""gain"": -3.552713678800501e-15}, {""block"": ""star_ris"", ""rho"": 32.0, ""gain"": 0.02102686608855109}, {""block"": ""rsma"", ""rho"": 1.0, ""gain"": -3.552713678800501e-15}, {""block"": ""star_ris"", ""rho"": 64.0, ""gain"": 0.010358643834425862}, {""block"": ""rsma"", ""rho"": 1.0, ""gain"": 0.0}, {""block"": ""star_ris"", ""rho"": 8.0, ""gain"": 0.009615395889589706}, {""block"": ""rsma"", ""rho"": 1.0, ""gain"": 0.0}, {""block"": ""star_ris"", ""rho"": 2.0, ""gain"": 0.025211673742560947}, {""block"": ""rsma"", ""rho"": 1.0, ""gain"": 0.0}, {""block"": ""star_ris"", ""rho"": 2.0, ""gain"": 0.17963935449050084}, {""block"": ""rsma"", ""rho"": 1.0, ""gain"": 0.0}, {""block"": ""star_ris"", ""rho"": 8.0, ""gain"": 0.07988526837606003}, {""block"": ""rsma"", ""rho"": 1.0, ""gain"": 3.552713678800501e-15}, {""block"": ""star_ris"", ""rho"": 32.0, ""gain"": 0.011934754863332842}, {""block"": ""rsma"", ""rho"": 1.0, ""gain"": 0.0}, {""block"": ""star_ris"", ""rho"": 16.0, ""gain"": 0.0006144902180693634}]",{},2910.425566,eb978e84730de4cf1e0579ad9e17edb700c67ba6eceac89d1fe3698763a419f7,fc61d5cda7da39530055bae9bd0e92865f995cd9,4e84455d08cacd9f85c432f7838c3be2cb0f000b55edc3487c6dee9520cc0b63
ao_sca,96,10000,594,test,18.93448015949912,18.93448015949912,1.0,True,0.0,20,11973,34,ao_sca_proximal_physical,analytical_ris_equal_allocation,"[1.8379906892076758, 18.203093188901953, 18.252909541708227, 18.32436544367291, 18.341278822047904, 18.42764054487442, 18.470695998399023, 18.476255896116218, 18.50169582993824, 18.530754719390693, 18.54494798784308, 18.551963898767802, 18.55545206683197, 18.581100537609537, 18.60569048660281, 18.68459461319765, 18.713446083646247, 18.814483815962607, 18.86819640148448, 18.89526553231167, 18.93448015949912]","[{""block"": ""rsma"", ""rho"": 1.0, ""gain"": 16.328876065074798}, {""block"": ""star_ris"", ""rho"": 4.0, ""gain"": 0.036226434619479164}, {""block"": ""rsma"", ""rho"": 1.0, ""gain"": 0.0}, {""block"": ""star_ris"", ""rho"": 2.0, ""gain"": 0.04981635280627472}, {""block"": ""rsma"", ""rho"": 1.0, ""gain"": 0.0}, {""block"": ""star_ris"", ""rho"": 8.0, ""gain"": 0.07145590196468277}, {""block"": ""rsma"", ""rho"": 1.0, ""gain"": -7.105427357601002e-15}, {""block"": ""star_ris"", ""rho"": 32.0, ""gain"": 0.016913378375001287}, {""block"": ""rsma"", ""rho"": 1.0, ""gain"": 3.552713678800501e-15}, {""block"": ""star_ris"", ""rho"": 4.0, ""gain"": 0.08636172282651344}, {""block"": ""rsma"", ""rho"": 1.0, ""gain"": 0.0}, {""block"": ""star_ris"", ""rho"": 2.0, ""gain"": 0.04305545352460172}, {""block"": ""rsma"", ""rho"": 1.0, ""gain"": 0.0}, {""block"": ""star_ris"", ""rho"": 8.0, ""gain"": 0.005559897717194673}, {""block"": ""rsma"", ""rho"": 1.0, ""gain"": 0.0}, {""block"": ""star_ris"", ""rho"": 4.0, ""gain"": 0.025439933822021032}, {""block"": ""rsma"", ""rho"": 1.0, ""gain"": 0.0}, {""block"": ""star_ris"", ""rho"": 16.0, ""gain"": 0.02905888945245394}, {""block"": ""rsma"", ""rho"": 1.0, ""gain"": -3.552713678800501e-15}, {""block"": ""star_ris"", ""rho"": 32.0, ""gain"": 0.01419326845239155}, {""block"": ""rsma"", ""rho"": 1.0, ""gain"": 0.0}, {""block"": ""star_ris"", ""rho"": 64.0, ""gain"": 0.007015910924721425}, {""block"": ""rsma"", ""rho"": 1.0, ""gain"": 0.0}, {""block"": ""star_ris"", ""rho"": 128.0, ""gain"": 0.003488168064166075}, {""block"": ""rsma"", ""rho"": 1.0, ""gain"": 0.0}, {""block"": ""star_ris"", ""rho"": 4.0, ""gain"": 0.025648470777568377}, {""block"": ""rsma"", ""rho"": 1.0, ""gain"": -3.552713678800501e-15}, {""block"": ""star_ris"", ""rho"": 2.0, ""gain"": 0.02458994899327749}, {""block"": ""rsma"", ""rho"": 1.0, ""gain"": 0.0}, {""block"": ""star_ris"", ""rho"": 1.0, ""gain"": 0.07890412659483914}, {""block"": ""rsma"", ""rho"": 1.0, ""gain"": 0.0}, {""block"": ""star_ris"", ""rho"": 2.0, ""gain"": 0.028851470448596928}, {""block"": ""rsma"", ""rho"": 1.0, ""gain"": 0.0}, {""block"": ""star_ris"", ""rho"": 1.0, ""gain"": 0.10103773231636026}, {""block"": ""rsma"", ""rho"": 1.0, ""gain"": -3.552713678800501e-15}, {""block"": ""star_ris"", ""rho"": 4.0, ""gain"": 0.05371258552187541}, {""block"": ""rsma"", ""rho"": 1.0, ""gain"": 0.0}, {""block"": ""star_ris"", ""rho"": 4.0, ""gain"": 0.02706913082718998}, {""block"": ""rsma"", ""rho"": 1.0, ""gain"": 0.0}, {""block"": ""star_ris"", ""rho"": 8.0, ""gain"": 0.03921462718745161}]",{},6479.92969,eb978e84730de4cf1e0579ad9e17edb700c67ba6eceac89d1fe3698763a419f7,fc61d5cda7da39530055bae9bd0e92865f995cd9,4e84455d08cacd9f85c432f7838c3be2cb0f000b55edc3487c6dee9520cc0b63
ao_sca,96,10000,595,test,18.266534422769443,18.266534422769443,1.0,True,0.0,3,1789,4,ao_sca_proximal_physical,analytical_ris_equal_allocation,"[1.8379752632499016, 18.104321778377553, 18.266066761809054, 18.266534422769443]","[{""block"": ""rsma"", ""rho"": 1.0, ""gain"": 16.141164462827597}, {""block"": ""star_ris"", ""rho"": 1.0, ""gain"": 0.12518205230005464}, {""block"": ""rsma"", ""rho"": 1.0, ""gain"": 0.0}, {""block"": ""star_ris"", ""rho"": 1.0, ""gain"": 0.16174498343150034}, {""block"": ""rsma"", ""rho"": 1.0, ""gain"": 0.0}, {""block"": ""star_ris"", ""rho"": 1.0, ""gain"": 0.00046766096038908245}]",{},982.465841,eb978e84730de4cf1e0579ad9e17edb700c67ba6eceac89d1fe3698763a419f7,fc61d5cda7da39530055bae9bd0e92865f995cd9,4e84455d08cacd9f85c432f7838c3be2cb0f000b55edc3487c6dee9520cc0b63
ao_sca,96,10000,596,test,19.15418893627299,19.15418893627299,1.0,True,0.0,18,10783,32,ao_sca_proximal_physical,analytical_ris_equal_allocation,"[1.8379731948369908, 18.51909548028352, 18.531644398472785, 18.543207552113714, 18.545556750424698, 18.55455830661116, 18.719424000274817, 18.757768231345736, 18.76831534097989, 18.934113359450173, 18.94239181702946, 19.040752557946604, 19.05724250522539, 19.068566740373715, 19.13001192053501, 19.141318415685202, 19.147472241360077, 19.15264978090422, 19.15418893627299]","[{""block"": ""rsma"", ""rho"": 1.0, ""gain"": 15.525241521315177}, {""block"": ""star_ris"", ""rho"": 1.0, ""gain"": 1.1558807641313535}, {""block"": ""rsma"", ""rho"": 1.0, ""gain"": 0.0}, {""block"": ""star_ris"", ""rho"": 2.0, ""gain"": 0.012548918189263958}, {""block"": ""rsma"", ""rho"": 1.0, ""gain"": 0.0}, {""block"": ""star_ris"", ""rho"": 32.0, ""gain"": 0.011563153640928192}, {""block"": ""rsma"", ""rho"": 1.0, ""gain"": 0.0}, {""block"": ""star_ris"", ""rho"": 4.0, ""gain"": 0.002349198310984235}, {""block"": ""rsma"", ""rho"": 1.0, ""gain"": 0.0}, {""block"": ""star_ris"", ""rho"": 64.0, ""gain"": 0.009001556186461812}, {""block"": ""rsma"", ""rho"": 1.0, ""gain"": 0.0}, {""block"": ""star_ris"", ""rho"": 2.0, ""gain"": 0.164865693663657}, {""block"": ""rsma"", ""rho"": 1.0, ""gain"": 3.552713678800501e-15}, {""block"": ""star_ris"", ""rho"": 2.0, ""gain"": 0.03834423107091567}, {""block"": ""rsma"", ""rho"": 1.0, ""gain"": 0.0}, {""block"": ""star_ris"", ""rho"": 2.0, ""gain"": 0.010547109634153173}, {""block"": ""rsma"", ""rho"": 1.0, ""gain"": 0.0}, {""block"": ""star_ris"", ""rho"": 2.0, ""gain"": 0.16579801847028364}, {""block"": ""rsma"", ""rho"": 1.0, ""gain"": 0.0}, {""block"": ""star_ris"", ""rho"": 2.0, ""gain"": 0.008278457579287135}, {""block"": ""rsma"", ""rho"": 1.0, ""gain"": 0.0}, {""block"": ""star_ris"", ""rho"": 4.0, ""gain"": 0.09836074091714408}, {""block"": ""rsma"", ""rho"": 1.0, ""gain"": 0.0}, {""block"": ""star_ris"", ""rho"": 2.0, ""gain"": 0.016489947278785166}, {""block"": ""rsma"", ""rho"": 1.0, ""gain"": 0.0}, {""block"": ""star_ris"", ""rho"": 4.0, ""gain"": 0.011324235148325812}, {""block"": ""rsma"", ""rho"": 1.0, ""gain"": 0.0}, {""block"": ""star_ris"", ""rho"": 4.0, ""gain"": 0.06144518016129652}, {""block"": ""rsma"", ""rho"": 1.0, ""gain"": 0.0}, {""block"": ""star_ris"", ""rho"": 512.0, ""gain"": 0.011306495150190443}, {""block"": ""rsma"", ""rho"": 1.0, ""gain"": 0.0}, {""block"": ""star_ris"", ""rho"": 8.0, ""gain"": 0.006153825674875435}, {""block"": ""rsma"", ""rho"": 1.0, ""gain"": 0.0}, {""block"": ""star_ris"", ""rho"": 16.0, ""gain"": 0.005177539544142462}, {""block"": ""rsma"", ""rho"": 1.0, ""gain"": 0.0}, {""block"": ""star_ris"", ""rho"": 4096.0, ""gain"": 0.001539155368771361}]",{},5918.347988,eb978e84730de4cf1e0579ad9e17edb700c67ba6eceac89d1fe3698763a419f7,fc61d5cda7da39530055bae9bd0e92865f995cd9,4e84455d08cacd9f85c432f7838c3be2cb0f000b55edc3487c6dee9520cc0b63
ao_sca,96,10000,597,test,18.5895185479677,18.5895185479677,1.0,True,0.0,13,7777,22,ao_sca_proximal_physical,analytical_ris_equal_allocation,"[1.8379725464097547, 17.856411584283787, 17.89789429918426, 17.907992310444264, 18.035677067523793, 18.398613469593418, 18.40140071843187, 18.418564758840333, 18.447094691360313, 18.49234539283055, 18.495195247716033, 18.520980115541853, 18.589462667973944, 18.5895185479677]","[{""block"": ""rsma"", ""rho"": 1.0, ""gain"": 15.9302701757595}, {""block"": ""star_ris"", ""rho"": 8.0, ""gain"": 0.08816886211453223}, {""block"": ""rsma"", ""rho"": 1.0, ""gain"": 0.0}, {""block"": ""star_ris"", ""rho"": 16.0, ""gain"": 0.04148271490047151}, {""block"": ""rsma"", ""rho"": 1.0, ""gain"": 0.0}, {""block"": ""star_ris"", ""rho"": 64.0, ""gain"": 0.010098011260005535}, {""block"": ""rsma"", ""rho"": 1.0, ""gain"": 0.0}, {""block"": ""star_ris"", ""rho"": 1.0, ""gain"": 0.1276847570795283}, {""block"": ""rsma"", ""rho"": 1.0, ""gain"": -3.552713678800501e-15}, {""block"": ""star_ris"", ""rho"": 1.0, ""gain"": 0.3629364020696286}, {""block"": ""rsma"", ""rho"": 1.0, ""gain"": 0.0}, {""block"": ""star_ris"", ""rho"": 4.0, ""gain"": 0.002787248838451717}, {""block"": ""rsma"", ""rho"": 1.0, ""gain"": 0.0}, {""block"": ""star_ris"", ""rho"": 2.0, ""gain"": 0.01716404040846342}, {""block"": ""rsma"", ""rho"": 1.0, ""gain"": 3.552713678800501e-15}, {""block"": ""star_ris"", ""rho"": 1.0, ""gain"": 0.028529932519976597}, {""block"": ""rsma"", ""rho"": 1.0, ""gain"": 0.0}, {""block"": ""star_ris"", ""rho"": 2.0, ""gain"": 0.045250701470237686}, {""block"": ""rsma"", ""rho"": 1.0, ""gain"": 0.0}, {""block"": ""star_ris"", ""rho"": 8.0, ""gain"": 0.0028498548854827277}, {""block"": ""rsma"", ""rho"": 1.0, ""gain"": 3.552713678800501e-15}, {""block"": ""star_ris"", ""rho"": 2.0, ""gain"": 0.02578486782581635}, {""block"": ""rsma"", ""rho"": 1.0, ""gain"": 0.0}, {""block"": ""star_ris"", ""rho"": 1.0, ""gain"": 0.06848255243209067}, {""block"": ""rsma"", ""rho"": 1.0, ""gain"": -3.552713678800501e-15}, {""block"": ""star_ris"", ""rho"": 128.0, ""gain"": 5.58799937593335e-05}]",{},4251.099437,eb978e84730de4cf1e0579ad9e17edb700c67ba6eceac89d1fe3698763a419f7,fc61d5cda7da39530055bae9bd0e92865f995cd9,4e84455d08cacd9f85c432f7838c3be2cb0f000b55edc3487c6dee9520cc0b63
ao_sca,96,10000,598,test,19.061456863868383,19.061456863868383,1.0,True,0.0,18,10763,31,ao_sca_proximal_physical,analytical_ris_equal_allocation,"[1.8379953394735113, 18.332999318894835, 18.4528028680785, 18.674715763544846, 18.720846948010816, 18.72285279384666, 18.734001807223528, 18.739864595122892, 18.78238391186614, 18.792164321462646, 18.839850472285864, 18.87286708546216, 18.987598942904032, 18.994799326419518, 19.05255778778666, 19.056978767951236, 19.058929549212387, 19.06138388592054, 19.061456863868386]","[{""block"": ""rsma"", ""rho"": 1.0, ""gain"": 16.4334214224004}, {""block"": ""star_ris"", ""rho"": 1.0, ""gain"": 0.06158255702092319}, {""block"": ""rsma"", ""rho"": 1.0, ""gain"": 0.0}, {""block"": ""star_ris"", ""rho"": 4.0, ""gain"": 0.11980354918366487}, {""block"": ""rsma"", ""rho"": 1.0, ""gain"": 0.0}, {""block"": ""star_ris"", ""rho"": 1.0, ""gain"": 0.22191289546634607}, {""block"": ""rsma"", ""rho"": 1.0, ""gain"": 0.0}, {""block"": ""star_ris"", ""rho"": 1.0, ""gain"": 0.04613118446597042}, {""block"": ""rsma"", ""rho"": 1.0, ""gain"": -3.552713678800501e-15}, {""block"": ""star_ris"", ""rho"": 16.0, ""gain"": 0.002005845835846287}, {""block"": ""rsma"", ""rho"": 1.0, ""gain"": -3.552713678800501e-15}, {""block"": ""star_ris"", ""rho"": 8.0, ""gain"": 0.011149013376872574}, {""block"": ""rsma"", ""rho"": 1.0, ""gain"": 0.0}, {""block"": ""star_ris"", ""rho"": 4.0, ""gain"": 0.005862787899364008}, {""block"": ""rsma"", ""rho"": 1.0, ""gain"": 0.0}, {""block"": ""star_ris"", ""rho"": 2.0, ""gain"": 0.042519316743248936}, {""block"": ""rsma"", ""rho"": 1.0, ""gain"": 0.0}, {""block"": ""star_ris"", ""rho"": 1.0, ""gain"": 0.00978040959650528}, {""block"": ""rsma"", ""rho"": 1.0, ""gain"": 0.0}, {""block"": ""star_ris"", ""rho"": 1.0, ""gain"": 0.04768615082321759}, {""block"": ""rsma"", ""rho"": 1.0, ""gain"": 0.0}, {""block"": ""star_ris"", ""rho"": 1.0, ""gain"": 0.03301661317629723}, {""block"": ""rsma"", ""rho"": 1.0, ""gain"": 3.552713678800501e-15}, {""block"": ""star_ris"", ""rho"": 1.0, ""gain"": 0.11473185744186765}, {""block"": ""rsma"", ""rho"": 1.0, ""gain"": 0.0}, {""block"": ""star_ris"", ""rho"": 4.0, ""gain"": 0.0072003835154852425}, {""block"": ""rsma"", ""rho"": 1.0, ""gain"": 0.0}, {""block"": ""star_ris"", ""rho"": 8.0, ""gain"": 0.057758461367143354}, {""block"": ""rsma"", ""rho"": 1.0, ""gain"": 0.0}, {""block"": ""star_ris"", ""rho"": 16.0, ""gain"": 0.004420980164574928}, {""block"": ""rsma"", ""rho"": 1.0, ""gain"": 3.552713678800501e-15}, {""block"": ""star_ris"", ""rho"": 16.0, ""gain"": 0.0019507812611472275}, {""block"": ""rsma"", ""rho"": 1.0, ""gain"": 0.0}, {""block"": ""star_ris"", ""rho"": 8.0, ""gain"": 0.0024543367081548695}, {""block"": ""rsma"", ""rho"": 1.0, ""gain"": 0.0}, {""block"": ""star_ris"", ""rho"": 64.0, ""gain"": 7.297794784477674e-05}]",{},5858.133159,eb978e84730de4cf1e0579ad9e17edb700c67ba6eceac89d1fe3698763a419f7,fc61d5cda7da39530055bae9bd0e92865f995cd9,4e84455d08cacd9f85c432f7838c3be2cb0f000b55edc3487c6dee9520cc0b63
ao_sca,96,10000,599,test,18.55677547969911,18.55677547969911,1.0,True,0.0,9,5397,14,ao_sca_proximal_physical,analytical_ris_equal_allocation,"[1.8379914524818073, 18.352504446763838, 18.44126375014236, 18.470650713084055, 18.472541332418665, 18.492878762965095, 18.502901707713526, 18.539509471147404, 18.554945394678697, 18.55677547969911]","[{""block"": ""rsma"", ""rho"": 1.0, ""gain"": 16.480020573958114}, {""block"": ""star_ris"", ""rho"": 2.0, ""gain"": 0.03449242032391453}, {""block"": ""rsma"", ""rho"": 1.0, ""gain"": 0.0}, {""block"": ""star_ris"", ""rho"": 8.0, ""gain"": 0.08875930337852367}, {""block"": ""rsma"", ""rho"": 1.0, ""gain"": 0.0}, {""block"": ""star_ris"", ""rho"": 16.0, ""gain"": 0.029386962941693184}, {""block"": ""rsma"", ""rho"": 1.0, ""gain"": 0.0}, {""block"": ""star_ris"", ""rho"": 8.0, ""gain"": 0.0018906193346097666}, {""block"": ""rsma"", ""rho"": 1.0, ""gain"": 0.0}, {""block"": ""star_ris"", ""rho"": 32.0, ""gain"": 0.020337430546430113}, {""block"": ""rsma"", ""rho"": 1.0, ""gain"": 3.552713678800501e-15}, {""block"": ""star_ris"", ""rho"": 64.0, ""gain"": 0.010022944748428131}, {""block"": ""rsma"", ""rho"": 1.0, ""gain"": 0.0}, {""block"": ""star_ris"", ""rho"": 8.0, ""gain"": 0.03660776343387795}, {""block"": ""rsma"", ""rho"": 1.0, ""gain"": 0.0}, {""block"": ""star_ris"", ""rho"": 4.0, ""gain"": 0.015435923531292417}, {""block"": ""rsma"", ""rho"": 1.0, ""gain"": 0.0}, {""block"": ""star_ris"", ""rho"": 32.0, ""gain"": 0.0018300850204120422}]",{},2947.936621,eb978e84730de4cf1e0579ad9e17edb700c67ba6eceac89d1fe3698763a419f7,fc61d5cda7da39530055bae9bd0e92865f995cd9,4e84455d08cacd9f85c432f7838c3be2cb0f000b55edc3487c6dee9520cc0b63
ao_sca,96,10000,600,test,18.678320607799563,18.678320607799563,1.0,True,0.0,9,5400,13,ao_sca_proximal_physical,analytical_ris_equal_allocation,"[1.8379219988753637, 17.27310424971641, 17.50920325116081, 17.85295953531682, 18.001525304515138, 18.025993968259876, 18.317811642613414, 18.674410150554177, 18.67671644438407, 18.678320607799563]","[{""block"": ""rsma"", ""rho"": 1.0, ""gain"": 14.928898990334206}, {""block"": ""star_ris"", ""rho"": 2.0, ""gain"": 0.5062832605068408}, {""block"": ""rsma"", ""rho"": 1.0, ""gain"": -3.552713678800501e-15}, {""block"": ""star_ris"", ""rho"": 2.0, ""gain"": 0.23609900144440132}, {""block"": ""rsma"", ""rho"": 1.0, ""gain"": 0.0}, {""block"": ""star_ris"", ""rho"": 2.0, ""gain"": 0.34375628415601156}, {""block"": ""rsma"", ""rho"": 1.0, ""gain"": 0.0}, {""block"": ""star_ris"", ""rho"": 2.0, ""gain"": 0.1485657691983171}, {""block"": ""rsma"", ""rho"": 1.0, ""gain"": 0.0}, {""block"": ""star_ris"", ""rho"": 32.0, ""gain"": 0.024468663744737995}, {""block"": ""rsma"", ""rho"": 1.0, ""gain"": 0.0}, {""block"": ""star_ris"", ""rho"": 1.0, ""gain"": 0.29181767435353834}, {""block"": ""rsma"", ""rho"": 1.0, ""gain"": 0.0}, {""block"": ""star_ris"", ""rho"": 1.0, ""gain"": 0.3565985079407632}, {""block"": ""rsma"", ""rho"": 1.0, ""gain"": 0.0}, {""block"": ""star_ris"", ""rho"": 8192.0, ""gain"": 0.0023062938298927804}, {""block"": ""rsma"", ""rho"": 1.0, ""gain"": 0.0}, {""block"": ""star_ris"", ""rho"": 8192.0, ""gain"": 0.0016041634154930762}]",{},2980.470364,eb978e84730de4cf1e0579ad9e17edb700c67ba6eceac89d1fe3698763a419f7,fc61d5cda7da39530055bae9bd0e92865f995cd9,4e84455d08cacd9f85c432f7838c3be2cb0f000b55edc3487c6dee9520cc0b63
ao_sca,96,10000,601,test,19.22232610812236,19.22232610812236,1.0,True,0.0,11,6585,20,ao_sca_proximal_physical,analytical_ris_equal_allocation,"[1.8380135592959985, 18.927918443115193, 19.03272939288305, 19.040718499023537, 19.141565947577092, 19.146056155592696, 19.17383731684238, 19.187432241135767, 19.211906655552855, 19.216245463944624, 19.221044527256918, 19.22232610812236]","[{""block"": ""rsma"", ""rho"": 1.0, ""gain"": 17.031761562116017}, {""block"": ""star_ris"", ""rho"": 2.0, ""gain"": 0.058143321703177264}, {""block"": ""rsma"", ""rho"": 1.0, ""gain"": 0.0}, {""block"": ""star_ris"", ""rho"": 1.0, ""gain"": 0.10481094976785599}, {""block"": ""rsma"", ""rho"": 1.0, ""gain"": 0.0}, {""block"": ""star_ris"", ""rho"": 4.0, ""gain"": 0.007989106140488644}, {""block"": ""rsma"", ""rho"": 1.0, ""gain"": 3.552713678800501e-15}, {""block"": ""star_ris"", ""rho"": 4.0, ""gain"": 0.10084744855355154}, {""block"": ""rsma"", ""rho"": 1.0, ""gain"": 0.0}, {""block"": ""star_ris"", ""rho"": 4.0, ""gain"": 0.004490208015603514}, {""block"": ""rsma"", ""rho"": 1.0, ""gain"": 0.0}, {""block"": ""star_ris"", ""rho"": 16.0, ""gain"": 0.02778116124968477}, {""block"": ""rsma"", ""rho"": 1.0, ""gain"": 0.0}, {""block"": ""star_ris"", ""rho"": 32.0, ""gain"": 0.013594924293386157}, {""block"": ""rsma"", ""rho"": 1.0, ""gain"": -3.552713678800501e-15}, {""block"": ""star_ris"", ""rho"": 2.0, ""gain"": 0.024474414417092305}, {""block"": ""rsma"", ""rho"": 1.0, ""gain"": 0.0}, {""block"": ""star_ris"", ""rho"": 32.0, ""gain"": 0.004338808391768367}, {""block"": ""rsma"", ""rho"": 1.0, ""gain"": -3.552713678800501e-15}, {""block"": ""star_ris"", ""rho"": 16.0, ""gain"": 0.0047990633122978466}, {""block"": ""rsma"", ""rho"": 1.0, ""gain"": 0.0}, {""block"": ""star_ris"", ""rho"": 4.0, ""gain"": 0.0012815808654416116}]",{},3572.317666,eb978e84730de4cf1e0579ad9e17edb700c67ba6eceac89d1fe3698763a419f7,fc61d5cda7da39530055bae9bd0e92865f995cd9,4e84455d08cacd9f85c432f7838c3be2cb0f000b55edc3487c6dee9520cc0b63
ao_sca,96,10000,602,test,18.857335096305803,18.857335096305803,1.0,True,0.0,9,5372,17,ao_sca_proximal_physical,analytical_ris_equal_allocation,"[1.8379938063124026, 18.581697465743634, 18.65041214296056, 18.666121966680528, 18.672298408629114, 18.696751955979973, 18.80303039050885, 18.83136142888574, 18.8557803023214, 18.857335096305803]","[{""block"": ""rsma"", ""rho"": 1.0, ""gain"": 16.21828034375696}, {""block"": ""star_ris"", ""rho"": 1.0, ""gain"": 0.5254233156742707}, {""block"": ""rsma"", ""rho"": 1.0, ""gain"": 0.0}, {""block"": ""star_ris"", ""rho"": 1.0, ""gain"": 0.06871467721692426}, {""block"": ""rsma"", ""rho"": 1.0, ""gain"": 0.0}, {""block"": ""star_ris"", ""rho"": 8.0, ""gain"": 0.015709823719969762}, {""block"": ""rsma"", ""rho"": 1.0, ""gain"": 0.0}, {""block"": ""star_ris"", ""rho"": 1.0, ""gain"": 0.006176441948586131}, {""block"": ""rsma"", ""rho"": 1.0, ""gain"": 0.0}, {""block"": ""star_ris"", ""rho"": 2.0, ""gain"": 0.02445354735085914}, {""block"": ""rsma"", ""rho"": 1.0, ""gain"": 0.0}, {""block"": ""star_ris"", ""rho"": 1.0, ""gain"": 0.10627843452887831}, {""block"": ""rsma"", ""rho"": 1.0, ""gain"": 0.0}, {""block"": ""star_ris"", ""rho"": 4.0, ""gain"": 0.028331038376887108}, {""block"": ""rsma"", ""rho"": 1.0, ""gain"": 0.0}, {""block"": ""star_ris"", ""rho"": 2.0, ""gain"": 0.024418873435660515}, {""block"": ""rsma"", ""rho"": 1.0, ""gain"": 0.0}, {""block"": ""star_ris"", ""rho"": 1.0, ""gain"": 0.001554793984404057}]",{},2953.081787,eb978e84730de4cf1e0579ad9e17edb700c67ba6eceac89d1fe3698763a419f7,fc61d5cda7da39530055bae9bd0e92865f995cd9,4e84455d08cacd9f85c432f7838c3be2cb0f000b55edc3487c6dee9520cc0b63
ao_sca,96,10000,603,test,19.02447310075224,19.02447310075224,1.0,True,0.0,14,8369,26,ao_sca_proximal_physical,analytical_ris_equal_allocation,"[1.8379788475729315, 18.32432961257852, 18.65092749677443, 18.734675944809297, 18.817734138399953, 18.87596814726006, 18.90343530877144, 18.94602311683164, 18.961937886317543, 18.972951849678005, 18.975687726790362, 18.98491520314609, 19.004300569457694, 19.022934712364247, 19.02447310075224]","[{""block"": ""rsma"", ""rho"": 1.0, ""gain"": 15.530966174345057}, {""block"": ""star_ris"", ""rho"": 1.0, ""gain"": 0.9553845906605325}, {""block"": ""rsma"", ""rho"": 1.0, ""gain"": 0.0}, {""block"": ""star_ris"", ""rho"": 1.0, ""gain"": 0.32659788419590896}, {""block"": ""rsma"", ""rho"": 1.0, ""gain"": 0.0}, {""block"": ""star_ris"", ""rho"": 1.0, ""gain"": 0.0837484480348678}, {""block"": ""rsma"", ""rho"": 1.0, ""gain"": 7.105427357601002e-15}, {""block"": ""star_ris"", ""rho"": 2.0, ""gain"": 0.0830581935906487}, {""block"": ""rsma"", ""rho"": 1.0, ""gain"": 0.0}, {""block"": ""star_ris"", ""rho"": 2.0, ""gain"": 0.05823400886010788}, {""block"": ""rsma"", ""rho"": 1.0, ""gain"": 0.0}, {""block"": ""star_ris"", ""rho"": 2.0, ""gain"": 0.02746716151137818}, {""block"": ""rsma"", ""rho"": 1.0, ""gain"": 0.0}, {""block"": ""star_ris"", ""rho"": 2.0, ""gain"": 0.04258780806020113}, {""block"": ""rsma"", ""rho"": 1.0, ""gain"": 0.0}, {""block"": ""star_ris"", ""rho"": 8.0, ""gain"": 0.01591476948590298}, {""block"": ""rsma"", ""rho"": 1.0, ""gain"": -3.552713678800501e-15}, {""block"": ""star_ris"", ""rho"": 32.0, ""gain"": 0.01101396336046534}, {""block"": ""rsma"", ""rho"": 1.0, ""gain"": 0.0}, {""block"": ""star_ris"", ""rho"": 128.0, ""gain"": 0.0027358771123573433}, {""block"": ""rsma"", ""rho"": 1.0, ""gain"": 0.0}, {""block"": ""star_ris"", ""rho"": 2.0, ""gain"": 0.00922747635572918}, {""block"": ""rsma"", ""rho"": 1.0, ""gain"": 0.0}, {""block"": ""star_ris"", ""rho"": 1.0, ""gain"": 0.019385366311603036}, {""block"": ""rsma"", ""rho"": 1.0, ""gain"": -3.552713678800501e-15}, {""block"": ""star_ris"", ""rho"": 4.0, ""gain"": 0.018634142906556406}, {""block"": ""rsma"", ""rho"": 1.0, ""gain"": 0.0}, {""block"": ""star_ris"", ""rho"": 4.0, ""gain"": 0.001538388387992029}]",{},4574.67384,eb978e84730de4cf1e0579ad9e17edb700c67ba6eceac89d1fe3698763a419f7,fc61d5cda7da39530055bae9bd0e92865f995cd9,4e84455d08cacd9f85c432f7838c3be2cb0f000b55edc3487c6dee9520cc0b63
ao_sca,96,10000,604,test,18.88329117249831,18.88329117249831,1.0,True,0.0,13,7784,25,ao_sca_proximal_physical,analytical_ris_equal_allocation,"[1.8379978528473035, 18.488459018704823, 18.492300547993004, 18.498814341178907, 18.629480691730468, 18.688930981082166, 18.703207518046447, 18.753838842801635, 18.82376769343971, 18.834845389712434, 18.850543111068507, 18.878415565420752, 18.882024632479013, 18.88329117249831]","[{""block"": ""rsma"", ""rho"": 1.0, ""gain"": 16.645959745724085}, {""block"": ""star_ris"", ""rho"": 8.0, ""gain"": 0.004501420133433243}, {""block"": ""rsma"", ""rho"": 1.0, ""gain"": 0.0}, {""block"": ""star_ris"", ""rho"": 1.0, ""gain"": 0.0038415292881808227}, {""block"": ""rsma"", ""rho"": 1.0, ""gain"": 0.0}, {""block"": ""star_ris"", ""rho"": 2.0, ""gain"": 0.006513793185902728}, {""block"": ""rsma"", ""rho"": 1.0, ""gain"": 0.0}, {""block"": ""star_ris"", ""rho"": 4.0, ""gain"": 0.13066635055156084}, {""block"": ""rsma"", ""rho"": 1.0, ""gain"": 0.0}, {""block"": ""star_ris"", ""rho"": 8.0, ""gain"": 0.05945028935169816}, {""block"": ""rsma"", ""rho"": 1.0, ""gain"": 3.552713678800501e-15}, {""block"": ""star_ris"", ""rho"": 32.0, ""gain"": 0.014276536964278108}, {""block"": ""rsma"", ""rho"": 1.0, ""gain"": 0.0}, {""block"": ""star_ris"", ""rho"": 2.0, ""gain"": 0.05063132475518728}, {""block"": ""rsma"", ""rho"": 1.0, ""gain"": 0.0}, {""block"": ""star_ris"", ""rho"": 4.0, ""gain"": 0.06992885063807464}, {""block"": ""rsma"", ""rho"": 1.0, ""gain"": 0.0}, {""block"": ""star_ris"", ""rho"": 4.0, ""gain"": 0.011077696272725035}, {""block"": ""rsma"", ""rho"": 1.0, ""gain"": 0.0}, {""block"": ""star_ris"", ""rho"": 4.0, ""gain"": 0.015697721356072947}, {""block"": ""rsma"", ""rho"": 1.0, ""gain"": 0.0}, {""block"": ""star_ris"", ""rho"": 16.0, ""gain"": 0.027872454352245057}, {""block"": ""rsma"", ""rho"": 1.0, ""gain"": 0.0}, {""block"": ""star_ris"", ""rho"": 64.0, ""gain"": 0.0036090670582602513}, {""block"": ""rsma"", ""rho"": 1.0, ""gain"": 0.0}, {""block"": ""star_ris"", ""rho"": 16.0, ""gain"": 0.0012665400192979348}]",{},4248.805893,eb978e84730de4cf1e0579ad9e17edb700c67ba6eceac89d1fe3698763a419f7,fc61d5cda7da39530055bae9bd0e92865f995cd9,4e84455d08cacd9f85c432f7838c3be2cb0f000b55edc3487c6dee9520cc0b63
ao_sca,96,10000,605,test,18.85980340881772,18.85980340881772,1.0,True,0.0,4,2389,7,ao_sca_proximal_physical,analytical_ris_equal_allocation,"[1.8379913660628595, 18.418001572933328, 18.819360013098553, 18.8595942860428, 18.85980340881772]","[{""block"": ""rsma"", ""rho"": 1.0, ""gain"": 15.86723210228891}, {""block"": ""star_ris"", ""rho"": 1.0, ""gain"": 0.7127781045815595}, {""block"": ""rsma"", ""rho"": 1.0, ""gain"": 0.0}, {""block"": ""star_ris"", ""rho"": 1.0, ""gain"": 0.40135844016522526}, {""block"": ""rsma"", ""rho"": 1.0, ""gain"": 0.0}, {""block"": ""star_ris"", ""rho"": 4.0, ""gain"": 0.04023427294424664}, {""block"": ""rsma"", ""rho"": 1.0, ""gain"": 0.0}, {""block"": ""star_ris"", ""rho"": 4.0, ""gain"": 0.00020912277491902387}]",{},1294.481694,eb978e84730de4cf1e0579ad9e17edb700c67ba6eceac89d1fe3698763a419f7,fc61d5cda7da39530055bae9bd0e92865f995cd9,4e84455d08cacd9f85c432f7838c3be2cb0f000b55edc3487c6dee9520cc0b63
ao_sca,96,10000,606,test,18.598239806125637,18.598239806125637,1.0,True,0.0,7,4182,12,ao_sca_proximal_physical,analytical_ris_equal_allocation,"[1.8379863982444127, 18.1494515899245, 18.482238854425322, 18.507195242517, 18.52415184781749, 18.586585261991928, 18.59823774310306, 18.598239806125633]","[{""block"": ""rsma"", ""rho"": 1.0, ""gain"": 16.259894736342964}, {""block"": ""star_ris"", ""rho"": 1.0, ""gain"": 0.05157045533712079}, {""block"": ""rsma"", ""rho"": 1.0, ""gain"": 3.552713678800501e-15}, {""block"": ""star_ris"", ""rho"": 1.0, ""gain"": 0.3327872645008192}, {""block"": ""rsma"", ""rho"": 1.0, ""gain"": 0.0}, {""block"": ""star_ris"", ""rho"": 2.0, ""gain"": 0.02495638809167744}, {""block"": ""rsma"", ""rho"": 1.0, ""gain"": 0.0}, {""block"": ""star_ris"", ""rho"": 2.0, ""gain"": 0.016956605300489258}, {""block"": ""rsma"", ""rho"": 1.0, ""gain"": 0.0}, {""block"": ""star_ris"", ""rho"": 2.0, ""gain"": 0.06243341417443915}, {""block"": ""rsma"", ""rho"": 1.0, ""gain"": -3.552713678800501e-15}, {""block"": ""star_ris"", ""rho"": 1.0, ""gain"": 0.011652481111134705}, {""block"": ""rsma"", ""rho"": 1.0, ""gain"": -3.552713678800501e-15}, {""block"": ""star_ris"", ""rho"": 64.0, ""gain"": 2.0630225776585576e-06}]",{},2267.50626,eb978e84730de4cf1e0579ad9e17edb700c67ba6eceac89d1fe3698763a419f7,fc61d5cda7da39530055bae9bd0e92865f995cd9,4e84455d08cacd9f85c432f7838c3be2cb0f000b55edc3487c6dee9520cc0b63
ao_sca,96,10000,607,test,18.96186228096933,18.96186228096933,1.0,True,0.0,14,8382,24,ao_sca_proximal_physical,analytical_ris_equal_allocation,"[1.8379963004725661, 18.22340412198607, 18.22780706451717, 18.261754715494643, 18.26590453854475, 18.267973126806535, 18.714798119543964, 18.717219686556405, 18.733898190669922, 18.738819012241695, 18.781776950886506, 18.88701368169049, 18.923562353121042, 18.960553040725188, 18.961862280969335]","[{""block"": ""rsma"", ""rho"": 1.0, ""gain"": 16.22983834705322}, {""block"": ""star_ris"", ""rho"": 4.0, ""gain"": 0.15556947446028602}, {""block"": ""rsma"", ""rho"": 1.0, ""gain"": 0.0}, {""block"": ""star_ris"", ""rho"": 128.0, ""gain"": 0.004402942531097409}, {""block"": ""rsma"", ""rho"": 1.0, ""gain"": 3.552713678800501e-15}, {""block"": ""star_ris"", ""rho"": 16.0, ""gain"": 0.033947650977470545}, {""block"": ""rsma"", ""rho"": 1.0, ""gain"": 0.0}, {""block"": ""star_ris"", ""rho"": 128.0, ""gain"": 0.004149823050106249}, {""block"": ""rsma"", ""rho"": 1.0, ""gain"": 0.0}, {""block"": ""star_ris"", ""rho"": 256.0, ""gain"": 0.0020685882617854645}, {""block"": ""rsma"", ""rho"": 1.0, ""gain"": 3.552713678800501e-15}, {""block"": ""star_ris"", ""rho"": 1.0, ""gain"": 0.44682499273742593}, {""block"": ""rsma"", ""rho"": 1.0, ""gain"": 0.0}, {""block"": ""star_ris"", ""rho"": 2.0, ""gain"": 0.002421567012440562}, {""block"": ""rsma"", ""rho"": 1.0, ""gain"": 0.0}, {""block"": ""star_ris"", ""rho"": 4.0, ""gain"": 0.01667850411351779}, {""block"": ""rsma"", ""rho"": 1.0, ""gain"": 0.0}, {""block"": ""star_ris"", ""rho"": 1.0, ""gain"": 0.004920821571772649}, {""block"": ""rsma"", ""rho"": 1.0, ""gain"": 0.0}, {""block"": ""star_ris"", ""rho"": 2.0, ""gain"": 0.04295793864481112}, {""block"": ""rsma"", ""rho"": 1.0, ""gain"": 0.0}, {""block"": ""star_ris"", ""rho"": 1.0, ""gain"": 0.1052367308039841}, {""block"": ""rsma"", ""rho"": 1.0, ""gain"": 0.0}, {""block"": ""star_ris"", ""rho"": 1.0, ""gain"": 0.03654867143055185}, {""block"": ""rsma"", ""rho"": 1.0, ""gain"": 0.0}, {""block"": ""star_ris"", ""rho"": 1.0, ""gain"": 0.03699068760414548}, {""block"": ""rsma"", ""rho"": 1.0, ""gain"": 0.0}, {""block"": ""star_ris"", ""rho"": 32.0, ""gain"": 0.0013092402441472473}]",{},4525.85868,eb978e84730de4cf1e0579ad9e17edb700c67ba6eceac89d1fe3698763a419f7,fc61d5cda7da39530055bae9bd0e92865f995cd9,4e84455d08cacd9f85c432f7838c3be2cb0f000b55edc3487c6dee9520cc0b63
ao_sca,96,10000,608,test,19.1019552197608,19.1019552197608,1.0,True,0.0,19,11358,35,ao_sca_proximal_physical,analytical_ris_equal_allocation,"[1.8379815460353512, 17.901630907972816, 18.00261747645238, 18.049095321419177, 18.060473877645368, 18.67526808717861, 18.69834024466374, 18.73087132489982, 18.762018143813247, 18.813670965471957, 18.82358287759502, 18.860776415309953, 18.86628583177626, 18.898216201389, 18.907125376820268, 18.923515297224462, 18.955614550134797, 19.05152086016207, 19.101134672128385, 19.101955219760796]","[{""block"": ""rsma"", ""rho"": 1.0, ""gain"": 16.048362330061224}, {""block"": ""star_ris"", ""rho"": 8.0, ""gain"": 0.01528703187624103}, {""block"": ""rsma"", ""rho"": 1.0, ""gain"": 0.0}, {""block"": ""star_ris"", ""rho"": 1.0, ""gain"": 0.10098656847956278}, {""block"": ""rsma"", ""rho"": 1.0, ""gain"": 0.0}, {""block"": ""star_ris"", ""rho"": 16.0, ""gain"": 0.04647784496679819}, {""block"": ""rsma"", ""rho"": 1.0, ""gain"": 3.552713678800501e-15}, {""block"": ""star_ris"", ""rho"": 64.0, ""gain"": 0.011378556226187442}, {""block"": ""rsma"", ""rho"": 1.0, ""gain"": -3.552713678800501e-15}, {""block"": ""star_ris"", ""rho"": 1.0, ""gain"": 0.6147942095332439}, {""block"": ""rsma"", ""rho"": 1.0, ""gain"": 3.552713678800501e-15}, {""block"": ""star_ris"", ""rho"": 1.0, ""gain"": 0.02307215748512803}, {""block"": ""rsma"", ""rho"": 1.0, ""gain"": 0.0}, {""block"": ""star_ris"", ""rho"": 1.0, ""gain"": 0.032531080236079646}, {""block"": ""rsma"", ""rho"": 1.0, ""gain"": 0.0}, {""block"": ""star_ris"", ""rho"": 8.0, ""gain"": 0.03114681891342741}, {""block"": ""rsma"", ""rho"": 1.0, ""gain"": 3.552713678800501e-15}, {""block"": ""star_ris"", ""rho"": 8.0, ""gain"": 0.051652821658706216}, {""block"": ""rsma"", ""rho"": 1.0, ""gain"": 0.0}, {""block"": ""star_ris"", ""rho"": 4.0, ""gain"": 0.009911912123062194}, {""block"": ""rsma"", ""rho"": 1.0, ""gain"": 0.0}, {""block"": ""star_ris"", ""rho"": 2.0, ""gain"": 0.037193537714934166}, {""block"": ""rsma"", ""rho"": 1.0, ""gain"": 0.0}, {""block"": ""star_ris"", ""rho"": 2.0, ""gain"": 0.00550941646630676}, {""block"": ""rsma"", ""rho"": 1.0, ""gain"": 3.552713678800501e-15}, {""block"": ""star_ris"", ""rho"": 1.0, ""gain"": 0.03193036961273776}, {""block"": ""rsma"", ""rho"": 1.0, ""gain"": 0.0}, {""block"": ""star_ris"", ""rho"": 2.0, ""gain"": 0.008909175431266902}, {""block"": ""rsma"", ""rho"": 1.0, ""gain"": 0.0}, {""block"": ""star_ris"", ""rho"": 4.0, ""gain"": 0.01638992040419396}, {""block"": ""rsma"", ""rho"": 1.0, ""gain"": -3.552713678800501e-15}, {""block"": ""star_ris"", ""rho"": 2.0, ""gain"": 0.03209925291033855}, {""block"": ""rsma"", ""rho"": 1.0, ""gain"": 0.0}, {""block"": ""star_ris"", ""rho"": 2.0, ""gain"": 0.09590631002727434}, {""block"": ""rsma"", ""rho"": 1.0, ""gain"": 3.552713678800501e-15}, {""block"": ""star_ris"", ""rho"": 4.0, ""gain"": 0.049613811966310095}, {""block"": ""rsma"", ""rho"": 1.0, ""gain"": -7.105427357601002e-15}, {""block"": ""star_ris"", ""rho"": 8.0, ""gain"": 0.0008205476324185668}]",{},6186.446068,eb978e84730de4cf1e0579ad9e17edb700c67ba6eceac89d1fe3698763a419f7,fc61d5cda7da39530055bae9bd0e92865f995cd9,4e84455d08cacd9f85c432f7838c3be2cb0f000b55edc3487c6dee9520cc0b63
ao_sca,96,10000,609,test,19.129809463226877,19.129809463226877,1.0,True,0.0,6,3584,11,ao_sca_proximal_physical,analytical_ris_equal_allocation,"[1.838004734477441, 18.47441597396275, 18.732858500662765, 18.91672280892119, 19.09379970600266, 19.12941276777888, 19.129809463226874]","[{""block"": ""rsma"", ""rho"": 1.0, ""gain"": 16.62406642322703}, {""block"": ""star_ris"", ""rho"": 2.0, ""gain"": 0.012344816258277547}, {""block"": ""rsma"", ""rho"": 1.0, ""gain"": 0.0}, {""block"": ""star_ris"", ""rho"": 1.0, ""gain"": 0.25844252670001566}, {""block"": ""rsma"", ""rho"": 1.0, ""gain"": 0.0}, {""block"": ""star_ris"", ""rho"": 1.0, ""gain"": 0.1838643082584248}, {""block"": ""rsma"", ""rho"": 1.0, ""gain"": 3.552713678800501e-15}, {""block"": ""star_ris"", ""rho"": 2.0, ""gain"": 0.17707689708146646}, {""block"": ""rsma"", ""rho"": 1.0, ""gain"": 0.0}, {""block"": ""star_ris"", ""rho"": 1.0, ""gain"": 0.035613061776221144}, {""block"": ""rsma"", ""rho"": 1.0, ""gain"": 0.0}, {""block"": ""star_ris"", ""rho"": 32.0, ""gain"": 0.000396695447992812}]",{},1980.152206,eb978e84730de4cf1e0579ad9e17edb700c67ba6eceac89d1fe3698763a419f7,fc61d5cda7da39530055bae9bd0e92865f995cd9,4e84455d08cacd9f85c432f7838c3be2cb0f000b55edc3487c6dee9520cc0b63
ao_sca,96,10000,610,test,18.998659834978163,18.998659834978163,1.0,True,0.0,13,7792,23,ao_sca_proximal_physical,analytical_ris_equal_allocation,"[1.8380066318588963, 18.71342146865305, 18.73127442308275, 18.740073775878535, 18.780931213666555, 18.817976232754337, 18.824290152710958, 18.832771636082022, 18.907570444603277, 18.91165691115873, 18.960398844054406, 18.966206795243338, 18.99828887542763, 18.998659834978163]","[{""block"": ""rsma"", ""rho"": 1.0, ""gain"": 16.838634242472}, {""block"": ""star_ris"", ""rho"": 16.0, ""gain"": 0.03678059432215264}, {""block"": ""rsma"", ""rho"": 1.0, ""gain"": 0.0}, {""block"": ""star_ris"", ""rho"": 32.0, ""gain"": 0.017852954429699253}, {""block"": ""rsma"", ""rho"": 1.0, ""gain"": -3.552713678800501e-15}, {""block"": ""star_ris"", ""rho"": 64.0, ""gain"": 0.008799352795790583}, {""block"": ""rsma"", ""rho"": 1.0, ""gain"": 0.0}, {""block"": ""star_ris"", ""rho"": 2.0, ""gain"": 0.04085743778801998}, {""block"": ""rsma"", ""rho"": 1.0, ""gain"": 0.0}, {""block"": ""star_ris"", ""rho"": 8.0, ""gain"": 0.03704501908778113}, {""block"": ""rsma"", ""rho"": 1.0, ""gain"": 0.0}, {""block"": ""star_ris"", ""rho"": 2.0, ""gain"": 0.006313919956621561}, {""block"": ""rsma"", ""rho"": 1.0, ""gain"": 3.552713678800501e-15}, {""block"": ""star_ris"", ""rho"": 64.0, ""gain"": 0.00848148337106025}, {""block"": ""rsma"", ""rho"": 1.0, ""gain"": 3.552713678800501e-15}, {""block"": ""star_ris"", ""rho"": 2.0, ""gain"": 0.0747988085212512}, {""block"": ""rsma"", ""rho"": 1.0, ""gain"": 0.0}, {""block"": ""star_ris"", ""rho"": 2.0, ""gain"": 0.004086466555452972}, {""block"": ""rsma"", ""rho"": 1.0, ""gain"": 0.0}, {""block"": ""star_ris"", ""rho"": 8.0, ""gain"": 0.048741932895676854}, {""block"": ""rsma"", ""rho"": 1.0, ""gain"": 0.0}, {""block"": ""star_ris"", ""rho"": 8.0, ""gain"": 0.005807951188931071}, {""block"": ""rsma"", ""rho"": 1.0, ""gain"": -3.552713678800501e-15}, {""block"": ""star_ris"", ""rho"": 16.0, ""gain"": 0.03208208018429559}, {""block"": ""rsma"", ""rho"": 1.0, ""gain"": -3.552713678800501e-15}, {""block"": ""star_ris"", ""rho"": 32.0, ""gain"": 0.0003709595505370089}]",{},4399.082615,eb978e84730de4cf1e0579ad9e17edb700c67ba6eceac89d1fe3698763a419f7,fc61d5cda7da39530055bae9bd0e92865f995cd9,4e84455d08cacd9f85c432f7838c3be2cb0f000b55edc3487c6dee9520cc0b63
ao_sca,96,10000,611,test,19.00472894203049,19.00472894203049,1.0,True,0.0,14,8377,25,ao_sca_proximal_physical,analytical_ris_equal_allocation,"[1.8380024803818273, 18.400931227310767, 18.468984835815917, 18.501170994479445, 18.75343743136191, 18.763998109781255, 18.792036450870675, 18.88746785147954, 18.910713643749457, 18.948994227142894, 18.962253807666343, 18.97918556962554, 18.997057386184007, 19.003508531267013, 19.00472894203049]","[{""block"": ""rsma"", ""rho"": 1.0, ""gain"": 16.52744900631838}, {""block"": ""star_ris"", ""rho"": 16.0, ""gain"": 0.03547974061055825}, {""block"": ""rsma"", ""rho"": 1.0, ""gain"": 0.0}, {""block"": ""star_ris"", ""rho"": 8.0, ""gain"": 0.0680536085051493}, {""block"": ""rsma"", ""rho"": 1.0, ""gain"": 0.0}, {""block"": ""star_ris"", ""rho"": 16.0, ""gain"": 0.03218615866352792}, {""block"": ""rsma"", ""rho"": 1.0, ""gain"": -3.552713678800501e-15}, {""block"": ""star_ris"", ""rho"": 1.0, ""gain"": 0.2522664368824685}, {""block"": ""rsma"", ""rho"": 1.0, ""gain"": 0.0}, {""block"": ""star_ris"", ""rho"": 4.0, ""gain"": 0.010560678419345493}, {""block"": ""rsma"", ""rho"": 1.0, ""gain"": 0.0}, {""block"": ""star_ris"", ""rho"": 1.0, ""gain"": 0.02803834108942027}, {""block"": ""rsma"", ""rho"": 1.0, ""gain"": 0.0}, {""block"": ""star_ris"", ""rho"": 4.0, ""gain"": 0.09543140060886302}, {""block"": ""rsma"", ""rho"": 1.0, ""gain"": 3.552713678800501e-15}, {""block"": ""star_ris"", ""rho"": 4.0, ""gain"": 0.023245792269914745}, {""block"": ""rsma"", ""rho"": 1.0, ""gain"": 0.0}, {""block"": ""star_ris"", ""rho"": 4.0, ""gain"": 0.038280583393436984}, {""block"": ""rsma"", ""rho"": 1.0, ""gain"": -3.552713678800501e-15}, {""block"": ""star_ris"", ""rho"": 2.0, ""gain"": 0.013259580523452996}, {""block"": ""rsma"", ""rho"": 1.0, ""gain"": 0.0}, {""block"": ""star_ris"", ""rho"": 1.0, ""gain"": 0.016931761959195768}, {""block"": ""rsma"", ""rho"": 1.0, ""gain"": 3.552713678800501e-15}, {""block"": ""star_ris"", ""rho"": 4.0, ""gain"": 0.017871816558464815}, {""block"": ""rsma"", ""rho"": 1.0, ""gain"": 0.0}, {""block"": ""star_ris"", ""rho"": 32.0, ""gain"": 0.006451145083005372}, {""block"": ""rsma"", ""rho"": 1.0, ""gain"": 0.0}, {""block"": ""star_ris"", ""rho"": 32.0, ""gain"": 0.0012204107634765649}]",{},4609.410804,eb978e84730de4cf1e0579ad9e17edb700c67ba6eceac89d1fe3698763a419f7,fc61d5cda7da39530055bae9bd0e92865f995cd9,4e84455d08cacd9f85c432f7838c3be2cb0f000b55edc3487c6dee9520cc0b63
ao_sca,96,10000,612,test,18.909381785585595,18.909381785585595,1.0,True,0.0,12,7177,23,ao_sca_proximal_physical,analytical_ris_equal_allocation,"[1.837991404685389, 18.31864179787459, 18.518659455821016, 18.652056359168945, 18.677377326379787, 18.74265969329992, 18.84594549194922, 18.848448351752907, 18.863631068204647, 18.89366694424565, 18.903418297162393, 18.908886698309832, 18.909381785585595]","[{""block"": ""rsma"", ""rho"": 1.0, ""gain"": 16.38527021998782}, {""block"": ""star_ris"", ""rho"": 1.0, ""gain"": 0.09538017320138081}, {""block"": ""rsma"", ""rho"": 1.0, ""gain"": 0.0}, {""block"": ""star_ris"", ""rho"": 1.0, ""gain"": 0.20001765794642523}, {""block"": ""rsma"", ""rho"": 1.0, ""gain"": 0.0}, {""block"": ""star_ris"", ""rho"": 1.0, ""gain"": 0.1333969033479292}, {""block"": ""rsma"", ""rho"": 1.0, ""gain"": -3.552713678800501e-15}, {""block"": ""star_ris"", ""rho"": 2.0, ""gain"": 0.025320967210845424}, {""block"": ""rsma"", ""rho"": 1.0, ""gain"": 3.552713678800501e-15}, {""block"": ""star_ris"", ""rho"": 1.0, ""gain"": 0.06528236692012968}, {""block"": ""rsma"", ""rho"": 1.0, ""gain"": 0.0}, {""block"": ""star_ris"", ""rho"": 4.0, ""gain"": 0.10328579864929921}, {""block"": ""rsma"", ""rho"": 1.0, ""gain"": 0.0}, {""block"": ""star_ris"", ""rho"": 4.0, ""gain"": 0.002502859803687585}, {""block"": ""rsma"", ""rho"": 1.0, ""gain"": 0.0}, {""block"": ""star_ris"", ""rho"": 8.0, ""gain"": 0.015182716451739964}, {""block"": ""rsma"", ""rho"": 1.0, ""gain"": 0.0}, {""block"": ""star_ris"", ""rho"": 16.0, ""gain"": 0.03003587604100133}, {""block"": ""rsma"", ""rho"": 1.0, ""gain"": -3.552713678800501e-15}, {""block"": ""star_ris"", ""rho"": 32.0, ""gain"": 0.00975135291674789}, {""block"": ""rsma"", ""rho"": 1.0, ""gain"": 7.105427357601002e-15}, {""block"": ""star_ris"", ""rho"": 4.0, ""gain"": 0.005468401147432189}, {""block"": ""rsma"", ""rho"": 1.0, ""gain"": -3.552713678800501e-15}, {""block"": ""star_ris"", ""rho"": 32.0, ""gain"": 0.0004950872757660818}]",{},3989.438643,eb978e84730de4cf1e0579ad9e17edb700c67ba6eceac89d1fe3698763a419f7,fc61d5cda7da39530055bae9bd0e92865f995cd9,4e84455d08cacd9f85c432f7838c3be2cb0f000b55edc3487c6dee9520cc0b63
ao_sca,96,10000,613,test,18.604522903265373,18.604522903265373,1.0,True,0.0,7,4185,12,ao_sca_proximal_physical,analytical_ris_equal_allocation,"[1.8379844244828318, 18.16816191925, 18.246417183843377, 18.474315019123836, 18.565612599245334, 18.58869501875048, 18.603897670338696, 18.604522903265373]","[{""block"": ""rsma"", ""rho"": 1.0, ""gain"": 16.32791419210013}, {""block"": ""star_ris"", ""rho"": 1.0, ""gain"": 0.0022633026670355605}, {""block"": ""rsma"", ""rho"": 1.0, ""gain"": 0.0}, {""block"": ""star_ris"", ""rho"": 2.0, ""gain"": 0.07825526459337695}, {""block"": ""rsma"", ""rho"": 1.0, ""gain"": -3.552713678800501e-15}, {""block"": ""star_ris"", ""rho"": 1.0, ""gain"": 0.22789783528046215}, {""block"": ""rsma"", ""rho"": 1.0, ""gain"": 3.552713678800501e-15}, {""block"": ""star_ris"", ""rho"": 2.0, ""gain"": 0.0912975801214948}, {""block"": ""rsma"", ""rho"": 1.0, ""gain"": 0.0}, {""block"": ""star_ris"", ""rho"": 16.0, ""gain"": 0.023082419505147556}, {""block"": ""rsma"", ""rho"": 1.0, ""gain"": 0.0}, {""block"": ""star_ris"", ""rho"": 1.0, ""gain"": 0.015202651588214877}, {""block"": ""rsma"", ""rho"": 1.0, ""gain"": 0.0}, {""block"": ""star_ris"", ""rho"": 64.0, ""gain"": 0.0006252329266764889}]",{},2320.364088,eb978e84730de4cf1e0579ad9e17edb700c67ba6eceac89d1fe3698763a419f7,fc61d5cda7da39530055bae9bd0e92865f995cd9,4e84455d08cacd9f85c432f7838c3be2cb0f000b55edc3487c6dee9520cc0b63
ao_sca,96,10000,614,test,18.78240778978791,18.78240778978791,1.0,True,0.0,18,10752,34,ao_sca_proximal_physical,analytical_ris_equal_allocation,"[1.8379636004469988, 17.883321156614237, 18.283008711335402, 18.285937857245976, 18.291981713090713, 18.471349026393778, 18.595789522928605, 18.611186024971868, 18.618544640562035, 18.634976193313086, 18.661372281399316, 18.67768824109624, 18.687038319313558, 18.70597296218647, 18.71787259458555, 18.75705837055776, 18.762163956373346, 18.781469541963766, 18.78240778978791]","[{""block"": ""rsma"", ""rho"": 1.0, ""gain"": 15.37731308759484}, {""block"": ""star_ris"", ""rho"": 1.0, ""gain"": 0.668044468572397}, {""block"": ""rsma"", ""rho"": 1.0, ""gain"": 0.0}, {""block"": ""star_ris"", ""rho"": 1.0, ""gain"": 0.39968755472116513}, {""block"": ""rsma"", ""rho"": 1.0, ""gain"": 3.552713678800501e-15}, {""block"": ""star_ris"", ""rho"": 8.0, ""gain"": 0.0029291459105706963}, {""block"": ""rsma"", ""rho"": 1.0, ""gain"": 0.0}, {""block"": ""star_ris"", ""rho"": 1.0, ""gain"": 0.0060438558447373225}, {""block"": ""rsma"", ""rho"": 1.0, ""gain"": -3.552713678800501e-15}, {""block"": ""star_ris"", ""rho"": 1.0, ""gain"": 0.179367313303068}, {""block"": ""rsma"", ""rho"": 1.0, ""gain"": 0.0}, {""block"": ""star_ris"", ""rho"": 1.0, ""gain"": 0.12444049653482736}, {""block"": ""rsma"", ""rho"": 1.0, ""gain"": 0.0}, {""block"": ""star_ris"", ""rho"": 2.0, ""gain"": 0.015396502043262927}, {""block"": ""rsma"", ""rho"": 1.0, ""gain"": 0.0}, {""block"": ""star_ris"", ""rho"": 2.0, ""gain"": 0.007358615590167261}, {""block"": ""rsma"", ""rho"": 1.0, ""gain"": 0.0}, {""block"": ""star_ris"", ""rho"": 1.0, ""gain"": 0.016431552751051015}, {""block"": ""rsma"", ""rho"": 1.0, ""gain"": 0.0}, {""block"": ""star_ris"", ""rho"": 2.0, ""gain"": 0.026396088086229952}, {""block"": ""rsma"", ""rho"": 1.0, ""gain"": 0.0}, {""block"": ""star_ris"", ""rho"": 4.0, ""gain"": 0.01631595969692512}, {""block"": ""rsma"", ""rho"": 1.0, ""gain"": 3.552713678800501e-15}, {""block"": ""star_ris"", ""rho"": 1.0, ""gain"": 0.00935007821731304}, {""block"": ""rsma"", ""rho"": 1.0, ""gain"": 0.0}, {""block"": ""star_ris"", ""rho"": 2.0, ""gain"": 0.018934642872910246}, {""block"": ""rsma"", ""rho"": 1.0, ""gain"": 3.552713678800501e-15}, {""block"": ""star_ris"", ""rho"": 8.0, ""gain"": 0.011899632399078541}, {""block"": ""rsma"", ""rho"": 1.0, ""gain"": 0.0}, {""block"": ""star_ris"", ""rho"": 8.0, ""gain"": 0.039185775972210735}, {""block"": ""rsma"", ""rho"": 1.0, ""gain"": 0.0}, {""block"": ""star_ris"", ""rho"": 8.0, ""gain"": 0.0051055858155848455}, {""block"": ""rsma"", ""rho"": 1.0, ""gain"": 0.0}, {""block"": ""star_ris"", ""rho"": 4.0, ""gain"": 0.019305585590419838}, {""block"": ""rsma"", ""rho"": 1.0, ""gain"": -3.552713678800501e-15}, {""block"": ""star_ris"", ""rho"": 8.0, ""gain"": 0.0009382478241484193}]",{},5868.986377,eb978e84730de4cf1e0579ad9e17edb700c67ba6eceac89d1fe3698763a419f7,fc61d5cda7da39530055bae9bd0e92865f995cd9,4e84455d08cacd9f85c432f7838c3be2cb0f000b55edc3487c6dee9520cc0b63
ao_sca,96,10000,615,test,18.559475977006382,18.559475977006382,1.0,True,0.0,20,11987,35,ao_sca_proximal_physical,analytical_ris_equal_allocation,"[1.8379693503721923, 17.66175096862941, 17.705375181805735, 17.726584269409077, 17.73684450465347, 17.74194054590447, 17.856174926173605, 17.949487492558934, 18.21158050367162, 18.225755176680096, 18.23278222898028, 18.328452315808974, 18.36449981741212, 18.371261958363743, 18.424849348227802, 18.451984938228783, 18.46595134642148, 18.473137555002396, 18.47500604262902, 18.496349039363558, 18.559475977006386]","[{""block"": ""rsma"", ""rho"": 1.0, ""gain"": 15.73118744992829}, {""block"": ""star_ris"", ""rho"": 8.0, ""gain"": 0.09259416832892597}, {""block"": ""rsma"", ""rho"": 1.0, ""gain"": 0.0}, {""block"": ""star_ris"", ""rho"": 16.0, ""gain"": 0.04362421317632581}, {""block"": ""rsma"", ""rho"": 1.0, ""gain"": 0.0}, {""block"": ""star_ris"", ""rho"": 32.0, ""gain"": 0.02120908760334217}, {""block"": ""rsma"", ""rho"": 1.0, ""gain"": 3.552713678800501e-15}, {""block"": ""star_ris"", ""rho"": 64.0, ""gain"": 0.010260235244388127}, {""block"": ""rsma"", ""rho"": 1.0, ""gain"": 0.0}, {""block"": ""star_ris"", ""rho"": 128.0, ""gain"": 0.005096041251000827}, {""block"": ""rsma"", ""rho"": 1.0, ""gain"": 0.0}, {""block"": ""star_ris"", ""rho"": 2.0, ""gain"": 0.11423438026913502}, {""block"": ""rsma"", ""rho"": 1.0, ""gain"": -3.552713678800501e-15}, {""block"": ""star_ris"", ""rho"": 1.0, ""gain"": 0.09331256638533247}, {""block"": ""rsma"", ""rho"": 1.0, ""gain"": 0.0}, {""block"": ""star_ris"", ""rho"": 2.0, ""gain"": 0.262093011112686}, {""block"": ""rsma"", ""rho"": 1.0, ""gain"": 3.552713678800501e-15}, {""block"": ""star_ris"", ""rho"": 32.0, ""gain"": 0.014174673008472638}, {""block"": ""rsma"", ""rho"": 1.0, ""gain"": 0.0}, {""block"": ""star_ris"", ""rho"": 64.0, ""gain"": 0.007027052300184522}, {""block"": ""rsma"", ""rho"": 1.0, ""gain"": 0.0}, {""block"": ""star_ris"", ""rho"": 2.0, ""gain"": 0.09567008682869371}, {""block"": ""rsma"", ""rho"": 1.0, ""gain"": -3.552713678800501e-15}, {""block"": ""star_ris"", ""rho"": 1.0, ""gain"": 0.03604750160315007}, {""block"": ""rsma"", ""rho"": 1.0, ""gain"": 0.0}, {""block"": ""star_ris"", ""rho"": 64.0, ""gain"": 0.0067621409516220865}, {""block"": ""rsma"", ""rho"": 1.0, ""gain"": 0.0}, {""block"": ""star_ris"", ""rho"": 8.0, ""gain"": 0.05358738986405953}, {""block"": ""rsma"", ""rho"": 1.0, ""gain"": 0.0}, {""block"": ""star_ris"", ""rho"": 16.0, ""gain"": 0.02713559000098087}, {""block"": ""rsma"", ""rho"": 1.0, ""gain"": 0.0}, {""block"": ""star_ris"", ""rho"": 32.0, ""gain"": 0.013966408192697344}, {""block"": ""rsma"", ""rho"": 1.0, ""gain"": 3.552713678800501e-15}, {""block"": ""star_ris"", ""rho"": 64.0, ""gain"": 0.007186208580911568}, {""block"": ""rsma"", ""rho"": 1.0, ""gain"": 0.0}, {""block"": ""star_ris"", ""rho"": 8.0, ""gain"": 0.001868487626623505}, {""block"": ""rsma"", ""rho"": 1.0, ""gain"": 0.0}, {""block"": ""star_ris"", ""rho"": 1.0, ""gain"": 0.0213429967345391}, {""block"": ""rsma"", ""rho"": 1.0, ""gain"": -3.552713678800501e-15}, {""block"": ""star_ris"", ""rho"": 1.0, ""gain"": 0.0631269376428314}]",{},6623.270935,eb978e84730de4cf1e0579ad9e17edb700c67ba6eceac89d1fe3698763a419f7,fc61d5cda7da39530055bae9bd0e92865f995cd9,4e84455d08cacd9f85c432f7838c3be2cb0f000b55edc3487c6dee9520cc0b63
ao_sca,96,10000,616,test,19.0113514041016,19.0113514041016,1.0,True,0.0,16,9555,29,ao_sca_proximal_physical,analytical_ris_equal_allocation,"[1.8379780321563735, 17.647919692547823, 18.280600412695776, 18.471078003627298, 18.482242155699012, 18.5898982879214, 18.768835369883448, 18.77884560501695, 18.82471856704981, 18.834016975531334, 18.83869221098971, 18.851424993361768, 18.86899550085272, 18.881583169324713, 18.94554689365309, 19.010536964357776, 19.011351404101596]","[{""block"": ""rsma"", ""rho"": 1.0, ""gain"": 15.763477478126406}, {""block"": ""star_ris"", ""rho"": 16.0, ""gain"": 0.04646418226504423}, {""block"": ""rsma"", ""rho"": 1.0, ""gain"": -3.552713678800501e-15}, {""block"": ""star_ris"", ""rho"": 1.0, ""gain"": 0.6326807201479561}, {""block"": ""rsma"", ""rho"": 1.0, ""gain"": 0.0}, {""block"": ""star_ris"", ""rho"": 1.0, ""gain"": 0.19047759093152195}, {""block"": ""rsma"", ""rho"": 1.0, ""gain"": 0.0}, {""block"": ""star_ris"", ""rho"": 1.0, ""gain"": 0.011164152071714284}, {""block"": ""rsma"", ""rho"": 1.0, ""gain"": 0.0}, {""block"": ""star_ris"", ""rho"": 1.0, ""gain"": 0.10765613222238812}, {""block"": ""rsma"", ""rho"": 1.0, ""gain"": 0.0}, {""block"": ""star_ris"", ""rho"": 1.0, ""gain"": 0.17893708196204727}, {""block"": ""rsma"", ""rho"": 1.0, ""gain"": -3.552713678800501e-15}, {""block"": ""star_ris"", ""rho"": 1.0, ""gain"": 0.01001023513350674}, {""block"": ""rsma"", ""rho"": 1.0, ""gain"": 3.552713678800501e-15}, {""block"": ""star_ris"", ""rho"": 8.0, ""gain"": 0.04587296203285618}, {""block"": ""rsma"", ""rho"": 1.0, ""gain"": 0.0}, {""block"": ""star_ris"", ""rho"": 32.0, ""gain"": 0.009298408481523524}, {""block"": ""rsma"", ""rho"": 1.0, ""gain"": 0.0}, {""block"": ""star_ris"", ""rho"": 4.0, ""gain"": 0.0046752354583752265}, {""block"": ""rsma"", ""rho"": 1.0, ""gain"": 0.0}, {""block"": ""star_ris"", ""rho"": 1.0, ""gain"": 0.012732782372058438}, {""block"": ""rsma"", ""rho"": 1.0, ""gain"": 0.0}, {""block"": ""star_ris"", ""rho"": 4.0, ""gain"": 0.01757050749095157}, {""block"": ""rsma"", ""rho"": 1.0, ""gain"": 0.0}, {""block"": ""star_ris"", ""rho"": 2.0, ""gain"": 0.012587668471994107}, {""block"": ""rsma"", ""rho"": 1.0, ""gain"": 0.0}, {""block"": ""star_ris"", ""rho"": 1.0, ""gain"": 0.06396372432837794}, {""block"": ""rsma"", ""rho"": 1.0, ""gain"": -3.552713678800501e-15}, {""block"": ""star_ris"", ""rho"": 1.0, ""gain"": 0.06499007070468821}, {""block"": ""rsma"", ""rho"": 1.0, ""gain"": 0.0}, {""block"": ""star_ris"", ""rho"": 2.0, ""gain"": 0.0008144397438201167}]",{},5318.85425,eb978e84730de4cf1e0579ad9e17edb700c67ba6eceac89d1fe3698763a419f7,fc61d5cda7da39530055bae9bd0e92865f995cd9,4e84455d08cacd9f85c432f7838c3be2cb0f000b55edc3487c6dee9520cc0b63
ao_sca,96,10000,617,test,18.716477959810263,18.716477959810263,1.0,True,0.0,3,1796,6,ao_sca_proximal_physical,analytical_ris_equal_allocation,"[1.8379912932271683, 18.359834180694236, 18.71559236777441, 18.716477959810263]","[{""block"": ""rsma"", ""rho"": 1.0, ""gain"": 16.201925405295192}, {""block"": ""star_ris"", ""rho"": 1.0, ""gain"": 0.3199174821718742}, {""block"": ""rsma"", ""rho"": 1.0, ""gain"": 0.0}, {""block"": ""star_ris"", ""rho"": 2.0, ""gain"": 0.35575818708017337}, {""block"": ""rsma"", ""rho"": 1.0, ""gain"": 0.0}, {""block"": ""star_ris"", ""rho"": 64.0, ""gain"": 0.0008855920358534775}]",{},952.921946,eb978e84730de4cf1e0579ad9e17edb700c67ba6eceac89d1fe3698763a419f7,fc61d5cda7da39530055bae9bd0e92865f995cd9,4e84455d08cacd9f85c432f7838c3be2cb0f000b55edc3487c6dee9520cc0b63
ao_sca,96,10000,618,test,18.77748647740469,18.77748647740469,1.0,True,0.0,5,2993,9,ao_sca_proximal_physical,analytical_ris_equal_allocation,"[1.837997297909049, 18.523740140758424, 18.54136637493235, 18.706222069005364, 18.777100306519877, 18.77748647740469]","[{""block"": ""rsma"", ""rho"": 1.0, ""gain"": 16.448645026443867}, {""block"": ""star_ris"", ""rho"": 1.0, ""gain"": 0.23709781640550887}, {""block"": ""rsma"", ""rho"": 1.0, ""gain"": 0.0}, {""block"": ""star_ris"", ""rho"": 1.0, ""gain"": 0.017626234173924615}, {""block"": ""rsma"", ""rho"": 1.0, ""gain"": 0.0}, {""block"": ""star_ris"", ""rho"": 4.0, ""gain"": 0.16485569407301526}, {""block"": ""rsma"", ""rho"": 1.0, ""gain"": 0.0}, {""block"": ""star_ris"", ""rho"": 8.0, ""gain"": 0.07087823751451339}, {""block"": ""rsma"", ""rho"": 1.0, ""gain"": -3.552713678800501e-15}, {""block"": ""star_ris"", ""rho"": 128.0, ""gain"": 0.0003861708848162948}]",{},1656.28264,eb978e84730de4cf1e0579ad9e17edb700c67ba6eceac89d1fe3698763a419f7,fc61d5cda7da39530055bae9bd0e92865f995cd9,4e84455d08cacd9f85c432f7838c3be2cb0f000b55edc3487c6dee9520cc0b63
ao_sca,96,10000,619,test,19.21948119681203,19.21948119681203,1.0,True,0.0,12,7181,22,ao_sca_proximal_physical,analytical_ris_equal_allocation,"[1.8380076373407133, 18.69783458413596, 18.819607305956087, 18.922109846869887, 18.98803702357447, 19.0195504951015, 19.03497663287733, 19.047543325567627, 19.100468830537928, 19.167563364455514, 19.199388026336337, 19.217661526264756, 19.21948119681203]","[{""block"": ""rsma"", ""rho"": 1.0, ""gain"": 16.679266744131795}, {""block"": ""star_ris"", ""rho"": 4.0, ""gain"": 0.18056020266345385}, {""block"": ""rsma"", ""rho"": 1.0, ""gain"": 0.0}, {""block"": ""star_ris"", ""rho"": 2.0, ""gain"": 0.12177272182012544}, {""block"": ""rsma"", ""rho"": 1.0, ""gain"": 3.552713678800501e-15}, {""block"": ""star_ris"", ""rho"": 1.0, ""gain"": 0.10250254091379674}, {""block"": ""rsma"", ""rho"": 1.0, ""gain"": 0.0}, {""block"": ""star_ris"", ""rho"": 8.0, ""gain"": 0.0659271767045837}, {""block"": ""rsma"", ""rho"": 1.0, ""gain"": 0.0}, {""block"": ""star_ris"", ""rho"": 16.0, ""gain"": 0.0315134715270311}, {""block"": ""rsma"", ""rho"": 1.0, ""gain"": 3.552713678800501e-15}, {""block"": ""star_ris"", ""rho"": 32.0, ""gain"": 0.015426137775826021}, {""block"": ""rsma"", ""rho"": 1.0, ""gain"": 0.0}, {""block"": ""star_ris"", ""rho"": 2.0, ""gain"": 0.012566692690295866}, {""block"": ""rsma"", ""rho"": 1.0, ""gain"": 0.0}, {""block"": ""star_ris"", ""rho"": 2.0, ""gain"": 0.05292550497030035}, {""block"": ""rsma"", ""rho"": 1.0, ""gain"": 0.0}, {""block"": ""star_ris"", ""rho"": 8.0, ""gain"": 0.06709453391758657}, {""block"": ""rsma"", ""rho"": 1.0, ""gain"": -3.552713678800501e-15}, {""block"": ""star_ris"", ""rho"": 16.0, ""gain"": 0.031824661880826}, {""block"": ""rsma"", ""rho"": 1.0, ""gain"": -3.552713678800501e-15}, {""block"": ""star_ris"", ""rho"": 2.0, ""gain"": 0.018273499928422865}, {""block"": ""rsma"", ""rho"": 1.0, ""gain"": 0.0}, {""block"": ""star_ris"", ""rho"": 8.0, ""gain"": 0.0018196705472739438}]",{},3876.042436,eb978e84730de4cf1e0579ad9e17edb700c67ba6eceac89d1fe3698763a419f7,fc61d5cda7da39530055bae9bd0e92865f995cd9,4e84455d08cacd9f85c432f7838c3be2cb0f000b55edc3487c6dee9520cc0b63
ao_sca,96,10000,620,test,19.123647343678105,19.123647343678105,1.0,True,0.0,14,8371,26,ao_sca_proximal_physical,analytical_ris_equal_allocation,"[1.8379984788100898, 18.452358982127496, 18.842761487352945, 18.846298363901724, 18.89847169893917, 19.034663792454296, 19.04021294409127, 19.048577599009874, 19.064377841720844, 19.078897109395577, 19.09191491291151, 19.105402246886925, 19.11443903365729, 19.122951618646518, 19.123647343678105]","[{""block"": ""rsma"", ""rho"": 1.0, ""gain"": 16.43465673379322}, {""block"": ""star_ris"", ""rho"": 1.0, ""gain"": 0.17970376952418832}, {""block"": ""rsma"", ""rho"": 1.0, ""gain"": -3.552713678800501e-15}, {""block"": ""star_ris"", ""rho"": 1.0, ""gain"": 0.3904025052254525}, {""block"": ""rsma"", ""rho"": 1.0, ""gain"": 0.0}, {""block"": ""star_ris"", ""rho"": 2.0, ""gain"": 0.003536876548778878}, {""block"": ""rsma"", ""rho"": 1.0, ""gain"": 0.0}, {""block"": ""star_ris"", ""rho"": 1.0, ""gain"": 0.0521733350374447}, {""block"": ""rsma"", ""rho"": 1.0, ""gain"": -3.552713678800501e-15}, {""block"": ""star_ris"", ""rho"": 1.0, ""gain"": 0.13619209351513106}, {""block"": ""rsma"", ""rho"": 1.0, ""gain"": 0.0}, {""block"": ""star_ris"", ""rho"": 16.0, ""gain"": 0.005549151636973448}, {""block"": ""rsma"", ""rho"": 1.0, ""gain"": -3.552713678800501e-15}, {""block"": ""star_ris"", ""rho"": 32.0, ""gain"": 0.008364654918608494}, {""block"": ""rsma"", ""rho"": 1.0, ""gain"": 3.552713678800501e-15}, {""block"": ""star_ris"", ""rho"": 8.0, ""gain"": 0.015800242710966472}, {""block"": ""rsma"", ""rho"": 1.0, ""gain"": 0.0}, {""block"": ""star_ris"", ""rho"": 8.0, ""gain"": 0.014519267674732106}, {""block"": ""rsma"", ""rho"": 1.0, ""gain"": 0.0}, {""block"": ""star_ris"", ""rho"": 2.0, ""gain"": 0.013017803515932513}, {""block"": ""rsma"", ""rho"": 1.0, ""gain"": 3.552713678800501e-15}, {""block"": ""star_ris"", ""rho"": 4.0, ""gain"": 0.013487333975412241}, {""block"": ""rsma"", ""rho"": 1.0, ""gain"": 0.0}, {""block"": ""star_ris"", ""rho"": 1.0, ""gain"": 0.009036786770366234}, {""block"": ""rsma"", ""rho"": 1.0, ""gain"": 0.0}, {""block"": ""star_ris"", ""rho"": 4.0, ""gain"": 0.008512584989226468}, {""block"": ""rsma"", ""rho"": 1.0, ""gain"": 0.0}, {""block"": ""star_ris"", ""rho"": 32.0, ""gain"": 0.0006957250315871022}]",{},4564.319527,eb978e84730de4cf1e0579ad9e17edb700c67ba6eceac89d1fe3698763a419f7,fc61d5cda7da39530055bae9bd0e92865f995cd9,4e84455d08cacd9f85c432f7838c3be2cb0f000b55edc3487c6dee9520cc0b63
ao_sca,96,10000,621,test,19.179474082885395,19.179474082885395,1.0,True,0.0,13,7777,22,ao_sca_proximal_physical,analytical_ris_equal_allocation,"[1.8380000652113613, 18.58542934727129, 18.769168153782374, 18.820912069414838, 18.828884048318105, 18.9032606218789, 18.925878192567325, 19.118114118642936, 19.133162368973917, 19.145175863161782, 19.149271160858437, 19.175324340584957, 19.178072125985786, 19.179474082885395]","[{""block"": ""rsma"", ""rho"": 1.0, ""gain"": 16.490503352254564}, {""block"": ""star_ris"", ""rho"": 1.0, ""gain"": 0.2569259298053659}, {""block"": ""rsma"", ""rho"": 1.0, ""gain"": -3.552713678800501e-15}, {""block"": ""star_ris"", ""rho"": 1.0, ""gain"": 0.1837388065110872}, {""block"": ""rsma"", ""rho"": 1.0, ""gain"": 0.0}, {""block"": ""star_ris"", ""rho"": 2.0, ""gain"": 0.051743915632464166}, {""block"": ""rsma"", ""rho"": 1.0, ""gain"": 0.0}, {""block"": ""star_ris"", ""rho"": 1.0, ""gain"": 0.007971978903267285}, {""block"": ""rsma"", ""rho"": 1.0, ""gain"": 0.0}, {""block"": ""star_ris"", ""rho"": 1.0, ""gain"": 0.07437657356079441}, {""block"": ""rsma"", ""rho"": 1.0, ""gain"": 3.552713678800501e-15}, {""block"": ""star_ris"", ""rho"": 1.0, ""gain"": 0.022617570688421296}, {""block"": ""rsma"", ""rho"": 1.0, ""gain"": 0.0}, {""block"": ""star_ris"", ""rho"": 1.0, ""gain"": 0.19223592607561102}, {""block"": ""rsma"", ""rho"": 1.0, ""gain"": 0.0}, {""block"": ""star_ris"", ""rho"": 8.0, ""gain"": 0.015048250330981006}, {""block"": ""rsma"", ""rho"": 1.0, ""gain"": 0.0}, {""block"": ""star_ris"", ""rho"": 32.0, ""gain"": 0.012013494187865348}, {""block"": ""rsma"", ""rho"": 1.0, ""gain"": 0.0}, {""block"": ""star_ris"", ""rho"": 8.0, ""gain"": 0.004095297696654399}, {""block"": ""rsma"", ""rho"": 1.0, ""gain"": 0.0}, {""block"": ""star_ris"", ""rho"": 16.0, ""gain"": 0.02605317972652088}, {""block"": ""rsma"", ""rho"": 1.0, ""gain"": 0.0}, {""block"": ""star_ris"", ""rho"": 64.0, ""gain"": 0.0027477854008282065}, {""block"": ""rsma"", ""rho"": 1.0, ""gain"": 0.0}, {""block"": ""star_ris"", ""rho"": 64.0, ""gain"": 0.0014019568996097576}]",{},4224.374955,eb978e84730de4cf1e0579ad9e17edb700c67ba6eceac89d1fe3698763a419f7,fc61d5cda7da39530055bae9bd0e92865f995cd9,4e84455d08cacd9f85c432f7838c3be2cb0f000b55edc3487c6dee9520cc0b63
ao_sca,96,10000,622,test,19.0670928811362,19.0670928811362,1.0,True,0.0,15,8968,29,ao_sca_proximal_physical,analytical_ris_equal_allocation,"[1.8379924940721792, 18.41729705722194, 18.567047852994364, 18.570080757284707, 18.5941542603038, 18.65106133012967, 18.676028183134203, 18.678070737282184, 18.81347752698322, 18.92194770011494, 18.99635191495513, 19.027498263847377, 19.059951361657888, 19.06270717407071, 19.065196580999476, 19.0670928811362]","[{""block"": ""rsma"", ""rho"": 1.0, ""gain"": 16.220387151707314}, {""block"": ""star_ris"", ""rho"": 1.0, ""gain"": 0.35891741144244804}, {""block"": ""rsma"", ""rho"": 1.0, ""gain"": 0.0}, {""block"": ""star_ris"", ""rho"": 2.0, ""gain"": 0.14975079577242312}, {""block"": ""rsma"", ""rho"": 1.0, ""gain"": 0.0}, {""block"": ""star_ris"", ""rho"": 1.0, ""gain"": 0.003032904290343197}, {""block"": ""rsma"", ""rho"": 1.0, ""gain"": 0.0}, {""block"": ""star_ris"", ""rho"": 4.0, ""gain"": 0.024073503019092612}, {""block"": ""rsma"", ""rho"": 1.0, ""gain"": 0.0}, {""block"": ""star_ris"", ""rho"": 8.0, ""gain"": 0.056907069825872014}, {""block"": ""rsma"", ""rho"": 1.0, ""gain"": 0.0}, {""block"": ""star_ris"", ""rho"": 8.0, ""gain"": 0.02496685300453194}, {""block"": ""rsma"", ""rho"": 1.0, ""gain"": 0.0}, {""block"": ""star_ris"", ""rho"": 2.0, ""gain"": 0.002042554147980269}, {""block"": ""rsma"", ""rho"": 1.0, ""gain"": 0.0}, {""block"": ""star_ris"", ""rho"": 1.0, ""gain"": 0.1354067897010367}, {""block"": ""rsma"", ""rho"": 1.0, ""gain"": 0.0}, {""block"": ""star_ris"", ""rho"": 1.0, ""gain"": 0.10847017313172103}, {""block"": ""rsma"", ""rho"": 1.0, ""gain"": 0.0}, {""block"": ""star_ris"", ""rho"": 4.0, ""gain"": 0.07440421484018955}, {""block"": ""rsma"", ""rho"": 1.0, ""gain"": 3.552713678800501e-15}, {""block"": ""star_ris"", ""rho"": 2.0, ""gain"": 0.03114634889224277}, {""block"": ""rsma"", ""rho"": 1.0, ""gain"": 0.0}, {""block"": ""star_ris"", ""rho"": 16.0, ""gain"": 0.0324530978105102}, {""block"": ""rsma"", ""rho"": 1.0, ""gain"": 0.0}, {""block"": ""star_ris"", ""rho"": 32.0, ""gain"": 0.0027558124128219674}, {""block"": ""rsma"", ""rho"": 1.0, ""gain"": 0.0}, {""block"": ""star_ris"", ""rho"": 8.0, ""gain"": 0.0024894069287668685}, {""block"": ""rsma"", ""rho"": 1.0, ""gain"": 0.0}, {""block"": ""star_ris"", ""rho"": 4.0, ""gain"": 0.0018963001367247045}]",{},4892.7309,eb978e84730de4cf1e0579ad9e17edb700c67ba6eceac89d1fe3698763a419f7,fc61d5cda7da39530055bae9bd0e92865f995cd9,4e84455d08cacd9f85c432f7838c3be2cb0f000b55edc3487c6dee9520cc0b63
ao_sca,96,10000,623,test,18.941052476563463,18.941052476563463,1.0,True,0.0,12,7169,22,ao_sca_proximal_physical,analytical_ris_equal_allocation,"[1.837986892579905, 18.325861082098697, 18.593126363169407, 18.604395695841013, 18.6714137737742, 18.67883519156012, 18.69936128651794, 18.78217221165154, 18.78823406318059, 18.909852397753838, 18.92586161224717, 18.940726075098894, 18.941052476563463]","[{""block"": ""rsma"", ""rho"": 1.0, ""gain"": 16.193269761750933}, {""block"": ""star_ris"", ""rho"": 1.0, ""gain"": 0.2946044277678581}, {""block"": ""rsma"", ""rho"": 1.0, ""gain"": 0.0}, {""block"": ""star_ris"", ""rho"": 1.0, ""gain"": 0.2672652810707099}, {""block"": ""rsma"", ""rho"": 1.0, ""gain"": 0.0}, {""block"": ""star_ris"", ""rho"": 1.0, ""gain"": 0.011269332671606236}, {""block"": ""rsma"", ""rho"": 1.0, ""gain"": 0.0}, {""block"": ""star_ris"", ""rho"": 1.0, ""gain"": 0.06701807793318793}, {""block"": ""rsma"", ""rho"": 1.0, ""gain"": 0.0}, {""block"": ""star_ris"", ""rho"": 8.0, ""gain"": 0.007421417785916873}, {""block"": ""rsma"", ""rho"": 1.0, ""gain"": 0.0}, {""block"": ""star_ris"", ""rho"": 2.0, ""gain"": 0.020526094957823204}, {""block"": ""rsma"", ""rho"": 1.0, ""gain"": 0.0}, {""block"": ""star_ris"", ""rho"": 1.0, ""gain"": 0.08281092513360022}, {""block"": ""rsma"", ""rho"": 1.0, ""gain"": 0.0}, {""block"": ""star_ris"", ""rho"": 1.0, ""gain"": 0.006061851529047146}, {""block"": ""rsma"", ""rho"": 1.0, ""gain"": -3.552713678800501e-15}, {""block"": ""star_ris"", ""rho"": 1.0, ""gain"": 0.12161833457325244}, {""block"": ""rsma"", ""rho"": 1.0, ""gain"": 0.0}, {""block"": ""star_ris"", ""rho"": 4.0, ""gain"": 0.0160092144933337}, {""block"": ""rsma"", ""rho"": 1.0, ""gain"": 3.552713678800501e-15}, {""block"": ""star_ris"", ""rho"": 16.0, ""gain"": 0.01486446285171894}, {""block"": ""rsma"", ""rho"": 1.0, ""gain"": 0.0}, {""block"": ""star_ris"", ""rho"": 64.0, ""gain"": 0.00032640146456941466}]",{},3868.943406,eb978e84730de4cf1e0579ad9e17edb700c67ba6eceac89d1fe3698763a419f7,fc61d5cda7da39530055bae9bd0e92865f995cd9,4e84455d08cacd9f85c432f7838c3be2cb0f000b55edc3487c6dee9520cc0b63
ao_sca,96,10000,624,test,18.093059504832954,18.093059504832954,1.0,True,0.0,6,3589,11,ao_sca_proximal_physical,analytical_ris_equal_allocation,"[1.8379425824336906, 17.201299414707993, 17.510248667252213, 17.62763864438284, 18.079821377918957, 18.091368370829166, 18.093059504832954]","[{""block"": ""rsma"", ""rho"": 1.0, ""gain"": 15.306707127730125}, {""block"": ""star_ris"", ""rho"": 2.0, ""gain"": 0.05664970454417784}, {""block"": ""rsma"", ""rho"": 1.0, ""gain"": 0.0}, {""block"": ""star_ris"", ""rho"": 2.0, ""gain"": 0.30894925254422034}, {""block"": ""rsma"", ""rho"": 1.0, ""gain"": -7.105427357601002e-15}, {""block"": ""star_ris"", ""rho"": 1.0, ""gain"": 0.11738997713063526}, {""block"": ""rsma"", ""rho"": 1.0, ""gain"": 3.552713678800501e-15}, {""block"": ""star_ris"", ""rho"": 2.0, ""gain"": 0.4521827335361124}, {""block"": ""rsma"", ""rho"": 1.0, ""gain"": 0.0}, {""block"": ""star_ris"", ""rho"": 32.0, ""gain"": 0.011546992910208331}, {""block"": ""rsma"", ""rho"": 1.0, ""gain"": 0.0}, {""block"": ""star_ris"", ""rho"": 16.0, ""gain"": 0.0016911340037886191}]",{},1994.490089,eb978e84730de4cf1e0579ad9e17edb700c67ba6eceac89d1fe3698763a419f7,fc61d5cda7da39530055bae9bd0e92865f995cd9,4e84455d08cacd9f85c432f7838c3be2cb0f000b55edc3487c6dee9520cc0b63
ao_sca,96,10000,625,test,18.835745193553624,18.835745193553624,1.0,True,0.0,14,8381,25,ao_sca_proximal_physical,analytical_ris_equal_allocation,"[1.8379853603111445, 18.397539429797124, 18.45263481103542, 18.484614289018683, 18.601339945323968, 18.617593610816378, 18.62556390227663, 18.64212407749639, 18.671238017532673, 18.681098648088756, 18.71131366801235, 18.71469596171067, 18.818760568951575, 18.834222977102712, 18.835745193553624]","[{""block"": ""rsma"", ""rho"": 1.0, ""gain"": 15.974075111739083}, {""block"": ""star_ris"", ""rho"": 1.0, ""gain"": 0.5854789577468971}, {""block"": ""rsma"", ""rho"": 1.0, ""gain"": 0.0}, {""block"": ""star_ris"", ""rho"": 1.0, ""gain"": 0.055095381238295715}, {""block"": ""rsma"", ""rho"": 1.0, ""gain"": -3.552713678800501e-15}, {""block"": ""star_ris"", ""rho"": 16.0, ""gain"": 0.031979477983266946}, {""block"": ""rsma"", ""rho"": 1.0, ""gain"": 0.0}, {""block"": ""star_ris"", ""rho"": 2.0, ""gain"": 0.11672565630528453}, {""block"": ""rsma"", ""rho"": 1.0, ""gain"": 0.0}, {""block"": ""star_ris"", ""rho"": 32.0, ""gain"": 0.016253665492410363}, {""block"": ""rsma"", ""rho"": 1.0, ""gain"": 0.0}, {""block"": ""star_ris"", ""rho"": 64.0, ""gain"": 0.00797029146025352}, {""block"": ""rsma"", ""rho"": 1.0, ""gain"": -3.552713678800501e-15}, {""block"": ""star_ris"", ""rho"": 1.0, ""gain"": 0.016560175219762385}, {""block"": ""rsma"", ""rho"": 1.0, ""gain"": -3.552713678800501e-15}, {""block"": ""star_ris"", ""rho"": 2.0, ""gain"": 0.029113940036285868}, {""block"": ""rsma"", ""rho"": 1.0, ""gain"": -3.552713678800501e-15}, {""block"": ""star_ris"", ""rho"": 1.0, ""gain"": 0.009860630556087102}, {""block"": ""rsma"", ""rho"": 1.0, ""gain"": 0.0}, {""block"": ""star_ris"", ""rho"": 8.0, ""gain"": 0.03021501992359532}, {""block"": ""rsma"", ""rho"": 1.0, ""gain"": 0.0}, {""block"": ""star_ris"", ""rho"": 128.0, ""gain"": 0.0033822936983192164}, {""block"": ""rsma"", ""rho"": 1.0, ""gain"": 3.552713678800501e-15}, {""block"": ""star_ris"", ""rho"": 4.0, ""gain"": 0.10406460724090039}, {""block"": ""rsma"", ""rho"": 1.0, ""gain"": 0.0}, {""block"": ""star_ris"", ""rho"": 16.0, ""gain"": 0.015462408151137197}, {""block"": ""rsma"", ""rho"": 1.0, ""gain"": 0.0}, {""block"": ""star_ris"", ""rho"": 8.0, ""gain"": 0.001522216450911884}]",{},4644.861107,eb978e84730de4cf1e0579ad9e17edb700c67ba6eceac89d1fe3698763a419f7,fc61d5cda7da39530055bae9bd0e92865f995cd9,4e84455d08cacd9f85c432f7838c3be2cb0f000b55edc3487c6dee9520cc0b63
ao_sca,96,10000,626,test,18.24008759163465,18.24008759163465,1.0,True,0.0,16,9592,28,ao_sca_proximal_physical,analytical_ris_equal_allocation,"[1.8379523506036657, 17.479935831977972, 17.527014061424104, 17.549761732013206, 17.732393830752738, 18.13782091278728, 18.147812409336748, 18.15077113537473, 18.16409125023807, 18.166445891802837, 18.17262347482756, 18.188429000226655, 18.19243995944116, 18.220054944432334, 18.230518333992975, 18.240052569656047, 18.240087591634655]","[{""block"": ""rsma"", ""rho"": 1.0, ""gain"": 15.423795118435518}, {""block"": ""star_ris"", ""rho"": 4.0, ""gain"": 0.21818836293878974}, {""block"": ""rsma"", ""rho"": 1.0, ""gain"": -3.552713678800501e-15}, {""block"": ""star_ris"", ""rho"": 16.0, ""gain"": 0.04707822944613582}, {""block"": ""rsma"", ""rho"": 1.0, ""gain"": 0.0}, {""block"": ""star_ris"", ""rho"": 32.0, ""gain"": 0.022747670589101432}, {""block"": ""rsma"", ""rho"": 1.0, ""gain"": 0.0}, {""block"": ""star_ris"", ""rho"": 1.0, ""gain"": 0.182632098739532}, {""block"": ""rsma"", ""rho"": 1.0, ""gain"": 3.552713678800501e-15}, {""block"": ""star_ris"", ""rho"": 2.0, ""gain"": 0.4054270820345387}, {""block"": ""rsma"", ""rho"": 1.0, ""gain"": 3.552713678800501e-15}, {""block"": ""star_ris"", ""rho"": 8.0, ""gain"": 0.009991496549464074}, {""block"": ""rsma"", ""rho"": 1.0, ""gain"": 3.552713678800501e-15}, {""block"": ""star_ris"", ""rho"": 128.0, ""gain"": 0.0029587260379777547}, {""block"": ""rsma"", ""rho"": 1.0, ""gain"": 3.552713678800501e-15}, {""block"": ""star_ris"", ""rho"": 32.0, ""gain"": 0.01332011486333684}, {""block"": ""rsma"", ""rho"": 1.0, ""gain"": 0.0}, {""block"": ""star_ris"", ""rho"": 4.0, ""gain"": 0.0023546415647679453}, {""block"": ""rsma"", ""rho"": 1.0, ""gain"": 0.0}, {""block"": ""star_ris"", ""rho"": 32.0, ""gain"": 0.006177583024722821}, {""block"": ""rsma"", ""rho"": 1.0, ""gain"": 0.0}, {""block"": ""star_ris"", ""rho"": 16.0, ""gain"": 0.01580552539909519}, {""block"": ""rsma"", ""rho"": 1.0, ""gain"": 0.0}, {""block"": ""star_ris"", ""rho"": 16.0, ""gain"": 0.004010959214504339}, {""block"": ""rsma"", ""rho"": 1.0, ""gain"": 0.0}, {""block"": ""star_ris"", ""rho"": 8.0, ""gain"": 0.02761498499117465}, {""block"": ""rsma"", ""rho"": 1.0, ""gain"": 0.0}, {""block"": ""star_ris"", ""rho"": 8.0, ""gain"": 0.01046338956064119}, {""block"": ""rsma"", ""rho"": 1.0, ""gain"": -3.552713678800501e-15}, {""block"": ""star_ris"", ""rho"": 2.0, ""gain"": 0.009534235663075208}, {""block"": ""rsma"", ""rho"": 1.0, ""gain"": 0.0}, {""block"": ""star_ris"", ""rho"": 64.0, ""gain"": 3.502197860782985e-05}]",{},5218.468426,eb978e84730de4cf1e0579ad9e17edb700c67ba6eceac89d1fe3698763a419f7,fc61d5cda7da39530055bae9bd0e92865f995cd9,4e84455d08cacd9f85c432f7838c3be2cb0f000b55edc3487c6dee9520cc0b63
ao_sca,96,10000,627,test,18.94703810560099,18.94703810560099,1.0,True,0.0,20,11991,32,ao_sca_proximal_physical,analytical_ris_equal_allocation,"[1.837986241024423, 18.041922844499275, 18.123313297394517, 18.161810633122023, 18.166510205250603, 18.30783837191604, 18.371947862461987, 18.387320870257412, 18.394924735503324, 18.398706364686948, 18.428255880523793, 18.442724230807965, 18.44988434141436, 18.451788668269863, 18.7913585720987, 18.812328209949634, 18.822652188986037, 18.832905783651153, 18.8374047576479, 18.872375646405317, 18.94703810560099]","[{""block"": ""rsma"", ""rho"": 1.0, ""gain"": 15.780624335969575}, {""block"": ""star_ris"", ""rho"": 2.0, ""gain"": 0.4233122675052776}, {""block"": ""rsma"", ""rho"": 1.0, ""gain"": 0.0}, {""block"": ""star_ris"", ""rho"": 8.0, ""gain"": 0.08139045289524205}, {""block"": ""rsma"", ""rho"": 1.0, ""gain"": 0.0}, {""block"": ""star_ris"", ""rho"": 16.0, ""gain"": 0.0384973357275058}, {""block"": ""rsma"", ""rho"": 1.0, ""gain"": 0.0}, {""block"": ""star_ris"", ""rho"": 128.0, ""gain"": 0.004699572128579632}, {""block"": ""rsma"", ""rho"": 1.0, ""gain"": 0.0}, {""block"": ""star_ris"", ""rho"": 4.0, ""gain"": 0.14132816666543846}, {""block"": ""rsma"", ""rho"": 1.0, ""gain"": -3.552713678800501e-15}, {""block"": ""star_ris"", ""rho"": 8.0, ""gain"": 0.06410949054594894}, {""block"": ""rsma"", ""rho"": 1.0, ""gain"": 0.0}, {""block"": ""star_ris"", ""rho"": 32.0, ""gain"": 0.015373007795425053}, {""block"": ""rsma"", ""rho"": 1.0, ""gain"": 0.0}, {""block"": ""star_ris"", ""rho"": 64.0, ""gain"": 0.007603865245911834}, {""block"": ""rsma"", ""rho"": 1.0, ""gain"": 0.0}, {""block"": ""star_ris"", ""rho"": 128.0, ""gain"": 0.0037816291836243465}, {""block"": ""rsma"", ""rho"": 1.0, ""gain"": 0.0}, {""block"": ""star_ris"", ""rho"": 16.0, ""gain"": 0.02954951583684462}, {""block"": ""rsma"", ""rho"": 1.0, ""gain"": 0.0}, {""block"": ""star_ris"", ""rho"": 32.0, ""gain"": 0.01446835028417226}, {""block"": ""rsma"", ""rho"": 1.0, ""gain"": 0.0}, {""block"": ""star_ris"", ""rho"": 64.0, ""gain"": 0.007160110606395875}, {""block"": ""rsma"", ""rho"": 1.0, ""gain"": 0.0}, {""block"": ""star_ris"", ""rho"": 1.0, ""gain"": 0.0019043268555023474}, {""block"": ""rsma"", ""rho"": 1.0, ""gain"": 0.0}, {""block"": ""star_ris"", ""rho"": 2.0, ""gain"": 0.33956990382883845}, {""block"": ""rsma"", ""rho"": 1.0, ""gain"": 0.0}, {""block"": ""star_ris"", ""rho"": 16.0, ""gain"": 0.020969637850932088}, {""block"": ""rsma"", ""rho"": 1.0, ""gain"": 0.0}, {""block"": ""star_ris"", ""rho"": 32.0, ""gain"": 0.010323979036403585}, {""block"": ""rsma"", ""rho"": 1.0, ""gain"": 0.0}, {""block"": ""star_ris"", ""rho"": 8.0, ""gain"": 0.010253594665115884}, {""block"": ""rsma"", ""rho"": 1.0, ""gain"": 3.552713678800501e-15}, {""block"": ""star_ris"", ""rho"": 4.0, ""gain"": 0.004498973996742706}, {""block"": ""rsma"", ""rho"": 1.0, ""gain"": 0.0}, {""block"": ""star_ris"", ""rho"": 1.0, ""gain"": 0.034970888757417384}, {""block"": ""rsma"", ""rho"": 1.0, ""gain"": 0.0}, {""block"": ""star_ris"", ""rho"": 4.0, ""gain"": 0.07466245919567172}]",{},6595.10283,eb978e84730de4cf1e0579ad9e17edb700c67ba6eceac89d1fe3698763a419f7,fc61d5cda7da39530055bae9bd0e92865f995cd9,4e84455d08cacd9f85c432f7838c3be2cb0f000b55edc3487c6dee9520cc0b63
ao_sca,96,10000,628,test,19.11568317091833,19.11568317091833,1.0,True,0.0,6,3587,12,ao_sca_proximal_physical,analytical_ris_equal_allocation,"[1.8380042036971818, 18.47173097012977, 18.765899407738246, 18.892568914044688, 19.05017817188909, 19.115423013683053, 19.11568317091833]","[{""block"": ""rsma"", ""rho"": 1.0, ""gain"": 16.57005034477945}, {""block"": ""star_ris"", ""rho"": 1.0, ""gain"": 0.06367642165313825}, {""block"": ""rsma"", ""rho"": 1.0, ""gain"": 0.0}, {""block"": ""star_ris"", ""rho"": 1.0, ""gain"": 0.29416843760847655}, {""block"": ""rsma"", ""rho"": 1.0, ""gain"": 0.0}, {""block"": ""star_ris"", ""rho"": 1.0, ""gain"": 0.1266695063064418}, {""block"": ""rsma"", ""rho"": 1.0, ""gain"": 0.0}, {""block"": ""star_ris"", ""rho"": 1.0, ""gain"": 0.1576092578444026}, {""block"": ""rsma"", ""rho"": 1.0, ""gain"": 3.552713678800501e-15}, {""block"": ""star_ris"", ""rho"": 4.0, ""gain"": 0.06524484179395884}, {""block"": ""rsma"", ""rho"": 1.0, ""gain"": 0.0}, {""block"": ""star_ris"", ""rho"": 256.0, ""gain"": 0.0002601572352780579}]",{},1919.74298,eb978e84730de4cf1e0579ad9e17edb700c67ba6eceac89d1fe3698763a419f7,fc61d5cda7da39530055bae9bd0e92865f995cd9,4e84455d08cacd9f85c432f7838c3be2cb0f000b55edc3487c6dee9520cc0b63
ao_sca,96,10000,629,test,18.804065929607685,18.804065929607685,1.0,True,0.0,8,4800,12,ao_sca_proximal_physical,analytical_ris_equal_allocation,"[1.8380072115593724, 18.706368921243264, 18.75424701616832, 18.762955726552708, 18.7801202889038, 18.78860229133668, 18.792816973821346, 18.803329703472215, 18.804065929607685]","[{""block"": ""rsma"", ""rho"": 1.0, ""gain"": 16.77882080482606}, {""block"": ""star_ris"", ""rho"": 4.0, ""gain"": 0.08954090485783084}, {""block"": ""rsma"", ""rho"": 1.0, ""gain"": 0.0}, {""block"": ""star_ris"", ""rho"": 4.0, ""gain"": 0.04787809492505701}, {""block"": ""rsma"", ""rho"": 1.0, ""gain"": 0.0}, {""block"": ""star_ris"", ""rho"": 64.0, ""gain"": 0.008708710384386364}, {""block"": ""rsma"", ""rho"": 1.0, ""gain"": 0.0}, {""block"": ""star_ris"", ""rho"": 32.0, ""gain"": 0.017164562351091206}, {""block"": ""rsma"", ""rho"": 1.0, ""gain"": 0.0}, {""block"": ""star_ris"", ""rho"": 64.0, ""gain"": 0.00848200243288133}, {""block"": ""rsma"", ""rho"": 1.0, ""gain"": 0.0}, {""block"": ""star_ris"", ""rho"": 128.0, ""gain"": 0.0042146824846653885}, {""block"": ""rsma"", ""rho"": 1.0, ""gain"": 0.0}, {""block"": ""star_ris"", ""rho"": 2.0, ""gain"": 0.010512729650869801}, {""block"": ""rsma"", ""rho"": 1.0, ""gain"": 0.0}, {""block"": ""star_ris"", ""rho"": 4.0, ""gain"": 0.0007362261354693089}]",{},2638.001657,eb978e84730de4cf1e0579ad9e17edb700c67ba6eceac89d1fe3698763a419f7,fc61d5cda7da39530055bae9bd0e92865f995cd9,4e84455d08cacd9f85c432f7838c3be2cb0f000b55edc3487c6dee9520cc0b63
ao_sca,96,10000,630,test,19.400444812257422,19.400444812257422,1.0,True,0.0,18,10763,30,ao_sca_proximal_physical,analytical_ris_equal_allocation,"[1.8380145020290928, 18.892595517518277, 19.00966557618095, 19.067491919973463, 19.095250833998623, 19.10159101289687, 19.118705117697665, 19.120764846290633, 19.12819122963559, 19.172151935479697, 19.178204355564258, 19.21195810527306, 19.260655103915216, 19.26428835502798, 19.33230452117126, 19.357933653334353, 19.365262919159704, 19.399415548480757, 19.400444812257426]","[{""block"": ""rsma"", ""rho"": 1.0, ""gain"": 16.92855937241286}, {""block"": ""star_ris"", ""rho"": 2.0, ""gain"": 0.12602164307632435}, {""block"": ""rsma"", ""rho"": 1.0, ""gain"": 0.0}, {""block"": ""star_ris"", ""rho"": 2.0, ""gain"": 0.11707005866267295}, {""block"": ""rsma"", ""rho"": 1.0, ""gain"": 0.0}, {""block"": ""star_ris"", ""rho"": 8.0, ""gain"": 0.05782634379251306}, {""block"": ""rsma"", ""rho"": 1.0, ""gain"": 7.105427357601002e-15}, {""block"": ""star_ris"", ""rho"": 16.0, ""gain"": 0.027758914025152848}, {""block"": ""rsma"", ""rho"": 1.0, ""gain"": 0.0}, {""block"": ""star_ris"", ""rho"": 8.0, ""gain"": 0.006340178898245341}, {""block"": ""rsma"", ""rho"": 1.0, ""gain"": -3.552713678800501e-15}, {""block"": ""star_ris"", ""rho"": 2.0, ""gain"": 0.017114104800800334}, {""block"": ""rsma"", ""rho"": 1.0, ""gain"": 3.552713678800501e-15}, {""block"": ""star_ris"", ""rho"": 16.0, ""gain"": 0.0020597285929646603}, {""block"": ""rsma"", ""rho"": 1.0, ""gain"": 0.0}, {""block"": ""star_ris"", ""rho"": 4.0, ""gain"": 0.007426383344956378}, {""block"": ""rsma"", ""rho"": 1.0, ""gain"": 0.0}, {""block"": ""star_ris"", ""rho"": 1.0, ""gain"": 0.04396070584410694}, {""block"": ""rsma"", ""rho"": 1.0, ""gain"": 3.552713678800501e-15}, {""block"": ""star_ris"", ""rho"": 4.0, ""gain"": 0.0060524200845577525}, {""block"": ""rsma"", ""rho"": 1.0, ""gain"": 0.0}, {""block"": ""star_ris"", ""rho"": 1.0, ""gain"": 0.03375374970880074}, {""block"": ""rsma"", ""rho"": 1.0, ""gain"": 3.552713678800501e-15}, {""block"": ""star_ris"", ""rho"": 8.0, ""gain"": 0.04869699864215349}, {""block"": ""rsma"", ""rho"": 1.0, ""gain"": 0.0}, {""block"": ""star_ris"", ""rho"": 2.0, ""gain"": 0.003633251112763247}, {""block"": ""rsma"", ""rho"": 1.0, ""gain"": 0.0}, {""block"": ""star_ris"", ""rho"": 2.0, ""gain"": 0.06801616614328054}, {""block"": ""rsma"", ""rho"": 1.0, ""gain"": 0.0}, {""block"": ""star_ris"", ""rho"": 2.0, ""gain"": 0.02562913216309326}, {""block"": ""rsma"", ""rho"": 1.0, ""gain"": -3.552713678800501e-15}, {""block"": ""star_ris"", ""rho"": 1.0, ""gain"": 0.00732926582535498}, {""block"": ""rsma"", ""rho"": 1.0, ""gain"": 0.0}, {""block"": ""star_ris"", ""rho"": 2.0, ""gain"": 0.034152629321052785}, {""block"": ""rsma"", ""rho"": 1.0, ""gain"": 0.0}, {""block"": ""star_ris"", ""rho"": 64.0, ""gain"": 0.0010292637766688983}]",{},5928.5697,eb978e84730de4cf1e0579ad9e17edb700c67ba6eceac89d1fe3698763a419f7,fc61d5cda7da39530055bae9bd0e92865f995cd9,4e84455d08cacd9f85c432f7838c3be2cb0f000b55edc3487c6dee9520cc0b63
ao_sca,96,10000,631,test,19.06488069284554,19.06488069284554,1.0,True,0.0,8,4782,14,ao_sca_proximal_physical,analytical_ris_equal_allocation,"[1.8379949611500774, 18.17889211528947, 18.448857723440916, 18.463134781893203, 18.697677844253974, 18.769521231645157, 19.054644971949287, 19.063005729046495, 19.06488069284554]","[{""block"": ""rsma"", ""rho"": 1.0, ""gain"": 15.988648473124563}, {""block"": ""star_ris"", ""rho"": 2.0, ""gain"": 0.35224868101483153}, {""block"": ""rsma"", ""rho"": 1.0, ""gain"": 0.0}, {""block"": ""star_ris"", ""rho"": 2.0, ""gain"": 0.26996560815144477}, {""block"": ""rsma"", ""rho"": 1.0, ""gain"": 0.0}, {""block"": ""star_ris"", ""rho"": 32.0, ""gain"": 0.01427705845228644}, {""block"": ""rsma"", ""rho"": 1.0, ""gain"": 0.0}, {""block"": ""star_ris"", ""rho"": 1.0, ""gain"": 0.23454306236077116}, {""block"": ""rsma"", ""rho"": 1.0, ""gain"": 0.0}, {""block"": ""star_ris"", ""rho"": 1.0, ""gain"": 0.07184338739118346}, {""block"": ""rsma"", ""rho"": 1.0, ""gain"": 0.0}, {""block"": ""star_ris"", ""rho"": 1.0, ""gain"": 0.28512374030412957}, {""block"": ""rsma"", ""rho"": 1.0, ""gain"": 0.0}, {""block"": ""star_ris"", ""rho"": 8.0, ""gain"": 0.008360757097207738}, {""block"": ""rsma"", ""rho"": 1.0, ""gain"": 3.552713678800501e-15}, {""block"": ""star_ris"", ""rho"": 8.0, ""gain"": 0.0018749637990431722}]",{},2611.121019,eb978e84730de4cf1e0579ad9e17edb700c67ba6eceac89d1fe3698763a419f7,fc61d5cda7da39530055bae9bd0e92865f995cd9,4e84455d08cacd9f85c432f7838c3be2cb0f000b55edc3487c6dee9520cc0b63
ao_sca,96,10000,632,test,18.866773512057076,18.866773512057076,1.0,True,0.0,4,2387,7,ao_sca_proximal_physical,analytical_ris_equal_allocation,"[1.838001286756445, 18.70277913076063, 18.710672026127824, 18.865959130252605, 18.866773512057073]","[{""block"": ""rsma"", ""rho"": 1.0, ""gain"": 16.477501850599968}, {""block"": ""star_ris"", ""rho"": 1.0, ""gain"": 0.3872759934042165}, {""block"": ""rsma"", ""rho"": 1.0, ""gain"": 3.552713678800501e-15}, {""block"": ""star_ris"", ""rho"": 2.0, ""gain"": 0.007892895367191954}, {""block"": ""rsma"", ""rho"": 1.0, ""gain"": 0.0}, {""block"": ""star_ris"", ""rho"": 1.0, ""gain"": 0.1552871041247812}, {""block"": ""rsma"", ""rho"": 1.0, ""gain"": 0.0}, {""block"": ""star_ris"", ""rho"": 2.0, ""gain"": 0.0008143818044672457}]",{},1294.051792,eb978e84730de4cf1e0579ad9e17edb700c67ba6eceac89d1fe3698763a419f7,fc61d5cda7da39530055bae9bd0e92865f995cd9,4e84455d08cacd9f85c432f7838c3be2cb0f000b55edc3487c6dee9520cc0b63
ao_sca,96,10000,633,test,18.57540400275289,18.57540400275289,1.0,True,0.0,12,7172,22,ao_sca_proximal_physical,analytical_ris_equal_allocation,"[1.8379441848556717, 17.947224457867684, 17.973746796923507, 18.01607066084406, 18.162057478143666, 18.247448571702645, 18.35597725178716, 18.366372588414073, 18.374849263593113, 18.401195845582325, 18.457027180314295, 18.57525214265413, 18.57540400275289]","[{""block"": ""rsma"", ""rho"": 1.0, ""gain"": 15.138224480558062}, {""block"": ""star_ris"", ""rho"": 1.0, ""gain"": 0.9710557924539494}, {""block"": ""rsma"", ""rho"": 1.0, ""gain"": 0.0}, {""block"": ""star_ris"", ""rho"": 2.0, ""gain"": 0.026522339055823352}, {""block"": ""rsma"", ""rho"": 1.0, ""gain"": -3.552713678800501e-15}, {""block"": ""star_ris"", ""rho"": 16.0, ""gain"": 0.04232386392055787}, {""block"": ""rsma"", ""rho"": 1.0, ""gain"": 3.552713678800501e-15}, {""block"": ""star_ris"", ""rho"": 1.0, ""gain"": 0.14598681729960106}, {""block"": ""rsma"", ""rho"": 1.0, ""gain"": 0.0}, {""block"": ""star_ris"", ""rho"": 2.0, ""gain"": 0.08539109355897878}, {""block"": ""rsma"", ""rho"": 1.0, ""gain"": 3.552713678800501e-15}, {""block"": ""star_ris"", ""rho"": 1.0, ""gain"": 0.10852868008451111}, {""block"": ""rsma"", ""rho"": 1.0, ""gain"": -3.552713678800501e-15}, {""block"": ""star_ris"", ""rho"": 4.0, ""gain"": 0.010395336626917384}, {""block"": ""rsma"", ""rho"": 1.0, ""gain"": 0.0}, {""block"": ""star_ris"", ""rho"": 2.0, ""gain"": 0.008476675179039717}, {""block"": ""rsma"", ""rho"": 1.0, ""gain"": 0.0}, {""block"": ""star_ris"", ""rho"": 16.0, ""gain"": 0.02634658198921258}, {""block"": ""rsma"", ""rho"": 1.0, ""gain"": 3.552713678800501e-15}, {""block"": ""star_ris"", ""rho"": 2.0, ""gain"": 0.05583133473196611}, {""block"": ""rsma"", ""rho"": 1.0, ""gain"": 0.0}, {""block"": ""star_ris"", ""rho"": 2.0, ""gain"": 0.11822496233983415}, {""block"": ""rsma"", ""rho"": 1.0, ""gain"": 0.0}, {""block"": ""star_ris"", ""rho"": 16.0, ""gain"": 0.00015186009876089201}]",{},3906.003811,eb978e84730de4cf1e0579ad9e17edb700c67ba6eceac89d1fe3698763a419f7,fc61d5cda7da39530055bae9bd0e92865f995cd9,4e84455d08cacd9f85c432f7838c3be2cb0f000b55edc3487c6dee9520cc0b63
ao_sca,96,10000,634,test,18.503022666463625,18.503022666463625,1.0,True,0.0,12,7195,23,ao_sca_proximal_physical,analytical_ris_equal_allocation,"[1.837968259933668, 17.99813414610607, 18.087344475213904, 18.124454415586627, 18.129696509051623, 18.134817049678855, 18.150930167240574, 18.162690417023136, 18.30099705597309, 18.310022833013452, 18.314514195919678, 18.502986304757798, 18.503022666463625]","[{""block"": ""rsma"", ""rho"": 1.0, ""gain"": 15.745311276894931}, {""block"": ""star_ris"", ""rho"": 2.0, ""gain"": 0.414854609277473}, {""block"": ""rsma"", ""rho"": 1.0, ""gain"": 0.0}, {""block"": ""star_ris"", ""rho"": 8.0, ""gain"": 0.08921032910783211}, {""block"": ""rsma"", ""rho"": 1.0, ""gain"": -3.552713678800501e-15}, {""block"": ""star_ris"", ""rho"": 16.0, ""gain"": 0.03710994037272641}, {""block"": ""rsma"", ""rho"": 1.0, ""gain"": 0.0}, {""block"": ""star_ris"", ""rho"": 32.0, ""gain"": 0.0052420934649966}, {""block"": ""rsma"", ""rho"": 1.0, ""gain"": 0.0}, {""block"": ""star_ris"", ""rho"": 128.0, ""gain"": 0.005120540627231662}, {""block"": ""rsma"", ""rho"": 1.0, ""gain"": 0.0}, {""block"": ""star_ris"", ""rho"": 4.0, ""gain"": 0.016113117561719292}, {""block"": ""rsma"", ""rho"": 1.0, ""gain"": 0.0}, {""block"": ""star_ris"", ""rho"": 64.0, ""gain"": 0.011760249782561516}, {""block"": ""rsma"", ""rho"": 1.0, ""gain"": 0.0}, {""block"": ""star_ris"", ""rho"": 1.0, ""gain"": 0.1383066389499561}, {""block"": ""rsma"", ""rho"": 1.0, ""gain"": 0.0}, {""block"": ""star_ris"", ""rho"": 64.0, ""gain"": 0.009025777040360339}, {""block"": ""rsma"", ""rho"": 1.0, ""gain"": 0.0}, {""block"": ""star_ris"", ""rho"": 128.0, ""gain"": 0.00449136290622576}, {""block"": ""rsma"", ""rho"": 1.0, ""gain"": 0.0}, {""block"": ""star_ris"", ""rho"": 1.0, ""gain"": 0.18847210883811982}, {""block"": ""rsma"", ""rho"": 1.0, ""gain"": 0.0}, {""block"": ""star_ris"", ""rho"": 2.0, ""gain"": 3.636170582765885e-05}]",{},3894.403166,eb978e84730de4cf1e0579ad9e17edb700c67ba6eceac89d1fe3698763a419f7,fc61d5cda7da39530055bae9bd0e92865f995cd9,4e84455d08cacd9f85c432f7838c3be2cb0f000b55edc3487c6dee9520cc0b63
ao_sca,96,10000,635,test,18.93358345238332,18.93358345238332,1.0,True,0.0,11,6573,22,ao_sca_proximal_physical,analytical_ris_equal_allocation,"[1.837996107567957, 18.457145383194774, 18.58509870779453, 18.65239854194171, 18.6761469001965, 18.67956833038851, 18.726977260164055, 18.7813625209566, 18.82540200947921, 18.85698645092755, 18.93286099067764, 18.93358345238332]","[{""block"": ""rsma"", ""rho"": 1.0, ""gain"": 16.298878443241737}, {""block"": ""star_ris"", ""rho"": 2.0, ""gain"": 0.3202708323850807}, {""block"": ""rsma"", ""rho"": 1.0, ""gain"": 0.0}, {""block"": ""star_ris"", ""rho"": 4.0, ""gain"": 0.12795332459975484}, {""block"": ""rsma"", ""rho"": 1.0, ""gain"": 0.0}, {""block"": ""star_ris"", ""rho"": 4.0, ""gain"": 0.06729983414718177}, {""block"": ""rsma"", ""rho"": 1.0, ""gain"": 0.0}, {""block"": ""star_ris"", ""rho"": 4.0, ""gain"": 0.023748358254788826}, {""block"": ""rsma"", ""rho"": 1.0, ""gain"": 0.0}, {""block"": ""star_ris"", ""rho"": 128.0, ""gain"": 0.003421430192009467}, {""block"": ""rsma"", ""rho"": 1.0, ""gain"": 0.0}, {""block"": ""star_ris"", ""rho"": 2.0, ""gain"": 0.04740892977554623}, {""block"": ""rsma"", ""rho"": 1.0, ""gain"": 0.0}, {""block"": ""star_ris"", ""rho"": 1.0, ""gain"": 0.05438526079254302}, {""block"": ""rsma"", ""rho"": 1.0, ""gain"": 0.0}, {""block"": ""star_ris"", ""rho"": 1.0, ""gain"": 0.044039488522610526}, {""block"": ""rsma"", ""rho"": 1.0, ""gain"": 0.0}, {""block"": ""star_ris"", ""rho"": 1.0, ""gain"": 0.031584441448341494}, {""block"": ""rsma"", ""rho"": 1.0, ""gain"": 0.0}, {""block"": ""star_ris"", ""rho"": 2.0, ""gain"": 0.07587453975008884}, {""block"": ""rsma"", ""rho"": 1.0, ""gain"": 3.552713678800501e-15}, {""block"": ""star_ris"", ""rho"": 1.0, ""gain"": 0.0007224617056778015}]",{},3587.734066,eb978e84730de4cf1e0579ad9e17edb700c67ba6eceac89d1fe3698763a419f7,fc61d5cda7da39530055bae9bd0e92865f995cd9,4e84455d08cacd9f85c432f7838c3be2cb0f000b55edc3487c6dee9520cc0b63
ao_sca,96,10000,636,test,18.589272773207377,18.589272773207377,1.0,True,0.0,7,4182,14,ao_sca_proximal_physical,analytical_ris_equal_allocation,"[1.8379851184012677, 18.34766411050989, 18.353004289072167, 18.39108938311528, 18.414683582911568, 18.42506962651552, 18.58895360909456, 18.589272773207377]","[{""block"": ""rsma"", ""rho"": 1.0, ""gain"": 16.26228418005864}, {""block"": ""star_ris"", ""rho"": 1.0, ""gain"": 0.2473948120499827}, {""block"": ""rsma"", ""rho"": 1.0, ""gain"": 0.0}, {""block"": ""star_ris"", ""rho"": 4.0, ""gain"": 0.005340178562278197}, {""block"": ""rsma"", ""rho"": 1.0, ""gain"": 0.0}, {""block"": ""star_ris"", ""rho"": 1.0, ""gain"": 0.03808509404311167}, {""block"": ""rsma"", ""rho"": 1.0, ""gain"": 3.552713678800501e-15}, {""block"": ""star_ris"", ""rho"": 2.0, ""gain"": 0.02359419979628541}, {""block"": ""rsma"", ""rho"": 1.0, ""gain"": 0.0}, {""block"": ""star_ris"", ""rho"": 2.0, ""gain"": 0.010386043603951123}, {""block"": ""rsma"", ""rho"": 1.0, ""gain"": 0.0}, {""block"": ""star_ris"", ""rho"": 1.0, ""gain"": 0.16388398257904058}, {""block"": ""rsma"", ""rho"": 1.0, ""gain"": 0.0}, {""block"": ""star_ris"", ""rho"": 32.0, ""gain"": 0.00031916411281684987}]",{},2269.369557,eb978e84730de4cf1e0579ad9e17edb700c67ba6eceac89d1fe3698763a419f7,fc61d5cda7da39530055bae9bd0e92865f995cd9,4e84455d08cacd9f85c432f7838c3be2cb0f000b55edc3487c6dee9520cc0b63
ao_sca,96,10000,637,test,18.860302391999728,18.860302391999728,1.0,True,0.0,5,2982,10,ao_sca_proximal_physical,analytical_ris_equal_allocation,"[1.8379884554422177, 18.558405681399343, 18.604686427564666, 18.67021989391005, 18.859357768855613, 18.860302391999728]","[{""block"": ""rsma"", ""rho"": 1.0, ""gain"": 16.099079395766154}, {""block"": ""star_ris"", ""rho"": 1.0, ""gain"": 0.6213378301909707}, {""block"": ""rsma"", ""rho"": 1.0, ""gain"": 3.552713678800501e-15}, {""block"": ""star_ris"", ""rho"": 1.0, ""gain"": 0.046280746165319187}, {""block"": ""rsma"", ""rho"": 1.0, ""gain"": -3.552713678800501e-15}, {""block"": ""star_ris"", ""rho"": 1.0, ""gain"": 0.06553346634538926}, {""block"": ""rsma"", ""rho"": 1.0, ""gain"": 0.0}, {""block"": ""star_ris"", ""rho"": 1.0, ""gain"": 0.1891378749455619}, {""block"": ""rsma"", ""rho"": 1.0, ""gain"": 3.552713678800501e-15}, {""block"": ""star_ris"", ""rho"": 2.0, ""gain"": 0.0009446231441110342}]",{},1620.110768,eb978e84730de4cf1e0579ad9e17edb700c67ba6eceac89d1fe3698763a419f7,fc61d5cda7da39530055bae9bd0e92865f995cd9,4e84455d08cacd9f85c432f7838c3be2cb0f000b55edc3487c6dee9520cc0b63
ao_sca,96,10000,638,test,19.31191873777544,19.31191873777544,1.0,True,0.0,19,11356,32,ao_sca_proximal_physical,analytical_ris_equal_allocation,"[1.8379949101721142, 18.41447990165471, 18.75646958501478, 18.768442008652062, 19.051168390174848, 19.053134969111316, 19.05565748133425, 19.08151728259743, 19.092956954486517, 19.094867707401, 19.123313977039096, 19.136560290121064, 19.18030042932622, 19.209493592827044, 19.21966766551921, 19.23133962266575, 19.253167514559774, 19.26290380174035, 19.31054582482995, 19.31191873777544]","[{""block"": ""rsma"", ""rho"": 1.0, ""gain"": 16.344504935545196}, {""block"": ""star_ris"", ""rho"": 1.0, ""gain"": 0.2319800559373988}, {""block"": ""rsma"", ""rho"": 1.0, ""gain"": 0.0}, {""block"": ""star_ris"", ""rho"": 1.0, ""gain"": 0.3419896833600724}, {""block"": ""rsma"", ""rho"": 1.0, ""gain"": 0.0}, {""block"": ""star_ris"", ""rho"": 2.0, ""gain"": 0.011972423637281793}, {""block"": ""rsma"", ""rho"": 1.0, ""gain"": 0.0}, {""block"": ""star_ris"", ""rho"": 1.0, ""gain"": 0.2827263815227852}, {""block"": ""rsma"", ""rho"": 1.0, ""gain"": 0.0}, {""block"": ""star_ris"", ""rho"": 32.0, ""gain"": 0.001966578936468011}, {""block"": ""rsma"", ""rho"": 1.0, ""gain"": 0.0}, {""block"": ""star_ris"", ""rho"": 8.0, ""gain"": 0.0025225122229350916}, {""block"": ""rsma"", ""rho"": 1.0, ""gain"": 0.0}, {""block"": ""star_ris"", ""rho"": 2.0, ""gain"": 0.02585980126318077}, {""block"": ""rsma"", ""rho"": 1.0, ""gain"": 0.0}, {""block"": ""star_ris"", ""rho"": 4.0, ""gain"": 0.0114396718890859}, {""block"": ""rsma"", ""rho"": 1.0, ""gain"": -3.552713678800501e-15}, {""block"": ""star_ris"", ""rho"": 1.0, ""gain"": 0.0019107529144868352}, {""block"": ""rsma"", ""rho"": 1.0, ""gain"": 0.0}, {""block"": ""star_ris"", ""rho"": 2.0, ""gain"": 0.0284462696380956}, {""block"": ""rsma"", ""rho"": 1.0, ""gain"": 0.0}, {""block"": ""star_ris"", ""rho"": 4.0, ""gain"": 0.013246313081967998}, {""block"": ""rsma"", ""rho"": 1.0, ""gain"": 3.552713678800501e-15}, {""block"": ""star_ris"", ""rho"": 8.0, ""gain"": 0.04374013920515196}, {""block"": ""rsma"", ""rho"": 1.0, ""gain"": 0.0}, {""block"": ""star_ris"", ""rho"": 8.0, ""gain"": 0.02919316350082468}, {""block"": ""rsma"", ""rho"": 1.0, ""gain"": 0.0}, {""block"": ""star_ris"", ""rho"": 4.0, ""gain"": 0.010174072692166192}, {""block"": ""rsma"", ""rho"": 1.0, ""gain"": 0.0}, {""block"": ""star_ris"", ""rho"": 8.0, ""gain"": 0.011671957146539569}, {""block"": ""rsma"", ""rho"": 1.0, ""gain"": 0.0}, {""block"": ""star_ris"", ""rho"": 2.0, ""gain"": 0.021827891894023566}, {""block"": ""rsma"", ""rho"": 1.0, ""gain"": 0.0}, {""block"": ""star_ris"", ""rho"": 2.0, ""gain"": 0.009736287180576397}, {""block"": ""rsma"", ""rho"": 1.0, ""gain"": 3.552713678800501e-15}, {""block"": ""star_ris"", ""rho"": 2.0, ""gain"": 0.04764202308959753}, {""block"": ""rsma"", ""rho"": 1.0, ""gain"": 0.0}, {""block"": ""star_ris"", ""rho"": 4.0, ""gain"": 0.0013729129454880251}]",{},6226.33234,eb978e84730de4cf1e0579ad9e17edb700c67ba6eceac89d1fe3698763a419f7,fc61d5cda7da39530055bae9bd0e92865f995cd9,4e84455d08cacd9f85c432f7838c3be2cb0f000b55edc3487c6dee9520cc0b63
ao_sca,96,10000,639,test,19.172296691694164,19.172296691694164,1.0,True,0.0,17,10165,26,ao_sca_proximal_physical,analytical_ris_equal_allocation,"[1.8379914613129116, 18.345778083961243, 18.54765212319066, 18.681055452628613, 18.772820748532556, 18.829450173455765, 18.88259323011947, 18.974188045404635, 19.014520283967194, 19.056055947401745, 19.118287080058114, 19.139491631346957, 19.158268816646554, 19.161917772845037, 19.16455274148664, 19.16852282262057, 19.17148022669617, 19.172296691694164]","[{""block"": ""rsma"", ""rho"": 1.0, ""gain"": 16.439561674815998}, {""block"": ""star_ris"", ""rho"": 1.0, ""gain"": 0.06822494783233424}, {""block"": ""rsma"", ""rho"": 1.0, ""gain"": 0.0}, {""block"": ""star_ris"", ""rho"": 1.0, ""gain"": 0.20187403922941627}, {""block"": ""rsma"", ""rho"": 1.0, ""gain"": 0.0}, {""block"": ""star_ris"", ""rho"": 1.0, ""gain"": 0.13340332943795374}, {""block"": ""rsma"", ""rho"": 1.0, ""gain"": 0.0}, {""block"": ""star_ris"", ""rho"": 1.0, ""gain"": 0.09176529590394367}, {""block"": ""rsma"", ""rho"": 1.0, ""gain"": 0.0}, {""block"": ""star_ris"", ""rho"": 2.0, ""gain"": 0.05662942492320866}, {""block"": ""rsma"", ""rho"": 1.0, ""gain"": 0.0}, {""block"": ""star_ris"", ""rho"": 1.0, ""gain"": 0.05314305666370345}, {""block"": ""rsma"", ""rho"": 1.0, ""gain"": 0.0}, {""block"": ""star_ris"", ""rho"": 2.0, ""gain"": 0.09159481528516622}, {""block"": ""rsma"", ""rho"": 1.0, ""gain"": 0.0}, {""block"": ""star_ris"", ""rho"": 1.0, ""gain"": 0.0403322385625593}, {""block"": ""rsma"", ""rho"": 1.0, ""gain"": 0.0}, {""block"": ""star_ris"", ""rho"": 4.0, ""gain"": 0.041535663434551395}, {""block"": ""rsma"", ""rho"": 1.0, ""gain"": 0.0}, {""block"": ""star_ris"", ""rho"": 2.0, ""gain"": 0.06223113265636826}, {""block"": ""rsma"", ""rho"": 1.0, ""gain"": 0.0}, {""block"": ""star_ris"", ""rho"": 2.0, ""gain"": 0.02120455128884302}, {""block"": ""rsma"", ""rho"": 1.0, ""gain"": 0.0}, {""block"": ""star_ris"", ""rho"": 2.0, ""gain"": 0.01877718529959793}, {""block"": ""rsma"", ""rho"": 1.0, ""gain"": 0.0}, {""block"": ""star_ris"", ""rho"": 32.0, ""gain"": 0.003648956198482267}, {""block"": ""rsma"", ""rho"": 1.0, ""gain"": 0.0}, {""block"": ""star_ris"", ""rho"": 32.0, ""gain"": 0.002634968641604729}, {""block"": ""rsma"", ""rho"": 1.0, ""gain"": 0.0}, {""block"": ""star_ris"", ""rho"": 32.0, ""gain"": 0.003970081133928716}, {""block"": ""rsma"", ""rho"": 1.0, ""gain"": 3.552713678800501e-15}, {""block"": ""star_ris"", ""rho"": 8.0, ""gain"": 0.0029574040755946385}, {""block"": ""rsma"", ""rho"": 1.0, ""gain"": 0.0}, {""block"": ""star_ris"", ""rho"": 128.0, ""gain"": 0.0008164649979960359}]",{},5621.421997,eb978e84730de4cf1e0579ad9e17edb700c67ba6eceac89d1fe3698763a419f7,fc61d5cda7da39530055bae9bd0e92865f995cd9,4e84455d08cacd9f85c432f7838c3be2cb0f000b55edc3487c6dee9520cc0b63
ao_sca,96,10000,640,test,18.59167565218742,18.59167565218742,1.0,True,0.0,20,11982,35,ao_sca_proximal_physical,analytical_ris_equal_allocation,"[1.837968589286195, 17.684415054287285, 17.691858942160017, 17.74858740332402, 18.203098896483084, 18.345914687146973, 18.34991494622997, 18.426629789679904, 18.460026958838835, 18.477961093398182, 18.485653995129866, 18.487888938672906, 18.491766119141904, 18.49856246612281, 18.509255825479112, 18.5113502606765, 18.52464903433485, 18.535908019309787, 18.550400905120096, 18.55758803211959, 18.59167565218742]","[{""block"": ""rsma"", ""rho"": 1.0, ""gain"": 15.831398134095156}, {""block"": ""star_ris"", ""rho"": 64.0, ""gain"": 0.015048330905933938}, {""block"": ""rsma"", ""rho"": 1.0, ""gain"": 0.0}, {""block"": ""star_ris"", ""rho"": 128.0, ""gain"": 0.007443887872732091}, {""block"": ""rsma"", ""rho"": 1.0, ""gain"": 0.0}, {""block"": ""star_ris"", ""rho"": 1.0, ""gain"": 0.05672846116400265}, {""block"": ""rsma"", ""rho"": 1.0, ""gain"": 0.0}, {""block"": ""star_ris"", ""rho"": 1.0, ""gain"": 0.4545114931590639}, {""block"": ""rsma"", ""rho"": 1.0, ""gain"": -3.552713678800501e-15}, {""block"": ""star_ris"", ""rho"": 2.0, ""gain"": 0.14281579066389227}, {""block"": ""rsma"", ""rho"": 1.0, ""gain"": 0.0}, {""block"": ""star_ris"", ""rho"": 2.0, ""gain"": 0.0040002590829963935}, {""block"": ""rsma"", ""rho"": 1.0, ""gain"": 3.552713678800501e-15}, {""block"": ""star_ris"", ""rho"": 4.0, ""gain"": 0.07671484344993118}, {""block"": ""rsma"", ""rho"": 1.0, ""gain"": 0.0}, {""block"": ""star_ris"", ""rho"": 8.0, ""gain"": 0.033397169158931206}, {""block"": ""rsma"", ""rho"": 1.0, ""gain"": 0.0}, {""block"": ""star_ris"", ""rho"": 16.0, ""gain"": 0.017934134559347115}, {""block"": ""rsma"", ""rho"": 1.0, ""gain"": 0.0}, {""block"": ""star_ris"", ""rho"": 32.0, ""gain"": 0.007692901731683577}, {""block"": ""rsma"", ""rho"": 1.0, ""gain"": 0.0}, {""block"": ""star_ris"", ""rho"": 32.0, ""gain"": 0.0022349435430406572}, {""block"": ""rsma"", ""rho"": 1.0, ""gain"": 0.0}, {""block"": ""star_ris"", ""rho"": 16.0, ""gain"": 0.00387718046899721}, {""block"": ""rsma"", ""rho"": 1.0, ""gain"": 0.0}, {""block"": ""star_ris"", ""rho"": 8.0, ""gain"": 0.00679634698090581}, {""block"": ""rsma"", ""rho"": 1.0, ""gain"": 0.0}, {""block"": ""star_ris"", ""rho"": 4.0, ""gain"": 0.010693359356302778}, {""block"": ""rsma"", ""rho"": 1.0, ""gain"": 3.552713678800501e-15}, {""block"": ""star_ris"", ""rho"": 16.0, ""gain"": 0.0020944351973852804}, {""block"": ""rsma"", ""rho"": 1.0, ""gain"": -3.552713678800501e-15}, {""block"": ""star_ris"", ""rho"": 4.0, ""gain"": 0.013298773658352303}, {""block"": ""rsma"", ""rho"": 1.0, ""gain"": 0.0}, {""block"": ""star_ris"", ""rho"": 2.0, ""gain"": 0.011258984974936936}, {""block"": ""rsma"", ""rho"": 1.0, ""gain"": 0.0}, {""block"": ""star_ris"", ""rho"": 8.0, ""gain"": 0.014492885810309275}, {""block"": ""rsma"", ""rho"": 1.0, ""gain"": 0.0}, {""block"": ""star_ris"", ""rho"": 64.0, ""gain"": 0.007187126999493643}, {""block"": ""rsma"", ""rho"": 1.0, ""gain"": 0.0}, {""block"": ""star_ris"", ""rho"": 4.0, ""gain"": 0.034087620067829505}]",{},6657.067728,eb978e84730de4cf1e0579ad9e17edb700c67ba6eceac89d1fe3698763a419f7,fc61d5cda7da39530055bae9bd0e92865f995cd9,4e84455d08cacd9f85c432f7838c3be2cb0f000b55edc3487c6dee9520cc0b63
ao_sca,96,10000,641,test,18.80816352198813,18.80816352198813,1.0,True,0.0,14,8370,24,ao_sca_proximal_physical,analytical_ris_equal_allocation,"[1.8379836402119127, 18.33846988380025, 18.365923304408277, 18.39006117023336, 18.41624485712466, 18.60498657877308, 18.630650056931444, 18.634571405525982, 18.662229728380677, 18.671479383385254, 18.787355906241306, 18.792391036251686, 18.796119000370517, 18.80811385008021, 18.80816352198813]","[{""block"": ""rsma"", ""rho"": 1.0, ""gain"": 16.089807619548285}, {""block"": ""star_ris"", ""rho"": 2.0, ""gain"": 0.4106786240400524}, {""block"": ""rsma"", ""rho"": 1.0, ""gain"": -3.552713678800501e-15}, {""block"": ""star_ris"", ""rho"": 4.0, ""gain"": 0.02745342060802969}, {""block"": ""rsma"", ""rho"": 1.0, ""gain"": 3.552713678800501e-15}, {""block"": ""star_ris"", ""rho"": 2.0, ""gain"": 0.02413786582507882}, {""block"": ""rsma"", ""rho"": 1.0, ""gain"": 0.0}, {""block"": ""star_ris"", ""rho"": 2.0, ""gain"": 0.026183686891300795}, {""block"": ""rsma"", ""rho"": 1.0, ""gain"": 0.0}, {""block"": ""star_ris"", ""rho"": 2.0, ""gain"": 0.1887417216484195}, {""block"": ""rsma"", ""rho"": 1.0, ""gain"": 0.0}, {""block"": ""star_ris"", ""rho"": 1.0, ""gain"": 0.025663478158364228}, {""block"": ""rsma"", ""rho"": 1.0, ""gain"": 0.0}, {""block"": ""star_ris"", ""rho"": 4.0, ""gain"": 0.003921348594538188}, {""block"": ""rsma"", ""rho"": 1.0, ""gain"": 0.0}, {""block"": ""star_ris"", ""rho"": 2.0, ""gain"": 0.027658322854694717}, {""block"": ""rsma"", ""rho"": 1.0, ""gain"": 0.0}, {""block"": ""star_ris"", ""rho"": 4.0, ""gain"": 0.009249655004577306}, {""block"": ""rsma"", ""rho"": 1.0, ""gain"": 0.0}, {""block"": ""star_ris"", ""rho"": 4.0, ""gain"": 0.11587652285605188}, {""block"": ""rsma"", ""rho"": 1.0, ""gain"": 0.0}, {""block"": ""star_ris"", ""rho"": 8.0, ""gain"": 0.005035130010380584}, {""block"": ""rsma"", ""rho"": 1.0, ""gain"": 0.0}, {""block"": ""star_ris"", ""rho"": 2.0, ""gain"": 0.0037279641188305845}, {""block"": ""rsma"", ""rho"": 1.0, ""gain"": 0.0}, {""block"": ""star_ris"", ""rho"": 32.0, ""gain"": 0.011994849709694222}, {""block"": ""rsma"", ""rho"": 1.0, ""gain"": 0.0}, {""block"": ""star_ris"", ""rho"": 8.0, ""gain"": 4.9671907920156855e-05}]",{},4644.642995,eb978e84730de4cf1e0579ad9e17edb700c67ba6eceac89d1fe3698763a419f7,fc61d5cda7da39530055bae9bd0e92865f995cd9,4e84455d08cacd9f85c432f7838c3be2cb0f000b55edc3487c6dee9520cc0b63
ao_sca,96,10000,642,test,19.26777927054563,19.26777927054563,1.0,True,0.0,10,5979,16,ao_sca_proximal_physical,analytical_ris_equal_allocation,"[1.8380092716875025, 18.821229755954754, 18.860572659657198, 19.164380052921352, 19.191050124907242, 19.242638631278737, 19.250855765360306, 19.255151984219225, 19.261656459197447, 19.26733017811019, 19.26777927054563]","[{""block"": ""rsma"", ""rho"": 1.0, ""gain"": 16.78720312626637}, {""block"": ""star_ris"", ""rho"": 1.0, ""gain"": 0.19601735800087994}, {""block"": ""rsma"", ""rho"": 1.0, ""gain"": 0.0}, {""block"": ""star_ris"", ""rho"": 1.0, ""gain"": 0.039342903702443976}, {""block"": ""rsma"", ""rho"": 1.0, ""gain"": 0.0}, {""block"": ""star_ris"", ""rho"": 1.0, ""gain"": 0.3038073932641545}, {""block"": ""rsma"", ""rho"": 1.0, ""gain"": 0.0}, {""block"": ""star_ris"", ""rho"": 2.0, ""gain"": 0.02667007198589033}, {""block"": ""rsma"", ""rho"": 1.0, ""gain"": 0.0}, {""block"": ""star_ris"", ""rho"": 1.0, ""gain"": 0.0515885063714947}, {""block"": ""rsma"", ""rho"": 1.0, ""gain"": 0.0}, {""block"": ""star_ris"", ""rho"": 16.0, ""gain"": 0.0082171340815691}, {""block"": ""rsma"", ""rho"": 1.0, ""gain"": 0.0}, {""block"": ""star_ris"", ""rho"": 16.0, ""gain"": 0.004296218858918621}, {""block"": ""rsma"", ""rho"": 1.0, ""gain"": 0.0}, {""block"": ""star_ris"", ""rho"": 8.0, ""gain"": 0.006504474978221708}, {""block"": ""rsma"", ""rho"": 1.0, ""gain"": -3.552713678800501e-15}, {""block"": ""star_ris"", ""rho"": 4.0, ""gain"": 0.00567371891274604}, {""block"": ""rsma"", ""rho"": 1.0, ""gain"": 3.552713678800501e-15}, {""block"": ""star_ris"", ""rho"": 16.0, ""gain"": 0.00044909243543855837}]",{},3304.243662,eb978e84730de4cf1e0579ad9e17edb700c67ba6eceac89d1fe3698763a419f7,fc61d5cda7da39530055bae9bd0e92865f995cd9,4e84455d08cacd9f85c432f7838c3be2cb0f000b55edc3487c6dee9520cc0b63
ao_sca,96,10000,643,test,19.243711438608187,19.243711438608187,1.0,True,0.0,12,7180,24,ao_sca_proximal_physical,analytical_ris_equal_allocation,"[1.8379901317065335, 18.114815018699357, 18.708821144539094, 18.835583329246855, 18.840357968943284, 18.85655691696067, 18.86016967735086, 18.886510701692437, 18.90132817450357, 19.034354721075438, 19.241656133898594, 19.2435914427745, 19.243711438608187]","[{""block"": ""rsma"", ""rho"": 1.0, ""gain"": 16.069118052199}, {""block"": ""star_ris"", ""rho"": 1.0, ""gain"": 0.20770683479382512}, {""block"": ""rsma"", ""rho"": 1.0, ""gain"": 0.0}, {""block"": ""star_ris"", ""rho"": 1.0, ""gain"": 0.5940061258397371}, {""block"": ""rsma"", ""rho"": 1.0, ""gain"": 0.0}, {""block"": ""star_ris"", ""rho"": 4.0, ""gain"": 0.12676218470776135}, {""block"": ""rsma"", ""rho"": 1.0, ""gain"": 3.552713678800501e-15}, {""block"": ""star_ris"", ""rho"": 8.0, ""gain"": 0.004774639696424998}, {""block"": ""rsma"", ""rho"": 1.0, ""gain"": -3.552713678800501e-15}, {""block"": ""star_ris"", ""rho"": 32.0, ""gain"": 0.01619894801739008}, {""block"": ""rsma"", ""rho"": 1.0, ""gain"": 0.0}, {""block"": ""star_ris"", ""rho"": 8.0, ""gain"": 0.003612760390190317}, {""block"": ""rsma"", ""rho"": 1.0, ""gain"": 0.0}, {""block"": ""star_ris"", ""rho"": 1.0, ""gain"": 0.026341024341576258}, {""block"": ""rsma"", ""rho"": 1.0, ""gain"": 3.552713678800501e-15}, {""block"": ""star_ris"", ""rho"": 2.0, ""gain"": 0.014817472811127885}, {""block"": ""rsma"", ""rho"": 1.0, ""gain"": 0.0}, {""block"": ""star_ris"", ""rho"": 1.0, ""gain"": 0.13302654657186963}, {""block"": ""rsma"", ""rho"": 1.0, ""gain"": -3.552713678800501e-15}, {""block"": ""star_ris"", ""rho"": 2.0, ""gain"": 0.20730141282315984}, {""block"": ""rsma"", ""rho"": 1.0, ""gain"": 0.0}, {""block"": ""star_ris"", ""rho"": 8.0, ""gain"": 0.001935308875903985}, {""block"": ""rsma"", ""rho"": 1.0, ""gain"": -3.552713678800501e-15}, {""block"": ""star_ris"", ""rho"": 512.0, ""gain"": 0.00011999583369259881}]",{},3980.22902,eb978e84730de4cf1e0579ad9e17edb700c67ba6eceac89d1fe3698763a419f7,fc61d5cda7da39530055bae9bd0e92865f995cd9,4e84455d08cacd9f85c432f7838c3be2cb0f000b55edc3487c6dee9520cc0b63
ao_sca,96,10000,644,test,19.40066752566005,19.40066752566005,1.0,True,0.0,20,11943,38,ao_sca_proximal_physical,analytical_ris_equal_allocation,"[1.8380019226331936, 18.47284722052719, 18.753810097030513, 18.781771565204625, 18.939301494230982, 19.0908035172017, 19.12418576782641, 19.14848884131283, 19.1868681917776, 19.208621279600067, 19.27331502812715, 19.29826401803457, 19.30630965848681, 19.314274381348078, 19.327517021524617, 19.333701844392298, 19.339773618859553, 19.345000887193358, 19.390013042254424, 19.39372003440544, 19.400667525660054]","[{""block"": ""rsma"", ""rho"": 1.0, ""gain"": 16.541495624660865}, {""block"": ""star_ris"", ""rho"": 1.0, ""gain"": 0.09334967323313137}, {""block"": ""rsma"", ""rho"": 1.0, ""gain"": 0.0}, {""block"": ""star_ris"", ""rho"": 1.0, ""gain"": 0.28096287650332386}, {""block"": ""rsma"", ""rho"": 1.0, ""gain"": 0.0}, {""block"": ""star_ris"", ""rho"": 1.0, ""gain"": 0.02796146817411227}, {""block"": ""rsma"", ""rho"": 1.0, ""gain"": 0.0}, {""block"": ""star_ris"", ""rho"": 1.0, ""gain"": 0.15752992902635654}, {""block"": ""rsma"", ""rho"": 1.0, ""gain"": 0.0}, {""block"": ""star_ris"", ""rho"": 1.0, ""gain"": 0.15150202297071758}, {""block"": ""rsma"", ""rho"": 1.0, ""gain"": 0.0}, {""block"": ""star_ris"", ""rho"": 1.0, ""gain"": 0.033382250624711673}, {""block"": ""rsma"", ""rho"": 1.0, ""gain"": 0.0}, {""block"": ""star_ris"", ""rho"": 1.0, ""gain"": 0.02430307348641847}, {""block"": ""rsma"", ""rho"": 1.0, ""gain"": -3.552713678800501e-15}, {""block"": ""star_ris"", ""rho"": 1.0, ""gain"": 0.0383793504647727}, {""block"": ""rsma"", ""rho"": 1.0, ""gain"": -3.552713678800501e-15}, {""block"": ""star_ris"", ""rho"": 1.0, ""gain"": 0.02175308782247143}, {""block"": ""rsma"", ""rho"": 1.0, ""gain"": 3.552713678800501e-15}, {""block"": ""star_ris"", ""rho"": 2.0, ""gain"": 0.06469374852708043}, {""block"": ""rsma"", ""rho"": 1.0, ""gain"": 0.0}, {""block"": ""star_ris"", ""rho"": 4.0, ""gain"": 0.02494898990741845}, {""block"": ""rsma"", ""rho"": 1.0, ""gain"": -3.552713678800501e-15}, {""block"": ""star_ris"", ""rho"": 4.0, ""gain"": 0.008045640452245095}, {""block"": ""rsma"", ""rho"": 1.0, ""gain"": -3.552713678800501e-15}, {""block"": ""star_ris"", ""rho"": 8.0, ""gain"": 0.007964722861270701}, {""block"": ""rsma"", ""rho"": 1.0, ""gain"": 0.0}, {""block"": ""star_ris"", ""rho"": 4.0, ""gain"": 0.013242640176539311}, {""block"": ""rsma"", ""rho"": 1.0, ""gain"": 0.0}, {""block"": ""star_ris"", ""rho"": 2.0, ""gain"": 0.00618482286768085}, {""block"": ""rsma"", ""rho"": 1.0, ""gain"": 0.0}, {""block"": ""star_ris"", ""rho"": 8.0, ""gain"": 0.006071774467255153}, {""block"": ""rsma"", ""rho"": 1.0, ""gain"": -3.552713678800501e-15}, {""block"": ""star_ris"", ""rho"": 8.0, ""gain"": 0.005227268333808155}, {""block"": ""rsma"", ""rho"": 1.0, ""gain"": -3.552713678800501e-15}, {""block"": ""star_ris"", ""rho"": 2.0, ""gain"": 0.04501215506106959}, {""block"": ""rsma"", ""rho"": 1.0, ""gain"": 0.0}, {""block"": ""star_ris"", ""rho"": 8.0, ""gain"": 0.0037069921510166637}, {""block"": ""rsma"", ""rho"": 1.0, ""gain"": 0.0}, {""block"": ""star_ris"", ""rho"": 2.0, ""gain"": 0.006947491254614135}]",{},6724.852546,eb978e84730de4cf1e0579ad9e17edb700c67ba6eceac89d1fe3698763a419f7,fc61d5cda7da39530055bae9bd0e92865f995cd9,4e84455d08cacd9f85c432f7838c3be2cb0f000b55edc3487c6dee9520cc0b63
ao_sca,96,10000,645,test,19.100116510139745,19.100116510139745,1.0,True,0.0,6,3585,12,ao_sca_proximal_physical,analytical_ris_equal_allocation,"[1.8379926681794518, 18.519134090010738, 18.76918641516792, 18.825547531167512, 19.02090822168009, 19.09959909326448, 19.100116510139745]","[{""block"": ""rsma"", ""rho"": 1.0, ""gain"": 15.876581662313681}, {""block"": ""star_ris"", ""rho"": 1.0, ""gain"": 0.8045597595176055}, {""block"": ""rsma"", ""rho"": 1.0, ""gain"": 0.0}, {""block"": ""star_ris"", ""rho"": 2.0, ""gain"": 0.25005232515718134}, {""block"": ""rsma"", ""rho"": 1.0, ""gain"": 0.0}, {""block"": ""star_ris"", ""rho"": 8.0, ""gain"": 0.056361115999592926}, {""block"": ""rsma"", ""rho"": 1.0, ""gain"": 3.552713678800501e-15}, {""block"": ""star_ris"", ""rho"": 1.0, ""gain"": 0.19536069051257599}, {""block"": ""rsma"", ""rho"": 1.0, ""gain"": 3.552713678800501e-15}, {""block"": ""star_ris"", ""rho"": 1.0, ""gain"": 0.07869087158438504}, {""block"": ""rsma"", ""rho"": 1.0, ""gain"": 0.0}, {""block"": ""star_ris"", ""rho"": 16.0, ""gain"": 0.0005174168752652974}]",{},1977.155693,eb978e84730de4cf1e0579ad9e17edb700c67ba6eceac89d1fe3698763a419f7,fc61d5cda7da39530055bae9bd0e92865f995cd9,4e84455d08cacd9f85c432f7838c3be2cb0f000b55edc3487c6dee9520cc0b63
ao_sca,96,10000,646,test,18.92477570030688,18.92477570030688,1.0,True,0.0,3,1794,6,ao_sca_proximal_physical,analytical_ris_equal_allocation,"[1.8380031889944342, 18.88907962827975, 18.924556322146387, 18.92477570030688]","[{""block"": ""rsma"", ""rho"": 1.0, ""gain"": 16.42341406365777}, {""block"": ""star_ris"", ""rho"": 1.0, ""gain"": 0.6276623756275441}, {""block"": ""rsma"", ""rho"": 1.0, ""gain"": 0.0}, {""block"": ""star_ris"", ""rho"": 1.0, ""gain"": 0.03547669386663799}, {""block"": ""rsma"", ""rho"": 1.0, ""gain"": 0.0}, {""block"": ""star_ris"", ""rho"": 32.0, ""gain"": 0.00021937816049444336}]",{},982.286254,eb978e84730de4cf1e0579ad9e17edb700c67ba6eceac89d1fe3698763a419f7,fc61d5cda7da39530055bae9bd0e92865f995cd9,4e84455d08cacd9f85c432f7838c3be2cb0f000b55edc3487c6dee9520cc0b63
ao_sca,96,10000,647,test,19.275026083679183,19.275026083679183,1.0,True,0.0,19,11361,32,ao_sca_proximal_physical,analytical_ris_equal_allocation,"[1.8380070345729362, 18.710912130650854, 18.821178561259025, 18.95866257141905, 19.066046274210738, 19.078318002617497, 19.10930001581279, 19.116943379739688, 19.1205530418398, 19.131723340925518, 19.135254425383756, 19.159227570070712, 19.178837512388125, 19.18716455458226, 19.206650039686554, 19.240505541953627, 19.248748584549222, 19.267256024759295, 19.27312123612813, 19.275026083679183]","[{""block"": ""rsma"", ""rho"": 1.0, ""gain"": 16.8286869259484}, {""block"": ""star_ris"", ""rho"": 1.0, ""gain"": 0.04421817012951834}, {""block"": ""rsma"", ""rho"": 1.0, ""gain"": 0.0}, {""block"": ""star_ris"", ""rho"": 1.0, ""gain"": 0.11026643060817065}, {""block"": ""rsma"", ""rho"": 1.0, ""gain"": 0.0}, {""block"": ""star_ris"", ""rho"": 1.0, ""gain"": 0.13748401016002632}, {""block"": ""rsma"", ""rho"": 1.0, ""gain"": 0.0}, {""block"": ""star_ris"", ""rho"": 4.0, ""gain"": 0.10738370279168663}, {""block"": ""rsma"", ""rho"": 1.0, ""gain"": 0.0}, {""block"": ""star_ris"", ""rho"": 4.0, ""gain"": 0.012271728406759053}, {""block"": ""rsma"", ""rho"": 1.0, ""gain"": 0.0}, {""block"": ""star_ris"", ""rho"": 16.0, ""gain"": 0.030982013195291813}, {""block"": ""rsma"", ""rho"": 1.0, ""gain"": 0.0}, {""block"": ""star_ris"", ""rho"": 32.0, ""gain"": 0.007643363926899127}, {""block"": ""rsma"", ""rho"": 1.0, ""gain"": 0.0}, {""block"": ""star_ris"", ""rho"": 8.0, ""gain"": 0.003609662100110711}, {""block"": ""rsma"", ""rho"": 1.0, ""gain"": 0.0}, {""block"": ""star_ris"", ""rho"": 2.0, ""gain"": 0.011170299085719648}, {""block"": ""rsma"", ""rho"": 1.0, ""gain"": 0.0}, {""block"": ""star_ris"", ""rho"": 8.0, ""gain"": 0.003531084458238354}, {""block"": ""rsma"", ""rho"": 1.0, ""gain"": 0.0}, {""block"": ""star_ris"", ""rho"": 4.0, ""gain"": 0.02397314468695555}, {""block"": ""rsma"", ""rho"": 1.0, ""gain"": 0.0}, {""block"": ""star_ris"", ""rho"": 2.0, ""gain"": 0.019609942317412532}, {""block"": ""rsma"", ""rho"": 1.0, ""gain"": 0.0}, {""block"": ""star_ris"", ""rho"": 8.0, ""gain"": 0.008327042194135714}, {""block"": ""rsma"", ""rho"": 1.0, ""gain"": 0.0}, {""block"": ""star_ris"", ""rho"": 4.0, ""gain"": 0.019485485104294042}, {""block"": ""rsma"", ""rho"": 1.0, ""gain"": 0.0}, {""block"": ""star_ris"", ""rho"": 2.0, ""gain"": 0.033855502267073234}, {""block"": ""rsma"", ""rho"": 1.0, ""gain"": 0.0}, {""block"": ""star_ris"", ""rho"": 8.0, ""gain"": 0.00824304259559483}, {""block"": ""rsma"", ""rho"": 1.0, ""gain"": -3.552713678800501e-15}, {""block"": ""star_ris"", ""rho"": 4.0, ""gain"": 0.018507440210076}, {""block"": ""rsma"", ""rho"": 1.0, ""gain"": 3.552713678800501e-15}, {""block"": ""star_ris"", ""rho"": 2.0, ""gain"": 0.00586521136883178}, {""block"": ""rsma"", ""rho"": 1.0, ""gain"": 0.0}, {""block"": ""star_ris"", ""rho"": 2.0, ""gain"": 0.0019048475510530238}]",{},6335.029624,eb978e84730de4cf1e0579ad9e17edb700c67ba6eceac89d1fe3698763a419f7,fc61d5cda7da39530055bae9bd0e92865f995cd9,4e84455d08cacd9f85c432f7838c3be2cb0f000b55edc3487c6dee9520cc0b63
ao_sca,96,10000,648,test,18.819752562342025,18.819752562342025,1.0,True,0.0,8,4773,12,ao_sca_proximal_physical,analytical_ris_equal_allocation,"[1.8379837257689131, 18.28807454705896, 18.328969778006382, 18.457593608276262, 18.596252794397806, 18.615974599508757, 18.80161936105653, 18.819345818757792, 18.819752562342025]","[{""block"": ""rsma"", ""rho"": 1.0, ""gain"": 16.29603405735306}, {""block"": ""star_ris"", ""rho"": 1.0, ""gain"": 0.15405676393698542}, {""block"": ""rsma"", ""rho"": 1.0, ""gain"": 0.0}, {""block"": ""star_ris"", ""rho"": 2.0, ""gain"": 0.0408952309474202}, {""block"": ""rsma"", ""rho"": 1.0, ""gain"": 0.0}, {""block"": ""star_ris"", ""rho"": 1.0, ""gain"": 0.12862383026988056}, {""block"": ""rsma"", ""rho"": 1.0, ""gain"": 0.0}, {""block"": ""star_ris"", ""rho"": 1.0, ""gain"": 0.1386591861215436}, {""block"": ""rsma"", ""rho"": 1.0, ""gain"": 0.0}, {""block"": ""star_ris"", ""rho"": 1.0, ""gain"": 0.019721805110950896}, {""block"": ""rsma"", ""rho"": 1.0, ""gain"": 0.0}, {""block"": ""star_ris"", ""rho"": 1.0, ""gain"": 0.1856447615477741}, {""block"": ""rsma"", ""rho"": 1.0, ""gain"": 0.0}, {""block"": ""star_ris"", ""rho"": 4.0, ""gain"": 0.017726457701261467}, {""block"": ""rsma"", ""rho"": 1.0, ""gain"": 0.0}, {""block"": ""star_ris"", ""rho"": 2.0, ""gain"": 0.0004067435842323164}]",{},2617.248375,eb978e84730de4cf1e0579ad9e17edb700c67ba6eceac89d1fe3698763a419f7,fc61d5cda7da39530055bae9bd0e92865f995cd9,4e84455d08cacd9f85c432f7838c3be2cb0f000b55edc3487c6dee9520cc0b63
ao_sca,96,10000,649,test,18.60666108780377,18.60666108780377,1.0,True,0.0,11,6580,20,ao_sca_proximal_physical,analytical_ris_equal_allocation,"[1.837962341956584, 17.69725686359861, 17.884426717308042, 17.969370541747647, 18.010443538553808, 18.172057095842046, 18.256057001178487, 18.306990754266067, 18.467600797444007, 18.59913351892909, 18.606056513663855, 18.606661087803772]","[{""block"": ""rsma"", ""rho"": 1.0, ""gain"": 15.338149873298544}, {""block"": ""star_ris"", ""rho"": 2.0, ""gain"": 0.5211446483434834}, {""block"": ""rsma"", ""rho"": 1.0, ""gain"": -3.552713678800501e-15}, {""block"": ""star_ris"", ""rho"": 4.0, ""gain"": 0.18716985370943462}, {""block"": ""rsma"", ""rho"": 1.0, ""gain"": 0.0}, {""block"": ""star_ris"", ""rho"": 8.0, ""gain"": 0.08494382443960546}, {""block"": ""rsma"", ""rho"": 1.0, ""gain"": -3.552713678800501e-15}, {""block"": ""star_ris"", ""rho"": 16.0, ""gain"": 0.0410729968061645}, {""block"": ""rsma"", ""rho"": 1.0, ""gain"": 3.552713678800501e-15}, {""block"": ""star_ris"", ""rho"": 4.0, ""gain"": 0.16161355728823423}, {""block"": ""rsma"", ""rho"": 1.0, ""gain"": 0.0}, {""block"": ""star_ris"", ""rho"": 8.0, ""gain"": 0.08399990533644086}, {""block"": ""rsma"", ""rho"": 1.0, ""gain"": 0.0}, {""block"": ""star_ris"", ""rho"": 16.0, ""gain"": 0.05093375308758041}, {""block"": ""rsma"", ""rho"": 1.0, ""gain"": 0.0}, {""block"": ""star_ris"", ""rho"": 1.0, ""gain"": 0.1606100431779396}, {""block"": ""rsma"", ""rho"": 1.0, ""gain"": 0.0}, {""block"": ""star_ris"", ""rho"": 1.0, ""gain"": 0.13153272148508321}, {""block"": ""rsma"", ""rho"": 1.0, ""gain"": 0.0}, {""block"": ""star_ris"", ""rho"": 2.0, ""gain"": 0.006922994734765098}, {""block"": ""rsma"", ""rho"": 1.0, ""gain"": 0.0}, {""block"": ""star_ris"", ""rho"": 8.0, ""gain"": 0.0006045741399169913}]",{},3641.627816,eb978e84730de4cf1e0579ad9e17edb700c67ba6eceac89d1fe3698763a419f7,fc61d5cda7da39530055bae9bd0e92865f995cd9,4e84455d08cacd9f85c432f7838c3be2cb0f000b55edc3487c6dee9520cc0b63
ao_sca,96,10000,650,test,20.96237798125548,20.96237798125548,1.0,True,0.0,20,12210,23,ao_sca_proximal_physical,analytical_ris_equal_allocation,"[1.8379338161732326, 17.309794051134087, 19.654425812219007, 19.92438939096841, 20.124533953361954, 20.29032638405163, 20.41372952120894, 20.511233025579457, 20.594694005934787, 20.668935009417105, 20.67319535159636, 20.732375654369744, 20.745507151304064, 20.795120071789817, 20.836508207361273, 20.87222498732703, 20.880072710872863, 20.88392010800994, 20.91235919671008, 20.93861994643492, 20.962377981255482]","[{""block"": ""rsma"", ""rho"": 1.0, ""gain"": 14.663704979732874}, {""block"": ""star_ris"", ""rho"": 2.0, ""gain"": 0.8081552552279803}, {""block"": ""rsma"", ""rho"": 128.0, ""gain"": 1.9527256340433823}, {""block"": ""star_ris"", ""rho"": 1.0, ""gain"": 0.39190612704153693}, {""block"": ""rsma"", ""rho"": 32768.0, ""gain"": -9.339018447462877e-11}, {""block"": ""star_ris"", ""rho"": 1.0, ""gain"": 0.26996357884279476}, {""block"": ""rsma"", ""rho"": 65536.0, ""gain"": 0.0}, {""block"": ""star_ris"", ""rho"": 1.0, ""gain"": 0.20014456239354317}, {""block"": ""rsma"", ""rho"": 65536.0, ""gain"": 0.0}, {""block"": ""star_ris"", ""rho"": 1.0, ""gain"": 0.16579243068967742}, {""block"": ""rsma"", ""rho"": 65536.0, ""gain"": 0.0}, {""block"": ""star_ris"", ""rho"": 1.0, ""gain"": 0.12340313715730744}, {""block"": ""rsma"", ""rho"": 65536.0, ""gain"": 0.0}, {""block"": ""star_ris"", ""rho"": 1.0, ""gain"": 0.09750350437051836}, {""block"": ""rsma"", ""rho"": 65536.0, ""gain"": 0.0}, {""block"": ""star_ris"", ""rho"": 1.0, ""gain"": 0.0834609803553299}, {""block"": ""rsma"", ""rho"": 65536.0, ""gain"": 0.0}, {""block"": ""star_ris"", ""rho"": 1.0, ""gain"": 0.07424100348231732}, {""block"": ""rsma"", ""rho"": 65536.0, ""gain"": 0.0}, {""block"": ""star_ris"", ""rho"": 16.0, ""gain"": 0.004260342179254195}, {""block"": ""rsma"", ""rho"": 65536.0, ""gain"": 0.0}, {""block"": ""star_ris"", ""rho"": 1.0, ""gain"": 0.0591803027733846}, {""block"": ""rsma"", ""rho"": 65536.0, ""gain"": 0.0}, {""block"": ""star_ris"", ""rho"": 4.0, ""gain"": 0.013131496934320808}, {""block"": ""rsma"", ""rho"": 65536.0, ""gain"": 0.0}, {""block"": ""star_ris"", ""rho"": 1.0, ""gain"": 0.049612920485753165}, {""block"": ""rsma"", ""rho"": 65536.0, ""gain"": 0.0}, {""block"": ""star_ris"", ""rho"": 1.0, ""gain"": 0.04138813557145582}, {""block"": ""rsma"", ""rho"": 65536.0, ""gain"": 0.0}, {""block"": ""star_ris"", ""rho"": 1.0, ""gain"": 0.03571677996575673}, {""block"": ""rsma"", ""rho"": 65536.0, ""gain"": 0.0}, {""block"": ""star_ris"", ""rho"": 4.0, ""gain"": 0.007847723545832963}, {""block"": ""rsma"", ""rho"": 65536.0, ""gain"": 0.0}, {""block"": ""star_ris"", ""rho"": 8.0, ""gain"": 0.0038473971370756033}, {""block"": ""rsma"", ""rho"": 65536.0, ""gain"": 0.0}, {""block"": ""star_ris"", ""rho"": 1.0, ""gain"": 0.02843908870014289}, {""block"": ""rsma"", ""rho"": 65536.0, ""gain"": 0.0}, {""block"": ""star_ris"", ""rho"": 1.0, ""gain"": 0.026260749724837495}, {""block"": ""rsma"", ""rho"": 65536.0, ""gain"": 0.0}, {""block"": ""star_ris"", ""rho"": 1.0, ""gain"": 0.023758034820563267}]",{},6801.586394,eb978e84730de4cf1e0579ad9e17edb700c67ba6eceac89d1fe3698763a419f7,fc61d5cda7da39530055bae9bd0e92865f995cd9,4e84455d08cacd9f85c432f7838c3be2cb0f000b55edc3487c6dee9520cc0b63
ao_sca,96,10000,651,test,18.724236927531585,18.724236927531585,1.0,True,0.0,6,3578,9,ao_sca_proximal_physical,analytical_ris_equal_allocation,"[1.8379905352591022, 18.274230916513957, 18.487521972699497, 18.538776788144574, 18.68376286789093, 18.723181621056675, 18.724236927531585]","[{""block"": ""rsma"", ""rho"": 1.0, ""gain"": 16.3076010142607}, {""block"": ""star_ris"", ""rho"": 1.0, ""gain"": 0.1286393669941539}, {""block"": ""rsma"", ""rho"": 1.0, ""gain"": 0.0}, {""block"": ""star_ris"", ""rho"": 1.0, ""gain"": 0.21329105618553967}, {""block"": ""rsma"", ""rho"": 1.0, ""gain"": -3.552713678800501e-15}, {""block"": ""star_ris"", ""rho"": 1.0, ""gain"": 0.05125481544508048}, {""block"": ""rsma"", ""rho"": 1.0, ""gain"": 0.0}, {""block"": ""star_ris"", ""rho"": 1.0, ""gain"": 0.14498607974635647}, {""block"": ""rsma"", ""rho"": 1.0, ""gain"": 0.0}, {""block"": ""star_ris"", ""rho"": 1.0, ""gain"": 0.03941875316574439}, {""block"": ""rsma"", ""rho"": 1.0, ""gain"": 3.552713678800501e-15}, {""block"": ""star_ris"", ""rho"": 2.0, ""gain"": 0.0010553064749068142}]",{},1986.485956,eb978e84730de4cf1e0579ad9e17edb700c67ba6eceac89d1fe3698763a419f7,fc61d5cda7da39530055bae9bd0e92865f995cd9,4e84455d08cacd9f85c432f7838c3be2cb0f000b55edc3487c6dee9520cc0b63
ao_sca,96,10000,652,test,18.65501765566497,18.65501765566497,1.0,True,0.0,4,2392,8,ao_sca_proximal_physical,analytical_ris_equal_allocation,"[1.8380015492335033, 18.397987344207444, 18.645267167103782, 18.654150970068976, 18.655017655664974]","[{""block"": ""rsma"", ""rho"": 1.0, ""gain"": 16.540187065778312}, {""block"": ""star_ris"", ""rho"": 32.0, ""gain"": 0.019798729195628084}, {""block"": ""rsma"", ""rho"": 1.0, ""gain"": 0.0}, {""block"": ""star_ris"", ""rho"": 2.0, ""gain"": 0.24727982289633843}, {""block"": ""rsma"", ""rho"": 1.0, ""gain"": 3.552713678800501e-15}, {""block"": ""star_ris"", ""rho"": 2.0, ""gain"": 0.008883802965190313}, {""block"": ""rsma"", ""rho"": 1.0, ""gain"": 0.0}, {""block"": ""star_ris"", ""rho"": 1.0, ""gain"": 0.0008666855959980069}]",{},1315.958101,eb978e84730de4cf1e0579ad9e17edb700c67ba6eceac89d1fe3698763a419f7,fc61d5cda7da39530055bae9bd0e92865f995cd9,4e84455d08cacd9f85c432f7838c3be2cb0f000b55edc3487c6dee9520cc0b63
ao_sca,96,10000,653,test,18.9104165057598,18.9104165057598,1.0,True,0.0,13,7780,19,ao_sca_proximal_physical,analytical_ris_equal_allocation,"[1.8379853637442651, 18.227852334065915, 18.25041958140971, 18.259167094083978, 18.31448685925998, 18.32645946991679, 18.335820506242968, 18.68324691160708, 18.82782190433587, 18.840130968236707, 18.871921518705996, 18.90257898851758, 18.909837406282197, 18.910416505759798]","[{""block"": ""rsma"", ""rho"": 1.0, ""gain"": 16.219833465068483}, {""block"": ""star_ris"", ""rho"": 4.0, ""gain"": 0.17003350525316563}, {""block"": ""rsma"", ""rho"": 1.0, ""gain"": 0.0}, {""block"": ""star_ris"", ""rho"": 4.0, ""gain"": 0.022567247343793895}, {""block"": ""rsma"", ""rho"": 1.0, ""gain"": 0.0}, {""block"": ""star_ris"", ""rho"": 8.0, ""gain"": 0.008747512674268876}, {""block"": ""rsma"", ""rho"": 1.0, ""gain"": 0.0}, {""block"": ""star_ris"", ""rho"": 4.0, ""gain"": 0.05531976517600157}, {""block"": ""rsma"", ""rho"": 1.0, ""gain"": 0.0}, {""block"": ""star_ris"", ""rho"": 1.0, ""gain"": 0.011972610656812321}, {""block"": ""rsma"", ""rho"": 1.0, ""gain"": 0.0}, {""block"": ""star_ris"", ""rho"": 1.0, ""gain"": 0.00936103632617602}, {""block"": ""rsma"", ""rho"": 1.0, ""gain"": 0.0}, {""block"": ""star_ris"", ""rho"": 1.0, ""gain"": 0.34742640536411074}, {""block"": ""rsma"", ""rho"": 1.0, ""gain"": 0.0}, {""block"": ""star_ris"", ""rho"": 2.0, ""gain"": 0.14457499272879204}, {""block"": ""rsma"", ""rho"": 1.0, ""gain"": 0.0}, {""block"": ""star_ris"", ""rho"": 8.0, ""gain"": 0.012309063900836748}, {""block"": ""rsma"", ""rho"": 1.0, ""gain"": 0.0}, {""block"": ""star_ris"", ""rho"": 8.0, ""gain"": 0.0317905504692888}, {""block"": ""rsma"", ""rho"": 1.0, ""gain"": 0.0}, {""block"": ""star_ris"", ""rho"": 16.0, ""gain"": 0.030657469811583127}, {""block"": ""rsma"", ""rho"": 1.0, ""gain"": 3.552713678800501e-15}, {""block"": ""star_ris"", ""rho"": 64.0, ""gain"": 0.007258417764614222}, {""block"": ""rsma"", ""rho"": 1.0, ""gain"": 0.0}, {""block"": ""star_ris"", ""rho"": 32.0, ""gain"": 0.0005790994776013747}]",{},4395.783774,eb978e84730de4cf1e0579ad9e17edb700c67ba6eceac89d1fe3698763a419f7,fc61d5cda7da39530055bae9bd0e92865f995cd9,4e84455d08cacd9f85c432f7838c3be2cb0f000b55edc3487c6dee9520cc0b63
ao_sca,96,10000,654,test,18.994105719805336,18.994105719805336,1.0,True,0.0,13,7778,24,ao_sca_proximal_physical,analytical_ris_equal_allocation,"[1.837989479254679, 18.30265683636903, 18.33887454162111, 18.358467123546223, 18.36812781900754, 18.529429391301353, 18.70120125037153, 18.73122341435341, 18.788156792036535, 18.847597404419716, 18.935806952313758, 18.983706157265797, 18.99309747880441, 18.994105719805336]","[{""block"": ""rsma"", ""rho"": 1.0, ""gain"": 16.339693876199682}, {""block"": ""star_ris"", ""rho"": 4.0, ""gain"": 0.12497348091466876}, {""block"": ""rsma"", ""rho"": 1.0, ""gain"": 0.0}, {""block"": ""star_ris"", ""rho"": 1.0, ""gain"": 0.03621770525207779}, {""block"": ""rsma"", ""rho"": 1.0, ""gain"": 0.0}, {""block"": ""star_ris"", ""rho"": 32.0, ""gain"": 0.019592581925113706}, {""block"": ""rsma"", ""rho"": 1.0, ""gain"": 3.552713678800501e-15}, {""block"": ""star_ris"", ""rho"": 64.0, ""gain"": 0.00966069546131365}, {""block"": ""rsma"", ""rho"": 1.0, ""gain"": 0.0}, {""block"": ""star_ris"", ""rho"": 1.0, ""gain"": 0.16130157229381226}, {""block"": ""rsma"", ""rho"": 1.0, ""gain"": -3.552713678800501e-15}, {""block"": ""star_ris"", ""rho"": 1.0, ""gain"": 0.17177185907018}, {""block"": ""rsma"", ""rho"": 1.0, ""gain"": 0.0}, {""block"": ""star_ris"", ""rho"": 1.0, ""gain"": 0.0300221639818794}, {""block"": ""rsma"", ""rho"": 1.0, ""gain"": 0.0}, {""block"": ""star_ris"", ""rho"": 1.0, ""gain"": 0.05693337768312645}, {""block"": ""rsma"", ""rho"": 1.0, ""gain"": 0.0}, {""block"": ""star_ris"", ""rho"": 1.0, ""gain"": 0.05944061238318099}, {""block"": ""rsma"", ""rho"": 1.0, ""gain"": 0.0}, {""block"": ""star_ris"", ""rho"": 4.0, ""gain"": 0.08820954789404212}, {""block"": ""rsma"", ""rho"": 1.0, ""gain"": 0.0}, {""block"": ""star_ris"", ""rho"": 8.0, ""gain"": 0.04789920495203859}, {""block"": ""rsma"", ""rho"": 1.0, ""gain"": -3.552713678800501e-15}, {""block"": ""star_ris"", ""rho"": 16.0, ""gain"": 0.009391321538615216}, {""block"": ""rsma"", ""rho"": 1.0, ""gain"": 0.0}, {""block"": ""star_ris"", ""rho"": 128.0, ""gain"": 0.0010082410009282228}]",{},4349.660959,eb978e84730de4cf1e0579ad9e17edb700c67ba6eceac89d1fe3698763a419f7,fc61d5cda7da39530055bae9bd0e92865f995cd9,4e84455d08cacd9f85c432f7838c3be2cb0f000b55edc3487c6dee9520cc0b63
ao_sca,96,10000,655,test,19.375986462060517,19.375986462060517,1.0,True,0.0,18,10749,34,ao_sca_proximal_physical,analytical_ris_equal_allocation,"[1.8379993876045808, 18.553488240237098, 18.79213574356276, 18.83890376727944, 19.009892182523014, 19.07450750471686, 19.081469255071916, 19.09278185979092, 19.136622446021594, 19.15840205852776, 19.196374645802507, 19.238806694865914, 19.244328189614226, 19.249336685570345, 19.352214478140343, 19.360337207101807, 19.367186668316563, 19.375247913785394, 19.375986462060514]","[{""block"": ""rsma"", ""rho"": 1.0, ""gain"": 16.491804555704796}, {""block"": ""star_ris"", ""rho"": 1.0, ""gain"": 0.22368429692772196}, {""block"": ""rsma"", ""rho"": 1.0, ""gain"": 0.0}, {""block"": ""star_ris"", ""rho"": 1.0, ""gain"": 0.2386475033256623}, {""block"": ""rsma"", ""rho"": 1.0, ""gain"": 0.0}, {""block"": ""star_ris"", ""rho"": 1.0, ""gain"": 0.04676802371668032}, {""block"": ""rsma"", ""rho"": 1.0, ""gain"": 0.0}, {""block"": ""star_ris"", ""rho"": 1.0, ""gain"": 0.1709884152435741}, {""block"": ""rsma"", ""rho"": 1.0, ""gain"": 0.0}, {""block"": ""star_ris"", ""rho"": 1.0, ""gain"": 0.0646153221938448}, {""block"": ""rsma"", ""rho"": 1.0, ""gain"": 0.0}, {""block"": ""star_ris"", ""rho"": 2.0, ""gain"": 0.0069617503550567505}, {""block"": ""rsma"", ""rho"": 1.0, ""gain"": 0.0}, {""block"": ""star_ris"", ""rho"": 1.0, ""gain"": 0.011312604719005748}, {""block"": ""rsma"", ""rho"": 1.0, ""gain"": -3.552713678800501e-15}, {""block"": ""star_ris"", ""rho"": 8.0, ""gain"": 0.04384058623067588}, {""block"": ""rsma"", ""rho"": 1.0, ""gain"": 0.0}, {""block"": ""star_ris"", ""rho"": 2.0, ""gain"": 0.021779612506165336}, {""block"": ""rsma"", ""rho"": 1.0, ""gain"": 0.0}, {""block"": ""star_ris"", ""rho"": 1.0, ""gain"": 0.03797258727474784}, {""block"": ""rsma"", ""rho"": 1.0, ""gain"": 0.0}, {""block"": ""star_ris"", ""rho"": 1.0, ""gain"": 0.04243204906340736}, {""block"": ""rsma"", ""rho"": 1.0, ""gain"": 0.0}, {""block"": ""star_ris"", ""rho"": 8.0, ""gain"": 0.0055214947483115395}, {""block"": ""rsma"", ""rho"": 1.0, ""gain"": 0.0}, {""block"": ""star_ris"", ""rho"": 2.0, ""gain"": 0.0050084959561189635}, {""block"": ""rsma"", ""rho"": 1.0, ""gain"": 0.0}, {""block"": ""star_ris"", ""rho"": 1.0, ""gain"": 0.1028777925699984}, {""block"": ""rsma"", ""rho"": 1.0, ""gain"": 0.0}, {""block"": ""star_ris"", ""rho"": 8.0, ""gain"": 0.008122728961463821}, {""block"": ""rsma"", ""rho"": 1.0, ""gain"": -3.552713678800501e-15}, {""block"": ""star_ris"", ""rho"": 8.0, ""gain"": 0.0068494612147596}, {""block"": ""rsma"", ""rho"": 1.0, ""gain"": 0.0}, {""block"": ""star_ris"", ""rho"": 8.0, ""gain"": 0.008061245468830691}, {""block"": ""rsma"", ""rho"": 1.0, ""gain"": -3.552713678800501e-15}, {""block"": ""star_ris"", ""rho"": 4.0, ""gain"": 0.0007385482751232075}]",{},6005.98337,eb978e84730de4cf1e0579ad9e17edb700c67ba6eceac89d1fe3698763a419f7,fc61d5cda7da39530055bae9bd0e92865f995cd9,4e84455d08cacd9f85c432f7838c3be2cb0f000b55edc3487c6dee9520cc0b63
ao_sca,96,10000,656,test,19.302087191817527,19.302087191817527,1.0,True,0.0,11,6573,18,ao_sca_proximal_physical,analytical_ris_equal_allocation,"[1.8380131475370245, 18.74791010962359, 18.75130169736448, 18.965549327245004, 19.06588042382501, 19.11311910838186, 19.172778028749327, 19.19908352446617, 19.21132043186505, 19.235665722470003, 19.301281571198253, 19.302087191817527]","[{""block"": ""rsma"", ""rho"": 1.0, ""gain"": 16.88229098507054}, {""block"": ""star_ris"", ""rho"": 16.0, ""gain"": 0.027605977016026628}, {""block"": ""rsma"", ""rho"": 1.0, ""gain"": 0.0}, {""block"": ""star_ris"", ""rho"": 128.0, ""gain"": 0.0033915877408894346}, {""block"": ""rsma"", ""rho"": 1.0, ""gain"": 0.0}, {""block"": ""star_ris"", ""rho"": 1.0, ""gain"": 0.21424762988052493}, {""block"": ""rsma"", ""rho"": 1.0, ""gain"": 0.0}, {""block"": ""star_ris"", ""rho"": 1.0, ""gain"": 0.10033109658000683}, {""block"": ""rsma"", ""rho"": 1.0, ""gain"": 0.0}, {""block"": ""star_ris"", ""rho"": 2.0, ""gain"": 0.047238684556848654}, {""block"": ""rsma"", ""rho"": 1.0, ""gain"": 0.0}, {""block"": ""star_ris"", ""rho"": 1.0, ""gain"": 0.05965892036746823}, {""block"": ""rsma"", ""rho"": 1.0, ""gain"": 0.0}, {""block"": ""star_ris"", ""rho"": 2.0, ""gain"": 0.026305495716844263}, {""block"": ""rsma"", ""rho"": 1.0, ""gain"": 0.0}, {""block"": ""star_ris"", ""rho"": 4.0, ""gain"": 0.012236907398879282}, {""block"": ""rsma"", ""rho"": 1.0, ""gain"": -3.552713678800501e-15}, {""block"": ""star_ris"", ""rho"": 2.0, ""gain"": 0.024345290604955494}, {""block"": ""rsma"", ""rho"": 1.0, ""gain"": 0.0}, {""block"": ""star_ris"", ""rho"": 1.0, ""gain"": 0.06561584872824966}, {""block"": ""rsma"", ""rho"": 1.0, ""gain"": 0.0}, {""block"": ""star_ris"", ""rho"": 1.0, ""gain"": 0.000805620619274805}]",{},3805.329101,eb978e84730de4cf1e0579ad9e17edb700c67ba6eceac89d1fe3698763a419f7,fc61d5cda7da39530055bae9bd0e92865f995cd9,4e84455d08cacd9f85c432f7838c3be2cb0f000b55edc3487c6dee9520cc0b63
ao_sca,96,10000,657,test,18.970789566679365,18.970789566679365,1.0,True,0.0,9,5379,16,ao_sca_proximal_physical,analytical_ris_equal_allocation,"[1.8379942648400887, 18.41747349810963, 18.431858154988518, 18.670700496618203, 18.82263855850647, 18.825390935726016, 18.837404964538674, 18.95744975037735, 18.96915511948677, 18.970789566679365]","[{""block"": ""rsma"", ""rho"": 1.0, ""gain"": 16.50637773254927}, {""block"": ""star_ris"", ""rho"": 1.0, ""gain"": 0.07310150072027}, {""block"": ""rsma"", ""rho"": 1.0, ""gain"": 0.0}, {""block"": ""star_ris"", ""rho"": 1.0, ""gain"": 0.01438465687888879}, {""block"": ""rsma"", ""rho"": 1.0, ""gain"": 0.0}, {""block"": ""star_ris"", ""rho"": 1.0, ""gain"": 0.23884234162968454}, {""block"": ""rsma"", ""rho"": 1.0, ""gain"": -7.105427357601002e-15}, {""block"": ""star_ris"", ""rho"": 4.0, ""gain"": 0.15193806188827352}, {""block"": ""rsma"", ""rho"": 1.0, ""gain"": 3.552713678800501e-15}, {""block"": ""star_ris"", ""rho"": 2.0, ""gain"": 0.002752377219543689}, {""block"": ""rsma"", ""rho"": 1.0, ""gain"": 0.0}, {""block"": ""star_ris"", ""rho"": 2.0, ""gain"": 0.012014028812657784}, {""block"": ""rsma"", ""rho"": 1.0, ""gain"": 0.0}, {""block"": ""star_ris"", ""rho"": 1.0, ""gain"": 0.12004478583867595}, {""block"": ""rsma"", ""rho"": 1.0, ""gain"": 3.552713678800501e-15}, {""block"": ""star_ris"", ""rho"": 2.0, ""gain"": 0.011705369109417774}, {""block"": ""rsma"", ""rho"": 1.0, ""gain"": 0.0}, {""block"": ""star_ris"", ""rho"": 512.0, ""gain"": 0.0016344471925933135}]",{},2978.47047,eb978e84730de4cf1e0579ad9e17edb700c67ba6eceac89d1fe3698763a419f7,fc61d5cda7da39530055bae9bd0e92865f995cd9,4e84455d08cacd9f85c432f7838c3be2cb0f000b55edc3487c6dee9520cc0b63
ao_sca,96,10000,658,test,18.45316996622155,18.45316996622155,1.0,True,0.0,3,1793,5,ao_sca_proximal_physical,analytical_ris_equal_allocation,"[1.8379766909107926, 18.448408784668473, 18.452432399898633, 18.45316996622155]","[{""block"": ""rsma"", ""rho"": 1.0, ""gain"": 15.579330043279928}, {""block"": ""star_ris"", ""rho"": 1.0, ""gain"": 1.0311020504777524}, {""block"": ""rsma"", ""rho"": 1.0, ""gain"": 3.552713678800501e-15}, {""block"": ""star_ris"", ""rho"": 8.0, ""gain"": 0.004023615230156707}, {""block"": ""rsma"", ""rho"": 1.0, ""gain"": 0.0}, {""block"": ""star_ris"", ""rho"": 2.0, ""gain"": 0.000737566322918326}]",{},1086.129385,eb978e84730de4cf1e0579ad9e17edb700c67ba6eceac89d1fe3698763a419f7,fc61d5cda7da39530055bae9bd0e92865f995cd9,4e84455d08cacd9f85c432f7838c3be2cb0f000b55edc3487c6dee9520cc0b63
ao_sca,96,10000,659,test,18.647574921147694,18.647574921147694,1.0,True,0.0,11,6584,20,ao_sca_proximal_physical,analytical_ris_equal_allocation,"[1.837968928740209, 17.840216478914435, 17.94102110557607, 17.98832362731683, 18.008478395081752, 18.03267088288272, 18.109388724261958, 18.11233789630308, 18.16981843889222, 18.293120500628376, 18.646290647957194, 18.647574921147694]","[{""block"": ""rsma"", ""rho"": 1.0, ""gain"": 15.768736805773665}, {""block"": ""star_ris"", ""rho"": 4.0, ""gain"": 0.23351074440056152}, {""block"": ""rsma"", ""rho"": 1.0, ""gain"": -3.552713678800501e-15}, {""block"": ""star_ris"", ""rho"": 8.0, ""gain"": 0.10080462666163825}, {""block"": ""rsma"", ""rho"": 1.0, ""gain"": 0.0}, {""block"": ""star_ris"", ""rho"": 16.0, ""gain"": 0.047302521740760994}, {""block"": ""rsma"", ""rho"": 1.0, ""gain"": 0.0}, {""block"": ""star_ris"", ""rho"": 1.0, ""gain"": 0.020154767764921644}, {""block"": ""rsma"", ""rho"": 1.0, ""gain"": 0.0}, {""block"": ""star_ris"", ""rho"": 32.0, ""gain"": 0.024192487800966944}, {""block"": ""rsma"", ""rho"": 1.0, ""gain"": 0.0}, {""block"": ""star_ris"", ""rho"": 8.0, ""gain"": 0.07671784137923865}, {""block"": ""rsma"", ""rho"": 1.0, ""gain"": 0.0}, {""block"": ""star_ris"", ""rho"": 4.0, ""gain"": 0.00294917204112366}, {""block"": ""rsma"", ""rho"": 1.0, ""gain"": 0.0}, {""block"": ""star_ris"", ""rho"": 1.0, ""gain"": 0.057480542589139816}, {""block"": ""rsma"", ""rho"": 1.0, ""gain"": 0.0}, {""block"": ""star_ris"", ""rho"": 1.0, ""gain"": 0.12330206173615466}, {""block"": ""rsma"", ""rho"": 1.0, ""gain"": 0.0}, {""block"": ""star_ris"", ""rho"": 4.0, ""gain"": 0.353170147328818}, {""block"": ""rsma"", ""rho"": 1.0, ""gain"": 0.0}, {""block"": ""star_ris"", ""rho"": 64.0, ""gain"": 0.0012842731904996185}]",{},3697.665217,eb978e84730de4cf1e0579ad9e17edb700c67ba6eceac89d1fe3698763a419f7,fc61d5cda7da39530055bae9bd0e92865f995cd9,4e84455d08cacd9f85c432f7838c3be2cb0f000b55edc3487c6dee9520cc0b63
ao_sca,96,10000,660,test,18.82003047223713,18.82003047223713,1.0,True,0.0,10,5991,19,ao_sca_proximal_physical,analytical_ris_equal_allocation,"[1.8379991058433671, 18.39407554908461, 18.544099003664293, 18.54734193084287, 18.572846232650654, 18.587296798808385, 18.621692315670643, 18.638520717339777, 18.78893658374257, 18.818319251223134, 18.820030472237132]","[{""block"": ""rsma"", ""rho"": 1.0, ""gain"": 16.514759792702268}, {""block"": ""star_ris"", ""rho"": 16.0, ""gain"": 0.041316650538977484}, {""block"": ""rsma"", ""rho"": 1.0, ""gain"": 3.552713678800501e-15}, {""block"": ""star_ris"", ""rho"": 4.0, ""gain"": 0.15002345457967792}, {""block"": ""rsma"", ""rho"": 1.0, ""gain"": 0.0}, {""block"": ""star_ris"", ""rho"": 16.0, ""gain"": 0.003242927178575883}, {""block"": ""rsma"", ""rho"": 1.0, ""gain"": 0.0}, {""block"": ""star_ris"", ""rho"": 8.0, ""gain"": 0.025504301807785623}, {""block"": ""rsma"", ""rho"": 1.0, ""gain"": 0.0}, {""block"": ""star_ris"", ""rho"": 2.0, ""gain"": 0.014450566157730549}, {""block"": ""rsma"", ""rho"": 1.0, ""gain"": 3.552713678800501e-15}, {""block"": ""star_ris"", ""rho"": 16.0, ""gain"": 0.03439551686225428}, {""block"": ""rsma"", ""rho"": 1.0, ""gain"": 0.0}, {""block"": ""star_ris"", ""rho"": 32.0, ""gain"": 0.016828401669133797}, {""block"": ""rsma"", ""rho"": 1.0, ""gain"": -3.552713678800501e-15}, {""block"": ""star_ris"", ""rho"": 2.0, ""gain"": 0.15041586640279547}, {""block"": ""rsma"", ""rho"": 1.0, ""gain"": 7.105427357601002e-15}, {""block"": ""star_ris"", ""rho"": 2.0, ""gain"": 0.029382667480557956}, {""block"": ""rsma"", ""rho"": 1.0, ""gain"": 0.0}, {""block"": ""star_ris"", ""rho"": 32.0, ""gain"": 0.001711221013998454}]",{},3292.113331,eb978e84730de4cf1e0579ad9e17edb700c67ba6eceac89d1fe3698763a419f7,fc61d5cda7da39530055bae9bd0e92865f995cd9,4e84455d08cacd9f85c432f7838c3be2cb0f000b55edc3487c6dee9520cc0b63
ao_sca,96,10000,661,test,18.921969341374687,18.921969341374687,1.0,True,0.0,8,4783,15,ao_sca_proximal_physical,analytical_ris_equal_allocation,"[1.8379889078862282, 18.29732975315926, 18.562675347301806, 18.60461594595149, 18.646151347429125, 18.765133764515728, 18.901452632680986, 18.920899870196266, 18.921969341374687]","[{""block"": ""rsma"", ""rho"": 1.0, ""gain"": 16.12602310455174}, {""block"": ""star_ris"", ""rho"": 1.0, ""gain"": 0.3333177407212915}, {""block"": ""rsma"", ""rho"": 1.0, ""gain"": 0.0}, {""block"": ""star_ris"", ""rho"": 1.0, ""gain"": 0.2653455941425449}, {""block"": ""rsma"", ""rho"": 1.0, ""gain"": 0.0}, {""block"": ""star_ris"", ""rho"": 1.0, ""gain"": 0.0419405986496848}, {""block"": ""rsma"", ""rho"": 1.0, ""gain"": 0.0}, {""block"": ""star_ris"", ""rho"": 16.0, ""gain"": 0.04153540147763479}, {""block"": ""rsma"", ""rho"": 1.0, ""gain"": 0.0}, {""block"": ""star_ris"", ""rho"": 1.0, ""gain"": 0.11898241708660251}, {""block"": ""rsma"", ""rho"": 1.0, ""gain"": 0.0}, {""block"": ""star_ris"", ""rho"": 2.0, ""gain"": 0.13631886816525807}, {""block"": ""rsma"", ""rho"": 1.0, ""gain"": 0.0}, {""block"": ""star_ris"", ""rho"": 16.0, ""gain"": 0.01944723751527988}, {""block"": ""rsma"", ""rho"": 1.0, ""gain"": 0.0}, {""block"": ""star_ris"", ""rho"": 32.0, ""gain"": 0.0010694711784218214}]",{},2685.669392,eb978e84730de4cf1e0579ad9e17edb700c67ba6eceac89d1fe3698763a419f7,fc61d5cda7da39530055bae9bd0e92865f995cd9,4e84455d08cacd9f85c432f7838c3be2cb0f000b55edc3487c6dee9520cc0b63
ao_sca,96,10000,662,test,18.78003801472344,18.78003801472344,1.0,True,0.0,12,7172,18,ao_sca_proximal_physical,analytical_ris_equal_allocation,"[1.8379866999474326, 18.282741134580647, 18.324654418841085, 18.499714340980244, 18.536767041731256, 18.57708146787575, 18.60643912885002, 18.71338860198219, 18.72430793526591, 18.74085731863946, 18.766672699426387, 18.779326956721533, 18.780038014723438]","[{""block"": ""rsma"", ""rho"": 1.0, ""gain"": 16.373785998836976}, {""block"": ""star_ris"", ""rho"": 1.0, ""gain"": 0.0709684357962388}, {""block"": ""rsma"", ""rho"": 1.0, ""gain"": 0.0}, {""block"": ""star_ris"", ""rho"": 1.0, ""gain"": 0.04191328426043839}, {""block"": ""rsma"", ""rho"": 1.0, ""gain"": 0.0}, {""block"": ""star_ris"", ""rho"": 1.0, ""gain"": 0.17505992213915889}, {""block"": ""rsma"", ""rho"": 1.0, ""gain"": -3.552713678800501e-15}, {""block"": ""star_ris"", ""rho"": 8.0, ""gain"": 0.03705270075101552}, {""block"": ""rsma"", ""rho"": 1.0, ""gain"": 3.552713678800501e-15}, {""block"": ""star_ris"", ""rho"": 1.0, ""gain"": 0.04031442614449077}, {""block"": ""rsma"", ""rho"": 1.0, ""gain"": 0.0}, {""block"": ""star_ris"", ""rho"": 2.0, ""gain"": 0.02935766097427006}, {""block"": ""rsma"", ""rho"": 1.0, ""gain"": 0.0}, {""block"": ""star_ris"", ""rho"": 2.0, ""gain"": 0.1069494731321683}, {""block"": ""rsma"", ""rho"": 1.0, ""gain"": 0.0}, {""block"": ""star_ris"", ""rho"": 1.0, ""gain"": 0.010919333283720078}, {""block"": ""rsma"", ""rho"": 1.0, ""gain"": 0.0}, {""block"": ""star_ris"", ""rho"": 4.0, ""gain"": 0.016549383373551052}, {""block"": ""rsma"", ""rho"": 1.0, ""gain"": 3.552713678800501e-15}, {""block"": ""star_ris"", ""rho"": 16.0, ""gain"": 0.02581538078692347}, {""block"": ""rsma"", ""rho"": 1.0, ""gain"": 0.0}, {""block"": ""star_ris"", ""rho"": 32.0, ""gain"": 0.012654257295146465}, {""block"": ""rsma"", ""rho"": 1.0, ""gain"": 0.0}, {""block"": ""star_ris"", ""rho"": 8.0, ""gain"": 0.0007110580019045187}]",{},4072.340508,eb978e84730de4cf1e0579ad9e17edb700c67ba6eceac89d1fe3698763a419f7,fc61d5cda7da39530055bae9bd0e92865f995cd9,4e84455d08cacd9f85c432f7838c3be2cb0f000b55edc3487c6dee9520cc0b63
ao_sca,96,10000,663,test,18.99836510421454,18.99836510421454,1.0,True,0.0,9,5379,16,ao_sca_proximal_physical,analytical_ris_equal_allocation,"[1.8379980706030221, 18.27434040900259, 18.350725293796497, 18.724047032404876, 18.788870980147347, 18.83042725167112, 18.932283639867023, 18.93663207281363, 18.997778956135175, 18.99836510421454]","[{""block"": ""rsma"", ""rho"": 1.0, ""gain"": 16.264151368247436}, {""block"": ""star_ris"", ""rho"": 4.0, ""gain"": 0.17219097015213336}, {""block"": ""rsma"", ""rho"": 1.0, ""gain"": 3.552713678800501e-15}, {""block"": ""star_ris"", ""rho"": 8.0, ""gain"": 0.07638488479390304}, {""block"": ""rsma"", ""rho"": 1.0, ""gain"": 0.0}, {""block"": ""star_ris"", ""rho"": 1.0, ""gain"": 0.3733217386083787}, {""block"": ""rsma"", ""rho"": 1.0, ""gain"": 0.0}, {""block"": ""star_ris"", ""rho"": 2.0, ""gain"": 0.06482394774247169}, {""block"": ""rsma"", ""rho"": 1.0, ""gain"": 0.0}, {""block"": ""star_ris"", ""rho"": 2.0, ""gain"": 0.04155627152377406}, {""block"": ""rsma"", ""rho"": 1.0, ""gain"": 0.0}, {""block"": ""star_ris"", ""rho"": 2.0, ""gain"": 0.10185638819590181}, {""block"": ""rsma"", ""rho"": 1.0, ""gain"": 3.552713678800501e-15}, {""block"": ""star_ris"", ""rho"": 4.0, ""gain"": 0.004348432946603253}, {""block"": ""rsma"", ""rho"": 1.0, ""gain"": 0.0}, {""block"": ""star_ris"", ""rho"": 4.0, ""gain"": 0.06114688332154472}, {""block"": ""rsma"", ""rho"": 1.0, ""gain"": 0.0}, {""block"": ""star_ris"", ""rho"": 4.0, ""gain"": 0.0005861480793640794}]",{},3021.110677,eb978e84730de4cf1e0579ad9e17edb700c67ba6eceac89d1fe3698763a419f7,fc61d5cda7da39530055bae9bd0e92865f995cd9,4e84455d08cacd9f85c432f7838c3be2cb0f000b55edc3487c6dee9520cc0b63
ao_sca,96,10000,664,test,18.999693163800657,18.999693163800657,1.0,True,0.0,15,8956,29,ao_sca_proximal_physical,analytical_ris_equal_allocation,"[1.8379814045609362, 18.235661609409142, 18.30230269148567, 18.45826389184194, 18.63590514275313, 18.70553227820703, 18.725632259757262, 18.733955178959416, 18.75469943529063, 18.80396566013491, 18.850701524385073, 18.886354854543388, 18.974486061811717, 18.993715516353202, 18.998838640751888, 18.999693163800657]","[{""block"": ""rsma"", ""rho"": 1.0, ""gain"": 16.129215090162226}, {""block"": ""star_ris"", ""rho"": 1.0, ""gain"": 0.26846511468598067}, {""block"": ""rsma"", ""rho"": 1.0, ""gain"": 0.0}, {""block"": ""star_ris"", ""rho"": 1.0, ""gain"": 0.0666410820765293}, {""block"": ""rsma"", ""rho"": 1.0, ""gain"": 0.0}, {""block"": ""star_ris"", ""rho"": 1.0, ""gain"": 0.1559612003562698}, {""block"": ""rsma"", ""rho"": 1.0, ""gain"": 0.0}, {""block"": ""star_ris"", ""rho"": 1.0, ""gain"": 0.17764125091118999}, {""block"": ""rsma"", ""rho"": 1.0, ""gain"": 0.0}, {""block"": ""star_ris"", ""rho"": 1.0, ""gain"": 0.06962713545389931}, {""block"": ""rsma"", ""rho"": 1.0, ""gain"": 0.0}, {""block"": ""star_ris"", ""rho"": 1.0, ""gain"": 0.020099981550231405}, {""block"": ""rsma"", ""rho"": 1.0, ""gain"": 0.0}, {""block"": ""star_ris"", ""rho"": 8.0, ""gain"": 0.008322919202154111}, {""block"": ""rsma"", ""rho"": 1.0, ""gain"": 0.0}, {""block"": ""star_ris"", ""rho"": 4.0, ""gain"": 0.020744256331212796}, {""block"": ""rsma"", ""rho"": 1.0, ""gain"": 0.0}, {""block"": ""star_ris"", ""rho"": 2.0, ""gain"": 0.049266224844281226}, {""block"": ""rsma"", ""rho"": 1.0, ""gain"": 0.0}, {""block"": ""star_ris"", ""rho"": 1.0, ""gain"": 0.04673586425016296}, {""block"": ""rsma"", ""rho"": 1.0, ""gain"": 0.0}, {""block"": ""star_ris"", ""rho"": 2.0, ""gain"": 0.035653330158314844}, {""block"": ""rsma"", ""rho"": 1.0, ""gain"": 0.0}, {""block"": ""star_ris"", ""rho"": 2.0, ""gain"": 0.08813120726832935}, {""block"": ""rsma"", ""rho"": 1.0, ""gain"": 0.0}, {""block"": ""star_ris"", ""rho"": 8.0, ""gain"": 0.019229454541484614}, {""block"": ""rsma"", ""rho"": 1.0, ""gain"": 0.0}, {""block"": ""star_ris"", ""rho"": 4.0, ""gain"": 0.00512312439868623}, {""block"": ""rsma"", ""rho"": 1.0, ""gain"": 3.552713678800501e-15}, {""block"": ""star_ris"", ""rho"": 4.0, ""gain"": 0.0008545230487655431}]",{},4899.474496,eb978e84730de4cf1e0579ad9e17edb700c67ba6eceac89d1fe3698763a419f7,fc61d5cda7da39530055bae9bd0e92865f995cd9,4e84455d08cacd9f85c432f7838c3be2cb0f000b55edc3487c6dee9520cc0b63
ao_sca,96,10000,665,test,18.965208586764906,18.965208586764906,1.0,True,0.0,5,2985,8,ao_sca_proximal_physical,analytical_ris_equal_allocation,"[1.8379954497982853, 18.379466256402686, 18.54197070584495, 18.722509577952614, 18.96519506174989, 18.965208586764902]","[{""block"": ""rsma"", ""rho"": 1.0, ""gain"": 16.428560815229122}, {""block"": ""star_ris"", ""rho"": 1.0, ""gain"": 0.1129099913752789}, {""block"": ""rsma"", ""rho"": 1.0, ""gain"": 0.0}, {""block"": ""star_ris"", ""rho"": 1.0, ""gain"": 0.16250444944226317}, {""block"": ""rsma"", ""rho"": 1.0, ""gain"": 0.0}, {""block"": ""star_ris"", ""rho"": 1.0, ""gain"": 0.18053887210766462}, {""block"": ""rsma"", ""rho"": 1.0, ""gain"": 0.0}, {""block"": ""star_ris"", ""rho"": 2.0, ""gain"": 0.24268548379727406}, {""block"": ""rsma"", ""rho"": 1.0, ""gain"": 0.0}, {""block"": ""star_ris"", ""rho"": 8.0, ""gain"": 1.3525015013726716e-05}]",{},1595.117826,eb978e84730de4cf1e0579ad9e17edb700c67ba6eceac89d1fe3698763a419f7,fc61d5cda7da39530055bae9bd0e92865f995cd9,4e84455d08cacd9f85c432f7838c3be2cb0f000b55edc3487c6dee9520cc0b63
ao_sca,96,10000,666,test,18.45919649978994,18.45919649978994,1.0,True,0.0,8,4780,14,ao_sca_proximal_physical,analytical_ris_equal_allocation,"[1.8379718621499088, 17.99016644344064, 18.012951490849716, 18.05660245427388, 18.155804145134482, 18.27979382281403, 18.44059895202466, 18.45815600472963, 18.45919649978994]","[{""block"": ""rsma"", ""rho"": 1.0, ""gain"": 16.113369279455192}, {""block"": ""star_ris"", ""rho"": 2.0, ""gain"": 0.03882530183553712}, {""block"": ""rsma"", ""rho"": 1.0, ""gain"": 0.0}, {""block"": ""star_ris"", ""rho"": 4.0, ""gain"": 0.022785047409076498}, {""block"": ""rsma"", ""rho"": 1.0, ""gain"": 0.0}, {""block"": ""star_ris"", ""rho"": 1.0, ""gain"": 0.04365096342416308}, {""block"": ""rsma"", ""rho"": 1.0, ""gain"": 0.0}, {""block"": ""star_ris"", ""rho"": 1.0, ""gain"": 0.09920169086060326}, {""block"": ""rsma"", ""rho"": 1.0, ""gain"": 0.0}, {""block"": ""star_ris"", ""rho"": 2.0, ""gain"": 0.12398967767954971}, {""block"": ""rsma"", ""rho"": 1.0, ""gain"": 0.0}, {""block"": ""star_ris"", ""rho"": 2.0, ""gain"": 0.16080512921062962}, {""block"": ""rsma"", ""rho"": 1.0, ""gain"": 0.0}, {""block"": ""star_ris"", ""rho"": 1.0, ""gain"": 0.017557052704969323}, {""block"": ""rsma"", ""rho"": 1.0, ""gain"": 0.0}, {""block"": ""star_ris"", ""rho"": 64.0, ""gain"": 0.0010404950603088992}]",{},2620.256406,eb978e84730de4cf1e0579ad9e17edb700c67ba6eceac89d1fe3698763a419f7,fc61d5cda7da39530055bae9bd0e92865f995cd9,4e84455d08cacd9f85c432f7838c3be2cb0f000b55edc3487c6dee9520cc0b63
ao_sca,96,10000,667,test,18.697521275678213,18.697521275678213,1.0,True,0.0,6,3586,11,ao_sca_proximal_physical,analytical_ris_equal_allocation,"[1.8379897550878046, 18.340501378628552, 18.353599893119984, 18.678120333070392, 18.68060853702485, 18.697193095205925, 18.697521275678213]","[{""block"": ""rsma"", ""rho"": 1.0, ""gain"": 16.3781094169849}, {""block"": ""star_ris"", ""rho"": 1.0, ""gain"": 0.12440220655584966}, {""block"": ""rsma"", ""rho"": 1.0, ""gain"": 0.0}, {""block"": ""star_ris"", ""rho"": 1.0, ""gain"": 0.013098514491431956}, {""block"": ""rsma"", ""rho"": 1.0, ""gain"": 0.0}, {""block"": ""star_ris"", ""rho"": 1.0, ""gain"": 0.32452043995040825}, {""block"": ""rsma"", ""rho"": 1.0, ""gain"": 3.552713678800501e-15}, {""block"": ""star_ris"", ""rho"": 16.0, ""gain"": 0.0024882039544529277}, {""block"": ""rsma"", ""rho"": 1.0, ""gain"": -3.552713678800501e-15}, {""block"": ""star_ris"", ""rho"": 8.0, ""gain"": 0.016584558181079956}, {""block"": ""rsma"", ""rho"": 1.0, ""gain"": -3.552713678800501e-15}, {""block"": ""star_ris"", ""rho"": 4.0, ""gain"": 0.00032818047229099534}]",{},1928.511529,eb978e84730de4cf1e0579ad9e17edb700c67ba6eceac89d1fe3698763a419f7,fc61d5cda7da39530055bae9bd0e92865f995cd9,4e84455d08cacd9f85c432f7838c3be2cb0f000b55edc3487c6dee9520cc0b63
ao_sca,96,10000,668,test,18.995123420644077,18.995123420644077,1.0,True,0.0,5,2992,10,ao_sca_proximal_physical,analytical_ris_equal_allocation,"[1.8379950892693713, 18.330214367380997, 18.351602135593616, 18.760738338932065, 18.994999559062812, 18.995123420644074]","[{""block"": ""rsma"", ""rho"": 1.0, ""gain"": 16.04141570798039}, {""block"": ""star_ris"", ""rho"": 2.0, ""gain"": 0.4508035701312352}, {""block"": ""rsma"", ""rho"": 1.0, ""gain"": 0.0}, {""block"": ""star_ris"", ""rho"": 32.0, ""gain"": 0.021387768212619562}, {""block"": ""rsma"", ""rho"": 1.0, ""gain"": 3.552713678800501e-15}, {""block"": ""star_ris"", ""rho"": 1.0, ""gain"": 0.4091362033384449}, {""block"": ""rsma"", ""rho"": 1.0, ""gain"": 3.552713678800501e-15}, {""block"": ""star_ris"", ""rho"": 1.0, ""gain"": 0.2342612201307439}, {""block"": ""rsma"", ""rho"": 1.0, ""gain"": -3.552713678800501e-15}, {""block"": ""star_ris"", ""rho"": 32.0, ""gain"": 0.00012386158126531654}]",{},1692.37585,eb978e84730de4cf1e0579ad9e17edb700c67ba6eceac89d1fe3698763a419f7,fc61d5cda7da39530055bae9bd0e92865f995cd9,4e84455d08cacd9f85c432f7838c3be2cb0f000b55edc3487c6dee9520cc0b63
ao_sca,96,10000,669,test,18.47649076922656,18.47649076922656,1.0,True,0.0,6,3595,12,ao_sca_proximal_physical,analytical_ris_equal_allocation,"[1.8379837793076361, 18.16133303611262, 18.45283676723401, 18.45947727776457, 18.462023273182012, 18.476179591279816, 18.476490769226558]","[{""block"": ""rsma"", ""rho"": 1.0, ""gain"": 15.986837914368914}, {""block"": ""star_ris"", ""rho"": 1.0, ""gain"": 0.3365113424360686}, {""block"": ""rsma"", ""rho"": 1.0, ""gain"": -3.552713678800501e-15}, {""block"": ""star_ris"", ""rho"": 2.0, ""gain"": 0.29150373112139505}, {""block"": ""rsma"", ""rho"": 1.0, ""gain"": 0.0}, {""block"": ""star_ris"", ""rho"": 8.0, ""gain"": 0.0066405105305591405}, {""block"": ""rsma"", ""rho"": 1.0, ""gain"": 3.552713678800501e-15}, {""block"": ""star_ris"", ""rho"": 4.0, ""gain"": 0.002545995417438718}, {""block"": ""rsma"", ""rho"": 1.0, ""gain"": 3.552713678800501e-15}, {""block"": ""star_ris"", ""rho"": 32.0, ""gain"": 0.01415631809780038}, {""block"": ""rsma"", ""rho"": 1.0, ""gain"": -3.552713678800501e-15}, {""block"": ""star_ris"", ""rho"": 128.0, ""gain"": 0.0003111779467452891}]",{},1944.164517,eb978e84730de4cf1e0579ad9e17edb700c67ba6eceac89d1fe3698763a419f7,fc61d5cda7da39530055bae9bd0e92865f995cd9,4e84455d08cacd9f85c432f7838c3be2cb0f000b55edc3487c6dee9520cc0b63
ao_sca,96,10000,670,test,18.69422101368818,18.69422101368818,1.0,True,0.0,6,3583,10,ao_sca_proximal_physical,analytical_ris_equal_allocation,"[1.8379816015061727, 18.189184334111374, 18.192703547906806, 18.306636786888554, 18.371215680744218, 18.693603391190962, 18.69422101368818]","[{""block"": ""rsma"", ""rho"": 1.0, ""gain"": 16.088201879224197}, {""block"": ""star_ris"", ""rho"": 1.0, ""gain"": 0.2630008533810049}, {""block"": ""rsma"", ""rho"": 1.0, ""gain"": 3.552713678800501e-15}, {""block"": ""star_ris"", ""rho"": 4.0, ""gain"": 0.0035192137954283}, {""block"": ""rsma"", ""rho"": 1.0, ""gain"": 0.0}, {""block"": ""star_ris"", ""rho"": 1.0, ""gain"": 0.11393323898174756}, {""block"": ""rsma"", ""rho"": 1.0, ""gain"": 0.0}, {""block"": ""star_ris"", ""rho"": 1.0, ""gain"": 0.06457889385566418}, {""block"": ""rsma"", ""rho"": 1.0, ""gain"": 0.0}, {""block"": ""star_ris"", ""rho"": 1.0, ""gain"": 0.3223877104467441}, {""block"": ""rsma"", ""rho"": 1.0, ""gain"": 3.552713678800501e-15}, {""block"": ""star_ris"", ""rho"": 16.0, ""gain"": 0.0006176224972129774}]",{},1936.330913,eb978e84730de4cf1e0579ad9e17edb700c67ba6eceac89d1fe3698763a419f7,fc61d5cda7da39530055bae9bd0e92865f995cd9,4e84455d08cacd9f85c432f7838c3be2cb0f000b55edc3487c6dee9520cc0b63
ao_sca,96,10000,671,test,18.69414226756665,18.69414226756665,1.0,True,0.0,6,3593,10,ao_sca_proximal_physical,analytical_ris_equal_allocation,"[1.8380020697503283, 18.56995273299777, 18.591552000559364, 18.61369845094916, 18.63014264474315, 18.693267580713822, 18.69414226756665]","[{""block"": ""rsma"", ""rho"": 1.0, ""gain"": 16.6600495796656}, {""block"": ""star_ris"", ""rho"": 4.0, ""gain"": 0.07190108358184233}, {""block"": ""rsma"", ""rho"": 1.0, ""gain"": 0.0}, {""block"": ""star_ris"", ""rho"": 1.0, ""gain"": 0.02159926756159436}, {""block"": ""rsma"", ""rho"": 1.0, ""gain"": -3.552713678800501e-15}, {""block"": ""star_ris"", ""rho"": 4.0, ""gain"": 0.02214645038979768}, {""block"": ""rsma"", ""rho"": 1.0, ""gain"": -3.552713678800501e-15}, {""block"": ""star_ris"", ""rho"": 32.0, ""gain"": 0.01644419379399409}, {""block"": ""rsma"", ""rho"": 1.0, ""gain"": 0.0}, {""block"": ""star_ris"", ""rho"": 8.0, ""gain"": 0.06312493597067359}, {""block"": ""rsma"", ""rho"": 1.0, ""gain"": 0.0}, {""block"": ""star_ris"", ""rho"": 16.0, ""gain"": 0.0008746868528284324}]",{},1927.536535,eb978e84730de4cf1e0579ad9e17edb700c67ba6eceac89d1fe3698763a419f7,fc61d5cda7da39530055bae9bd0e92865f995cd9,4e84455d08cacd9f85c432f7838c3be2cb0f000b55edc3487c6dee9520cc0b63
ao_sca,96,10000,672,test,18.73725275536132,18.73725275536132,1.0,True,0.0,5,2984,8,ao_sca_proximal_physical,analytical_ris_equal_allocation,"[1.8379941801216184, 18.32644521092085, 18.50560730042252, 18.71391654157958, 18.737182133989815, 18.737252755361318]","[{""block"": ""rsma"", ""rho"": 1.0, ""gain"": 16.440823780882752}, {""block"": ""star_ris"", ""rho"": 1.0, ""gain"": 0.047627249916477155}, {""block"": ""rsma"", ""rho"": 1.0, ""gain"": 0.0}, {""block"": ""star_ris"", ""rho"": 1.0, ""gain"": 0.1791620895016699}, {""block"": ""rsma"", ""rho"": 1.0, ""gain"": 0.0}, {""block"": ""star_ris"", ""rho"": 1.0, ""gain"": 0.2083092411570604}, {""block"": ""rsma"", ""rho"": 1.0, ""gain"": 0.0}, {""block"": ""star_ris"", ""rho"": 2.0, ""gain"": 0.023265592410236735}, {""block"": ""rsma"", ""rho"": 1.0, ""gain"": 0.0}, {""block"": ""star_ris"", ""rho"": 4.0, ""gain"": 7.062137150271042e-05}]",{},1604.422536,eb978e84730de4cf1e0579ad9e17edb700c67ba6eceac89d1fe3698763a419f7,fc61d5cda7da39530055bae9bd0e92865f995cd9,4e84455d08cacd9f85c432f7838c3be2cb0f000b55edc3487c6dee9520cc0b63
ao_sca,96,10000,673,test,18.37102038618093,18.37102038618093,1.0,True,0.0,5,2986,9,ao_sca_proximal_physical,analytical_ris_equal_allocation,"[1.8379830281876472, 18.13828905563748, 18.209069448705435, 18.282579262582672, 18.37091470218438, 18.37102038618093]","[{""block"": ""rsma"", ""rho"": 1.0, ""gain"": 16.264672996273973}, {""block"": ""star_ris"", ""rho"": 4.0, ""gain"": 0.03563303117585903}, {""block"": ""rsma"", ""rho"": 1.0, ""gain"": 0.0}, {""block"": ""star_ris"", ""rho"": 2.0, ""gain"": 0.07078039306795603}, {""block"": ""rsma"", ""rho"": 1.0, ""gain"": 0.0}, {""block"": ""star_ris"", ""rho"": 2.0, ""gain"": 0.0735098138772372}, {""block"": ""rsma"", ""rho"": 1.0, ""gain"": 0.0}, {""block"": ""star_ris"", ""rho"": 1.0, ""gain"": 0.08833543960170687}, {""block"": ""rsma"", ""rho"": 1.0, ""gain"": 0.0}, {""block"": ""star_ris"", ""rho"": 2.0, ""gain"": 0.00010568399655142002}]",{},1612.602922,eb978e84730de4cf1e0579ad9e17edb700c67ba6eceac89d1fe3698763a419f7,fc61d5cda7da39530055bae9bd0e92865f995cd9,4e84455d08cacd9f85c432f7838c3be2cb0f000b55edc3487c6dee9520cc0b63
ao_sca,96,10000,674,test,18.903417629225387,18.903417629225387,1.0,True,0.0,9,5387,17,ao_sca_proximal_physical,analytical_ris_equal_allocation,"[1.8380010056317218, 18.553129541708127, 18.69500551017483, 18.725531830524588, 18.786120214494314, 18.789475004518245, 18.79689972231153, 18.877734164459675, 18.903362917565012, 18.903417629225387]","[{""block"": ""rsma"", ""rho"": 1.0, ""gain"": 16.691433033276976}, {""block"": ""star_ris"", ""rho"": 2.0, ""gain"": 0.023695502799430557}, {""block"": ""rsma"", ""rho"": 1.0, ""gain"": 0.0}, {""block"": ""star_ris"", ""rho"": 2.0, ""gain"": 0.14187596846670303}, {""block"": ""rsma"", ""rho"": 1.0, ""gain"": 0.0}, {""block"": ""star_ris"", ""rho"": 1.0, ""gain"": 0.03052632034975744}, {""block"": ""rsma"", ""rho"": 1.0, ""gain"": 0.0}, {""block"": ""star_ris"", ""rho"": 8.0, ""gain"": 0.06058838396972632}, {""block"": ""rsma"", ""rho"": 1.0, ""gain"": 0.0}, {""block"": ""star_ris"", ""rho"": 32.0, ""gain"": 0.003354790023930576}, {""block"": ""rsma"", ""rho"": 1.0, ""gain"": 0.0}, {""block"": ""star_ris"", ""rho"": 4.0, ""gain"": 0.007424717793284685}, {""block"": ""rsma"", ""rho"": 1.0, ""gain"": 0.0}, {""block"": ""star_ris"", ""rho"": 1.0, ""gain"": 0.08083444214814506}, {""block"": ""rsma"", ""rho"": 1.0, ""gain"": 0.0}, {""block"": ""star_ris"", ""rho"": 16.0, ""gain"": 0.02562875310533741}, {""block"": ""rsma"", ""rho"": 1.0, ""gain"": 0.0}, {""block"": ""star_ris"", ""rho"": 64.0, ""gain"": 5.471166037551711e-05}]",{},2888.462836,eb978e84730de4cf1e0579ad9e17edb700c67ba6eceac89d1fe3698763a419f7,fc61d5cda7da39530055bae9bd0e92865f995cd9,4e84455d08cacd9f85c432f7838c3be2cb0f000b55edc3487c6dee9520cc0b63
ao_sca,96,10000,675,test,18.87966741908477,18.87966741908477,1.0,True,0.0,8,4779,14,ao_sca_proximal_physical,analytical_ris_equal_allocation,"[1.8379923552169628, 18.504489422640233, 18.512959935666007, 18.619166356079624, 18.710477887275847, 18.720166868243332, 18.86940737769266, 18.87871709576653, 18.879667419084775]","[{""block"": ""rsma"", ""rho"": 1.0, ""gain"": 16.434730511238442}, {""block"": ""star_ris"", ""rho"": 1.0, ""gain"": 0.2317665561848301}, {""block"": ""rsma"", ""rho"": 1.0, ""gain"": 3.552713678800501e-15}, {""block"": ""star_ris"", ""rho"": 1.0, ""gain"": 0.008470513025770288}, {""block"": ""rsma"", ""rho"": 1.0, ""gain"": 3.552713678800501e-15}, {""block"": ""star_ris"", ""rho"": 1.0, ""gain"": 0.1062064204136135}, {""block"": ""rsma"", ""rho"": 1.0, ""gain"": 0.0}, {""block"": ""star_ris"", ""rho"": 4.0, ""gain"": 0.09131153119622226}, {""block"": ""rsma"", ""rho"": 1.0, ""gain"": -3.552713678800501e-15}, {""block"": ""star_ris"", ""rho"": 2.0, ""gain"": 0.009688980967489158}, {""block"": ""rsma"", ""rho"": 1.0, ""gain"": 0.0}, {""block"": ""star_ris"", ""rho"": 1.0, ""gain"": 0.14924050944932787}, {""block"": ""rsma"", ""rho"": 1.0, ""gain"": 0.0}, {""block"": ""star_ris"", ""rho"": 8.0, ""gain"": 0.009309718073868822}, {""block"": ""rsma"", ""rho"": 1.0, ""gain"": 0.0}, {""block"": ""star_ris"", ""rho"": 16.0, ""gain"": 0.0009503233182464044}]",{},2578.835453,eb978e84730de4cf1e0579ad9e17edb700c67ba6eceac89d1fe3698763a419f7,fc61d5cda7da39530055bae9bd0e92865f995cd9,4e84455d08cacd9f85c432f7838c3be2cb0f000b55edc3487c6dee9520cc0b63
ao_sca,96,10000,676,test,18.143484621382687,18.143484621382687,1.0,True,0.0,4,2395,7,ao_sca_proximal_physical,analytical_ris_equal_allocation,"[1.8379533325120974, 17.692271321125485, 17.792755895101852, 18.14239709221095, 18.143484621382687]","[{""block"": ""rsma"", ""rho"": 1.0, ""gain"": 15.267184029799996}, {""block"": ""star_ris"", ""rho"": 2.0, ""gain"": 0.5871339588133928}, {""block"": ""rsma"", ""rho"": 1.0, ""gain"": 0.0}, {""block"": ""star_ris"", ""rho"": 8.0, ""gain"": 0.10048457397636668}, {""block"": ""rsma"", ""rho"": 1.0, ""gain"": 0.0}, {""block"": ""star_ris"", ""rho"": 2.0, ""gain"": 0.34964119710909713}, {""block"": ""rsma"", ""rho"": 1.0, ""gain"": 0.0}, {""block"": ""star_ris"", ""rho"": 32.0, ""gain"": 0.0010875291717376001}]",{},1320.869347,eb978e84730de4cf1e0579ad9e17edb700c67ba6eceac89d1fe3698763a419f7,fc61d5cda7da39530055bae9bd0e92865f995cd9,4e84455d08cacd9f85c432f7838c3be2cb0f000b55edc3487c6dee9520cc0b63
ao_sca,96,10000,677,test,19.008507805670376,19.008507805670376,1.0,True,0.0,18,10766,30,ao_sca_proximal_physical,analytical_ris_equal_allocation,"[1.8379881152485127, 18.333396233679775, 18.693425080645348, 18.697450765951437, 18.707209112786707, 18.73659949168571, 18.748388968597034, 18.775585327653104, 18.782560166623885, 18.814645944048102, 18.821843534598205, 18.8269730967696, 18.887207334660342, 18.900333874482463, 18.90682036193109, 18.938528622318653, 18.951446100388402, 19.00668836826875, 19.008507805670376]","[{""block"": ""rsma"", ""rho"": 1.0, ""gain"": 16.13053121347411}, {""block"": ""star_ris"", ""rho"": 1.0, ""gain"": 0.36487690495714986}, {""block"": ""rsma"", ""rho"": 1.0, ""gain"": -3.552713678800501e-15}, {""block"": ""star_ris"", ""rho"": 1.0, ""gain"": 0.3600288469655766}, {""block"": ""rsma"", ""rho"": 1.0, ""gain"": 0.0}, {""block"": ""star_ris"", ""rho"": 16.0, ""gain"": 0.004025685306089599}, {""block"": ""rsma"", ""rho"": 1.0, ""gain"": 0.0}, {""block"": ""star_ris"", ""rho"": 4.0, ""gain"": 0.009758346835269549}, {""block"": ""rsma"", ""rho"": 1.0, ""gain"": 0.0}, {""block"": ""star_ris"", ""rho"": 4.0, ""gain"": 0.0293903788990022}, {""block"": ""rsma"", ""rho"": 1.0, ""gain"": 0.0}, {""block"": ""star_ris"", ""rho"": 1.0, ""gain"": 0.011789476911324925}, {""block"": ""rsma"", ""rho"": 1.0, ""gain"": 0.0}, {""block"": ""star_ris"", ""rho"": 4.0, ""gain"": 0.027196359056070207}, {""block"": ""rsma"", ""rho"": 1.0, ""gain"": 0.0}, {""block"": ""star_ris"", ""rho"": 8.0, ""gain"": 0.006974838970780439}, {""block"": ""rsma"", ""rho"": 1.0, ""gain"": -3.552713678800501e-15}, {""block"": ""star_ris"", ""rho"": 4.0, ""gain"": 0.03208577742422136}, {""block"": ""rsma"", ""rho"": 1.0, ""gain"": 3.552713678800501e-15}, {""block"": ""star_ris"", ""rho"": 2.0, ""gain"": 0.007197590550099164}, {""block"": ""rsma"", ""rho"": 1.0, ""gain"": 0.0}, {""block"": ""star_ris"", ""rho"": 2.0, ""gain"": 0.005129562171394042}, {""block"": ""rsma"", ""rho"": 1.0, ""gain"": 3.552713678800501e-15}, {""block"": ""star_ris"", ""rho"": 8.0, ""gain"": 0.06023423789073945}, {""block"": ""rsma"", ""rho"": 1.0, ""gain"": 0.0}, {""block"": ""star_ris"", ""rho"": 32.0, ""gain"": 0.013126539822120975}, {""block"": ""rsma"", ""rho"": 1.0, ""gain"": 0.0}, {""block"": ""star_ris"", ""rho"": 64.0, ""gain"": 0.0064864874486261215}, {""block"": ""rsma"", ""rho"": 1.0, ""gain"": 0.0}, {""block"": ""star_ris"", ""rho"": 2.0, ""gain"": 0.031708260387564025}, {""block"": ""rsma"", ""rho"": 1.0, ""gain"": 0.0}, {""block"": ""star_ris"", ""rho"": 2.0, ""gain"": 0.012917478069748967}, {""block"": ""rsma"", ""rho"": 1.0, ""gain"": 0.0}, {""block"": ""star_ris"", ""rho"": 1.0, ""gain"": 0.055242267880348805}, {""block"": ""rsma"", ""rho"": 1.0, ""gain"": 0.0}, {""block"": ""star_ris"", ""rho"": 16.0, ""gain"": 0.001819437401625379}]",{},5837.035735,eb978e84730de4cf1e0579ad9e17edb700c67ba6eceac89d1fe3698763a419f7,fc61d5cda7da39530055bae9bd0e92865f995cd9,4e84455d08cacd9f85c432f7838c3be2cb0f000b55edc3487c6dee9520cc0b63
ao_sca,96,10000,678,test,18.80863506145272,18.80863506145272,1.0,True,0.0,20,11974,39,ao_sca_proximal_physical,analytical_ris_equal_allocation,"[1.8379767808580125, 18.096674682243442, 18.186565254249043, 18.20655468479548, 18.27270441938581, 18.288236959518173, 18.29592007739708, 18.388889966986874, 18.393141337674376, 18.39794958789854, 18.41463321487636, 18.48214241782339, 18.721300157112978, 18.72476888577883, 18.75889922428985, 18.765029097940868, 18.7842695781091, 18.78682490445242, 18.799752684011686, 18.806171017566907, 18.808635061452716]","[{""block"": ""rsma"", ""rho"": 1.0, ""gain"": 15.897453221988313}, {""block"": ""star_ris"", ""rho"": 2.0, ""gain"": 0.36124467939711735}, {""block"": ""rsma"", ""rho"": 1.0, ""gain"": 0.0}, {""block"": ""star_ris"", ""rho"": 4.0, ""gain"": 0.08989057200560069}, {""block"": ""rsma"", ""rho"": 1.0, ""gain"": -3.552713678800501e-15}, {""block"": ""star_ris"", ""rho"": 2.0, ""gain"": 0.019989430546441866}, {""block"": ""rsma"", ""rho"": 1.0, ""gain"": 0.0}, {""block"": ""star_ris"", ""rho"": 8.0, ""gain"": 0.06614973459032925}, {""block"": ""rsma"", ""rho"": 1.0, ""gain"": 0.0}, {""block"": ""star_ris"", ""rho"": 32.0, ""gain"": 0.015532540132362271}, {""block"": ""rsma"", ""rho"": 1.0, ""gain"": 0.0}, {""block"": ""star_ris"", ""rho"": 64.0, ""gain"": 0.007683117878908519}, {""block"": ""rsma"", ""rho"": 1.0, ""gain"": 0.0}, {""block"": ""star_ris"", ""rho"": 4.0, ""gain"": 0.09296988958979213}, {""block"": ""rsma"", ""rho"": 1.0, ""gain"": 7.105427357601002e-15}, {""block"": ""star_ris"", ""rho"": 4.0, ""gain"": 0.004251370687494926}, {""block"": ""rsma"", ""rho"": 1.0, ""gain"": 0.0}, {""block"": ""star_ris"", ""rho"": 4.0, ""gain"": 0.004808250224165533}, {""block"": ""rsma"", ""rho"": 1.0, ""gain"": 0.0}, {""block"": ""star_ris"", ""rho"": 1.0, ""gain"": 0.016683626977819443}, {""block"": ""rsma"", ""rho"": 1.0, ""gain"": 0.0}, {""block"": ""star_ris"", ""rho"": 1.0, ""gain"": 0.06750920294702922}, {""block"": ""rsma"", ""rho"": 1.0, ""gain"": 0.0}, {""block"": ""star_ris"", ""rho"": 2.0, ""gain"": 0.23915773928958828}, {""block"": ""rsma"", ""rho"": 1.0, ""gain"": 0.0}, {""block"": ""star_ris"", ""rho"": 4.0, ""gain"": 0.0034687286658510175}, {""block"": ""rsma"", ""rho"": 1.0, ""gain"": 0.0}, {""block"": ""star_ris"", ""rho"": 8.0, ""gain"": 0.03413033851101943}, {""block"": ""rsma"", ""rho"": 1.0, ""gain"": 0.0}, {""block"": ""star_ris"", ""rho"": 4.0, ""gain"": 0.0061298736510195795}, {""block"": ""rsma"", ""rho"": 1.0, ""gain"": 0.0}, {""block"": ""star_ris"", ""rho"": 16.0, ""gain"": 0.01924048016823221}, {""block"": ""rsma"", ""rho"": 1.0, ""gain"": -3.552713678800501e-15}, {""block"": ""star_ris"", ""rho"": 4.0, ""gain"": 0.0025553263433231166}, {""block"": ""rsma"", ""rho"": 1.0, ""gain"": 0.0}, {""block"": ""star_ris"", ""rho"": 32.0, ""gain"": 0.012927779559266384}, {""block"": ""rsma"", ""rho"": 1.0, ""gain"": 0.0}, {""block"": ""star_ris"", ""rho"": 64.0, ""gain"": 0.006418333555220812}, {""block"": ""rsma"", ""rho"": 1.0, ""gain"": 0.0}, {""block"": ""star_ris"", ""rho"": 16.0, ""gain"": 0.0024640438858085645}]",{},6407.9991,eb978e84730de4cf1e0579ad9e17edb700c67ba6eceac89d1fe3698763a419f7,fc61d5cda7da39530055bae9bd0e92865f995cd9,4e84455d08cacd9f85c432f7838c3be2cb0f000b55edc3487c6dee9520cc0b63
ao_sca,96,10000,679,test,19.40570313208892,19.40570313208892,1.0,True,0.0,19,11356,33,ao_sca_proximal_physical,analytical_ris_equal_allocation,"[1.8380021459017444, 18.717251628281893, 18.835510106384795, 18.942096102380482, 18.95798146435281, 19.01186590924849, 19.100894706708715, 19.145565753237584, 19.160336570780956, 19.18103921241282, 19.208624310574343, 19.245660774338795, 19.276897024813476, 19.280018590457697, 19.365503873948697, 19.391453956963744, 19.399598231190048, 19.402751747157254, 19.405047813877946, 19.40570313208892]","[{""block"": ""rsma"", ""rho"": 1.0, ""gain"": 16.60495984778599}, {""block"": ""star_ris"", ""rho"": 1.0, ""gain"": 0.2742896345941581}, {""block"": ""rsma"", ""rho"": 1.0, ""gain"": -3.552713678800501e-15}, {""block"": ""star_ris"", ""rho"": 1.0, ""gain"": 0.11825847810290568}, {""block"": ""rsma"", ""rho"": 1.0, ""gain"": 7.105427357601002e-15}, {""block"": ""star_ris"", ""rho"": 1.0, ""gain"": 0.10658599599567964}, {""block"": ""rsma"", ""rho"": 1.0, ""gain"": 0.0}, {""block"": ""star_ris"", ""rho"": 1.0, ""gain"": 0.015885361972326706}, {""block"": ""rsma"", ""rho"": 1.0, ""gain"": 0.0}, {""block"": ""star_ris"", ""rho"": 4.0, ""gain"": 0.05388444489567945}, {""block"": ""rsma"", ""rho"": 1.0, ""gain"": 0.0}, {""block"": ""star_ris"", ""rho"": 1.0, ""gain"": 0.08902879746022663}, {""block"": ""rsma"", ""rho"": 1.0, ""gain"": 0.0}, {""block"": ""star_ris"", ""rho"": 1.0, ""gain"": 0.044671046528868885}, {""block"": ""rsma"", ""rho"": 1.0, ""gain"": 0.0}, {""block"": ""star_ris"", ""rho"": 8.0, ""gain"": 0.014770817543372061}, {""block"": ""rsma"", ""rho"": 1.0, ""gain"": 0.0}, {""block"": ""star_ris"", ""rho"": 4.0, ""gain"": 0.020702641631864083}, {""block"": ""rsma"", ""rho"": 1.0, ""gain"": 0.0}, {""block"": ""star_ris"", ""rho"": 4.0, ""gain"": 0.027585098161523547}, {""block"": ""rsma"", ""rho"": 1.0, ""gain"": 0.0}, {""block"": ""star_ris"", ""rho"": 2.0, ""gain"": 0.037036463764451355}, {""block"": ""rsma"", ""rho"": 1.0, ""gain"": 0.0}, {""block"": ""star_ris"", ""rho"": 2.0, ""gain"": 0.031236250474680816}, {""block"": ""rsma"", ""rho"": 1.0, ""gain"": 0.0}, {""block"": ""star_ris"", ""rho"": 2.0, ""gain"": 0.0031215656442213913}, {""block"": ""rsma"", ""rho"": 1.0, ""gain"": 3.552713678800501e-15}, {""block"": ""star_ris"", ""rho"": 2.0, ""gain"": 0.08548528349099627}, {""block"": ""rsma"", ""rho"": 1.0, ""gain"": -3.552713678800501e-15}, {""block"": ""star_ris"", ""rho"": 4.0, ""gain"": 0.02595008301505075}, {""block"": ""rsma"", ""rho"": 1.0, ""gain"": 0.0}, {""block"": ""star_ris"", ""rho"": 32.0, ""gain"": 0.008144274226303594}, {""block"": ""rsma"", ""rho"": 1.0, ""gain"": 0.0}, {""block"": ""star_ris"", ""rho"": 2.0, ""gain"": 0.003153515967206033}, {""block"": ""rsma"", ""rho"": 1.0, ""gain"": 0.0}, {""block"": ""star_ris"", ""rho"": 64.0, ""gain"": 0.00229606672069238}, {""block"": ""rsma"", ""rho"": 1.0, ""gain"": 0.0}, {""block"": ""star_ris"", ""rho"": 16.0, ""gain"": 0.0006553182109740874}]",{},6203.08968,eb978e84730de4cf1e0579ad9e17edb700c67ba6eceac89d1fe3698763a419f7,fc61d5cda7da39530055bae9bd0e92865f995cd9,4e84455d08cacd9f85c432f7838c3be2cb0f000b55edc3487c6dee9520cc0b63
ao_sca,96,10000,680,test,19.2130294948882,19.2130294948882,1.0,True,0.0,15,8971,25,ao_sca_proximal_physical,analytical_ris_equal_allocation,"[1.8380030236666673, 18.72252042467837, 18.769407411239683, 18.83298989736803, 18.856151319349884, 18.8644405186661, 18.879265945212175, 18.886596508909076, 18.897676998730336, 18.91408474621148, 18.927980707826656, 18.952321577336825, 18.9565370478892, 19.19055067453962, 19.21150530490676, 19.2130294948882]","[{""block"": ""rsma"", ""rho"": 1.0, ""gain"": 16.560007013773685}, {""block"": ""star_ris"", ""rho"": 2.0, ""gain"": 0.3245103872380142}, {""block"": ""rsma"", ""rho"": 1.0, ""gain"": 0.0}, {""block"": ""star_ris"", ""rho"": 4.0, ""gain"": 0.04688698656131507}, {""block"": ""rsma"", ""rho"": 1.0, ""gain"": 0.0}, {""block"": ""star_ris"", ""rho"": 8.0, ""gain"": 0.06358248612834672}, {""block"": ""rsma"", ""rho"": 1.0, ""gain"": 0.0}, {""block"": ""star_ris"", ""rho"": 16.0, ""gain"": 0.02316142198185389}, {""block"": ""rsma"", ""rho"": 1.0, ""gain"": 0.0}, {""block"": ""star_ris"", ""rho"": 16.0, ""gain"": 0.008289199316216411}, {""block"": ""rsma"", ""rho"": 1.0, ""gain"": -3.552713678800501e-15}, {""block"": ""star_ris"", ""rho"": 32.0, ""gain"": 0.014825426546078546}, {""block"": ""rsma"", ""rho"": 1.0, ""gain"": 0.0}, {""block"": ""star_ris"", ""rho"": 64.0, ""gain"": 0.007330563696900327}, {""block"": ""rsma"", ""rho"": 1.0, ""gain"": -3.552713678800501e-15}, {""block"": ""star_ris"", ""rho"": 2.0, ""gain"": 0.011080489821264194}, {""block"": ""rsma"", ""rho"": 1.0, ""gain"": 0.0}, {""block"": ""star_ris"", ""rho"": 1.0, ""gain"": 0.01640774748114282}, {""block"": ""rsma"", ""rho"": 1.0, ""gain"": 0.0}, {""block"": ""star_ris"", ""rho"": 1.0, ""gain"": 0.013895961615176589}, {""block"": ""rsma"", ""rho"": 1.0, ""gain"": 0.0}, {""block"": ""star_ris"", ""rho"": 4.0, ""gain"": 0.024340869510169227}, {""block"": ""rsma"", ""rho"": 1.0, ""gain"": -3.552713678800501e-15}, {""block"": ""star_ris"", ""rho"": 1.0, ""gain"": 0.004215470552377809}, {""block"": ""rsma"", ""rho"": 1.0, ""gain"": 0.0}, {""block"": ""star_ris"", ""rho"": 1.0, ""gain"": 0.23401362665041958}, {""block"": ""rsma"", ""rho"": 1.0, ""gain"": 0.0}, {""block"": ""star_ris"", ""rho"": 2.0, ""gain"": 0.020954630367139515}, {""block"": ""rsma"", ""rho"": 1.0, ""gain"": 0.0}, {""block"": ""star_ris"", ""rho"": 2.0, ""gain"": 0.0015241899814419924}]",{},4890.32018,eb978e84730de4cf1e0579ad9e17edb700c67ba6eceac89d1fe3698763a419f7,fc61d5cda7da39530055bae9bd0e92865f995cd9,4e84455d08cacd9f85c432f7838c3be2cb0f000b55edc3487c6dee9520cc0b63
ao_sca,96,10000,681,test,18.94997492946592,18.94997492946592,1.0,True,0.0,17,10182,31,ao_sca_proximal_physical,analytical_ris_equal_allocation,"[1.8379920800445118, 18.205587707008224, 18.35561689071193, 18.465687695880007, 18.53706138961023, 18.570212210731196, 18.575239434709275, 18.583401429646386, 18.717559379394825, 18.749997083206658, 18.757891835954617, 18.759932887113457, 18.82395143375543, 18.87912452767897, 18.90763414773796, 18.94185569087921, 18.949407553903256, 18.949974929465917]","[{""block"": ""rsma"", ""rho"": 1.0, ""gain"": 16.36349647387615}, {""block"": ""star_ris"", ""rho"": 4.0, ""gain"": 0.004099153087562257}, {""block"": ""rsma"", ""rho"": 1.0, ""gain"": 3.552713678800501e-15}, {""block"": ""star_ris"", ""rho"": 2.0, ""gain"": 0.1500291837037011}, {""block"": ""rsma"", ""rho"": 1.0, ""gain"": -3.552713678800501e-15}, {""block"": ""star_ris"", ""rho"": 1.0, ""gain"": 0.11007080516808188}, {""block"": ""rsma"", ""rho"": 1.0, ""gain"": 0.0}, {""block"": ""star_ris"", ""rho"": 8.0, ""gain"": 0.07137369373022295}, {""block"": ""rsma"", ""rho"": 1.0, ""gain"": 0.0}, {""block"": ""star_ris"", ""rho"": 16.0, ""gain"": 0.0331508211209659}, {""block"": ""rsma"", ""rho"": 1.0, ""gain"": -3.552713678800501e-15}, {""block"": ""star_ris"", ""rho"": 8.0, ""gain"": 0.005027223978082418}, {""block"": ""rsma"", ""rho"": 1.0, ""gain"": 3.552713678800501e-15}, {""block"": ""star_ris"", ""rho"": 64.0, ""gain"": 0.008161994937108119}, {""block"": ""rsma"", ""rho"": 1.0, ""gain"": 0.0}, {""block"": ""star_ris"", ""rho"": 1.0, ""gain"": 0.1341579497484382}, {""block"": ""rsma"", ""rho"": 1.0, ""gain"": 0.0}, {""block"": ""star_ris"", ""rho"": 16.0, ""gain"": 0.03243770381183353}, {""block"": ""rsma"", ""rho"": 1.0, ""gain"": 0.0}, {""block"": ""star_ris"", ""rho"": 64.0, ""gain"": 0.007894752747958478}, {""block"": ""rsma"", ""rho"": 1.0, ""gain"": 0.0}, {""block"": ""star_ris"", ""rho"": 1.0, ""gain"": 0.002041051158840901}, {""block"": ""rsma"", ""rho"": 1.0, ""gain"": 0.0}, {""block"": ""star_ris"", ""rho"": 1.0, ""gain"": 0.0640185466419716}, {""block"": ""rsma"", ""rho"": 1.0, ""gain"": 0.0}, {""block"": ""star_ris"", ""rho"": 8.0, ""gain"": 0.05517309392354264}, {""block"": ""rsma"", ""rho"": 1.0, ""gain"": 0.0}, {""block"": ""star_ris"", ""rho"": 8.0, ""gain"": 0.02850962005898694}, {""block"": ""rsma"", ""rho"": 1.0, ""gain"": 0.0}, {""block"": ""star_ris"", ""rho"": 1.0, ""gain"": 0.03422154314124981}, {""block"": ""rsma"", ""rho"": 1.0, ""gain"": 0.0}, {""block"": ""star_ris"", ""rho"": 16.0, ""gain"": 0.007551863024048089}, {""block"": ""rsma"", ""rho"": 1.0, ""gain"": 3.552713678800501e-15}, {""block"": ""star_ris"", ""rho"": 1024.0, ""gain"": 0.0005673755626567356}]",{},5540.580021,eb978e84730de4cf1e0579ad9e17edb700c67ba6eceac89d1fe3698763a419f7,fc61d5cda7da39530055bae9bd0e92865f995cd9,4e84455d08cacd9f85c432f7838c3be2cb0f000b55edc3487c6dee9520cc0b63
ao_sca,96,10000,682,test,18.94508268354415,18.94508268354415,1.0,True,0.0,20,11955,39,ao_sca_proximal_physical,analytical_ris_equal_allocation,"[1.8379820884294409, 18.147067248420605, 18.31610382806385, 18.318929218579946, 18.342335776015293, 18.34809559191553, 18.359218698436386, 18.36930776164514, 18.5590183979923, 18.56391322777801, 18.602643709157082, 18.60744376699123, 18.691591449837677, 18.711480348132493, 18.791891076822836, 18.85408144101048, 18.865313217740223, 18.879686865169056, 18.918355230619433, 18.93081000690919, 18.94508268354415]","[{""block"": ""rsma"", ""rho"": 1.0, ""gain"": 16.290378888488767}, {""block"": ""star_ris"", ""rho"": 4.0, ""gain"": 0.018706271502395566}, {""block"": ""rsma"", ""rho"": 1.0, ""gain"": 0.0}, {""block"": ""star_ris"", ""rho"": 4.0, ""gain"": 0.1690365796432438}, {""block"": ""rsma"", ""rho"": 1.0, ""gain"": 0.0}, {""block"": ""star_ris"", ""rho"": 8.0, ""gain"": 0.0028253905160973147}, {""block"": ""rsma"", ""rho"": 1.0, ""gain"": 0.0}, {""block"": ""star_ris"", ""rho"": 32.0, ""gain"": 0.023406557435347253}, {""block"": ""rsma"", ""rho"": 1.0, ""gain"": -3.552713678800501e-15}, {""block"": ""star_ris"", ""rho"": 128.0, ""gain"": 0.005759815900240994}, {""block"": ""rsma"", ""rho"": 1.0, ""gain"": 0.0}, {""block"": ""star_ris"", ""rho"": 2.0, ""gain"": 0.011123106520855686}, {""block"": ""rsma"", ""rho"": 1.0, ""gain"": 0.0}, {""block"": ""star_ris"", ""rho"": 2.0, ""gain"": 0.010089063208752691}, {""block"": ""rsma"", ""rho"": 1.0, ""gain"": 0.0}, {""block"": ""star_ris"", ""rho"": 1.0, ""gain"": 0.18971063634716145}, {""block"": ""rsma"", ""rho"": 1.0, ""gain"": 3.552713678800501e-15}, {""block"": ""star_ris"", ""rho"": 8.0, ""gain"": 0.0048948297857052125}, {""block"": ""rsma"", ""rho"": 1.0, ""gain"": 0.0}, {""block"": ""star_ris"", ""rho"": 1.0, ""gain"": 0.038730481379072756}, {""block"": ""rsma"", ""rho"": 1.0, ""gain"": -3.552713678800501e-15}, {""block"": ""star_ris"", ""rho"": 4.0, ""gain"": 0.004800057834152938}, {""block"": ""rsma"", ""rho"": 1.0, ""gain"": 0.0}, {""block"": ""star_ris"", ""rho"": 1.0, ""gain"": 0.0841476828464458}, {""block"": ""rsma"", ""rho"": 1.0, ""gain"": 0.0}, {""block"": ""star_ris"", ""rho"": 2.0, ""gain"": 0.019888898294816215}, {""block"": ""rsma"", ""rho"": 1.0, ""gain"": 0.0}, {""block"": ""star_ris"", ""rho"": 1.0, ""gain"": 0.08041072869034238}, {""block"": ""rsma"", ""rho"": 1.0, ""gain"": 0.0}, {""block"": ""star_ris"", ""rho"": 1.0, ""gain"": 0.0621903641876429}, {""block"": ""rsma"", ""rho"": 1.0, ""gain"": 0.0}, {""block"": ""star_ris"", ""rho"": 8.0, ""gain"": 0.01123177672974407}, {""block"": ""rsma"", ""rho"": 1.0, ""gain"": 0.0}, {""block"": ""star_ris"", ""rho"": 4.0, ""gain"": 0.01437364742883318}, {""block"": ""rsma"", ""rho"": 1.0, ""gain"": -3.552713678800501e-15}, {""block"": ""star_ris"", ""rho"": 2.0, ""gain"": 0.03866836545038055}, {""block"": ""rsma"", ""rho"": 1.0, ""gain"": 0.0}, {""block"": ""star_ris"", ""rho"": 2.0, ""gain"": 0.012454776289757774}, {""block"": ""rsma"", ""rho"": 1.0, ""gain"": 0.0}, {""block"": ""star_ris"", ""rho"": 1.0, ""gain"": 0.01427267663495968}]",{},6502.001282,eb978e84730de4cf1e0579ad9e17edb700c67ba6eceac89d1fe3698763a419f7,fc61d5cda7da39530055bae9bd0e92865f995cd9,4e84455d08cacd9f85c432f7838c3be2cb0f000b55edc3487c6dee9520cc0b63
ao_sca,96,10000,683,test,18.807677544145783,18.807677544145783,1.0,True,0.0,8,4792,15,ao_sca_proximal_physical,analytical_ris_equal_allocation,"[1.837987345229577, 17.868495181597975, 17.918330370184766, 17.942421224203393, 17.954270925616278, 18.592418893687626, 18.767434008425386, 18.807281853978406, 18.807677544145783]","[{""block"": ""rsma"", ""rho"": 1.0, ""gain"": 15.923406471936493}, {""block"": ""star_ris"", ""rho"": 8.0, ""gain"": 0.10710136443190521}, {""block"": ""rsma"", ""rho"": 1.0, ""gain"": 0.0}, {""block"": ""star_ris"", ""rho"": 16.0, ""gain"": 0.04983518858679048}, {""block"": ""rsma"", ""rho"": 1.0, ""gain"": 0.0}, {""block"": ""star_ris"", ""rho"": 32.0, ""gain"": 0.02409085401862754}, {""block"": ""rsma"", ""rho"": 1.0, ""gain"": 0.0}, {""block"": ""star_ris"", ""rho"": 64.0, ""gain"": 0.011849701412884883}, {""block"": ""rsma"", ""rho"": 1.0, ""gain"": 0.0}, {""block"": ""star_ris"", ""rho"": 1.0, ""gain"": 0.6381479680713475}, {""block"": ""rsma"", ""rho"": 1.0, ""gain"": 0.0}, {""block"": ""star_ris"", ""rho"": 2.0, ""gain"": 0.17501511473776077}, {""block"": ""rsma"", ""rho"": 1.0, ""gain"": 3.552713678800501e-15}, {""block"": ""star_ris"", ""rho"": 2.0, ""gain"": 0.039847845553016015}, {""block"": ""rsma"", ""rho"": 1.0, ""gain"": 3.552713678800501e-15}, {""block"": ""star_ris"", ""rho"": 8.0, ""gain"": 0.00039569016737317497}]",{},2555.86766,eb978e84730de4cf1e0579ad9e17edb700c67ba6eceac89d1fe3698763a419f7,fc61d5cda7da39530055bae9bd0e92865f995cd9,4e84455d08cacd9f85c432f7838c3be2cb0f000b55edc3487c6dee9520cc0b63
ao_sca,96,10000,684,test,18.681881028283865,18.681881028283865,1.0,True,0.0,15,8987,26,ao_sca_proximal_physical,analytical_ris_equal_allocation,"[1.8379882800888512, 18.268457553605117, 18.417814537829823, 18.48421850702029, 18.500039389028696, 18.507853192666182, 18.511736468110875, 18.514768257220062, 18.571521019450415, 18.57873972243146, 18.582328388741217, 18.59060175707231, 18.597851226464854, 18.619582348856213, 18.68110190315104, 18.681881028283865]","[{""block"": ""rsma"", ""rho"": 1.0, ""gain"": 16.237501669769564}, {""block"": ""star_ris"", ""rho"": 1.0, ""gain"": 0.19296760374670185}, {""block"": ""rsma"", ""rho"": 1.0, ""gain"": 0.0}, {""block"": ""star_ris"", ""rho"": 4.0, ""gain"": 0.14935698422470622}, {""block"": ""rsma"", ""rho"": 1.0, ""gain"": 3.552713678800501e-15}, {""block"": ""star_ris"", ""rho"": 8.0, ""gain"": 0.0664039691904641}, {""block"": ""rsma"", ""rho"": 1.0, ""gain"": 0.0}, {""block"": ""star_ris"", ""rho"": 32.0, ""gain"": 0.01582088200840559}, {""block"": ""rsma"", ""rho"": 1.0, ""gain"": 3.552713678800501e-15}, {""block"": ""star_ris"", ""rho"": 64.0, ""gain"": 0.007813803637482408}, {""block"": ""rsma"", ""rho"": 1.0, ""gain"": 0.0}, {""block"": ""star_ris"", ""rho"": 128.0, ""gain"": 0.003883275444692913}, {""block"": ""rsma"", ""rho"": 1.0, ""gain"": 0.0}, {""block"": ""star_ris"", ""rho"": 4.0, ""gain"": 0.0030317891091868887}, {""block"": ""rsma"", ""rho"": 1.0, ""gain"": 0.0}, {""block"": ""star_ris"", ""rho"": 2.0, ""gain"": 0.05675276223035297}, {""block"": ""rsma"", ""rho"": 1.0, ""gain"": 0.0}, {""block"": ""star_ris"", ""rho"": 64.0, ""gain"": 0.007218702981045766}, {""block"": ""rsma"", ""rho"": 1.0, ""gain"": 0.0}, {""block"": ""star_ris"", ""rho"": 128.0, ""gain"": 0.0035886663097564053}, {""block"": ""rsma"", ""rho"": 1.0, ""gain"": 0.0}, {""block"": ""star_ris"", ""rho"": 8.0, ""gain"": 0.008273368331092712}, {""block"": ""rsma"", ""rho"": 1.0, ""gain"": 0.0}, {""block"": ""star_ris"", ""rho"": 2.0, ""gain"": 0.007249469392544228}, {""block"": ""rsma"", ""rho"": 1.0, ""gain"": -7.105427357601002e-15}, {""block"": ""star_ris"", ""rho"": 1.0, ""gain"": 0.02173112239136543}, {""block"": ""rsma"", ""rho"": 1.0, ""gain"": 0.0}, {""block"": ""star_ris"", ""rho"": 2.0, ""gain"": 0.061519554294825696}, {""block"": ""rsma"", ""rho"": 1.0, ""gain"": 0.0}, {""block"": ""star_ris"", ""rho"": 4.0, ""gain"": 0.0007791251328264082}]",{},4858.874502,eb978e84730de4cf1e0579ad9e17edb700c67ba6eceac89d1fe3698763a419f7,fc61d5cda7da39530055bae9bd0e92865f995cd9,4e84455d08cacd9f85c432f7838c3be2cb0f000b55edc3487c6dee9520cc0b63
ao_sca,96,10000,685,test,18.81419784398167,18.81419784398167,1.0,True,0.0,14,8374,25,ao_sca_proximal_physical,analytical_ris_equal_allocation,"[1.8379763549331127, 18.059040096544308, 18.102821823809386, 18.108157929976514, 18.21024537196961, 18.321942009331714, 18.342606887482482, 18.43419559975922, 18.58282554081758, 18.61647196592328, 18.65092588917759, 18.69219921742915, 18.809847938024124, 18.81323533440102, 18.81419784398167]","[{""block"": ""rsma"", ""rho"": 1.0, ""gain"": 15.766122738062867}, {""block"": ""star_ris"", ""rho"": 2.0, ""gain"": 0.45494100354832767}, {""block"": ""rsma"", ""rho"": 1.0, ""gain"": 0.0}, {""block"": ""star_ris"", ""rho"": 16.0, ""gain"": 0.043781727265077564}, {""block"": ""rsma"", ""rho"": 1.0, ""gain"": 0.0}, {""block"": ""star_ris"", ""rho"": 128.0, ""gain"": 0.005336106167128207}, {""block"": ""rsma"", ""rho"": 1.0, ""gain"": 0.0}, {""block"": ""star_ris"", ""rho"": 2.0, ""gain"": 0.1020874419930955}, {""block"": ""rsma"", ""rho"": 1.0, ""gain"": 0.0}, {""block"": ""star_ris"", ""rho"": 2.0, ""gain"": 0.11169663736210467}, {""block"": ""rsma"", ""rho"": 1.0, ""gain"": 0.0}, {""block"": ""star_ris"", ""rho"": 1.0, ""gain"": 0.020664878150768118}, {""block"": ""rsma"", ""rho"": 1.0, ""gain"": 0.0}, {""block"": ""star_ris"", ""rho"": 1.0, ""gain"": 0.0915887122767387}, {""block"": ""rsma"", ""rho"": 1.0, ""gain"": 0.0}, {""block"": ""star_ris"", ""rho"": 1.0, ""gain"": 0.1486299410583598}, {""block"": ""rsma"", ""rho"": 1.0, ""gain"": 0.0}, {""block"": ""star_ris"", ""rho"": 1.0, ""gain"": 0.03364642510570093}, {""block"": ""rsma"", ""rho"": 1.0, ""gain"": 0.0}, {""block"": ""star_ris"", ""rho"": 4.0, ""gain"": 0.03445392325430774}, {""block"": ""rsma"", ""rho"": 1.0, ""gain"": 0.0}, {""block"": ""star_ris"", ""rho"": 4.0, ""gain"": 0.041273328251559604}, {""block"": ""rsma"", ""rho"": 1.0, ""gain"": 0.0}, {""block"": ""star_ris"", ""rho"": 4.0, ""gain"": 0.11764872059497478}, {""block"": ""rsma"", ""rho"": 1.0, ""gain"": 0.0}, {""block"": ""star_ris"", ""rho"": 32.0, ""gain"": 0.0033873963768975557}, {""block"": ""rsma"", ""rho"": 1.0, ""gain"": 0.0}, {""block"": ""star_ris"", ""rho"": 16.0, ""gain"": 0.0009625095806491402}]",{},4490.777351,eb978e84730de4cf1e0579ad9e17edb700c67ba6eceac89d1fe3698763a419f7,fc61d5cda7da39530055bae9bd0e92865f995cd9,4e84455d08cacd9f85c432f7838c3be2cb0f000b55edc3487c6dee9520cc0b63
ao_sca,96,10000,686,test,19.456879639507367,19.456879639507367,1.0,True,0.0,17,10154,32,ao_sca_proximal_physical,analytical_ris_equal_allocation,"[1.8380017721425295, 18.66716913390631, 18.716273895036057, 19.052461820609995, 19.076222793142662, 19.07910225679855, 19.086773266175378, 19.14046192371811, 19.149630868077914, 19.17622695780833, 19.315501928035346, 19.333677714239954, 19.359260743440213, 19.391222101714117, 19.41774904853929, 19.44458011429153, 19.455665976077405, 19.456879639507367]","[{""block"": ""rsma"", ""rho"": 1.0, ""gain"": 16.6807450448626}, {""block"": ""star_ris"", ""rho"": 1.0, ""gain"": 0.14842231690117913}, {""block"": ""rsma"", ""rho"": 1.0, ""gain"": 0.0}, {""block"": ""star_ris"", ""rho"": 1.0, ""gain"": 0.04910476112974749}, {""block"": ""rsma"", ""rho"": 1.0, ""gain"": 0.0}, {""block"": ""star_ris"", ""rho"": 1.0, ""gain"": 0.3361879255739382}, {""block"": ""rsma"", ""rho"": 1.0, ""gain"": 0.0}, {""block"": ""star_ris"", ""rho"": 16.0, ""gain"": 0.02376097253266707}, {""block"": ""rsma"", ""rho"": 1.0, ""gain"": -3.552713678800501e-15}, {""block"": ""star_ris"", ""rho"": 16.0, ""gain"": 0.002879463655890646}, {""block"": ""rsma"", ""rho"": 1.0, ""gain"": 0.0}, {""block"": ""star_ris"", ""rho"": 4.0, ""gain"": 0.007671009376828408}, {""block"": ""rsma"", ""rho"": 1.0, ""gain"": 0.0}, {""block"": ""star_ris"", ""rho"": 1.0, ""gain"": 0.05368865754273244}, {""block"": ""rsma"", ""rho"": 1.0, ""gain"": 0.0}, {""block"": ""star_ris"", ""rho"": 1.0, ""gain"": 0.009168944359803533}, {""block"": ""rsma"", ""rho"": 1.0, ""gain"": 0.0}, {""block"": ""star_ris"", ""rho"": 2.0, ""gain"": 0.026596089730414718}, {""block"": ""rsma"", ""rho"": 1.0, ""gain"": -3.552713678800501e-15}, {""block"": ""star_ris"", ""rho"": 1.0, ""gain"": 0.13927497022702084}, {""block"": ""rsma"", ""rho"": 1.0, ""gain"": 0.0}, {""block"": ""star_ris"", ""rho"": 2.0, ""gain"": 0.018175786204608357}, {""block"": ""rsma"", ""rho"": 1.0, ""gain"": 3.552713678800501e-15}, {""block"": ""star_ris"", ""rho"": 2.0, ""gain"": 0.02558302920025568}, {""block"": ""rsma"", ""rho"": 1.0, ""gain"": -3.552713678800501e-15}, {""block"": ""star_ris"", ""rho"": 1.0, ""gain"": 0.031961358273907337}, {""block"": ""rsma"", ""rho"": 1.0, ""gain"": 0.0}, {""block"": ""star_ris"", ""rho"": 4.0, ""gain"": 0.02652694682517165}, {""block"": ""rsma"", ""rho"": 1.0, ""gain"": 0.0}, {""block"": ""star_ris"", ""rho"": 4.0, ""gain"": 0.02683106575224059}, {""block"": ""rsma"", ""rho"": 1.0, ""gain"": 0.0}, {""block"": ""star_ris"", ""rho"": 2.0, ""gain"": 0.011085861785876006}, {""block"": ""rsma"", ""rho"": 1.0, ""gain"": 0.0}, {""block"": ""star_ris"", ""rho"": 8.0, ""gain"": 0.0012136634299615423}]",{},5435.219952,eb978e84730de4cf1e0579ad9e17edb700c67ba6eceac89d1fe3698763a419f7,fc61d5cda7da39530055bae9bd0e92865f995cd9,4e84455d08cacd9f85c432f7838c3be2cb0f000b55edc3487c6dee9520cc0b63
ao_sca,96,10000,687,test,18.925737542705328,18.925737542705328,1.0,True,0.0,11,6567,19,ao_sca_proximal_physical,analytical_ris_equal_allocation,"[1.837993954928143, 18.38082710781925, 18.395723207796827, 18.65553738260497, 18.71959586351749, 18.777725751972543, 18.875415211156366, 18.89839501038492, 18.920399777209887, 18.922952678720364, 18.925142293350778, 18.925737542705328]","[{""block"": ""rsma"", ""rho"": 1.0, ""gain"": 16.449147733738265}, {""block"": ""star_ris"", ""rho"": 1.0, ""gain"": 0.09368541915284112}, {""block"": ""rsma"", ""rho"": 1.0, ""gain"": 0.0}, {""block"": ""star_ris"", ""rho"": 1.0, ""gain"": 0.014896099977576682}, {""block"": ""rsma"", ""rho"": 1.0, ""gain"": 0.0}, {""block"": ""star_ris"", ""rho"": 1.0, ""gain"": 0.25981417480814173}, {""block"": ""rsma"", ""rho"": 1.0, ""gain"": 0.0}, {""block"": ""star_ris"", ""rho"": 1.0, ""gain"": 0.06405848091252153}, {""block"": ""rsma"", ""rho"": 1.0, ""gain"": 0.0}, {""block"": ""star_ris"", ""rho"": 1.0, ""gain"": 0.058129888455052736}, {""block"": ""rsma"", ""rho"": 1.0, ""gain"": 0.0}, {""block"": ""star_ris"", ""rho"": 1.0, ""gain"": 0.09768945918382244}, {""block"": ""rsma"", ""rho"": 1.0, ""gain"": 0.0}, {""block"": ""star_ris"", ""rho"": 4.0, ""gain"": 0.022979799228554754}, {""block"": ""rsma"", ""rho"": 1.0, ""gain"": 3.552713678800501e-15}, {""block"": ""star_ris"", ""rho"": 16.0, ""gain"": 0.02200476682496344}, {""block"": ""rsma"", ""rho"": 1.0, ""gain"": 0.0}, {""block"": ""star_ris"", ""rho"": 1.0, ""gain"": 0.0025529015104766017}, {""block"": ""rsma"", ""rho"": 1.0, ""gain"": 0.0}, {""block"": ""star_ris"", ""rho"": 8.0, ""gain"": 0.002189614630413672}, {""block"": ""rsma"", ""rho"": 1.0, ""gain"": 0.0}, {""block"": ""star_ris"", ""rho"": 2.0, ""gain"": 0.0005952493545500204}]",{},3531.433968,eb978e84730de4cf1e0579ad9e17edb700c67ba6eceac89d1fe3698763a419f7,fc61d5cda7da39530055bae9bd0e92865f995cd9,4e84455d08cacd9f85c432f7838c3be2cb0f000b55edc3487c6dee9520cc0b63
ao_sca,96,10000,688,test,18.886621174580384,18.886621174580384,1.0,True,0.0,8,4782,14,ao_sca_proximal_physical,analytical_ris_equal_allocation,"[1.837996387732138, 18.281312960704327, 18.301198189686364, 18.330866792144157, 18.847433620058066, 18.85198743878429, 18.870670947925817, 18.884927305100394, 18.886621174580384]","[{""block"": ""rsma"", ""rho"": 1.0, ""gain"": 16.438064506115182}, {""block"": ""star_ris"", ""rho"": 16.0, ""gain"": 0.00525206685700752}, {""block"": ""rsma"", ""rho"": 1.0, ""gain"": 0.0}, {""block"": ""star_ris"", ""rho"": 4.0, ""gain"": 0.019885228982037262}, {""block"": ""rsma"", ""rho"": 1.0, ""gain"": 0.0}, {""block"": ""star_ris"", ""rho"": 1.0, ""gain"": 0.029668602457793014}, {""block"": ""rsma"", ""rho"": 1.0, ""gain"": 0.0}, {""block"": ""star_ris"", ""rho"": 1.0, ""gain"": 0.5165668279139091}, {""block"": ""rsma"", ""rho"": 1.0, ""gain"": 0.0}, {""block"": ""star_ris"", ""rho"": 4.0, ""gain"": 0.004553818726222403}, {""block"": ""rsma"", ""rho"": 1.0, ""gain"": 0.0}, {""block"": ""star_ris"", ""rho"": 2.0, ""gain"": 0.018683509141528276}, {""block"": ""rsma"", ""rho"": 1.0, ""gain"": 0.0}, {""block"": ""star_ris"", ""rho"": 2.0, ""gain"": 0.014256357174577516}, {""block"": ""rsma"", ""rho"": 1.0, ""gain"": 0.0}, {""block"": ""star_ris"", ""rho"": 8.0, ""gain"": 0.0016938694799897291}]",{},2527.1936,eb978e84730de4cf1e0579ad9e17edb700c67ba6eceac89d1fe3698763a419f7,fc61d5cda7da39530055bae9bd0e92865f995cd9,4e84455d08cacd9f85c432f7838c3be2cb0f000b55edc3487c6dee9520cc0b63
ao_sca,96,10000,689,test,18.840002287055874,18.840002287055874,1.0,True,0.0,20,11958,38,ao_sca_proximal_physical,analytical_ris_equal_allocation,"[1.8379788504499726, 18.105219366051855, 18.216196262084793, 18.225169997254696, 18.30174322724709, 18.31634234788355, 18.34699398689101, 18.37864854463593, 18.554393904595223, 18.62799763134616, 18.644068476405096, 18.672560250886203, 18.695397588506815, 18.72392092842783, 18.76342468619751, 18.776742291473425, 18.78401531749222, 18.828860503686148, 18.83464938513973, 18.838266314128898, 18.840002287055874]","[{""block"": ""rsma"", ""rho"": 1.0, ""gain"": 16.256947199194283}, {""block"": ""star_ris"", ""rho"": 4.0, ""gain"": 0.010293316407601338}, {""block"": ""rsma"", ""rho"": 1.0, ""gain"": -7.105427357601002e-15}, {""block"": ""star_ris"", ""rho"": 1.0, ""gain"": 0.1109768960329447}, {""block"": ""rsma"", ""rho"": 1.0, ""gain"": 3.552713678800501e-15}, {""block"": ""star_ris"", ""rho"": 4.0, ""gain"": 0.0089737351698993}, {""block"": ""rsma"", ""rho"": 1.0, ""gain"": 3.552713678800501e-15}, {""block"": ""star_ris"", ""rho"": 8.0, ""gain"": 0.07657322999239113}, {""block"": ""rsma"", ""rho"": 1.0, ""gain"": 0.0}, {""block"": ""star_ris"", ""rho"": 1.0, ""gain"": 0.01459912063645774}, {""block"": ""rsma"", ""rho"": 1.0, ""gain"": 0.0}, {""block"": ""star_ris"", ""rho"": 4.0, ""gain"": 0.030651639007462705}, {""block"": ""rsma"", ""rho"": 1.0, ""gain"": -7.105427357601002e-15}, {""block"": ""star_ris"", ""rho"": 2.0, ""gain"": 0.03165455774492543}, {""block"": ""rsma"", ""rho"": 1.0, ""gain"": 0.0}, {""block"": ""star_ris"", ""rho"": 1.0, ""gain"": 0.17574535995929352}, {""block"": ""rsma"", ""rho"": 1.0, ""gain"": 0.0}, {""block"": ""star_ris"", ""rho"": 2.0, ""gain"": 0.07360372675093885}, {""block"": ""rsma"", ""rho"": 1.0, ""gain"": 0.0}, {""block"": ""star_ris"", ""rho"": 8.0, ""gain"": 0.01607084505893397}, {""block"": ""rsma"", ""rho"": 1.0, ""gain"": 0.0}, {""block"": ""star_ris"", ""rho"": 2.0, ""gain"": 0.028491774481107512}, {""block"": ""rsma"", ""rho"": 1.0, ""gain"": 0.0}, {""block"": ""star_ris"", ""rho"": 32.0, ""gain"": 0.022837337620611464}, {""block"": ""rsma"", ""rho"": 1.0, ""gain"": 0.0}, {""block"": ""star_ris"", ""rho"": 2.0, ""gain"": 0.028523339921015634}, {""block"": ""rsma"", ""rho"": 1.0, ""gain"": 0.0}, {""block"": ""star_ris"", ""rho"": 4.0, ""gain"": 0.03950375776967974}, {""block"": ""rsma"", ""rho"": 1.0, ""gain"": 0.0}, {""block"": ""star_ris"", ""rho"": 4.0, ""gain"": 0.013317605275915412}, {""block"": ""rsma"", ""rho"": 1.0, ""gain"": 0.0}, {""block"": ""star_ris"", ""rho"": 4.0, ""gain"": 0.007273026018793871}, {""block"": ""rsma"", ""rho"": 1.0, ""gain"": 0.0}, {""block"": ""star_ris"", ""rho"": 8.0, ""gain"": 0.0448451861939283}, {""block"": ""rsma"", ""rho"": 1.0, ""gain"": -3.552713678800501e-15}, {""block"": ""star_ris"", ""rho"": 8.0, ""gain"": 0.00578888145358647}, {""block"": ""rsma"", ""rho"": 1.0, ""gain"": 0.0}, {""block"": ""star_ris"", ""rho"": 4.0, ""gain"": 0.003616928989167434}, {""block"": ""rsma"", ""rho"": 1.0, ""gain"": 3.552713678800501e-15}, {""block"": ""star_ris"", ""rho"": 4.0, ""gain"": 0.0017359729269728064}]",{},6490.70107,eb978e84730de4cf1e0579ad9e17edb700c67ba6eceac89d1fe3698763a419f7,fc61d5cda7da39530055bae9bd0e92865f995cd9,4e84455d08cacd9f85c432f7838c3be2cb0f000b55edc3487c6dee9520cc0b63
ao_sca,96,10000,690,test,19.180509731969703,19.180509731969703,1.0,True,0.0,14,8394,27,ao_sca_proximal_physical,analytical_ris_equal_allocation,"[1.8380051746652963, 18.57130041306145, 18.73115297362214, 18.74929153638486, 18.862407166378116, 18.975602683019712, 19.09191169703752, 19.13875446192285, 19.14127918502853, 19.15820988839215, 19.162512333974497, 19.168346418788964, 19.177306558485753, 19.179505495976926, 19.180509731969703]","[{""block"": ""rsma"", ""rho"": 1.0, ""gain"": 16.310869236134508}, {""block"": ""star_ris"", ""rho"": 2.0, ""gain"": 0.42242600226164484}, {""block"": ""rsma"", ""rho"": 1.0, ""gain"": 0.0}, {""block"": ""star_ris"", ""rho"": 4.0, ""gain"": 0.1598525605606902}, {""block"": ""rsma"", ""rho"": 1.0, ""gain"": -3.552713678800501e-15}, {""block"": ""star_ris"", ""rho"": 32.0, ""gain"": 0.018138562762722188}, {""block"": ""rsma"", ""rho"": 1.0, ""gain"": 0.0}, {""block"": ""star_ris"", ""rho"": 2.0, ""gain"": 0.1131156299932563}, {""block"": ""rsma"", ""rho"": 1.0, ""gain"": 3.552713678800501e-15}, {""block"": ""star_ris"", ""rho"": 2.0, ""gain"": 0.11319551664159277}, {""block"": ""rsma"", ""rho"": 1.0, ""gain"": 0.0}, {""block"": ""star_ris"", ""rho"": 4.0, ""gain"": 0.11630901401780847}, {""block"": ""rsma"", ""rho"": 1.0, ""gain"": -3.552713678800501e-15}, {""block"": ""star_ris"", ""rho"": 8.0, ""gain"": 0.046842764885333565}, {""block"": ""rsma"", ""rho"": 1.0, ""gain"": 0.0}, {""block"": ""star_ris"", ""rho"": 16.0, ""gain"": 0.002524723105679527}, {""block"": ""rsma"", ""rho"": 1.0, ""gain"": 0.0}, {""block"": ""star_ris"", ""rho"": 8.0, ""gain"": 0.016930703363620125}, {""block"": ""rsma"", ""rho"": 1.0, ""gain"": 0.0}, {""block"": ""star_ris"", ""rho"": 32.0, ""gain"": 0.0043024455823470475}, {""block"": ""rsma"", ""rho"": 1.0, ""gain"": 0.0}, {""block"": ""star_ris"", ""rho"": 8.0, ""gain"": 0.005834084814466678}, {""block"": ""rsma"", ""rho"": 1.0, ""gain"": 0.0}, {""block"": ""star_ris"", ""rho"": 64.0, ""gain"": 0.008960139696789327}, {""block"": ""rsma"", ""rho"": 1.0, ""gain"": 0.0}, {""block"": ""star_ris"", ""rho"": 128.0, ""gain"": 0.0021989374911726145}, {""block"": ""rsma"", ""rho"": 1.0, ""gain"": 3.552713678800501e-15}, {""block"": ""star_ris"", ""rho"": 64.0, ""gain"": 0.001004235992773772}]",{},4455.568279,eb978e84730de4cf1e0579ad9e17edb700c67ba6eceac89d1fe3698763a419f7,fc61d5cda7da39530055bae9bd0e92865f995cd9,4e84455d08cacd9f85c432f7838c3be2cb0f000b55edc3487c6dee9520cc0b63
ao_sca,96,10000,691,test,18.3702147223654,18.3702147223654,1.0,True,0.0,2,1193,4,ao_sca_proximal_physical,analytical_ris_equal_allocation,"[1.83797917046156, 18.369532183699196, 18.370214722365397]","[{""block"": ""rsma"", ""rho"": 1.0, ""gain"": 15.997564827172427}, {""block"": ""star_ris"", ""rho"": 1.0, ""gain"": 0.5339881860652085}, {""block"": ""rsma"", ""rho"": 1.0, ""gain"": 3.552713678800501e-15}, {""block"": ""star_ris"", ""rho"": 1.0, ""gain"": 0.0006825386661972743}]",{},645.56052,eb978e84730de4cf1e0579ad9e17edb700c67ba6eceac89d1fe3698763a419f7,fc61d5cda7da39530055bae9bd0e92865f995cd9,4e84455d08cacd9f85c432f7838c3be2cb0f000b55edc3487c6dee9520cc0b63
ao_sca,96,10000,692,test,18.815943667312773,18.815943667312773,1.0,True,0.0,14,8375,23,ao_sca_proximal_physical,analytical_ris_equal_allocation,"[1.8379893309357447, 18.490276803944862, 18.50328385891365, 18.673735018465326, 18.67836074420676, 18.70983453971195, 18.712818570015788, 18.745726101785912, 18.749628449024414, 18.78291608926972, 18.791106518874344, 18.796018027593995, 18.798086771222124, 18.81525448223339, 18.815943667312773]","[{""block"": ""rsma"", ""rho"": 1.0, ""gain"": 16.16557337535589}, {""block"": ""star_ris"", ""rho"": 1.0, ""gain"": 0.48671409765322693}, {""block"": ""rsma"", ""rho"": 1.0, ""gain"": 0.0}, {""block"": ""star_ris"", ""rho"": 2.0, ""gain"": 0.013007054968788623}, {""block"": ""rsma"", ""rho"": 1.0, ""gain"": 0.0}, {""block"": ""star_ris"", ""rho"": 2.0, ""gain"": 0.1704511595516749}, {""block"": ""rsma"", ""rho"": 1.0, ""gain"": 0.0}, {""block"": ""star_ris"", ""rho"": 2.0, ""gain"": 0.004625725741433939}, {""block"": ""rsma"", ""rho"": 1.0, ""gain"": 0.0}, {""block"": ""star_ris"", ""rho"": 4.0, ""gain"": 0.03147379550518892}, {""block"": ""rsma"", ""rho"": 1.0, ""gain"": 0.0}, {""block"": ""star_ris"", ""rho"": 8.0, ""gain"": 0.0029840303038390914}, {""block"": ""rsma"", ""rho"": 1.0, ""gain"": 0.0}, {""block"": ""star_ris"", ""rho"": 4.0, ""gain"": 0.03290753177012462}, {""block"": ""rsma"", ""rho"": 1.0, ""gain"": -3.552713678800501e-15}, {""block"": ""star_ris"", ""rho"": 8.0, ""gain"": 0.0039023472385046887}, {""block"": ""rsma"", ""rho"": 1.0, ""gain"": 0.0}, {""block"": ""star_ris"", ""rho"": 4.0, ""gain"": 0.03328764024530528}, {""block"": ""rsma"", ""rho"": 1.0, ""gain"": 0.0}, {""block"": ""star_ris"", ""rho"": 4.0, ""gain"": 0.008190429604624683}, {""block"": ""rsma"", ""rho"": 1.0, ""gain"": 0.0}, {""block"": ""star_ris"", ""rho"": 16.0, ""gain"": 0.004911508719651181}, {""block"": ""rsma"", ""rho"": 1.0, ""gain"": 0.0}, {""block"": ""star_ris"", ""rho"": 4.0, ""gain"": 0.002068743628129255}, {""block"": ""rsma"", ""rho"": 1.0, ""gain"": 0.0}, {""block"": ""star_ris"", ""rho"": 4.0, ""gain"": 0.017167711011264686}, {""block"": ""rsma"", ""rho"": 1.0, ""gain"": 0.0}, {""block"": ""star_ris"", ""rho"": 32.0, ""gain"": 0.0006891850793842025}]",{},4572.334164,eb978e84730de4cf1e0579ad9e17edb700c67ba6eceac89d1fe3698763a419f7,fc61d5cda7da39530055bae9bd0e92865f995cd9,4e84455d08cacd9f85c432f7838c3be2cb0f000b55edc3487c6dee9520cc0b63
ao_sca,96,10000,693,test,18.83829070413357,18.83829070413357,1.0,True,0.0,19,11380,33,ao_sca_proximal_physical,analytical_ris_equal_allocation,"[1.8379802960094374, 17.89087007460754, 17.916376126806504, 17.922660022416878, 18.1685399647228, 18.32526406881059, 18.4198407840326, 18.65790714544798, 18.711676772315272, 18.72261700033883, 18.728085118986577, 18.742867990227417, 18.749526900930505, 18.754681410532612, 18.7605242489427, 18.77437981654648, 18.78539723374589, 18.79357183781054, 18.837975293793992, 18.83829070413357]","[{""block"": ""rsma"", ""rho"": 1.0, ""gain"": 16.0001772559157}, {""block"": ""star_ris"", ""rho"": 16.0, ""gain"": 0.05271252268240545}, {""block"": ""rsma"", ""rho"": 1.0, ""gain"": 0.0}, {""block"": ""star_ris"", ""rho"": 32.0, ""gain"": 0.025506052198963403}, {""block"": ""rsma"", ""rho"": 1.0, ""gain"": 0.0}, {""block"": ""star_ris"", ""rho"": 128.0, ""gain"": 0.006283895610373236}, {""block"": ""rsma"", ""rho"": 1.0, ""gain"": 0.0}, {""block"": ""star_ris"", ""rho"": 1.0, ""gain"": 0.24587994230592258}, {""block"": ""rsma"", ""rho"": 1.0, ""gain"": 0.0}, {""block"": ""star_ris"", ""rho"": 1.0, ""gain"": 0.15672410408778958}, {""block"": ""rsma"", ""rho"": 1.0, ""gain"": 0.0}, {""block"": ""star_ris"", ""rho"": 1.0, ""gain"": 0.09457671522201139}, {""block"": ""rsma"", ""rho"": 1.0, ""gain"": 0.0}, {""block"": ""star_ris"", ""rho"": 2.0, ""gain"": 0.23806636141537751}, {""block"": ""rsma"", ""rho"": 1.0, ""gain"": 0.0}, {""block"": ""star_ris"", ""rho"": 8.0, ""gain"": 0.05376962686729314}, {""block"": ""rsma"", ""rho"": 1.0, ""gain"": 0.0}, {""block"": ""star_ris"", ""rho"": 16.0, ""gain"": 0.010940228023557097}, {""block"": ""rsma"", ""rho"": 1.0, ""gain"": 0.0}, {""block"": ""star_ris"", ""rho"": 1.0, ""gain"": 0.005468118647748099}, {""block"": ""rsma"", ""rho"": 1.0, ""gain"": 0.0}, {""block"": ""star_ris"", ""rho"": 32.0, ""gain"": 0.014782871240839768}, {""block"": ""rsma"", ""rho"": 1.0, ""gain"": 0.0}, {""block"": ""star_ris"", ""rho"": 64.0, ""gain"": 0.006658910703087884}, {""block"": ""rsma"", ""rho"": 1.0, ""gain"": 3.552713678800501e-15}, {""block"": ""star_ris"", ""rho"": 16.0, ""gain"": 0.0051545096021037295}, {""block"": ""rsma"", ""rho"": 1.0, ""gain"": -3.552713678800501e-15}, {""block"": ""star_ris"", ""rho"": 8.0, ""gain"": 0.00584283841009281}, {""block"": ""rsma"", ""rho"": 1.0, ""gain"": 0.0}, {""block"": ""star_ris"", ""rho"": 4.0, ""gain"": 0.013855567603780372}, {""block"": ""rsma"", ""rho"": 1.0, ""gain"": 3.552713678800501e-15}, {""block"": ""star_ris"", ""rho"": 2.0, ""gain"": 0.011017417199404633}, {""block"": ""rsma"", ""rho"": 1.0, ""gain"": -3.552713678800501e-15}, {""block"": ""star_ris"", ""rho"": 4.0, ""gain"": 0.008174604064652868}, {""block"": ""rsma"", ""rho"": 1.0, ""gain"": 0.0}, {""block"": ""star_ris"", ""rho"": 8.0, ""gain"": 0.044403455983452744}, {""block"": ""rsma"", ""rho"": 1.0, ""gain"": -3.552713678800501e-15}, {""block"": ""star_ris"", ""rho"": 32.0, ""gain"": 0.00031541033958149}]",{},6187.469965,eb978e84730de4cf1e0579ad9e17edb700c67ba6eceac89d1fe3698763a419f7,fc61d5cda7da39530055bae9bd0e92865f995cd9,4e84455d08cacd9f85c432f7838c3be2cb0f000b55edc3487c6dee9520cc0b63
ao_sca,96,10000,694,test,18.516213814172403,18.516213814172403,1.0,True,0.0,12,7190,24,ao_sca_proximal_physical,analytical_ris_equal_allocation,"[1.8379801640964895, 18.157826446965675, 18.246811691261495, 18.264492374571212, 18.268800399608672, 18.276835750788127, 18.309222985832044, 18.315976759415662, 18.42633561513215, 18.491354780865926, 18.506843613086684, 18.51449374596734, 18.516213814172403]","[{""block"": ""rsma"", ""rho"": 1.0, ""gain"": 16.138805788269323}, {""block"": ""star_ris"", ""rho"": 2.0, ""gain"": 0.1810404945998627}, {""block"": ""rsma"", ""rho"": 1.0, ""gain"": 0.0}, {""block"": ""star_ris"", ""rho"": 8.0, ""gain"": 0.08898524429582011}, {""block"": ""rsma"", ""rho"": 1.0, ""gain"": -3.552713678800501e-15}, {""block"": ""star_ris"", ""rho"": 4.0, ""gain"": 0.01768068330972028}, {""block"": ""rsma"", ""rho"": 1.0, ""gain"": 0.0}, {""block"": ""star_ris"", ""rho"": 8.0, ""gain"": 0.004308025037460084}, {""block"": ""rsma"", ""rho"": 1.0, ""gain"": -3.552713678800501e-15}, {""block"": ""star_ris"", ""rho"": 2.0, ""gain"": 0.008035351179458416}, {""block"": ""rsma"", ""rho"": 1.0, ""gain"": 0.0}, {""block"": ""star_ris"", ""rho"": 16.0, ""gain"": 0.03238723504391672}, {""block"": ""rsma"", ""rho"": 1.0, ""gain"": 0.0}, {""block"": ""star_ris"", ""rho"": 2.0, ""gain"": 0.006753773583618283}, {""block"": ""rsma"", ""rho"": 1.0, ""gain"": 0.0}, {""block"": ""star_ris"", ""rho"": 2.0, ""gain"": 0.11035885571648762}, {""block"": ""rsma"", ""rho"": 1.0, ""gain"": 3.552713678800501e-15}, {""block"": ""star_ris"", ""rho"": 8.0, ""gain"": 0.06501916573377287}, {""block"": ""rsma"", ""rho"": 1.0, ""gain"": 0.0}, {""block"": ""star_ris"", ""rho"": 32.0, ""gain"": 0.015488832220757587}, {""block"": ""rsma"", ""rho"": 1.0, ""gain"": 0.0}, {""block"": ""star_ris"", ""rho"": 64.0, ""gain"": 0.007650132880655747}, {""block"": ""rsma"", ""rho"": 1.0, ""gain"": 0.0}, {""block"": ""star_ris"", ""rho"": 128.0, ""gain"": 0.0017200682050635407}]",{},4052.214214,eb978e84730de4cf1e0579ad9e17edb700c67ba6eceac89d1fe3698763a419f7,fc61d5cda7da39530055bae9bd0e92865f995cd9,4e84455d08cacd9f85c432f7838c3be2cb0f000b55edc3487c6dee9520cc0b63
ao_sca,96,10000,695,test,18.254837272568743,18.254837272568743,1.0,True,0.0,14,8378,24,ao_sca_proximal_physical,analytical_ris_equal_allocation,"[1.837963982659202, 17.867403451561227, 17.890811518403364, 18.056510096327298, 18.08193182180693, 18.094015630897612, 18.1473750196511, 18.155490473151044, 18.165882475880366, 18.182594174407924, 18.21345903875778, 18.217121305337045, 18.219374011371293, 18.253348654934587, 18.254837272568743]","[{""block"": ""rsma"", ""rho"": 1.0, ""gain"": 15.81129489570201}, {""block"": ""star_ris"", ""rho"": 2.0, ""gain"": 0.21814457320001424}, {""block"": ""rsma"", ""rho"": 1.0, ""gain"": 3.552713678800501e-15}, {""block"": ""star_ris"", ""rho"": 2.0, ""gain"": 0.02340806684213348}, {""block"": ""rsma"", ""rho"": 1.0, ""gain"": 0.0}, {""block"": ""star_ris"", ""rho"": 2.0, ""gain"": 0.1656985779239335}, {""block"": ""rsma"", ""rho"": 1.0, ""gain"": 0.0}, {""block"": ""star_ris"", ""rho"": 4.0, ""gain"": 0.02542172547963162}, {""block"": ""rsma"", ""rho"": 1.0, ""gain"": 0.0}, {""block"": ""star_ris"", ""rho"": 4.0, ""gain"": 0.012083809090682962}, {""block"": ""rsma"", ""rho"": 1.0, ""gain"": 3.552713678800501e-15}, {""block"": ""star_ris"", ""rho"": 2.0, ""gain"": 0.05335938875348489}, {""block"": ""rsma"", ""rho"": 1.0, ""gain"": 0.0}, {""block"": ""star_ris"", ""rho"": 16.0, ""gain"": 0.00811545349994347}, {""block"": ""rsma"", ""rho"": 1.0, ""gain"": 0.0}, {""block"": ""star_ris"", ""rho"": 8.0, ""gain"": 0.010392002729322058}, {""block"": ""rsma"", ""rho"": 1.0, ""gain"": 0.0}, {""block"": ""star_ris"", ""rho"": 4.0, ""gain"": 0.016711698527558383}, {""block"": ""rsma"", ""rho"": 1.0, ""gain"": 0.0}, {""block"": ""star_ris"", ""rho"": 16.0, ""gain"": 0.030864864349855026}, {""block"": ""rsma"", ""rho"": 1.0, ""gain"": 0.0}, {""block"": ""star_ris"", ""rho"": 2.0, ""gain"": 0.003662266579265605}, {""block"": ""rsma"", ""rho"": 1.0, ""gain"": 0.0}, {""block"": ""star_ris"", ""rho"": 8.0, ""gain"": 0.0022527060342483196}, {""block"": ""rsma"", ""rho"": 1.0, ""gain"": 0.0}, {""block"": ""star_ris"", ""rho"": 16.0, ""gain"": 0.03397464356329394}, {""block"": ""rsma"", ""rho"": 1.0, ""gain"": 0.0}, {""block"": ""star_ris"", ""rho"": 16.0, ""gain"": 0.0014886176341555313}]",{},4469.262729,eb978e84730de4cf1e0579ad9e17edb700c67ba6eceac89d1fe3698763a419f7,fc61d5cda7da39530055bae9bd0e92865f995cd9,4e84455d08cacd9f85c432f7838c3be2cb0f000b55edc3487c6dee9520cc0b63
ao_sca,96,10000,696,test,19.08518542308308,19.08518542308308,1.0,True,0.0,11,6571,19,ao_sca_proximal_physical,analytical_ris_equal_allocation,"[1.8379937827105262, 18.456231766948108, 18.648218348797545, 18.67174424195283, 18.699803906088384, 18.741551093214888, 18.749754666464664, 18.804283113504265, 18.95236283046591, 19.056115502652546, 19.08417662937848, 19.085185423083082]","[{""block"": ""rsma"", ""rho"": 1.0, ""gain"": 16.446357806534653}, {""block"": ""star_ris"", ""rho"": 1.0, ""gain"": 0.17188017770292774}, {""block"": ""rsma"", ""rho"": 1.0, ""gain"": 0.0}, {""block"": ""star_ris"", ""rho"": 2.0, ""gain"": 0.19198658184943795}, {""block"": ""rsma"", ""rho"": 1.0, ""gain"": 0.0}, {""block"": ""star_ris"", ""rho"": 1.0, ""gain"": 0.023525893155284194}, {""block"": ""rsma"", ""rho"": 1.0, ""gain"": 0.0}, {""block"": ""star_ris"", ""rho"": 16.0, ""gain"": 0.028059664135554385}, {""block"": ""rsma"", ""rho"": 1.0, ""gain"": 0.0}, {""block"": ""star_ris"", ""rho"": 1.0, ""gain"": 0.041747187126503604}, {""block"": ""rsma"", ""rho"": 1.0, ""gain"": 0.0}, {""block"": ""star_ris"", ""rho"": 4.0, ""gain"": 0.008203573249776497}, {""block"": ""rsma"", ""rho"": 1.0, ""gain"": 3.552713678800501e-15}, {""block"": ""star_ris"", ""rho"": 1.0, ""gain"": 0.054528447039597694}, {""block"": ""rsma"", ""rho"": 1.0, ""gain"": 3.552713678800501e-15}, {""block"": ""star_ris"", ""rho"": 1.0, ""gain"": 0.14807971696163946}, {""block"": ""rsma"", ""rho"": 1.0, ""gain"": 0.0}, {""block"": ""star_ris"", ""rho"": 2.0, ""gain"": 0.10375267218663708}, {""block"": ""rsma"", ""rho"": 1.0, ""gain"": 0.0}, {""block"": ""star_ris"", ""rho"": 1.0, ""gain"": 0.02806112672593386}, {""block"": ""rsma"", ""rho"": 1.0, ""gain"": 0.0}, {""block"": ""star_ris"", ""rho"": 64.0, ""gain"": 0.0010087937046030504}]",{},3611.898527,eb978e84730de4cf1e0579ad9e17edb700c67ba6eceac89d1fe3698763a419f7,fc61d5cda7da39530055bae9bd0e92865f995cd9,4e84455d08cacd9f85c432f7838c3be2cb0f000b55edc3487c6dee9520cc0b63
ao_sca,96,10000,697,test,19.087883326230447,19.087883326230447,1.0,True,0.0,8,4781,16,ao_sca_proximal_physical,analytical_ris_equal_allocation,"[1.8380031827242056, 18.671387633405175, 18.697688333441885, 18.870192745048985, 18.91455354090478, 19.042002826213295, 19.068578431175744, 19.087569188819845, 19.087883326230447]","[{""block"": ""rsma"", ""rho"": 1.0, ""gain"": 16.65156613800958}, {""block"": ""star_ris"", ""rho"": 1.0, ""gain"": 0.18181831267138904}, {""block"": ""rsma"", ""rho"": 1.0, ""gain"": 3.552713678800501e-15}, {""block"": ""star_ris"", ""rho"": 2.0, ""gain"": 0.026300700036706814}, {""block"": ""rsma"", ""rho"": 1.0, ""gain"": 0.0}, {""block"": ""star_ris"", ""rho"": 1.0, ""gain"": 0.1725044116071004}, {""block"": ""rsma"", ""rho"": 1.0, ""gain"": 0.0}, {""block"": ""star_ris"", ""rho"": 2.0, ""gain"": 0.04436079585579478}, {""block"": ""rsma"", ""rho"": 1.0, ""gain"": 3.552713678800501e-15}, {""block"": ""star_ris"", ""rho"": 2.0, ""gain"": 0.1274492853085114}, {""block"": ""rsma"", ""rho"": 1.0, ""gain"": 0.0}, {""block"": ""star_ris"", ""rho"": 8.0, ""gain"": 0.026575604962449262}, {""block"": ""rsma"", ""rho"": 1.0, ""gain"": 0.0}, {""block"": ""star_ris"", ""rho"": 4.0, ""gain"": 0.018990757644100853}, {""block"": ""rsma"", ""rho"": 1.0, ""gain"": 3.552713678800501e-15}, {""block"": ""star_ris"", ""rho"": 16.0, ""gain"": 0.00031413741059793665}]",{},2548.803092,eb978e84730de4cf1e0579ad9e17edb700c67ba6eceac89d1fe3698763a419f7,fc61d5cda7da39530055bae9bd0e92865f995cd9,4e84455d08cacd9f85c432f7838c3be2cb0f000b55edc3487c6dee9520cc0b63
ao_sca,96,10000,698,test,18.951822964644577,18.951822964644577,1.0,True,0.0,6,3587,12,ao_sca_proximal_physical,analytical_ris_equal_allocation,"[1.8380020043434866, 18.40559435275794, 18.41665033056319, 18.607505399108973, 18.94794626424987, 18.95021095639186, 18.951822964644577]","[{""block"": ""rsma"", ""rho"": 1.0, ""gain"": 16.519971944158755}, {""block"": ""star_ris"", ""rho"": 2.0, ""gain"": 0.047620404255699356}, {""block"": ""rsma"", ""rho"": 1.0, ""gain"": 0.0}, {""block"": ""star_ris"", ""rho"": 64.0, ""gain"": 0.011055977805249029}, {""block"": ""rsma"", ""rho"": 1.0, ""gain"": 0.0}, {""block"": ""star_ris"", ""rho"": 1.0, ""gain"": 0.19085506854578327}, {""block"": ""rsma"", ""rho"": 1.0, ""gain"": 0.0}, {""block"": ""star_ris"", ""rho"": 1.0, ""gain"": 0.34044086514089855}, {""block"": ""rsma"", ""rho"": 1.0, ""gain"": 0.0}, {""block"": ""star_ris"", ""rho"": 8.0, ""gain"": 0.0022646921419884336}, {""block"": ""rsma"", ""rho"": 1.0, ""gain"": 0.0}, {""block"": ""star_ris"", ""rho"": 1.0, ""gain"": 0.0016120082527173452}]",{},1950.71236,eb978e84730de4cf1e0579ad9e17edb700c67ba6eceac89d1fe3698763a419f7,fc61d5cda7da39530055bae9bd0e92865f995cd9,4e84455d08cacd9f85c432f7838c3be2cb0f000b55edc3487c6dee9520cc0b63
ao_sca,96,10000,699,test,18.921235060211743,18.921235060211743,1.0,True,0.0,14,8384,25,ao_sca_proximal_physical,analytical_ris_equal_allocation,"[1.8379892602269758, 17.812991287151956, 17.872202028958323, 17.90070739914797, 18.31564027374131, 18.475559523426845, 18.547772563610877, 18.61608914914325, 18.632491901850347, 18.70478185139831, 18.786716923327944, 18.8312870149695, 18.846260625652246, 18.91943941549857, 18.921235060211743]","[{""block"": ""rsma"", ""rho"": 1.0, ""gain"": 15.846501909186244}, {""block"": ""star_ris"", ""rho"": 8.0, ""gain"": 0.12850011773873504}, {""block"": ""rsma"", ""rho"": 1.0, ""gain"": 3.552713678800501e-15}, {""block"": ""star_ris"", ""rho"": 16.0, ""gain"": 0.0592107418063641}, {""block"": ""rsma"", ""rho"": 1.0, ""gain"": 0.0}, {""block"": ""star_ris"", ""rho"": 32.0, ""gain"": 0.028505370189645163}, {""block"": ""rsma"", ""rho"": 1.0, ""gain"": 0.0}, {""block"": ""star_ris"", ""rho"": 2.0, ""gain"": 0.4149328745933403}, {""block"": ""rsma"", ""rho"": 1.0, ""gain"": 0.0}, {""block"": ""star_ris"", ""rho"": 4.0, ""gain"": 0.1599192496855366}, {""block"": ""rsma"", ""rho"": 1.0, ""gain"": 0.0}, {""block"": ""star_ris"", ""rho"": 8.0, ""gain"": 0.07221304018403174}, {""block"": ""rsma"", ""rho"": 1.0, ""gain"": 0.0}, {""block"": ""star_ris"", ""rho"": 8.0, ""gain"": 0.06831658553237219}, {""block"": ""rsma"", ""rho"": 1.0, ""gain"": 0.0}, {""block"": ""star_ris"", ""rho"": 32.0, ""gain"": 0.01640275270709779}, {""block"": ""rsma"", ""rho"": 1.0, ""gain"": -3.552713678800501e-15}, {""block"": ""star_ris"", ""rho"": 2.0, ""gain"": 0.0722899495479652}, {""block"": ""rsma"", ""rho"": 1.0, ""gain"": 0.0}, {""block"": ""star_ris"", ""rho"": 4.0, ""gain"": 0.08193507192963523}, {""block"": ""rsma"", ""rho"": 1.0, ""gain"": 0.0}, {""block"": ""star_ris"", ""rho"": 4.0, ""gain"": 0.044570091641556786}, {""block"": ""rsma"", ""rho"": 1.0, ""gain"": -3.552713678800501e-15}, {""block"": ""star_ris"", ""rho"": 4.0, ""gain"": 0.014973610682748273}, {""block"": ""rsma"", ""rho"": 1.0, ""gain"": 0.0}, {""block"": ""star_ris"", ""rho"": 8.0, ""gain"": 0.07317878984632387}, {""block"": ""rsma"", ""rho"": 1.0, ""gain"": -3.552713678800501e-15}, {""block"": ""star_ris"", ""rho"": 8.0, ""gain"": 0.001795644713176614}]",{},4512.169001,eb978e84730de4cf1e0579ad9e17edb700c67ba6eceac89d1fe3698763a419f7,fc61d5cda7da39530055bae9bd0e92865f995cd9,4e84455d08cacd9f85c432f7838c3be2cb0f000b55edc3487c6dee9520cc0b63
ao_sca,96,10000,700,test,18.343640618205416,18.343640618205416,1.0,True,0.0,6,3599,10,ao_sca_proximal_physical,analytical_ris_equal_allocation,"[1.8379888820040353, 18.28035944708746, 18.292738690489905, 18.332481589549353, 18.335354084456625, 18.342280432095453, 18.343640618205416]","[{""block"": ""rsma"", ""rho"": 1.0, ""gain"": 16.386560807262235}, {""block"": ""star_ris"", ""rho"": 8.0, ""gain"": 0.055809757821190686}, {""block"": ""rsma"", ""rho"": 1.0, ""gain"": 0.0}, {""block"": ""star_ris"", ""rho"": 8.0, ""gain"": 0.012379243402445894}, {""block"": ""rsma"", ""rho"": 1.0, ""gain"": 0.0}, {""block"": ""star_ris"", ""rho"": 16.0, ""gain"": 0.03974289905944772}, {""block"": ""rsma"", ""rho"": 1.0, ""gain"": 0.0}, {""block"": ""star_ris"", ""rho"": 16.0, ""gain"": 0.0028724949072724826}, {""block"": ""rsma"", ""rho"": 1.0, ""gain"": 3.552713678800501e-15}, {""block"": ""star_ris"", ""rho"": 4.0, ""gain"": 0.006926347638824382}, {""block"": ""rsma"", ""rho"": 1.0, ""gain"": 0.0}, {""block"": ""star_ris"", ""rho"": 64.0, ""gain"": 0.0013601861099630241}]",{},1985.029788,eb978e84730de4cf1e0579ad9e17edb700c67ba6eceac89d1fe3698763a419f7,fc61d5cda7da39530055bae9bd0e92865f995cd9,4e84455d08cacd9f85c432f7838c3be2cb0f000b55edc3487c6dee9520cc0b63
ao_sca,96,10000,701,test,18.87386140219389,18.87386140219389,1.0,True,0.0,5,2988,8,ao_sca_proximal_physical,analytical_ris_equal_allocation,"[1.8379984243653158, 18.394740880357197, 18.759244731141386, 18.76595081250219, 18.87287873400007, 18.873861402193892]","[{""block"": ""rsma"", ""rho"": 1.0, ""gain"": 16.446395572651756}, {""block"": ""star_ris"", ""rho"": 1.0, ""gain"": 0.11034688334012444}, {""block"": ""rsma"", ""rho"": 1.0, ""gain"": 0.0}, {""block"": ""star_ris"", ""rho"": 1.0, ""gain"": 0.3645038507841889}, {""block"": ""rsma"", ""rho"": 1.0, ""gain"": 0.0}, {""block"": ""star_ris"", ""rho"": 4.0, ""gain"": 0.006706081360803751}, {""block"": ""rsma"", ""rho"": 1.0, ""gain"": 0.0}, {""block"": ""star_ris"", ""rho"": 4.0, ""gain"": 0.10692792149788133}, {""block"": ""rsma"", ""rho"": 1.0, ""gain"": 0.0}, {""block"": ""star_ris"", ""rho"": 8.0, ""gain"": 0.000982668193820757}]",{},1609.605615,eb978e84730de4cf1e0579ad9e17edb700c67ba6eceac89d1fe3698763a419f7,fc61d5cda7da39530055bae9bd0e92865f995cd9,4e84455d08cacd9f85c432f7838c3be2cb0f000b55edc3487c6dee9520cc0b63
ao_sca,96,10000,702,test,18.46180625036553,18.46180625036553,1.0,True,0.0,8,4788,16,ao_sca_proximal_physical,analytical_ris_equal_allocation,"[1.837969514236312, 17.587696619439242, 17.684849783989165, 18.024478652657354, 18.161694544643716, 18.193385903531535, 18.20116775954628, 18.46012031222982, 18.461806250365534]","[{""block"": ""rsma"", ""rho"": 1.0, ""gain"": 15.525345865238437}, {""block"": ""star_ris"", ""rho"": 4.0, ""gain"": 0.22438123996449377}, {""block"": ""rsma"", ""rho"": 1.0, ""gain"": 0.0}, {""block"": ""star_ris"", ""rho"": 8.0, ""gain"": 0.09715316454992262}, {""block"": ""rsma"", ""rho"": 1.0, ""gain"": 0.0}, {""block"": ""star_ris"", ""rho"": 2.0, ""gain"": 0.3396288686681892}, {""block"": ""rsma"", ""rho"": 1.0, ""gain"": -7.105427357601002e-15}, {""block"": ""star_ris"", ""rho"": 4.0, ""gain"": 0.13721589198636863}, {""block"": ""rsma"", ""rho"": 1.0, ""gain"": 3.552713678800501e-15}, {""block"": ""star_ris"", ""rho"": 16.0, ""gain"": 0.031691358887815824}, {""block"": ""rsma"", ""rho"": 1.0, ""gain"": 0.0}, {""block"": ""star_ris"", ""rho"": 64.0, ""gain"": 0.007781856014744903}, {""block"": ""rsma"", ""rho"": 1.0, ""gain"": 0.0}, {""block"": ""star_ris"", ""rho"": 1.0, ""gain"": 0.2589525526835388}, {""block"": ""rsma"", ""rho"": 1.0, ""gain"": -3.552713678800501e-15}, {""block"": ""star_ris"", ""rho"": 2.0, ""gain"": 0.001685938135718601}]",{},2563.197065,eb978e84730de4cf1e0579ad9e17edb700c67ba6eceac89d1fe3698763a419f7,fc61d5cda7da39530055bae9bd0e92865f995cd9,4e84455d08cacd9f85c432f7838c3be2cb0f000b55edc3487c6dee9520cc0b63
ao_sca,96,10000,703,test,19.018115024856375,19.018115024856375,1.0,True,0.0,11,6575,21,ao_sca_proximal_physical,analytical_ris_equal_allocation,"[1.8379889989060922, 18.574223982307426, 18.601943427890593, 18.66670630790808, 18.67463291716301, 18.809781904779534, 18.87972224950942, 18.899750072436625, 18.911909991594364, 18.98377182909565, 19.01798133326119, 19.018115024856378]","[{""block"": ""rsma"", ""rho"": 1.0, ""gain"": 16.063070444229645}, {""block"": ""star_ris"", ""rho"": 1.0, ""gain"": 0.6731645391716903}, {""block"": ""rsma"", ""rho"": 1.0, ""gain"": 3.552713678800501e-15}, {""block"": ""star_ris"", ""rho"": 2.0, ""gain"": 0.02771944558316264}, {""block"": ""rsma"", ""rho"": 1.0, ""gain"": -3.552713678800501e-15}, {""block"": ""star_ris"", ""rho"": 1.0, ""gain"": 0.06476288001748998}, {""block"": ""rsma"", ""rho"": 1.0, ""gain"": 3.552713678800501e-15}, {""block"": ""star_ris"", ""rho"": 1.0, ""gain"": 0.00792660925492683}, {""block"": ""rsma"", ""rho"": 1.0, ""gain"": -3.552713678800501e-15}, {""block"": ""star_ris"", ""rho"": 1.0, ""gain"": 0.13514898761652816}, {""block"": ""rsma"", ""rho"": 1.0, ""gain"": 0.0}, {""block"": ""star_ris"", ""rho"": 2.0, ""gain"": 0.0699403447298863}, {""block"": ""rsma"", ""rho"": 1.0, ""gain"": 0.0}, {""block"": ""star_ris"", ""rho"": 2.0, ""gain"": 0.020027822927204397}, {""block"": ""rsma"", ""rho"": 1.0, ""gain"": -3.552713678800501e-15}, {""block"": ""star_ris"", ""rho"": 1.0, ""gain"": 0.012159919157742394}, {""block"": ""rsma"", ""rho"": 1.0, ""gain"": 0.0}, {""block"": ""star_ris"", ""rho"": 8.0, ""gain"": 0.07186183750128805}, {""block"": ""rsma"", ""rho"": 1.0, ""gain"": 0.0}, {""block"": ""star_ris"", ""rho"": 16.0, ""gain"": 0.03420950416553836}, {""block"": ""rsma"", ""rho"": 1.0, ""gain"": 0.0}, {""block"": ""star_ris"", ""rho"": 256.0, ""gain"": 0.00013369159518816787}]",{},3475.475579,eb978e84730de4cf1e0579ad9e17edb700c67ba6eceac89d1fe3698763a419f7,fc61d5cda7da39530055bae9bd0e92865f995cd9,4e84455d08cacd9f85c432f7838c3be2cb0f000b55edc3487c6dee9520cc0b63
ao_sca,96,10000,704,test,18.86091517538921,18.86091517538921,1.0,True,0.0,17,10152,30,ao_sca_proximal_physical,analytical_ris_equal_allocation,"[1.8379783178893414, 18.098584648407876, 18.106574000463908, 18.47644920634569, 18.480123057406555, 18.501557821979898, 18.529526492911188, 18.637117036846576, 18.669198286803315, 18.709156346655856, 18.769708226993096, 18.791119521105983, 18.7932422492499, 18.795355016309408, 18.81789600087001, 18.8403408775861, 18.859112283859204, 18.86091517538921]","[{""block"": ""rsma"", ""rho"": 1.0, ""gain"": 16.146853558244192}, {""block"": ""star_ris"", ""rho"": 1.0, ""gain"": 0.1137527722743421}, {""block"": ""rsma"", ""rho"": 1.0, ""gain"": 0.0}, {""block"": ""star_ris"", ""rho"": 1.0, ""gain"": 0.007989352056032573}, {""block"": ""rsma"", ""rho"": 1.0, ""gain"": 0.0}, {""block"": ""star_ris"", ""rho"": 1.0, ""gain"": 0.36987520588178313}, {""block"": ""rsma"", ""rho"": 1.0, ""gain"": 3.552713678800501e-15}, {""block"": ""star_ris"", ""rho"": 1.0, ""gain"": 0.003673851060860045}, {""block"": ""rsma"", ""rho"": 1.0, ""gain"": 0.0}, {""block"": ""star_ris"", ""rho"": 1.0, ""gain"": 0.02143476457334259}, {""block"": ""rsma"", ""rho"": 1.0, ""gain"": 0.0}, {""block"": ""star_ris"", ""rho"": 8.0, ""gain"": 0.027968670931290518}, {""block"": ""rsma"", ""rho"": 1.0, ""gain"": 0.0}, {""block"": ""star_ris"", ""rho"": 1.0, ""gain"": 0.10759054393538747}, {""block"": ""rsma"", ""rho"": 1.0, ""gain"": 0.0}, {""block"": ""star_ris"", ""rho"": 2.0, ""gain"": 0.032081249956739555}, {""block"": ""rsma"", ""rho"": 1.0, ""gain"": 0.0}, {""block"": ""star_ris"", ""rho"": 2.0, ""gain"": 0.039958059852541084}, {""block"": ""rsma"", ""rho"": 1.0, ""gain"": 0.0}, {""block"": ""star_ris"", ""rho"": 4.0, ""gain"": 0.060551880337239794}, {""block"": ""rsma"", ""rho"": 1.0, ""gain"": 0.0}, {""block"": ""star_ris"", ""rho"": 2.0, ""gain"": 0.021411294112887447}, {""block"": ""rsma"", ""rho"": 1.0, ""gain"": 0.0}, {""block"": ""star_ris"", ""rho"": 2.0, ""gain"": 0.0021227281439166745}, {""block"": ""rsma"", ""rho"": 1.0, ""gain"": 0.0}, {""block"": ""star_ris"", ""rho"": 8.0, ""gain"": 0.002112767059507803}, {""block"": ""rsma"", ""rho"": 1.0, ""gain"": 0.0}, {""block"": ""star_ris"", ""rho"": 4.0, ""gain"": 0.02254098456060305}, {""block"": ""rsma"", ""rho"": 1.0, ""gain"": 0.0}, {""block"": ""star_ris"", ""rho"": 2.0, ""gain"": 0.02244487671609008}, {""block"": ""rsma"", ""rho"": 1.0, ""gain"": 0.0}, {""block"": ""star_ris"", ""rho"": 2.0, ""gain"": 0.018771406273103253}, {""block"": ""rsma"", ""rho"": 1.0, ""gain"": 0.0}, {""block"": ""star_ris"", ""rho"": 8.0, ""gain"": 0.001802891530005013}]",{},5466.052554,eb978e84730de4cf1e0579ad9e17edb700c67ba6eceac89d1fe3698763a419f7,fc61d5cda7da39530055bae9bd0e92865f995cd9,4e84455d08cacd9f85c432f7838c3be2cb0f000b55edc3487c6dee9520cc0b63
ao_sca,96,10000,705,test,19.08928022255824,19.08928022255824,1.0,True,0.0,9,5385,17,ao_sca_proximal_physical,analytical_ris_equal_allocation,"[1.8379993096232112, 18.296231023494396, 18.30915007038138, 18.53751184571583, 18.664359030587313, 18.693446375803155, 18.707690205371687, 18.84431742198458, 19.089050576105386, 19.089280222558237]","[{""block"": ""rsma"", ""rho"": 1.0, ""gain"": 16.456049348191563}, {""block"": ""star_ris"", ""rho"": 16.0, ""gain"": 0.002182365679622933}, {""block"": ""rsma"", ""rho"": 1.0, ""gain"": 0.0}, {""block"": ""star_ris"", ""rho"": 2.0, ""gain"": 0.012919046886985086}, {""block"": ""rsma"", ""rho"": 1.0, ""gain"": 0.0}, {""block"": ""star_ris"", ""rho"": 1.0, ""gain"": 0.22836177533444868}, {""block"": ""rsma"", ""rho"": 1.0, ""gain"": 0.0}, {""block"": ""star_ris"", ""rho"": 4.0, ""gain"": 0.12684718487148317}, {""block"": ""rsma"", ""rho"": 1.0, ""gain"": 0.0}, {""block"": ""star_ris"", ""rho"": 16.0, ""gain"": 0.02908734521584222}, {""block"": ""rsma"", ""rho"": 1.0, ""gain"": 0.0}, {""block"": ""star_ris"", ""rho"": 32.0, ""gain"": 0.014243829568531652}, {""block"": ""rsma"", ""rho"": 1.0, ""gain"": 0.0}, {""block"": ""star_ris"", ""rho"": 1.0, ""gain"": 0.13662721661289368}, {""block"": ""rsma"", ""rho"": 1.0, ""gain"": 0.0}, {""block"": ""star_ris"", ""rho"": 1.0, ""gain"": 0.2447331541208051}, {""block"": ""rsma"", ""rho"": 1.0, ""gain"": 0.0}, {""block"": ""star_ris"", ""rho"": 16.0, ""gain"": 0.00022964645285128427}]",{},2919.143677,eb978e84730de4cf1e0579ad9e17edb700c67ba6eceac89d1fe3698763a419f7,fc61d5cda7da39530055bae9bd0e92865f995cd9,4e84455d08cacd9f85c432f7838c3be2cb0f000b55edc3487c6dee9520cc0b63
ao_sca,96,10000,706,test,18.8889772561413,18.8889772561413,1.0,True,0.0,4,2389,8,ao_sca_proximal_physical,analytical_ris_equal_allocation,"[1.8379967532115329, 18.515746687201386, 18.6776876277183, 18.88791898468952, 18.8889772561413]","[{""block"": ""rsma"", ""rho"": 1.0, ""gain"": 16.279966073173178}, {""block"": ""star_ris"", ""rho"": 1.0, ""gain"": 0.3977838608166735}, {""block"": ""rsma"", ""rho"": 1.0, ""gain"": 0.0}, {""block"": ""star_ris"", ""rho"": 1.0, ""gain"": 0.16194094051691366}, {""block"": ""rsma"", ""rho"": 1.0, ""gain"": 0.0}, {""block"": ""star_ris"", ""rho"": 2.0, ""gain"": 0.21023135697122086}, {""block"": ""rsma"", ""rho"": 1.0, ""gain"": 0.0}, {""block"": ""star_ris"", ""rho"": 8.0, ""gain"": 0.001058271451778836}]",{},1319.068365,eb978e84730de4cf1e0579ad9e17edb700c67ba6eceac89d1fe3698763a419f7,fc61d5cda7da39530055bae9bd0e92865f995cd9,4e84455d08cacd9f85c432f7838c3be2cb0f000b55edc3487c6dee9520cc0b63
ao_sca,96,10000,707,test,18.876051320918755,18.876051320918755,1.0,True,0.0,10,5985,19,ao_sca_proximal_physical,analytical_ris_equal_allocation,"[1.8379824728882044, 18.05769997503534, 18.215621250827272, 18.251655760468527, 18.26927786830694, 18.299297932664444, 18.38328377245562, 18.657465136191874, 18.86845921670951, 18.875783855234893, 18.876051320918755]","[{""block"": ""rsma"", ""rho"": 1.0, ""gain"": 15.812760736280879}, {""block"": ""star_ris"", ""rho"": 2.0, ""gain"": 0.4069567658662585}, {""block"": ""rsma"", ""rho"": 1.0, ""gain"": 0.0}, {""block"": ""star_ris"", ""rho"": 4.0, ""gain"": 0.1579212757919315}, {""block"": ""rsma"", ""rho"": 1.0, ""gain"": 3.552713678800501e-15}, {""block"": ""star_ris"", ""rho"": 16.0, ""gain"": 0.03603450964125088}, {""block"": ""rsma"", ""rho"": 1.0, ""gain"": -3.552713678800501e-15}, {""block"": ""star_ris"", ""rho"": 32.0, ""gain"": 0.017622107838416667}, {""block"": ""rsma"", ""rho"": 1.0, ""gain"": 3.552713678800501e-15}, {""block"": ""star_ris"", ""rho"": 4.0, ""gain"": 0.030020064357501042}, {""block"": ""rsma"", ""rho"": 1.0, ""gain"": -3.552713678800501e-15}, {""block"": ""star_ris"", ""rho"": 2.0, ""gain"": 0.08398583979117902}, {""block"": ""rsma"", ""rho"": 1.0, ""gain"": 0.0}, {""block"": ""star_ris"", ""rho"": 1.0, ""gain"": 0.274181363736254}, {""block"": ""rsma"", ""rho"": 1.0, ""gain"": 0.0}, {""block"": ""star_ris"", ""rho"": 2.0, ""gain"": 0.21099408051763646}, {""block"": ""rsma"", ""rho"": 1.0, ""gain"": 3.552713678800501e-15}, {""block"": ""star_ris"", ""rho"": 2.0, ""gain"": 0.0073246385253789015}, {""block"": ""rsma"", ""rho"": 1.0, ""gain"": 0.0}, {""block"": ""star_ris"", ""rho"": 128.0, ""gain"": 0.00026746568386215586}]",{},3316.580077,eb978e84730de4cf1e0579ad9e17edb700c67ba6eceac89d1fe3698763a419f7,fc61d5cda7da39530055bae9bd0e92865f995cd9,4e84455d08cacd9f85c432f7838c3be2cb0f000b55edc3487c6dee9520cc0b63
ao_sca,96,10000,708,test,18.683089772822683,18.683089772822683,1.0,True,0.0,10,5987,18,ao_sca_proximal_physical,analytical_ris_equal_allocation,"[1.8379842781487066, 17.973365709365396, 18.023447237437466, 18.047504158902715, 18.403416720180697, 18.406153332015954, 18.587408290386687, 18.605283031446525, 18.65662436544295, 18.68143601122564, 18.683089772822683]","[{""block"": ""rsma"", ""rho"": 1.0, ""gain"": 16.133397720236456}, {""block"": ""star_ris"", ""rho"": 1.0, ""gain"": 0.001983710980233866}, {""block"": ""rsma"", ""rho"": 1.0, ""gain"": 0.0}, {""block"": ""star_ris"", ""rho"": 16.0, ""gain"": 0.050081528072070114}, {""block"": ""rsma"", ""rho"": 1.0, ""gain"": 0.0}, {""block"": ""star_ris"", ""rho"": 32.0, ""gain"": 0.02405692146524885}, {""block"": ""rsma"", ""rho"": 1.0, ""gain"": 0.0}, {""block"": ""star_ris"", ""rho"": 1.0, ""gain"": 0.3559125612779823}, {""block"": ""rsma"", ""rho"": 1.0, ""gain"": 0.0}, {""block"": ""star_ris"", ""rho"": 2.0, ""gain"": 0.0027366118352567526}, {""block"": ""rsma"", ""rho"": 1.0, ""gain"": 0.0}, {""block"": ""star_ris"", ""rho"": 2.0, ""gain"": 0.18125495837073302}, {""block"": ""rsma"", ""rho"": 1.0, ""gain"": 0.0}, {""block"": ""star_ris"", ""rho"": 4.0, ""gain"": 0.01787474105983833}, {""block"": ""rsma"", ""rho"": 1.0, ""gain"": 0.0}, {""block"": ""star_ris"", ""rho"": 8.0, ""gain"": 0.05134133399642593}, {""block"": ""rsma"", ""rho"": 1.0, ""gain"": 0.0}, {""block"": ""star_ris"", ""rho"": 16.0, ""gain"": 0.024811645782687464}, {""block"": ""rsma"", ""rho"": 1.0, ""gain"": -3.552713678800501e-15}, {""block"": ""star_ris"", ""rho"": 64.0, ""gain"": 0.001653761597047776}]",{},3251.989604,eb978e84730de4cf1e0579ad9e17edb700c67ba6eceac89d1fe3698763a419f7,fc61d5cda7da39530055bae9bd0e92865f995cd9,4e84455d08cacd9f85c432f7838c3be2cb0f000b55edc3487c6dee9520cc0b63
ao_sca,96,10000,709,test,19.372302381700315,19.372302381700315,1.0,True,0.0,16,9566,30,ao_sca_proximal_physical,analytical_ris_equal_allocation,"[1.838007140998838, 18.86729974228063, 19.013061006928726, 19.05912081820741, 19.06362013059956, 19.175180126851757, 19.17724858860865, 19.196946724383796, 19.289393979615657, 19.296577767556403, 19.30663594457623, 19.32964390818925, 19.34143307367047, 19.345483931991968, 19.351443647654122, 19.371966013496902, 19.372302381700315]","[{""block"": ""rsma"", ""rho"": 1.0, ""gain"": 16.522113664273906}, {""block"": ""star_ris"", ""rho"": 1.0, ""gain"": 0.5071789370078861}, {""block"": ""rsma"", ""rho"": 1.0, ""gain"": -3.552713678800501e-15}, {""block"": ""star_ris"", ""rho"": 2.0, ""gain"": 0.14576126464810102}, {""block"": ""rsma"", ""rho"": 1.0, ""gain"": 0.0}, {""block"": ""star_ris"", ""rho"": 1.0, ""gain"": 0.04605981127868475}, {""block"": ""rsma"", ""rho"": 1.0, ""gain"": 3.552713678800501e-15}, {""block"": ""star_ris"", ""rho"": 2.0, ""gain"": 0.004499312392145072}, {""block"": ""rsma"", ""rho"": 1.0, ""gain"": 0.0}, {""block"": ""star_ris"", ""rho"": 2.0, ""gain"": 0.11155999625219692}, {""block"": ""rsma"", ""rho"": 1.0, ""gain"": 0.0}, {""block"": ""star_ris"", ""rho"": 4.0, ""gain"": 0.002068461756891793}, {""block"": ""rsma"", ""rho"": 1.0, ""gain"": 0.0}, {""block"": ""star_ris"", ""rho"": 2.0, ""gain"": 0.019698135775147563}, {""block"": ""rsma"", ""rho"": 1.0, ""gain"": 0.0}, {""block"": ""star_ris"", ""rho"": 2.0, ""gain"": 0.09244725523186048}, {""block"": ""rsma"", ""rho"": 1.0, ""gain"": 0.0}, {""block"": ""star_ris"", ""rho"": 4.0, ""gain"": 0.007183787940746811}, {""block"": ""rsma"", ""rho"": 1.0, ""gain"": 3.552713678800501e-15}, {""block"": ""star_ris"", ""rho"": 4.0, ""gain"": 0.010058177019821812}, {""block"": ""rsma"", ""rho"": 1.0, ""gain"": 0.0}, {""block"": ""star_ris"", ""rho"": 2.0, ""gain"": 0.023007963613022042}, {""block"": ""rsma"", ""rho"": 1.0, ""gain"": 3.552713678800501e-15}, {""block"": ""star_ris"", ""rho"": 2.0, ""gain"": 0.01178916548121478}, {""block"": ""rsma"", ""rho"": 1.0, ""gain"": 3.552713678800501e-15}, {""block"": ""star_ris"", ""rho"": 16.0, ""gain"": 0.004050858321495099}, {""block"": ""rsma"", ""rho"": 1.0, ""gain"": 3.552713678800501e-15}, {""block"": ""star_ris"", ""rho"": 8.0, ""gain"": 0.0059597156621507}, {""block"": ""rsma"", ""rho"": 1.0, ""gain"": 0.0}, {""block"": ""star_ris"", ""rho"": 16.0, ""gain"": 0.020522365842779777}, {""block"": ""rsma"", ""rho"": 1.0, ""gain"": -3.552713678800501e-15}, {""block"": ""star_ris"", ""rho"": 32.0, ""gain"": 0.00033636820341698126}]",{},5450.542022,eb978e84730de4cf1e0579ad9e17edb700c67ba6eceac89d1fe3698763a419f7,fc61d5cda7da39530055bae9bd0e92865f995cd9,4e84455d08cacd9f85c432f7838c3be2cb0f000b55edc3487c6dee9520cc0b63
ao_sca,96,10000,710,test,19.126063997355708,19.126063997355708,1.0,True,0.0,20,11948,34,ao_sca_proximal_physical,analytical_ris_equal_allocation,"[1.8379818219964277, 18.089737705113567, 18.11021019466453, 18.26952948062215, 18.276979761103586, 18.530823912006106, 18.63095013195095, 18.651428965717578, 18.791208262775655, 18.821138580955726, 18.92197604144357, 18.933049210944752, 18.941851124072684, 18.967042053240384, 19.00818777664589, 19.012922650676757, 19.0201072900174, 19.03573443220556, 19.114777702157728, 19.117758972981317, 19.126063997355708]","[{""block"": ""rsma"", ""rho"": 1.0, ""gain"": 16.250688539749937}, {""block"": ""star_ris"", ""rho"": 2.0, ""gain"": 0.0010673433672003796}, {""block"": ""rsma"", ""rho"": 1.0, ""gain"": 0.0}, {""block"": ""star_ris"", ""rho"": 32.0, ""gain"": 0.02047248955096137}, {""block"": ""rsma"", ""rho"": 1.0, ""gain"": 0.0}, {""block"": ""star_ris"", ""rho"": 1.0, ""gain"": 0.15931928595762201}, {""block"": ""rsma"", ""rho"": 1.0, ""gain"": 3.552713678800501e-15}, {""block"": ""star_ris"", ""rho"": 2.0, ""gain"": 0.007450280481432259}, {""block"": ""rsma"", ""rho"": 1.0, ""gain"": 0.0}, {""block"": ""star_ris"", ""rho"": 1.0, ""gain"": 0.25384415090251977}, {""block"": ""rsma"", ""rho"": 1.0, ""gain"": -3.552713678800501e-15}, {""block"": ""star_ris"", ""rho"": 1.0, ""gain"": 0.1001262199448476}, {""block"": ""rsma"", ""rho"": 1.0, ""gain"": 3.552713678800501e-15}, {""block"": ""star_ris"", ""rho"": 2.0, ""gain"": 0.020478833766624405}, {""block"": ""rsma"", ""rho"": 1.0, ""gain"": 0.0}, {""block"": ""star_ris"", ""rho"": 1.0, ""gain"": 0.13977929705807668}, {""block"": ""rsma"", ""rho"": 1.0, ""gain"": 0.0}, {""block"": ""star_ris"", ""rho"": 1.0, ""gain"": 0.02993031818007097}, {""block"": ""rsma"", ""rho"": 1.0, ""gain"": 0.0}, {""block"": ""star_ris"", ""rho"": 2.0, ""gain"": 0.10083746048784548}, {""block"": ""rsma"", ""rho"": 1.0, ""gain"": 0.0}, {""block"": ""star_ris"", ""rho"": 2.0, ""gain"": 0.011073169501180757}, {""block"": ""rsma"", ""rho"": 1.0, ""gain"": 0.0}, {""block"": ""star_ris"", ""rho"": 4.0, ""gain"": 0.008801913127932437}, {""block"": ""rsma"", ""rho"": 1.0, ""gain"": -3.552713678800501e-15}, {""block"": ""star_ris"", ""rho"": 2.0, ""gain"": 0.025190929167703047}, {""block"": ""rsma"", ""rho"": 1.0, ""gain"": 0.0}, {""block"": ""star_ris"", ""rho"": 1.0, ""gain"": 0.041145723405506374}, {""block"": ""rsma"", ""rho"": 1.0, ""gain"": 3.552713678800501e-15}, {""block"": ""star_ris"", ""rho"": 8.0, ""gain"": 0.004734874030862812}, {""block"": ""rsma"", ""rho"": 1.0, ""gain"": 0.0}, {""block"": ""star_ris"", ""rho"": 2.0, ""gain"": 0.007184639340643173}, {""block"": ""rsma"", ""rho"": 1.0, ""gain"": 0.0}, {""block"": ""star_ris"", ""rho"": 2.0, ""gain"": 0.01562714218816197}, {""block"": ""rsma"", ""rho"": 1.0, ""gain"": 3.552713678800501e-15}, {""block"": ""star_ris"", ""rho"": 4.0, ""gain"": 0.07904326995216238}, {""block"": ""rsma"", ""rho"": 1.0, ""gain"": -3.552713678800501e-15}, {""block"": ""star_ris"", ""rho"": 16.0, ""gain"": 0.0029812708235930074}, {""block"": ""rsma"", ""rho"": 1.0, ""gain"": 0.0}, {""block"": ""star_ris"", ""rho"": 8.0, ""gain"": 0.008305024374390513}]",{},6388.229058,eb978e84730de4cf1e0579ad9e17edb700c67ba6eceac89d1fe3698763a419f7,fc61d5cda7da39530055bae9bd0e92865f995cd9,4e84455d08cacd9f85c432f7838c3be2cb0f000b55edc3487c6dee9520cc0b63
ao_sca,96,10000,711,test,19.061995655655032,19.061995655655032,1.0,True,0.0,15,8977,26,ao_sca_proximal_physical,analytical_ris_equal_allocation,"[1.8380035744067615, 18.660849502841863, 18.80797119585793, 18.869848083833755, 18.872909247097912, 18.878491059754303, 18.90304353758301, 18.909048020080434, 19.000522815024542, 19.01578163165843, 19.02594430844364, 19.02952288702207, 19.045414548971564, 19.05677704048535, 19.06136327622272, 19.061995655655032]","[{""block"": ""rsma"", ""rho"": 1.0, ""gain"": 16.66851996288183}, {""block"": ""star_ris"", ""rho"": 1.0, ""gain"": 0.15432596555326938}, {""block"": ""rsma"", ""rho"": 1.0, ""gain"": 0.0}, {""block"": ""star_ris"", ""rho"": 1.0, ""gain"": 0.14712169301606792}, {""block"": ""rsma"", ""rho"": 1.0, ""gain"": 0.0}, {""block"": ""star_ris"", ""rho"": 2.0, ""gain"": 0.061876887975824246}, {""block"": ""rsma"", ""rho"": 1.0, ""gain"": -3.552713678800501e-15}, {""block"": ""star_ris"", ""rho"": 16.0, ""gain"": 0.0030611632641601716}, {""block"": ""rsma"", ""rho"": 1.0, ""gain"": 0.0}, {""block"": ""star_ris"", ""rho"": 8.0, ""gain"": 0.0055818126563913495}, {""block"": ""rsma"", ""rho"": 1.0, ""gain"": 0.0}, {""block"": ""star_ris"", ""rho"": 4.0, ""gain"": 0.024552477828706287}, {""block"": ""rsma"", ""rho"": 1.0, ""gain"": 0.0}, {""block"": ""star_ris"", ""rho"": 2.0, ""gain"": 0.006004482497424135}, {""block"": ""rsma"", ""rho"": 1.0, ""gain"": 0.0}, {""block"": ""star_ris"", ""rho"": 4.0, ""gain"": 0.0914747949441086}, {""block"": ""rsma"", ""rho"": 1.0, ""gain"": 0.0}, {""block"": ""star_ris"", ""rho"": 4.0, ""gain"": 0.015258816633888728}, {""block"": ""rsma"", ""rho"": 1.0, ""gain"": -3.552713678800501e-15}, {""block"": ""star_ris"", ""rho"": 4.0, ""gain"": 0.010162676785213876}, {""block"": ""rsma"", ""rho"": 1.0, ""gain"": 0.0}, {""block"": ""star_ris"", ""rho"": 2.0, ""gain"": 0.0035785785784270274}, {""block"": ""rsma"", ""rho"": 1.0, ""gain"": 0.0}, {""block"": ""star_ris"", ""rho"": 8.0, ""gain"": 0.015891661949495983}, {""block"": ""rsma"", ""rho"": 1.0, ""gain"": 7.105427357601002e-15}, {""block"": ""star_ris"", ""rho"": 32.0, ""gain"": 0.011362491513779105}, {""block"": ""rsma"", ""rho"": 1.0, ""gain"": 0.0}, {""block"": ""star_ris"", ""rho"": 16.0, ""gain"": 0.004586235737370714}, {""block"": ""rsma"", ""rho"": 1.0, ""gain"": 0.0}, {""block"": ""star_ris"", ""rho"": 64.0, ""gain"": 0.00063237943231087}]",{},4932.156113,eb978e84730de4cf1e0579ad9e17edb700c67ba6eceac89d1fe3698763a419f7,fc61d5cda7da39530055bae9bd0e92865f995cd9,4e84455d08cacd9f85c432f7838c3be2cb0f000b55edc3487c6dee9520cc0b63
ao_sca,96,10000,712,test,19.133227889142,19.133227889142,1.0,True,0.0,13,7776,24,ao_sca_proximal_physical,analytical_ris_equal_allocation,"[1.8380025208249915, 18.565848018584816, 18.68467600233214, 18.963359366261137, 18.991410718730194, 19.015619259501772, 19.031202408025173, 19.048443107212243, 19.05887161087654, 19.079598330335926, 19.09881522229729, 19.123652756667738, 19.131570285732106, 19.133227889142]","[{""block"": ""rsma"", ""rho"": 1.0, ""gain"": 16.601519511592947}, {""block"": ""star_ris"", ""rho"": 1.0, ""gain"": 0.12632598616687574}, {""block"": ""rsma"", ""rho"": 1.0, ""gain"": 0.0}, {""block"": ""star_ris"", ""rho"": 1.0, ""gain"": 0.11882798374732317}, {""block"": ""rsma"", ""rho"": 1.0, ""gain"": 0.0}, {""block"": ""star_ris"", ""rho"": 2.0, ""gain"": 0.27868336392899806}, {""block"": ""rsma"", ""rho"": 1.0, ""gain"": 0.0}, {""block"": ""star_ris"", ""rho"": 2.0, ""gain"": 0.028051352469056212}, {""block"": ""rsma"", ""rho"": 1.0, ""gain"": 0.0}, {""block"": ""star_ris"", ""rho"": 8.0, ""gain"": 0.024208540771578413}, {""block"": ""rsma"", ""rho"": 1.0, ""gain"": 0.0}, {""block"": ""star_ris"", ""rho"": 4.0, ""gain"": 0.015583148523401036}, {""block"": ""rsma"", ""rho"": 1.0, ""gain"": 0.0}, {""block"": ""star_ris"", ""rho"": 2.0, ""gain"": 0.017240699187070163}, {""block"": ""rsma"", ""rho"": 1.0, ""gain"": 0.0}, {""block"": ""star_ris"", ""rho"": 4.0, ""gain"": 0.01042850366429704}, {""block"": ""rsma"", ""rho"": 1.0, ""gain"": 0.0}, {""block"": ""star_ris"", ""rho"": 4.0, ""gain"": 0.02072671945938609}, {""block"": ""rsma"", ""rho"": 1.0, ""gain"": -3.552713678800501e-15}, {""block"": ""star_ris"", ""rho"": 2.0, ""gain"": 0.01921689196136711}, {""block"": ""rsma"", ""rho"": 1.0, ""gain"": 0.0}, {""block"": ""star_ris"", ""rho"": 2.0, ""gain"": 0.02483753437044811}, {""block"": ""rsma"", ""rho"": 1.0, ""gain"": 0.0}, {""block"": ""star_ris"", ""rho"": 64.0, ""gain"": 0.007917529064368267}, {""block"": ""rsma"", ""rho"": 1.0, ""gain"": 0.0}, {""block"": ""star_ris"", ""rho"": 128.0, ""gain"": 0.0016576034098925163}]",{},4266.699025,eb978e84730de4cf1e0579ad9e17edb700c67ba6eceac89d1fe3698763a419f7,fc61d5cda7da39530055bae9bd0e92865f995cd9,4e84455d08cacd9f85c432f7838c3be2cb0f000b55edc3487c6dee9520cc0b63
ao_sca,96,10000,713,test,18.734870712735088,18.734870712735088,1.0,True,0.0,11,6575,19,ao_sca_proximal_physical,analytical_ris_equal_allocation,"[1.8379616185185146, 18.129040933707454, 18.211004617428593, 18.4782147345779, 18.560572898643244, 18.581501988059877, 18.592756315480415, 18.64708433812516, 18.717615883248918, 18.727068611272237, 18.73310004504288, 18.734870712735088]","[{""block"": ""rsma"", ""rho"": 1.0, ""gain"": 15.380453191846927}, {""block"": ""star_ris"", ""rho"": 1.0, ""gain"": 0.9106261233420128}, {""block"": ""rsma"", ""rho"": 1.0, ""gain"": 3.552713678800501e-15}, {""block"": ""star_ris"", ""rho"": 2.0, ""gain"": 0.08196368372113483}, {""block"": ""rsma"", ""rho"": 1.0, ""gain"": -3.552713678800501e-15}, {""block"": ""star_ris"", ""rho"": 1.0, ""gain"": 0.2672101171493111}, {""block"": ""rsma"", ""rho"": 1.0, ""gain"": 3.552713678800501e-15}, {""block"": ""star_ris"", ""rho"": 4.0, ""gain"": 0.08235816406534013}, {""block"": ""rsma"", ""rho"": 1.0, ""gain"": 0.0}, {""block"": ""star_ris"", ""rho"": 2.0, ""gain"": 0.020929089416632962}, {""block"": ""rsma"", ""rho"": 1.0, ""gain"": 0.0}, {""block"": ""star_ris"", ""rho"": 2.0, ""gain"": 0.01125432742053789}, {""block"": ""rsma"", ""rho"": 1.0, ""gain"": 0.0}, {""block"": ""star_ris"", ""rho"": 8.0, ""gain"": 0.054328022644746454}, {""block"": ""rsma"", ""rho"": 1.0, ""gain"": 0.0}, {""block"": ""star_ris"", ""rho"": 1.0, ""gain"": 0.0705315451237567}, {""block"": ""rsma"", ""rho"": 1.0, ""gain"": 0.0}, {""block"": ""star_ris"", ""rho"": 16.0, ""gain"": 0.009452728023319423}, {""block"": ""rsma"", ""rho"": 1.0, ""gain"": -3.552713678800501e-15}, {""block"": ""star_ris"", ""rho"": 8.0, ""gain"": 0.006031433770647965}, {""block"": ""rsma"", ""rho"": 1.0, ""gain"": 0.0}, {""block"": ""star_ris"", ""rho"": 8.0, ""gain"": 0.0017706676922060183}]",{},3617.267297,eb978e84730de4cf1e0579ad9e17edb700c67ba6eceac89d1fe3698763a419f7,fc61d5cda7da39530055bae9bd0e92865f995cd9,4e84455d08cacd9f85c432f7838c3be2cb0f000b55edc3487c6dee9520cc0b63
ao_sca,96,10000,714,test,18.89132705014154,18.89132705014154,1.0,True,0.0,12,7175,22,ao_sca_proximal_physical,analytical_ris_equal_allocation,"[1.8379852777815306, 18.251789462530912, 18.516940147977095, 18.527947161793673, 18.557500228217616, 18.5690161014113, 18.780867436668657, 18.868601886850875, 18.8725822902399, 18.87571390210584, 18.887132978496403, 18.891240544118915, 18.89132705014154]","[{""block"": ""rsma"", ""rho"": 1.0, ""gain"": 16.018359048806737}, {""block"": ""star_ris"", ""rho"": 1.0, ""gain"": 0.3954451359426443}, {""block"": ""rsma"", ""rho"": 1.0, ""gain"": -3.552713678800501e-15}, {""block"": ""star_ris"", ""rho"": 2.0, ""gain"": 0.26515068544618714}, {""block"": ""rsma"", ""rho"": 1.0, ""gain"": 0.0}, {""block"": ""star_ris"", ""rho"": 2.0, ""gain"": 0.011007013816577427}, {""block"": ""rsma"", ""rho"": 1.0, ""gain"": 0.0}, {""block"": ""star_ris"", ""rho"": 1.0, ""gain"": 0.02955306642394362}, {""block"": ""rsma"", ""rho"": 1.0, ""gain"": 0.0}, {""block"": ""star_ris"", ""rho"": 1.0, ""gain"": 0.011515873193683746}, {""block"": ""rsma"", ""rho"": 1.0, ""gain"": 0.0}, {""block"": ""star_ris"", ""rho"": 2.0, ""gain"": 0.21185133525735722}, {""block"": ""rsma"", ""rho"": 1.0, ""gain"": 0.0}, {""block"": ""star_ris"", ""rho"": 4.0, ""gain"": 0.08773445018221793}, {""block"": ""rsma"", ""rho"": 1.0, ""gain"": 0.0}, {""block"": ""star_ris"", ""rho"": 16.0, ""gain"": 0.003980403389025611}, {""block"": ""rsma"", ""rho"": 1.0, ""gain"": 3.552713678800501e-15}, {""block"": ""star_ris"", ""rho"": 16.0, ""gain"": 0.0031316118659354686}, {""block"": ""rsma"", ""rho"": 1.0, ""gain"": 0.0}, {""block"": ""star_ris"", ""rho"": 32.0, ""gain"": 0.011419076390563276}, {""block"": ""rsma"", ""rho"": 1.0, ""gain"": 0.0}, {""block"": ""star_ris"", ""rho"": 8.0, ""gain"": 0.0041075656225118}, {""block"": ""rsma"", ""rho"": 1.0, ""gain"": 3.552713678800501e-15}, {""block"": ""star_ris"", ""rho"": 2.0, ""gain"": 8.650602262250118e-05}]",{},3698.757062,eb978e84730de4cf1e0579ad9e17edb700c67ba6eceac89d1fe3698763a419f7,fc61d5cda7da39530055bae9bd0e92865f995cd9,4e84455d08cacd9f85c432f7838c3be2cb0f000b55edc3487c6dee9520cc0b63
ao_sca,96,10000,715,test,18.51391588853926,18.51391588853926,1.0,True,0.0,4,2393,8,ao_sca_proximal_physical,analytical_ris_equal_allocation,"[1.8379864317306187, 18.209829460252173, 18.505723923618646, 18.51210112063048, 18.51391588853926]","[{""block"": ""rsma"", ""rho"": 1.0, ""gain"": 16.33022996071497}, {""block"": ""star_ris"", ""rho"": 1.0, ""gain"": 0.04161306780658336}, {""block"": ""rsma"", ""rho"": 1.0, ""gain"": 3.552713678800501e-15}, {""block"": ""star_ris"", ""rho"": 2.0, ""gain"": 0.2958944633664693}, {""block"": ""rsma"", ""rho"": 1.0, ""gain"": 0.0}, {""block"": ""star_ris"", ""rho"": 8.0, ""gain"": 0.006377197011833147}, {""block"": ""rsma"", ""rho"": 1.0, ""gain"": -3.552713678800501e-15}, {""block"": ""star_ris"", ""rho"": 16.0, ""gain"": 0.0018147679087832103}]",{},1256.662128,eb978e84730de4cf1e0579ad9e17edb700c67ba6eceac89d1fe3698763a419f7,fc61d5cda7da39530055bae9bd0e92865f995cd9,4e84455d08cacd9f85c432f7838c3be2cb0f000b55edc3487c6dee9520cc0b63
ao_sca,96,10000,716,test,18.353884544387963,18.353884544387963,1.0,True,0.0,7,4200,13,ao_sca_proximal_physical,analytical_ris_equal_allocation,"[1.8379893534656992, 18.082539568677312, 18.16197130994987, 18.17139627477781, 18.312405016694946, 18.344495359908205, 18.352350476673426, 18.353884544387963]","[{""block"": ""rsma"", ""rho"": 1.0, ""gain"": 16.063013700076727}, {""block"": ""star_ris"", ""rho"": 4.0, ""gain"": 0.1815365151348871}, {""block"": ""rsma"", ""rho"": 1.0, ""gain"": 0.0}, {""block"": ""star_ris"", ""rho"": 8.0, ""gain"": 0.07943174127255759}, {""block"": ""rsma"", ""rho"": 1.0, ""gain"": 0.0}, {""block"": ""star_ris"", ""rho"": 64.0, ""gain"": 0.00942496482793942}, {""block"": ""rsma"", ""rho"": 1.0, ""gain"": 0.0}, {""block"": ""star_ris"", ""rho"": 4.0, ""gain"": 0.14100874191713686}, {""block"": ""rsma"", ""rho"": 1.0, ""gain"": 0.0}, {""block"": ""star_ris"", ""rho"": 16.0, ""gain"": 0.032090343213258876}, {""block"": ""rsma"", ""rho"": 1.0, ""gain"": 3.552713678800501e-15}, {""block"": ""star_ris"", ""rho"": 64.0, ""gain"": 0.007855116765217218}, {""block"": ""rsma"", ""rho"": 1.0, ""gain"": -3.552713678800501e-15}, {""block"": ""star_ris"", ""rho"": 16.0, ""gain"": 0.0015340677145410098}]",{},2149.972184,eb978e84730de4cf1e0579ad9e17edb700c67ba6eceac89d1fe3698763a419f7,fc61d5cda7da39530055bae9bd0e92865f995cd9,4e84455d08cacd9f85c432f7838c3be2cb0f000b55edc3487c6dee9520cc0b63
ao_sca,96,10000,717,test,18.265906150111547,18.265906150111547,1.0,True,0.0,5,2990,8,ao_sca_proximal_physical,analytical_ris_equal_allocation,"[1.837978032278437, 18.128479847608226, 18.1663287564729, 18.18267072795026, 18.265733866211114, 18.265906150111547]","[{""block"": ""rsma"", ""rho"": 1.0, ""gain"": 16.132811414367524}, {""block"": ""star_ris"", ""rho"": 2.0, ""gain"": 0.1576904009622666}, {""block"": ""rsma"", ""rho"": 1.0, ""gain"": 0.0}, {""block"": ""star_ris"", ""rho"": 16.0, ""gain"": 0.03784890886467451}, {""block"": ""rsma"", ""rho"": 1.0, ""gain"": 0.0}, {""block"": ""star_ris"", ""rho"": 2.0, ""gain"": 0.016341971477359607}, {""block"": ""rsma"", ""rho"": 1.0, ""gain"": 0.0}, {""block"": ""star_ris"", ""rho"": 4.0, ""gain"": 0.08306313826085443}, {""block"": ""rsma"", ""rho"": 1.0, ""gain"": 0.0}, {""block"": ""star_ris"", ""rho"": 2.0, ""gain"": 0.00017228390043300124}]",{},1568.39582,eb978e84730de4cf1e0579ad9e17edb700c67ba6eceac89d1fe3698763a419f7,fc61d5cda7da39530055bae9bd0e92865f995cd9,4e84455d08cacd9f85c432f7838c3be2cb0f000b55edc3487c6dee9520cc0b63
ao_sca,96,10000,718,test,18.959271582105405,18.959271582105405,1.0,True,0.0,18,10782,32,ao_sca_proximal_physical,analytical_ris_equal_allocation,"[1.8379854590462494, 17.886807252161695, 17.965172431054157, 18.002202012262263, 18.020228913463058, 18.28911110288287, 18.345423832823567, 18.372484715221926, 18.379131122068422, 18.597758064268522, 18.649471888972872, 18.66948870850655, 18.822715995143525, 18.832121847701067, 18.90060426863861, 18.94514373298378, 18.955862552317345, 18.957871418160625, 18.959271582105405]","[{""block"": ""rsma"", ""rho"": 1.0, ""gain"": 15.870582230242649}, {""block"": ""star_ris"", ""rho"": 4.0, ""gain"": 0.17823956287279685}, {""block"": ""rsma"", ""rho"": 1.0, ""gain"": 3.552713678800501e-15}, {""block"": ""star_ris"", ""rho"": 8.0, ""gain"": 0.07836517889245798}, {""block"": ""rsma"", ""rho"": 1.0, ""gain"": -3.552713678800501e-15}, {""block"": ""star_ris"", ""rho"": 16.0, ""gain"": 0.03702958120810962}, {""block"": ""rsma"", ""rho"": 1.0, ""gain"": 0.0}, {""block"": ""star_ris"", ""rho"": 32.0, ""gain"": 0.018026901200794754}, {""block"": ""rsma"", ""rho"": 1.0, ""gain"": 0.0}, {""block"": ""star_ris"", ""rho"": 2.0, ""gain"": 0.2688821894198128}, {""block"": ""rsma"", ""rho"": 1.0, ""gain"": 0.0}, {""block"": ""star_ris"", ""rho"": 8.0, ""gain"": 0.05631272994069647}, {""block"": ""rsma"", ""rho"": 1.0, ""gain"": 3.552713678800501e-15}, {""block"": ""star_ris"", ""rho"": 16.0, ""gain"": 0.0270608823983558}, {""block"": ""rsma"", ""rho"": 1.0, ""gain"": 3.552713678800501e-15}, {""block"": ""star_ris"", ""rho"": 64.0, ""gain"": 0.006646406846492425}, {""block"": ""rsma"", ""rho"": 1.0, ""gain"": 0.0}, {""block"": ""star_ris"", ""rho"": 1.0, ""gain"": 0.2186269422000997}, {""block"": ""rsma"", ""rho"": 1.0, ""gain"": 0.0}, {""block"": ""star_ris"", ""rho"": 1.0, ""gain"": 0.051713824704350486}, {""block"": ""rsma"", ""rho"": 1.0, ""gain"": 0.0}, {""block"": ""star_ris"", ""rho"": 2.0, ""gain"": 0.02001681953367651}, {""block"": ""rsma"", ""rho"": 1.0, ""gain"": 0.0}, {""block"": ""star_ris"", ""rho"": 2.0, ""gain"": 0.1532272866369766}, {""block"": ""rsma"", ""rho"": 1.0, ""gain"": -3.552713678800501e-15}, {""block"": ""star_ris"", ""rho"": 32.0, ""gain"": 0.009405852557545558}, {""block"": ""rsma"", ""rho"": 1.0, ""gain"": -3.552713678800501e-15}, {""block"": ""star_ris"", ""rho"": 1.0, ""gain"": 0.06848242093754564}, {""block"": ""rsma"", ""rho"": 1.0, ""gain"": 3.552713678800501e-15}, {""block"": ""star_ris"", ""rho"": 8.0, ""gain"": 0.04453946434516709}, {""block"": ""rsma"", ""rho"": 1.0, ""gain"": 0.0}, {""block"": ""star_ris"", ""rho"": 32.0, ""gain"": 0.010718819333565222}, {""block"": ""rsma"", ""rho"": 1.0, ""gain"": 0.0}, {""block"": ""star_ris"", ""rho"": 16.0, ""gain"": 0.00200886584327975}, {""block"": ""rsma"", ""rho"": 1.0, ""gain"": 0.0}, {""block"": ""star_ris"", ""rho"": 64.0, ""gain"": 0.0014001639447798198}]",{},5717.084391,eb978e84730de4cf1e0579ad9e17edb700c67ba6eceac89d1fe3698763a419f7,fc61d5cda7da39530055bae9bd0e92865f995cd9,4e84455d08cacd9f85c432f7838c3be2cb0f000b55edc3487c6dee9520cc0b63
ao_sca,96,10000,719,test,19.390084667510624,19.390084667510624,1.0,True,0.0,9,5381,13,ao_sca_proximal_physical,analytical_ris_equal_allocation,"[1.8380130644187456, 18.909940266082828, 18.956708999649983, 18.987287793332985, 19.019039870678622, 19.311225374963584, 19.313312148259293, 19.38453644182517, 19.389591132891393, 19.390084667510624]","[{""block"": ""rsma"", ""rho"": 1.0, ""gain"": 16.740083833471864}, {""block"": ""star_ris"", ""rho"": 2.0, ""gain"": 0.33184336819221727}, {""block"": ""rsma"", ""rho"": 1.0, ""gain"": 0.0}, {""block"": ""star_ris"", ""rho"": 8.0, ""gain"": 0.04676873356715561}, {""block"": ""rsma"", ""rho"": 1.0, ""gain"": 3.552713678800501e-15}, {""block"": ""star_ris"", ""rho"": 1.0, ""gain"": 0.03057879368299865}, {""block"": ""rsma"", ""rho"": 1.0, ""gain"": 0.0}, {""block"": ""star_ris"", ""rho"": 16.0, ""gain"": 0.031752077345636565}, {""block"": ""rsma"", ""rho"": 1.0, ""gain"": 0.0}, {""block"": ""star_ris"", ""rho"": 1.0, ""gain"": 0.29218550428496215}, {""block"": ""rsma"", ""rho"": 1.0, ""gain"": 0.0}, {""block"": ""star_ris"", ""rho"": 4.0, ""gain"": 0.0020867732957086105}, {""block"": ""rsma"", ""rho"": 1.0, ""gain"": 0.0}, {""block"": ""star_ris"", ""rho"": 1.0, ""gain"": 0.07122429356587645}, {""block"": ""rsma"", ""rho"": 1.0, ""gain"": 0.0}, {""block"": ""star_ris"", ""rho"": 8.0, ""gain"": 0.005054691066224137}, {""block"": ""rsma"", ""rho"": 1.0, ""gain"": 0.0}, {""block"": ""star_ris"", ""rho"": 8.0, ""gain"": 0.000493534619231184}]",{},2751.841973,eb978e84730de4cf1e0579ad9e17edb700c67ba6eceac89d1fe3698763a419f7,fc61d5cda7da39530055bae9bd0e92865f995cd9,4e84455d08cacd9f85c432f7838c3be2cb0f000b55edc3487c6dee9520cc0b63
ao_sca,96,10000,720,test,18.97802653210435,18.97802653210435,1.0,True,0.0,20,11980,36,ao_sca_proximal_physical,analytical_ris_equal_allocation,"[1.8379755017582255, 17.664699292221663, 17.787389063279896, 17.815959282857406, 18.228772929508807, 18.38954492171569, 18.426231106214757, 18.43521494873653, 18.439682528264882, 18.53488895097289, 18.552970249669855, 18.58416503242258, 18.599498181038598, 18.629386095230693, 18.6441007620312, 18.66242446900486, 18.70786420730016, 18.794165498118414, 18.87277561607536, 18.975802127559643, 18.97802653210435]","[{""block"": ""rsma"", ""rho"": 1.0, ""gain"": 15.532596269021187}, {""block"": ""star_ris"", ""rho"": 4.0, ""gain"": 0.29412752144224896}, {""block"": ""rsma"", ""rho"": 1.0, ""gain"": 0.0}, {""block"": ""star_ris"", ""rho"": 8.0, ""gain"": 0.12268977105823353}, {""block"": ""rsma"", ""rho"": 1.0, ""gain"": -3.552713678800501e-15}, {""block"": ""star_ris"", ""rho"": 32.0, ""gain"": 0.02857021957751371}, {""block"": ""rsma"", ""rho"": 1.0, ""gain"": 0.0}, {""block"": ""star_ris"", ""rho"": 2.0, ""gain"": 0.41281364665140075}, {""block"": ""rsma"", ""rho"": 1.0, ""gain"": 0.0}, {""block"": ""star_ris"", ""rho"": 4.0, ""gain"": 0.16077199220688243}, {""block"": ""rsma"", ""rho"": 1.0, ""gain"": 0.0}, {""block"": ""star_ris"", ""rho"": 16.0, ""gain"": 0.03668618449906802}, {""block"": ""rsma"", ""rho"": 1.0, ""gain"": 0.0}, {""block"": ""star_ris"", ""rho"": 64.0, ""gain"": 0.00898384252177209}, {""block"": ""rsma"", ""rho"": 1.0, ""gain"": 0.0}, {""block"": ""star_ris"", ""rho"": 128.0, ""gain"": 0.004467579528352417}, {""block"": ""rsma"", ""rho"": 1.0, ""gain"": 0.0}, {""block"": ""star_ris"", ""rho"": 4.0, ""gain"": 0.0952064227080065}, {""block"": ""rsma"", ""rho"": 1.0, ""gain"": -3.552713678800501e-15}, {""block"": ""star_ris"", ""rho"": 2.0, ""gain"": 0.01808129869696984}, {""block"": ""rsma"", ""rho"": 1.0, ""gain"": 0.0}, {""block"": ""star_ris"", ""rho"": 16.0, ""gain"": 0.031194782752724137}, {""block"": ""rsma"", ""rho"": 1.0, ""gain"": 0.0}, {""block"": ""star_ris"", ""rho"": 32.0, ""gain"": 0.015333148616019088}, {""block"": ""rsma"", ""rho"": 1.0, ""gain"": -3.552713678800501e-15}, {""block"": ""star_ris"", ""rho"": 16.0, ""gain"": 0.029887914192098464}, {""block"": ""rsma"", ""rho"": 1.0, ""gain"": 0.0}, {""block"": ""star_ris"", ""rho"": 32.0, ""gain"": 0.014714666800507814}, {""block"": ""rsma"", ""rho"": 1.0, ""gain"": -3.552713678800501e-15}, {""block"": ""star_ris"", ""rho"": 4.0, ""gain"": 0.018323706973664144}, {""block"": ""rsma"", ""rho"": 1.0, ""gain"": 0.0}, {""block"": ""star_ris"", ""rho"": 2.0, ""gain"": 0.04543973829530046}, {""block"": ""rsma"", ""rho"": 1.0, ""gain"": 0.0}, {""block"": ""star_ris"", ""rho"": 1.0, ""gain"": 0.08630129081825189}, {""block"": ""rsma"", ""rho"": 1.0, ""gain"": 3.552713678800501e-15}, {""block"": ""star_ris"", ""rho"": 1.0, ""gain"": 0.0786101179569414}, {""block"": ""rsma"", ""rho"": 1.0, ""gain"": 0.0}, {""block"": ""star_ris"", ""rho"": 2.0, ""gain"": 0.1030265114842841}, {""block"": ""rsma"", ""rho"": 1.0, ""gain"": 0.0}, {""block"": ""star_ris"", ""rho"": 16.0, ""gain"": 0.0022244045447088467}]",{},6267.502386,eb978e84730de4cf1e0579ad9e17edb700c67ba6eceac89d1fe3698763a419f7,fc61d5cda7da39530055bae9bd0e92865f995cd9,4e84455d08cacd9f85c432f7838c3be2cb0f000b55edc3487c6dee9520cc0b63
ao_sca,96,10000,721,test,19.090321254676105,19.090321254676105,1.0,True,0.0,5,2994,9,ao_sca_proximal_physical,analytical_ris_equal_allocation,"[1.8380102212443306, 18.910370474002644, 19.049425126072936, 19.07194696960875, 19.090093598094537, 19.090321254676102]","[{""block"": ""rsma"", ""rho"": 1.0, ""gain"": 16.763329803317006}, {""block"": ""star_ris"", ""rho"": 1.0, ""gain"": 0.3090304494413054}, {""block"": ""rsma"", ""rho"": 1.0, ""gain"": 0.0}, {""block"": ""star_ris"", ""rho"": 4.0, ""gain"": 0.13905465207029266}, {""block"": ""rsma"", ""rho"": 1.0, ""gain"": 0.0}, {""block"": ""star_ris"", ""rho"": 8.0, ""gain"": 0.02252184353581299}, {""block"": ""rsma"", ""rho"": 1.0, ""gain"": 0.0}, {""block"": ""star_ris"", ""rho"": 4.0, ""gain"": 0.01814662848578763}, {""block"": ""rsma"", ""rho"": 1.0, ""gain"": 0.0}, {""block"": ""star_ris"", ""rho"": 64.0, ""gain"": 0.00022765658156487234}]",{},1533.463163,eb978e84730de4cf1e0579ad9e17edb700c67ba6eceac89d1fe3698763a419f7,fc61d5cda7da39530055bae9bd0e92865f995cd9,4e84455d08cacd9f85c432f7838c3be2cb0f000b55edc3487c6dee9520cc0b63
ao_sca,96,10000,722,test,18.56063410420809,18.56063410420809,1.0,True,0.0,11,6589,18,ao_sca_proximal_physical,analytical_ris_equal_allocation,"[1.8379652194001745, 17.719841502766077, 17.987808113172512, 18.0570262943031, 18.122626075586258, 18.22377267713579, 18.421431250408578, 18.433022344085007, 18.441142731736715, 18.540810342781562, 18.559954223121558, 18.560634104208095]","[{""block"": ""rsma"", ""rho"": 1.0, ""gain"": 15.815887299858133}, {""block"": ""star_ris"", ""rho"": 4.0, ""gain"": 0.0659889835077685}, {""block"": ""rsma"", ""rho"": 1.0, ""gain"": 0.0}, {""block"": ""star_ris"", ""rho"": 2.0, ""gain"": 0.267966610406436}, {""block"": ""rsma"", ""rho"": 1.0, ""gain"": 0.0}, {""block"": ""star_ris"", ""rho"": 16.0, ""gain"": 0.0692181811305872}, {""block"": ""rsma"", ""rho"": 1.0, ""gain"": 0.0}, {""block"": ""star_ris"", ""rho"": 16.0, ""gain"": 0.06559978128315791}, {""block"": ""rsma"", ""rho"": 1.0, ""gain"": 0.0}, {""block"": ""star_ris"", ""rho"": 2.0, ""gain"": 0.1011466015495337}, {""block"": ""rsma"", ""rho"": 1.0, ""gain"": 0.0}, {""block"": ""star_ris"", ""rho"": 4.0, ""gain"": 0.19765857327278624}, {""block"": ""rsma"", ""rho"": 1.0, ""gain"": 0.0}, {""block"": ""star_ris"", ""rho"": 64.0, ""gain"": 0.01159109367642941}, {""block"": ""rsma"", ""rho"": 1.0, ""gain"": 0.0}, {""block"": ""star_ris"", ""rho"": 4.0, ""gain"": 0.008120387651707972}, {""block"": ""rsma"", ""rho"": 1.0, ""gain"": 0.0}, {""block"": ""star_ris"", ""rho"": 1.0, ""gain"": 0.0996676110448469}, {""block"": ""rsma"", ""rho"": 1.0, ""gain"": 0.0}, {""block"": ""star_ris"", ""rho"": 4.0, ""gain"": 0.019143880339996144}, {""block"": ""rsma"", ""rho"": 1.0, ""gain"": 0.0}, {""block"": ""star_ris"", ""rho"": 256.0, ""gain"": 0.0006798810865369376}]",{},3407.933104,eb978e84730de4cf1e0579ad9e17edb700c67ba6eceac89d1fe3698763a419f7,fc61d5cda7da39530055bae9bd0e92865f995cd9,4e84455d08cacd9f85c432f7838c3be2cb0f000b55edc3487c6dee9520cc0b63
ao_sca,96,10000,723,test,18.737939560577,18.737939560577,1.0,True,0.0,2,1197,4,ao_sca_proximal_physical,analytical_ris_equal_allocation,"[1.8379952358929748, 18.737404839806956, 18.737939560577]","[{""block"": ""rsma"", ""rho"": 1.0, ""gain"": 16.18007280726309}, {""block"": ""star_ris"", ""rho"": 1.0, ""gain"": 0.7193367966508895}, {""block"": ""rsma"", ""rho"": 1.0, ""gain"": 0.0}, {""block"": ""star_ris"", ""rho"": 16.0, ""gain"": 0.0005347207700445722}]",{},669.174877,eb978e84730de4cf1e0579ad9e17edb700c67ba6eceac89d1fe3698763a419f7,fc61d5cda7da39530055bae9bd0e92865f995cd9,4e84455d08cacd9f85c432f7838c3be2cb0f000b55edc3487c6dee9520cc0b63
ao_sca,96,10000,724,test,18.55370847639847,18.55370847639847,1.0,True,0.0,9,5395,15,ao_sca_proximal_physical,analytical_ris_equal_allocation,"[1.8379844515512744, 18.284268233218093, 18.37451959650823, 18.41660106310904, 18.436969536368796, 18.446995311094803, 18.524909423186333, 18.54334224514816, 18.552431239888236, 18.55370847639847]","[{""block"": ""rsma"", ""rho"": 1.0, ""gain"": 15.913198390156179}, {""block"": ""star_ris"", ""rho"": 1.0, ""gain"": 0.5330853915106388}, {""block"": ""rsma"", ""rho"": 1.0, ""gain"": 3.552713678800501e-15}, {""block"": ""star_ris"", ""rho"": 4.0, ""gain"": 0.0902513632901325}, {""block"": ""rsma"", ""rho"": 1.0, ""gain"": 3.552713678800501e-15}, {""block"": ""star_ris"", ""rho"": 8.0, ""gain"": 0.042081466600809136}, {""block"": ""rsma"", ""rho"": 1.0, ""gain"": 0.0}, {""block"": ""star_ris"", ""rho"": 16.0, ""gain"": 0.020368473259754438}, {""block"": ""rsma"", ""rho"": 1.0, ""gain"": -3.552713678800501e-15}, {""block"": ""star_ris"", ""rho"": 32.0, ""gain"": 0.010025774726010184}, {""block"": ""rsma"", ""rho"": 1.0, ""gain"": 0.0}, {""block"": ""star_ris"", ""rho"": 4.0, ""gain"": 0.07791411209153054}, {""block"": ""rsma"", ""rho"": 1.0, ""gain"": 0.0}, {""block"": ""star_ris"", ""rho"": 16.0, ""gain"": 0.018432821961827273}, {""block"": ""rsma"", ""rho"": 1.0, ""gain"": 0.0}, {""block"": ""star_ris"", ""rho"": 32.0, ""gain"": 0.009088994740075407}, {""block"": ""rsma"", ""rho"": 1.0, ""gain"": -3.552713678800501e-15}, {""block"": ""star_ris"", ""rho"": 32.0, ""gain"": 0.0012772365102371452}]",{},2796.086668,eb978e84730de4cf1e0579ad9e17edb700c67ba6eceac89d1fe3698763a419f7,fc61d5cda7da39530055bae9bd0e92865f995cd9,4e84455d08cacd9f85c432f7838c3be2cb0f000b55edc3487c6dee9520cc0b63
ao_sca,96,10000,725,test,18.96989659010848,18.96989659010848,1.0,True,0.0,13,7781,23,ao_sca_proximal_physical,analytical_ris_equal_allocation,"[1.8380031642819088, 18.565650639816674, 18.60092899976627, 18.608748181301905, 18.63969649409762, 18.65483983813332, 18.662331940537214, 18.682507075446797, 18.69853799624746, 18.79417244611157, 18.81050131158812, 18.84673130200651, 18.96896211721029, 18.969896590108476]","[{""block"": ""rsma"", ""rho"": 1.0, ""gain"": 16.663358659103572}, {""block"": ""star_ris"", ""rho"": 4.0, ""gain"": 0.0642888164311941}, {""block"": ""rsma"", ""rho"": 1.0, ""gain"": 0.0}, {""block"": ""star_ris"", ""rho"": 16.0, ""gain"": 0.03527835994959716}, {""block"": ""rsma"", ""rho"": 1.0, ""gain"": -3.552713678800501e-15}, {""block"": ""star_ris"", ""rho"": 4.0, ""gain"": 0.007819181535637654}, {""block"": ""rsma"", ""rho"": 1.0, ""gain"": 0.0}, {""block"": ""star_ris"", ""rho"": 16.0, ""gain"": 0.030948312795715083}, {""block"": ""rsma"", ""rho"": 1.0, ""gain"": 0.0}, {""block"": ""star_ris"", ""rho"": 32.0, ""gain"": 0.015143344035699613}, {""block"": ""rsma"", ""rho"": 1.0, ""gain"": 7.105427357601002e-15}, {""block"": ""star_ris"", ""rho"": 64.0, ""gain"": 0.007492102403887202}, {""block"": ""rsma"", ""rho"": 1.0, ""gain"": -3.552713678800501e-15}, {""block"": ""star_ris"", ""rho"": 2.0, ""gain"": 0.02017513490958578}, {""block"": ""rsma"", ""rho"": 1.0, ""gain"": 0.0}, {""block"": ""star_ris"", ""rho"": 32.0, ""gain"": 0.01603092080066304}, {""block"": ""rsma"", ""rho"": 1.0, ""gain"": 0.0}, {""block"": ""star_ris"", ""rho"": 1.0, ""gain"": 0.09563444986411085}, {""block"": ""rsma"", ""rho"": 1.0, ""gain"": 0.0}, {""block"": ""star_ris"", ""rho"": 4.0, ""gain"": 0.01632886547654877}, {""block"": ""rsma"", ""rho"": 1.0, ""gain"": 0.0}, {""block"": ""star_ris"", ""rho"": 2.0, ""gain"": 0.03622999041839137}, {""block"": ""rsma"", ""rho"": 1.0, ""gain"": 0.0}, {""block"": ""star_ris"", ""rho"": 1.0, ""gain"": 0.12223081520377832}, {""block"": ""rsma"", ""rho"": 1.0, ""gain"": 0.0}, {""block"": ""star_ris"", ""rho"": 1.0, ""gain"": 0.0009344728981872663}]",{},4041.421022,eb978e84730de4cf1e0579ad9e17edb700c67ba6eceac89d1fe3698763a419f7,fc61d5cda7da39530055bae9bd0e92865f995cd9,4e84455d08cacd9f85c432f7838c3be2cb0f000b55edc3487c6dee9520cc0b63
ao_sca,96,10000,726,test,18.24292280315527,18.24292280315527,1.0,True,0.0,3,1800,5,ao_sca_proximal_physical,analytical_ris_equal_allocation,"[1.8379850592499574, 18.209323862419417, 18.24191406196337, 18.24292280315527]","[{""block"": ""rsma"", ""rho"": 1.0, ""gain"": 16.283692303951238}, {""block"": ""star_ris"", ""rho"": 8.0, ""gain"": 0.08764649921822354}, {""block"": ""rsma"", ""rho"": 1.0, ""gain"": 0.0}, {""block"": ""star_ris"", ""rho"": 16.0, ""gain"": 0.0325901995439537}, {""block"": ""rsma"", ""rho"": 1.0, ""gain"": 0.0}, {""block"": ""star_ris"", ""rho"": 16.0, ""gain"": 0.0010087411918995315}]",{},917.559943,eb978e84730de4cf1e0579ad9e17edb700c67ba6eceac89d1fe3698763a419f7,fc61d5cda7da39530055bae9bd0e92865f995cd9,4e84455d08cacd9f85c432f7838c3be2cb0f000b55edc3487c6dee9520cc0b63
ao_sca,96,10000,727,test,18.59938104420436,18.59938104420436,1.0,True,0.0,6,3587,11,ao_sca_proximal_physical,analytical_ris_equal_allocation,"[1.8379859080385896, 18.41306315320036, 18.41751335103701, 18.531082882698353, 18.586609182556558, 18.599242653081777, 18.599381044204357]","[{""block"": ""rsma"", ""rho"": 1.0, ""gain"": 16.22447406822634}, {""block"": ""star_ris"", ""rho"": 1.0, ""gain"": 0.3506031769354294}, {""block"": ""rsma"", ""rho"": 1.0, ""gain"": 0.0}, {""block"": ""star_ris"", ""rho"": 2.0, ""gain"": 0.00445019783665046}, {""block"": ""rsma"", ""rho"": 1.0, ""gain"": 0.0}, {""block"": ""star_ris"", ""rho"": 1.0, ""gain"": 0.11356953166134431}, {""block"": ""rsma"", ""rho"": 1.0, ""gain"": 3.552713678800501e-15}, {""block"": ""star_ris"", ""rho"": 8.0, ""gain"": 0.0555262998582009}, {""block"": ""rsma"", ""rho"": 1.0, ""gain"": 0.0}, {""block"": ""star_ris"", ""rho"": 4.0, ""gain"": 0.012633470525219792}, {""block"": ""rsma"", ""rho"": 1.0, ""gain"": -3.552713678800501e-15}, {""block"": ""star_ris"", ""rho"": 16.0, ""gain"": 0.00013839112258295927}]",{},1943.674909,eb978e84730de4cf1e0579ad9e17edb700c67ba6eceac89d1fe3698763a419f7,fc61d5cda7da39530055bae9bd0e92865f995cd9,4e84455d08cacd9f85c432f7838c3be2cb0f000b55edc3487c6dee9520cc0b63
ao_sca,96,10000,728,test,18.63965447117309,18.63965447117309,1.0,True,0.0,9,5390,18,ao_sca_proximal_physical,analytical_ris_equal_allocation,"[1.8379945085181453, 18.500654744792413, 18.54221091465106, 18.54493014879155, 18.551678025605984, 18.56429757181573, 18.574648435613636, 18.578515735648406, 18.638084554006078, 18.639654471173092]","[{""block"": ""rsma"", ""rho"": 1.0, ""gain"": 16.577061323353615}, {""block"": ""star_ris"", ""rho"": 2.0, ""gain"": 0.08559891292065203}, {""block"": ""rsma"", ""rho"": 1.0, ""gain"": 0.0}, {""block"": ""star_ris"", ""rho"": 8.0, ""gain"": 0.04155616985864796}, {""block"": ""rsma"", ""rho"": 1.0, ""gain"": 0.0}, {""block"": ""star_ris"", ""rho"": 8.0, ""gain"": 0.002719234140489135}, {""block"": ""rsma"", ""rho"": 1.0, ""gain"": 0.0}, {""block"": ""star_ris"", ""rho"": 2.0, ""gain"": 0.00674787681443334}, {""block"": ""rsma"", ""rho"": 1.0, ""gain"": 0.0}, {""block"": ""star_ris"", ""rho"": 16.0, ""gain"": 0.012619546209744925}, {""block"": ""rsma"", ""rho"": 1.0, ""gain"": -3.552713678800501e-15}, {""block"": ""star_ris"", ""rho"": 2.0, ""gain"": 0.010350863797910392}, {""block"": ""rsma"", ""rho"": 1.0, ""gain"": 0.0}, {""block"": ""star_ris"", ""rho"": 8.0, ""gain"": 0.0038673000347699826}, {""block"": ""rsma"", ""rho"": 1.0, ""gain"": 3.552713678800501e-15}, {""block"": ""star_ris"", ""rho"": 8.0, ""gain"": 0.05956881835766836}, {""block"": ""rsma"", ""rho"": 1.0, ""gain"": 0.0}, {""block"": ""star_ris"", ""rho"": 64.0, ""gain"": 0.0015699171670142675}]",{},2824.811763,eb978e84730de4cf1e0579ad9e17edb700c67ba6eceac89d1fe3698763a419f7,fc61d5cda7da39530055bae9bd0e92865f995cd9,4e84455d08cacd9f85c432f7838c3be2cb0f000b55edc3487c6dee9520cc0b63
ao_sca,96,10000,729,test,18.650814895490957,18.650814895490957,1.0,True,0.0,13,7787,23,ao_sca_proximal_physical,analytical_ris_equal_allocation,"[1.8379913020034542, 18.325667506233767, 18.329536348113855, 18.39949845687795, 18.402614776163528, 18.44172966023569, 18.454811182931245, 18.53959610137848, 18.572116349778007, 18.577955234100912, 18.630920436479236, 18.638021103453344, 18.65014591156316, 18.650814895490953]","[{""block"": ""rsma"", ""rho"": 1.0, ""gain"": 16.4444943499173}, {""block"": ""star_ris"", ""rho"": 2.0, ""gain"": 0.043181854313012025}, {""block"": ""rsma"", ""rho"": 1.0, ""gain"": 0.0}, {""block"": ""star_ris"", ""rho"": 8.0, ""gain"": 0.0038688418800880697}, {""block"": ""rsma"", ""rho"": 1.0, ""gain"": 0.0}, {""block"": ""star_ris"", ""rho"": 8.0, ""gain"": 0.06996210876409492}, {""block"": ""rsma"", ""rho"": 1.0, ""gain"": 0.0}, {""block"": ""star_ris"", ""rho"": 8.0, ""gain"": 0.003116319285577873}, {""block"": ""rsma"", ""rho"": 1.0, ""gain"": 1.0658141036401503e-14}, {""block"": ""star_ris"", ""rho"": 16.0, ""gain"": 0.03911488407215202}, {""block"": ""rsma"", ""rho"": 1.0, ""gain"": 0.0}, {""block"": ""star_ris"", ""rho"": 4.0, ""gain"": 0.013081522695554071}, {""block"": ""rsma"", ""rho"": 1.0, ""gain"": 0.0}, {""block"": ""star_ris"", ""rho"": 4.0, ""gain"": 0.08478491844723379}, {""block"": ""rsma"", ""rho"": 1.0, ""gain"": 0.0}, {""block"": ""star_ris"", ""rho"": 4.0, ""gain"": 0.032520248399528384}, {""block"": ""rsma"", ""rho"": 1.0, ""gain"": 3.552713678800501e-15}, {""block"": ""star_ris"", ""rho"": 8.0, ""gain"": 0.005838884322901805}, {""block"": ""rsma"", ""rho"": 1.0, ""gain"": -3.552713678800501e-15}, {""block"": ""star_ris"", ""rho"": 8.0, ""gain"": 0.0529652023783278}, {""block"": ""rsma"", ""rho"": 1.0, ""gain"": 3.552713678800501e-15}, {""block"": ""star_ris"", ""rho"": 8.0, ""gain"": 0.007100666974103831}, {""block"": ""rsma"", ""rho"": 1.0, ""gain"": 0.0}, {""block"": ""star_ris"", ""rho"": 32.0, ""gain"": 0.012124808109817309}, {""block"": ""rsma"", ""rho"": 1.0, ""gain"": 0.0}, {""block"": ""star_ris"", ""rho"": 16.0, ""gain"": 0.0006689839277917997}]",{},4068.893808,eb978e84730de4cf1e0579ad9e17edb700c67ba6eceac89d1fe3698763a419f7,fc61d5cda7da39530055bae9bd0e92865f995cd9,4e84455d08cacd9f85c432f7838c3be2cb0f000b55edc3487c6dee9520cc0b63
ao_sca,96,10000,730,test,18.858424807512165,18.858424807512165,1.0,True,0.0,15,8969,28,ao_sca_proximal_physical,analytical_ris_equal_allocation,"[1.8379912740419186, 18.438224086089622, 18.454246423337256, 18.49389387930637, 18.530393267123486, 18.54814229538231, 18.58207062624937, 18.5919909904141, 18.598644763974356, 18.663761026795203, 18.713299044857056, 18.737101923089913, 18.769851291564038, 18.818522098381134, 18.857859711745895, 18.858424807512165]","[{""block"": ""rsma"", ""rho"": 1.0, ""gain"": 16.474122688782373}, {""block"": ""star_ris"", ""rho"": 1.0, ""gain"": 0.126110123265331}, {""block"": ""rsma"", ""rho"": 1.0, ""gain"": 0.0}, {""block"": ""star_ris"", ""rho"": 8.0, ""gain"": 0.0160223372476338}, {""block"": ""rsma"", ""rho"": 1.0, ""gain"": 0.0}, {""block"": ""star_ris"", ""rho"": 2.0, ""gain"": 0.039647455969113565}, {""block"": ""rsma"", ""rho"": 1.0, ""gain"": 0.0}, {""block"": ""star_ris"", ""rho"": 16.0, ""gain"": 0.03649938781711626}, {""block"": ""rsma"", ""rho"": 1.0, ""gain"": -3.552713678800501e-15}, {""block"": ""star_ris"", ""rho"": 32.0, ""gain"": 0.017749028258826627}, {""block"": ""rsma"", ""rho"": 1.0, ""gain"": 0.0}, {""block"": ""star_ris"", ""rho"": 1.0, ""gain"": 0.033928330867059486}, {""block"": ""rsma"", ""rho"": 1.0, ""gain"": -3.552713678800501e-15}, {""block"": ""star_ris"", ""rho"": 1.0, ""gain"": 0.009920364164734963}, {""block"": ""rsma"", ""rho"": 1.0, ""gain"": 0.0}, {""block"": ""star_ris"", ""rho"": 4.0, ""gain"": 0.006653773560255871}, {""block"": ""rsma"", ""rho"": 1.0, ""gain"": -3.552713678800501e-15}, {""block"": ""star_ris"", ""rho"": 2.0, ""gain"": 0.06511626282085103}, {""block"": ""rsma"", ""rho"": 1.0, ""gain"": 0.0}, {""block"": ""star_ris"", ""rho"": 8.0, ""gain"": 0.04953801806185254}, {""block"": ""rsma"", ""rho"": 1.0, ""gain"": 0.0}, {""block"": ""star_ris"", ""rho"": 16.0, ""gain"": 0.023802878232856983}, {""block"": ""rsma"", ""rho"": 1.0, ""gain"": 0.0}, {""block"": ""star_ris"", ""rho"": 1.0, ""gain"": 0.03274936847412491}, {""block"": ""rsma"", ""rho"": 1.0, ""gain"": -3.552713678800501e-15}, {""block"": ""star_ris"", ""rho"": 2.0, ""gain"": 0.04867080681709979}, {""block"": ""rsma"", ""rho"": 1.0, ""gain"": 3.552713678800501e-15}, {""block"": ""star_ris"", ""rho"": 2.0, ""gain"": 0.03933761336475783}, {""block"": ""rsma"", ""rho"": 1.0, ""gain"": 0.0}, {""block"": ""star_ris"", ""rho"": 8.0, ""gain"": 0.0005650957662695077}]",{},4711.182844,eb978e84730de4cf1e0579ad9e17edb700c67ba6eceac89d1fe3698763a419f7,fc61d5cda7da39530055bae9bd0e92865f995cd9,4e84455d08cacd9f85c432f7838c3be2cb0f000b55edc3487c6dee9520cc0b63
ao_sca,96,10000,731,test,18.999892010887244,18.999892010887244,1.0,True,0.0,16,9563,26,ao_sca_proximal_physical,analytical_ris_equal_allocation,"[1.837985495178108, 18.254494728630828, 18.40201872235717, 18.49312446024181, 18.617710762614177, 18.63028968939463, 18.654308892517356, 18.6690271008001, 18.672666355072685, 18.68328488102312, 18.790956821017573, 18.81918410014766, 18.89760785908959, 18.925764983667833, 18.93422143738715, 18.998926839201147, 18.999892010887244]","[{""block"": ""rsma"", ""rho"": 1.0, ""gain"": 16.08622954064571}, {""block"": ""star_ris"", ""rho"": 1.0, ""gain"": 0.3302796928070073}, {""block"": ""rsma"", ""rho"": 1.0, ""gain"": 0.0}, {""block"": ""star_ris"", ""rho"": 1.0, ""gain"": 0.14752399372634173}, {""block"": ""rsma"", ""rho"": 1.0, ""gain"": 0.0}, {""block"": ""star_ris"", ""rho"": 2.0, ""gain"": 0.09110573788463938}, {""block"": ""rsma"", ""rho"": 1.0, ""gain"": 0.0}, {""block"": ""star_ris"", ""rho"": 1.0, ""gain"": 0.1245863023723679}, {""block"": ""rsma"", ""rho"": 1.0, ""gain"": 0.0}, {""block"": ""star_ris"", ""rho"": 8.0, ""gain"": 0.012578926780452804}, {""block"": ""rsma"", ""rho"": 1.0, ""gain"": 0.0}, {""block"": ""star_ris"", ""rho"": 4.0, ""gain"": 0.02401920312272665}, {""block"": ""rsma"", ""rho"": 1.0, ""gain"": 3.552713678800501e-15}, {""block"": ""star_ris"", ""rho"": 32.0, ""gain"": 0.014718208282740619}, {""block"": ""rsma"", ""rho"": 1.0, ""gain"": 0.0}, {""block"": ""star_ris"", ""rho"": 128.0, ""gain"": 0.0036392542725849353}, {""block"": ""rsma"", ""rho"": 1.0, ""gain"": 0.0}, {""block"": ""star_ris"", ""rho"": 2.0, ""gain"": 0.010618525950434332}, {""block"": ""rsma"", ""rho"": 1.0, ""gain"": 0.0}, {""block"": ""star_ris"", ""rho"": 1.0, ""gain"": 0.10767193999445368}, {""block"": ""rsma"", ""rho"": 1.0, ""gain"": 0.0}, {""block"": ""star_ris"", ""rho"": 2.0, ""gain"": 0.028227279130085492}, {""block"": ""rsma"", ""rho"": 1.0, ""gain"": 0.0}, {""block"": ""star_ris"", ""rho"": 1.0, ""gain"": 0.07842375894193054}, {""block"": ""rsma"", ""rho"": 1.0, ""gain"": 0.0}, {""block"": ""star_ris"", ""rho"": 4.0, ""gain"": 0.028157124578243042}, {""block"": ""rsma"", ""rho"": 1.0, ""gain"": 0.0}, {""block"": ""star_ris"", ""rho"": 2.0, ""gain"": 0.008456453719318802}, {""block"": ""rsma"", ""rho"": 1.0, ""gain"": -3.552713678800501e-15}, {""block"": ""star_ris"", ""rho"": 2.0, ""gain"": 0.06470540181399898}, {""block"": ""rsma"", ""rho"": 1.0, ""gain"": 0.0}, {""block"": ""star_ris"", ""rho"": 4.0, ""gain"": 0.0009651716860972215}]",{},5055.025613,eb978e84730de4cf1e0579ad9e17edb700c67ba6eceac89d1fe3698763a419f7,fc61d5cda7da39530055bae9bd0e92865f995cd9,4e84455d08cacd9f85c432f7838c3be2cb0f000b55edc3487c6dee9520cc0b63
ao_sca,96,10000,732,test,18.77742370651625,18.77742370651625,1.0,True,0.0,13,7782,24,ao_sca_proximal_physical,analytical_ris_equal_allocation,"[1.8379831973399399, 18.196500007720733, 18.286596815634848, 18.39765882740843, 18.42308713643833, 18.429318202931643, 18.43241734194338, 18.43852173611165, 18.44059216422578, 18.492391941245863, 18.595831530702934, 18.71309248870385, 18.77677123899143, 18.777423706516252]","[{""block"": ""rsma"", ""rho"": 1.0, ""gain"": 16.248786334749045}, {""block"": ""star_ris"", ""rho"": 2.0, ""gain"": 0.10973047563174632}, {""block"": ""rsma"", ""rho"": 1.0, ""gain"": 0.0}, {""block"": ""star_ris"", ""rho"": 1.0, ""gain"": 0.09009680791411512}, {""block"": ""rsma"", ""rho"": 1.0, ""gain"": 3.552713678800501e-15}, {""block"": ""star_ris"", ""rho"": 4.0, ""gain"": 0.11106201177357988}, {""block"": ""rsma"", ""rho"": 1.0, ""gain"": 0.0}, {""block"": ""star_ris"", ""rho"": 16.0, ""gain"": 0.025428309029898344}, {""block"": ""rsma"", ""rho"": 1.0, ""gain"": 0.0}, {""block"": ""star_ris"", ""rho"": 64.0, ""gain"": 0.0062310664933136195}, {""block"": ""rsma"", ""rho"": 1.0, ""gain"": 0.0}, {""block"": ""star_ris"", ""rho"": 128.0, ""gain"": 0.0030991390117378614}, {""block"": ""rsma"", ""rho"": 1.0, ""gain"": 0.0}, {""block"": ""star_ris"", ""rho"": 64.0, ""gain"": 0.006104394168268357}, {""block"": ""rsma"", ""rho"": 1.0, ""gain"": 0.0}, {""block"": ""star_ris"", ""rho"": 2.0, ""gain"": 0.002070428114130607}, {""block"": ""rsma"", ""rho"": 1.0, ""gain"": 0.0}, {""block"": ""star_ris"", ""rho"": 1.0, ""gain"": 0.05179977702008287}, {""block"": ""rsma"", ""rho"": 1.0, ""gain"": 0.0}, {""block"": ""star_ris"", ""rho"": 1.0, ""gain"": 0.10343958945707143}, {""block"": ""rsma"", ""rho"": 1.0, ""gain"": 3.552713678800501e-15}, {""block"": ""star_ris"", ""rho"": 1.0, ""gain"": 0.1172609580009123}, {""block"": ""rsma"", ""rho"": 1.0, ""gain"": 0.0}, {""block"": ""star_ris"", ""rho"": 1.0, ""gain"": 0.06367875028757908}, {""block"": ""rsma"", ""rho"": 1.0, ""gain"": 0.0}, {""block"": ""star_ris"", ""rho"": 64.0, ""gain"": 0.0006524675248229528}]",{},4102.110609,eb978e84730de4cf1e0579ad9e17edb700c67ba6eceac89d1fe3698763a419f7,fc61d5cda7da39530055bae9bd0e92865f995cd9,4e84455d08cacd9f85c432f7838c3be2cb0f000b55edc3487c6dee9520cc0b63
ao_sca,96,10000,733,test,18.8317052746514,18.8317052746514,1.0,True,0.0,2,1197,4,ao_sca_proximal_physical,analytical_ris_equal_allocation,"[1.838004413333113, 18.83057856281764, 18.8317052746514]","[{""block"": ""rsma"", ""rho"": 1.0, ""gain"": 16.330987102213996}, {""block"": ""star_ris"", ""rho"": 1.0, ""gain"": 0.6615870472705296}, {""block"": ""rsma"", ""rho"": 1.0, ""gain"": 0.0}, {""block"": ""star_ris"", ""rho"": 16.0, ""gain"": 0.0011267118337627835}]",{},640.794396,eb978e84730de4cf1e0579ad9e17edb700c67ba6eceac89d1fe3698763a419f7,fc61d5cda7da39530055bae9bd0e92865f995cd9,4e84455d08cacd9f85c432f7838c3be2cb0f000b55edc3487c6dee9520cc0b63
ao_sca,96,10000,734,test,18.787775975187465,18.787775975187465,1.0,True,0.0,6,3587,11,ao_sca_proximal_physical,analytical_ris_equal_allocation,"[1.8379840349414422, 18.502890566712765, 18.52685079866273, 18.598599087308628, 18.76377557393957, 18.787526648580318, 18.787775975187465]","[{""block"": ""rsma"", ""rho"": 1.0, ""gain"": 15.797300961946735}, {""block"": ""star_ris"", ""rho"": 1.0, ""gain"": 0.8676055698245868}, {""block"": ""rsma"", ""rho"": 1.0, ""gain"": 0.0}, {""block"": ""star_ris"", ""rho"": 1.0, ""gain"": 0.023960231949963884}, {""block"": ""rsma"", ""rho"": 1.0, ""gain"": -3.552713678800501e-15}, {""block"": ""star_ris"", ""rho"": 1.0, ""gain"": 0.0717482886459031}, {""block"": ""rsma"", ""rho"": 1.0, ""gain"": 0.0}, {""block"": ""star_ris"", ""rho"": 4.0, ""gain"": 0.16517648663094064}, {""block"": ""rsma"", ""rho"": 1.0, ""gain"": 0.0}, {""block"": ""star_ris"", ""rho"": 8.0, ""gain"": 0.023751074640749437}, {""block"": ""rsma"", ""rho"": 1.0, ""gain"": 0.0}, {""block"": ""star_ris"", ""rho"": 32.0, ""gain"": 0.00024932660714682697}]",{},1843.906785,eb978e84730de4cf1e0579ad9e17edb700c67ba6eceac89d1fe3698763a419f7,fc61d5cda7da39530055bae9bd0e92865f995cd9,4e84455d08cacd9f85c432f7838c3be2cb0f000b55edc3487c6dee9520cc0b63
ao_sca,96,10000,735,test,18.435345846569536,18.435345846569536,1.0,True,0.0,8,4796,15,ao_sca_proximal_physical,analytical_ris_equal_allocation,"[1.837984966996958, 18.268389352927652, 18.274056154425576, 18.338057970504103, 18.353419291778653, 18.36102000622221, 18.420259783003672, 18.434530042755902, 18.435345846569536]","[{""block"": ""rsma"", ""rho"": 1.0, ""gain"": 16.14405616072861}, {""block"": ""star_ris"", ""rho"": 2.0, ""gain"": 0.28634822520208303}, {""block"": ""rsma"", ""rho"": 1.0, ""gain"": 0.0}, {""block"": ""star_ris"", ""rho"": 2.0, ""gain"": 0.005666801497923757}, {""block"": ""rsma"", ""rho"": 1.0, ""gain"": -3.552713678800501e-15}, {""block"": ""star_ris"", ""rho"": 8.0, ""gain"": 0.06400181607853028}, {""block"": ""rsma"", ""rho"": 1.0, ""gain"": 3.552713678800501e-15}, {""block"": ""star_ris"", ""rho"": 32.0, ""gain"": 0.015361321274546924}, {""block"": ""rsma"", ""rho"": 1.0, ""gain"": -3.552713678800501e-15}, {""block"": ""star_ris"", ""rho"": 64.0, ""gain"": 0.007600714443558587}, {""block"": ""rsma"", ""rho"": 1.0, ""gain"": 0.0}, {""block"": ""star_ris"", ""rho"": 8.0, ""gain"": 0.05923977678146386}, {""block"": ""rsma"", ""rho"": 1.0, ""gain"": 0.0}, {""block"": ""star_ris"", ""rho"": 32.0, ""gain"": 0.014270259752230174}, {""block"": ""rsma"", ""rho"": 1.0, ""gain"": 0.0}, {""block"": ""star_ris"", ""rho"": 8.0, ""gain"": 0.0008158038136336643}]",{},2502.370236,eb978e84730de4cf1e0579ad9e17edb700c67ba6eceac89d1fe3698763a419f7,fc61d5cda7da39530055bae9bd0e92865f995cd9,4e84455d08cacd9f85c432f7838c3be2cb0f000b55edc3487c6dee9520cc0b63
ao_sca,96,10000,736,test,18.841345063163345,18.841345063163345,1.0,True,0.0,8,4797,16,ao_sca_proximal_physical,analytical_ris_equal_allocation,"[1.8379959240938903, 18.648176080033938, 18.653429725087648, 18.7575197461766, 18.763834612903686, 18.81336083122513, 18.824272094576422, 18.840198323364397, 18.841345063163345]","[{""block"": ""rsma"", ""rho"": 1.0, ""gain"": 16.253049664671664}, {""block"": ""star_ris"", ""rho"": 1.0, ""gain"": 0.557130491268385}, {""block"": ""rsma"", ""rho"": 1.0, ""gain"": 0.0}, {""block"": ""star_ris"", ""rho"": 128.0, ""gain"": 0.005253645053709732}, {""block"": ""rsma"", ""rho"": 1.0, ""gain"": 0.0}, {""block"": ""star_ris"", ""rho"": 1.0, ""gain"": 0.10409002108895393}, {""block"": ""rsma"", ""rho"": 1.0, ""gain"": -3.552713678800501e-15}, {""block"": ""star_ris"", ""rho"": 8.0, ""gain"": 0.006314866727088031}, {""block"": ""rsma"", ""rho"": 1.0, ""gain"": 3.552713678800501e-15}, {""block"": ""star_ris"", ""rho"": 8.0, ""gain"": 0.04952621832143933}, {""block"": ""rsma"", ""rho"": 1.0, ""gain"": 3.552713678800501e-15}, {""block"": ""star_ris"", ""rho"": 16.0, ""gain"": 0.010911263351289335}, {""block"": ""rsma"", ""rho"": 1.0, ""gain"": -3.552713678800501e-15}, {""block"": ""star_ris"", ""rho"": 32.0, ""gain"": 0.015926228787979113}, {""block"": ""rsma"", ""rho"": 1.0, ""gain"": 7.105427357601002e-15}, {""block"": ""star_ris"", ""rho"": 64.0, ""gain"": 0.0011467397989406436}]",{},2571.88884,eb978e84730de4cf1e0579ad9e17edb700c67ba6eceac89d1fe3698763a419f7,fc61d5cda7da39530055bae9bd0e92865f995cd9,4e84455d08cacd9f85c432f7838c3be2cb0f000b55edc3487c6dee9520cc0b63
ao_sca,96,10000,737,test,19.186916706259527,19.186916706259527,1.0,True,0.0,10,5978,15,ao_sca_proximal_physical,analytical_ris_equal_allocation,"[1.8379959933378702, 18.06416475451478, 18.716540546927853, 18.726897661956215, 18.768645880098177, 18.948770558441886, 19.122106465135943, 19.15798277023051, 19.16248391245059, 19.186777700200196, 19.186916706259527]","[{""block"": ""rsma"", ""rho"": 1.0, ""gain"": 16.11967967696117}, {""block"": ""star_ris"", ""rho"": 8.0, ""gain"": 0.10648908421574177}, {""block"": ""rsma"", ""rho"": 1.0, ""gain"": -3.552713678800501e-15}, {""block"": ""star_ris"", ""rho"": 1.0, ""gain"": 0.6523757924130749}, {""block"": ""rsma"", ""rho"": 1.0, ""gain"": -3.552713678800501e-15}, {""block"": ""star_ris"", ""rho"": 1.0, ""gain"": 0.010357115028366337}, {""block"": ""rsma"", ""rho"": 1.0, ""gain"": 0.0}, {""block"": ""star_ris"", ""rho"": 2.0, ""gain"": 0.0417482181419615}, {""block"": ""rsma"", ""rho"": 1.0, ""gain"": 0.0}, {""block"": ""star_ris"", ""rho"": 1.0, ""gain"": 0.18012467834370938}, {""block"": ""rsma"", ""rho"": 1.0, ""gain"": 0.0}, {""block"": ""star_ris"", ""rho"": 1.0, ""gain"": 0.17333590669405652}, {""block"": ""rsma"", ""rho"": 1.0, ""gain"": 0.0}, {""block"": ""star_ris"", ""rho"": 4.0, ""gain"": 0.035876305094568295}, {""block"": ""rsma"", ""rho"": 1.0, ""gain"": 0.0}, {""block"": ""star_ris"", ""rho"": 64.0, ""gain"": 0.004501142220078691}, {""block"": ""rsma"", ""rho"": 1.0, ""gain"": 0.0}, {""block"": ""star_ris"", ""rho"": 4.0, ""gain"": 0.02429378774960611}, {""block"": ""rsma"", ""rho"": 1.0, ""gain"": 0.0}, {""block"": ""star_ris"", ""rho"": 8.0, ""gain"": 0.00013900605933159227}]",{},3246.099201,eb978e84730de4cf1e0579ad9e17edb700c67ba6eceac89d1fe3698763a419f7,fc61d5cda7da39530055bae9bd0e92865f995cd9,4e84455d08cacd9f85c432f7838c3be2cb0f000b55edc3487c6dee9520cc0b63
ao_sca,96,10000,738,test,18.859753045049807,18.859753045049807,1.0,True,0.0,3,1795,4,ao_sca_proximal_physical,analytical_ris_equal_allocation,"[1.837999692734284, 18.703796529299343, 18.857889640334307, 18.859753045049807]","[{""block"": ""rsma"", ""rho"": 1.0, ""gain"": 16.341943055248393}, {""block"": ""star_ris"", ""rho"": 1.0, ""gain"": 0.5238537813166637}, {""block"": ""rsma"", ""rho"": 1.0, ""gain"": 0.0}, {""block"": ""star_ris"", ""rho"": 1.0, ""gain"": 0.15409311103496393}, {""block"": ""rsma"", ""rho"": 1.0, ""gain"": 0.0}, {""block"": ""star_ris"", ""rho"": 64.0, ""gain"": 0.001863404715500394}]",{},908.464096,eb978e84730de4cf1e0579ad9e17edb700c67ba6eceac89d1fe3698763a419f7,fc61d5cda7da39530055bae9bd0e92865f995cd9,4e84455d08cacd9f85c432f7838c3be2cb0f000b55edc3487c6dee9520cc0b63
ao_sca,96,10000,739,test,18.817293778844117,18.817293778844117,1.0,True,0.0,18,10772,35,ao_sca_proximal_physical,analytical_ris_equal_allocation,"[1.8379752089101131, 17.938559796396426, 18.146575530745984, 18.19286529030814, 18.198518016960964, 18.5263453428671, 18.557050880815005, 18.613361878174736, 18.638458619830885, 18.662374270958573, 18.66702653280757, 18.67829600559153, 18.70799799165692, 18.751566637520035, 18.755484069265282, 18.76797123047875, 18.801275637532754, 18.816856836842977, 18.817293778844114]","[{""block"": ""rsma"", ""rho"": 1.0, ""gain"": 15.496551062976383}, {""block"": ""star_ris"", ""rho"": 2.0, ""gain"": 0.60403352450993}, {""block"": ""rsma"", ""rho"": 1.0, ""gain"": 0.0}, {""block"": ""star_ris"", ""rho"": 4.0, ""gain"": 0.20801573434955856}, {""block"": ""rsma"", ""rho"": 1.0, ""gain"": 0.0}, {""block"": ""star_ris"", ""rho"": 16.0, ""gain"": 0.046289759562156974}, {""block"": ""rsma"", ""rho"": 1.0, ""gain"": 0.0}, {""block"": ""star_ris"", ""rho"": 128.0, ""gain"": 0.005652726652822793}, {""block"": ""rsma"", ""rho"": 1.0, ""gain"": 0.0}, {""block"": ""star_ris"", ""rho"": 1.0, ""gain"": 0.32782732590613506}, {""block"": ""rsma"", ""rho"": 1.0, ""gain"": 0.0}, {""block"": ""star_ris"", ""rho"": 16.0, ""gain"": 0.03070553794790598}, {""block"": ""rsma"", ""rho"": 1.0, ""gain"": 0.0}, {""block"": ""star_ris"", ""rho"": 16.0, ""gain"": 0.05631099735973066}, {""block"": ""rsma"", ""rho"": 1.0, ""gain"": 0.0}, {""block"": ""star_ris"", ""rho"": 4.0, ""gain"": 0.02509674165614939}, {""block"": ""rsma"", ""rho"": 1.0, ""gain"": 0.0}, {""block"": ""star_ris"", ""rho"": 4.0, ""gain"": 0.023915651127687454}, {""block"": ""rsma"", ""rho"": 1.0, ""gain"": 0.0}, {""block"": ""star_ris"", ""rho"": 4.0, ""gain"": 0.00465226184899592}, {""block"": ""rsma"", ""rho"": 1.0, ""gain"": 0.0}, {""block"": ""star_ris"", ""rho"": 2.0, ""gain"": 0.011269472783961731}, {""block"": ""rsma"", ""rho"": 1.0, ""gain"": 0.0}, {""block"": ""star_ris"", ""rho"": 4.0, ""gain"": 0.02970198606539043}, {""block"": ""rsma"", ""rho"": 1.0, ""gain"": 0.0}, {""block"": ""star_ris"", ""rho"": 2.0, ""gain"": 0.0435686458631146}, {""block"": ""rsma"", ""rho"": 1.0, ""gain"": 0.0}, {""block"": ""star_ris"", ""rho"": 4.0, ""gain"": 0.0039174317452470575}, {""block"": ""rsma"", ""rho"": 1.0, ""gain"": 0.0}, {""block"": ""star_ris"", ""rho"": 4.0, ""gain"": 0.012487161213467601}, {""block"": ""rsma"", ""rho"": 1.0, ""gain"": 0.0}, {""block"": ""star_ris"", ""rho"": 16.0, ""gain"": 0.03330440705400406}, {""block"": ""rsma"", ""rho"": 1.0, ""gain"": 0.0}, {""block"": ""star_ris"", ""rho"": 4.0, ""gain"": 0.015581199310222615}, {""block"": ""rsma"", ""rho"": 1.0, ""gain"": 0.0}, {""block"": ""star_ris"", ""rho"": 2.0, ""gain"": 0.00043694200113719717}]",{},5644.287325,eb978e84730de4cf1e0579ad9e17edb700c67ba6eceac89d1fe3698763a419f7,fc61d5cda7da39530055bae9bd0e92865f995cd9,4e84455d08cacd9f85c432f7838c3be2cb0f000b55edc3487c6dee9520cc0b63
ao_sca,96,10000,740,test,19.038331629897744,19.038331629897744,1.0,True,0.0,13,7782,23,ao_sca_proximal_physical,analytical_ris_equal_allocation,"[1.8379914041213907, 18.372005061825618, 18.530133325919596, 18.684593566123016, 18.7545111381544, 18.83385352881687, 18.935092363594762, 18.976700818567593, 18.99152380808771, 18.999137202728377, 19.00127739801826, 19.019044255249927, 19.037989897284177, 19.038331629897744]","[{""block"": ""rsma"", ""rho"": 1.0, ""gain"": 16.15903789617986}, {""block"": ""star_ris"", ""rho"": 1.0, ""gain"": 0.37497576152436807}, {""block"": ""rsma"", ""rho"": 1.0, ""gain"": 0.0}, {""block"": ""star_ris"", ""rho"": 1.0, ""gain"": 0.1581282640939783}, {""block"": ""rsma"", ""rho"": 1.0, ""gain"": 0.0}, {""block"": ""star_ris"", ""rho"": 1.0, ""gain"": 0.15446024020342008}, {""block"": ""rsma"", ""rho"": 1.0, ""gain"": 0.0}, {""block"": ""star_ris"", ""rho"": 1.0, ""gain"": 0.06991757203138249}, {""block"": ""rsma"", ""rho"": 1.0, ""gain"": 0.0}, {""block"": ""star_ris"", ""rho"": 1.0, ""gain"": 0.07934239066247173}, {""block"": ""rsma"", ""rho"": 1.0, ""gain"": -3.552713678800501e-15}, {""block"": ""star_ris"", ""rho"": 4.0, ""gain"": 0.10123883477789519}, {""block"": ""rsma"", ""rho"": 1.0, ""gain"": -3.552713678800501e-15}, {""block"": ""star_ris"", ""rho"": 8.0, ""gain"": 0.04160845497283461}, {""block"": ""rsma"", ""rho"": 1.0, ""gain"": 0.0}, {""block"": ""star_ris"", ""rho"": 32.0, ""gain"": 0.014822989520116181}, {""block"": ""rsma"", ""rho"": 1.0, ""gain"": 0.0}, {""block"": ""star_ris"", ""rho"": 64.0, ""gain"": 0.007613394640667792}, {""block"": ""rsma"", ""rho"": 1.0, ""gain"": -7.105427357601002e-15}, {""block"": ""star_ris"", ""rho"": 128.0, ""gain"": 0.0021401952898898458}, {""block"": ""rsma"", ""rho"": 1.0, ""gain"": 0.0}, {""block"": ""star_ris"", ""rho"": 1.0, ""gain"": 0.017766857231666933}, {""block"": ""rsma"", ""rho"": 1.0, ""gain"": 0.0}, {""block"": ""star_ris"", ""rho"": 8.0, ""gain"": 0.0189456420342502}, {""block"": ""rsma"", ""rho"": 1.0, ""gain"": 0.0}, {""block"": ""star_ris"", ""rho"": 128.0, ""gain"": 0.0003417326135668475}]",{},4124.171637,eb978e84730de4cf1e0579ad9e17edb700c67ba6eceac89d1fe3698763a419f7,fc61d5cda7da39530055bae9bd0e92865f995cd9,4e84455d08cacd9f85c432f7838c3be2cb0f000b55edc3487c6dee9520cc0b63
ao_sca,96,10000,741,test,18.713104832795203,18.713104832795203,1.0,True,0.0,13,7796,23,ao_sca_proximal_physical,analytical_ris_equal_allocation,"[1.837987771867506, 18.423273737229778, 18.595938291373358, 18.646097251338315, 18.649686934172877, 18.656784710732616, 18.667321830460622, 18.670867480691363, 18.678035184982033, 18.688228907557452, 18.69167178063555, 18.698700173937937, 18.71284490487877, 18.713104832795203]","[{""block"": ""rsma"", ""rho"": 1.0, ""gain"": 16.090245060793144}, {""block"": ""star_ris"", ""rho"": 1.0, ""gain"": 0.49504090456912664}, {""block"": ""rsma"", ""rho"": 1.0, ""gain"": 0.0}, {""block"": ""star_ris"", ""rho"": 4.0, ""gain"": 0.17266455414358006}, {""block"": ""rsma"", ""rho"": 1.0, ""gain"": 0.0}, {""block"": ""star_ris"", ""rho"": 8.0, ""gain"": 0.050158959964957006}, {""block"": ""rsma"", ""rho"": 1.0, ""gain"": -3.552713678800501e-15}, {""block"": ""star_ris"", ""rho"": 16.0, ""gain"": 0.0035896828345656218}, {""block"": ""rsma"", ""rho"": 1.0, ""gain"": 0.0}, {""block"": ""star_ris"", ""rho"": 16.0, ""gain"": 0.0070977765597390885}, {""block"": ""rsma"", ""rho"": 1.0, ""gain"": 0.0}, {""block"": ""star_ris"", ""rho"": 16.0, ""gain"": 0.010537119728006417}, {""block"": ""rsma"", ""rho"": 1.0, ""gain"": 0.0}, {""block"": ""star_ris"", ""rho"": 16.0, ""gain"": 0.0035456502307411597}, {""block"": ""rsma"", ""rho"": 1.0, ""gain"": -3.552713678800501e-15}, {""block"": ""star_ris"", ""rho"": 16.0, ""gain"": 0.007167704290672816}, {""block"": ""rsma"", ""rho"": 1.0, ""gain"": 0.0}, {""block"": ""star_ris"", ""rho"": 16.0, ""gain"": 0.010193722575419173}, {""block"": ""rsma"", ""rho"": 1.0, ""gain"": 0.0}, {""block"": ""star_ris"", ""rho"": 16.0, ""gain"": 0.003442873078096653}, {""block"": ""rsma"", ""rho"": 1.0, ""gain"": -3.552713678800501e-15}, {""block"": ""star_ris"", ""rho"": 16.0, ""gain"": 0.007028393302391578}, {""block"": ""rsma"", ""rho"": 1.0, ""gain"": -3.552713678800501e-15}, {""block"": ""star_ris"", ""rho"": 32.0, ""gain"": 0.014144730940838457}, {""block"": ""rsma"", ""rho"": 1.0, ""gain"": -3.552713678800501e-15}, {""block"": ""star_ris"", ""rho"": 32.0, ""gain"": 0.0002599279164350321}]",{},4065.707368,eb978e84730de4cf1e0579ad9e17edb700c67ba6eceac89d1fe3698763a419f7,fc61d5cda7da39530055bae9bd0e92865f995cd9,4e84455d08cacd9f85c432f7838c3be2cb0f000b55edc3487c6dee9520cc0b63
ao_sca,96,10000,742,test,18.497707417021577,18.497707417021577,1.0,True,0.0,2,1193,3,ao_sca_proximal_physical,analytical_ris_equal_allocation,"[1.8379878313082092, 18.49653379450237, 18.497707417021577]","[{""block"": ""rsma"", ""rho"": 1.0, ""gain"": 16.035851847475474}, {""block"": ""star_ris"", ""rho"": 1.0, ""gain"": 0.6226941157186872}, {""block"": ""rsma"", ""rho"": 1.0, ""gain"": 0.0}, {""block"": ""star_ris"", ""rho"": 1.0, ""gain"": 0.0011736225192073846}]",{},628.027955,eb978e84730de4cf1e0579ad9e17edb700c67ba6eceac89d1fe3698763a419f7,fc61d5cda7da39530055bae9bd0e92865f995cd9,4e84455d08cacd9f85c432f7838c3be2cb0f000b55edc3487c6dee9520cc0b63
ao_sca,96,10000,743,test,18.53877933425609,18.53877933425609,1.0,True,0.0,4,2385,8,ao_sca_proximal_physical,analytical_ris_equal_allocation,"[1.8379854113809104, 18.230588898263537, 18.5138886746123, 18.537508529861455, 18.538779334256095]","[{""block"": ""rsma"", ""rho"": 1.0, ""gain"": 16.178644093739234}, {""block"": ""star_ris"", ""rho"": 1.0, ""gain"": 0.2139593931433943}, {""block"": ""rsma"", ""rho"": 1.0, ""gain"": -3.552713678800501e-15}, {""block"": ""star_ris"", ""rho"": 1.0, ""gain"": 0.28329977634876613}, {""block"": ""rsma"", ""rho"": 1.0, ""gain"": 0.0}, {""block"": ""star_ris"", ""rho"": 1.0, ""gain"": 0.02361985524915511}, {""block"": ""rsma"", ""rho"": 1.0, ""gain"": 0.0}, {""block"": ""star_ris"", ""rho"": 1.0, ""gain"": 0.0012708043946396685}]",{},1239.3649,eb978e84730de4cf1e0579ad9e17edb700c67ba6eceac89d1fe3698763a419f7,fc61d5cda7da39530055bae9bd0e92865f995cd9,4e84455d08cacd9f85c432f7838c3be2cb0f000b55edc3487c6dee9520cc0b63
ao_sca,96,10000,744,test,19.07803658980948,19.07803658980948,1.0,True,0.0,12,7165,19,ao_sca_proximal_physical,analytical_ris_equal_allocation,"[1.8379862072853128, 18.119312347085454, 18.140473643158305, 18.419089784119276, 18.623311791884323, 18.70418071425148, 18.896366288465398, 18.93028829691297, 18.99186986149409, 19.008994202394046, 19.048039049110216, 19.077985476923377, 19.078036589809482]","[{""block"": ""rsma"", ""rho"": 1.0, ""gain"": 16.279719763325808}, {""block"": ""star_ris"", ""rho"": 1.0, ""gain"": 0.0016063764743350362}, {""block"": ""rsma"", ""rho"": 1.0, ""gain"": 0.0}, {""block"": ""star_ris"", ""rho"": 2.0, ""gain"": 0.021161296072850888}, {""block"": ""rsma"", ""rho"": 1.0, ""gain"": -3.552713678800501e-15}, {""block"": ""star_ris"", ""rho"": 1.0, ""gain"": 0.278616140960974}, {""block"": ""rsma"", ""rho"": 1.0, ""gain"": 0.0}, {""block"": ""star_ris"", ""rho"": 1.0, ""gain"": 0.20422200776504695}, {""block"": ""rsma"", ""rho"": 1.0, ""gain"": -3.552713678800501e-15}, {""block"": ""star_ris"", ""rho"": 1.0, ""gain"": 0.08086892236715926}, {""block"": ""rsma"", ""rho"": 1.0, ""gain"": 0.0}, {""block"": ""star_ris"", ""rho"": 1.0, ""gain"": 0.19218557421391935}, {""block"": ""rsma"", ""rho"": 1.0, ""gain"": 0.0}, {""block"": ""star_ris"", ""rho"": 1.0, ""gain"": 0.03392200844757198}, {""block"": ""rsma"", ""rho"": 1.0, ""gain"": 0.0}, {""block"": ""star_ris"", ""rho"": 1.0, ""gain"": 0.06158156458112174}, {""block"": ""rsma"", ""rho"": 1.0, ""gain"": 3.552713678800501e-15}, {""block"": ""star_ris"", ""rho"": 2.0, ""gain"": 0.017124340899950852}, {""block"": ""rsma"", ""rho"": 1.0, ""gain"": 3.552713678800501e-15}, {""block"": ""star_ris"", ""rho"": 2.0, ""gain"": 0.03904484671616615}, {""block"": ""rsma"", ""rho"": 1.0, ""gain"": 0.0}, {""block"": ""star_ris"", ""rho"": 8.0, ""gain"": 0.02994642781316159}, {""block"": ""rsma"", ""rho"": 1.0, ""gain"": 0.0}, {""block"": ""star_ris"", ""rho"": 64.0, ""gain"": 5.1112886104931476e-05}]",{},3827.573412,eb978e84730de4cf1e0579ad9e17edb700c67ba6eceac89d1fe3698763a419f7,fc61d5cda7da39530055bae9bd0e92865f995cd9,4e84455d08cacd9f85c432f7838c3be2cb0f000b55edc3487c6dee9520cc0b63
ao_sca,96,10000,745,test,18.42621683145374,18.42621683145374,1.0,True,0.0,13,7795,23,ao_sca_proximal_physical,analytical_ris_equal_allocation,"[1.8379696898493356, 17.672849589444805, 17.86584713259586, 17.868285238235007, 17.87133062444009, 17.889846663521137, 17.91230773942336, 18.134797394403183, 18.316925681394086, 18.39867313614713, 18.409984949854568, 18.422253169827595, 18.42611113194935, 18.42621683145374]","[{""block"": ""rsma"", ""rho"": 1.0, ""gain"": 15.777095261518946}, {""block"": ""star_ris"", ""rho"": 4.0, ""gain"": 0.05778463807652301}, {""block"": ""rsma"", ""rho"": 1.0, ""gain"": 0.0}, {""block"": ""star_ris"", ""rho"": 4.0, ""gain"": 0.19299754315105488}, {""block"": ""rsma"", ""rho"": 1.0, ""gain"": 0.0}, {""block"": ""star_ris"", ""rho"": 64.0, ""gain"": 0.002438105639146926}, {""block"": ""rsma"", ""rho"": 1.0, ""gain"": 0.0}, {""block"": ""star_ris"", ""rho"": 16.0, ""gain"": 0.0030453862050840996}, {""block"": ""rsma"", ""rho"": 1.0, ""gain"": 3.552713678800501e-15}, {""block"": ""star_ris"", ""rho"": 8.0, ""gain"": 0.01851603908104238}, {""block"": ""rsma"", ""rho"": 1.0, ""gain"": -7.105427357601002e-15}, {""block"": ""star_ris"", ""rho"": 2.0, ""gain"": 0.022461075902228345}, {""block"": ""rsma"", ""rho"": 1.0, ""gain"": 3.552713678800501e-15}, {""block"": ""star_ris"", ""rho"": 2.0, ""gain"": 0.22248965497982098}, {""block"": ""rsma"", ""rho"": 1.0, ""gain"": -3.552713678800501e-15}, {""block"": ""star_ris"", ""rho"": 2.0, ""gain"": 0.18212828699090622}, {""block"": ""rsma"", ""rho"": 1.0, ""gain"": 0.0}, {""block"": ""star_ris"", ""rho"": 8.0, ""gain"": 0.0817474547530459}, {""block"": ""rsma"", ""rho"": 1.0, ""gain"": 0.0}, {""block"": ""star_ris"", ""rho"": 16.0, ""gain"": 0.011311813707436613}, {""block"": ""rsma"", ""rho"": 1.0, ""gain"": 0.0}, {""block"": ""star_ris"", ""rho"": 64.0, ""gain"": 0.012268219973027072}, {""block"": ""rsma"", ""rho"": 1.0, ""gain"": 0.0}, {""block"": ""star_ris"", ""rho"": 128.0, ""gain"": 0.0038579621217564863}, {""block"": ""rsma"", ""rho"": 1.0, ""gain"": 0.0}, {""block"": ""star_ris"", ""rho"": 64.0, ""gain"": 0.00010569950438821252}]",{},4022.979535,eb978e84730de4cf1e0579ad9e17edb700c67ba6eceac89d1fe3698763a419f7,fc61d5cda7da39530055bae9bd0e92865f995cd9,4e84455d08cacd9f85c432f7838c3be2cb0f000b55edc3487c6dee9520cc0b63
ao_sca,96,10000,746,test,19.05199908353594,19.05199908353594,1.0,True,0.0,20,11971,38,ao_sca_proximal_physical,analytical_ris_equal_allocation,"[1.8379905996277728, 18.38338500580541, 18.39983176640477, 18.687639142886393, 18.750138458050014, 18.752541128486577, 18.760164001806796, 18.772855640197285, 18.77975164337471, 18.790718216358727, 18.796118108457307, 18.828907888951573, 18.855807117198694, 18.90250569179404, 18.930207822251422, 18.946827862755647, 18.988030797971373, 19.009966187123645, 19.027654167899016, 19.043934066999057, 19.05199908353594]","[{""block"": ""rsma"", ""rho"": 1.0, ""gain"": 15.866484014597582}, {""block"": ""star_ris"", ""rho"": 1.0, ""gain"": 0.6789103915800538}, {""block"": ""rsma"", ""rho"": 1.0, ""gain"": 0.0}, {""block"": ""star_ris"", ""rho"": 32.0, ""gain"": 0.016446760599361454}, {""block"": ""rsma"", ""rho"": 1.0, ""gain"": 0.0}, {""block"": ""star_ris"", ""rho"": 2.0, ""gain"": 0.2878073764816236}, {""block"": ""rsma"", ""rho"": 1.0, ""gain"": 0.0}, {""block"": ""star_ris"", ""rho"": 4.0, ""gain"": 0.062499315163620395}, {""block"": ""rsma"", ""rho"": 1.0, ""gain"": 0.0}, {""block"": ""star_ris"", ""rho"": 64.0, ""gain"": 0.00240267043656317}, {""block"": ""rsma"", ""rho"": 1.0, ""gain"": 0.0}, {""block"": ""star_ris"", ""rho"": 8.0, ""gain"": 0.00762287332021927}, {""block"": ""rsma"", ""rho"": 1.0, ""gain"": 0.0}, {""block"": ""star_ris"", ""rho"": 32.0, ""gain"": 0.012691638390489146}, {""block"": ""rsma"", ""rho"": 1.0, ""gain"": 0.0}, {""block"": ""star_ris"", ""rho"": 16.0, ""gain"": 0.006896003177423893}, {""block"": ""rsma"", ""rho"": 1.0, ""gain"": 0.0}, {""block"": ""star_ris"", ""rho"": 32.0, ""gain"": 0.010966572984017375}, {""block"": ""rsma"", ""rho"": 1.0, ""gain"": 0.0}, {""block"": ""star_ris"", ""rho"": 2.0, ""gain"": 0.005399892098580494}, {""block"": ""rsma"", ""rho"": 1.0, ""gain"": 0.0}, {""block"": ""star_ris"", ""rho"": 4.0, ""gain"": 0.03278978049426584}, {""block"": ""rsma"", ""rho"": 1.0, ""gain"": 0.0}, {""block"": ""star_ris"", ""rho"": 2.0, ""gain"": 0.026899228247120988}, {""block"": ""rsma"", ""rho"": 1.0, ""gain"": 3.552713678800501e-15}, {""block"": ""star_ris"", ""rho"": 4.0, ""gain"": 0.04669857459534299}, {""block"": ""rsma"", ""rho"": 1.0, ""gain"": 0.0}, {""block"": ""star_ris"", ""rho"": 2.0, ""gain"": 0.027702130457381458}, {""block"": ""rsma"", ""rho"": 1.0, ""gain"": 0.0}, {""block"": ""star_ris"", ""rho"": 4.0, ""gain"": 0.016620040504225386}, {""block"": ""rsma"", ""rho"": 1.0, ""gain"": 0.0}, {""block"": ""star_ris"", ""rho"": 1.0, ""gain"": 0.04120293521572549}, {""block"": ""rsma"", ""rho"": 1.0, ""gain"": 0.0}, {""block"": ""star_ris"", ""rho"": 1.0, ""gain"": 0.021935389152272222}, {""block"": ""rsma"", ""rho"": 1.0, ""gain"": 0.0}, {""block"": ""star_ris"", ""rho"": 2.0, ""gain"": 0.017687980775370704}, {""block"": ""rsma"", ""rho"": 1.0, ""gain"": 3.552713678800501e-15}, {""block"": ""star_ris"", ""rho"": 16.0, ""gain"": 0.01627989910003791}, {""block"": ""rsma"", ""rho"": 1.0, ""gain"": 0.0}, {""block"": ""star_ris"", ""rho"": 32.0, ""gain"": 0.008065016536882297}]",{},6345.6671,eb978e84730de4cf1e0579ad9e17edb700c67ba6eceac89d1fe3698763a419f7,fc61d5cda7da39530055bae9bd0e92865f995cd9,4e84455d08cacd9f85c432f7838c3be2cb0f000b55edc3487c6dee9520cc0b63
ao_sca,96,10000,747,test,18.538293239065297,18.538293239065297,1.0,True,0.0,13,7780,25,ao_sca_proximal_physical,analytical_ris_equal_allocation,"[1.8379614141783358, 17.690419923259864, 17.764301822200267, 17.7993568247416, 17.80791938773929, 18.064628079941816, 18.171714205698066, 18.197014963861328, 18.216110670399488, 18.218560825261797, 18.382683281066843, 18.534837576511734, 18.53679541177121, 18.538293239065297]","[{""block"": ""rsma"", ""rho"": 1.0, ""gain"": 15.473850834816632}, {""block"": ""star_ris"", ""rho"": 2.0, ""gain"": 0.37860767426489517}, {""block"": ""rsma"", ""rho"": 1.0, ""gain"": -3.552713678800501e-15}, {""block"": ""star_ris"", ""rho"": 8.0, ""gain"": 0.07388189894040664}, {""block"": ""rsma"", ""rho"": 1.0, ""gain"": 0.0}, {""block"": ""star_ris"", ""rho"": 16.0, ""gain"": 0.03505500254133409}, {""block"": ""rsma"", ""rho"": 1.0, ""gain"": -3.552713678800501e-15}, {""block"": ""star_ris"", ""rho"": 64.0, ""gain"": 0.008562562997692424}, {""block"": ""rsma"", ""rho"": 1.0, ""gain"": 0.0}, {""block"": ""star_ris"", ""rho"": 2.0, ""gain"": 0.2567086922025261}, {""block"": ""rsma"", ""rho"": 1.0, ""gain"": 0.0}, {""block"": ""star_ris"", ""rho"": 4.0, ""gain"": 0.10708612575625054}, {""block"": ""rsma"", ""rho"": 1.0, ""gain"": 0.0}, {""block"": ""star_ris"", ""rho"": 4.0, ""gain"": 0.025300758163261605}, {""block"": ""rsma"", ""rho"": 1.0, ""gain"": -3.552713678800501e-15}, {""block"": ""star_ris"", ""rho"": 2.0, ""gain"": 0.01909570653816317}, {""block"": ""rsma"", ""rho"": 1.0, ""gain"": 0.0}, {""block"": ""star_ris"", ""rho"": 1.0, ""gain"": 0.0024501548623092617}, {""block"": ""rsma"", ""rho"": 1.0, ""gain"": -3.552713678800501e-15}, {""block"": ""star_ris"", ""rho"": 1.0, ""gain"": 0.16412245580504958}, {""block"": ""rsma"", ""rho"": 1.0, ""gain"": -3.552713678800501e-15}, {""block"": ""star_ris"", ""rho"": 1.0, ""gain"": 0.15215429544489467}, {""block"": ""rsma"", ""rho"": 1.0, ""gain"": 0.0}, {""block"": ""star_ris"", ""rho"": 32.0, ""gain"": 0.001957835259474905}, {""block"": ""rsma"", ""rho"": 1.0, ""gain"": 3.552713678800501e-15}, {""block"": ""star_ris"", ""rho"": 64.0, ""gain"": 0.0014978272940844306}]",{},4057.048458,eb978e84730de4cf1e0579ad9e17edb700c67ba6eceac89d1fe3698763a419f7,fc61d5cda7da39530055bae9bd0e92865f995cd9,4e84455d08cacd9f85c432f7838c3be2cb0f000b55edc3487c6dee9520cc0b63
ao_sca,96,10000,748,test,18.789030373032745,18.789030373032745,1.0,True,0.0,13,7776,23,ao_sca_proximal_physical,analytical_ris_equal_allocation,"[1.8379937713893877, 18.37249495061812, 18.40909624818365, 18.42698103720577, 18.532214523761063, 18.56403601275687, 18.576502424592146, 18.656305331974572, 18.683874583475816, 18.71585143314041, 18.73579099917346, 18.773136084965785, 18.788128136845252, 18.789030373032745]","[{""block"": ""rsma"", ""rho"": 1.0, ""gain"": 16.37355963373866}, {""block"": ""star_ris"", ""rho"": 4.0, ""gain"": 0.16094154549006845}, {""block"": ""rsma"", ""rho"": 1.0, ""gain"": 0.0}, {""block"": ""star_ris"", ""rho"": 16.0, ""gain"": 0.03660129756553232}, {""block"": ""rsma"", ""rho"": 1.0, ""gain"": 3.552713678800501e-15}, {""block"": ""star_ris"", ""rho"": 32.0, ""gain"": 0.017884789022115655}, {""block"": ""rsma"", ""rho"": 1.0, ""gain"": 0.0}, {""block"": ""star_ris"", ""rho"": 4.0, ""gain"": 0.10523348655529219}, {""block"": ""rsma"", ""rho"": 1.0, ""gain"": -3.552713678800501e-15}, {""block"": ""star_ris"", ""rho"": 1.0, ""gain"": 0.03182148899580994}, {""block"": ""rsma"", ""rho"": 1.0, ""gain"": 0.0}, {""block"": ""star_ris"", ""rho"": 4.0, ""gain"": 0.012466411835276858}, {""block"": ""rsma"", ""rho"": 1.0, ""gain"": 0.0}, {""block"": ""star_ris"", ""rho"": 4.0, ""gain"": 0.07980290738242601}, {""block"": ""rsma"", ""rho"": 1.0, ""gain"": 7.105427357601002e-15}, {""block"": ""star_ris"", ""rho"": 4.0, ""gain"": 0.027569251501237346}, {""block"": ""rsma"", ""rho"": 1.0, ""gain"": 0.0}, {""block"": ""star_ris"", ""rho"": 16.0, ""gain"": 0.03197684966459491}, {""block"": ""rsma"", ""rho"": 1.0, ""gain"": 0.0}, {""block"": ""star_ris"", ""rho"": 4.0, ""gain"": 0.019939566033048806}, {""block"": ""rsma"", ""rho"": 1.0, ""gain"": 0.0}, {""block"": ""star_ris"", ""rho"": 2.0, ""gain"": 0.03734508579232454}, {""block"": ""rsma"", ""rho"": 1.0, ""gain"": 7.105427357601002e-15}, {""block"": ""star_ris"", ""rho"": 2.0, ""gain"": 0.014992051879460178}, {""block"": ""rsma"", ""rho"": 1.0, ""gain"": 0.0}, {""block"": ""star_ris"", ""rho"": 1.0, ""gain"": 0.0009022361874926332}]",{},4115.210481,eb978e84730de4cf1e0579ad9e17edb700c67ba6eceac89d1fe3698763a419f7,fc61d5cda7da39530055bae9bd0e92865f995cd9,4e84455d08cacd9f85c432f7838c3be2cb0f000b55edc3487c6dee9520cc0b63
ao_sca,96,10000,749,test,18.88916419699362,18.88916419699362,1.0,True,0.0,5,2993,10,ao_sca_proximal_physical,analytical_ris_equal_allocation,"[1.8380038782729, 18.743621445000343, 18.785335281496835, 18.859571367553897, 18.88756363706596, 18.88916419699362]","[{""block"": ""rsma"", ""rho"": 1.0, ""gain"": 16.75946864082366}, {""block"": ""star_ris"", ""rho"": 1.0, ""gain"": 0.14614892590378403}, {""block"": ""rsma"", ""rho"": 1.0, ""gain"": 0.0}, {""block"": ""star_ris"", ""rho"": 4.0, ""gain"": 0.0417138364964913}, {""block"": ""rsma"", ""rho"": 1.0, ""gain"": 0.0}, {""block"": ""star_ris"", ""rho"": 4.0, ""gain"": 0.07423608605706278}, {""block"": ""rsma"", ""rho"": 1.0, ""gain"": 0.0}, {""block"": ""star_ris"", ""rho"": 8.0, ""gain"": 0.027992269512061796}, {""block"": ""rsma"", ""rho"": 1.0, ""gain"": -3.552713678800501e-15}, {""block"": ""star_ris"", ""rho"": 32.0, ""gain"": 0.00160055992766317}]",{},1599.138547,eb978e84730de4cf1e0579ad9e17edb700c67ba6eceac89d1fe3698763a419f7,fc61d5cda7da39530055bae9bd0e92865f995cd9,4e84455d08cacd9f85c432f7838c3be2cb0f000b55edc3487c6dee9520cc0b63
