method,n_ris,seed,scenario,split,sum_rate,reward,qos_fraction,all_qos,violation,iterations,evaluations,accepted_steps,solver,initialization,objective_history,surrogate_records,grid,solve_ms,config_hash,git_commit,bank_checksum
ao_sca,96,10000,750,test,19.015328931950624,19.015328931950624,1.0,True,0.0,20,11956,34,ao_sca_proximal_physical,analytical_ris_equal_allocation,"[1.8379900255444919, 18.17750469441684, 18.229499522841003, 18.309667177101495, 18.34731867353266, 18.356480617204305, 18.616908525881964, 18.628777312615, 18.64310465628963, 18.653579735687885, 18.67079113635553, 18.674482995097026, 18.687594430083504, 18.72786580547436, 18.766008665206062, 18.824259720103203, 18.87178929214176, 18.911205463044716, 18.95445540340679, 18.97481420647651, 19.015328931950624]","[{""block"": ""rsma"", ""rho"": 1.0, ""gain"": 16.301089242302794}, {""block"": ""star_ris"", ""rho"": 4.0, ""gain"": 0.03842542656955317}, {""block"": ""rsma"", ""rho"": 1.0, ""gain"": 0.0}, {""block"": ""star_ris"", ""rho"": 1.0, ""gain"": 0.051994828424163586}, {""block"": ""rsma"", ""rho"": 1.0, ""gain"": 0.0}, {""block"": ""star_ris"", ""rho"": 8.0, ""gain"": 0.08016765426049233}, {""block"": ""rsma"", ""rho"": 1.0, ""gain"": 0.0}, {""block"": ""star_ris"", ""rho"": 16.0, ""gain"": 0.03765149643116317}, {""block"": ""rsma"", ""rho"": 1.0, ""gain"": 0.0}, {""block"": ""star_ris"", ""rho"": 64.0, ""gain"": 0.009161943671646355}, {""block"": ""rsma"", ""rho"": 1.0, ""gain"": 0.0}, {""block"": ""star_ris"", ""rho"": 1.0, ""gain"": 0.2604279086776593}, {""block"": ""rsma"", ""rho"": 1.0, ""gain"": 0.0}, {""block"": ""star_ris"", ""rho"": 2.0, ""gain"": 0.011868786733035819}, {""block"": ""rsma"", ""rho"": 1.0, ""gain"": -3.552713678800501e-15}, {""block"": ""star_ris"", ""rho"": 1.0, ""gain"": 0.014327343674633397}, {""block"": ""rsma"", ""rho"": 1.0, ""gain"": 0.0}, {""block"": ""star_ris"", ""rho"": 4.0, ""gain"": 0.01047507939825465}, {""block"": ""rsma"", ""rho"": 1.0, ""gain"": 3.552713678800501e-15}, {""block"": ""star_ris"", ""rho"": 4.0, ""gain"": 0.01721140066764093}, {""block"": ""rsma"", ""rho"": 1.0, ""gain"": 0.0}, {""block"": ""star_ris"", ""rho"": 1.0, ""gain"": 0.003691858741497356}, {""block"": ""rsma"", ""rho"": 1.0, ""gain"": 0.0}, {""block"": ""star_ris"", ""rho"": 2.0, ""gain"": 0.013111434986477377}, {""block"": ""rsma"", ""rho"": 1.0, ""gain"": -3.552713678800501e-15}, {""block"": ""star_ris"", ""rho"": 1.0, ""gain"": 0.040271375390858566}, {""block"": ""rsma"", ""rho"": 1.0, ""gain"": 0.0}, {""block"": ""star_ris"", ""rho"": 32.0, ""gain"": 0.03814285973170328}, {""block"": ""rsma"", ""rho"": 1.0, ""gain"": 0.0}, {""block"": ""star_ris"", ""rho"": 2.0, ""gain"": 0.05825105489714133}, {""block"": ""rsma"", ""rho"": 1.0, ""gain"": 0.0}, {""block"": ""star_ris"", ""rho"": 2.0, ""gain"": 0.04752957203855601}, {""block"": ""rsma"", ""rho"": 1.0, ""gain"": 0.0}, {""block"": ""star_ris"", ""rho"": 2.0, ""gain"": 0.03941617090295679}, {""block"": ""rsma"", ""rho"": 1.0, ""gain"": 0.0}, {""block"": ""star_ris"", ""rho"": 2.0, ""gain"": 0.04324994036207386}, {""block"": ""rsma"", ""rho"": 1.0, ""gain"": 0.0}, {""block"": ""star_ris"", ""rho"": 2.0, ""gain"": 0.020358803069719045}, {""block"": ""rsma"", ""rho"": 1.0, ""gain"": 0.0}, {""block"": ""star_ris"", ""rho"": 16.0, ""gain"": 0.0405147254741145}]",{},6969.081375,eb978e84730de4cf1e0579ad9e17edb700c67ba6eceac89d1fe3698763a419f7,fc61d5cda7da39530055bae9bd0e92865f995cd9,4e84455d08cacd9f85c432f7838c3be2cb0f000b55edc3487c6dee9520cc0b63
ao_sca,96,10000,751,test,18.4326974240033,18.4326974240033,1.0,True,0.0,4,2394,6,ao_sca_proximal_physical,analytical_ris_equal_allocation,"[1.8379831759821756, 18.099383808475906, 18.376107807098208, 18.432611521718012, 18.4326974240033]","[{""block"": ""rsma"", ""rho"": 1.0, ""gain"": 16.031263488779377}, {""block"": ""star_ris"", ""rho"": 1.0, ""gain"": 0.23013714371435512}, {""block"": ""rsma"", ""rho"": 1.0, ""gain"": 3.552713678800501e-15}, {""block"": ""star_ris"", ""rho"": 2.0, ""gain"": 0.27672399862229824}, {""block"": ""rsma"", ""rho"": 1.0, ""gain"": 0.0}, {""block"": ""star_ris"", ""rho"": 8.0, ""gain"": 0.05650371461980441}, {""block"": ""rsma"", ""rho"": 1.0, ""gain"": 0.0}, {""block"": ""star_ris"", ""rho"": 32.0, ""gain"": 8.590228528859711e-05}]",{},1342.757438,eb978e84730de4cf1e0579ad9e17edb700c67ba6eceac89d1fe3698763a419f7,fc61d5cda7da39530055bae9bd0e92865f995cd9,4e84455d08cacd9f85c432f7838c3be2cb0f000b55edc3487c6dee9520cc0b63
ao_sca,96,10000,752,test,18.52928338229175,18.52928338229175,1.0,True,0.0,8,4788,15,ao_sca_proximal_physical,analytical_ris_equal_allocation,"[1.837987392453419, 18.204857835267465, 18.22698310615571, 18.26865666142414, 18.338158679594716, 18.371295326437075, 18.506802926740164, 18.52866587305633, 18.52928338229175]","[{""block"": ""rsma"", ""rho"": 1.0, ""gain"": 16.169910599591688}, {""block"": ""star_ris"", ""rho"": 4.0, ""gain"": 0.19695984322235915}, {""block"": ""rsma"", ""rho"": 1.0, ""gain"": 0.0}, {""block"": ""star_ris"", ""rho"": 32.0, ""gain"": 0.022125270888246007}, {""block"": ""rsma"", ""rho"": 1.0, ""gain"": 0.0}, {""block"": ""star_ris"", ""rho"": 2.0, ""gain"": 0.041673555268427975}, {""block"": ""rsma"", ""rho"": 1.0, ""gain"": 0.0}, {""block"": ""star_ris"", ""rho"": 8.0, ""gain"": 0.06950201817057788}, {""block"": ""rsma"", ""rho"": 1.0, ""gain"": 0.0}, {""block"": ""star_ris"", ""rho"": 16.0, ""gain"": 0.033136646842358175}, {""block"": ""rsma"", ""rho"": 1.0, ""gain"": 3.552713678800501e-15}, {""block"": ""star_ris"", ""rho"": 2.0, ""gain"": 0.13550760030308595}, {""block"": ""rsma"", ""rho"": 1.0, ""gain"": 0.0}, {""block"": ""star_ris"", ""rho"": 1.0, ""gain"": 0.021862946316165477}, {""block"": ""rsma"", ""rho"": 1.0, ""gain"": 0.0}, {""block"": ""star_ris"", ""rho"": 8.0, ""gain"": 0.0006175092354219203}]",{},2679.229087,eb978e84730de4cf1e0579ad9e17edb700c67ba6eceac89d1fe3698763a419f7,fc61d5cda7da39530055bae9bd0e92865f995cd9,4e84455d08cacd9f85c432f7838c3be2cb0f000b55edc3487c6dee9520cc0b63
ao_sca,96,10000,753,test,18.56406684613606,18.56406684613606,1.0,True,0.0,5,2987,10,ao_sca_proximal_physical,analytical_ris_equal_allocation,"[1.837980869955373, 18.138561308213475, 18.32535796338835, 18.44198876830285, 18.56371872400703, 18.56406684613606]","[{""block"": ""rsma"", ""rho"": 1.0, ""gain"": 16.154115436722833}, {""block"": ""star_ris"", ""rho"": 1.0, ""gain"": 0.14646500153526887}, {""block"": ""rsma"", ""rho"": 1.0, ""gain"": 0.0}, {""block"": ""star_ris"", ""rho"": 1.0, ""gain"": 0.18679665517487365}, {""block"": ""rsma"", ""rho"": 1.0, ""gain"": 0.0}, {""block"": ""star_ris"", ""rho"": 1.0, ""gain"": 0.11663080491450017}, {""block"": ""rsma"", ""rho"": 1.0, ""gain"": 0.0}, {""block"": ""star_ris"", ""rho"": 1.0, ""gain"": 0.1217299557041791}, {""block"": ""rsma"", ""rho"": 1.0, ""gain"": 3.552713678800501e-15}, {""block"": ""star_ris"", ""rho"": 64.0, ""gain"": 0.000348122129029349}]",{},1663.325998,eb978e84730de4cf1e0579ad9e17edb700c67ba6eceac89d1fe3698763a419f7,fc61d5cda7da39530055bae9bd0e92865f995cd9,4e84455d08cacd9f85c432f7838c3be2cb0f000b55edc3487c6dee9520cc0b63
ao_sca,96,10000,754,test,19.259562318537576,19.259562318537576,1.0,True,0.0,10,5965,19,ao_sca_proximal_physical,analytical_ris_equal_allocation,"[1.8379957215992921, 18.266442851293544, 18.50869508096479, 18.83996511324669, 18.856063756726904, 18.98916742623937, 19.08002477797048, 19.22198962878127, 19.25642842166198, 19.25944420106251, 19.259562318537576]","[{""block"": ""rsma"", ""rho"": 1.0, ""gain"": 16.172457256899516}, {""block"": ""star_ris"", ""rho"": 1.0, ""gain"": 0.2559898727947356}, {""block"": ""rsma"", ""rho"": 1.0, ""gain"": 0.0}, {""block"": ""star_ris"", ""rho"": 1.0, ""gain"": 0.24225222967124793}, {""block"": ""rsma"", ""rho"": 1.0, ""gain"": 3.552713678800501e-15}, {""block"": ""star_ris"", ""rho"": 1.0, ""gain"": 0.3312700322818962}, {""block"": ""rsma"", ""rho"": 1.0, ""gain"": 0.0}, {""block"": ""star_ris"", ""rho"": 2.0, ""gain"": 0.016098643480212615}, {""block"": ""rsma"", ""rho"": 1.0, ""gain"": -3.552713678800501e-15}, {""block"": ""star_ris"", ""rho"": 1.0, ""gain"": 0.13310366951246877}, {""block"": ""rsma"", ""rho"": 1.0, ""gain"": 0.0}, {""block"": ""star_ris"", ""rho"": 1.0, ""gain"": 0.09085735173110976}, {""block"": ""rsma"", ""rho"": 1.0, ""gain"": 0.0}, {""block"": ""star_ris"", ""rho"": 1.0, ""gain"": 0.14196485081079047}, {""block"": ""rsma"", ""rho"": 1.0, ""gain"": 0.0}, {""block"": ""star_ris"", ""rho"": 2.0, ""gain"": 0.03443879288071017}, {""block"": ""rsma"", ""rho"": 1.0, ""gain"": 3.552713678800501e-15}, {""block"": ""star_ris"", ""rho"": 2.0, ""gain"": 0.003015779400527663}, {""block"": ""rsma"", ""rho"": 1.0, ""gain"": 0.0}, {""block"": ""star_ris"", ""rho"": 2.0, ""gain"": 0.00011811747506484949}]",{},3313.253182,eb978e84730de4cf1e0579ad9e17edb700c67ba6eceac89d1fe3698763a419f7,fc61d5cda7da39530055bae9bd0e92865f995cd9,4e84455d08cacd9f85c432f7838c3be2cb0f000b55edc3487c6dee9520cc0b63
ao_sca,96,10000,755,test,18.88387700357601,18.88387700357601,1.0,True,0.0,15,8987,28,ao_sca_proximal_physical,analytical_ris_equal_allocation,"[1.8379882857025283, 18.341457810504007, 18.411976693929745, 18.46664939603158, 18.503032429175303, 18.511913279146103, 18.581139535266445, 18.73535506954428, 18.759666065121383, 18.77527319394787, 18.85354666740085, 18.872075726196375, 18.876651765258813, 18.881280085756604, 18.883729343357565, 18.883877003576014]","[{""block"": ""rsma"", ""rho"": 1.0, ""gain"": 16.094975946886404}, {""block"": ""star_ris"", ""rho"": 2.0, ""gain"": 0.408493577915074}, {""block"": ""rsma"", ""rho"": 1.0, ""gain"": 0.0}, {""block"": ""star_ris"", ""rho"": 4.0, ""gain"": 0.07051888342573776}, {""block"": ""rsma"", ""rho"": 1.0, ""gain"": 0.0}, {""block"": ""star_ris"", ""rho"": 2.0, ""gain"": 0.05467270210183628}, {""block"": ""rsma"", ""rho"": 1.0, ""gain"": 3.552713678800501e-15}, {""block"": ""star_ris"", ""rho"": 16.0, ""gain"": 0.036383033143717824}, {""block"": ""rsma"", ""rho"": 1.0, ""gain"": -3.552713678800501e-15}, {""block"": ""star_ris"", ""rho"": 64.0, ""gain"": 0.008880849970804405}, {""block"": ""rsma"", ""rho"": 1.0, ""gain"": 0.0}, {""block"": ""star_ris"", ""rho"": 8.0, ""gain"": 0.06922625612034139}, {""block"": ""rsma"", ""rho"": 1.0, ""gain"": 0.0}, {""block"": ""star_ris"", ""rho"": 1.0, ""gain"": 0.15421553427783508}, {""block"": ""rsma"", ""rho"": 1.0, ""gain"": 0.0}, {""block"": ""star_ris"", ""rho"": 8.0, ""gain"": 0.024310995577103256}, {""block"": ""rsma"", ""rho"": 1.0, ""gain"": 0.0}, {""block"": ""star_ris"", ""rho"": 4.0, ""gain"": 0.015607128826488292}, {""block"": ""rsma"", ""rho"": 1.0, ""gain"": 3.552713678800501e-15}, {""block"": ""star_ris"", ""rho"": 8.0, ""gain"": 0.07827347345297397}, {""block"": ""rsma"", ""rho"": 1.0, ""gain"": 0.0}, {""block"": ""star_ris"", ""rho"": 32.0, ""gain"": 0.0185290587955258}, {""block"": ""rsma"", ""rho"": 1.0, ""gain"": 0.0}, {""block"": ""star_ris"", ""rho"": 128.0, ""gain"": 0.004576039062438753}, {""block"": ""rsma"", ""rho"": 1.0, ""gain"": 0.0}, {""block"": ""star_ris"", ""rho"": 32.0, ""gain"": 0.004628320497790384}, {""block"": ""rsma"", ""rho"": 1.0, ""gain"": 3.552713678800501e-15}, {""block"": ""star_ris"", ""rho"": 4.0, ""gain"": 0.0024492576009578215}, {""block"": ""rsma"", ""rho"": 1.0, ""gain"": 0.0}, {""block"": ""star_ris"", ""rho"": 4.0, ""gain"": 0.00014766021844891952}]",{},5094.630023,eb978e84730de4cf1e0579ad9e17edb700c67ba6eceac89d1fe3698763a419f7,fc61d5cda7da39530055bae9bd0e92865f995cd9,4e84455d08cacd9f85c432f7838c3be2cb0f000b55edc3487c6dee9520cc0b63
ao_sca,96,10000,756,test,18.539679113261563,18.539679113261563,1.0,True,0.0,4,2397,7,ao_sca_proximal_physical,analytical_ris_equal_allocation,"[1.8379965737627861, 18.355992899840857, 18.483059891332424, 18.539225504223623, 18.539679113261563]","[{""block"": ""rsma"", ""rho"": 1.0, ""gain"": 16.200784658627114}, {""block"": ""star_ris"", ""rho"": 2.0, ""gain"": 0.3172116674509553}, {""block"": ""rsma"", ""rho"": 1.0, ""gain"": 0.0}, {""block"": ""star_ris"", ""rho"": 4.0, ""gain"": 0.1270669914915672}, {""block"": ""rsma"", ""rho"": 1.0, ""gain"": 3.552713678800501e-15}, {""block"": ""star_ris"", ""rho"": 8.0, ""gain"": 0.05616561289119559}, {""block"": ""rsma"", ""rho"": 1.0, ""gain"": 0.0}, {""block"": ""star_ris"", ""rho"": 64.0, ""gain"": 0.000453609037940339}]",{},1339.784581,eb978e84730de4cf1e0579ad9e17edb700c67ba6eceac89d1fe3698763a419f7,fc61d5cda7da39530055bae9bd0e92865f995cd9,4e84455d08cacd9f85c432f7838c3be2cb0f000b55edc3487c6dee9520cc0b63
ao_sca,96,10000,757,test,18.90493597662043,18.90493597662043,1.0,True,0.0,9,5381,15,ao_sca_proximal_physical,analytical_ris_equal_allocation,"[1.837998793839641, 18.57478542999531, 18.66881399396744, 18.697177909808442, 18.708451709538068, 18.783901447840947, 18.797143770731672, 18.897175578387987, 18.904518477099437, 18.90493597662043]","[{""block"": ""rsma"", ""rho"": 1.0, ""gain"": 16.557071577517764}, {""block"": ""star_ris"", ""rho"": 1.0, ""gain"": 0.17971505863790327}, {""block"": ""rsma"", ""rho"": 1.0, ""gain"": 0.0}, {""block"": ""star_ris"", ""rho"": 1.0, ""gain"": 0.094028563972131}, {""block"": ""rsma"", ""rho"": 1.0, ""gain"": 0.0}, {""block"": ""star_ris"", ""rho"": 8.0, ""gain"": 0.02836391584100184}, {""block"": ""rsma"", ""rho"": 1.0, ""gain"": 0.0}, {""block"": ""star_ris"", ""rho"": 8.0, ""gain"": 0.011273799729625722}, {""block"": ""rsma"", ""rho"": 1.0, ""gain"": -3.552713678800501e-15}, {""block"": ""star_ris"", ""rho"": 1.0, ""gain"": 0.07544973830288271}, {""block"": ""rsma"", ""rho"": 1.0, ""gain"": 0.0}, {""block"": ""star_ris"", ""rho"": 4.0, ""gain"": 0.013242322890725688}, {""block"": ""rsma"", ""rho"": 1.0, ""gain"": 0.0}, {""block"": ""star_ris"", ""rho"": 4.0, ""gain"": 0.1000318076563147}, {""block"": ""rsma"", ""rho"": 1.0, ""gain"": 0.0}, {""block"": ""star_ris"", ""rho"": 2.0, ""gain"": 0.0073428987114496636}, {""block"": ""rsma"", ""rho"": 1.0, ""gain"": 0.0}, {""block"": ""star_ris"", ""rho"": 32.0, ""gain"": 0.0004174995209922372}]",{},3014.010019,eb978e84730de4cf1e0579ad9e17edb700c67ba6eceac89d1fe3698763a419f7,fc61d5cda7da39530055bae9bd0e92865f995cd9,4e84455d08cacd9f85c432f7838c3be2cb0f000b55edc3487c6dee9520cc0b63
ao_sca,96,10000,758,test,19.174334823964383,19.174334823964383,1.0,True,0.0,20,11977,38,ao_sca_proximal_physical,analytical_ris_equal_allocation,"[1.8379923126763147, 18.047573734632493, 18.21196531809878, 18.285479976211295, 18.32048034566498, 18.32904481811448, 18.33373859455341, 18.484297729327523, 18.501973629806805, 18.510756457394947, 18.80509326423593, 18.833700293546837, 18.848957437105504, 19.015873468814917, 19.037843975598427, 19.07011192758297, 19.07876497438125, 19.136670938270917, 19.1405583176173, 19.148905262991974, 19.174334823964386]","[{""block"": ""rsma"", ""rho"": 1.0, ""gain"": 16.170972359107008}, {""block"": ""star_ris"", ""rho"": 2.0, ""gain"": 0.038609062849172204}, {""block"": ""rsma"", ""rho"": 1.0, ""gain"": 0.0}, {""block"": ""star_ris"", ""rho"": 4.0, ""gain"": 0.16439158346628702}, {""block"": ""rsma"", ""rho"": 1.0, ""gain"": -3.552713678800501e-15}, {""block"": ""star_ris"", ""rho"": 8.0, ""gain"": 0.07351465811251856}, {""block"": ""rsma"", ""rho"": 1.0, ""gain"": 0.0}, {""block"": ""star_ris"", ""rho"": 16.0, ""gain"": 0.03500036945368379}, {""block"": ""rsma"", ""rho"": 1.0, ""gain"": 3.552713678800501e-15}, {""block"": ""star_ris"", ""rho"": 64.0, ""gain"": 0.008564472449496208}, {""block"": ""rsma"", ""rho"": 1.0, ""gain"": 3.552713678800501e-15}, {""block"": ""star_ris"", ""rho"": 1.0, ""gain"": 0.004693776438926989}, {""block"": ""rsma"", ""rho"": 1.0, ""gain"": -3.552713678800501e-15}, {""block"": ""star_ris"", ""rho"": 4.0, ""gain"": 0.15055913477411664}, {""block"": ""rsma"", ""rho"": 1.0, ""gain"": 0.0}, {""block"": ""star_ris"", ""rho"": 32.0, ""gain"": 0.017675900479282802}, {""block"": ""rsma"", ""rho"": 1.0, ""gain"": 0.0}, {""block"": ""star_ris"", ""rho"": 64.0, ""gain"": 0.008782827588142084}, {""block"": ""rsma"", ""rho"": 1.0, ""gain"": -3.552713678800501e-15}, {""block"": ""star_ris"", ""rho"": 1.0, ""gain"": 0.2943368068409846}, {""block"": ""rsma"", ""rho"": 1.0, ""gain"": 0.0}, {""block"": ""star_ris"", ""rho"": 16.0, ""gain"": 0.028607029310908416}, {""block"": ""rsma"", ""rho"": 1.0, ""gain"": 3.552713678800501e-15}, {""block"": ""star_ris"", ""rho"": 32.0, ""gain"": 0.0152571435586637}, {""block"": ""rsma"", ""rho"": 1.0, ""gain"": -3.552713678800501e-15}, {""block"": ""star_ris"", ""rho"": 2.0, ""gain"": 0.16691603170941605}, {""block"": ""rsma"", ""rho"": 1.0, ""gain"": 0.0}, {""block"": ""star_ris"", ""rho"": 2.0, ""gain"": 0.021970506783510757}, {""block"": ""rsma"", ""rho"": 1.0, ""gain"": 0.0}, {""block"": ""star_ris"", ""rho"": 1.0, ""gain"": 0.032267951984543686}, {""block"": ""rsma"", ""rho"": 1.0, ""gain"": 0.0}, {""block"": ""star_ris"", ""rho"": 32.0, ""gain"": 0.008653046798279718}, {""block"": ""rsma"", ""rho"": 1.0, ""gain"": 0.0}, {""block"": ""star_ris"", ""rho"": 1.0, ""gain"": 0.05790596388966662}, {""block"": ""rsma"", ""rho"": 1.0, ""gain"": 3.552713678800501e-15}, {""block"": ""star_ris"", ""rho"": 8.0, ""gain"": 0.003887379346380726}, {""block"": ""rsma"", ""rho"": 1.0, ""gain"": 0.0}, {""block"": ""star_ris"", ""rho"": 32.0, ""gain"": 0.008346945374672288}, {""block"": ""rsma"", ""rho"": 1.0, ""gain"": 0.0}, {""block"": ""star_ris"", ""rho"": 8.0, ""gain"": 0.025429560972412446}]",{},6824.977493,eb978e84730de4cf1e0579ad9e17edb700c67ba6eceac89d1fe3698763a419f7,fc61d5cda7da39530055bae9bd0e92865f995cd9,4e84455d08cacd9f85c432f7838c3be2cb0f000b55edc3487c6dee9520cc0b63
ao_sca,96,10000,759,test,19.0476227322011,19.0476227322011,1.0,True,0.0,6,3593,11,ao_sca_proximal_physical,analytical_ris_equal_allocation,"[1.8380122681408066, 18.912322719596343, 19.011314132540168, 19.03344396194947, 19.042595933957436, 19.045871192962956, 19.0476227322011]","[{""block"": ""rsma"", ""rho"": 1.0, ""gain"": 17.066902344237615}, {""block"": ""star_ris"", ""rho"": 4.0, ""gain"": 0.007408107217919735}, {""block"": ""rsma"", ""rho"": 1.0, ""gain"": 0.0}, {""block"": ""star_ris"", ""rho"": 4.0, ""gain"": 0.09899141294382474}, {""block"": ""rsma"", ""rho"": 1.0, ""gain"": 0.0}, {""block"": ""star_ris"", ""rho"": 8.0, ""gain"": 0.02212982940930175}, {""block"": ""rsma"", ""rho"": 1.0, ""gain"": -3.552713678800501e-15}, {""block"": ""star_ris"", ""rho"": 8.0, ""gain"": 0.009151972007970244}, {""block"": ""rsma"", ""rho"": 1.0, ""gain"": 0.0}, {""block"": ""star_ris"", ""rho"": 4.0, ""gain"": 0.003275259005519615}, {""block"": ""rsma"", ""rho"": 1.0, ""gain"": 3.552713678800501e-15}, {""block"": ""star_ris"", ""rho"": 16.0, ""gain"": 0.0017515392381390882}]",{},2021.776915,eb978e84730de4cf1e0579ad9e17edb700c67ba6eceac89d1fe3698763a419f7,fc61d5cda7da39530055bae9bd0e92865f995cd9,4e84455d08cacd9f85c432f7838c3be2cb0f000b55edc3487c6dee9520cc0b63
ao_sca,96,10000,760,test,19.01693389757804,19.01693389757804,1.0,True,0.0,7,4177,10,ao_sca_proximal_physical,analytical_ris_equal_allocation,"[1.837999665464976, 18.458752255854527, 18.544678053792957, 18.7488048920822, 18.77609013384889, 19.007193355314648, 19.01558797693656, 19.016933897578042]","[{""block"": ""rsma"", ""rho"": 1.0, ""gain"": 16.59348995409669}, {""block"": ""star_ris"", ""rho"": 1.0, ""gain"": 0.02726263629286052}, {""block"": ""rsma"", ""rho"": 1.0, ""gain"": 0.0}, {""block"": ""star_ris"", ""rho"": 2.0, ""gain"": 0.08592579793842958}, {""block"": ""rsma"", ""rho"": 1.0, ""gain"": 0.0}, {""block"": ""star_ris"", ""rho"": 1.0, ""gain"": 0.20412683828924472}, {""block"": ""rsma"", ""rho"": 1.0, ""gain"": 0.0}, {""block"": ""star_ris"", ""rho"": 1.0, ""gain"": 0.027285241766687562}, {""block"": ""rsma"", ""rho"": 1.0, ""gain"": 0.0}, {""block"": ""star_ris"", ""rho"": 1.0, ""gain"": 0.23110322146575868}, {""block"": ""rsma"", ""rho"": 1.0, ""gain"": 0.0}, {""block"": ""star_ris"", ""rho"": 4.0, ""gain"": 0.008394621621910403}, {""block"": ""rsma"", ""rho"": 1.0, ""gain"": 3.552713678800501e-15}, {""block"": ""star_ris"", ""rho"": 2.0, ""gain"": 0.0013459206414800917}]",{},2444.324873,eb978e84730de4cf1e0579ad9e17edb700c67ba6eceac89d1fe3698763a419f7,fc61d5cda7da39530055bae9bd0e92865f995cd9,4e84455d08cacd9f85c432f7838c3be2cb0f000b55edc3487c6dee9520cc0b63
ao_sca,96,10000,761,test,18.34826014020912,18.34826014020912,1.0,True,0.0,8,4785,14,ao_sca_proximal_physical,analytical_ris_equal_allocation,"[1.837940305506289, 17.95467869073375, 18.028841030748545, 18.064250860852972, 18.067815782900837, 18.082163673533575, 18.26953751365635, 18.34814035524642, 18.34826014020912]","[{""block"": ""rsma"", ""rho"": 1.0, ""gain"": 14.957480780459376}, {""block"": ""star_ris"", ""rho"": 1.0, ""gain"": 1.1592576047680865}, {""block"": ""rsma"", ""rho"": 1.0, ""gain"": 0.0}, {""block"": ""star_ris"", ""rho"": 8.0, ""gain"": 0.07416234001479438}, {""block"": ""rsma"", ""rho"": 1.0, ""gain"": 0.0}, {""block"": ""star_ris"", ""rho"": 16.0, ""gain"": 0.03540983010442744}, {""block"": ""rsma"", ""rho"": 1.0, ""gain"": -3.552713678800501e-15}, {""block"": ""star_ris"", ""rho"": 16.0, ""gain"": 0.00356492204786818}, {""block"": ""rsma"", ""rho"": 1.0, ""gain"": 0.0}, {""block"": ""star_ris"", ""rho"": 4.0, ""gain"": 0.014347890632738114}, {""block"": ""rsma"", ""rho"": 1.0, ""gain"": 3.552713678800501e-15}, {""block"": ""star_ris"", ""rho"": 1.0, ""gain"": 0.18737384012277047}, {""block"": ""rsma"", ""rho"": 1.0, ""gain"": 3.552713678800501e-15}, {""block"": ""star_ris"", ""rho"": 1.0, ""gain"": 0.0786028415900688}, {""block"": ""rsma"", ""rho"": 1.0, ""gain"": 0.0}, {""block"": ""star_ris"", ""rho"": 8.0, ""gain"": 0.00011978496269904326}]",{},2753.439568,eb978e84730de4cf1e0579ad9e17edb700c67ba6eceac89d1fe3698763a419f7,fc61d5cda7da39530055bae9bd0e92865f995cd9,4e84455d08cacd9f85c432f7838c3be2cb0f000b55edc3487c6dee9520cc0b63
ao_sca,96,10000,762,test,18.76308106385769,18.76308106385769,1.0,True,0.0,20,11967,35,ao_sca_proximal_physical,analytical_ris_equal_allocation,"[1.837977721439193, 18.198565754572932, 18.246548016186036, 18.28083309892196, 18.285638539878256, 18.302733812950745, 18.421383351238163, 18.49137189838285, 18.585132737299325, 18.605709715708883, 18.619888366332304, 18.638820693873672, 18.69642054919542, 18.71184883237496, 18.713986127319686, 18.720798482976996, 18.723111033780988, 18.73365709989792, 18.75696745230035, 18.76010885402895, 18.76308106385769]","[{""block"": ""rsma"", ""rho"": 1.0, ""gain"": 15.98910379111872}, {""block"": ""star_ris"", ""rho"": 2.0, ""gain"": 0.3714842420150184}, {""block"": ""rsma"", ""rho"": 1.0, ""gain"": 0.0}, {""block"": ""star_ris"", ""rho"": 4.0, ""gain"": 0.047982261613103816}, {""block"": ""rsma"", ""rho"": 1.0, ""gain"": 0.0}, {""block"": ""star_ris"", ""rho"": 2.0, ""gain"": 0.03428508273592357}, {""block"": ""rsma"", ""rho"": 1.0, ""gain"": 0.0}, {""block"": ""star_ris"", ""rho"": 2.0, ""gain"": 0.004805440956296536}, {""block"": ""rsma"", ""rho"": 1.0, ""gain"": 0.0}, {""block"": ""star_ris"", ""rho"": 32.0, ""gain"": 0.01709527307248848}, {""block"": ""rsma"", ""rho"": 1.0, ""gain"": 0.0}, {""block"": ""star_ris"", ""rho"": 1.0, ""gain"": 0.11864953828741776}, {""block"": ""rsma"", ""rho"": 1.0, ""gain"": 0.0}, {""block"": ""star_ris"", ""rho"": 2.0, ""gain"": 0.06998854714468905}, {""block"": ""rsma"", ""rho"": 1.0, ""gain"": 0.0}, {""block"": ""star_ris"", ""rho"": 1.0, ""gain"": 0.09376083891647369}, {""block"": ""rsma"", ""rho"": 1.0, ""gain"": -3.552713678800501e-15}, {""block"": ""star_ris"", ""rho"": 4.0, ""gain"": 0.02057697840956152}, {""block"": ""rsma"", ""rho"": 1.0, ""gain"": 0.0}, {""block"": ""star_ris"", ""rho"": 4.0, ""gain"": 0.014178650623421163}, {""block"": ""rsma"", ""rho"": 1.0, ""gain"": 0.0}, {""block"": ""star_ris"", ""rho"": 4.0, ""gain"": 0.018932327541367755}, {""block"": ""rsma"", ""rho"": 1.0, ""gain"": 0.0}, {""block"": ""star_ris"", ""rho"": 8.0, ""gain"": 0.057599855321747384}, {""block"": ""rsma"", ""rho"": 1.0, ""gain"": 0.0}, {""block"": ""star_ris"", ""rho"": 16.0, ""gain"": 0.015428283179542035}, {""block"": ""rsma"", ""rho"": 1.0, ""gain"": 0.0}, {""block"": ""star_ris"", ""rho"": 8.0, ""gain"": 0.002137294944724033}, {""block"": ""rsma"", ""rho"": 1.0, ""gain"": 0.0}, {""block"": ""star_ris"", ""rho"": 64.0, ""gain"": 0.006812355657309865}, {""block"": ""rsma"", ""rho"": 1.0, ""gain"": 0.0}, {""block"": ""star_ris"", ""rho"": 4.0, ""gain"": 0.002312550803992508}, {""block"": ""rsma"", ""rho"": 1.0, ""gain"": -3.552713678800501e-15}, {""block"": ""star_ris"", ""rho"": 2.0, ""gain"": 0.010546066116933872}, {""block"": ""rsma"", ""rho"": 1.0, ""gain"": 0.0}, {""block"": ""star_ris"", ""rho"": 2.0, ""gain"": 0.023310352402432954}, {""block"": ""rsma"", ""rho"": 1.0, ""gain"": 7.105427357601002e-15}, {""block"": ""star_ris"", ""rho"": 32.0, ""gain"": 0.00314140172859112}, {""block"": ""rsma"", ""rho"": 1.0, ""gain"": 0.0}, {""block"": ""star_ris"", ""rho"": 16.0, ""gain"": 0.0029722098287408016}]",{},6759.089018,eb978e84730de4cf1e0579ad9e17edb700c67ba6eceac89d1fe3698763a419f7,fc61d5cda7da39530055bae9bd0e92865f995cd9,4e84455d08cacd9f85c432f7838c3be2cb0f000b55edc3487c6dee9520cc0b63
ao_sca,96,10000,763,test,19.005947862544865,19.005947862544865,1.0,True,0.0,6,3584,9,ao_sca_proximal_physical,analytical_ris_equal_allocation,"[1.83799125746829, 18.351818449498783, 18.58365991262217, 18.799760491497842, 18.963969845187982, 19.005312456822427, 19.005947862544865]","[{""block"": ""rsma"", ""rho"": 1.0, ""gain"": 16.33807335678326}, {""block"": ""star_ris"", ""rho"": 1.0, ""gain"": 0.1757538352472352}, {""block"": ""rsma"", ""rho"": 1.0, ""gain"": 0.0}, {""block"": ""star_ris"", ""rho"": 1.0, ""gain"": 0.23184146312338783}, {""block"": ""rsma"", ""rho"": 1.0, ""gain"": 0.0}, {""block"": ""star_ris"", ""rho"": 1.0, ""gain"": 0.2161005788756718}, {""block"": ""rsma"", ""rho"": 1.0, ""gain"": 0.0}, {""block"": ""star_ris"", ""rho"": 1.0, ""gain"": 0.1642093536901399}, {""block"": ""rsma"", ""rho"": 1.0, ""gain"": 0.0}, {""block"": ""star_ris"", ""rho"": 1.0, ""gain"": 0.04134261163444464}, {""block"": ""rsma"", ""rho"": 1.0, ""gain"": 0.0}, {""block"": ""star_ris"", ""rho"": 128.0, ""gain"": 0.0006354057224378096}]",{},2109.089071,eb978e84730de4cf1e0579ad9e17edb700c67ba6eceac89d1fe3698763a419f7,fc61d5cda7da39530055bae9bd0e92865f995cd9,4e84455d08cacd9f85c432f7838c3be2cb0f000b55edc3487c6dee9520cc0b63
ao_sca,96,10000,764,test,18.59488386045837,18.59488386045837,1.0,True,0.0,2,1193,4,ao_sca_proximal_physical,analytical_ris_equal_allocation,"[1.8379942454470297, 18.59368843685017, 18.594883860458374]","[{""block"": ""rsma"", ""rho"": 1.0, ""gain"": 16.249378672778594}, {""block"": ""star_ris"", ""rho"": 1.0, ""gain"": 0.5063155186245467}, {""block"": ""rsma"", ""rho"": 1.0, ""gain"": 3.552713678800501e-15}, {""block"": ""star_ris"", ""rho"": 1.0, ""gain"": 0.0011954236082019065}]",{},679.12279,eb978e84730de4cf1e0579ad9e17edb700c67ba6eceac89d1fe3698763a419f7,fc61d5cda7da39530055bae9bd0e92865f995cd9,4e84455d08cacd9f85c432f7838c3be2cb0f000b55edc3487c6dee9520cc0b63
ao_sca,96,10000,765,test,18.58634858644156,18.58634858644156,1.0,True,0.0,10,5998,20,ao_sca_proximal_physical,analytical_ris_equal_allocation,"[1.83798096381743, 17.96044038440258, 17.981190636659555, 17.99141265244073, 17.99648631336322, 18.317235069104584, 18.457708187769168, 18.552191128768293, 18.58228336575699, 18.5857111662148, 18.58634858644156]","[{""block"": ""rsma"", ""rho"": 1.0, ""gain"": 16.034469553261594}, {""block"": ""star_ris"", ""rho"": 8.0, ""gain"": 0.08798986732355729}, {""block"": ""rsma"", ""rho"": 1.0, ""gain"": 0.0}, {""block"": ""star_ris"", ""rho"": 32.0, ""gain"": 0.020750252256974022}, {""block"": ""rsma"", ""rho"": 1.0, ""gain"": 0.0}, {""block"": ""star_ris"", ""rho"": 64.0, ""gain"": 0.01022201578117432}, {""block"": ""rsma"", ""rho"": 1.0, ""gain"": 0.0}, {""block"": ""star_ris"", ""rho"": 128.0, ""gain"": 0.005073660922491285}, {""block"": ""rsma"", ""rho"": 1.0, ""gain"": 0.0}, {""block"": ""star_ris"", ""rho"": 1.0, ""gain"": 0.32074875574136286}, {""block"": ""rsma"", ""rho"": 1.0, ""gain"": 0.0}, {""block"": ""star_ris"", ""rho"": 1.0, ""gain"": 0.140473118664584}, {""block"": ""rsma"", ""rho"": 1.0, ""gain"": 3.552713678800501e-15}, {""block"": ""star_ris"", ""rho"": 8.0, ""gain"": 0.09448294099912147}, {""block"": ""rsma"", ""rho"": 1.0, ""gain"": 0.0}, {""block"": ""star_ris"", ""rho"": 16.0, ""gain"": 0.030092236988696897}, {""block"": ""rsma"", ""rho"": 1.0, ""gain"": 0.0}, {""block"": ""star_ris"", ""rho"": 16.0, ""gain"": 0.003427800457810548}, {""block"": ""rsma"", ""rho"": 1.0, ""gain"": 0.0}, {""block"": ""star_ris"", ""rho"": 32.0, ""gain"": 0.0006374202267593887}]",{},3350.476698,eb978e84730de4cf1e0579ad9e17edb700c67ba6eceac89d1fe3698763a419f7,fc61d5cda7da39530055bae9bd0e92865f995cd9,4e84455d08cacd9f85c432f7838c3be2cb0f000b55edc3487c6dee9520cc0b63
ao_sca,96,10000,766,test,19.06348750320984,19.06348750320984,1.0,True,0.0,20,11948,39,ao_sca_proximal_physical,analytical_ris_equal_allocation,"[1.8379834491265603, 18.201230716621893, 18.31271834828924, 18.50152632007205, 18.561442129359026, 18.604822536498897, 18.675719705142832, 18.710097133818948, 18.75166146806329, 18.794038821439674, 18.837221753045046, 18.928322713486047, 18.962178385485515, 18.993711086448748, 19.002360612117283, 19.013816669568946, 19.02210245566539, 19.03722006507915, 19.04178801889211, 19.06322391192686, 19.06348750320984]","[{""block"": ""rsma"", ""rho"": 1.0, ""gain"": 16.23195915509335}, {""block"": ""star_ris"", ""rho"": 1.0, ""gain"": 0.13128811240198246}, {""block"": ""rsma"", ""rho"": 1.0, ""gain"": 0.0}, {""block"": ""star_ris"", ""rho"": 1.0, ""gain"": 0.1114876316673481}, {""block"": ""rsma"", ""rho"": 1.0, ""gain"": 0.0}, {""block"": ""star_ris"", ""rho"": 1.0, ""gain"": 0.18880797178280773}, {""block"": ""rsma"", ""rho"": 1.0, ""gain"": 0.0}, {""block"": ""star_ris"", ""rho"": 1.0, ""gain"": 0.05991580928697715}, {""block"": ""rsma"", ""rho"": 1.0, ""gain"": -3.552713678800501e-15}, {""block"": ""star_ris"", ""rho"": 1.0, ""gain"": 0.04338040713987468}, {""block"": ""rsma"", ""rho"": 1.0, ""gain"": 0.0}, {""block"": ""star_ris"", ""rho"": 1.0, ""gain"": 0.0708971686439348}, {""block"": ""rsma"", ""rho"": 1.0, ""gain"": 0.0}, {""block"": ""star_ris"", ""rho"": 1.0, ""gain"": 0.03437742867611604}, {""block"": ""rsma"", ""rho"": 1.0, ""gain"": 0.0}, {""block"": ""star_ris"", ""rho"": 1.0, ""gain"": 0.041564334244341694}, {""block"": ""rsma"", ""rho"": 1.0, ""gain"": -3.552713678800501e-15}, {""block"": ""star_ris"", ""rho"": 4.0, ""gain"": 0.042377353376387816}, {""block"": ""rsma"", ""rho"": 1.0, ""gain"": 3.552713678800501e-15}, {""block"": ""star_ris"", ""rho"": 1.0, ""gain"": 0.04318293160536868}, {""block"": ""rsma"", ""rho"": 1.0, ""gain"": 3.552713678800501e-15}, {""block"": ""star_ris"", ""rho"": 2.0, ""gain"": 0.09110096044099691}, {""block"": ""rsma"", ""rho"": 1.0, ""gain"": -7.105427357601002e-15}, {""block"": ""star_ris"", ""rho"": 4.0, ""gain"": 0.03385567199947559}, {""block"": ""rsma"", ""rho"": 1.0, ""gain"": 0.0}, {""block"": ""star_ris"", ""rho"": 4.0, ""gain"": 0.031532700963232685}, {""block"": ""rsma"", ""rho"": 1.0, ""gain"": 0.0}, {""block"": ""star_ris"", ""rho"": 4.0, ""gain"": 0.008649525668534608}, {""block"": ""rsma"", ""rho"": 1.0, ""gain"": 0.0}, {""block"": ""star_ris"", ""rho"": 4.0, ""gain"": 0.011456057451663781}, {""block"": ""rsma"", ""rho"": 1.0, ""gain"": 0.0}, {""block"": ""star_ris"", ""rho"": 4.0, ""gain"": 0.008285786096443815}, {""block"": ""rsma"", ""rho"": 1.0, ""gain"": 3.552713678800501e-15}, {""block"": ""star_ris"", ""rho"": 4.0, ""gain"": 0.015117609413756838}, {""block"": ""rsma"", ""rho"": 1.0, ""gain"": 0.0}, {""block"": ""star_ris"", ""rho"": 4.0, ""gain"": 0.004567953812959047}, {""block"": ""rsma"", ""rho"": 1.0, ""gain"": 3.552713678800501e-15}, {""block"": ""star_ris"", ""rho"": 8.0, ""gain"": 0.021435893034745135}, {""block"": ""rsma"", ""rho"": 1.0, ""gain"": 0.0}, {""block"": ""star_ris"", ""rho"": 128.0, ""gain"": 0.0002635912829802578}]",{},6638.682468,eb978e84730de4cf1e0579ad9e17edb700c67ba6eceac89d1fe3698763a419f7,fc61d5cda7da39530055bae9bd0e92865f995cd9,4e84455d08cacd9f85c432f7838c3be2cb0f000b55edc3487c6dee9520cc0b63
ao_sca,96,10000,767,test,18.485927640561822,18.485927640561822,1.0,True,0.0,9,5390,17,ao_sca_proximal_physical,analytical_ris_equal_allocation,"[1.8379871203639864, 18.29854772836592, 18.338131193294732, 18.405219883216116, 18.40971638592465, 18.420829214406844, 18.428716554358882, 18.432636744777405, 18.485694591069056, 18.485927640561826]","[{""block"": ""rsma"", ""rho"": 1.0, ""gain"": 16.224613805094716}, {""block"": ""star_ris"", ""rho"": 2.0, ""gain"": 0.23594680290721826}, {""block"": ""rsma"", ""rho"": 1.0, ""gain"": 0.0}, {""block"": ""star_ris"", ""rho"": 2.0, ""gain"": 0.039583464928810486}, {""block"": ""rsma"", ""rho"": 1.0, ""gain"": 0.0}, {""block"": ""star_ris"", ""rho"": 8.0, ""gain"": 0.06708868992138406}, {""block"": ""rsma"", ""rho"": 1.0, ""gain"": 3.552713678800501e-15}, {""block"": ""star_ris"", ""rho"": 16.0, ""gain"": 0.004496502708530414}, {""block"": ""rsma"", ""rho"": 1.0, ""gain"": 3.552713678800501e-15}, {""block"": ""star_ris"", ""rho"": 4.0, ""gain"": 0.011112828482190196}, {""block"": ""rsma"", ""rho"": 1.0, ""gain"": 0.0}, {""block"": ""star_ris"", ""rho"": 64.0, ""gain"": 0.007887339952038275}, {""block"": ""rsma"", ""rho"": 1.0, ""gain"": 0.0}, {""block"": ""star_ris"", ""rho"": 128.0, ""gain"": 0.003920190418522651}, {""block"": ""rsma"", ""rho"": 1.0, ""gain"": -3.552713678800501e-15}, {""block"": ""star_ris"", ""rho"": 1.0, ""gain"": 0.05305784629165444}, {""block"": ""rsma"", ""rho"": 1.0, ""gain"": 0.0}, {""block"": ""star_ris"", ""rho"": 2.0, ""gain"": 0.00023304949277047626}]",{},2957.005836,eb978e84730de4cf1e0579ad9e17edb700c67ba6eceac89d1fe3698763a419f7,fc61d5cda7da39530055bae9bd0e92865f995cd9,4e84455d08cacd9f85c432f7838c3be2cb0f000b55edc3487c6dee9520cc0b63
ao_sca,96,10000,768,test,18.73043305160195,18.73043305160195,1.0,True,0.0,5,2991,9,ao_sca_proximal_physical,analytical_ris_equal_allocation,"[1.837985204088496, 18.071694494878145, 18.362358194706626, 18.441886171080622, 18.72943228074405, 18.73043305160195]","[{""block"": ""rsma"", ""rho"": 1.0, ""gain"": 16.090370124169347}, {""block"": ""star_ris"", ""rho"": 2.0, ""gain"": 0.14333916662030077}, {""block"": ""rsma"", ""rho"": 1.0, ""gain"": 0.0}, {""block"": ""star_ris"", ""rho"": 1.0, ""gain"": 0.2906636998284817}, {""block"": ""rsma"", ""rho"": 1.0, ""gain"": 0.0}, {""block"": ""star_ris"", ""rho"": 8.0, ""gain"": 0.07952797637399556}, {""block"": ""rsma"", ""rho"": 1.0, ""gain"": 0.0}, {""block"": ""star_ris"", ""rho"": 2.0, ""gain"": 0.28754610966342753}, {""block"": ""rsma"", ""rho"": 1.0, ""gain"": 0.0}, {""block"": ""star_ris"", ""rho"": 32.0, ""gain"": 0.0010007708578996244}]",{},1657.178472,eb978e84730de4cf1e0579ad9e17edb700c67ba6eceac89d1fe3698763a419f7,fc61d5cda7da39530055bae9bd0e92865f995cd9,4e84455d08cacd9f85c432f7838c3be2cb0f000b55edc3487c6dee9520cc0b63
ao_sca,96,10000,769,test,18.79578239076524,18.79578239076524,1.0,True,0.0,4,2399,5,ao_sca_proximal_physical,analytical_ris_equal_allocation,"[1.838009621132777, 18.78310081919339, 18.78671958055228, 18.794390774264762, 18.795782390765236]","[{""block"": ""rsma"", ""rho"": 1.0, ""gain"": 16.94290414527329}, {""block"": ""star_ris"", ""rho"": 32.0, ""gain"": 0.0021870527873240064}, {""block"": ""rsma"", ""rho"": 1.0, ""gain"": 0.0}, {""block"": ""star_ris"", ""rho"": 8.0, ""gain"": 0.0036187613588900547}, {""block"": ""rsma"", ""rho"": 1.0, ""gain"": 0.0}, {""block"": ""star_ris"", ""rho"": 2.0, ""gain"": 0.0076711937124827045}, {""block"": ""rsma"", ""rho"": 1.0, ""gain"": 0.0}, {""block"": ""star_ris"", ""rho"": 32.0, ""gain"": 0.0013916165004737024}]",{},1359.913385,eb978e84730de4cf1e0579ad9e17edb700c67ba6eceac89d1fe3698763a419f7,fc61d5cda7da39530055bae9bd0e92865f995cd9,4e84455d08cacd9f85c432f7838c3be2cb0f000b55edc3487c6dee9520cc0b63
ao_sca,96,10000,770,test,18.89859734697122,18.89859734697122,1.0,True,0.0,10,5982,19,ao_sca_proximal_physical,analytical_ris_equal_allocation,"[1.8379944949716864, 18.175382904841413, 18.21076336659619, 18.590000891517356, 18.632979673409633, 18.823385544389172, 18.82636984254787, 18.878228737445284, 18.89146418579637, 18.89814428511066, 18.89859734697122]","[{""block"": ""rsma"", ""rho"": 1.0, ""gain"": 16.33267348096293}, {""block"": ""star_ris"", ""rho"": 4.0, ""gain"": 0.0047149289067967}, {""block"": ""rsma"", ""rho"": 1.0, ""gain"": 0.0}, {""block"": ""star_ris"", ""rho"": 1.0, ""gain"": 0.035380461754776604}, {""block"": ""rsma"", ""rho"": 1.0, ""gain"": -3.552713678800501e-15}, {""block"": ""star_ris"", ""rho"": 1.0, ""gain"": 0.37923752492116947}, {""block"": ""rsma"", ""rho"": 1.0, ""gain"": 0.0}, {""block"": ""star_ris"", ""rho"": 1.0, ""gain"": 0.042978781892276885}, {""block"": ""rsma"", ""rho"": 1.0, ""gain"": 0.0}, {""block"": ""star_ris"", ""rho"": 2.0, ""gain"": 0.19040587097953932}, {""block"": ""rsma"", ""rho"": 1.0, ""gain"": 0.0}, {""block"": ""star_ris"", ""rho"": 8.0, ""gain"": 0.002984298158697385}, {""block"": ""rsma"", ""rho"": 1.0, ""gain"": 0.0}, {""block"": ""star_ris"", ""rho"": 4.0, ""gain"": 0.05185889489741413}, {""block"": ""rsma"", ""rho"": 1.0, ""gain"": 0.0}, {""block"": ""star_ris"", ""rho"": 8.0, ""gain"": 0.013235448351085921}, {""block"": ""rsma"", ""rho"": 1.0, ""gain"": 0.0}, {""block"": ""star_ris"", ""rho"": 8.0, ""gain"": 0.006680099314291255}, {""block"": ""rsma"", ""rho"": 1.0, ""gain"": 0.0}, {""block"": ""star_ris"", ""rho"": 128.0, ""gain"": 0.00045306186055782405}]",{},3379.839572,eb978e84730de4cf1e0579ad9e17edb700c67ba6eceac89d1fe3698763a419f7,fc61d5cda7da39530055bae9bd0e92865f995cd9,4e84455d08cacd9f85c432f7838c3be2cb0f000b55edc3487c6dee9520cc0b63
ao_sca,96,10000,771,test,18.59864532186875,18.59864532186875,1.0,True,0.0,5,2996,9,ao_sca_proximal_physical,analytical_ris_equal_allocation,"[1.8379855330424846, 17.83939721421518, 17.903020373763987, 17.9334225005902, 18.598002160801833, 18.59864532186875]","[{""block"": ""rsma"", ""rho"": 1.0, ""gain"": 15.860798529230522}, {""block"": ""star_ris"", ""rho"": 8.0, ""gain"": 0.14061315194217272}, {""block"": ""rsma"", ""rho"": 1.0, ""gain"": 0.0}, {""block"": ""star_ris"", ""rho"": 16.0, ""gain"": 0.0636231595488077}, {""block"": ""rsma"", ""rho"": 1.0, ""gain"": 3.552713678800501e-15}, {""block"": ""star_ris"", ""rho"": 32.0, ""gain"": 0.030402126826210463}, {""block"": ""rsma"", ""rho"": 1.0, ""gain"": 0.0}, {""block"": ""star_ris"", ""rho"": 1.0, ""gain"": 0.6645796602116327}, {""block"": ""rsma"", ""rho"": 1.0, ""gain"": 0.0}, {""block"": ""star_ris"", ""rho"": 8.0, ""gain"": 0.0006431610669181964}]",{},1635.725712,eb978e84730de4cf1e0579ad9e17edb700c67ba6eceac89d1fe3698763a419f7,fc61d5cda7da39530055bae9bd0e92865f995cd9,4e84455d08cacd9f85c432f7838c3be2cb0f000b55edc3487c6dee9520cc0b63
ao_sca,96,10000,772,test,18.91981738088986,18.91981738088986,1.0,True,0.0,5,2984,7,ao_sca_proximal_physical,analytical_ris_equal_allocation,"[1.837995436248973, 18.578735376917155, 18.6278135195979, 18.806010824304078, 18.91885996582871, 18.91981738088986]","[{""block"": ""rsma"", ""rho"": 1.0, ""gain"": 16.21158071850809}, {""block"": ""star_ris"", ""rho"": 1.0, ""gain"": 0.5291592221600929}, {""block"": ""rsma"", ""rho"": 1.0, ""gain"": 3.552713678800501e-15}, {""block"": ""star_ris"", ""rho"": 1.0, ""gain"": 0.04907814268074162}, {""block"": ""rsma"", ""rho"": 1.0, ""gain"": 0.0}, {""block"": ""star_ris"", ""rho"": 1.0, ""gain"": 0.17819730470617756}, {""block"": ""rsma"", ""rho"": 1.0, ""gain"": 0.0}, {""block"": ""star_ris"", ""rho"": 1.0, ""gain"": 0.11284914152463088}, {""block"": ""rsma"", ""rho"": 1.0, ""gain"": 0.0}, {""block"": ""star_ris"", ""rho"": 8.0, ""gain"": 0.0009574150611513232}]",{},1629.838052,eb978e84730de4cf1e0579ad9e17edb700c67ba6eceac89d1fe3698763a419f7,fc61d5cda7da39530055bae9bd0e92865f995cd9,4e84455d08cacd9f85c432f7838c3be2cb0f000b55edc3487c6dee9520cc0b63
ao_sca,96,10000,773,test,18.65064219380754,18.65064219380754,1.0,True,0.0,13,7789,25,ao_sca_proximal_physical,analytical_ris_equal_allocation,"[1.8379666278399591, 17.655591104442337, 17.946796028117063, 18.036496123539685, 18.12712159028025, 18.18553410084841, 18.212412700062007, 18.219711436463037, 18.22392626885705, 18.286969732742023, 18.306858187135038, 18.317006109032135, 18.650382632678404, 18.65064219380754]","[{""block"": ""rsma"", ""rho"": 1.0, ""gain"": 15.64023471485318}, {""block"": ""star_ris"", ""rho"": 2.0, ""gain"": 0.17738976174919685}, {""block"": ""rsma"", ""rho"": 1.0, ""gain"": 0.0}, {""block"": ""star_ris"", ""rho"": 2.0, ""gain"": 0.2912049236747265}, {""block"": ""rsma"", ""rho"": 1.0, ""gain"": 0.0}, {""block"": ""star_ris"", ""rho"": 4.0, ""gain"": 0.08970009542262147}, {""block"": ""rsma"", ""rho"": 1.0, ""gain"": 3.552713678800501e-15}, {""block"": ""star_ris"", ""rho"": 4.0, ""gain"": 0.09062546674056193}, {""block"": ""rsma"", ""rho"": 1.0, ""gain"": 0.0}, {""block"": ""star_ris"", ""rho"": 8.0, ""gain"": 0.05841251056816077}, {""block"": ""rsma"", ""rho"": 1.0, ""gain"": 0.0}, {""block"": ""star_ris"", ""rho"": 16.0, ""gain"": 0.026878599213596033}, {""block"": ""rsma"", ""rho"": 1.0, ""gain"": 0.0}, {""block"": ""star_ris"", ""rho"": 16.0, ""gain"": 0.007298736401029515}, {""block"": ""rsma"", ""rho"": 1.0, ""gain"": -3.552713678800501e-15}, {""block"": ""star_ris"", ""rho"": 128.0, ""gain"": 0.004214832394016099}, {""block"": ""rsma"", ""rho"": 1.0, ""gain"": 3.552713678800501e-15}, {""block"": ""star_ris"", ""rho"": 1.0, ""gain"": 0.06304346388496995}, {""block"": ""rsma"", ""rho"": 1.0, ""gain"": 0.0}, {""block"": ""star_ris"", ""rho"": 32.0, ""gain"": 0.019888454393015564}, {""block"": ""rsma"", ""rho"": 1.0, ""gain"": 0.0}, {""block"": ""star_ris"", ""rho"": 64.0, ""gain"": 0.010147921897097234}, {""block"": ""rsma"", ""rho"": 1.0, ""gain"": 0.0}, {""block"": ""star_ris"", ""rho"": 1.0, ""gain"": 0.3333765236462689}, {""block"": ""rsma"", ""rho"": 1.0, ""gain"": 0.0}, {""block"": ""star_ris"", ""rho"": 32.0, ""gain"": 0.00025956112913405605}]",{},4559.699884,eb978e84730de4cf1e0579ad9e17edb700c67ba6eceac89d1fe3698763a419f7,fc61d5cda7da39530055bae9bd0e92865f995cd9,4e84455d08cacd9f85c432f7838c3be2cb0f000b55edc3487c6dee9520cc0b63
ao_sca,96,10000,774,test,18.595796278405327,18.595796278405327,1.0,True,0.0,5,2985,9,ao_sca_proximal_physical,analytical_ris_equal_allocation,"[1.8379859979432478, 18.127824975737372, 18.40092189868819, 18.583304084528493, 18.59414307206493, 18.595796278405327]","[{""block"": ""rsma"", ""rho"": 1.0, ""gain"": 16.203400666259093}, {""block"": ""star_ris"", ""rho"": 1.0, ""gain"": 0.08643831153503001}, {""block"": ""rsma"", ""rho"": 1.0, ""gain"": 0.0}, {""block"": ""star_ris"", ""rho"": 1.0, ""gain"": 0.2730969229508169}, {""block"": ""rsma"", ""rho"": 1.0, ""gain"": 0.0}, {""block"": ""star_ris"", ""rho"": 4.0, ""gain"": 0.18238218584030363}, {""block"": ""rsma"", ""rho"": 1.0, ""gain"": 0.0}, {""block"": ""star_ris"", ""rho"": 4.0, ""gain"": 0.010838987536438083}, {""block"": ""rsma"", ""rho"": 1.0, ""gain"": 0.0}, {""block"": ""star_ris"", ""rho"": 1.0, ""gain"": 0.0016532063403964514}]",{},1710.674409,eb978e84730de4cf1e0579ad9e17edb700c67ba6eceac89d1fe3698763a419f7,fc61d5cda7da39530055bae9bd0e92865f995cd9,4e84455d08cacd9f85c432f7838c3be2cb0f000b55edc3487c6dee9520cc0b63
ao_sca,96,10000,775,test,18.89979926190547,18.89979926190547,1.0,True,0.0,9,5407,18,ao_sca_proximal_physical,analytical_ris_equal_allocation,"[1.8380002075614337, 18.249986811314173, 18.261294122326554, 18.26690486922402, 18.83322528472796, 18.875347950809047, 18.88872783226074, 18.895356906220822, 18.89865646721784, 18.89979926190547]","[{""block"": ""rsma"", ""rho"": 1.0, ""gain"": 16.365421808100752}, {""block"": ""star_ris"", ""rho"": 16.0, ""gain"": 0.04656479565198879}, {""block"": ""rsma"", ""rho"": 1.0, ""gain"": 0.0}, {""block"": ""star_ris"", ""rho"": 64.0, ""gain"": 0.011307311012380694}, {""block"": ""rsma"", ""rho"": 1.0, ""gain"": 0.0}, {""block"": ""star_ris"", ""rho"": 128.0, ""gain"": 0.0056107468974673225}, {""block"": ""rsma"", ""rho"": 1.0, ""gain"": 0.0}, {""block"": ""star_ris"", ""rho"": 1.0, ""gain"": 0.5663204155039381}, {""block"": ""rsma"", ""rho"": 1.0, ""gain"": -7.105427357601002e-15}, {""block"": ""star_ris"", ""rho"": 8.0, ""gain"": 0.04212266608109516}, {""block"": ""rsma"", ""rho"": 1.0, ""gain"": 3.552713678800501e-15}, {""block"": ""star_ris"", ""rho"": 32.0, ""gain"": 0.013379881451690778}, {""block"": ""rsma"", ""rho"": 1.0, ""gain"": 0.0}, {""block"": ""star_ris"", ""rho"": 64.0, ""gain"": 0.0066290739600809445}, {""block"": ""rsma"", ""rho"": 1.0, ""gain"": 3.552713678800501e-15}, {""block"": ""star_ris"", ""rho"": 128.0, ""gain"": 0.003299560997014339}, {""block"": ""rsma"", ""rho"": 1.0, ""gain"": 0.0}, {""block"": ""star_ris"", ""rho"": 16.0, ""gain"": 0.0011427946876310102}]",{},3025.840364,eb978e84730de4cf1e0579ad9e17edb700c67ba6eceac89d1fe3698763a419f7,fc61d5cda7da39530055bae9bd0e92865f995cd9,4e84455d08cacd9f85c432f7838c3be2cb0f000b55edc3487c6dee9520cc0b63
ao_sca,96,10000,776,test,18.61266418222744,18.61266418222744,1.0,True,0.0,2,1194,3,ao_sca_proximal_physical,analytical_ris_equal_allocation,"[1.8380010386027714, 18.61156906733482, 18.612664182227437]","[{""block"": ""rsma"", ""rho"": 1.0, ""gain"": 16.734593731333828}, {""block"": ""star_ris"", ""rho"": 1.0, ""gain"": 0.03897429739821945}, {""block"": ""rsma"", ""rho"": 1.0, ""gain"": 0.0}, {""block"": ""star_ris"", ""rho"": 2.0, ""gain"": 0.001095114892617488}]",{},691.476255,eb978e84730de4cf1e0579ad9e17edb700c67ba6eceac89d1fe3698763a419f7,fc61d5cda7da39530055bae9bd0e92865f995cd9,4e84455d08cacd9f85c432f7838c3be2cb0f000b55edc3487c6dee9520cc0b63
ao_sca,96,10000,777,test,18.673870919556258,18.673870919556258,1.0,True,0.0,16,9570,32,ao_sca_proximal_physical,analytical_ris_equal_allocation,"[1.8379725891291057, 18.038041920114615, 18.097254991064887, 18.129338328394397, 18.221266544338015, 18.40606249545938, 18.451428716030915, 18.45512525510319, 18.486826026889204, 18.494313205422106, 18.55983730792238, 18.585278033141726, 18.59111862873595, 18.661256937505073, 18.668492864109727, 18.6720811608307, 18.673870919556258]","[{""block"": ""rsma"", ""rho"": 1.0, ""gain"": 16.14065696966909}, {""block"": ""star_ris"", ""rho"": 1.0, ""gain"": 0.05941236131641858}, {""block"": ""rsma"", ""rho"": 1.0, ""gain"": 0.0}, {""block"": ""star_ris"", ""rho"": 2.0, ""gain"": 0.059213070950271174}, {""block"": ""rsma"", ""rho"": 1.0, ""gain"": 0.0}, {""block"": ""star_ris"", ""rho"": 1.0, ""gain"": 0.032083337329510186}, {""block"": ""rsma"", ""rho"": 1.0, ""gain"": 0.0}, {""block"": ""star_ris"", ""rho"": 1.0, ""gain"": 0.09192821594361789}, {""block"": ""rsma"", ""rho"": 1.0, ""gain"": 0.0}, {""block"": ""star_ris"", ""rho"": 2.0, ""gain"": 0.18479595112136593}, {""block"": ""rsma"", ""rho"": 1.0, ""gain"": 0.0}, {""block"": ""star_ris"", ""rho"": 1.0, ""gain"": 0.045366220571533944}, {""block"": ""rsma"", ""rho"": 1.0, ""gain"": 0.0}, {""block"": ""star_ris"", ""rho"": 2.0, ""gain"": 0.0036965390722762947}, {""block"": ""rsma"", ""rho"": 1.0, ""gain"": -3.552713678800501e-15}, {""block"": ""star_ris"", ""rho"": 4.0, ""gain"": 0.03170077178601716}, {""block"": ""rsma"", ""rho"": 1.0, ""gain"": 3.552713678800501e-15}, {""block"": ""star_ris"", ""rho"": 64.0, ""gain"": 0.007487178532898042}, {""block"": ""rsma"", ""rho"": 1.0, ""gain"": 0.0}, {""block"": ""star_ris"", ""rho"": 1.0, ""gain"": 0.06552410250027307}, {""block"": ""rsma"", ""rho"": 1.0, ""gain"": 7.105427357601002e-15}, {""block"": ""star_ris"", ""rho"": 8.0, ""gain"": 0.025440725219340266}, {""block"": ""rsma"", ""rho"": 1.0, ""gain"": -7.105427357601002e-15}, {""block"": ""star_ris"", ""rho"": 2.0, ""gain"": 0.005840595594229114}, {""block"": ""rsma"", ""rho"": 1.0, ""gain"": -3.552713678800501e-15}, {""block"": ""star_ris"", ""rho"": 8.0, ""gain"": 0.07013830876912763}, {""block"": ""rsma"", ""rho"": 1.0, ""gain"": -3.552713678800501e-15}, {""block"": ""star_ris"", ""rho"": 64.0, ""gain"": 0.00723592660465755}, {""block"": ""rsma"", ""rho"": 1.0, ""gain"": 3.552713678800501e-15}, {""block"": ""star_ris"", ""rho"": 128.0, ""gain"": 0.0035882967209701633}, {""block"": ""rsma"", ""rho"": 1.0, ""gain"": -3.552713678800501e-15}, {""block"": ""star_ris"", ""rho"": 4.0, ""gain"": 0.0017897587255610858}]",{},5432.525732,eb978e84730de4cf1e0579ad9e17edb700c67ba6eceac89d1fe3698763a419f7,fc61d5cda7da39530055bae9bd0e92865f995cd9,4e84455d08cacd9f85c432f7838c3be2cb0f000b55edc3487c6dee9520cc0b63
ao_sca,96,10000,778,test,18.813953788857745,18.813953788857745,1.0,True,0.0,17,10162,33,ao_sca_proximal_physical,analytical_ris_equal_allocation,"[1.8379730277695658, 17.76450259628119, 17.863197669269155, 18.41021280703602, 18.466792933733583, 18.498463545026382, 18.577028672856965, 18.631072037572405, 18.65147630009516, 18.668456629903574, 18.712355243168428, 18.72847794493765, 18.742357205122786, 18.746387273910628, 18.75053991903235, 18.76909984270606, 18.812564039120225, 18.813953788857745]","[{""block"": ""rsma"", ""rho"": 1.0, ""gain"": 15.771549716457946}, {""block"": ""star_ris"", ""rho"": 2.0, ""gain"": 0.15497985205367826}, {""block"": ""rsma"", ""rho"": 1.0, ""gain"": 0.0}, {""block"": ""star_ris"", ""rho"": 1.0, ""gain"": 0.0986950729879652}, {""block"": ""rsma"", ""rho"": 1.0, ""gain"": 0.0}, {""block"": ""star_ris"", ""rho"": 1.0, ""gain"": 0.5470151377668664}, {""block"": ""rsma"", ""rho"": 1.0, ""gain"": 0.0}, {""block"": ""star_ris"", ""rho"": 4.0, ""gain"": 0.056580126697561184}, {""block"": ""rsma"", ""rho"": 1.0, ""gain"": 0.0}, {""block"": ""star_ris"", ""rho"": 4.0, ""gain"": 0.03167061129279958}, {""block"": ""rsma"", ""rho"": 1.0, ""gain"": 3.552713678800501e-15}, {""block"": ""star_ris"", ""rho"": 2.0, ""gain"": 0.07856512783057923}, {""block"": ""rsma"", ""rho"": 1.0, ""gain"": 3.552713678800501e-15}, {""block"": ""star_ris"", ""rho"": 2.0, ""gain"": 0.05404336471543658}, {""block"": ""rsma"", ""rho"": 1.0, ""gain"": 0.0}, {""block"": ""star_ris"", ""rho"": 16.0, ""gain"": 0.02040426252275651}, {""block"": ""rsma"", ""rho"": 1.0, ""gain"": 0.0}, {""block"": ""star_ris"", ""rho"": 4.0, ""gain"": 0.01698032980841191}, {""block"": ""rsma"", ""rho"": 1.0, ""gain"": -3.552713678800501e-15}, {""block"": ""star_ris"", ""rho"": 2.0, ""gain"": 0.043898613264858}, {""block"": ""rsma"", ""rho"": 1.0, ""gain"": 0.0}, {""block"": ""star_ris"", ""rho"": 4.0, ""gain"": 0.01612270176922337}, {""block"": ""rsma"", ""rho"": 1.0, ""gain"": 0.0}, {""block"": ""star_ris"", ""rho"": 2.0, ""gain"": 0.013879260185134967}, {""block"": ""rsma"", ""rho"": 1.0, ""gain"": 0.0}, {""block"": ""star_ris"", ""rho"": 16.0, ""gain"": 0.004030068787841401}, {""block"": ""rsma"", ""rho"": 1.0, ""gain"": 0.0}, {""block"": ""star_ris"", ""rho"": 4.0, ""gain"": 0.004152645121720866}, {""block"": ""rsma"", ""rho"": 1.0, ""gain"": 0.0}, {""block"": ""star_ris"", ""rho"": 1.0, ""gain"": 0.018559923673709733}, {""block"": ""rsma"", ""rho"": 1.0, ""gain"": 0.0}, {""block"": ""star_ris"", ""rho"": 4.0, ""gain"": 0.04346419641416688}, {""block"": ""rsma"", ""rho"": 1.0, ""gain"": 0.0}, {""block"": ""star_ris"", ""rho"": 16.0, ""gain"": 0.0013897497375197077}]",{},5673.310846,eb978e84730de4cf1e0579ad9e17edb700c67ba6eceac89d1fe3698763a419f7,fc61d5cda7da39530055bae9bd0e92865f995cd9,4e84455d08cacd9f85c432f7838c3be2cb0f000b55edc3487c6dee9520cc0b63
ao_sca,96,10000,779,test,18.879301240606075,18.879301240606075,1.0,True,0.0,9,5385,14,ao_sca_proximal_physical,analytical_ris_equal_allocation,"[1.8379960530390536, 18.376180786660875, 18.59467068958076, 18.606464155433578, 18.66637470041232, 18.680844541041647, 18.814655693607314, 18.86693175360584, 18.877619610888793, 18.879301240606075]","[{""block"": ""rsma"", ""rho"": 1.0, ""gain"": 16.52061006522491}, {""block"": ""star_ris"", ""rho"": 1.0, ""gain"": 0.01757466839691091}, {""block"": ""rsma"", ""rho"": 1.0, ""gain"": 0.0}, {""block"": ""star_ris"", ""rho"": 2.0, ""gain"": 0.21848990291988457}, {""block"": ""rsma"", ""rho"": 1.0, ""gain"": 0.0}, {""block"": ""star_ris"", ""rho"": 2.0, ""gain"": 0.011793465852818485}, {""block"": ""rsma"", ""rho"": 1.0, ""gain"": 0.0}, {""block"": ""star_ris"", ""rho"": 8.0, ""gain"": 0.0599105449787416}, {""block"": ""rsma"", ""rho"": 1.0, ""gain"": 0.0}, {""block"": ""star_ris"", ""rho"": 32.0, ""gain"": 0.01446984062932799}, {""block"": ""rsma"", ""rho"": 1.0, ""gain"": 0.0}, {""block"": ""star_ris"", ""rho"": 2.0, ""gain"": 0.13381115256566645}, {""block"": ""rsma"", ""rho"": 1.0, ""gain"": 0.0}, {""block"": ""star_ris"", ""rho"": 2.0, ""gain"": 0.052276059998526136}, {""block"": ""rsma"", ""rho"": 1.0, ""gain"": 0.0}, {""block"": ""star_ris"", ""rho"": 16.0, ""gain"": 0.010687857282952962}, {""block"": ""rsma"", ""rho"": 1.0, ""gain"": 0.0}, {""block"": ""star_ris"", ""rho"": 16.0, ""gain"": 0.0016816297172823624}]",{},3036.099606,eb978e84730de4cf1e0579ad9e17edb700c67ba6eceac89d1fe3698763a419f7,fc61d5cda7da39530055bae9bd0e92865f995cd9,4e84455d08cacd9f85c432f7838c3be2cb0f000b55edc3487c6dee9520cc0b63
ao_sca,96,10000,780,test,18.890846751172816,18.890846751172816,1.0,True,0.0,15,8963,27,ao_sca_proximal_physical,analytical_ris_equal_allocation,"[1.837974033130566, 17.998360628901402, 18.010212395597996, 18.26695314920063, 18.27436364999662, 18.47327244711823, 18.555582908380053, 18.568966387529017, 18.633594372400154, 18.684680078187405, 18.72873663756208, 18.763152982535264, 18.841419803793073, 18.851797335906994, 18.88986300310413, 18.890846751172816]","[{""block"": ""rsma"", ""rho"": 1.0, ""gain"": 16.159581130507103}, {""block"": ""star_ris"", ""rho"": 2.0, ""gain"": 0.0008054652637312643}, {""block"": ""rsma"", ""rho"": 1.0, ""gain"": 0.0}, {""block"": ""star_ris"", ""rho"": 2.0, ""gain"": 0.011851766696594268}, {""block"": ""rsma"", ""rho"": 1.0, ""gain"": 0.0}, {""block"": ""star_ris"", ""rho"": 1.0, ""gain"": 0.25674075360263515}, {""block"": ""rsma"", ""rho"": 1.0, ""gain"": 0.0}, {""block"": ""star_ris"", ""rho"": 1.0, ""gain"": 0.007410500795987929}, {""block"": ""rsma"", ""rho"": 1.0, ""gain"": 0.0}, {""block"": ""star_ris"", ""rho"": 1.0, ""gain"": 0.1989087971216108}, {""block"": ""rsma"", ""rho"": 1.0, ""gain"": 0.0}, {""block"": ""star_ris"", ""rho"": 2.0, ""gain"": 0.08231046126182306}, {""block"": ""rsma"", ""rho"": 1.0, ""gain"": 0.0}, {""block"": ""star_ris"", ""rho"": 1.0, ""gain"": 0.013383479148963318}, {""block"": ""rsma"", ""rho"": 1.0, ""gain"": 0.0}, {""block"": ""star_ris"", ""rho"": 4.0, ""gain"": 0.0646279848711373}, {""block"": ""rsma"", ""rho"": 1.0, ""gain"": 0.0}, {""block"": ""star_ris"", ""rho"": 1.0, ""gain"": 0.051085705787251356}, {""block"": ""rsma"", ""rho"": 1.0, ""gain"": 3.552713678800501e-15}, {""block"": ""star_ris"", ""rho"": 4.0, ""gain"": 0.044056559374670456}, {""block"": ""rsma"", ""rho"": 1.0, ""gain"": 0.0}, {""block"": ""star_ris"", ""rho"": 4.0, ""gain"": 0.034416344973184465}, {""block"": ""rsma"", ""rho"": 1.0, ""gain"": 3.552713678800501e-15}, {""block"": ""star_ris"", ""rho"": 4.0, ""gain"": 0.07826682125780593}, {""block"": ""rsma"", ""rho"": 1.0, ""gain"": 0.0}, {""block"": ""star_ris"", ""rho"": 8.0, ""gain"": 0.010377532113921006}, {""block"": ""rsma"", ""rho"": 1.0, ""gain"": 0.0}, {""block"": ""star_ris"", ""rho"": 8.0, ""gain"": 0.038065667197134445}, {""block"": ""rsma"", ""rho"": 1.0, ""gain"": 3.552713678800501e-15}, {""block"": ""star_ris"", ""rho"": 32.0, ""gain"": 0.000983748068684065}]",{},4985.689337,eb978e84730de4cf1e0579ad9e17edb700c67ba6eceac89d1fe3698763a419f7,fc61d5cda7da39530055bae9bd0e92865f995cd9,4e84455d08cacd9f85c432f7838c3be2cb0f000b55edc3487c6dee9520cc0b63
ao_sca,96,10000,781,test,18.77618729660736,18.77618729660736,1.0,True,0.0,8,4786,12,ao_sca_proximal_physical,analytical_ris_equal_allocation,"[1.837980963859967, 17.88586011379126, 17.99317636723888, 18.043197846258177, 18.590347988536053, 18.650575627621947, 18.658471890944178, 18.77521598902186, 18.77618729660736]","[{""block"": ""rsma"", ""rho"": 1.0, ""gain"": 15.794693420502302}, {""block"": ""star_ris"", ""rho"": 4.0, ""gain"": 0.2531857294289921}, {""block"": ""rsma"", ""rho"": 1.0, ""gain"": 0.0}, {""block"": ""star_ris"", ""rho"": 8.0, ""gain"": 0.10731625344762108}, {""block"": ""rsma"", ""rho"": 1.0, ""gain"": -3.552713678800501e-15}, {""block"": ""star_ris"", ""rho"": 16.0, ""gain"": 0.050021479019299875}, {""block"": ""rsma"", ""rho"": 1.0, ""gain"": 0.0}, {""block"": ""star_ris"", ""rho"": 1.0, ""gain"": 0.5471501422778751}, {""block"": ""rsma"", ""rho"": 1.0, ""gain"": 0.0}, {""block"": ""star_ris"", ""rho"": 2.0, ""gain"": 0.06022763908589468}, {""block"": ""rsma"", ""rho"": 1.0, ""gain"": 0.0}, {""block"": ""star_ris"", ""rho"": 2.0, ""gain"": 0.007896263322230368}, {""block"": ""rsma"", ""rho"": 1.0, ""gain"": 0.0}, {""block"": ""star_ris"", ""rho"": 4.0, ""gain"": 0.11674409807768171}, {""block"": ""rsma"", ""rho"": 1.0, ""gain"": 3.552713678800501e-15}, {""block"": ""star_ris"", ""rho"": 16.0, ""gain"": 0.0009713075854982378}]",{},2621.373516,eb978e84730de4cf1e0579ad9e17edb700c67ba6eceac89d1fe3698763a419f7,fc61d5cda7da39530055bae9bd0e92865f995cd9,4e84455d08cacd9f85c432f7838c3be2cb0f000b55edc3487c6dee9520cc0b63
ao_sca,96,10000,782,test,18.76624211997461,18.76624211997461,1.0,True,0.0,12,7178,23,ao_sca_proximal_physical,analytical_ris_equal_allocation,"[1.8379821124734064, 17.986800319748532, 18.07652553375285, 18.11866413678815, 18.42970796367658, 18.443291796482118, 18.501935093286, 18.563779828290627, 18.592227986014006, 18.655540525714095, 18.71829031993099, 18.76494734383293, 18.76624211997461]","[{""block"": ""rsma"", ""rho"": 1.0, ""gain"": 15.94164087572421}, {""block"": ""star_ris"", ""rho"": 4.0, ""gain"": 0.20717733155091622}, {""block"": ""rsma"", ""rho"": 1.0, ""gain"": 3.552713678800501e-15}, {""block"": ""star_ris"", ""rho"": 8.0, ""gain"": 0.08972521400431432}, {""block"": ""rsma"", ""rho"": 1.0, ""gain"": -3.552713678800501e-15}, {""block"": ""star_ris"", ""rho"": 16.0, ""gain"": 0.04213860303530481}, {""block"": ""rsma"", ""rho"": 1.0, ""gain"": 0.0}, {""block"": ""star_ris"", ""rho"": 1.0, ""gain"": 0.31104382688842946}, {""block"": ""rsma"", ""rho"": 1.0, ""gain"": 3.552713678800501e-15}, {""block"": ""star_ris"", ""rho"": 4.0, ""gain"": 0.013583832805533547}, {""block"": ""rsma"", ""rho"": 1.0, ""gain"": 0.0}, {""block"": ""star_ris"", ""rho"": 2.0, ""gain"": 0.058643296803882805}, {""block"": ""rsma"", ""rho"": 1.0, ""gain"": -3.552713678800501e-15}, {""block"": ""star_ris"", ""rho"": 8.0, ""gain"": 0.06184473500463028}, {""block"": ""rsma"", ""rho"": 1.0, ""gain"": 3.552713678800501e-15}, {""block"": ""star_ris"", ""rho"": 2.0, ""gain"": 0.028448157723374834}, {""block"": ""rsma"", ""rho"": 1.0, ""gain"": 0.0}, {""block"": ""star_ris"", ""rho"": 2.0, ""gain"": 0.06331253970008888}, {""block"": ""rsma"", ""rho"": 1.0, ""gain"": 0.0}, {""block"": ""star_ris"", ""rho"": 2.0, ""gain"": 0.06274979421689508}, {""block"": ""rsma"", ""rho"": 1.0, ""gain"": 0.0}, {""block"": ""star_ris"", ""rho"": 8.0, ""gain"": 0.04665702390193971}, {""block"": ""rsma"", ""rho"": 1.0, ""gain"": -3.552713678800501e-15}, {""block"": ""star_ris"", ""rho"": 16.0, ""gain"": 0.0012947761416839398}]",{},4024.404043,eb978e84730de4cf1e0579ad9e17edb700c67ba6eceac89d1fe3698763a419f7,fc61d5cda7da39530055bae9bd0e92865f995cd9,4e84455d08cacd9f85c432f7838c3be2cb0f000b55edc3487c6dee9520cc0b63
ao_sca,96,10000,783,test,19.157218788462565,19.157218788462565,1.0,True,0.0,8,4782,15,ao_sca_proximal_physical,analytical_ris_equal_allocation,"[1.838008462129595, 18.814184336478792, 18.901447125332442, 18.94370430442922, 18.956510248089334, 18.970556909839747, 19.096601439342642, 19.156095167009028, 19.157218788462565]","[{""block"": ""rsma"", ""rho"": 1.0, ""gain"": 16.92034691017784}, {""block"": ""star_ris"", ""rho"": 4.0, ""gain"": 0.05582896417135785}, {""block"": ""rsma"", ""rho"": 1.0, ""gain"": 0.0}, {""block"": ""star_ris"", ""rho"": 1.0, ""gain"": 0.08726278885364991}, {""block"": ""rsma"", ""rho"": 1.0, ""gain"": 0.0}, {""block"": ""star_ris"", ""rho"": 8.0, ""gain"": 0.042257179096779396}, {""block"": ""rsma"", ""rho"": 1.0, ""gain"": -3.552713678800501e-15}, {""block"": ""star_ris"", ""rho"": 2.0, ""gain"": 0.01280594366011556}, {""block"": ""rsma"", ""rho"": 1.0, ""gain"": 0.0}, {""block"": ""star_ris"", ""rho"": 1.0, ""gain"": 0.014046661750413136}, {""block"": ""rsma"", ""rho"": 1.0, ""gain"": 0.0}, {""block"": ""star_ris"", ""rho"": 1.0, ""gain"": 0.12604452950289513}, {""block"": ""rsma"", ""rho"": 1.0, ""gain"": 3.552713678800501e-15}, {""block"": ""star_ris"", ""rho"": 16.0, ""gain"": 0.05949372766638206}, {""block"": ""rsma"", ""rho"": 1.0, ""gain"": 0.0}, {""block"": ""star_ris"", ""rho"": 8.0, ""gain"": 0.0011236214535372824}]",{},2631.683462,eb978e84730de4cf1e0579ad9e17edb700c67ba6eceac89d1fe3698763a419f7,fc61d5cda7da39530055bae9bd0e92865f995cd9,4e84455d08cacd9f85c432f7838c3be2cb0f000b55edc3487c6dee9520cc0b63
ao_sca,96,10000,784,test,18.63338306631293,18.63338306631293,1.0,True,0.0,3,1792,5,ao_sca_proximal_physical,analytical_ris_equal_allocation,"[1.8379873599137324, 18.55853407973704, 18.631862117971934, 18.633383066312934]","[{""block"": ""rsma"", ""rho"": 1.0, ""gain"": 16.08874449689759}, {""block"": ""star_ris"", ""rho"": 1.0, ""gain"": 0.6318022229257174}, {""block"": ""rsma"", ""rho"": 1.0, ""gain"": 0.0}, {""block"": ""star_ris"", ""rho"": 1.0, ""gain"": 0.07332803823489442}, {""block"": ""rsma"", ""rho"": 1.0, ""gain"": 0.0}, {""block"": ""star_ris"", ""rho"": 8.0, ""gain"": 0.001520948340999695}]",{},971.572816,eb978e84730de4cf1e0579ad9e17edb700c67ba6eceac89d1fe3698763a419f7,fc61d5cda7da39530055bae9bd0e92865f995cd9,4e84455d08cacd9f85c432f7838c3be2cb0f000b55edc3487c6dee9520cc0b63
ao_sca,96,10000,785,test,18.66907437759925,18.66907437759925,1.0,True,0.0,9,5382,16,ao_sca_proximal_physical,analytical_ris_equal_allocation,"[1.8379806010415491, 18.27227320624776, 18.280961095645054, 18.380233397993504, 18.53923291240866, 18.56257505863613, 18.618794212041806, 18.625594393506645, 18.668567242462636, 18.66907437759925]","[{""block"": ""rsma"", ""rho"": 1.0, ""gain"": 16.12169940514036}, {""block"": ""star_ris"", ""rho"": 1.0, ""gain"": 0.312593200065848}, {""block"": ""rsma"", ""rho"": 1.0, ""gain"": 3.552713678800501e-15}, {""block"": ""star_ris"", ""rho"": 4.0, ""gain"": 0.00868788939729015}, {""block"": ""rsma"", ""rho"": 1.0, ""gain"": 0.0}, {""block"": ""star_ris"", ""rho"": 1.0, ""gain"": 0.09927230234844941}, {""block"": ""rsma"", ""rho"": 1.0, ""gain"": 0.0}, {""block"": ""star_ris"", ""rho"": 4.0, ""gain"": 0.15899951441515725}, {""block"": ""rsma"", ""rho"": 1.0, ""gain"": 3.552713678800501e-15}, {""block"": ""star_ris"", ""rho"": 2.0, ""gain"": 0.023342146227466998}, {""block"": ""rsma"", ""rho"": 1.0, ""gain"": 0.0}, {""block"": ""star_ris"", ""rho"": 8.0, ""gain"": 0.056219153405674405}, {""block"": ""rsma"", ""rho"": 1.0, ""gain"": 0.0}, {""block"": ""star_ris"", ""rho"": 8.0, ""gain"": 0.0068001814648397385}, {""block"": ""rsma"", ""rho"": 1.0, ""gain"": 0.0}, {""block"": ""star_ris"", ""rho"": 8.0, ""gain"": 0.04297284895599063}, {""block"": ""rsma"", ""rho"": 1.0, ""gain"": 0.0}, {""block"": ""star_ris"", ""rho"": 8.0, ""gain"": 0.0005071351366154886}]",{},2940.948315,eb978e84730de4cf1e0579ad9e17edb700c67ba6eceac89d1fe3698763a419f7,fc61d5cda7da39530055bae9bd0e92865f995cd9,4e84455d08cacd9f85c432f7838c3be2cb0f000b55edc3487c6dee9520cc0b63
ao_sca,96,10000,786,test,19.08207344061145,19.08207344061145,1.0,True,0.0,13,7784,24,ao_sca_proximal_physical,analytical_ris_equal_allocation,"[1.837981712868437, 18.27135586677737, 18.342035348689016, 18.593386691868865, 18.745396645983778, 18.780192022184984, 18.96061892892425, 19.021511612305197, 19.023679266871365, 19.060560034161977, 19.07020428068394, 19.0773660198196, 19.08020117963074, 19.082073440611452]","[{""block"": ""rsma"", ""rho"": 1.0, ""gain"": 15.877891205543168}, {""block"": ""star_ris"", ""rho"": 1.0, ""gain"": 0.5554829483657642}, {""block"": ""rsma"", ""rho"": 1.0, ""gain"": 3.552713678800501e-15}, {""block"": ""star_ris"", ""rho"": 1.0, ""gain"": 0.0706794819116432}, {""block"": ""rsma"", ""rho"": 1.0, ""gain"": 0.0}, {""block"": ""star_ris"", ""rho"": 1.0, ""gain"": 0.25135134317984864}, {""block"": ""rsma"", ""rho"": 1.0, ""gain"": 0.0}, {""block"": ""star_ris"", ""rho"": 1.0, ""gain"": 0.15200995411491292}, {""block"": ""rsma"", ""rho"": 1.0, ""gain"": 0.0}, {""block"": ""star_ris"", ""rho"": 1.0, ""gain"": 0.034795376201206096}, {""block"": ""rsma"", ""rho"": 1.0, ""gain"": 0.0}, {""block"": ""star_ris"", ""rho"": 1.0, ""gain"": 0.18042690673926742}, {""block"": ""rsma"", ""rho"": 1.0, ""gain"": 0.0}, {""block"": ""star_ris"", ""rho"": 4.0, ""gain"": 0.060892683380945556}, {""block"": ""rsma"", ""rho"": 1.0, ""gain"": -3.552713678800501e-15}, {""block"": ""star_ris"", ""rho"": 2.0, ""gain"": 0.0021676545661719615}, {""block"": ""rsma"", ""rho"": 1.0, ""gain"": 0.0}, {""block"": ""star_ris"", ""rho"": 8.0, ""gain"": 0.036880767290611516}, {""block"": ""rsma"", ""rho"": 1.0, ""gain"": 0.0}, {""block"": ""star_ris"", ""rho"": 256.0, ""gain"": 0.009644246521961719}, {""block"": ""rsma"", ""rho"": 1.0, ""gain"": 0.0}, {""block"": ""star_ris"", ""rho"": 64.0, ""gain"": 0.007161739135661094}, {""block"": ""rsma"", ""rho"": 1.0, ""gain"": 0.0}, {""block"": ""star_ris"", ""rho"": 256.0, ""gain"": 0.0028351598111413523}, {""block"": ""rsma"", ""rho"": 1.0, ""gain"": 0.0}, {""block"": ""star_ris"", ""rho"": 128.0, ""gain"": 0.00187226098071136}]",{},4306.690368,eb978e84730de4cf1e0579ad9e17edb700c67ba6eceac89d1fe3698763a419f7,fc61d5cda7da39530055bae9bd0e92865f995cd9,4e84455d08cacd9f85c432f7838c3be2cb0f000b55edc3487c6dee9520cc0b63
ao_sca,96,10000,787,test,18.86645982933444,18.86645982933444,1.0,True,0.0,14,8376,24,ao_sca_proximal_physical,analytical_ris_equal_allocation,"[1.837980679223655, 17.97363675728883, 18.014510755996067, 18.034371216416275, 18.147251580774544, 18.189371900770865, 18.24514989155972, 18.390211547237442, 18.583713242155667, 18.641411962491592, 18.645677521984137, 18.6885832580629, 18.81293370767261, 18.865674562302388, 18.86645982933444]","[{""block"": ""rsma"", ""rho"": 1.0, ""gain"": 16.048760141067294}, {""block"": ""star_ris"", ""rho"": 8.0, ""gain"": 0.08689593699788034}, {""block"": ""rsma"", ""rho"": 1.0, ""gain"": 0.0}, {""block"": ""star_ris"", ""rho"": 16.0, ""gain"": 0.04087399870723729}, {""block"": ""rsma"", ""rho"": 1.0, ""gain"": 3.552713678800501e-15}, {""block"": ""star_ris"", ""rho"": 32.0, ""gain"": 0.019860460420204618}, {""block"": ""rsma"", ""rho"": 1.0, ""gain"": 0.0}, {""block"": ""star_ris"", ""rho"": 4.0, ""gain"": 0.11288036435826854}, {""block"": ""rsma"", ""rho"": 1.0, ""gain"": 0.0}, {""block"": ""star_ris"", ""rho"": 8.0, ""gain"": 0.0421203199963216}, {""block"": ""rsma"", ""rho"": 1.0, ""gain"": 0.0}, {""block"": ""star_ris"", ""rho"": 1.0, ""gain"": 0.05577799078885448}, {""block"": ""rsma"", ""rho"": 1.0, ""gain"": 0.0}, {""block"": ""star_ris"", ""rho"": 2.0, ""gain"": 0.145061655677722}, {""block"": ""rsma"", ""rho"": 1.0, ""gain"": 3.552713678800501e-15}, {""block"": ""star_ris"", ""rho"": 2.0, ""gain"": 0.193501694918222}, {""block"": ""rsma"", ""rho"": 1.0, ""gain"": -3.552713678800501e-15}, {""block"": ""star_ris"", ""rho"": 4.0, ""gain"": 0.057698720335928044}, {""block"": ""rsma"", ""rho"": 1.0, ""gain"": 0.0}, {""block"": ""star_ris"", ""rho"": 1.0, ""gain"": 0.004265559492544924}, {""block"": ""rsma"", ""rho"": 1.0, ""gain"": 3.552713678800501e-15}, {""block"": ""star_ris"", ""rho"": 2.0, ""gain"": 0.04290573607875814}, {""block"": ""rsma"", ""rho"": 1.0, ""gain"": 0.0}, {""block"": ""star_ris"", ""rho"": 2.0, ""gain"": 0.12435044960971098}, {""block"": ""rsma"", ""rho"": 1.0, ""gain"": 0.0}, {""block"": ""star_ris"", ""rho"": 2.0, ""gain"": 0.05274085462977851}, {""block"": ""rsma"", ""rho"": 1.0, ""gain"": 0.0}, {""block"": ""star_ris"", ""rho"": 128.0, ""gain"": 0.0007852670320502853}]",{},4584.141004,eb978e84730de4cf1e0579ad9e17edb700c67ba6eceac89d1fe3698763a419f7,fc61d5cda7da39530055bae9bd0e92865f995cd9,4e84455d08cacd9f85c432f7838c3be2cb0f000b55edc3487c6dee9520cc0b63
ao_sca,96,10000,788,test,19.134728103640786,19.134728103640786,1.0,True,0.0,13,7790,24,ao_sca_proximal_physical,analytical_ris_equal_allocation,"[1.8380073003817143, 18.7222321147061, 18.833622711987786, 18.837195473555386, 18.854478754519224, 18.90847965143531, 18.978568212054068, 18.99511267778367, 19.003266506405105, 19.007314628769297, 19.010596218637108, 19.074350029626565, 19.134148960453913, 19.134728103640786]","[{""block"": ""rsma"", ""rho"": 1.0, ""gain"": 16.613538542249135}, {""block"": ""star_ris"", ""rho"": 2.0, ""gain"": 0.270686272075249}, {""block"": ""rsma"", ""rho"": 1.0, ""gain"": 0.0}, {""block"": ""star_ris"", ""rho"": 4.0, ""gain"": 0.11139059728168732}, {""block"": ""rsma"", ""rho"": 1.0, ""gain"": 0.0}, {""block"": ""star_ris"", ""rho"": 8.0, ""gain"": 0.0035727615676002245}, {""block"": ""rsma"", ""rho"": 1.0, ""gain"": 0.0}, {""block"": ""star_ris"", ""rho"": 2.0, ""gain"": 0.01728328096383791}, {""block"": ""rsma"", ""rho"": 1.0, ""gain"": 3.552713678800501e-15}, {""block"": ""star_ris"", ""rho"": 1.0, ""gain"": 0.05400089691608301}, {""block"": ""rsma"", ""rho"": 1.0, ""gain"": 0.0}, {""block"": ""star_ris"", ""rho"": 8.0, ""gain"": 0.0700885606187569}, {""block"": ""rsma"", ""rho"": 1.0, ""gain"": 3.552713678800501e-15}, {""block"": ""star_ris"", ""rho"": 32.0, ""gain"": 0.016544465729598556}, {""block"": ""rsma"", ""rho"": 1.0, ""gain"": 0.0}, {""block"": ""star_ris"", ""rho"": 64.0, ""gain"": 0.008153828621434656}, {""block"": ""rsma"", ""rho"": 1.0, ""gain"": 0.0}, {""block"": ""star_ris"", ""rho"": 128.0, ""gain"": 0.004048122364192608}, {""block"": ""rsma"", ""rho"": 1.0, ""gain"": 3.552713678800501e-15}, {""block"": ""star_ris"", ""rho"": 4.0, ""gain"": 0.003281589867807355}, {""block"": ""rsma"", ""rho"": 1.0, ""gain"": 3.552713678800501e-15}, {""block"": ""star_ris"", ""rho"": 2.0, ""gain"": 0.06375381098945354}, {""block"": ""rsma"", ""rho"": 1.0, ""gain"": 0.0}, {""block"": ""star_ris"", ""rho"": 8.0, ""gain"": 0.05979893082734833}, {""block"": ""rsma"", ""rho"": 1.0, ""gain"": 0.0}, {""block"": ""star_ris"", ""rho"": 128.0, ""gain"": 0.0005791431868722441}]",{},4271.615009,eb978e84730de4cf1e0579ad9e17edb700c67ba6eceac89d1fe3698763a419f7,fc61d5cda7da39530055bae9bd0e92865f995cd9,4e84455d08cacd9f85c432f7838c3be2cb0f000b55edc3487c6dee9520cc0b63
ao_sca,96,10000,789,test,18.916084961164238,18.916084961164238,1.0,True,0.0,7,4179,13,ao_sca_proximal_physical,analytical_ris_equal_allocation,"[1.8379675316205317, 18.212799530604876, 18.82451502139724, 18.849631397571386, 18.88023197546741, 18.904706683381743, 18.91548945217895, 18.916084961164234]","[{""block"": ""rsma"", ""rho"": 1.0, ""gain"": 15.236292530968655}, {""block"": ""star_ris"", ""rho"": 1.0, ""gain"": 1.13853946801569}, {""block"": ""rsma"", ""rho"": 1.0, ""gain"": 0.0}, {""block"": ""star_ris"", ""rho"": 1.0, ""gain"": 0.6117154907923634}, {""block"": ""rsma"", ""rho"": 1.0, ""gain"": -3.552713678800501e-15}, {""block"": ""star_ris"", ""rho"": 2.0, ""gain"": 0.02511637617415019}, {""block"": ""rsma"", ""rho"": 1.0, ""gain"": 0.0}, {""block"": ""star_ris"", ""rho"": 2.0, ""gain"": 0.030600577896024106}, {""block"": ""rsma"", ""rho"": 1.0, ""gain"": 0.0}, {""block"": ""star_ris"", ""rho"": 2.0, ""gain"": 0.024474707914333038}, {""block"": ""rsma"", ""rho"": 1.0, ""gain"": 0.0}, {""block"": ""star_ris"", ""rho"": 4.0, ""gain"": 0.010782768797206188}, {""block"": ""rsma"", ""rho"": 1.0, ""gain"": -3.552713678800501e-15}, {""block"": ""star_ris"", ""rho"": 2.0, ""gain"": 0.0005955089852882622}]",{},2334.599513,eb978e84730de4cf1e0579ad9e17edb700c67ba6eceac89d1fe3698763a419f7,fc61d5cda7da39530055bae9bd0e92865f995cd9,4e84455d08cacd9f85c432f7838c3be2cb0f000b55edc3487c6dee9520cc0b63
ao_sca,96,10000,790,test,18.24710817205073,18.24710817205073,1.0,True,0.0,4,2394,8,ao_sca_proximal_physical,analytical_ris_equal_allocation,"[1.8379792935804389, 18.22431470531757, 18.230690442309957, 18.246772813598767, 18.24710817205073]","[{""block"": ""rsma"", ""rho"": 1.0, ""gain"": 16.18687373286255}, {""block"": ""star_ris"", ""rho"": 2.0, ""gain"": 0.19946167887458088}, {""block"": ""rsma"", ""rho"": 1.0, ""gain"": 0.0}, {""block"": ""star_ris"", ""rho"": 8.0, ""gain"": 0.006375736992385583}, {""block"": ""rsma"", ""rho"": 1.0, ""gain"": 7.105427357601002e-15}, {""block"": ""star_ris"", ""rho"": 2.0, ""gain"": 0.016082371288803188}, {""block"": ""rsma"", ""rho"": 1.0, ""gain"": 0.0}, {""block"": ""star_ris"", ""rho"": 16.0, ""gain"": 0.00033535845196297487}]",{},1334.111423,eb978e84730de4cf1e0579ad9e17edb700c67ba6eceac89d1fe3698763a419f7,fc61d5cda7da39530055bae9bd0e92865f995cd9,4e84455d08cacd9f85c432f7838c3be2cb0f000b55edc3487c6dee9520cc0b63
ao_sca,96,10000,791,test,18.83286611181615,18.83286611181615,1.0,True,0.0,16,9578,30,ao_sca_proximal_physical,analytical_ris_equal_allocation,"[1.8379727023034866, 17.737657706283024, 17.79718673545907, 17.804383974967244, 18.404679354138864, 18.47933929272375, 18.482486152367915, 18.500506760774346, 18.656883507284295, 18.665178438473948, 18.683820408754233, 18.730454736872844, 18.733674689192085, 18.738340878634183, 18.762673304135216, 18.8317697326407, 18.83286611181615]","[{""block"": ""rsma"", ""rho"": 1.0, ""gain"": 15.62035077658299}, {""block"": ""star_ris"", ""rho"": 4.0, ""gain"": 0.27933422739654645}, {""block"": ""rsma"", ""rho"": 1.0, ""gain"": 0.0}, {""block"": ""star_ris"", ""rho"": 16.0, ""gain"": 0.05952902917604774}, {""block"": ""rsma"", ""rho"": 1.0, ""gain"": 0.0}, {""block"": ""star_ris"", ""rho"": 128.0, ""gain"": 0.00719723950817297}, {""block"": ""rsma"", ""rho"": 1.0, ""gain"": -3.552713678800501e-15}, {""block"": ""star_ris"", ""rho"": 1.0, ""gain"": 0.600295379171623}, {""block"": ""rsma"", ""rho"": 1.0, ""gain"": 0.0}, {""block"": ""star_ris"", ""rho"": 1.0, ""gain"": 0.07465993858488673}, {""block"": ""rsma"", ""rho"": 1.0, ""gain"": 0.0}, {""block"": ""star_ris"", ""rho"": 8.0, ""gain"": 0.0031468596441648344}, {""block"": ""rsma"", ""rho"": 1.0, ""gain"": 0.0}, {""block"": ""star_ris"", ""rho"": 2.0, ""gain"": 0.018020608406430938}, {""block"": ""rsma"", ""rho"": 1.0, ""gain"": 0.0}, {""block"": ""star_ris"", ""rho"": 1.0, ""gain"": 0.15637674650994882}, {""block"": ""rsma"", ""rho"": 1.0, ""gain"": 0.0}, {""block"": ""star_ris"", ""rho"": 16.0, ""gain"": 0.008294931189652743}, {""block"": ""rsma"", ""rho"": 1.0, ""gain"": 0.0}, {""block"": ""star_ris"", ""rho"": 4.0, ""gain"": 0.018641970280285136}, {""block"": ""rsma"", ""rho"": 1.0, ""gain"": -3.552713678800501e-15}, {""block"": ""star_ris"", ""rho"": 2.0, ""gain"": 0.04663432811861412}, {""block"": ""rsma"", ""rho"": 1.0, ""gain"": 3.552713678800501e-15}, {""block"": ""star_ris"", ""rho"": 128.0, ""gain"": 0.0032199523192382173}, {""block"": ""rsma"", ""rho"": 1.0, ""gain"": 0.0}, {""block"": ""star_ris"", ""rho"": 8.0, ""gain"": 0.004666189442097846}, {""block"": ""rsma"", ""rho"": 1.0, ""gain"": 0.0}, {""block"": ""star_ris"", ""rho"": 4.0, ""gain"": 0.024332425501032873}, {""block"": ""rsma"", ""rho"": 1.0, ""gain"": 0.0}, {""block"": ""star_ris"", ""rho"": 4.0, ""gain"": 0.06909642850548536}, {""block"": ""rsma"", ""rho"": 1.0, ""gain"": 0.0}, {""block"": ""star_ris"", ""rho"": 8.0, ""gain"": 0.0010963791754470265}]",{},5429.601149,eb978e84730de4cf1e0579ad9e17edb700c67ba6eceac89d1fe3698763a419f7,fc61d5cda7da39530055bae9bd0e92865f995cd9,4e84455d08cacd9f85c432f7838c3be2cb0f000b55edc3487c6dee9520cc0b63
ao_sca,96,10000,792,test,18.868023634954497,18.868023634954497,1.0,True,0.0,14,8372,26,ao_sca_proximal_physical,analytical_ris_equal_allocation,"[1.8379883703783597, 18.247400699176023, 18.57845922593073, 18.687068925008262, 18.707874647030955, 18.718550190268854, 18.797346282592876, 18.80331575688073, 18.807662482932965, 18.810581638458814, 18.821828833125828, 18.83139316195164, 18.83789647913853, 18.867714621739342, 18.868023634954497]","[{""block"": ""rsma"", ""rho"": 1.0, ""gain"": 16.207840946407725}, {""block"": ""star_ris"", ""rho"": 1.0, ""gain"": 0.20157138238993966}, {""block"": ""rsma"", ""rho"": 1.0, ""gain"": 3.552713678800501e-15}, {""block"": ""star_ris"", ""rho"": 1.0, ""gain"": 0.3310585267547026}, {""block"": ""rsma"", ""rho"": 1.0, ""gain"": -3.552713678800501e-15}, {""block"": ""star_ris"", ""rho"": 1.0, ""gain"": 0.1086096990775367}, {""block"": ""rsma"", ""rho"": 1.0, ""gain"": 0.0}, {""block"": ""star_ris"", ""rho"": 4.0, ""gain"": 0.020805722022693374}, {""block"": ""rsma"", ""rho"": 1.0, ""gain"": 0.0}, {""block"": ""star_ris"", ""rho"": 4.0, ""gain"": 0.01067554323789821}, {""block"": ""rsma"", ""rho"": 1.0, ""gain"": 0.0}, {""block"": ""star_ris"", ""rho"": 4.0, ""gain"": 0.07879609232402274}, {""block"": ""rsma"", ""rho"": 1.0, ""gain"": 3.552713678800501e-15}, {""block"": ""star_ris"", ""rho"": 16.0, ""gain"": 0.005969474287848442}, {""block"": ""rsma"", ""rho"": 1.0, ""gain"": 0.0}, {""block"": ""star_ris"", ""rho"": 8.0, ""gain"": 0.00434672605223696}, {""block"": ""rsma"", ""rho"": 1.0, ""gain"": 0.0}, {""block"": ""star_ris"", ""rho"": 8.0, ""gain"": 0.002919155525848538}, {""block"": ""rsma"", ""rho"": 1.0, ""gain"": -3.552713678800501e-15}, {""block"": ""star_ris"", ""rho"": 4.0, ""gain"": 0.011247194667017624}, {""block"": ""rsma"", ""rho"": 1.0, ""gain"": 0.0}, {""block"": ""star_ris"", ""rho"": 8.0, ""gain"": 0.009564328825813817}, {""block"": ""rsma"", ""rho"": 1.0, ""gain"": 0.0}, {""block"": ""star_ris"", ""rho"": 2.0, ""gain"": 0.006503317186886903}, {""block"": ""rsma"", ""rho"": 1.0, ""gain"": 0.0}, {""block"": ""star_ris"", ""rho"": 4.0, ""gain"": 0.029818142600813502}, {""block"": ""rsma"", ""rho"": 1.0, ""gain"": -3.552713678800501e-15}, {""block"": ""star_ris"", ""rho"": 8.0, ""gain"": 0.00030901321515841573}]",{},4696.036668,eb978e84730de4cf1e0579ad9e17edb700c67ba6eceac89d1fe3698763a419f7,fc61d5cda7da39530055bae9bd0e92865f995cd9,4e84455d08cacd9f85c432f7838c3be2cb0f000b55edc3487c6dee9520cc0b63
ao_sca,96,10000,793,test,18.777511328812626,18.777511328812626,1.0,True,0.0,6,3600,10,ao_sca_proximal_physical,analytical_ris_equal_allocation,"[1.8380067634120683, 18.683206018742773, 18.699158564026853, 18.74990875690758, 18.774257406529383, 18.776284101599863, 18.777511328812626]","[{""block"": ""rsma"", ""rho"": 1.0, ""gain"": 16.78611697868049}, {""block"": ""star_ris"", ""rho"": 8.0, ""gain"": 0.059082276650215704}, {""block"": ""rsma"", ""rho"": 1.0, ""gain"": 0.0}, {""block"": ""star_ris"", ""rho"": 4.0, ""gain"": 0.015952545284079633}, {""block"": ""rsma"", ""rho"": 1.0, ""gain"": 0.0}, {""block"": ""star_ris"", ""rho"": 8.0, ""gain"": 0.05075019288072724}, {""block"": ""rsma"", ""rho"": 1.0, ""gain"": 0.0}, {""block"": ""star_ris"", ""rho"": 16.0, ""gain"": 0.024348649621803276}, {""block"": ""rsma"", ""rho"": 1.0, ""gain"": 0.0}, {""block"": ""star_ris"", ""rho"": 64.0, ""gain"": 0.0020266950704801445}, {""block"": ""rsma"", ""rho"": 1.0, ""gain"": -3.552713678800501e-15}, {""block"": ""star_ris"", ""rho"": 32.0, ""gain"": 0.0012272272127660244}]",{},2032.706578,eb978e84730de4cf1e0579ad9e17edb700c67ba6eceac89d1fe3698763a419f7,fc61d5cda7da39530055bae9bd0e92865f995cd9,4e84455d08cacd9f85c432f7838c3be2cb0f000b55edc3487c6dee9520cc0b63
ao_sca,96,10000,794,test,19.221043823657745,19.221043823657745,1.0,True,0.0,14,8365,27,ao_sca_proximal_physical,analytical_ris_equal_allocation,"[1.8379894672477282, 17.982808652937155, 18.110235907228518, 18.624322719111415, 18.766882187910067, 18.840472689891627, 18.905702748778864, 19.100471123458554, 19.137208201870095, 19.184893571400867, 19.191339368368205, 19.194486781427123, 19.198965846198984, 19.22056748869471, 19.221043823657745]","[{""block"": ""rsma"", ""rho"": 1.0, ""gain"": 16.132465822191545}, {""block"": ""star_ris"", ""rho"": 4.0, ""gain"": 0.012353363497883407}, {""block"": ""rsma"", ""rho"": 1.0, ""gain"": 0.0}, {""block"": ""star_ris"", ""rho"": 1.0, ""gain"": 0.12742725429136215}, {""block"": ""rsma"", ""rho"": 1.0, ""gain"": 0.0}, {""block"": ""star_ris"", ""rho"": 1.0, ""gain"": 0.5140868118828976}, {""block"": ""rsma"", ""rho"": 1.0, ""gain"": 0.0}, {""block"": ""star_ris"", ""rho"": 1.0, ""gain"": 0.14255946879865178}, {""block"": ""rsma"", ""rho"": 1.0, ""gain"": 0.0}, {""block"": ""star_ris"", ""rho"": 1.0, ""gain"": 0.0735905019815597}, {""block"": ""rsma"", ""rho"": 1.0, ""gain"": 0.0}, {""block"": ""star_ris"", ""rho"": 1.0, ""gain"": 0.06523005888723787}, {""block"": ""rsma"", ""rho"": 1.0, ""gain"": 0.0}, {""block"": ""star_ris"", ""rho"": 1.0, ""gain"": 0.19476837467968977}, {""block"": ""rsma"", ""rho"": 1.0, ""gain"": 0.0}, {""block"": ""star_ris"", ""rho"": 2.0, ""gain"": 0.036737078411540836}, {""block"": ""rsma"", ""rho"": 1.0, ""gain"": 3.552713678800501e-15}, {""block"": ""star_ris"", ""rho"": 16.0, ""gain"": 0.047685369530768185}, {""block"": ""rsma"", ""rho"": 1.0, ""gain"": 0.0}, {""block"": ""star_ris"", ""rho"": 4.0, ""gain"": 0.006445796967337714}, {""block"": ""rsma"", ""rho"": 1.0, ""gain"": -3.552713678800501e-15}, {""block"": ""star_ris"", ""rho"": 1.0, ""gain"": 0.0031474130589224103}, {""block"": ""rsma"", ""rho"": 1.0, ""gain"": -3.552713678800501e-15}, {""block"": ""star_ris"", ""rho"": 64.0, ""gain"": 0.004479064771864216}, {""block"": ""rsma"", ""rho"": 1.0, ""gain"": 3.552713678800501e-15}, {""block"": ""star_ris"", ""rho"": 2.0, ""gain"": 0.021601642495721052}, {""block"": ""rsma"", ""rho"": 1.0, ""gain"": 0.0}, {""block"": ""star_ris"", ""rho"": 16.0, ""gain"": 0.00047633496303589595}]",{},4721.175906,eb978e84730de4cf1e0579ad9e17edb700c67ba6eceac89d1fe3698763a419f7,fc61d5cda7da39530055bae9bd0e92865f995cd9,4e84455d08cacd9f85c432f7838c3be2cb0f000b55edc3487c6dee9520cc0b63
ao_sca,96,10000,795,test,19.078913959567505,19.078913959567505,1.0,True,0.0,16,9576,29,ao_sca_proximal_physical,analytical_ris_equal_allocation,"[1.837997457064619, 18.39809658243908, 18.5157453201133, 18.780346937235187, 18.830506966583833, 18.832861482210866, 18.859509518047044, 18.86504039082965, 18.90726899758965, 18.92481492400941, 18.931961697620345, 18.93828084123935, 19.02647061867942, 19.066591313275623, 19.0762853734799, 19.078693136686443, 19.078913959567505]","[{""block"": ""rsma"", ""rho"": 1.0, ""gain"": 16.39448667664446}, {""block"": ""star_ris"", ""rho"": 2.0, ""gain"": 0.16561244873000192}, {""block"": ""rsma"", ""rho"": 1.0, ""gain"": 0.0}, {""block"": ""star_ris"", ""rho"": 1.0, ""gain"": 0.11764873767421946}, {""block"": ""rsma"", ""rho"": 1.0, ""gain"": -3.552713678800501e-15}, {""block"": ""star_ris"", ""rho"": 2.0, ""gain"": 0.26460161712189034}, {""block"": ""rsma"", ""rho"": 1.0, ""gain"": 0.0}, {""block"": ""star_ris"", ""rho"": 8.0, ""gain"": 0.05016002934864616}, {""block"": ""rsma"", ""rho"": 1.0, ""gain"": -3.552713678800501e-15}, {""block"": ""star_ris"", ""rho"": 4.0, ""gain"": 0.002354515627036591}, {""block"": ""rsma"", ""rho"": 1.0, ""gain"": 3.552713678800501e-15}, {""block"": ""star_ris"", ""rho"": 16.0, ""gain"": 0.0266480358361747}, {""block"": ""rsma"", ""rho"": 1.0, ""gain"": 0.0}, {""block"": ""star_ris"", ""rho"": 4.0, ""gain"": 0.00553087278260378}, {""block"": ""rsma"", ""rho"": 1.0, ""gain"": -3.552713678800501e-15}, {""block"": ""star_ris"", ""rho"": 2.0, ""gain"": 0.042228606760005505}, {""block"": ""rsma"", ""rho"": 1.0, ""gain"": -3.552713678800501e-15}, {""block"": ""star_ris"", ""rho"": 1.0, ""gain"": 0.017545926419764157}, {""block"": ""rsma"", ""rho"": 1.0, ""gain"": 0.0}, {""block"": ""star_ris"", ""rho"": 8.0, ""gain"": 0.007146773610934076}, {""block"": ""rsma"", ""rho"": 1.0, ""gain"": 0.0}, {""block"": ""star_ris"", ""rho"": 2.0, ""gain"": 0.006319143619005985}, {""block"": ""rsma"", ""rho"": 1.0, ""gain"": 0.0}, {""block"": ""star_ris"", ""rho"": 4.0, ""gain"": 0.08818977744006773}, {""block"": ""rsma"", ""rho"": 1.0, ""gain"": -3.552713678800501e-15}, {""block"": ""star_ris"", ""rho"": 8.0, ""gain"": 0.04012069459620804}, {""block"": ""rsma"", ""rho"": 1.0, ""gain"": 3.552713678800501e-15}, {""block"": ""star_ris"", ""rho"": 32.0, ""gain"": 0.00969406020427499}, {""block"": ""rsma"", ""rho"": 1.0, ""gain"": 0.0}, {""block"": ""star_ris"", ""rho"": 128.0, ""gain"": 0.002407763206541347}, {""block"": ""rsma"", ""rho"": 1.0, ""gain"": 3.552713678800501e-15}, {""block"": ""star_ris"", ""rho"": 16.0, ""gain"": 0.00022082288105806924}]",{},5303.961909,eb978e84730de4cf1e0579ad9e17edb700c67ba6eceac89d1fe3698763a419f7,fc61d5cda7da39530055bae9bd0e92865f995cd9,4e84455d08cacd9f85c432f7838c3be2cb0f000b55edc3487c6dee9520cc0b63
ao_sca,96,10000,796,test,18.848955934814487,18.848955934814487,1.0,True,0.0,16,9571,29,ao_sca_proximal_physical,analytical_ris_equal_allocation,"[1.837973139795897, 18.006302447457756, 18.102730521319444, 18.195183054699005, 18.23819384985323, 18.258999667973054, 18.26923851246538, 18.38668198013974, 18.488089994117765, 18.49302358741931, 18.561305538046057, 18.667416102644314, 18.670514032634763, 18.6786750466024, 18.71283730025313, 18.848867448901906, 18.848955934814487]","[{""block"": ""rsma"", ""rho"": 1.0, ""gain"": 16.06957530551831}, {""block"": ""star_ris"", ""rho"": 1.0, ""gain"": 0.09875400214355068}, {""block"": ""rsma"", ""rho"": 1.0, ""gain"": 0.0}, {""block"": ""star_ris"", ""rho"": 1.0, ""gain"": 0.09642807386168784}, {""block"": ""rsma"", ""rho"": 1.0, ""gain"": -7.105427357601002e-15}, {""block"": ""star_ris"", ""rho"": 8.0, ""gain"": 0.09245253337956783}, {""block"": ""rsma"", ""rho"": 1.0, ""gain"": 3.552713678800501e-15}, {""block"": ""star_ris"", ""rho"": 16.0, ""gain"": 0.04301079515422046}, {""block"": ""rsma"", ""rho"": 1.0, ""gain"": 0.0}, {""block"": ""star_ris"", ""rho"": 32.0, ""gain"": 0.020805818119825403}, {""block"": ""rsma"", ""rho"": 1.0, ""gain"": 0.0}, {""block"": ""star_ris"", ""rho"": 64.0, ""gain"": 0.010238844492327814}, {""block"": ""rsma"", ""rho"": 1.0, ""gain"": -3.552713678800501e-15}, {""block"": ""star_ris"", ""rho"": 1.0, ""gain"": 0.11744346767436298}, {""block"": ""rsma"", ""rho"": 1.0, ""gain"": 0.0}, {""block"": ""star_ris"", ""rho"": 1.0, ""gain"": 0.10140801397802335}, {""block"": ""rsma"", ""rho"": 1.0, ""gain"": 0.0}, {""block"": ""star_ris"", ""rho"": 8.0, ""gain"": 0.004933593301544192}, {""block"": ""rsma"", ""rho"": 1.0, ""gain"": 3.552713678800501e-15}, {""block"": ""star_ris"", ""rho"": 1.0, ""gain"": 0.06828195062674425}, {""block"": ""rsma"", ""rho"": 1.0, ""gain"": 0.0}, {""block"": ""star_ris"", ""rho"": 1.0, ""gain"": 0.10611056459825718}, {""block"": ""rsma"", ""rho"": 1.0, ""gain"": 3.552713678800501e-15}, {""block"": ""star_ris"", ""rho"": 16.0, ""gain"": 0.0030979299904458912}, {""block"": ""rsma"", ""rho"": 1.0, ""gain"": -3.552713678800501e-15}, {""block"": ""star_ris"", ""rho"": 4.0, ""gain"": 0.008161013967640685}, {""block"": ""rsma"", ""rho"": 1.0, ""gain"": 0.0}, {""block"": ""star_ris"", ""rho"": 1.0, ""gain"": 0.03416225365073089}, {""block"": ""rsma"", ""rho"": 1.0, ""gain"": 3.552713678800501e-15}, {""block"": ""star_ris"", ""rho"": 1.0, ""gain"": 0.1360301486487714}, {""block"": ""rsma"", ""rho"": 1.0, ""gain"": 0.0}, {""block"": ""star_ris"", ""rho"": 128.0, ""gain"": 8.84859125811488e-05}]",{},5398.590425,eb978e84730de4cf1e0579ad9e17edb700c67ba6eceac89d1fe3698763a419f7,fc61d5cda7da39530055bae9bd0e92865f995cd9,4e84455d08cacd9f85c432f7838c3be2cb0f000b55edc3487c6dee9520cc0b63
ao_sca,96,10000,797,test,18.21448987102345,18.21448987102345,1.0,True,0.0,4,2401,8,ao_sca_proximal_physical,analytical_ris_equal_allocation,"[1.8379843914851286, 18.179142787311548, 18.19380630276917, 18.213577311456454, 18.21448987102345]","[{""block"": ""rsma"", ""rho"": 1.0, ""gain"": 16.32614097377039}, {""block"": ""star_ris"", ""rho"": 32.0, ""gain"": 0.015017422056029517}, {""block"": ""rsma"", ""rho"": 1.0, ""gain"": 0.0}, {""block"": ""star_ris"", ""rho"": 8.0, ""gain"": 0.014663515457620235}, {""block"": ""rsma"", ""rho"": 1.0, ""gain"": 0.0}, {""block"": ""star_ris"", ""rho"": 32.0, ""gain"": 0.019771008687285985}, {""block"": ""rsma"", ""rho"": 1.0, ""gain"": 7.105427357601002e-15}, {""block"": ""star_ris"", ""rho"": 8.0, ""gain"": 0.0009125595669878805}]",{},1343.05195,eb978e84730de4cf1e0579ad9e17edb700c67ba6eceac89d1fe3698763a419f7,fc61d5cda7da39530055bae9bd0e92865f995cd9,4e84455d08cacd9f85c432f7838c3be2cb0f000b55edc3487c6dee9520cc0b63
ao_sca,96,10000,798,test,19.44403815691196,19.44403815691196,1.0,True,0.0,20,11943,35,ao_sca_proximal_physical,analytical_ris_equal_allocation,"[1.8379990164619064, 18.4141513555915, 18.577033780896343, 18.651150314174384, 18.94651522028483, 19.095315531214226, 19.11309959276182, 19.11844544622956, 19.130187774050874, 19.135476109067675, 19.173563003703865, 19.19509907310064, 19.198940303983377, 19.201815364974507, 19.227205886997712, 19.294964722829327, 19.314188671795, 19.353942042349907, 19.368890087773956, 19.428849294429007, 19.444038156911958]","[{""block"": ""rsma"", ""rho"": 1.0, ""gain"": 16.152229835330942}, {""block"": ""star_ris"", ""rho"": 2.0, ""gain"": 0.42392250379865004}, {""block"": ""rsma"", ""rho"": 1.0, ""gain"": 0.0}, {""block"": ""star_ris"", ""rho"": 4.0, ""gain"": 0.16288242530484354}, {""block"": ""rsma"", ""rho"": 1.0, ""gain"": -3.552713678800501e-15}, {""block"": ""star_ris"", ""rho"": 8.0, ""gain"": 0.07411653327804402}, {""block"": ""rsma"", ""rho"": 1.0, ""gain"": 0.0}, {""block"": ""star_ris"", ""rho"": 1.0, ""gain"": 0.2953649061104464}, {""block"": ""rsma"", ""rho"": 1.0, ""gain"": 0.0}, {""block"": ""star_ris"", ""rho"": 2.0, ""gain"": 0.1488003109293956}, {""block"": ""rsma"", ""rho"": 1.0, ""gain"": 0.0}, {""block"": ""star_ris"", ""rho"": 2.0, ""gain"": 0.017784061547594376}, {""block"": ""rsma"", ""rho"": 1.0, ""gain"": 0.0}, {""block"": ""star_ris"", ""rho"": 2.0, ""gain"": 0.00534585346774108}, {""block"": ""rsma"", ""rho"": 1.0, ""gain"": -3.552713678800501e-15}, {""block"": ""star_ris"", ""rho"": 8.0, ""gain"": 0.011742327821316678}, {""block"": ""rsma"", ""rho"": 1.0, ""gain"": 0.0}, {""block"": ""star_ris"", ""rho"": 4.0, ""gain"": 0.005288335016800261}, {""block"": ""rsma"", ""rho"": 1.0, ""gain"": 0.0}, {""block"": ""star_ris"", ""rho"": 2.0, ""gain"": 0.03808689463619075}, {""block"": ""rsma"", ""rho"": 1.0, ""gain"": 0.0}, {""block"": ""star_ris"", ""rho"": 1.0, ""gain"": 0.021536069396773883}, {""block"": ""rsma"", ""rho"": 1.0, ""gain"": 3.552713678800501e-15}, {""block"": ""star_ris"", ""rho"": 1.0, ""gain"": 0.003841230882734692}, {""block"": ""rsma"", ""rho"": 1.0, ""gain"": 0.0}, {""block"": ""star_ris"", ""rho"": 4.0, ""gain"": 0.0028750609911298852}, {""block"": ""rsma"", ""rho"": 1.0, ""gain"": 0.0}, {""block"": ""star_ris"", ""rho"": 1.0, ""gain"": 0.02539052202320491}, {""block"": ""rsma"", ""rho"": 1.0, ""gain"": 0.0}, {""block"": ""star_ris"", ""rho"": 1.0, ""gain"": 0.06775883583161502}, {""block"": ""rsma"", ""rho"": 1.0, ""gain"": 3.552713678800501e-15}, {""block"": ""star_ris"", ""rho"": 4.0, ""gain"": 0.0192239489656707}, {""block"": ""rsma"", ""rho"": 1.0, ""gain"": -3.552713678800501e-15}, {""block"": ""star_ris"", ""rho"": 2.0, ""gain"": 0.039753370554908685}, {""block"": ""rsma"", ""rho"": 1.0, ""gain"": 0.0}, {""block"": ""star_ris"", ""rho"": 1.0, ""gain"": 0.014948045424048928}, {""block"": ""rsma"", ""rho"": 1.0, ""gain"": 0.0}, {""block"": ""star_ris"", ""rho"": 1.0, ""gain"": 0.05995920665505139}, {""block"": ""rsma"", ""rho"": 1.0, ""gain"": 0.0}, {""block"": ""star_ris"", ""rho"": 4.0, ""gain"": 0.015188862482951038}]",{},6888.924286,eb978e84730de4cf1e0579ad9e17edb700c67ba6eceac89d1fe3698763a419f7,fc61d5cda7da39530055bae9bd0e92865f995cd9,4e84455d08cacd9f85c432f7838c3be2cb0f000b55edc3487c6dee9520cc0b63
ao_sca,96,10000,799,test,18.64190511720021,18.64190511720021,1.0,True,0.0,2,1194,4,ao_sca_proximal_physical,analytical_ris_equal_allocation,"[1.8379961773408788, 18.64160176515439, 18.64190511720021]","[{""block"": ""rsma"", ""rho"": 1.0, ""gain"": 16.485556718096372}, {""block"": ""star_ris"", ""rho"": 1.0, ""gain"": 0.3180488697171384}, {""block"": ""rsma"", ""rho"": 1.0, ""gain"": 0.0}, {""block"": ""star_ris"", ""rho"": 2.0, ""gain"": 0.0003033520458188832}]",{},677.669449,eb978e84730de4cf1e0579ad9e17edb700c67ba6eceac89d1fe3698763a419f7,fc61d5cda7da39530055bae9bd0e92865f995cd9,4e84455d08cacd9f85c432f7838c3be2cb0f000b55edc3487c6dee9520cc0b63
ao_sca,96,10000,800,test,18.715494172635,18.715494172635,1.0,True,0.0,2,1194,4,ao_sca_proximal_physical,analytical_ris_equal_allocation,"[1.8379988836429337, 18.714512530646985, 18.715494172634997]","[{""block"": ""rsma"", ""rho"": 1.0, ""gain"": 16.100615375300734}, {""block"": ""star_ris"", ""rho"": 1.0, ""gain"": 0.7758982717033192}, {""block"": ""rsma"", ""rho"": 1.0, ""gain"": -3.552713678800501e-15}, {""block"": ""star_ris"", ""rho"": 2.0, ""gain"": 0.00098164198801598}]",{},662.645326,eb978e84730de4cf1e0579ad9e17edb700c67ba6eceac89d1fe3698763a419f7,fc61d5cda7da39530055bae9bd0e92865f995cd9,4e84455d08cacd9f85c432f7838c3be2cb0f000b55edc3487c6dee9520cc0b63
ao_sca,96,10000,801,test,18.87897926544728,18.87897926544728,1.0,True,0.0,15,8991,24,ao_sca_proximal_physical,analytical_ris_equal_allocation,"[1.8379756015679218, 17.70468684301423, 17.7367860723213, 18.04709312789161, 18.090360447034122, 18.633268999661684, 18.66450573667374, 18.694635941043934, 18.70786116455336, 18.716422753349256, 18.726355766599248, 18.837754860728214, 18.839735618008554, 18.875034789864415, 18.878963251995412, 18.878979265447278]","[{""block"": ""rsma"", ""rho"": 1.0, ""gain"": 15.79953263646631}, {""block"": ""star_ris"", ""rho"": 16.0, ""gain"": 0.06717860497999695}, {""block"": ""rsma"", ""rho"": 1.0, ""gain"": 0.0}, {""block"": ""star_ris"", ""rho"": 32.0, ""gain"": 0.03209922930707165}, {""block"": ""rsma"", ""rho"": 1.0, ""gain"": 0.0}, {""block"": ""star_ris"", ""rho"": 1.0, ""gain"": 0.31030705557030913}, {""block"": ""rsma"", ""rho"": 1.0, ""gain"": 0.0}, {""block"": ""star_ris"", ""rho"": 16.0, ""gain"": 0.043267319142511695}, {""block"": ""rsma"", ""rho"": 1.0, ""gain"": 0.0}, {""block"": ""star_ris"", ""rho"": 1.0, ""gain"": 0.5429085526275621}, {""block"": ""rsma"", ""rho"": 1.0, ""gain"": 0.0}, {""block"": ""star_ris"", ""rho"": 4.0, ""gain"": 0.03123673701205476}, {""block"": ""rsma"", ""rho"": 1.0, ""gain"": -7.105427357601002e-15}, {""block"": ""star_ris"", ""rho"": 8.0, ""gain"": 0.030130204370202307}, {""block"": ""rsma"", ""rho"": 1.0, ""gain"": 3.552713678800501e-15}, {""block"": ""star_ris"", ""rho"": 32.0, ""gain"": 0.01322522350942279}, {""block"": ""rsma"", ""rho"": 1.0, ""gain"": 0.0}, {""block"": ""star_ris"", ""rho"": 4.0, ""gain"": 0.008561588795895858}, {""block"": ""rsma"", ""rho"": 1.0, ""gain"": 0.0}, {""block"": ""star_ris"", ""rho"": 2.0, ""gain"": 0.009933013249991518}, {""block"": ""rsma"", ""rho"": 1.0, ""gain"": 0.0}, {""block"": ""star_ris"", ""rho"": 1.0, ""gain"": 0.11139909412896642}, {""block"": ""rsma"", ""rho"": 1.0, ""gain"": -3.552713678800501e-15}, {""block"": ""star_ris"", ""rho"": 16.0, ""gain"": 0.0019807572803429707}, {""block"": ""rsma"", ""rho"": 1.0, ""gain"": 0.0}, {""block"": ""star_ris"", ""rho"": 16.0, ""gain"": 0.03529917185586129}, {""block"": ""rsma"", ""rho"": 1.0, ""gain"": 0.0}, {""block"": ""star_ris"", ""rho"": 128.0, ""gain"": 0.003928462130996735}, {""block"": ""rsma"", ""rho"": 1.0, ""gain"": 0.0}, {""block"": ""star_ris"", ""rho"": 512.0, ""gain"": 1.601345186585945e-05}]",{},5076.648591,eb978e84730de4cf1e0579ad9e17edb700c67ba6eceac89d1fe3698763a419f7,fc61d5cda7da39530055bae9bd0e92865f995cd9,4e84455d08cacd9f85c432f7838c3be2cb0f000b55edc3487c6dee9520cc0b63
ao_sca,96,10000,802,test,19.641681828190684,19.641681828190684,1.0,True,0.0,17,10153,25,ao_sca_proximal_physical,analytical_ris_equal_allocation,"[1.8380122103660828, 18.902410007378734, 18.974983304044237, 19.0114439272478, 19.044709029091436, 19.18687306466371, 19.231183387416063, 19.2954707472087, 19.391908420832745, 19.43150733532764, 19.457405689383254, 19.523358591193098, 19.52977252336522, 19.551301012831903, 19.587128638291034, 19.60961725345487, 19.641323605260236, 19.641681828190684]","[{""block"": ""rsma"", ""rho"": 1.0, ""gain"": 17.028267797609807}, {""block"": ""star_ris"", ""rho"": 1.0, ""gain"": 0.03612999940284567}, {""block"": ""rsma"", ""rho"": 1.0, ""gain"": 0.0}, {""block"": ""star_ris"", ""rho"": 1.0, ""gain"": 0.07257329666550305}, {""block"": ""rsma"", ""rho"": 1.0, ""gain"": 0.0}, {""block"": ""star_ris"", ""rho"": 1.0, ""gain"": 0.03646062320356336}, {""block"": ""rsma"", ""rho"": 1.0, ""gain"": 0.0}, {""block"": ""star_ris"", ""rho"": 16.0, ""gain"": 0.03326510184363585}, {""block"": ""rsma"", ""rho"": 1.0, ""gain"": 0.0}, {""block"": ""star_ris"", ""rho"": 1.0, ""gain"": 0.14216403557227508}, {""block"": ""rsma"", ""rho"": 1.0, ""gain"": 0.0}, {""block"": ""star_ris"", ""rho"": 1.0, ""gain"": 0.04431032275235225}, {""block"": ""rsma"", ""rho"": 1.0, ""gain"": 0.0}, {""block"": ""star_ris"", ""rho"": 1.0, ""gain"": 0.06428735979263678}, {""block"": ""rsma"", ""rho"": 1.0, ""gain"": 3.552713678800501e-15}, {""block"": ""star_ris"", ""rho"": 1.0, ""gain"": 0.09643767362404176}, {""block"": ""rsma"", ""rho"": 1.0, ""gain"": 0.0}, {""block"": ""star_ris"", ""rho"": 1.0, ""gain"": 0.03959891449489561}, {""block"": ""rsma"", ""rho"": 1.0, ""gain"": 0.0}, {""block"": ""star_ris"", ""rho"": 2.0, ""gain"": 0.025898354055613027}, {""block"": ""rsma"", ""rho"": 1.0, ""gain"": 0.0}, {""block"": ""star_ris"", ""rho"": 1.0, ""gain"": 0.06595290180984392}, {""block"": ""rsma"", ""rho"": 1.0, ""gain"": 0.0}, {""block"": ""star_ris"", ""rho"": 8.0, ""gain"": 0.006413932172122827}, {""block"": ""rsma"", ""rho"": 1.0, ""gain"": 0.0}, {""block"": ""star_ris"", ""rho"": 4.0, ""gain"": 0.021528489466682288}, {""block"": ""rsma"", ""rho"": 1.0, ""gain"": 0.0}, {""block"": ""star_ris"", ""rho"": 2.0, ""gain"": 0.035827625459130985}, {""block"": ""rsma"", ""rho"": 1.0, ""gain"": 0.0}, {""block"": ""star_ris"", ""rho"": 4.0, ""gain"": 0.022488615163837267}, {""block"": ""rsma"", ""rho"": 1.0, ""gain"": 3.552713678800501e-15}, {""block"": ""star_ris"", ""rho"": 4.0, ""gain"": 0.03170635180536152}, {""block"": ""rsma"", ""rho"": 1.0, ""gain"": 0.0}, {""block"": ""star_ris"", ""rho"": 32.0, ""gain"": 0.000358222930447738}]",{},5779.678806,eb978e84730de4cf1e0579ad9e17edb700c67ba6eceac89d1fe3698763a419f7,fc61d5cda7da39530055bae9bd0e92865f995cd9,4e84455d08cacd9f85c432f7838c3be2cb0f000b55edc3487c6dee9520cc0b63
ao_sca,96,10000,803,test,18.77490543009657,18.77490543009657,1.0,True,0.0,19,11383,34,ao_sca_proximal_physical,analytical_ris_equal_allocation,"[1.8379757631286167, 18.117672042103642, 18.18417013953367, 18.254008619326076, 18.287157425177305, 18.303331708547606, 18.3178216101702, 18.377036228597508, 18.53160566925954, 18.641234002743214, 18.66987259040075, 18.716555547731506, 18.718787011258055, 18.721315870303286, 18.723263648233935, 18.742170836211038, 18.753490969633603, 18.771629153954393, 18.773915610090498, 18.774905430096574]","[{""block"": ""rsma"", ""rho"": 1.0, ""gain"": 15.936445808796856}, {""block"": ""star_ris"", ""rho"": 1.0, ""gain"": 0.34325047017816956}, {""block"": ""rsma"", ""rho"": 1.0, ""gain"": 0.0}, {""block"": ""star_ris"", ""rho"": 2.0, ""gain"": 0.06649809743002777}, {""block"": ""rsma"", ""rho"": 1.0, ""gain"": 0.0}, {""block"": ""star_ris"", ""rho"": 8.0, ""gain"": 0.06983847979240565}, {""block"": ""rsma"", ""rho"": 1.0, ""gain"": 3.552713678800501e-15}, {""block"": ""star_ris"", ""rho"": 16.0, ""gain"": 0.03314880585122637}, {""block"": ""rsma"", ""rho"": 1.0, ""gain"": 0.0}, {""block"": ""star_ris"", ""rho"": 32.0, ""gain"": 0.016174283370300913}, {""block"": ""rsma"", ""rho"": 1.0, ""gain"": 0.0}, {""block"": ""star_ris"", ""rho"": 1.0, ""gain"": 0.014489901622592782}, {""block"": ""rsma"", ""rho"": 1.0, ""gain"": 0.0}, {""block"": ""star_ris"", ""rho"": 2.0, ""gain"": 0.05921461842730835}, {""block"": ""rsma"", ""rho"": 1.0, ""gain"": 3.552713678800501e-15}, {""block"": ""star_ris"", ""rho"": 1.0, ""gain"": 0.15456944066202993}, {""block"": ""rsma"", ""rho"": 1.0, ""gain"": 0.0}, {""block"": ""star_ris"", ""rho"": 2.0, ""gain"": 0.1096283334836734}, {""block"": ""rsma"", ""rho"": 1.0, ""gain"": 3.552713678800501e-15}, {""block"": ""star_ris"", ""rho"": 2.0, ""gain"": 0.028638587657532355}, {""block"": ""rsma"", ""rho"": 1.0, ""gain"": 0.0}, {""block"": ""star_ris"", ""rho"": 4.0, ""gain"": 0.04668295733075567}, {""block"": ""rsma"", ""rho"": 1.0, ""gain"": 3.552713678800501e-15}, {""block"": ""star_ris"", ""rho"": 256.0, ""gain"": 0.002231463526545241}, {""block"": ""rsma"", ""rho"": 1.0, ""gain"": -3.552713678800501e-15}, {""block"": ""star_ris"", ""rho"": 4.0, ""gain"": 0.0025288590452348103}, {""block"": ""rsma"", ""rho"": 1.0, ""gain"": 0.0}, {""block"": ""star_ris"", ""rho"": 256.0, ""gain"": 0.0019477779306491527}, {""block"": ""rsma"", ""rho"": 1.0, ""gain"": -3.552713678800501e-15}, {""block"": ""star_ris"", ""rho"": 8.0, ""gain"": 0.018907187977106332}, {""block"": ""rsma"", ""rho"": 1.0, ""gain"": 3.552713678800501e-15}, {""block"": ""star_ris"", ""rho"": 32.0, ""gain"": 0.01132013342256144}, {""block"": ""rsma"", ""rho"": 1.0, ""gain"": -3.552713678800501e-15}, {""block"": ""star_ris"", ""rho"": 8.0, ""gain"": 0.018138184320793727}, {""block"": ""rsma"", ""rho"": 1.0, ""gain"": 0.0}, {""block"": ""star_ris"", ""rho"": 32.0, ""gain"": 0.0022864561361046754}, {""block"": ""rsma"", ""rho"": 1.0, ""gain"": 0.0}, {""block"": ""star_ris"", ""rho"": 64.0, ""gain"": 0.0009898200060760587}]",{},6370.22133,eb978e84730de4cf1e0579ad9e17edb700c67ba6eceac89d1fe3698763a419f7,fc61d5cda7da39530055bae9bd0e92865f995cd9,4e84455d08cacd9f85c432f7838c3be2cb0f000b55edc3487c6dee9520cc0b63
ao_sca,96,10000,804,test,19.11968272177594,19.11968272177594,1.0,True,0.0,19,11396,38,ao_sca_proximal_physical,analytical_ris_equal_allocation,"[1.837998530696165, 18.184323438371994, 18.28334643912739, 18.306612900958275, 18.318065011294763, 18.320907559508534, 18.486596335187038, 18.505303203909335, 18.51453748005504, 18.79153566745239, 18.828533834755376, 18.851307216915547, 18.979219401279344, 19.01424304086598, 19.030779999851983, 19.085373092802335, 19.106163905575848, 19.108958279087705, 19.1182811590322, 19.11968272177594]","[{""block"": ""rsma"", ""rho"": 1.0, ""gain"": 16.115208887582096}, {""block"": ""star_ris"", ""rho"": 4.0, ""gain"": 0.231116020093733}, {""block"": ""rsma"", ""rho"": 1.0, ""gain"": 0.0}, {""block"": ""star_ris"", ""rho"": 8.0, ""gain"": 0.09902300075539472}, {""block"": ""rsma"", ""rho"": 1.0, ""gain"": 0.0}, {""block"": ""star_ris"", ""rho"": 32.0, ""gain"": 0.023266461830885987}, {""block"": ""rsma"", ""rho"": 1.0, ""gain"": 0.0}, {""block"": ""star_ris"", ""rho"": 64.0, ""gain"": 0.01145211033648863}, {""block"": ""rsma"", ""rho"": 1.0, ""gain"": 0.0}, {""block"": ""star_ris"", ""rho"": 256.0, ""gain"": 0.0028425482137706126}, {""block"": ""rsma"", ""rho"": 1.0, ""gain"": 0.0}, {""block"": ""star_ris"", ""rho"": 4.0, ""gain"": 0.16568877567850393}, {""block"": ""rsma"", ""rho"": 1.0, ""gain"": 0.0}, {""block"": ""star_ris"", ""rho"": 32.0, ""gain"": 0.018706868722297543}, {""block"": ""rsma"", ""rho"": 1.0, ""gain"": 0.0}, {""block"": ""star_ris"", ""rho"": 64.0, ""gain"": 0.009234276145704712}, {""block"": ""rsma"", ""rho"": 1.0, ""gain"": 0.0}, {""block"": ""star_ris"", ""rho"": 2.0, ""gain"": 0.27699818739734994}, {""block"": ""rsma"", ""rho"": 1.0, ""gain"": 0.0}, {""block"": ""star_ris"", ""rho"": 4.0, ""gain"": 0.03699816730298622}, {""block"": ""rsma"", ""rho"": 1.0, ""gain"": 0.0}, {""block"": ""star_ris"", ""rho"": 1.0, ""gain"": 0.022773382160170996}, {""block"": ""rsma"", ""rho"": 1.0, ""gain"": 0.0}, {""block"": ""star_ris"", ""rho"": 4.0, ""gain"": 0.12791218436379737}, {""block"": ""rsma"", ""rho"": 1.0, ""gain"": 0.0}, {""block"": ""star_ris"", ""rho"": 4.0, ""gain"": 0.03502363958663679}, {""block"": ""rsma"", ""rho"": 1.0, ""gain"": 0.0}, {""block"": ""star_ris"", ""rho"": 4.0, ""gain"": 0.01653695898600205}, {""block"": ""rsma"", ""rho"": 1.0, ""gain"": 3.552713678800501e-15}, {""block"": ""star_ris"", ""rho"": 2.0, ""gain"": 0.05459309295034842}, {""block"": ""rsma"", ""rho"": 1.0, ""gain"": -3.552713678800501e-15}, {""block"": ""star_ris"", ""rho"": 2.0, ""gain"": 0.02079081277351591}, {""block"": ""rsma"", ""rho"": 1.0, ""gain"": 0.0}, {""block"": ""star_ris"", ""rho"": 512.0, ""gain"": 0.0027943735118576285}, {""block"": ""rsma"", ""rho"": 1.0, ""gain"": 0.0}, {""block"": ""star_ris"", ""rho"": 64.0, ""gain"": 0.0093228799444951}, {""block"": ""rsma"", ""rho"": 1.0, ""gain"": 0.0}, {""block"": ""star_ris"", ""rho"": 256.0, ""gain"": 0.001401562743740925}]",{},6261.333694,eb978e84730de4cf1e0579ad9e17edb700c67ba6eceac89d1fe3698763a419f7,fc61d5cda7da39530055bae9bd0e92865f995cd9,4e84455d08cacd9f85c432f7838c3be2cb0f000b55edc3487c6dee9520cc0b63
ao_sca,96,10000,805,test,18.76229053623853,18.76229053623853,1.0,True,0.0,3,1797,5,ao_sca_proximal_physical,analytical_ris_equal_allocation,"[1.8380057017025622, 18.63946066735652, 18.762209317123876, 18.76229053623853]","[{""block"": ""rsma"", ""rho"": 1.0, ""gain"": 16.488263398679706}, {""block"": ""star_ris"", ""rho"": 2.0, ""gain"": 0.31319156697425043}, {""block"": ""rsma"", ""rho"": 1.0, ""gain"": 3.552713678800501e-15}, {""block"": ""star_ris"", ""rho"": 4.0, ""gain"": 0.12274864976735245}, {""block"": ""rsma"", ""rho"": 1.0, ""gain"": 0.0}, {""block"": ""star_ris"", ""rho"": 32.0, ""gain"": 8.121911465508447e-05}]",{},1005.594104,eb978e84730de4cf1e0579ad9e17edb700c67ba6eceac89d1fe3698763a419f7,fc61d5cda7da39530055bae9bd0e92865f995cd9,4e84455d08cacd9f85c432f7838c3be2cb0f000b55edc3487c6dee9520cc0b63
ao_sca,96,10000,806,test,19.140515251903217,19.140515251903217,1.0,True,0.0,17,10175,28,ao_sca_proximal_physical,analytical_ris_equal_allocation,"[1.8379975032157971, 18.205549841260684, 18.209615763583248, 18.321863384628223, 18.566674301611474, 18.732010364468263, 18.826527780874954, 18.929994163971045, 18.963417109170102, 18.999218612001563, 19.065054649613252, 19.084380780749417, 19.104975726056363, 19.11209483742905, 19.118919211403707, 19.136353902017035, 19.13975216570732, 19.140515251903217]","[{""block"": ""rsma"", ""rho"": 1.0, ""gain"": 16.359369668422026}, {""block"": ""star_ris"", ""rho"": 64.0, ""gain"": 0.008182669622861738}, {""block"": ""rsma"", ""rho"": 1.0, ""gain"": 0.0}, {""block"": ""star_ris"", ""rho"": 128.0, ""gain"": 0.004065922322563864}, {""block"": ""rsma"", ""rho"": 1.0, ""gain"": 3.552713678800501e-15}, {""block"": ""star_ris"", ""rho"": 1.0, ""gain"": 0.11224762104497188}, {""block"": ""rsma"", ""rho"": 1.0, ""gain"": 0.0}, {""block"": ""star_ris"", ""rho"": 1.0, ""gain"": 0.2448109169832513}, {""block"": ""rsma"", ""rho"": 1.0, ""gain"": 0.0}, {""block"": ""star_ris"", ""rho"": 1.0, ""gain"": 0.16533606285678815}, {""block"": ""rsma"", ""rho"": 1.0, ""gain"": 0.0}, {""block"": ""star_ris"", ""rho"": 1.0, ""gain"": 0.09451741640669198}, {""block"": ""rsma"", ""rho"": 1.0, ""gain"": 0.0}, {""block"": ""star_ris"", ""rho"": 1.0, ""gain"": 0.10346638309609091}, {""block"": ""rsma"", ""rho"": 1.0, ""gain"": 0.0}, {""block"": ""star_ris"", ""rho"": 8.0, ""gain"": 0.03342294519905664}, {""block"": ""rsma"", ""rho"": 1.0, ""gain"": 0.0}, {""block"": ""star_ris"", ""rho"": 2.0, ""gain"": 0.03580150283146111}, {""block"": ""rsma"", ""rho"": 1.0, ""gain"": 0.0}, {""block"": ""star_ris"", ""rho"": 2.0, ""gain"": 0.06583603761168888}, {""block"": ""rsma"", ""rho"": 1.0, ""gain"": 0.0}, {""block"": ""star_ris"", ""rho"": 4.0, ""gain"": 0.019326131136164548}, {""block"": ""rsma"", ""rho"": 1.0, ""gain"": 0.0}, {""block"": ""star_ris"", ""rho"": 4.0, ""gain"": 0.0205949453069465}, {""block"": ""rsma"", ""rho"": 1.0, ""gain"": 0.0}, {""block"": ""star_ris"", ""rho"": 4.0, ""gain"": 0.00711911137268828}, {""block"": ""rsma"", ""rho"": 1.0, ""gain"": 0.0}, {""block"": ""star_ris"", ""rho"": 32.0, ""gain"": 0.006824373974655629}, {""block"": ""rsma"", ""rho"": 1.0, ""gain"": 0.0}, {""block"": ""star_ris"", ""rho"": 8.0, ""gain"": 0.01743469061332803}, {""block"": ""rsma"", ""rho"": 1.0, ""gain"": 0.0}, {""block"": ""star_ris"", ""rho"": 2.0, ""gain"": 0.003398263690286285}, {""block"": ""rsma"", ""rho"": 1.0, ""gain"": -3.552713678800501e-15}, {""block"": ""star_ris"", ""rho"": 512.0, ""gain"": 0.0007630861958993762}]",{},5526.547446,eb978e84730de4cf1e0579ad9e17edb700c67ba6eceac89d1fe3698763a419f7,fc61d5cda7da39530055bae9bd0e92865f995cd9,4e84455d08cacd9f85c432f7838c3be2cb0f000b55edc3487c6dee9520cc0b63
ao_sca,96,10000,807,test,19.170259368499845,19.170259368499845,1.0,True,0.0,20,11969,34,ao_sca_proximal_physical,analytical_ris_equal_allocation,"[1.837992402281576, 18.19624998014004, 18.244280229107577, 18.576760850170302, 18.579284110324146, 18.589679338650683, 18.616092267890686, 18.655475073920922, 18.660283738946237, 18.730605454631853, 18.739689550291786, 18.766350970437138, 18.772973623637032, 18.77702208952725, 18.791372064430504, 18.82554586353651, 18.867349986643127, 19.14891441709298, 19.164267548864927, 19.167522161850556, 19.170259368499845]","[{""block"": ""rsma"", ""rho"": 1.0, ""gain"": 16.18929841219443}, {""block"": ""star_ris"", ""rho"": 1.0, ""gain"": 0.16895916566403457}, {""block"": ""rsma"", ""rho"": 1.0, ""gain"": 0.0}, {""block"": ""star_ris"", ""rho"": 16.0, ""gain"": 0.048030248967538824}, {""block"": ""rsma"", ""rho"": 1.0, ""gain"": 3.552713678800501e-15}, {""block"": ""star_ris"", ""rho"": 2.0, ""gain"": 0.3324806210627216}, {""block"": ""rsma"", ""rho"": 1.0, ""gain"": -3.552713678800501e-15}, {""block"": ""star_ris"", ""rho"": 16.0, ""gain"": 0.0025232601538469623}, {""block"": ""rsma"", ""rho"": 1.0, ""gain"": 0.0}, {""block"": ""star_ris"", ""rho"": 8.0, ""gain"": 0.010395228326537165}, {""block"": ""rsma"", ""rho"": 1.0, ""gain"": -3.552713678800501e-15}, {""block"": ""star_ris"", ""rho"": 4.0, ""gain"": 0.026412929240006378}, {""block"": ""rsma"", ""rho"": 1.0, ""gain"": 0.0}, {""block"": ""star_ris"", ""rho"": 4.0, ""gain"": 0.03938280603023614}, {""block"": ""rsma"", ""rho"": 1.0, ""gain"": 0.0}, {""block"": ""star_ris"", ""rho"": 4.0, ""gain"": 0.004808665025315406}, {""block"": ""rsma"", ""rho"": 1.0, ""gain"": -3.552713678800501e-15}, {""block"": ""star_ris"", ""rho"": 4.0, ""gain"": 0.07032171568561907}, {""block"": ""rsma"", ""rho"": 1.0, ""gain"": 3.552713678800501e-15}, {""block"": ""star_ris"", ""rho"": 4.0, ""gain"": 0.009084095659929403}, {""block"": ""rsma"", ""rho"": 1.0, ""gain"": 0.0}, {""block"": ""star_ris"", ""rho"": 16.0, ""gain"": 0.02666142014535211}, {""block"": ""rsma"", ""rho"": 1.0, ""gain"": 0.0}, {""block"": ""star_ris"", ""rho"": 64.0, ""gain"": 0.006622653199894302}, {""block"": ""rsma"", ""rho"": 1.0, ""gain"": 0.0}, {""block"": ""star_ris"", ""rho"": 8.0, ""gain"": 0.0040484658902180115}, {""block"": ""rsma"", ""rho"": 1.0, ""gain"": -3.552713678800501e-15}, {""block"": ""star_ris"", ""rho"": 1.0, ""gain"": 0.014349974903257845}, {""block"": ""rsma"", ""rho"": 1.0, ""gain"": 7.105427357601002e-15}, {""block"": ""star_ris"", ""rho"": 2.0, ""gain"": 0.03417379910600005}, {""block"": ""rsma"", ""rho"": 1.0, ""gain"": 0.0}, {""block"": ""star_ris"", ""rho"": 1.0, ""gain"": 0.04180412310661552}, {""block"": ""rsma"", ""rho"": 1.0, ""gain"": 0.0}, {""block"": ""star_ris"", ""rho"": 1.0, ""gain"": 0.28156443044985124}, {""block"": ""rsma"", ""rho"": 1.0, ""gain"": 0.0}, {""block"": ""star_ris"", ""rho"": 4.0, ""gain"": 0.01535313177194908}, {""block"": ""rsma"", ""rho"": 1.0, ""gain"": 0.0}, {""block"": ""star_ris"", ""rho"": 32.0, ""gain"": 0.003254612985628569}, {""block"": ""rsma"", ""rho"": 1.0, ""gain"": 0.0}, {""block"": ""star_ris"", ""rho"": 32.0, ""gain"": 0.0027372066492894476}]",{},6481.934819,eb978e84730de4cf1e0579ad9e17edb700c67ba6eceac89d1fe3698763a419f7,fc61d5cda7da39530055bae9bd0e92865f995cd9,4e84455d08cacd9f85c432f7838c3be2cb0f000b55edc3487c6dee9520cc0b63
ao_sca,96,10000,808,test,18.727878370451823,18.727878370451823,1.0,True,0.0,11,6595,22,ao_sca_proximal_physical,analytical_ris_equal_allocation,"[1.8379836446553797, 18.119110230505548, 18.59842171184173, 18.643259452324294, 18.653779302887198, 18.681074831742954, 18.694473508135463, 18.69779523684608, 18.7003089184183, 18.71851289066299, 18.72747522843452, 18.727878370451823]","[{""block"": ""rsma"", ""rho"": 1.0, ""gain"": 16.096756575419235}, {""block"": ""star_ris"", ""rho"": 1.0, ""gain"": 0.18437001043093204}, {""block"": ""rsma"", ""rho"": 1.0, ""gain"": 0.0}, {""block"": ""star_ris"", ""rho"": 1.0, ""gain"": 0.4793114813361825}, {""block"": ""rsma"", ""rho"": 1.0, ""gain"": 0.0}, {""block"": ""star_ris"", ""rho"": 4.0, ""gain"": 0.044837740482563504}, {""block"": ""rsma"", ""rho"": 1.0, ""gain"": 3.552713678800501e-15}, {""block"": ""star_ris"", ""rho"": 2.0, ""gain"": 0.010519850562900501}, {""block"": ""rsma"", ""rho"": 1.0, ""gain"": -3.552713678800501e-15}, {""block"": ""star_ris"", ""rho"": 16.0, ""gain"": 0.0272955288557597}, {""block"": ""rsma"", ""rho"": 1.0, ""gain"": 0.0}, {""block"": ""star_ris"", ""rho"": 32.0, ""gain"": 0.01339867639250869}, {""block"": ""rsma"", ""rho"": 1.0, ""gain"": 0.0}, {""block"": ""star_ris"", ""rho"": 128.0, ""gain"": 0.003321728710616867}, {""block"": ""rsma"", ""rho"": 1.0, ""gain"": 0.0}, {""block"": ""star_ris"", ""rho"": 8.0, ""gain"": 0.0025136815722213157}, {""block"": ""rsma"", ""rho"": 1.0, ""gain"": -3.552713678800501e-15}, {""block"": ""star_ris"", ""rho"": 32.0, ""gain"": 0.018203972244691613}, {""block"": ""rsma"", ""rho"": 1.0, ""gain"": 0.0}, {""block"": ""star_ris"", ""rho"": 64.0, ""gain"": 0.008962337771531992}, {""block"": ""rsma"", ""rho"": 1.0, ""gain"": 0.0}, {""block"": ""star_ris"", ""rho"": 32.0, ""gain"": 0.00040314201730140553}]",{},3599.19551,eb978e84730de4cf1e0579ad9e17edb700c67ba6eceac89d1fe3698763a419f7,fc61d5cda7da39530055bae9bd0e92865f995cd9,4e84455d08cacd9f85c432f7838c3be2cb0f000b55edc3487c6dee9520cc0b63
ao_sca,96,10000,809,test,18.35458738776469,18.35458738776469,1.0,True,0.0,12,7191,23,ao_sca_proximal_physical,analytical_ris_equal_allocation,"[1.8379578211827317, 17.44202820803862, 17.510341592405467, 17.542980300914365, 17.74067243008733, 18.109450244796456, 18.234925961746015, 18.24026465728594, 18.248201121790128, 18.25852352174452, 18.323438888370017, 18.354437515203927, 18.354587387764692]","[{""block"": ""rsma"", ""rho"": 1.0, ""gain"": 15.453100196866112}, {""block"": ""star_ris"", ""rho"": 8.0, ""gain"": 0.15097018998977774}, {""block"": ""rsma"", ""rho"": 1.0, ""gain"": 0.0}, {""block"": ""star_ris"", ""rho"": 16.0, ""gain"": 0.06831338436684575}, {""block"": ""rsma"", ""rho"": 1.0, ""gain"": 0.0}, {""block"": ""star_ris"", ""rho"": 32.0, ""gain"": 0.03263870850889816}, {""block"": ""rsma"", ""rho"": 1.0, ""gain"": 0.0}, {""block"": ""star_ris"", ""rho"": 1.0, ""gain"": 0.19769212917296386}, {""block"": ""rsma"", ""rho"": 1.0, ""gain"": 0.0}, {""block"": ""star_ris"", ""rho"": 2.0, ""gain"": 0.3687778147091265}, {""block"": ""rsma"", ""rho"": 1.0, ""gain"": 0.0}, {""block"": ""star_ris"", ""rho"": 4.0, ""gain"": 0.12547571694955906}, {""block"": ""rsma"", ""rho"": 1.0, ""gain"": -3.552713678800501e-15}, {""block"": ""star_ris"", ""rho"": 16.0, ""gain"": 0.0053386955399297165}, {""block"": ""rsma"", ""rho"": 1.0, ""gain"": 0.0}, {""block"": ""star_ris"", ""rho"": 8.0, ""gain"": 0.007936464504187057}, {""block"": ""rsma"", ""rho"": 1.0, ""gain"": 0.0}, {""block"": ""star_ris"", ""rho"": 4.0, ""gain"": 0.010322399954393546}, {""block"": ""rsma"", ""rho"": 1.0, ""gain"": 0.0}, {""block"": ""star_ris"", ""rho"": 8.0, ""gain"": 0.06491536662549535}, {""block"": ""rsma"", ""rho"": 1.0, ""gain"": 0.0}, {""block"": ""star_ris"", ""rho"": 16.0, ""gain"": 0.030998626833909526}, {""block"": ""rsma"", ""rho"": 1.0, ""gain"": 0.0}, {""block"": ""star_ris"", ""rho"": 128.0, ""gain"": 0.00014987256076537392}]",{},3882.24961,eb978e84730de4cf1e0579ad9e17edb700c67ba6eceac89d1fe3698763a419f7,fc61d5cda7da39530055bae9bd0e92865f995cd9,4e84455d08cacd9f85c432f7838c3be2cb0f000b55edc3487c6dee9520cc0b63
ao_sca,96,10000,810,test,18.876998539340708,18.876998539340708,1.0,True,0.0,4,2395,8,ao_sca_proximal_physical,analytical_ris_equal_allocation,"[1.8380080223164768, 18.748845576415675, 18.867331474946774, 18.875316828323314, 18.876998539340708]","[{""block"": ""rsma"", ""rho"": 1.0, ""gain"": 16.837801810241142}, {""block"": ""star_ris"", ""rho"": 2.0, ""gain"": 0.07303574385805689}, {""block"": ""rsma"", ""rho"": 1.0, ""gain"": 0.0}, {""block"": ""star_ris"", ""rho"": 4.0, ""gain"": 0.11848589853109814}, {""block"": ""rsma"", ""rho"": 1.0, ""gain"": 0.0}, {""block"": ""star_ris"", ""rho"": 8.0, ""gain"": 0.00798535337654016}, {""block"": ""rsma"", ""rho"": 1.0, ""gain"": 0.0}, {""block"": ""star_ris"", ""rho"": 16.0, ""gain"": 0.0016817110173938943}]",{},1293.861045,eb978e84730de4cf1e0579ad9e17edb700c67ba6eceac89d1fe3698763a419f7,fc61d5cda7da39530055bae9bd0e92865f995cd9,4e84455d08cacd9f85c432f7838c3be2cb0f000b55edc3487c6dee9520cc0b63
ao_sca,96,10000,811,test,19.32766315602904,19.32766315602904,1.0,True,0.0,11,6571,20,ao_sca_proximal_physical,analytical_ris_equal_allocation,"[1.8380025465594623, 18.508922220746307, 18.76481761503631, 19.089570653213215, 19.206981810459112, 19.21091612549194, 19.21597178900874, 19.21909813544457, 19.22365364094259, 19.257064062250585, 19.326166758359225, 19.32766315602904]","[{""block"": ""rsma"", ""rho"": 1.0, ""gain"": 16.272655702585446}, {""block"": ""star_ris"", ""rho"": 2.0, ""gain"": 0.3982639716013985}, {""block"": ""rsma"", ""rho"": 1.0, ""gain"": 0.0}, {""block"": ""star_ris"", ""rho"": 1.0, ""gain"": 0.25589539429000396}, {""block"": ""rsma"", ""rho"": 1.0, ""gain"": 0.0}, {""block"": ""star_ris"", ""rho"": 1.0, ""gain"": 0.3247530381769046}, {""block"": ""rsma"", ""rho"": 1.0, ""gain"": 3.552713678800501e-15}, {""block"": ""star_ris"", ""rho"": 1.0, ""gain"": 0.11741115724589335}, {""block"": ""rsma"", ""rho"": 1.0, ""gain"": 0.0}, {""block"": ""star_ris"", ""rho"": 4.0, ""gain"": 0.003934315032829261}, {""block"": ""rsma"", ""rho"": 1.0, ""gain"": 0.0}, {""block"": ""star_ris"", ""rho"": 16.0, ""gain"": 0.005055663516799314}, {""block"": ""rsma"", ""rho"": 1.0, ""gain"": 0.0}, {""block"": ""star_ris"", ""rho"": 8.0, ""gain"": 0.003126346435827543}, {""block"": ""rsma"", ""rho"": 1.0, ""gain"": -3.552713678800501e-15}, {""block"": ""star_ris"", ""rho"": 1.0, ""gain"": 0.004555505498025525}, {""block"": ""rsma"", ""rho"": 1.0, ""gain"": 0.0}, {""block"": ""star_ris"", ""rho"": 2.0, ""gain"": 0.03341042130799465}, {""block"": ""rsma"", ""rho"": 1.0, ""gain"": 0.0}, {""block"": ""star_ris"", ""rho"": 1.0, ""gain"": 0.06910269610864006}, {""block"": ""rsma"", ""rho"": 1.0, ""gain"": 0.0}, {""block"": ""star_ris"", ""rho"": 8.0, ""gain"": 0.0014963976698147974}]",{},3458.871397,eb978e84730de4cf1e0579ad9e17edb700c67ba6eceac89d1fe3698763a419f7,fc61d5cda7da39530055bae9bd0e92865f995cd9,4e84455d08cacd9f85c432f7838c3be2cb0f000b55edc3487c6dee9520cc0b63
ao_sca,96,10000,812,test,18.761476160983623,18.761476160983623,1.0,True,0.0,15,8979,26,ao_sca_proximal_physical,analytical_ris_equal_allocation,"[1.8379714809162542, 18.05428168603083, 18.10725377618647, 18.375445580587993, 18.38698438189845, 18.391963677926, 18.43456564635376, 18.589896037770202, 18.65523287020373, 18.68624474538172, 18.690044579741357, 18.70193881984325, 18.71485610276416, 18.743145944070882, 18.761211272121077, 18.761476160983626]","[{""block"": ""rsma"", ""rho"": 1.0, ""gain"": 15.93674457328511}, {""block"": ""star_ris"", ""rho"": 1.0, ""gain"": 0.2795656318294668}, {""block"": ""rsma"", ""rho"": 1.0, ""gain"": 0.0}, {""block"": ""star_ris"", ""rho"": 16.0, ""gain"": 0.05297209015564164}, {""block"": ""rsma"", ""rho"": 1.0, ""gain"": 0.0}, {""block"": ""star_ris"", ""rho"": 1.0, ""gain"": 0.26819180440152124}, {""block"": ""rsma"", ""rho"": 1.0, ""gain"": 0.0}, {""block"": ""star_ris"", ""rho"": 1.0, ""gain"": 0.011538801310457814}, {""block"": ""rsma"", ""rho"": 1.0, ""gain"": 0.0}, {""block"": ""star_ris"", ""rho"": 8.0, ""gain"": 0.004979296027549651}, {""block"": ""rsma"", ""rho"": 1.0, ""gain"": 0.0}, {""block"": ""star_ris"", ""rho"": 2.0, ""gain"": 0.04260196842776054}, {""block"": ""rsma"", ""rho"": 1.0, ""gain"": 0.0}, {""block"": ""star_ris"", ""rho"": 4.0, ""gain"": 0.15533039141644167}, {""block"": ""rsma"", ""rho"": 1.0, ""gain"": 0.0}, {""block"": ""star_ris"", ""rho"": 8.0, ""gain"": 0.06533683243352684}, {""block"": ""rsma"", ""rho"": 1.0, ""gain"": 3.552713678800501e-15}, {""block"": ""star_ris"", ""rho"": 16.0, ""gain"": 0.031011875177988202}, {""block"": ""rsma"", ""rho"": 1.0, ""gain"": 0.0}, {""block"": ""star_ris"", ""rho"": 128.0, ""gain"": 0.003799834359636378}, {""block"": ""rsma"", ""rho"": 1.0, ""gain"": 0.0}, {""block"": ""star_ris"", ""rho"": 4.0, ""gain"": 0.011894240101891995}, {""block"": ""rsma"", ""rho"": 1.0, ""gain"": 0.0}, {""block"": ""star_ris"", ""rho"": 8.0, ""gain"": 0.012917282920909656}, {""block"": ""rsma"", ""rho"": 1.0, ""gain"": 0.0}, {""block"": ""star_ris"", ""rho"": 4.0, ""gain"": 0.028289841306722963}, {""block"": ""rsma"", ""rho"": 1.0, ""gain"": -3.552713678800501e-15}, {""block"": ""star_ris"", ""rho"": 2.0, ""gain"": 0.01806532805019856}, {""block"": ""rsma"", ""rho"": 1.0, ""gain"": 0.0}, {""block"": ""star_ris"", ""rho"": 64.0, ""gain"": 0.00026488886254938393}]",{},4791.636414,eb978e84730de4cf1e0579ad9e17edb700c67ba6eceac89d1fe3698763a419f7,fc61d5cda7da39530055bae9bd0e92865f995cd9,4e84455d08cacd9f85c432f7838c3be2cb0f000b55edc3487c6dee9520cc0b63
ao_sca,96,10000,813,test,18.28975935432648,18.28975935432648,1.0,True,0.0,4,2387,8,ao_sca_proximal_physical,analytical_ris_equal_allocation,"[1.837956864089745, 18.170530429818047, 18.210030632961278, 18.289382403183726, 18.289759354326478]","[{""block"": ""rsma"", ""rho"": 1.0, ""gain"": 15.279497554256798}, {""block"": ""star_ris"", ""rho"": 1.0, ""gain"": 1.0530760114715036}, {""block"": ""rsma"", ""rho"": 1.0, ""gain"": 0.0}, {""block"": ""star_ris"", ""rho"": 2.0, ""gain"": 0.03950020314323055}, {""block"": ""rsma"", ""rho"": 1.0, ""gain"": 0.0}, {""block"": ""star_ris"", ""rho"": 1.0, ""gain"": 0.07935177022244844}, {""block"": ""rsma"", ""rho"": 1.0, ""gain"": 3.552713678800501e-15}, {""block"": ""star_ris"", ""rho"": 2.0, ""gain"": 0.0003769511427478278}]",{},1294.275404,eb978e84730de4cf1e0579ad9e17edb700c67ba6eceac89d1fe3698763a419f7,fc61d5cda7da39530055bae9bd0e92865f995cd9,4e84455d08cacd9f85c432f7838c3be2cb0f000b55edc3487c6dee9520cc0b63
ao_sca,96,10000,814,test,19.074272847982197,19.074272847982197,1.0,True,0.0,16,9574,29,ao_sca_proximal_physical,analytical_ris_equal_allocation,"[1.8379935557280518, 18.60379633565118, 18.620920199432238, 18.636778204230133, 18.653527681934218, 18.689734124122623, 18.730513004350357, 18.7613139090003, 18.937805812094453, 18.976952938297664, 18.995976863073267, 19.000672192386546, 19.007259430839827, 19.030886567240543, 19.033257002702985, 19.073764172543733, 19.074272847982193]","[{""block"": ""rsma"", ""rho"": 1.0, ""gain"": 16.200458305186583}, {""block"": ""star_ris"", ""rho"": 1.0, ""gain"": 0.5653444747365448}, {""block"": ""rsma"", ""rho"": 1.0, ""gain"": 0.0}, {""block"": ""star_ris"", ""rho"": 2.0, ""gain"": 0.0171238637810589}, {""block"": ""rsma"", ""rho"": 1.0, ""gain"": 0.0}, {""block"": ""star_ris"", ""rho"": 8.0, ""gain"": 0.01585800479789512}, {""block"": ""rsma"", ""rho"": 1.0, ""gain"": 0.0}, {""block"": ""star_ris"", ""rho"": 2.0, ""gain"": 0.01674947770408508}, {""block"": ""rsma"", ""rho"": 1.0, ""gain"": 0.0}, {""block"": ""star_ris"", ""rho"": 16.0, ""gain"": 0.036206442188404964}, {""block"": ""rsma"", ""rho"": 1.0, ""gain"": -3.552713678800501e-15}, {""block"": ""star_ris"", ""rho"": 1.0, ""gain"": 0.040778880227737346}, {""block"": ""rsma"", ""rho"": 1.0, ""gain"": 0.0}, {""block"": ""star_ris"", ""rho"": 1.0, ""gain"": 0.03080090464994356}, {""block"": ""rsma"", ""rho"": 1.0, ""gain"": 0.0}, {""block"": ""star_ris"", ""rho"": 2.0, ""gain"": 0.17649190309415275}, {""block"": ""rsma"", ""rho"": 1.0, ""gain"": 0.0}, {""block"": ""star_ris"", ""rho"": 8.0, ""gain"": 0.03914712620321126}, {""block"": ""rsma"", ""rho"": 1.0, ""gain"": -3.552713678800501e-15}, {""block"": ""star_ris"", ""rho"": 16.0, ""gain"": 0.019023924775606105}, {""block"": ""rsma"", ""rho"": 1.0, ""gain"": 0.0}, {""block"": ""star_ris"", ""rho"": 64.0, ""gain"": 0.004695329313278762}, {""block"": ""rsma"", ""rho"": 1.0, ""gain"": 3.552713678800501e-15}, {""block"": ""star_ris"", ""rho"": 4.0, ""gain"": 0.0065872384532781325}, {""block"": ""rsma"", ""rho"": 1.0, ""gain"": 0.0}, {""block"": ""star_ris"", ""rho"": 2.0, ""gain"": 0.023627136400715898}, {""block"": ""rsma"", ""rho"": 1.0, ""gain"": -7.105427357601002e-15}, {""block"": ""star_ris"", ""rho"": 128.0, ""gain"": 0.002370435462449194}, {""block"": ""rsma"", ""rho"": 1.0, ""gain"": 0.0}, {""block"": ""star_ris"", ""rho"": 1.0, ""gain"": 0.04050716984074754}, {""block"": ""rsma"", ""rho"": 1.0, ""gain"": 0.0}, {""block"": ""star_ris"", ""rho"": 16.0, ""gain"": 0.0005086754384606706}]",{},5106.254118,eb978e84730de4cf1e0579ad9e17edb700c67ba6eceac89d1fe3698763a419f7,fc61d5cda7da39530055bae9bd0e92865f995cd9,4e84455d08cacd9f85c432f7838c3be2cb0f000b55edc3487c6dee9520cc0b63
ao_sca,96,10000,815,test,19.12943300745925,19.12943300745925,1.0,True,0.0,10,5975,19,ao_sca_proximal_physical,analytical_ris_equal_allocation,"[1.8380002041690018, 18.442380985753523, 18.669183699444602, 18.815723104818574, 18.889395404916957, 18.913216267276958, 18.948519648388853, 19.058550669025713, 19.117618986467004, 19.127874766419858, 19.12943300745925]","[{""block"": ""rsma"", ""rho"": 1.0, ""gain"": 16.602902079534925}, {""block"": ""star_ris"", ""rho"": 2.0, ""gain"": 0.0014787020495958814}, {""block"": ""rsma"", ""rho"": 1.0, ""gain"": 3.552713678800501e-15}, {""block"": ""star_ris"", ""rho"": 1.0, ""gain"": 0.2268027136910753}, {""block"": ""rsma"", ""rho"": 1.0, ""gain"": 0.0}, {""block"": ""star_ris"", ""rho"": 1.0, ""gain"": 0.14653940537397148}, {""block"": ""rsma"", ""rho"": 1.0, ""gain"": 0.0}, {""block"": ""star_ris"", ""rho"": 1.0, ""gain"": 0.07367230009838366}, {""block"": ""rsma"", ""rho"": 1.0, ""gain"": 0.0}, {""block"": ""star_ris"", ""rho"": 2.0, ""gain"": 0.023820862360000916}, {""block"": ""rsma"", ""rho"": 1.0, ""gain"": 0.0}, {""block"": ""star_ris"", ""rho"": 1.0, ""gain"": 0.035303381111894794}, {""block"": ""rsma"", ""rho"": 1.0, ""gain"": 0.0}, {""block"": ""star_ris"", ""rho"": 2.0, ""gain"": 0.11003102063686043}, {""block"": ""rsma"", ""rho"": 1.0, ""gain"": 0.0}, {""block"": ""star_ris"", ""rho"": 8.0, ""gain"": 0.05906831744129093}, {""block"": ""rsma"", ""rho"": 1.0, ""gain"": 0.0}, {""block"": ""star_ris"", ""rho"": 16.0, ""gain"": 0.010255779952853317}, {""block"": ""rsma"", ""rho"": 1.0, ""gain"": 3.552713678800501e-15}, {""block"": ""star_ris"", ""rho"": 16.0, ""gain"": 0.0015582410393903956}]",{},3149.430864,eb978e84730de4cf1e0579ad9e17edb700c67ba6eceac89d1fe3698763a419f7,fc61d5cda7da39530055bae9bd0e92865f995cd9,4e84455d08cacd9f85c432f7838c3be2cb0f000b55edc3487c6dee9520cc0b63
ao_sca,96,10000,816,test,18.861110289282006,18.861110289282006,1.0,True,0.0,11,6581,19,ao_sca_proximal_physical,analytical_ris_equal_allocation,"[1.8379924535212804, 18.256345626455897, 18.259472126168024, 18.32547546276648, 18.35688317286235, 18.372223335128123, 18.380142335463383, 18.557991871759445, 18.826084941092137, 18.84000413114737, 18.859325140995953, 18.861110289282006]","[{""block"": ""rsma"", ""rho"": 1.0, ""gain"": 16.288570228359696}, {""block"": ""star_ris"", ""rho"": 4.0, ""gain"": 0.12978294457492012}, {""block"": ""rsma"", ""rho"": 1.0, ""gain"": -3.552713678800501e-15}, {""block"": ""star_ris"", ""rho"": 4.0, ""gain"": 0.003126499712131192}, {""block"": ""rsma"", ""rho"": 1.0, ""gain"": 3.552713678800501e-15}, {""block"": ""star_ris"", ""rho"": 8.0, ""gain"": 0.06600333659845248}, {""block"": ""rsma"", ""rho"": 1.0, ""gain"": 0.0}, {""block"": ""star_ris"", ""rho"": 16.0, ""gain"": 0.031407710095869845}, {""block"": ""rsma"", ""rho"": 1.0, ""gain"": 3.552713678800501e-15}, {""block"": ""star_ris"", ""rho"": 32.0, ""gain"": 0.015340162265768953}, {""block"": ""rsma"", ""rho"": 1.0, ""gain"": 0.0}, {""block"": ""star_ris"", ""rho"": 2.0, ""gain"": 0.007919000335260051}, {""block"": ""rsma"", ""rho"": 1.0, ""gain"": 0.0}, {""block"": ""star_ris"", ""rho"": 1.0, ""gain"": 0.17784953629606193}, {""block"": ""rsma"", ""rho"": 1.0, ""gain"": 0.0}, {""block"": ""star_ris"", ""rho"": 1.0, ""gain"": 0.26809306933269283}, {""block"": ""rsma"", ""rho"": 1.0, ""gain"": 0.0}, {""block"": ""star_ris"", ""rho"": 32.0, ""gain"": 0.013919190055233344}, {""block"": ""rsma"", ""rho"": 1.0, ""gain"": 0.0}, {""block"": ""star_ris"", ""rho"": 4.0, ""gain"": 0.019321009848582094}, {""block"": ""rsma"", ""rho"": 1.0, ""gain"": -7.105427357601002e-15}, {""block"": ""star_ris"", ""rho"": 1.0, ""gain"": 0.0017851482860606893}]",{},3460.545653,eb978e84730de4cf1e0579ad9e17edb700c67ba6eceac89d1fe3698763a419f7,fc61d5cda7da39530055bae9bd0e92865f995cd9,4e84455d08cacd9f85c432f7838c3be2cb0f000b55edc3487c6dee9520cc0b63
ao_sca,96,10000,817,test,18.68452049543004,18.68452049543004,1.0,True,0.0,14,8375,24,ao_sca_proximal_physical,analytical_ris_equal_allocation,"[1.8379856598617725, 18.332386678999114, 18.36566091819558, 18.370334958737175, 18.386523150206155, 18.436894161928223, 18.46114738460448, 18.473055110498173, 18.490812761684296, 18.50231291902679, 18.523523366836102, 18.594562358359205, 18.603380565605143, 18.683604662759027, 18.684520495430036]","[{""block"": ""rsma"", ""rho"": 1.0, ""gain"": 16.249110381538948}, {""block"": ""star_ris"", ""rho"": 2.0, ""gain"": 0.2452906375983943}, {""block"": ""rsma"", ""rho"": 1.0, ""gain"": 0.0}, {""block"": ""star_ris"", ""rho"": 4.0, ""gain"": 0.03327423919646577}, {""block"": ""rsma"", ""rho"": 1.0, ""gain"": 0.0}, {""block"": ""star_ris"", ""rho"": 2.0, ""gain"": 0.004674040541594593}, {""block"": ""rsma"", ""rho"": 1.0, ""gain"": -3.552713678800501e-15}, {""block"": ""star_ris"", ""rho"": 2.0, ""gain"": 0.016188191468984314}, {""block"": ""rsma"", ""rho"": 1.0, ""gain"": 0.0}, {""block"": ""star_ris"", ""rho"": 8.0, ""gain"": 0.05037101172206704}, {""block"": ""rsma"", ""rho"": 1.0, ""gain"": -3.552713678800501e-15}, {""block"": ""star_ris"", ""rho"": 16.0, ""gain"": 0.024253222676261288}, {""block"": ""rsma"", ""rho"": 1.0, ""gain"": 0.0}, {""block"": ""star_ris"", ""rho"": 32.0, ""gain"": 0.0119077258936926}, {""block"": ""rsma"", ""rho"": 1.0, ""gain"": 0.0}, {""block"": ""star_ris"", ""rho"": 1.0, ""gain"": 0.01775765118612327}, {""block"": ""rsma"", ""rho"": 1.0, ""gain"": 0.0}, {""block"": ""star_ris"", ""rho"": 4.0, ""gain"": 0.011500157342492656}, {""block"": ""rsma"", ""rho"": 1.0, ""gain"": 0.0}, {""block"": ""star_ris"", ""rho"": 2.0, ""gain"": 0.021210447809313138}, {""block"": ""rsma"", ""rho"": 1.0, ""gain"": -3.552713678800501e-15}, {""block"": ""star_ris"", ""rho"": 4.0, ""gain"": 0.07103899152310689}, {""block"": ""rsma"", ""rho"": 1.0, ""gain"": -3.552713678800501e-15}, {""block"": ""star_ris"", ""rho"": 2.0, ""gain"": 0.008818207245941068}, {""block"": ""rsma"", ""rho"": 1.0, ""gain"": 0.0}, {""block"": ""star_ris"", ""rho"": 4.0, ""gain"": 0.08022409715388434}, {""block"": ""rsma"", ""rho"": 1.0, ""gain"": 0.0}, {""block"": ""star_ris"", ""rho"": 32.0, ""gain"": 0.0009158326710085873}]",{},4492.836675,eb978e84730de4cf1e0579ad9e17edb700c67ba6eceac89d1fe3698763a419f7,fc61d5cda7da39530055bae9bd0e92865f995cd9,4e84455d08cacd9f85c432f7838c3be2cb0f000b55edc3487c6dee9520cc0b63
ao_sca,96,10000,818,test,18.67672833597416,18.67672833597416,1.0,True,0.0,5,2994,8,ao_sca_proximal_physical,analytical_ris_equal_allocation,"[1.8379864992814243, 18.451968279330426, 18.546797694130944, 18.63178400394694, 18.676564293249207, 18.67672833597416]","[{""block"": ""rsma"", ""rho"": 1.0, ""gain"": 15.983987001610998}, {""block"": ""star_ris"", ""rho"": 1.0, ""gain"": 0.6299947784380038}, {""block"": ""rsma"", ""rho"": 1.0, ""gain"": 0.0}, {""block"": ""star_ris"", ""rho"": 2.0, ""gain"": 0.09482941480051821}, {""block"": ""rsma"", ""rho"": 1.0, ""gain"": 0.0}, {""block"": ""star_ris"", ""rho"": 4.0, ""gain"": 0.08498630981599575}, {""block"": ""rsma"", ""rho"": 1.0, ""gain"": 0.0}, {""block"": ""star_ris"", ""rho"": 8.0, ""gain"": 0.04478028930226685}, {""block"": ""rsma"", ""rho"": 1.0, ""gain"": 0.0}, {""block"": ""star_ris"", ""rho"": 128.0, ""gain"": 0.00016404272495407213}]",{},1571.488367,eb978e84730de4cf1e0579ad9e17edb700c67ba6eceac89d1fe3698763a419f7,fc61d5cda7da39530055bae9bd0e92865f995cd9,4e84455d08cacd9f85c432f7838c3be2cb0f000b55edc3487c6dee9520cc0b63
ao_sca,96,10000,819,test,18.99447578908844,18.99447578908844,1.0,True,0.0,20,11954,37,ao_sca_proximal_physical,analytical_ris_equal_allocation,"[1.8379913036340558, 18.4560420564829, 18.460594890110762, 18.4936295036531, 18.51124987078619, 18.647405074973985, 18.650851296273537, 18.71242001702543, 18.71703980779904, 18.75390258027575, 18.80769482284827, 18.83671747969761, 18.851943464429844, 18.858960727909288, 18.86916626778121, 18.880931939906933, 18.913572159650624, 18.967050508666496, 18.971741823310808, 18.983442286853226, 18.994475789088437]","[{""block"": ""rsma"", ""rho"": 1.0, ""gain"": 16.377744969252703}, {""block"": ""star_ris"", ""rho"": 1.0, ""gain"": 0.24030578359614196}, {""block"": ""rsma"", ""rho"": 1.0, ""gain"": 7.105427357601002e-15}, {""block"": ""star_ris"", ""rho"": 8.0, ""gain"": 0.00455283362785508}, {""block"": ""rsma"", ""rho"": 1.0, ""gain"": 0.0}, {""block"": ""star_ris"", ""rho"": 2.0, ""gain"": 0.03303461354233761}, {""block"": ""rsma"", ""rho"": 1.0, ""gain"": 0.0}, {""block"": ""star_ris"", ""rho"": 32.0, ""gain"": 0.01762036713309101}, {""block"": ""rsma"", ""rho"": 1.0, ""gain"": 0.0}, {""block"": ""star_ris"", ""rho"": 1.0, ""gain"": 0.13615520418779425}, {""block"": ""rsma"", ""rho"": 1.0, ""gain"": 0.0}, {""block"": ""star_ris"", ""rho"": 4.0, ""gain"": 0.0034462212995514108}, {""block"": ""rsma"", ""rho"": 1.0, ""gain"": 0.0}, {""block"": ""star_ris"", ""rho"": 2.0, ""gain"": 0.061568720751893125}, {""block"": ""rsma"", ""rho"": 1.0, ""gain"": 0.0}, {""block"": ""star_ris"", ""rho"": 4.0, ""gain"": 0.004619790773610077}, {""block"": ""rsma"", ""rho"": 1.0, ""gain"": 0.0}, {""block"": ""star_ris"", ""rho"": 2.0, ""gain"": 0.03686277247670944}, {""block"": ""rsma"", ""rho"": 1.0, ""gain"": 0.0}, {""block"": ""star_ris"", ""rho"": 1.0, ""gain"": 0.05379224257251991}, {""block"": ""rsma"", ""rho"": 1.0, ""gain"": 0.0}, {""block"": ""star_ris"", ""rho"": 16.0, ""gain"": 0.029022656849342354}, {""block"": ""rsma"", ""rho"": 1.0, ""gain"": 0.0}, {""block"": ""star_ris"", ""rho"": 2.0, ""gain"": 0.015225984732232689}, {""block"": ""rsma"", ""rho"": 1.0, ""gain"": 3.552713678800501e-15}, {""block"": ""star_ris"", ""rho"": 4.0, ""gain"": 0.007017263479440317}, {""block"": ""rsma"", ""rho"": 1.0, ""gain"": 3.552713678800501e-15}, {""block"": ""star_ris"", ""rho"": 4.0, ""gain"": 0.010205539871918745}, {""block"": ""rsma"", ""rho"": 1.0, ""gain"": -3.552713678800501e-15}, {""block"": ""star_ris"", ""rho"": 2.0, ""gain"": 0.011765672125726212}, {""block"": ""rsma"", ""rho"": 1.0, ""gain"": 0.0}, {""block"": ""star_ris"", ""rho"": 2.0, ""gain"": 0.03264021974369058}, {""block"": ""rsma"", ""rho"": 1.0, ""gain"": 3.552713678800501e-15}, {""block"": ""star_ris"", ""rho"": 4.0, ""gain"": 0.05347834901586879}, {""block"": ""rsma"", ""rho"": 1.0, ""gain"": 0.0}, {""block"": ""star_ris"", ""rho"": 4.0, ""gain"": 0.004691314644311717}, {""block"": ""rsma"", ""rho"": 1.0, ""gain"": 0.0}, {""block"": ""star_ris"", ""rho"": 4.0, ""gain"": 0.01170046354241805}, {""block"": ""rsma"", ""rho"": 1.0, ""gain"": 0.0}, {""block"": ""star_ris"", ""rho"": 2.0, ""gain"": 0.011033502235211046}]",{},6445.768765,eb978e84730de4cf1e0579ad9e17edb700c67ba6eceac89d1fe3698763a419f7,fc61d5cda7da39530055bae9bd0e92865f995cd9,4e84455d08cacd9f85c432f7838c3be2cb0f000b55edc3487c6dee9520cc0b63
ao_sca,96,10000,820,test,18.260874630262,18.260874630262,1.0,True,0.0,7,4198,12,ao_sca_proximal_physical,analytical_ris_equal_allocation,"[1.8379779785685186, 18.045776482276107, 18.04783302706341, 18.104705568269704, 18.199265135025062, 18.240642190045918, 18.260733988462036, 18.260874630262]","[{""block"": ""rsma"", ""rho"": 1.0, ""gain"": 15.736856348216003}, {""block"": ""star_ris"", ""rho"": 2.0, ""gain"": 0.4709421554915849}, {""block"": ""rsma"", ""rho"": 1.0, ""gain"": 0.0}, {""block"": ""star_ris"", ""rho"": 8.0, ""gain"": 0.0020565447873046594}, {""block"": ""rsma"", ""rho"": 1.0, ""gain"": 0.0}, {""block"": ""star_ris"", ""rho"": 4.0, ""gain"": 0.05687254120629248}, {""block"": ""rsma"", ""rho"": 1.0, ""gain"": 0.0}, {""block"": ""star_ris"", ""rho"": 4.0, ""gain"": 0.0945595667553576}, {""block"": ""rsma"", ""rho"": 1.0, ""gain"": 0.0}, {""block"": ""star_ris"", ""rho"": 16.0, ""gain"": 0.04137705502085609}, {""block"": ""rsma"", ""rho"": 1.0, ""gain"": 0.0}, {""block"": ""star_ris"", ""rho"": 32.0, ""gain"": 0.020091798416117967}, {""block"": ""rsma"", ""rho"": 1.0, ""gain"": 0.0}, {""block"": ""star_ris"", ""rho"": 256.0, ""gain"": 0.00014064179996253756}]",{},2219.788584,eb978e84730de4cf1e0579ad9e17edb700c67ba6eceac89d1fe3698763a419f7,fc61d5cda7da39530055bae9bd0e92865f995cd9,4e84455d08cacd9f85c432f7838c3be2cb0f000b55edc3487c6dee9520cc0b63
ao_sca,96,10000,821,test,18.60596395199309,18.60596395199309,1.0,True,0.0,5,2993,10,ao_sca_proximal_physical,analytical_ris_equal_allocation,"[1.8379813713005209, 18.508964716118278, 18.552573228890964, 18.557009831715263, 18.604867216354577, 18.60596395199309]","[{""block"": ""rsma"", ""rho"": 1.0, ""gain"": 15.685066205608566}, {""block"": ""star_ris"", ""rho"": 1.0, ""gain"": 0.9859171392091923}, {""block"": ""rsma"", ""rho"": 1.0, ""gain"": -3.552713678800501e-15}, {""block"": ""star_ris"", ""rho"": 4.0, ""gain"": 0.04360851277268907}, {""block"": ""rsma"", ""rho"": 1.0, ""gain"": 0.0}, {""block"": ""star_ris"", ""rho"": 8.0, ""gain"": 0.00443660282429903}, {""block"": ""rsma"", ""rho"": 1.0, ""gain"": 0.0}, {""block"": ""star_ris"", ""rho"": 2.0, ""gain"": 0.04785738463931466}, {""block"": ""rsma"", ""rho"": 1.0, ""gain"": 0.0}, {""block"": ""star_ris"", ""rho"": 64.0, ""gain"": 0.001096735638512314}]",{},1614.804861,eb978e84730de4cf1e0579ad9e17edb700c67ba6eceac89d1fe3698763a419f7,fc61d5cda7da39530055bae9bd0e92865f995cd9,4e84455d08cacd9f85c432f7838c3be2cb0f000b55edc3487c6dee9520cc0b63
ao_sca,96,10000,822,test,18.975588490443208,18.975588490443208,1.0,True,0.0,9,5381,17,ao_sca_proximal_physical,analytical_ris_equal_allocation,"[1.8379932181981664, 18.380713911034306, 18.459498711206066, 18.697597118814993, 18.88630032922007, 18.893138951970514, 18.89685507776231, 18.929669128096048, 18.974926530917188, 18.975588490443208]","[{""block"": ""rsma"", ""rho"": 1.0, ""gain"": 16.371662015002634}, {""block"": ""star_ris"", ""rho"": 1.0, ""gain"": 0.17105867783350348}, {""block"": ""rsma"", ""rho"": 1.0, ""gain"": 0.0}, {""block"": ""star_ris"", ""rho"": 1.0, ""gain"": 0.0787848001717606}, {""block"": ""rsma"", ""rho"": 1.0, ""gain"": 3.552713678800501e-15}, {""block"": ""star_ris"", ""rho"": 1.0, ""gain"": 0.23809840760892342}, {""block"": ""rsma"", ""rho"": 1.0, ""gain"": 0.0}, {""block"": ""star_ris"", ""rho"": 2.0, ""gain"": 0.18870321040507676}, {""block"": ""rsma"", ""rho"": 1.0, ""gain"": 0.0}, {""block"": ""star_ris"", ""rho"": 2.0, ""gain"": 0.006838622750443335}, {""block"": ""rsma"", ""rho"": 1.0, ""gain"": 0.0}, {""block"": ""star_ris"", ""rho"": 8.0, ""gain"": 0.0037161257917972534}, {""block"": ""rsma"", ""rho"": 1.0, ""gain"": 0.0}, {""block"": ""star_ris"", ""rho"": 1.0, ""gain"": 0.0328140503337373}, {""block"": ""rsma"", ""rho"": 1.0, ""gain"": 3.552713678800501e-15}, {""block"": ""star_ris"", ""rho"": 8.0, ""gain"": 0.045257402821135884}, {""block"": ""rsma"", ""rho"": 1.0, ""gain"": -3.552713678800501e-15}, {""block"": ""star_ris"", ""rho"": 256.0, ""gain"": 0.0006619595260239919}]",{},2892.075434,eb978e84730de4cf1e0579ad9e17edb700c67ba6eceac89d1fe3698763a419f7,fc61d5cda7da39530055bae9bd0e92865f995cd9,4e84455d08cacd9f85c432f7838c3be2cb0f000b55edc3487c6dee9520cc0b63
ao_sca,96,10000,823,test,19.25906124272874,19.25906124272874,1.0,True,0.0,10,5989,18,ao_sca_proximal_physical,analytical_ris_equal_allocation,"[1.8379848960762042, 18.40066917859499, 18.55188678580853, 18.625570554687357, 18.66352504905157, 19.161734807287917, 19.2183037632641, 19.220434061060033, 19.243186056830623, 19.257311286787022, 19.25906124272874]","[{""block"": ""rsma"", ""rho"": 1.0, ""gain"": 15.52120702022814}, {""block"": ""star_ris"", ""rho"": 1.0, ""gain"": 1.0414772622906447}, {""block"": ""rsma"", ""rho"": 1.0, ""gain"": 0.0}, {""block"": ""star_ris"", ""rho"": 4.0, ""gain"": 0.1512176072135425}, {""block"": ""rsma"", ""rho"": 1.0, ""gain"": 3.552713678800501e-15}, {""block"": ""star_ris"", ""rho"": 8.0, ""gain"": 0.07368376887882278}, {""block"": ""rsma"", ""rho"": 1.0, ""gain"": 0.0}, {""block"": ""star_ris"", ""rho"": 16.0, ""gain"": 0.0379544943642145}, {""block"": ""rsma"", ""rho"": 1.0, ""gain"": 0.0}, {""block"": ""star_ris"", ""rho"": 1.0, ""gain"": 0.49820975823634583}, {""block"": ""rsma"", ""rho"": 1.0, ""gain"": 0.0}, {""block"": ""star_ris"", ""rho"": 1.0, ""gain"": 0.05656895597618217}, {""block"": ""rsma"", ""rho"": 1.0, ""gain"": 0.0}, {""block"": ""star_ris"", ""rho"": 8.0, ""gain"": 0.0021302977959329894}, {""block"": ""rsma"", ""rho"": 1.0, ""gain"": 0.0}, {""block"": ""star_ris"", ""rho"": 8.0, ""gain"": 0.022751995770590838}, {""block"": ""rsma"", ""rho"": 1.0, ""gain"": -3.552713678800501e-15}, {""block"": ""star_ris"", ""rho"": 32.0, ""gain"": 0.014125229956402308}, {""block"": ""rsma"", ""rho"": 1.0, ""gain"": -3.552713678800501e-15}, {""block"": ""star_ris"", ""rho"": 256.0, ""gain"": 0.0017499559417224475}]",{},3387.700329,eb978e84730de4cf1e0579ad9e17edb700c67ba6eceac89d1fe3698763a419f7,fc61d5cda7da39530055bae9bd0e92865f995cd9,4e84455d08cacd9f85c432f7838c3be2cb0f000b55edc3487c6dee9520cc0b63
ao_sca,96,10000,824,test,19.29214822562497,19.29214822562497,1.0,True,0.0,10,5973,19,ao_sca_proximal_physical,analytical_ris_equal_allocation,"[1.8380072091642319, 18.66940319573338, 18.894178069068627, 19.056696148394295, 19.09258518056356, 19.137052574900725, 19.185248211794963, 19.225847061352603, 19.258513327388908, 19.291301983264226, 19.29214822562497]","[{""block"": ""rsma"", ""rho"": 1.0, ""gain"": 16.73075260098375}, {""block"": ""star_ris"", ""rho"": 1.0, ""gain"": 0.10064338558539987}, {""block"": ""rsma"", ""rho"": 1.0, ""gain"": 3.552713678800501e-15}, {""block"": ""star_ris"", ""rho"": 1.0, ""gain"": 0.22477487333524238}, {""block"": ""rsma"", ""rho"": 1.0, ""gain"": 3.552713678800501e-15}, {""block"": ""star_ris"", ""rho"": 1.0, ""gain"": 0.16251807932566464}, {""block"": ""rsma"", ""rho"": 1.0, ""gain"": -3.552713678800501e-15}, {""block"": ""star_ris"", ""rho"": 1.0, ""gain"": 0.035889032169269086}, {""block"": ""rsma"", ""rho"": 1.0, ""gain"": 0.0}, {""block"": ""star_ris"", ""rho"": 1.0, ""gain"": 0.044467394337164734}, {""block"": ""rsma"", ""rho"": 1.0, ""gain"": 0.0}, {""block"": ""star_ris"", ""rho"": 8.0, ""gain"": 0.04819563689423845}, {""block"": ""rsma"", ""rho"": 1.0, ""gain"": 0.0}, {""block"": ""star_ris"", ""rho"": 2.0, ""gain"": 0.04059884955763948}, {""block"": ""rsma"", ""rho"": 1.0, ""gain"": 0.0}, {""block"": ""star_ris"", ""rho"": 16.0, ""gain"": 0.03266626603630485}, {""block"": ""rsma"", ""rho"": 1.0, ""gain"": 0.0}, {""block"": ""star_ris"", ""rho"": 1.0, ""gain"": 0.03278865587531854}, {""block"": ""rsma"", ""rho"": 1.0, ""gain"": 0.0}, {""block"": ""star_ris"", ""rho"": 16.0, ""gain"": 0.0008462423607440428}]",{},3295.492793,eb978e84730de4cf1e0579ad9e17edb700c67ba6eceac89d1fe3698763a419f7,fc61d5cda7da39530055bae9bd0e92865f995cd9,4e84455d08cacd9f85c432f7838c3be2cb0f000b55edc3487c6dee9520cc0b63
ao_sca,96,10000,825,test,18.773705790118854,18.773705790118854,1.0,True,0.0,5,3000,10,ao_sca_proximal_physical,analytical_ris_equal_allocation,"[1.8379870127972555, 18.61624304348181, 18.75159481946631, 18.767250162397943, 18.772903469665778, 18.773705790118854]","[{""block"": ""rsma"", ""rho"": 1.0, ""gain"": 15.843217501070514}, {""block"": ""star_ris"", ""rho"": 1.0, ""gain"": 0.9350385296140402}, {""block"": ""rsma"", ""rho"": 1.0, ""gain"": 0.0}, {""block"": ""star_ris"", ""rho"": 4.0, ""gain"": 0.13535177598449977}, {""block"": ""rsma"", ""rho"": 1.0, ""gain"": 0.0}, {""block"": ""star_ris"", ""rho"": 32.0, ""gain"": 0.015655342931633953}, {""block"": ""rsma"", ""rho"": 1.0, ""gain"": 3.552713678800501e-15}, {""block"": ""star_ris"", ""rho"": 64.0, ""gain"": 0.005653307267831309}, {""block"": ""rsma"", ""rho"": 1.0, ""gain"": 0.0}, {""block"": ""star_ris"", ""rho"": 64.0, ""gain"": 0.0008023204530758221}]",{},1628.42143,eb978e84730de4cf1e0579ad9e17edb700c67ba6eceac89d1fe3698763a419f7,fc61d5cda7da39530055bae9bd0e92865f995cd9,4e84455d08cacd9f85c432f7838c3be2cb0f000b55edc3487c6dee9520cc0b63
ao_sca,96,10000,826,test,18.56586751011805,18.56586751011805,1.0,True,0.0,4,2393,6,ao_sca_proximal_physical,analytical_ris_equal_allocation,"[1.8379852192424344, 18.410616697316748, 18.540517970359563, 18.56540791102929, 18.56586751011805]","[{""block"": ""rsma"", ""rho"": 1.0, ""gain"": 16.030499600943838}, {""block"": ""star_ris"", ""rho"": 1.0, ""gain"": 0.5421318771304762}, {""block"": ""rsma"", ""rho"": 1.0, ""gain"": 0.0}, {""block"": ""star_ris"", ""rho"": 4.0, ""gain"": 0.1299012730428153}, {""block"": ""rsma"", ""rho"": 1.0, ""gain"": 0.0}, {""block"": ""star_ris"", ""rho"": 4.0, ""gain"": 0.02488994066972694}, {""block"": ""rsma"", ""rho"": 1.0, ""gain"": 0.0}, {""block"": ""star_ris"", ""rho"": 16.0, ""gain"": 0.0004595990887601431}]",{},1337.880196,eb978e84730de4cf1e0579ad9e17edb700c67ba6eceac89d1fe3698763a419f7,fc61d5cda7da39530055bae9bd0e92865f995cd9,4e84455d08cacd9f85c432f7838c3be2cb0f000b55edc3487c6dee9520cc0b63
ao_sca,96,10000,827,test,18.780916998102573,18.780916998102573,1.0,True,0.0,10,5982,17,ao_sca_proximal_physical,analytical_ris_equal_allocation,"[1.837924708792203, 17.476550454470352, 18.0514283369751, 18.26638882470423, 18.279100014335057, 18.37387815940876, 18.42951216266347, 18.71125636449279, 18.774315984186106, 18.780424279996, 18.780916998102573]","[{""block"": ""rsma"", ""rho"": 1.0, ""gain"": 14.481928143891727}, {""block"": ""star_ris"", ""rho"": 2.0, ""gain"": 1.1566976017864228}, {""block"": ""rsma"", ""rho"": 1.0, ""gain"": 3.552713678800501e-15}, {""block"": ""star_ris"", ""rho"": 2.0, ""gain"": 0.5748778825047438}, {""block"": ""rsma"", ""rho"": 1.0, ""gain"": 0.0}, {""block"": ""star_ris"", ""rho"": 4.0, ""gain"": 0.21496048772912957}, {""block"": ""rsma"", ""rho"": 1.0, ""gain"": 0.0}, {""block"": ""star_ris"", ""rho"": 64.0, ""gain"": 0.012711189630827846}, {""block"": ""rsma"", ""rho"": 1.0, ""gain"": 0.0}, {""block"": ""star_ris"", ""rho"": 1.0, ""gain"": 0.09477814507370397}, {""block"": ""rsma"", ""rho"": 1.0, ""gain"": 0.0}, {""block"": ""star_ris"", ""rho"": 1.0, ""gain"": 0.055634003254709796}, {""block"": ""rsma"", ""rho"": 1.0, ""gain"": 0.0}, {""block"": ""star_ris"", ""rho"": 2.0, ""gain"": 0.28174420182931925}, {""block"": ""rsma"", ""rho"": 1.0, ""gain"": 0.0}, {""block"": ""star_ris"", ""rho"": 8.0, ""gain"": 0.0630596196933162}, {""block"": ""rsma"", ""rho"": 1.0, ""gain"": 0.0}, {""block"": ""star_ris"", ""rho"": 32.0, ""gain"": 0.006108295809895026}, {""block"": ""rsma"", ""rho"": 1.0, ""gain"": 0.0}, {""block"": ""star_ris"", ""rho"": 4.0, ""gain"": 0.0004927181065710329}]",{},3285.731164,eb978e84730de4cf1e0579ad9e17edb700c67ba6eceac89d1fe3698763a419f7,fc61d5cda7da39530055bae9bd0e92865f995cd9,4e84455d08cacd9f85c432f7838c3be2cb0f000b55edc3487c6dee9520cc0b63
ao_sca,96,10000,828,test,19.014926637173083,19.014926637173083,1.0,True,0.0,15,8957,24,ao_sca_proximal_physical,analytical_ris_equal_allocation,"[1.8379945459412892, 18.307248196022073, 18.34951579168966, 18.388528585093393, 18.53216084551029, 18.703425432497173, 18.705503831066252, 18.760609522149032, 18.84110094058429, 18.8438286523432, 18.893779227223053, 18.90672948864725, 18.932926451177437, 19.008825491603897, 19.0138066635645, 19.014926637173083]","[{""block"": ""rsma"", ""rho"": 1.0, ""gain"": 16.445597988418324}, {""block"": ""star_ris"", ""rho"": 4.0, ""gain"": 0.023655661662459693}, {""block"": ""rsma"", ""rho"": 1.0, ""gain"": 0.0}, {""block"": ""star_ris"", ""rho"": 2.0, ""gain"": 0.042267595667588864}, {""block"": ""rsma"", ""rho"": 1.0, ""gain"": 0.0}, {""block"": ""star_ris"", ""rho"": 1.0, ""gain"": 0.03901279340373165}, {""block"": ""rsma"", ""rho"": 1.0, ""gain"": 3.552713678800501e-15}, {""block"": ""star_ris"", ""rho"": 1.0, ""gain"": 0.1436322604168936}, {""block"": ""rsma"", ""rho"": 1.0, ""gain"": 0.0}, {""block"": ""star_ris"", ""rho"": 1.0, ""gain"": 0.17126458698688296}, {""block"": ""rsma"", ""rho"": 1.0, ""gain"": 3.552713678800501e-15}, {""block"": ""star_ris"", ""rho"": 2.0, ""gain"": 0.0020783985690755458}, {""block"": ""rsma"", ""rho"": 1.0, ""gain"": 0.0}, {""block"": ""star_ris"", ""rho"": 1.0, ""gain"": 0.05510569108277963}, {""block"": ""rsma"", ""rho"": 1.0, ""gain"": 0.0}, {""block"": ""star_ris"", ""rho"": 1.0, ""gain"": 0.08049141843525831}, {""block"": ""rsma"", ""rho"": 1.0, ""gain"": -3.552713678800501e-15}, {""block"": ""star_ris"", ""rho"": 4.0, ""gain"": 0.0027277117589115107}, {""block"": ""rsma"", ""rho"": 1.0, ""gain"": 0.0}, {""block"": ""star_ris"", ""rho"": 2.0, ""gain"": 0.04995057487985477}, {""block"": ""rsma"", ""rho"": 1.0, ""gain"": 0.0}, {""block"": ""star_ris"", ""rho"": 4.0, ""gain"": 0.012950261424197862}, {""block"": ""rsma"", ""rho"": 1.0, ""gain"": 0.0}, {""block"": ""star_ris"", ""rho"": 2.0, ""gain"": 0.026196962530185885}, {""block"": ""rsma"", ""rho"": 1.0, ""gain"": 0.0}, {""block"": ""star_ris"", ""rho"": 2.0, ""gain"": 0.07589904042646012}, {""block"": ""rsma"", ""rho"": 1.0, ""gain"": 0.0}, {""block"": ""star_ris"", ""rho"": 4.0, ""gain"": 0.004981171960604769}, {""block"": ""rsma"", ""rho"": 1.0, ""gain"": 0.0}, {""block"": ""star_ris"", ""rho"": 8.0, ""gain"": 0.0011199736085814038}]",{},4748.623764,eb978e84730de4cf1e0579ad9e17edb700c67ba6eceac89d1fe3698763a419f7,fc61d5cda7da39530055bae9bd0e92865f995cd9,4e84455d08cacd9f85c432f7838c3be2cb0f000b55edc3487c6dee9520cc0b63
ao_sca,96,10000,829,test,19.14249685039932,19.14249685039932,1.0,True,0.0,16,9571,26,ao_sca_proximal_physical,analytical_ris_equal_allocation,"[1.838004205088425, 18.599272464615275, 18.60874663501648, 18.67577827879594, 18.67931399672361, 18.704087426599777, 18.85810624923448, 18.90773670438676, 18.928514900385323, 18.965815076264306, 18.98730894885064, 19.07286971747517, 19.077651402007792, 19.094000310390893, 19.1284381635478, 19.141351299574037, 19.14249685039932]","[{""block"": ""rsma"", ""rho"": 1.0, ""gain"": 16.753835296945326}, {""block"": ""star_ris"", ""rho"": 64.0, ""gain"": 0.00743296258152526}, {""block"": ""rsma"", ""rho"": 1.0, ""gain"": 0.0}, {""block"": ""star_ris"", ""rho"": 4.0, ""gain"": 0.009474170401205129}, {""block"": ""rsma"", ""rho"": 1.0, ""gain"": 0.0}, {""block"": ""star_ris"", ""rho"": 8.0, ""gain"": 0.06703164377945825}, {""block"": ""rsma"", ""rho"": 1.0, ""gain"": 0.0}, {""block"": ""star_ris"", ""rho"": 4.0, ""gain"": 0.003535717927672266}, {""block"": ""rsma"", ""rho"": 1.0, ""gain"": 0.0}, {""block"": ""star_ris"", ""rho"": 1.0, ""gain"": 0.024773429876166375}, {""block"": ""rsma"", ""rho"": 1.0, ""gain"": 0.0}, {""block"": ""star_ris"", ""rho"": 1.0, ""gain"": 0.15401882263470412}, {""block"": ""rsma"", ""rho"": 1.0, ""gain"": 0.0}, {""block"": ""star_ris"", ""rho"": 1.0, ""gain"": 0.04963045515227904}, {""block"": ""rsma"", ""rho"": 1.0, ""gain"": 0.0}, {""block"": ""star_ris"", ""rho"": 4.0, ""gain"": 0.02077819599856312}, {""block"": ""rsma"", ""rho"": 1.0, ""gain"": 0.0}, {""block"": ""star_ris"", ""rho"": 2.0, ""gain"": 0.0373001758789826}, {""block"": ""rsma"", ""rho"": 1.0, ""gain"": 0.0}, {""block"": ""star_ris"", ""rho"": 1.0, ""gain"": 0.021493872586333396}, {""block"": ""rsma"", ""rho"": 1.0, ""gain"": 0.0}, {""block"": ""star_ris"", ""rho"": 4.0, ""gain"": 0.0855607686245321}, {""block"": ""rsma"", ""rho"": 1.0, ""gain"": 0.0}, {""block"": ""star_ris"", ""rho"": 8.0, ""gain"": 0.0047816845326202895}, {""block"": ""rsma"", ""rho"": 1.0, ""gain"": 0.0}, {""block"": ""star_ris"", ""rho"": 4.0, ""gain"": 0.01634890838310099}, {""block"": ""rsma"", ""rho"": 1.0, ""gain"": -3.552713678800501e-15}, {""block"": ""star_ris"", ""rho"": 4.0, ""gain"": 0.03443785315690917}, {""block"": ""rsma"", ""rho"": 1.0, ""gain"": 3.552713678800501e-15}, {""block"": ""star_ris"", ""rho"": 32.0, ""gain"": 0.012913136026234895}, {""block"": ""rsma"", ""rho"": 1.0, ""gain"": 0.0}, {""block"": ""star_ris"", ""rho"": 16.0, ""gain"": 0.0011455508252815605}]",{},5198.965909,eb978e84730de4cf1e0579ad9e17edb700c67ba6eceac89d1fe3698763a419f7,fc61d5cda7da39530055bae9bd0e92865f995cd9,4e84455d08cacd9f85c432f7838c3be2cb0f000b55edc3487c6dee9520cc0b63
ao_sca,96,10000,830,test,18.623777680694204,18.623777680694204,1.0,True,0.0,6,3590,11,ao_sca_proximal_physical,analytical_ris_equal_allocation,"[1.8379874849625848, 18.373732097652283, 18.4055649430832, 18.557242946017013, 18.614480503341166, 18.623477235818324, 18.623777680694204]","[{""block"": ""rsma"", ""rho"": 1.0, ""gain"": 16.080796798897527}, {""block"": ""star_ris"", ""rho"": 1.0, ""gain"": 0.4549478137921703}, {""block"": ""rsma"", ""rho"": 1.0, ""gain"": 3.552713678800501e-15}, {""block"": ""star_ris"", ""rho"": 2.0, ""gain"": 0.03183284543091247}, {""block"": ""rsma"", ""rho"": 1.0, ""gain"": 0.0}, {""block"": ""star_ris"", ""rho"": 4.0, ""gain"": 0.15167800293381362}, {""block"": ""rsma"", ""rho"": 1.0, ""gain"": -3.552713678800501e-15}, {""block"": ""star_ris"", ""rho"": 8.0, ""gain"": 0.05723755732415725}, {""block"": ""rsma"", ""rho"": 1.0, ""gain"": -3.552713678800501e-15}, {""block"": ""star_ris"", ""rho"": 8.0, ""gain"": 0.008996732477161373}, {""block"": ""rsma"", ""rho"": 1.0, ""gain"": -3.552713678800501e-15}, {""block"": ""star_ris"", ""rho"": 16.0, ""gain"": 0.00030044487588298807}]",{},1908.806171,eb978e84730de4cf1e0579ad9e17edb700c67ba6eceac89d1fe3698763a419f7,fc61d5cda7da39530055bae9bd0e92865f995cd9,4e84455d08cacd9f85c432f7838c3be2cb0f000b55edc3487c6dee9520cc0b63
ao_sca,96,10000,831,test,18.62326845244365,18.62326845244365,1.0,True,0.0,7,4194,12,ao_sca_proximal_physical,analytical_ris_equal_allocation,"[1.8379882976474358, 18.29194546387803, 18.33542807374986, 18.49994343073545, 18.57245760445256, 18.606828724511363, 18.62299538777104, 18.62326845244365]","[{""block"": ""rsma"", ""rho"": 1.0, ""gain"": 16.310070269627253}, {""block"": ""star_ris"", ""rho"": 1.0, ""gain"": 0.14388689660334109}, {""block"": ""rsma"", ""rho"": 1.0, ""gain"": 0.0}, {""block"": ""star_ris"", ""rho"": 1.0, ""gain"": 0.04348260987183039}, {""block"": ""rsma"", ""rho"": 1.0, ""gain"": 0.0}, {""block"": ""star_ris"", ""rho"": 4.0, ""gain"": 0.16451535698558928}, {""block"": ""rsma"", ""rho"": 1.0, ""gain"": 0.0}, {""block"": ""star_ris"", ""rho"": 8.0, ""gain"": 0.07251417371711}, {""block"": ""rsma"", ""rho"": 1.0, ""gain"": 0.0}, {""block"": ""star_ris"", ""rho"": 16.0, ""gain"": 0.03437112005880394}, {""block"": ""rsma"", ""rho"": 1.0, ""gain"": 0.0}, {""block"": ""star_ris"", ""rho"": 32.0, ""gain"": 0.016166663259678415}, {""block"": ""rsma"", ""rho"": 1.0, ""gain"": 0.0}, {""block"": ""star_ris"", ""rho"": 128.0, ""gain"": 0.0002730646726085695}]",{},2283.26003,eb978e84730de4cf1e0579ad9e17edb700c67ba6eceac89d1fe3698763a419f7,fc61d5cda7da39530055bae9bd0e92865f995cd9,4e84455d08cacd9f85c432f7838c3be2cb0f000b55edc3487c6dee9520cc0b63
ao_sca,96,10000,832,test,18.891226995353843,18.891226995353843,1.0,True,0.0,6,3590,11,ao_sca_proximal_physical,analytical_ris_equal_allocation,"[1.83799465419542, 18.226100889027155, 18.785945258680982, 18.813606970374362, 18.86324179305754, 18.891181777622826, 18.891226995353843]","[{""block"": ""rsma"", ""rho"": 1.0, ""gain"": 16.374272253209924}, {""block"": ""star_ris"", ""rho"": 1.0, ""gain"": 0.013833981621811375}, {""block"": ""rsma"", ""rho"": 1.0, ""gain"": -3.552713678800501e-15}, {""block"": ""star_ris"", ""rho"": 1.0, ""gain"": 0.5598443696538311}, {""block"": ""rsma"", ""rho"": 1.0, ""gain"": 0.0}, {""block"": ""star_ris"", ""rho"": 4.0, ""gain"": 0.027661711693379942}, {""block"": ""rsma"", ""rho"": 1.0, ""gain"": 3.552713678800501e-15}, {""block"": ""star_ris"", ""rho"": 1.0, ""gain"": 0.04963482268317421}, {""block"": ""rsma"", ""rho"": 1.0, ""gain"": -3.552713678800501e-15}, {""block"": ""star_ris"", ""rho"": 16.0, ""gain"": 0.027939984565289677}, {""block"": ""rsma"", ""rho"": 1.0, ""gain"": 0.0}, {""block"": ""star_ris"", ""rho"": 128.0, ""gain"": 4.521773101728854e-05}]",{},1905.737346,eb978e84730de4cf1e0579ad9e17edb700c67ba6eceac89d1fe3698763a419f7,fc61d5cda7da39530055bae9bd0e92865f995cd9,4e84455d08cacd9f85c432f7838c3be2cb0f000b55edc3487c6dee9520cc0b63
ao_sca,96,10000,833,test,18.942315888280916,18.942315888280916,1.0,True,0.0,12,7185,19,ao_sca_proximal_physical,analytical_ris_equal_allocation,"[1.8379819512059796, 18.271112644988296, 18.477023914466407, 18.53012448608674, 18.537499892364984, 18.556135701704648, 18.894383807165035, 18.916854243711175, 18.92212088121608, 18.925002897494203, 18.92920767254485, 18.941635019180865, 18.942315888280913]","[{""block"": ""rsma"", ""rho"": 1.0, ""gain"": 15.73940886874863}, {""block"": ""star_ris"", ""rho"": 1.0, ""gain"": 0.6937218250336876}, {""block"": ""rsma"", ""rho"": 1.0, ""gain"": 0.0}, {""block"": ""star_ris"", ""rho"": 2.0, ""gain"": 0.20591126947811134}, {""block"": ""rsma"", ""rho"": 1.0, ""gain"": 0.0}, {""block"": ""star_ris"", ""rho"": 4.0, ""gain"": 0.05310057162033388}, {""block"": ""rsma"", ""rho"": 1.0, ""gain"": 0.0}, {""block"": ""star_ris"", ""rho"": 64.0, ""gain"": 0.007375406278242735}, {""block"": ""rsma"", ""rho"": 1.0, ""gain"": 0.0}, {""block"": ""star_ris"", ""rho"": 1.0, ""gain"": 0.018635809339663467}, {""block"": ""rsma"", ""rho"": 1.0, ""gain"": 7.105427357601002e-15}, {""block"": ""star_ris"", ""rho"": 2.0, ""gain"": 0.3382481054603801}, {""block"": ""rsma"", ""rho"": 1.0, ""gain"": 0.0}, {""block"": ""star_ris"", ""rho"": 16.0, ""gain"": 0.022470436546139894}, {""block"": ""rsma"", ""rho"": 1.0, ""gain"": -3.552713678800501e-15}, {""block"": ""star_ris"", ""rho"": 32.0, ""gain"": 0.005266637504909966}, {""block"": ""rsma"", ""rho"": 1.0, ""gain"": 0.0}, {""block"": ""star_ris"", ""rho"": 16.0, ""gain"": 0.0028820162781215686}, {""block"": ""rsma"", ""rho"": 1.0, ""gain"": 0.0}, {""block"": ""star_ris"", ""rho"": 4.0, ""gain"": 0.00420477505064909}, {""block"": ""rsma"", ""rho"": 1.0, ""gain"": -3.552713678800501e-15}, {""block"": ""star_ris"", ""rho"": 16.0, ""gain"": 0.012427346636016523}, {""block"": ""rsma"", ""rho"": 1.0, ""gain"": 0.0}, {""block"": ""star_ris"", ""rho"": 8.0, ""gain"": 0.0006808691000479428}]",{},3859.067151,eb978e84730de4cf1e0579ad9e17edb700c67ba6eceac89d1fe3698763a419f7,fc61d5cda7da39530055bae9bd0e92865f995cd9,4e84455d08cacd9f85c432f7838c3be2cb0f000b55edc3487c6dee9520cc0b63
ao_sca,96,10000,834,test,18.57623606359686,18.57623606359686,1.0,True,0.0,12,7182,21,ao_sca_proximal_physical,analytical_ris_equal_allocation,"[1.83798212220183, 17.90249077840429, 17.953935228415304, 17.978794869834914, 18.075596674840195, 18.272972655514387, 18.287027323185725, 18.32518681001071, 18.36768156648362, 18.43936412995024, 18.56033796292609, 18.574421630265782, 18.57623606359686]","[{""block"": ""rsma"", ""rho"": 1.0, ""gain"": 15.953701342872602}, {""block"": ""star_ris"", ""rho"": 8.0, ""gain"": 0.11080731332985749}, {""block"": ""rsma"", ""rho"": 1.0, ""gain"": 0.0}, {""block"": ""star_ris"", ""rho"": 16.0, ""gain"": 0.051444450011015164}, {""block"": ""rsma"", ""rho"": 1.0, ""gain"": 0.0}, {""block"": ""star_ris"", ""rho"": 32.0, ""gain"": 0.024859641419610057}, {""block"": ""rsma"", ""rho"": 1.0, ""gain"": 0.0}, {""block"": ""star_ris"", ""rho"": 2.0, ""gain"": 0.09680180500528124}, {""block"": ""rsma"", ""rho"": 1.0, ""gain"": 0.0}, {""block"": ""star_ris"", ""rho"": 4.0, ""gain"": 0.1973759806741917}, {""block"": ""rsma"", ""rho"": 1.0, ""gain"": 0.0}, {""block"": ""star_ris"", ""rho"": 8.0, ""gain"": 0.01405466767133845}, {""block"": ""rsma"", ""rho"": 1.0, ""gain"": 0.0}, {""block"": ""star_ris"", ""rho"": 4.0, ""gain"": 0.03815948682498416}, {""block"": ""rsma"", ""rho"": 1.0, ""gain"": 7.105427357601002e-15}, {""block"": ""star_ris"", ""rho"": 2.0, ""gain"": 0.042494756472901685}, {""block"": ""rsma"", ""rho"": 1.0, ""gain"": -3.552713678800501e-15}, {""block"": ""star_ris"", ""rho"": 8.0, ""gain"": 0.0716825634666236}, {""block"": ""rsma"", ""rho"": 1.0, ""gain"": 0.0}, {""block"": ""star_ris"", ""rho"": 2.0, ""gain"": 0.12097383297585296}, {""block"": ""rsma"", ""rho"": 1.0, ""gain"": 0.0}, {""block"": ""star_ris"", ""rho"": 1.0, ""gain"": 0.014083667339690464}, {""block"": ""rsma"", ""rho"": 1.0, ""gain"": 0.0}, {""block"": ""star_ris"", ""rho"": 16.0, ""gain"": 0.0018144333310772254}]",{},3749.881755,eb978e84730de4cf1e0579ad9e17edb700c67ba6eceac89d1fe3698763a419f7,fc61d5cda7da39530055bae9bd0e92865f995cd9,4e84455d08cacd9f85c432f7838c3be2cb0f000b55edc3487c6dee9520cc0b63
ao_sca,96,10000,835,test,18.738195156961453,18.738195156961453,1.0,True,0.0,16,9574,28,ao_sca_proximal_physical,analytical_ris_equal_allocation,"[1.8379848745219076, 18.222409135475225, 18.350686192897637, 18.42762533383123, 18.463715732695952, 18.582070332647664, 18.607443285986555, 18.616275198592703, 18.62559438719954, 18.645160838214075, 18.668618735701266, 18.67686739394857, 18.681260283248236, 18.727750005242065, 18.73283917922511, 18.73694210574664, 18.738195156961453]","[{""block"": ""rsma"", ""rho"": 1.0, ""gain"": 16.14602315118139}, {""block"": ""star_ris"", ""rho"": 2.0, ""gain"": 0.23840110977192808}, {""block"": ""rsma"", ""rho"": 1.0, ""gain"": 0.0}, {""block"": ""star_ris"", ""rho"": 2.0, ""gain"": 0.12827705742241235}, {""block"": ""rsma"", ""rho"": 1.0, ""gain"": 0.0}, {""block"": ""star_ris"", ""rho"": 2.0, ""gain"": 0.07693914093359311}, {""block"": ""rsma"", ""rho"": 1.0, ""gain"": 0.0}, {""block"": ""star_ris"", ""rho"": 2.0, ""gain"": 0.03609039886472232}, {""block"": ""rsma"", ""rho"": 1.0, ""gain"": 3.552713678800501e-15}, {""block"": ""star_ris"", ""rho"": 4.0, ""gain"": 0.11835459995170794}, {""block"": ""rsma"", ""rho"": 1.0, ""gain"": 0.0}, {""block"": ""star_ris"", ""rho"": 8.0, ""gain"": 0.025372953338891335}, {""block"": ""rsma"", ""rho"": 1.0, ""gain"": 0.0}, {""block"": ""star_ris"", ""rho"": 64.0, ""gain"": 0.008831912606147796}, {""block"": ""rsma"", ""rho"": 1.0, ""gain"": 0.0}, {""block"": ""star_ris"", ""rho"": 4.0, ""gain"": 0.009319188606838225}, {""block"": ""rsma"", ""rho"": 1.0, ""gain"": 0.0}, {""block"": ""star_ris"", ""rho"": 8.0, ""gain"": 0.01956645101453347}, {""block"": ""rsma"", ""rho"": 1.0, ""gain"": -7.105427357601002e-15}, {""block"": ""star_ris"", ""rho"": 4.0, ""gain"": 0.023457897487197954}, {""block"": ""rsma"", ""rho"": 1.0, ""gain"": 0.0}, {""block"": ""star_ris"", ""rho"": 64.0, ""gain"": 0.008248658247303808}, {""block"": ""rsma"", ""rho"": 1.0, ""gain"": 3.552713678800501e-15}, {""block"": ""star_ris"", ""rho"": 4.0, ""gain"": 0.004392889299662528}, {""block"": ""rsma"", ""rho"": 1.0, ""gain"": -3.552713678800501e-15}, {""block"": ""star_ris"", ""rho"": 4.0, ""gain"": 0.046489721993832944}, {""block"": ""rsma"", ""rho"": 1.0, ""gain"": 0.0}, {""block"": ""star_ris"", ""rho"": 2.0, ""gain"": 0.005089173983044759}, {""block"": ""rsma"", ""rho"": 1.0, ""gain"": 3.552713678800501e-15}, {""block"": ""star_ris"", ""rho"": 8.0, ""gain"": 0.004102926521525774}, {""block"": ""rsma"", ""rho"": 1.0, ""gain"": 0.0}, {""block"": ""star_ris"", ""rho"": 2.0, ""gain"": 0.001253051214813894}]",{},5144.083858,eb978e84730de4cf1e0579ad9e17edb700c67ba6eceac89d1fe3698763a419f7,fc61d5cda7da39530055bae9bd0e92865f995cd9,4e84455d08cacd9f85c432f7838c3be2cb0f000b55edc3487c6dee9520cc0b63
ao_sca,96,10000,836,test,17.982326766337415,17.982326766337415,1.0,True,0.0,3,1794,6,ao_sca_proximal_physical,analytical_ris_equal_allocation,"[1.8379749567487944, 17.92287008096412, 17.9813427243217, 17.982326766337415]","[{""block"": ""rsma"", ""rho"": 1.0, ""gain"": 15.971064035223922}, {""block"": ""star_ris"", ""rho"": 8.0, ""gain"": 0.11383108899140382}, {""block"": ""rsma"", ""rho"": 1.0, ""gain"": 0.0}, {""block"": ""star_ris"", ""rho"": 4.0, ""gain"": 0.058472643357578846}, {""block"": ""rsma"", ""rho"": 1.0, ""gain"": -3.552713678800501e-15}, {""block"": ""star_ris"", ""rho"": 1.0, ""gain"": 0.000984042015719666}]",{},975.093692,eb978e84730de4cf1e0579ad9e17edb700c67ba6eceac89d1fe3698763a419f7,fc61d5cda7da39530055bae9bd0e92865f995cd9,4e84455d08cacd9f85c432f7838c3be2cb0f000b55edc3487c6dee9520cc0b63
ao_sca,96,10000,837,test,18.83589883293268,18.83589883293268,1.0,True,0.0,16,9578,29,ao_sca_proximal_physical,analytical_ris_equal_allocation,"[1.8379863897571884, 18.121114640505095, 18.271251800680435, 18.282901144969525, 18.30274478948015, 18.312517288699745, 18.363257516226238, 18.608532918027638, 18.644872957113165, 18.727799868457396, 18.775636868728018, 18.780256476843967, 18.792121711344777, 18.824523049695696, 18.826892367083286, 18.83514264211146, 18.83589883293268]","[{""block"": ""rsma"", ""rho"": 1.0, ""gain"": 16.268659210607463}, {""block"": ""star_ris"", ""rho"": 4.0, ""gain"": 0.014469040140443923}, {""block"": ""rsma"", ""rho"": 1.0, ""gain"": 0.0}, {""block"": ""star_ris"", ""rho"": 4.0, ""gain"": 0.1501371601753405}, {""block"": ""rsma"", ""rho"": 1.0, ""gain"": 3.552713678800501e-15}, {""block"": ""star_ris"", ""rho"": 4.0, ""gain"": 0.011649344289086372}, {""block"": ""rsma"", ""rho"": 1.0, ""gain"": 0.0}, {""block"": ""star_ris"", ""rho"": 32.0, ""gain"": 0.019843644510626035}, {""block"": ""rsma"", ""rho"": 1.0, ""gain"": 0.0}, {""block"": ""star_ris"", ""rho"": 64.0, ""gain"": 0.009772499219593556}, {""block"": ""rsma"", ""rho"": 1.0, ""gain"": 0.0}, {""block"": ""star_ris"", ""rho"": 1.0, ""gain"": 0.05074022752649299}, {""block"": ""rsma"", ""rho"": 1.0, ""gain"": 3.552713678800501e-15}, {""block"": ""star_ris"", ""rho"": 2.0, ""gain"": 0.24527540180139695}, {""block"": ""rsma"", ""rho"": 1.0, ""gain"": 0.0}, {""block"": ""star_ris"", ""rho"": 4.0, ""gain"": 0.036340039085526854}, {""block"": ""rsma"", ""rho"": 1.0, ""gain"": 0.0}, {""block"": ""star_ris"", ""rho"": 2.0, ""gain"": 0.0829269113442308}, {""block"": ""rsma"", ""rho"": 1.0, ""gain"": 0.0}, {""block"": ""star_ris"", ""rho"": 8.0, ""gain"": 0.0478370002706221}, {""block"": ""rsma"", ""rho"": 1.0, ""gain"": 0.0}, {""block"": ""star_ris"", ""rho"": 4.0, ""gain"": 0.004619608115948637}, {""block"": ""rsma"", ""rho"": 1.0, ""gain"": -7.105427357601002e-15}, {""block"": ""star_ris"", ""rho"": 32.0, ""gain"": 0.011865234500817223}, {""block"": ""rsma"", ""rho"": 1.0, ""gain"": 3.552713678800501e-15}, {""block"": ""star_ris"", ""rho"": 4.0, ""gain"": 0.03240133835091541}, {""block"": ""rsma"", ""rho"": 1.0, ""gain"": 3.552713678800501e-15}, {""block"": ""star_ris"", ""rho"": 16.0, ""gain"": 0.0023693173875862783}, {""block"": ""rsma"", ""rho"": 1.0, ""gain"": -3.552713678800501e-15}, {""block"": ""star_ris"", ""rho"": 4.0, ""gain"": 0.008250275028178322}, {""block"": ""rsma"", ""rho"": 1.0, ""gain"": 0.0}, {""block"": ""star_ris"", ""rho"": 4.0, ""gain"": 0.0007561908212210255}]",{},5038.099739,eb978e84730de4cf1e0579ad9e17edb700c67ba6eceac89d1fe3698763a419f7,fc61d5cda7da39530055bae9bd0e92865f995cd9,4e84455d08cacd9f85c432f7838c3be2cb0f000b55edc3487c6dee9520cc0b63
ao_sca,96,10000,838,test,18.61378184244907,18.61378184244907,1.0,True,0.0,6,3585,12,ao_sca_proximal_physical,analytical_ris_equal_allocation,"[1.8379695967764969, 18.399823622248842, 18.40244714722178, 18.49197094347921, 18.503712607900255, 18.612231923097507, 18.61378184244907]","[{""block"": ""rsma"", ""rho"": 1.0, ""gain"": 15.43209495476027}, {""block"": ""star_ris"", ""rho"": 1.0, ""gain"": 1.1297590707120762}, {""block"": ""rsma"", ""rho"": 1.0, ""gain"": 0.0}, {""block"": ""star_ris"", ""rho"": 2.0, ""gain"": 0.0026235249729360532}, {""block"": ""rsma"", ""rho"": 1.0, ""gain"": 0.0}, {""block"": ""star_ris"", ""rho"": 1.0, ""gain"": 0.08952379625743134}, {""block"": ""rsma"", ""rho"": 1.0, ""gain"": 3.552713678800501e-15}, {""block"": ""star_ris"", ""rho"": 4.0, ""gain"": 0.01174166442104152}, {""block"": ""rsma"", ""rho"": 1.0, ""gain"": 0.0}, {""block"": ""star_ris"", ""rho"": 8.0, ""gain"": 0.10851931519725255}, {""block"": ""rsma"", ""rho"": 1.0, ""gain"": 3.552713678800501e-15}, {""block"": ""star_ris"", ""rho"": 4.0, ""gain"": 0.0015499193515609022}]",{},1868.044123,eb978e84730de4cf1e0579ad9e17edb700c67ba6eceac89d1fe3698763a419f7,fc61d5cda7da39530055bae9bd0e92865f995cd9,4e84455d08cacd9f85c432f7838c3be2cb0f000b55edc3487c6dee9520cc0b63
ao_sca,96,10000,839,test,19.14402344346953,19.14402344346953,1.0,True,0.0,5,2990,10,ao_sca_proximal_physical,analytical_ris_equal_allocation,"[1.8380118148730522, 18.929078863893054, 18.959145645347068, 18.996665443390647, 19.143363787744246, 19.14402344346953]","[{""block"": ""rsma"", ""rho"": 1.0, ""gain"": 16.861254475380353}, {""block"": ""star_ris"", ""rho"": 2.0, ""gain"": 0.22981257363964858}, {""block"": ""rsma"", ""rho"": 1.0, ""gain"": 0.0}, {""block"": ""star_ris"", ""rho"": 1.0, ""gain"": 0.03006678145401409}, {""block"": ""rsma"", ""rho"": 1.0, ""gain"": 0.0}, {""block"": ""star_ris"", ""rho"": 2.0, ""gain"": 0.0375197980435793}, {""block"": ""rsma"", ""rho"": 1.0, ""gain"": 0.0}, {""block"": ""star_ris"", ""rho"": 4.0, ""gain"": 0.14669834435359874}, {""block"": ""rsma"", ""rho"": 1.0, ""gain"": 0.0}, {""block"": ""star_ris"", ""rho"": 32.0, ""gain"": 0.000659655725282704}]",{},1587.374504,eb978e84730de4cf1e0579ad9e17edb700c67ba6eceac89d1fe3698763a419f7,fc61d5cda7da39530055bae9bd0e92865f995cd9,4e84455d08cacd9f85c432f7838c3be2cb0f000b55edc3487c6dee9520cc0b63
ao_sca,96,10000,840,test,18.637232721489,18.637232721489,1.0,True,0.0,4,2394,8,ao_sca_proximal_physical,analytical_ris_equal_allocation,"[1.8379952452651669, 18.397456801430437, 18.629918481376304, 18.63577435229886, 18.637232721488996]","[{""block"": ""rsma"", ""rho"": 1.0, ""gain"": 16.262729098000882}, {""block"": ""star_ris"", ""rho"": 2.0, ""gain"": 0.29673245816438865}, {""block"": ""rsma"", ""rho"": 1.0, ""gain"": 3.552713678800501e-15}, {""block"": ""star_ris"", ""rho"": 2.0, ""gain"": 0.23246167994586386}, {""block"": ""rsma"", ""rho"": 1.0, ""gain"": 0.0}, {""block"": ""star_ris"", ""rho"": 32.0, ""gain"": 0.005855870922555795}, {""block"": ""rsma"", ""rho"": 1.0, ""gain"": 0.0}, {""block"": ""star_ris"", ""rho"": 4.0, ""gain"": 0.0014583691901357554}]",{},1260.911997,eb978e84730de4cf1e0579ad9e17edb700c67ba6eceac89d1fe3698763a419f7,fc61d5cda7da39530055bae9bd0e92865f995cd9,4e84455d08cacd9f85c432f7838c3be2cb0f000b55edc3487c6dee9520cc0b63
ao_sca,96,10000,841,test,18.614904822517502,18.614904822517502,1.0,True,0.0,11,6574,20,ao_sca_proximal_physical,analytical_ris_equal_allocation,"[1.8379505078016183, 17.34383960082667, 17.46432128582788, 17.4925933604986, 17.553541251737965, 17.675249182749635, 18.107050094019044, 18.14896573763082, 18.406228069546152, 18.455007728441295, 18.613545651187497, 18.614904822517502]","[{""block"": ""rsma"", ""rho"": 1.0, ""gain"": 15.221954923427845}, {""block"": ""star_ris"", ""rho"": 4.0, ""gain"": 0.28393416959720597}, {""block"": ""rsma"", ""rho"": 1.0, ""gain"": 0.0}, {""block"": ""star_ris"", ""rho"": 8.0, ""gain"": 0.12048168500120937}, {""block"": ""rsma"", ""rho"": 1.0, ""gain"": 0.0}, {""block"": ""star_ris"", ""rho"": 32.0, ""gain"": 0.02827207467072057}, {""block"": ""rsma"", ""rho"": 1.0, ""gain"": 0.0}, {""block"": ""star_ris"", ""rho"": 2.0, ""gain"": 0.060947891239365504}, {""block"": ""rsma"", ""rho"": 1.0, ""gain"": 0.0}, {""block"": ""star_ris"", ""rho"": 1.0, ""gain"": 0.12170793101167021}, {""block"": ""rsma"", ""rho"": 1.0, ""gain"": 0.0}, {""block"": ""star_ris"", ""rho"": 1.0, ""gain"": 0.4318009112694092}, {""block"": ""rsma"", ""rho"": 1.0, ""gain"": 0.0}, {""block"": ""star_ris"", ""rho"": 1.0, ""gain"": 0.04191564361177669}, {""block"": ""rsma"", ""rho"": 1.0, ""gain"": 3.552713678800501e-15}, {""block"": ""star_ris"", ""rho"": 1.0, ""gain"": 0.257262331915328}, {""block"": ""rsma"", ""rho"": 1.0, ""gain"": 0.0}, {""block"": ""star_ris"", ""rho"": 1.0, ""gain"": 0.048779658895142575}, {""block"": ""rsma"", ""rho"": 1.0, ""gain"": 0.0}, {""block"": ""star_ris"", ""rho"": 1.0, ""gain"": 0.15853792274620204}, {""block"": ""rsma"", ""rho"": 1.0, ""gain"": 0.0}, {""block"": ""star_ris"", ""rho"": 64.0, ""gain"": 0.0013591713300051822}]",{},3434.529894,eb978e84730de4cf1e0579ad9e17edb700c67ba6eceac89d1fe3698763a419f7,fc61d5cda7da39530055bae9bd0e92865f995cd9,4e84455d08cacd9f85c432f7838c3be2cb0f000b55edc3487c6dee9520cc0b63
ao_sca,96,10000,842,test,18.91739926075704,18.91739926075704,1.0,True,0.0,5,2992,10,ao_sca_proximal_physical,analytical_ris_equal_allocation,"[1.838004362807114, 18.501026703558303, 18.87495497269873, 18.87834349188715, 18.916247888079702, 18.917399260757037]","[{""block"": ""rsma"", ""rho"": 1.0, ""gain"": 16.662251873888437}, {""block"": ""star_ris"", ""rho"": 1.0, ""gain"": 0.0007704668627503963}, {""block"": ""rsma"", ""rho"": 1.0, ""gain"": 0.0}, {""block"": ""star_ris"", ""rho"": 1.0, ""gain"": 0.3739282691404284}, {""block"": ""rsma"", ""rho"": 1.0, ""gain"": 0.0}, {""block"": ""star_ris"", ""rho"": 8.0, ""gain"": 0.0033885191884195365}, {""block"": ""rsma"", ""rho"": 1.0, ""gain"": 0.0}, {""block"": ""star_ris"", ""rho"": 8.0, ""gain"": 0.037904396192551815}, {""block"": ""rsma"", ""rho"": 1.0, ""gain"": 0.0}, {""block"": ""star_ris"", ""rho"": 32.0, ""gain"": 0.0011513726773344501}]",{},1572.831779,eb978e84730de4cf1e0579ad9e17edb700c67ba6eceac89d1fe3698763a419f7,fc61d5cda7da39530055bae9bd0e92865f995cd9,4e84455d08cacd9f85c432f7838c3be2cb0f000b55edc3487c6dee9520cc0b63
ao_sca,96,10000,843,test,18.80882981464516,18.80882981464516,1.0,True,0.0,7,4188,11,ao_sca_proximal_physical,analytical_ris_equal_allocation,"[1.8379947328000943, 18.149145511834305, 18.35165586874794, 18.361822131986315, 18.615103798979263, 18.716085467763115, 18.80731219237375, 18.808829814645158]","[{""block"": ""rsma"", ""rho"": 1.0, ""gain"": 16.305046717766096}, {""block"": ""star_ris"", ""rho"": 128.0, ""gain"": 0.006104061268114691}, {""block"": ""rsma"", ""rho"": 1.0, ""gain"": 0.0}, {""block"": ""star_ris"", ""rho"": 1.0, ""gain"": 0.20251035691363484}, {""block"": ""rsma"", ""rho"": 1.0, ""gain"": -3.552713678800501e-15}, {""block"": ""star_ris"", ""rho"": 64.0, ""gain"": 0.010166263238378548}, {""block"": ""rsma"", ""rho"": 1.0, ""gain"": 0.0}, {""block"": ""star_ris"", ""rho"": 1.0, ""gain"": 0.2532816669929474}, {""block"": ""rsma"", ""rho"": 1.0, ""gain"": 0.0}, {""block"": ""star_ris"", ""rho"": 2.0, ""gain"": 0.10098166878385229}, {""block"": ""rsma"", ""rho"": 1.0, ""gain"": 0.0}, {""block"": ""star_ris"", ""rho"": 1.0, ""gain"": 0.0912267246106353}, {""block"": ""rsma"", ""rho"": 1.0, ""gain"": -3.552713678800501e-15}, {""block"": ""star_ris"", ""rho"": 2.0, ""gain"": 0.0015176222714110565}]",{},2318.557685,eb978e84730de4cf1e0579ad9e17edb700c67ba6eceac89d1fe3698763a419f7,fc61d5cda7da39530055bae9bd0e92865f995cd9,4e84455d08cacd9f85c432f7838c3be2cb0f000b55edc3487c6dee9520cc0b63
ao_sca,96,10000,844,test,19.265343142604973,19.265343142604973,1.0,True,0.0,9,5381,17,ao_sca_proximal_physical,analytical_ris_equal_allocation,"[1.8380041761688966, 18.69490443354645, 18.815660527285907, 18.978703866292598, 19.154025382790962, 19.175281970250442, 19.222219638038013, 19.245188604160912, 19.265160358303145, 19.265343142604973]","[{""block"": ""rsma"", ""rho"": 1.0, ""gain"": 16.644357469698214}, {""block"": ""star_ris"", ""rho"": 1.0, ""gain"": 0.21254278767933954}, {""block"": ""rsma"", ""rho"": 1.0, ""gain"": 0.0}, {""block"": ""star_ris"", ""rho"": 1.0, ""gain"": 0.1207560937394554}, {""block"": ""rsma"", ""rho"": 1.0, ""gain"": 0.0}, {""block"": ""star_ris"", ""rho"": 1.0, ""gain"": 0.1630433390066912}, {""block"": ""rsma"", ""rho"": 1.0, ""gain"": 0.0}, {""block"": ""star_ris"", ""rho"": 1.0, ""gain"": 0.17532151649836436}, {""block"": ""rsma"", ""rho"": 1.0, ""gain"": 0.0}, {""block"": ""star_ris"", ""rho"": 4.0, ""gain"": 0.021256587459479448}, {""block"": ""rsma"", ""rho"": 1.0, ""gain"": -3.552713678800501e-15}, {""block"": ""star_ris"", ""rho"": 2.0, ""gain"": 0.046937667787574355}, {""block"": ""rsma"", ""rho"": 1.0, ""gain"": -3.552713678800501e-15}, {""block"": ""star_ris"", ""rho"": 4.0, ""gain"": 0.02296896612290311}, {""block"": ""rsma"", ""rho"": 1.0, ""gain"": 3.552713678800501e-15}, {""block"": ""star_ris"", ""rho"": 16.0, ""gain"": 0.019971754142229514}, {""block"": ""rsma"", ""rho"": 1.0, ""gain"": 0.0}, {""block"": ""star_ris"", ""rho"": 128.0, ""gain"": 0.00018278430182760985}]",{},2866.194173,eb978e84730de4cf1e0579ad9e17edb700c67ba6eceac89d1fe3698763a419f7,fc61d5cda7da39530055bae9bd0e92865f995cd9,4e84455d08cacd9f85c432f7838c3be2cb0f000b55edc3487c6dee9520cc0b63
ao_sca,96,10000,845,test,18.8868521958696,18.8868521958696,1.0,True,0.0,7,4188,12,ao_sca_proximal_physical,analytical_ris_equal_allocation,"[1.8379893207520501, 18.423094070725405, 18.47262343179321, 18.85504313406603, 18.877535572300477, 18.881540731503, 18.88528737376987, 18.8868521958696]","[{""block"": ""rsma"", ""rho"": 1.0, ""gain"": 16.066622658624702}, {""block"": ""star_ris"", ""rho"": 1.0, ""gain"": 0.5184820913486519}, {""block"": ""rsma"", ""rho"": 1.0, ""gain"": -7.105427357601002e-15}, {""block"": ""star_ris"", ""rho"": 1.0, ""gain"": 0.049529361067811806}, {""block"": ""rsma"", ""rho"": 1.0, ""gain"": 0.0}, {""block"": ""star_ris"", ""rho"": 1.0, ""gain"": 0.38241970227281996}, {""block"": ""rsma"", ""rho"": 1.0, ""gain"": 0.0}, {""block"": ""star_ris"", ""rho"": 4.0, ""gain"": 0.022492438234447576}, {""block"": ""rsma"", ""rho"": 1.0, ""gain"": -3.552713678800501e-15}, {""block"": ""star_ris"", ""rho"": 128.0, ""gain"": 0.004005159202527864}, {""block"": ""rsma"", ""rho"": 1.0, ""gain"": 0.0}, {""block"": ""star_ris"", ""rho"": 4.0, ""gain"": 0.003746642266868605}, {""block"": ""rsma"", ""rho"": 1.0, ""gain"": 0.0}, {""block"": ""star_ris"", ""rho"": 16.0, ""gain"": 0.001564822099730634}]",{},2216.707655,eb978e84730de4cf1e0579ad9e17edb700c67ba6eceac89d1fe3698763a419f7,fc61d5cda7da39530055bae9bd0e92865f995cd9,4e84455d08cacd9f85c432f7838c3be2cb0f000b55edc3487c6dee9520cc0b63
ao_sca,96,10000,846,test,19.079310439480288,19.079310439480288,1.0,True,0.0,9,5386,17,ao_sca_proximal_physical,analytical_ris_equal_allocation,"[1.8380015539019934, 18.29526891972073, 18.439840566016365, 18.867105310111526, 18.90751175003555, 19.05787925355191, 19.05986052749283, 19.074548307361734, 19.079211001747517, 19.079310439480288]","[{""block"": ""rsma"", ""rho"": 1.0, ""gain"": 16.41070158585884}, {""block"": ""star_ris"", ""rho"": 2.0, ""gain"": 0.046565779959898634}, {""block"": ""rsma"", ""rho"": 1.0, ""gain"": 0.0}, {""block"": ""star_ris"", ""rho"": 1.0, ""gain"": 0.1445716462956348}, {""block"": ""rsma"", ""rho"": 1.0, ""gain"": 0.0}, {""block"": ""star_ris"", ""rho"": 1.0, ""gain"": 0.4272647440951616}, {""block"": ""rsma"", ""rho"": 1.0, ""gain"": 0.0}, {""block"": ""star_ris"", ""rho"": 2.0, ""gain"": 0.040406439924023374}, {""block"": ""rsma"", ""rho"": 1.0, ""gain"": 0.0}, {""block"": ""star_ris"", ""rho"": 2.0, ""gain"": 0.1503675035163603}, {""block"": ""rsma"", ""rho"": 1.0, ""gain"": 3.552713678800501e-15}, {""block"": ""star_ris"", ""rho"": 16.0, ""gain"": 0.00198127394091685}, {""block"": ""rsma"", ""rho"": 1.0, ""gain"": 0.0}, {""block"": ""star_ris"", ""rho"": 32.0, ""gain"": 0.014687779868904016}, {""block"": ""rsma"", ""rho"": 1.0, ""gain"": 0.0}, {""block"": ""star_ris"", ""rho"": 8.0, ""gain"": 0.004662694385782373}, {""block"": ""rsma"", ""rho"": 1.0, ""gain"": 0.0}, {""block"": ""star_ris"", ""rho"": 64.0, ""gain"": 9.943773277143464e-05}]",{},2858.73132,eb978e84730de4cf1e0579ad9e17edb700c67ba6eceac89d1fe3698763a419f7,fc61d5cda7da39530055bae9bd0e92865f995cd9,4e84455d08cacd9f85c432f7838c3be2cb0f000b55edc3487c6dee9520cc0b63
ao_sca,96,10000,847,test,18.825463849782537,18.825463849782537,1.0,True,0.0,7,4181,13,ao_sca_proximal_physical,analytical_ris_equal_allocation,"[1.8379858444342725, 17.918716932886703, 18.253291929992564, 18.47806340443887, 18.70094528669614, 18.802763419460145, 18.823820629111275, 18.825463849782537]","[{""block"": ""rsma"", ""rho"": 1.0, ""gain"": 16.07149163425222}, {""block"": ""star_ris"", ""rho"": 2.0, ""gain"": 0.009239454200212549}, {""block"": ""rsma"", ""rho"": 1.0, ""gain"": -3.552713678800501e-15}, {""block"": ""star_ris"", ""rho"": 1.0, ""gain"": 0.33457499710586447}, {""block"": ""rsma"", ""rho"": 1.0, ""gain"": 0.0}, {""block"": ""star_ris"", ""rho"": 1.0, ""gain"": 0.22477147444630674}, {""block"": ""rsma"", ""rho"": 1.0, ""gain"": 0.0}, {""block"": ""star_ris"", ""rho"": 2.0, ""gain"": 0.22288188225726913}, {""block"": ""rsma"", ""rho"": 1.0, ""gain"": 3.552713678800501e-15}, {""block"": ""star_ris"", ""rho"": 2.0, ""gain"": 0.1018181327640022}, {""block"": ""rsma"", ""rho"": 1.0, ""gain"": 0.0}, {""block"": ""star_ris"", ""rho"": 1.0, ""gain"": 0.021057209651129227}, {""block"": ""rsma"", ""rho"": 1.0, ""gain"": 3.552713678800501e-15}, {""block"": ""star_ris"", ""rho"": 32.0, ""gain"": 0.0016432206712586606}]",{},2396.56195,eb978e84730de4cf1e0579ad9e17edb700c67ba6eceac89d1fe3698763a419f7,fc61d5cda7da39530055bae9bd0e92865f995cd9,4e84455d08cacd9f85c432f7838c3be2cb0f000b55edc3487c6dee9520cc0b63
ao_sca,96,10000,848,test,18.84431031034376,18.84431031034376,1.0,True,0.0,6,3589,9,ao_sca_proximal_physical,analytical_ris_equal_allocation,"[1.8379997278424605, 18.653718091576106, 18.665218382074528, 18.74946090516872, 18.82518235738052, 18.843357835712766, 18.844310310343758]","[{""block"": ""rsma"", ""rho"": 1.0, ""gain"": 16.59857124129873}, {""block"": ""star_ris"", ""rho"": 2.0, ""gain"": 0.21714712243491618}, {""block"": ""rsma"", ""rho"": 1.0, ""gain"": 3.552713678800501e-15}, {""block"": ""star_ris"", ""rho"": 2.0, ""gain"": 0.011500290498418053}, {""block"": ""rsma"", ""rho"": 1.0, ""gain"": 0.0}, {""block"": ""star_ris"", ""rho"": 1.0, ""gain"": 0.08424252309419344}, {""block"": ""rsma"", ""rho"": 1.0, ""gain"": 0.0}, {""block"": ""star_ris"", ""rho"": 8.0, ""gain"": 0.07572145221179838}, {""block"": ""rsma"", ""rho"": 1.0, ""gain"": 0.0}, {""block"": ""star_ris"", ""rho"": 32.0, ""gain"": 0.018175478332246087}, {""block"": ""rsma"", ""rho"": 1.0, ""gain"": 0.0}, {""block"": ""star_ris"", ""rho"": 4.0, ""gain"": 0.0009524746309921284}]",{},2003.603673,eb978e84730de4cf1e0579ad9e17edb700c67ba6eceac89d1fe3698763a419f7,fc61d5cda7da39530055bae9bd0e92865f995cd9,4e84455d08cacd9f85c432f7838c3be2cb0f000b55edc3487c6dee9520cc0b63
ao_sca,96,10000,849,test,19.00356722410254,19.00356722410254,1.0,True,0.0,13,7772,20,ao_sca_proximal_physical,analytical_ris_equal_allocation,"[1.8379959836053958, 18.52004530251017, 18.531488999340446, 18.54169518291392, 18.565511273141297, 18.568236892877774, 18.672482664859036, 18.736352567054194, 18.76730125386706, 18.778657722541844, 18.978670557148206, 18.991398819808175, 19.003192419054848, 19.00356722410254]","[{""block"": ""rsma"", ""rho"": 1.0, ""gain"": 16.430623587143668}, {""block"": ""star_ris"", ""rho"": 2.0, ""gain"": 0.25142573176110616}, {""block"": ""rsma"", ""rho"": 1.0, ""gain"": -3.552713678800501e-15}, {""block"": ""star_ris"", ""rho"": 4.0, ""gain"": 0.011443696830280459}, {""block"": ""rsma"", ""rho"": 1.0, ""gain"": 0.0}, {""block"": ""star_ris"", ""rho"": 1.0, ""gain"": 0.010206183573473027}, {""block"": ""rsma"", ""rho"": 1.0, ""gain"": 0.0}, {""block"": ""star_ris"", ""rho"": 16.0, ""gain"": 0.02381609022737763}, {""block"": ""rsma"", ""rho"": 1.0, ""gain"": 0.0}, {""block"": ""star_ris"", ""rho"": 1.0, ""gain"": 0.002725619736477114}, {""block"": ""rsma"", ""rho"": 1.0, ""gain"": 0.0}, {""block"": ""star_ris"", ""rho"": 1.0, ""gain"": 0.10424577198126173}, {""block"": ""rsma"", ""rho"": 1.0, ""gain"": 0.0}, {""block"": ""star_ris"", ""rho"": 1.0, ""gain"": 0.06386990219515809}, {""block"": ""rsma"", ""rho"": 1.0, ""gain"": 7.105427357601002e-15}, {""block"": ""star_ris"", ""rho"": 1.0, ""gain"": 0.03094868681285945}, {""block"": ""rsma"", ""rho"": 1.0, ""gain"": 0.0}, {""block"": ""star_ris"", ""rho"": 2.0, ""gain"": 0.01135646867478357}, {""block"": ""rsma"", ""rho"": 1.0, ""gain"": 0.0}, {""block"": ""star_ris"", ""rho"": 1.0, ""gain"": 0.20001283460636188}, {""block"": ""rsma"", ""rho"": 1.0, ""gain"": 0.0}, {""block"": ""star_ris"", ""rho"": 16.0, ""gain"": 0.012728262659969403}, {""block"": ""rsma"", ""rho"": 1.0, ""gain"": 0.0}, {""block"": ""star_ris"", ""rho"": 8.0, ""gain"": 0.01179359924667267}, {""block"": ""rsma"", ""rho"": 1.0, ""gain"": 0.0}, {""block"": ""star_ris"", ""rho"": 256.0, ""gain"": 0.0003748050476914955}]",{},4308.341325,eb978e84730de4cf1e0579ad9e17edb700c67ba6eceac89d1fe3698763a419f7,fc61d5cda7da39530055bae9bd0e92865f995cd9,4e84455d08cacd9f85c432f7838c3be2cb0f000b55edc3487c6dee9520cc0b63
ao_sca,96,10000,850,test,18.57006534130844,18.57006534130844,1.0,True,0.0,2,1197,3,ao_sca_proximal_physical,analytical_ris_equal_allocation,"[1.837998675901217, 18.569556473008443, 18.570065341308442]","[{""block"": ""rsma"", ""rho"": 1.0, ""gain"": 16.489042507120878}, {""block"": ""star_ris"", ""rho"": 1.0, ""gain"": 0.24251528998634697}, {""block"": ""rsma"", ""rho"": 1.0, ""gain"": 0.0}, {""block"": ""star_ris"", ""rho"": 16.0, ""gain"": 0.0005088682999989658}]",{},652.466978,eb978e84730de4cf1e0579ad9e17edb700c67ba6eceac89d1fe3698763a419f7,fc61d5cda7da39530055bae9bd0e92865f995cd9,4e84455d08cacd9f85c432f7838c3be2cb0f000b55edc3487c6dee9520cc0b63
ao_sca,96,10000,851,test,19.08250010289332,19.08250010289332,1.0,True,0.0,9,5386,16,ao_sca_proximal_physical,analytical_ris_equal_allocation,"[1.8380033479025746, 18.711616319317685, 18.846773810778895, 18.902616200805564, 18.906947608656616, 18.91691707682669, 18.928886414435816, 19.06628341289561, 19.081417757245724, 19.08250010289332]","[{""block"": ""rsma"", ""rho"": 1.0, ""gain"": 16.595942397043732}, {""block"": ""star_ris"", ""rho"": 1.0, ""gain"": 0.27767057437137765}, {""block"": ""rsma"", ""rho"": 1.0, ""gain"": 0.0}, {""block"": ""star_ris"", ""rho"": 1.0, ""gain"": 0.1351574914612108}, {""block"": ""rsma"", ""rho"": 1.0, ""gain"": 0.0}, {""block"": ""star_ris"", ""rho"": 2.0, ""gain"": 0.05584239002666891}, {""block"": ""rsma"", ""rho"": 1.0, ""gain"": 0.0}, {""block"": ""star_ris"", ""rho"": 16.0, ""gain"": 0.004331407851051239}, {""block"": ""rsma"", ""rho"": 1.0, ""gain"": 0.0}, {""block"": ""star_ris"", ""rho"": 8.0, ""gain"": 0.00996946817007327}, {""block"": ""rsma"", ""rho"": 1.0, ""gain"": 3.552713678800501e-15}, {""block"": ""star_ris"", ""rho"": 2.0, ""gain"": 0.011969337609123443}, {""block"": ""rsma"", ""rho"": 1.0, ""gain"": 0.0}, {""block"": ""star_ris"", ""rho"": 4.0, ""gain"": 0.13739699845979558}, {""block"": ""rsma"", ""rho"": 1.0, ""gain"": -3.552713678800501e-15}, {""block"": ""star_ris"", ""rho"": 16.0, ""gain"": 0.01513434435011618}, {""block"": ""rsma"", ""rho"": 1.0, ""gain"": 3.552713678800501e-15}, {""block"": ""star_ris"", ""rho"": 64.0, ""gain"": 0.0010823456475925752}]",{},2972.841767,eb978e84730de4cf1e0579ad9e17edb700c67ba6eceac89d1fe3698763a419f7,fc61d5cda7da39530055bae9bd0e92865f995cd9,4e84455d08cacd9f85c432f7838c3be2cb0f000b55edc3487c6dee9520cc0b63
ao_sca,96,10000,852,test,18.637263983378123,18.637263983378123,1.0,True,0.0,7,4187,14,ao_sca_proximal_physical,analytical_ris_equal_allocation,"[1.8379857417460383, 18.145156139536628, 18.44949962885004, 18.55762996935784, 18.60625353010566, 18.629904409642545, 18.635758219833665, 18.637263983378123]","[{""block"": ""rsma"", ""rho"": 1.0, ""gain"": 16.23359173239371}, {""block"": ""star_ris"", ""rho"": 1.0, ""gain"": 0.07357866539688018}, {""block"": ""rsma"", ""rho"": 1.0, ""gain"": 0.0}, {""block"": ""star_ris"", ""rho"": 1.0, ""gain"": 0.30434348931341404}, {""block"": ""rsma"", ""rho"": 1.0, ""gain"": 0.0}, {""block"": ""star_ris"", ""rho"": 1.0, ""gain"": 0.1081303405077989}, {""block"": ""rsma"", ""rho"": 1.0, ""gain"": 0.0}, {""block"": ""star_ris"", ""rho"": 8.0, ""gain"": 0.048623560747820704}, {""block"": ""rsma"", ""rho"": 1.0, ""gain"": 0.0}, {""block"": ""star_ris"", ""rho"": 16.0, ""gain"": 0.023650879536884162}, {""block"": ""rsma"", ""rho"": 1.0, ""gain"": 3.552713678800501e-15}, {""block"": ""star_ris"", ""rho"": 64.0, ""gain"": 0.005853810191116082}, {""block"": ""rsma"", ""rho"": 1.0, ""gain"": 0.0}, {""block"": ""star_ris"", ""rho"": 2.0, ""gain"": 0.00150576354445775}]",{},2348.186537,eb978e84730de4cf1e0579ad9e17edb700c67ba6eceac89d1fe3698763a419f7,fc61d5cda7da39530055bae9bd0e92865f995cd9,4e84455d08cacd9f85c432f7838c3be2cb0f000b55edc3487c6dee9520cc0b63
ao_sca,96,10000,853,test,18.52317461425976,18.52317461425976,1.0,True,0.0,2,1200,4,ao_sca_proximal_physical,analytical_ris_equal_allocation,"[1.837993869317267, 18.523044569693788, 18.52317461425976]","[{""block"": ""rsma"", ""rho"": 1.0, ""gain"": 16.355185336562624}, {""block"": ""star_ris"", ""rho"": 2.0, ""gain"": 0.32986536381389797}, {""block"": ""rsma"", ""rho"": 1.0, ""gain"": -3.552713678800501e-15}, {""block"": ""star_ris"", ""rho"": 64.0, ""gain"": 0.00013004456597442982}]",{},629.663607,eb978e84730de4cf1e0579ad9e17edb700c67ba6eceac89d1fe3698763a419f7,fc61d5cda7da39530055bae9bd0e92865f995cd9,4e84455d08cacd9f85c432f7838c3be2cb0f000b55edc3487c6dee9520cc0b63
ao_sca,96,10000,854,test,18.62900520379771,18.62900520379771,1.0,True,0.0,20,11968,35,ao_sca_proximal_physical,analytical_ris_equal_allocation,"[1.8379588140093508, 17.6431345984918, 17.72196714476054, 17.759308080835485, 17.777506131671217, 18.11039955395951, 18.123597377373862, 18.178028220935886, 18.18697469258203, 18.286701583474198, 18.43336939232865, 18.458160773419934, 18.470718478353636, 18.48773679419309, 18.53113407518962, 18.5540236815563, 18.607910603036892, 18.613194563025104, 18.617043552324386, 18.61998548894711, 18.62900520379771]","[{""block"": ""rsma"", ""rho"": 1.0, ""gain"": 15.395429830311027}, {""block"": ""star_ris"", ""rho"": 2.0, ""gain"": 0.4097459541714237}, {""block"": ""rsma"", ""rho"": 1.0, ""gain"": 0.0}, {""block"": ""star_ris"", ""rho"": 8.0, ""gain"": 0.07883254626873892}, {""block"": ""rsma"", ""rho"": 1.0, ""gain"": 0.0}, {""block"": ""star_ris"", ""rho"": 16.0, ""gain"": 0.03734093607494415}, {""block"": ""rsma"", ""rho"": 1.0, ""gain"": 0.0}, {""block"": ""star_ris"", ""rho"": 32.0, ""gain"": 0.018198050835732005}, {""block"": ""rsma"", ""rho"": 1.0, ""gain"": 7.105427357601002e-15}, {""block"": ""star_ris"", ""rho"": 1.0, ""gain"": 0.33289342228828644}, {""block"": ""rsma"", ""rho"": 1.0, ""gain"": 3.552713678800501e-15}, {""block"": ""star_ris"", ""rho"": 4.0, ""gain"": 0.013197823414348164}, {""block"": ""rsma"", ""rho"": 1.0, ""gain"": 0.0}, {""block"": ""star_ris"", ""rho"": 1.0, ""gain"": 0.05443084356202377}, {""block"": ""rsma"", ""rho"": 1.0, ""gain"": 0.0}, {""block"": ""star_ris"", ""rho"": 4.0, ""gain"": 0.00894647164614426}, {""block"": ""rsma"", ""rho"": 1.0, ""gain"": 0.0}, {""block"": ""star_ris"", ""rho"": 1.0, ""gain"": 0.09972689089216757}, {""block"": ""rsma"", ""rho"": 1.0, ""gain"": 0.0}, {""block"": ""star_ris"", ""rho"": 1.0, ""gain"": 0.14666780885445263}, {""block"": ""rsma"", ""rho"": 1.0, ""gain"": 0.0}, {""block"": ""star_ris"", ""rho"": 4.0, ""gain"": 0.024791381091283426}, {""block"": ""rsma"", ""rho"": 1.0, ""gain"": 3.552713678800501e-15}, {""block"": ""star_ris"", ""rho"": 64.0, ""gain"": 0.012557704933698233}, {""block"": ""rsma"", ""rho"": 1.0, ""gain"": 7.105427357601002e-15}, {""block"": ""star_ris"", ""rho"": 2.0, ""gain"": 0.01701831583944724}, {""block"": ""rsma"", ""rho"": 1.0, ""gain"": 0.0}, {""block"": ""star_ris"", ""rho"": 4.0, ""gain"": 0.04339728099652973}, {""block"": ""rsma"", ""rho"": 1.0, ""gain"": 0.0}, {""block"": ""star_ris"", ""rho"": 4.0, ""gain"": 0.022889606366678805}, {""block"": ""rsma"", ""rho"": 1.0, ""gain"": 0.0}, {""block"": ""star_ris"", ""rho"": 2.0, ""gain"": 0.053886921480593486}, {""block"": ""rsma"", ""rho"": 1.0, ""gain"": 0.0}, {""block"": ""star_ris"", ""rho"": 16.0, ""gain"": 0.0052839599882119614}, {""block"": ""rsma"", ""rho"": 1.0, ""gain"": 0.0}, {""block"": ""star_ris"", ""rho"": 32.0, ""gain"": 0.003848989299282124}, {""block"": ""rsma"", ""rho"": 1.0, ""gain"": 0.0}, {""block"": ""star_ris"", ""rho"": 16.0, ""gain"": 0.002941936622722352}, {""block"": ""rsma"", ""rho"": 1.0, ""gain"": 3.552713678800501e-15}, {""block"": ""star_ris"", ""rho"": 8.0, ""gain"": 0.009019714850598604}]",{},6453.858267,eb978e84730de4cf1e0579ad9e17edb700c67ba6eceac89d1fe3698763a419f7,fc61d5cda7da39530055bae9bd0e92865f995cd9,4e84455d08cacd9f85c432f7838c3be2cb0f000b55edc3487c6dee9520cc0b63
ao_sca,96,10000,855,test,18.5174225509668,18.5174225509668,1.0,True,0.0,16,9578,29,ao_sca_proximal_physical,analytical_ris_equal_allocation,"[1.8379594987046912, 17.74936609961187, 17.86782137862135, 17.889137052035107, 18.072371700159234, 18.300892416778204, 18.337222816589637, 18.339606001005663, 18.36405704406841, 18.43783022290897, 18.440917016166864, 18.44672256885326, 18.449356872865533, 18.453016383119127, 18.481013960026722, 18.517078004195, 18.517422550966796]","[{""block"": ""rsma"", ""rho"": 1.0, ""gain"": 15.698148854980364}, {""block"": ""star_ris"", ""rho"": 2.0, ""gain"": 0.21325774592681412}, {""block"": ""rsma"", ""rho"": 1.0, ""gain"": 0.0}, {""block"": ""star_ris"", ""rho"": 1.0, ""gain"": 0.11845527900948127}, {""block"": ""rsma"", ""rho"": 1.0, ""gain"": 0.0}, {""block"": ""star_ris"", ""rho"": 32.0, ""gain"": 0.021315673413756286}, {""block"": ""rsma"", ""rho"": 1.0, ""gain"": 0.0}, {""block"": ""star_ris"", ""rho"": 1.0, ""gain"": 0.18323464812412738}, {""block"": ""rsma"", ""rho"": 1.0, ""gain"": 0.0}, {""block"": ""star_ris"", ""rho"": 2.0, ""gain"": 0.22852071661897}, {""block"": ""rsma"", ""rho"": 1.0, ""gain"": 0.0}, {""block"": ""star_ris"", ""rho"": 2.0, ""gain"": 0.03633039981143327}, {""block"": ""rsma"", ""rho"": 1.0, ""gain"": 0.0}, {""block"": ""star_ris"", ""rho"": 2.0, ""gain"": 0.0023831844160255855}, {""block"": ""rsma"", ""rho"": 1.0, ""gain"": 0.0}, {""block"": ""star_ris"", ""rho"": 4.0, ""gain"": 0.024451043062747146}, {""block"": ""rsma"", ""rho"": 1.0, ""gain"": 0.0}, {""block"": ""star_ris"", ""rho"": 8.0, ""gain"": 0.07377317884056112}, {""block"": ""rsma"", ""rho"": 1.0, ""gain"": 0.0}, {""block"": ""star_ris"", ""rho"": 32.0, ""gain"": 0.0030867932578928503}, {""block"": ""rsma"", ""rho"": 1.0, ""gain"": 0.0}, {""block"": ""star_ris"", ""rho"": 32.0, ""gain"": 0.005805552686396709}, {""block"": ""rsma"", ""rho"": 1.0, ""gain"": 0.0}, {""block"": ""star_ris"", ""rho"": 16.0, ""gain"": 0.0026343040122718264}, {""block"": ""rsma"", ""rho"": 1.0, ""gain"": 3.552713678800501e-15}, {""block"": ""star_ris"", ""rho"": 8.0, ""gain"": 0.003659510253591236}, {""block"": ""rsma"", ""rho"": 1.0, ""gain"": 0.0}, {""block"": ""star_ris"", ""rho"": 4.0, ""gain"": 0.027997576907594635}, {""block"": ""rsma"", ""rho"": 1.0, ""gain"": 0.0}, {""block"": ""star_ris"", ""rho"": 4.0, ""gain"": 0.036064044168277576}, {""block"": ""rsma"", ""rho"": 1.0, ""gain"": -3.552713678800501e-15}, {""block"": ""star_ris"", ""rho"": 64.0, ""gain"": 0.0003445467717995143}]",{},5164.329023,eb978e84730de4cf1e0579ad9e17edb700c67ba6eceac89d1fe3698763a419f7,fc61d5cda7da39530055bae9bd0e92865f995cd9,4e84455d08cacd9f85c432f7838c3be2cb0f000b55edc3487c6dee9520cc0b63
ao_sca,96,10000,856,test,18.821472196944764,18.821472196944764,1.0,True,0.0,12,7181,21,ao_sca_proximal_physical,analytical_ris_equal_allocation,"[1.8379798980364015, 17.993873103741077, 17.999370469750772, 18.2087495086634, 18.23926813321213, 18.247530543273214, 18.37538713623177, 18.43391664719868, 18.43813678205928, 18.761587423571793, 18.795968146007816, 18.82040092863921, 18.821472196944764]","[{""block"": ""rsma"", ""rho"": 1.0, ""gain"": 15.959116670879311}, {""block"": ""star_ris"", ""rho"": 4.0, ""gain"": 0.19677653482536428}, {""block"": ""rsma"", ""rho"": 1.0, ""gain"": 0.0}, {""block"": ""star_ris"", ""rho"": 128.0, ""gain"": 0.005497366009695526}, {""block"": ""rsma"", ""rho"": 1.0, ""gain"": 0.0}, {""block"": ""star_ris"", ""rho"": 2.0, ""gain"": 0.20937903891262621}, {""block"": ""rsma"", ""rho"": 1.0, ""gain"": 0.0}, {""block"": ""star_ris"", ""rho"": 1.0, ""gain"": 0.03051862454872989}, {""block"": ""rsma"", ""rho"": 1.0, ""gain"": -3.552713678800501e-15}, {""block"": ""star_ris"", ""rho"": 64.0, ""gain"": 0.008262410061089298}, {""block"": ""rsma"", ""rho"": 1.0, ""gain"": 0.0}, {""block"": ""star_ris"", ""rho"": 4.0, ""gain"": 0.12785659295855467}, {""block"": ""rsma"", ""rho"": 1.0, ""gain"": 0.0}, {""block"": ""star_ris"", ""rho"": 8.0, ""gain"": 0.058529510966909726}, {""block"": ""rsma"", ""rho"": 1.0, ""gain"": -3.552713678800501e-15}, {""block"": ""star_ris"", ""rho"": 1.0, ""gain"": 0.0042201348606063505}, {""block"": ""rsma"", ""rho"": 1.0, ""gain"": 0.0}, {""block"": ""star_ris"", ""rho"": 1.0, ""gain"": 0.3234506415125118}, {""block"": ""rsma"", ""rho"": 1.0, ""gain"": 0.0}, {""block"": ""star_ris"", ""rho"": 4.0, ""gain"": 0.03438072243602264}, {""block"": ""rsma"", ""rho"": 1.0, ""gain"": 0.0}, {""block"": ""star_ris"", ""rho"": 2.0, ""gain"": 0.02443278263139348}, {""block"": ""rsma"", ""rho"": 1.0, ""gain"": 0.0}, {""block"": ""star_ris"", ""rho"": 16.0, ""gain"": 0.0010712683055551508}]",{},3836.43468,eb978e84730de4cf1e0579ad9e17edb700c67ba6eceac89d1fe3698763a419f7,fc61d5cda7da39530055bae9bd0e92865f995cd9,4e84455d08cacd9f85c432f7838c3be2cb0f000b55edc3487c6dee9520cc0b63
ao_sca,96,10000,857,test,19.12307598617313,19.12307598617313,1.0,True,0.0,20,11978,31,ao_sca_proximal_physical,analytical_ris_equal_allocation,"[1.8379942316092124, 18.06262760065404, 18.15587895610161, 18.199866695843873, 18.22126500974118, 18.242292909861664, 18.25266992676881, 18.25782498212418, 18.597357234746116, 18.763469889760255, 18.774908997956548, 18.785185074680214, 18.83062308184246, 18.835700589679, 18.88480221550128, 18.908795743162973, 18.914598042282886, 18.959306408191406, 19.097852444087202, 19.10863137094266, 19.12307598617313]","[{""block"": ""rsma"", ""rho"": 1.0, ""gain"": 16.011515427437445}, {""block"": ""star_ris"", ""rho"": 4.0, ""gain"": 0.21311794160738273}, {""block"": ""rsma"", ""rho"": 1.0, ""gain"": 0.0}, {""block"": ""star_ris"", ""rho"": 8.0, ""gain"": 0.09325135544757046}, {""block"": ""rsma"", ""rho"": 1.0, ""gain"": 0.0}, {""block"": ""star_ris"", ""rho"": 16.0, ""gain"": 0.04398773974226344}, {""block"": ""rsma"", ""rho"": 1.0, ""gain"": 0.0}, {""block"": ""star_ris"", ""rho"": 32.0, ""gain"": 0.02139831389730773}, {""block"": ""rsma"", ""rho"": 1.0, ""gain"": 0.0}, {""block"": ""star_ris"", ""rho"": 32.0, ""gain"": 0.021027900120483167}, {""block"": ""rsma"", ""rho"": 1.0, ""gain"": 0.0}, {""block"": ""star_ris"", ""rho"": 64.0, ""gain"": 0.010377016907145986}, {""block"": ""rsma"", ""rho"": 1.0, ""gain"": 3.552713678800501e-15}, {""block"": ""star_ris"", ""rho"": 128.0, ""gain"": 0.0051550553553667555}, {""block"": ""rsma"", ""rho"": 1.0, ""gain"": 0.0}, {""block"": ""star_ris"", ""rho"": 1.0, ""gain"": 0.339532252621936}, {""block"": ""rsma"", ""rho"": 1.0, ""gain"": 0.0}, {""block"": ""star_ris"", ""rho"": 4.0, ""gain"": 0.16611265501413897}, {""block"": ""rsma"", ""rho"": 1.0, ""gain"": 3.552713678800501e-15}, {""block"": ""star_ris"", ""rho"": 16.0, ""gain"": 0.011439108196288572}, {""block"": ""rsma"", ""rho"": 1.0, ""gain"": 3.552713678800501e-15}, {""block"": ""star_ris"", ""rho"": 4.0, ""gain"": 0.010276076723663152}, {""block"": ""rsma"", ""rho"": 1.0, ""gain"": 0.0}, {""block"": ""star_ris"", ""rho"": 2.0, ""gain"": 0.04543800716224666}, {""block"": ""rsma"", ""rho"": 1.0, ""gain"": 0.0}, {""block"": ""star_ris"", ""rho"": 2.0, ""gain"": 0.005077507836539041}, {""block"": ""rsma"", ""rho"": 1.0, ""gain"": 0.0}, {""block"": ""star_ris"", ""rho"": 8.0, ""gain"": 0.04910162582228139}, {""block"": ""rsma"", ""rho"": 1.0, ""gain"": 0.0}, {""block"": ""star_ris"", ""rho"": 16.0, ""gain"": 0.02399352766169116}, {""block"": ""rsma"", ""rho"": 1.0, ""gain"": -3.552713678800501e-15}, {""block"": ""star_ris"", ""rho"": 1.0, ""gain"": 0.005802299119917365}, {""block"": ""rsma"", ""rho"": 1.0, ""gain"": 3.552713678800501e-15}, {""block"": ""star_ris"", ""rho"": 2.0, ""gain"": 0.0447083659085159}, {""block"": ""rsma"", ""rho"": 1.0, ""gain"": -3.552713678800501e-15}, {""block"": ""star_ris"", ""rho"": 4.0, ""gain"": 0.13854603589579995}, {""block"": ""rsma"", ""rho"": 1.0, ""gain"": 0.0}, {""block"": ""star_ris"", ""rho"": 8.0, ""gain"": 0.010778926855458337}, {""block"": ""rsma"", ""rho"": 1.0, ""gain"": 0.0}, {""block"": ""star_ris"", ""rho"": 4.0, ""gain"": 0.014444615230470248}]",{},6542.195855,eb978e84730de4cf1e0579ad9e17edb700c67ba6eceac89d1fe3698763a419f7,fc61d5cda7da39530055bae9bd0e92865f995cd9,4e84455d08cacd9f85c432f7838c3be2cb0f000b55edc3487c6dee9520cc0b63
ao_sca,96,10000,858,test,18.992694637160945,18.992694637160945,1.0,True,0.0,20,11956,33,ao_sca_proximal_physical,analytical_ris_equal_allocation,"[1.8379849704848907, 18.25274688772029, 18.26549107101678, 18.298065317851233, 18.33850961552396, 18.358099521643666, 18.504719462351417, 18.507568086720582, 18.527346874019234, 18.572752790875384, 18.624789535673205, 18.63567131417171, 18.77138167881978, 18.824823570585934, 18.827050398082648, 18.87387006145297, 18.897409806784857, 18.90370429442466, 18.916182792535793, 18.981423508503745, 18.992694637160945]","[{""block"": ""rsma"", ""rho"": 1.0, ""gain"": 16.226242181391562}, {""block"": ""star_ris"", ""rho"": 4.0, ""gain"": 0.18851973584383686}, {""block"": ""rsma"", ""rho"": 1.0, ""gain"": 0.0}, {""block"": ""star_ris"", ""rho"": 8.0, ""gain"": 0.012744183296490519}, {""block"": ""rsma"", ""rho"": 1.0, ""gain"": 3.552713678800501e-15}, {""block"": ""star_ris"", ""rho"": 1.0, ""gain"": 0.032574246834450094}, {""block"": ""rsma"", ""rho"": 1.0, ""gain"": 0.0}, {""block"": ""star_ris"", ""rho"": 16.0, ""gain"": 0.04044429767272817}, {""block"": ""rsma"", ""rho"": 1.0, ""gain"": 0.0}, {""block"": ""star_ris"", ""rho"": 32.0, ""gain"": 0.019589906119705347}, {""block"": ""rsma"", ""rho"": 1.0, ""gain"": 0.0}, {""block"": ""star_ris"", ""rho"": 2.0, ""gain"": 0.14661994070775108}, {""block"": ""rsma"", ""rho"": 1.0, ""gain"": 0.0}, {""block"": ""star_ris"", ""rho"": 4.0, ""gain"": 0.002848624369164554}, {""block"": ""rsma"", ""rho"": 1.0, ""gain"": 0.0}, {""block"": ""star_ris"", ""rho"": 1.0, ""gain"": 0.01977878729865168}, {""block"": ""rsma"", ""rho"": 1.0, ""gain"": 0.0}, {""block"": ""star_ris"", ""rho"": 2.0, ""gain"": 0.045405916856150697}, {""block"": ""rsma"", ""rho"": 1.0, ""gain"": 0.0}, {""block"": ""star_ris"", ""rho"": 1.0, ""gain"": 0.052036744797820944}, {""block"": ""rsma"", ""rho"": 1.0, ""gain"": -3.552713678800501e-15}, {""block"": ""star_ris"", ""rho"": 2.0, ""gain"": 0.0108817784985078}, {""block"": ""rsma"", ""rho"": 1.0, ""gain"": 0.0}, {""block"": ""star_ris"", ""rho"": 1.0, ""gain"": 0.13571036464806951}, {""block"": ""rsma"", ""rho"": 1.0, ""gain"": 0.0}, {""block"": ""star_ris"", ""rho"": 8.0, ""gain"": 0.053441891766155436}, {""block"": ""rsma"", ""rho"": 1.0, ""gain"": 0.0}, {""block"": ""star_ris"", ""rho"": 4.0, ""gain"": 0.002226827496713213}, {""block"": ""rsma"", ""rho"": 1.0, ""gain"": 0.0}, {""block"": ""star_ris"", ""rho"": 4.0, ""gain"": 0.04681966337032151}, {""block"": ""rsma"", ""rho"": 1.0, ""gain"": 0.0}, {""block"": ""star_ris"", ""rho"": 2.0, ""gain"": 0.023539745331888184}, {""block"": ""rsma"", ""rho"": 1.0, ""gain"": 0.0}, {""block"": ""star_ris"", ""rho"": 2.0, ""gain"": 0.006294487639802782}, {""block"": ""rsma"", ""rho"": 1.0, ""gain"": 3.552713678800501e-15}, {""block"": ""star_ris"", ""rho"": 4.0, ""gain"": 0.012478498111129}, {""block"": ""rsma"", ""rho"": 1.0, ""gain"": 0.0}, {""block"": ""star_ris"", ""rho"": 2.0, ""gain"": 0.06524071596795267}, {""block"": ""rsma"", ""rho"": 1.0, ""gain"": 0.0}, {""block"": ""star_ris"", ""rho"": 16.0, ""gain"": 0.01127112865719937}]",{},6536.995219,eb978e84730de4cf1e0579ad9e17edb700c67ba6eceac89d1fe3698763a419f7,fc61d5cda7da39530055bae9bd0e92865f995cd9,4e84455d08cacd9f85c432f7838c3be2cb0f000b55edc3487c6dee9520cc0b63
ao_sca,96,10000,859,test,18.19020804392937,18.19020804392937,1.0,True,0.0,12,7185,24,ao_sca_proximal_physical,analytical_ris_equal_allocation,"[1.8379424220422604, 17.152043254974227, 17.22999308711351, 17.266969375858146, 17.493516502573765, 17.51733458979186, 17.52271706606495, 17.54811659322556, 17.630161193217965, 17.65420391908813, 18.141291658631193, 18.18975671750496, 18.190208043929374]","[{""block"": ""rsma"", ""rho"": 1.0, ""gain"": 15.138485854088117}, {""block"": ""star_ris"", ""rho"": 8.0, ""gain"": 0.1756149788438499}, {""block"": ""rsma"", ""rho"": 1.0, ""gain"": 0.0}, {""block"": ""star_ris"", ""rho"": 16.0, ""gain"": 0.0779498321392822}, {""block"": ""rsma"", ""rho"": 1.0, ""gain"": 3.552713678800501e-15}, {""block"": ""star_ris"", ""rho"": 32.0, ""gain"": 0.03697628874463277}, {""block"": ""rsma"", ""rho"": 1.0, ""gain"": 0.0}, {""block"": ""star_ris"", ""rho"": 4.0, ""gain"": 0.22654712671561938}, {""block"": ""rsma"", ""rho"": 1.0, ""gain"": 0.0}, {""block"": ""star_ris"", ""rho"": 16.0, ""gain"": 0.023818087218096196}, {""block"": ""rsma"", ""rho"": 1.0, ""gain"": 3.552713678800501e-15}, {""block"": ""star_ris"", ""rho"": 8.0, ""gain"": 0.00538247627308408}, {""block"": ""rsma"", ""rho"": 1.0, ""gain"": 0.0}, {""block"": ""star_ris"", ""rho"": 4.0, ""gain"": 0.025399527160612223}, {""block"": ""rsma"", ""rho"": 1.0, ""gain"": -3.552713678800501e-15}, {""block"": ""star_ris"", ""rho"": 2.0, ""gain"": 0.08204459999240754}, {""block"": ""rsma"", ""rho"": 1.0, ""gain"": 0.0}, {""block"": ""star_ris"", ""rho"": 1.0, ""gain"": 0.02404272587016365}, {""block"": ""rsma"", ""rho"": 1.0, ""gain"": 0.0}, {""block"": ""star_ris"", ""rho"": 1.0, ""gain"": 0.48708773954306395}, {""block"": ""rsma"", ""rho"": 1.0, ""gain"": 0.0}, {""block"": ""star_ris"", ""rho"": 2.0, ""gain"": 0.04846505887376651}, {""block"": ""rsma"", ""rho"": 1.0, ""gain"": 0.0}, {""block"": ""star_ris"", ""rho"": 128.0, ""gain"": 0.0004513264244145887}]",{},3839.656907,eb978e84730de4cf1e0579ad9e17edb700c67ba6eceac89d1fe3698763a419f7,fc61d5cda7da39530055bae9bd0e92865f995cd9,4e84455d08cacd9f85c432f7838c3be2cb0f000b55edc3487c6dee9520cc0b63
ao_sca,96,10000,860,test,18.353037858571053,18.353037858571053,1.0,True,0.0,5,2991,9,ao_sca_proximal_physical,analytical_ris_equal_allocation,"[1.83797770621533, 18.12495151070773, 18.12746888011553, 18.194642789423316, 18.352755146977255, 18.353037858571053]","[{""block"": ""rsma"", ""rho"": 1.0, ""gain"": 16.124275185104317}, {""block"": ""star_ris"", ""rho"": 4.0, ""gain"": 0.1626986193880846}, {""block"": ""rsma"", ""rho"": 1.0, ""gain"": -3.552713678800501e-15}, {""block"": ""star_ris"", ""rho"": 8.0, ""gain"": 0.0025173694078013398}, {""block"": ""rsma"", ""rho"": 1.0, ""gain"": 0.0}, {""block"": ""star_ris"", ""rho"": 2.0, ""gain"": 0.06717390930778677}, {""block"": ""rsma"", ""rho"": 1.0, ""gain"": 3.552713678800501e-15}, {""block"": ""star_ris"", ""rho"": 1.0, ""gain"": 0.15811235755393582}, {""block"": ""rsma"", ""rho"": 1.0, ""gain"": 0.0}, {""block"": ""star_ris"", ""rho"": 16.0, ""gain"": 0.0002827115937975577}]",{},1626.263759,eb978e84730de4cf1e0579ad9e17edb700c67ba6eceac89d1fe3698763a419f7,fc61d5cda7da39530055bae9bd0e92865f995cd9,4e84455d08cacd9f85c432f7838c3be2cb0f000b55edc3487c6dee9520cc0b63
ao_sca,96,10000,861,test,19.0724589127123,19.0724589127123,1.0,True,0.0,18,10784,30,ao_sca_proximal_physical,analytical_ris_equal_allocation,"[1.837978636192208, 17.70065441361651, 17.71505621252775, 18.221021773300155, 18.513996431430265, 18.56170914625364, 18.62833326038334, 18.896432988623413, 18.930174129341708, 18.940157115451054, 18.9428166031499, 18.970558579776743, 19.02141278835076, 19.023519970463347, 19.0309750951485, 19.0639471097532, 19.06643025854492, 19.071788642808556, 19.0724589127123]","[{""block"": ""rsma"", ""rho"": 1.0, ""gain"": 15.83331143524509}, {""block"": ""star_ris"", ""rho"": 32.0, ""gain"": 0.029364342179210468}, {""block"": ""rsma"", ""rho"": 1.0, ""gain"": 3.552713678800501e-15}, {""block"": ""star_ris"", ""rho"": 64.0, ""gain"": 0.014401798911237051}, {""block"": ""rsma"", ""rho"": 1.0, ""gain"": 0.0}, {""block"": ""star_ris"", ""rho"": 1.0, ""gain"": 0.5059655607724061}, {""block"": ""rsma"", ""rho"": 1.0, ""gain"": 3.552713678800501e-15}, {""block"": ""star_ris"", ""rho"": 2.0, ""gain"": 0.29297465813010604}, {""block"": ""rsma"", ""rho"": 1.0, ""gain"": -3.552713678800501e-15}, {""block"": ""star_ris"", ""rho"": 1.0, ""gain"": 0.0477127148233798}, {""block"": ""rsma"", ""rho"": 1.0, ""gain"": 0.0}, {""block"": ""star_ris"", ""rho"": 1.0, ""gain"": 0.0666241141296986}, {""block"": ""rsma"", ""rho"": 1.0, ""gain"": 3.552713678800501e-15}, {""block"": ""star_ris"", ""rho"": 1.0, ""gain"": 0.26809972824007033}, {""block"": ""rsma"", ""rho"": 1.0, ""gain"": 0.0}, {""block"": ""star_ris"", ""rho"": 1.0, ""gain"": 0.033741140718294815}, {""block"": ""rsma"", ""rho"": 1.0, ""gain"": 0.0}, {""block"": ""star_ris"", ""rho"": 1.0, ""gain"": 0.009982986109346115}, {""block"": ""rsma"", ""rho"": 1.0, ""gain"": 0.0}, {""block"": ""star_ris"", ""rho"": 64.0, ""gain"": 0.0026594876988461635}, {""block"": ""rsma"", ""rho"": 1.0, ""gain"": -3.552713678800501e-15}, {""block"": ""star_ris"", ""rho"": 4.0, ""gain"": 0.027741976626845855}, {""block"": ""rsma"", ""rho"": 1.0, ""gain"": 7.105427357601002e-15}, {""block"": ""star_ris"", ""rho"": 16.0, ""gain"": 0.05085420857400891}, {""block"": ""rsma"", ""rho"": 1.0, ""gain"": 0.0}, {""block"": ""star_ris"", ""rho"": 8.0, ""gain"": 0.002107182112588646}, {""block"": ""rsma"", ""rho"": 1.0, ""gain"": 0.0}, {""block"": ""star_ris"", ""rho"": 4.0, ""gain"": 0.007455124685151304}, {""block"": ""rsma"", ""rho"": 1.0, ""gain"": 0.0}, {""block"": ""star_ris"", ""rho"": 1.0, ""gain"": 0.03297201460470234}, {""block"": ""rsma"", ""rho"": 1.0, ""gain"": 0.0}, {""block"": ""star_ris"", ""rho"": 512.0, ""gain"": 0.0024831487917182926}, {""block"": ""rsma"", ""rho"": 1.0, ""gain"": -7.105427357601002e-15}, {""block"": ""star_ris"", ""rho"": 128.0, ""gain"": 0.005358384263644211}, {""block"": ""rsma"", ""rho"": 1.0, ""gain"": 0.0}, {""block"": ""star_ris"", ""rho"": 1024.0, ""gain"": 0.0006702699037433035}]",{},5883.659838,eb978e84730de4cf1e0579ad9e17edb700c67ba6eceac89d1fe3698763a419f7,fc61d5cda7da39530055bae9bd0e92865f995cd9,4e84455d08cacd9f85c432f7838c3be2cb0f000b55edc3487c6dee9520cc0b63
ao_sca,96,10000,862,test,19.032764021882343,19.032764021882343,1.0,True,0.0,14,8368,21,ao_sca_proximal_physical,analytical_ris_equal_allocation,"[1.8379900336302224, 18.534539234227342, 18.543747588014547, 18.563313940419818, 18.56706528651977, 18.6072180283566, 18.758447514717226, 18.825232087460407, 18.830822443323285, 18.87345676925704, 18.914777545920607, 18.996465078501824, 19.011446608312752, 19.031544563958413, 19.032764021882343]","[{""block"": ""rsma"", ""rho"": 1.0, ""gain"": 16.356258241495595}, {""block"": ""star_ris"", ""rho"": 1.0, ""gain"": 0.34029095910152307}, {""block"": ""rsma"", ""rho"": 1.0, ""gain"": 0.0}, {""block"": ""star_ris"", ""rho"": 8.0, ""gain"": 0.00920835378720497}, {""block"": ""rsma"", ""rho"": 1.0, ""gain"": 0.0}, {""block"": ""star_ris"", ""rho"": 4.0, ""gain"": 0.019566352405270493}, {""block"": ""rsma"", ""rho"": 1.0, ""gain"": 0.0}, {""block"": ""star_ris"", ""rho"": 1.0, ""gain"": 0.003751346099953423}, {""block"": ""rsma"", ""rho"": 1.0, ""gain"": 0.0}, {""block"": ""star_ris"", ""rho"": 1.0, ""gain"": 0.04015274183682749}, {""block"": ""rsma"", ""rho"": 1.0, ""gain"": 0.0}, {""block"": ""star_ris"", ""rho"": 1.0, ""gain"": 0.15122948636062716}, {""block"": ""rsma"", ""rho"": 1.0, ""gain"": 0.0}, {""block"": ""star_ris"", ""rho"": 8.0, ""gain"": 0.06678457274318106}, {""block"": ""rsma"", ""rho"": 1.0, ""gain"": -3.552713678800501e-15}, {""block"": ""star_ris"", ""rho"": 1.0, ""gain"": 0.005590355862882035}, {""block"": ""rsma"", ""rho"": 1.0, ""gain"": 0.0}, {""block"": ""star_ris"", ""rho"": 2.0, ""gain"": 0.04263432593375427}, {""block"": ""rsma"", ""rho"": 1.0, ""gain"": 0.0}, {""block"": ""star_ris"", ""rho"": 2.0, ""gain"": 0.041320776663567926}, {""block"": ""rsma"", ""rho"": 1.0, ""gain"": 0.0}, {""block"": ""star_ris"", ""rho"": 4.0, ""gain"": 0.08168753258121697}, {""block"": ""rsma"", ""rho"": 1.0, ""gain"": 0.0}, {""block"": ""star_ris"", ""rho"": 8.0, ""gain"": 0.014981529810928151}, {""block"": ""rsma"", ""rho"": 1.0, ""gain"": 0.0}, {""block"": ""star_ris"", ""rho"": 4.0, ""gain"": 0.020097955645660193}, {""block"": ""rsma"", ""rho"": 1.0, ""gain"": 0.0}, {""block"": ""star_ris"", ""rho"": 64.0, ""gain"": 0.0012194579239306336}]",{},4602.081438,eb978e84730de4cf1e0579ad9e17edb700c67ba6eceac89d1fe3698763a419f7,fc61d5cda7da39530055bae9bd0e92865f995cd9,4e84455d08cacd9f85c432f7838c3be2cb0f000b55edc3487c6dee9520cc0b63
ao_sca,96,10000,863,test,18.199878427678797,18.199878427678797,1.0,True,0.0,3,1797,5,ao_sca_proximal_physical,analytical_ris_equal_allocation,"[1.8379800581872765, 18.064786975047955, 18.19929340137086, 18.199878427678794]","[{""block"": ""rsma"", ""rho"": 1.0, ""gain"": 15.874358450128167}, {""block"": ""star_ris"", ""rho"": 2.0, ""gain"": 0.3524484667325112}, {""block"": ""rsma"", ""rho"": 1.0, ""gain"": -3.552713678800501e-15}, {""block"": ""star_ris"", ""rho"": 4.0, ""gain"": 0.13450642632290766}, {""block"": ""rsma"", ""rho"": 1.0, ""gain"": 0.0}, {""block"": ""star_ris"", ""rho"": 32.0, ""gain"": 0.0005850263079345552}]",{},988.007157,eb978e84730de4cf1e0579ad9e17edb700c67ba6eceac89d1fe3698763a419f7,fc61d5cda7da39530055bae9bd0e92865f995cd9,4e84455d08cacd9f85c432f7838c3be2cb0f000b55edc3487c6dee9520cc0b63
ao_sca,96,10000,864,test,19.10165771213947,19.10165771213947,1.0,True,0.0,18,10768,33,ao_sca_proximal_physical,analytical_ris_equal_allocation,"[1.8380049852376197, 18.718491206444718, 18.832520820312904, 18.853026761242813, 18.861687527365014, 18.8873573313616, 18.899937182694572, 18.906165659917864, 18.92441282471309, 18.951965205226514, 18.954042419314728, 18.957904975773232, 18.98117920497186, 18.996327181987738, 19.012305614655844, 19.01728814593041, 19.034265501669395, 19.099823423271427, 19.10165771213947]","[{""block"": ""rsma"", ""rho"": 1.0, ""gain"": 16.70329692112074}, {""block"": ""star_ris"", ""rho"": 1.0, ""gain"": 0.1771893000863578}, {""block"": ""rsma"", ""rho"": 1.0, ""gain"": 0.0}, {""block"": ""star_ris"", ""rho"": 1.0, ""gain"": 0.11402961386818689}, {""block"": ""rsma"", ""rho"": 1.0, ""gain"": 0.0}, {""block"": ""star_ris"", ""rho"": 8.0, ""gain"": 0.020505940929908206}, {""block"": ""rsma"", ""rho"": 1.0, ""gain"": 0.0}, {""block"": ""star_ris"", ""rho"": 4.0, ""gain"": 0.008660766122201125}, {""block"": ""rsma"", ""rho"": 1.0, ""gain"": 3.552713678800501e-15}, {""block"": ""star_ris"", ""rho"": 16.0, ""gain"": 0.02566980399658192}, {""block"": ""rsma"", ""rho"": 1.0, ""gain"": 0.0}, {""block"": ""star_ris"", ""rho"": 32.0, ""gain"": 0.01257985133297268}, {""block"": ""rsma"", ""rho"": 1.0, ""gain"": 0.0}, {""block"": ""star_ris"", ""rho"": 64.0, ""gain"": 0.006228477223292117}, {""block"": ""rsma"", ""rho"": 1.0, ""gain"": -3.552713678800501e-15}, {""block"": ""star_ris"", ""rho"": 4.0, ""gain"": 0.018247164795230475}, {""block"": ""rsma"", ""rho"": 1.0, ""gain"": 0.0}, {""block"": ""star_ris"", ""rho"": 2.0, ""gain"": 0.027552380513423458}, {""block"": ""rsma"", ""rho"": 1.0, ""gain"": 3.552713678800501e-15}, {""block"": ""star_ris"", ""rho"": 32.0, ""gain"": 0.0020772140882101553}, {""block"": ""rsma"", ""rho"": 1.0, ""gain"": 0.0}, {""block"": ""star_ris"", ""rho"": 8.0, ""gain"": 0.003862556458503974}, {""block"": ""rsma"", ""rho"": 1.0, ""gain"": 0.0}, {""block"": ""star_ris"", ""rho"": 4.0, ""gain"": 0.023274229198626983}, {""block"": ""rsma"", ""rho"": 1.0, ""gain"": 0.0}, {""block"": ""star_ris"", ""rho"": 1.0, ""gain"": 0.015147977015878666}, {""block"": ""rsma"", ""rho"": 1.0, ""gain"": 0.0}, {""block"": ""star_ris"", ""rho"": 16.0, ""gain"": 0.01597843266810628}, {""block"": ""rsma"", ""rho"": 1.0, ""gain"": 0.0}, {""block"": ""star_ris"", ""rho"": 2.0, ""gain"": 0.004982531274567492}, {""block"": ""rsma"", ""rho"": 1.0, ""gain"": 0.0}, {""block"": ""star_ris"", ""rho"": 1.0, ""gain"": 0.016977355738983846}, {""block"": ""rsma"", ""rho"": 1.0, ""gain"": 0.0}, {""block"": ""star_ris"", ""rho"": 2.0, ""gain"": 0.06555792160203211}, {""block"": ""rsma"", ""rho"": 1.0, ""gain"": 0.0}, {""block"": ""star_ris"", ""rho"": 1.0, ""gain"": 0.0018342888680429326}]",{},5915.47665,eb978e84730de4cf1e0579ad9e17edb700c67ba6eceac89d1fe3698763a419f7,fc61d5cda7da39530055bae9bd0e92865f995cd9,4e84455d08cacd9f85c432f7838c3be2cb0f000b55edc3487c6dee9520cc0b63
ao_sca,96,10000,865,test,19.025074948635204,19.025074948635204,1.0,True,0.0,7,4175,12,ao_sca_proximal_physical,analytical_ris_equal_allocation,"[1.8379968792536252, 18.62662247220728, 18.722057457809555, 18.777516763515294, 18.809819849836682, 18.84244549548553, 19.024682939411974, 19.025074948635204]","[{""block"": ""rsma"", ""rho"": 1.0, ""gain"": 16.45890416778082}, {""block"": ""star_ris"", ""rho"": 1.0, ""gain"": 0.32972142517283487}, {""block"": ""rsma"", ""rho"": 1.0, ""gain"": 0.0}, {""block"": ""star_ris"", ""rho"": 1.0, ""gain"": 0.09543498560227448}, {""block"": ""rsma"", ""rho"": 1.0, ""gain"": 0.0}, {""block"": ""star_ris"", ""rho"": 2.0, ""gain"": 0.05545930570573887}, {""block"": ""rsma"", ""rho"": 1.0, ""gain"": 0.0}, {""block"": ""star_ris"", ""rho"": 1.0, ""gain"": 0.03230308632138801}, {""block"": ""rsma"", ""rho"": 1.0, ""gain"": 0.0}, {""block"": ""star_ris"", ""rho"": 2.0, ""gain"": 0.0326256456488494}, {""block"": ""rsma"", ""rho"": 1.0, ""gain"": 0.0}, {""block"": ""star_ris"", ""rho"": 1.0, ""gain"": 0.18223744392644292}, {""block"": ""rsma"", ""rho"": 1.0, ""gain"": 0.0}, {""block"": ""star_ris"", ""rho"": 1.0, ""gain"": 0.0003920092232299055}]",{},2284.947487,eb978e84730de4cf1e0579ad9e17edb700c67ba6eceac89d1fe3698763a419f7,fc61d5cda7da39530055bae9bd0e92865f995cd9,4e84455d08cacd9f85c432f7838c3be2cb0f000b55edc3487c6dee9520cc0b63
ao_sca,96,10000,866,test,18.77031437338216,18.77031437338216,1.0,True,0.0,9,5389,18,ao_sca_proximal_physical,analytical_ris_equal_allocation,"[1.8379943898064646, 18.37218253234483, 18.380309038318437, 18.39201382683745, 18.447046615359262, 18.460264390992535, 18.46680526861178, 18.4996397019135, 18.7687756217749, 18.770314373382156]","[{""block"": ""rsma"", ""rho"": 1.0, ""gain"": 16.473159661900212}, {""block"": ""star_ris"", ""rho"": 8.0, ""gain"": 0.06102848063815358}, {""block"": ""rsma"", ""rho"": 1.0, ""gain"": 0.0}, {""block"": ""star_ris"", ""rho"": 4.0, ""gain"": 0.008126505973606868}, {""block"": ""rsma"", ""rho"": 1.0, ""gain"": 0.0}, {""block"": ""star_ris"", ""rho"": 1.0, ""gain"": 0.0117047885190118}, {""block"": ""rsma"", ""rho"": 1.0, ""gain"": 0.0}, {""block"": ""star_ris"", ""rho"": 8.0, ""gain"": 0.055032788521813814}, {""block"": ""rsma"", ""rho"": 1.0, ""gain"": 0.0}, {""block"": ""star_ris"", ""rho"": 32.0, ""gain"": 0.01321777563327231}, {""block"": ""rsma"", ""rho"": 1.0, ""gain"": 0.0}, {""block"": ""star_ris"", ""rho"": 64.0, ""gain"": 0.0065408776192441564}, {""block"": ""rsma"", ""rho"": 1.0, ""gain"": 0.0}, {""block"": ""star_ris"", ""rho"": 1.0, ""gain"": 0.032834433301722754}, {""block"": ""rsma"", ""rho"": 1.0, ""gain"": 3.552713678800501e-15}, {""block"": ""star_ris"", ""rho"": 1.0, ""gain"": 0.2691359198613945}, {""block"": ""rsma"", ""rho"": 1.0, ""gain"": 0.0}, {""block"": ""star_ris"", ""rho"": 32.0, ""gain"": 0.0015387516072564722}]",{},2965.351338,eb978e84730de4cf1e0579ad9e17edb700c67ba6eceac89d1fe3698763a419f7,fc61d5cda7da39530055bae9bd0e92865f995cd9,4e84455d08cacd9f85c432f7838c3be2cb0f000b55edc3487c6dee9520cc0b63
ao_sca,96,10000,867,test,18.82598688965043,18.82598688965043,1.0,True,0.0,14,8373,25,ao_sca_proximal_physical,analytical_ris_equal_allocation,"[1.8379841244565127, 17.998938879490595, 18.38694059552057, 18.408615447090536, 18.451780949205432, 18.47445071668188, 18.484029825202747, 18.48683762745261, 18.552445428299237, 18.558186951497767, 18.636268402020217, 18.769967617528444, 18.797797434227093, 18.825636258569833, 18.82598688965043]","[{""block"": ""rsma"", ""rho"": 1.0, ""gain"": 16.096357473834207}, {""block"": ""star_ris"", ""rho"": 1.0, ""gain"": 0.06459728119987673}, {""block"": ""rsma"", ""rho"": 1.0, ""gain"": -3.552713678800501e-15}, {""block"": ""star_ris"", ""rho"": 2.0, ""gain"": 0.38800171602997935}, {""block"": ""rsma"", ""rho"": 1.0, ""gain"": 0.0}, {""block"": ""star_ris"", ""rho"": 4.0, ""gain"": 0.021674851569965625}, {""block"": ""rsma"", ""rho"": 1.0, ""gain"": -3.552713678800501e-15}, {""block"": ""star_ris"", ""rho"": 2.0, ""gain"": 0.04316550211489911}, {""block"": ""rsma"", ""rho"": 1.0, ""gain"": 0.0}, {""block"": ""star_ris"", ""rho"": 16.0, ""gain"": 0.022669767476447333}, {""block"": ""rsma"", ""rho"": 1.0, ""gain"": 3.552713678800501e-15}, {""block"": ""star_ris"", ""rho"": 16.0, ""gain"": 0.009579108520863855}, {""block"": ""rsma"", ""rho"": 1.0, ""gain"": -3.552713678800501e-15}, {""block"": ""star_ris"", ""rho"": 4.0, ""gain"": 0.002807802249865432}, {""block"": ""rsma"", ""rho"": 1.0, ""gain"": 0.0}, {""block"": ""star_ris"", ""rho"": 1.0, ""gain"": 0.0656078008466281}, {""block"": ""rsma"", ""rho"": 1.0, ""gain"": 0.0}, {""block"": ""star_ris"", ""rho"": 2.0, ""gain"": 0.005741523198530274}, {""block"": ""rsma"", ""rho"": 1.0, ""gain"": 0.0}, {""block"": ""star_ris"", ""rho"": 1.0, ""gain"": 0.07808145052245052}, {""block"": ""rsma"", ""rho"": 1.0, ""gain"": 0.0}, {""block"": ""star_ris"", ""rho"": 4.0, ""gain"": 0.1336992155082264}, {""block"": ""rsma"", ""rho"": 1.0, ""gain"": 0.0}, {""block"": ""star_ris"", ""rho"": 8.0, ""gain"": 0.027829816698648813}, {""block"": ""rsma"", ""rho"": 1.0, ""gain"": -3.552713678800501e-15}, {""block"": ""star_ris"", ""rho"": 16.0, ""gain"": 0.027838824342744317}, {""block"": ""rsma"", ""rho"": 1.0, ""gain"": 7.105427357601002e-15}, {""block"": ""star_ris"", ""rho"": 16.0, ""gain"": 0.0003506310805896362}]",{},4610.181018,eb978e84730de4cf1e0579ad9e17edb700c67ba6eceac89d1fe3698763a419f7,fc61d5cda7da39530055bae9bd0e92865f995cd9,4e84455d08cacd9f85c432f7838c3be2cb0f000b55edc3487c6dee9520cc0b63
ao_sca,96,10000,868,test,18.848368701830346,18.848368701830346,1.0,True,0.0,14,8380,26,ao_sca_proximal_physical,analytical_ris_equal_allocation,"[1.837985297537858, 17.9655809758855, 18.003568251987303, 18.022104167331953, 18.031262275376854, 18.21730271643999, 18.411721019552388, 18.461126569611967, 18.47944848466544, 18.573308183894905, 18.57987881551316, 18.6128572900395, 18.65980944400351, 18.848358246054424, 18.848368701830346]","[{""block"": ""rsma"", ""rho"": 1.0, ""gain"": 16.047631580504895}, {""block"": ""star_ris"", ""rho"": 8.0, ""gain"": 0.0799640978427476}, {""block"": ""rsma"", ""rho"": 1.0, ""gain"": 0.0}, {""block"": ""star_ris"", ""rho"": 16.0, ""gain"": 0.03798727610180208}, {""block"": ""rsma"", ""rho"": 1.0, ""gain"": 0.0}, {""block"": ""star_ris"", ""rho"": 32.0, ""gain"": 0.018535915344649823}, {""block"": ""rsma"", ""rho"": 1.0, ""gain"": 0.0}, {""block"": ""star_ris"", ""rho"": 64.0, ""gain"": 0.00915810804490036}, {""block"": ""rsma"", ""rho"": 1.0, ""gain"": -3.552713678800501e-15}, {""block"": ""star_ris"", ""rho"": 1.0, ""gain"": 0.18604044106313822}, {""block"": ""rsma"", ""rho"": 1.0, ""gain"": 0.0}, {""block"": ""star_ris"", ""rho"": 1.0, ""gain"": 0.19441830311239983}, {""block"": ""rsma"", ""rho"": 1.0, ""gain"": 0.0}, {""block"": ""star_ris"", ""rho"": 2.0, ""gain"": 0.049405550059578474}, {""block"": ""rsma"", ""rho"": 1.0, ""gain"": 0.0}, {""block"": ""star_ris"", ""rho"": 32.0, ""gain"": 0.018321915053473248}, {""block"": ""rsma"", ""rho"": 1.0, ""gain"": 0.0}, {""block"": ""star_ris"", ""rho"": 1.0, ""gain"": 0.09385969922946558}, {""block"": ""rsma"", ""rho"": 1.0, ""gain"": 0.0}, {""block"": ""star_ris"", ""rho"": 4.0, ""gain"": 0.006570631618252776}, {""block"": ""rsma"", ""rho"": 1.0, ""gain"": 0.0}, {""block"": ""star_ris"", ""rho"": 2.0, ""gain"": 0.03297847452634173}, {""block"": ""rsma"", ""rho"": 1.0, ""gain"": -3.552713678800501e-15}, {""block"": ""star_ris"", ""rho"": 1.0, ""gain"": 0.04695215396401409}, {""block"": ""rsma"", ""rho"": 1.0, ""gain"": 0.0}, {""block"": ""star_ris"", ""rho"": 1.0, ""gain"": 0.18854880205091362}, {""block"": ""rsma"", ""rho"": 1.0, ""gain"": -3.552713678800501e-15}, {""block"": ""star_ris"", ""rho"": 256.0, ""gain"": 1.0455775925066746e-05}]",{},4563.23959,eb978e84730de4cf1e0579ad9e17edb700c67ba6eceac89d1fe3698763a419f7,fc61d5cda7da39530055bae9bd0e92865f995cd9,4e84455d08cacd9f85c432f7838c3be2cb0f000b55edc3487c6dee9520cc0b63
ao_sca,96,10000,869,test,19.052893508812787,19.052893508812787,1.0,True,0.0,18,10771,32,ao_sca_proximal_physical,analytical_ris_equal_allocation,"[1.8379932100042304, 18.373067474098697, 18.434811174963748, 18.536509212656874, 18.55176379189565, 18.565070257941244, 18.61877445015203, 18.67704415934826, 18.70506834732081, 18.7188265428811, 18.757885875192496, 18.766839240396777, 18.97740235250766, 18.986209816163573, 18.99348245700421, 19.00190117438745, 19.013381456276097, 19.05191241498021, 19.052893508812787]","[{""block"": ""rsma"", ""rho"": 1.0, ""gain"": 16.20442563204016}, {""block"": ""star_ris"", ""rho"": 2.0, ""gain"": 0.33064863205430584}, {""block"": ""rsma"", ""rho"": 1.0, ""gain"": 0.0}, {""block"": ""star_ris"", ""rho"": 2.0, ""gain"": 0.06174370086505121}, {""block"": ""rsma"", ""rho"": 1.0, ""gain"": 0.0}, {""block"": ""star_ris"", ""rho"": 1.0, ""gain"": 0.1016980376931258}, {""block"": ""rsma"", ""rho"": 1.0, ""gain"": 0.0}, {""block"": ""star_ris"", ""rho"": 32.0, ""gain"": 0.015254579238774824}, {""block"": ""rsma"", ""rho"": 1.0, ""gain"": 0.0}, {""block"": ""star_ris"", ""rho"": 4.0, ""gain"": 0.013306466045595045}, {""block"": ""rsma"", ""rho"": 1.0, ""gain"": 0.0}, {""block"": ""star_ris"", ""rho"": 2.0, ""gain"": 0.05370419221078748}, {""block"": ""rsma"", ""rho"": 1.0, ""gain"": 0.0}, {""block"": ""star_ris"", ""rho"": 8.0, ""gain"": 0.05826970919622809}, {""block"": ""rsma"", ""rho"": 1.0, ""gain"": 0.0}, {""block"": ""star_ris"", ""rho"": 16.0, ""gain"": 0.028024187972551573}, {""block"": ""rsma"", ""rho"": 1.0, ""gain"": 0.0}, {""block"": ""star_ris"", ""rho"": 32.0, ""gain"": 0.01375819556028901}, {""block"": ""rsma"", ""rho"": 1.0, ""gain"": 3.552713678800501e-15}, {""block"": ""star_ris"", ""rho"": 1.0, ""gain"": 0.03905933231139258}, {""block"": ""rsma"", ""rho"": 1.0, ""gain"": 7.105427357601002e-15}, {""block"": ""star_ris"", ""rho"": 1.0, ""gain"": 0.008953365204273922}, {""block"": ""rsma"", ""rho"": 1.0, ""gain"": 0.0}, {""block"": ""star_ris"", ""rho"": 2.0, ""gain"": 0.21056311211088286}, {""block"": ""rsma"", ""rho"": 1.0, ""gain"": 0.0}, {""block"": ""star_ris"", ""rho"": 4.0, ""gain"": 0.008807463655912784}, {""block"": ""rsma"", ""rho"": 1.0, ""gain"": 0.0}, {""block"": ""star_ris"", ""rho"": 16.0, ""gain"": 0.007272640840636058}, {""block"": ""rsma"", ""rho"": 1.0, ""gain"": 0.0}, {""block"": ""star_ris"", ""rho"": 4.0, ""gain"": 0.008418717383239738}, {""block"": ""rsma"", ""rho"": 1.0, ""gain"": 0.0}, {""block"": ""star_ris"", ""rho"": 16.0, ""gain"": 0.011480281888648136}, {""block"": ""rsma"", ""rho"": 1.0, ""gain"": 0.0}, {""block"": ""star_ris"", ""rho"": 8.0, ""gain"": 0.03853095870411494}, {""block"": ""rsma"", ""rho"": 1.0, ""gain"": 0.0}, {""block"": ""star_ris"", ""rho"": 16.0, ""gain"": 0.0009810938325749419}]",{},5907.627445,eb978e84730de4cf1e0579ad9e17edb700c67ba6eceac89d1fe3698763a419f7,fc61d5cda7da39530055bae9bd0e92865f995cd9,4e84455d08cacd9f85c432f7838c3be2cb0f000b55edc3487c6dee9520cc0b63
ao_sca,96,10000,870,test,19.16267097548492,19.16267097548492,1.0,True,0.0,15,8972,25,ao_sca_proximal_physical,analytical_ris_equal_allocation,"[1.8380000518164186, 18.414264451813647, 18.496151923021287, 18.62083853627296, 18.761751909802495, 18.777178282397983, 18.837427194646992, 18.86634039573092, 18.901049865248055, 18.958486387327405, 18.980953841636218, 19.02200239641438, 19.10042082156572, 19.145915954427185, 19.16241307331284, 19.16267097548492]","[{""block"": ""rsma"", ""rho"": 1.0, ""gain"": 16.48841675087353}, {""block"": ""star_ris"", ""rho"": 8.0, ""gain"": 0.0878476491236988}, {""block"": ""rsma"", ""rho"": 1.0, ""gain"": 0.0}, {""block"": ""star_ris"", ""rho"": 8.0, ""gain"": 0.08188747120764006}, {""block"": ""rsma"", ""rho"": 1.0, ""gain"": 3.552713678800501e-15}, {""block"": ""star_ris"", ""rho"": 2.0, ""gain"": 0.12468661325166863}, {""block"": ""rsma"", ""rho"": 1.0, ""gain"": 0.0}, {""block"": ""star_ris"", ""rho"": 1.0, ""gain"": 0.1409133735295356}, {""block"": ""rsma"", ""rho"": 1.0, ""gain"": 0.0}, {""block"": ""star_ris"", ""rho"": 32.0, ""gain"": 0.015426372595488402}, {""block"": ""rsma"", ""rho"": 1.0, ""gain"": 0.0}, {""block"": ""star_ris"", ""rho"": 8.0, ""gain"": 0.06024891224900841}, {""block"": ""rsma"", ""rho"": 1.0, ""gain"": 0.0}, {""block"": ""star_ris"", ""rho"": 16.0, ""gain"": 0.028913201083927476}, {""block"": ""rsma"", ""rho"": 1.0, ""gain"": 3.552713678800501e-15}, {""block"": ""star_ris"", ""rho"": 1.0, ""gain"": 0.03470946951713216}, {""block"": ""rsma"", ""rho"": 1.0, ""gain"": 0.0}, {""block"": ""star_ris"", ""rho"": 2.0, ""gain"": 0.05743652207934957}, {""block"": ""rsma"", ""rho"": 1.0, ""gain"": -3.552713678800501e-15}, {""block"": ""star_ris"", ""rho"": 1.0, ""gain"": 0.022467454308817025}, {""block"": ""rsma"", ""rho"": 1.0, ""gain"": 0.0}, {""block"": ""star_ris"", ""rho"": 4.0, ""gain"": 0.04104855477816116}, {""block"": ""rsma"", ""rho"": 1.0, ""gain"": 7.105427357601002e-15}, {""block"": ""star_ris"", ""rho"": 1.0, ""gain"": 0.07841842515133379}, {""block"": ""rsma"", ""rho"": 1.0, ""gain"": 0.0}, {""block"": ""star_ris"", ""rho"": 8.0, ""gain"": 0.04549513286146478}, {""block"": ""rsma"", ""rho"": 1.0, ""gain"": -3.552713678800501e-15}, {""block"": ""star_ris"", ""rho"": 16.0, ""gain"": 0.016497118885659745}, {""block"": ""rsma"", ""rho"": 1.0, ""gain"": 0.0}, {""block"": ""star_ris"", ""rho"": 4.0, ""gain"": 0.00025790217208054855}]",{},4936.916974,eb978e84730de4cf1e0579ad9e17edb700c67ba6eceac89d1fe3698763a419f7,fc61d5cda7da39530055bae9bd0e92865f995cd9,4e84455d08cacd9f85c432f7838c3be2cb0f000b55edc3487c6dee9520cc0b63
ao_sca,96,10000,871,test,18.98247555019729,18.98247555019729,1.0,True,0.0,17,10177,33,ao_sca_proximal_physical,analytical_ris_equal_allocation,"[1.8379915197634495, 18.200498621702785, 18.22256766097222, 18.228218674993457, 18.485067990644275, 18.528236698703445, 18.69067149226518, 18.755438022492115, 18.771151326910474, 18.79598099919877, 18.86280979135405, 18.8714833145856, 18.899522075905132, 18.903760473770802, 18.90822960845753, 18.96563222286744, 18.981869689809066, 18.98247555019729]","[{""block"": ""rsma"", ""rho"": 1.0, ""gain"": 16.267655473874058}, {""block"": ""star_ris"", ""rho"": 8.0, ""gain"": 0.09485162806527825}, {""block"": ""rsma"", ""rho"": 1.0, ""gain"": 0.0}, {""block"": ""star_ris"", ""rho"": 32.0, ""gain"": 0.02206903926943582}, {""block"": ""rsma"", ""rho"": 1.0, ""gain"": 0.0}, {""block"": ""star_ris"", ""rho"": 2.0, ""gain"": 0.005651014021236023}, {""block"": ""rsma"", ""rho"": 1.0, ""gain"": 0.0}, {""block"": ""star_ris"", ""rho"": 2.0, ""gain"": 0.25684931565081826}, {""block"": ""rsma"", ""rho"": 1.0, ""gain"": 3.552713678800501e-15}, {""block"": ""star_ris"", ""rho"": 2.0, ""gain"": 0.043168708059166505}, {""block"": ""rsma"", ""rho"": 1.0, ""gain"": 0.0}, {""block"": ""star_ris"", ""rho"": 2.0, ""gain"": 0.1624347935617365}, {""block"": ""rsma"", ""rho"": 1.0, ""gain"": 0.0}, {""block"": ""star_ris"", ""rho"": 2.0, ""gain"": 0.06476653022693313}, {""block"": ""rsma"", ""rho"": 1.0, ""gain"": 0.0}, {""block"": ""star_ris"", ""rho"": 32.0, ""gain"": 0.01571330441835883}, {""block"": ""rsma"", ""rho"": 1.0, ""gain"": 0.0}, {""block"": ""star_ris"", ""rho"": 2.0, ""gain"": 0.024829672288294802}, {""block"": ""rsma"", ""rho"": 1.0, ""gain"": 0.0}, {""block"": ""star_ris"", ""rho"": 8.0, ""gain"": 0.06682879215528104}, {""block"": ""rsma"", ""rho"": 1.0, ""gain"": 0.0}, {""block"": ""star_ris"", ""rho"": 16.0, ""gain"": 0.008673523231550462}, {""block"": ""rsma"", ""rho"": 1.0, ""gain"": -3.552713678800501e-15}, {""block"": ""star_ris"", ""rho"": 2.0, ""gain"": 0.028038761319535865}, {""block"": ""rsma"", ""rho"": 1.0, ""gain"": 0.0}, {""block"": ""star_ris"", ""rho"": 128.0, ""gain"": 0.0042383978656701515}, {""block"": ""rsma"", ""rho"": 1.0, ""gain"": -3.552713678800501e-15}, {""block"": ""star_ris"", ""rho"": 4.0, ""gain"": 0.004469134686729603}, {""block"": ""rsma"", ""rho"": 1.0, ""gain"": 0.0}, {""block"": ""star_ris"", ""rho"": 2.0, ""gain"": 0.0574026144099129}, {""block"": ""rsma"", ""rho"": 1.0, ""gain"": -3.552713678800501e-15}, {""block"": ""star_ris"", ""rho"": 2.0, ""gain"": 0.016237466941628753}, {""block"": ""rsma"", ""rho"": 1.0, ""gain"": 0.0}, {""block"": ""star_ris"", ""rho"": 64.0, ""gain"": 0.0006058603882230784}]",{},5499.837033,eb978e84730de4cf1e0579ad9e17edb700c67ba6eceac89d1fe3698763a419f7,fc61d5cda7da39530055bae9bd0e92865f995cd9,4e84455d08cacd9f85c432f7838c3be2cb0f000b55edc3487c6dee9520cc0b63
ao_sca,96,10000,872,test,18.941767323629644,18.941767323629644,1.0,True,0.0,20,11964,36,ao_sca_proximal_physical,analytical_ris_equal_allocation,"[1.837999414765251, 18.5557571679817, 18.561044435549626, 18.5629657484167, 18.577216607021878, 18.591110040951587, 18.685052421521785, 18.692318775153147, 18.760330982817358, 18.776525952511342, 18.779761663884663, 18.799200557619358, 18.818949240285654, 18.841604050658702, 18.858394831087512, 18.8662988395694, 18.898651500184954, 18.914157039896036, 18.92173425591487, 18.93802537440514, 18.941767323629644]","[{""block"": ""rsma"", ""rho"": 1.0, ""gain"": 16.563079495772786}, {""block"": ""star_ris"", ""rho"": 1.0, ""gain"": 0.15467825744366337}, {""block"": ""rsma"", ""rho"": 1.0, ""gain"": 0.0}, {""block"": ""star_ris"", ""rho"": 32.0, ""gain"": 0.0052872675679260794}, {""block"": ""rsma"", ""rho"": 1.0, ""gain"": 0.0}, {""block"": ""star_ris"", ""rho"": 16.0, ""gain"": 0.0019213128670756419}, {""block"": ""rsma"", ""rho"": 1.0, ""gain"": 0.0}, {""block"": ""star_ris"", ""rho"": 8.0, ""gain"": 0.01425085860517683}, {""block"": ""rsma"", ""rho"": 1.0, ""gain"": 0.0}, {""block"": ""star_ris"", ""rho"": 4.0, ""gain"": 0.013893433929709431}, {""block"": ""rsma"", ""rho"": 1.0, ""gain"": 3.552713678800501e-15}, {""block"": ""star_ris"", ""rho"": 4.0, ""gain"": 0.09394238057019422}, {""block"": ""rsma"", ""rho"": 1.0, ""gain"": 0.0}, {""block"": ""star_ris"", ""rho"": 4.0, ""gain"": 0.007266353631361966}, {""block"": ""rsma"", ""rho"": 1.0, ""gain"": 0.0}, {""block"": ""star_ris"", ""rho"": 8.0, ""gain"": 0.06801220766421068}, {""block"": ""rsma"", ""rho"": 1.0, ""gain"": -3.552713678800501e-15}, {""block"": ""star_ris"", ""rho"": 32.0, ""gain"": 0.016194969693987815}, {""block"": ""rsma"", ""rho"": 1.0, ""gain"": 0.0}, {""block"": ""star_ris"", ""rho"": 8.0, ""gain"": 0.0032357113733212373}, {""block"": ""rsma"", ""rho"": 1.0, ""gain"": 0.0}, {""block"": ""star_ris"", ""rho"": 4.0, ""gain"": 0.019438893734694318}, {""block"": ""rsma"", ""rho"": 1.0, ""gain"": 0.0}, {""block"": ""star_ris"", ""rho"": 4.0, ""gain"": 0.019748682666296702}, {""block"": ""rsma"", ""rho"": 1.0, ""gain"": 0.0}, {""block"": ""star_ris"", ""rho"": 2.0, ""gain"": 0.02265481037304795}, {""block"": ""rsma"", ""rho"": 1.0, ""gain"": 0.0}, {""block"": ""star_ris"", ""rho"": 8.0, ""gain"": 0.01679078042880988}, {""block"": ""rsma"", ""rho"": 1.0, ""gain"": 0.0}, {""block"": ""star_ris"", ""rho"": 4.0, ""gain"": 0.007904008481887104}, {""block"": ""rsma"", ""rho"": 1.0, ""gain"": -3.552713678800501e-15}, {""block"": ""star_ris"", ""rho"": 2.0, ""gain"": 0.03235266061555819}, {""block"": ""rsma"", ""rho"": 1.0, ""gain"": 0.0}, {""block"": ""star_ris"", ""rho"": 2.0, ""gain"": 0.01550553971108215}, {""block"": ""rsma"", ""rho"": 1.0, ""gain"": 0.0}, {""block"": ""star_ris"", ""rho"": 1.0, ""gain"": 0.007577216018834321}, {""block"": ""rsma"", ""rho"": 1.0, ""gain"": 0.0}, {""block"": ""star_ris"", ""rho"": 1.0, ""gain"": 0.016291118490268985}, {""block"": ""rsma"", ""rho"": 1.0, ""gain"": 0.0}, {""block"": ""star_ris"", ""rho"": 4.0, ""gain"": 0.0037419492245049923}]",{},6472.674275,eb978e84730de4cf1e0579ad9e17edb700c67ba6eceac89d1fe3698763a419f7,fc61d5cda7da39530055bae9bd0e92865f995cd9,4e84455d08cacd9f85c432f7838c3be2cb0f000b55edc3487c6dee9520cc0b63
ao_sca,96,10000,873,test,18.708112851519235,18.708112851519235,1.0,True,0.0,4,2394,8,ao_sca_proximal_physical,analytical_ris_equal_allocation,"[1.8379981590025742, 18.57593628781632, 18.6128447994751, 18.7072725191317, 18.708112851519235]","[{""block"": ""rsma"", ""rho"": 1.0, ""gain"": 16.630431051436148}, {""block"": ""star_ris"", ""rho"": 1.0, ""gain"": 0.10750707737759768}, {""block"": ""rsma"", ""rho"": 1.0, ""gain"": 0.0}, {""block"": ""star_ris"", ""rho"": 4.0, ""gain"": 0.03690851165877973}, {""block"": ""rsma"", ""rho"": 1.0, ""gain"": -3.552713678800501e-15}, {""block"": ""star_ris"", ""rho"": 4.0, ""gain"": 0.09442771965660413}, {""block"": ""rsma"", ""rho"": 1.0, ""gain"": 0.0}, {""block"": ""star_ris"", ""rho"": 32.0, ""gain"": 0.0008403323875363355}]",{},1334.79846,eb978e84730de4cf1e0579ad9e17edb700c67ba6eceac89d1fe3698763a419f7,fc61d5cda7da39530055bae9bd0e92865f995cd9,4e84455d08cacd9f85c432f7838c3be2cb0f000b55edc3487c6dee9520cc0b63
ao_sca,96,10000,874,test,18.993999312499383,18.993999312499383,1.0,True,0.0,7,4187,13,ao_sca_proximal_physical,analytical_ris_equal_allocation,"[1.8379965752748342, 18.38256939944352, 18.82299441893938, 18.854277180626816, 18.878882555982972, 18.94039722273262, 18.99384629079363, 18.993999312499383]","[{""block"": ""rsma"", ""rho"": 1.0, ""gain"": 16.37688547216452}, {""block"": ""star_ris"", ""rho"": 1.0, ""gain"": 0.1676873520041653}, {""block"": ""rsma"", ""rho"": 1.0, ""gain"": 0.0}, {""block"": ""star_ris"", ""rho"": 1.0, ""gain"": 0.4404250194958621}, {""block"": ""rsma"", ""rho"": 1.0, ""gain"": 0.0}, {""block"": ""star_ris"", ""rho"": 16.0, ""gain"": 0.03128276168743582}, {""block"": ""rsma"", ""rho"": 1.0, ""gain"": 0.0}, {""block"": ""star_ris"", ""rho"": 4.0, ""gain"": 0.024605375356156145}, {""block"": ""rsma"", ""rho"": 1.0, ""gain"": 0.0}, {""block"": ""star_ris"", ""rho"": 2.0, ""gain"": 0.06151466674964823}, {""block"": ""rsma"", ""rho"": 1.0, ""gain"": 0.0}, {""block"": ""star_ris"", ""rho"": 8.0, ""gain"": 0.0534490680610098}, {""block"": ""rsma"", ""rho"": 1.0, ""gain"": 3.552713678800501e-15}, {""block"": ""star_ris"", ""rho"": 16.0, ""gain"": 0.00015302170574926777}]",{},2265.777752,eb978e84730de4cf1e0579ad9e17edb700c67ba6eceac89d1fe3698763a419f7,fc61d5cda7da39530055bae9bd0e92865f995cd9,4e84455d08cacd9f85c432f7838c3be2cb0f000b55edc3487c6dee9520cc0b63
ao_sca,96,10000,875,test,18.29582815616588,18.29582815616588,1.0,True,0.0,5,2987,8,ao_sca_proximal_physical,analytical_ris_equal_allocation,"[1.8379610115020255, 18.06347678672622, 18.282732366583037, 18.289700543518457, 18.294697133358653, 18.29582815616588]","[{""block"": ""rsma"", ""rho"": 1.0, ""gain"": 15.434031716494244}, {""block"": ""star_ris"", ""rho"": 1.0, ""gain"": 0.7914840587299494}, {""block"": ""rsma"", ""rho"": 1.0, ""gain"": 0.0}, {""block"": ""star_ris"", ""rho"": 2.0, ""gain"": 0.2192555798568172}, {""block"": ""rsma"", ""rho"": 1.0, ""gain"": 3.552713678800501e-15}, {""block"": ""star_ris"", ""rho"": 8.0, ""gain"": 0.0069681769354161815}, {""block"": ""rsma"", ""rho"": 1.0, ""gain"": 0.0}, {""block"": ""star_ris"", ""rho"": 2.0, ""gain"": 0.004996589840196464}, {""block"": ""rsma"", ""rho"": 1.0, ""gain"": 0.0}, {""block"": ""star_ris"", ""rho"": 2.0, ""gain"": 0.0011310228072254347}]",{},1682.635083,eb978e84730de4cf1e0579ad9e17edb700c67ba6eceac89d1fe3698763a419f7,fc61d5cda7da39530055bae9bd0e92865f995cd9,4e84455d08cacd9f85c432f7838c3be2cb0f000b55edc3487c6dee9520cc0b63
ao_sca,96,10000,876,test,18.339845748977588,18.339845748977588,1.0,True,0.0,2,1197,4,ao_sca_proximal_physical,analytical_ris_equal_allocation,"[1.8379724465951788, 18.33913084517869, 18.339845748977588]","[{""block"": ""rsma"", ""rho"": 1.0, ""gain"": 15.58079361449599}, {""block"": ""star_ris"", ""rho"": 1.0, ""gain"": 0.9203647840875213}, {""block"": ""rsma"", ""rho"": 1.0, ""gain"": 0.0}, {""block"": ""star_ris"", ""rho"": 16.0, ""gain"": 0.0007149037988973816}]",{},701.512337,eb978e84730de4cf1e0579ad9e17edb700c67ba6eceac89d1fe3698763a419f7,fc61d5cda7da39530055bae9bd0e92865f995cd9,4e84455d08cacd9f85c432f7838c3be2cb0f000b55edc3487c6dee9520cc0b63
ao_sca,96,10000,877,test,18.842026793137173,18.842026793137173,1.0,True,0.0,16,9573,23,ao_sca_proximal_physical,analytical_ris_equal_allocation,"[1.837962094388512, 17.231360176373457, 18.130933831863253, 18.231655349499334, 18.29733308443011, 18.51824560781233, 18.596530606076218, 18.684729285236685, 18.752130070467654, 18.759423917317665, 18.77573232094788, 18.793425297011936, 18.805436151921064, 18.813953574198035, 18.832499637852642, 18.8404669964767, 18.842026793137173]","[{""block"": ""rsma"", ""rho"": 1.0, ""gain"": 15.376405881494549}, {""block"": ""star_ris"", ""rho"": 64.0, ""gain"": 0.01699220049039596}, {""block"": ""rsma"", ""rho"": 1.0, ""gain"": 0.0}, {""block"": ""star_ris"", ""rho"": 1.0, ""gain"": 0.899573655489796}, {""block"": ""rsma"", ""rho"": 1.0, ""gain"": 0.0}, {""block"": ""star_ris"", ""rho"": 1.0, ""gain"": 0.10072151763608161}, {""block"": ""rsma"", ""rho"": 1.0, ""gain"": 0.0}, {""block"": ""star_ris"", ""rho"": 1.0, ""gain"": 0.06567773493077667}, {""block"": ""rsma"", ""rho"": 1.0, ""gain"": 0.0}, {""block"": ""star_ris"", ""rho"": 1.0, ""gain"": 0.22091252338221778}, {""block"": ""rsma"", ""rho"": 1.0, ""gain"": 3.552713678800501e-15}, {""block"": ""star_ris"", ""rho"": 1.0, ""gain"": 0.0782849982638858}, {""block"": ""rsma"", ""rho"": 1.0, ""gain"": 0.0}, {""block"": ""star_ris"", ""rho"": 2.0, ""gain"": 0.08819867916046675}, {""block"": ""rsma"", ""rho"": 1.0, ""gain"": 0.0}, {""block"": ""star_ris"", ""rho"": 4.0, ""gain"": 0.06740078523096926}, {""block"": ""rsma"", ""rho"": 1.0, ""gain"": 0.0}, {""block"": ""star_ris"", ""rho"": 8.0, ""gain"": 0.007293846850011221}, {""block"": ""rsma"", ""rho"": 1.0, ""gain"": 0.0}, {""block"": ""star_ris"", ""rho"": 4.0, ""gain"": 0.016308403630215906}, {""block"": ""rsma"", ""rho"": 1.0, ""gain"": 0.0}, {""block"": ""star_ris"", ""rho"": 8.0, ""gain"": 0.017692976064054733}, {""block"": ""rsma"", ""rho"": 1.0, ""gain"": 0.0}, {""block"": ""star_ris"", ""rho"": 32.0, ""gain"": 0.012010854909128454}, {""block"": ""rsma"", ""rho"": 1.0, ""gain"": 0.0}, {""block"": ""star_ris"", ""rho"": 8.0, ""gain"": 0.008517422276970166}, {""block"": ""rsma"", ""rho"": 1.0, ""gain"": 0.0}, {""block"": ""star_ris"", ""rho"": 4.0, ""gain"": 0.018546063654607536}, {""block"": ""rsma"", ""rho"": 1.0, ""gain"": 0.0}, {""block"": ""star_ris"", ""rho"": 8.0, ""gain"": 0.007967358624057397}, {""block"": ""rsma"", ""rho"": 1.0, ""gain"": 0.0}, {""block"": ""star_ris"", ""rho"": 64.0, ""gain"": 0.0015597966604730118}]",{},5388.622027,eb978e84730de4cf1e0579ad9e17edb700c67ba6eceac89d1fe3698763a419f7,fc61d5cda7da39530055bae9bd0e92865f995cd9,4e84455d08cacd9f85c432f7838c3be2cb0f000b55edc3487c6dee9520cc0b63
ao_sca,96,10000,878,test,18.91515796326737,18.91515796326737,1.0,True,0.0,6,3585,10,ao_sca_proximal_physical,analytical_ris_equal_allocation,"[1.8379980351528686, 18.490589683658552, 18.644818744960197, 18.714036243639583, 18.719834951114276, 18.914400507362828, 18.91515796326737]","[{""block"": ""rsma"", ""rho"": 1.0, ""gain"": 16.53024031700373}, {""block"": ""star_ris"", ""rho"": 1.0, ""gain"": 0.1223513315019531}, {""block"": ""rsma"", ""rho"": 1.0, ""gain"": -3.552713678800501e-15}, {""block"": ""star_ris"", ""rho"": 2.0, ""gain"": 0.15422906130164904}, {""block"": ""rsma"", ""rho"": 1.0, ""gain"": 0.0}, {""block"": ""star_ris"", ""rho"": 1.0, ""gain"": 0.06921749867938587}, {""block"": ""rsma"", ""rho"": 1.0, ""gain"": 7.105427357601002e-15}, {""block"": ""star_ris"", ""rho"": 2.0, ""gain"": 0.005798707474685472}, {""block"": ""rsma"", ""rho"": 1.0, ""gain"": -3.552713678800501e-15}, {""block"": ""star_ris"", ""rho"": 2.0, ""gain"": 0.19456555624855554}, {""block"": ""rsma"", ""rho"": 1.0, ""gain"": 0.0}, {""block"": ""star_ris"", ""rho"": 32.0, ""gain"": 0.0007574559045409046}]",{},1937.675563,eb978e84730de4cf1e0579ad9e17edb700c67ba6eceac89d1fe3698763a419f7,fc61d5cda7da39530055bae9bd0e92865f995cd9,4e84455d08cacd9f85c432f7838c3be2cb0f000b55edc3487c6dee9520cc0b63
ao_sca,96,10000,879,test,18.684886682044443,18.684886682044443,1.0,True,0.0,4,2401,6,ao_sca_proximal_physical,analytical_ris_equal_allocation,"[1.8379933950404794, 18.06504740581451, 18.535919373979873, 18.684507113250653, 18.684886682044443]","[{""block"": ""rsma"", ""rho"": 1.0, ""gain"": 16.221263260093103}, {""block"": ""star_ris"", ""rho"": 128.0, ""gain"": 0.005790750680926493}, {""block"": ""rsma"", ""rho"": 1.0, ""gain"": 0.0}, {""block"": ""star_ris"", ""rho"": 1.0, ""gain"": 0.4708719681653619}, {""block"": ""rsma"", ""rho"": 1.0, ""gain"": 0.0}, {""block"": ""star_ris"", ""rho"": 4.0, ""gain"": 0.14858773927078062}, {""block"": ""rsma"", ""rho"": 1.0, ""gain"": 0.0}, {""block"": ""star_ris"", ""rho"": 128.0, ""gain"": 0.0003795687937895309}]",{},1336.250476,eb978e84730de4cf1e0579ad9e17edb700c67ba6eceac89d1fe3698763a419f7,fc61d5cda7da39530055bae9bd0e92865f995cd9,4e84455d08cacd9f85c432f7838c3be2cb0f000b55edc3487c6dee9520cc0b63
ao_sca,96,10000,880,test,18.70237811254796,18.70237811254796,1.0,True,0.0,8,4786,13,ao_sca_proximal_physical,analytical_ris_equal_allocation,"[1.837992624515138, 18.316980799844345, 18.49286534881061, 18.521589009079253, 18.623413784676398, 18.641218166498774, 18.648691399680594, 18.701646273474303, 18.70237811254796]","[{""block"": ""rsma"", ""rho"": 1.0, ""gain"": 16.38541865138952}, {""block"": ""star_ris"", ""rho"": 8.0, ""gain"": 0.09356952393968498}, {""block"": ""rsma"", ""rho"": 1.0, ""gain"": 0.0}, {""block"": ""star_ris"", ""rho"": 2.0, ""gain"": 0.17588454896626615}, {""block"": ""rsma"", ""rho"": 1.0, ""gain"": 0.0}, {""block"": ""star_ris"", ""rho"": 1.0, ""gain"": 0.028723660268642703}, {""block"": ""rsma"", ""rho"": 1.0, ""gain"": 3.552713678800501e-15}, {""block"": ""star_ris"", ""rho"": 4.0, ""gain"": 0.10182477559714087}, {""block"": ""rsma"", ""rho"": 1.0, ""gain"": -3.552713678800501e-15}, {""block"": ""star_ris"", ""rho"": 4.0, ""gain"": 0.017804381822379867}, {""block"": ""rsma"", ""rho"": 1.0, ""gain"": -3.552713678800501e-15}, {""block"": ""star_ris"", ""rho"": 64.0, ""gain"": 0.007473233181823247}, {""block"": ""rsma"", ""rho"": 1.0, ""gain"": 0.0}, {""block"": ""star_ris"", ""rho"": 2.0, ""gain"": 0.05295487379370911}, {""block"": ""rsma"", ""rho"": 1.0, ""gain"": 0.0}, {""block"": ""star_ris"", ""rho"": 4.0, ""gain"": 0.0007318390736585911}]",{},2697.689662,eb978e84730de4cf1e0579ad9e17edb700c67ba6eceac89d1fe3698763a419f7,fc61d5cda7da39530055bae9bd0e92865f995cd9,4e84455d08cacd9f85c432f7838c3be2cb0f000b55edc3487c6dee9520cc0b63
ao_sca,96,10000,881,test,19.30138494065551,19.30138494065551,1.0,True,0.0,17,10189,30,ao_sca_proximal_physical,analytical_ris_equal_allocation,"[1.8380110198205264, 18.68188604833509, 18.706158271033566, 18.72002150673277, 18.79027788198203, 18.82348171953854, 18.839651441382163, 18.84763348867974, 18.970857904365445, 19.026873599000098, 19.04032724718757, 19.046984851551535, 19.06470333667876, 19.17348685556908, 19.198679991007527, 19.211046072430676, 19.299945293264603, 19.30138494065551]","[{""block"": ""rsma"", ""rho"": 1.0, ""gain"": 16.817800580022016}, {""block"": ""star_ris"", ""rho"": 8.0, ""gain"": 0.026074448492547475}, {""block"": ""rsma"", ""rho"": 1.0, ""gain"": 0.0}, {""block"": ""star_ris"", ""rho"": 4.0, ""gain"": 0.02427222269847462}, {""block"": ""rsma"", ""rho"": 1.0, ""gain"": 0.0}, {""block"": ""star_ris"", ""rho"": 1.0, ""gain"": 0.013863235699204779}, {""block"": ""rsma"", ""rho"": 1.0, ""gain"": 0.0}, {""block"": ""star_ris"", ""rho"": 8.0, ""gain"": 0.07025637524925799}, {""block"": ""rsma"", ""rho"": 1.0, ""gain"": -3.552713678800501e-15}, {""block"": ""star_ris"", ""rho"": 16.0, ""gain"": 0.0332038375565169}, {""block"": ""rsma"", ""rho"": 1.0, ""gain"": -3.552713678800501e-15}, {""block"": ""star_ris"", ""rho"": 32.0, ""gain"": 0.01616972184362453}, {""block"": ""rsma"", ""rho"": 1.0, ""gain"": 3.552713678800501e-15}, {""block"": ""star_ris"", ""rho"": 64.0, ""gain"": 0.007982047297574013}, {""block"": ""rsma"", ""rho"": 1.0, ""gain"": 0.0}, {""block"": ""star_ris"", ""rho"": 4.0, ""gain"": 0.12322441568570497}, {""block"": ""rsma"", ""rho"": 1.0, ""gain"": 0.0}, {""block"": ""star_ris"", ""rho"": 8.0, ""gain"": 0.05601569463465239}, {""block"": ""rsma"", ""rho"": 1.0, ""gain"": 0.0}, {""block"": ""star_ris"", ""rho"": 32.0, ""gain"": 0.013453648187471856}, {""block"": ""rsma"", ""rho"": 1.0, ""gain"": 0.0}, {""block"": ""star_ris"", ""rho"": 64.0, ""gain"": 0.0066576043639656746}, {""block"": ""rsma"", ""rho"": 1.0, ""gain"": 7.105427357601002e-15}, {""block"": ""star_ris"", ""rho"": 1.0, ""gain"": 0.01771848512721874}, {""block"": ""rsma"", ""rho"": 1.0, ""gain"": 0.0}, {""block"": ""star_ris"", ""rho"": 4.0, ""gain"": 0.1087835188903199}, {""block"": ""rsma"", ""rho"": 1.0, ""gain"": 0.0}, {""block"": ""star_ris"", ""rho"": 16.0, ""gain"": 0.025193135438446035}, {""block"": ""rsma"", ""rho"": 1.0, ""gain"": 0.0}, {""block"": ""star_ris"", ""rho"": 32.0, ""gain"": 0.012366081423149211}, {""block"": ""rsma"", ""rho"": 1.0, ""gain"": 3.552713678800501e-15}, {""block"": ""star_ris"", ""rho"": 4.0, ""gain"": 0.08889922083392321}, {""block"": ""rsma"", ""rho"": 1.0, ""gain"": 3.552713678800501e-15}, {""block"": ""star_ris"", ""rho"": 16.0, ""gain"": 0.001439647390903076}]",{},5577.913348,eb978e84730de4cf1e0579ad9e17edb700c67ba6eceac89d1fe3698763a419f7,fc61d5cda7da39530055bae9bd0e92865f995cd9,4e84455d08cacd9f85c432f7838c3be2cb0f000b55edc3487c6dee9520cc0b63
ao_sca,96,10000,882,test,18.69745965782301,18.69745965782301,1.0,True,0.0,2,1200,4,ao_sca_proximal_physical,analytical_ris_equal_allocation,"[1.8379960393433603, 18.697200210535957, 18.697459657823014]","[{""block"": ""rsma"", ""rho"": 1.0, ""gain"": 16.335692009235764}, {""block"": ""star_ris"", ""rho"": 1.0, ""gain"": 0.5235121619568339}, {""block"": ""rsma"", ""rho"": 1.0, ""gain"": -3.552713678800501e-15}, {""block"": ""star_ris"", ""rho"": 128.0, ""gain"": 0.00025944728706051023}]",{},649.073862,eb978e84730de4cf1e0579ad9e17edb700c67ba6eceac89d1fe3698763a419f7,fc61d5cda7da39530055bae9bd0e92865f995cd9,4e84455d08cacd9f85c432f7838c3be2cb0f000b55edc3487c6dee9520cc0b63
ao_sca,96,10000,883,test,19.295549603510626,19.295549603510626,1.0,True,0.0,19,11356,29,ao_sca_proximal_physical,analytical_ris_equal_allocation,"[1.838009274317512, 18.682774747158696, 18.710607053470106, 18.720823822890033, 18.80914732910152, 18.9999958575028, 19.084236057883885, 19.10970789568682, 19.11312524453235, 19.13242283379079, 19.1459066889865, 19.195594906480423, 19.206888920790057, 19.211694001535903, 19.215274914933634, 19.2489608833562, 19.26728383662816, 19.280845297336764, 19.295195660129465, 19.295549603510626]","[{""block"": ""rsma"", ""rho"": 1.0, ""gain"": 16.786725183472075}, {""block"": ""star_ris"", ""rho"": 8.0, ""gain"": 0.0580402893691101}, {""block"": ""rsma"", ""rho"": 1.0, ""gain"": 0.0}, {""block"": ""star_ris"", ""rho"": 16.0, ""gain"": 0.027832306311410093}, {""block"": ""rsma"", ""rho"": 1.0, ""gain"": 0.0}, {""block"": ""star_ris"", ""rho"": 2.0, ""gain"": 0.010216769419926663}, {""block"": ""rsma"", ""rho"": 1.0, ""gain"": 0.0}, {""block"": ""star_ris"", ""rho"": 1.0, ""gain"": 0.08832350621148777}, {""block"": ""rsma"", ""rho"": 1.0, ""gain"": 0.0}, {""block"": ""star_ris"", ""rho"": 2.0, ""gain"": 0.19084852840127908}, {""block"": ""rsma"", ""rho"": 1.0, ""gain"": 0.0}, {""block"": ""star_ris"", ""rho"": 4.0, ""gain"": 0.08424020038108537}, {""block"": ""rsma"", ""rho"": 1.0, ""gain"": 0.0}, {""block"": ""star_ris"", ""rho"": 8.0, ""gain"": 0.025471837802935937}, {""block"": ""rsma"", ""rho"": 1.0, ""gain"": 0.0}, {""block"": ""star_ris"", ""rho"": 8.0, ""gain"": 0.003417348845527357}, {""block"": ""rsma"", ""rho"": 1.0, ""gain"": 0.0}, {""block"": ""star_ris"", ""rho"": 4.0, ""gain"": 0.019297589258442827}, {""block"": ""rsma"", ""rho"": 1.0, ""gain"": 0.0}, {""block"": ""star_ris"", ""rho"": 2.0, ""gain"": 0.013483855195708827}, {""block"": ""rsma"", ""rho"": 1.0, ""gain"": 0.0}, {""block"": ""star_ris"", ""rho"": 1.0, ""gain"": 0.04968821749392305}, {""block"": ""rsma"", ""rho"": 1.0, ""gain"": 0.0}, {""block"": ""star_ris"", ""rho"": 4.0, ""gain"": 0.011294014309633837}, {""block"": ""rsma"", ""rho"": 1.0, ""gain"": 0.0}, {""block"": ""star_ris"", ""rho"": 16.0, ""gain"": 0.004805080745846624}, {""block"": ""rsma"", ""rho"": 1.0, ""gain"": 0.0}, {""block"": ""star_ris"", ""rho"": 2.0, ""gain"": 0.0035809133977302565}, {""block"": ""rsma"", ""rho"": 1.0, ""gain"": -3.552713678800501e-15}, {""block"": ""star_ris"", ""rho"": 2.0, ""gain"": 0.03368596842257077}, {""block"": ""rsma"", ""rho"": 1.0, ""gain"": 3.552713678800501e-15}, {""block"": ""star_ris"", ""rho"": 1.0, ""gain"": 0.0183229532719551}, {""block"": ""rsma"", ""rho"": 1.0, ""gain"": 0.0}, {""block"": ""star_ris"", ""rho"": 1.0, ""gain"": 0.013561460708604756}, {""block"": ""rsma"", ""rho"": 1.0, ""gain"": 0.0}, {""block"": ""star_ris"", ""rho"": 4.0, ""gain"": 0.014350362792701077}, {""block"": ""rsma"", ""rho"": 1.0, ""gain"": 0.0}, {""block"": ""star_ris"", ""rho"": 2.0, ""gain"": 0.00035394338116034874}]",{},6285.619071,eb978e84730de4cf1e0579ad9e17edb700c67ba6eceac89d1fe3698763a419f7,fc61d5cda7da39530055bae9bd0e92865f995cd9,4e84455d08cacd9f85c432f7838c3be2cb0f000b55edc3487c6dee9520cc0b63
ao_sca,96,10000,884,test,18.321428724674607,18.321428724674607,1.0,True,0.0,8,4794,15,ao_sca_proximal_physical,analytical_ris_equal_allocation,"[1.8379766012655978, 17.918278020373027, 17.938045979417495, 17.94292166259663, 18.090877857752194, 18.15732684170004, 18.188990194967708, 18.320100027087026, 18.321428724674607]","[{""block"": ""rsma"", ""rho"": 1.0, ""gain"": 15.902355300663206}, {""block"": ""star_ris"", ""rho"": 4.0, ""gain"": 0.17794611844422192}, {""block"": ""rsma"", ""rho"": 1.0, ""gain"": 0.0}, {""block"": ""star_ris"", ""rho"": 32.0, ""gain"": 0.019767959044468597}, {""block"": ""rsma"", ""rho"": 1.0, ""gain"": 0.0}, {""block"": ""star_ris"", ""rho"": 128.0, ""gain"": 0.004875683179133006}, {""block"": ""rsma"", ""rho"": 1.0, ""gain"": 0.0}, {""block"": ""star_ris"", ""rho"": 4.0, ""gain"": 0.14795619515556524}, {""block"": ""rsma"", ""rho"": 1.0, ""gain"": 0.0}, {""block"": ""star_ris"", ""rho"": 8.0, ""gain"": 0.06644898394784704}, {""block"": ""rsma"", ""rho"": 1.0, ""gain"": 0.0}, {""block"": ""star_ris"", ""rho"": 16.0, ""gain"": 0.03166335326766756}, {""block"": ""rsma"", ""rho"": 1.0, ""gain"": 0.0}, {""block"": ""star_ris"", ""rho"": 1.0, ""gain"": 0.13110983211931782}, {""block"": ""rsma"", ""rho"": 1.0, ""gain"": 0.0}, {""block"": ""star_ris"", ""rho"": 4.0, ""gain"": 0.0013286975875814733}]",{},2593.938742,eb978e84730de4cf1e0579ad9e17edb700c67ba6eceac89d1fe3698763a419f7,fc61d5cda7da39530055bae9bd0e92865f995cd9,4e84455d08cacd9f85c432f7838c3be2cb0f000b55edc3487c6dee9520cc0b63
ao_sca,96,10000,885,test,18.86963854699688,18.86963854699688,1.0,True,0.0,19,11374,34,ao_sca_proximal_physical,analytical_ris_equal_allocation,"[1.8379956859510402, 18.22320685003318, 18.2318573513505, 18.56336394722519, 18.573463179532897, 18.61042516107754, 18.66688205545305, 18.729246515608786, 18.73243681856335, 18.747687496818607, 18.77140177669989, 18.782969057916958, 18.812876438309786, 18.81897206097328, 18.821905255427545, 18.824274302048575, 18.842940880474988, 18.85934839212294, 18.869203804035635, 18.869638546996878]","[{""block"": ""rsma"", ""rho"": 1.0, ""gain"": 16.3297632082339}, {""block"": ""star_ris"", ""rho"": 16.0, ""gain"": 0.05544795584824058}, {""block"": ""rsma"", ""rho"": 1.0, ""gain"": -3.552713678800501e-15}, {""block"": ""star_ris"", ""rho"": 1.0, ""gain"": 0.008650501317323034}, {""block"": ""rsma"", ""rho"": 1.0, ""gain"": 0.0}, {""block"": ""star_ris"", ""rho"": 2.0, ""gain"": 0.3315065958746928}, {""block"": ""rsma"", ""rho"": 1.0, ""gain"": 0.0}, {""block"": ""star_ris"", ""rho"": 4.0, ""gain"": 0.010099232307705819}, {""block"": ""rsma"", ""rho"": 1.0, ""gain"": 0.0}, {""block"": ""star_ris"", ""rho"": 16.0, ""gain"": 0.0369619815446427}, {""block"": ""rsma"", ""rho"": 1.0, ""gain"": 0.0}, {""block"": ""star_ris"", ""rho"": 4.0, ""gain"": 0.05645689437551127}, {""block"": ""rsma"", ""rho"": 1.0, ""gain"": 0.0}, {""block"": ""star_ris"", ""rho"": 8.0, ""gain"": 0.06236446015573449}, {""block"": ""rsma"", ""rho"": 1.0, ""gain"": 0.0}, {""block"": ""star_ris"", ""rho"": 16.0, ""gain"": 0.0031903029545645722}, {""block"": ""rsma"", ""rho"": 1.0, ""gain"": 0.0}, {""block"": ""star_ris"", ""rho"": 8.0, ""gain"": 0.015250678255256389}, {""block"": ""rsma"", ""rho"": 1.0, ""gain"": 0.0}, {""block"": ""star_ris"", ""rho"": 4.0, ""gain"": 0.023714279881282607}, {""block"": ""rsma"", ""rho"": 1.0, ""gain"": 0.0}, {""block"": ""star_ris"", ""rho"": 4.0, ""gain"": 0.011567281217068626}, {""block"": ""rsma"", ""rho"": 1.0, ""gain"": 0.0}, {""block"": ""star_ris"", ""rho"": 16.0, ""gain"": 0.02990738039282803}, {""block"": ""rsma"", ""rho"": 1.0, ""gain"": 0.0}, {""block"": ""star_ris"", ""rho"": 32.0, ""gain"": 0.006095622663494282}, {""block"": ""rsma"", ""rho"": 1.0, ""gain"": 0.0}, {""block"": ""star_ris"", ""rho"": 16.0, ""gain"": 0.0029331944542647648}, {""block"": ""rsma"", ""rho"": 1.0, ""gain"": 0.0}, {""block"": ""star_ris"", ""rho"": 4.0, ""gain"": 0.002369046621030435}, {""block"": ""rsma"", ""rho"": 1.0, ""gain"": 0.0}, {""block"": ""star_ris"", ""rho"": 4.0, ""gain"": 0.018666578426412173}, {""block"": ""rsma"", ""rho"": 1.0, ""gain"": 0.0}, {""block"": ""star_ris"", ""rho"": 2.0, ""gain"": 0.016407511647951623}, {""block"": ""rsma"", ""rho"": 1.0, ""gain"": 0.0}, {""block"": ""star_ris"", ""rho"": 8.0, ""gain"": 0.0098554119126959}, {""block"": ""rsma"", ""rho"": 1.0, ""gain"": 3.552713678800501e-15}, {""block"": ""star_ris"", ""rho"": 2.0, ""gain"": 0.0004347429612394649}]",{},6228.592153,eb978e84730de4cf1e0579ad9e17edb700c67ba6eceac89d1fe3698763a419f7,fc61d5cda7da39530055bae9bd0e92865f995cd9,4e84455d08cacd9f85c432f7838c3be2cb0f000b55edc3487c6dee9520cc0b63
ao_sca,96,10000,886,test,18.759989576326685,18.759989576326685,1.0,True,0.0,15,8988,22,ao_sca_proximal_physical,analytical_ris_equal_allocation,"[1.837970347907609, 17.661256681056912, 17.698150967707125, 17.716183742786022, 17.72510050887251, 17.988945791804497, 17.99148320583317, 17.998474880861657, 18.219016262529312, 18.288525225158942, 18.32903485604498, 18.348785725225227, 18.358544668095963, 18.62433037711311, 18.758901002628715, 18.759989576326685]","[{""block"": ""rsma"", ""rho"": 1.0, ""gain"": 15.661397591199963}, {""block"": ""star_ris"", ""rho"": 8.0, ""gain"": 0.16188874194934044}, {""block"": ""rsma"", ""rho"": 1.0, ""gain"": 0.0}, {""block"": ""star_ris"", ""rho"": 32.0, ""gain"": 0.036894286650213104}, {""block"": ""rsma"", ""rho"": 1.0, ""gain"": 0.0}, {""block"": ""star_ris"", ""rho"": 64.0, ""gain"": 0.01803277507889689}, {""block"": ""rsma"", ""rho"": 1.0, ""gain"": 0.0}, {""block"": ""star_ris"", ""rho"": 128.0, ""gain"": 0.008916766086489503}, {""block"": ""rsma"", ""rho"": 1.0, ""gain"": 0.0}, {""block"": ""star_ris"", ""rho"": 4.0, ""gain"": 0.2638452829319853}, {""block"": ""rsma"", ""rho"": 1.0, ""gain"": 0.0}, {""block"": ""star_ris"", ""rho"": 128.0, ""gain"": 0.002537414028672913}, {""block"": ""rsma"", ""rho"": 1.0, ""gain"": 0.0}, {""block"": ""star_ris"", ""rho"": 2.0, ""gain"": 0.006991675028487521}, {""block"": ""rsma"", ""rho"": 1.0, ""gain"": 0.0}, {""block"": ""star_ris"", ""rho"": 1.0, ""gain"": 0.2205413816676547}, {""block"": ""rsma"", ""rho"": 1.0, ""gain"": 0.0}, {""block"": ""star_ris"", ""rho"": 1.0, ""gain"": 0.06950896262963013}, {""block"": ""rsma"", ""rho"": 1.0, ""gain"": 0.0}, {""block"": ""star_ris"", ""rho"": 16.0, ""gain"": 0.04050963088603865}, {""block"": ""rsma"", ""rho"": 1.0, ""gain"": 0.0}, {""block"": ""star_ris"", ""rho"": 32.0, ""gain"": 0.019750869180246156}, {""block"": ""rsma"", ""rho"": 1.0, ""gain"": 0.0}, {""block"": ""star_ris"", ""rho"": 64.0, ""gain"": 0.009758942870735865}, {""block"": ""rsma"", ""rho"": 1.0, ""gain"": 0.0}, {""block"": ""star_ris"", ""rho"": 1.0, ""gain"": 0.26578570901714826}, {""block"": ""rsma"", ""rho"": 1.0, ""gain"": 0.0}, {""block"": ""star_ris"", ""rho"": 1.0, ""gain"": 0.13457062551560384}, {""block"": ""rsma"", ""rho"": 1.0, ""gain"": 0.0}, {""block"": ""star_ris"", ""rho"": 2.0, ""gain"": 0.0010885736979702187}]",{},4922.933626,eb978e84730de4cf1e0579ad9e17edb700c67ba6eceac89d1fe3698763a419f7,fc61d5cda7da39530055bae9bd0e92865f995cd9,4e84455d08cacd9f85c432f7838c3be2cb0f000b55edc3487c6dee9520cc0b63
ao_sca,96,10000,887,test,19.35614983365526,19.35614983365526,1.0,True,0.0,6,3587,11,ao_sca_proximal_physical,analytical_ris_equal_allocation,"[1.838013079060154, 18.68340970462335, 18.9050066317364, 18.967685631503077, 19.149001236874085, 19.354331983469724, 19.35614983365526]","[{""block"": ""rsma"", ""rho"": 1.0, ""gain"": 16.74385017789121}, {""block"": ""star_ris"", ""rho"": 2.0, ""gain"": 0.10154644767198562}, {""block"": ""rsma"", ""rho"": 1.0, ""gain"": 0.0}, {""block"": ""star_ris"", ""rho"": 1.0, ""gain"": 0.22159692711304757}, {""block"": ""rsma"", ""rho"": 1.0, ""gain"": 0.0}, {""block"": ""star_ris"", ""rho"": 8.0, ""gain"": 0.06267899976667834}, {""block"": ""rsma"", ""rho"": 1.0, ""gain"": 0.0}, {""block"": ""star_ris"", ""rho"": 1.0, ""gain"": 0.1813156053710081}, {""block"": ""rsma"", ""rho"": 1.0, ""gain"": 0.0}, {""block"": ""star_ris"", ""rho"": 1.0, ""gain"": 0.20533074659563866}, {""block"": ""rsma"", ""rho"": 1.0, ""gain"": 3.552713678800501e-15}, {""block"": ""star_ris"", ""rho"": 64.0, ""gain"": 0.0018178501855317108}]",{},1912.06403,eb978e84730de4cf1e0579ad9e17edb700c67ba6eceac89d1fe3698763a419f7,fc61d5cda7da39530055bae9bd0e92865f995cd9,4e84455d08cacd9f85c432f7838c3be2cb0f000b55edc3487c6dee9520cc0b63
ao_sca,96,10000,888,test,18.824690822254272,18.824690822254272,1.0,True,0.0,11,6579,21,ao_sca_proximal_physical,analytical_ris_equal_allocation,"[1.8379960078090192, 18.403096911596542, 18.620566359065386, 18.651432519788433, 18.749757819899333, 18.76230952354412, 18.770830551612498, 18.784514124029332, 18.791229132962748, 18.810257919599987, 18.823842425557352, 18.824690822254272]","[{""block"": ""rsma"", ""rho"": 1.0, ""gain"": 16.562869927730112}, {""block"": ""star_ris"", ""rho"": 2.0, ""gain"": 0.0022309760574117377}, {""block"": ""rsma"", ""rho"": 1.0, ""gain"": 0.0}, {""block"": ""star_ris"", ""rho"": 1.0, ""gain"": 0.21746944746884367}, {""block"": ""rsma"", ""rho"": 1.0, ""gain"": 0.0}, {""block"": ""star_ris"", ""rho"": 2.0, ""gain"": 0.03086616072304693}, {""block"": ""rsma"", ""rho"": 1.0, ""gain"": 3.552713678800501e-15}, {""block"": ""star_ris"", ""rho"": 4.0, ""gain"": 0.09832530011089702}, {""block"": ""rsma"", ""rho"": 1.0, ""gain"": 0.0}, {""block"": ""star_ris"", ""rho"": 8.0, ""gain"": 0.012551703644785306}, {""block"": ""rsma"", ""rho"": 1.0, ""gain"": 0.0}, {""block"": ""star_ris"", ""rho"": 4.0, ""gain"": 0.008521028068379621}, {""block"": ""rsma"", ""rho"": 1.0, ""gain"": 0.0}, {""block"": ""star_ris"", ""rho"": 4.0, ""gain"": 0.013683572416834267}, {""block"": ""rsma"", ""rho"": 1.0, ""gain"": 0.0}, {""block"": ""star_ris"", ""rho"": 8.0, ""gain"": 0.006715008933415589}, {""block"": ""rsma"", ""rho"": 1.0, ""gain"": 0.0}, {""block"": ""star_ris"", ""rho"": 2.0, ""gain"": 0.019028786637239392}, {""block"": ""rsma"", ""rho"": 1.0, ""gain"": 0.0}, {""block"": ""star_ris"", ""rho"": 16.0, ""gain"": 0.013584505957364712}, {""block"": ""rsma"", ""rho"": 1.0, ""gain"": 0.0}, {""block"": ""star_ris"", ""rho"": 8.0, ""gain"": 0.0008483966969201617}]",{},3613.595467,eb978e84730de4cf1e0579ad9e17edb700c67ba6eceac89d1fe3698763a419f7,fc61d5cda7da39530055bae9bd0e92865f995cd9,4e84455d08cacd9f85c432f7838c3be2cb0f000b55edc3487c6dee9520cc0b63
ao_sca,96,10000,889,test,19.21512216246306,19.21512216246306,1.0,True,0.0,15,8963,28,ao_sca_proximal_physical,analytical_ris_equal_allocation,"[1.8380011556633382, 18.564318944823142, 18.671381249872333, 18.705769453573943, 18.91639840548685, 18.924508157315426, 18.93041861125041, 18.996340776123233, 18.999489001254954, 19.083545428455764, 19.165981742080316, 19.185345873784833, 19.19005963086418, 19.19573457349222, 19.214827878764442, 19.21512216246306]","[{""block"": ""rsma"", ""rho"": 1.0, ""gain"": 16.712634851075386}, {""block"": ""star_ris"", ""rho"": 1.0, ""gain"": 0.013682938084418339}, {""block"": ""rsma"", ""rho"": 1.0, ""gain"": 0.0}, {""block"": ""star_ris"", ""rho"": 1.0, ""gain"": 0.10706230504919034}, {""block"": ""rsma"", ""rho"": 1.0, ""gain"": 0.0}, {""block"": ""star_ris"", ""rho"": 2.0, ""gain"": 0.03438820370161011}, {""block"": ""rsma"", ""rho"": 1.0, ""gain"": 0.0}, {""block"": ""star_ris"", ""rho"": 1.0, ""gain"": 0.21062895191290565}, {""block"": ""rsma"", ""rho"": 1.0, ""gain"": -3.552713678800501e-15}, {""block"": ""star_ris"", ""rho"": 2.0, ""gain"": 0.008109751828580869}, {""block"": ""rsma"", ""rho"": 1.0, ""gain"": 0.0}, {""block"": ""star_ris"", ""rho"": 1.0, ""gain"": 0.005910453934983906}, {""block"": ""rsma"", ""rho"": 1.0, ""gain"": 0.0}, {""block"": ""star_ris"", ""rho"": 1.0, ""gain"": 0.06592216487282343}, {""block"": ""rsma"", ""rho"": 1.0, ""gain"": 0.0}, {""block"": ""star_ris"", ""rho"": 4.0, ""gain"": 0.00314822513172075}, {""block"": ""rsma"", ""rho"": 1.0, ""gain"": -3.552713678800501e-15}, {""block"": ""star_ris"", ""rho"": 2.0, ""gain"": 0.08405642720081374}, {""block"": ""rsma"", ""rho"": 1.0, ""gain"": 3.552713678800501e-15}, {""block"": ""star_ris"", ""rho"": 4.0, ""gain"": 0.08243631362454806}, {""block"": ""rsma"", ""rho"": 1.0, ""gain"": -3.552713678800501e-15}, {""block"": ""star_ris"", ""rho"": 4.0, ""gain"": 0.01936413170452056}, {""block"": ""rsma"", ""rho"": 1.0, ""gain"": -3.552713678800501e-15}, {""block"": ""star_ris"", ""rho"": 4.0, ""gain"": 0.004713757079350955}, {""block"": ""rsma"", ""rho"": 1.0, ""gain"": 3.552713678800501e-15}, {""block"": ""star_ris"", ""rho"": 8.0, ""gain"": 0.005674942628036916}, {""block"": ""rsma"", ""rho"": 1.0, ""gain"": 0.0}, {""block"": ""star_ris"", ""rho"": 4.0, ""gain"": 0.019093305272221528}, {""block"": ""rsma"", ""rho"": 1.0, ""gain"": 3.552713678800501e-15}, {""block"": ""star_ris"", ""rho"": 64.0, ""gain"": 0.000294283698615061}]",{},4895.987203,eb978e84730de4cf1e0579ad9e17edb700c67ba6eceac89d1fe3698763a419f7,fc61d5cda7da39530055bae9bd0e92865f995cd9,4e84455d08cacd9f85c432f7838c3be2cb0f000b55edc3487c6dee9520cc0b63
ao_sca,96,10000,890,test,19.062462005939903,19.062462005939903,1.0,True,0.0,20,11960,35,ao_sca_proximal_physical,analytical_ris_equal_allocation,"[1.8379989031656683, 18.603042551578067, 18.633764938949668, 18.668077904201507, 18.813088446432086, 18.826293001208622, 18.828303034809, 18.853834746556192, 18.868318274200988, 18.87196105597676, 18.883886834029013, 18.89797005115624, 18.90240099037228, 18.911529265710442, 18.925556655737296, 18.93136524012058, 18.93556269174153, 18.976615674332905, 19.004461780642597, 19.02316246924598, 19.062462005939906]","[{""block"": ""rsma"", ""rho"": 1.0, ""gain"": 16.482978876510682}, {""block"": ""star_ris"", ""rho"": 2.0, ""gain"": 0.28206477190171597}, {""block"": ""rsma"", ""rho"": 1.0, ""gain"": -3.552713678800501e-15}, {""block"": ""star_ris"", ""rho"": 4.0, ""gain"": 0.030722387371604043}, {""block"": ""rsma"", ""rho"": 1.0, ""gain"": 0.0}, {""block"": ""star_ris"", ""rho"": 2.0, ""gain"": 0.034312965251839245}, {""block"": ""rsma"", ""rho"": 1.0, ""gain"": 0.0}, {""block"": ""star_ris"", ""rho"": 1.0, ""gain"": 0.14501054223057963}, {""block"": ""rsma"", ""rho"": 1.0, ""gain"": 0.0}, {""block"": ""star_ris"", ""rho"": 8.0, ""gain"": 0.013204554776535815}, {""block"": ""rsma"", ""rho"": 1.0, ""gain"": -3.552713678800501e-15}, {""block"": ""star_ris"", ""rho"": 8.0, ""gain"": 0.0020100336003814334}, {""block"": ""rsma"", ""rho"": 1.0, ""gain"": 0.0}, {""block"": ""star_ris"", ""rho"": 16.0, ""gain"": 0.02553171174719182}, {""block"": ""rsma"", ""rho"": 1.0, ""gain"": 0.0}, {""block"": ""star_ris"", ""rho"": 8.0, ""gain"": 0.014483527644795657}, {""block"": ""rsma"", ""rho"": 1.0, ""gain"": 0.0}, {""block"": ""star_ris"", ""rho"": 16.0, ""gain"": 0.00364278177577404}, {""block"": ""rsma"", ""rho"": 1.0, ""gain"": 0.0}, {""block"": ""star_ris"", ""rho"": 8.0, ""gain"": 0.011925778052251701}, {""block"": ""rsma"", ""rho"": 1.0, ""gain"": 0.0}, {""block"": ""star_ris"", ""rho"": 4.0, ""gain"": 0.014083217127225822}, {""block"": ""rsma"", ""rho"": 1.0, ""gain"": 0.0}, {""block"": ""star_ris"", ""rho"": 16.0, ""gain"": 0.00443093921603932}, {""block"": ""rsma"", ""rho"": 1.0, ""gain"": 0.0}, {""block"": ""star_ris"", ""rho"": 8.0, ""gain"": 0.009128275338163405}, {""block"": ""rsma"", ""rho"": 1.0, ""gain"": 0.0}, {""block"": ""star_ris"", ""rho"": 2.0, ""gain"": 0.014027390026853936}, {""block"": ""rsma"", ""rho"": 1.0, ""gain"": 0.0}, {""block"": ""star_ris"", ""rho"": 2.0, ""gain"": 0.005808584383284909}, {""block"": ""rsma"", ""rho"": 1.0, ""gain"": -3.552713678800501e-15}, {""block"": ""star_ris"", ""rho"": 2.0, ""gain"": 0.0041974516209535295}, {""block"": ""rsma"", ""rho"": 1.0, ""gain"": 0.0}, {""block"": ""star_ris"", ""rho"": 1.0, ""gain"": 0.04105298259137413}, {""block"": ""rsma"", ""rho"": 1.0, ""gain"": 3.552713678800501e-15}, {""block"": ""star_ris"", ""rho"": 1.0, ""gain"": 0.027846106309688423}, {""block"": ""rsma"", ""rho"": 1.0, ""gain"": -3.552713678800501e-15}, {""block"": ""star_ris"", ""rho"": 4.0, ""gain"": 0.01870068860338847}, {""block"": ""rsma"", ""rho"": 1.0, ""gain"": 0.0}, {""block"": ""star_ris"", ""rho"": 2.0, ""gain"": 0.03929953669392461}]",{},6486.311396,eb978e84730de4cf1e0579ad9e17edb700c67ba6eceac89d1fe3698763a419f7,fc61d5cda7da39530055bae9bd0e92865f995cd9,4e84455d08cacd9f85c432f7838c3be2cb0f000b55edc3487c6dee9520cc0b63
ao_sca,96,10000,891,test,18.97371490366271,18.97371490366271,1.0,True,0.0,9,5390,15,ao_sca_proximal_physical,analytical_ris_equal_allocation,"[1.8380013285680183, 18.34319450503647, 18.421393962624386, 18.458327924218807, 18.476306237019813, 18.485178974709843, 18.767603585366928, 18.79718087296306, 18.972859281036122, 18.97371490366271]","[{""block"": ""rsma"", ""rho"": 1.0, ""gain"": 16.326821940642155}, {""block"": ""star_ris"", ""rho"": 4.0, ""gain"": 0.17837123582629744}, {""block"": ""rsma"", ""rho"": 1.0, ""gain"": 0.0}, {""block"": ""star_ris"", ""rho"": 8.0, ""gain"": 0.07819945758791391}, {""block"": ""rsma"", ""rho"": 1.0, ""gain"": 0.0}, {""block"": ""star_ris"", ""rho"": 16.0, ""gain"": 0.036933961594421305}, {""block"": ""rsma"", ""rho"": 1.0, ""gain"": 0.0}, {""block"": ""star_ris"", ""rho"": 32.0, ""gain"": 0.017978312801005814}, {""block"": ""rsma"", ""rho"": 1.0, ""gain"": 0.0}, {""block"": ""star_ris"", ""rho"": 64.0, ""gain"": 0.008872737690030164}, {""block"": ""rsma"", ""rho"": 1.0, ""gain"": 3.552713678800501e-15}, {""block"": ""star_ris"", ""rho"": 1.0, ""gain"": 0.28242461065708113}, {""block"": ""rsma"", ""rho"": 1.0, ""gain"": 3.552713678800501e-15}, {""block"": ""star_ris"", ""rho"": 1.0, ""gain"": 0.029577287596129764}, {""block"": ""rsma"", ""rho"": 1.0, ""gain"": 3.552713678800501e-15}, {""block"": ""star_ris"", ""rho"": 1.0, ""gain"": 0.17567840807305757}, {""block"": ""rsma"", ""rho"": 1.0, ""gain"": 0.0}, {""block"": ""star_ris"", ""rho"": 32.0, ""gain"": 0.000855622626588115}]",{},2966.832109,eb978e84730de4cf1e0579ad9e17edb700c67ba6eceac89d1fe3698763a419f7,fc61d5cda7da39530055bae9bd0e92865f995cd9,4e84455d08cacd9f85c432f7838c3be2cb0f000b55edc3487c6dee9520cc0b63
ao_sca,96,10000,892,test,19.379029693877,19.379029693877,1.0,True,0.0,10,5976,20,ao_sca_proximal_physical,analytical_ris_equal_allocation,"[1.83800010019975, 18.804900704684208, 18.82342492425467, 18.922148977872485, 19.231651723520976, 19.259015034079724, 19.263536091637807, 19.345755453276244, 19.353352660192776, 19.377686719816975, 19.379029693876998]","[{""block"": ""rsma"", ""rho"": 1.0, ""gain"": 16.10445538058761}, {""block"": ""star_ris"", ""rho"": 1.0, ""gain"": 0.8624452238968487}, {""block"": ""rsma"", ""rho"": 1.0, ""gain"": 0.0}, {""block"": ""star_ris"", ""rho"": 2.0, ""gain"": 0.018524219570462463}, {""block"": ""rsma"", ""rho"": 1.0, ""gain"": 0.0}, {""block"": ""star_ris"", ""rho"": 1.0, ""gain"": 0.09872405361781489}, {""block"": ""rsma"", ""rho"": 1.0, ""gain"": 0.0}, {""block"": ""star_ris"", ""rho"": 1.0, ""gain"": 0.3095027456484907}, {""block"": ""rsma"", ""rho"": 1.0, ""gain"": 0.0}, {""block"": ""star_ris"", ""rho"": 2.0, ""gain"": 0.027363310558747855}, {""block"": ""rsma"", ""rho"": 1.0, ""gain"": 3.552713678800501e-15}, {""block"": ""star_ris"", ""rho"": 2.0, ""gain"": 0.004521057558079633}, {""block"": ""rsma"", ""rho"": 1.0, ""gain"": 0.0}, {""block"": ""star_ris"", ""rho"": 2.0, ""gain"": 0.0822193616384368}, {""block"": ""rsma"", ""rho"": 1.0, ""gain"": 0.0}, {""block"": ""star_ris"", ""rho"": 64.0, ""gain"": 0.0075972069165324285}, {""block"": ""rsma"", ""rho"": 1.0, ""gain"": -3.552713678800501e-15}, {""block"": ""star_ris"", ""rho"": 4.0, ""gain"": 0.024334059624202098}, {""block"": ""rsma"", ""rho"": 1.0, ""gain"": 0.0}, {""block"": ""star_ris"", ""rho"": 8.0, ""gain"": 0.0013429740600230389}]",{},3297.191332,eb978e84730de4cf1e0579ad9e17edb700c67ba6eceac89d1fe3698763a419f7,fc61d5cda7da39530055bae9bd0e92865f995cd9,4e84455d08cacd9f85c432f7838c3be2cb0f000b55edc3487c6dee9520cc0b63
ao_sca,96,10000,893,test,19.0094329203418,19.0094329203418,1.0,True,0.0,15,8962,26,ao_sca_proximal_physical,analytical_ris_equal_allocation,"[1.8379872206566137, 18.51425907786485, 18.519571123685292, 18.574585121128315, 18.57809881371081, 18.6421351012781, 18.697332124159985, 18.787466930887682, 18.845320948307528, 18.91803322564724, 18.94047621742915, 18.954248900002625, 18.95852136463529, 18.986381062596678, 19.008186479272148, 19.0094329203418]","[{""block"": ""rsma"", ""rho"": 1.0, ""gain"": 16.00065376750317}, {""block"": ""star_ris"", ""rho"": 1.0, ""gain"": 0.6756180897050648}, {""block"": ""rsma"", ""rho"": 1.0, ""gain"": 0.0}, {""block"": ""star_ris"", ""rho"": 4.0, ""gain"": 0.005312045820442535}, {""block"": ""rsma"", ""rho"": 1.0, ""gain"": 3.552713678800501e-15}, {""block"": ""star_ris"", ""rho"": 2.0, ""gain"": 0.05501399744301949}, {""block"": ""rsma"", ""rho"": 1.0, ""gain"": 0.0}, {""block"": ""star_ris"", ""rho"": 4.0, ""gain"": 0.0035136925824943432}, {""block"": ""rsma"", ""rho"": 1.0, ""gain"": -3.552713678800501e-15}, {""block"": ""star_ris"", ""rho"": 1.0, ""gain"": 0.06403628756729418}, {""block"": ""rsma"", ""rho"": 1.0, ""gain"": 0.0}, {""block"": ""star_ris"", ""rho"": 2.0, ""gain"": 0.05519702288188455}, {""block"": ""rsma"", ""rho"": 1.0, ""gain"": -3.552713678800501e-15}, {""block"": ""star_ris"", ""rho"": 2.0, ""gain"": 0.09013480672770058}, {""block"": ""rsma"", ""rho"": 1.0, ""gain"": 0.0}, {""block"": ""star_ris"", ""rho"": 1.0, ""gain"": 0.05785401741984586}, {""block"": ""rsma"", ""rho"": 1.0, ""gain"": 0.0}, {""block"": ""star_ris"", ""rho"": 4.0, ""gain"": 0.0727122773397113}, {""block"": ""rsma"", ""rho"": 1.0, ""gain"": 0.0}, {""block"": ""star_ris"", ""rho"": 2.0, ""gain"": 0.02244299178191156}, {""block"": ""rsma"", ""rho"": 1.0, ""gain"": 0.0}, {""block"": ""star_ris"", ""rho"": 32.0, ""gain"": 0.013772682573474526}, {""block"": ""rsma"", ""rho"": 1.0, ""gain"": 3.552713678800501e-15}, {""block"": ""star_ris"", ""rho"": 2.0, ""gain"": 0.004272464632659734}, {""block"": ""rsma"", ""rho"": 1.0, ""gain"": 0.0}, {""block"": ""star_ris"", ""rho"": 8.0, ""gain"": 0.02785969796138943}, {""block"": ""rsma"", ""rho"": 1.0, ""gain"": 0.0}, {""block"": ""star_ris"", ""rho"": 2.0, ""gain"": 0.021805416675469758}, {""block"": ""rsma"", ""rho"": 1.0, ""gain"": 0.0}, {""block"": ""star_ris"", ""rho"": 2.0, ""gain"": 0.0012464410696537698}]",{},4917.541766,eb978e84730de4cf1e0579ad9e17edb700c67ba6eceac89d1fe3698763a419f7,fc61d5cda7da39530055bae9bd0e92865f995cd9,4e84455d08cacd9f85c432f7838c3be2cb0f000b55edc3487c6dee9520cc0b63
ao_sca,96,10000,894,test,19.03605121580795,19.03605121580795,1.0,True,0.0,12,7181,21,ao_sca_proximal_physical,analytical_ris_equal_allocation,"[1.838005870018582, 18.709378028944204, 18.725030302304596, 18.83196576790314, 18.885442756800686, 18.911116848354588, 18.929196954957344, 18.955759184190647, 18.957845895061674, 18.962041474740897, 18.971141911325653, 19.03520226111928, 19.03605121580795]","[{""block"": ""rsma"", ""rho"": 1.0, ""gain"": 16.846968176166637}, {""block"": ""star_ris"", ""rho"": 1.0, ""gain"": 0.024403982758986587}, {""block"": ""rsma"", ""rho"": 1.0, ""gain"": 3.552713678800501e-15}, {""block"": ""star_ris"", ""rho"": 4.0, ""gain"": 0.01565227336038788}, {""block"": ""rsma"", ""rho"": 1.0, ""gain"": -3.552713678800501e-15}, {""block"": ""star_ris"", ""rho"": 2.0, ""gain"": 0.10693546559854639}, {""block"": ""rsma"", ""rho"": 1.0, ""gain"": 0.0}, {""block"": ""star_ris"", ""rho"": 8.0, ""gain"": 0.05347698889754682}, {""block"": ""rsma"", ""rho"": 1.0, ""gain"": 0.0}, {""block"": ""star_ris"", ""rho"": 16.0, ""gain"": 0.025674091553902656}, {""block"": ""rsma"", ""rho"": 1.0, ""gain"": 3.552713678800501e-15}, {""block"": ""star_ris"", ""rho"": 8.0, ""gain"": 0.01808010660275272}, {""block"": ""rsma"", ""rho"": 1.0, ""gain"": 0.0}, {""block"": ""star_ris"", ""rho"": 2.0, ""gain"": 0.02656222923330276}, {""block"": ""rsma"", ""rho"": 1.0, ""gain"": 0.0}, {""block"": ""star_ris"", ""rho"": 32.0, ""gain"": 0.0020867108710262983}, {""block"": ""rsma"", ""rho"": 1.0, ""gain"": -3.552713678800501e-15}, {""block"": ""star_ris"", ""rho"": 8.0, ""gain"": 0.004195579679226569}, {""block"": ""rsma"", ""rho"": 1.0, ""gain"": 3.552713678800501e-15}, {""block"": ""star_ris"", ""rho"": 2.0, ""gain"": 0.009100436584752458}, {""block"": ""rsma"", ""rho"": 1.0, ""gain"": 0.0}, {""block"": ""star_ris"", ""rho"": 4.0, ""gain"": 0.06406034979362829}, {""block"": ""rsma"", ""rho"": 1.0, ""gain"": -3.552713678800501e-15}, {""block"": ""star_ris"", ""rho"": 8.0, ""gain"": 0.0008489546886742971}]",{},3940.73425,eb978e84730de4cf1e0579ad9e17edb700c67ba6eceac89d1fe3698763a419f7,fc61d5cda7da39530055bae9bd0e92865f995cd9,4e84455d08cacd9f85c432f7838c3be2cb0f000b55edc3487c6dee9520cc0b63
ao_sca,96,10000,895,test,18.81681852813012,18.81681852813012,1.0,True,0.0,5,2996,10,ao_sca_proximal_physical,analytical_ris_equal_allocation,"[1.8379970374085077, 18.07513769246972, 18.682387955617084, 18.718390636969286, 18.816474246810586, 18.81681852813012]","[{""block"": ""rsma"", ""rho"": 1.0, ""gain"": 16.20799978238849}, {""block"": ""star_ris"", ""rho"": 32.0, ""gain"": 0.02914087267272336}, {""block"": ""rsma"", ""rho"": 1.0, ""gain"": 0.0}, {""block"": ""star_ris"", ""rho"": 1.0, ""gain"": 0.607250263147364}, {""block"": ""rsma"", ""rho"": 1.0, ""gain"": 0.0}, {""block"": ""star_ris"", ""rho"": 16.0, ""gain"": 0.036002681352201193}, {""block"": ""rsma"", ""rho"": 1.0, ""gain"": 0.0}, {""block"": ""star_ris"", ""rho"": 1.0, ""gain"": 0.09808360984130005}, {""block"": ""rsma"", ""rho"": 1.0, ""gain"": 0.0}, {""block"": ""star_ris"", ""rho"": 64.0, ""gain"": 0.0003442813195349004}]",{},1677.283627,eb978e84730de4cf1e0579ad9e17edb700c67ba6eceac89d1fe3698763a419f7,fc61d5cda7da39530055bae9bd0e92865f995cd9,4e84455d08cacd9f85c432f7838c3be2cb0f000b55edc3487c6dee9520cc0b63
ao_sca,96,10000,896,test,19.17947652924556,19.17947652924556,1.0,True,0.0,9,5377,17,ao_sca_proximal_physical,analytical_ris_equal_allocation,"[1.8380058194153603, 18.755685080879697, 18.84443759075836, 18.887667881119256, 18.928507088936072, 18.961025421906797, 19.11305602056884, 19.166779348603068, 19.1787321564921, 19.17947652924556]","[{""block"": ""rsma"", ""rho"": 1.0, ""gain"": 16.54685430056171}, {""block"": ""star_ris"", ""rho"": 1.0, ""gain"": 0.3708249609026275}, {""block"": ""rsma"", ""rho"": 1.0, ""gain"": 0.0}, {""block"": ""star_ris"", ""rho"": 1.0, ""gain"": 0.08875250987866323}, {""block"": ""rsma"", ""rho"": 1.0, ""gain"": 0.0}, {""block"": ""star_ris"", ""rho"": 8.0, ""gain"": 0.04323029036089565}, {""block"": ""rsma"", ""rho"": 1.0, ""gain"": 0.0}, {""block"": ""star_ris"", ""rho"": 2.0, ""gain"": 0.04083920781681627}, {""block"": ""rsma"", ""rho"": 1.0, ""gain"": 0.0}, {""block"": ""star_ris"", ""rho"": 1.0, ""gain"": 0.03251833297072437}, {""block"": ""rsma"", ""rho"": 1.0, ""gain"": 0.0}, {""block"": ""star_ris"", ""rho"": 1.0, ""gain"": 0.15203059866204427}, {""block"": ""rsma"", ""rho"": 1.0, ""gain"": 0.0}, {""block"": ""star_ris"", ""rho"": 8.0, ""gain"": 0.05372332803422708}, {""block"": ""rsma"", ""rho"": 1.0, ""gain"": 0.0}, {""block"": ""star_ris"", ""rho"": 2.0, ""gain"": 0.011952807889031192}, {""block"": ""rsma"", ""rho"": 1.0, ""gain"": 3.552713678800501e-15}, {""block"": ""star_ris"", ""rho"": 16.0, ""gain"": 0.0007443727534557354}]",{},2958.530837,eb978e84730de4cf1e0579ad9e17edb700c67ba6eceac89d1fe3698763a419f7,fc61d5cda7da39530055bae9bd0e92865f995cd9,4e84455d08cacd9f85c432f7838c3be2cb0f000b55edc3487c6dee9520cc0b63
ao_sca,96,10000,897,test,19.25545464454673,19.25545464454673,1.0,True,0.0,20,11959,30,ao_sca_proximal_physical,analytical_ris_equal_allocation,"[1.8379929722872665, 18.284514242488253, 18.31866924527436, 18.731380634237308, 18.78027905807968, 18.902990548791905, 18.915852053870484, 18.929792441850342, 18.9817121500532, 19.084811220516507, 19.08797995416753, 19.09347772815356, 19.097997512680973, 19.110482931782798, 19.17703122046145, 19.18855104205632, 19.19569453750935, 19.23414873194536, 19.23648270316894, 19.240345686294035, 19.25545464454673]","[{""block"": ""rsma"", ""rho"": 1.0, ""gain"": 16.372743427229977}, {""block"": ""star_ris"", ""rho"": 1.0, ""gain"": 0.07377784297100831}, {""block"": ""rsma"", ""rho"": 1.0, ""gain"": 3.552713678800501e-15}, {""block"": ""star_ris"", ""rho"": 1.0, ""gain"": 0.03415500278610395}, {""block"": ""rsma"", ""rho"": 1.0, ""gain"": 0.0}, {""block"": ""star_ris"", ""rho"": 1.0, ""gain"": 0.412711388962947}, {""block"": ""rsma"", ""rho"": 1.0, ""gain"": -7.105427357601002e-15}, {""block"": ""star_ris"", ""rho"": 1.0, ""gain"": 0.04889842384238108}, {""block"": ""rsma"", ""rho"": 1.0, ""gain"": 7.105427357601002e-15}, {""block"": ""star_ris"", ""rho"": 4.0, ""gain"": 0.12271149071221643}, {""block"": ""rsma"", ""rho"": 1.0, ""gain"": 0.0}, {""block"": ""star_ris"", ""rho"": 8.0, ""gain"": 0.012861505078578972}, {""block"": ""rsma"", ""rho"": 1.0, ""gain"": 0.0}, {""block"": ""star_ris"", ""rho"": 2.0, ""gain"": 0.01394038797985786}, {""block"": ""rsma"", ""rho"": 1.0, ""gain"": 0.0}, {""block"": ""star_ris"", ""rho"": 8.0, ""gain"": 0.051919708202856185}, {""block"": ""rsma"", ""rho"": 1.0, ""gain"": 0.0}, {""block"": ""star_ris"", ""rho"": 1.0, ""gain"": 0.10309907046330835}, {""block"": ""rsma"", ""rho"": 1.0, ""gain"": 0.0}, {""block"": ""star_ris"", ""rho"": 16.0, ""gain"": 0.0031687336510231034}, {""block"": ""rsma"", ""rho"": 1.0, ""gain"": -3.552713678800501e-15}, {""block"": ""star_ris"", ""rho"": 4.0, ""gain"": 0.0054977739860326835}, {""block"": ""rsma"", ""rho"": 1.0, ""gain"": 0.0}, {""block"": ""star_ris"", ""rho"": 2.0, ""gain"": 0.0045197845274138615}, {""block"": ""rsma"", ""rho"": 1.0, ""gain"": 0.0}, {""block"": ""star_ris"", ""rho"": 16.0, ""gain"": 0.012485419101825102}, {""block"": ""rsma"", ""rho"": 1.0, ""gain"": 0.0}, {""block"": ""star_ris"", ""rho"": 1.0, ""gain"": 0.06654828867865348}, {""block"": ""rsma"", ""rho"": 1.0, ""gain"": 0.0}, {""block"": ""star_ris"", ""rho"": 8.0, ""gain"": 0.011519821594870194}, {""block"": ""rsma"", ""rho"": 1.0, ""gain"": 3.552713678800501e-15}, {""block"": ""star_ris"", ""rho"": 4.0, ""gain"": 0.007143495453025395}, {""block"": ""rsma"", ""rho"": 1.0, ""gain"": -3.552713678800501e-15}, {""block"": ""star_ris"", ""rho"": 4.0, ""gain"": 0.03845419443601372}, {""block"": ""rsma"", ""rho"": 1.0, ""gain"": 0.0}, {""block"": ""star_ris"", ""rho"": 32.0, ""gain"": 0.0023339712235781462}, {""block"": ""rsma"", ""rho"": 1.0, ""gain"": -3.552713678800501e-15}, {""block"": ""star_ris"", ""rho"": 16.0, ""gain"": 0.003862983125099362}, {""block"": ""rsma"", ""rho"": 1.0, ""gain"": 0.0}, {""block"": ""star_ris"", ""rho"": 4.0, ""gain"": 0.015108958252696425}]",{},6558.909819,eb978e84730de4cf1e0579ad9e17edb700c67ba6eceac89d1fe3698763a419f7,fc61d5cda7da39530055bae9bd0e92865f995cd9,4e84455d08cacd9f85c432f7838c3be2cb0f000b55edc3487c6dee9520cc0b63
ao_sca,96,10000,898,test,19.00262455938307,19.00262455938307,1.0,True,0.0,12,7165,18,ao_sca_proximal_physical,analytical_ris_equal_allocation,"[1.837973372346931, 17.78766529146133, 17.839241578348833, 17.871705118332983, 18.44847062509338, 18.50130656644736, 18.581619587246742, 18.660178910782214, 18.69298192203771, 18.768876986170028, 18.999937390282803, 19.00234190474194, 19.00262455938307]","[{""block"": ""rsma"", ""rho"": 1.0, ""gain"": 15.92770069214816}, {""block"": ""star_ris"", ""rho"": 4.0, ""gain"": 0.021991226966239452}, {""block"": ""rsma"", ""rho"": 1.0, ""gain"": 0.0}, {""block"": ""star_ris"", ""rho"": 16.0, ""gain"": 0.05157628688750293}, {""block"": ""rsma"", ""rho"": 1.0, ""gain"": 0.0}, {""block"": ""star_ris"", ""rho"": 1.0, ""gain"": 0.03246353998414975}, {""block"": ""rsma"", ""rho"": 1.0, ""gain"": 0.0}, {""block"": ""star_ris"", ""rho"": 1.0, ""gain"": 0.5767655067603954}, {""block"": ""rsma"", ""rho"": 1.0, ""gain"": 0.0}, {""block"": ""star_ris"", ""rho"": 1.0, ""gain"": 0.052835941353983173}, {""block"": ""rsma"", ""rho"": 1.0, ""gain"": 0.0}, {""block"": ""star_ris"", ""rho"": 1.0, ""gain"": 0.0803130207993803}, {""block"": ""rsma"", ""rho"": 1.0, ""gain"": -3.552713678800501e-15}, {""block"": ""star_ris"", ""rho"": 1.0, ""gain"": 0.07855932353547601}, {""block"": ""rsma"", ""rho"": 1.0, ""gain"": 0.0}, {""block"": ""star_ris"", ""rho"": 1.0, ""gain"": 0.03280301125549556}, {""block"": ""rsma"", ""rho"": 1.0, ""gain"": 0.0}, {""block"": ""star_ris"", ""rho"": 1.0, ""gain"": 0.07589506413231817}, {""block"": ""rsma"", ""rho"": 1.0, ""gain"": 0.0}, {""block"": ""star_ris"", ""rho"": 1.0, ""gain"": 0.23106040411277462}, {""block"": ""rsma"", ""rho"": 1.0, ""gain"": 0.0}, {""block"": ""star_ris"", ""rho"": 16.0, ""gain"": 0.0024045144591369194}, {""block"": ""rsma"", ""rho"": 1.0, ""gain"": 0.0}, {""block"": ""star_ris"", ""rho"": 4.0, ""gain"": 0.0002826546411291986}]",{},3969.471732,eb978e84730de4cf1e0579ad9e17edb700c67ba6eceac89d1fe3698763a419f7,fc61d5cda7da39530055bae9bd0e92865f995cd9,4e84455d08cacd9f85c432f7838c3be2cb0f000b55edc3487c6dee9520cc0b63
ao_sca,96,10000,899,test,18.89459636731864,18.89459636731864,1.0,True,0.0,13,7780,18,ao_sca_proximal_physical,analytical_ris_equal_allocation,"[1.8379704991631434, 17.673964631767326, 17.7381803438029, 17.75356289309898, 17.75736929588359, 18.52743825566594, 18.59327402677247, 18.59722213121448, 18.63262676972255, 18.703883533493823, 18.742816709328302, 18.859698143178896, 18.893411004754874, 18.894596367318638]","[{""block"": ""rsma"", ""rho"": 1.0, ""gain"": 15.520154497815275}, {""block"": ""star_ris"", ""rho"": 4.0, ""gain"": 0.3158396347889081}, {""block"": ""rsma"", ""rho"": 1.0, ""gain"": -3.552713678800501e-15}, {""block"": ""star_ris"", ""rho"": 16.0, ""gain"": 0.06421571203557619}, {""block"": ""rsma"", ""rho"": 1.0, ""gain"": 3.552713678800501e-15}, {""block"": ""star_ris"", ""rho"": 64.0, ""gain"": 0.015382549296077741}, {""block"": ""rsma"", ""rho"": 1.0, ""gain"": 0.0}, {""block"": ""star_ris"", ""rho"": 256.0, ""gain"": 0.0038064027846083093}, {""block"": ""rsma"", ""rho"": 1.0, ""gain"": 0.0}, {""block"": ""star_ris"", ""rho"": 1.0, ""gain"": 0.7700689597823498}, {""block"": ""rsma"", ""rho"": 1.0, ""gain"": -3.552713678800501e-15}, {""block"": ""star_ris"", ""rho"": 1.0, ""gain"": 0.06583577110653493}, {""block"": ""rsma"", ""rho"": 1.0, ""gain"": -7.105427357601002e-15}, {""block"": ""star_ris"", ""rho"": 8.0, ""gain"": 0.003948104442017097}, {""block"": ""rsma"", ""rho"": 1.0, ""gain"": 0.0}, {""block"": ""star_ris"", ""rho"": 2.0, ""gain"": 0.0354046385080693}, {""block"": ""rsma"", ""rho"": 1.0, ""gain"": 0.0}, {""block"": ""star_ris"", ""rho"": 2.0, ""gain"": 0.07125676377127377}, {""block"": ""rsma"", ""rho"": 1.0, ""gain"": 0.0}, {""block"": ""star_ris"", ""rho"": 2.0, ""gain"": 0.03893317583447953}, {""block"": ""rsma"", ""rho"": 1.0, ""gain"": 0.0}, {""block"": ""star_ris"", ""rho"": 4.0, ""gain"": 0.11688143385059391}, {""block"": ""rsma"", ""rho"": 1.0, ""gain"": 0.0}, {""block"": ""star_ris"", ""rho"": 1.0, ""gain"": 0.03371286157597808}, {""block"": ""rsma"", ""rho"": 1.0, ""gain"": 0.0}, {""block"": ""star_ris"", ""rho"": 8.0, ""gain"": 0.001185362563763448}]",{},4236.638468,eb978e84730de4cf1e0579ad9e17edb700c67ba6eceac89d1fe3698763a419f7,fc61d5cda7da39530055bae9bd0e92865f995cd9,4e84455d08cacd9f85c432f7838c3be2cb0f000b55edc3487c6dee9520cc0b63
ao_sca,96,10000,900,test,19.328491452361195,19.328491452361195,1.0,True,0.0,12,7174,20,ao_sca_proximal_physical,analytical_ris_equal_allocation,"[1.8380116669682265, 18.809930172636477, 18.84443839202669, 18.939520306813403, 19.11319618620611, 19.155516020417068, 19.168210511501, 19.24589014462553, 19.27499659142564, 19.277352864169032, 19.318352634219398, 19.328096534406576, 19.328491452361195]","[{""block"": ""rsma"", ""rho"": 1.0, ""gain"": 16.96465984145184}, {""block"": ""star_ris"", ""rho"": 4.0, ""gain"": 0.007258664216408306}, {""block"": ""rsma"", ""rho"": 1.0, ""gain"": 0.0}, {""block"": ""star_ris"", ""rho"": 1.0, ""gain"": 0.034508219390211536}, {""block"": ""rsma"", ""rho"": 1.0, ""gain"": 0.0}, {""block"": ""star_ris"", ""rho"": 1.0, ""gain"": 0.09508191478671435}, {""block"": ""rsma"", ""rho"": 1.0, ""gain"": 0.0}, {""block"": ""star_ris"", ""rho"": 1.0, ""gain"": 0.17367587939270734}, {""block"": ""rsma"", ""rho"": 1.0, ""gain"": 0.0}, {""block"": ""star_ris"", ""rho"": 1.0, ""gain"": 0.0423198342109572}, {""block"": ""rsma"", ""rho"": 1.0, ""gain"": 0.0}, {""block"": ""star_ris"", ""rho"": 2.0, ""gain"": 0.012694491083934167}, {""block"": ""rsma"", ""rho"": 1.0, ""gain"": 0.0}, {""block"": ""star_ris"", ""rho"": 1.0, ""gain"": 0.07767963312452864}, {""block"": ""rsma"", ""rho"": 1.0, ""gain"": -3.552713678800501e-15}, {""block"": ""star_ris"", ""rho"": 1.0, ""gain"": 0.029106446800113872}, {""block"": ""rsma"", ""rho"": 1.0, ""gain"": 0.0}, {""block"": ""star_ris"", ""rho"": 8.0, ""gain"": 0.00235627274339123}, {""block"": ""rsma"", ""rho"": 1.0, ""gain"": 0.0}, {""block"": ""star_ris"", ""rho"": 8.0, ""gain"": 0.040999770050365925}, {""block"": ""rsma"", ""rho"": 1.0, ""gain"": 0.0}, {""block"": ""star_ris"", ""rho"": 32.0, ""gain"": 0.009743900187178411}, {""block"": ""rsma"", ""rho"": 1.0, ""gain"": -3.552713678800501e-15}, {""block"": ""star_ris"", ""rho"": 128.0, ""gain"": 0.0003949179546225423}]",{},3916.750813,eb978e84730de4cf1e0579ad9e17edb700c67ba6eceac89d1fe3698763a419f7,fc61d5cda7da39530055bae9bd0e92865f995cd9,4e84455d08cacd9f85c432f7838c3be2cb0f000b55edc3487c6dee9520cc0b63
ao_sca,96,10000,901,test,18.60757624936352,18.60757624936352,1.0,True,0.0,7,4192,11,ao_sca_proximal_physical,analytical_ris_equal_allocation,"[1.8379839419487312, 18.294677021525473, 18.44683995772037, 18.51591995504933, 18.549052973860718, 18.585684568904167, 18.606170223689734, 18.60757624936352]","[{""block"": ""rsma"", ""rho"": 1.0, ""gain"": 16.117488508801042}, {""block"": ""star_ris"", ""rho"": 1.0, ""gain"": 0.3392045707756992}, {""block"": ""rsma"", ""rho"": 1.0, ""gain"": -3.552713678800501e-15}, {""block"": ""star_ris"", ""rho"": 4.0, ""gain"": 0.15216293619490173}, {""block"": ""rsma"", ""rho"": 1.0, ""gain"": 0.0}, {""block"": ""star_ris"", ""rho"": 8.0, ""gain"": 0.06907999732895931}, {""block"": ""rsma"", ""rho"": 1.0, ""gain"": 0.0}, {""block"": ""star_ris"", ""rho"": 16.0, ""gain"": 0.033133018811387416}, {""block"": ""rsma"", ""rho"": 1.0, ""gain"": 0.0}, {""block"": ""star_ris"", ""rho"": 8.0, ""gain"": 0.03663159504344904}, {""block"": ""rsma"", ""rho"": 1.0, ""gain"": 0.0}, {""block"": ""star_ris"", ""rho"": 4.0, ""gain"": 0.020485654785566965}, {""block"": ""rsma"", ""rho"": 1.0, ""gain"": 0.0}, {""block"": ""star_ris"", ""rho"": 32.0, ""gain"": 0.0014060256737877808}]",{},2308.368375,eb978e84730de4cf1e0579ad9e17edb700c67ba6eceac89d1fe3698763a419f7,fc61d5cda7da39530055bae9bd0e92865f995cd9,4e84455d08cacd9f85c432f7838c3be2cb0f000b55edc3487c6dee9520cc0b63
ao_sca,96,10000,902,test,18.82609230091192,18.82609230091192,1.0,True,0.0,20,11987,37,ao_sca_proximal_physical,analytical_ris_equal_allocation,"[1.8379678149792074, 18.301945276879444, 18.46150949896607, 18.500881968568393, 18.510604500045257, 18.530506511960073, 18.561035528034065, 18.59692387036479, 18.69071044641152, 18.696019312236864, 18.69934231921314, 18.713687609362452, 18.72047223836365, 18.737519209643075, 18.767968491616934, 18.77521534041297, 18.807818919137098, 18.818564708903924, 18.821080705500513, 18.823550395323203, 18.826092300911917]","[{""block"": ""rsma"", ""rho"": 1.0, ""gain"": 15.334880578662956}, {""block"": ""star_ris"", ""rho"": 1.0, ""gain"": 1.1290968832372812}, {""block"": ""rsma"", ""rho"": 1.0, ""gain"": 0.0}, {""block"": ""star_ris"", ""rho"": 4.0, ""gain"": 0.15956422208662602}, {""block"": ""rsma"", ""rho"": 1.0, ""gain"": 0.0}, {""block"": ""star_ris"", ""rho"": 16.0, ""gain"": 0.039372469602323434}, {""block"": ""rsma"", ""rho"": 1.0, ""gain"": 0.0}, {""block"": ""star_ris"", ""rho"": 8.0, ""gain"": 0.009722531476864305}, {""block"": ""rsma"", ""rho"": 1.0, ""gain"": 0.0}, {""block"": ""star_ris"", ""rho"": 8.0, ""gain"": 0.019902011914815887}, {""block"": ""rsma"", ""rho"": 1.0, ""gain"": 0.0}, {""block"": ""star_ris"", ""rho"": 4.0, ""gain"": 0.0305290160739915}, {""block"": ""rsma"", ""rho"": 1.0, ""gain"": 0.0}, {""block"": ""star_ris"", ""rho"": 4.0, ""gain"": 0.035888342330725465}, {""block"": ""rsma"", ""rho"": 1.0, ""gain"": 0.0}, {""block"": ""star_ris"", ""rho"": 4.0, ""gain"": 0.09378657604672824}, {""block"": ""rsma"", ""rho"": 1.0, ""gain"": 3.552713678800501e-15}, {""block"": ""star_ris"", ""rho"": 16.0, ""gain"": 0.005308865825341513}, {""block"": ""rsma"", ""rho"": 1.0, ""gain"": 0.0}, {""block"": ""star_ris"", ""rho"": 8.0, ""gain"": 0.0033230069762772985}, {""block"": ""rsma"", ""rho"": 1.0, ""gain"": 0.0}, {""block"": ""star_ris"", ""rho"": 8.0, ""gain"": 0.014345290149311296}, {""block"": ""rsma"", ""rho"": 1.0, ""gain"": 0.0}, {""block"": ""star_ris"", ""rho"": 4.0, ""gain"": 0.006784629001199249}, {""block"": ""rsma"", ""rho"": 1.0, ""gain"": 3.552713678800501e-15}, {""block"": ""star_ris"", ""rho"": 8.0, ""gain"": 0.01704697127942012}, {""block"": ""rsma"", ""rho"": 1.0, ""gain"": 0.0}, {""block"": ""star_ris"", ""rho"": 8.0, ""gain"": 0.030449281973858433}, {""block"": ""rsma"", ""rho"": 1.0, ""gain"": 0.0}, {""block"": ""star_ris"", ""rho"": 8.0, ""gain"": 0.007246848796036431}, {""block"": ""rsma"", ""rho"": 1.0, ""gain"": 0.0}, {""block"": ""star_ris"", ""rho"": 16.0, ""gain"": 0.03260357872412811}, {""block"": ""rsma"", ""rho"": 1.0, ""gain"": 0.0}, {""block"": ""star_ris"", ""rho"": 32.0, ""gain"": 0.010745789766826164}, {""block"": ""rsma"", ""rho"": 1.0, ""gain"": 0.0}, {""block"": ""star_ris"", ""rho"": 64.0, ""gain"": 0.0025159965965890763}, {""block"": ""rsma"", ""rho"": 1.0, ""gain"": 0.0}, {""block"": ""star_ris"", ""rho"": 64.0, ""gain"": 0.002469689822689247}, {""block"": ""rsma"", ""rho"": 1.0, ""gain"": 0.0}, {""block"": ""star_ris"", ""rho"": 64.0, ""gain"": 0.002541905588714144}]",{},6573.263523,eb978e84730de4cf1e0579ad9e17edb700c67ba6eceac89d1fe3698763a419f7,fc61d5cda7da39530055bae9bd0e92865f995cd9,4e84455d08cacd9f85c432f7838c3be2cb0f000b55edc3487c6dee9520cc0b63
ao_sca,96,10000,903,test,19.23487102096722,19.23487102096722,1.0,True,0.0,20,11969,35,ao_sca_proximal_physical,analytical_ris_equal_allocation,"[1.837998972047388, 18.71771562091789, 18.737745040766377, 18.801016126101693, 18.82295127044828, 18.882773053317536, 18.897082748720603, 18.914592477825188, 18.928842710683497, 18.936816191402364, 18.96391208926621, 18.972742254222954, 19.000036708609674, 19.013462369378853, 19.0255890583407, 19.051511553219385, 19.194314045138753, 19.203402408086518, 19.220008491584963, 19.223446711956893, 19.23487102096722]","[{""block"": ""rsma"", ""rho"": 1.0, ""gain"": 16.276539153979158}, {""block"": ""star_ris"", ""rho"": 1.0, ""gain"": 0.6031774948913444}, {""block"": ""rsma"", ""rho"": 1.0, ""gain"": 0.0}, {""block"": ""star_ris"", ""rho"": 4.0, ""gain"": 0.020029419848487606}, {""block"": ""rsma"", ""rho"": 1.0, ""gain"": 0.0}, {""block"": ""star_ris"", ""rho"": 4.0, ""gain"": 0.063271085335316}, {""block"": ""rsma"", ""rho"": 1.0, ""gain"": 0.0}, {""block"": ""star_ris"", ""rho"": 2.0, ""gain"": 0.02193514434658539}, {""block"": ""rsma"", ""rho"": 1.0, ""gain"": 3.552713678800501e-15}, {""block"": ""star_ris"", ""rho"": 8.0, ""gain"": 0.059821782869253326}, {""block"": ""rsma"", ""rho"": 1.0, ""gain"": 0.0}, {""block"": ""star_ris"", ""rho"": 32.0, ""gain"": 0.01430969540306748}, {""block"": ""rsma"", ""rho"": 1.0, ""gain"": 0.0}, {""block"": ""star_ris"", ""rho"": 4.0, ""gain"": 0.017509729104585148}, {""block"": ""rsma"", ""rho"": 1.0, ""gain"": 0.0}, {""block"": ""star_ris"", ""rho"": 1.0, ""gain"": 0.014250232858309175}, {""block"": ""rsma"", ""rho"": 1.0, ""gain"": 3.552713678800501e-15}, {""block"": ""star_ris"", ""rho"": 8.0, ""gain"": 0.007973480718863613}, {""block"": ""rsma"", ""rho"": 1.0, ""gain"": 0.0}, {""block"": ""star_ris"", ""rho"": 8.0, ""gain"": 0.027095897863844698}, {""block"": ""rsma"", ""rho"": 1.0, ""gain"": 0.0}, {""block"": ""star_ris"", ""rho"": 4.0, ""gain"": 0.008830164956744824}, {""block"": ""rsma"", ""rho"": 1.0, ""gain"": -3.552713678800501e-15}, {""block"": ""star_ris"", ""rho"": 16.0, ""gain"": 0.027294454386723288}, {""block"": ""rsma"", ""rho"": 1.0, ""gain"": 0.0}, {""block"": ""star_ris"", ""rho"": 32.0, ""gain"": 0.013425660769179615}, {""block"": ""rsma"", ""rho"": 1.0, ""gain"": 3.552713678800501e-15}, {""block"": ""star_ris"", ""rho"": 4.0, ""gain"": 0.012126688961842547}, {""block"": ""rsma"", ""rho"": 1.0, ""gain"": 0.0}, {""block"": ""star_ris"", ""rho"": 1.0, ""gain"": 0.025922494878685143}, {""block"": ""rsma"", ""rho"": 1.0, ""gain"": 0.0}, {""block"": ""star_ris"", ""rho"": 1.0, ""gain"": 0.1428024919193689}, {""block"": ""rsma"", ""rho"": 1.0, ""gain"": 0.0}, {""block"": ""star_ris"", ""rho"": 16.0, ""gain"": 0.009088362947764494}, {""block"": ""rsma"", ""rho"": 1.0, ""gain"": 0.0}, {""block"": ""star_ris"", ""rho"": 8.0, ""gain"": 0.016606083498444946}, {""block"": ""rsma"", ""rho"": 1.0, ""gain"": 0.0}, {""block"": ""star_ris"", ""rho"": 16.0, ""gain"": 0.0034382203719296456}, {""block"": ""rsma"", ""rho"": 1.0, ""gain"": 3.552713678800501e-15}, {""block"": ""star_ris"", ""rho"": 8.0, ""gain"": 0.011424309010322986}]",{},6543.163866,eb978e84730de4cf1e0579ad9e17edb700c67ba6eceac89d1fe3698763a419f7,fc61d5cda7da39530055bae9bd0e92865f995cd9,4e84455d08cacd9f85c432f7838c3be2cb0f000b55edc3487c6dee9520cc0b63
ao_sca,96,10000,904,test,18.90919694657466,18.90919694657466,1.0,True,0.0,12,7161,20,ao_sca_proximal_physical,analytical_ris_equal_allocation,"[1.8379844099989684, 18.377632237220173, 18.395576247208417, 18.512032361410007, 18.570180994619797, 18.62811266972478, 18.68889524965072, 18.695684230430576, 18.701130026762467, 18.71466592362681, 18.90670638082711, 18.90905327026669, 18.90919694657466]","[{""block"": ""rsma"", ""rho"": 1.0, ""gain"": 15.932330968165799}, {""block"": ""star_ris"", ""rho"": 1.0, ""gain"": 0.6073168590554054}, {""block"": ""rsma"", ""rho"": 1.0, ""gain"": -3.552713678800501e-15}, {""block"": ""star_ris"", ""rho"": 2.0, ""gain"": 0.01794400998824841}, {""block"": ""rsma"", ""rho"": 1.0, ""gain"": 0.0}, {""block"": ""star_ris"", ""rho"": 1.0, ""gain"": 0.11645611420158986}, {""block"": ""rsma"", ""rho"": 1.0, ""gain"": 7.105427357601002e-15}, {""block"": ""star_ris"", ""rho"": 1.0, ""gain"": 0.058148633209782474}, {""block"": ""rsma"", ""rho"": 1.0, ""gain"": 0.0}, {""block"": ""star_ris"", ""rho"": 2.0, ""gain"": 0.05793167510498165}, {""block"": ""rsma"", ""rho"": 1.0, ""gain"": 0.0}, {""block"": ""star_ris"", ""rho"": 1.0, ""gain"": 0.060782579925941604}, {""block"": ""rsma"", ""rho"": 1.0, ""gain"": 0.0}, {""block"": ""star_ris"", ""rho"": 2.0, ""gain"": 0.006788980779855791}, {""block"": ""rsma"", ""rho"": 1.0, ""gain"": 0.0}, {""block"": ""star_ris"", ""rho"": 1.0, ""gain"": 0.005445796331891017}, {""block"": ""rsma"", ""rho"": 1.0, ""gain"": 0.0}, {""block"": ""star_ris"", ""rho"": 2.0, ""gain"": 0.013535896864343755}, {""block"": ""rsma"", ""rho"": 1.0, ""gain"": -7.105427357601002e-15}, {""block"": ""star_ris"", ""rho"": 1.0, ""gain"": 0.1920404572003065}, {""block"": ""rsma"", ""rho"": 1.0, ""gain"": 3.552713678800501e-15}, {""block"": ""star_ris"", ""rho"": 2.0, ""gain"": 0.0023468894395755058}, {""block"": ""rsma"", ""rho"": 1.0, ""gain"": 0.0}, {""block"": ""star_ris"", ""rho"": 8.0, ""gain"": 0.00014367630797096353}]",{},4031.578202,eb978e84730de4cf1e0579ad9e17edb700c67ba6eceac89d1fe3698763a419f7,fc61d5cda7da39530055bae9bd0e92865f995cd9,4e84455d08cacd9f85c432f7838c3be2cb0f000b55edc3487c6dee9520cc0b63
ao_sca,96,10000,905,test,18.81189196288846,18.81189196288846,1.0,True,0.0,5,2990,10,ao_sca_proximal_physical,analytical_ris_equal_allocation,"[1.83799763004942, 18.499691173884862, 18.75985339377217, 18.768942909923553, 18.811799820991677, 18.81189196288846]","[{""block"": ""rsma"", ""rho"": 1.0, ""gain"": 16.47860995736471}, {""block"": ""star_ris"", ""rho"": 1.0, ""gain"": 0.1830835864707332}, {""block"": ""rsma"", ""rho"": 1.0, ""gain"": 0.0}, {""block"": ""star_ris"", ""rho"": 2.0, ""gain"": 0.2601622198873059}, {""block"": ""rsma"", ""rho"": 1.0, ""gain"": -3.552713678800501e-15}, {""block"": ""star_ris"", ""rho"": 4.0, ""gain"": 0.009089516151387755}, {""block"": ""rsma"", ""rho"": 1.0, ""gain"": 0.0}, {""block"": ""star_ris"", ""rho"": 2.0, ""gain"": 0.042856911068124504}, {""block"": ""rsma"", ""rho"": 1.0, ""gain"": 0.0}, {""block"": ""star_ris"", ""rho"": 32.0, ""gain"": 9.21418967827492e-05}]",{},1650.385771,eb978e84730de4cf1e0579ad9e17edb700c67ba6eceac89d1fe3698763a419f7,fc61d5cda7da39530055bae9bd0e92865f995cd9,4e84455d08cacd9f85c432f7838c3be2cb0f000b55edc3487c6dee9520cc0b63
ao_sca,96,10000,906,test,18.837903785154545,18.837903785154545,1.0,True,0.0,13,7768,24,ao_sca_proximal_physical,analytical_ris_equal_allocation,"[1.8379850377165978, 18.36021434301432, 18.42184276069377, 18.628066786791155, 18.635295463916158, 18.684499177816818, 18.696995531363267, 18.729004014209778, 18.740200246288218, 18.794501727110646, 18.803671636823935, 18.810393938051284, 18.83664682045576, 18.837903785154545]","[{""block"": ""rsma"", ""rho"": 1.0, ""gain"": 16.06844343246526}, {""block"": ""star_ris"", ""rho"": 1.0, ""gain"": 0.4537858728324622}, {""block"": ""rsma"", ""rho"": 1.0, ""gain"": 0.0}, {""block"": ""star_ris"", ""rho"": 2.0, ""gain"": 0.06162841767945082}, {""block"": ""rsma"", ""rho"": 1.0, ""gain"": 0.0}, {""block"": ""star_ris"", ""rho"": 2.0, ""gain"": 0.20622402609738444}, {""block"": ""rsma"", ""rho"": 1.0, ""gain"": -3.552713678800501e-15}, {""block"": ""star_ris"", ""rho"": 2.0, ""gain"": 0.0072286771250063}, {""block"": ""rsma"", ""rho"": 1.0, ""gain"": 0.0}, {""block"": ""star_ris"", ""rho"": 8.0, ""gain"": 0.04920371390065981}, {""block"": ""rsma"", ""rho"": 1.0, ""gain"": 7.105427357601002e-15}, {""block"": ""star_ris"", ""rho"": 8.0, ""gain"": 0.012496353546442407}, {""block"": ""rsma"", ""rho"": 1.0, ""gain"": 0.0}, {""block"": ""star_ris"", ""rho"": 2.0, ""gain"": 0.03200848284651059}, {""block"": ""rsma"", ""rho"": 1.0, ""gain"": 0.0}, {""block"": ""star_ris"", ""rho"": 4.0, ""gain"": 0.011196232078440005}, {""block"": ""rsma"", ""rho"": 1.0, ""gain"": 0.0}, {""block"": ""star_ris"", ""rho"": 2.0, ""gain"": 0.054301480822427806}, {""block"": ""rsma"", ""rho"": 1.0, ""gain"": 0.0}, {""block"": ""star_ris"", ""rho"": 4.0, ""gain"": 0.00916990971328957}, {""block"": ""rsma"", ""rho"": 1.0, ""gain"": 0.0}, {""block"": ""star_ris"", ""rho"": 4.0, ""gain"": 0.006722301227348737}, {""block"": ""rsma"", ""rho"": 1.0, ""gain"": 0.0}, {""block"": ""star_ris"", ""rho"": 1.0, ""gain"": 0.02625288240447432}, {""block"": ""rsma"", ""rho"": 1.0, ""gain"": 0.0}, {""block"": ""star_ris"", ""rho"": 4.0, ""gain"": 0.0012569646987863337}]",{},4221.935936,eb978e84730de4cf1e0579ad9e17edb700c67ba6eceac89d1fe3698763a419f7,fc61d5cda7da39530055bae9bd0e92865f995cd9,4e84455d08cacd9f85c432f7838c3be2cb0f000b55edc3487c6dee9520cc0b63
ao_sca,96,10000,907,test,18.458475494052,18.458475494052,1.0,True,0.0,9,5392,14,ao_sca_proximal_physical,analytical_ris_equal_allocation,"[1.8379839633847528, 18.214271247058914, 18.24880120074063, 18.26567219214779, 18.26984610339733, 18.322029080311573, 18.452246889347435, 18.455863569183766, 18.457847202739796, 18.458475494051996]","[{""block"": ""rsma"", ""rho"": 1.0, ""gain"": 16.26365102245095}, {""block"": ""star_ris"", ""rho"": 2.0, ""gain"": 0.11263626122321213}, {""block"": ""rsma"", ""rho"": 1.0, ""gain"": 0.0}, {""block"": ""star_ris"", ""rho"": 16.0, ""gain"": 0.03452995368171585}, {""block"": ""rsma"", ""rho"": 1.0, ""gain"": -3.552713678800501e-15}, {""block"": ""star_ris"", ""rho"": 32.0, ""gain"": 0.016870991407163416}, {""block"": ""rsma"", ""rho"": 1.0, ""gain"": 0.0}, {""block"": ""star_ris"", ""rho"": 128.0, ""gain"": 0.004173911249541362}, {""block"": ""rsma"", ""rho"": 1.0, ""gain"": 0.0}, {""block"": ""star_ris"", ""rho"": 1.0, ""gain"": 0.05218297691424212}, {""block"": ""rsma"", ""rho"": 1.0, ""gain"": 0.0}, {""block"": ""star_ris"", ""rho"": 4.0, ""gain"": 0.13021780903586233}, {""block"": ""rsma"", ""rho"": 1.0, ""gain"": 0.0}, {""block"": ""star_ris"", ""rho"": 8.0, ""gain"": 0.0036166798363304054}, {""block"": ""rsma"", ""rho"": 1.0, ""gain"": -3.552713678800501e-15}, {""block"": ""star_ris"", ""rho"": 1.0, ""gain"": 0.0019836335560334817}, {""block"": ""rsma"", ""rho"": 1.0, ""gain"": 0.0}, {""block"": ""star_ris"", ""rho"": 32.0, ""gain"": 0.0006282913121999911}]",{},3060.788272,eb978e84730de4cf1e0579ad9e17edb700c67ba6eceac89d1fe3698763a419f7,fc61d5cda7da39530055bae9bd0e92865f995cd9,4e84455d08cacd9f85c432f7838c3be2cb0f000b55edc3487c6dee9520cc0b63
ao_sca,96,10000,908,test,19.51219044255346,19.51219044255346,1.0,True,0.0,16,9558,29,ao_sca_proximal_physical,analytical_ris_equal_allocation,"[1.8380094345401987, 18.963852075052085, 18.97382193610753, 19.013630825550408, 19.05980005979258, 19.11844526070422, 19.260624003039133, 19.301126337510347, 19.338606166818103, 19.376745034621756, 19.38275561361319, 19.45854899761003, 19.465895177005347, 19.47671955962341, 19.48631571864814, 19.51115868537266, 19.51219044255346]","[{""block"": ""rsma"", ""rho"": 1.0, ""gain"": 16.76249552934301}, {""block"": ""star_ris"", ""rho"": 1.0, ""gain"": 0.36334711116887775}, {""block"": ""rsma"", ""rho"": 1.0, ""gain"": 3.552713678800501e-15}, {""block"": ""star_ris"", ""rho"": 4.0, ""gain"": 0.009969861055441953}, {""block"": ""rsma"", ""rho"": 1.0, ""gain"": 0.0}, {""block"": ""star_ris"", ""rho"": 1.0, ""gain"": 0.039808889442877415}, {""block"": ""rsma"", ""rho"": 1.0, ""gain"": 0.0}, {""block"": ""star_ris"", ""rho"": 1.0, ""gain"": 0.04616923424217134}, {""block"": ""rsma"", ""rho"": 1.0, ""gain"": 0.0}, {""block"": ""star_ris"", ""rho"": 1.0, ""gain"": 0.05864520091164138}, {""block"": ""rsma"", ""rho"": 1.0, ""gain"": 0.0}, {""block"": ""star_ris"", ""rho"": 1.0, ""gain"": 0.142178742334913}, {""block"": ""rsma"", ""rho"": 1.0, ""gain"": 0.0}, {""block"": ""star_ris"", ""rho"": 1.0, ""gain"": 0.04050233447121343}, {""block"": ""rsma"", ""rho"": 1.0, ""gain"": 0.0}, {""block"": ""star_ris"", ""rho"": 2.0, ""gain"": 0.03747982930775606}, {""block"": ""rsma"", ""rho"": 1.0, ""gain"": 0.0}, {""block"": ""star_ris"", ""rho"": 1.0, ""gain"": 0.03813886780365294}, {""block"": ""rsma"", ""rho"": 1.0, ""gain"": 0.0}, {""block"": ""star_ris"", ""rho"": 4.0, ""gain"": 0.0060105789914359775}, {""block"": ""rsma"", ""rho"": 1.0, ""gain"": 0.0}, {""block"": ""star_ris"", ""rho"": 1.0, ""gain"": 0.07579338399683877}, {""block"": ""rsma"", ""rho"": 1.0, ""gain"": 0.0}, {""block"": ""star_ris"", ""rho"": 32.0, ""gain"": 0.0073461793953164545}, {""block"": ""rsma"", ""rho"": 1.0, ""gain"": 3.552713678800501e-15}, {""block"": ""star_ris"", ""rho"": 8.0, ""gain"": 0.010824382618061179}, {""block"": ""rsma"", ""rho"": 1.0, ""gain"": 0.0}, {""block"": ""star_ris"", ""rho"": 4.0, ""gain"": 0.009596159024727768}, {""block"": ""rsma"", ""rho"": 1.0, ""gain"": 3.552713678800501e-15}, {""block"": ""star_ris"", ""rho"": 2.0, ""gain"": 0.024842966724516913}, {""block"": ""rsma"", ""rho"": 1.0, ""gain"": -3.552713678800501e-15}, {""block"": ""star_ris"", ""rho"": 32.0, ""gain"": 0.0010317571808045045}]",{},5277.969014,eb978e84730de4cf1e0579ad9e17edb700c67ba6eceac89d1fe3698763a419f7,fc61d5cda7da39530055bae9bd0e92865f995cd9,4e84455d08cacd9f85c432f7838c3be2cb0f000b55edc3487c6dee9520cc0b63
ao_sca,96,10000,909,test,18.70837794636474,18.70837794636474,1.0,True,0.0,11,6585,17,ao_sca_proximal_physical,analytical_ris_equal_allocation,"[1.8379916110456382, 18.46015876533263, 18.46675741567345, 18.497469294548402, 18.56764350582418, 18.584451423383342, 18.628332434264497, 18.672263719991225, 18.675725371728067, 18.69568539539614, 18.707208032202068, 18.70837794636474]","[{""block"": ""rsma"", ""rho"": 1.0, ""gain"": 16.530220136178134}, {""block"": ""star_ris"", ""rho"": 2.0, ""gain"": 0.09194701810885775}, {""block"": ""rsma"", ""rho"": 1.0, ""gain"": 0.0}, {""block"": ""star_ris"", ""rho"": 8.0, ""gain"": 0.006598650340819745}, {""block"": ""rsma"", ""rho"": 1.0, ""gain"": 0.0}, {""block"": ""star_ris"", ""rho"": 2.0, ""gain"": 0.030711878874953413}, {""block"": ""rsma"", ""rho"": 1.0, ""gain"": 0.0}, {""block"": ""star_ris"", ""rho"": 2.0, ""gain"": 0.07017421127577705}, {""block"": ""rsma"", ""rho"": 1.0, ""gain"": 0.0}, {""block"": ""star_ris"", ""rho"": 2.0, ""gain"": 0.016807917559162888}, {""block"": ""rsma"", ""rho"": 1.0, ""gain"": 0.0}, {""block"": ""star_ris"", ""rho"": 4.0, ""gain"": 0.04388101088115448}, {""block"": ""rsma"", ""rho"": 1.0, ""gain"": 0.0}, {""block"": ""star_ris"", ""rho"": 1.0, ""gain"": 0.04393128572672822}, {""block"": ""rsma"", ""rho"": 1.0, ""gain"": 0.0}, {""block"": ""star_ris"", ""rho"": 16.0, ""gain"": 0.0034616517368419863}, {""block"": ""rsma"", ""rho"": 1.0, ""gain"": 0.0}, {""block"": ""star_ris"", ""rho"": 16.0, ""gain"": 0.019960023668073035}, {""block"": ""rsma"", ""rho"": 1.0, ""gain"": 0.0}, {""block"": ""star_ris"", ""rho"": 32.0, ""gain"": 0.011522636805928244}, {""block"": ""rsma"", ""rho"": 1.0, ""gain"": 3.552713678800501e-15}, {""block"": ""star_ris"", ""rho"": 64.0, ""gain"": 0.0011699141626699827}]",{},3634.952655,eb978e84730de4cf1e0579ad9e17edb700c67ba6eceac89d1fe3698763a419f7,fc61d5cda7da39530055bae9bd0e92865f995cd9,4e84455d08cacd9f85c432f7838c3be2cb0f000b55edc3487c6dee9520cc0b63
ao_sca,96,10000,910,test,18.43136157808241,18.43136157808241,1.0,True,0.0,2,1199,4,ao_sca_proximal_physical,analytical_ris_equal_allocation,"[1.8379958449694462, 18.430217059313847, 18.43136157808241]","[{""block"": ""rsma"", ""rho"": 1.0, ""gain"": 16.407539438999454}, {""block"": ""star_ris"", ""rho"": 4.0, ""gain"": 0.18468177534494856}, {""block"": ""rsma"", ""rho"": 1.0, ""gain"": 0.0}, {""block"": ""star_ris"", ""rho"": 16.0, ""gain"": 0.0011445187685623637}]",{},641.487518,eb978e84730de4cf1e0579ad9e17edb700c67ba6eceac89d1fe3698763a419f7,fc61d5cda7da39530055bae9bd0e92865f995cd9,4e84455d08cacd9f85c432f7838c3be2cb0f000b55edc3487c6dee9520cc0b63
ao_sca,96,10000,911,test,18.806736981149257,18.806736981149257,1.0,True,0.0,15,8970,28,ao_sca_proximal_physical,analytical_ris_equal_allocation,"[1.8379805747478077, 17.84262250266444, 17.868255345502018, 18.294791421282813, 18.455556801409436, 18.464349251633013, 18.508651336695753, 18.60196090539693, 18.64132661830148, 18.71322803338324, 18.740648942211447, 18.75045322154703, 18.76611001055649, 18.783549511883965, 18.805438050347433, 18.806736981149257]","[{""block"": ""rsma"", ""rho"": 1.0, ""gain"": 15.89487275524987}, {""block"": ""star_ris"", ""rho"": 8.0, ""gain"": 0.10976917266676267}, {""block"": ""rsma"", ""rho"": 1.0, ""gain"": -3.552713678800501e-15}, {""block"": ""star_ris"", ""rho"": 32.0, ""gain"": 0.025632842837580938}, {""block"": ""rsma"", ""rho"": 1.0, ""gain"": 0.0}, {""block"": ""star_ris"", ""rho"": 1.0, ""gain"": 0.42653607578079544}, {""block"": ""rsma"", ""rho"": 1.0, ""gain"": 0.0}, {""block"": ""star_ris"", ""rho"": 2.0, ""gain"": 0.16076538012662311}, {""block"": ""rsma"", ""rho"": 1.0, ""gain"": 0.0}, {""block"": ""star_ris"", ""rho"": 2.0, ""gain"": 0.00879245022357722}, {""block"": ""rsma"", ""rho"": 1.0, ""gain"": -3.552713678800501e-15}, {""block"": ""star_ris"", ""rho"": 1.0, ""gain"": 0.04430208506274269}, {""block"": ""rsma"", ""rho"": 1.0, ""gain"": 3.552713678800501e-15}, {""block"": ""star_ris"", ""rho"": 4.0, ""gain"": 0.0933095687011729}, {""block"": ""rsma"", ""rho"": 1.0, ""gain"": 0.0}, {""block"": ""star_ris"", ""rho"": 4.0, ""gain"": 0.039365712904551486}, {""block"": ""rsma"", ""rho"": 1.0, ""gain"": 0.0}, {""block"": ""star_ris"", ""rho"": 2.0, ""gain"": 0.07190141508175785}, {""block"": ""rsma"", ""rho"": 1.0, ""gain"": 0.0}, {""block"": ""star_ris"", ""rho"": 16.0, ""gain"": 0.027420908828208468}, {""block"": ""rsma"", ""rho"": 1.0, ""gain"": 3.552713678800501e-15}, {""block"": ""star_ris"", ""rho"": 8.0, ""gain"": 0.00980427933557948}, {""block"": ""rsma"", ""rho"": 1.0, ""gain"": 0.0}, {""block"": ""star_ris"", ""rho"": 4.0, ""gain"": 0.01565678900945855}, {""block"": ""rsma"", ""rho"": 1.0, ""gain"": 0.0}, {""block"": ""star_ris"", ""rho"": 4.0, ""gain"": 0.017439501327476847}, {""block"": ""rsma"", ""rho"": 1.0, ""gain"": 3.552713678800501e-15}, {""block"": ""star_ris"", ""rho"": 2.0, ""gain"": 0.021888538463464613}, {""block"": ""rsma"", ""rho"": 1.0, ""gain"": 0.0}, {""block"": ""star_ris"", ""rho"": 4.0, ""gain"": 0.001298930801823417}]",{},5027.100083,eb978e84730de4cf1e0579ad9e17edb700c67ba6eceac89d1fe3698763a419f7,fc61d5cda7da39530055bae9bd0e92865f995cd9,4e84455d08cacd9f85c432f7838c3be2cb0f000b55edc3487c6dee9520cc0b63
ao_sca,96,10000,912,test,18.692539360397,18.692539360397,1.0,True,0.0,10,5995,14,ao_sca_proximal_physical,analytical_ris_equal_allocation,"[1.8379808097387325, 17.902874266445714, 17.949798925389636, 17.96118932711599, 18.174421802177605, 18.544955564871444, 18.665429119597484, 18.68024069365671, 18.687678220118748, 18.69242879547325, 18.692539360396996]","[{""block"": ""rsma"", ""rho"": 1.0, ""gain"": 15.964437644216934}, {""block"": ""star_ris"", ""rho"": 8.0, ""gain"": 0.10045581249004698}, {""block"": ""rsma"", ""rho"": 1.0, ""gain"": 0.0}, {""block"": ""star_ris"", ""rho"": 16.0, ""gain"": 0.04692465894392228}, {""block"": ""rsma"", ""rho"": 1.0, ""gain"": 0.0}, {""block"": ""star_ris"", ""rho"": 64.0, ""gain"": 0.011390401726352195}, {""block"": ""rsma"", ""rho"": 1.0, ""gain"": 0.0}, {""block"": ""star_ris"", ""rho"": 1.0, ""gain"": 0.21323247506161636}, {""block"": ""rsma"", ""rho"": 1.0, ""gain"": 0.0}, {""block"": ""star_ris"", ""rho"": 1.0, ""gain"": 0.37053376269383875}, {""block"": ""rsma"", ""rho"": 1.0, ""gain"": 0.0}, {""block"": ""star_ris"", ""rho"": 4.0, ""gain"": 0.12047355472603982}, {""block"": ""rsma"", ""rho"": 1.0, ""gain"": -7.105427357601002e-15}, {""block"": ""star_ris"", ""rho"": 32.0, ""gain"": 0.014811574059233834}, {""block"": ""rsma"", ""rho"": 1.0, ""gain"": 3.552713678800501e-15}, {""block"": ""star_ris"", ""rho"": 64.0, ""gain"": 0.007437526462034327}, {""block"": ""rsma"", ""rho"": 1.0, ""gain"": 0.0}, {""block"": ""star_ris"", ""rho"": 4.0, ""gain"": 0.004750575354503184}, {""block"": ""rsma"", ""rho"": 1.0, ""gain"": 0.0}, {""block"": ""star_ris"", ""rho"": 64.0, ""gain"": 0.000110564923744505}]",{},3392.220606,eb978e84730de4cf1e0579ad9e17edb700c67ba6eceac89d1fe3698763a419f7,fc61d5cda7da39530055bae9bd0e92865f995cd9,4e84455d08cacd9f85c432f7838c3be2cb0f000b55edc3487c6dee9520cc0b63
ao_sca,96,10000,913,test,19.13677869051572,19.13677869051572,1.0,True,0.0,20,11941,40,ao_sca_proximal_physical,analytical_ris_equal_allocation,"[1.8379880752900875, 18.248540216787028, 18.281112832267787, 18.426644155693406, 18.541609637966964, 18.544821330892706, 18.56485691918178, 18.606833008138405, 18.676888606834147, 18.70383002812529, 18.794678686740653, 18.819601621679116, 18.87820231342839, 18.92760088590688, 18.94565936059594, 19.02139404042015, 19.067745857968653, 19.095364320270484, 19.123030720262886, 19.129037517940038, 19.13677869051572]","[{""block"": ""rsma"", ""rho"": 1.0, ""gain"": 16.14614752415388}, {""block"": ""star_ris"", ""rho"": 2.0, ""gain"": 0.264404617343061}, {""block"": ""rsma"", ""rho"": 1.0, ""gain"": 7.105427357601002e-15}, {""block"": ""star_ris"", ""rho"": 2.0, ""gain"": 0.03257261548075263}, {""block"": ""rsma"", ""rho"": 1.0, ""gain"": -3.552713678800501e-15}, {""block"": ""star_ris"", ""rho"": 4.0, ""gain"": 0.14553132342562236}, {""block"": ""rsma"", ""rho"": 1.0, ""gain"": 0.0}, {""block"": ""star_ris"", ""rho"": 4.0, ""gain"": 0.11496548227355774}, {""block"": ""rsma"", ""rho"": 1.0, ""gain"": 0.0}, {""block"": ""star_ris"", ""rho"": 8.0, ""gain"": 0.0032116929257419713}, {""block"": ""rsma"", ""rho"": 1.0, ""gain"": 3.552713678800501e-15}, {""block"": ""star_ris"", ""rho"": 2.0, ""gain"": 0.02003558828906904}, {""block"": ""rsma"", ""rho"": 1.0, ""gain"": 0.0}, {""block"": ""star_ris"", ""rho"": 2.0, ""gain"": 0.04197608895662697}, {""block"": ""rsma"", ""rho"": 1.0, ""gain"": -3.552713678800501e-15}, {""block"": ""star_ris"", ""rho"": 1.0, ""gain"": 0.0700555986957454}, {""block"": ""rsma"", ""rho"": 1.0, ""gain"": -3.552713678800501e-15}, {""block"": ""star_ris"", ""rho"": 2.0, ""gain"": 0.026941421291144962}, {""block"": ""rsma"", ""rho"": 1.0, ""gain"": -3.552713678800501e-15}, {""block"": ""star_ris"", ""rho"": 1.0, ""gain"": 0.09084865861536784}, {""block"": ""rsma"", ""rho"": 1.0, ""gain"": 0.0}, {""block"": ""star_ris"", ""rho"": 1.0, ""gain"": 0.02492293493846276}, {""block"": ""rsma"", ""rho"": 1.0, ""gain"": 0.0}, {""block"": ""star_ris"", ""rho"": 1.0, ""gain"": 0.05860069174927318}, {""block"": ""rsma"", ""rho"": 1.0, ""gain"": 0.0}, {""block"": ""star_ris"", ""rho"": 1.0, ""gain"": 0.04939857247849133}, {""block"": ""rsma"", ""rho"": 1.0, ""gain"": 0.0}, {""block"": ""star_ris"", ""rho"": 4.0, ""gain"": 0.018058474689059523}, {""block"": ""rsma"", ""rho"": 1.0, ""gain"": 0.0}, {""block"": ""star_ris"", ""rho"": 1.0, ""gain"": 0.07573467982421178}, {""block"": ""rsma"", ""rho"": 1.0, ""gain"": 0.0}, {""block"": ""star_ris"", ""rho"": 2.0, ""gain"": 0.04635181754850137}, {""block"": ""rsma"", ""rho"": 1.0, ""gain"": 0.0}, {""block"": ""star_ris"", ""rho"": 2.0, ""gain"": 0.02761846230183096}, {""block"": ""rsma"", ""rho"": 1.0, ""gain"": 0.0}, {""block"": ""star_ris"", ""rho"": 4.0, ""gain"": 0.027666399992401836}, {""block"": ""rsma"", ""rho"": 1.0, ""gain"": 3.552713678800501e-15}, {""block"": ""star_ris"", ""rho"": 2.0, ""gain"": 0.006006797677148512}, {""block"": ""rsma"", ""rho"": 1.0, ""gain"": 0.0}, {""block"": ""star_ris"", ""rho"": 2.0, ""gain"": 0.007741172575681077}]",{},6587.716662,eb978e84730de4cf1e0579ad9e17edb700c67ba6eceac89d1fe3698763a419f7,fc61d5cda7da39530055bae9bd0e92865f995cd9,4e84455d08cacd9f85c432f7838c3be2cb0f000b55edc3487c6dee9520cc0b63
ao_sca,96,10000,914,test,19.190202701747378,19.190202701747378,1.0,True,0.0,20,11948,35,ao_sca_proximal_physical,analytical_ris_equal_allocation,"[1.8379911300249732, 18.245517144543385, 18.346904020496755, 18.426557763426665, 18.543029430223065, 18.75962903953801, 18.76949926668912, 18.81014339817349, 18.870475382028975, 18.995627788841105, 19.002431844768058, 19.008068170898508, 19.021281675131995, 19.027026326978515, 19.039790992418023, 19.096421237990494, 19.12808882141541, 19.137716327617635, 19.14594570020648, 19.164251965035792, 19.190202701747378]","[{""block"": ""rsma"", ""rho"": 1.0, ""gain"": 16.39702120606539}, {""block"": ""star_ris"", ""rho"": 4.0, ""gain"": 0.010504808453021042}, {""block"": ""rsma"", ""rho"": 1.0, ""gain"": 0.0}, {""block"": ""star_ris"", ""rho"": 1.0, ""gain"": 0.10138687595337004}, {""block"": ""rsma"", ""rho"": 1.0, ""gain"": 0.0}, {""block"": ""star_ris"", ""rho"": 2.0, ""gain"": 0.07965374292991001}, {""block"": ""rsma"", ""rho"": 1.0, ""gain"": 0.0}, {""block"": ""star_ris"", ""rho"": 1.0, ""gain"": 0.11647166679640009}, {""block"": ""rsma"", ""rho"": 1.0, ""gain"": 0.0}, {""block"": ""star_ris"", ""rho"": 1.0, ""gain"": 0.21659960931494382}, {""block"": ""rsma"", ""rho"": 1.0, ""gain"": 3.552713678800501e-15}, {""block"": ""star_ris"", ""rho"": 1.0, ""gain"": 0.009870227151107969}, {""block"": ""rsma"", ""rho"": 1.0, ""gain"": 3.552713678800501e-15}, {""block"": ""star_ris"", ""rho"": 2.0, ""gain"": 0.04064413148436685}, {""block"": ""rsma"", ""rho"": 1.0, ""gain"": 0.0}, {""block"": ""star_ris"", ""rho"": 2.0, ""gain"": 0.060331983855483884}, {""block"": ""rsma"", ""rho"": 1.0, ""gain"": -3.552713678800501e-15}, {""block"": ""star_ris"", ""rho"": 2.0, ""gain"": 0.12515240681213413}, {""block"": ""rsma"", ""rho"": 1.0, ""gain"": 0.0}, {""block"": ""star_ris"", ""rho"": 2.0, ""gain"": 0.006804055926952657}, {""block"": ""rsma"", ""rho"": 1.0, ""gain"": 0.0}, {""block"": ""star_ris"", ""rho"": 2.0, ""gain"": 0.005636326130449731}, {""block"": ""rsma"", ""rho"": 1.0, ""gain"": 0.0}, {""block"": ""star_ris"", ""rho"": 32.0, ""gain"": 0.013213504233487328}, {""block"": ""rsma"", ""rho"": 1.0, ""gain"": 0.0}, {""block"": ""star_ris"", ""rho"": 8.0, ""gain"": 0.005744651846519844}, {""block"": ""rsma"", ""rho"": 1.0, ""gain"": -3.552713678800501e-15}, {""block"": ""star_ris"", ""rho"": 2.0, ""gain"": 0.012764665439512157}, {""block"": ""rsma"", ""rho"": 1.0, ""gain"": 0.0}, {""block"": ""star_ris"", ""rho"": 2.0, ""gain"": 0.05663024557247098}, {""block"": ""rsma"", ""rho"": 1.0, ""gain"": 3.552713678800501e-15}, {""block"": ""star_ris"", ""rho"": 2.0, ""gain"": 0.03166758342491249}, {""block"": ""rsma"", ""rho"": 1.0, ""gain"": 0.0}, {""block"": ""star_ris"", ""rho"": 4.0, ""gain"": 0.009627506202225078}, {""block"": ""rsma"", ""rho"": 1.0, ""gain"": 0.0}, {""block"": ""star_ris"", ""rho"": 8.0, ""gain"": 0.008229372588843376}, {""block"": ""rsma"", ""rho"": 1.0, ""gain"": 0.0}, {""block"": ""star_ris"", ""rho"": 4.0, ""gain"": 0.01830626482931308}, {""block"": ""rsma"", ""rho"": 1.0, ""gain"": 0.0}, {""block"": ""star_ris"", ""rho"": 2.0, ""gain"": 0.025950736711585876}]",{},6675.546429,eb978e84730de4cf1e0579ad9e17edb700c67ba6eceac89d1fe3698763a419f7,fc61d5cda7da39530055bae9bd0e92865f995cd9,4e84455d08cacd9f85c432f7838c3be2cb0f000b55edc3487c6dee9520cc0b63
ao_sca,96,10000,915,test,18.97487131746016,18.97487131746016,1.0,True,0.0,13,7766,24,ao_sca_proximal_physical,analytical_ris_equal_allocation,"[1.8379973698581669, 18.40175447369304, 18.545504284155747, 18.696281690390574, 18.76382717533178, 18.78152276449781, 18.80682854318488, 18.830683498628872, 18.837762218551003, 18.856970501047524, 18.891636026062983, 18.9217181697046, 18.97363917190045, 18.974871317460156]","[{""block"": ""rsma"", ""rho"": 1.0, ""gain"": 16.47552561268928}, {""block"": ""star_ris"", ""rho"": 1.0, ""gain"": 0.08823149114559214}, {""block"": ""rsma"", ""rho"": 1.0, ""gain"": 0.0}, {""block"": ""star_ris"", ""rho"": 4.0, ""gain"": 0.14374981046270818}, {""block"": ""rsma"", ""rho"": 1.0, ""gain"": 0.0}, {""block"": ""star_ris"", ""rho"": 1.0, ""gain"": 0.15077740623482683}, {""block"": ""rsma"", ""rho"": 1.0, ""gain"": -3.552713678800501e-15}, {""block"": ""star_ris"", ""rho"": 1.0, ""gain"": 0.06754548494120982}, {""block"": ""rsma"", ""rho"": 1.0, ""gain"": 0.0}, {""block"": ""star_ris"", ""rho"": 4.0, ""gain"": 0.01769558916603131}, {""block"": ""rsma"", ""rho"": 1.0, ""gain"": 0.0}, {""block"": ""star_ris"", ""rho"": 16.0, ""gain"": 0.025305778687069846}, {""block"": ""rsma"", ""rho"": 1.0, ""gain"": 3.552713678800501e-15}, {""block"": ""star_ris"", ""rho"": 1.0, ""gain"": 0.02385495544398708}, {""block"": ""rsma"", ""rho"": 1.0, ""gain"": 0.0}, {""block"": ""star_ris"", ""rho"": 4.0, ""gain"": 0.007078719922130716}, {""block"": ""rsma"", ""rho"": 1.0, ""gain"": 0.0}, {""block"": ""star_ris"", ""rho"": 1.0, ""gain"": 0.01920828249652118}, {""block"": ""rsma"", ""rho"": 1.0, ""gain"": 0.0}, {""block"": ""star_ris"", ""rho"": 4.0, ""gain"": 0.03466552501545905}, {""block"": ""rsma"", ""rho"": 1.0, ""gain"": 0.0}, {""block"": ""star_ris"", ""rho"": 1.0, ""gain"": 0.030082143641617876}, {""block"": ""rsma"", ""rho"": 1.0, ""gain"": -3.552713678800501e-15}, {""block"": ""star_ris"", ""rho"": 1.0, ""gain"": 0.05192100219585427}, {""block"": ""rsma"", ""rho"": 1.0, ""gain"": -3.552713678800501e-15}, {""block"": ""star_ris"", ""rho"": 32.0, ""gain"": 0.0012321455597081865}]",{},4255.45416,eb978e84730de4cf1e0579ad9e17edb700c67ba6eceac89d1fe3698763a419f7,fc61d5cda7da39530055bae9bd0e92865f995cd9,4e84455d08cacd9f85c432f7838c3be2cb0f000b55edc3487c6dee9520cc0b63
ao_sca,96,10000,916,test,18.42404092235648,18.42404092235648,1.0,True,0.0,4,2386,6,ao_sca_proximal_physical,analytical_ris_equal_allocation,"[1.83798521148723, 18.24671279266058, 18.281858505616952, 18.422231978483577, 18.424040922356482]","[{""block"": ""rsma"", ""rho"": 1.0, ""gain"": 16.150964722139513}, {""block"": ""star_ris"", ""rho"": 1.0, ""gain"": 0.2577628590338392}, {""block"": ""rsma"", ""rho"": 1.0, ""gain"": -3.552713678800501e-15}, {""block"": ""star_ris"", ""rho"": 2.0, ""gain"": 0.03514571295637481}, {""block"": ""rsma"", ""rho"": 1.0, ""gain"": 0.0}, {""block"": ""star_ris"", ""rho"": 1.0, ""gain"": 0.14037347286662438}, {""block"": ""rsma"", ""rho"": 1.0, ""gain"": 0.0}, {""block"": ""star_ris"", ""rho"": 1.0, ""gain"": 0.001808943872905644}]",{},1304.386575,eb978e84730de4cf1e0579ad9e17edb700c67ba6eceac89d1fe3698763a419f7,fc61d5cda7da39530055bae9bd0e92865f995cd9,4e84455d08cacd9f85c432f7838c3be2cb0f000b55edc3487c6dee9520cc0b63
ao_sca,96,10000,917,test,18.960159168302148,18.960159168302148,1.0,True,0.0,17,10166,34,ao_sca_proximal_physical,analytical_ris_equal_allocation,"[1.8379861849587444, 18.07969420673374, 18.24633301468523, 18.322345946499432, 18.495576991223082, 18.514981639829664, 18.54660931603461, 18.551733396068357, 18.580590833923722, 18.603196677155445, 18.73704015582332, 18.747572674440587, 18.756679696877523, 18.7957645453194, 18.80097592148841, 18.86143896700477, 18.958934985624246, 18.960159168302148]","[{""block"": ""rsma"", ""rho"": 1.0, ""gain"": 16.045826768216166}, {""block"": ""star_ris"", ""rho"": 4.0, ""gain"": 0.1958812535588308}, {""block"": ""rsma"", ""rho"": 1.0, ""gain"": 0.0}, {""block"": ""star_ris"", ""rho"": 4.0, ""gain"": 0.16663880795148955}, {""block"": ""rsma"", ""rho"": 1.0, ""gain"": 0.0}, {""block"": ""star_ris"", ""rho"": 2.0, ""gain"": 0.07601293181420132}, {""block"": ""rsma"", ""rho"": 1.0, ""gain"": 0.0}, {""block"": ""star_ris"", ""rho"": 4.0, ""gain"": 0.17323104472365003}, {""block"": ""rsma"", ""rho"": 1.0, ""gain"": 0.0}, {""block"": ""star_ris"", ""rho"": 4.0, ""gain"": 0.01940464860658153}, {""block"": ""rsma"", ""rho"": 1.0, ""gain"": 0.0}, {""block"": ""star_ris"", ""rho"": 4.0, ""gain"": 0.03162767620494478}, {""block"": ""rsma"", ""rho"": 1.0, ""gain"": 3.552713678800501e-15}, {""block"": ""star_ris"", ""rho"": 2.0, ""gain"": 0.005124080033745315}, {""block"": ""rsma"", ""rho"": 1.0, ""gain"": 0.0}, {""block"": ""star_ris"", ""rho"": 16.0, ""gain"": 0.028857437855364765}, {""block"": ""rsma"", ""rho"": 1.0, ""gain"": 0.0}, {""block"": ""star_ris"", ""rho"": 2.0, ""gain"": 0.0226058432317231}, {""block"": ""rsma"", ""rho"": 1.0, ""gain"": 0.0}, {""block"": ""star_ris"", ""rho"": 2.0, ""gain"": 0.13384347866787394}, {""block"": ""rsma"", ""rho"": 1.0, ""gain"": 0.0}, {""block"": ""star_ris"", ""rho"": 2.0, ""gain"": 0.010532518617267783}, {""block"": ""rsma"", ""rho"": 1.0, ""gain"": 0.0}, {""block"": ""star_ris"", ""rho"": 64.0, ""gain"": 0.009107022436936063}, {""block"": ""rsma"", ""rho"": 1.0, ""gain"": -3.552713678800501e-15}, {""block"": ""star_ris"", ""rho"": 1.0, ""gain"": 0.03908484844188109}, {""block"": ""rsma"", ""rho"": 1.0, ""gain"": 0.0}, {""block"": ""star_ris"", ""rho"": 2.0, ""gain"": 0.00521137616900802}, {""block"": ""rsma"", ""rho"": 1.0, ""gain"": -3.552713678800501e-15}, {""block"": ""star_ris"", ""rho"": 2.0, ""gain"": 0.06046304551636439}, {""block"": ""rsma"", ""rho"": 1.0, ""gain"": 0.0}, {""block"": ""star_ris"", ""rho"": 1.0, ""gain"": 0.0974960186194771}, {""block"": ""rsma"", ""rho"": 1.0, ""gain"": -3.552713678800501e-15}, {""block"": ""star_ris"", ""rho"": 64.0, ""gain"": 0.001224182677905361}]",{},5741.893737,eb978e84730de4cf1e0579ad9e17edb700c67ba6eceac89d1fe3698763a419f7,fc61d5cda7da39530055bae9bd0e92865f995cd9,4e84455d08cacd9f85c432f7838c3be2cb0f000b55edc3487c6dee9520cc0b63
ao_sca,96,10000,918,test,18.70693035329096,18.70693035329096,1.0,True,0.0,11,6584,20,ao_sca_proximal_physical,analytical_ris_equal_allocation,"[1.8379663795194954, 17.744177807079332, 18.091128061106772, 18.099850769153175, 18.134233666681844, 18.142631425919614, 18.459643615425755, 18.581102479972053, 18.603186202029068, 18.65613107305877, 18.7060750040987, 18.706930353290957]","[{""block"": ""rsma"", ""rho"": 1.0, ""gain"": 15.394488911013857}, {""block"": ""star_ris"", ""rho"": 2.0, ""gain"": 0.51172251654598}, {""block"": ""rsma"", ""rho"": 1.0, ""gain"": 0.0}, {""block"": ""star_ris"", ""rho"": 2.0, ""gain"": 0.3469502540274405}, {""block"": ""rsma"", ""rho"": 1.0, ""gain"": 0.0}, {""block"": ""star_ris"", ""rho"": 64.0, ""gain"": 0.008722708046402516}, {""block"": ""rsma"", ""rho"": 1.0, ""gain"": 0.0}, {""block"": ""star_ris"", ""rho"": 16.0, ""gain"": 0.034382897528669076}, {""block"": ""rsma"", ""rho"": 1.0, ""gain"": 0.0}, {""block"": ""star_ris"", ""rho"": 64.0, ""gain"": 0.008397759237769975}, {""block"": ""rsma"", ""rho"": 1.0, ""gain"": -3.552713678800501e-15}, {""block"": ""star_ris"", ""rho"": 1.0, ""gain"": 0.3170121895061442}, {""block"": ""rsma"", ""rho"": 1.0, ""gain"": 0.0}, {""block"": ""star_ris"", ""rho"": 2.0, ""gain"": 0.12145886454629817}, {""block"": ""rsma"", ""rho"": 1.0, ""gain"": 0.0}, {""block"": ""star_ris"", ""rho"": 2.0, ""gain"": 0.022083722057015365}, {""block"": ""rsma"", ""rho"": 1.0, ""gain"": 0.0}, {""block"": ""star_ris"", ""rho"": 1.0, ""gain"": 0.0529448710297018}, {""block"": ""rsma"", ""rho"": 1.0, ""gain"": 0.0}, {""block"": ""star_ris"", ""rho"": 2.0, ""gain"": 0.049943931039930334}, {""block"": ""rsma"", ""rho"": 1.0, ""gain"": 0.0}, {""block"": ""star_ris"", ""rho"": 64.0, ""gain"": 0.0008553491922569378}]",{},3627.900332,eb978e84730de4cf1e0579ad9e17edb700c67ba6eceac89d1fe3698763a419f7,fc61d5cda7da39530055bae9bd0e92865f995cd9,4e84455d08cacd9f85c432f7838c3be2cb0f000b55edc3487c6dee9520cc0b63
ao_sca,96,10000,919,test,19.02076091427021,19.02076091427021,1.0,True,0.0,10,5977,19,ao_sca_proximal_physical,analytical_ris_equal_allocation,"[1.8379937756381102, 18.282723041266827, 18.368259166548462, 18.383572168079372, 18.504457707508372, 18.51853413004507, 18.668315770797726, 18.69892267645547, 18.725088718151504, 19.020530697760627, 19.02076091427021]","[{""block"": ""rsma"", ""rho"": 1.0, ""gain"": 16.42559434012266}, {""block"": ""star_ris"", ""rho"": 32.0, ""gain"": 0.01913492550605511}, {""block"": ""rsma"", ""rho"": 1.0, ""gain"": 0.0}, {""block"": ""star_ris"", ""rho"": 1.0, ""gain"": 0.08553612528163512}, {""block"": ""rsma"", ""rho"": 1.0, ""gain"": 0.0}, {""block"": ""star_ris"", ""rho"": 4.0, ""gain"": 0.015313001530909531}, {""block"": ""rsma"", ""rho"": 1.0, ""gain"": 0.0}, {""block"": ""star_ris"", ""rho"": 4.0, ""gain"": 0.12088553942900049}, {""block"": ""rsma"", ""rho"": 1.0, ""gain"": 0.0}, {""block"": ""star_ris"", ""rho"": 2.0, ""gain"": 0.014076422536696498}, {""block"": ""rsma"", ""rho"": 1.0, ""gain"": 0.0}, {""block"": ""star_ris"", ""rho"": 4.0, ""gain"": 0.1497816407526571}, {""block"": ""rsma"", ""rho"": 1.0, ""gain"": 3.552713678800501e-15}, {""block"": ""star_ris"", ""rho"": 1.0, ""gain"": 0.03060690565774138}, {""block"": ""rsma"", ""rho"": 1.0, ""gain"": -3.552713678800501e-15}, {""block"": ""star_ris"", ""rho"": 1.0, ""gain"": 0.026166041696036757}, {""block"": ""rsma"", ""rho"": 1.0, ""gain"": 0.0}, {""block"": ""star_ris"", ""rho"": 1.0, ""gain"": 0.295441979609123}, {""block"": ""rsma"", ""rho"": 1.0, ""gain"": 0.0}, {""block"": ""star_ris"", ""rho"": 16.0, ""gain"": 0.00023021650958199302}]",{},3466.015147,eb978e84730de4cf1e0579ad9e17edb700c67ba6eceac89d1fe3698763a419f7,fc61d5cda7da39530055bae9bd0e92865f995cd9,4e84455d08cacd9f85c432f7838c3be2cb0f000b55edc3487c6dee9520cc0b63
ao_sca,96,10000,920,test,18.93056349736147,18.93056349736147,1.0,True,0.0,20,11976,37,ao_sca_proximal_physical,analytical_ris_equal_allocation,"[1.8379739861014373, 17.485449634840673, 17.500388569284492, 17.507786646443698, 17.938991586757115, 18.02336571059563, 18.063557140656215, 18.073399282016755, 18.64068551994443, 18.665343411969594, 18.66950530610216, 18.68144647266852, 18.697563227812253, 18.705487735298604, 18.774619994061855, 18.77869583992596, 18.798479012988963, 18.82536158040871, 18.889354504059767, 18.900868179075893, 18.93056349736147]","[{""block"": ""rsma"", ""rho"": 1.0, ""gain"": 15.585462842839705}, {""block"": ""star_ris"", ""rho"": 16.0, ""gain"": 0.06201280589953129}, {""block"": ""rsma"", ""rho"": 1.0, ""gain"": 3.552713678800501e-15}, {""block"": ""star_ris"", ""rho"": 64.0, ""gain"": 0.014938934443815555}, {""block"": ""rsma"", ""rho"": 1.0, ""gain"": 0.0}, {""block"": ""star_ris"", ""rho"": 128.0, ""gain"": 0.007398077159205485}, {""block"": ""rsma"", ""rho"": 1.0, ""gain"": 0.0}, {""block"": ""star_ris"", ""rho"": 2.0, ""gain"": 0.4312049403134175}, {""block"": ""rsma"", ""rho"": 1.0, ""gain"": 0.0}, {""block"": ""star_ris"", ""rho"": 8.0, ""gain"": 0.08437412383851495}, {""block"": ""rsma"", ""rho"": 1.0, ""gain"": -3.552713678800501e-15}, {""block"": ""star_ris"", ""rho"": 16.0, ""gain"": 0.04019143006058812}, {""block"": ""rsma"", ""rho"": 1.0, ""gain"": -3.552713678800501e-15}, {""block"": ""star_ris"", ""rho"": 64.0, ""gain"": 0.009842141360543621}, {""block"": ""rsma"", ""rho"": 1.0, ""gain"": 3.552713678800501e-15}, {""block"": ""star_ris"", ""rho"": 1.0, ""gain"": 0.5672862379276715}, {""block"": ""rsma"", ""rho"": 1.0, ""gain"": -7.105427357601002e-15}, {""block"": ""star_ris"", ""rho"": 2.0, ""gain"": 0.024657892025171435}, {""block"": ""rsma"", ""rho"": 1.0, ""gain"": 7.105427357601002e-15}, {""block"": ""star_ris"", ""rho"": 16.0, ""gain"": 0.004161894132558075}, {""block"": ""rsma"", ""rho"": 1.0, ""gain"": 0.0}, {""block"": ""star_ris"", ""rho"": 2.0, ""gain"": 0.01194116656635913}, {""block"": ""rsma"", ""rho"": 1.0, ""gain"": 0.0}, {""block"": ""star_ris"", ""rho"": 32.0, ""gain"": 0.01611675514373445}, {""block"": ""rsma"", ""rho"": 1.0, ""gain"": -3.552713678800501e-15}, {""block"": ""star_ris"", ""rho"": 64.0, ""gain"": 0.007924507486354315}, {""block"": ""rsma"", ""rho"": 1.0, ""gain"": -3.552713678800501e-15}, {""block"": ""star_ris"", ""rho"": 1.0, ""gain"": 0.06913225876325413}, {""block"": ""rsma"", ""rho"": 1.0, ""gain"": 0.0}, {""block"": ""star_ris"", ""rho"": 2.0, ""gain"": 0.004075845864104366}, {""block"": ""rsma"", ""rho"": 1.0, ""gain"": 3.552713678800501e-15}, {""block"": ""star_ris"", ""rho"": 1.0, ""gain"": 0.019783173063000703}, {""block"": ""rsma"", ""rho"": 1.0, ""gain"": 0.0}, {""block"": ""star_ris"", ""rho"": 2.0, ""gain"": 0.02688256741974726}, {""block"": ""rsma"", ""rho"": 1.0, ""gain"": -3.552713678800501e-15}, {""block"": ""star_ris"", ""rho"": 4.0, ""gain"": 0.06399292365106035}, {""block"": ""rsma"", ""rho"": 1.0, ""gain"": 0.0}, {""block"": ""star_ris"", ""rho"": 8.0, ""gain"": 0.011513675016125546}, {""block"": ""rsma"", ""rho"": 1.0, ""gain"": 0.0}, {""block"": ""star_ris"", ""rho"": 1.0, ""gain"": 0.029695318285575922}]",{},6696.934591,eb978e84730de4cf1e0579ad9e17edb700c67ba6eceac89d1fe3698763a419f7,fc61d5cda7da39530055bae9bd0e92865f995cd9,4e84455d08cacd9f85c432f7838c3be2cb0f000b55edc3487c6dee9520cc0b63
ao_sca,96,10000,921,test,19.150598882426998,19.150598882426998,1.0,True,0.0,10,5976,18,ao_sca_proximal_physical,analytical_ris_equal_allocation,"[1.8380082800872724, 18.62355374878113, 18.972168111102434, 19.00039695110796, 19.009398689604254, 19.017159572760697, 19.0299405370078, 19.06262990131718, 19.13529988835735, 19.149943431406037, 19.150598882426994]","[{""block"": ""rsma"", ""rho"": 1.0, ""gain"": 16.772383313709103}, {""block"": ""star_ris"", ""rho"": 1.0, ""gain"": 0.013162154984755148}, {""block"": ""rsma"", ""rho"": 1.0, ""gain"": -3.552713678800501e-15}, {""block"": ""star_ris"", ""rho"": 2.0, ""gain"": 0.3486143623213067}, {""block"": ""rsma"", ""rho"": 1.0, ""gain"": 3.552713678800501e-15}, {""block"": ""star_ris"", ""rho"": 4.0, ""gain"": 0.028228840005521505}, {""block"": ""rsma"", ""rho"": 1.0, ""gain"": 0.0}, {""block"": ""star_ris"", ""rho"": 1.0, ""gain"": 0.00900173849629482}, {""block"": ""rsma"", ""rho"": 1.0, ""gain"": 0.0}, {""block"": ""star_ris"", ""rho"": 16.0, ""gain"": 0.007760883156443299}, {""block"": ""rsma"", ""rho"": 1.0, ""gain"": 0.0}, {""block"": ""star_ris"", ""rho"": 2.0, ""gain"": 0.012780964247102844}, {""block"": ""rsma"", ""rho"": 1.0, ""gain"": 0.0}, {""block"": ""star_ris"", ""rho"": 2.0, ""gain"": 0.03268936430938041}, {""block"": ""rsma"", ""rho"": 1.0, ""gain"": 0.0}, {""block"": ""star_ris"", ""rho"": 1.0, ""gain"": 0.07266998704016814}, {""block"": ""rsma"", ""rho"": 1.0, ""gain"": 0.0}, {""block"": ""star_ris"", ""rho"": 1.0, ""gain"": 0.014643543048688201}, {""block"": ""rsma"", ""rho"": 1.0, ""gain"": 0.0}, {""block"": ""star_ris"", ""rho"": 64.0, ""gain"": 0.0006554510209575426}]",{},3378.616666,eb978e84730de4cf1e0579ad9e17edb700c67ba6eceac89d1fe3698763a419f7,fc61d5cda7da39530055bae9bd0e92865f995cd9,4e84455d08cacd9f85c432f7838c3be2cb0f000b55edc3487c6dee9520cc0b63
ao_sca,96,10000,922,test,18.401639056086637,18.401639056086637,1.0,True,0.0,5,2993,10,ao_sca_proximal_physical,analytical_ris_equal_allocation,"[1.837989167374046, 18.32513450142882, 18.328404020496613, 18.37275106557575, 18.400818378093398, 18.401639056086633]","[{""block"": ""rsma"", ""rho"": 1.0, ""gain"": 16.355411168216975}, {""block"": ""star_ris"", ""rho"": 2.0, ""gain"": 0.1317341658377984}, {""block"": ""rsma"", ""rho"": 1.0, ""gain"": 0.0}, {""block"": ""star_ris"", ""rho"": 4.0, ""gain"": 0.0032695190677927144}, {""block"": ""rsma"", ""rho"": 1.0, ""gain"": 0.0}, {""block"": ""star_ris"", ""rho"": 1.0, ""gain"": 0.04434704507913523}, {""block"": ""rsma"", ""rho"": 1.0, ""gain"": 0.0}, {""block"": ""star_ris"", ""rho"": 16.0, ""gain"": 0.028067312517649157}, {""block"": ""rsma"", ""rho"": 1.0, ""gain"": 3.552713678800501e-15}, {""block"": ""star_ris"", ""rho"": 32.0, ""gain"": 0.0008206779932322661}]",{},1688.282239,eb978e84730de4cf1e0579ad9e17edb700c67ba6eceac89d1fe3698763a419f7,fc61d5cda7da39530055bae9bd0e92865f995cd9,4e84455d08cacd9f85c432f7838c3be2cb0f000b55edc3487c6dee9520cc0b63
ao_sca,96,10000,923,test,18.854562828607463,18.854562828607463,1.0,True,0.0,2,1197,3,ao_sca_proximal_physical,analytical_ris_equal_allocation,"[1.838008392012836, 18.854361504418335, 18.854562828607463]","[{""block"": ""rsma"", ""rho"": 1.0, ""gain"": 16.70737643540946}, {""block"": ""star_ris"", ""rho"": 2.0, ""gain"": 0.30897667699603915}, {""block"": ""rsma"", ""rho"": 1.0, ""gain"": 0.0}, {""block"": ""star_ris"", ""rho"": 8.0, ""gain"": 0.0002013241891276607}]",{},661.044542,eb978e84730de4cf1e0579ad9e17edb700c67ba6eceac89d1fe3698763a419f7,fc61d5cda7da39530055bae9bd0e92865f995cd9,4e84455d08cacd9f85c432f7838c3be2cb0f000b55edc3487c6dee9520cc0b63
ao_sca,96,10000,924,test,18.44271660305064,18.44271660305064,1.0,True,0.0,8,4791,16,ao_sca_proximal_physical,analytical_ris_equal_allocation,"[1.8379843892676708, 18.16564990837191, 18.33517699529175, 18.40980358198461, 18.412482794658416, 18.419895223468394, 18.437322608285093, 18.441114509138398, 18.44271660305064]","[{""block"": ""rsma"", ""rho"": 1.0, ""gain"": 15.838869146214474}, {""block"": ""star_ris"", ""rho"": 1.0, ""gain"": 0.48879637288976596}, {""block"": ""rsma"", ""rho"": 1.0, ""gain"": 0.0}, {""block"": ""star_ris"", ""rho"": 4.0, ""gain"": 0.16952708691983887}, {""block"": ""rsma"", ""rho"": 1.0, ""gain"": 0.0}, {""block"": ""star_ris"", ""rho"": 8.0, ""gain"": 0.07462658669286171}, {""block"": ""rsma"", ""rho"": 1.0, ""gain"": 0.0}, {""block"": ""star_ris"", ""rho"": 32.0, ""gain"": 0.002679212673804443}, {""block"": ""rsma"", ""rho"": 1.0, ""gain"": 3.552713678800501e-15}, {""block"": ""star_ris"", ""rho"": 16.0, ""gain"": 0.007412428809974614}, {""block"": ""rsma"", ""rho"": 1.0, ""gain"": 0.0}, {""block"": ""star_ris"", ""rho"": 16.0, ""gain"": 0.017427384816699032}, {""block"": ""rsma"", ""rho"": 1.0, ""gain"": 0.0}, {""block"": ""star_ris"", ""rho"": 8.0, ""gain"": 0.0037919008533044973}, {""block"": ""rsma"", ""rho"": 1.0, ""gain"": -3.552713678800501e-15}, {""block"": ""star_ris"", ""rho"": 2.0, ""gain"": 0.0016020939122469713}]",{},2814.471275,eb978e84730de4cf1e0579ad9e17edb700c67ba6eceac89d1fe3698763a419f7,fc61d5cda7da39530055bae9bd0e92865f995cd9,4e84455d08cacd9f85c432f7838c3be2cb0f000b55edc3487c6dee9520cc0b63
ao_sca,96,10000,925,test,18.96082376526134,18.96082376526134,1.0,True,0.0,15,8970,25,ao_sca_proximal_physical,analytical_ris_equal_allocation,"[1.837985670932052, 18.290813786796033, 18.303560178002925, 18.60950230199405, 18.643693041036823, 18.785048356231712, 18.825454332843904, 18.834355049718056, 18.84681050579201, 18.86215395212208, 18.89448241993315, 18.910290277438122, 18.926762277715753, 18.94864497307296, 18.960495580437073, 18.96082376526134]","[{""block"": ""rsma"", ""rho"": 1.0, ""gain"": 16.271228856247134}, {""block"": ""star_ris"", ""rho"": 1.0, ""gain"": 0.18159925961684564}, {""block"": ""rsma"", ""rho"": 1.0, ""gain"": -3.552713678800501e-15}, {""block"": ""star_ris"", ""rho"": 1.0, ""gain"": 0.012746391206896135}, {""block"": ""rsma"", ""rho"": 1.0, ""gain"": 0.0}, {""block"": ""star_ris"", ""rho"": 2.0, ""gain"": 0.3059421239911231}, {""block"": ""rsma"", ""rho"": 1.0, ""gain"": 3.552713678800501e-15}, {""block"": ""star_ris"", ""rho"": 2.0, ""gain"": 0.0341907390427707}, {""block"": ""rsma"", ""rho"": 1.0, ""gain"": 0.0}, {""block"": ""star_ris"", ""rho"": 2.0, ""gain"": 0.14135531519488964}, {""block"": ""rsma"", ""rho"": 1.0, ""gain"": 0.0}, {""block"": ""star_ris"", ""rho"": 16.0, ""gain"": 0.04040597661219181}, {""block"": ""rsma"", ""rho"": 1.0, ""gain"": 0.0}, {""block"": ""star_ris"", ""rho"": 1.0, ""gain"": 0.008900716874151726}, {""block"": ""rsma"", ""rho"": 1.0, ""gain"": 0.0}, {""block"": ""star_ris"", ""rho"": 1.0, ""gain"": 0.012455456073954707}, {""block"": ""rsma"", ""rho"": 1.0, ""gain"": 0.0}, {""block"": ""star_ris"", ""rho"": 4.0, ""gain"": 0.015343446330067678}, {""block"": ""rsma"", ""rho"": 1.0, ""gain"": 0.0}, {""block"": ""star_ris"", ""rho"": 16.0, ""gain"": 0.032328467811073125}, {""block"": ""rsma"", ""rho"": 1.0, ""gain"": -3.552713678800501e-15}, {""block"": ""star_ris"", ""rho"": 32.0, ""gain"": 0.015807857504974265}, {""block"": ""rsma"", ""rho"": 1.0, ""gain"": 0.0}, {""block"": ""star_ris"", ""rho"": 8.0, ""gain"": 0.016472000277630627}, {""block"": ""rsma"", ""rho"": 1.0, ""gain"": 7.105427357601002e-15}, {""block"": ""star_ris"", ""rho"": 8.0, ""gain"": 0.02188269535719911}, {""block"": ""rsma"", ""rho"": 1.0, ""gain"": 0.0}, {""block"": ""star_ris"", ""rho"": 8.0, ""gain"": 0.011850607364113586}, {""block"": ""rsma"", ""rho"": 1.0, ""gain"": 0.0}, {""block"": ""star_ris"", ""rho"": 4.0, ""gain"": 0.0003281848242657759}]",{},5050.16689,eb978e84730de4cf1e0579ad9e17edb700c67ba6eceac89d1fe3698763a419f7,fc61d5cda7da39530055bae9bd0e92865f995cd9,4e84455d08cacd9f85c432f7838c3be2cb0f000b55edc3487c6dee9520cc0b63
ao_sca,96,10000,926,test,18.506200867823264,18.506200867823264,1.0,True,0.0,7,4195,12,ao_sca_proximal_physical,analytical_ris_equal_allocation,"[1.837988710997448, 18.311597044827813, 18.389266338408135, 18.458762036440582, 18.473393143449172, 18.488998704882093, 18.505221606016768, 18.506200867823264]","[{""block"": ""rsma"", ""rho"": 1.0, ""gain"": 16.309414303079837}, {""block"": ""star_ris"", ""rho"": 2.0, ""gain"": 0.1641940307505294}, {""block"": ""rsma"", ""rho"": 1.0, ""gain"": 0.0}, {""block"": ""star_ris"", ""rho"": 4.0, ""gain"": 0.07766929358032115}, {""block"": ""rsma"", ""rho"": 1.0, ""gain"": 0.0}, {""block"": ""star_ris"", ""rho"": 4.0, ""gain"": 0.0694956980324477}, {""block"": ""rsma"", ""rho"": 1.0, ""gain"": -3.552713678800501e-15}, {""block"": ""star_ris"", ""rho"": 16.0, ""gain"": 0.014631107008593602}, {""block"": ""rsma"", ""rho"": 1.0, ""gain"": 3.552713678800501e-15}, {""block"": ""star_ris"", ""rho"": 16.0, ""gain"": 0.015605561432916915}, {""block"": ""rsma"", ""rho"": 1.0, ""gain"": 0.0}, {""block"": ""star_ris"", ""rho"": 32.0, ""gain"": 0.016222901134675283}, {""block"": ""rsma"", ""rho"": 1.0, ""gain"": 0.0}, {""block"": ""star_ris"", ""rho"": 16.0, ""gain"": 0.000979261806495657}]",{},2308.524493,eb978e84730de4cf1e0579ad9e17edb700c67ba6eceac89d1fe3698763a419f7,fc61d5cda7da39530055bae9bd0e92865f995cd9,4e84455d08cacd9f85c432f7838c3be2cb0f000b55edc3487c6dee9520cc0b63
ao_sca,96,10000,927,test,18.738524770756992,18.738524770756992,1.0,True,0.0,6,3603,12,ao_sca_proximal_physical,analytical_ris_equal_allocation,"[1.8379953806400005, 18.387661295805678, 18.3969687793147, 18.401419352434004, 18.599811111678584, 18.7383976140314, 18.738524770756992]","[{""block"": ""rsma"", ""rho"": 1.0, ""gain"": 16.38527833082868}, {""block"": ""star_ris"", ""rho"": 4.0, ""gain"": 0.16438758433699974}, {""block"": ""rsma"", ""rho"": 1.0, ""gain"": 0.0}, {""block"": ""star_ris"", ""rho"": 64.0, ""gain"": 0.009307483509022774}, {""block"": ""rsma"", ""rho"": 1.0, ""gain"": 3.552713678800501e-15}, {""block"": ""star_ris"", ""rho"": 128.0, ""gain"": 0.004450573119299861}, {""block"": ""rsma"", ""rho"": 1.0, ""gain"": 0.0}, {""block"": ""star_ris"", ""rho"": 1.0, ""gain"": 0.1983917592445792}, {""block"": ""rsma"", ""rho"": 1.0, ""gain"": 0.0}, {""block"": ""star_ris"", ""rho"": 4.0, ""gain"": 0.13858650235281544}, {""block"": ""rsma"", ""rho"": 1.0, ""gain"": -3.552713678800501e-15}, {""block"": ""star_ris"", ""rho"": 512.0, ""gain"": 0.00012715672559693303}]",{},2020.747462,eb978e84730de4cf1e0579ad9e17edb700c67ba6eceac89d1fe3698763a419f7,fc61d5cda7da39530055bae9bd0e92865f995cd9,4e84455d08cacd9f85c432f7838c3be2cb0f000b55edc3487c6dee9520cc0b63
ao_sca,96,10000,928,test,18.864886366035723,18.864886366035723,1.0,True,0.0,18,10763,33,ao_sca_proximal_physical,analytical_ris_equal_allocation,"[1.8379686299757185, 18.043181509621178, 18.352143076896763, 18.368054936540034, 18.479109700301855, 18.52567020772597, 18.595870789393008, 18.662840364607476, 18.713255178768744, 18.771523215283825, 18.78145149291219, 18.78516385738422, 18.827059791725976, 18.830699600069014, 18.83744409696474, 18.849056415489244, 18.85974251747986, 18.8642940359344, 18.864886366035723]","[{""block"": ""rsma"", ""rho"": 1.0, ""gain"": 15.6575796208669}, {""block"": ""star_ris"", ""rho"": 1.0, ""gain"": 0.5476332587785606}, {""block"": ""rsma"", ""rho"": 1.0, ""gain"": 0.0}, {""block"": ""star_ris"", ""rho"": 1.0, ""gain"": 0.30896156727558477}, {""block"": ""rsma"", ""rho"": 1.0, ""gain"": 0.0}, {""block"": ""star_ris"", ""rho"": 2.0, ""gain"": 0.015911859643271242}, {""block"": ""rsma"", ""rho"": 1.0, ""gain"": 0.0}, {""block"": ""star_ris"", ""rho"": 1.0, ""gain"": 0.11105476376182111}, {""block"": ""rsma"", ""rho"": 1.0, ""gain"": 0.0}, {""block"": ""star_ris"", ""rho"": 2.0, ""gain"": 0.04656050742411466}, {""block"": ""rsma"", ""rho"": 1.0, ""gain"": -3.552713678800501e-15}, {""block"": ""star_ris"", ""rho"": 1.0, ""gain"": 0.07020058166704146}, {""block"": ""rsma"", ""rho"": 1.0, ""gain"": 0.0}, {""block"": ""star_ris"", ""rho"": 1.0, ""gain"": 0.06696957521446834}, {""block"": ""rsma"", ""rho"": 1.0, ""gain"": 0.0}, {""block"": ""star_ris"", ""rho"": 2.0, ""gain"": 0.05041481416126814}, {""block"": ""rsma"", ""rho"": 1.0, ""gain"": 0.0}, {""block"": ""star_ris"", ""rho"": 16.0, ""gain"": 0.05826803651508072}, {""block"": ""rsma"", ""rho"": 1.0, ""gain"": 0.0}, {""block"": ""star_ris"", ""rho"": 4.0, ""gain"": 0.009928277628365123}, {""block"": ""rsma"", ""rho"": 1.0, ""gain"": 0.0}, {""block"": ""star_ris"", ""rho"": 4.0, ""gain"": 0.0037123644720296056}, {""block"": ""rsma"", ""rho"": 1.0, ""gain"": 3.552713678800501e-15}, {""block"": ""star_ris"", ""rho"": 4.0, ""gain"": 0.04189593434175265}, {""block"": ""rsma"", ""rho"": 1.0, ""gain"": 3.552713678800501e-15}, {""block"": ""star_ris"", ""rho"": 2.0, ""gain"": 0.0036398083430349004}, {""block"": ""rsma"", ""rho"": 1.0, ""gain"": 0.0}, {""block"": ""star_ris"", ""rho"": 8.0, ""gain"": 0.006744496895727536}, {""block"": ""rsma"", ""rho"": 1.0, ""gain"": 3.552713678800501e-15}, {""block"": ""star_ris"", ""rho"": 16.0, ""gain"": 0.011612318524498733}, {""block"": ""rsma"", ""rho"": 1.0, ""gain"": 0.0}, {""block"": ""star_ris"", ""rho"": 32.0, ""gain"": 0.010686101990614816}, {""block"": ""rsma"", ""rho"": 1.0, ""gain"": 0.0}, {""block"": ""star_ris"", ""rho"": 16.0, ""gain"": 0.004551518454540826}, {""block"": ""rsma"", ""rho"": 1.0, ""gain"": 0.0}, {""block"": ""star_ris"", ""rho"": 16.0, ""gain"": 0.0005923301013233129}]",{},6083.131065,eb978e84730de4cf1e0579ad9e17edb700c67ba6eceac89d1fe3698763a419f7,fc61d5cda7da39530055bae9bd0e92865f995cd9,4e84455d08cacd9f85c432f7838c3be2cb0f000b55edc3487c6dee9520cc0b63
ao_sca,96,10000,929,test,18.4147070727326,18.4147070727326,1.0,True,0.0,9,5405,17,ao_sca_proximal_physical,analytical_ris_equal_allocation,"[1.8379900936636602, 18.301958974693925, 18.34391883970043, 18.347126046993033, 18.358986769408357, 18.395834707857045, 18.407644673170715, 18.410205280422694, 18.414644282492553, 18.414707072732597]","[{""block"": ""rsma"", ""rho"": 1.0, ""gain"": 16.34765484446337}, {""block"": ""star_ris"", ""rho"": 4.0, ""gain"": 0.11631403656689443}, {""block"": ""rsma"", ""rho"": 1.0, ""gain"": 3.552713678800501e-15}, {""block"": ""star_ris"", ""rho"": 8.0, ""gain"": 0.04195986500650051}, {""block"": ""rsma"", ""rho"": 1.0, ""gain"": 0.0}, {""block"": ""star_ris"", ""rho"": 8.0, ""gain"": 0.003207207292604153}, {""block"": ""rsma"", ""rho"": 1.0, ""gain"": 0.0}, {""block"": ""star_ris"", ""rho"": 8.0, ""gain"": 0.011860722415324432}, {""block"": ""rsma"", ""rho"": 1.0, ""gain"": -3.552713678800501e-15}, {""block"": ""star_ris"", ""rho"": 16.0, ""gain"": 0.03684793844869105}, {""block"": ""rsma"", ""rho"": 1.0, ""gain"": 0.0}, {""block"": ""star_ris"", ""rho"": 32.0, ""gain"": 0.01180996531367029}, {""block"": ""rsma"", ""rho"": 1.0, ""gain"": 3.552713678800501e-15}, {""block"": ""star_ris"", ""rho"": 16.0, ""gain"": 0.0025606072519757106}, {""block"": ""rsma"", ""rho"": 1.0, ""gain"": 0.0}, {""block"": ""star_ris"", ""rho"": 128.0, ""gain"": 0.004439002069858589}, {""block"": ""rsma"", ""rho"": 1.0, ""gain"": 3.552713678800501e-15}, {""block"": ""star_ris"", ""rho"": 512.0, ""gain"": 6.27902400403002e-05}]",{},3002.478879,eb978e84730de4cf1e0579ad9e17edb700c67ba6eceac89d1fe3698763a419f7,fc61d5cda7da39530055bae9bd0e92865f995cd9,4e84455d08cacd9f85c432f7838c3be2cb0f000b55edc3487c6dee9520cc0b63
ao_sca,96,10000,930,test,19.35834076612036,19.35834076612036,1.0,True,0.0,20,11958,37,ao_sca_proximal_physical,analytical_ris_equal_allocation,"[1.8379954892216115, 18.715634869026346, 18.74611330916509, 18.7610626930382, 18.768467440993504, 18.95127601702926, 18.963734372389588, 18.969951187057884, 19.029263732229033, 19.032252287029074, 19.11243923330167, 19.14108002250837, 19.197511487232713, 19.227100730948386, 19.22915607095188, 19.234247619491743, 19.25041889218637, 19.260741651288345, 19.330417865683934, 19.346434775471142, 19.35834076612036]","[{""block"": ""rsma"", ""rho"": 1.0, ""gain"": 16.124538120105157}, {""block"": ""star_ris"", ""rho"": 1.0, ""gain"": 0.7531012596995765}, {""block"": ""rsma"", ""rho"": 1.0, ""gain"": 0.0}, {""block"": ""star_ris"", ""rho"": 16.0, ""gain"": 0.03047844013874368}, {""block"": ""rsma"", ""rho"": 1.0, ""gain"": 0.0}, {""block"": ""star_ris"", ""rho"": 32.0, ""gain"": 0.014949383873108957}, {""block"": ""rsma"", ""rho"": 1.0, ""gain"": 0.0}, {""block"": ""star_ris"", ""rho"": 64.0, ""gain"": 0.007404747955305879}, {""block"": ""rsma"", ""rho"": 1.0, ""gain"": 0.0}, {""block"": ""star_ris"", ""rho"": 2.0, ""gain"": 0.1828085760357574}, {""block"": ""rsma"", ""rho"": 1.0, ""gain"": 0.0}, {""block"": ""star_ris"", ""rho"": 2.0, ""gain"": 0.012458355360326578}, {""block"": ""rsma"", ""rho"": 1.0, ""gain"": 0.0}, {""block"": ""star_ris"", ""rho"": 4.0, ""gain"": 0.0062168146682957115}, {""block"": ""rsma"", ""rho"": 1.0, ""gain"": 3.552713678800501e-15}, {""block"": ""star_ris"", ""rho"": 1.0, ""gain"": 0.059312545171145814}, {""block"": ""rsma"", ""rho"": 1.0, ""gain"": 0.0}, {""block"": ""star_ris"", ""rho"": 2.0, ""gain"": 0.002988554800040788}, {""block"": ""rsma"", ""rho"": 1.0, ""gain"": 0.0}, {""block"": ""star_ris"", ""rho"": 1.0, ""gain"": 0.08018694627259748}, {""block"": ""rsma"", ""rho"": 1.0, ""gain"": 0.0}, {""block"": ""star_ris"", ""rho"": 1.0, ""gain"": 0.028640789206697548}, {""block"": ""rsma"", ""rho"": 1.0, ""gain"": 0.0}, {""block"": ""star_ris"", ""rho"": 4.0, ""gain"": 0.05643146472434424}, {""block"": ""rsma"", ""rho"": 1.0, ""gain"": 0.0}, {""block"": ""star_ris"", ""rho"": 1.0, ""gain"": 0.029589243715673064}, {""block"": ""rsma"", ""rho"": 1.0, ""gain"": 0.0}, {""block"": ""star_ris"", ""rho"": 32.0, ""gain"": 0.002055340003494166}, {""block"": ""rsma"", ""rho"": 1.0, ""gain"": 0.0}, {""block"": ""star_ris"", ""rho"": 8.0, ""gain"": 0.0050915485398626}, {""block"": ""rsma"", ""rho"": 1.0, ""gain"": 0.0}, {""block"": ""star_ris"", ""rho"": 4.0, ""gain"": 0.016171272694627703}, {""block"": ""rsma"", ""rho"": 1.0, ""gain"": 3.552713678800501e-15}, {""block"": ""star_ris"", ""rho"": 1.0, ""gain"": 0.010322759101971002}, {""block"": ""rsma"", ""rho"": 1.0, ""gain"": 3.552713678800501e-15}, {""block"": ""star_ris"", ""rho"": 2.0, ""gain"": 0.06967621439558513}, {""block"": ""rsma"", ""rho"": 1.0, ""gain"": -3.552713678800501e-15}, {""block"": ""star_ris"", ""rho"": 4.0, ""gain"": 0.016016909787211375}, {""block"": ""rsma"", ""rho"": 1.0, ""gain"": 3.552713678800501e-15}, {""block"": ""star_ris"", ""rho"": 4.0, ""gain"": 0.011905990649214715}]",{},6600.952721,eb978e84730de4cf1e0579ad9e17edb700c67ba6eceac89d1fe3698763a419f7,fc61d5cda7da39530055bae9bd0e92865f995cd9,4e84455d08cacd9f85c432f7838c3be2cb0f000b55edc3487c6dee9520cc0b63
ao_sca,96,10000,931,test,18.686286564431843,18.686286564431843,1.0,True,0.0,4,2398,7,ao_sca_proximal_physical,analytical_ris_equal_allocation,"[1.8380027399365864, 18.60329665725306, 18.619898693620364, 18.68597878750232, 18.686286564431843]","[{""block"": ""rsma"", ""rho"": 1.0, ""gain"": 16.666284611949774}, {""block"": ""star_ris"", ""rho"": 4.0, ""gain"": 0.09900930536669961}, {""block"": ""rsma"", ""rho"": 1.0, ""gain"": 0.0}, {""block"": ""star_ris"", ""rho"": 1.0, ""gain"": 0.01660203636730273}, {""block"": ""rsma"", ""rho"": 1.0, ""gain"": 3.552713678800501e-15}, {""block"": ""star_ris"", ""rho"": 8.0, ""gain"": 0.06608009388195413}, {""block"": ""rsma"", ""rho"": 1.0, ""gain"": 0.0}, {""block"": ""star_ris"", ""rho"": 256.0, ""gain"": 0.00030777692952099756}]",{},1293.551094,eb978e84730de4cf1e0579ad9e17edb700c67ba6eceac89d1fe3698763a419f7,fc61d5cda7da39530055bae9bd0e92865f995cd9,4e84455d08cacd9f85c432f7838c3be2cb0f000b55edc3487c6dee9520cc0b63
ao_sca,96,10000,932,test,19.033392116568717,19.033392116568717,1.0,True,0.0,12,7167,22,ao_sca_proximal_physical,analytical_ris_equal_allocation,"[1.8379843311423845, 18.245172966025713, 18.342071621678514, 18.450492334550198, 18.55066664206296, 18.58276907572365, 18.58727689801215, 18.64334644816396, 18.726109528002045, 18.822313694264494, 18.88939541579925, 19.03290209011785, 19.033392116568713]","[{""block"": ""rsma"", ""rho"": 1.0, ""gain"": 16.097085238520943}, {""block"": ""star_ris"", ""rho"": 2.0, ""gain"": 0.31010339636238626}, {""block"": ""rsma"", ""rho"": 1.0, ""gain"": 0.0}, {""block"": ""star_ris"", ""rho"": 1.0, ""gain"": 0.09689865565280087}, {""block"": ""rsma"", ""rho"": 1.0, ""gain"": 3.552713678800501e-15}, {""block"": ""star_ris"", ""rho"": 2.0, ""gain"": 0.10842071287168054}, {""block"": ""rsma"", ""rho"": 1.0, ""gain"": -3.552713678800501e-15}, {""block"": ""star_ris"", ""rho"": 1.0, ""gain"": 0.10017430751276635}, {""block"": ""rsma"", ""rho"": 1.0, ""gain"": 0.0}, {""block"": ""star_ris"", ""rho"": 1.0, ""gain"": 0.032102433660689655}, {""block"": ""rsma"", ""rho"": 1.0, ""gain"": 3.552713678800501e-15}, {""block"": ""star_ris"", ""rho"": 2.0, ""gain"": 0.004507822288495333}, {""block"": ""rsma"", ""rho"": 1.0, ""gain"": -3.552713678800501e-15}, {""block"": ""star_ris"", ""rho"": 1.0, ""gain"": 0.056069550151814695}, {""block"": ""rsma"", ""rho"": 1.0, ""gain"": 0.0}, {""block"": ""star_ris"", ""rho"": 2.0, ""gain"": 0.08276307983808451}, {""block"": ""rsma"", ""rho"": 1.0, ""gain"": 0.0}, {""block"": ""star_ris"", ""rho"": 1.0, ""gain"": 0.09620416626244932}, {""block"": ""rsma"", ""rho"": 1.0, ""gain"": 0.0}, {""block"": ""star_ris"", ""rho"": 2.0, ""gain"": 0.06708172153475545}, {""block"": ""rsma"", ""rho"": 1.0, ""gain"": 0.0}, {""block"": ""star_ris"", ""rho"": 4.0, ""gain"": 0.1435066743186013}, {""block"": ""rsma"", ""rho"": 1.0, ""gain"": 0.0}, {""block"": ""star_ris"", ""rho"": 128.0, ""gain"": 0.0004900264508620467}]",{},3893.775949,eb978e84730de4cf1e0579ad9e17edb700c67ba6eceac89d1fe3698763a419f7,fc61d5cda7da39530055bae9bd0e92865f995cd9,4e84455d08cacd9f85c432f7838c3be2cb0f000b55edc3487c6dee9520cc0b63
ao_sca,96,10000,933,test,19.05511410129336,19.05511410129336,1.0,True,0.0,15,8990,24,ao_sca_proximal_physical,analytical_ris_equal_allocation,"[1.837987323728938, 18.565672573999215, 18.574124801368242, 18.583956225017538, 18.946694369773425, 18.956491612323582, 18.958569318259226, 18.96236199989444, 18.973017980753433, 18.989422874355455, 18.998498423735214, 19.034176889349908, 19.040675324709923, 19.046428270712653, 19.055049091606445, 19.055114101293356]","[{""block"": ""rsma"", ""rho"": 1.0, ""gain"": 15.72929940385346}, {""block"": ""star_ris"", ""rho"": 1.0, ""gain"": 0.9983858464168165}, {""block"": ""rsma"", ""rho"": 1.0, ""gain"": 0.0}, {""block"": ""star_ris"", ""rho"": 4.0, ""gain"": 0.008452227369026843}, {""block"": ""rsma"", ""rho"": 1.0, ""gain"": 3.552713678800501e-15}, {""block"": ""star_ris"", ""rho"": 1.0, ""gain"": 0.009831423649291793}, {""block"": ""rsma"", ""rho"": 1.0, ""gain"": 0.0}, {""block"": ""star_ris"", ""rho"": 1.0, ""gain"": 0.3627381447558875}, {""block"": ""rsma"", ""rho"": 1.0, ""gain"": 0.0}, {""block"": ""star_ris"", ""rho"": 2.0, ""gain"": 0.009797242550156682}, {""block"": ""rsma"", ""rho"": 1.0, ""gain"": 0.0}, {""block"": ""star_ris"", ""rho"": 512.0, ""gain"": 0.0020777059356440475}, {""block"": ""rsma"", ""rho"": 1.0, ""gain"": 7.105427357601002e-15}, {""block"": ""star_ris"", ""rho"": 16.0, ""gain"": 0.0037926816352076287}, {""block"": ""rsma"", ""rho"": 1.0, ""gain"": -7.105427357601002e-15}, {""block"": ""star_ris"", ""rho"": 128.0, ""gain"": 0.010655980858999214}, {""block"": ""rsma"", ""rho"": 1.0, ""gain"": 3.552713678800501e-15}, {""block"": ""star_ris"", ""rho"": 8.0, ""gain"": 0.01640489360201869}, {""block"": ""rsma"", ""rho"": 1.0, ""gain"": 0.0}, {""block"": ""star_ris"", ""rho"": 32.0, ""gain"": 0.00907554937975874}, {""block"": ""rsma"", ""rho"": 1.0, ""gain"": 0.0}, {""block"": ""star_ris"", ""rho"": 8.0, ""gain"": 0.03567846561469423}, {""block"": ""rsma"", ""rho"": 1.0, ""gain"": 0.0}, {""block"": ""star_ris"", ""rho"": 32.0, ""gain"": 0.0064984353600152645}, {""block"": ""rsma"", ""rho"": 1.0, ""gain"": -3.552713678800501e-15}, {""block"": ""star_ris"", ""rho"": 8.0, ""gain"": 0.005752946002733239}, {""block"": ""rsma"", ""rho"": 1.0, ""gain"": 0.0}, {""block"": ""star_ris"", ""rho"": 8.0, ""gain"": 0.008620820893792569}, {""block"": ""rsma"", ""rho"": 1.0, ""gain"": 0.0}, {""block"": ""star_ris"", ""rho"": 16.0, ""gain"": 6.500968691014464e-05}]",{},4897.814575,eb978e84730de4cf1e0579ad9e17edb700c67ba6eceac89d1fe3698763a419f7,fc61d5cda7da39530055bae9bd0e92865f995cd9,4e84455d08cacd9f85c432f7838c3be2cb0f000b55edc3487c6dee9520cc0b63
ao_sca,96,10000,934,test,19.13145071233025,19.13145071233025,1.0,True,0.0,9,5375,17,ao_sca_proximal_physical,analytical_ris_equal_allocation,"[1.8379998950740635, 18.289160886721362, 18.462747518010623, 18.614186165894605, 18.710597679067632, 18.735410801696766, 18.741577953613778, 18.942814679733942, 19.131124457063652, 19.131450712330246]","[{""block"": ""rsma"", ""rho"": 1.0, ""gain"": 16.34864795244931}, {""block"": ""star_ris"", ""rho"": 8.0, ""gain"": 0.10251303919799071}, {""block"": ""rsma"", ""rho"": 1.0, ""gain"": 0.0}, {""block"": ""star_ris"", ""rho"": 2.0, ""gain"": 0.1735866312892611}, {""block"": ""rsma"", ""rho"": 1.0, ""gain"": 0.0}, {""block"": ""star_ris"", ""rho"": 2.0, ""gain"": 0.15143864788398176}, {""block"": ""rsma"", ""rho"": 1.0, ""gain"": 0.0}, {""block"": ""star_ris"", ""rho"": 2.0, ""gain"": 0.09641151317302743}, {""block"": ""rsma"", ""rho"": 1.0, ""gain"": 0.0}, {""block"": ""star_ris"", ""rho"": 1.0, ""gain"": 0.02481312262913349}, {""block"": ""rsma"", ""rho"": 1.0, ""gain"": 0.0}, {""block"": ""star_ris"", ""rho"": 1.0, ""gain"": 0.006167151917011893}, {""block"": ""rsma"", ""rho"": 1.0, ""gain"": 3.552713678800501e-15}, {""block"": ""star_ris"", ""rho"": 1.0, ""gain"": 0.20123672612016108}, {""block"": ""rsma"", ""rho"": 1.0, ""gain"": 0.0}, {""block"": ""star_ris"", ""rho"": 1.0, ""gain"": 0.18830977732971022}, {""block"": ""rsma"", ""rho"": 1.0, ""gain"": 3.552713678800501e-15}, {""block"": ""star_ris"", ""rho"": 16.0, ""gain"": 0.00032625526658947024}]",{},2892.408422,eb978e84730de4cf1e0579ad9e17edb700c67ba6eceac89d1fe3698763a419f7,fc61d5cda7da39530055bae9bd0e92865f995cd9,4e84455d08cacd9f85c432f7838c3be2cb0f000b55edc3487c6dee9520cc0b63
ao_sca,96,10000,935,test,19.06692527566881,19.06692527566881,1.0,True,0.0,20,11954,35,ao_sca_proximal_physical,analytical_ris_equal_allocation,"[1.8379967992927646, 18.497812129056292, 18.527296679642852, 18.60488266322924, 18.632476509886327, 18.72076167914235, 18.770234295590136, 18.81758621296303, 18.829068444181196, 18.895318880697726, 18.931722540452625, 18.941054165264664, 18.947718193431257, 18.95314341408376, 18.960163222901333, 18.99634288933594, 19.003129196634337, 19.007062235476592, 19.053902651059474, 19.06590379478183, 19.06692527566881]","[{""block"": ""rsma"", ""rho"": 1.0, ""gain"": 16.64711594132245}, {""block"": ""star_ris"", ""rho"": 1.0, ""gain"": 0.012699388441077986}, {""block"": ""rsma"", ""rho"": 1.0, ""gain"": 0.0}, {""block"": ""star_ris"", ""rho"": 2.0, ""gain"": 0.02948455058655952}, {""block"": ""rsma"", ""rho"": 1.0, ""gain"": -3.552713678800501e-15}, {""block"": ""star_ris"", ""rho"": 1.0, ""gain"": 0.0775859835863919}, {""block"": ""rsma"", ""rho"": 1.0, ""gain"": 0.0}, {""block"": ""star_ris"", ""rho"": 4.0, ""gain"": 0.027593846657087084}, {""block"": ""rsma"", ""rho"": 1.0, ""gain"": 3.552713678800501e-15}, {""block"": ""star_ris"", ""rho"": 1.0, ""gain"": 0.08828516925601804}, {""block"": ""rsma"", ""rho"": 1.0, ""gain"": 0.0}, {""block"": ""star_ris"", ""rho"": 2.0, ""gain"": 0.04947261644778678}, {""block"": ""rsma"", ""rho"": 1.0, ""gain"": 0.0}, {""block"": ""star_ris"", ""rho"": 1.0, ""gain"": 0.047351917372893126}, {""block"": ""rsma"", ""rho"": 1.0, ""gain"": 0.0}, {""block"": ""star_ris"", ""rho"": 2.0, ""gain"": 0.011482231218167271}, {""block"": ""rsma"", ""rho"": 1.0, ""gain"": 3.552713678800501e-15}, {""block"": ""star_ris"", ""rho"": 8.0, ""gain"": 0.06625043651652618}, {""block"": ""rsma"", ""rho"": 1.0, ""gain"": 0.0}, {""block"": ""star_ris"", ""rho"": 1.0, ""gain"": 0.036403659754899564}, {""block"": ""rsma"", ""rho"": 1.0, ""gain"": 0.0}, {""block"": ""star_ris"", ""rho"": 16.0, ""gain"": 0.009331624812038086}, {""block"": ""rsma"", ""rho"": 1.0, ""gain"": 0.0}, {""block"": ""star_ris"", ""rho"": 16.0, ""gain"": 0.006664028166593283}, {""block"": ""rsma"", ""rho"": 1.0, ""gain"": 0.0}, {""block"": ""star_ris"", ""rho"": 8.0, ""gain"": 0.005425220652501395}, {""block"": ""rsma"", ""rho"": 1.0, ""gain"": 0.0}, {""block"": ""star_ris"", ""rho"": 4.0, ""gain"": 0.007019808817574358}, {""block"": ""rsma"", ""rho"": 1.0, ""gain"": 0.0}, {""block"": ""star_ris"", ""rho"": 2.0, ""gain"": 0.036179666434605906}, {""block"": ""rsma"", ""rho"": 1.0, ""gain"": 3.552713678800501e-15}, {""block"": ""star_ris"", ""rho"": 8.0, ""gain"": 0.006786307298394689}, {""block"": ""rsma"", ""rho"": 1.0, ""gain"": 0.0}, {""block"": ""star_ris"", ""rho"": 2.0, ""gain"": 0.003933038842255598}, {""block"": ""rsma"", ""rho"": 1.0, ""gain"": -3.552713678800501e-15}, {""block"": ""star_ris"", ""rho"": 1.0, ""gain"": 0.04684041558288499}, {""block"": ""rsma"", ""rho"": 1.0, ""gain"": 3.552713678800501e-15}, {""block"": ""star_ris"", ""rho"": 2.0, ""gain"": 0.01200114372235106}, {""block"": ""rsma"", ""rho"": 1.0, ""gain"": 0.0}, {""block"": ""star_ris"", ""rho"": 64.0, ""gain"": 0.0010214808869832837}]",{},6462.870357,eb978e84730de4cf1e0579ad9e17edb700c67ba6eceac89d1fe3698763a419f7,fc61d5cda7da39530055bae9bd0e92865f995cd9,4e84455d08cacd9f85c432f7838c3be2cb0f000b55edc3487c6dee9520cc0b63
ao_sca,96,10000,936,test,18.821669369130674,18.821669369130674,1.0,True,0.0,7,4188,14,ao_sca_proximal_physical,analytical_ris_equal_allocation,"[1.837995719559314, 18.675971076558074, 18.698883267721286, 18.70116587399664, 18.733025046095367, 18.81533355383031, 18.82092408848531, 18.821669369130674]","[{""block"": ""rsma"", ""rho"": 1.0, ""gain"": 16.23281003064936}, {""block"": ""star_ris"", ""rho"": 1.0, ""gain"": 0.6051653263494003}, {""block"": ""rsma"", ""rho"": 1.0, ""gain"": 0.0}, {""block"": ""star_ris"", ""rho"": 8.0, ""gain"": 0.022912191163211304}, {""block"": ""rsma"", ""rho"": 1.0, ""gain"": 0.0}, {""block"": ""star_ris"", ""rho"": 2.0, ""gain"": 0.002282606275354482}, {""block"": ""rsma"", ""rho"": 1.0, ""gain"": 3.552713678800501e-15}, {""block"": ""star_ris"", ""rho"": 16.0, ""gain"": 0.031859172098723576}, {""block"": ""rsma"", ""rho"": 1.0, ""gain"": 3.552713678800501e-15}, {""block"": ""star_ris"", ""rho"": 1.0, ""gain"": 0.0823085077349397}, {""block"": ""rsma"", ""rho"": 1.0, ""gain"": 0.0}, {""block"": ""star_ris"", ""rho"": 8.0, ""gain"": 0.005590534654999146}, {""block"": ""rsma"", ""rho"": 1.0, ""gain"": 3.552713678800501e-15}, {""block"": ""star_ris"", ""rho"": 16.0, ""gain"": 0.0007452806453613903}]",{},2233.638562,eb978e84730de4cf1e0579ad9e17edb700c67ba6eceac89d1fe3698763a419f7,fc61d5cda7da39530055bae9bd0e92865f995cd9,4e84455d08cacd9f85c432f7838c3be2cb0f000b55edc3487c6dee9520cc0b63
ao_sca,96,10000,937,test,19.07133217571281,19.07133217571281,1.0,True,0.0,12,7165,22,ao_sca_proximal_physical,analytical_ris_equal_allocation,"[1.83798377831147, 18.217937946566668, 18.306977898820072, 18.56284133590381, 18.717269827168728, 18.722158203974786, 18.75048685582053, 18.89757268849628, 18.92486421068413, 18.963611761310354, 19.067350755805798, 19.069662525766052, 19.07133217571281]","[{""block"": ""rsma"", ""rho"": 1.0, ""gain"": 15.990779167685202}, {""block"": ""star_ris"", ""rho"": 1.0, ""gain"": 0.38917500056999543}, {""block"": ""rsma"", ""rho"": 1.0, ""gain"": 0.0}, {""block"": ""star_ris"", ""rho"": 1.0, ""gain"": 0.08903995225340466}, {""block"": ""rsma"", ""rho"": 1.0, ""gain"": 0.0}, {""block"": ""star_ris"", ""rho"": 1.0, ""gain"": 0.25586343708373604}, {""block"": ""rsma"", ""rho"": 1.0, ""gain"": 0.0}, {""block"": ""star_ris"", ""rho"": 1.0, ""gain"": 0.15442849126491964}, {""block"": ""rsma"", ""rho"": 1.0, ""gain"": 0.0}, {""block"": ""star_ris"", ""rho"": 1.0, ""gain"": 0.004888376806057693}, {""block"": ""rsma"", ""rho"": 1.0, ""gain"": 0.0}, {""block"": ""star_ris"", ""rho"": 1.0, ""gain"": 0.028328651845743735}, {""block"": ""rsma"", ""rho"": 1.0, ""gain"": -3.552713678800501e-15}, {""block"": ""star_ris"", ""rho"": 1.0, ""gain"": 0.14708583267575293}, {""block"": ""rsma"", ""rho"": 1.0, ""gain"": 0.0}, {""block"": ""star_ris"", ""rho"": 32.0, ""gain"": 0.027291522187852024}, {""block"": ""rsma"", ""rho"": 1.0, ""gain"": 0.0}, {""block"": ""star_ris"", ""rho"": 2.0, ""gain"": 0.038747550626222704}, {""block"": ""rsma"", ""rho"": 1.0, ""gain"": 0.0}, {""block"": ""star_ris"", ""rho"": 2.0, ""gain"": 0.1037389944954441}, {""block"": ""rsma"", ""rho"": 1.0, ""gain"": 0.0}, {""block"": ""star_ris"", ""rho"": 8.0, ""gain"": 0.002311769960254395}, {""block"": ""rsma"", ""rho"": 1.0, ""gain"": -3.552713678800501e-15}, {""block"": ""star_ris"", ""rho"": 4.0, ""gain"": 0.0016696499467627746}]",{},3902.993455,eb978e84730de4cf1e0579ad9e17edb700c67ba6eceac89d1fe3698763a419f7,fc61d5cda7da39530055bae9bd0e92865f995cd9,4e84455d08cacd9f85c432f7838c3be2cb0f000b55edc3487c6dee9520cc0b63
ao_sca,96,10000,938,test,19.02288822173611,19.02288822173611,1.0,True,0.0,18,10776,32,ao_sca_proximal_physical,analytical_ris_equal_allocation,"[1.8379966315481697, 18.511367658589702, 18.653778368647195, 18.717922773819563, 18.73531515033124, 18.739318231156894, 18.743101781233324, 18.77625188788446, 18.779543516562395, 18.81934388414116, 18.823621524225178, 18.831166913133593, 18.893479410600833, 18.95195329182041, 18.970980880259816, 19.0101175289123, 19.015884606582834, 19.021975031589008, 19.02288822173611]","[{""block"": ""rsma"", ""rho"": 1.0, ""gain"": 16.2945797281488}, {""block"": ""star_ris"", ""rho"": 2.0, ""gain"": 0.37879129889273244}, {""block"": ""rsma"", ""rho"": 1.0, ""gain"": 3.552713678800501e-15}, {""block"": ""star_ris"", ""rho"": 4.0, ""gain"": 0.14241071005749006}, {""block"": ""rsma"", ""rho"": 1.0, ""gain"": 0.0}, {""block"": ""star_ris"", ""rho"": 8.0, ""gain"": 0.06414440517236741}, {""block"": ""rsma"", ""rho"": 1.0, ""gain"": 3.552713678800501e-15}, {""block"": ""star_ris"", ""rho"": 16.0, ""gain"": 0.01739237651167258}, {""block"": ""rsma"", ""rho"": 1.0, ""gain"": 0.0}, {""block"": ""star_ris"", ""rho"": 4.0, ""gain"": 0.0040030808256545924}, {""block"": ""rsma"", ""rho"": 1.0, ""gain"": 0.0}, {""block"": ""star_ris"", ""rho"": 128.0, ""gain"": 0.0037835500764309415}, {""block"": ""rsma"", ""rho"": 1.0, ""gain"": 0.0}, {""block"": ""star_ris"", ""rho"": 1.0, ""gain"": 0.03315010665113505}, {""block"": ""rsma"", ""rho"": 1.0, ""gain"": 0.0}, {""block"": ""star_ris"", ""rho"": 4.0, ""gain"": 0.003291628677935421}, {""block"": ""rsma"", ""rho"": 1.0, ""gain"": 3.552713678800501e-15}, {""block"": ""star_ris"", ""rho"": 2.0, ""gain"": 0.03980036757875993}, {""block"": ""rsma"", ""rho"": 1.0, ""gain"": 0.0}, {""block"": ""star_ris"", ""rho"": 1.0, ""gain"": 0.004277640084019652}, {""block"": ""rsma"", ""rho"": 1.0, ""gain"": 3.552713678800501e-15}, {""block"": ""star_ris"", ""rho"": 8.0, ""gain"": 0.00754538890841161}, {""block"": ""rsma"", ""rho"": 1.0, ""gain"": 0.0}, {""block"": ""star_ris"", ""rho"": 4.0, ""gain"": 0.062312497467239325}, {""block"": ""rsma"", ""rho"": 1.0, ""gain"": 0.0}, {""block"": ""star_ris"", ""rho"": 2.0, ""gain"": 0.05847388121957664}, {""block"": ""rsma"", ""rho"": 1.0, ""gain"": 0.0}, {""block"": ""star_ris"", ""rho"": 4.0, ""gain"": 0.019027588439406884}, {""block"": ""rsma"", ""rho"": 1.0, ""gain"": -3.552713678800501e-15}, {""block"": ""star_ris"", ""rho"": 1.0, ""gain"": 0.03913664865248734}, {""block"": ""rsma"", ""rho"": 1.0, ""gain"": 0.0}, {""block"": ""star_ris"", ""rho"": 32.0, ""gain"": 0.005767077670533638}, {""block"": ""rsma"", ""rho"": 1.0, ""gain"": 0.0}, {""block"": ""star_ris"", ""rho"": 64.0, ""gain"": 0.006090425006174627}, {""block"": ""rsma"", ""rho"": 1.0, ""gain"": 0.0}, {""block"": ""star_ris"", ""rho"": 64.0, ""gain"": 0.0009131901471022275}]",{},5884.767715,eb978e84730de4cf1e0579ad9e17edb700c67ba6eceac89d1fe3698763a419f7,fc61d5cda7da39530055bae9bd0e92865f995cd9,4e84455d08cacd9f85c432f7838c3be2cb0f000b55edc3487c6dee9520cc0b63
ao_sca,96,10000,939,test,19.305416932436334,19.305416932436334,1.0,True,0.0,8,4776,16,ao_sca_proximal_physical,analytical_ris_equal_allocation,"[1.8380117160635594, 18.78985917426828, 18.978511625234407, 19.02932644202361, 19.120428779515787, 19.1733762857573, 19.21803679535132, 19.30523292191285, 19.305416932436334]","[{""block"": ""rsma"", ""rho"": 1.0, ""gain"": 16.9369585910681}, {""block"": ""star_ris"", ""rho"": 2.0, ""gain"": 0.01488886713661941}, {""block"": ""rsma"", ""rho"": 1.0, ""gain"": 0.0}, {""block"": ""star_ris"", ""rho"": 1.0, ""gain"": 0.18865245096612782}, {""block"": ""rsma"", ""rho"": 1.0, ""gain"": 0.0}, {""block"": ""star_ris"", ""rho"": 1.0, ""gain"": 0.05081481678920241}, {""block"": ""rsma"", ""rho"": 1.0, ""gain"": 0.0}, {""block"": ""star_ris"", ""rho"": 1.0, ""gain"": 0.09110233749217755}, {""block"": ""rsma"", ""rho"": 1.0, ""gain"": 0.0}, {""block"": ""star_ris"", ""rho"": 2.0, ""gain"": 0.05294750624151234}, {""block"": ""rsma"", ""rho"": 1.0, ""gain"": 0.0}, {""block"": ""star_ris"", ""rho"": 1.0, ""gain"": 0.04466050959402068}, {""block"": ""rsma"", ""rho"": 1.0, ""gain"": 0.0}, {""block"": ""star_ris"", ""rho"": 1.0, ""gain"": 0.08719612656152975}, {""block"": ""rsma"", ""rho"": 1.0, ""gain"": -3.552713678800501e-15}, {""block"": ""star_ris"", ""rho"": 32.0, ""gain"": 0.0001840105234869327}]",{},2571.455966,eb978e84730de4cf1e0579ad9e17edb700c67ba6eceac89d1fe3698763a419f7,fc61d5cda7da39530055bae9bd0e92865f995cd9,4e84455d08cacd9f85c432f7838c3be2cb0f000b55edc3487c6dee9520cc0b63
ao_sca,96,10000,940,test,18.75633703936723,18.75633703936723,1.0,True,0.0,9,5379,14,ao_sca_proximal_physical,analytical_ris_equal_allocation,"[1.8379739125065784, 18.174917850910397, 18.406070931167196, 18.449497135449555, 18.4957591122389, 18.508709191945464, 18.719180950337996, 18.734746667883023, 18.75594297420951, 18.75633703936723]","[{""block"": ""rsma"", ""rho"": 1.0, ""gain"": 15.578772030183321}, {""block"": ""star_ris"", ""rho"": 1.0, ""gain"": 0.758171908220497}, {""block"": ""rsma"", ""rho"": 1.0, ""gain"": 0.0}, {""block"": ""star_ris"", ""rho"": 2.0, ""gain"": 0.23115308025679937}, {""block"": ""rsma"", ""rho"": 1.0, ""gain"": 0.0}, {""block"": ""star_ris"", ""rho"": 2.0, ""gain"": 0.04342620428235833}, {""block"": ""rsma"", ""rho"": 1.0, ""gain"": 0.0}, {""block"": ""star_ris"", ""rho"": 2.0, ""gain"": 0.04626197678934574}, {""block"": ""rsma"", ""rho"": 1.0, ""gain"": 0.0}, {""block"": ""star_ris"", ""rho"": 2.0, ""gain"": 0.012950079706563145}, {""block"": ""rsma"", ""rho"": 1.0, ""gain"": 0.0}, {""block"": ""star_ris"", ""rho"": 2.0, ""gain"": 0.21047175839253285}, {""block"": ""rsma"", ""rho"": 1.0, ""gain"": 0.0}, {""block"": ""star_ris"", ""rho"": 4.0, ""gain"": 0.015565717545026558}, {""block"": ""rsma"", ""rho"": 1.0, ""gain"": 0.0}, {""block"": ""star_ris"", ""rho"": 2.0, ""gain"": 0.021196306326487502}, {""block"": ""rsma"", ""rho"": 1.0, ""gain"": 0.0}, {""block"": ""star_ris"", ""rho"": 64.0, ""gain"": 0.0003940651577210019}]",{},2949.462068,eb978e84730de4cf1e0579ad9e17edb700c67ba6eceac89d1fe3698763a419f7,fc61d5cda7da39530055bae9bd0e92865f995cd9,4e84455d08cacd9f85c432f7838c3be2cb0f000b55edc3487c6dee9520cc0b63
ao_sca,96,10000,941,test,18.834257197771723,18.834257197771723,1.0,True,0.0,17,10180,32,ao_sca_proximal_physical,analytical_ris_equal_allocation,"[1.83797032434919, 17.65705567739322, 17.690075716693723, 17.729281628370202, 18.140047922689625, 18.21975018677839, 18.22925163957788, 18.23397242703051, 18.38756701547136, 18.512739828594977, 18.61513607357251, 18.617009922365686, 18.623166724568478, 18.654245342867007, 18.79241636984008, 18.824668741612403, 18.834101782488517, 18.834257197771723]","[{""block"": ""rsma"", ""rho"": 1.0, ""gain"": 15.749941704466533}, {""block"": ""star_ris"", ""rho"": 16.0, ""gain"": 0.06914364857749788}, {""block"": ""rsma"", ""rho"": 1.0, ""gain"": -3.552713678800501e-15}, {""block"": ""star_ris"", ""rho"": 32.0, ""gain"": 0.033020039300506454}, {""block"": ""rsma"", ""rho"": 1.0, ""gain"": 3.552713678800501e-15}, {""block"": ""star_ris"", ""rho"": 1.0, ""gain"": 0.03920591167647558}, {""block"": ""rsma"", ""rho"": 1.0, ""gain"": 0.0}, {""block"": ""star_ris"", ""rho"": 2.0, ""gain"": 0.4107662943194228}, {""block"": ""rsma"", ""rho"": 1.0, ""gain"": 0.0}, {""block"": ""star_ris"", ""rho"": 8.0, ""gain"": 0.07970226408876613}, {""block"": ""rsma"", ""rho"": 1.0, ""gain"": 0.0}, {""block"": ""star_ris"", ""rho"": 64.0, ""gain"": 0.009501452799486998}, {""block"": ""rsma"", ""rho"": 1.0, ""gain"": 0.0}, {""block"": ""star_ris"", ""rho"": 128.0, ""gain"": 0.004720787452630049}, {""block"": ""rsma"", ""rho"": 1.0, ""gain"": 0.0}, {""block"": ""star_ris"", ""rho"": 1.0, ""gain"": 0.15359458844085339}, {""block"": ""rsma"", ""rho"": 1.0, ""gain"": 0.0}, {""block"": ""star_ris"", ""rho"": 2.0, ""gain"": 0.1251728131236156}, {""block"": ""rsma"", ""rho"": 1.0, ""gain"": 0.0}, {""block"": ""star_ris"", ""rho"": 8.0, ""gain"": 0.10239624497753397}, {""block"": ""rsma"", ""rho"": 1.0, ""gain"": 0.0}, {""block"": ""star_ris"", ""rho"": 2.0, ""gain"": 0.0018738487931742043}, {""block"": ""rsma"", ""rho"": 1.0, ""gain"": 0.0}, {""block"": ""star_ris"", ""rho"": 8.0, ""gain"": 0.006156802202792022}, {""block"": ""rsma"", ""rho"": 1.0, ""gain"": 0.0}, {""block"": ""star_ris"", ""rho"": 2.0, ""gain"": 0.031078618298529648}, {""block"": ""rsma"", ""rho"": 1.0, ""gain"": 0.0}, {""block"": ""star_ris"", ""rho"": 2.0, ""gain"": 0.13817102697307249}, {""block"": ""rsma"", ""rho"": 1.0, ""gain"": 0.0}, {""block"": ""star_ris"", ""rho"": 4.0, ""gain"": 0.032252371772322874}, {""block"": ""rsma"", ""rho"": 1.0, ""gain"": 3.552713678800501e-15}, {""block"": ""star_ris"", ""rho"": 8.0, ""gain"": 0.009433040876110965}, {""block"": ""rsma"", ""rho"": 1.0, ""gain"": 0.0}, {""block"": ""star_ris"", ""rho"": 64.0, ""gain"": 0.00015541528320639486}]",{},5484.224085,eb978e84730de4cf1e0579ad9e17edb700c67ba6eceac89d1fe3698763a419f7,fc61d5cda7da39530055bae9bd0e92865f995cd9,4e84455d08cacd9f85c432f7838c3be2cb0f000b55edc3487c6dee9520cc0b63
ao_sca,96,10000,942,test,20.669326048998016,20.669326048998016,1.0,True,0.0,20,12237,23,ao_sca_proximal_physical,analytical_ris_equal_allocation,"[1.8379278056004393, 17.039058380738993, 17.091769346528316, 17.574057962859367, 19.30718656486706, 19.313689594244646, 19.508632860699077, 19.550529624539266, 19.852772800437005, 20.079854299525742, 20.16745581427908, 20.17262505930662, 20.325477371019865, 20.357609766808174, 20.37341832313046, 20.381570337461667, 20.503149936870425, 20.58846511843815, 20.657327836469232, 20.66535071784056, 20.669326048998016]","[{""block"": ""rsma"", ""rho"": 1.0, ""gain"": 14.626605558186647}, {""block"": ""star_ris"", ""rho"": 4.0, ""gain"": 0.574525016951906}, {""block"": ""rsma"", ""rho"": 65536.0, ""gain"": 0.0}, {""block"": ""star_ris"", ""rho"": 32.0, ""gain"": 0.05271096578932344}, {""block"": ""rsma"", ""rho"": 1024.0, ""gain"": 0.3620661839787864}, {""block"": ""star_ris"", ""rho"": 4.0, ""gain"": 0.12022243235226426}, {""block"": ""rsma"", ""rho"": 128.0, ""gain"": 1.6789161766547238}, {""block"": ""star_ris"", ""rho"": 8.0, ""gain"": 0.05421242535296855}, {""block"": ""rsma"", ""rho"": 65536.0, ""gain"": 0.0}, {""block"": ""star_ris"", ""rho"": 64.0, ""gain"": 0.006503029377586955}, {""block"": ""rsma"", ""rho"": 65536.0, ""gain"": 0.0}, {""block"": ""star_ris"", ""rho"": 2.0, ""gain"": 0.1949432664544304}, {""block"": ""rsma"", ""rho"": 65536.0, ""gain"": 0.0}, {""block"": ""star_ris"", ""rho"": 8.0, ""gain"": 0.04189676384018881}, {""block"": ""rsma"", ""rho"": 65536.0, ""gain"": 0.0}, {""block"": ""star_ris"", ""rho"": 1.0, ""gain"": 0.30224317589773975}, {""block"": ""rsma"", ""rho"": 65536.0, ""gain"": 0.0}, {""block"": ""star_ris"", ""rho"": 1.0, ""gain"": 0.22708149908873665}, {""block"": ""rsma"", ""rho"": 65536.0, ""gain"": 0.0}, {""block"": ""star_ris"", ""rho"": 2.0, ""gain"": 0.087601514753338}, {""block"": ""rsma"", ""rho"": 65536.0, ""gain"": 0.0}, {""block"": ""star_ris"", ""rho"": 32.0, ""gain"": 0.0051692450275382384}, {""block"": ""rsma"", ""rho"": 65536.0, ""gain"": 0.0}, {""block"": ""star_ris"", ""rho"": 1.0, ""gain"": 0.15285231171324654}, {""block"": ""rsma"", ""rho"": 65536.0, ""gain"": 0.0}, {""block"": ""star_ris"", ""rho"": 4.0, ""gain"": 0.03213239578830951}, {""block"": ""rsma"", ""rho"": 65536.0, ""gain"": 0.0}, {""block"": ""star_ris"", ""rho"": 8.0, ""gain"": 0.015808556322284062}, {""block"": ""rsma"", ""rho"": 65536.0, ""gain"": 0.0}, {""block"": ""star_ris"", ""rho"": 16.0, ""gain"": 0.008152014331209045}, {""block"": ""rsma"", ""rho"": 65536.0, ""gain"": 0.0}, {""block"": ""star_ris"", ""rho"": 1.0, ""gain"": 0.12157959940875784}, {""block"": ""rsma"", ""rho"": 65536.0, ""gain"": 0.0}, {""block"": ""star_ris"", ""rho"": 1.0, ""gain"": 0.08531518156772577}, {""block"": ""rsma"", ""rho"": 65536.0, ""gain"": 0.0}, {""block"": ""star_ris"", ""rho"": 1.0, ""gain"": 0.06886271803108102}, {""block"": ""rsma"", ""rho"": 65536.0, ""gain"": 0.0}, {""block"": ""star_ris"", ""rho"": 8.0, ""gain"": 0.008022881371328339}, {""block"": ""rsma"", ""rho"": 65536.0, ""gain"": 0.0}, {""block"": ""star_ris"", ""rho"": 16.0, ""gain"": 0.0039753311574557415}]",{},6657.251136,eb978e84730de4cf1e0579ad9e17edb700c67ba6eceac89d1fe3698763a419f7,fc61d5cda7da39530055bae9bd0e92865f995cd9,4e84455d08cacd9f85c432f7838c3be2cb0f000b55edc3487c6dee9520cc0b63
ao_sca,96,10000,943,test,18.70019850268905,18.70019850268905,1.0,True,0.0,13,7783,22,ao_sca_proximal_physical,analytical_ris_equal_allocation,"[1.8379848047940923, 18.19106602839754, 18.26229005539601, 18.483131988794344, 18.489290239918915, 18.567202880907423, 18.569673181601658, 18.575866946515468, 18.615270580975597, 18.634731753200953, 18.644418043172323, 18.671004691736997, 18.698544602846496, 18.700198502689055]","[{""block"": ""rsma"", ""rho"": 1.0, ""gain"": 16.07201960426389}, {""block"": ""star_ris"", ""rho"": 1.0, ""gain"": 0.28106161933955676}, {""block"": ""rsma"", ""rho"": 1.0, ""gain"": 0.0}, {""block"": ""star_ris"", ""rho"": 2.0, ""gain"": 0.07122402699847186}, {""block"": ""rsma"", ""rho"": 1.0, ""gain"": 0.0}, {""block"": ""star_ris"", ""rho"": 2.0, ""gain"": 0.2208419333983329}, {""block"": ""rsma"", ""rho"": 1.0, ""gain"": 0.0}, {""block"": ""star_ris"", ""rho"": 4.0, ""gain"": 0.006158251124571024}, {""block"": ""rsma"", ""rho"": 1.0, ""gain"": 0.0}, {""block"": ""star_ris"", ""rho"": 4.0, ""gain"": 0.07791264098850803}, {""block"": ""rsma"", ""rho"": 1.0, ""gain"": 0.0}, {""block"": ""star_ris"", ""rho"": 2.0, ""gain"": 0.002470300694234595}, {""block"": ""rsma"", ""rho"": 1.0, ""gain"": 0.0}, {""block"": ""star_ris"", ""rho"": 4.0, ""gain"": 0.006193764913810185}, {""block"": ""rsma"", ""rho"": 1.0, ""gain"": 0.0}, {""block"": ""star_ris"", ""rho"": 16.0, ""gain"": 0.039403634460128956}, {""block"": ""rsma"", ""rho"": 1.0, ""gain"": -3.552713678800501e-15}, {""block"": ""star_ris"", ""rho"": 32.0, ""gain"": 0.019461172225359036}, {""block"": ""rsma"", ""rho"": 1.0, ""gain"": 0.0}, {""block"": ""star_ris"", ""rho"": 64.0, ""gain"": 0.009686289971369888}, {""block"": ""rsma"", ""rho"": 1.0, ""gain"": 3.552713678800501e-15}, {""block"": ""star_ris"", ""rho"": 1.0, ""gain"": 0.026586648564670412}, {""block"": ""rsma"", ""rho"": 1.0, ""gain"": 0.0}, {""block"": ""star_ris"", ""rho"": 16.0, ""gain"": 0.027539911109499826}, {""block"": ""rsma"", ""rho"": 1.0, ""gain"": 3.552713678800501e-15}, {""block"": ""star_ris"", ""rho"": 64.0, ""gain"": 0.001653899842555262}]",{},4185.611598,eb978e84730de4cf1e0579ad9e17edb700c67ba6eceac89d1fe3698763a419f7,fc61d5cda7da39530055bae9bd0e92865f995cd9,4e84455d08cacd9f85c432f7838c3be2cb0f000b55edc3487c6dee9520cc0b63
ao_sca,96,10000,944,test,19.01018600025452,19.01018600025452,1.0,True,0.0,14,8378,25,ao_sca_proximal_physical,analytical_ris_equal_allocation,"[1.837990418860318, 18.359977497531137, 18.38414059057712, 18.39008652653118, 18.479944659934034, 18.522083919872955, 18.52721043469706, 18.54119993485303, 18.60058057473162, 18.62310351616581, 18.655513634630175, 18.944535903051023, 18.98590863841845, 19.00996364067663, 19.01018600025452]","[{""block"": ""rsma"", ""rho"": 1.0, ""gain"": 16.29984526861801}, {""block"": ""star_ris"", ""rho"": 4.0, ""gain"": 0.22214181005280764}, {""block"": ""rsma"", ""rho"": 1.0, ""gain"": -3.552713678800501e-15}, {""block"": ""star_ris"", ""rho"": 32.0, ""gain"": 0.02416309304598485}, {""block"": ""rsma"", ""rho"": 1.0, ""gain"": 0.0}, {""block"": ""star_ris"", ""rho"": 128.0, ""gain"": 0.005945935954063231}, {""block"": ""rsma"", ""rho"": 1.0, ""gain"": -3.552713678800501e-15}, {""block"": ""star_ris"", ""rho"": 8.0, ""gain"": 0.08985813340285631}, {""block"": ""rsma"", ""rho"": 1.0, ""gain"": 0.0}, {""block"": ""star_ris"", ""rho"": 16.0, ""gain"": 0.04213925993892076}, {""block"": ""rsma"", ""rho"": 1.0, ""gain"": 0.0}, {""block"": ""star_ris"", ""rho"": 128.0, ""gain"": 0.0051265148241057545}, {""block"": ""rsma"", ""rho"": 1.0, ""gain"": 0.0}, {""block"": ""star_ris"", ""rho"": 2.0, ""gain"": 0.01398950015596867}, {""block"": ""rsma"", ""rho"": 1.0, ""gain"": -3.552713678800501e-15}, {""block"": ""star_ris"", ""rho"": 1.0, ""gain"": 0.059380639878593655}, {""block"": ""rsma"", ""rho"": 1.0, ""gain"": -3.552713678800501e-15}, {""block"": ""star_ris"", ""rho"": 1.0, ""gain"": 0.0225229414341932}, {""block"": ""rsma"", ""rho"": 1.0, ""gain"": 0.0}, {""block"": ""star_ris"", ""rho"": 1.0, ""gain"": 0.03241011846436592}, {""block"": ""rsma"", ""rho"": 1.0, ""gain"": 0.0}, {""block"": ""star_ris"", ""rho"": 1.0, ""gain"": 0.28902226842084744}, {""block"": ""rsma"", ""rho"": 1.0, ""gain"": 0.0}, {""block"": ""star_ris"", ""rho"": 4.0, ""gain"": 0.04137273536742825}, {""block"": ""rsma"", ""rho"": 1.0, ""gain"": 0.0}, {""block"": ""star_ris"", ""rho"": 2.0, ""gain"": 0.024055002258180025}, {""block"": ""rsma"", ""rho"": 1.0, ""gain"": -7.105427357601002e-15}, {""block"": ""star_ris"", ""rho"": 2.0, ""gain"": 0.00022235957789717986}]",{},4618.270549,eb978e84730de4cf1e0579ad9e17edb700c67ba6eceac89d1fe3698763a419f7,fc61d5cda7da39530055bae9bd0e92865f995cd9,4e84455d08cacd9f85c432f7838c3be2cb0f000b55edc3487c6dee9520cc0b63
ao_sca,96,10000,945,test,17.634047480887062,17.634047480887062,1.0,True,0.0,2,1194,4,ao_sca_proximal_physical,analytical_ris_equal_allocation,"[1.837950882907823, 17.633888333797987, 17.634047480887062]","[{""block"": ""rsma"", ""rho"": 1.0, ""gain"": 15.757551330638968}, {""block"": ""star_ris"", ""rho"": 2.0, ""gain"": 0.03838612025119659}, {""block"": ""rsma"", ""rho"": 1.0, ""gain"": 0.0}, {""block"": ""star_ris"", ""rho"": 1.0, ""gain"": 0.00015914708907516228}]",{},643.155942,eb978e84730de4cf1e0579ad9e17edb700c67ba6eceac89d1fe3698763a419f7,fc61d5cda7da39530055bae9bd0e92865f995cd9,4e84455d08cacd9f85c432f7838c3be2cb0f000b55edc3487c6dee9520cc0b63
ao_sca,96,10000,946,test,18.90683913532709,18.90683913532709,1.0,True,0.0,6,3590,11,ao_sca_proximal_physical,analytical_ris_equal_allocation,"[1.8379953394047768, 18.167853540820524, 18.31642427329015, 18.6627076673441, 18.886839747655905, 18.906381084668418, 18.906839135327086]","[{""block"": ""rsma"", ""rho"": 1.0, ""gain"": 16.2867098021895}, {""block"": ""star_ris"", ""rho"": 16.0, ""gain"": 0.043148399226247136}, {""block"": ""rsma"", ""rho"": 1.0, ""gain"": -3.552713678800501e-15}, {""block"": ""star_ris"", ""rho"": 1.0, ""gain"": 0.14857073246962926}, {""block"": ""rsma"", ""rho"": 1.0, ""gain"": 0.0}, {""block"": ""star_ris"", ""rho"": 1.0, ""gain"": 0.3462833940539518}, {""block"": ""rsma"", ""rho"": 1.0, ""gain"": 7.105427357601002e-15}, {""block"": ""star_ris"", ""rho"": 2.0, ""gain"": 0.2241320803117972}, {""block"": ""rsma"", ""rho"": 1.0, ""gain"": 0.0}, {""block"": ""star_ris"", ""rho"": 16.0, ""gain"": 0.019541337012512372}, {""block"": ""rsma"", ""rho"": 1.0, ""gain"": -3.552713678800501e-15}, {""block"": ""star_ris"", ""rho"": 16.0, ""gain"": 0.00045805065867199346}]",{},1917.558402,eb978e84730de4cf1e0579ad9e17edb700c67ba6eceac89d1fe3698763a419f7,fc61d5cda7da39530055bae9bd0e92865f995cd9,4e84455d08cacd9f85c432f7838c3be2cb0f000b55edc3487c6dee9520cc0b63
ao_sca,96,10000,947,test,18.690487738970933,18.690487738970933,1.0,True,0.0,3,1793,6,ao_sca_proximal_physical,analytical_ris_equal_allocation,"[1.8379923191247902, 18.412187761872914, 18.689514956052054, 18.690487738970933]","[{""block"": ""rsma"", ""rho"": 1.0, ""gain"": 16.148703657046326}, {""block"": ""star_ris"", ""rho"": 1.0, ""gain"": 0.4254917857017979}, {""block"": ""rsma"", ""rho"": 1.0, ""gain"": 3.552713678800501e-15}, {""block"": ""star_ris"", ""rho"": 1.0, ""gain"": 0.2773271941791364}, {""block"": ""rsma"", ""rho"": 1.0, ""gain"": -3.552713678800501e-15}, {""block"": ""star_ris"", ""rho"": 16.0, ""gain"": 0.0009727829188825865}]",{},971.854359,eb978e84730de4cf1e0579ad9e17edb700c67ba6eceac89d1fe3698763a419f7,fc61d5cda7da39530055bae9bd0e92865f995cd9,4e84455d08cacd9f85c432f7838c3be2cb0f000b55edc3487c6dee9520cc0b63
ao_sca,96,10000,948,test,18.822102241846046,18.822102241846046,1.0,True,0.0,18,10770,33,ao_sca_proximal_physical,analytical_ris_equal_allocation,"[1.8379755183180029, 17.975177274951136, 17.99533139079458, 18.18878714591991, 18.44143245682178, 18.465359825238032, 18.473033825785002, 18.492876744635083, 18.56083075670704, 18.564882795294977, 18.584032066116805, 18.680460175612307, 18.682604963270876, 18.69074030959872, 18.695344370476988, 18.721152849751142, 18.739927332477972, 18.82190320172255, 18.822102241846046]","[{""block"": ""rsma"", ""rho"": 1.0, ""gain"": 15.712375401613034}, {""block"": ""star_ris"", ""rho"": 2.0, ""gain"": 0.42482635502009813}, {""block"": ""rsma"", ""rho"": 1.0, ""gain"": 0.0}, {""block"": ""star_ris"", ""rho"": 32.0, ""gain"": 0.020154115843443066}, {""block"": ""rsma"", ""rho"": 1.0, ""gain"": 0.0}, {""block"": ""star_ris"", ""rho"": 1.0, ""gain"": 0.1934557551253313}, {""block"": ""rsma"", ""rho"": 1.0, ""gain"": 0.0}, {""block"": ""star_ris"", ""rho"": 2.0, ""gain"": 0.2526453109018689}, {""block"": ""rsma"", ""rho"": 1.0, ""gain"": 0.0}, {""block"": ""star_ris"", ""rho"": 16.0, ""gain"": 0.023927368416252648}, {""block"": ""rsma"", ""rho"": 1.0, ""gain"": 0.0}, {""block"": ""star_ris"", ""rho"": 8.0, ""gain"": 0.0076740005469702055}, {""block"": ""rsma"", ""rho"": 1.0, ""gain"": 0.0}, {""block"": ""star_ris"", ""rho"": 4.0, ""gain"": 0.01984291885008105}, {""block"": ""rsma"", ""rho"": 1.0, ""gain"": 3.552713678800501e-15}, {""block"": ""star_ris"", ""rho"": 4.0, ""gain"": 0.0679540120719544}, {""block"": ""rsma"", ""rho"": 1.0, ""gain"": -3.552713678800501e-15}, {""block"": ""star_ris"", ""rho"": 4.0, ""gain"": 0.004052038587939677}, {""block"": ""rsma"", ""rho"": 1.0, ""gain"": 3.552713678800501e-15}, {""block"": ""star_ris"", ""rho"": 1.0, ""gain"": 0.01914927082182416}, {""block"": ""rsma"", ""rho"": 1.0, ""gain"": 0.0}, {""block"": ""star_ris"", ""rho"": 1.0, ""gain"": 0.09642810949550196}, {""block"": ""rsma"", ""rho"": 1.0, ""gain"": -3.552713678800501e-15}, {""block"": ""star_ris"", ""rho"": 4.0, ""gain"": 0.002144787658572511}, {""block"": ""rsma"", ""rho"": 1.0, ""gain"": 0.0}, {""block"": ""star_ris"", ""rho"": 128.0, ""gain"": 0.008135346327843962}, {""block"": ""rsma"", ""rho"": 1.0, ""gain"": 3.552713678800501e-15}, {""block"": ""star_ris"", ""rho"": 64.0, ""gain"": 0.004604060878264704}, {""block"": ""rsma"", ""rho"": 1.0, ""gain"": -3.552713678800501e-15}, {""block"": ""star_ris"", ""rho"": 2.0, ""gain"": 0.025808479274157747}, {""block"": ""rsma"", ""rho"": 1.0, ""gain"": 0.0}, {""block"": ""star_ris"", ""rho"": 1.0, ""gain"": 0.01877448272682969}, {""block"": ""rsma"", ""rho"": 1.0, ""gain"": 0.0}, {""block"": ""star_ris"", ""rho"": 4.0, ""gain"": 0.08197586924457667}, {""block"": ""rsma"", ""rho"": 1.0, ""gain"": 0.0}, {""block"": ""star_ris"", ""rho"": 8.0, ""gain"": 0.00019904012349769573}]",{},5856.759768,eb978e84730de4cf1e0579ad9e17edb700c67ba6eceac89d1fe3698763a419f7,fc61d5cda7da39530055bae9bd0e92865f995cd9,4e84455d08cacd9f85c432f7838c3be2cb0f000b55edc3487c6dee9520cc0b63
ao_sca,96,10000,949,test,18.312411352758552,18.312411352758552,1.0,True,0.0,13,7796,21,ao_sca_proximal_physical,analytical_ris_equal_allocation,"[1.837962150459087, 17.669458273575724, 17.859959659198942, 17.870594980533188, 17.87587475893694, 17.881560880968937, 17.918230595213505, 18.046917565784252, 18.181835007986617, 18.223262652934046, 18.291152212522313, 18.30602455528381, 18.31180551270234, 18.312411352758552]","[{""block"": ""rsma"", ""rho"": 1.0, ""gain"": 15.283822059100078}, {""block"": ""star_ris"", ""rho"": 2.0, ""gain"": 0.547674064016558}, {""block"": ""rsma"", ""rho"": 1.0, ""gain"": 0.0}, {""block"": ""star_ris"", ""rho"": 4.0, ""gain"": 0.19050138562321806}, {""block"": ""rsma"", ""rho"": 1.0, ""gain"": 0.0}, {""block"": ""star_ris"", ""rho"": 64.0, ""gain"": 0.010635321334245162}, {""block"": ""rsma"", ""rho"": 1.0, ""gain"": 0.0}, {""block"": ""star_ris"", ""rho"": 128.0, ""gain"": 0.00527977840375371}, {""block"": ""rsma"", ""rho"": 1.0, ""gain"": 0.0}, {""block"": ""star_ris"", ""rho"": 8.0, ""gain"": 0.005686122031995922}, {""block"": ""rsma"", ""rho"": 1.0, ""gain"": 0.0}, {""block"": ""star_ris"", ""rho"": 4.0, ""gain"": 0.03666971424456733}, {""block"": ""rsma"", ""rho"": 1.0, ""gain"": 0.0}, {""block"": ""star_ris"", ""rho"": 2.0, ""gain"": 0.1286869705707474}, {""block"": ""rsma"", ""rho"": 1.0, ""gain"": 0.0}, {""block"": ""star_ris"", ""rho"": 4.0, ""gain"": 0.13491744220236512}, {""block"": ""rsma"", ""rho"": 1.0, ""gain"": 0.0}, {""block"": ""star_ris"", ""rho"": 4.0, ""gain"": 0.04142764494742934}, {""block"": ""rsma"", ""rho"": 1.0, ""gain"": 0.0}, {""block"": ""star_ris"", ""rho"": 8.0, ""gain"": 0.06788955958826648}, {""block"": ""rsma"", ""rho"": 1.0, ""gain"": 0.0}, {""block"": ""star_ris"", ""rho"": 32.0, ""gain"": 0.014872342761496071}, {""block"": ""rsma"", ""rho"": 1.0, ""gain"": 0.0}, {""block"": ""star_ris"", ""rho"": 64.0, ""gain"": 0.005780957418529908}, {""block"": ""rsma"", ""rho"": 1.0, ""gain"": -3.552713678800501e-15}, {""block"": ""star_ris"", ""rho"": 128.0, ""gain"": 0.0006058400562167776}]",{},4116.944401,eb978e84730de4cf1e0579ad9e17edb700c67ba6eceac89d1fe3698763a419f7,fc61d5cda7da39530055bae9bd0e92865f995cd9,4e84455d08cacd9f85c432f7838c3be2cb0f000b55edc3487c6dee9520cc0b63
ao_sca,96,10000,950,test,18.77618038930964,18.77618038930964,1.0,True,0.0,12,7164,21,ao_sca_proximal_physical,analytical_ris_equal_allocation,"[1.8379650678845152, 17.774306593231554, 17.8232580926882, 18.212204589270215, 18.356473637267676, 18.405128314118173, 18.42056690078646, 18.520002901146306, 18.57261164305264, 18.65723000358623, 18.761663417994505, 18.774714721548158, 18.776180389309637]","[{""block"": ""rsma"", ""rho"": 1.0, ""gain"": 15.402697041628382}, {""block"": ""star_ris"", ""rho"": 2.0, ""gain"": 0.5336444837186569}, {""block"": ""rsma"", ""rho"": 1.0, ""gain"": 0.0}, {""block"": ""star_ris"", ""rho"": 16.0, ""gain"": 0.048951499456645564}, {""block"": ""rsma"", ""rho"": 1.0, ""gain"": 0.0}, {""block"": ""star_ris"", ""rho"": 1.0, ""gain"": 0.3889464965820153}, {""block"": ""rsma"", ""rho"": 1.0, ""gain"": 0.0}, {""block"": ""star_ris"", ""rho"": 1.0, ""gain"": 0.14426904799746154}, {""block"": ""rsma"", ""rho"": 1.0, ""gain"": 0.0}, {""block"": ""star_ris"", ""rho"": 2.0, ""gain"": 0.048654676850496514}, {""block"": ""rsma"", ""rho"": 1.0, ""gain"": 0.0}, {""block"": ""star_ris"", ""rho"": 1.0, ""gain"": 0.015438586668288679}, {""block"": ""rsma"", ""rho"": 1.0, ""gain"": 0.0}, {""block"": ""star_ris"", ""rho"": 1.0, ""gain"": 0.09943600035984446}, {""block"": ""rsma"", ""rho"": 1.0, ""gain"": 0.0}, {""block"": ""star_ris"", ""rho"": 1.0, ""gain"": 0.05260874190633302}, {""block"": ""rsma"", ""rho"": 1.0, ""gain"": 0.0}, {""block"": ""star_ris"", ""rho"": 2.0, ""gain"": 0.08461836053358951}, {""block"": ""rsma"", ""rho"": 1.0, ""gain"": 0.0}, {""block"": ""star_ris"", ""rho"": 1.0, ""gain"": 0.1044334144082768}, {""block"": ""rsma"", ""rho"": 1.0, ""gain"": 0.0}, {""block"": ""star_ris"", ""rho"": 2.0, ""gain"": 0.01305130355365236}, {""block"": ""rsma"", ""rho"": 1.0, ""gain"": 0.0}, {""block"": ""star_ris"", ""rho"": 8.0, ""gain"": 0.0014656677614794944}]",{},3863.024191,eb978e84730de4cf1e0579ad9e17edb700c67ba6eceac89d1fe3698763a419f7,fc61d5cda7da39530055bae9bd0e92865f995cd9,4e84455d08cacd9f85c432f7838c3be2cb0f000b55edc3487c6dee9520cc0b63
ao_sca,96,10000,951,test,18.65507662197434,18.65507662197434,1.0,True,0.0,12,7200,24,ao_sca_proximal_physical,analytical_ris_equal_allocation,"[1.8379935519401631, 18.344466409144005, 18.414072478047455, 18.446837651661262, 18.45085690232998, 18.47025181192324, 18.581267828402538, 18.58861285332639, 18.595412563521073, 18.598639293485743, 18.648800872999253, 18.654842266453873, 18.65507662197434]","[{""block"": ""rsma"", ""rho"": 1.0, ""gain"": 16.352818456362808}, {""block"": ""star_ris"", ""rho"": 4.0, ""gain"": 0.15365440084103454}, {""block"": ""rsma"", ""rho"": 1.0, ""gain"": 0.0}, {""block"": ""star_ris"", ""rho"": 8.0, ""gain"": 0.06960606890345034}, {""block"": ""rsma"", ""rho"": 1.0, ""gain"": 0.0}, {""block"": ""star_ris"", ""rho"": 16.0, ""gain"": 0.032765173613807264}, {""block"": ""rsma"", ""rho"": 1.0, ""gain"": 3.552713678800501e-15}, {""block"": ""star_ris"", ""rho"": 128.0, ""gain"": 0.004019250668715557}, {""block"": ""rsma"", ""rho"": 1.0, ""gain"": 0.0}, {""block"": ""star_ris"", ""rho"": 2.0, ""gain"": 0.019394909593259513}, {""block"": ""rsma"", ""rho"": 1.0, ""gain"": 3.552713678800501e-15}, {""block"": ""star_ris"", ""rho"": 4.0, ""gain"": 0.11101601647929371}, {""block"": ""rsma"", ""rho"": 1.0, ""gain"": -3.552713678800501e-15}, {""block"": ""star_ris"", ""rho"": 8.0, ""gain"": 0.007345024923854027}, {""block"": ""rsma"", ""rho"": 1.0, ""gain"": 0.0}, {""block"": ""star_ris"", ""rho"": 4.0, ""gain"": 0.006799710194684394}, {""block"": ""rsma"", ""rho"": 1.0, ""gain"": 3.552713678800501e-15}, {""block"": ""star_ris"", ""rho"": 128.0, ""gain"": 0.0032267299646662195}, {""block"": ""rsma"", ""rho"": 1.0, ""gain"": 0.0}, {""block"": ""star_ris"", ""rho"": 8.0, ""gain"": 0.05016157951351019}, {""block"": ""rsma"", ""rho"": 1.0, ""gain"": 0.0}, {""block"": ""star_ris"", ""rho"": 64.0, ""gain"": 0.006041393454619737}, {""block"": ""rsma"", ""rho"": 1.0, ""gain"": 0.0}, {""block"": ""star_ris"", ""rho"": 128.0, ""gain"": 0.00023435552046890962}]",{},3906.080305,eb978e84730de4cf1e0579ad9e17edb700c67ba6eceac89d1fe3698763a419f7,fc61d5cda7da39530055bae9bd0e92865f995cd9,4e84455d08cacd9f85c432f7838c3be2cb0f000b55edc3487c6dee9520cc0b63
ao_sca,96,10000,952,test,18.770301700583637,18.770301700583637,1.0,True,0.0,20,11954,34,ao_sca_proximal_physical,analytical_ris_equal_allocation,"[1.837984242062505, 18.39985507822871, 18.405402255089854, 18.4859619782312, 18.49540494973781, 18.505494396717047, 18.55803678774154, 18.568776651276508, 18.61276878256694, 18.61620746516898, 18.638453645217812, 18.665727627765662, 18.68574485327199, 18.706576218141773, 18.715148378969868, 18.73049550159081, 18.742591768192007, 18.747950547566383, 18.759038506919197, 18.76701547454472, 18.770301700583634]","[{""block"": ""rsma"", ""rho"": 1.0, ""gain"": 16.115909533285162}, {""block"": ""star_ris"", ""rho"": 1.0, ""gain"": 0.4459613028810452}, {""block"": ""rsma"", ""rho"": 1.0, ""gain"": -3.552713678800501e-15}, {""block"": ""star_ris"", ""rho"": 4.0, ""gain"": 0.005547176861146141}, {""block"": ""rsma"", ""rho"": 1.0, ""gain"": 0.0}, {""block"": ""star_ris"", ""rho"": 1.0, ""gain"": 0.08055972314134507}, {""block"": ""rsma"", ""rho"": 1.0, ""gain"": 3.552713678800501e-15}, {""block"": ""star_ris"", ""rho"": 4.0, ""gain"": 0.009442971506608444}, {""block"": ""rsma"", ""rho"": 1.0, ""gain"": 3.552713678800501e-15}, {""block"": ""star_ris"", ""rho"": 4.0, ""gain"": 0.010089446979232974}, {""block"": ""rsma"", ""rho"": 1.0, ""gain"": 0.0}, {""block"": ""star_ris"", ""rho"": 2.0, ""gain"": 0.052542391024491764}, {""block"": ""rsma"", ""rho"": 1.0, ""gain"": 0.0}, {""block"": ""star_ris"", ""rho"": 4.0, ""gain"": 0.010739863534968919}, {""block"": ""rsma"", ""rho"": 1.0, ""gain"": 0.0}, {""block"": ""star_ris"", ""rho"": 1.0, ""gain"": 0.043992131290430336}, {""block"": ""rsma"", ""rho"": 1.0, ""gain"": 0.0}, {""block"": ""star_ris"", ""rho"": 8.0, ""gain"": 0.0034386826020416095}, {""block"": ""rsma"", ""rho"": 1.0, ""gain"": 0.0}, {""block"": ""star_ris"", ""rho"": 4.0, ""gain"": 0.022246180048831832}, {""block"": ""rsma"", ""rho"": 1.0, ""gain"": -3.552713678800501e-15}, {""block"": ""star_ris"", ""rho"": 2.0, ""gain"": 0.027273982547853848}, {""block"": ""rsma"", ""rho"": 1.0, ""gain"": 0.0}, {""block"": ""star_ris"", ""rho"": 8.0, ""gain"": 0.02001722550632934}, {""block"": ""rsma"", ""rho"": 1.0, ""gain"": 0.0}, {""block"": ""star_ris"", ""rho"": 2.0, ""gain"": 0.020831364869781765}, {""block"": ""rsma"", ""rho"": 1.0, ""gain"": 0.0}, {""block"": ""star_ris"", ""rho"": 16.0, ""gain"": 0.008572160828094866}, {""block"": ""rsma"", ""rho"": 1.0, ""gain"": 0.0}, {""block"": ""star_ris"", ""rho"": 1.0, ""gain"": 0.015347122620941178}, {""block"": ""rsma"", ""rho"": 1.0, ""gain"": 0.0}, {""block"": ""star_ris"", ""rho"": 4.0, ""gain"": 0.01209626660119767}, {""block"": ""rsma"", ""rho"": 1.0, ""gain"": 0.0}, {""block"": ""star_ris"", ""rho"": 16.0, ""gain"": 0.005358779374375899}, {""block"": ""rsma"", ""rho"": 1.0, ""gain"": 0.0}, {""block"": ""star_ris"", ""rho"": 4.0, ""gain"": 0.011087959352813925}, {""block"": ""rsma"", ""rho"": 1.0, ""gain"": 0.0}, {""block"": ""star_ris"", ""rho"": 1.0, ""gain"": 0.007976967625523912}, {""block"": ""rsma"", ""rho"": 1.0, ""gain"": 0.0}, {""block"": ""star_ris"", ""rho"": 4.0, ""gain"": 0.0032862260389130427}]",{},6388.958706,eb978e84730de4cf1e0579ad9e17edb700c67ba6eceac89d1fe3698763a419f7,fc61d5cda7da39530055bae9bd0e92865f995cd9,4e84455d08cacd9f85c432f7838c3be2cb0f000b55edc3487c6dee9520cc0b63
ao_sca,96,10000,953,test,18.98191775796192,18.98191775796192,1.0,True,0.0,10,5976,20,ao_sca_proximal_physical,analytical_ris_equal_allocation,"[1.8379956664808326, 18.40097040951216, 18.699855940707803, 18.736605942761177, 18.850173199276913, 18.878101611820775, 18.909069790734993, 18.919441816864428, 18.926150259512717, 18.980950917447434, 18.98191775796192]","[{""block"": ""rsma"", ""rho"": 1.0, ""gain"": 16.32283791591916}, {""block"": ""star_ris"", ""rho"": 1.0, ""gain"": 0.24013682711216688}, {""block"": ""rsma"", ""rho"": 1.0, ""gain"": 0.0}, {""block"": ""star_ris"", ""rho"": 1.0, ""gain"": 0.2988855311956442}, {""block"": ""rsma"", ""rho"": 1.0, ""gain"": 0.0}, {""block"": ""star_ris"", ""rho"": 2.0, ""gain"": 0.036750002053373976}, {""block"": ""rsma"", ""rho"": 1.0, ""gain"": 3.552713678800501e-15}, {""block"": ""star_ris"", ""rho"": 1.0, ""gain"": 0.11356725651573285}, {""block"": ""rsma"", ""rho"": 1.0, ""gain"": 0.0}, {""block"": ""star_ris"", ""rho"": 2.0, ""gain"": 0.02792841254386147}, {""block"": ""rsma"", ""rho"": 1.0, ""gain"": -3.552713678800501e-15}, {""block"": ""star_ris"", ""rho"": 1.0, ""gain"": 0.030968178914221767}, {""block"": ""rsma"", ""rho"": 1.0, ""gain"": 0.0}, {""block"": ""star_ris"", ""rho"": 128.0, ""gain"": 0.010372026129434886}, {""block"": ""rsma"", ""rho"": 1.0, ""gain"": 0.0}, {""block"": ""star_ris"", ""rho"": 1.0, ""gain"": 0.006708442648289292}, {""block"": ""rsma"", ""rho"": 1.0, ""gain"": 3.552713678800501e-15}, {""block"": ""star_ris"", ""rho"": 32.0, ""gain"": 0.054800657934713115}, {""block"": ""rsma"", ""rho"": 1.0, ""gain"": -3.552713678800501e-15}, {""block"": ""star_ris"", ""rho"": 2.0, ""gain"": 0.0009668405144900305}]",{},3274.073878,eb978e84730de4cf1e0579ad9e17edb700c67ba6eceac89d1fe3698763a419f7,fc61d5cda7da39530055bae9bd0e92865f995cd9,4e84455d08cacd9f85c432f7838c3be2cb0f000b55edc3487c6dee9520cc0b63
ao_sca,96,10000,954,test,18.640794788901054,18.640794788901054,1.0,True,0.0,6,3595,12,ao_sca_proximal_physical,analytical_ris_equal_allocation,"[1.8379921897666096, 18.1553969300522, 18.24007275865763, 18.250099558614842, 18.380330013915327, 18.64035202572117, 18.640794788901058]","[{""block"": ""rsma"", ""rho"": 1.0, ""gain"": 16.295455263511915}, {""block"": ""star_ris"", ""rho"": 32.0, ""gain"": 0.021949476773674093}, {""block"": ""rsma"", ""rho"": 1.0, ""gain"": 0.0}, {""block"": ""star_ris"", ""rho"": 8.0, ""gain"": 0.08467582860543033}, {""block"": ""rsma"", ""rho"": 1.0, ""gain"": 0.0}, {""block"": ""star_ris"", ""rho"": 64.0, ""gain"": 0.010026799957213228}, {""block"": ""rsma"", ""rho"": 1.0, ""gain"": 3.552713678800501e-15}, {""block"": ""star_ris"", ""rho"": 1.0, ""gain"": 0.13023045530048094}, {""block"": ""rsma"", ""rho"": 1.0, ""gain"": 0.0}, {""block"": ""star_ris"", ""rho"": 2.0, ""gain"": 0.2600220118058445}, {""block"": ""rsma"", ""rho"": 1.0, ""gain"": 3.552713678800501e-15}, {""block"": ""star_ris"", ""rho"": 8.0, ""gain"": 0.00044276317988334313}]",{},1933.822715,eb978e84730de4cf1e0579ad9e17edb700c67ba6eceac89d1fe3698763a419f7,fc61d5cda7da39530055bae9bd0e92865f995cd9,4e84455d08cacd9f85c432f7838c3be2cb0f000b55edc3487c6dee9520cc0b63
ao_sca,96,10000,955,test,18.53029332785967,18.53029332785967,1.0,True,0.0,7,4195,12,ao_sca_proximal_physical,analytical_ris_equal_allocation,"[1.837996757510723, 18.334555159196533, 18.446774058911014, 18.45338361887368, 18.50195355262276, 18.507578111293395, 18.52844116810146, 18.53029332785967]","[{""block"": ""rsma"", ""rho"": 1.0, ""gain"": 16.488264094072196}, {""block"": ""star_ris"", ""rho"": 4.0, ""gain"": 0.008294307613613938}, {""block"": ""rsma"", ""rho"": 1.0, ""gain"": 0.0}, {""block"": ""star_ris"", ""rho"": 4.0, ""gain"": 0.11221889971448107}, {""block"": ""rsma"", ""rho"": 1.0, ""gain"": 0.0}, {""block"": ""star_ris"", ""rho"": 8.0, ""gain"": 0.0066095599626656565}, {""block"": ""rsma"", ""rho"": 1.0, ""gain"": 0.0}, {""block"": ""star_ris"", ""rho"": 8.0, ""gain"": 0.048569933749078587}, {""block"": ""rsma"", ""rho"": 1.0, ""gain"": 0.0}, {""block"": ""star_ris"", ""rho"": 16.0, ""gain"": 0.005624558670636048}, {""block"": ""rsma"", ""rho"": 1.0, ""gain"": 3.552713678800501e-15}, {""block"": ""star_ris"", ""rho"": 16.0, ""gain"": 0.020863056808060776}, {""block"": ""rsma"", ""rho"": 1.0, ""gain"": 0.0}, {""block"": ""star_ris"", ""rho"": 16.0, ""gain"": 0.0018521597582115135}]",{},2251.082006,eb978e84730de4cf1e0579ad9e17edb700c67ba6eceac89d1fe3698763a419f7,fc61d5cda7da39530055bae9bd0e92865f995cd9,4e84455d08cacd9f85c432f7838c3be2cb0f000b55edc3487c6dee9520cc0b63
ao_sca,96,10000,956,test,18.681810165961757,18.681810165961757,1.0,True,0.0,12,7273,19,ao_sca_proximal_physical,analytical_ris_equal_allocation,"[1.837934382512729, 16.912951032397764, 16.99822049447449, 17.038911761287054, 17.05881569677265, 17.06866225987422, 18.174947044209585, 18.4925802767416, 18.672069989942578, 18.67427215262483, 18.676353454087963, 18.680964237908267, 18.681810165961753]","[{""block"": ""rsma"", ""rho"": 1.0, ""gain"": 14.647677212915196}, {""block"": ""star_ris"", ""rho"": 4.0, ""gain"": 0.427339436969838}, {""block"": ""rsma"", ""rho"": 65536.0, ""gain"": 0.0}, {""block"": ""star_ris"", ""rho"": 16.0, ""gain"": 0.08526946207672736}, {""block"": ""rsma"", ""rho"": 65536.0, ""gain"": 0.0}, {""block"": ""star_ris"", ""rho"": 32.0, ""gain"": 0.04069126681256208}, {""block"": ""rsma"", ""rho"": 65536.0, ""gain"": 0.0}, {""block"": ""star_ris"", ""rho"": 64.0, ""gain"": 0.019903935485597657}, {""block"": ""rsma"", ""rho"": 65536.0, ""gain"": 0.0}, {""block"": ""star_ris"", ""rho"": 128.0, ""gain"": 0.009846563101568506}, {""block"": ""rsma"", ""rho"": 65536.0, ""gain"": 0.0}, {""block"": ""star_ris"", ""rho"": 1.0, ""gain"": 1.1062847843353651}, {""block"": ""rsma"", ""rho"": 1.0, ""gain"": 0.0}, {""block"": ""star_ris"", ""rho"": 2.0, ""gain"": 0.3176332325320139}, {""block"": ""rsma"", ""rho"": 1.0, ""gain"": 0.0}, {""block"": ""star_ris"", ""rho"": 2.0, ""gain"": 0.1794897132009794}, {""block"": ""rsma"", ""rho"": 1.0, ""gain"": 0.0}, {""block"": ""star_ris"", ""rho"": 32.0, ""gain"": 0.002202162682252151}, {""block"": ""rsma"", ""rho"": 1.0, ""gain"": -3.552713678800501e-15}, {""block"": ""star_ris"", ""rho"": 8.0, ""gain"": 0.0020813014631357873}, {""block"": ""rsma"", ""rho"": 1.0, ""gain"": 0.0}, {""block"": ""star_ris"", ""rho"": 64.0, ""gain"": 0.004610783820304221}, {""block"": ""rsma"", ""rho"": 1.0, ""gain"": 0.0}, {""block"": ""star_ris"", ""rho"": 32.0, ""gain"": 0.0008459280534864888}]",{},3991.543206,eb978e84730de4cf1e0579ad9e17edb700c67ba6eceac89d1fe3698763a419f7,fc61d5cda7da39530055bae9bd0e92865f995cd9,4e84455d08cacd9f85c432f7838c3be2cb0f000b55edc3487c6dee9520cc0b63
ao_sca,96,10000,957,test,18.709800691209757,18.709800691209757,1.0,True,0.0,4,2395,8,ao_sca_proximal_physical,analytical_ris_equal_allocation,"[1.837990219605115, 18.659450476785125, 18.698563605803756, 18.709001241116905, 18.709800691209754]","[{""block"": ""rsma"", ""rho"": 1.0, ""gain"": 16.125893290204974}, {""block"": ""star_ris"", ""rho"": 1.0, ""gain"": 0.6955669669750364}, {""block"": ""rsma"", ""rho"": 1.0, ""gain"": 0.0}, {""block"": ""star_ris"", ""rho"": 8.0, ""gain"": 0.03911312901863084}, {""block"": ""rsma"", ""rho"": 1.0, ""gain"": 3.552713678800501e-15}, {""block"": ""star_ris"", ""rho"": 4.0, ""gain"": 0.010437635313145677}, {""block"": ""rsma"", ""rho"": 1.0, ""gain"": -3.552713678800501e-15}, {""block"": ""star_ris"", ""rho"": 32.0, ""gain"": 0.0007994500928525383}]",{},1281.343512,eb978e84730de4cf1e0579ad9e17edb700c67ba6eceac89d1fe3698763a419f7,fc61d5cda7da39530055bae9bd0e92865f995cd9,4e84455d08cacd9f85c432f7838c3be2cb0f000b55edc3487c6dee9520cc0b63
ao_sca,96,10000,958,test,18.789752203169176,18.789752203169176,1.0,True,0.0,5,2991,10,ao_sca_proximal_physical,analytical_ris_equal_allocation,"[1.8379977479361451, 18.278676546905288, 18.472285520160977, 18.733754483499155, 18.788562228079197, 18.789752203169176]","[{""block"": ""rsma"", ""rho"": 1.0, ""gain"": 16.437339386692596}, {""block"": ""star_ris"", ""rho"": 2.0, ""gain"": 0.0033394122765457723}, {""block"": ""rsma"", ""rho"": 1.0, ""gain"": 0.0}, {""block"": ""star_ris"", ""rho"": 1.0, ""gain"": 0.1936089732556887}, {""block"": ""rsma"", ""rho"": 1.0, ""gain"": 0.0}, {""block"": ""star_ris"", ""rho"": 2.0, ""gain"": 0.26146896333817793}, {""block"": ""rsma"", ""rho"": 1.0, ""gain"": 0.0}, {""block"": ""star_ris"", ""rho"": 8.0, ""gain"": 0.05480774458004234}, {""block"": ""rsma"", ""rho"": 1.0, ""gain"": 3.552713678800501e-15}, {""block"": ""star_ris"", ""rho"": 32.0, ""gain"": 0.0011899750899750927}]",{},1634.572341,eb978e84730de4cf1e0579ad9e17edb700c67ba6eceac89d1fe3698763a419f7,fc61d5cda7da39530055bae9bd0e92865f995cd9,4e84455d08cacd9f85c432f7838c3be2cb0f000b55edc3487c6dee9520cc0b63
ao_sca,96,10000,959,test,18.88861485752674,18.88861485752674,1.0,True,0.0,20,11980,36,ao_sca_proximal_physical,analytical_ris_equal_allocation,"[1.8379658976183122, 17.561192020145075, 17.69114837921334, 17.721017044212, 17.735642329448776, 17.742880345916333, 17.757071223912007, 18.212322339237055, 18.386407019050154, 18.473376141604874, 18.6596241473793, 18.724341913721783, 18.728494777993824, 18.745221294087866, 18.76350132904166, 18.770944317615413, 18.77882081459365, 18.800005364150035, 18.82499566295562, 18.879691982912995, 18.88861485752674]","[{""block"": ""rsma"", ""rho"": 1.0, ""gain"": 15.399294007969024}, {""block"": ""star_ris"", ""rho"": 4.0, ""gain"": 0.3239321145577385}, {""block"": ""rsma"", ""rho"": 1.0, ""gain"": 0.0}, {""block"": ""star_ris"", ""rho"": 8.0, ""gain"": 0.12995635906826664}, {""block"": ""rsma"", ""rho"": 1.0, ""gain"": 0.0}, {""block"": ""star_ris"", ""rho"": 32.0, ""gain"": 0.029868664998659256}, {""block"": ""rsma"", ""rho"": 1.0, ""gain"": 0.0}, {""block"": ""star_ris"", ""rho"": 64.0, ""gain"": 0.014625285236775198}, {""block"": ""rsma"", ""rho"": 1.0, ""gain"": 0.0}, {""block"": ""star_ris"", ""rho"": 128.0, ""gain"": 0.007238016467557173}, {""block"": ""rsma"", ""rho"": 1.0, ""gain"": 0.0}, {""block"": ""star_ris"", ""rho"": 64.0, ""gain"": 0.014190877995673645}, {""block"": ""rsma"", ""rho"": 1.0, ""gain"": 0.0}, {""block"": ""star_ris"", ""rho"": 1.0, ""gain"": 0.4552511153250478}, {""block"": ""rsma"", ""rho"": 1.0, ""gain"": 0.0}, {""block"": ""star_ris"", ""rho"": 1.0, ""gain"": 0.17408467981309883}, {""block"": ""rsma"", ""rho"": 1.0, ""gain"": 0.0}, {""block"": ""star_ris"", ""rho"": 1.0, ""gain"": 0.08696912255472}, {""block"": ""rsma"", ""rho"": 1.0, ""gain"": -3.552713678800501e-15}, {""block"": ""star_ris"", ""rho"": 4.0, ""gain"": 0.18624800577443068}, {""block"": ""rsma"", ""rho"": 1.0, ""gain"": 3.552713678800501e-15}, {""block"": ""star_ris"", ""rho"": 8.0, ""gain"": 0.06471776634247917}, {""block"": ""rsma"", ""rho"": 1.0, ""gain"": -3.552713678800501e-15}, {""block"": ""star_ris"", ""rho"": 8.0, ""gain"": 0.004152864272043644}, {""block"": ""rsma"", ""rho"": 1.0, ""gain"": 0.0}, {""block"": ""star_ris"", ""rho"": 32.0, ""gain"": 0.01672651609404241}, {""block"": ""rsma"", ""rho"": 1.0, ""gain"": 3.552713678800501e-15}, {""block"": ""star_ris"", ""rho"": 1.0, ""gain"": 0.018280034953789936}, {""block"": ""rsma"", ""rho"": 1.0, ""gain"": 0.0}, {""block"": ""star_ris"", ""rho"": 64.0, ""gain"": 0.007442988573753695}, {""block"": ""rsma"", ""rho"": 1.0, ""gain"": -3.552713678800501e-15}, {""block"": ""star_ris"", ""rho"": 8.0, ""gain"": 0.00787649697824122}, {""block"": ""rsma"", ""rho"": 1.0, ""gain"": -3.552713678800501e-15}, {""block"": ""star_ris"", ""rho"": 4.0, ""gain"": 0.02118454955638782}, {""block"": ""rsma"", ""rho"": 1.0, ""gain"": 7.105427357601002e-15}, {""block"": ""star_ris"", ""rho"": 2.0, ""gain"": 0.024990298805576572}, {""block"": ""rsma"", ""rho"": 1.0, ""gain"": 0.0}, {""block"": ""star_ris"", ""rho"": 1.0, ""gain"": 0.054696319957376005}, {""block"": ""rsma"", ""rho"": 1.0, ""gain"": 0.0}, {""block"": ""star_ris"", ""rho"": 32.0, ""gain"": 0.00892287461374508}]",{},6551.931642,eb978e84730de4cf1e0579ad9e17edb700c67ba6eceac89d1fe3698763a419f7,fc61d5cda7da39530055bae9bd0e92865f995cd9,4e84455d08cacd9f85c432f7838c3be2cb0f000b55edc3487c6dee9520cc0b63
ao_sca,96,10000,960,test,18.93634595399165,18.93634595399165,1.0,True,0.0,18,10771,30,ao_sca_proximal_physical,analytical_ris_equal_allocation,"[1.8379950934209293, 18.465713091593948, 18.60048354139288, 18.658320014065353, 18.69908902688995, 18.707283970878237, 18.766716021822575, 18.769209146930837, 18.786312529258534, 18.79844571827051, 18.82372294315971, 18.83472193969172, 18.844736130749205, 18.863770121618142, 18.896727011429693, 18.901826237813573, 18.913424619980344, 18.936008615142356, 18.936345953991655]","[{""block"": ""rsma"", ""rho"": 1.0, ""gain"": 16.392808664408438}, {""block"": ""star_ris"", ""rho"": 1.0, ""gain"": 0.23490933376458045}, {""block"": ""rsma"", ""rho"": 1.0, ""gain"": 0.0}, {""block"": ""star_ris"", ""rho"": 2.0, ""gain"": 0.13477044979893193}, {""block"": ""rsma"", ""rho"": 1.0, ""gain"": -3.552713678800501e-15}, {""block"": ""star_ris"", ""rho"": 4.0, ""gain"": 0.05783647267247716}, {""block"": ""rsma"", ""rho"": 1.0, ""gain"": 0.0}, {""block"": ""star_ris"", ""rho"": 2.0, ""gain"": 0.04076901282459744}, {""block"": ""rsma"", ""rho"": 1.0, ""gain"": 0.0}, {""block"": ""star_ris"", ""rho"": 8.0, ""gain"": 0.00819494398828624}, {""block"": ""rsma"", ""rho"": 1.0, ""gain"": 0.0}, {""block"": ""star_ris"", ""rho"": 8.0, ""gain"": 0.05943205094433779}, {""block"": ""rsma"", ""rho"": 1.0, ""gain"": 3.552713678800501e-15}, {""block"": ""star_ris"", ""rho"": 8.0, ""gain"": 0.0024931251082591643}, {""block"": ""rsma"", ""rho"": 1.0, ""gain"": 0.0}, {""block"": ""star_ris"", ""rho"": 4.0, ""gain"": 0.017103382327697148}, {""block"": ""rsma"", ""rho"": 1.0, ""gain"": 0.0}, {""block"": ""star_ris"", ""rho"": 4.0, ""gain"": 0.012133189011976242}, {""block"": ""rsma"", ""rho"": 1.0, ""gain"": 0.0}, {""block"": ""star_ris"", ""rho"": 2.0, ""gain"": 0.025277224889197925}, {""block"": ""rsma"", ""rho"": 1.0, ""gain"": 0.0}, {""block"": ""star_ris"", ""rho"": 8.0, ""gain"": 0.010998996532009642}, {""block"": ""rsma"", ""rho"": 1.0, ""gain"": 0.0}, {""block"": ""star_ris"", ""rho"": 4.0, ""gain"": 0.010014191057486244}, {""block"": ""rsma"", ""rho"": 1.0, ""gain"": 0.0}, {""block"": ""star_ris"", ""rho"": 4.0, ""gain"": 0.019033990868937423}, {""block"": ""rsma"", ""rho"": 1.0, ""gain"": 0.0}, {""block"": ""star_ris"", ""rho"": 2.0, ""gain"": 0.03295688981155109}, {""block"": ""rsma"", ""rho"": 1.0, ""gain"": 0.0}, {""block"": ""star_ris"", ""rho"": 16.0, ""gain"": 0.005099226383880051}, {""block"": ""rsma"", ""rho"": 1.0, ""gain"": 0.0}, {""block"": ""star_ris"", ""rho"": 8.0, ""gain"": 0.011598382166770449}, {""block"": ""rsma"", ""rho"": 1.0, ""gain"": 0.0}, {""block"": ""star_ris"", ""rho"": 16.0, ""gain"": 0.02258399516201237}, {""block"": ""rsma"", ""rho"": 1.0, ""gain"": 0.0}, {""block"": ""star_ris"", ""rho"": 32.0, ""gain"": 0.0003373388492988738}]",{},5887.495546,eb978e84730de4cf1e0579ad9e17edb700c67ba6eceac89d1fe3698763a419f7,fc61d5cda7da39530055bae9bd0e92865f995cd9,4e84455d08cacd9f85c432f7838c3be2cb0f000b55edc3487c6dee9520cc0b63
ao_sca,96,10000,961,test,19.03584415860932,19.03584415860932,1.0,True,0.0,11,6581,21,ao_sca_proximal_physical,analytical_ris_equal_allocation,"[1.8379737595434065, 18.447380162835767, 18.49738016435212, 18.745888856533785, 18.75085683647555, 18.919835745420954, 18.94336169064827, 18.970218111829055, 19.022438780942487, 19.03260981529233, 19.034617283237814, 19.035844158609322]","[{""block"": ""rsma"", ""rho"": 1.0, ""gain"": 15.429174840269074}, {""block"": ""star_ris"", ""rho"": 1.0, ""gain"": 1.1802315630232876}, {""block"": ""rsma"", ""rho"": 1.0, ""gain"": 0.0}, {""block"": ""star_ris"", ""rho"": 1.0, ""gain"": 0.0500000015163522}, {""block"": ""rsma"", ""rho"": 1.0, ""gain"": 3.552713678800501e-15}, {""block"": ""star_ris"", ""rho"": 1.0, ""gain"": 0.24850869218166238}, {""block"": ""rsma"", ""rho"": 1.0, ""gain"": 3.552713678800501e-15}, {""block"": ""star_ris"", ""rho"": 4.0, ""gain"": 0.004967979941760348}, {""block"": ""rsma"", ""rho"": 1.0, ""gain"": 3.552713678800501e-15}, {""block"": ""star_ris"", ""rho"": 2.0, ""gain"": 0.16897890894540168}, {""block"": ""rsma"", ""rho"": 1.0, ""gain"": -3.552713678800501e-15}, {""block"": ""star_ris"", ""rho"": 4.0, ""gain"": 0.023525945227319767}, {""block"": ""rsma"", ""rho"": 1.0, ""gain"": -3.552713678800501e-15}, {""block"": ""star_ris"", ""rho"": 2.0, ""gain"": 0.02685642118078846}, {""block"": ""rsma"", ""rho"": 1.0, ""gain"": 0.0}, {""block"": ""star_ris"", ""rho"": 8.0, ""gain"": 0.052220669113431484}, {""block"": ""rsma"", ""rho"": 1.0, ""gain"": 3.552713678800501e-15}, {""block"": ""star_ris"", ""rho"": 16.0, ""gain"": 0.010171034349838237}, {""block"": ""rsma"", ""rho"": 1.0, ""gain"": 3.552713678800501e-15}, {""block"": ""star_ris"", ""rho"": 64.0, ""gain"": 0.002007467945482233}, {""block"": ""rsma"", ""rho"": 1.0, ""gain"": 0.0}, {""block"": ""star_ris"", ""rho"": 32.0, ""gain"": 0.0012268753715076741}]",{},3608.129549,eb978e84730de4cf1e0579ad9e17edb700c67ba6eceac89d1fe3698763a419f7,fc61d5cda7da39530055bae9bd0e92865f995cd9,4e84455d08cacd9f85c432f7838c3be2cb0f000b55edc3487c6dee9520cc0b63
ao_sca,96,10000,962,test,18.988284823881987,18.988284823881987,1.0,True,0.0,7,4187,13,ao_sca_proximal_physical,analytical_ris_equal_allocation,"[1.8380027146363758, 18.771806856685284, 18.8236318434247, 18.889977094018388, 18.913975648740657, 18.972904323844364, 18.9878702998082, 18.988284823881987]","[{""block"": ""rsma"", ""rho"": 1.0, ""gain"": 16.410299402257404}, {""block"": ""star_ris"", ""rho"": 1.0, ""gain"": 0.5235047397915054}, {""block"": ""rsma"", ""rho"": 1.0, ""gain"": 0.0}, {""block"": ""star_ris"", ""rho"": 2.0, ""gain"": 0.05182498673941538}, {""block"": ""rsma"", ""rho"": 1.0, ""gain"": 0.0}, {""block"": ""star_ris"", ""rho"": 4.0, ""gain"": 0.06634525059368812}, {""block"": ""rsma"", ""rho"": 1.0, ""gain"": -7.105427357601002e-15}, {""block"": ""star_ris"", ""rho"": 2.0, ""gain"": 0.023998554722275856}, {""block"": ""rsma"", ""rho"": 1.0, ""gain"": -3.552713678800501e-15}, {""block"": ""star_ris"", ""rho"": 8.0, ""gain"": 0.05892867510371147}, {""block"": ""rsma"", ""rho"": 1.0, ""gain"": 0.0}, {""block"": ""star_ris"", ""rho"": 32.0, ""gain"": 0.014965975963836087}, {""block"": ""rsma"", ""rho"": 1.0, ""gain"": 0.0}, {""block"": ""star_ris"", ""rho"": 4.0, ""gain"": 0.0004145240737862821}]",{},2241.345011,eb978e84730de4cf1e0579ad9e17edb700c67ba6eceac89d1fe3698763a419f7,fc61d5cda7da39530055bae9bd0e92865f995cd9,4e84455d08cacd9f85c432f7838c3be2cb0f000b55edc3487c6dee9520cc0b63
ao_sca,96,10000,963,test,18.84677143861515,18.84677143861515,1.0,True,0.0,16,9580,27,ao_sca_proximal_physical,analytical_ris_equal_allocation,"[1.8379822577547922, 17.636627959933787, 18.02294282928939, 18.060835637348774, 18.07928324498258, 18.35245013360514, 18.44096535232451, 18.444735466999404, 18.498133735693244, 18.50460399026808, 18.51450408697787, 18.65836264097102, 18.681893987889858, 18.714286607713305, 18.82000284563897, 18.84558119579517, 18.84677143861515]","[{""block"": ""rsma"", ""rho"": 1.0, ""gain"": 15.686597662500557}, {""block"": ""star_ris"", ""rho"": 8.0, ""gain"": 0.11204803967843802}, {""block"": ""rsma"", ""rho"": 1.0, ""gain"": 0.0}, {""block"": ""star_ris"", ""rho"": 2.0, ""gain"": 0.3863148693556049}, {""block"": ""rsma"", ""rho"": 1.0, ""gain"": 0.0}, {""block"": ""star_ris"", ""rho"": 16.0, ""gain"": 0.03789280805938233}, {""block"": ""rsma"", ""rho"": 1.0, ""gain"": 0.0}, {""block"": ""star_ris"", ""rho"": 32.0, ""gain"": 0.018447607633806484}, {""block"": ""rsma"", ""rho"": 1.0, ""gain"": 3.552713678800501e-15}, {""block"": ""star_ris"", ""rho"": 2.0, ""gain"": 0.2731668886225549}, {""block"": ""rsma"", ""rho"": 1.0, ""gain"": 0.0}, {""block"": ""star_ris"", ""rho"": 4.0, ""gain"": 0.08851521871937251}, {""block"": ""rsma"", ""rho"": 1.0, ""gain"": 0.0}, {""block"": ""star_ris"", ""rho"": 4.0, ""gain"": 0.003770114674892966}, {""block"": ""rsma"", ""rho"": 1.0, ""gain"": 0.0}, {""block"": ""star_ris"", ""rho"": 8.0, ""gain"": 0.05339826869384012}, {""block"": ""rsma"", ""rho"": 1.0, ""gain"": -3.552713678800501e-15}, {""block"": ""star_ris"", ""rho"": 64.0, ""gain"": 0.006470254574839629}, {""block"": ""rsma"", ""rho"": 1.0, ""gain"": 0.0}, {""block"": ""star_ris"", ""rho"": 2.0, ""gain"": 0.009900096709788642}, {""block"": ""rsma"", ""rho"": 1.0, ""gain"": 0.0}, {""block"": ""star_ris"", ""rho"": 2.0, ""gain"": 0.14385855399315162}, {""block"": ""rsma"", ""rho"": 1.0, ""gain"": 0.0}, {""block"": ""star_ris"", ""rho"": 16.0, ""gain"": 0.02353134691883696}, {""block"": ""rsma"", ""rho"": 1.0, ""gain"": 0.0}, {""block"": ""star_ris"", ""rho"": 2.0, ""gain"": 0.03239261982344743}, {""block"": ""rsma"", ""rho"": 1.0, ""gain"": -3.552713678800501e-15}, {""block"": ""star_ris"", ""rho"": 4.0, ""gain"": 0.10571623792566953}, {""block"": ""rsma"", ""rho"": 1.0, ""gain"": 0.0}, {""block"": ""star_ris"", ""rho"": 16.0, ""gain"": 0.02557835015619858}, {""block"": ""rsma"", ""rho"": 1.0, ""gain"": 0.0}, {""block"": ""star_ris"", ""rho"": 8.0, ""gain"": 0.0011902428199803694}]",{},5199.326879,eb978e84730de4cf1e0579ad9e17edb700c67ba6eceac89d1fe3698763a419f7,fc61d5cda7da39530055bae9bd0e92865f995cd9,4e84455d08cacd9f85c432f7838c3be2cb0f000b55edc3487c6dee9520cc0b63
ao_sca,96,10000,964,test,18.563239479224524,18.563239479224524,1.0,True,0.0,3,1792,5,ao_sca_proximal_physical,analytical_ris_equal_allocation,"[1.837986622449489, 18.546974637699492, 18.56276114591921, 18.563239479224524]","[{""block"": ""rsma"", ""rho"": 1.0, ""gain"": 16.061445760762698}, {""block"": ""star_ris"", ""rho"": 1.0, ""gain"": 0.6475422544873055}, {""block"": ""rsma"", ""rho"": 1.0, ""gain"": 0.0}, {""block"": ""star_ris"", ""rho"": 1.0, ""gain"": 0.015786508219719053}, {""block"": ""rsma"", ""rho"": 1.0, ""gain"": 0.0}, {""block"": ""star_ris"", ""rho"": 8.0, ""gain"": 0.00047833330531332763}]",{},963.657037,eb978e84730de4cf1e0579ad9e17edb700c67ba6eceac89d1fe3698763a419f7,fc61d5cda7da39530055bae9bd0e92865f995cd9,4e84455d08cacd9f85c432f7838c3be2cb0f000b55edc3487c6dee9520cc0b63
ao_sca,96,10000,965,test,19.224249756918237,19.224249756918237,1.0,True,0.0,13,7760,22,ao_sca_proximal_physical,analytical_ris_equal_allocation,"[1.8380032802629995, 18.726026318706822, 18.804392907418173, 18.831353793127416, 18.902665752607106, 18.947733487077148, 19.020219550994256, 19.02309953565433, 19.04772396104766, 19.197810794727978, 19.20186210945864, 19.219979538651742, 19.222823062841346, 19.224249756918233]","[{""block"": ""rsma"", ""rho"": 1.0, ""gain"": 16.686233771376866}, {""block"": ""star_ris"", ""rho"": 1.0, ""gain"": 0.20178926706695677}, {""block"": ""rsma"", ""rho"": 1.0, ""gain"": 0.0}, {""block"": ""star_ris"", ""rho"": 1.0, ""gain"": 0.07836658871135072}, {""block"": ""rsma"", ""rho"": 1.0, ""gain"": 0.0}, {""block"": ""star_ris"", ""rho"": 8.0, ""gain"": 0.0269608857092436}, {""block"": ""rsma"", ""rho"": 1.0, ""gain"": 0.0}, {""block"": ""star_ris"", ""rho"": 1.0, ""gain"": 0.07131195947969005}, {""block"": ""rsma"", ""rho"": 1.0, ""gain"": 0.0}, {""block"": ""star_ris"", ""rho"": 2.0, ""gain"": 0.04506773447004164}, {""block"": ""rsma"", ""rho"": 1.0, ""gain"": 0.0}, {""block"": ""star_ris"", ""rho"": 1.0, ""gain"": 0.07248606391710766}, {""block"": ""rsma"", ""rho"": 1.0, ""gain"": 7.105427357601002e-15}, {""block"": ""star_ris"", ""rho"": 4.0, ""gain"": 0.0028799846600691126}, {""block"": ""rsma"", ""rho"": 1.0, ""gain"": -3.552713678800501e-15}, {""block"": ""star_ris"", ""rho"": 1.0, ""gain"": 0.02462442539333054}, {""block"": ""rsma"", ""rho"": 1.0, ""gain"": 0.0}, {""block"": ""star_ris"", ""rho"": 1.0, ""gain"": 0.1500868336803194}, {""block"": ""rsma"", ""rho"": 1.0, ""gain"": 0.0}, {""block"": ""star_ris"", ""rho"": 4.0, ""gain"": 0.004051314730663336}, {""block"": ""rsma"", ""rho"": 1.0, ""gain"": 0.0}, {""block"": ""star_ris"", ""rho"": 1.0, ""gain"": 0.018117429193100776}, {""block"": ""rsma"", ""rho"": 1.0, ""gain"": 0.0}, {""block"": ""star_ris"", ""rho"": 1.0, ""gain"": 0.0028435241896040964}, {""block"": ""rsma"", ""rho"": 1.0, ""gain"": 3.552713678800501e-15}, {""block"": ""star_ris"", ""rho"": 8.0, ""gain"": 0.0014266940768834502}]",{},4270.208148,eb978e84730de4cf1e0579ad9e17edb700c67ba6eceac89d1fe3698763a419f7,fc61d5cda7da39530055bae9bd0e92865f995cd9,4e84455d08cacd9f85c432f7838c3be2cb0f000b55edc3487c6dee9520cc0b63
ao_sca,96,10000,966,test,18.881756857606938,18.881756857606938,1.0,True,0.0,12,7181,22,ao_sca_proximal_physical,analytical_ris_equal_allocation,"[1.8380017359657723, 18.604436120168895, 18.611678462465594, 18.639744330027916, 18.64669076407719, 18.662082074561468, 18.66986962077121, 18.685061262716136, 18.8517087987994, 18.857953594209864, 18.867900177393427, 18.88112916806764, 18.881756857606938]","[{""block"": ""rsma"", ""rho"": 1.0, ""gain"": 16.647499071939723}, {""block"": ""star_ris"", ""rho"": 4.0, ""gain"": 0.1189353122633996}, {""block"": ""rsma"", ""rho"": 1.0, ""gain"": 0.0}, {""block"": ""star_ris"", ""rho"": 16.0, ""gain"": 0.007242342296699178}, {""block"": ""rsma"", ""rho"": 1.0, ""gain"": -3.552713678800501e-15}, {""block"": ""star_ris"", ""rho"": 8.0, ""gain"": 0.028065867562325764}, {""block"": ""rsma"", ""rho"": 1.0, ""gain"": 0.0}, {""block"": ""star_ris"", ""rho"": 4.0, ""gain"": 0.006946434049272199}, {""block"": ""rsma"", ""rho"": 1.0, ""gain"": 0.0}, {""block"": ""star_ris"", ""rho"": 32.0, ""gain"": 0.01539131048427933}, {""block"": ""rsma"", ""rho"": 1.0, ""gain"": 0.0}, {""block"": ""star_ris"", ""rho"": 1.0, ""gain"": 0.007787546209740981}, {""block"": ""rsma"", ""rho"": 1.0, ""gain"": 0.0}, {""block"": ""star_ris"", ""rho"": 2.0, ""gain"": 0.01519164194492717}, {""block"": ""rsma"", ""rho"": 1.0, ""gain"": -3.552713678800501e-15}, {""block"": ""star_ris"", ""rho"": 1.0, ""gain"": 0.16664753608326777}, {""block"": ""rsma"", ""rho"": 1.0, ""gain"": 0.0}, {""block"": ""star_ris"", ""rho"": 8.0, ""gain"": 0.006244795410463411}, {""block"": ""rsma"", ""rho"": 1.0, ""gain"": 0.0}, {""block"": ""star_ris"", ""rho"": 16.0, ""gain"": 0.009946583183563007}, {""block"": ""rsma"", ""rho"": 1.0, ""gain"": 0.0}, {""block"": ""star_ris"", ""rho"": 8.0, ""gain"": 0.013228990674214458}, {""block"": ""rsma"", ""rho"": 1.0, ""gain"": 0.0}, {""block"": ""star_ris"", ""rho"": 2.0, ""gain"": 0.0006276895392964832}]",{},3852.428596,eb978e84730de4cf1e0579ad9e17edb700c67ba6eceac89d1fe3698763a419f7,fc61d5cda7da39530055bae9bd0e92865f995cd9,4e84455d08cacd9f85c432f7838c3be2cb0f000b55edc3487c6dee9520cc0b63
ao_sca,96,10000,967,test,18.977651703156297,18.977651703156297,1.0,True,0.0,16,9570,31,ao_sca_proximal_physical,analytical_ris_equal_allocation,"[1.8379951138104083, 18.534988816632612, 18.545094620062066, 18.56799363488656, 18.60783451827762, 18.656582625202837, 18.673801500864293, 18.69691202537103, 18.726004262391946, 18.73344731664746, 18.755917584920283, 18.764571239227323, 18.78060584158687, 18.787097942911117, 18.790754052631783, 18.976786964265287, 18.977651703156297]","[{""block"": ""rsma"", ""rho"": 1.0, ""gain"": 16.576009289534774}, {""block"": ""star_ris"", ""rho"": 2.0, ""gain"": 0.12098441328743093}, {""block"": ""rsma"", ""rho"": 1.0, ""gain"": 0.0}, {""block"": ""star_ris"", ""rho"": 1.0, ""gain"": 0.010105803429453886}, {""block"": ""rsma"", ""rho"": 1.0, ""gain"": 3.552713678800501e-15}, {""block"": ""star_ris"", ""rho"": 4.0, ""gain"": 0.022899014824488972}, {""block"": ""rsma"", ""rho"": 1.0, ""gain"": 3.552713678800501e-15}, {""block"": ""star_ris"", ""rho"": 2.0, ""gain"": 0.03984088339105796}, {""block"": ""rsma"", ""rho"": 1.0, ""gain"": -3.552713678800501e-15}, {""block"": ""star_ris"", ""rho"": 8.0, ""gain"": 0.04874810692522047}, {""block"": ""rsma"", ""rho"": 1.0, ""gain"": 0.0}, {""block"": ""star_ris"", ""rho"": 16.0, ""gain"": 0.017218875661455968}, {""block"": ""rsma"", ""rho"": 1.0, ""gain"": 0.0}, {""block"": ""star_ris"", ""rho"": 1.0, ""gain"": 0.023110524506737562}, {""block"": ""rsma"", ""rho"": 1.0, ""gain"": 0.0}, {""block"": ""star_ris"", ""rho"": 8.0, ""gain"": 0.029092237020915235}, {""block"": ""rsma"", ""rho"": 1.0, ""gain"": 0.0}, {""block"": ""star_ris"", ""rho"": 8.0, ""gain"": 0.00744305425551417}, {""block"": ""rsma"", ""rho"": 1.0, ""gain"": 0.0}, {""block"": ""star_ris"", ""rho"": 16.0, ""gain"": 0.022470268272822835}, {""block"": ""rsma"", ""rho"": 1.0, ""gain"": 0.0}, {""block"": ""star_ris"", ""rho"": 8.0, ""gain"": 0.00865365430703946}, {""block"": ""rsma"", ""rho"": 1.0, ""gain"": 0.0}, {""block"": ""star_ris"", ""rho"": 4.0, ""gain"": 0.016034602359546568}, {""block"": ""rsma"", ""rho"": 1.0, ""gain"": 0.0}, {""block"": ""star_ris"", ""rho"": 1.0, ""gain"": 0.006492101324248267}, {""block"": ""rsma"", ""rho"": 1.0, ""gain"": 0.0}, {""block"": ""star_ris"", ""rho"": 2.0, ""gain"": 0.0036561097206657678}, {""block"": ""rsma"", ""rho"": 1.0, ""gain"": 3.552713678800501e-15}, {""block"": ""star_ris"", ""rho"": 1.0, ""gain"": 0.18603291163350022}, {""block"": ""rsma"", ""rho"": 1.0, ""gain"": 0.0}, {""block"": ""star_ris"", ""rho"": 64.0, ""gain"": 0.0008647388910105747}]",{},5162.977555,eb978e84730de4cf1e0579ad9e17edb700c67ba6eceac89d1fe3698763a419f7,fc61d5cda7da39530055bae9bd0e92865f995cd9,4e84455d08cacd9f85c432f7838c3be2cb0f000b55edc3487c6dee9520cc0b63
ao_sca,96,10000,968,test,18.99804845063402,18.99804845063402,1.0,True,0.0,20,11960,39,ao_sca_proximal_physical,analytical_ris_equal_allocation,"[1.8379813012210253, 18.359445937277513, 18.377410855833617, 18.523111579669337, 18.610869413433356, 18.79433855286713, 18.83485821886263, 18.838029272052545, 18.84803601508262, 18.862346299000894, 18.865221675461665, 18.87035719777699, 18.88073978058957, 18.895332113181144, 18.90434083246228, 18.93838356740053, 18.950841456315363, 18.959281960360247, 18.990902258029664, 18.99598820319943, 18.99804845063402]","[{""block"": ""rsma"", ""rho"": 1.0, ""gain"": 15.810992869720247}, {""block"": ""star_ris"", ""rho"": 1.0, ""gain"": 0.7104717663362408}, {""block"": ""rsma"", ""rho"": 1.0, ""gain"": 0.0}, {""block"": ""star_ris"", ""rho"": 2.0, ""gain"": 0.01796491855610327}, {""block"": ""rsma"", ""rho"": 1.0, ""gain"": 7.105427357601002e-15}, {""block"": ""star_ris"", ""rho"": 1.0, ""gain"": 0.14570072383571286}, {""block"": ""rsma"", ""rho"": 1.0, ""gain"": -3.552713678800501e-15}, {""block"": ""star_ris"", ""rho"": 1.0, ""gain"": 0.08775783376402302}, {""block"": ""rsma"", ""rho"": 1.0, ""gain"": 3.552713678800501e-15}, {""block"": ""star_ris"", ""rho"": 2.0, ""gain"": 0.18346913943377174}, {""block"": ""rsma"", ""rho"": 1.0, ""gain"": -7.105427357601002e-15}, {""block"": ""star_ris"", ""rho"": 1.0, ""gain"": 0.04051966599550738}, {""block"": ""rsma"", ""rho"": 1.0, ""gain"": 3.552713678800501e-15}, {""block"": ""star_ris"", ""rho"": 64.0, ""gain"": 0.0031710531899094008}, {""block"": ""rsma"", ""rho"": 1.0, ""gain"": 0.0}, {""block"": ""star_ris"", ""rho"": 4.0, ""gain"": 0.010006743030075427}, {""block"": ""rsma"", ""rho"": 1.0, ""gain"": 0.0}, {""block"": ""star_ris"", ""rho"": 16.0, ""gain"": 0.014310283918273825}, {""block"": ""rsma"", ""rho"": 1.0, ""gain"": -3.552713678800501e-15}, {""block"": ""star_ris"", ""rho"": 4.0, ""gain"": 0.002875376460774959}, {""block"": ""rsma"", ""rho"": 1.0, ""gain"": 0.0}, {""block"": ""star_ris"", ""rho"": 4.0, ""gain"": 0.005135522315324437}, {""block"": ""rsma"", ""rho"": 1.0, ""gain"": 0.0}, {""block"": ""star_ris"", ""rho"": 8.0, ""gain"": 0.010382582812578534}, {""block"": ""rsma"", ""rho"": 1.0, ""gain"": 0.0}, {""block"": ""star_ris"", ""rho"": 2.0, ""gain"": 0.014592332591575996}, {""block"": ""rsma"", ""rho"": 1.0, ""gain"": 0.0}, {""block"": ""star_ris"", ""rho"": 2.0, ""gain"": 0.009008719281137445}, {""block"": ""rsma"", ""rho"": 1.0, ""gain"": 0.0}, {""block"": ""star_ris"", ""rho"": 8.0, ""gain"": 0.03404273493824661}, {""block"": ""rsma"", ""rho"": 1.0, ""gain"": 0.0}, {""block"": ""star_ris"", ""rho"": 4.0, ""gain"": 0.01245788891483457}, {""block"": ""rsma"", ""rho"": 1.0, ""gain"": 3.552713678800501e-15}, {""block"": ""star_ris"", ""rho"": 8.0, ""gain"": 0.008440504044880726}, {""block"": ""rsma"", ""rho"": 1.0, ""gain"": 3.552713678800501e-15}, {""block"": ""star_ris"", ""rho"": 2.0, ""gain"": 0.03162029766941288}, {""block"": ""rsma"", ""rho"": 1.0, ""gain"": 0.0}, {""block"": ""star_ris"", ""rho"": 4.0, ""gain"": 0.0050859451697675695}, {""block"": ""rsma"", ""rho"": 1.0, ""gain"": 0.0}, {""block"": ""star_ris"", ""rho"": 32.0, ""gain"": 0.002060247434588547}]",{},6428.973117,eb978e84730de4cf1e0579ad9e17edb700c67ba6eceac89d1fe3698763a419f7,fc61d5cda7da39530055bae9bd0e92865f995cd9,4e84455d08cacd9f85c432f7838c3be2cb0f000b55edc3487c6dee9520cc0b63
ao_sca,96,10000,969,test,19.01177595606593,19.01177595606593,1.0,True,0.0,13,7778,25,ao_sca_proximal_physical,analytical_ris_equal_allocation,"[1.837995778721172, 18.492177123931654, 18.595057639947964, 18.646191035026995, 18.652410873263346, 18.70103442471646, 18.724708006035016, 18.732421308045016, 18.749994624272937, 18.940585239904983, 18.95383230675869, 19.00650592226777, 19.010943597782923, 19.01177595606593]","[{""block"": ""rsma"", ""rho"": 1.0, ""gain"": 16.274929988991037}, {""block"": ""star_ris"", ""rho"": 1.0, ""gain"": 0.37925135621944506}, {""block"": ""rsma"", ""rho"": 1.0, ""gain"": 0.0}, {""block"": ""star_ris"", ""rho"": 1.0, ""gain"": 0.10288051601630954}, {""block"": ""rsma"", ""rho"": 1.0, ""gain"": 0.0}, {""block"": ""star_ris"", ""rho"": 8.0, ""gain"": 0.05113339507903092}, {""block"": ""rsma"", ""rho"": 1.0, ""gain"": 3.552713678800501e-15}, {""block"": ""star_ris"", ""rho"": 64.0, ""gain"": 0.006219838236347641}, {""block"": ""rsma"", ""rho"": 1.0, ""gain"": 0.0}, {""block"": ""star_ris"", ""rho"": 8.0, ""gain"": 0.048623551453115255}, {""block"": ""rsma"", ""rho"": 1.0, ""gain"": 0.0}, {""block"": ""star_ris"", ""rho"": 16.0, ""gain"": 0.02367358131855468}, {""block"": ""rsma"", ""rho"": 1.0, ""gain"": 0.0}, {""block"": ""star_ris"", ""rho"": 8.0, ""gain"": 0.007713302009999978}, {""block"": ""rsma"", ""rho"": 1.0, ""gain"": 0.0}, {""block"": ""star_ris"", ""rho"": 2.0, ""gain"": 0.0175733162279208}, {""block"": ""rsma"", ""rho"": 1.0, ""gain"": 0.0}, {""block"": ""star_ris"", ""rho"": 1.0, ""gain"": 0.19059061563204693}, {""block"": ""rsma"", ""rho"": 1.0, ""gain"": 3.552713678800501e-15}, {""block"": ""star_ris"", ""rho"": 2.0, ""gain"": 0.013247066853704581}, {""block"": ""rsma"", ""rho"": 1.0, ""gain"": 0.0}, {""block"": ""star_ris"", ""rho"": 1.0, ""gain"": 0.052673615509078786}, {""block"": ""rsma"", ""rho"": 1.0, ""gain"": 3.552713678800501e-15}, {""block"": ""star_ris"", ""rho"": 2.0, ""gain"": 0.004437675515148953}, {""block"": ""rsma"", ""rho"": 1.0, ""gain"": 0.0}, {""block"": ""star_ris"", ""rho"": 128.0, ""gain"": 0.000832358283005874}]",{},4347.87743,eb978e84730de4cf1e0579ad9e17edb700c67ba6eceac89d1fe3698763a419f7,fc61d5cda7da39530055bae9bd0e92865f995cd9,4e84455d08cacd9f85c432f7838c3be2cb0f000b55edc3487c6dee9520cc0b63
ao_sca,96,10000,970,test,19.12794044505272,19.12794044505272,1.0,True,0.0,6,3585,9,ao_sca_proximal_physical,analytical_ris_equal_allocation,"[1.838007646512099, 18.633692816760355, 18.80169071930634, 18.936614578428525, 19.030370900690095, 19.126798723465456, 19.127940445052722]","[{""block"": ""rsma"", ""rho"": 1.0, ""gain"": 16.77116000253425}, {""block"": ""star_ris"", ""rho"": 2.0, ""gain"": 0.024525167714006813}, {""block"": ""rsma"", ""rho"": 1.0, ""gain"": 0.0}, {""block"": ""star_ris"", ""rho"": 1.0, ""gain"": 0.16799790254598435}, {""block"": ""rsma"", ""rho"": 1.0, ""gain"": 0.0}, {""block"": ""star_ris"", ""rho"": 1.0, ""gain"": 0.13492385912218552}, {""block"": ""rsma"", ""rho"": 1.0, ""gain"": 0.0}, {""block"": ""star_ris"", ""rho"": 1.0, ""gain"": 0.09375632226156938}, {""block"": ""rsma"", ""rho"": 1.0, ""gain"": 0.0}, {""block"": ""star_ris"", ""rho"": 4.0, ""gain"": 0.096427822775361}, {""block"": ""rsma"", ""rho"": 1.0, ""gain"": 0.0}, {""block"": ""star_ris"", ""rho"": 32.0, ""gain"": 0.0011417215872668862}]",{},1954.239863,eb978e84730de4cf1e0579ad9e17edb700c67ba6eceac89d1fe3698763a419f7,fc61d5cda7da39530055bae9bd0e92865f995cd9,4e84455d08cacd9f85c432f7838c3be2cb0f000b55edc3487c6dee9520cc0b63
ao_sca,96,10000,971,test,18.66225213399574,18.66225213399574,1.0,True,0.0,5,2999,7,ao_sca_proximal_physical,analytical_ris_equal_allocation,"[1.8379912066102047, 18.546428337832452, 18.61406749491322, 18.64599819286881, 18.661537138418613, 18.66225213399574]","[{""block"": ""rsma"", ""rho"": 1.0, ""gain"": 16.27349047308222}, {""block"": ""star_ris"", ""rho"": 1.0, ""gain"": 0.43494665814002786}, {""block"": ""rsma"", ""rho"": 1.0, ""gain"": 0.0}, {""block"": ""star_ris"", ""rho"": 8.0, ""gain"": 0.06763915708076595}, {""block"": ""rsma"", ""rho"": 1.0, ""gain"": 0.0}, {""block"": ""star_ris"", ""rho"": 16.0, ""gain"": 0.031930697955591114}, {""block"": ""rsma"", ""rho"": 1.0, ""gain"": 0.0}, {""block"": ""star_ris"", ""rho"": 32.0, ""gain"": 0.015538945549803174}, {""block"": ""rsma"", ""rho"": 1.0, ""gain"": -3.552713678800501e-15}, {""block"": ""star_ris"", ""rho"": 64.0, ""gain"": 0.0007149955771303951}]",{},1631.566604,eb978e84730de4cf1e0579ad9e17edb700c67ba6eceac89d1fe3698763a419f7,fc61d5cda7da39530055bae9bd0e92865f995cd9,4e84455d08cacd9f85c432f7838c3be2cb0f000b55edc3487c6dee9520cc0b63
ao_sca,96,10000,972,test,18.91419389810287,18.91419389810287,1.0,True,0.0,10,5980,20,ao_sca_proximal_physical,analytical_ris_equal_allocation,"[1.8379868131840884, 18.130897207934368, 18.50099683596738, 18.583806647268613, 18.597592693075224, 18.72602267656744, 18.77318123171257, 18.854172998296033, 18.89013547995777, 18.914079271846468, 18.91419389810287]","[{""block"": ""rsma"", ""rho"": 1.0, ""gain"": 16.15766439872469}, {""block"": ""star_ris"", ""rho"": 1.0, ""gain"": 0.1352459960255885}, {""block"": ""rsma"", ""rho"": 1.0, ""gain"": -3.552713678800501e-15}, {""block"": ""star_ris"", ""rho"": 1.0, ""gain"": 0.3700996280330173}, {""block"": ""rsma"", ""rho"": 1.0, ""gain"": 0.0}, {""block"": ""star_ris"", ""rho"": 1.0, ""gain"": 0.08280981130123166}, {""block"": ""rsma"", ""rho"": 1.0, ""gain"": 0.0}, {""block"": ""star_ris"", ""rho"": 1.0, ""gain"": 0.013786045806611469}, {""block"": ""rsma"", ""rho"": 1.0, ""gain"": 0.0}, {""block"": ""star_ris"", ""rho"": 1.0, ""gain"": 0.12842998349221446}, {""block"": ""rsma"", ""rho"": 1.0, ""gain"": 0.0}, {""block"": ""star_ris"", ""rho"": 64.0, ""gain"": 0.04715855514513123}, {""block"": ""rsma"", ""rho"": 1.0, ""gain"": 0.0}, {""block"": ""star_ris"", ""rho"": 8.0, ""gain"": 0.08099176658346252}, {""block"": ""rsma"", ""rho"": 1.0, ""gain"": 3.552713678800501e-15}, {""block"": ""star_ris"", ""rho"": 16.0, ""gain"": 0.0359624816617341}, {""block"": ""rsma"", ""rho"": 1.0, ""gain"": 0.0}, {""block"": ""star_ris"", ""rho"": 2.0, ""gain"": 0.023943791888697774}, {""block"": ""rsma"", ""rho"": 1.0, ""gain"": 0.0}, {""block"": ""star_ris"", ""rho"": 32.0, ""gain"": 0.00011462625640135116}]",{},3414.150466,eb978e84730de4cf1e0579ad9e17edb700c67ba6eceac89d1fe3698763a419f7,fc61d5cda7da39530055bae9bd0e92865f995cd9,4e84455d08cacd9f85c432f7838c3be2cb0f000b55edc3487c6dee9520cc0b63
ao_sca,96,10000,973,test,18.988429573710253,18.988429573710253,1.0,True,0.0,18,10754,35,ao_sca_proximal_physical,analytical_ris_equal_allocation,"[1.837990186760154, 18.376083787616555, 18.486510703327305, 18.547569853287044, 18.570059767735234, 18.688841214575657, 18.76912483118387, 18.8004779334469, 18.813626295287538, 18.820214309126875, 18.841728693866884, 18.84434698587528, 18.850720994102428, 18.871131821032183, 18.906030672866937, 18.940885798797627, 18.94585518643815, 18.987482415517615, 18.988429573710253]","[{""block"": ""rsma"", ""rho"": 1.0, ""gain"": 16.31989661949498}, {""block"": ""star_ris"", ""rho"": 1.0, ""gain"": 0.21819698136141952}, {""block"": ""rsma"", ""rho"": 1.0, ""gain"": 3.552713678800501e-15}, {""block"": ""star_ris"", ""rho"": 1.0, ""gain"": 0.1104269157107467}, {""block"": ""rsma"", ""rho"": 1.0, ""gain"": -7.105427357601002e-15}, {""block"": ""star_ris"", ""rho"": 1.0, ""gain"": 0.06105914995974615}, {""block"": ""rsma"", ""rho"": 1.0, ""gain"": 0.0}, {""block"": ""star_ris"", ""rho"": 2.0, ""gain"": 0.022489914448190262}, {""block"": ""rsma"", ""rho"": 1.0, ""gain"": 0.0}, {""block"": ""star_ris"", ""rho"": 1.0, ""gain"": 0.11878144684042269}, {""block"": ""rsma"", ""rho"": 1.0, ""gain"": 0.0}, {""block"": ""star_ris"", ""rho"": 2.0, ""gain"": 0.08028361660821304}, {""block"": ""rsma"", ""rho"": 1.0, ""gain"": 0.0}, {""block"": ""star_ris"", ""rho"": 1.0, ""gain"": 0.03135310226302934}, {""block"": ""rsma"", ""rho"": 1.0, ""gain"": 0.0}, {""block"": ""star_ris"", ""rho"": 32.0, ""gain"": 0.0131483618406385}, {""block"": ""rsma"", ""rho"": 1.0, ""gain"": 0.0}, {""block"": ""star_ris"", ""rho"": 4.0, ""gain"": 0.006588013839337492}, {""block"": ""rsma"", ""rho"": 1.0, ""gain"": 3.552713678800501e-15}, {""block"": ""star_ris"", ""rho"": 8.0, ""gain"": 0.021514384740005}, {""block"": ""rsma"", ""rho"": 1.0, ""gain"": 0.0}, {""block"": ""star_ris"", ""rho"": 8.0, ""gain"": 0.002618292008396139}, {""block"": ""rsma"", ""rho"": 1.0, ""gain"": 0.0}, {""block"": ""star_ris"", ""rho"": 2.0, ""gain"": 0.006374008227147954}, {""block"": ""rsma"", ""rho"": 1.0, ""gain"": 3.552713678800501e-15}, {""block"": ""star_ris"", ""rho"": 4.0, ""gain"": 0.02041082692975138}, {""block"": ""rsma"", ""rho"": 1.0, ""gain"": -3.552713678800501e-15}, {""block"": ""star_ris"", ""rho"": 2.0, ""gain"": 0.034898851834757494}, {""block"": ""rsma"", ""rho"": 1.0, ""gain"": 0.0}, {""block"": ""star_ris"", ""rho"": 2.0, ""gain"": 0.03485512593069018}, {""block"": ""rsma"", ""rho"": 1.0, ""gain"": 0.0}, {""block"": ""star_ris"", ""rho"": 4.0, ""gain"": 0.004969387640521461}, {""block"": ""rsma"", ""rho"": 1.0, ""gain"": -3.552713678800501e-15}, {""block"": ""star_ris"", ""rho"": 2.0, ""gain"": 0.04162722907947014}, {""block"": ""rsma"", ""rho"": 1.0, ""gain"": -3.552713678800501e-15}, {""block"": ""star_ris"", ""rho"": 4.0, ""gain"": 0.0009471581926412398}]",{},5795.316789,eb978e84730de4cf1e0579ad9e17edb700c67ba6eceac89d1fe3698763a419f7,fc61d5cda7da39530055bae9bd0e92865f995cd9,4e84455d08cacd9f85c432f7838c3be2cb0f000b55edc3487c6dee9520cc0b63
ao_sca,96,10000,974,test,18.796953454355524,18.796953454355524,1.0,True,0.0,20,11951,37,ao_sca_proximal_physical,analytical_ris_equal_allocation,"[1.837961888383483, 17.764927358019104, 17.85267725501878, 17.889924081311634, 17.975231914826225, 18.260717103758996, 18.277883389614853, 18.658113710813517, 18.67201492176784, 18.680317746577682, 18.691796007778684, 18.696582714430374, 18.7048671774148, 18.71774958327353, 18.732662250704422, 18.749086951947064, 18.75420642469884, 18.773733904449653, 18.786985594670192, 18.794600127476482, 18.796953454355524]","[{""block"": ""rsma"", ""rho"": 1.0, ""gain"": 15.726393927503082}, {""block"": ""star_ris"", ""rho"": 4.0, ""gain"": 0.2005715421325398}, {""block"": ""rsma"", ""rho"": 1.0, ""gain"": 3.552713678800501e-15}, {""block"": ""star_ris"", ""rho"": 8.0, ""gain"": 0.0877498969996715}, {""block"": ""rsma"", ""rho"": 1.0, ""gain"": 0.0}, {""block"": ""star_ris"", ""rho"": 1.0, ""gain"": 0.03724682629285425}, {""block"": ""rsma"", ""rho"": 1.0, ""gain"": -3.552713678800501e-15}, {""block"": ""star_ris"", ""rho"": 2.0, ""gain"": 0.08530783351459448}, {""block"": ""rsma"", ""rho"": 1.0, ""gain"": 0.0}, {""block"": ""star_ris"", ""rho"": 1.0, ""gain"": 0.2854851889327712}, {""block"": ""rsma"", ""rho"": 1.0, ""gain"": 3.552713678800501e-15}, {""block"": ""star_ris"", ""rho"": 1.0, ""gain"": 0.017166285855854113}, {""block"": ""rsma"", ""rho"": 1.0, ""gain"": 0.0}, {""block"": ""star_ris"", ""rho"": 1.0, ""gain"": 0.3802303211986633}, {""block"": ""rsma"", ""rho"": 1.0, ""gain"": 0.0}, {""block"": ""star_ris"", ""rho"": 4.0, ""gain"": 0.013901210954323062}, {""block"": ""rsma"", ""rho"": 1.0, ""gain"": 0.0}, {""block"": ""star_ris"", ""rho"": 8.0, ""gain"": 0.008302824809842235}, {""block"": ""rsma"", ""rho"": 1.0, ""gain"": 0.0}, {""block"": ""star_ris"", ""rho"": 4.0, ""gain"": 0.011478261201002482}, {""block"": ""rsma"", ""rho"": 1.0, ""gain"": 0.0}, {""block"": ""star_ris"", ""rho"": 2.0, ""gain"": 0.004786706651689343}, {""block"": ""rsma"", ""rho"": 1.0, ""gain"": 0.0}, {""block"": ""star_ris"", ""rho"": 2.0, ""gain"": 0.008284462984427421}, {""block"": ""rsma"", ""rho"": 1.0, ""gain"": 0.0}, {""block"": ""star_ris"", ""rho"": 8.0, ""gain"": 0.012882405858729129}, {""block"": ""rsma"", ""rho"": 1.0, ""gain"": 3.552713678800501e-15}, {""block"": ""star_ris"", ""rho"": 4.0, ""gain"": 0.014912667430888149}, {""block"": ""rsma"", ""rho"": 1.0, ""gain"": 0.0}, {""block"": ""star_ris"", ""rho"": 2.0, ""gain"": 0.016424701242641504}, {""block"": ""rsma"", ""rho"": 1.0, ""gain"": 0.0}, {""block"": ""star_ris"", ""rho"": 8.0, ""gain"": 0.005119472751776044}, {""block"": ""rsma"", ""rho"": 1.0, ""gain"": 0.0}, {""block"": ""star_ris"", ""rho"": 2.0, ""gain"": 0.01952747975081337}, {""block"": ""rsma"", ""rho"": 1.0, ""gain"": 0.0}, {""block"": ""star_ris"", ""rho"": 4.0, ""gain"": 0.013251690220538848}, {""block"": ""rsma"", ""rho"": 1.0, ""gain"": -3.552713678800501e-15}, {""block"": ""star_ris"", ""rho"": 1.0, ""gain"": 0.007614532806293539}, {""block"": ""rsma"", ""rho"": 1.0, ""gain"": 0.0}, {""block"": ""star_ris"", ""rho"": 8.0, ""gain"": 0.002353326879042328}]",{},6532.098,eb978e84730de4cf1e0579ad9e17edb700c67ba6eceac89d1fe3698763a419f7,fc61d5cda7da39530055bae9bd0e92865f995cd9,4e84455d08cacd9f85c432f7838c3be2cb0f000b55edc3487c6dee9520cc0b63
ao_sca,96,10000,975,test,18.737616460559927,18.737616460559927,1.0,True,0.0,7,4183,12,ao_sca_proximal_physical,analytical_ris_equal_allocation,"[1.8379906946459128, 18.412982698641457, 18.443760481417762, 18.682976065496327, 18.70934570969515, 18.713591565142444, 18.73721186528327, 18.737616460559927]","[{""block"": ""rsma"", ""rho"": 1.0, ""gain"": 16.320828267318383}, {""block"": ""star_ris"", ""rho"": 1.0, ""gain"": 0.2541637366771603}, {""block"": ""rsma"", ""rho"": 1.0, ""gain"": 0.0}, {""block"": ""star_ris"", ""rho"": 1.0, ""gain"": 0.03077778277630472}, {""block"": ""rsma"", ""rho"": 1.0, ""gain"": 0.0}, {""block"": ""star_ris"", ""rho"": 2.0, ""gain"": 0.2392155840785648}, {""block"": ""rsma"", ""rho"": 1.0, ""gain"": 0.0}, {""block"": ""star_ris"", ""rho"": 4.0, ""gain"": 0.02636964419882304}, {""block"": ""rsma"", ""rho"": 1.0, ""gain"": 0.0}, {""block"": ""star_ris"", ""rho"": 8.0, ""gain"": 0.004245855447294389}, {""block"": ""rsma"", ""rho"": 1.0, ""gain"": -3.552713678800501e-15}, {""block"": ""star_ris"", ""rho"": 2.0, ""gain"": 0.023620300140830608}, {""block"": ""rsma"", ""rho"": 1.0, ""gain"": 0.0}, {""block"": ""star_ris"", ""rho"": 8.0, ""gain"": 0.000404595276656039}]",{},2272.360421,eb978e84730de4cf1e0579ad9e17edb700c67ba6eceac89d1fe3698763a419f7,fc61d5cda7da39530055bae9bd0e92865f995cd9,4e84455d08cacd9f85c432f7838c3be2cb0f000b55edc3487c6dee9520cc0b63
ao_sca,96,10000,976,test,18.987675826552756,18.987675826552756,1.0,True,0.0,12,7181,21,ao_sca_proximal_physical,analytical_ris_equal_allocation,"[1.8379815366259233, 18.55427812928335, 18.61838378981836, 18.64624186193726, 18.71495280534979, 18.753714052303522, 18.791467693682378, 18.808925525831754, 18.925653384859014, 18.932389416525755, 18.97113881465829, 18.987505009932775, 18.987675826552753]","[{""block"": ""rsma"", ""rho"": 1.0, ""gain"": 15.657755180239048}, {""block"": ""star_ris"", ""rho"": 1.0, ""gain"": 1.0585414124183785}, {""block"": ""rsma"", ""rho"": 1.0, ""gain"": 0.0}, {""block"": ""star_ris"", ""rho"": 4.0, ""gain"": 0.06410566053500943}, {""block"": ""rsma"", ""rho"": 1.0, ""gain"": 0.0}, {""block"": ""star_ris"", ""rho"": 2.0, ""gain"": 0.027858072118899457}, {""block"": ""rsma"", ""rho"": 1.0, ""gain"": 0.0}, {""block"": ""star_ris"", ""rho"": 8.0, ""gain"": 0.0687109434125297}, {""block"": ""rsma"", ""rho"": 1.0, ""gain"": 0.0}, {""block"": ""star_ris"", ""rho"": 1.0, ""gain"": 0.038761246953733064}, {""block"": ""rsma"", ""rho"": 1.0, ""gain"": 0.0}, {""block"": ""star_ris"", ""rho"": 8.0, ""gain"": 0.03775364137885617}, {""block"": ""rsma"", ""rho"": 1.0, ""gain"": 0.0}, {""block"": ""star_ris"", ""rho"": 32.0, ""gain"": 0.017457832149375463}, {""block"": ""rsma"", ""rho"": 1.0, ""gain"": 0.0}, {""block"": ""star_ris"", ""rho"": 1.0, ""gain"": 0.1167278590272609}, {""block"": ""rsma"", ""rho"": 1.0, ""gain"": 0.0}, {""block"": ""star_ris"", ""rho"": 8.0, ""gain"": 0.006736031666740416}, {""block"": ""rsma"", ""rho"": 1.0, ""gain"": 3.552713678800501e-15}, {""block"": ""star_ris"", ""rho"": 4.0, ""gain"": 0.038749398132530644}, {""block"": ""rsma"", ""rho"": 1.0, ""gain"": 0.0}, {""block"": ""star_ris"", ""rho"": 2.0, ""gain"": 0.016366195274486017}, {""block"": ""rsma"", ""rho"": 1.0, ""gain"": 3.552713678800501e-15}, {""block"": ""star_ris"", ""rho"": 256.0, ""gain"": 0.00017081661997409014}]",{},3945.74359,eb978e84730de4cf1e0579ad9e17edb700c67ba6eceac89d1fe3698763a419f7,fc61d5cda7da39530055bae9bd0e92865f995cd9,4e84455d08cacd9f85c432f7838c3be2cb0f000b55edc3487c6dee9520cc0b63
ao_sca,96,10000,977,test,19.14175657574402,19.14175657574402,1.0,True,0.0,18,10767,30,ao_sca_proximal_physical,analytical_ris_equal_allocation,"[1.8379962037396094, 18.26317990190588, 18.406441772410552, 18.43899014786206, 18.454887054276885, 18.54529555030112, 18.60201592013064, 18.606440511212156, 18.624813737599887, 18.63519385918032, 18.654729975765882, 18.944737422464662, 18.95455531463595, 18.959898756004634, 18.982287957382034, 19.105022179798333, 19.10936251687879, 19.140595694303933, 19.14175657574402]","[{""block"": ""rsma"", ""rho"": 1.0, ""gain"": 16.261651069079083}, {""block"": ""star_ris"", ""rho"": 4.0, ""gain"": 0.1635326290871859}, {""block"": ""rsma"", ""rho"": 1.0, ""gain"": -7.105427357601002e-15}, {""block"": ""star_ris"", ""rho"": 4.0, ""gain"": 0.14326187050468064}, {""block"": ""rsma"", ""rho"": 1.0, ""gain"": 3.552713678800501e-15}, {""block"": ""star_ris"", ""rho"": 16.0, ""gain"": 0.032548375451504796}, {""block"": ""rsma"", ""rho"": 1.0, ""gain"": 0.0}, {""block"": ""star_ris"", ""rho"": 32.0, ""gain"": 0.015896906414823775}, {""block"": ""rsma"", ""rho"": 1.0, ""gain"": 0.0}, {""block"": ""star_ris"", ""rho"": 2.0, ""gain"": 0.09040849602423506}, {""block"": ""rsma"", ""rho"": 1.0, ""gain"": 0.0}, {""block"": ""star_ris"", ""rho"": 1.0, ""gain"": 0.05672036982952022}, {""block"": ""rsma"", ""rho"": 1.0, ""gain"": 0.0}, {""block"": ""star_ris"", ""rho"": 16.0, ""gain"": 0.0044245910815163825}, {""block"": ""rsma"", ""rho"": 1.0, ""gain"": 3.552713678800501e-15}, {""block"": ""star_ris"", ""rho"": 8.0, ""gain"": 0.01837322638772676}, {""block"": ""rsma"", ""rho"": 1.0, ""gain"": 0.0}, {""block"": ""star_ris"", ""rho"": 4.0, ""gain"": 0.010380121580432444}, {""block"": ""rsma"", ""rho"": 1.0, ""gain"": 0.0}, {""block"": ""star_ris"", ""rho"": 1.0, ""gain"": 0.01953611658556298}, {""block"": ""rsma"", ""rho"": 1.0, ""gain"": 3.552713678800501e-15}, {""block"": ""star_ris"", ""rho"": 1.0, ""gain"": 0.29000744669877676}, {""block"": ""rsma"", ""rho"": 1.0, ""gain"": 0.0}, {""block"": ""star_ris"", ""rho"": 4.0, ""gain"": 0.009817892171287923}, {""block"": ""rsma"", ""rho"": 1.0, ""gain"": -3.552713678800501e-15}, {""block"": ""star_ris"", ""rho"": 1.0, ""gain"": 0.005343441368687252}, {""block"": ""rsma"", ""rho"": 1.0, ""gain"": 0.0}, {""block"": ""star_ris"", ""rho"": 1.0, ""gain"": 0.022389201377400525}, {""block"": ""rsma"", ""rho"": 1.0, ""gain"": 0.0}, {""block"": ""star_ris"", ""rho"": 1.0, ""gain"": 0.12273422241629817}, {""block"": ""rsma"", ""rho"": 1.0, ""gain"": -3.552713678800501e-15}, {""block"": ""star_ris"", ""rho"": 64.0, ""gain"": 0.0043403370804604435}, {""block"": ""rsma"", ""rho"": 1.0, ""gain"": 3.552713678800501e-15}, {""block"": ""star_ris"", ""rho"": 2.0, ""gain"": 0.031233177425139758}, {""block"": ""rsma"", ""rho"": 1.0, ""gain"": 0.0}, {""block"": ""star_ris"", ""rho"": 64.0, ""gain"": 0.0011608814400858591}]",{},5708.941958,eb978e84730de4cf1e0579ad9e17edb700c67ba6eceac89d1fe3698763a419f7,fc61d5cda7da39530055bae9bd0e92865f995cd9,4e84455d08cacd9f85c432f7838c3be2cb0f000b55edc3487c6dee9520cc0b63
ao_sca,96,10000,978,test,19.03317442744448,19.03317442744448,1.0,True,0.0,20,11964,40,ao_sca_proximal_physical,analytical_ris_equal_allocation,"[1.8379732246764533, 17.859122247409793, 17.98907451401137, 18.087220472218384, 18.093322512882896, 18.344741843260042, 18.479410562268846, 18.48331777859873, 18.547379723430716, 18.551174109635582, 18.706314490922395, 18.757102584534643, 18.782276409435344, 18.885740007930384, 18.91267247811191, 18.934054436722164, 18.94120955843512, 18.997926695833737, 19.026807972605642, 19.030189375963044, 19.03317442744448]","[{""block"": ""rsma"", ""rho"": 1.0, ""gain"": 16.01901839022958}, {""block"": ""star_ris"", ""rho"": 1.0, ""gain"": 0.0021306325037606655}, {""block"": ""rsma"", ""rho"": 1.0, ""gain"": 0.0}, {""block"": ""star_ris"", ""rho"": 8.0, ""gain"": 0.12995226660157755}, {""block"": ""rsma"", ""rho"": 1.0, ""gain"": -3.552713678800501e-15}, {""block"": ""star_ris"", ""rho"": 8.0, ""gain"": 0.09814595820701655}, {""block"": ""rsma"", ""rho"": 1.0, ""gain"": 0.0}, {""block"": ""star_ris"", ""rho"": 1.0, ""gain"": 0.006102040664512032}, {""block"": ""rsma"", ""rho"": 1.0, ""gain"": 0.0}, {""block"": ""star_ris"", ""rho"": 1.0, ""gain"": 0.25141933037714637}, {""block"": ""rsma"", ""rho"": 1.0, ""gain"": 0.0}, {""block"": ""star_ris"", ""rho"": 4.0, ""gain"": 0.13466871900880406}, {""block"": ""rsma"", ""rho"": 1.0, ""gain"": 3.552713678800501e-15}, {""block"": ""star_ris"", ""rho"": 128.0, ""gain"": 0.003907216329881891}, {""block"": ""rsma"", ""rho"": 1.0, ""gain"": 3.552713678800501e-15}, {""block"": ""star_ris"", ""rho"": 1.0, ""gain"": 0.06406194483198036}, {""block"": ""rsma"", ""rho"": 1.0, ""gain"": 0.0}, {""block"": ""star_ris"", ""rho"": 1.0, ""gain"": 0.0037943862048663846}, {""block"": ""rsma"", ""rho"": 1.0, ""gain"": 3.552713678800501e-15}, {""block"": ""star_ris"", ""rho"": 1.0, ""gain"": 0.15514038128680951}, {""block"": ""rsma"", ""rho"": 1.0, ""gain"": 3.552713678800501e-15}, {""block"": ""star_ris"", ""rho"": 8.0, ""gain"": 0.05078809361224401}, {""block"": ""rsma"", ""rho"": 1.0, ""gain"": -3.552713678800501e-15}, {""block"": ""star_ris"", ""rho"": 16.0, ""gain"": 0.025173824900704744}, {""block"": ""rsma"", ""rho"": 1.0, ""gain"": 3.552713678800501e-15}, {""block"": ""star_ris"", ""rho"": 1.0, ""gain"": 0.10346359849503628}, {""block"": ""rsma"", ""rho"": 1.0, ""gain"": 0.0}, {""block"": ""star_ris"", ""rho"": 8.0, ""gain"": 0.02693247018152789}, {""block"": ""rsma"", ""rho"": 1.0, ""gain"": 0.0}, {""block"": ""star_ris"", ""rho"": 2.0, ""gain"": 0.021381958610252383}, {""block"": ""rsma"", ""rho"": 1.0, ""gain"": 0.0}, {""block"": ""star_ris"", ""rho"": 4.0, ""gain"": 0.007155121712955292}, {""block"": ""rsma"", ""rho"": 1.0, ""gain"": 0.0}, {""block"": ""star_ris"", ""rho"": 2.0, ""gain"": 0.05671713739861772}, {""block"": ""rsma"", ""rho"": 1.0, ""gain"": 0.0}, {""block"": ""star_ris"", ""rho"": 2.0, ""gain"": 0.028881276771905107}, {""block"": ""rsma"", ""rho"": 1.0, ""gain"": 0.0}, {""block"": ""star_ris"", ""rho"": 128.0, ""gain"": 0.00338140335740178}, {""block"": ""rsma"", ""rho"": 1.0, ""gain"": 0.0}, {""block"": ""star_ris"", ""rho"": 64.0, ""gain"": 0.0029850514814349083}]",{},6303.654228,eb978e84730de4cf1e0579ad9e17edb700c67ba6eceac89d1fe3698763a419f7,fc61d5cda7da39530055bae9bd0e92865f995cd9,4e84455d08cacd9f85c432f7838c3be2cb0f000b55edc3487c6dee9520cc0b63
ao_sca,96,10000,979,test,18.385923447829946,18.385923447829946,1.0,True,0.0,2,1202,4,ao_sca_proximal_physical,analytical_ris_equal_allocation,"[1.8379977504847953, 18.385385461962567, 18.385923447829946]","[{""block"": ""rsma"", ""rho"": 1.0, ""gain"": 16.547333607417894}, {""block"": ""star_ris"", ""rho"": 64.0, ""gain"": 5.410405987760214e-05}, {""block"": ""rsma"", ""rho"": 1.0, ""gain"": 0.0}, {""block"": ""star_ris"", ""rho"": 8.0, ""gain"": 0.0005379858673784099}]",{},632.990673,eb978e84730de4cf1e0579ad9e17edb700c67ba6eceac89d1fe3698763a419f7,fc61d5cda7da39530055bae9bd0e92865f995cd9,4e84455d08cacd9f85c432f7838c3be2cb0f000b55edc3487c6dee9520cc0b63
ao_sca,96,10000,980,test,18.69183809126545,18.69183809126545,1.0,True,0.0,2,1198,3,ao_sca_proximal_physical,analytical_ris_equal_allocation,"[1.8379976591720044, 18.690845103370407, 18.691838091265446]","[{""block"": ""rsma"", ""rho"": 1.0, ""gain"": 16.178165576436275}, {""block"": ""star_ris"", ""rho"": 1.0, ""gain"": 0.6746818677621285}, {""block"": ""rsma"", ""rho"": 1.0, ""gain"": 0.0}, {""block"": ""star_ris"", ""rho"": 32.0, ""gain"": 0.000992987895038766}]",{},633.847009,eb978e84730de4cf1e0579ad9e17edb700c67ba6eceac89d1fe3698763a419f7,fc61d5cda7da39530055bae9bd0e92865f995cd9,4e84455d08cacd9f85c432f7838c3be2cb0f000b55edc3487c6dee9520cc0b63
ao_sca,96,10000,981,test,19.364038587509967,19.364038587509967,1.0,True,0.0,12,7168,24,ao_sca_proximal_physical,analytical_ris_equal_allocation,"[1.8380107037817621, 18.89403431256677, 19.119150585452363, 19.13260155249686, 19.142098956063034, 19.165538402012373, 19.16764212668647, 19.186217708687778, 19.270413329911293, 19.310046556825725, 19.31970441295828, 19.3637091268211, 19.364038587509967]","[{""block"": ""rsma"", ""rho"": 1.0, ""gain"": 16.827566467077453}, {""block"": ""star_ris"", ""rho"": 1.0, ""gain"": 0.2284571417075547}, {""block"": ""rsma"", ""rho"": 1.0, ""gain"": 0.0}, {""block"": ""star_ris"", ""rho"": 1.0, ""gain"": 0.2251162728855931}, {""block"": ""rsma"", ""rho"": 1.0, ""gain"": 0.0}, {""block"": ""star_ris"", ""rho"": 8.0, ""gain"": 0.013450967044494888}, {""block"": ""rsma"", ""rho"": 1.0, ""gain"": -3.552713678800501e-15}, {""block"": ""star_ris"", ""rho"": 2.0, ""gain"": 0.00949740356617923}, {""block"": ""rsma"", ""rho"": 1.0, ""gain"": -3.552713678800501e-15}, {""block"": ""star_ris"", ""rho"": 1.0, ""gain"": 0.023439445949342996}, {""block"": ""rsma"", ""rho"": 1.0, ""gain"": -3.552713678800501e-15}, {""block"": ""star_ris"", ""rho"": 1.0, ""gain"": 0.002103724674100249}, {""block"": ""rsma"", ""rho"": 1.0, ""gain"": 0.0}, {""block"": ""star_ris"", ""rho"": 2.0, ""gain"": 0.018575582001307822}, {""block"": ""rsma"", ""rho"": 1.0, ""gain"": 0.0}, {""block"": ""star_ris"", ""rho"": 4.0, ""gain"": 0.08419562122351465}, {""block"": ""rsma"", ""rho"": 1.0, ""gain"": 3.552713678800501e-15}, {""block"": ""star_ris"", ""rho"": 8.0, ""gain"": 0.03963322691442883}, {""block"": ""rsma"", ""rho"": 1.0, ""gain"": -3.552713678800501e-15}, {""block"": ""star_ris"", ""rho"": 32.0, ""gain"": 0.009657856132559317}, {""block"": ""rsma"", ""rho"": 1.0, ""gain"": -3.552713678800501e-15}, {""block"": ""star_ris"", ""rho"": 1.0, ""gain"": 0.04400471386282234}, {""block"": ""rsma"", ""rho"": 1.0, ""gain"": 0.0}, {""block"": ""star_ris"", ""rho"": 1.0, ""gain"": 0.0003294606888673002}]",{},3793.222439,eb978e84730de4cf1e0579ad9e17edb700c67ba6eceac89d1fe3698763a419f7,fc61d5cda7da39530055bae9bd0e92865f995cd9,4e84455d08cacd9f85c432f7838c3be2cb0f000b55edc3487c6dee9520cc0b63
ao_sca,96,10000,982,test,18.494197535349635,18.494197535349635,1.0,True,0.0,10,5989,17,ao_sca_proximal_physical,analytical_ris_equal_allocation,"[1.8379649145089438, 17.83697179432418, 17.918123124076352, 18.090578642203663, 18.168121334730742, 18.18666920438787, 18.191257669908182, 18.193545495432165, 18.259244728982047, 18.49366980772171, 18.494197535349635]","[{""block"": ""rsma"", ""rho"": 1.0, ""gain"": 15.648564479166822}, {""block"": ""star_ris"", ""rho"": 2.0, ""gain"": 0.35044240064841503}, {""block"": ""rsma"", ""rho"": 1.0, ""gain"": 3.552713678800501e-15}, {""block"": ""star_ris"", ""rho"": 1.0, ""gain"": 0.0811513297521671}, {""block"": ""rsma"", ""rho"": 1.0, ""gain"": 0.0}, {""block"": ""star_ris"", ""rho"": 4.0, ""gain"": 0.17245551812731108}, {""block"": ""rsma"", ""rho"": 1.0, ""gain"": 3.552713678800501e-15}, {""block"": ""star_ris"", ""rho"": 8.0, ""gain"": 0.07754269252707502}, {""block"": ""rsma"", ""rho"": 1.0, ""gain"": 0.0}, {""block"": ""star_ris"", ""rho"": 32.0, ""gain"": 0.018547869657126625}, {""block"": ""rsma"", ""rho"": 1.0, ""gain"": -3.552713678800501e-15}, {""block"": ""star_ris"", ""rho"": 128.0, ""gain"": 0.004588465520317442}, {""block"": ""rsma"", ""rho"": 1.0, ""gain"": 0.0}, {""block"": ""star_ris"", ""rho"": 256.0, ""gain"": 0.002287825523982434}, {""block"": ""rsma"", ""rho"": 1.0, ""gain"": -3.552713678800501e-15}, {""block"": ""star_ris"", ""rho"": 1.0, ""gain"": 0.0656992335498856}, {""block"": ""rsma"", ""rho"": 1.0, ""gain"": 3.552713678800501e-15}, {""block"": ""star_ris"", ""rho"": 2.0, ""gain"": 0.23442507873965823}, {""block"": ""rsma"", ""rho"": 1.0, ""gain"": 0.0}, {""block"": ""star_ris"", ""rho"": 2.0, ""gain"": 0.0005277276279258558}]",{},3087.606275,eb978e84730de4cf1e0579ad9e17edb700c67ba6eceac89d1fe3698763a419f7,fc61d5cda7da39530055bae9bd0e92865f995cd9,4e84455d08cacd9f85c432f7838c3be2cb0f000b55edc3487c6dee9520cc0b63
ao_sca,96,10000,983,test,18.838215610646696,18.838215610646696,1.0,True,0.0,5,2990,8,ao_sca_proximal_physical,analytical_ris_equal_allocation,"[1.8380025325496674, 18.604077033754848, 18.743611001364332, 18.806454457231325, 18.836422735438642, 18.838215610646696]","[{""block"": ""rsma"", ""rho"": 1.0, ""gain"": 16.62982600731363}, {""block"": ""star_ris"", ""rho"": 1.0, ""gain"": 0.13624849389155358}, {""block"": ""rsma"", ""rho"": 1.0, ""gain"": 0.0}, {""block"": ""star_ris"", ""rho"": 4.0, ""gain"": 0.13953396760948422}, {""block"": ""rsma"", ""rho"": 1.0, ""gain"": 0.0}, {""block"": ""star_ris"", ""rho"": 8.0, ""gain"": 0.06284345586699303}, {""block"": ""rsma"", ""rho"": 1.0, ""gain"": 0.0}, {""block"": ""star_ris"", ""rho"": 16.0, ""gain"": 0.029968278207316956}, {""block"": ""rsma"", ""rho"": 1.0, ""gain"": 0.0}, {""block"": ""star_ris"", ""rho"": 1.0, ""gain"": 0.0017928752080536015}]",{},1602.887629,eb978e84730de4cf1e0579ad9e17edb700c67ba6eceac89d1fe3698763a419f7,fc61d5cda7da39530055bae9bd0e92865f995cd9,4e84455d08cacd9f85c432f7838c3be2cb0f000b55edc3487c6dee9520cc0b63
ao_sca,96,10000,984,test,18.37087165966157,18.37087165966157,1.0,True,0.0,6,3590,12,ao_sca_proximal_physical,analytical_ris_equal_allocation,"[1.8379569764312673, 17.860141417918182, 18.213479453554232, 18.285547597137707, 18.30511364592124, 18.37039512524826, 18.370871659661574]","[{""block"": ""rsma"", ""rho"": 1.0, ""gain"": 15.61970376819251}, {""block"": ""star_ris"", ""rho"": 1.0, ""gain"": 0.40248067329440573}, {""block"": ""rsma"", ""rho"": 1.0, ""gain"": 3.552713678800501e-15}, {""block"": ""star_ris"", ""rho"": 1.0, ""gain"": 0.35333803563604604}, {""block"": ""rsma"", ""rho"": 1.0, ""gain"": 0.0}, {""block"": ""star_ris"", ""rho"": 1.0, ""gain"": 0.07206814358347557}, {""block"": ""rsma"", ""rho"": 1.0, ""gain"": -3.552713678800501e-15}, {""block"": ""star_ris"", ""rho"": 8.0, ""gain"": 0.01956604878353474}, {""block"": ""rsma"", ""rho"": 1.0, ""gain"": 3.552713678800501e-15}, {""block"": ""star_ris"", ""rho"": 8.0, ""gain"": 0.065281479327016}, {""block"": ""rsma"", ""rho"": 1.0, ""gain"": 0.0}, {""block"": ""star_ris"", ""rho"": 128.0, ""gain"": 0.0004765344133161875}]",{},1888.416054,eb978e84730de4cf1e0579ad9e17edb700c67ba6eceac89d1fe3698763a419f7,fc61d5cda7da39530055bae9bd0e92865f995cd9,4e84455d08cacd9f85c432f7838c3be2cb0f000b55edc3487c6dee9520cc0b63
ao_sca,96,10000,985,test,18.478537968014415,18.478537968014415,1.0,True,0.0,6,3598,12,ao_sca_proximal_physical,analytical_ris_equal_allocation,"[1.8379970313684995, 18.4039064817733, 18.407820243270173, 18.453782218990877, 18.47606243601329, 18.478183597347588, 18.478537968014418]","[{""block"": ""rsma"", ""rho"": 1.0, ""gain"": 16.371854476044437}, {""block"": ""star_ris"", ""rho"": 4.0, ""gain"": 0.19405497436036612}, {""block"": ""rsma"", ""rho"": 1.0, ""gain"": 0.0}, {""block"": ""star_ris"", ""rho"": 8.0, ""gain"": 0.003913761496871615}, {""block"": ""rsma"", ""rho"": 1.0, ""gain"": 0.0}, {""block"": ""star_ris"", ""rho"": 16.0, ""gain"": 0.04596197572070437}, {""block"": ""rsma"", ""rho"": 1.0, ""gain"": 3.552713678800501e-15}, {""block"": ""star_ris"", ""rho"": 32.0, ""gain"": 0.022280217022409232}, {""block"": ""rsma"", ""rho"": 1.0, ""gain"": 0.0}, {""block"": ""star_ris"", ""rho"": 32.0, ""gain"": 0.0021211613342977387}, {""block"": ""rsma"", ""rho"": 1.0, ""gain"": 0.0}, {""block"": ""star_ris"", ""rho"": 4.0, ""gain"": 0.00035437066683030594}]",{},1849.971005,eb978e84730de4cf1e0579ad9e17edb700c67ba6eceac89d1fe3698763a419f7,fc61d5cda7da39530055bae9bd0e92865f995cd9,4e84455d08cacd9f85c432f7838c3be2cb0f000b55edc3487c6dee9520cc0b63
ao_sca,96,10000,986,test,19.383764180151168,19.383764180151168,1.0,True,0.0,9,5376,15,ao_sca_proximal_physical,analytical_ris_equal_allocation,"[1.838011622519643, 18.690019087841392, 18.8358053611134, 18.90180449064421, 19.126261200679913, 19.34531928841635, 19.359008982631927, 19.36916130067809, 19.382662749995546, 19.383764180151168]","[{""block"": ""rsma"", ""rho"": 1.0, ""gain"": 16.746003800894005}, {""block"": ""star_ris"", ""rho"": 1.0, ""gain"": 0.10600366442774245}, {""block"": ""rsma"", ""rho"": 1.0, ""gain"": 0.0}, {""block"": ""star_ris"", ""rho"": 4.0, ""gain"": 0.14578627327200877}, {""block"": ""rsma"", ""rho"": 1.0, ""gain"": 0.0}, {""block"": ""star_ris"", ""rho"": 8.0, ""gain"": 0.06599912953080889}, {""block"": ""rsma"", ""rho"": 1.0, ""gain"": 0.0}, {""block"": ""star_ris"", ""rho"": 1.0, ""gain"": 0.2244567100357031}, {""block"": ""rsma"", ""rho"": 1.0, ""gain"": 0.0}, {""block"": ""star_ris"", ""rho"": 2.0, ""gain"": 0.21905808773643543}, {""block"": ""rsma"", ""rho"": 1.0, ""gain"": 0.0}, {""block"": ""star_ris"", ""rho"": 2.0, ""gain"": 0.01368969421557864}, {""block"": ""rsma"", ""rho"": 1.0, ""gain"": 0.0}, {""block"": ""star_ris"", ""rho"": 2.0, ""gain"": 0.010152318046163344}, {""block"": ""rsma"", ""rho"": 1.0, ""gain"": 0.0}, {""block"": ""star_ris"", ""rho"": 4.0, ""gain"": 0.013501449317455894}, {""block"": ""rsma"", ""rho"": 1.0, ""gain"": -3.552713678800501e-15}, {""block"": ""star_ris"", ""rho"": 2.0, ""gain"": 0.0011014301556251382}]",{},2801.149449,eb978e84730de4cf1e0579ad9e17edb700c67ba6eceac89d1fe3698763a419f7,fc61d5cda7da39530055bae9bd0e92865f995cd9,4e84455d08cacd9f85c432f7838c3be2cb0f000b55edc3487c6dee9520cc0b63
ao_sca,96,10000,987,test,18.970777021061192,18.970777021061192,1.0,True,0.0,8,4799,16,ao_sca_proximal_physical,analytical_ris_equal_allocation,"[1.8379763106881588, 18.473430363561103, 18.655052088247846, 18.95040425007122, 18.954022538005326, 18.964282116067, 18.96664331480236, 18.969234908382752, 18.970777021061192]","[{""block"": ""rsma"", ""rho"": 1.0, ""gain"": 15.542198209475952}, {""block"": ""star_ris"", ""rho"": 1.0, ""gain"": 1.0932558433969923}, {""block"": ""rsma"", ""rho"": 1.0, ""gain"": 0.0}, {""block"": ""star_ris"", ""rho"": 1.0, ""gain"": 0.18162172468674243}, {""block"": ""rsma"", ""rho"": 1.0, ""gain"": 0.0}, {""block"": ""star_ris"", ""rho"": 2.0, ""gain"": 0.29535216182337365}, {""block"": ""rsma"", ""rho"": 1.0, ""gain"": 3.552713678800501e-15}, {""block"": ""star_ris"", ""rho"": 8.0, ""gain"": 0.003618287934102682}, {""block"": ""rsma"", ""rho"": 1.0, ""gain"": 0.0}, {""block"": ""star_ris"", ""rho"": 4.0, ""gain"": 0.010259578061674546}, {""block"": ""rsma"", ""rho"": 1.0, ""gain"": 0.0}, {""block"": ""star_ris"", ""rho"": 256.0, ""gain"": 0.002361198735361114}, {""block"": ""rsma"", ""rho"": 1.0, ""gain"": -3.552713678800501e-15}, {""block"": ""star_ris"", ""rho"": 256.0, ""gain"": 0.0025915935803944024}, {""block"": ""rsma"", ""rho"": 1.0, ""gain"": 0.0}, {""block"": ""star_ris"", ""rho"": 256.0, ""gain"": 0.0015421126784396222}]",{},2478.590064,eb978e84730de4cf1e0579ad9e17edb700c67ba6eceac89d1fe3698763a419f7,fc61d5cda7da39530055bae9bd0e92865f995cd9,4e84455d08cacd9f85c432f7838c3be2cb0f000b55edc3487c6dee9520cc0b63
ao_sca,96,10000,988,test,18.939317162935684,18.939317162935684,1.0,True,0.0,6,3591,11,ao_sca_proximal_physical,analytical_ris_equal_allocation,"[1.8379958609179663, 18.139235850914687, 18.463749182196835, 18.594596870581675, 18.930510095267955, 18.93919228467404, 18.939317162935684]","[{""block"": ""rsma"", ""rho"": 1.0, ""gain"": 16.220708679959806}, {""block"": ""star_ris"", ""rho"": 8.0, ""gain"": 0.08053131003691405}, {""block"": ""rsma"", ""rho"": 1.0, ""gain"": 3.552713678800501e-15}, {""block"": ""star_ris"", ""rho"": 1.0, ""gain"": 0.32451333128214443}, {""block"": ""rsma"", ""rho"": 1.0, ""gain"": -3.552713678800501e-15}, {""block"": ""star_ris"", ""rho"": 1.0, ""gain"": 0.1308476883848435}, {""block"": ""rsma"", ""rho"": 1.0, ""gain"": 0.0}, {""block"": ""star_ris"", ""rho"": 1.0, ""gain"": 0.33591322468627993}, {""block"": ""rsma"", ""rho"": 1.0, ""gain"": 7.105427357601002e-15}, {""block"": ""star_ris"", ""rho"": 8.0, ""gain"": 0.008682189406076901}, {""block"": ""rsma"", ""rho"": 1.0, ""gain"": 3.552713678800501e-15}, {""block"": ""star_ris"", ""rho"": 256.0, ""gain"": 0.00012487826164075955}]",{},1905.69026,eb978e84730de4cf1e0579ad9e17edb700c67ba6eceac89d1fe3698763a419f7,fc61d5cda7da39530055bae9bd0e92865f995cd9,4e84455d08cacd9f85c432f7838c3be2cb0f000b55edc3487c6dee9520cc0b63
ao_sca,96,10000,989,test,18.74012732934877,18.74012732934877,1.0,True,0.0,6,3581,11,ao_sca_proximal_physical,analytical_ris_equal_allocation,"[1.83797921696375, 18.482016758376012, 18.48923342318493, 18.547004253708458, 18.59275551921789, 18.73918282668035, 18.74012732934877]","[{""block"": ""rsma"", ""rho"": 1.0, ""gain"": 15.810235059629926}, {""block"": ""star_ris"", ""rho"": 1.0, ""gain"": 0.8338024817823353}, {""block"": ""rsma"", ""rho"": 1.0, ""gain"": 0.0}, {""block"": ""star_ris"", ""rho"": 1.0, ""gain"": 0.0072166648089186936}, {""block"": ""rsma"", ""rho"": 1.0, ""gain"": 0.0}, {""block"": ""star_ris"", ""rho"": 1.0, ""gain"": 0.05777083052352694}, {""block"": ""rsma"", ""rho"": 1.0, ""gain"": 0.0}, {""block"": ""star_ris"", ""rho"": 2.0, ""gain"": 0.04575126550943054}, {""block"": ""rsma"", ""rho"": 1.0, ""gain"": 0.0}, {""block"": ""star_ris"", ""rho"": 1.0, ""gain"": 0.14642730746246002}, {""block"": ""rsma"", ""rho"": 1.0, ""gain"": 3.552713678800501e-15}, {""block"": ""star_ris"", ""rho"": 8.0, ""gain"": 0.0009445026684176128}]",{},1833.335891,eb978e84730de4cf1e0579ad9e17edb700c67ba6eceac89d1fe3698763a419f7,fc61d5cda7da39530055bae9bd0e92865f995cd9,4e84455d08cacd9f85c432f7838c3be2cb0f000b55edc3487c6dee9520cc0b63
ao_sca,96,10000,990,test,19.196477967208708,19.196477967208708,1.0,True,0.0,8,4780,13,ao_sca_proximal_physical,analytical_ris_equal_allocation,"[1.8380042690390854, 18.852169038396006, 18.874788288638623, 18.906877208062618, 19.014117970860983, 19.043621233323357, 19.15959965734018, 19.19603255506172, 19.196477967208708]","[{""block"": ""rsma"", ""rho"": 1.0, ""gain"": 16.569968855033412}, {""block"": ""star_ris"", ""rho"": 1.0, ""gain"": 0.44419591432350813}, {""block"": ""rsma"", ""rho"": 1.0, ""gain"": -3.552713678800501e-15}, {""block"": ""star_ris"", ""rho"": 1.0, ""gain"": 0.022619250242620126}, {""block"": ""rsma"", ""rho"": 1.0, ""gain"": 0.0}, {""block"": ""star_ris"", ""rho"": 2.0, ""gain"": 0.03208891942399461}, {""block"": ""rsma"", ""rho"": 1.0, ""gain"": 7.105427357601002e-15}, {""block"": ""star_ris"", ""rho"": 1.0, ""gain"": 0.1072407627983587}, {""block"": ""rsma"", ""rho"": 1.0, ""gain"": 0.0}, {""block"": ""star_ris"", ""rho"": 1.0, ""gain"": 0.02950326246237367}, {""block"": ""rsma"", ""rho"": 1.0, ""gain"": 0.0}, {""block"": ""star_ris"", ""rho"": 4.0, ""gain"": 0.11597842401682357}, {""block"": ""rsma"", ""rho"": 1.0, ""gain"": 0.0}, {""block"": ""star_ris"", ""rho"": 8.0, ""gain"": 0.03643289772153935}, {""block"": ""rsma"", ""rho"": 1.0, ""gain"": 0.0}, {""block"": ""star_ris"", ""rho"": 32.0, ""gain"": 0.00044541214698767817}]",{},2476.713514,eb978e84730de4cf1e0579ad9e17edb700c67ba6eceac89d1fe3698763a419f7,fc61d5cda7da39530055bae9bd0e92865f995cd9,4e84455d08cacd9f85c432f7838c3be2cb0f000b55edc3487c6dee9520cc0b63
ao_sca,96,10000,991,test,18.95198246690453,18.95198246690453,1.0,True,0.0,13,7786,24,ao_sca_proximal_physical,analytical_ris_equal_allocation,"[1.8379866639754843, 18.155280937412677, 18.248057648719545, 18.26996727729309, 18.43735458014029, 18.47545720616684, 18.549322074240994, 18.569683846417487, 18.622539823162107, 18.66277314464015, 18.79958432608098, 18.874771626527426, 18.951637049911803, 18.951982466904532]","[{""block"": ""rsma"", ""rho"": 1.0, ""gain"": 15.967278594902016}, {""block"": ""star_ris"", ""rho"": 1.0, ""gain"": 0.35001567853517557}, {""block"": ""rsma"", ""rho"": 1.0, ""gain"": 0.0}, {""block"": ""star_ris"", ""rho"": 8.0, ""gain"": 0.09277671130686826}, {""block"": ""rsma"", ""rho"": 1.0, ""gain"": 0.0}, {""block"": ""star_ris"", ""rho"": 32.0, ""gain"": 0.02190962857354606}, {""block"": ""rsma"", ""rho"": 1.0, ""gain"": 0.0}, {""block"": ""star_ris"", ""rho"": 4.0, ""gain"": 0.1673873028471995}, {""block"": ""rsma"", ""rho"": 1.0, ""gain"": 3.552713678800501e-15}, {""block"": ""star_ris"", ""rho"": 16.0, ""gain"": 0.03810262602654646}, {""block"": ""rsma"", ""rho"": 1.0, ""gain"": -3.552713678800501e-15}, {""block"": ""star_ris"", ""rho"": 8.0, ""gain"": 0.07386486807415693}, {""block"": ""rsma"", ""rho"": 1.0, ""gain"": 0.0}, {""block"": ""star_ris"", ""rho"": 8.0, ""gain"": 0.02036177217649282}, {""block"": ""rsma"", ""rho"": 1.0, ""gain"": 0.0}, {""block"": ""star_ris"", ""rho"": 2.0, ""gain"": 0.05285597674462039}, {""block"": ""rsma"", ""rho"": 1.0, ""gain"": 0.0}, {""block"": ""star_ris"", ""rho"": 16.0, ""gain"": 0.04023332147804126}, {""block"": ""rsma"", ""rho"": 1.0, ""gain"": 0.0}, {""block"": ""star_ris"", ""rho"": 2.0, ""gain"": 0.13681118144083015}, {""block"": ""rsma"", ""rho"": 1.0, ""gain"": 3.552713678800501e-15}, {""block"": ""star_ris"", ""rho"": 1.0, ""gain"": 0.07518730044644428}, {""block"": ""rsma"", ""rho"": 1.0, ""gain"": -3.552713678800501e-15}, {""block"": ""star_ris"", ""rho"": 4.0, ""gain"": 0.07686542338437974}, {""block"": ""rsma"", ""rho"": 1.0, ""gain"": 0.0}, {""block"": ""star_ris"", ""rho"": 512.0, ""gain"": 0.000345416992729497}]",{},4090.016717,eb978e84730de4cf1e0579ad9e17edb700c67ba6eceac89d1fe3698763a419f7,fc61d5cda7da39530055bae9bd0e92865f995cd9,4e84455d08cacd9f85c432f7838c3be2cb0f000b55edc3487c6dee9520cc0b63
ao_sca,96,10000,992,test,18.988693184436816,18.988693184436816,1.0,True,0.0,13,7777,19,ao_sca_proximal_physical,analytical_ris_equal_allocation,"[1.8379820010460806, 17.916767379614555, 18.369634254930027, 18.513265608291704, 18.550323273135817, 18.552961424190784, 18.56108384012642, 18.607689224778994, 18.713760687049366, 18.862865146757905, 18.89356896459706, 18.986531979921317, 18.988675775837265, 18.988693184436816]","[{""block"": ""rsma"", ""rho"": 1.0, ""gain"": 15.88777488229344}, {""block"": ""star_ris"", ""rho"": 1.0, ""gain"": 0.19101049627503386}, {""block"": ""rsma"", ""rho"": 1.0, ""gain"": 0.0}, {""block"": ""star_ris"", ""rho"": 1.0, ""gain"": 0.4528668753154719}, {""block"": ""rsma"", ""rho"": 1.0, ""gain"": 0.0}, {""block"": ""star_ris"", ""rho"": 4.0, ""gain"": 0.14363135336167687}, {""block"": ""rsma"", ""rho"": 1.0, ""gain"": 0.0}, {""block"": ""star_ris"", ""rho"": 8.0, ""gain"": 0.03705766484411299}, {""block"": ""rsma"", ""rho"": 1.0, ""gain"": 0.0}, {""block"": ""star_ris"", ""rho"": 4.0, ""gain"": 0.0026381510549668974}, {""block"": ""rsma"", ""rho"": 1.0, ""gain"": 0.0}, {""block"": ""star_ris"", ""rho"": 64.0, ""gain"": 0.008122415935638116}, {""block"": ""rsma"", ""rho"": 1.0, ""gain"": 0.0}, {""block"": ""star_ris"", ""rho"": 2.0, ""gain"": 0.04660538465257247}, {""block"": ""rsma"", ""rho"": 1.0, ""gain"": 0.0}, {""block"": ""star_ris"", ""rho"": 1.0, ""gain"": 0.10607146227037134}, {""block"": ""rsma"", ""rho"": 1.0, ""gain"": 0.0}, {""block"": ""star_ris"", ""rho"": 1.0, ""gain"": 0.14910445970853914}, {""block"": ""rsma"", ""rho"": 1.0, ""gain"": 0.0}, {""block"": ""star_ris"", ""rho"": 4.0, ""gain"": 0.030703817839153658}, {""block"": ""rsma"", ""rho"": 1.0, ""gain"": 0.0}, {""block"": ""star_ris"", ""rho"": 4.0, ""gain"": 0.09296301532425844}, {""block"": ""rsma"", ""rho"": 1.0, ""gain"": 0.0}, {""block"": ""star_ris"", ""rho"": 16.0, ""gain"": 0.0021437959159484876}, {""block"": ""rsma"", ""rho"": 1.0, ""gain"": 0.0}, {""block"": ""star_ris"", ""rho"": 64.0, ""gain"": 1.7408599550350345e-05}]",{},4112.151395,eb978e84730de4cf1e0579ad9e17edb700c67ba6eceac89d1fe3698763a419f7,fc61d5cda7da39530055bae9bd0e92865f995cd9,4e84455d08cacd9f85c432f7838c3be2cb0f000b55edc3487c6dee9520cc0b63
ao_sca,96,10000,993,test,18.90278267641515,18.90278267641515,1.0,True,0.0,17,10170,32,ao_sca_proximal_physical,analytical_ris_equal_allocation,"[1.8379897981159365, 18.361240578586234, 18.44614130116259, 18.484139896501915, 18.49192147612608, 18.61401093115406, 18.649286838074225, 18.663302570239154, 18.667314191553025, 18.723821932862467, 18.736978322863678, 18.759100974420175, 18.840274505016417, 18.842899446433464, 18.851340425742677, 18.89653420829354, 18.902040663206396, 18.90278267641515]","[{""block"": ""rsma"", ""rho"": 1.0, ""gain"": 16.263258138927693}, {""block"": ""star_ris"", ""rho"": 2.0, ""gain"": 0.2599926415426026}, {""block"": ""rsma"", ""rho"": 1.0, ""gain"": 0.0}, {""block"": ""star_ris"", ""rho"": 1.0, ""gain"": 0.08490072257635717}, {""block"": ""rsma"", ""rho"": 1.0, ""gain"": 0.0}, {""block"": ""star_ris"", ""rho"": 8.0, ""gain"": 0.03799859533932448}, {""block"": ""rsma"", ""rho"": 1.0, ""gain"": 0.0}, {""block"": ""star_ris"", ""rho"": 2.0, ""gain"": 0.007781579624165147}, {""block"": ""rsma"", ""rho"": 1.0, ""gain"": 0.0}, {""block"": ""star_ris"", ""rho"": 4.0, ""gain"": 0.12208945502797874}, {""block"": ""rsma"", ""rho"": 1.0, ""gain"": 0.0}, {""block"": ""star_ris"", ""rho"": 1.0, ""gain"": 0.03527590692016602}, {""block"": ""rsma"", ""rho"": 1.0, ""gain"": 7.105427357601002e-15}, {""block"": ""star_ris"", ""rho"": 8.0, ""gain"": 0.014015732164921246}, {""block"": ""rsma"", ""rho"": 1.0, ""gain"": 0.0}, {""block"": ""star_ris"", ""rho"": 1.0, ""gain"": 0.004011621313871672}, {""block"": ""rsma"", ""rho"": 1.0, ""gain"": 0.0}, {""block"": ""star_ris"", ""rho"": 4.0, ""gain"": 0.05650774130944214}, {""block"": ""rsma"", ""rho"": 1.0, ""gain"": 3.552713678800501e-15}, {""block"": ""star_ris"", ""rho"": 4.0, ""gain"": 0.01315639000120683}, {""block"": ""rsma"", ""rho"": 1.0, ""gain"": 0.0}, {""block"": ""star_ris"", ""rho"": 4.0, ""gain"": 0.022122651556497175}, {""block"": ""rsma"", ""rho"": 1.0, ""gain"": 0.0}, {""block"": ""star_ris"", ""rho"": 2.0, ""gain"": 0.08117353059624222}, {""block"": ""rsma"", ""rho"": 1.0, ""gain"": -7.105427357601002e-15}, {""block"": ""star_ris"", ""rho"": 16.0, ""gain"": 0.0026249414170536056}, {""block"": ""rsma"", ""rho"": 1.0, ""gain"": 0.0}, {""block"": ""star_ris"", ""rho"": 8.0, ""gain"": 0.008440979309213503}, {""block"": ""rsma"", ""rho"": 1.0, ""gain"": 0.0}, {""block"": ""star_ris"", ""rho"": 8.0, ""gain"": 0.04519378255086437}, {""block"": ""rsma"", ""rho"": 1.0, ""gain"": 0.0}, {""block"": ""star_ris"", ""rho"": 64.0, ""gain"": 0.005506454912854508}, {""block"": ""rsma"", ""rho"": 1.0, ""gain"": 0.0}, {""block"": ""star_ris"", ""rho"": 16.0, ""gain"": 0.0007420132087538889}]",{},5287.825962,eb978e84730de4cf1e0579ad9e17edb700c67ba6eceac89d1fe3698763a419f7,fc61d5cda7da39530055bae9bd0e92865f995cd9,4e84455d08cacd9f85c432f7838c3be2cb0f000b55edc3487c6dee9520cc0b63
ao_sca,96,10000,994,test,18.308138327681423,18.308138327681423,1.0,True,0.0,6,3603,12,ao_sca_proximal_physical,analytical_ris_equal_allocation,"[1.8379807209938392, 18.1175866706442, 18.20457680453624, 18.225133580059595, 18.230204999683018, 18.30813655242201, 18.308138327681426]","[{""block"": ""rsma"", ""rho"": 1.0, ""gain"": 15.804754240851251}, {""block"": ""star_ris"", ""rho"": 2.0, ""gain"": 0.4748517087991111}, {""block"": ""rsma"", ""rho"": 1.0, ""gain"": 0.0}, {""block"": ""star_ris"", ""rho"": 8.0, ""gain"": 0.08699013389204069}, {""block"": ""rsma"", ""rho"": 1.0, ""gain"": 3.552713678800501e-15}, {""block"": ""star_ris"", ""rho"": 32.0, ""gain"": 0.020556775523349557}, {""block"": ""rsma"", ""rho"": 1.0, ""gain"": 0.0}, {""block"": ""star_ris"", ""rho"": 128.0, ""gain"": 0.005071419623423168}, {""block"": ""rsma"", ""rho"": 1.0, ""gain"": 0.0}, {""block"": ""star_ris"", ""rho"": 8.0, ""gain"": 0.07793155273899188}, {""block"": ""rsma"", ""rho"": 1.0, ""gain"": 0.0}, {""block"": ""star_ris"", ""rho"": 128.0, ""gain"": 1.77525941680301e-06}]",{},1904.878094,eb978e84730de4cf1e0579ad9e17edb700c67ba6eceac89d1fe3698763a419f7,fc61d5cda7da39530055bae9bd0e92865f995cd9,4e84455d08cacd9f85c432f7838c3be2cb0f000b55edc3487c6dee9520cc0b63
ao_sca,96,10000,995,test,18.69483811897469,18.69483811897469,1.0,True,0.0,10,5971,18,ao_sca_proximal_physical,analytical_ris_equal_allocation,"[1.8379717863872715, 18.08314536731365, 18.349376124335702, 18.431451023513667, 18.465509907009675, 18.487015633431312, 18.505612542233408, 18.52812966909626, 18.549607086559206, 18.694448783853858, 18.69483811897469]","[{""block"": ""rsma"", ""rho"": 1.0, ""gain"": 15.651128169310155}, {""block"": ""star_ris"", ""rho"": 1.0, ""gain"": 0.594045411616225}, {""block"": ""rsma"", ""rho"": 1.0, ""gain"": 0.0}, {""block"": ""star_ris"", ""rho"": 1.0, ""gain"": 0.26623075702205057}, {""block"": ""rsma"", ""rho"": 1.0, ""gain"": 3.552713678800501e-15}, {""block"": ""star_ris"", ""rho"": 1.0, ""gain"": 0.08207489917796096}, {""block"": ""rsma"", ""rho"": 1.0, ""gain"": 0.0}, {""block"": ""star_ris"", ""rho"": 4.0, ""gain"": 0.03405888349600872}, {""block"": ""rsma"", ""rho"": 1.0, ""gain"": 0.0}, {""block"": ""star_ris"", ""rho"": 4.0, ""gain"": 0.02150572642163695}, {""block"": ""rsma"", ""rho"": 1.0, ""gain"": 0.0}, {""block"": ""star_ris"", ""rho"": 16.0, ""gain"": 0.018596908802095413}, {""block"": ""rsma"", ""rho"": 1.0, ""gain"": 0.0}, {""block"": ""star_ris"", ""rho"": 1.0, ""gain"": 0.022517126862851455}, {""block"": ""rsma"", ""rho"": 1.0, ""gain"": 3.552713678800501e-15}, {""block"": ""star_ris"", ""rho"": 2.0, ""gain"": 0.021477417462943293}, {""block"": ""rsma"", ""rho"": 1.0, ""gain"": 0.0}, {""block"": ""star_ris"", ""rho"": 1.0, ""gain"": 0.1448416972946518}, {""block"": ""rsma"", ""rho"": 1.0, ""gain"": 0.0}, {""block"": ""star_ris"", ""rho"": 2.0, ""gain"": 0.00038933512083261235}]",{},3143.586124,eb978e84730de4cf1e0579ad9e17edb700c67ba6eceac89d1fe3698763a419f7,fc61d5cda7da39530055bae9bd0e92865f995cd9,4e84455d08cacd9f85c432f7838c3be2cb0f000b55edc3487c6dee9520cc0b63
ao_sca,96,10000,996,test,18.966775337606396,18.966775337606396,1.0,True,0.0,12,7177,20,ao_sca_proximal_physical,analytical_ris_equal_allocation,"[1.8379756304316641, 17.97432344068107, 18.138183059138385, 18.357063616345588, 18.465586849278786, 18.801602812366653, 18.87247840490361, 18.89239894328986, 18.941126834193625, 18.95702468126666, 18.96161313357252, 18.966367184417685, 18.966775337606393]","[{""block"": ""rsma"", ""rho"": 1.0, ""gain"": 16.012814265551114}, {""block"": ""star_ris"", ""rho"": 4.0, ""gain"": 0.12353354469829014}, {""block"": ""rsma"", ""rho"": 1.0, ""gain"": 0.0}, {""block"": ""star_ris"", ""rho"": 2.0, ""gain"": 0.163859618457316}, {""block"": ""rsma"", ""rho"": 1.0, ""gain"": 0.0}, {""block"": ""star_ris"", ""rho"": 1.0, ""gain"": 0.21888055720720345}, {""block"": ""rsma"", ""rho"": 1.0, ""gain"": 0.0}, {""block"": ""star_ris"", ""rho"": 1.0, ""gain"": 0.10852323293319799}, {""block"": ""rsma"", ""rho"": 1.0, ""gain"": 0.0}, {""block"": ""star_ris"", ""rho"": 2.0, ""gain"": 0.33601596308786696}, {""block"": ""rsma"", ""rho"": 1.0, ""gain"": 0.0}, {""block"": ""star_ris"", ""rho"": 2.0, ""gain"": 0.0708755925369573}, {""block"": ""rsma"", ""rho"": 1.0, ""gain"": 0.0}, {""block"": ""star_ris"", ""rho"": 4.0, ""gain"": 0.01992053838624841}, {""block"": ""rsma"", ""rho"": 1.0, ""gain"": 0.0}, {""block"": ""star_ris"", ""rho"": 8.0, ""gain"": 0.04872789090376628}, {""block"": ""rsma"", ""rho"": 1.0, ""gain"": 0.0}, {""block"": ""star_ris"", ""rho"": 8.0, ""gain"": 0.015897847073034654}, {""block"": ""rsma"", ""rho"": 1.0, ""gain"": 0.0}, {""block"": ""star_ris"", ""rho"": 64.0, ""gain"": 0.004588452305860358}, {""block"": ""rsma"", ""rho"": 1.0, ""gain"": 0.0}, {""block"": ""star_ris"", ""rho"": 8.0, ""gain"": 0.00475405084516467}, {""block"": ""rsma"", ""rho"": 1.0, ""gain"": 0.0}, {""block"": ""star_ris"", ""rho"": 4.0, ""gain"": 0.0004081531887081269}]",{},3786.413468,eb978e84730de4cf1e0579ad9e17edb700c67ba6eceac89d1fe3698763a419f7,fc61d5cda7da39530055bae9bd0e92865f995cd9,4e84455d08cacd9f85c432f7838c3be2cb0f000b55edc3487c6dee9520cc0b63
ao_sca,96,10000,997,test,18.854302608425265,18.854302608425265,1.0,True,0.0,9,5380,18,ao_sca_proximal_physical,analytical_ris_equal_allocation,"[1.8379802958875882, 18.252630740917954, 18.484131523245555, 18.588529941337413, 18.60554200241657, 18.672009372764435, 18.789940795399755, 18.836099356258973, 18.852813501038003, 18.854302608425265]","[{""block"": ""rsma"", ""rho"": 1.0, ""gain"": 15.685198708148127}, {""block"": ""star_ris"", ""rho"": 1.0, ""gain"": 0.7294517368822397}, {""block"": ""rsma"", ""rho"": 1.0, ""gain"": 3.552713678800501e-15}, {""block"": ""star_ris"", ""rho"": 2.0, ""gain"": 0.23150078232759697}, {""block"": ""rsma"", ""rho"": 1.0, ""gain"": 0.0}, {""block"": ""star_ris"", ""rho"": 4.0, ""gain"": 0.10439841809185779}, {""block"": ""rsma"", ""rho"": 1.0, ""gain"": 0.0}, {""block"": ""star_ris"", ""rho"": 4.0, ""gain"": 0.017012061079157093}, {""block"": ""rsma"", ""rho"": 1.0, ""gain"": 0.0}, {""block"": ""star_ris"", ""rho"": 1.0, ""gain"": 0.06646737034786554}, {""block"": ""rsma"", ""rho"": 1.0, ""gain"": 0.0}, {""block"": ""star_ris"", ""rho"": 1.0, ""gain"": 0.1179314226353192}, {""block"": ""rsma"", ""rho"": 1.0, ""gain"": -3.552713678800501e-15}, {""block"": ""star_ris"", ""rho"": 16.0, ""gain"": 0.04615856085922232}, {""block"": ""rsma"", ""rho"": 1.0, ""gain"": 0.0}, {""block"": ""star_ris"", ""rho"": 8.0, ""gain"": 0.016714144779029994}, {""block"": ""rsma"", ""rho"": 1.0, ""gain"": 3.552713678800501e-15}, {""block"": ""star_ris"", ""rho"": 8.0, ""gain"": 0.0014891073872576044}]",{},2814.540611,eb978e84730de4cf1e0579ad9e17edb700c67ba6eceac89d1fe3698763a419f7,fc61d5cda7da39530055bae9bd0e92865f995cd9,4e84455d08cacd9f85c432f7838c3be2cb0f000b55edc3487c6dee9520cc0b63
ao_sca,96,10000,998,test,19.108404773515453,19.108404773515453,1.0,True,0.0,11,6575,20,ao_sca_proximal_physical,analytical_ris_equal_allocation,"[1.8379936748585997, 18.665688144237457, 18.700392513802214, 18.704356748241114, 18.72643271026361, 18.780565556627714, 18.828697058155022, 19.065754757109758, 19.070095708303032, 19.081630169242125, 19.107896912780106, 19.108404773515453]","[{""block"": ""rsma"", ""rho"": 1.0, ""gain"": 16.069757444090484}, {""block"": ""star_ris"", ""rho"": 1.0, ""gain"": 0.7579370252883741}, {""block"": ""rsma"", ""rho"": 1.0, ""gain"": 0.0}, {""block"": ""star_ris"", ""rho"": 8.0, ""gain"": 0.03470436956475709}, {""block"": ""rsma"", ""rho"": 1.0, ""gain"": 0.0}, {""block"": ""star_ris"", ""rho"": 2.0, ""gain"": 0.003964234438900149}, {""block"": ""rsma"", ""rho"": 1.0, ""gain"": 0.0}, {""block"": ""star_ris"", ""rho"": 16.0, ""gain"": 0.022075962022494622}, {""block"": ""rsma"", ""rho"": 1.0, ""gain"": 0.0}, {""block"": ""star_ris"", ""rho"": 1.0, ""gain"": 0.05413284636410509}, {""block"": ""rsma"", ""rho"": 1.0, ""gain"": -3.552713678800501e-15}, {""block"": ""star_ris"", ""rho"": 1.0, ""gain"": 0.048131501527311826}, {""block"": ""rsma"", ""rho"": 1.0, ""gain"": 0.0}, {""block"": ""star_ris"", ""rho"": 1.0, ""gain"": 0.23705769895473594}, {""block"": ""rsma"", ""rho"": 1.0, ""gain"": 0.0}, {""block"": ""star_ris"", ""rho"": 2.0, ""gain"": 0.004340951193274378}, {""block"": ""rsma"", ""rho"": 1.0, ""gain"": 3.552713678800501e-15}, {""block"": ""star_ris"", ""rho"": 4.0, ""gain"": 0.01153446093908883}, {""block"": ""rsma"", ""rho"": 1.0, ""gain"": -3.552713678800501e-15}, {""block"": ""star_ris"", ""rho"": 64.0, ""gain"": 0.026266743537984638}, {""block"": ""rsma"", ""rho"": 1.0, ""gain"": 0.0}, {""block"": ""star_ris"", ""rho"": 2.0, ""gain"": 0.0005078607353468101}]",{},3385.761771,eb978e84730de4cf1e0579ad9e17edb700c67ba6eceac89d1fe3698763a419f7,fc61d5cda7da39530055bae9bd0e92865f995cd9,4e84455d08cacd9f85c432f7838c3be2cb0f000b55edc3487c6dee9520cc0b63
ao_sca,96,10000,999,test,18.689076649339324,18.689076649339324,1.0,True,0.0,8,4792,16,ao_sca_proximal_physical,analytical_ris_equal_allocation,"[1.837981465213869, 18.100521563781186, 18.47127175541335, 18.500633621844965, 18.650014361823033, 18.667635953414827, 18.67788645700489, 18.689071460845796, 18.689076649339324]","[{""block"": ""rsma"", ""rho"": 1.0, ""gain"": 16.024453684712743}, {""block"": ""star_ris"", ""rho"": 1.0, ""gain"": 0.23808641385457463}, {""block"": ""rsma"", ""rho"": 1.0, ""gain"": 3.552713678800501e-15}, {""block"": ""star_ris"", ""rho"": 1.0, ""gain"": 0.37075019163216183}, {""block"": ""rsma"", ""rho"": 1.0, ""gain"": 0.0}, {""block"": ""star_ris"", ""rho"": 2.0, ""gain"": 0.029361866431614203}, {""block"": ""rsma"", ""rho"": 1.0, ""gain"": -3.552713678800501e-15}, {""block"": ""star_ris"", ""rho"": 2.0, ""gain"": 0.14938073997807066}, {""block"": ""rsma"", ""rho"": 1.0, ""gain"": 3.552713678800501e-15}, {""block"": ""star_ris"", ""rho"": 4.0, ""gain"": 0.017621591591790775}, {""block"": ""rsma"", ""rho"": 1.0, ""gain"": 0.0}, {""block"": ""star_ris"", ""rho"": 256.0, ""gain"": 0.010250503590064852}, {""block"": ""rsma"", ""rho"": 1.0, ""gain"": 0.0}, {""block"": ""star_ris"", ""rho"": 32.0, ""gain"": 0.011185003840903818}, {""block"": ""rsma"", ""rho"": 1.0, ""gain"": 0.0}, {""block"": ""star_ris"", ""rho"": 64.0, ""gain"": 5.188493528152094e-06}]",{},2554.758346,eb978e84730de4cf1e0579ad9e17edb700c67ba6eceac89d1fe3698763a419f7,fc61d5cda7da39530055bae9bd0e92865f995cd9,4e84455d08cacd9f85c432f7838c3be2cb0f000b55edc3487c6dee9520cc0b63
