method,n_ris,seed,scenario,split,sum_rate,reward,qos_fraction,all_qos,violation,iterations,evaluations,accepted_steps,solver,initialization,objective_history,surrogate_records,grid,solve_ms,config_hash,git_commit,bank_checksum
ao_sca,128,10000,750,test,19.692100598788095,19.692100598788095,1.0,True,0.0,20,15828,37,ao_sca_proximal_physical,analytical_ris_equal_allocation,"[1.8380202348781056, 18.97358646751284, 19.034841229485348, 19.0495725478525, 19.056864578108915, 19.060492498648042, 19.27539688848463, 19.34221582662304, 19.364060585587296, 19.375069279781588, 19.38053244093937, 19.38817460109619, 19.415215447634417, 19.42185049250711, 19.457997346979006, 19.464800603794366, 19.48974240512762, 19.50198474949602, 19.517241829030066, 19.65204938210245, 19.692100598788098]","[{""block"": ""rsma"", ""rho"": 1.0, ""gain"": 16.84051899844959}, {""block"": ""star_ris"", ""rho"": 2.0, ""gain"": 0.29504723418514445}, {""block"": ""rsma"", ""rho"": 1.0, ""gain"": 0.0}, {""block"": ""star_ris"", ""rho"": 8.0, ""gain"": 0.0612547619725099}, {""block"": ""rsma"", ""rho"": 1.0, ""gain"": 0.0}, {""block"": ""star_ris"", ""rho"": 32.0, ""gain"": 0.014731318367150692}, {""block"": ""rsma"", ""rho"": 1.0, ""gain"": 0.0}, {""block"": ""star_ris"", ""rho"": 64.0, ""gain"": 0.007292030256415671}, {""block"": ""rsma"", ""rho"": 1.0, ""gain"": 0.0}, {""block"": ""star_ris"", ""rho"": 128.0, ""gain"": 0.003627920539127416}, {""block"": ""rsma"", ""rho"": 1.0, ""gain"": 3.552713678800501e-15}, {""block"": ""star_ris"", ""rho"": 2.0, ""gain"": 0.21490438983658322}, {""block"": ""rsma"", ""rho"": 1.0, ""gain"": 0.0}, {""block"": ""star_ris"", ""rho"": 4.0, ""gain"": 0.066818938138411}, {""block"": ""rsma"", ""rho"": 1.0, ""gain"": 0.0}, {""block"": ""star_ris"", ""rho"": 8.0, ""gain"": 0.021844758964256528}, {""block"": ""rsma"", ""rho"": 1.0, ""gain"": 0.0}, {""block"": ""star_ris"", ""rho"": 32.0, ""gain"": 0.011008694194291735}, {""block"": ""rsma"", ""rho"": 1.0, ""gain"": -3.552713678800501e-15}, {""block"": ""star_ris"", ""rho"": 64.0, ""gain"": 0.005463161157784668}, {""block"": ""rsma"", ""rho"": 1.0, ""gain"": 0.0}, {""block"": ""star_ris"", ""rho"": 4.0, ""gain"": 0.007642160156819955}, {""block"": ""rsma"", ""rho"": 1.0, ""gain"": 0.0}, {""block"": ""star_ris"", ""rho"": 16.0, ""gain"": 0.02704084653822747}, {""block"": ""rsma"", ""rho"": 1.0, ""gain"": -3.552713678800501e-15}, {""block"": ""star_ris"", ""rho"": 64.0, ""gain"": 0.006635044872698614}, {""block"": ""rsma"", ""rho"": 1.0, ""gain"": 0.0}, {""block"": ""star_ris"", ""rho"": 8.0, ""gain"": 0.036146854471894585}, {""block"": ""rsma"", ""rho"": 1.0, ""gain"": 0.0}, {""block"": ""star_ris"", ""rho"": 4.0, ""gain"": 0.0068032568153597595}, {""block"": ""rsma"", ""rho"": 1.0, ""gain"": 0.0}, {""block"": ""star_ris"", ""rho"": 16.0, ""gain"": 0.0249418013332523}, {""block"": ""rsma"", ""rho"": 1.0, ""gain"": 0.0}, {""block"": ""star_ris"", ""rho"": 32.0, ""gain"": 0.012242344368402769}, {""block"": ""rsma"", ""rho"": 1.0, ""gain"": 3.552713678800501e-15}, {""block"": ""star_ris"", ""rho"": 2.0, ""gain"": 0.015257079534041651}, {""block"": ""rsma"", ""rho"": 1.0, ""gain"": -3.552713678800501e-15}, {""block"": ""star_ris"", ""rho"": 1.0, ""gain"": 0.13480755307238823}, {""block"": ""rsma"", ""rho"": 1.0, ""gain"": -3.552713678800501e-15}, {""block"": ""star_ris"", ""rho"": 2.0, ""gain"": 0.040051216685650814}]",{},8641.762093,895cf8987087c169d7023476c078ebabf24f99fbbc30b65ad7fae1097d95a6fe,fc61d5cda7da39530055bae9bd0e92865f995cd9,f4c80269e5fb3cf553900b2e82f235af875b7c2e33b4ff71ec5d85cc25eb2b4e
ao_sca,128,10000,751,test,19.23444062696212,19.23444062696212,1.0,True,0.0,2,1584,3,ao_sca_proximal_physical,analytical_ris_equal_allocation,"[1.8380208088529715, 19.23304225148544, 19.234440626962122]","[{""block"": ""rsma"", ""rho"": 1.0, ""gain"": 17.222548715118585}, {""block"": ""star_ris"", ""rho"": 2.0, ""gain"": 0.17247272751388465}, {""block"": ""rsma"", ""rho"": 1.0, ""gain"": 0.0}, {""block"": ""star_ris"", ""rho"": 64.0, ""gain"": 0.001398375476682645}]",{},857.263989,895cf8987087c169d7023476c078ebabf24f99fbbc30b65ad7fae1097d95a6fe,fc61d5cda7da39530055bae9bd0e92865f995cd9,f4c80269e5fb3cf553900b2e82f235af875b7c2e33b4ff71ec5d85cc25eb2b4e
ao_sca,128,10000,752,test,19.47072103140796,19.47072103140796,1.0,True,0.0,4,3160,7,ao_sca_proximal_physical,analytical_ris_equal_allocation,"[1.8380233347226167, 19.302087256033175, 19.370652404675617, 19.470281731644288, 19.470721031407958]","[{""block"": ""rsma"", ""rho"": 1.0, ""gain"": 17.135089349528787}, {""block"": ""star_ris"", ""rho"": 1.0, ""gain"": 0.3289745717817709}, {""block"": ""rsma"", ""rho"": 1.0, ""gain"": 0.0}, {""block"": ""star_ris"", ""rho"": 1.0, ""gain"": 0.0685651486424419}, {""block"": ""rsma"", ""rho"": 1.0, ""gain"": 0.0}, {""block"": ""star_ris"", ""rho"": 4.0, ""gain"": 0.099629326968671}, {""block"": ""rsma"", ""rho"": 1.0, ""gain"": 0.0}, {""block"": ""star_ris"", ""rho"": 32.0, ""gain"": 0.0004392997636699647}]",{},1731.510527,895cf8987087c169d7023476c078ebabf24f99fbbc30b65ad7fae1097d95a6fe,fc61d5cda7da39530055bae9bd0e92865f995cd9,f4c80269e5fb3cf553900b2e82f235af875b7c2e33b4ff71ec5d85cc25eb2b4e
ao_sca,128,10000,753,test,19.68073578934346,19.68073578934346,1.0,True,0.0,8,6308,12,ao_sca_proximal_physical,analytical_ris_equal_allocation,"[1.8380233825259378, 19.263144282868783, 19.281384213176995, 19.41355931780801, 19.565399683101973, 19.655568316056904, 19.660428822695692, 19.67912507112179, 19.68073578934346]","[{""block"": ""rsma"", ""rho"": 1.0, ""gain"": 17.269802677720413}, {""block"": ""star_ris"", ""rho"": 1.0, ""gain"": 0.15531822262243367}, {""block"": ""rsma"", ""rho"": 1.0, ""gain"": 3.552713678800501e-15}, {""block"": ""star_ris"", ""rho"": 1.0, ""gain"": 0.018239930308208585}, {""block"": ""rsma"", ""rho"": 1.0, ""gain"": 0.0}, {""block"": ""star_ris"", ""rho"": 1.0, ""gain"": 0.13217510463101334}, {""block"": ""rsma"", ""rho"": 1.0, ""gain"": 0.0}, {""block"": ""star_ris"", ""rho"": 1.0, ""gain"": 0.15184036529396394}, {""block"": ""rsma"", ""rho"": 1.0, ""gain"": -3.552713678800501e-15}, {""block"": ""star_ris"", ""rho"": 2.0, ""gain"": 0.09016863295493494}, {""block"": ""rsma"", ""rho"": 1.0, ""gain"": 0.0}, {""block"": ""star_ris"", ""rho"": 1.0, ""gain"": 0.004860506638788564}, {""block"": ""rsma"", ""rho"": 1.0, ""gain"": 0.0}, {""block"": ""star_ris"", ""rho"": 4.0, ""gain"": 0.018696248426095963}, {""block"": ""rsma"", ""rho"": 1.0, ""gain"": 0.0}, {""block"": ""star_ris"", ""rho"": 1.0, ""gain"": 0.0016107182216700267}]",{},3474.87684,895cf8987087c169d7023476c078ebabf24f99fbbc30b65ad7fae1097d95a6fe,fc61d5cda7da39530055bae9bd0e92865f995cd9,f4c80269e5fb3cf553900b2e82f235af875b7c2e33b4ff71ec5d85cc25eb2b4e
ao_sca,128,10000,754,test,19.759026888121184,19.759026888121184,1.0,True,0.0,16,12631,29,ao_sca_proximal_physical,analytical_ris_equal_allocation,"[1.8380195199336191, 19.251290177861662, 19.330460724564638, 19.360518234841685, 19.40158304598756, 19.529081483857432, 19.536007218468768, 19.545619890423712, 19.619555612072293, 19.623813236202498, 19.64221468896527, 19.70831880364677, 19.71884164254326, 19.740264336750343, 19.750837977789804, 19.75860869135109, 19.759026888121184]","[{""block"": ""rsma"", ""rho"": 1.0, ""gain"": 17.06071213929639}, {""block"": ""star_ris"", ""rho"": 1.0, ""gain"": 0.35255851863165333}, {""block"": ""rsma"", ""rho"": 1.0, ""gain"": 0.0}, {""block"": ""star_ris"", ""rho"": 1.0, ""gain"": 0.07917054670297574}, {""block"": ""rsma"", ""rho"": 1.0, ""gain"": 0.0}, {""block"": ""star_ris"", ""rho"": 1.0, ""gain"": 0.030057510277046617}, {""block"": ""rsma"", ""rho"": 1.0, ""gain"": -3.552713678800501e-15}, {""block"": ""star_ris"", ""rho"": 1.0, ""gain"": 0.04106481114587979}, {""block"": ""rsma"", ""rho"": 1.0, ""gain"": 3.552713678800501e-15}, {""block"": ""star_ris"", ""rho"": 1.0, ""gain"": 0.1274984378698676}, {""block"": ""rsma"", ""rho"": 1.0, ""gain"": 0.0}, {""block"": ""star_ris"", ""rho"": 1.0, ""gain"": 0.006925734611336054}, {""block"": ""rsma"", ""rho"": 1.0, ""gain"": 0.0}, {""block"": ""star_ris"", ""rho"": 4.0, ""gain"": 0.009612671954943863}, {""block"": ""rsma"", ""rho"": 1.0, ""gain"": 3.552713678800501e-15}, {""block"": ""star_ris"", ""rho"": 1.0, ""gain"": 0.07393572164857787}, {""block"": ""rsma"", ""rho"": 1.0, ""gain"": 0.0}, {""block"": ""star_ris"", ""rho"": 2.0, ""gain"": 0.004257624130204363}, {""block"": ""rsma"", ""rho"": 1.0, ""gain"": 0.0}, {""block"": ""star_ris"", ""rho"": 4.0, ""gain"": 0.01840145276277383}, {""block"": ""rsma"", ""rho"": 1.0, ""gain"": -3.552713678800501e-15}, {""block"": ""star_ris"", ""rho"": 2.0, ""gain"": 0.0661041146815009}, {""block"": ""rsma"", ""rho"": 1.0, ""gain"": 0.0}, {""block"": ""star_ris"", ""rho"": 4.0, ""gain"": 0.010522838896491749}, {""block"": ""rsma"", ""rho"": 1.0, ""gain"": 3.552713678800501e-15}, {""block"": ""star_ris"", ""rho"": 16.0, ""gain"": 0.021422694207078763}, {""block"": ""rsma"", ""rho"": 1.0, ""gain"": 0.0}, {""block"": ""star_ris"", ""rho"": 32.0, ""gain"": 0.010573641039460568}, {""block"": ""rsma"", ""rho"": 1.0, ""gain"": 0.0}, {""block"": ""star_ris"", ""rho"": 4.0, ""gain"": 0.007770713561285447}, {""block"": ""rsma"", ""rho"": 1.0, ""gain"": 0.0}, {""block"": ""star_ris"", ""rho"": 8.0, ""gain"": 0.0004181967700951361}]",{},6902.11231,895cf8987087c169d7023476c078ebabf24f99fbbc30b65ad7fae1097d95a6fe,fc61d5cda7da39530055bae9bd0e92865f995cd9,f4c80269e5fb3cf553900b2e82f235af875b7c2e33b4ff71ec5d85cc25eb2b4e
ao_sca,128,10000,755,test,19.542893796214077,19.542893796214077,1.0,True,0.0,14,11055,27,ao_sca_proximal_physical,analytical_ris_equal_allocation,"[1.8380171135387546, 19.04922754019568, 19.071480527262427, 19.105935785030436, 19.16175115275009, 19.348698273807713, 19.383304282894432, 19.434113947165066, 19.45319270683396, 19.455505352758323, 19.464151936950902, 19.496448079008392, 19.503660452708665, 19.541166882257073, 19.542893796214074]","[{""block"": ""rsma"", ""rho"": 1.0, ""gain"": 17.20270248725381}, {""block"": ""star_ris"", ""rho"": 4.0, ""gain"": 0.008507939403116893}, {""block"": ""rsma"", ""rho"": 1.0, ""gain"": 0.0}, {""block"": ""star_ris"", ""rho"": 2.0, ""gain"": 0.0222529870667465}, {""block"": ""rsma"", ""rho"": 1.0, ""gain"": 0.0}, {""block"": ""star_ris"", ""rho"": 1.0, ""gain"": 0.03445525776800906}, {""block"": ""rsma"", ""rho"": 1.0, ""gain"": 3.552713678800501e-15}, {""block"": ""star_ris"", ""rho"": 1.0, ""gain"": 0.055815367719649345}, {""block"": ""rsma"", ""rho"": 1.0, ""gain"": 0.0}, {""block"": ""star_ris"", ""rho"": 1.0, ""gain"": 0.18694712105762434}, {""block"": ""rsma"", ""rho"": 1.0, ""gain"": 0.0}, {""block"": ""star_ris"", ""rho"": 2.0, ""gain"": 0.03460600908671907}, {""block"": ""rsma"", ""rho"": 1.0, ""gain"": 3.552713678800501e-15}, {""block"": ""star_ris"", ""rho"": 8.0, ""gain"": 0.050809664270630606}, {""block"": ""rsma"", ""rho"": 1.0, ""gain"": -3.552713678800501e-15}, {""block"": ""star_ris"", ""rho"": 16.0, ""gain"": 0.01907875966889705}, {""block"": ""rsma"", ""rho"": 1.0, ""gain"": 0.0}, {""block"": ""star_ris"", ""rho"": 16.0, ""gain"": 0.002312645924362755}, {""block"": ""rsma"", ""rho"": 1.0, ""gain"": 0.0}, {""block"": ""star_ris"", ""rho"": 4.0, ""gain"": 0.008646584192579354}, {""block"": ""rsma"", ""rho"": 1.0, ""gain"": 0.0}, {""block"": ""star_ris"", ""rho"": 1.0, ""gain"": 0.032296142057489874}, {""block"": ""rsma"", ""rho"": 1.0, ""gain"": 0.0}, {""block"": ""star_ris"", ""rho"": 4.0, ""gain"": 0.007212373700273389}, {""block"": ""rsma"", ""rho"": 1.0, ""gain"": 3.552713678800501e-15}, {""block"": ""star_ris"", ""rho"": 2.0, ""gain"": 0.03750642954840444}, {""block"": ""rsma"", ""rho"": 1.0, ""gain"": 0.0}, {""block"": ""star_ris"", ""rho"": 4.0, ""gain"": 0.00172691395700042}]",{},5996.968333,895cf8987087c169d7023476c078ebabf24f99fbbc30b65ad7fae1097d95a6fe,fc61d5cda7da39530055bae9bd0e92865f995cd9,f4c80269e5fb3cf553900b2e82f235af875b7c2e33b4ff71ec5d85cc25eb2b4e
ao_sca,128,10000,756,test,19.571542951452454,19.571542951452454,1.0,True,0.0,10,7903,18,ao_sca_proximal_physical,analytical_ris_equal_allocation,"[1.8380161828397745, 19.076853831879937, 19.127473085842915, 19.135844709054773, 19.16558635574863, 19.170607835848543, 19.197700376335973, 19.21103242351769, 19.355273410314492, 19.570946819873825, 19.571542951452454]","[{""block"": ""rsma"", ""rho"": 1.0, ""gain"": 16.653486093550335}, {""block"": ""star_ris"", ""rho"": 1.0, ""gain"": 0.5853515554898294}, {""block"": ""rsma"", ""rho"": 1.0, ""gain"": 0.0}, {""block"": ""star_ris"", ""rho"": 8.0, ""gain"": 0.05061925396297795}, {""block"": ""rsma"", ""rho"": 1.0, ""gain"": 0.0}, {""block"": ""star_ris"", ""rho"": 8.0, ""gain"": 0.008371623211857582}, {""block"": ""rsma"", ""rho"": 1.0, ""gain"": 0.0}, {""block"": ""star_ris"", ""rho"": 16.0, ""gain"": 0.02974164669385715}, {""block"": ""rsma"", ""rho"": 1.0, ""gain"": -7.105427357601002e-15}, {""block"": ""star_ris"", ""rho"": 2.0, ""gain"": 0.005021480099919984}, {""block"": ""rsma"", ""rho"": 1.0, ""gain"": 7.105427357601002e-15}, {""block"": ""star_ris"", ""rho"": 16.0, ""gain"": 0.027092540487423378}, {""block"": ""rsma"", ""rho"": 1.0, ""gain"": -3.552713678800501e-15}, {""block"": ""star_ris"", ""rho"": 32.0, ""gain"": 0.013332047181719986}, {""block"": ""rsma"", ""rho"": 1.0, ""gain"": -3.552713678800501e-15}, {""block"": ""star_ris"", ""rho"": 1.0, ""gain"": 0.14424098679680597}, {""block"": ""rsma"", ""rho"": 1.0, ""gain"": 3.552713678800501e-15}, {""block"": ""star_ris"", ""rho"": 1.0, ""gain"": 0.21567340955932934}, {""block"": ""rsma"", ""rho"": 1.0, ""gain"": 0.0}, {""block"": ""star_ris"", ""rho"": 4.0, ""gain"": 0.0005961315786287003}]",{},4540.051878,895cf8987087c169d7023476c078ebabf24f99fbbc30b65ad7fae1097d95a6fe,fc61d5cda7da39530055bae9bd0e92865f995cd9,f4c80269e5fb3cf553900b2e82f235af875b7c2e33b4ff71ec5d85cc25eb2b4e
ao_sca,128,10000,757,test,20.36798469185242,20.36798469185242,1.0,True,0.0,20,15786,29,ao_sca_proximal_physical,analytical_ris_equal_allocation,"[1.8380344949126524, 19.834110236452283, 19.8396647711534, 20.016517245724117, 20.023302907993433, 20.061805090863963, 20.06660933998854, 20.08965283323097, 20.11704030212118, 20.126196759880077, 20.13270138845644, 20.135725725065885, 20.148497394657813, 20.19896068304369, 20.201361685886646, 20.234712032961706, 20.256538730469885, 20.3165531403435, 20.345823507603853, 20.36096159152474, 20.36798469185242]","[{""block"": ""rsma"", ""rho"": 1.0, ""gain"": 17.867052543929756}, {""block"": ""star_ris"", ""rho"": 1.0, ""gain"": 0.12902319760987524}, {""block"": ""rsma"", ""rho"": 1.0, ""gain"": 0.0}, {""block"": ""star_ris"", ""rho"": 1.0, ""gain"": 0.005554534701118996}, {""block"": ""rsma"", ""rho"": 1.0, ""gain"": 0.0}, {""block"": ""star_ris"", ""rho"": 2.0, ""gain"": 0.1768524745707154}, {""block"": ""rsma"", ""rho"": 1.0, ""gain"": 0.0}, {""block"": ""star_ris"", ""rho"": 8.0, ""gain"": 0.006785662269315651}, {""block"": ""rsma"", ""rho"": 1.0, ""gain"": 0.0}, {""block"": ""star_ris"", ""rho"": 2.0, ""gain"": 0.03850218287053053}, {""block"": ""rsma"", ""rho"": 1.0, ""gain"": 0.0}, {""block"": ""star_ris"", ""rho"": 4.0, ""gain"": 0.004804249124575222}, {""block"": ""rsma"", ""rho"": 1.0, ""gain"": 0.0}, {""block"": ""star_ris"", ""rho"": 2.0, ""gain"": 0.023043493242433044}, {""block"": ""rsma"", ""rho"": 1.0, ""gain"": 0.0}, {""block"": ""star_ris"", ""rho"": 1.0, ""gain"": 0.0273874688902076}, {""block"": ""rsma"", ""rho"": 1.0, ""gain"": -3.552713678800501e-15}, {""block"": ""star_ris"", ""rho"": 4.0, ""gain"": 0.009156457758901837}, {""block"": ""rsma"", ""rho"": 1.0, ""gain"": 0.0}, {""block"": ""star_ris"", ""rho"": 2.0, ""gain"": 0.006504628576362137}, {""block"": ""rsma"", ""rho"": 1.0, ""gain"": 0.0}, {""block"": ""star_ris"", ""rho"": 8.0, ""gain"": 0.00302433660944601}, {""block"": ""rsma"", ""rho"": 1.0, ""gain"": 3.552713678800501e-15}, {""block"": ""star_ris"", ""rho"": 2.0, ""gain"": 0.012771669591923995}, {""block"": ""rsma"", ""rho"": 1.0, ""gain"": 0.0}, {""block"": ""star_ris"", ""rho"": 1.0, ""gain"": 0.05046328838587755}, {""block"": ""rsma"", ""rho"": 1.0, ""gain"": 0.0}, {""block"": ""star_ris"", ""rho"": 1.0, ""gain"": 0.00240100284295508}, {""block"": ""rsma"", ""rho"": 1.0, ""gain"": -3.552713678800501e-15}, {""block"": ""star_ris"", ""rho"": 1.0, ""gain"": 0.033350347075064235}, {""block"": ""rsma"", ""rho"": 1.0, ""gain"": 0.0}, {""block"": ""star_ris"", ""rho"": 1.0, ""gain"": 0.021826697508178228}, {""block"": ""rsma"", ""rho"": 1.0, ""gain"": 0.0}, {""block"": ""star_ris"", ""rho"": 4.0, ""gain"": 0.060014409873616614}, {""block"": ""rsma"", ""rho"": 1.0, ""gain"": 0.0}, {""block"": ""star_ris"", ""rho"": 8.0, ""gain"": 0.02927036726035226}, {""block"": ""rsma"", ""rho"": 1.0, ""gain"": 0.0}, {""block"": ""star_ris"", ""rho"": 16.0, ""gain"": 0.015138083920888334}, {""block"": ""rsma"", ""rho"": 1.0, ""gain"": 0.0}, {""block"": ""star_ris"", ""rho"": 2.0, ""gain"": 0.007023100327678833}]",{},8939.316669,895cf8987087c169d7023476c078ebabf24f99fbbc30b65ad7fae1097d95a6fe,fc61d5cda7da39530055bae9bd0e92865f995cd9,f4c80269e5fb3cf553900b2e82f235af875b7c2e33b4ff71ec5d85cc25eb2b4e
ao_sca,128,10000,758,test,19.733822557228443,19.733822557228443,1.0,True,0.0,16,12638,29,ao_sca_proximal_physical,analytical_ris_equal_allocation,"[1.838023084869673, 19.208776766597197, 19.301853245893625, 19.312812517186345, 19.33133345444225, 19.37969952056873, 19.41621894680518, 19.4738489018012, 19.494226915798368, 19.584786698869003, 19.61142378832831, 19.614694471858794, 19.618749972689557, 19.706264101110243, 19.721527843192565, 19.733053453779277, 19.733822557228443]","[{""block"": ""rsma"", ""rho"": 1.0, ""gain"": 17.31957785293064}, {""block"": ""star_ris"", ""rho"": 2.0, ""gain"": 0.05117582879688598}, {""block"": ""rsma"", ""rho"": 1.0, ""gain"": 0.0}, {""block"": ""star_ris"", ""rho"": 4.0, ""gain"": 0.09307647929642826}, {""block"": ""rsma"", ""rho"": 1.0, ""gain"": 0.0}, {""block"": ""star_ris"", ""rho"": 32.0, ""gain"": 0.010959271292719563}, {""block"": ""rsma"", ""rho"": 1.0, ""gain"": 0.0}, {""block"": ""star_ris"", ""rho"": 2.0, ""gain"": 0.0185209372559072}, {""block"": ""rsma"", ""rho"": 1.0, ""gain"": 0.0}, {""block"": ""star_ris"", ""rho"": 8.0, ""gain"": 0.04836606612647998}, {""block"": ""rsma"", ""rho"": 1.0, ""gain"": 3.552713678800501e-15}, {""block"": ""star_ris"", ""rho"": 1.0, ""gain"": 0.03651942623644544}, {""block"": ""rsma"", ""rho"": 1.0, ""gain"": -3.552713678800501e-15}, {""block"": ""star_ris"", ""rho"": 1.0, ""gain"": 0.05762995499602397}, {""block"": ""rsma"", ""rho"": 1.0, ""gain"": 0.0}, {""block"": ""star_ris"", ""rho"": 2.0, ""gain"": 0.020378013997166988}, {""block"": ""rsma"", ""rho"": 1.0, ""gain"": 0.0}, {""block"": ""star_ris"", ""rho"": 1.0, ""gain"": 0.09055978307063484}, {""block"": ""rsma"", ""rho"": 1.0, ""gain"": 0.0}, {""block"": ""star_ris"", ""rho"": 2.0, ""gain"": 0.02663708945930665}, {""block"": ""rsma"", ""rho"": 1.0, ""gain"": -3.552713678800501e-15}, {""block"": ""star_ris"", ""rho"": 8.0, ""gain"": 0.0032706835304878723}, {""block"": ""rsma"", ""rho"": 1.0, ""gain"": -3.552713678800501e-15}, {""block"": ""star_ris"", ""rho"": 2.0, ""gain"": 0.004055500830766334}, {""block"": ""rsma"", ""rho"": 1.0, ""gain"": 0.0}, {""block"": ""star_ris"", ""rho"": 2.0, ""gain"": 0.08751412842068618}, {""block"": ""rsma"", ""rho"": 1.0, ""gain"": 0.0}, {""block"": ""star_ris"", ""rho"": 8.0, ""gain"": 0.01526374208232184}, {""block"": ""rsma"", ""rho"": 1.0, ""gain"": -3.552713678800501e-15}, {""block"": ""star_ris"", ""rho"": 4.0, ""gain"": 0.011525610586716084}, {""block"": ""rsma"", ""rho"": 1.0, ""gain"": 0.0}, {""block"": ""star_ris"", ""rho"": 32.0, ""gain"": 0.0007691034491656978}]",{},6986.964031,895cf8987087c169d7023476c078ebabf24f99fbbc30b65ad7fae1097d95a6fe,fc61d5cda7da39530055bae9bd0e92865f995cd9,f4c80269e5fb3cf553900b2e82f235af875b7c2e33b4ff71ec5d85cc25eb2b4e
ao_sca,128,10000,759,test,19.387300859495998,19.387300859495998,1.0,True,0.0,15,11874,27,ao_sca_proximal_physical,analytical_ris_equal_allocation,"[1.8380106114950434, 18.354354035361258, 18.438276436802568, 18.47798720656703, 18.554483540591868, 18.563624959208532, 18.598538665146535, 18.858225141897172, 18.967962017579794, 18.993639855761014, 19.00626781200537, 19.01253064196883, 19.372984444504528, 19.382286884799804, 19.38691540114157, 19.387300859495994]","[{""block"": ""rsma"", ""rho"": 1.0, ""gain"": 16.32630736744938}, {""block"": ""star_ris"", ""rho"": 4.0, ""gain"": 0.19003605641683308}, {""block"": ""rsma"", ""rho"": 1.0, ""gain"": 3.552713678800501e-15}, {""block"": ""star_ris"", ""rho"": 8.0, ""gain"": 0.08392240144130625}, {""block"": ""rsma"", ""rho"": 1.0, ""gain"": 0.0}, {""block"": ""star_ris"", ""rho"": 16.0, ""gain"": 0.03971076976446142}, {""block"": ""rsma"", ""rho"": 1.0, ""gain"": 0.0}, {""block"": ""star_ris"", ""rho"": 8.0, ""gain"": 0.07649633402483857}, {""block"": ""rsma"", ""rho"": 1.0, ""gain"": 3.552713678800501e-15}, {""block"": ""star_ris"", ""rho"": 64.0, ""gain"": 0.009141418616660957}, {""block"": ""rsma"", ""rho"": 1.0, ""gain"": 0.0}, {""block"": ""star_ris"", ""rho"": 16.0, ""gain"": 0.03491370593800269}, {""block"": ""rsma"", ""rho"": 1.0, ""gain"": 0.0}, {""block"": ""star_ris"", ""rho"": 2.0, ""gain"": 0.2596864767506375}, {""block"": ""rsma"", ""rho"": 1.0, ""gain"": 0.0}, {""block"": ""star_ris"", ""rho"": 4.0, ""gain"": 0.10973687568262136}, {""block"": ""rsma"", ""rho"": 1.0, ""gain"": 0.0}, {""block"": ""star_ris"", ""rho"": 16.0, ""gain"": 0.02567783818122038}, {""block"": ""rsma"", ""rho"": 1.0, ""gain"": -3.552713678800501e-15}, {""block"": ""star_ris"", ""rho"": 32.0, ""gain"": 0.01262795624435853}, {""block"": ""rsma"", ""rho"": 1.0, ""gain"": 0.0}, {""block"": ""star_ris"", ""rho"": 64.0, ""gain"": 0.0062628299634610585}, {""block"": ""rsma"", ""rho"": 1.0, ""gain"": 0.0}, {""block"": ""star_ris"", ""rho"": 1.0, ""gain"": 0.36045380253569803}, {""block"": ""rsma"", ""rho"": 1.0, ""gain"": 0.0}, {""block"": ""star_ris"", ""rho"": 32.0, ""gain"": 0.009302440295275716}, {""block"": ""rsma"", ""rho"": 1.0, ""gain"": 0.0}, {""block"": ""star_ris"", ""rho"": 64.0, ""gain"": 0.004628516341767863}, {""block"": ""rsma"", ""rho"": 1.0, ""gain"": -3.552713678800501e-15}, {""block"": ""star_ris"", ""rho"": 4.0, ""gain"": 0.00038545835442604925}]",{},6670.708538,895cf8987087c169d7023476c078ebabf24f99fbbc30b65ad7fae1097d95a6fe,fc61d5cda7da39530055bae9bd0e92865f995cd9,f4c80269e5fb3cf553900b2e82f235af875b7c2e33b4ff71ec5d85cc25eb2b4e
ao_sca,128,10000,760,test,20.01438032925909,20.01438032925909,1.0,True,0.0,13,10260,24,ao_sca_proximal_physical,analytical_ris_equal_allocation,"[1.8380291242270335, 19.44067007153289, 19.792659437592388, 19.806930763727713, 19.84435241756674, 19.896474664227163, 19.91792918743062, 19.942202629129614, 19.958407126546362, 19.967195916437042, 20.00392146597986, 20.009682788758173, 20.013175147971232, 20.01438032925909]","[{""block"": ""rsma"", ""rho"": 1.0, ""gain"": 17.569712513507042}, {""block"": ""star_ris"", ""rho"": 1.0, ""gain"": 0.03292843379881205}, {""block"": ""rsma"", ""rho"": 1.0, ""gain"": 0.0}, {""block"": ""star_ris"", ""rho"": 1.0, ""gain"": 0.3519893660594988}, {""block"": ""rsma"", ""rho"": 1.0, ""gain"": 0.0}, {""block"": ""star_ris"", ""rho"": 2.0, ""gain"": 0.01427132613532578}, {""block"": ""rsma"", ""rho"": 1.0, ""gain"": 0.0}, {""block"": ""star_ris"", ""rho"": 1.0, ""gain"": 0.03742165383902574}, {""block"": ""rsma"", ""rho"": 1.0, ""gain"": 0.0}, {""block"": ""star_ris"", ""rho"": 2.0, ""gain"": 0.05212224666042431}, {""block"": ""rsma"", ""rho"": 1.0, ""gain"": 0.0}, {""block"": ""star_ris"", ""rho"": 4.0, ""gain"": 0.021454523203455977}, {""block"": ""rsma"", ""rho"": 1.0, ""gain"": 3.552713678800501e-15}, {""block"": ""star_ris"", ""rho"": 16.0, ""gain"": 0.02427344169899115}, {""block"": ""rsma"", ""rho"": 1.0, ""gain"": 0.0}, {""block"": ""star_ris"", ""rho"": 2.0, ""gain"": 0.0162044974167479}, {""block"": ""rsma"", ""rho"": 1.0, ""gain"": -3.552713678800501e-15}, {""block"": ""star_ris"", ""rho"": 4.0, ""gain"": 0.008788789890683546}, {""block"": ""rsma"", ""rho"": 1.0, ""gain"": 0.0}, {""block"": ""star_ris"", ""rho"": 1.0, ""gain"": 0.036725549542818925}, {""block"": ""rsma"", ""rho"": 1.0, ""gain"": 0.0}, {""block"": ""star_ris"", ""rho"": 8.0, ""gain"": 0.005761322778312206}, {""block"": ""rsma"", ""rho"": 1.0, ""gain"": -3.552713678800501e-15}, {""block"": ""star_ris"", ""rho"": 2.0, ""gain"": 0.003492359213062457}, {""block"": ""rsma"", ""rho"": 1.0, ""gain"": 0.0}, {""block"": ""star_ris"", ""rho"": 1.0, ""gain"": 0.0012051812878581813}]",{},5807.662189,895cf8987087c169d7023476c078ebabf24f99fbbc30b65ad7fae1097d95a6fe,fc61d5cda7da39530055bae9bd0e92865f995cd9,f4c80269e5fb3cf553900b2e82f235af875b7c2e33b4ff71ec5d85cc25eb2b4e
ao_sca,128,10000,761,test,19.194392287938808,19.194392287938808,1.0,True,0.0,8,6325,15,ao_sca_proximal_physical,analytical_ris_equal_allocation,"[1.8380136238366829, 18.73897542966566, 18.771908054683472, 18.980525423569514, 19.162897078445557, 19.170088002739508, 19.17766493808051, 19.19278303400211, 19.194392287938808]","[{""block"": ""rsma"", ""rho"": 1.0, ""gain"": 16.900594322533454}, {""block"": ""star_ris"", ""rho"": 8.0, ""gain"": 0.0003674832955233853}, {""block"": ""rsma"", ""rho"": 1.0, ""gain"": 3.552713678800501e-15}, {""block"": ""star_ris"", ""rho"": 2.0, ""gain"": 0.03293262501780703}, {""block"": ""rsma"", ""rho"": 1.0, ""gain"": 0.0}, {""block"": ""star_ris"", ""rho"": 1.0, ""gain"": 0.208617368886042}, {""block"": ""rsma"", ""rho"": 1.0, ""gain"": 0.0}, {""block"": ""star_ris"", ""rho"": 2.0, ""gain"": 0.182371654876043}, {""block"": ""rsma"", ""rho"": 1.0, ""gain"": 3.552713678800501e-15}, {""block"": ""star_ris"", ""rho"": 64.0, ""gain"": 0.0071909242939476314}, {""block"": ""rsma"", ""rho"": 1.0, ""gain"": 0.0}, {""block"": ""star_ris"", ""rho"": 1.0, ""gain"": 0.0075769353410031215}, {""block"": ""rsma"", ""rho"": 1.0, ""gain"": 0.0}, {""block"": ""star_ris"", ""rho"": 32.0, ""gain"": 0.015118095921600627}, {""block"": ""rsma"", ""rho"": 1.0, ""gain"": 0.0}, {""block"": ""star_ris"", ""rho"": 16.0, ""gain"": 0.0016092539366958647}]",{},3586.816808,895cf8987087c169d7023476c078ebabf24f99fbbc30b65ad7fae1097d95a6fe,fc61d5cda7da39530055bae9bd0e92865f995cd9,f4c80269e5fb3cf553900b2e82f235af875b7c2e33b4ff71ec5d85cc25eb2b4e
ao_sca,128,10000,762,test,19.303600924717543,19.303600924717543,1.0,True,0.0,3,2367,6,ao_sca_proximal_physical,analytical_ris_equal_allocation,"[1.8380187114823305, 19.177365926087788, 19.30278290504697, 19.303600924717546]","[{""block"": ""rsma"", ""rho"": 1.0, ""gain"": 17.043964162527054}, {""block"": ""star_ris"", ""rho"": 1.0, ""gain"": 0.2953830520784031}, {""block"": ""rsma"", ""rho"": 1.0, ""gain"": -3.552713678800501e-15}, {""block"": ""star_ris"", ""rho"": 1.0, ""gain"": 0.12541697895918702}, {""block"": ""rsma"", ""rho"": 1.0, ""gain"": 3.552713678800501e-15}, {""block"": ""star_ris"", ""rho"": 4.0, ""gain"": 0.0008180196705716014}]",{},1325.142889,895cf8987087c169d7023476c078ebabf24f99fbbc30b65ad7fae1097d95a6fe,fc61d5cda7da39530055bae9bd0e92865f995cd9,f4c80269e5fb3cf553900b2e82f235af875b7c2e33b4ff71ec5d85cc25eb2b4e
ao_sca,128,10000,763,test,19.57596691723412,19.57596691723412,1.0,True,0.0,12,9486,21,ao_sca_proximal_physical,analytical_ris_equal_allocation,"[1.8380142832558464, 18.479862583486216, 18.526960624754153, 18.928986545626337, 19.06350229999778, 19.322605990736037, 19.451719464813287, 19.47543481551472, 19.541862451202455, 19.55223966484564, 19.573016392271306, 19.575238686487896, 19.57596691723412]","[{""block"": ""rsma"", ""rho"": 1.0, ""gain"": 16.540658946466586}, {""block"": ""star_ris"", ""rho"": 8.0, ""gain"": 0.10118935376378602}, {""block"": ""rsma"", ""rho"": 1.0, ""gain"": 0.0}, {""block"": ""star_ris"", ""rho"": 16.0, ""gain"": 0.04709804126793671}, {""block"": ""rsma"", ""rho"": 1.0, ""gain"": 0.0}, {""block"": ""star_ris"", ""rho"": 1.0, ""gain"": 0.4020259208721839}, {""block"": ""rsma"", ""rho"": 1.0, ""gain"": 0.0}, {""block"": ""star_ris"", ""rho"": 1.0, ""gain"": 0.13451575437144214}, {""block"": ""rsma"", ""rho"": 1.0, ""gain"": 7.105427357601002e-15}, {""block"": ""star_ris"", ""rho"": 1.0, ""gain"": 0.25910369073825024}, {""block"": ""rsma"", ""rho"": 1.0, ""gain"": -3.552713678800501e-15}, {""block"": ""star_ris"", ""rho"": 2.0, ""gain"": 0.12911347407725415}, {""block"": ""rsma"", ""rho"": 1.0, ""gain"": -7.105427357601002e-15}, {""block"": ""star_ris"", ""rho"": 2.0, ""gain"": 0.023715350701440485}, {""block"": ""rsma"", ""rho"": 1.0, ""gain"": 7.105427357601002e-15}, {""block"": ""star_ris"", ""rho"": 4.0, ""gain"": 0.06642763568772736}, {""block"": ""rsma"", ""rho"": 1.0, ""gain"": 0.0}, {""block"": ""star_ris"", ""rho"": 8.0, ""gain"": 0.010377213643185002}, {""block"": ""rsma"", ""rho"": 1.0, ""gain"": 0.0}, {""block"": ""star_ris"", ""rho"": 16.0, ""gain"": 0.020776727425666053}, {""block"": ""rsma"", ""rho"": 1.0, ""gain"": 0.0}, {""block"": ""star_ris"", ""rho"": 64.0, ""gain"": 0.0022222942165903703}, {""block"": ""rsma"", ""rho"": 1.0, ""gain"": 0.0}, {""block"": ""star_ris"", ""rho"": 32.0, ""gain"": 0.0007282307462226356}]",{},5356.962637,895cf8987087c169d7023476c078ebabf24f99fbbc30b65ad7fae1097d95a6fe,fc61d5cda7da39530055bae9bd0e92865f995cd9,f4c80269e5fb3cf553900b2e82f235af875b7c2e33b4ff71ec5d85cc25eb2b4e
ao_sca,128,10000,764,test,19.96650029307485,19.96650029307485,1.0,True,0.0,15,11851,29,ao_sca_proximal_physical,analytical_ris_equal_allocation,"[1.838028291999223, 19.42123238096728, 19.4335485085558, 19.443778824675604, 19.551038477623823, 19.600417449436833, 19.624185229167708, 19.635853381216858, 19.69350457738929, 19.80839392342856, 19.815352120869083, 19.87794454621419, 19.905865330571288, 19.929621591781057, 19.965843363434388, 19.96650029307485]","[{""block"": ""rsma"", ""rho"": 1.0, ""gain"": 17.446778758076505}, {""block"": ""star_ris"", ""rho"": 2.0, ""gain"": 0.1364253308915515}, {""block"": ""rsma"", ""rho"": 1.0, ""gain"": 0.0}, {""block"": ""star_ris"", ""rho"": 32.0, ""gain"": 0.012316127588519521}, {""block"": ""rsma"", ""rho"": 1.0, ""gain"": 0.0}, {""block"": ""star_ris"", ""rho"": 1.0, ""gain"": 0.010230316119805849}, {""block"": ""rsma"", ""rho"": 1.0, ""gain"": 0.0}, {""block"": ""star_ris"", ""rho"": 4.0, ""gain"": 0.10725965294821904}, {""block"": ""rsma"", ""rho"": 1.0, ""gain"": 0.0}, {""block"": ""star_ris"", ""rho"": 8.0, ""gain"": 0.04937897181300954}, {""block"": ""rsma"", ""rho"": 1.0, ""gain"": -7.105427357601002e-15}, {""block"": ""star_ris"", ""rho"": 16.0, ""gain"": 0.023767779730881955}, {""block"": ""rsma"", ""rho"": 1.0, ""gain"": 0.0}, {""block"": ""star_ris"", ""rho"": 32.0, ""gain"": 0.011668152049150393}, {""block"": ""rsma"", ""rho"": 1.0, ""gain"": 0.0}, {""block"": ""star_ris"", ""rho"": 1.0, ""gain"": 0.05765119617243286}, {""block"": ""rsma"", ""rho"": 1.0, ""gain"": 0.0}, {""block"": ""star_ris"", ""rho"": 1.0, ""gain"": 0.11488934603926992}, {""block"": ""rsma"", ""rho"": 1.0, ""gain"": 3.552713678800501e-15}, {""block"": ""star_ris"", ""rho"": 2.0, ""gain"": 0.006958197440518177}, {""block"": ""rsma"", ""rho"": 1.0, ""gain"": 0.0}, {""block"": ""star_ris"", ""rho"": 1.0, ""gain"": 0.06259242534510889}, {""block"": ""rsma"", ""rho"": 1.0, ""gain"": 0.0}, {""block"": ""star_ris"", ""rho"": 2.0, ""gain"": 0.02792078435709655}, {""block"": ""rsma"", ""rho"": 1.0, ""gain"": 0.0}, {""block"": ""star_ris"", ""rho"": 2.0, ""gain"": 0.023756261209769036}, {""block"": ""rsma"", ""rho"": 1.0, ""gain"": -3.552713678800501e-15}, {""block"": ""star_ris"", ""rho"": 1.0, ""gain"": 0.0362217716533344}, {""block"": ""rsma"", ""rho"": 1.0, ""gain"": 0.0}, {""block"": ""star_ris"", ""rho"": 128.0, ""gain"": 0.0006569296404634883}]",{},6591.62726,895cf8987087c169d7023476c078ebabf24f99fbbc30b65ad7fae1097d95a6fe,fc61d5cda7da39530055bae9bd0e92865f995cd9,f4c80269e5fb3cf553900b2e82f235af875b7c2e33b4ff71ec5d85cc25eb2b4e
ao_sca,128,10000,765,test,19.571547527060797,19.571547527060797,1.0,True,0.0,20,15792,33,ao_sca_proximal_physical,analytical_ris_equal_allocation,"[1.8380070649544984, 18.26356474930135, 18.907598516189807, 18.991718745201133, 19.005427283712315, 19.107272541794988, 19.10999390683613, 19.132046605915615, 19.1796877020843, 19.18260612882605, 19.257866408522386, 19.272336322300543, 19.320747952175356, 19.350946007603028, 19.412044775723558, 19.43462510439411, 19.464487814465635, 19.510777827869216, 19.515282835790256, 19.563469262101677, 19.571547527060794]","[{""block"": ""rsma"", ""rho"": 1.0, ""gain"": 16.378492725548625}, {""block"": ""star_ris"", ""rho"": 16.0, ""gain"": 0.0470649587982237}, {""block"": ""rsma"", ""rho"": 1.0, ""gain"": 3.552713678800501e-15}, {""block"": ""star_ris"", ""rho"": 1.0, ""gain"": 0.6440337668884553}, {""block"": ""rsma"", ""rho"": 1.0, ""gain"": 0.0}, {""block"": ""star_ris"", ""rho"": 2.0, ""gain"": 0.08412022901132588}, {""block"": ""rsma"", ""rho"": 1.0, ""gain"": 0.0}, {""block"": ""star_ris"", ""rho"": 1.0, ""gain"": 0.0137085385111817}, {""block"": ""rsma"", ""rho"": 1.0, ""gain"": 0.0}, {""block"": ""star_ris"", ""rho"": 4.0, ""gain"": 0.10184525808267253}, {""block"": ""rsma"", ""rho"": 1.0, ""gain"": 0.0}, {""block"": ""star_ris"", ""rho"": 8.0, ""gain"": 0.0027213650411432866}, {""block"": ""rsma"", ""rho"": 1.0, ""gain"": 0.0}, {""block"": ""star_ris"", ""rho"": 2.0, ""gain"": 0.022052699079484483}, {""block"": ""rsma"", ""rho"": 1.0, ""gain"": 0.0}, {""block"": ""star_ris"", ""rho"": 8.0, ""gain"": 0.04764109616868595}, {""block"": ""rsma"", ""rho"": 1.0, ""gain"": 0.0}, {""block"": ""star_ris"", ""rho"": 128.0, ""gain"": 0.0029184267417470267}, {""block"": ""rsma"", ""rho"": 1.0, ""gain"": 0.0}, {""block"": ""star_ris"", ""rho"": 1.0, ""gain"": 0.0752602796963373}, {""block"": ""rsma"", ""rho"": 1.0, ""gain"": 0.0}, {""block"": ""star_ris"", ""rho"": 1.0, ""gain"": 0.014469913778157206}, {""block"": ""rsma"", ""rho"": 1.0, ""gain"": 0.0}, {""block"": ""star_ris"", ""rho"": 1.0, ""gain"": 0.0484116298748134}, {""block"": ""rsma"", ""rho"": 1.0, ""gain"": 0.0}, {""block"": ""star_ris"", ""rho"": 1.0, ""gain"": 0.030198055427671733}, {""block"": ""rsma"", ""rho"": 1.0, ""gain"": 0.0}, {""block"": ""star_ris"", ""rho"": 1.0, ""gain"": 0.06109876812053017}, {""block"": ""rsma"", ""rho"": 1.0, ""gain"": 0.0}, {""block"": ""star_ris"", ""rho"": 4.0, ""gain"": 0.022580328670553484}, {""block"": ""rsma"", ""rho"": 1.0, ""gain"": 3.552713678800501e-15}, {""block"": ""star_ris"", ""rho"": 2.0, ""gain"": 0.029862710071519416}, {""block"": ""rsma"", ""rho"": 1.0, ""gain"": 0.0}, {""block"": ""star_ris"", ""rho"": 2.0, ""gain"": 0.0462900134035813}, {""block"": ""rsma"", ""rho"": 1.0, ""gain"": 0.0}, {""block"": ""star_ris"", ""rho"": 8.0, ""gain"": 0.004505007921039805}, {""block"": ""rsma"", ""rho"": 1.0, ""gain"": 3.552713678800501e-15}, {""block"": ""star_ris"", ""rho"": 4.0, ""gain"": 0.04818642631141756}, {""block"": ""rsma"", ""rho"": 1.0, ""gain"": -3.552713678800501e-15}, {""block"": ""star_ris"", ""rho"": 2.0, ""gain"": 0.008078264959120673}]",{},8864.227697,895cf8987087c169d7023476c078ebabf24f99fbbc30b65ad7fae1097d95a6fe,fc61d5cda7da39530055bae9bd0e92865f995cd9,f4c80269e5fb3cf553900b2e82f235af875b7c2e33b4ff71ec5d85cc25eb2b4e
ao_sca,128,10000,766,test,20.18867625639379,20.18867625639379,1.0,True,0.0,13,10281,24,ao_sca_proximal_physical,analytical_ris_equal_allocation,"[1.8380344143594898, 19.70569634454235, 19.832095839295977, 19.888261155859585, 19.901649874227008, 19.908263741199594, 19.931005121082006, 19.97745770950211, 20.00183805115346, 20.09837546009311, 20.142874947302737, 20.145619356462554, 20.18863878391353, 20.18867625639379]","[{""block"": ""rsma"", ""rho"": 1.0, ""gain"": 17.81935166957487}, {""block"": ""star_ris"", ""rho"": 1.0, ""gain"": 0.04831026060798749}, {""block"": ""rsma"", ""rho"": 1.0, ""gain"": 0.0}, {""block"": ""star_ris"", ""rho"": 4.0, ""gain"": 0.12639949475362755}, {""block"": ""rsma"", ""rho"": 1.0, ""gain"": 0.0}, {""block"": ""star_ris"", ""rho"": 8.0, ""gain"": 0.05616531656360735}, {""block"": ""rsma"", ""rho"": 1.0, ""gain"": 0.0}, {""block"": ""star_ris"", ""rho"": 32.0, ""gain"": 0.01338871836742328}, {""block"": ""rsma"", ""rho"": 1.0, ""gain"": 0.0}, {""block"": ""star_ris"", ""rho"": 64.0, ""gain"": 0.0066138669725859245}, {""block"": ""rsma"", ""rho"": 1.0, ""gain"": 0.0}, {""block"": ""star_ris"", ""rho"": 2.0, ""gain"": 0.02274137988241165}, {""block"": ""rsma"", ""rho"": 1.0, ""gain"": 0.0}, {""block"": ""star_ris"", ""rho"": 1.0, ""gain"": 0.04645258842010591}, {""block"": ""rsma"", ""rho"": 1.0, ""gain"": 0.0}, {""block"": ""star_ris"", ""rho"": 1.0, ""gain"": 0.024380341651347948}, {""block"": ""rsma"", ""rho"": 1.0, ""gain"": 0.0}, {""block"": ""star_ris"", ""rho"": 4.0, ""gain"": 0.0965374089396498}, {""block"": ""rsma"", ""rho"": 1.0, ""gain"": -3.552713678800501e-15}, {""block"": ""star_ris"", ""rho"": 8.0, ""gain"": 0.04449948720963093}, {""block"": ""rsma"", ""rho"": 1.0, ""gain"": 0.0}, {""block"": ""star_ris"", ""rho"": 128.0, ""gain"": 0.002744409159816996}, {""block"": ""rsma"", ""rho"": 1.0, ""gain"": 0.0}, {""block"": ""star_ris"", ""rho"": 1.0, ""gain"": 0.0430194274509752}, {""block"": ""rsma"", ""rho"": 1.0, ""gain"": -3.552713678800501e-15}, {""block"": ""star_ris"", ""rho"": 128.0, ""gain"": 3.747248026542138e-05}]",{},5837.739155,895cf8987087c169d7023476c078ebabf24f99fbbc30b65ad7fae1097d95a6fe,fc61d5cda7da39530055bae9bd0e92865f995cd9,f4c80269e5fb3cf553900b2e82f235af875b7c2e33b4ff71ec5d85cc25eb2b4e
ao_sca,128,10000,767,test,19.486362829708863,19.486362829708863,1.0,True,0.0,8,6319,15,ao_sca_proximal_physical,analytical_ris_equal_allocation,"[1.8380144485869494, 18.61745540449224, 18.640826640206033, 18.652334249750794, 18.97328336166468, 19.25674235209757, 19.463925739588756, 19.485502256332243, 19.486362829708863]","[{""block"": ""rsma"", ""rho"": 1.0, ""gain"": 16.56797528875078}, {""block"": ""star_ris"", ""rho"": 4.0, ""gain"": 0.21146566715450987}, {""block"": ""rsma"", ""rho"": 1.0, ""gain"": 0.0}, {""block"": ""star_ris"", ""rho"": 32.0, ""gain"": 0.023371235713792515}, {""block"": ""rsma"", ""rho"": 1.0, ""gain"": 0.0}, {""block"": ""star_ris"", ""rho"": 64.0, ""gain"": 0.011507609544761266}, {""block"": ""rsma"", ""rho"": 1.0, ""gain"": -3.552713678800501e-15}, {""block"": ""star_ris"", ""rho"": 1.0, ""gain"": 0.3209491119138903}, {""block"": ""rsma"", ""rho"": 1.0, ""gain"": 0.0}, {""block"": ""star_ris"", ""rho"": 1.0, ""gain"": 0.2834589904328908}, {""block"": ""rsma"", ""rho"": 1.0, ""gain"": 3.552713678800501e-15}, {""block"": ""star_ris"", ""rho"": 1.0, ""gain"": 0.20718338749118104}, {""block"": ""rsma"", ""rho"": 1.0, ""gain"": 0.0}, {""block"": ""star_ris"", ""rho"": 2.0, ""gain"": 0.021576516743486707}, {""block"": ""rsma"", ""rho"": 1.0, ""gain"": 0.0}, {""block"": ""star_ris"", ""rho"": 1.0, ""gain"": 0.0008605733766202661}]",{},3540.375539,895cf8987087c169d7023476c078ebabf24f99fbbc30b65ad7fae1097d95a6fe,fc61d5cda7da39530055bae9bd0e92865f995cd9,f4c80269e5fb3cf553900b2e82f235af875b7c2e33b4ff71ec5d85cc25eb2b4e
ao_sca,128,10000,768,test,19.74719906497298,19.74719906497298,1.0,True,0.0,18,14210,28,ao_sca_proximal_physical,analytical_ris_equal_allocation,"[1.8380165657591028, 18.861821682865266, 18.9352565684554, 19.19283457924036, 19.202074906189836, 19.394768772763705, 19.438113471376845, 19.485899953663033, 19.51751732283521, 19.601336066512822, 19.611184841071253, 19.653866246415333, 19.66499145846617, 19.712955987766037, 19.715199714604466, 19.728709127876282, 19.73689150925196, 19.745747045786505, 19.74719906497298]","[{""block"": ""rsma"", ""rho"": 1.0, ""gain"": 17.018143453856435}, {""block"": ""star_ris"", ""rho"": 4.0, ""gain"": 0.005661663249728832}, {""block"": ""rsma"", ""rho"": 1.0, ""gain"": 0.0}, {""block"": ""star_ris"", ""rho"": 1.0, ""gain"": 0.07343488559013522}, {""block"": ""rsma"", ""rho"": 1.0, ""gain"": 0.0}, {""block"": ""star_ris"", ""rho"": 1.0, ""gain"": 0.25757801078495746}, {""block"": ""rsma"", ""rho"": 1.0, ""gain"": 0.0}, {""block"": ""star_ris"", ""rho"": 1.0, ""gain"": 0.009240326949477407}, {""block"": ""rsma"", ""rho"": 1.0, ""gain"": 7.105427357601002e-15}, {""block"": ""star_ris"", ""rho"": 2.0, ""gain"": 0.19269386657386178}, {""block"": ""rsma"", ""rho"": 1.0, ""gain"": 0.0}, {""block"": ""star_ris"", ""rho"": 8.0, ""gain"": 0.043344698613140054}, {""block"": ""rsma"", ""rho"": 1.0, ""gain"": -7.105427357601002e-15}, {""block"": ""star_ris"", ""rho"": 1.0, ""gain"": 0.04778648228619531}, {""block"": ""rsma"", ""rho"": 1.0, ""gain"": 7.105427357601002e-15}, {""block"": ""star_ris"", ""rho"": 1.0, ""gain"": 0.03161736917217084}, {""block"": ""rsma"", ""rho"": 1.0, ""gain"": 0.0}, {""block"": ""star_ris"", ""rho"": 1.0, ""gain"": 0.083818743677611}, {""block"": ""rsma"", ""rho"": 1.0, ""gain"": -7.105427357601002e-15}, {""block"": ""star_ris"", ""rho"": 1.0, ""gain"": 0.009848774558438578}, {""block"": ""rsma"", ""rho"": 1.0, ""gain"": 3.552713678800501e-15}, {""block"": ""star_ris"", ""rho"": 4.0, ""gain"": 0.042681405344076495}, {""block"": ""rsma"", ""rho"": 1.0, ""gain"": -3.552713678800501e-15}, {""block"": ""star_ris"", ""rho"": 8.0, ""gain"": 0.01112521205083894}, {""block"": ""rsma"", ""rho"": 1.0, ""gain"": 0.0}, {""block"": ""star_ris"", ""rho"": 1.0, ""gain"": 0.047964529299868275}, {""block"": ""rsma"", ""rho"": 1.0, ""gain"": 0.0}, {""block"": ""star_ris"", ""rho"": 4.0, ""gain"": 0.0022437268384294384}, {""block"": ""rsma"", ""rho"": 1.0, ""gain"": 0.0}, {""block"": ""star_ris"", ""rho"": 4.0, ""gain"": 0.013509413271815873}, {""block"": ""rsma"", ""rho"": 1.0, ""gain"": 0.0}, {""block"": ""star_ris"", ""rho"": 2.0, ""gain"": 0.00818238137567917}, {""block"": ""rsma"", ""rho"": 1.0, ""gain"": 0.0}, {""block"": ""star_ris"", ""rho"": 32.0, ""gain"": 0.008855536534543518}, {""block"": ""rsma"", ""rho"": 1.0, ""gain"": 0.0}, {""block"": ""star_ris"", ""rho"": 16.0, ""gain"": 0.0014520191864733079}]",{},7884.230156,895cf8987087c169d7023476c078ebabf24f99fbbc30b65ad7fae1097d95a6fe,fc61d5cda7da39530055bae9bd0e92865f995cd9,f4c80269e5fb3cf553900b2e82f235af875b7c2e33b4ff71ec5d85cc25eb2b4e
ao_sca,128,10000,769,test,20.160072674782,20.160072674782,1.0,True,0.0,13,10254,24,ao_sca_proximal_physical,analytical_ris_equal_allocation,"[1.8380279694611443, 19.504354589787372, 19.616204830534993, 19.83301055254413, 19.849079748426785, 19.85576362430997, 19.865085650286005, 19.93247946062177, 19.95231090032376, 20.01198530308591, 20.117198810715884, 20.142411008068123, 20.158739784097357, 20.160072674781997]","[{""block"": ""rsma"", ""rho"": 1.0, ""gain"": 17.534470723007853}, {""block"": ""star_ris"", ""rho"": 1.0, ""gain"": 0.1318558973183741}, {""block"": ""rsma"", ""rho"": 1.0, ""gain"": 0.0}, {""block"": ""star_ris"", ""rho"": 1.0, ""gain"": 0.1118502407476214}, {""block"": ""rsma"", ""rho"": 1.0, ""gain"": 0.0}, {""block"": ""star_ris"", ""rho"": 1.0, ""gain"": 0.21680572200913772}, {""block"": ""rsma"", ""rho"": 1.0, ""gain"": 0.0}, {""block"": ""star_ris"", ""rho"": 2.0, ""gain"": 0.016069195882653986}, {""block"": ""rsma"", ""rho"": 1.0, ""gain"": 0.0}, {""block"": ""star_ris"", ""rho"": 8.0, ""gain"": 0.006683875883183532}, {""block"": ""rsma"", ""rho"": 1.0, ""gain"": 0.0}, {""block"": ""star_ris"", ""rho"": 2.0, ""gain"": 0.009322025976036485}, {""block"": ""rsma"", ""rho"": 1.0, ""gain"": -7.105427357601002e-15}, {""block"": ""star_ris"", ""rho"": 1.0, ""gain"": 0.06739381033577274}, {""block"": ""rsma"", ""rho"": 1.0, ""gain"": 0.0}, {""block"": ""star_ris"", ""rho"": 1.0, ""gain"": 0.01983143970198853}, {""block"": ""rsma"", ""rho"": 1.0, ""gain"": 0.0}, {""block"": ""star_ris"", ""rho"": 1.0, ""gain"": 0.05967440276215186}, {""block"": ""rsma"", ""rho"": 1.0, ""gain"": -3.552713678800501e-15}, {""block"": ""star_ris"", ""rho"": 2.0, ""gain"": 0.10521350762997628}, {""block"": ""rsma"", ""rho"": 1.0, ""gain"": -3.552713678800501e-15}, {""block"": ""star_ris"", ""rho"": 4.0, ""gain"": 0.025212197352242782}, {""block"": ""rsma"", ""rho"": 1.0, ""gain"": 0.0}, {""block"": ""star_ris"", ""rho"": 1.0, ""gain"": 0.01632877602923344}, {""block"": ""rsma"", ""rho"": 1.0, ""gain"": 3.552713678800501e-15}, {""block"": ""star_ris"", ""rho"": 2.0, ""gain"": 0.0013328906846368227}]",{},5781.978965,895cf8987087c169d7023476c078ebabf24f99fbbc30b65ad7fae1097d95a6fe,fc61d5cda7da39530055bae9bd0e92865f995cd9,f4c80269e5fb3cf553900b2e82f235af875b7c2e33b4ff71ec5d85cc25eb2b4e
ao_sca,128,10000,770,test,19.706160255258773,19.706160255258773,1.0,True,0.0,20,15789,35,ao_sca_proximal_physical,analytical_ris_equal_allocation,"[1.8380188940695668, 19.004960175467232, 19.23829430926029, 19.292003937602836, 19.324381480572896, 19.33887086459871, 19.382706962966374, 19.38804496319303, 19.410826143941115, 19.417621682208654, 19.458208187131103, 19.463486503774654, 19.49444360923836, 19.513398345846657, 19.557385347861217, 19.591389539300756, 19.642242215222574, 19.67986145332529, 19.690344282754978, 19.70415918639316, 19.706160255258773]","[{""block"": ""rsma"", ""rho"": 1.0, ""gain"": 17.15361944655979}, {""block"": ""star_ris"", ""rho"": 1.0, ""gain"": 0.013321834837874746}, {""block"": ""rsma"", ""rho"": 1.0, ""gain"": 0.0}, {""block"": ""star_ris"", ""rho"": 2.0, ""gain"": 0.23333413379305767}, {""block"": ""rsma"", ""rho"": 1.0, ""gain"": -3.552713678800501e-15}, {""block"": ""star_ris"", ""rho"": 2.0, ""gain"": 0.05370962834254911}, {""block"": ""rsma"", ""rho"": 1.0, ""gain"": 3.552713678800501e-15}, {""block"": ""star_ris"", ""rho"": 1.0, ""gain"": 0.032377542970056794}, {""block"": ""rsma"", ""rho"": 1.0, ""gain"": 0.0}, {""block"": ""star_ris"", ""rho"": 2.0, ""gain"": 0.0144893840258149}, {""block"": ""rsma"", ""rho"": 1.0, ""gain"": 3.552713678800501e-15}, {""block"": ""star_ris"", ""rho"": 8.0, ""gain"": 0.04383609836765956}, {""block"": ""rsma"", ""rho"": 1.0, ""gain"": -3.552713678800501e-15}, {""block"": ""star_ris"", ""rho"": 64.0, ""gain"": 0.0053380002266578686}, {""block"": ""rsma"", ""rho"": 1.0, ""gain"": 0.0}, {""block"": ""star_ris"", ""rho"": 2.0, ""gain"": 0.022781180748086882}, {""block"": ""rsma"", ""rho"": 1.0, ""gain"": 0.0}, {""block"": ""star_ris"", ""rho"": 1.0, ""gain"": 0.006795538267539314}, {""block"": ""rsma"", ""rho"": 1.0, ""gain"": 0.0}, {""block"": ""star_ris"", ""rho"": 1.0, ""gain"": 0.040586504922448086}, {""block"": ""rsma"", ""rho"": 1.0, ""gain"": 0.0}, {""block"": ""star_ris"", ""rho"": 2.0, ""gain"": 0.005278316643551051}, {""block"": ""rsma"", ""rho"": 1.0, ""gain"": 0.0}, {""block"": ""star_ris"", ""rho"": 1.0, ""gain"": 0.030957105463706114}, {""block"": ""rsma"", ""rho"": 1.0, ""gain"": 0.0}, {""block"": ""star_ris"", ""rho"": 2.0, ""gain"": 0.01895473660829694}, {""block"": ""rsma"", ""rho"": 1.0, ""gain"": 0.0}, {""block"": ""star_ris"", ""rho"": 2.0, ""gain"": 0.04398700201456052}, {""block"": ""rsma"", ""rho"": 1.0, ""gain"": -3.552713678800501e-15}, {""block"": ""star_ris"", ""rho"": 1.0, ""gain"": 0.03400419143954281}, {""block"": ""rsma"", ""rho"": 1.0, ""gain"": 3.552713678800501e-15}, {""block"": ""star_ris"", ""rho"": 2.0, ""gain"": 0.05085267592181353}, {""block"": ""rsma"", ""rho"": 1.0, ""gain"": 0.0}, {""block"": ""star_ris"", ""rho"": 8.0, ""gain"": 0.03761923810271739}, {""block"": ""rsma"", ""rho"": 1.0, ""gain"": 0.0}, {""block"": ""star_ris"", ""rho"": 2.0, ""gain"": 0.010482829429687257}, {""block"": ""rsma"", ""rho"": 1.0, ""gain"": 0.0}, {""block"": ""star_ris"", ""rho"": 16.0, ""gain"": 0.013814903638181164}, {""block"": ""rsma"", ""rho"": 1.0, ""gain"": 0.0}, {""block"": ""star_ris"", ""rho"": 8.0, ""gain"": 0.0020010688656135756}]",{},8786.293129,895cf8987087c169d7023476c078ebabf24f99fbbc30b65ad7fae1097d95a6fe,fc61d5cda7da39530055bae9bd0e92865f995cd9,f4c80269e5fb3cf553900b2e82f235af875b7c2e33b4ff71ec5d85cc25eb2b4e
ao_sca,128,10000,771,test,19.75702623819255,19.75702623819255,1.0,True,0.0,4,3158,8,ao_sca_proximal_physical,analytical_ris_equal_allocation,"[1.8380290963829784, 19.60902373693704, 19.751090452336943, 19.756039792888604, 19.75702623819255]","[{""block"": ""rsma"", ""rho"": 1.0, ""gain"": 17.541223709919247}, {""block"": ""star_ris"", ""rho"": 1.0, ""gain"": 0.2297709306348139}, {""block"": ""rsma"", ""rho"": 1.0, ""gain"": 0.0}, {""block"": ""star_ris"", ""rho"": 1.0, ""gain"": 0.14206671539990268}, {""block"": ""rsma"", ""rho"": 1.0, ""gain"": 0.0}, {""block"": ""star_ris"", ""rho"": 2.0, ""gain"": 0.0049493405516614075}, {""block"": ""rsma"", ""rho"": 1.0, ""gain"": 0.0}, {""block"": ""star_ris"", ""rho"": 16.0, ""gain"": 0.0009864453039476473}]",{},1825.964698,895cf8987087c169d7023476c078ebabf24f99fbbc30b65ad7fae1097d95a6fe,fc61d5cda7da39530055bae9bd0e92865f995cd9,f4c80269e5fb3cf553900b2e82f235af875b7c2e33b4ff71ec5d85cc25eb2b4e
ao_sca,128,10000,772,test,19.536016287374316,19.536016287374316,1.0,True,0.0,9,7123,17,ao_sca_proximal_physical,analytical_ris_equal_allocation,"[1.8380202345455, 18.954027752377037, 18.974188989013257, 18.98413326628011, 18.989072147047878, 19.269257570763713, 19.417687141262853, 19.529463186226614, 19.53407162953021, 19.536016287374313]","[{""block"": ""rsma"", ""rho"": 1.0, ""gain"": 17.030924101397233}, {""block"": ""star_ris"", ""rho"": 8.0, ""gain"": 0.08508341643430484}, {""block"": ""rsma"", ""rho"": 1.0, ""gain"": 0.0}, {""block"": ""star_ris"", ""rho"": 32.0, ""gain"": 0.020161236636219826}, {""block"": ""rsma"", ""rho"": 1.0, ""gain"": -7.105427357601002e-15}, {""block"": ""star_ris"", ""rho"": 64.0, ""gain"": 0.009944277266860979}, {""block"": ""rsma"", ""rho"": 1.0, ""gain"": -3.552713678800501e-15}, {""block"": ""star_ris"", ""rho"": 128.0, ""gain"": 0.004938880767770826}, {""block"": ""rsma"", ""rho"": 1.0, ""gain"": 0.0}, {""block"": ""star_ris"", ""rho"": 1.0, ""gain"": 0.2801854237158352}, {""block"": ""rsma"", ""rho"": 1.0, ""gain"": -7.105427357601002e-15}, {""block"": ""star_ris"", ""rho"": 4.0, ""gain"": 0.14842957049914673}, {""block"": ""rsma"", ""rho"": 1.0, ""gain"": 0.0}, {""block"": ""star_ris"", ""rho"": 4.0, ""gain"": 0.11177604496376148}, {""block"": ""rsma"", ""rho"": 1.0, ""gain"": 0.0}, {""block"": ""star_ris"", ""rho"": 4.0, ""gain"": 0.004608443303595777}, {""block"": ""rsma"", ""rho"": 1.0, ""gain"": 0.0}, {""block"": ""star_ris"", ""rho"": 8.0, ""gain"": 0.001944657844102693}]",{},4000.774066,895cf8987087c169d7023476c078ebabf24f99fbbc30b65ad7fae1097d95a6fe,fc61d5cda7da39530055bae9bd0e92865f995cd9,f4c80269e5fb3cf553900b2e82f235af875b7c2e33b4ff71ec5d85cc25eb2b4e
ao_sca,128,10000,773,test,19.68110230669937,19.68110230669937,1.0,True,0.0,20,15811,40,ao_sca_proximal_physical,analytical_ris_equal_allocation,"[1.8380164037671036, 18.912363279092105, 19.03630938564734, 19.224399107859725, 19.246473004006447, 19.28830781180359, 19.375239037303555, 19.38096449649701, 19.383817391981317, 19.416227286969846, 19.485855591410942, 19.54303953924898, 19.583106749743692, 19.586635492810505, 19.609124228970153, 19.626397834522667, 19.62880766011544, 19.63306678266062, 19.644067669278908, 19.652076952959696, 19.681102306699366]","[{""block"": ""rsma"", ""rho"": 1.0, ""gain"": 16.773201233165622}, {""block"": ""star_ris"", ""rho"": 2.0, ""gain"": 0.3011456421593799}, {""block"": ""rsma"", ""rho"": 1.0, ""gain"": 0.0}, {""block"": ""star_ris"", ""rho"": 4.0, ""gain"": 0.12394610655523408}, {""block"": ""rsma"", ""rho"": 1.0, ""gain"": 0.0}, {""block"": ""star_ris"", ""rho"": 1.0, ""gain"": 0.18808972221238562}, {""block"": ""rsma"", ""rho"": 1.0, ""gain"": 0.0}, {""block"": ""star_ris"", ""rho"": 1.0, ""gain"": 0.02207389614672195}, {""block"": ""rsma"", ""rho"": 1.0, ""gain"": 0.0}, {""block"": ""star_ris"", ""rho"": 16.0, ""gain"": 0.041834807797144435}, {""block"": ""rsma"", ""rho"": 1.0, ""gain"": 0.0}, {""block"": ""star_ris"", ""rho"": 2.0, ""gain"": 0.08693122549996346}, {""block"": ""rsma"", ""rho"": 1.0, ""gain"": 0.0}, {""block"": ""star_ris"", ""rho"": 64.0, ""gain"": 0.005725459193456572}, {""block"": ""rsma"", ""rho"": 1.0, ""gain"": 0.0}, {""block"": ""star_ris"", ""rho"": 128.0, ""gain"": 0.002852895484306117}, {""block"": ""rsma"", ""rho"": 1.0, ""gain"": 0.0}, {""block"": ""star_ris"", ""rho"": 2.0, ""gain"": 0.032409894988528976}, {""block"": ""rsma"", ""rho"": 1.0, ""gain"": 0.0}, {""block"": ""star_ris"", ""rho"": 2.0, ""gain"": 0.06962830444109613}, {""block"": ""rsma"", ""rho"": 1.0, ""gain"": 0.0}, {""block"": ""star_ris"", ""rho"": 2.0, ""gain"": 0.057183947838037597}, {""block"": ""rsma"", ""rho"": 1.0, ""gain"": 3.552713678800501e-15}, {""block"": ""star_ris"", ""rho"": 4.0, ""gain"": 0.040067210494708405}, {""block"": ""rsma"", ""rho"": 1.0, ""gain"": 0.0}, {""block"": ""star_ris"", ""rho"": 128.0, ""gain"": 0.003528743066812723}, {""block"": ""rsma"", ""rho"": 1.0, ""gain"": 0.0}, {""block"": ""star_ris"", ""rho"": 2.0, ""gain"": 0.02248873615964797}, {""block"": ""rsma"", ""rho"": 1.0, ""gain"": 0.0}, {""block"": ""star_ris"", ""rho"": 4.0, ""gain"": 0.017273605552514226}, {""block"": ""rsma"", ""rho"": 1.0, ""gain"": 0.0}, {""block"": ""star_ris"", ""rho"": 32.0, ""gain"": 0.0024098255927746948}, {""block"": ""rsma"", ""rho"": 1.0, ""gain"": -3.552713678800501e-15}, {""block"": ""star_ris"", ""rho"": 8.0, ""gain"": 0.004259122545182237}, {""block"": ""rsma"", ""rho"": 1.0, ""gain"": 0.0}, {""block"": ""star_ris"", ""rho"": 2.0, ""gain"": 0.011000886618287353}, {""block"": ""rsma"", ""rho"": 1.0, ""gain"": 0.0}, {""block"": ""star_ris"", ""rho"": 8.0, ""gain"": 0.00800928368078857}, {""block"": ""rsma"", ""rho"": 1.0, ""gain"": 7.105427357601002e-15}, {""block"": ""star_ris"", ""rho"": 4.0, ""gain"": 0.029025353739662307}]",{},8748.853514,895cf8987087c169d7023476c078ebabf24f99fbbc30b65ad7fae1097d95a6fe,fc61d5cda7da39530055bae9bd0e92865f995cd9,f4c80269e5fb3cf553900b2e82f235af875b7c2e33b4ff71ec5d85cc25eb2b4e
ao_sca,128,10000,774,test,19.395266198102693,19.395266198102693,1.0,True,0.0,4,3156,7,ao_sca_proximal_physical,analytical_ris_equal_allocation,"[1.8380204877244235, 19.29413435906896, 19.34155529574289, 19.394808042747165, 19.395266198102693]","[{""block"": ""rsma"", ""rho"": 1.0, ""gain"": 17.16747042373061}, {""block"": ""star_ris"", ""rho"": 1.0, ""gain"": 0.288643447613925}, {""block"": ""rsma"", ""rho"": 1.0, ""gain"": 0.0}, {""block"": ""star_ris"", ""rho"": 1.0, ""gain"": 0.047420936673930214}, {""block"": ""rsma"", ""rho"": 1.0, ""gain"": 0.0}, {""block"": ""star_ris"", ""rho"": 1.0, ""gain"": 0.05325274700427585}, {""block"": ""rsma"", ""rho"": 1.0, ""gain"": 0.0}, {""block"": ""star_ris"", ""rho"": 8.0, ""gain"": 0.000458155355527623}]",{},1785.479236,895cf8987087c169d7023476c078ebabf24f99fbbc30b65ad7fae1097d95a6fe,fc61d5cda7da39530055bae9bd0e92865f995cd9,f4c80269e5fb3cf553900b2e82f235af875b7c2e33b4ff71ec5d85cc25eb2b4e
ao_sca,128,10000,775,test,19.59787185877088,19.59787185877088,1.0,True,0.0,6,4739,9,ao_sca_proximal_physical,analytical_ris_equal_allocation,"[1.83802188077764, 19.308122850229555, 19.434092372479768, 19.538968468047415, 19.58761622009014, 19.5970890584598, 19.59787185877088]","[{""block"": ""rsma"", ""rho"": 1.0, ""gain"": 16.918741070497383}, {""block"": ""star_ris"", ""rho"": 1.0, ""gain"": 0.5513598989545336}, {""block"": ""rsma"", ""rho"": 1.0, ""gain"": 0.0}, {""block"": ""star_ris"", ""rho"": 1.0, ""gain"": 0.1259695222502124}, {""block"": ""rsma"", ""rho"": 1.0, ""gain"": 0.0}, {""block"": ""star_ris"", ""rho"": 4.0, ""gain"": 0.1048760955676471}, {""block"": ""rsma"", ""rho"": 1.0, ""gain"": 0.0}, {""block"": ""star_ris"", ""rho"": 8.0, ""gain"": 0.048647752042725756}, {""block"": ""rsma"", ""rho"": 1.0, ""gain"": 0.0}, {""block"": ""star_ris"", ""rho"": 16.0, ""gain"": 0.009472838369660508}, {""block"": ""rsma"", ""rho"": 1.0, ""gain"": 0.0}, {""block"": ""star_ris"", ""rho"": 2.0, ""gain"": 0.0007828003110788018}]",{},2608.647494,895cf8987087c169d7023476c078ebabf24f99fbbc30b65ad7fae1097d95a6fe,fc61d5cda7da39530055bae9bd0e92865f995cd9,f4c80269e5fb3cf553900b2e82f235af875b7c2e33b4ff71ec5d85cc25eb2b4e
ao_sca,128,10000,776,test,19.15387701368812,19.15387701368812,1.0,True,0.0,15,11877,23,ao_sca_proximal_physical,analytical_ris_equal_allocation,"[1.838009712412771, 18.219048920530746, 18.425690079210828, 18.60576500777215, 18.764656284035233, 18.78294382737133, 18.854081920696398, 18.87121820973534, 19.003941143967516, 19.051301811782185, 19.06439730320502, 19.086558114415062, 19.091475588563824, 19.09521254952011, 19.152844597817673, 19.153877013688117]","[{""block"": ""rsma"", ""rho"": 1.0, ""gain"": 16.353822411898864}, {""block"": ""star_ris"", ""rho"": 32.0, ""gain"": 0.027216796219111217}, {""block"": ""rsma"", ""rho"": 1.0, ""gain"": -7.105427357601002e-15}, {""block"": ""star_ris"", ""rho"": 4.0, ""gain"": 0.20664115868008892}, {""block"": ""rsma"", ""rho"": 1.0, ""gain"": 0.0}, {""block"": ""star_ris"", ""rho"": 4.0, ""gain"": 0.18007492856132146}, {""block"": ""rsma"", ""rho"": 1.0, ""gain"": 0.0}, {""block"": ""star_ris"", ""rho"": 4.0, ""gain"": 0.15889127626308408}, {""block"": ""rsma"", ""rho"": 1.0, ""gain"": 0.0}, {""block"": ""star_ris"", ""rho"": 32.0, ""gain"": 0.018287543336096945}, {""block"": ""rsma"", ""rho"": 1.0, ""gain"": 0.0}, {""block"": ""star_ris"", ""rho"": 8.0, ""gain"": 0.07113809332506804}, {""block"": ""rsma"", ""rho"": 1.0, ""gain"": 3.552713678800501e-15}, {""block"": ""star_ris"", ""rho"": 32.0, ""gain"": 0.01713628903893749}, {""block"": ""rsma"", ""rho"": 1.0, ""gain"": 0.0}, {""block"": ""star_ris"", ""rho"": 4.0, ""gain"": 0.13272293423217718}, {""block"": ""rsma"", ""rho"": 1.0, ""gain"": 3.552713678800501e-15}, {""block"": ""star_ris"", ""rho"": 8.0, ""gain"": 0.04736066781466519}, {""block"": ""rsma"", ""rho"": 1.0, ""gain"": 0.0}, {""block"": ""star_ris"", ""rho"": 16.0, ""gain"": 0.013095491422834726}, {""block"": ""rsma"", ""rho"": 1.0, ""gain"": 0.0}, {""block"": ""star_ris"", ""rho"": 16.0, ""gain"": 0.022160811210042652}, {""block"": ""rsma"", ""rho"": 1.0, ""gain"": 3.552713678800501e-15}, {""block"": ""star_ris"", ""rho"": 8.0, ""gain"": 0.004917474148758316}, {""block"": ""rsma"", ""rho"": 1.0, ""gain"": 0.0}, {""block"": ""star_ris"", ""rho"": 128.0, ""gain"": 0.0037369609562851736}, {""block"": ""rsma"", ""rho"": 1.0, ""gain"": -3.552713678800501e-15}, {""block"": ""star_ris"", ""rho"": 8.0, ""gain"": 0.05763204829756674}, {""block"": ""rsma"", ""rho"": 1.0, ""gain"": 0.0}, {""block"": ""star_ris"", ""rho"": 64.0, ""gain"": 0.0010324158704442254}]",{},6680.056969,895cf8987087c169d7023476c078ebabf24f99fbbc30b65ad7fae1097d95a6fe,fc61d5cda7da39530055bae9bd0e92865f995cd9,f4c80269e5fb3cf553900b2e82f235af875b7c2e33b4ff71ec5d85cc25eb2b4e
ao_sca,128,10000,777,test,19.50297609163097,19.50297609163097,1.0,True,0.0,6,4742,11,ao_sca_proximal_physical,analytical_ris_equal_allocation,"[1.8380214977954916, 19.068081095956614, 19.10407771354167, 19.14897479902413, 19.29055032768744, 19.502879444150697, 19.50297609163097]","[{""block"": ""rsma"", ""rho"": 1.0, ""gain"": 17.212329178495565}, {""block"": ""star_ris"", ""rho"": 8.0, ""gain"": 0.017730419665557662}, {""block"": ""rsma"", ""rho"": 1.0, ""gain"": 0.0}, {""block"": ""star_ris"", ""rho"": 4.0, ""gain"": 0.0359966175850559}, {""block"": ""rsma"", ""rho"": 1.0, ""gain"": 0.0}, {""block"": ""star_ris"", ""rho"": 2.0, ""gain"": 0.04489708548246085}, {""block"": ""rsma"", ""rho"": 1.0, ""gain"": 0.0}, {""block"": ""star_ris"", ""rho"": 1.0, ""gain"": 0.14157552866331002}, {""block"": ""rsma"", ""rho"": 1.0, ""gain"": 0.0}, {""block"": ""star_ris"", ""rho"": 2.0, ""gain"": 0.21232911646325547}, {""block"": ""rsma"", ""rho"": 1.0, ""gain"": 0.0}, {""block"": ""star_ris"", ""rho"": 64.0, ""gain"": 9.664748027304881e-05}]",{},2641.723811,895cf8987087c169d7023476c078ebabf24f99fbbc30b65ad7fae1097d95a6fe,fc61d5cda7da39530055bae9bd0e92865f995cd9,f4c80269e5fb3cf553900b2e82f235af875b7c2e33b4ff71ec5d85cc25eb2b4e
ao_sca,128,10000,778,test,19.442145642472507,19.442145642472507,1.0,True,0.0,5,3957,9,ao_sca_proximal_physical,analytical_ris_equal_allocation,"[1.8380267141638713, 19.378650438713173, 19.39046243890744, 19.4215151588904, 19.441273254799903, 19.442145642472507]","[{""block"": ""rsma"", ""rho"": 1.0, ""gain"": 17.442001194933315}, {""block"": ""star_ris"", ""rho"": 4.0, ""gain"": 0.09862252961598728}, {""block"": ""rsma"", ""rho"": 1.0, ""gain"": -3.552713678800501e-15}, {""block"": ""star_ris"", ""rho"": 8.0, ""gain"": 0.011812000194272088}, {""block"": ""rsma"", ""rho"": 1.0, ""gain"": 0.0}, {""block"": ""star_ris"", ""rho"": 8.0, ""gain"": 0.03105271998295933}, {""block"": ""rsma"", ""rho"": 1.0, ""gain"": -3.552713678800501e-15}, {""block"": ""star_ris"", ""rho"": 16.0, ""gain"": 0.019758095909505613}, {""block"": ""rsma"", ""rho"": 1.0, ""gain"": 0.0}, {""block"": ""star_ris"", ""rho"": 16.0, ""gain"": 0.0008723876726044466}]",{},2289.482978,895cf8987087c169d7023476c078ebabf24f99fbbc30b65ad7fae1097d95a6fe,fc61d5cda7da39530055bae9bd0e92865f995cd9,f4c80269e5fb3cf553900b2e82f235af875b7c2e33b4ff71ec5d85cc25eb2b4e
ao_sca,128,10000,779,test,19.549664514796525,19.549664514796525,1.0,True,0.0,5,3953,10,ao_sca_proximal_physical,analytical_ris_equal_allocation,"[1.8380247025650929, 19.343183610340482, 19.43242063357133, 19.527123430417063, 19.54933273458517, 19.549664514796525]","[{""block"": ""rsma"", ""rho"": 1.0, ""gain"": 17.378259518730506}, {""block"": ""star_ris"", ""rho"": 2.0, ""gain"": 0.1268993890448833}, {""block"": ""rsma"", ""rho"": 1.0, ""gain"": 3.552713678800501e-15}, {""block"": ""star_ris"", ""rho"": 2.0, ""gain"": 0.0892370232308437}, {""block"": ""rsma"", ""rho"": 1.0, ""gain"": 3.552713678800501e-15}, {""block"": ""star_ris"", ""rho"": 4.0, ""gain"": 0.09470279684573057}, {""block"": ""rsma"", ""rho"": 1.0, ""gain"": 0.0}, {""block"": ""star_ris"", ""rho"": 16.0, ""gain"": 0.022209304168107735}, {""block"": ""rsma"", ""rho"": 1.0, ""gain"": -3.552713678800501e-15}, {""block"": ""star_ris"", ""rho"": 16.0, ""gain"": 0.0003317802113578239}]",{},2180.846174,895cf8987087c169d7023476c078ebabf24f99fbbc30b65ad7fae1097d95a6fe,fc61d5cda7da39530055bae9bd0e92865f995cd9,f4c80269e5fb3cf553900b2e82f235af875b7c2e33b4ff71ec5d85cc25eb2b4e
ao_sca,128,10000,780,test,19.51134453544911,19.51134453544911,1.0,True,0.0,20,15799,37,ao_sca_proximal_physical,analytical_ris_equal_allocation,"[1.8380123501004721, 19.047285752276537, 19.052239030273405, 19.139416752485218, 19.21373772193055, 19.254111636068693, 19.28501630882031, 19.287836516510797, 19.3041525452753, 19.328325123588787, 19.334544472099772, 19.337924207707076, 19.348196336429716, 19.377320381577764, 19.380560023213494, 19.38472525519896, 19.38736383958697, 19.395459480054388, 19.470119183112487, 19.501724486589744, 19.51134453544911]","[{""block"": ""rsma"", ""rho"": 1.0, ""gain"": 16.68662661351606}, {""block"": ""star_ris"", ""rho"": 1.0, ""gain"": 0.5226467886600048}, {""block"": ""rsma"", ""rho"": 1.0, ""gain"": 0.0}, {""block"": ""star_ris"", ""rho"": 4.0, ""gain"": 0.004953277996868621}, {""block"": ""rsma"", ""rho"": 1.0, ""gain"": 0.0}, {""block"": ""star_ris"", ""rho"": 2.0, ""gain"": 0.08717772221181264}, {""block"": ""rsma"", ""rho"": 1.0, ""gain"": 0.0}, {""block"": ""star_ris"", ""rho"": 1.0, ""gain"": 0.07432096944533129}, {""block"": ""rsma"", ""rho"": 1.0, ""gain"": -3.552713678800501e-15}, {""block"": ""star_ris"", ""rho"": 8.0, ""gain"": 0.04037391413814717}, {""block"": ""rsma"", ""rho"": 1.0, ""gain"": 0.0}, {""block"": ""star_ris"", ""rho"": 4.0, ""gain"": 0.030904672751617568}, {""block"": ""rsma"", ""rho"": 1.0, ""gain"": 0.0}, {""block"": ""star_ris"", ""rho"": 8.0, ""gain"": 0.0028202076904868534}, {""block"": ""rsma"", ""rho"": 1.0, ""gain"": -3.552713678800501e-15}, {""block"": ""star_ris"", ""rho"": 4.0, ""gain"": 0.016316028764506996}, {""block"": ""rsma"", ""rho"": 1.0, ""gain"": 7.105427357601002e-15}, {""block"": ""star_ris"", ""rho"": 8.0, ""gain"": 0.024172578313478965}, {""block"": ""rsma"", ""rho"": 1.0, ""gain"": 0.0}, {""block"": ""star_ris"", ""rho"": 8.0, ""gain"": 0.0062193485109851565}, {""block"": ""rsma"", ""rho"": 1.0, ""gain"": 0.0}, {""block"": ""star_ris"", ""rho"": 2.0, ""gain"": 0.0033797356073037577}, {""block"": ""rsma"", ""rho"": 1.0, ""gain"": 0.0}, {""block"": ""star_ris"", ""rho"": 4.0, ""gain"": 0.010272128722640161}, {""block"": ""rsma"", ""rho"": 1.0, ""gain"": 0.0}, {""block"": ""star_ris"", ""rho"": 1.0, ""gain"": 0.02912404514804834}, {""block"": ""rsma"", ""rho"": 1.0, ""gain"": 3.552713678800501e-15}, {""block"": ""star_ris"", ""rho"": 2.0, ""gain"": 0.0032396416357265423}, {""block"": ""rsma"", ""rho"": 1.0, ""gain"": 0.0}, {""block"": ""star_ris"", ""rho"": 16.0, ""gain"": 0.004165231985464146}, {""block"": ""rsma"", ""rho"": 1.0, ""gain"": 0.0}, {""block"": ""star_ris"", ""rho"": 8.0, ""gain"": 0.002638584388012788}, {""block"": ""rsma"", ""rho"": 1.0, ""gain"": 0.0}, {""block"": ""star_ris"", ""rho"": 2.0, ""gain"": 0.008095640467416843}, {""block"": ""rsma"", ""rho"": 1.0, ""gain"": 0.0}, {""block"": ""star_ris"", ""rho"": 2.0, ""gain"": 0.07465970305809932}, {""block"": ""rsma"", ""rho"": 1.0, ""gain"": 0.0}, {""block"": ""star_ris"", ""rho"": 2.0, ""gain"": 0.03160530347725654}, {""block"": ""rsma"", ""rho"": 1.0, ""gain"": -3.552713678800501e-15}, {""block"": ""star_ris"", ""rho"": 32.0, ""gain"": 0.009620048859368069}]",{},8683.532679,895cf8987087c169d7023476c078ebabf24f99fbbc30b65ad7fae1097d95a6fe,fc61d5cda7da39530055bae9bd0e92865f995cd9,f4c80269e5fb3cf553900b2e82f235af875b7c2e33b4ff71ec5d85cc25eb2b4e
ao_sca,128,10000,781,test,20.22448665540334,20.22448665540334,1.0,True,0.0,12,9465,20,ao_sca_proximal_physical,analytical_ris_equal_allocation,"[1.838031760563634, 19.684638892574114, 19.795516691810953, 19.863267957148878, 19.916120042244938, 20.00681495287965, 20.078965058339158, 20.088782701280614, 20.116455726616913, 20.18169119398621, 20.185972841928525, 20.223689596387466, 20.22448665540334]","[{""block"": ""rsma"", ""rho"": 1.0, ""gain"": 17.715048292264306}, {""block"": ""star_ris"", ""rho"": 1.0, ""gain"": 0.1315588397461731}, {""block"": ""rsma"", ""rho"": 1.0, ""gain"": 0.0}, {""block"": ""star_ris"", ""rho"": 1.0, ""gain"": 0.11087779923683883}, {""block"": ""rsma"", ""rho"": 1.0, ""gain"": 0.0}, {""block"": ""star_ris"", ""rho"": 1.0, ""gain"": 0.0677512653379253}, {""block"": ""rsma"", ""rho"": 1.0, ""gain"": 0.0}, {""block"": ""star_ris"", ""rho"": 1.0, ""gain"": 0.05285208509605965}, {""block"": ""rsma"", ""rho"": 1.0, ""gain"": 0.0}, {""block"": ""star_ris"", ""rho"": 1.0, ""gain"": 0.09069491063471347}, {""block"": ""rsma"", ""rho"": 1.0, ""gain"": 0.0}, {""block"": ""star_ris"", ""rho"": 1.0, ""gain"": 0.07215010545950662}, {""block"": ""rsma"", ""rho"": 1.0, ""gain"": 0.0}, {""block"": ""star_ris"", ""rho"": 4.0, ""gain"": 0.009817642941456484}, {""block"": ""rsma"", ""rho"": 1.0, ""gain"": 0.0}, {""block"": ""star_ris"", ""rho"": 2.0, ""gain"": 0.02767302533629845}, {""block"": ""rsma"", ""rho"": 1.0, ""gain"": -3.552713678800501e-15}, {""block"": ""star_ris"", ""rho"": 1.0, ""gain"": 0.06523546736930186}, {""block"": ""rsma"", ""rho"": 1.0, ""gain"": -7.105427357601002e-15}, {""block"": ""star_ris"", ""rho"": 2.0, ""gain"": 0.0042816479423208875}, {""block"": ""rsma"", ""rho"": 1.0, ""gain"": 0.0}, {""block"": ""star_ris"", ""rho"": 1.0, ""gain"": 0.03771675445894118}, {""block"": ""rsma"", ""rho"": 1.0, ""gain"": 7.105427357601002e-15}, {""block"": ""star_ris"", ""rho"": 16.0, ""gain"": 0.0007970590158663526}]",{},5160.962487,895cf8987087c169d7023476c078ebabf24f99fbbc30b65ad7fae1097d95a6fe,fc61d5cda7da39530055bae9bd0e92865f995cd9,f4c80269e5fb3cf553900b2e82f235af875b7c2e33b4ff71ec5d85cc25eb2b4e
ao_sca,128,10000,782,test,19.3327483795664,19.3327483795664,1.0,True,0.0,7,5535,12,ao_sca_proximal_physical,analytical_ris_equal_allocation,"[1.838012616915314, 18.87856727159238, 18.980977211760322, 19.2179484482652, 19.309102345515395, 19.32952579046445, 19.33236257442724, 19.332748379566397]","[{""block"": ""rsma"", ""rho"": 1.0, ""gain"": 16.58178113600276}, {""block"": ""star_ris"", ""rho"": 1.0, ""gain"": 0.45877351867430605}, {""block"": ""rsma"", ""rho"": 1.0, ""gain"": 0.0}, {""block"": ""star_ris"", ""rho"": 1.0, ""gain"": 0.10240994016794147}, {""block"": ""rsma"", ""rho"": 1.0, ""gain"": -3.552713678800501e-15}, {""block"": ""star_ris"", ""rho"": 1.0, ""gain"": 0.23697123650488194}, {""block"": ""rsma"", ""rho"": 1.0, ""gain"": 0.0}, {""block"": ""star_ris"", ""rho"": 4.0, ""gain"": 0.0911538972501944}, {""block"": ""rsma"", ""rho"": 1.0, ""gain"": 3.552713678800501e-15}, {""block"": ""star_ris"", ""rho"": 16.0, ""gain"": 0.020423444949052794}, {""block"": ""rsma"", ""rho"": 1.0, ""gain"": 0.0}, {""block"": ""star_ris"", ""rho"": 64.0, ""gain"": 0.002836783962788303}, {""block"": ""rsma"", ""rho"": 1.0, ""gain"": 0.0}, {""block"": ""star_ris"", ""rho"": 64.0, ""gain"": 0.0003858051391567585}]",{},3069.376387,895cf8987087c169d7023476c078ebabf24f99fbbc30b65ad7fae1097d95a6fe,fc61d5cda7da39530055bae9bd0e92865f995cd9,f4c80269e5fb3cf553900b2e82f235af875b7c2e33b4ff71ec5d85cc25eb2b4e
ao_sca,128,10000,783,test,19.47012672630596,19.47012672630596,1.0,True,0.0,2,1581,3,ao_sca_proximal_physical,analytical_ris_equal_allocation,"[1.8380291250518186, 19.468863934548953, 19.470126726305956]","[{""block"": ""rsma"", ""rho"": 1.0, ""gain"": 17.622650228285952}, {""block"": ""star_ris"", ""rho"": 8.0, ""gain"": 0.008184581211182262}, {""block"": ""rsma"", ""rho"": 1.0, ""gain"": 0.0}, {""block"": ""star_ris"", ""rho"": 2.0, ""gain"": 0.0012627917570036118}]",{},883.312955,895cf8987087c169d7023476c078ebabf24f99fbbc30b65ad7fae1097d95a6fe,fc61d5cda7da39530055bae9bd0e92865f995cd9,f4c80269e5fb3cf553900b2e82f235af875b7c2e33b4ff71ec5d85cc25eb2b4e
ao_sca,128,10000,784,test,19.584559221999783,19.584559221999783,1.0,True,0.0,12,9489,21,ao_sca_proximal_physical,analytical_ris_equal_allocation,"[1.8380223318064937, 19.253332935893262, 19.31287327063274, 19.32718066077598, 19.354670610870922, 19.358321203296757, 19.39937381997963, 19.404800989262792, 19.41641262026088, 19.51178793069278, 19.541344180155125, 19.5840295478813, 19.584559221999786]","[{""block"": ""rsma"", ""rho"": 1.0, ""gain"": 17.126284581050854}, {""block"": ""star_ris"", ""rho"": 2.0, ""gain"": 0.28902602303591607}, {""block"": ""rsma"", ""rho"": 1.0, ""gain"": 0.0}, {""block"": ""star_ris"", ""rho"": 8.0, ""gain"": 0.059540334739477174}, {""block"": ""rsma"", ""rho"": 1.0, ""gain"": 0.0}, {""block"": ""star_ris"", ""rho"": 32.0, ""gain"": 0.014307390143240895}, {""block"": ""rsma"", ""rho"": 1.0, ""gain"": 3.552713678800501e-15}, {""block"": ""star_ris"", ""rho"": 16.0, ""gain"": 0.02748995009493882}, {""block"": ""rsma"", ""rho"": 1.0, ""gain"": -3.552713678800501e-15}, {""block"": ""star_ris"", ""rho"": 8.0, ""gain"": 0.003650592425838539}, {""block"": ""rsma"", ""rho"": 1.0, ""gain"": 3.552713678800501e-15}, {""block"": ""star_ris"", ""rho"": 8.0, ""gain"": 0.04105261668286886}, {""block"": ""rsma"", ""rho"": 1.0, ""gain"": -3.552713678800501e-15}, {""block"": ""star_ris"", ""rho"": 8.0, ""gain"": 0.005427169283166222}, {""block"": ""rsma"", ""rho"": 1.0, ""gain"": -3.552713678800501e-15}, {""block"": ""star_ris"", ""rho"": 2.0, ""gain"": 0.011611630998089595}, {""block"": ""rsma"", ""rho"": 1.0, ""gain"": 0.0}, {""block"": ""star_ris"", ""rho"": 2.0, ""gain"": 0.09537531043190128}, {""block"": ""rsma"", ""rho"": 1.0, ""gain"": 0.0}, {""block"": ""star_ris"", ""rho"": 2.0, ""gain"": 0.029556249462345363}, {""block"": ""rsma"", ""rho"": 1.0, ""gain"": 0.0}, {""block"": ""star_ris"", ""rho"": 8.0, ""gain"": 0.04268536772617537}, {""block"": ""rsma"", ""rho"": 1.0, ""gain"": 0.0}, {""block"": ""star_ris"", ""rho"": 16.0, ""gain"": 0.0005296741184857012}]",{},5189.373666,895cf8987087c169d7023476c078ebabf24f99fbbc30b65ad7fae1097d95a6fe,fc61d5cda7da39530055bae9bd0e92865f995cd9,f4c80269e5fb3cf553900b2e82f235af875b7c2e33b4ff71ec5d85cc25eb2b4e
ao_sca,128,10000,785,test,20.025070589692568,20.025070589692568,1.0,True,0.0,10,7893,18,ao_sca_proximal_physical,analytical_ris_equal_allocation,"[1.838031398737133, 19.635772979910968, 19.821688024147466, 19.86969206419718, 19.943974057358627, 19.953246871179815, 19.976344315445296, 19.998144972984058, 20.01796090359175, 20.02426663564265, 20.025070589692568]","[{""block"": ""rsma"", ""rho"": 1.0, ""gain"": 17.567603353582403}, {""block"": ""star_ris"", ""rho"": 1.0, ""gain"": 0.2301382275914321}, {""block"": ""rsma"", ""rho"": 1.0, ""gain"": -3.552713678800501e-15}, {""block"": ""star_ris"", ""rho"": 1.0, ""gain"": 0.18591504423650207}, {""block"": ""rsma"", ""rho"": 1.0, ""gain"": 0.0}, {""block"": ""star_ris"", ""rho"": 1.0, ""gain"": 0.04800404004971526}, {""block"": ""rsma"", ""rho"": 1.0, ""gain"": 0.0}, {""block"": ""star_ris"", ""rho"": 4.0, ""gain"": 0.07428199316144557}, {""block"": ""rsma"", ""rho"": 1.0, ""gain"": 0.0}, {""block"": ""star_ris"", ""rho"": 4.0, ""gain"": 0.009272813821187498}, {""block"": ""rsma"", ""rho"": 1.0, ""gain"": -3.552713678800501e-15}, {""block"": ""star_ris"", ""rho"": 16.0, ""gain"": 0.023097444265484768}, {""block"": ""rsma"", ""rho"": 1.0, ""gain"": 0.0}, {""block"": ""star_ris"", ""rho"": 2.0, ""gain"": 0.021800657538761925}, {""block"": ""rsma"", ""rho"": 1.0, ""gain"": 0.0}, {""block"": ""star_ris"", ""rho"": 1.0, ""gain"": 0.019815930607691712}, {""block"": ""rsma"", ""rho"": 1.0, ""gain"": 0.0}, {""block"": ""star_ris"", ""rho"": 4.0, ""gain"": 0.006305732050901014}, {""block"": ""rsma"", ""rho"": 1.0, ""gain"": 0.0}, {""block"": ""star_ris"", ""rho"": 2.0, ""gain"": 0.0008039540499176212}]",{},4418.862716,895cf8987087c169d7023476c078ebabf24f99fbbc30b65ad7fae1097d95a6fe,fc61d5cda7da39530055bae9bd0e92865f995cd9,f4c80269e5fb3cf553900b2e82f235af875b7c2e33b4ff71ec5d85cc25eb2b4e
ao_sca,128,10000,786,test,19.582155027633217,19.582155027633217,1.0,True,0.0,7,5534,13,ao_sca_proximal_physical,analytical_ris_equal_allocation,"[1.8380273808509906, 19.464758057620045, 19.485932859308907, 19.51037009324142, 19.522364256002426, 19.541882716666326, 19.581265912670084, 19.582155027633217]","[{""block"": ""rsma"", ""rho"": 1.0, ""gain"": 17.574390067683236}, {""block"": ""star_ris"", ""rho"": 4.0, ""gain"": 0.05234060908581739}, {""block"": ""rsma"", ""rho"": 1.0, ""gain"": 0.0}, {""block"": ""star_ris"", ""rho"": 2.0, ""gain"": 0.021174801688861322}, {""block"": ""rsma"", ""rho"": 1.0, ""gain"": 0.0}, {""block"": ""star_ris"", ""rho"": 16.0, ""gain"": 0.02443723393251318}, {""block"": ""rsma"", ""rho"": 1.0, ""gain"": 0.0}, {""block"": ""star_ris"", ""rho"": 32.0, ""gain"": 0.011994162761006066}, {""block"": ""rsma"", ""rho"": 1.0, ""gain"": -3.552713678800501e-15}, {""block"": ""star_ris"", ""rho"": 2.0, ""gain"": 0.01951846066390317}, {""block"": ""rsma"", ""rho"": 1.0, ""gain"": 0.0}, {""block"": ""star_ris"", ""rho"": 1.0, ""gain"": 0.03938319600375806}, {""block"": ""rsma"", ""rho"": 1.0, ""gain"": 0.0}, {""block"": ""star_ris"", ""rho"": 16.0, ""gain"": 0.000889114963133153}]",{},2957.757757,895cf8987087c169d7023476c078ebabf24f99fbbc30b65ad7fae1097d95a6fe,fc61d5cda7da39530055bae9bd0e92865f995cd9,f4c80269e5fb3cf553900b2e82f235af875b7c2e33b4ff71ec5d85cc25eb2b4e
ao_sca,128,10000,787,test,19.544394658955948,19.544394658955948,1.0,True,0.0,10,7903,18,ao_sca_proximal_physical,analytical_ris_equal_allocation,"[1.8380187687009515, 19.04925799229997, 19.223748574415133, 19.25006964565153, 19.31452140472297, 19.3289684334646, 19.33611539681104, 19.425327922384515, 19.510128854534454, 19.54397265845849, 19.544394658955948]","[{""block"": ""rsma"", ""rho"": 1.0, ""gain"": 17.084159424600305}, {""block"": ""star_ris"", ""rho"": 2.0, ""gain"": 0.12707979899871447}, {""block"": ""rsma"", ""rho"": 1.0, ""gain"": 0.0}, {""block"": ""star_ris"", ""rho"": 1.0, ""gain"": 0.17449058211516189}, {""block"": ""rsma"", ""rho"": 1.0, ""gain"": 3.552713678800501e-15}, {""block"": ""star_ris"", ""rho"": 4.0, ""gain"": 0.026321071236392157}, {""block"": ""rsma"", ""rho"": 1.0, ""gain"": 0.0}, {""block"": ""star_ris"", ""rho"": 1.0, ""gain"": 0.06445175907144218}, {""block"": ""rsma"", ""rho"": 1.0, ""gain"": 0.0}, {""block"": ""star_ris"", ""rho"": 32.0, ""gain"": 0.014447028741628287}, {""block"": ""rsma"", ""rho"": 1.0, ""gain"": 0.0}, {""block"": ""star_ris"", ""rho"": 64.0, ""gain"": 0.007146963346439605}, {""block"": ""rsma"", ""rho"": 1.0, ""gain"": 0.0}, {""block"": ""star_ris"", ""rho"": 2.0, ""gain"": 0.08921252557347614}, {""block"": ""rsma"", ""rho"": 1.0, ""gain"": 0.0}, {""block"": ""star_ris"", ""rho"": 4.0, ""gain"": 0.084800932149939}, {""block"": ""rsma"", ""rho"": 1.0, ""gain"": -3.552713678800501e-15}, {""block"": ""star_ris"", ""rho"": 8.0, ""gain"": 0.033843803924039406}, {""block"": ""rsma"", ""rho"": 1.0, ""gain"": 0.0}, {""block"": ""star_ris"", ""rho"": 4.0, ""gain"": 0.00042200049745844126}]",{},4318.663046,895cf8987087c169d7023476c078ebabf24f99fbbc30b65ad7fae1097d95a6fe,fc61d5cda7da39530055bae9bd0e92865f995cd9,f4c80269e5fb3cf553900b2e82f235af875b7c2e33b4ff71ec5d85cc25eb2b4e
ao_sca,128,10000,788,test,19.493706600488785,19.493706600488785,1.0,True,0.0,8,6332,15,ao_sca_proximal_physical,analytical_ris_equal_allocation,"[1.8380246513885357, 19.27352417455256, 19.331607688199526, 19.359334927659635, 19.452601887970843, 19.45597613843028, 19.480785316400215, 19.4929504169062, 19.493706600488782]","[{""block"": ""rsma"", ""rho"": 1.0, ""gain"": 17.32048342991782}, {""block"": ""star_ris"", ""rho"": 1.0, ""gain"": 0.11501609324620077}, {""block"": ""rsma"", ""rho"": 1.0, ""gain"": 0.0}, {""block"": ""star_ris"", ""rho"": 8.0, ""gain"": 0.05808351364696662}, {""block"": ""rsma"", ""rho"": 1.0, ""gain"": 0.0}, {""block"": ""star_ris"", ""rho"": 16.0, ""gain"": 0.027727239460109132}, {""block"": ""rsma"", ""rho"": 1.0, ""gain"": 0.0}, {""block"": ""star_ris"", ""rho"": 4.0, ""gain"": 0.09326696031120818}, {""block"": ""rsma"", ""rho"": 1.0, ""gain"": 0.0}, {""block"": ""star_ris"", ""rho"": 8.0, ""gain"": 0.003374250459437178}, {""block"": ""rsma"", ""rho"": 1.0, ""gain"": 3.552713678800501e-15}, {""block"": ""star_ris"", ""rho"": 16.0, ""gain"": 0.02480917796993154}, {""block"": ""rsma"", ""rho"": 1.0, ""gain"": 0.0}, {""block"": ""star_ris"", ""rho"": 32.0, ""gain"": 0.012165100505985293}, {""block"": ""rsma"", ""rho"": 1.0, ""gain"": 0.0}, {""block"": ""star_ris"", ""rho"": 64.0, ""gain"": 0.0007561835825811158}]",{},3486.878727,895cf8987087c169d7023476c078ebabf24f99fbbc30b65ad7fae1097d95a6fe,fc61d5cda7da39530055bae9bd0e92865f995cd9,f4c80269e5fb3cf553900b2e82f235af875b7c2e33b4ff71ec5d85cc25eb2b4e
ao_sca,128,10000,789,test,19.78337784627772,19.78337784627772,1.0,True,0.0,9,7117,13,ao_sca_proximal_physical,analytical_ris_equal_allocation,"[1.8380248910752333, 19.32416886002242, 19.41647420464001, 19.459584330790236, 19.48045993047288, 19.49073666375326, 19.680312450685708, 19.758568059476403, 19.78157600444792, 19.783377846277716]","[{""block"": ""rsma"", ""rho"": 1.0, ""gain"": 16.9573053670614}, {""block"": ""star_ris"", ""rho"": 1.0, ""gain"": 0.5288386018857878}, {""block"": ""rsma"", ""rho"": 1.0, ""gain"": 0.0}, {""block"": ""star_ris"", ""rho"": 4.0, ""gain"": 0.09230534461758921}, {""block"": ""rsma"", ""rho"": 1.0, ""gain"": 0.0}, {""block"": ""star_ris"", ""rho"": 8.0, ""gain"": 0.043110126150224914}, {""block"": ""rsma"", ""rho"": 1.0, ""gain"": 0.0}, {""block"": ""star_ris"", ""rho"": 16.0, ""gain"": 0.020875599682643298}, {""block"": ""rsma"", ""rho"": 1.0, ""gain"": 7.105427357601002e-15}, {""block"": ""star_ris"", ""rho"": 32.0, ""gain"": 0.010276733280374373}, {""block"": ""rsma"", ""rho"": 1.0, ""gain"": 0.0}, {""block"": ""star_ris"", ""rho"": 1.0, ""gain"": 0.1895757869324477}, {""block"": ""rsma"", ""rho"": 1.0, ""gain"": 0.0}, {""block"": ""star_ris"", ""rho"": 4.0, ""gain"": 0.07825560879069471}, {""block"": ""rsma"", ""rho"": 1.0, ""gain"": 0.0}, {""block"": ""star_ris"", ""rho"": 8.0, ""gain"": 0.023007944971517702}, {""block"": ""rsma"", ""rho"": 1.0, ""gain"": 0.0}, {""block"": ""star_ris"", ""rho"": 32.0, ""gain"": 0.0018018418297955918}]",{},3839.891689,895cf8987087c169d7023476c078ebabf24f99fbbc30b65ad7fae1097d95a6fe,fc61d5cda7da39530055bae9bd0e92865f995cd9,f4c80269e5fb3cf553900b2e82f235af875b7c2e33b4ff71ec5d85cc25eb2b4e
ao_sca,128,10000,790,test,19.753249636846792,19.753249636846792,1.0,True,0.0,9,7106,16,ao_sca_proximal_physical,analytical_ris_equal_allocation,"[1.8380215603205727, 19.185489346516903, 19.468207176280945, 19.546477166394016, 19.564388335631985, 19.58284693270244, 19.630492197032346, 19.72808624846777, 19.751462686455614, 19.753249636846792]","[{""block"": ""rsma"", ""rho"": 1.0, ""gain"": 17.12207394872064}, {""block"": ""star_ris"", ""rho"": 1.0, ""gain"": 0.2253938374756892}, {""block"": ""rsma"", ""rho"": 1.0, ""gain"": 0.0}, {""block"": ""star_ris"", ""rho"": 1.0, ""gain"": 0.28271782976404225}, {""block"": ""rsma"", ""rho"": 1.0, ""gain"": 0.0}, {""block"": ""star_ris"", ""rho"": 1.0, ""gain"": 0.07826999011307123}, {""block"": ""rsma"", ""rho"": 1.0, ""gain"": 0.0}, {""block"": ""star_ris"", ""rho"": 4.0, ""gain"": 0.017911169237969204}, {""block"": ""rsma"", ""rho"": 1.0, ""gain"": 0.0}, {""block"": ""star_ris"", ""rho"": 1.0, ""gain"": 0.01845859707045605}, {""block"": ""rsma"", ""rho"": 1.0, ""gain"": 3.552713678800501e-15}, {""block"": ""star_ris"", ""rho"": 2.0, ""gain"": 0.04764526432990124}, {""block"": ""rsma"", ""rho"": 1.0, ""gain"": 0.0}, {""block"": ""star_ris"", ""rho"": 1.0, ""gain"": 0.0975940514354221}, {""block"": ""rsma"", ""rho"": 1.0, ""gain"": 0.0}, {""block"": ""star_ris"", ""rho"": 1.0, ""gain"": 0.023376437987845833}, {""block"": ""rsma"", ""rho"": 1.0, ""gain"": 0.0}, {""block"": ""star_ris"", ""rho"": 1024.0, ""gain"": 0.0017869503911782658}]",{},3908.087458,895cf8987087c169d7023476c078ebabf24f99fbbc30b65ad7fae1097d95a6fe,fc61d5cda7da39530055bae9bd0e92865f995cd9,f4c80269e5fb3cf553900b2e82f235af875b7c2e33b4ff71ec5d85cc25eb2b4e
ao_sca,128,10000,791,test,19.70158556677862,19.70158556677862,1.0,True,0.0,12,9481,19,ao_sca_proximal_physical,analytical_ris_equal_allocation,"[1.8380211750494801, 19.01925624497291, 19.207229819189482, 19.258321579331632, 19.27248085580253, 19.326083583958997, 19.351872340379096, 19.364529883700904, 19.580611977583715, 19.591486535908707, 19.596050170390214, 19.70055273710488, 19.70158556677862]","[{""block"": ""rsma"", ""rho"": 1.0, ""gain"": 17.122619426989267}, {""block"": ""star_ris"", ""rho"": 2.0, ""gain"": 0.058615642934164214}, {""block"": ""rsma"", ""rho"": 1.0, ""gain"": 0.0}, {""block"": ""star_ris"", ""rho"": 2.0, ""gain"": 0.18797357421657068}, {""block"": ""rsma"", ""rho"": 1.0, ""gain"": 0.0}, {""block"": ""star_ris"", ""rho"": 8.0, ""gain"": 0.05109176014214967}, {""block"": ""rsma"", ""rho"": 1.0, ""gain"": 0.0}, {""block"": ""star_ris"", ""rho"": 1.0, ""gain"": 0.014159276470898874}, {""block"": ""rsma"", ""rho"": 1.0, ""gain"": -3.552713678800501e-15}, {""block"": ""star_ris"", ""rho"": 8.0, ""gain"": 0.053602728156469936}, {""block"": ""rsma"", ""rho"": 1.0, ""gain"": 0.0}, {""block"": ""star_ris"", ""rho"": 16.0, ""gain"": 0.02578875642009848}, {""block"": ""rsma"", ""rho"": 1.0, ""gain"": 0.0}, {""block"": ""star_ris"", ""rho"": 32.0, ""gain"": 0.012657543321807907}, {""block"": ""rsma"", ""rho"": 1.0, ""gain"": 0.0}, {""block"": ""star_ris"", ""rho"": 1.0, ""gain"": 0.21608209388281097}, {""block"": ""rsma"", ""rho"": 1.0, ""gain"": 0.0}, {""block"": ""star_ris"", ""rho"": 2.0, ""gain"": 0.010874558324992734}, {""block"": ""rsma"", ""rho"": 1.0, ""gain"": 0.0}, {""block"": ""star_ris"", ""rho"": 64.0, ""gain"": 0.00456363448150654}, {""block"": ""rsma"", ""rho"": 1.0, ""gain"": 0.0}, {""block"": ""star_ris"", ""rho"": 1.0, ""gain"": 0.10450256671466462}, {""block"": ""rsma"", ""rho"": 1.0, ""gain"": -3.552713678800501e-15}, {""block"": ""star_ris"", ""rho"": 1.0, ""gain"": 0.0010328296737434073}]",{},5197.607386,895cf8987087c169d7023476c078ebabf24f99fbbc30b65ad7fae1097d95a6fe,fc61d5cda7da39530055bae9bd0e92865f995cd9,f4c80269e5fb3cf553900b2e82f235af875b7c2e33b4ff71ec5d85cc25eb2b4e
ao_sca,128,10000,792,test,19.574262061994524,19.574262061994524,1.0,True,0.0,10,7888,18,ao_sca_proximal_physical,analytical_ris_equal_allocation,"[1.8380132857783347, 18.836317303564872, 19.100701124088133, 19.224224717847207, 19.230025242860577, 19.278281782692705, 19.392893008994463, 19.42476519729459, 19.435726533875084, 19.573287488393095, 19.574262061994524]","[{""block"": ""rsma"", ""rho"": 1.0, ""gain"": 16.96057593103408}, {""block"": ""star_ris"", ""rho"": 1.0, ""gain"": 0.03772808675245898}, {""block"": ""rsma"", ""rho"": 1.0, ""gain"": 0.0}, {""block"": ""star_ris"", ""rho"": 1.0, ""gain"": 0.2643838205232605}, {""block"": ""rsma"", ""rho"": 1.0, ""gain"": 0.0}, {""block"": ""star_ris"", ""rho"": 1.0, ""gain"": 0.1235235937590744}, {""block"": ""rsma"", ""rho"": 1.0, ""gain"": 0.0}, {""block"": ""star_ris"", ""rho"": 4.0, ""gain"": 0.005800525013370361}, {""block"": ""rsma"", ""rho"": 1.0, ""gain"": 3.552713678800501e-15}, {""block"": ""star_ris"", ""rho"": 1.0, ""gain"": 0.04825653983212419}, {""block"": ""rsma"", ""rho"": 1.0, ""gain"": 3.552713678800501e-15}, {""block"": ""star_ris"", ""rho"": 1.0, ""gain"": 0.11461122630175424}, {""block"": ""rsma"", ""rho"": 1.0, ""gain"": -3.552713678800501e-15}, {""block"": ""star_ris"", ""rho"": 1.0, ""gain"": 0.031872188300130944}, {""block"": ""rsma"", ""rho"": 1.0, ""gain"": 0.0}, {""block"": ""star_ris"", ""rho"": 1.0, ""gain"": 0.010961336580493253}, {""block"": ""rsma"", ""rho"": 1.0, ""gain"": 0.0}, {""block"": ""star_ris"", ""rho"": 2.0, ""gain"": 0.13756095451801187}, {""block"": ""rsma"", ""rho"": 1.0, ""gain"": -3.552713678800501e-15}, {""block"": ""star_ris"", ""rho"": 16.0, ""gain"": 0.0009745736014323825}]",{},4310.204531,895cf8987087c169d7023476c078ebabf24f99fbbc30b65ad7fae1097d95a6fe,fc61d5cda7da39530055bae9bd0e92865f995cd9,f4c80269e5fb3cf553900b2e82f235af875b7c2e33b4ff71ec5d85cc25eb2b4e
ao_sca,128,10000,793,test,20.056444014289585,20.056444014289585,1.0,True,0.0,10,7898,20,ao_sca_proximal_physical,analytical_ris_equal_allocation,"[1.838034518302991, 19.836079378523717, 19.908547331769885, 19.93221258136301, 19.947801211818465, 20.02495257764409, 20.034155775575705, 20.0492066832439, 20.052827077993015, 20.05550400269354, 20.056444014289582]","[{""block"": ""rsma"", ""rho"": 1.0, ""gain"": 17.887514579948206}, {""block"": ""star_ris"", ""rho"": 1.0, ""gain"": 0.11053028027252054}, {""block"": ""rsma"", ""rho"": 1.0, ""gain"": 0.0}, {""block"": ""star_ris"", ""rho"": 1.0, ""gain"": 0.07246795324616784}, {""block"": ""rsma"", ""rho"": 1.0, ""gain"": 3.552713678800501e-15}, {""block"": ""star_ris"", ""rho"": 2.0, ""gain"": 0.02366524959312244}, {""block"": ""rsma"", ""rho"": 1.0, ""gain"": 0.0}, {""block"": ""star_ris"", ""rho"": 2.0, ""gain"": 0.015588630455454222}, {""block"": ""rsma"", ""rho"": 1.0, ""gain"": 0.0}, {""block"": ""star_ris"", ""rho"": 4.0, ""gain"": 0.07715136582562465}, {""block"": ""rsma"", ""rho"": 1.0, ""gain"": 0.0}, {""block"": ""star_ris"", ""rho"": 32.0, ""gain"": 0.009203197931615392}, {""block"": ""rsma"", ""rho"": 1.0, ""gain"": -3.552713678800501e-15}, {""block"": ""star_ris"", ""rho"": 4.0, ""gain"": 0.015050907668197056}, {""block"": ""rsma"", ""rho"": 1.0, ""gain"": 0.0}, {""block"": ""star_ris"", ""rho"": 8.0, ""gain"": 0.0036203947491166844}, {""block"": ""rsma"", ""rho"": 1.0, ""gain"": 0.0}, {""block"": ""star_ris"", ""rho"": 2.0, ""gain"": 0.0026769247005233865}, {""block"": ""rsma"", ""rho"": 1.0, ""gain"": -3.552713678800501e-15}, {""block"": ""star_ris"", ""rho"": 4.0, ""gain"": 0.0009400115960467303}]",{},4500.234292,895cf8987087c169d7023476c078ebabf24f99fbbc30b65ad7fae1097d95a6fe,fc61d5cda7da39530055bae9bd0e92865f995cd9,f4c80269e5fb3cf553900b2e82f235af875b7c2e33b4ff71ec5d85cc25eb2b4e
ao_sca,128,10000,794,test,19.74626223251022,19.74626223251022,1.0,True,0.0,18,14221,33,ao_sca_proximal_physical,analytical_ris_equal_allocation,"[1.8380205637488578, 19.270270013574354, 19.3187402955609, 19.34697221298311, 19.455529912838912, 19.477736197299173, 19.48863554528104, 19.498465816986293, 19.571636353331066, 19.583860647330575, 19.624044680915976, 19.664214634759496, 19.67146898091499, 19.715984317357233, 19.7184644991114, 19.725333641427238, 19.735760003257603, 19.745460615073288, 19.74626223251022]","[{""block"": ""rsma"", ""rho"": 1.0, ""gain"": 16.96291235032329}, {""block"": ""star_ris"", ""rho"": 1.0, ""gain"": 0.46933709950220504}, {""block"": ""rsma"", ""rho"": 1.0, ""gain"": -3.552713678800501e-15}, {""block"": ""star_ris"", ""rho"": 1.0, ""gain"": 0.04847028198654968}, {""block"": ""rsma"", ""rho"": 1.0, ""gain"": -3.552713678800501e-15}, {""block"": ""star_ris"", ""rho"": 2.0, ""gain"": 0.028231917422214536}, {""block"": ""rsma"", ""rho"": 1.0, ""gain"": 0.0}, {""block"": ""star_ris"", ""rho"": 1.0, ""gain"": 0.1085576998558011}, {""block"": ""rsma"", ""rho"": 1.0, ""gain"": 0.0}, {""block"": ""star_ris"", ""rho"": 16.0, ""gain"": 0.022206284460260406}, {""block"": ""rsma"", ""rho"": 1.0, ""gain"": 0.0}, {""block"": ""star_ris"", ""rho"": 32.0, ""gain"": 0.010899347981865759}, {""block"": ""rsma"", ""rho"": 1.0, ""gain"": -3.552713678800501e-15}, {""block"": ""star_ris"", ""rho"": 2.0, ""gain"": 0.009830271705258298}, {""block"": ""rsma"", ""rho"": 1.0, ""gain"": -3.552713678800501e-15}, {""block"": ""star_ris"", ""rho"": 1.0, ""gain"": 0.07317053634477588}, {""block"": ""rsma"", ""rho"": 1.0, ""gain"": 0.0}, {""block"": ""star_ris"", ""rho"": 2.0, ""gain"": 0.012224293999508973}, {""block"": ""rsma"", ""rho"": 1.0, ""gain"": 0.0}, {""block"": ""star_ris"", ""rho"": 2.0, ""gain"": 0.040184033585401124}, {""block"": ""rsma"", ""rho"": 1.0, ""gain"": -3.552713678800501e-15}, {""block"": ""star_ris"", ""rho"": 1.0, ""gain"": 0.04016995384352384}, {""block"": ""rsma"", ""rho"": 1.0, ""gain"": 3.552713678800501e-15}, {""block"": ""star_ris"", ""rho"": 2.0, ""gain"": 0.007254346155491476}, {""block"": ""rsma"", ""rho"": 1.0, ""gain"": 0.0}, {""block"": ""star_ris"", ""rho"": 8.0, ""gain"": 0.044515336442241704}, {""block"": ""rsma"", ""rho"": 1.0, ""gain"": 0.0}, {""block"": ""star_ris"", ""rho"": 16.0, ""gain"": 0.0024801817541657556}, {""block"": ""rsma"", ""rho"": 1.0, ""gain"": 0.0}, {""block"": ""star_ris"", ""rho"": 8.0, ""gain"": 0.006869142315839127}, {""block"": ""rsma"", ""rho"": 1.0, ""gain"": 0.0}, {""block"": ""star_ris"", ""rho"": 32.0, ""gain"": 0.010426361830365494}, {""block"": ""rsma"", ""rho"": 1.0, ""gain"": 0.0}, {""block"": ""star_ris"", ""rho"": 4.0, ""gain"": 0.009700611815684823}, {""block"": ""rsma"", ""rho"": 1.0, ""gain"": 0.0}, {""block"": ""star_ris"", ""rho"": 32.0, ""gain"": 0.0008016174369309681}]",{},7911.989775,895cf8987087c169d7023476c078ebabf24f99fbbc30b65ad7fae1097d95a6fe,fc61d5cda7da39530055bae9bd0e92865f995cd9,f4c80269e5fb3cf553900b2e82f235af875b7c2e33b4ff71ec5d85cc25eb2b4e
ao_sca,128,10000,795,test,19.240482939840607,19.240482939840607,1.0,True,0.0,6,4745,11,ao_sca_proximal_physical,analytical_ris_equal_allocation,"[1.8380180058283213, 19.1380758712765, 19.174925292053775, 19.177521777507476, 19.226030319421962, 19.239395303003626, 19.240482939840607]","[{""block"": ""rsma"", ""rho"": 1.0, ""gain"": 17.26620050003585}, {""block"": ""star_ris"", ""rho"": 4.0, ""gain"": 0.03385736541232731}, {""block"": ""rsma"", ""rho"": 1.0, ""gain"": 0.0}, {""block"": ""star_ris"", ""rho"": 1.0, ""gain"": 0.036849420777276265}, {""block"": ""rsma"", ""rho"": 1.0, ""gain"": -3.552713678800501e-15}, {""block"": ""star_ris"", ""rho"": 1.0, ""gain"": 0.002596485453704389}, {""block"": ""rsma"", ""rho"": 1.0, ""gain"": 0.0}, {""block"": ""star_ris"", ""rho"": 8.0, ""gain"": 0.048508541914486614}, {""block"": ""rsma"", ""rho"": 1.0, ""gain"": 0.0}, {""block"": ""star_ris"", ""rho"": 32.0, ""gain"": 0.013364983581663381}, {""block"": ""rsma"", ""rho"": 1.0, ""gain"": 0.0}, {""block"": ""star_ris"", ""rho"": 64.0, ""gain"": 0.0010876368369814315}]",{},2611.328264,895cf8987087c169d7023476c078ebabf24f99fbbc30b65ad7fae1097d95a6fe,fc61d5cda7da39530055bae9bd0e92865f995cd9,f4c80269e5fb3cf553900b2e82f235af875b7c2e33b4ff71ec5d85cc25eb2b4e
ao_sca,128,10000,796,test,19.72646636355108,19.72646636355108,1.0,True,0.0,6,4744,10,ao_sca_proximal_physical,analytical_ris_equal_allocation,"[1.838031324323689, 19.666586623783004, 19.707395498201386, 19.717148719022262, 19.72022130350328, 19.72622072034094, 19.72646636355108]","[{""block"": ""rsma"", ""rho"": 1.0, ""gain"": 17.64423841212916}, {""block"": ""star_ris"", ""rho"": 2.0, ""gain"": 0.18431688733015505}, {""block"": ""rsma"", ""rho"": 1.0, ""gain"": 0.0}, {""block"": ""star_ris"", ""rho"": 8.0, ""gain"": 0.040808874418381436}, {""block"": ""rsma"", ""rho"": 1.0, ""gain"": 0.0}, {""block"": ""star_ris"", ""rho"": 32.0, ""gain"": 0.009753220820876152}, {""block"": ""rsma"", ""rho"": 1.0, ""gain"": 0.0}, {""block"": ""star_ris"", ""rho"": 4.0, ""gain"": 0.0030725844810177705}, {""block"": ""rsma"", ""rho"": 1.0, ""gain"": 0.0}, {""block"": ""star_ris"", ""rho"": 8.0, ""gain"": 0.005999416837660476}, {""block"": ""rsma"", ""rho"": 1.0, ""gain"": 0.0}, {""block"": ""star_ris"", ""rho"": 2.0, ""gain"": 0.0002456432101389794}]",{},2625.292711,895cf8987087c169d7023476c078ebabf24f99fbbc30b65ad7fae1097d95a6fe,fc61d5cda7da39530055bae9bd0e92865f995cd9,f4c80269e5fb3cf553900b2e82f235af875b7c2e33b4ff71ec5d85cc25eb2b4e
ao_sca,128,10000,797,test,19.76991700918544,19.76991700918544,1.0,True,0.0,18,14219,32,ao_sca_proximal_physical,analytical_ris_equal_allocation,"[1.8380157631861909, 18.67081642676263, 18.7078385143645, 19.16287265666709, 19.18278708008955, 19.30504451061197, 19.336550631608823, 19.432449792489162, 19.462911925779252, 19.503628569330257, 19.57736946489009, 19.63451149732373, 19.70914039383415, 19.719835537406503, 19.741292917731165, 19.76167952103949, 19.764625628462706, 19.768148145031994, 19.76991700918544]","[{""block"": ""rsma"", ""rho"": 1.0, ""gain"": 16.667758964704422}, {""block"": ""star_ris"", ""rho"": 4.0, ""gain"": 0.1650416988720167}, {""block"": ""rsma"", ""rho"": 1.0, ""gain"": 0.0}, {""block"": ""star_ris"", ""rho"": 16.0, ""gain"": 0.0370220876018692}, {""block"": ""rsma"", ""rho"": 1.0, ""gain"": 0.0}, {""block"": ""star_ris"", ""rho"": 1.0, ""gain"": 0.45503414230259054}, {""block"": ""rsma"", ""rho"": 1.0, ""gain"": 0.0}, {""block"": ""star_ris"", ""rho"": 2.0, ""gain"": 0.01991442342245975}, {""block"": ""rsma"", ""rho"": 1.0, ""gain"": 0.0}, {""block"": ""star_ris"", ""rho"": 1.0, ""gain"": 0.12225743052242066}, {""block"": ""rsma"", ""rho"": 1.0, ""gain"": 0.0}, {""block"": ""star_ris"", ""rho"": 1.0, ""gain"": 0.031506120996851905}, {""block"": ""rsma"", ""rho"": 1.0, ""gain"": 3.552713678800501e-15}, {""block"": ""star_ris"", ""rho"": 2.0, ""gain"": 0.0958991608803359}, {""block"": ""rsma"", ""rho"": 1.0, ""gain"": 0.0}, {""block"": ""star_ris"", ""rho"": 1.0, ""gain"": 0.030462133290090065}, {""block"": ""rsma"", ""rho"": 1.0, ""gain"": 0.0}, {""block"": ""star_ris"", ""rho"": 8.0, ""gain"": 0.04071664355100424}, {""block"": ""rsma"", ""rho"": 1.0, ""gain"": 0.0}, {""block"": ""star_ris"", ""rho"": 1.0, ""gain"": 0.07374089555983332}, {""block"": ""rsma"", ""rho"": 1.0, ""gain"": -3.552713678800501e-15}, {""block"": ""star_ris"", ""rho"": 2.0, ""gain"": 0.05714203243364224}, {""block"": ""rsma"", ""rho"": 1.0, ""gain"": 0.0}, {""block"": ""star_ris"", ""rho"": 2.0, ""gain"": 0.07462889651042204}, {""block"": ""rsma"", ""rho"": 1.0, ""gain"": 0.0}, {""block"": ""star_ris"", ""rho"": 32.0, ""gain"": 0.01069514357235235}, {""block"": ""rsma"", ""rho"": 1.0, ""gain"": 0.0}, {""block"": ""star_ris"", ""rho"": 4.0, ""gain"": 0.021457380324662267}, {""block"": ""rsma"", ""rho"": 1.0, ""gain"": 0.0}, {""block"": ""star_ris"", ""rho"": 8.0, ""gain"": 0.020386603308324425}, {""block"": ""rsma"", ""rho"": 1.0, ""gain"": 0.0}, {""block"": ""star_ris"", ""rho"": 4.0, ""gain"": 0.0029461074232166595}, {""block"": ""rsma"", ""rho"": 1.0, ""gain"": 0.0}, {""block"": ""star_ris"", ""rho"": 8.0, ""gain"": 0.0035225165692871485}, {""block"": ""rsma"", ""rho"": 1.0, ""gain"": 0.0}, {""block"": ""star_ris"", ""rho"": 64.0, ""gain"": 0.0017688641534476801}]",{},7887.993795,895cf8987087c169d7023476c078ebabf24f99fbbc30b65ad7fae1097d95a6fe,fc61d5cda7da39530055bae9bd0e92865f995cd9,f4c80269e5fb3cf553900b2e82f235af875b7c2e33b4ff71ec5d85cc25eb2b4e
ao_sca,128,10000,798,test,19.568278481778364,19.568278481778364,1.0,True,0.0,13,10268,24,ao_sca_proximal_physical,analytical_ris_equal_allocation,"[1.8380158084173994, 18.540623113817148, 18.998737573345338, 19.05059083510926, 19.059854348467567, 19.185738297040352, 19.385893753533583, 19.471097596988493, 19.487730848536817, 19.49248430161935, 19.55627510778469, 19.5633719220584, 19.566979953054062, 19.568278481778364]","[{""block"": ""rsma"", ""rho"": 1.0, ""gain"": 16.692881692367077}, {""block"": ""star_ris"", ""rho"": 64.0, ""gain"": 0.009725613032671276}, {""block"": ""rsma"", ""rho"": 1.0, ""gain"": 0.0}, {""block"": ""star_ris"", ""rho"": 1.0, ""gain"": 0.45811445952818985}, {""block"": ""rsma"", ""rho"": 1.0, ""gain"": 0.0}, {""block"": ""star_ris"", ""rho"": 8.0, ""gain"": 0.0518532617639238}, {""block"": ""rsma"", ""rho"": 1.0, ""gain"": 0.0}, {""block"": ""star_ris"", ""rho"": 2.0, ""gain"": 0.009263513358305886}, {""block"": ""rsma"", ""rho"": 1.0, ""gain"": 0.0}, {""block"": ""star_ris"", ""rho"": 1.0, ""gain"": 0.12588394857278473}, {""block"": ""rsma"", ""rho"": 1.0, ""gain"": -3.552713678800501e-15}, {""block"": ""star_ris"", ""rho"": 1.0, ""gain"": 0.20015545649323485}, {""block"": ""rsma"", ""rho"": 1.0, ""gain"": -3.552713678800501e-15}, {""block"": ""star_ris"", ""rho"": 1.0, ""gain"": 0.08520384345491294}, {""block"": ""rsma"", ""rho"": 1.0, ""gain"": -3.552713678800501e-15}, {""block"": ""star_ris"", ""rho"": 8.0, ""gain"": 0.01663325154832762}, {""block"": ""rsma"", ""rho"": 1.0, ""gain"": 0.0}, {""block"": ""star_ris"", ""rho"": 1.0, ""gain"": 0.004753453082532388}, {""block"": ""rsma"", ""rho"": 1.0, ""gain"": 0.0}, {""block"": ""star_ris"", ""rho"": 1.0, ""gain"": 0.06379080616533983}, {""block"": ""rsma"", ""rho"": 1.0, ""gain"": 3.552713678800501e-15}, {""block"": ""star_ris"", ""rho"": 32.0, ""gain"": 0.007096814273708674}, {""block"": ""rsma"", ""rho"": 1.0, ""gain"": 0.0}, {""block"": ""star_ris"", ""rho"": 8.0, ""gain"": 0.0036080309956609824}, {""block"": ""rsma"", ""rho"": 1.0, ""gain"": -3.552713678800501e-15}, {""block"": ""star_ris"", ""rho"": 4.0, ""gain"": 0.00129852872430547}]",{},5597.0939,895cf8987087c169d7023476c078ebabf24f99fbbc30b65ad7fae1097d95a6fe,fc61d5cda7da39530055bae9bd0e92865f995cd9,f4c80269e5fb3cf553900b2e82f235af875b7c2e33b4ff71ec5d85cc25eb2b4e
ao_sca,128,10000,799,test,20.0082731091737,20.0082731091737,1.0,True,0.0,13,10270,23,ao_sca_proximal_physical,analytical_ris_equal_allocation,"[1.838027900749345, 19.370420303851407, 19.37827373307049, 19.382177824967435, 19.491093799735207, 19.65324045609748, 19.772346929555432, 19.80331949095548, 19.829818468547867, 19.84695619423566, 19.95001533240292, 19.95573077456001, 20.007327331630837, 20.0082731091737]","[{""block"": ""rsma"", ""rho"": 1.0, ""gain"": 17.500282119413125}, {""block"": ""star_ris"", ""rho"": 16.0, ""gain"": 0.03211028368893665}, {""block"": ""rsma"", ""rho"": 1.0, ""gain"": 0.0}, {""block"": ""star_ris"", ""rho"": 64.0, ""gain"": 0.007853429219082386}, {""block"": ""rsma"", ""rho"": 1.0, ""gain"": 0.0}, {""block"": ""star_ris"", ""rho"": 128.0, ""gain"": 0.0039040918969455163}, {""block"": ""rsma"", ""rho"": 1.0, ""gain"": 0.0}, {""block"": ""star_ris"", ""rho"": 1.0, ""gain"": 0.10891597476777193}, {""block"": ""rsma"", ""rho"": 1.0, ""gain"": 0.0}, {""block"": ""star_ris"", ""rho"": 1.0, ""gain"": 0.1621466563622711}, {""block"": ""rsma"", ""rho"": 1.0, ""gain"": 0.0}, {""block"": ""star_ris"", ""rho"": 1.0, ""gain"": 0.11910647345795411}, {""block"": ""rsma"", ""rho"": 1.0, ""gain"": 0.0}, {""block"": ""star_ris"", ""rho"": 2.0, ""gain"": 0.03097256140004845}, {""block"": ""rsma"", ""rho"": 1.0, ""gain"": 0.0}, {""block"": ""star_ris"", ""rho"": 1.0, ""gain"": 0.02649897759238584}, {""block"": ""rsma"", ""rho"": 1.0, ""gain"": 0.0}, {""block"": ""star_ris"", ""rho"": 2.0, ""gain"": 0.017137725687792482}, {""block"": ""rsma"", ""rho"": 1.0, ""gain"": 0.0}, {""block"": ""star_ris"", ""rho"": 1.0, ""gain"": 0.10305913816726076}, {""block"": ""rsma"", ""rho"": 1.0, ""gain"": 0.0}, {""block"": ""star_ris"", ""rho"": 4.0, ""gain"": 0.005715442157089967}, {""block"": ""rsma"", ""rho"": 1.0, ""gain"": 0.0}, {""block"": ""star_ris"", ""rho"": 2.0, ""gain"": 0.051596557070826776}, {""block"": ""rsma"", ""rho"": 1.0, ""gain"": -3.552713678800501e-15}, {""block"": ""star_ris"", ""rho"": 8.0, ""gain"": 0.0009457775428671766}]",{},5597.002692,895cf8987087c169d7023476c078ebabf24f99fbbc30b65ad7fae1097d95a6fe,fc61d5cda7da39530055bae9bd0e92865f995cd9,f4c80269e5fb3cf553900b2e82f235af875b7c2e33b4ff71ec5d85cc25eb2b4e
ao_sca,128,10000,800,test,19.674448943812514,19.674448943812514,1.0,True,0.0,4,3153,8,ao_sca_proximal_physical,analytical_ris_equal_allocation,"[1.8380266983493243, 19.523426370493393, 19.653698261791476, 19.673437577872264, 19.674448943812514]","[{""block"": ""rsma"", ""rho"": 1.0, ""gain"": 17.40729296534338}, {""block"": ""star_ris"", ""rho"": 1.0, ""gain"": 0.2781067068006884}, {""block"": ""rsma"", ""rho"": 1.0, ""gain"": 0.0}, {""block"": ""star_ris"", ""rho"": 1.0, ""gain"": 0.13027189129808292}, {""block"": ""rsma"", ""rho"": 1.0, ""gain"": 3.552713678800501e-15}, {""block"": ""star_ris"", ""rho"": 1.0, ""gain"": 0.019739316080784164}, {""block"": ""rsma"", ""rho"": 1.0, ""gain"": 0.0}, {""block"": ""star_ris"", ""rho"": 1.0, ""gain"": 0.0010113659402506414}]",{},1722.305654,895cf8987087c169d7023476c078ebabf24f99fbbc30b65ad7fae1097d95a6fe,fc61d5cda7da39530055bae9bd0e92865f995cd9,f4c80269e5fb3cf553900b2e82f235af875b7c2e33b4ff71ec5d85cc25eb2b4e
ao_sca,128,10000,801,test,19.83336393760122,19.83336393760122,1.0,True,0.0,20,15805,36,ao_sca_proximal_physical,analytical_ris_equal_allocation,"[1.8380265923031784, 19.40760279551712, 19.466013043076295, 19.493774964971344, 19.50733150594607, 19.527286459353153, 19.565834517371954, 19.645906027371105, 19.6547208807458, 19.693821411969314, 19.70331783550016, 19.70803034845954, 19.714090994866492, 19.71710161026712, 19.71913887581614, 19.72710647519926, 19.76935925010062, 19.77943875803055, 19.783319884559877, 19.791950609625665, 19.83336393760122]","[{""block"": ""rsma"", ""rho"": 1.0, ""gain"": 17.48970757850322}, {""block"": ""star_ris"", ""rho"": 1.0, ""gain"": 0.07986862471071987}, {""block"": ""rsma"", ""rho"": 1.0, ""gain"": 0.0}, {""block"": ""star_ris"", ""rho"": 8.0, ""gain"": 0.058410247559173456}, {""block"": ""rsma"", ""rho"": 1.0, ""gain"": 0.0}, {""block"": ""star_ris"", ""rho"": 16.0, ""gain"": 0.027761921895049113}, {""block"": ""rsma"", ""rho"": 1.0, ""gain"": 0.0}, {""block"": ""star_ris"", ""rho"": 32.0, ""gain"": 0.013556540974725806}, {""block"": ""rsma"", ""rho"": 1.0, ""gain"": 0.0}, {""block"": ""star_ris"", ""rho"": 1.0, ""gain"": 0.01995495340708331}, {""block"": ""rsma"", ""rho"": 1.0, ""gain"": 0.0}, {""block"": ""star_ris"", ""rho"": 2.0, ""gain"": 0.0385480580188009}, {""block"": ""rsma"", ""rho"": 1.0, ""gain"": 0.0}, {""block"": ""star_ris"", ""rho"": 2.0, ""gain"": 0.08007150999915069}, {""block"": ""rsma"", ""rho"": 1.0, ""gain"": 0.0}, {""block"": ""star_ris"", ""rho"": 4.0, ""gain"": 0.008814853374694565}, {""block"": ""rsma"", ""rho"": 1.0, ""gain"": 0.0}, {""block"": ""star_ris"", ""rho"": 8.0, ""gain"": 0.03910053122351442}, {""block"": ""rsma"", ""rho"": 1.0, ""gain"": 3.552713678800501e-15}, {""block"": ""star_ris"", ""rho"": 32.0, ""gain"": 0.009496423530844567}, {""block"": ""rsma"", ""rho"": 1.0, ""gain"": -3.552713678800501e-15}, {""block"": ""star_ris"", ""rho"": 64.0, ""gain"": 0.0047125129593830195}, {""block"": ""rsma"", ""rho"": 1.0, ""gain"": 3.552713678800501e-15}, {""block"": ""star_ris"", ""rho"": 8.0, ""gain"": 0.0060606464069472565}, {""block"": ""rsma"", ""rho"": 1.0, ""gain"": -3.552713678800501e-15}, {""block"": ""star_ris"", ""rho"": 2.0, ""gain"": 0.0030106154006332986}, {""block"": ""rsma"", ""rho"": 1.0, ""gain"": 0.0}, {""block"": ""star_ris"", ""rho"": 8.0, ""gain"": 0.0020372655490170644}, {""block"": ""rsma"", ""rho"": 1.0, ""gain"": 0.0}, {""block"": ""star_ris"", ""rho"": 2.0, ""gain"": 0.007967599383121637}, {""block"": ""rsma"", ""rho"": 1.0, ""gain"": 3.552713678800501e-15}, {""block"": ""star_ris"", ""rho"": 1.0, ""gain"": 0.042252774901356815}, {""block"": ""rsma"", ""rho"": 1.0, ""gain"": 0.0}, {""block"": ""star_ris"", ""rho"": 4.0, ""gain"": 0.010079507929930287}, {""block"": ""rsma"", ""rho"": 1.0, ""gain"": 0.0}, {""block"": ""star_ris"", ""rho"": 1.0, ""gain"": 0.003881126529325485}, {""block"": ""rsma"", ""rho"": 1.0, ""gain"": 0.0}, {""block"": ""star_ris"", ""rho"": 2.0, ""gain"": 0.00863072506578888}, {""block"": ""rsma"", ""rho"": 1.0, ""gain"": 0.0}, {""block"": ""star_ris"", ""rho"": 8.0, ""gain"": 0.04141332797555464}]",{},8594.996139,895cf8987087c169d7023476c078ebabf24f99fbbc30b65ad7fae1097d95a6fe,fc61d5cda7da39530055bae9bd0e92865f995cd9,f4c80269e5fb3cf553900b2e82f235af875b7c2e33b4ff71ec5d85cc25eb2b4e
ao_sca,128,10000,802,test,19.20615218845573,19.20615218845573,1.0,True,0.0,2,1577,4,ao_sca_proximal_physical,analytical_ris_equal_allocation,"[1.838017848076298, 19.204993558054724, 19.20615218845573]","[{""block"": ""rsma"", ""rho"": 1.0, ""gain"": 16.893068032027255}, {""block"": ""star_ris"", ""rho"": 1.0, ""gain"": 0.4739076779511713}, {""block"": ""rsma"", ""rho"": 1.0, ""gain"": -3.552713678800501e-15}, {""block"": ""star_ris"", ""rho"": 1.0, ""gain"": 0.001158630401008054}]",{},839.594002,895cf8987087c169d7023476c078ebabf24f99fbbc30b65ad7fae1097d95a6fe,fc61d5cda7da39530055bae9bd0e92865f995cd9,f4c80269e5fb3cf553900b2e82f235af875b7c2e33b4ff71ec5d85cc25eb2b4e
ao_sca,128,10000,803,test,19.865911321230925,19.865911321230925,1.0,True,0.0,20,15786,33,ao_sca_proximal_physical,analytical_ris_equal_allocation,"[1.8380216109664649, 19.19178138879933, 19.300627401390308, 19.382921660845426, 19.448054907961204, 19.46233035201746, 19.466604095430867, 19.50959402371084, 19.59073824018548, 19.613925613613635, 19.636391501747894, 19.658422744313857, 19.668995475224488, 19.679811799928174, 19.716866288978057, 19.734498183677825, 19.75652333298487, 19.785572893589922, 19.815971784836584, 19.862933956065028, 19.865911321230925]","[{""block"": ""rsma"", ""rho"": 1.0, ""gain"": 17.247369559440088}, {""block"": ""star_ris"", ""rho"": 2.0, ""gain"": 0.10639021839277873}, {""block"": ""rsma"", ""rho"": 1.0, ""gain"": 0.0}, {""block"": ""star_ris"", ""rho"": 2.0, ""gain"": 0.10884601259097693}, {""block"": ""rsma"", ""rho"": 1.0, ""gain"": 0.0}, {""block"": ""star_ris"", ""rho"": 2.0, ""gain"": 0.08229425945511792}, {""block"": ""rsma"", ""rho"": 1.0, ""gain"": 3.552713678800501e-15}, {""block"": ""star_ris"", ""rho"": 4.0, ""gain"": 0.0651332471157744}, {""block"": ""rsma"", ""rho"": 1.0, ""gain"": 0.0}, {""block"": ""star_ris"", ""rho"": 2.0, ""gain"": 0.014275444056256248}, {""block"": ""rsma"", ""rho"": 1.0, ""gain"": 0.0}, {""block"": ""star_ris"", ""rho"": 4.0, ""gain"": 0.004273743413406805}, {""block"": ""rsma"", ""rho"": 1.0, ""gain"": 0.0}, {""block"": ""star_ris"", ""rho"": 1.0, ""gain"": 0.04298992827997239}, {""block"": ""rsma"", ""rho"": 1.0, ""gain"": -3.552713678800501e-15}, {""block"": ""star_ris"", ""rho"": 1.0, ""gain"": 0.08114421647464454}, {""block"": ""rsma"", ""rho"": 1.0, ""gain"": -7.105427357601002e-15}, {""block"": ""star_ris"", ""rho"": 4.0, ""gain"": 0.02318737342816135}, {""block"": ""rsma"", ""rho"": 1.0, ""gain"": 0.0}, {""block"": ""star_ris"", ""rho"": 2.0, ""gain"": 0.02246588813425987}, {""block"": ""rsma"", ""rho"": 1.0, ""gain"": 7.105427357601002e-15}, {""block"": ""star_ris"", ""rho"": 16.0, ""gain"": 0.02203124256595501}, {""block"": ""rsma"", ""rho"": 1.0, ""gain"": 0.0}, {""block"": ""star_ris"", ""rho"": 1.0, ""gain"": 0.010572730910631378}, {""block"": ""rsma"", ""rho"": 1.0, ""gain"": 0.0}, {""block"": ""star_ris"", ""rho"": 2.0, ""gain"": 0.01081632470368632}, {""block"": ""rsma"", ""rho"": 1.0, ""gain"": 0.0}, {""block"": ""star_ris"", ""rho"": 8.0, ""gain"": 0.03705448904988273}, {""block"": ""rsma"", ""rho"": 1.0, ""gain"": -3.552713678800501e-15}, {""block"": ""star_ris"", ""rho"": 16.0, ""gain"": 0.017631894699771777}, {""block"": ""rsma"", ""rho"": 1.0, ""gain"": 0.0}, {""block"": ""star_ris"", ""rho"": 1.0, ""gain"": 0.022025149307044245}, {""block"": ""rsma"", ""rho"": 1.0, ""gain"": 3.552713678800501e-15}, {""block"": ""star_ris"", ""rho"": 1.0, ""gain"": 0.02904956060504915}, {""block"": ""rsma"", ""rho"": 1.0, ""gain"": 0.0}, {""block"": ""star_ris"", ""rho"": 2.0, ""gain"": 0.030398891246662174}, {""block"": ""rsma"", ""rho"": 1.0, ""gain"": 0.0}, {""block"": ""star_ris"", ""rho"": 2.0, ""gain"": 0.046962171228443594}, {""block"": ""rsma"", ""rho"": 1.0, ""gain"": 3.552713678800501e-15}, {""block"": ""star_ris"", ""rho"": 1.0, ""gain"": 0.0029773651658935307}]",{},8560.180034,895cf8987087c169d7023476c078ebabf24f99fbbc30b65ad7fae1097d95a6fe,fc61d5cda7da39530055bae9bd0e92865f995cd9,f4c80269e5fb3cf553900b2e82f235af875b7c2e33b4ff71ec5d85cc25eb2b4e
ao_sca,128,10000,804,test,19.93734466554867,19.93734466554867,1.0,True,0.0,20,15810,31,ao_sca_proximal_physical,analytical_ris_equal_allocation,"[1.838027716718549, 19.521268371144444, 19.620841786797186, 19.66680746854977, 19.688967832227764, 19.691858195037067, 19.69542382311265, 19.703303987555273, 19.72772537436894, 19.742641751124662, 19.77739992754486, 19.823767284468953, 19.846317740275367, 19.84981703080018, 19.8524748445058, 19.865068624419806, 19.897489811708063, 19.901642657560224, 19.90393370083175, 19.93055307664483, 19.93734466554867]","[{""block"": ""rsma"", ""rho"": 1.0, ""gain"": 17.330128239010616}, {""block"": ""star_ris"", ""rho"": 1.0, ""gain"": 0.3531124154152785}, {""block"": ""rsma"", ""rho"": 1.0, ""gain"": 0.0}, {""block"": ""star_ris"", ""rho"": 4.0, ""gain"": 0.09957341565274191}, {""block"": ""rsma"", ""rho"": 1.0, ""gain"": 0.0}, {""block"": ""star_ris"", ""rho"": 8.0, ""gain"": 0.045965681752583976}, {""block"": ""rsma"", ""rho"": 1.0, ""gain"": 0.0}, {""block"": ""star_ris"", ""rho"": 16.0, ""gain"": 0.0221603636779939}, {""block"": ""rsma"", ""rho"": 1.0, ""gain"": 0.0}, {""block"": ""star_ris"", ""rho"": 32.0, ""gain"": 0.0028903628093033262}, {""block"": ""rsma"", ""rho"": 1.0, ""gain"": 3.552713678800501e-15}, {""block"": ""star_ris"", ""rho"": 8.0, ""gain"": 0.0035656280755809178}, {""block"": ""rsma"", ""rho"": 1.0, ""gain"": -7.105427357601002e-15}, {""block"": ""star_ris"", ""rho"": 1.0, ""gain"": 0.007880164442628512}, {""block"": ""rsma"", ""rho"": 1.0, ""gain"": 0.0}, {""block"": ""star_ris"", ""rho"": 16.0, ""gain"": 0.024421386813667567}, {""block"": ""rsma"", ""rho"": 1.0, ""gain"": 0.0}, {""block"": ""star_ris"", ""rho"": 4.0, ""gain"": 0.014916376755721217}, {""block"": ""rsma"", ""rho"": 1.0, ""gain"": 0.0}, {""block"": ""star_ris"", ""rho"": 2.0, ""gain"": 0.03475817642019763}, {""block"": ""rsma"", ""rho"": 1.0, ""gain"": 0.0}, {""block"": ""star_ris"", ""rho"": 8.0, ""gain"": 0.04636735692409388}, {""block"": ""rsma"", ""rho"": 1.0, ""gain"": 0.0}, {""block"": ""star_ris"", ""rho"": 16.0, ""gain"": 0.022550455806413794}, {""block"": ""rsma"", ""rho"": 1.0, ""gain"": 0.0}, {""block"": ""star_ris"", ""rho"": 16.0, ""gain"": 0.003499290524811016}, {""block"": ""rsma"", ""rho"": 1.0, ""gain"": 0.0}, {""block"": ""star_ris"", ""rho"": 4.0, ""gain"": 0.002657813705621237}, {""block"": ""rsma"", ""rho"": 1.0, ""gain"": 0.0}, {""block"": ""star_ris"", ""rho"": 4.0, ""gain"": 0.01259377991400612}, {""block"": ""rsma"", ""rho"": 1.0, ""gain"": 0.0}, {""block"": ""star_ris"", ""rho"": 2.0, ""gain"": 0.03242118728825716}, {""block"": ""rsma"", ""rho"": 1.0, ""gain"": 7.105427357601002e-15}, {""block"": ""star_ris"", ""rho"": 8.0, ""gain"": 0.00415284585215403}, {""block"": ""rsma"", ""rho"": 1.0, ""gain"": -7.105427357601002e-15}, {""block"": ""star_ris"", ""rho"": 2.0, ""gain"": 0.0022910432715335105}, {""block"": ""rsma"", ""rho"": 1.0, ""gain"": 7.105427357601002e-15}, {""block"": ""star_ris"", ""rho"": 2.0, ""gain"": 0.026619375813073276}, {""block"": ""rsma"", ""rho"": 1.0, ""gain"": -3.552713678800501e-15}, {""block"": ""star_ris"", ""rho"": 16.0, ""gain"": 0.00679158890384457}]",{},8621.962668,895cf8987087c169d7023476c078ebabf24f99fbbc30b65ad7fae1097d95a6fe,fc61d5cda7da39530055bae9bd0e92865f995cd9,f4c80269e5fb3cf553900b2e82f235af875b7c2e33b4ff71ec5d85cc25eb2b4e
ao_sca,128,10000,805,test,19.256369776377927,19.256369776377927,1.0,True,0.0,13,10275,25,ao_sca_proximal_physical,analytical_ris_equal_allocation,"[1.838010802909794, 18.719438348167188, 18.866472381630714, 18.933315635193924, 18.94936292947202, 19.0095857030758, 19.024088211974874, 19.073275890804233, 19.092720899592045, 19.123331457527094, 19.230199449608563, 19.253263896793268, 19.255894623855237, 19.256369776377927]","[{""block"": ""rsma"", ""rho"": 1.0, ""gain"": 16.78988802277876}, {""block"": ""star_ris"", ""rho"": 1.0, ""gain"": 0.09153952247863373}, {""block"": ""rsma"", ""rho"": 1.0, ""gain"": 0.0}, {""block"": ""star_ris"", ""rho"": 4.0, ""gain"": 0.14703403346352673}, {""block"": ""rsma"", ""rho"": 1.0, ""gain"": 0.0}, {""block"": ""star_ris"", ""rho"": 8.0, ""gain"": 0.06684325356320997}, {""block"": ""rsma"", ""rho"": 1.0, ""gain"": -3.552713678800501e-15}, {""block"": ""star_ris"", ""rho"": 32.0, ""gain"": 0.016047294278099145}, {""block"": ""rsma"", ""rho"": 1.0, ""gain"": 0.0}, {""block"": ""star_ris"", ""rho"": 8.0, ""gain"": 0.0602227736037797}, {""block"": ""rsma"", ""rho"": 1.0, ""gain"": 3.552713678800501e-15}, {""block"": ""star_ris"", ""rho"": 32.0, ""gain"": 0.014502508899070676}, {""block"": ""rsma"", ""rho"": 1.0, ""gain"": -3.552713678800501e-15}, {""block"": ""star_ris"", ""rho"": 1.0, ""gain"": 0.04918767882936237}, {""block"": ""rsma"", ""rho"": 1.0, ""gain"": 0.0}, {""block"": ""star_ris"", ""rho"": 4.0, ""gain"": 0.019445008787812412}, {""block"": ""rsma"", ""rho"": 1.0, ""gain"": 0.0}, {""block"": ""star_ris"", ""rho"": 2.0, ""gain"": 0.030610557935048632}, {""block"": ""rsma"", ""rho"": 1.0, ""gain"": -3.552713678800501e-15}, {""block"": ""star_ris"", ""rho"": 1.0, ""gain"": 0.10686799208147235}, {""block"": ""rsma"", ""rho"": 1.0, ""gain"": 0.0}, {""block"": ""star_ris"", ""rho"": 2.0, ""gain"": 0.023064447184705017}, {""block"": ""rsma"", ""rho"": 1.0, ""gain"": -3.552713678800501e-15}, {""block"": ""star_ris"", ""rho"": 32.0, ""gain"": 0.0026307270619732037}, {""block"": ""rsma"", ""rho"": 1.0, ""gain"": 0.0}, {""block"": ""star_ris"", ""rho"": 8.0, ""gain"": 0.00047515252268937047}]",{},5665.447937,895cf8987087c169d7023476c078ebabf24f99fbbc30b65ad7fae1097d95a6fe,fc61d5cda7da39530055bae9bd0e92865f995cd9,f4c80269e5fb3cf553900b2e82f235af875b7c2e33b4ff71ec5d85cc25eb2b4e
ao_sca,128,10000,806,test,19.92312449854824,19.92312449854824,1.0,True,0.0,14,11045,25,ao_sca_proximal_physical,analytical_ris_equal_allocation,"[1.8380232183960483, 19.300886046543898, 19.336579645392675, 19.41565497428043, 19.526760744926257, 19.579836180804293, 19.646621321382725, 19.674470081123555, 19.793075259256785, 19.84662575742042, 19.88400794508587, 19.888334888512208, 19.91428753385558, 19.9228630123297, 19.923124498548237]","[{""block"": ""rsma"", ""rho"": 1.0, ""gain"": 17.420199063985944}, {""block"": ""star_ris"", ""rho"": 1.0, ""gain"": 0.04266376416190454}, {""block"": ""rsma"", ""rho"": 1.0, ""gain"": -3.552713678800501e-15}, {""block"": ""star_ris"", ""rho"": 4.0, ""gain"": 0.03569359884878054}, {""block"": ""rsma"", ""rho"": 1.0, ""gain"": 0.0}, {""block"": ""star_ris"", ""rho"": 1.0, ""gain"": 0.07907532888775393}, {""block"": ""rsma"", ""rho"": 1.0, ""gain"": 0.0}, {""block"": ""star_ris"", ""rho"": 1.0, ""gain"": 0.11110577064582827}, {""block"": ""rsma"", ""rho"": 1.0, ""gain"": 0.0}, {""block"": ""star_ris"", ""rho"": 1.0, ""gain"": 0.05307543587803565}, {""block"": ""rsma"", ""rho"": 1.0, ""gain"": 0.0}, {""block"": ""star_ris"", ""rho"": 1.0, ""gain"": 0.06678514057843188}, {""block"": ""rsma"", ""rho"": 1.0, ""gain"": -3.552713678800501e-15}, {""block"": ""star_ris"", ""rho"": 1.0, ""gain"": 0.02784875974083434}, {""block"": ""rsma"", ""rho"": 1.0, ""gain"": 0.0}, {""block"": ""star_ris"", ""rho"": 1.0, ""gain"": 0.11860517813322957}, {""block"": ""rsma"", ""rho"": 1.0, ""gain"": 3.552713678800501e-15}, {""block"": ""star_ris"", ""rho"": 2.0, ""gain"": 0.05355049816363078}, {""block"": ""rsma"", ""rho"": 1.0, ""gain"": 0.0}, {""block"": ""star_ris"", ""rho"": 2.0, ""gain"": 0.03738218766545032}, {""block"": ""rsma"", ""rho"": 1.0, ""gain"": 0.0}, {""block"": ""star_ris"", ""rho"": 4.0, ""gain"": 0.004326943426338659}, {""block"": ""rsma"", ""rho"": 1.0, ""gain"": 0.0}, {""block"": ""star_ris"", ""rho"": 4.0, ""gain"": 0.02595264534337005}, {""block"": ""rsma"", ""rho"": 1.0, ""gain"": 0.0}, {""block"": ""star_ris"", ""rho"": 2.0, ""gain"": 0.008575478474121212}, {""block"": ""rsma"", ""rho"": 1.0, ""gain"": -3.552713678800501e-15}, {""block"": ""star_ris"", ""rho"": 8.0, ""gain"": 0.0002614862185410516}]",{},5978.7054,895cf8987087c169d7023476c078ebabf24f99fbbc30b65ad7fae1097d95a6fe,fc61d5cda7da39530055bae9bd0e92865f995cd9,f4c80269e5fb3cf553900b2e82f235af875b7c2e33b4ff71ec5d85cc25eb2b4e
ao_sca,128,10000,807,test,20.120131413685883,20.120131413685883,1.0,True,0.0,14,11046,24,ao_sca_proximal_physical,analytical_ris_equal_allocation,"[1.8380283809910032, 19.545444785555606, 19.547787284706704, 19.653212203161708, 19.68679722318823, 19.83396109553713, 19.859153184514653, 19.894009931273487, 19.99768056074464, 20.02966225732876, 20.094889303111206, 20.104257689531266, 20.10814154022971, 20.119318356103594, 20.120131413685883]","[{""block"": ""rsma"", ""rho"": 1.0, ""gain"": 17.263719046364873}, {""block"": ""star_ris"", ""rho"": 1.0, ""gain"": 0.44369735819973144}, {""block"": ""rsma"", ""rho"": 1.0, ""gain"": 3.552713678800501e-15}, {""block"": ""star_ris"", ""rho"": 2.0, ""gain"": 0.0023424991510943016}, {""block"": ""rsma"", ""rho"": 1.0, ""gain"": 0.0}, {""block"": ""star_ris"", ""rho"": 1.0, ""gain"": 0.10542491845500379}, {""block"": ""rsma"", ""rho"": 1.0, ""gain"": 0.0}, {""block"": ""star_ris"", ""rho"": 1.0, ""gain"": 0.033585020026521306}, {""block"": ""rsma"", ""rho"": 1.0, ""gain"": 0.0}, {""block"": ""star_ris"", ""rho"": 1.0, ""gain"": 0.1471638723489015}, {""block"": ""rsma"", ""rho"": 1.0, ""gain"": 0.0}, {""block"": ""star_ris"", ""rho"": 2.0, ""gain"": 0.025192088977522786}, {""block"": ""rsma"", ""rho"": 1.0, ""gain"": 0.0}, {""block"": ""star_ris"", ""rho"": 1.0, ""gain"": 0.03485674675883388}, {""block"": ""rsma"", ""rho"": 1.0, ""gain"": 0.0}, {""block"": ""star_ris"", ""rho"": 1.0, ""gain"": 0.10367062947115357}, {""block"": ""rsma"", ""rho"": 1.0, ""gain"": 0.0}, {""block"": ""star_ris"", ""rho"": 2.0, ""gain"": 0.031981696584118424}, {""block"": ""rsma"", ""rho"": 1.0, ""gain"": 0.0}, {""block"": ""star_ris"", ""rho"": 4.0, ""gain"": 0.06522704578244642}, {""block"": ""rsma"", ""rho"": 1.0, ""gain"": 0.0}, {""block"": ""star_ris"", ""rho"": 4.0, ""gain"": 0.00936838642006066}, {""block"": ""rsma"", ""rho"": 1.0, ""gain"": 0.0}, {""block"": ""star_ris"", ""rho"": 8.0, ""gain"": 0.003883850698443325}, {""block"": ""rsma"", ""rho"": 1.0, ""gain"": 0.0}, {""block"": ""star_ris"", ""rho"": 4.0, ""gain"": 0.011176815873884749}, {""block"": ""rsma"", ""rho"": 1.0, ""gain"": 3.552713678800501e-15}, {""block"": ""star_ris"", ""rho"": 2.0, ""gain"": 0.0008130575822846708}]",{},6058.80435,895cf8987087c169d7023476c078ebabf24f99fbbc30b65ad7fae1097d95a6fe,fc61d5cda7da39530055bae9bd0e92865f995cd9,f4c80269e5fb3cf553900b2e82f235af875b7c2e33b4ff71ec5d85cc25eb2b4e
ao_sca,128,10000,808,test,19.87385514685664,19.87385514685664,1.0,True,0.0,20,15816,40,ao_sca_proximal_physical,analytical_ris_equal_allocation,"[1.8380258280853352, 19.018265564161883, 19.470310334462617, 19.554734522845052, 19.594492752513517, 19.60417300203173, 19.608979620263977, 19.611797612870518, 19.619940525321912, 19.631902658746306, 19.644965839403326, 19.650166910166213, 19.67281777751019, 19.744681512614065, 19.77879696463279, 19.806100976725993, 19.838704206909604, 19.841910177897745, 19.863708139547963, 19.868115618285255, 19.873855146856638]","[{""block"": ""rsma"", ""rho"": 1.0, ""gain"": 17.115455215323774}, {""block"": ""star_ris"", ""rho"": 8.0, ""gain"": 0.06478452075277374}, {""block"": ""rsma"", ""rho"": 1.0, ""gain"": -3.552713678800501e-15}, {""block"": ""star_ris"", ""rho"": 1.0, ""gain"": 0.45204477030073775}, {""block"": ""rsma"", ""rho"": 1.0, ""gain"": 0.0}, {""block"": ""star_ris"", ""rho"": 4.0, ""gain"": 0.08442418838243526}, {""block"": ""rsma"", ""rho"": 1.0, ""gain"": -3.552713678800501e-15}, {""block"": ""star_ris"", ""rho"": 8.0, ""gain"": 0.039758229668468203}, {""block"": ""rsma"", ""rho"": 1.0, ""gain"": 0.0}, {""block"": ""star_ris"", ""rho"": 32.0, ""gain"": 0.009680249518211781}, {""block"": ""rsma"", ""rho"": 1.0, ""gain"": -7.105427357601002e-15}, {""block"": ""star_ris"", ""rho"": 64.0, ""gain"": 0.004806618232255033}, {""block"": ""rsma"", ""rho"": 1.0, ""gain"": 3.552713678800501e-15}, {""block"": ""star_ris"", ""rho"": 16.0, ""gain"": 0.0028179926065377003}, {""block"": ""rsma"", ""rho"": 1.0, ""gain"": -3.552713678800501e-15}, {""block"": ""star_ris"", ""rho"": 8.0, ""gain"": 0.008142912451397422}, {""block"": ""rsma"", ""rho"": 1.0, ""gain"": 0.0}, {""block"": ""star_ris"", ""rho"": 2.0, ""gain"": 0.011962133424393784}, {""block"": ""rsma"", ""rho"": 1.0, ""gain"": 7.105427357601002e-15}, {""block"": ""star_ris"", ""rho"": 32.0, ""gain"": 0.013063180657013618}, {""block"": ""rsma"", ""rho"": 1.0, ""gain"": 0.0}, {""block"": ""star_ris"", ""rho"": 1.0, ""gain"": 0.005201070762886673}, {""block"": ""rsma"", ""rho"": 1.0, ""gain"": 0.0}, {""block"": ""star_ris"", ""rho"": 2.0, ""gain"": 0.0226508673439767}, {""block"": ""rsma"", ""rho"": 1.0, ""gain"": -3.552713678800501e-15}, {""block"": ""star_ris"", ""rho"": 4.0, ""gain"": 0.07186373510387867}, {""block"": ""rsma"", ""rho"": 1.0, ""gain"": 3.552713678800501e-15}, {""block"": ""star_ris"", ""rho"": 8.0, ""gain"": 0.034115452018721015}, {""block"": ""rsma"", ""rho"": 1.0, ""gain"": 0.0}, {""block"": ""star_ris"", ""rho"": 2.0, ""gain"": 0.027304012093203767}, {""block"": ""rsma"", ""rho"": 1.0, ""gain"": 0.0}, {""block"": ""star_ris"", ""rho"": 8.0, ""gain"": 0.032603230183610776}, {""block"": ""rsma"", ""rho"": 1.0, ""gain"": 3.552713678800501e-15}, {""block"": ""star_ris"", ""rho"": 8.0, ""gain"": 0.003205970988137352}, {""block"": ""rsma"", ""rho"": 1.0, ""gain"": 0.0}, {""block"": ""star_ris"", ""rho"": 16.0, ""gain"": 0.02179796165021841}, {""block"": ""rsma"", ""rho"": 1.0, ""gain"": -3.552713678800501e-15}, {""block"": ""star_ris"", ""rho"": 8.0, ""gain"": 0.004407478737295634}, {""block"": ""rsma"", ""rho"": 1.0, ""gain"": 0.0}, {""block"": ""star_ris"", ""rho"": 8.0, ""gain"": 0.00573952857138238}]",{},8661.087267,895cf8987087c169d7023476c078ebabf24f99fbbc30b65ad7fae1097d95a6fe,fc61d5cda7da39530055bae9bd0e92865f995cd9,f4c80269e5fb3cf553900b2e82f235af875b7c2e33b4ff71ec5d85cc25eb2b4e
ao_sca,128,10000,809,test,19.187842583652653,19.187842583652653,1.0,True,0.0,4,3158,6,ao_sca_proximal_physical,analytical_ris_equal_allocation,"[1.8380118620798969, 18.78026531448826, 19.08067237275211, 19.186424137881897, 19.187842583652653]","[{""block"": ""rsma"", ""rho"": 1.0, ""gain"": 16.8713921519143}, {""block"": ""star_ris"", ""rho"": 1.0, ""gain"": 0.07086130049406592}, {""block"": ""rsma"", ""rho"": 1.0, ""gain"": 0.0}, {""block"": ""star_ris"", ""rho"": 2.0, ""gain"": 0.3004070582638505}, {""block"": ""rsma"", ""rho"": 1.0, ""gain"": 0.0}, {""block"": ""star_ris"", ""rho"": 4.0, ""gain"": 0.10575176512978501}, {""block"": ""rsma"", ""rho"": 1.0, ""gain"": 0.0}, {""block"": ""star_ris"", ""rho"": 4.0, ""gain"": 0.001418445770756449}]",{},1925.041926,895cf8987087c169d7023476c078ebabf24f99fbbc30b65ad7fae1097d95a6fe,fc61d5cda7da39530055bae9bd0e92865f995cd9,f4c80269e5fb3cf553900b2e82f235af875b7c2e33b4ff71ec5d85cc25eb2b4e
ao_sca,128,10000,810,test,19.899022727546665,19.899022727546665,1.0,True,0.0,12,9474,20,ao_sca_proximal_physical,analytical_ris_equal_allocation,"[1.838025236269872, 19.16288161797101, 19.22613300520225, 19.362383415639545, 19.39684930917227, 19.438389755137166, 19.568697504926735, 19.57620859293293, 19.74065390590807, 19.824090819373367, 19.846951448815275, 19.89778257354333, 19.899022727546665]","[{""block"": ""rsma"", ""rho"": 1.0, ""gain"": 17.258180361910423}, {""block"": ""star_ris"", ""rho"": 8.0, ""gain"": 0.06667601979071591}, {""block"": ""rsma"", ""rho"": 1.0, ""gain"": 0.0}, {""block"": ""star_ris"", ""rho"": 8.0, ""gain"": 0.06325138723124013}, {""block"": ""rsma"", ""rho"": 1.0, ""gain"": 0.0}, {""block"": ""star_ris"", ""rho"": 1.0, ""gain"": 0.13625041043729524}, {""block"": ""rsma"", ""rho"": 1.0, ""gain"": 0.0}, {""block"": ""star_ris"", ""rho"": 8.0, ""gain"": 0.034465893532726}, {""block"": ""rsma"", ""rho"": 1.0, ""gain"": 3.552713678800501e-15}, {""block"": ""star_ris"", ""rho"": 2.0, ""gain"": 0.04154044596489115}, {""block"": ""rsma"", ""rho"": 1.0, ""gain"": 0.0}, {""block"": ""star_ris"", ""rho"": 1.0, ""gain"": 0.13030774978956927}, {""block"": ""rsma"", ""rho"": 1.0, ""gain"": 0.0}, {""block"": ""star_ris"", ""rho"": 1.0, ""gain"": 0.007511088006193489}, {""block"": ""rsma"", ""rho"": 1.0, ""gain"": -7.105427357601002e-15}, {""block"": ""star_ris"", ""rho"": 1.0, ""gain"": 0.16444531297514686}, {""block"": ""rsma"", ""rho"": 1.0, ""gain"": 7.105427357601002e-15}, {""block"": ""star_ris"", ""rho"": 2.0, ""gain"": 0.0834369134652917}, {""block"": ""rsma"", ""rho"": 1.0, ""gain"": 0.0}, {""block"": ""star_ris"", ""rho"": 2.0, ""gain"": 0.02286062944190803}, {""block"": ""rsma"", ""rho"": 1.0, ""gain"": 0.0}, {""block"": ""star_ris"", ""rho"": 4.0, ""gain"": 0.050831124728055954}, {""block"": ""rsma"", ""rho"": 1.0, ""gain"": 0.0}, {""block"": ""star_ris"", ""rho"": 8.0, ""gain"": 0.001240154003333771}]",{},5224.854884,895cf8987087c169d7023476c078ebabf24f99fbbc30b65ad7fae1097d95a6fe,fc61d5cda7da39530055bae9bd0e92865f995cd9,f4c80269e5fb3cf553900b2e82f235af875b7c2e33b4ff71ec5d85cc25eb2b4e
ao_sca,128,10000,811,test,19.2292150374026,19.2292150374026,1.0,True,0.0,2,1581,4,ao_sca_proximal_physical,analytical_ris_equal_allocation,"[1.838021288130286, 19.2273631268365, 19.229215037402597]","[{""block"": ""rsma"", ""rho"": 1.0, ""gain"": 17.16607602065931}, {""block"": ""star_ris"", ""rho"": 2.0, ""gain"": 0.22326581804690449}, {""block"": ""rsma"", ""rho"": 1.0, ""gain"": 0.0}, {""block"": ""star_ris"", ""rho"": 8.0, ""gain"": 0.0018519105660956825}]",{},862.01402,895cf8987087c169d7023476c078ebabf24f99fbbc30b65ad7fae1097d95a6fe,fc61d5cda7da39530055bae9bd0e92865f995cd9,f4c80269e5fb3cf553900b2e82f235af875b7c2e33b4ff71ec5d85cc25eb2b4e
ao_sca,128,10000,812,test,19.882561749256983,19.882561749256983,1.0,True,0.0,5,3946,9,ao_sca_proximal_physical,analytical_ris_equal_allocation,"[1.8380266186701144, 19.278915095847477, 19.586214466042097, 19.632799394290096, 19.882152722078466, 19.882561749256983]","[{""block"": ""rsma"", ""rho"": 1.0, ""gain"": 17.307366240853387}, {""block"": ""star_ris"", ""rho"": 1.0, ""gain"": 0.13352223632397653}, {""block"": ""rsma"", ""rho"": 1.0, ""gain"": 0.0}, {""block"": ""star_ris"", ""rho"": 1.0, ""gain"": 0.3072993701946203}, {""block"": ""rsma"", ""rho"": 1.0, ""gain"": 0.0}, {""block"": ""star_ris"", ""rho"": 1.0, ""gain"": 0.04658492824799865}, {""block"": ""rsma"", ""rho"": 1.0, ""gain"": 0.0}, {""block"": ""star_ris"", ""rho"": 1.0, ""gain"": 0.24935332778836994}, {""block"": ""rsma"", ""rho"": 1.0, ""gain"": 0.0}, {""block"": ""star_ris"", ""rho"": 32.0, ""gain"": 0.00040902717851665216}]",{},2122.239442,895cf8987087c169d7023476c078ebabf24f99fbbc30b65ad7fae1097d95a6fe,fc61d5cda7da39530055bae9bd0e92865f995cd9,f4c80269e5fb3cf553900b2e82f235af875b7c2e33b4ff71ec5d85cc25eb2b4e
ao_sca,128,10000,813,test,18.904689895573235,18.904689895573235,1.0,True,0.0,3,2372,6,ao_sca_proximal_physical,analytical_ris_equal_allocation,"[1.8380140763048805, 18.634154902284532, 18.90352503641927, 18.904689895573235]","[{""block"": ""rsma"", ""rho"": 1.0, ""gain"": 16.759885495896427}, {""block"": ""star_ris"", ""rho"": 2.0, ""gain"": 0.036255330083225346}, {""block"": ""rsma"", ""rho"": 1.0, ""gain"": 3.552713678800501e-15}, {""block"": ""star_ris"", ""rho"": 2.0, ""gain"": 0.26937013413473565}, {""block"": ""rsma"", ""rho"": 1.0, ""gain"": -3.552713678800501e-15}, {""block"": ""star_ris"", ""rho"": 32.0, ""gain"": 0.0011648591539668018}]",{},1309.935301,895cf8987087c169d7023476c078ebabf24f99fbbc30b65ad7fae1097d95a6fe,fc61d5cda7da39530055bae9bd0e92865f995cd9,f4c80269e5fb3cf553900b2e82f235af875b7c2e33b4ff71ec5d85cc25eb2b4e
ao_sca,128,10000,814,test,19.465142198918212,19.465142198918212,1.0,True,0.0,2,1585,4,ao_sca_proximal_physical,analytical_ris_equal_allocation,"[1.8380258470362116, 19.46496819931532, 19.465142198918215]","[{""block"": ""rsma"", ""rho"": 1.0, ""gain"": 17.581808629298685}, {""block"": ""star_ris"", ""rho"": 2.0, ""gain"": 0.04513372298042384}, {""block"": ""rsma"", ""rho"": 1.0, ""gain"": 0.0}, {""block"": ""star_ris"", ""rho"": 128.0, ""gain"": 0.00017399960289665728}]",{},858.896602,895cf8987087c169d7023476c078ebabf24f99fbbc30b65ad7fae1097d95a6fe,fc61d5cda7da39530055bae9bd0e92865f995cd9,f4c80269e5fb3cf553900b2e82f235af875b7c2e33b4ff71ec5d85cc25eb2b4e
ao_sca,128,10000,815,test,19.43504349273443,19.43504349273443,1.0,True,0.0,12,9462,22,ao_sca_proximal_physical,analytical_ris_equal_allocation,"[1.8380134558535666, 18.89968926870458, 19.126925001620656, 19.138788888190827, 19.14208088112687, 19.20178514508956, 19.21214492046099, 19.268254127251783, 19.353058923784634, 19.406612165118, 19.428313512332792, 19.434647239851316, 19.43504349273443]","[{""block"": ""rsma"", ""rho"": 1.0, ""gain"": 16.967111341411464}, {""block"": ""star_ris"", ""rho"": 1.0, ""gain"": 0.0945644714395506}, {""block"": ""rsma"", ""rho"": 1.0, ""gain"": 0.0}, {""block"": ""star_ris"", ""rho"": 1.0, ""gain"": 0.2272357329160748}, {""block"": ""rsma"", ""rho"": 1.0, ""gain"": 0.0}, {""block"": ""star_ris"", ""rho"": 2.0, ""gain"": 0.0118638865701719}, {""block"": ""rsma"", ""rho"": 1.0, ""gain"": 0.0}, {""block"": ""star_ris"", ""rho"": 1.0, ""gain"": 0.0032919929360417655}, {""block"": ""rsma"", ""rho"": 1.0, ""gain"": 3.552713678800501e-15}, {""block"": ""star_ris"", ""rho"": 1.0, ""gain"": 0.059704263962686355}, {""block"": ""rsma"", ""rho"": 1.0, ""gain"": 0.0}, {""block"": ""star_ris"", ""rho"": 1.0, ""gain"": 0.010359775371430402}, {""block"": ""rsma"", ""rho"": 1.0, ""gain"": 0.0}, {""block"": ""star_ris"", ""rho"": 1.0, ""gain"": 0.056109206790793564}, {""block"": ""rsma"", ""rho"": 1.0, ""gain"": 3.552713678800501e-15}, {""block"": ""star_ris"", ""rho"": 1.0, ""gain"": 0.0848047965328469}, {""block"": ""rsma"", ""rho"": 1.0, ""gain"": 3.552713678800501e-15}, {""block"": ""star_ris"", ""rho"": 1.0, ""gain"": 0.05355324133336126}, {""block"": ""rsma"", ""rho"": 1.0, ""gain"": -3.552713678800501e-15}, {""block"": ""star_ris"", ""rho"": 1.0, ""gain"": 0.02170134721479755}, {""block"": ""rsma"", ""rho"": 1.0, ""gain"": 0.0}, {""block"": ""star_ris"", ""rho"": 8.0, ""gain"": 0.006333727518523347}, {""block"": ""rsma"", ""rho"": 1.0, ""gain"": 0.0}, {""block"": ""star_ris"", ""rho"": 2.0, ""gain"": 0.00039625288311384566}]",{},5056.21331,895cf8987087c169d7023476c078ebabf24f99fbbc30b65ad7fae1097d95a6fe,fc61d5cda7da39530055bae9bd0e92865f995cd9,f4c80269e5fb3cf553900b2e82f235af875b7c2e33b4ff71ec5d85cc25eb2b4e
ao_sca,128,10000,816,test,19.80734339452203,19.80734339452203,1.0,True,0.0,20,15778,34,ao_sca_proximal_physical,analytical_ris_equal_allocation,"[1.838016888407448, 19.134276263722516, 19.200427621528533, 19.209052112671948, 19.263172187036876, 19.275992454274615, 19.28229179774533, 19.54296402313471, 19.554819217437867, 19.564196022627304, 19.57318451278762, 19.632889676614152, 19.637898422418516, 19.651073655585353, 19.66529983810579, 19.690321960374494, 19.699256669390287, 19.713690309617775, 19.715692586301433, 19.7887919233864, 19.80734339452203]","[{""block"": ""rsma"", ""rho"": 1.0, ""gain"": 16.673868904131503}, {""block"": ""star_ris"", ""rho"": 1.0, ""gain"": 0.6223904711835644}, {""block"": ""rsma"", ""rho"": 1.0, ""gain"": 3.552713678800501e-15}, {""block"": ""star_ris"", ""rho"": 4.0, ""gain"": 0.06615135780601378}, {""block"": ""rsma"", ""rho"": 1.0, ""gain"": 0.0}, {""block"": ""star_ris"", ""rho"": 4.0, ""gain"": 0.008624491143415014}, {""block"": ""rsma"", ""rho"": 1.0, ""gain"": 0.0}, {""block"": ""star_ris"", ""rho"": 2.0, ""gain"": 0.05412007436492772}, {""block"": ""rsma"", ""rho"": 1.0, ""gain"": 0.0}, {""block"": ""star_ris"", ""rho"": 1.0, ""gain"": 0.012820267237739102}, {""block"": ""rsma"", ""rho"": 1.0, ""gain"": 0.0}, {""block"": ""star_ris"", ""rho"": 1.0, ""gain"": 0.006299343470715257}, {""block"": ""rsma"", ""rho"": 1.0, ""gain"": -3.552713678800501e-15}, {""block"": ""star_ris"", ""rho"": 1.0, ""gain"": 0.26067222538938495}, {""block"": ""rsma"", ""rho"": 1.0, ""gain"": 0.0}, {""block"": ""star_ris"", ""rho"": 8.0, ""gain"": 0.011855194303155514}, {""block"": ""rsma"", ""rho"": 1.0, ""gain"": -3.552713678800501e-15}, {""block"": ""star_ris"", ""rho"": 4.0, ""gain"": 0.009376805189440063}, {""block"": ""rsma"", ""rho"": 1.0, ""gain"": 0.0}, {""block"": ""star_ris"", ""rho"": 2.0, ""gain"": 0.008988490160316331}, {""block"": ""rsma"", ""rho"": 1.0, ""gain"": 3.552713678800501e-15}, {""block"": ""star_ris"", ""rho"": 1.0, ""gain"": 0.05970516382652846}, {""block"": ""rsma"", ""rho"": 1.0, ""gain"": 3.552713678800501e-15}, {""block"": ""star_ris"", ""rho"": 2.0, ""gain"": 0.005008745804360615}, {""block"": ""rsma"", ""rho"": 1.0, ""gain"": -3.552713678800501e-15}, {""block"": ""star_ris"", ""rho"": 1.0, ""gain"": 0.013175233166840883}, {""block"": ""rsma"", ""rho"": 1.0, ""gain"": -3.552713678800501e-15}, {""block"": ""star_ris"", ""rho"": 2.0, ""gain"": 0.014226182520438613}, {""block"": ""rsma"", ""rho"": 1.0, ""gain"": 0.0}, {""block"": ""star_ris"", ""rho"": 4.0, ""gain"": 0.02502212226870526}, {""block"": ""rsma"", ""rho"": 1.0, ""gain"": 0.0}, {""block"": ""star_ris"", ""rho"": 2.0, ""gain"": 0.00893470901579363}, {""block"": ""rsma"", ""rho"": 1.0, ""gain"": 0.0}, {""block"": ""star_ris"", ""rho"": 1.0, ""gain"": 0.014433640227487388}, {""block"": ""rsma"", ""rho"": 1.0, ""gain"": 0.0}, {""block"": ""star_ris"", ""rho"": 2.0, ""gain"": 0.002002276683658266}, {""block"": ""rsma"", ""rho"": 1.0, ""gain"": 0.0}, {""block"": ""star_ris"", ""rho"": 1.0, ""gain"": 0.0730993370849653}, {""block"": ""rsma"", ""rho"": 1.0, ""gain"": -3.552713678800501e-15}, {""block"": ""star_ris"", ""rho"": 1.0, ""gain"": 0.018551471135634046}]",{},8760.459982,895cf8987087c169d7023476c078ebabf24f99fbbc30b65ad7fae1097d95a6fe,fc61d5cda7da39530055bae9bd0e92865f995cd9,f4c80269e5fb3cf553900b2e82f235af875b7c2e33b4ff71ec5d85cc25eb2b4e
ao_sca,128,10000,817,test,19.86713690911084,19.86713690911084,1.0,True,0.0,16,12645,27,ao_sca_proximal_physical,analytical_ris_equal_allocation,"[1.8380256479271566, 19.09367265555435, 19.109503613801603, 19.348094068203814, 19.39930560662102, 19.411691143370174, 19.492019069512974, 19.629038576715953, 19.654866483999346, 19.666442645688843, 19.787778557477672, 19.801597865741897, 19.810827384563186, 19.85437704708674, 19.86039413535755, 19.867096899302748, 19.86713690911084]","[{""block"": ""rsma"", ""rho"": 1.0, ""gain"": 17.22326997290867}, {""block"": ""star_ris"", ""rho"": 16.0, ""gain"": 0.03237703471852171}, {""block"": ""rsma"", ""rho"": 1.0, ""gain"": 0.0}, {""block"": ""star_ris"", ""rho"": 32.0, ""gain"": 0.015830958247253335}, {""block"": ""rsma"", ""rho"": 1.0, ""gain"": 0.0}, {""block"": ""star_ris"", ""rho"": 2.0, ""gain"": 0.23859045440221038}, {""block"": ""rsma"", ""rho"": 1.0, ""gain"": 0.0}, {""block"": ""star_ris"", ""rho"": 8.0, ""gain"": 0.05121153841720627}, {""block"": ""rsma"", ""rho"": 1.0, ""gain"": 0.0}, {""block"": ""star_ris"", ""rho"": 32.0, ""gain"": 0.012385536749153658}, {""block"": ""rsma"", ""rho"": 1.0, ""gain"": 0.0}, {""block"": ""star_ris"", ""rho"": 1.0, ""gain"": 0.08032792614280027}, {""block"": ""rsma"", ""rho"": 1.0, ""gain"": 0.0}, {""block"": ""star_ris"", ""rho"": 1.0, ""gain"": 0.13701950720297873}, {""block"": ""rsma"", ""rho"": 1.0, ""gain"": 0.0}, {""block"": ""star_ris"", ""rho"": 2.0, ""gain"": 0.025827907283392904}, {""block"": ""rsma"", ""rho"": 1.0, ""gain"": 0.0}, {""block"": ""star_ris"", ""rho"": 4.0, ""gain"": 0.011576161689497155}, {""block"": ""rsma"", ""rho"": 1.0, ""gain"": -3.552713678800501e-15}, {""block"": ""star_ris"", ""rho"": 2.0, ""gain"": 0.12133591178883307}, {""block"": ""rsma"", ""rho"": 1.0, ""gain"": 0.0}, {""block"": ""star_ris"", ""rho"": 4.0, ""gain"": 0.013819308264224617}, {""block"": ""rsma"", ""rho"": 1.0, ""gain"": -3.552713678800501e-15}, {""block"": ""star_ris"", ""rho"": 4.0, ""gain"": 0.00922951882129297}, {""block"": ""rsma"", ""rho"": 1.0, ""gain"": 0.0}, {""block"": ""star_ris"", ""rho"": 2.0, ""gain"": 0.04354966252355297}, {""block"": ""rsma"", ""rho"": 1.0, ""gain"": 0.0}, {""block"": ""star_ris"", ""rho"": 8.0, ""gain"": 0.006017088270809268}, {""block"": ""rsma"", ""rho"": 1.0, ""gain"": 0.0}, {""block"": ""star_ris"", ""rho"": 4.0, ""gain"": 0.006702763945199308}, {""block"": ""rsma"", ""rho"": 1.0, ""gain"": 3.552713678800501e-15}, {""block"": ""star_ris"", ""rho"": 16.0, ""gain"": 4.0009808088825594e-05}]",{},6984.924062,895cf8987087c169d7023476c078ebabf24f99fbbc30b65ad7fae1097d95a6fe,fc61d5cda7da39530055bae9bd0e92865f995cd9,f4c80269e5fb3cf553900b2e82f235af875b7c2e33b4ff71ec5d85cc25eb2b4e
ao_sca,128,10000,818,test,19.85635696987188,19.85635696987188,1.0,True,0.0,7,5522,14,ao_sca_proximal_physical,analytical_ris_equal_allocation,"[1.8380269311753756, 19.482681745630206, 19.68765311623705, 19.779779947372006, 19.809964955435607, 19.82621558974698, 19.855429305519348, 19.85635696987188]","[{""block"": ""rsma"", ""rho"": 1.0, ""gain"": 17.12894433458047}, {""block"": ""star_ris"", ""rho"": 1.0, ""gain"": 0.515710479874361}, {""block"": ""rsma"", ""rho"": 1.0, ""gain"": 0.0}, {""block"": ""star_ris"", ""rho"": 1.0, ""gain"": 0.20497137060684523}, {""block"": ""rsma"", ""rho"": 1.0, ""gain"": 0.0}, {""block"": ""star_ris"", ""rho"": 1.0, ""gain"": 0.09212683113495501}, {""block"": ""rsma"", ""rho"": 1.0, ""gain"": 0.0}, {""block"": ""star_ris"", ""rho"": 2.0, ""gain"": 0.030185008063600804}, {""block"": ""rsma"", ""rho"": 1.0, ""gain"": 0.0}, {""block"": ""star_ris"", ""rho"": 4.0, ""gain"": 0.016250634311372636}, {""block"": ""rsma"", ""rho"": 1.0, ""gain"": 0.0}, {""block"": ""star_ris"", ""rho"": 1.0, ""gain"": 0.029213715772367976}, {""block"": ""rsma"", ""rho"": 1.0, ""gain"": 0.0}, {""block"": ""star_ris"", ""rho"": 4.0, ""gain"": 0.0009276643525311101}]",{},2981.040312,895cf8987087c169d7023476c078ebabf24f99fbbc30b65ad7fae1097d95a6fe,fc61d5cda7da39530055bae9bd0e92865f995cd9,f4c80269e5fb3cf553900b2e82f235af875b7c2e33b4ff71ec5d85cc25eb2b4e
ao_sca,128,10000,819,test,19.724040868665742,19.724040868665742,1.0,True,0.0,11,8682,19,ao_sca_proximal_physical,analytical_ris_equal_allocation,"[1.8380231638574027, 19.244610349718656, 19.25721783452606, 19.27362738853653, 19.32184968374285, 19.375514641151867, 19.619282929410893, 19.622284112818328, 19.684176291727006, 19.68675577402287, 19.723793596577817, 19.724040868665746]","[{""block"": ""rsma"", ""rho"": 1.0, ""gain"": 17.393767655749677}, {""block"": ""star_ris"", ""rho"": 1.0, ""gain"": 0.01281953011157455}, {""block"": ""rsma"", ""rho"": 1.0, ""gain"": 3.552713678800501e-15}, {""block"": ""star_ris"", ""rho"": 8.0, ""gain"": 0.012607484807400482}, {""block"": ""rsma"", ""rho"": 1.0, ""gain"": 0.0}, {""block"": ""star_ris"", ""rho"": 4.0, ""gain"": 0.016409554010468952}, {""block"": ""rsma"", ""rho"": 1.0, ""gain"": -3.552713678800501e-15}, {""block"": ""star_ris"", ""rho"": 2.0, ""gain"": 0.04822229520632604}, {""block"": ""rsma"", ""rho"": 1.0, ""gain"": -3.552713678800501e-15}, {""block"": ""star_ris"", ""rho"": 1.0, ""gain"": 0.05366495740901911}, {""block"": ""rsma"", ""rho"": 1.0, ""gain"": 0.0}, {""block"": ""star_ris"", ""rho"": 1.0, ""gain"": 0.24376828825902663}, {""block"": ""rsma"", ""rho"": 1.0, ""gain"": 0.0}, {""block"": ""star_ris"", ""rho"": 4.0, ""gain"": 0.0030011834074343824}, {""block"": ""rsma"", ""rho"": 1.0, ""gain"": -3.552713678800501e-15}, {""block"": ""star_ris"", ""rho"": 2.0, ""gain"": 0.06189217890868193}, {""block"": ""rsma"", ""rho"": 1.0, ""gain"": 0.0}, {""block"": ""star_ris"", ""rho"": 4.0, ""gain"": 0.002579482295864466}, {""block"": ""rsma"", ""rho"": 1.0, ""gain"": 0.0}, {""block"": ""star_ris"", ""rho"": 1.0, ""gain"": 0.03703782255494659}, {""block"": ""rsma"", ""rho"": 1.0, ""gain"": 3.552713678800501e-15}, {""block"": ""star_ris"", ""rho"": 4.0, ""gain"": 0.0002472720879254098}]",{},4853.274156,895cf8987087c169d7023476c078ebabf24f99fbbc30b65ad7fae1097d95a6fe,fc61d5cda7da39530055bae9bd0e92865f995cd9,f4c80269e5fb3cf553900b2e82f235af875b7c2e33b4ff71ec5d85cc25eb2b4e
ao_sca,128,10000,820,test,19.892005345683284,19.892005345683284,1.0,True,0.0,12,9479,23,ao_sca_proximal_physical,analytical_ris_equal_allocation,"[1.838025522627332, 19.325851814250434, 19.535194495063266, 19.595207489176087, 19.624079620749214, 19.665677780979312, 19.685840870700147, 19.68832778245525, 19.79018764032694, 19.841854853618884, 19.85871274901218, 19.891836528665838, 19.892005345683284]","[{""block"": ""rsma"", ""rho"": 1.0, ""gain"": 17.25514799720681}, {""block"": ""star_ris"", ""rho"": 1.0, ""gain"": 0.23267829441629218}, {""block"": ""rsma"", ""rho"": 1.0, ""gain"": 0.0}, {""block"": ""star_ris"", ""rho"": 1.0, ""gain"": 0.20934268081283136}, {""block"": ""rsma"", ""rho"": 1.0, ""gain"": 0.0}, {""block"": ""star_ris"", ""rho"": 1.0, ""gain"": 0.060012994112820905}, {""block"": ""rsma"", ""rho"": 1.0, ""gain"": 0.0}, {""block"": ""star_ris"", ""rho"": 1.0, ""gain"": 0.02887213157312729}, {""block"": ""rsma"", ""rho"": 1.0, ""gain"": 0.0}, {""block"": ""star_ris"", ""rho"": 8.0, ""gain"": 0.0415981602300981}, {""block"": ""rsma"", ""rho"": 1.0, ""gain"": 0.0}, {""block"": ""star_ris"", ""rho"": 16.0, ""gain"": 0.02016308972083536}, {""block"": ""rsma"", ""rho"": 1.0, ""gain"": 0.0}, {""block"": ""star_ris"", ""rho"": 128.0, ""gain"": 0.0024869117551027387}, {""block"": ""rsma"", ""rho"": 1.0, ""gain"": 3.552713678800501e-15}, {""block"": ""star_ris"", ""rho"": 1.0, ""gain"": 0.10185985787168761}, {""block"": ""rsma"", ""rho"": 1.0, ""gain"": 0.0}, {""block"": ""star_ris"", ""rho"": 2.0, ""gain"": 0.05166721329194246}, {""block"": ""rsma"", ""rho"": 1.0, ""gain"": 0.0}, {""block"": ""star_ris"", ""rho"": 1.0, ""gain"": 0.016857895393297184}, {""block"": ""rsma"", ""rho"": 1.0, ""gain"": 3.552713678800501e-15}, {""block"": ""star_ris"", ""rho"": 1.0, ""gain"": 0.03312377965365343}, {""block"": ""rsma"", ""rho"": 1.0, ""gain"": 0.0}, {""block"": ""star_ris"", ""rho"": 128.0, ""gain"": 0.0001688170174460879}]",{},5214.970392,895cf8987087c169d7023476c078ebabf24f99fbbc30b65ad7fae1097d95a6fe,fc61d5cda7da39530055bae9bd0e92865f995cd9,f4c80269e5fb3cf553900b2e82f235af875b7c2e33b4ff71ec5d85cc25eb2b4e
ao_sca,128,10000,821,test,19.697596243780183,19.697596243780183,1.0,True,0.0,20,15806,34,ao_sca_proximal_physical,analytical_ris_equal_allocation,"[1.8380178754422658, 18.898584582345617, 18.92659952988344, 18.933487557257784, 18.998007679332222, 19.283282169182502, 19.37535090236986, 19.384659739431935, 19.391367275458194, 19.42241430777183, 19.516606226280672, 19.564293041908996, 19.60169269640106, 19.61084227106476, 19.61539180691281, 19.65424912292248, 19.66241194113197, 19.667954445047968, 19.681960974927403, 19.693108645305777, 19.697596243780183]","[{""block"": ""rsma"", ""rho"": 1.0, ""gain"": 16.94016517505921}, {""block"": ""star_ris"", ""rho"": 4.0, ""gain"": 0.12040153184414137}, {""block"": ""rsma"", ""rho"": 1.0, ""gain"": 3.552713678800501e-15}, {""block"": ""star_ris"", ""rho"": 16.0, ""gain"": 0.028014947537819523}, {""block"": ""rsma"", ""rho"": 1.0, ""gain"": -3.552713678800501e-15}, {""block"": ""star_ris"", ""rho"": 64.0, ""gain"": 0.006888027374348127}, {""block"": ""rsma"", ""rho"": 1.0, ""gain"": 0.0}, {""block"": ""star_ris"", ""rho"": 1.0, ""gain"": 0.06452012207443758}, {""block"": ""rsma"", ""rho"": 1.0, ""gain"": 0.0}, {""block"": ""star_ris"", ""rho"": 1.0, ""gain"": 0.2852744898502806}, {""block"": ""rsma"", ""rho"": 1.0, ""gain"": 0.0}, {""block"": ""star_ris"", ""rho"": 1.0, ""gain"": 0.09206873318735731}, {""block"": ""rsma"", ""rho"": 1.0, ""gain"": 0.0}, {""block"": ""star_ris"", ""rho"": 16.0, ""gain"": 0.009308837062075526}, {""block"": ""rsma"", ""rho"": 1.0, ""gain"": -3.552713678800501e-15}, {""block"": ""star_ris"", ""rho"": 32.0, ""gain"": 0.006707536026262062}, {""block"": ""rsma"", ""rho"": 1.0, ""gain"": -7.105427357601002e-15}, {""block"": ""star_ris"", ""rho"": 1.0, ""gain"": 0.03104703231364425}, {""block"": ""rsma"", ""rho"": 1.0, ""gain"": 3.552713678800501e-15}, {""block"": ""star_ris"", ""rho"": 2.0, ""gain"": 0.09419191850883735}, {""block"": ""rsma"", ""rho"": 1.0, ""gain"": 0.0}, {""block"": ""star_ris"", ""rho"": 2.0, ""gain"": 0.04768681562832455}, {""block"": ""rsma"", ""rho"": 1.0, ""gain"": 0.0}, {""block"": ""star_ris"", ""rho"": 8.0, ""gain"": 0.03739965449206295}, {""block"": ""rsma"", ""rho"": 1.0, ""gain"": 0.0}, {""block"": ""star_ris"", ""rho"": 32.0, ""gain"": 0.009149574663702253}, {""block"": ""rsma"", ""rho"": 1.0, ""gain"": -3.552713678800501e-15}, {""block"": ""star_ris"", ""rho"": 64.0, ""gain"": 0.004549535848052955}, {""block"": ""rsma"", ""rho"": 1.0, ""gain"": 0.0}, {""block"": ""star_ris"", ""rho"": 2.0, ""gain"": 0.03885731600966835}, {""block"": ""rsma"", ""rho"": 1.0, ""gain"": 0.0}, {""block"": ""star_ris"", ""rho"": 2.0, ""gain"": 0.008162818209491718}, {""block"": ""rsma"", ""rho"": 1.0, ""gain"": 0.0}, {""block"": ""star_ris"", ""rho"": 1.0, ""gain"": 0.005542503915997088}, {""block"": ""rsma"", ""rho"": 1.0, ""gain"": 0.0}, {""block"": ""star_ris"", ""rho"": 16.0, ""gain"": 0.014006529879434737}, {""block"": ""rsma"", ""rho"": 1.0, ""gain"": 3.552713678800501e-15}, {""block"": ""star_ris"", ""rho"": 2.0, ""gain"": 0.011147670378370833}, {""block"": ""rsma"", ""rho"": 1.0, ""gain"": 3.552713678800501e-15}, {""block"": ""star_ris"", ""rho"": 2.0, ""gain"": 0.004487598474401722}]",{},8701.751889,895cf8987087c169d7023476c078ebabf24f99fbbc30b65ad7fae1097d95a6fe,fc61d5cda7da39530055bae9bd0e92865f995cd9,f4c80269e5fb3cf553900b2e82f235af875b7c2e33b4ff71ec5d85cc25eb2b4e
ao_sca,128,10000,822,test,19.407098946637166,19.407098946637166,1.0,True,0.0,3,2374,6,ao_sca_proximal_physical,analytical_ris_equal_allocation,"[1.8380247537610372, 19.36139391103662, 19.40696941768441, 19.407098946637166]","[{""block"": ""rsma"", ""rho"": 1.0, ""gain"": 17.307270724681022}, {""block"": ""star_ris"", ""rho"": 2.0, ""gain"": 0.2160984325945634}, {""block"": ""rsma"", ""rho"": 1.0, ""gain"": 0.0}, {""block"": ""star_ris"", ""rho"": 8.0, ""gain"": 0.045575506647789865}, {""block"": ""rsma"", ""rho"": 1.0, ""gain"": -3.552713678800501e-15}, {""block"": ""star_ris"", ""rho"": 32.0, ""gain"": 0.00012952895275830656}]",{},1275.103811,895cf8987087c169d7023476c078ebabf24f99fbbc30b65ad7fae1097d95a6fe,fc61d5cda7da39530055bae9bd0e92865f995cd9,f4c80269e5fb3cf553900b2e82f235af875b7c2e33b4ff71ec5d85cc25eb2b4e
ao_sca,128,10000,823,test,19.34519158627524,19.34519158627524,1.0,True,0.0,6,4736,11,ao_sca_proximal_physical,analytical_ris_equal_allocation,"[1.838018508332871, 19.1017257828801, 19.33203946523029, 19.336128704926576, 19.341249386116104, 19.34404433745452, 19.34519158627524]","[{""block"": ""rsma"", ""rho"": 1.0, ""gain"": 17.135251497512893}, {""block"": ""star_ris"", ""rho"": 1.0, ""gain"": 0.12845577703433264}, {""block"": ""rsma"", ""rho"": 1.0, ""gain"": 0.0}, {""block"": ""star_ris"", ""rho"": 2.0, ""gain"": 0.230313682350193}, {""block"": ""rsma"", ""rho"": 1.0, ""gain"": 0.0}, {""block"": ""star_ris"", ""rho"": 4.0, ""gain"": 0.004089239696284608}, {""block"": ""rsma"", ""rho"": 1.0, ""gain"": 0.0}, {""block"": ""star_ris"", ""rho"": 4.0, ""gain"": 0.005120681189527687}, {""block"": ""rsma"", ""rho"": 1.0, ""gain"": 3.552713678800501e-15}, {""block"": ""star_ris"", ""rho"": 2.0, ""gain"": 0.0027949513384122326}, {""block"": ""rsma"", ""rho"": 1.0, ""gain"": 0.0}, {""block"": ""star_ris"", ""rho"": 2.0, ""gain"": 0.0011472488207218134}]",{},2608.814161,895cf8987087c169d7023476c078ebabf24f99fbbc30b65ad7fae1097d95a6fe,fc61d5cda7da39530055bae9bd0e92865f995cd9,f4c80269e5fb3cf553900b2e82f235af875b7c2e33b4ff71ec5d85cc25eb2b4e
ao_sca,128,10000,824,test,19.44340117544106,19.44340117544106,1.0,True,0.0,5,3949,9,ao_sca_proximal_physical,analytical_ris_equal_allocation,"[1.8380137722022196, 18.938881251753557, 18.983634650398585, 19.06868738195345, 19.443121155729415, 19.44340117544106]","[{""block"": ""rsma"", ""rho"": 1.0, ""gain"": 16.684782527113644}, {""block"": ""star_ris"", ""rho"": 2.0, ""gain"": 0.41608495243769283}, {""block"": ""rsma"", ""rho"": 1.0, ""gain"": 0.0}, {""block"": ""star_ris"", ""rho"": 1.0, ""gain"": 0.04475339864502814}, {""block"": ""rsma"", ""rho"": 1.0, ""gain"": 0.0}, {""block"": ""star_ris"", ""rho"": 8.0, ""gain"": 0.08505273155486393}, {""block"": ""rsma"", ""rho"": 1.0, ""gain"": 0.0}, {""block"": ""star_ris"", ""rho"": 1.0, ""gain"": 0.37443377377596576}, {""block"": ""rsma"", ""rho"": 1.0, ""gain"": 0.0}, {""block"": ""star_ris"", ""rho"": 16.0, ""gain"": 0.00028001971164570705}]",{},2152.690266,895cf8987087c169d7023476c078ebabf24f99fbbc30b65ad7fae1097d95a6fe,fc61d5cda7da39530055bae9bd0e92865f995cd9,f4c80269e5fb3cf553900b2e82f235af875b7c2e33b4ff71ec5d85cc25eb2b4e
ao_sca,128,10000,825,test,19.51488950531265,19.51488950531265,1.0,True,0.0,7,5527,14,ao_sca_proximal_physical,analytical_ris_equal_allocation,"[1.8380195647081745, 19.256170051272413, 19.40024239929773, 19.4186457253519, 19.468576575888374, 19.477160128341268, 19.51479696239532, 19.51488950531265]","[{""block"": ""rsma"", ""rho"": 1.0, ""gain"": 16.981870616726503}, {""block"": ""star_ris"", ""rho"": 1.0, ""gain"": 0.4362798698377368}, {""block"": ""rsma"", ""rho"": 1.0, ""gain"": 3.552713678800501e-15}, {""block"": ""star_ris"", ""rho"": 2.0, ""gain"": 0.14407234802531477}, {""block"": ""rsma"", ""rho"": 1.0, ""gain"": 0.0}, {""block"": ""star_ris"", ""rho"": 2.0, ""gain"": 0.01840332605416961}, {""block"": ""rsma"", ""rho"": 1.0, ""gain"": -7.105427357601002e-15}, {""block"": ""star_ris"", ""rho"": 4.0, ""gain"": 0.049930850536480165}, {""block"": ""rsma"", ""rho"": 1.0, ""gain"": 0.0}, {""block"": ""star_ris"", ""rho"": 2.0, ""gain"": 0.008583552452893883}, {""block"": ""rsma"", ""rho"": 1.0, ""gain"": 0.0}, {""block"": ""star_ris"", ""rho"": 4.0, ""gain"": 0.037636834054051604}, {""block"": ""rsma"", ""rho"": 1.0, ""gain"": 3.552713678800501e-15}, {""block"": ""star_ris"", ""rho"": 8.0, ""gain"": 9.254291732574416e-05}]",{},3065.126565,895cf8987087c169d7023476c078ebabf24f99fbbc30b65ad7fae1097d95a6fe,fc61d5cda7da39530055bae9bd0e92865f995cd9,f4c80269e5fb3cf553900b2e82f235af875b7c2e33b4ff71ec5d85cc25eb2b4e
ao_sca,128,10000,826,test,19.683761279989728,19.683761279989728,1.0,True,0.0,4,3161,8,ao_sca_proximal_physical,analytical_ris_equal_allocation,"[1.8380226322818671, 19.283721561163244, 19.666164228719577, 19.68254018507689, 19.683761279989728]","[{""block"": ""rsma"", ""rho"": 1.0, ""gain"": 16.87810235470173}, {""block"": ""star_ris"", ""rho"": 1.0, ""gain"": 0.567596574179646}, {""block"": ""rsma"", ""rho"": 1.0, ""gain"": 0.0}, {""block"": ""star_ris"", ""rho"": 1.0, ""gain"": 0.38244266755633305}, {""block"": ""rsma"", ""rho"": 1.0, ""gain"": -3.552713678800501e-15}, {""block"": ""star_ris"", ""rho"": 16.0, ""gain"": 0.016375956357315147}, {""block"": ""rsma"", ""rho"": 1.0, ""gain"": 0.0}, {""block"": ""star_ris"", ""rho"": 16.0, ""gain"": 0.0012210949128395043}]",{},1696.290412,895cf8987087c169d7023476c078ebabf24f99fbbc30b65ad7fae1097d95a6fe,fc61d5cda7da39530055bae9bd0e92865f995cd9,f4c80269e5fb3cf553900b2e82f235af875b7c2e33b4ff71ec5d85cc25eb2b4e
ao_sca,128,10000,827,test,19.52808300686124,19.52808300686124,1.0,True,0.0,3,2365,5,ao_sca_proximal_physical,analytical_ris_equal_allocation,"[1.8380256226182727, 19.493570786512034, 19.526778043062112, 19.528083006861237]","[{""block"": ""rsma"", ""rho"": 1.0, ""gain"": 17.40523884245918}, {""block"": ""star_ris"", ""rho"": 1.0, ""gain"": 0.2503063214345822}, {""block"": ""rsma"", ""rho"": 1.0, ""gain"": 0.0}, {""block"": ""star_ris"", ""rho"": 1.0, ""gain"": 0.03320725655007806}, {""block"": ""rsma"", ""rho"": 1.0, ""gain"": 0.0}, {""block"": ""star_ris"", ""rho"": 1.0, ""gain"": 0.0013049637991251473}]",{},1301.331328,895cf8987087c169d7023476c078ebabf24f99fbbc30b65ad7fae1097d95a6fe,fc61d5cda7da39530055bae9bd0e92865f995cd9,f4c80269e5fb3cf553900b2e82f235af875b7c2e33b4ff71ec5d85cc25eb2b4e
ao_sca,128,10000,828,test,19.175956757534536,19.175956757534536,1.0,True,0.0,3,2374,6,ao_sca_proximal_physical,analytical_ris_equal_allocation,"[1.8380121898185664, 19.066092290409877, 19.175674726454602, 19.175956757534536]","[{""block"": ""rsma"", ""rho"": 1.0, ""gain"": 16.588673983841094}, {""block"": ""star_ris"", ""rho"": 1.0, ""gain"": 0.6394061167502159}, {""block"": ""rsma"", ""rho"": 1.0, ""gain"": 0.0}, {""block"": ""star_ris"", ""rho"": 4.0, ""gain"": 0.10958243604472528}, {""block"": ""rsma"", ""rho"": 1.0, ""gain"": -7.105427357601002e-15}, {""block"": ""star_ris"", ""rho"": 128.0, ""gain"": 0.0002820310799407366}]",{},1325.307164,895cf8987087c169d7023476c078ebabf24f99fbbc30b65ad7fae1097d95a6fe,fc61d5cda7da39530055bae9bd0e92865f995cd9,f4c80269e5fb3cf553900b2e82f235af875b7c2e33b4ff71ec5d85cc25eb2b4e
ao_sca,128,10000,829,test,19.669706371705477,19.669706371705477,1.0,True,0.0,2,1582,4,ao_sca_proximal_physical,analytical_ris_equal_allocation,"[1.8380301696046508, 19.66804154073727, 19.669706371705473]","[{""block"": ""rsma"", ""rho"": 1.0, ""gain"": 17.691084828813832}, {""block"": ""star_ris"", ""rho"": 1.0, ""gain"": 0.13892654231878865}, {""block"": ""rsma"", ""rho"": 1.0, ""gain"": 0.0}, {""block"": ""star_ris"", ""rho"": 32.0, ""gain"": 0.0016648309682025797}]",{},835.812981,895cf8987087c169d7023476c078ebabf24f99fbbc30b65ad7fae1097d95a6fe,fc61d5cda7da39530055bae9bd0e92865f995cd9,f4c80269e5fb3cf553900b2e82f235af875b7c2e33b4ff71ec5d85cc25eb2b4e
ao_sca,128,10000,830,test,19.566035041301703,19.566035041301703,1.0,True,0.0,6,4748,12,ao_sca_proximal_physical,analytical_ris_equal_allocation,"[1.8380243267771965, 19.110707173761988, 19.523340213578592, 19.535109688392033, 19.555495548391285, 19.565551191999358, 19.566035041301703]","[{""block"": ""rsma"", ""rho"": 1.0, ""gain"": 17.22833637706606}, {""block"": ""star_ris"", ""rho"": 1.0, ""gain"": 0.044346469918728815}, {""block"": ""rsma"", ""rho"": 1.0, ""gain"": 3.552713678800501e-15}, {""block"": ""star_ris"", ""rho"": 1.0, ""gain"": 0.41263303981660115}, {""block"": ""rsma"", ""rho"": 1.0, ""gain"": -3.552713678800501e-15}, {""block"": ""star_ris"", ""rho"": 8.0, ""gain"": 0.011769474813444702}, {""block"": ""rsma"", ""rho"": 1.0, ""gain"": 3.552713678800501e-15}, {""block"": ""star_ris"", ""rho"": 16.0, ""gain"": 0.020385859999247913}, {""block"": ""rsma"", ""rho"": 1.0, ""gain"": 0.0}, {""block"": ""star_ris"", ""rho"": 32.0, ""gain"": 0.010055643608072984}, {""block"": ""rsma"", ""rho"": 1.0, ""gain"": 3.552713678800501e-15}, {""block"": ""star_ris"", ""rho"": 128.0, ""gain"": 0.0004838493023413548}]",{},2673.365034,895cf8987087c169d7023476c078ebabf24f99fbbc30b65ad7fae1097d95a6fe,fc61d5cda7da39530055bae9bd0e92865f995cd9,f4c80269e5fb3cf553900b2e82f235af875b7c2e33b4ff71ec5d85cc25eb2b4e
ao_sca,128,10000,831,test,19.84654339263441,19.84654339263441,1.0,True,0.0,9,7101,15,ao_sca_proximal_physical,analytical_ris_equal_allocation,"[1.8380253240035247, 19.48041947197759, 19.579527757317805, 19.59360283137741, 19.61114759405529, 19.751613208901126, 19.781424148159786, 19.784413271227976, 19.84568895250022, 19.84654339263441]","[{""block"": ""rsma"", ""rho"": 1.0, ""gain"": 17.089636576061885}, {""block"": ""star_ris"", ""rho"": 1.0, ""gain"": 0.5527575719121813}, {""block"": ""rsma"", ""rho"": 1.0, ""gain"": -3.552713678800501e-15}, {""block"": ""star_ris"", ""rho"": 4.0, ""gain"": 0.09910828534021832}, {""block"": ""rsma"", ""rho"": 1.0, ""gain"": 0.0}, {""block"": ""star_ris"", ""rho"": 8.0, ""gain"": 0.01407507405960473}, {""block"": ""rsma"", ""rho"": 1.0, ""gain"": 0.0}, {""block"": ""star_ris"", ""rho"": 2.0, ""gain"": 0.017544762677879078}, {""block"": ""rsma"", ""rho"": 1.0, ""gain"": 0.0}, {""block"": ""star_ris"", ""rho"": 1.0, ""gain"": 0.1404656148458372}, {""block"": ""rsma"", ""rho"": 1.0, ""gain"": 0.0}, {""block"": ""star_ris"", ""rho"": 2.0, ""gain"": 0.02981093925865963}, {""block"": ""rsma"", ""rho"": 1.0, ""gain"": 0.0}, {""block"": ""star_ris"", ""rho"": 1.0, ""gain"": 0.0029891230681897696}, {""block"": ""rsma"", ""rho"": 1.0, ""gain"": 0.0}, {""block"": ""star_ris"", ""rho"": 1.0, ""gain"": 0.061275681272242366}, {""block"": ""rsma"", ""rho"": 1.0, ""gain"": 0.0}, {""block"": ""star_ris"", ""rho"": 2.0, ""gain"": 0.0008544401341907815}]",{},3925.092048,895cf8987087c169d7023476c078ebabf24f99fbbc30b65ad7fae1097d95a6fe,fc61d5cda7da39530055bae9bd0e92865f995cd9,f4c80269e5fb3cf553900b2e82f235af875b7c2e33b4ff71ec5d85cc25eb2b4e
ao_sca,128,10000,832,test,20.198782613992293,20.198782613992293,1.0,True,0.0,20,15799,38,ao_sca_proximal_physical,analytical_ris_equal_allocation,"[1.838032139862641, 19.575439590965125, 19.689236130590228, 19.77429162628885, 19.794311639172946, 19.870351186536176, 19.966593821260183, 19.977579283873695, 19.986940344207504, 20.003301516603475, 20.011382547906045, 20.015398720350998, 20.031269327724285, 20.03363750436894, 20.059012631625702, 20.137529099852703, 20.15841291653944, 20.175225130233684, 20.182685097801375, 20.1924370881482, 20.198782613992293]","[{""block"": ""rsma"", ""rho"": 1.0, ""gain"": 17.69045215745367}, {""block"": ""star_ris"", ""rho"": 2.0, ""gain"": 0.046955293648814234}, {""block"": ""rsma"", ""rho"": 1.0, ""gain"": 0.0}, {""block"": ""star_ris"", ""rho"": 1.0, ""gain"": 0.11379653962510261}, {""block"": ""rsma"", ""rho"": 1.0, ""gain"": 0.0}, {""block"": ""star_ris"", ""rho"": 4.0, ""gain"": 0.08505549569862225}, {""block"": ""rsma"", ""rho"": 1.0, ""gain"": 0.0}, {""block"": ""star_ris"", ""rho"": 16.0, ""gain"": 0.02002001288409616}, {""block"": ""rsma"", ""rho"": 1.0, ""gain"": -3.552713678800501e-15}, {""block"": ""star_ris"", ""rho"": 1.0, ""gain"": 0.0760395473632336}, {""block"": ""rsma"", ""rho"": 1.0, ""gain"": -3.552713678800501e-15}, {""block"": ""star_ris"", ""rho"": 1.0, ""gain"": 0.0962426347240104}, {""block"": ""rsma"", ""rho"": 1.0, ""gain"": 0.0}, {""block"": ""star_ris"", ""rho"": 2.0, ""gain"": 0.010985462613511743}, {""block"": ""rsma"", ""rho"": 1.0, ""gain"": 3.552713678800501e-15}, {""block"": ""star_ris"", ""rho"": 1.0, ""gain"": 0.009361060333805682}, {""block"": ""rsma"", ""rho"": 1.0, ""gain"": 0.0}, {""block"": ""star_ris"", ""rho"": 16.0, ""gain"": 0.016361172395971124}, {""block"": ""rsma"", ""rho"": 1.0, ""gain"": 3.552713678800501e-15}, {""block"": ""star_ris"", ""rho"": 32.0, ""gain"": 0.008081031302566544}, {""block"": ""rsma"", ""rho"": 1.0, ""gain"": 0.0}, {""block"": ""star_ris"", ""rho"": 64.0, ""gain"": 0.004016172444952559}, {""block"": ""rsma"", ""rho"": 1.0, ""gain"": 3.552713678800501e-15}, {""block"": ""star_ris"", ""rho"": 1.0, ""gain"": 0.01587060737328372}, {""block"": ""rsma"", ""rho"": 1.0, ""gain"": 3.552713678800501e-15}, {""block"": ""star_ris"", ""rho"": 4.0, ""gain"": 0.0023681766446514985}, {""block"": ""rsma"", ""rho"": 1.0, ""gain"": 0.0}, {""block"": ""star_ris"", ""rho"": 1.0, ""gain"": 0.025375127256761942}, {""block"": ""rsma"", ""rho"": 1.0, ""gain"": -3.552713678800501e-15}, {""block"": ""star_ris"", ""rho"": 4.0, ""gain"": 0.07851646822700431}, {""block"": ""rsma"", ""rho"": 1.0, ""gain"": 3.552713678800501e-15}, {""block"": ""star_ris"", ""rho"": 4.0, ""gain"": 0.02088381668673378}, {""block"": ""rsma"", ""rho"": 1.0, ""gain"": 0.0}, {""block"": ""star_ris"", ""rho"": 4.0, ""gain"": 0.01681221369424435}, {""block"": ""rsma"", ""rho"": 1.0, ""gain"": 3.552713678800501e-15}, {""block"": ""star_ris"", ""rho"": 2.0, ""gain"": 0.007459967567687187}, {""block"": ""rsma"", ""rho"": 1.0, ""gain"": 0.0}, {""block"": ""star_ris"", ""rho"": 8.0, ""gain"": 0.009751990346824613}, {""block"": ""rsma"", ""rho"": 1.0, ""gain"": 0.0}, {""block"": ""star_ris"", ""rho"": 8.0, ""gain"": 0.006345525844093203}]",{},8641.051042,895cf8987087c169d7023476c078ebabf24f99fbbc30b65ad7fae1097d95a6fe,fc61d5cda7da39530055bae9bd0e92865f995cd9,f4c80269e5fb3cf553900b2e82f235af875b7c2e33b4ff71ec5d85cc25eb2b4e
ao_sca,128,10000,833,test,19.944356312933348,19.944356312933348,1.0,True,0.0,16,12631,31,ao_sca_proximal_physical,analytical_ris_equal_allocation,"[1.8380205153543816, 19.1787868323171, 19.193162759068823, 19.25165511674136, 19.366454129887945, 19.388917934784477, 19.475723038221027, 19.654385460247227, 19.674285788299834, 19.676749544852548, 19.69967304932053, 19.724197810182325, 19.752811174838275, 19.79542911759814, 19.932451484672974, 19.94297848560629, 19.944356312933348]","[{""block"": ""rsma"", ""rho"": 1.0, ""gain"": 17.0811874882922}, {""block"": ""star_ris"", ""rho"": 2.0, ""gain"": 0.2595788286705165}, {""block"": ""rsma"", ""rho"": 1.0, ""gain"": -7.105427357601002e-15}, {""block"": ""star_ris"", ""rho"": 2.0, ""gain"": 0.01437592675172894}, {""block"": ""rsma"", ""rho"": 1.0, ""gain"": 3.552713678800501e-15}, {""block"": ""star_ris"", ""rho"": 8.0, ""gain"": 0.05849235767253447}, {""block"": ""rsma"", ""rho"": 1.0, ""gain"": 0.0}, {""block"": ""star_ris"", ""rho"": 1.0, ""gain"": 0.11479901314658392}, {""block"": ""rsma"", ""rho"": 1.0, ""gain"": 0.0}, {""block"": ""star_ris"", ""rho"": 16.0, ""gain"": 0.02246380489653177}, {""block"": ""rsma"", ""rho"": 1.0, ""gain"": 3.552713678800501e-15}, {""block"": ""star_ris"", ""rho"": 4.0, ""gain"": 0.08680510343654646}, {""block"": ""rsma"", ""rho"": 1.0, ""gain"": -7.105427357601002e-15}, {""block"": ""star_ris"", ""rho"": 1.0, ""gain"": 0.17866242202620697}, {""block"": ""rsma"", ""rho"": 1.0, ""gain"": 0.0}, {""block"": ""star_ris"", ""rho"": 2.0, ""gain"": 0.019900328052607108}, {""block"": ""rsma"", ""rho"": 1.0, ""gain"": 0.0}, {""block"": ""star_ris"", ""rho"": 8.0, ""gain"": 0.002463756552714358}, {""block"": ""rsma"", ""rho"": 1.0, ""gain"": 3.552713678800501e-15}, {""block"": ""star_ris"", ""rho"": 2.0, ""gain"": 0.022923504467978972}, {""block"": ""rsma"", ""rho"": 1.0, ""gain"": -3.552713678800501e-15}, {""block"": ""star_ris"", ""rho"": 1.0, ""gain"": 0.024524760861798}, {""block"": ""rsma"", ""rho"": 1.0, ""gain"": 0.0}, {""block"": ""star_ris"", ""rho"": 1.0, ""gain"": 0.02861336465594988}, {""block"": ""rsma"", ""rho"": 1.0, ""gain"": 0.0}, {""block"": ""star_ris"", ""rho"": 1.0, ""gain"": 0.042617942759864746}, {""block"": ""rsma"", ""rho"": 1.0, ""gain"": 0.0}, {""block"": ""star_ris"", ""rho"": 2.0, ""gain"": 0.1370223670748345}, {""block"": ""rsma"", ""rho"": 1.0, ""gain"": 0.0}, {""block"": ""star_ris"", ""rho"": 8.0, ""gain"": 0.010527000933315378}, {""block"": ""rsma"", ""rho"": 1.0, ""gain"": 0.0}, {""block"": ""star_ris"", ""rho"": 4.0, ""gain"": 0.0013778273270581565}]",{},7142.735906,895cf8987087c169d7023476c078ebabf24f99fbbc30b65ad7fae1097d95a6fe,fc61d5cda7da39530055bae9bd0e92865f995cd9,f4c80269e5fb3cf553900b2e82f235af875b7c2e33b4ff71ec5d85cc25eb2b4e
ao_sca,128,10000,834,test,19.526992496348825,19.526992496348825,1.0,True,0.0,9,7097,15,ao_sca_proximal_physical,analytical_ris_equal_allocation,"[1.838017430083354, 18.8854492483974, 19.01353373165435, 19.24006186196163, 19.368745095714786, 19.371417852914234, 19.44921107568833, 19.453447080553584, 19.526639108491707, 19.526992496348825]","[{""block"": ""rsma"", ""rho"": 1.0, ""gain"": 16.965434009878393}, {""block"": ""star_ris"", ""rho"": 2.0, ""gain"": 0.08199780843565208}, {""block"": ""rsma"", ""rho"": 1.0, ""gain"": 0.0}, {""block"": ""star_ris"", ""rho"": 1.0, ""gain"": 0.12808448325694854}, {""block"": ""rsma"", ""rho"": 1.0, ""gain"": 0.0}, {""block"": ""star_ris"", ""rho"": 1.0, ""gain"": 0.22652813030728325}, {""block"": ""rsma"", ""rho"": 1.0, ""gain"": 0.0}, {""block"": ""star_ris"", ""rho"": 1.0, ""gain"": 0.12868323375315427}, {""block"": ""rsma"", ""rho"": 1.0, ""gain"": 0.0}, {""block"": ""star_ris"", ""rho"": 2.0, ""gain"": 0.0026727571994484833}, {""block"": ""rsma"", ""rho"": 1.0, ""gain"": 0.0}, {""block"": ""star_ris"", ""rho"": 1.0, ""gain"": 0.07779322277409406}, {""block"": ""rsma"", ""rho"": 1.0, ""gain"": 0.0}, {""block"": ""star_ris"", ""rho"": 2.0, ""gain"": 0.004236004865255438}, {""block"": ""rsma"", ""rho"": 1.0, ""gain"": 0.0}, {""block"": ""star_ris"", ""rho"": 1.0, ""gain"": 0.07319202793812352}, {""block"": ""rsma"", ""rho"": 1.0, ""gain"": 0.0}, {""block"": ""star_ris"", ""rho"": 2.0, ""gain"": 0.0003533878571175819}]",{},3894.298499,895cf8987087c169d7023476c078ebabf24f99fbbc30b65ad7fae1097d95a6fe,fc61d5cda7da39530055bae9bd0e92865f995cd9,f4c80269e5fb3cf553900b2e82f235af875b7c2e33b4ff71ec5d85cc25eb2b4e
ao_sca,128,10000,835,test,19.55051837207675,19.55051837207675,1.0,True,0.0,4,3162,7,ao_sca_proximal_physical,analytical_ris_equal_allocation,"[1.8380241141498757, 19.440602947499972, 19.547016321803103, 19.550058508794343, 19.55051837207675]","[{""block"": ""rsma"", ""rho"": 1.0, ""gain"": 17.172765517977787}, {""block"": ""star_ris"", ""rho"": 1.0, ""gain"": 0.4298133153723107}, {""block"": ""rsma"", ""rho"": 1.0, ""gain"": 0.0}, {""block"": ""star_ris"", ""rho"": 1.0, ""gain"": 0.10641337430313058}, {""block"": ""rsma"", ""rho"": 1.0, ""gain"": 0.0}, {""block"": ""star_ris"", ""rho"": 4.0, ""gain"": 0.003042186991240925}, {""block"": ""rsma"", ""rho"": 1.0, ""gain"": 0.0}, {""block"": ""star_ris"", ""rho"": 128.0, ""gain"": 0.00045986328240488206}]",{},1760.939779,895cf8987087c169d7023476c078ebabf24f99fbbc30b65ad7fae1097d95a6fe,fc61d5cda7da39530055bae9bd0e92865f995cd9,f4c80269e5fb3cf553900b2e82f235af875b7c2e33b4ff71ec5d85cc25eb2b4e
ao_sca,128,10000,836,test,19.878260623375763,19.878260623375763,1.0,True,0.0,11,8690,17,ao_sca_proximal_physical,analytical_ris_equal_allocation,"[1.8380272460825164, 19.37518601498028, 19.598209451058498, 19.661975955761612, 19.672446769561745, 19.698381437963814, 19.72640512468039, 19.73379937041352, 19.824022366008045, 19.86675255299182, 19.87725318020032, 19.878260623375763]","[{""block"": ""rsma"", ""rho"": 1.0, ""gain"": 17.509243357533983}, {""block"": ""star_ris"", ""rho"": 1.0, ""gain"": 0.02791541136377873}, {""block"": ""rsma"", ""rho"": 1.0, ""gain"": 0.0}, {""block"": ""star_ris"", ""rho"": 2.0, ""gain"": 0.2230234360782184}, {""block"": ""rsma"", ""rho"": 1.0, ""gain"": 3.552713678800501e-15}, {""block"": ""star_ris"", ""rho"": 4.0, ""gain"": 0.06376650470311063}, {""block"": ""rsma"", ""rho"": 1.0, ""gain"": 0.0}, {""block"": ""star_ris"", ""rho"": 1.0, ""gain"": 0.010470813800132817}, {""block"": ""rsma"", ""rho"": 1.0, ""gain"": 0.0}, {""block"": ""star_ris"", ""rho"": 1.0, ""gain"": 0.02593466840206915}, {""block"": ""rsma"", ""rho"": 1.0, ""gain"": 0.0}, {""block"": ""star_ris"", ""rho"": 8.0, ""gain"": 0.02802368671657618}, {""block"": ""rsma"", ""rho"": 1.0, ""gain"": 0.0}, {""block"": ""star_ris"", ""rho"": 2.0, ""gain"": 0.007394245733131299}, {""block"": ""rsma"", ""rho"": 1.0, ""gain"": 0.0}, {""block"": ""star_ris"", ""rho"": 4.0, ""gain"": 0.09022299559452307}, {""block"": ""rsma"", ""rho"": 1.0, ""gain"": 0.0}, {""block"": ""star_ris"", ""rho"": 8.0, ""gain"": 0.04273018698377484}, {""block"": ""rsma"", ""rho"": 1.0, ""gain"": 0.0}, {""block"": ""star_ris"", ""rho"": 32.0, ""gain"": 0.010500627208500646}, {""block"": ""rsma"", ""rho"": 1.0, ""gain"": -3.552713678800501e-15}, {""block"": ""star_ris"", ""rho"": 16.0, ""gain"": 0.0010074431754460988}]",{},4772.698449,895cf8987087c169d7023476c078ebabf24f99fbbc30b65ad7fae1097d95a6fe,fc61d5cda7da39530055bae9bd0e92865f995cd9,f4c80269e5fb3cf553900b2e82f235af875b7c2e33b4ff71ec5d85cc25eb2b4e
ao_sca,128,10000,837,test,19.4931882436836,19.4931882436836,1.0,True,0.0,20,15800,39,ao_sca_proximal_physical,analytical_ris_equal_allocation,"[1.8380074140563083, 18.659548049609178, 18.77579917918504, 18.829618382719485, 18.832877931001168, 18.88309263046395, 18.907365076945645, 18.97148333121254, 18.974010325091804, 18.98102498394991, 19.167585878245422, 19.207593112540916, 19.247275246750473, 19.252191655879177, 19.264631475813285, 19.267178848577075, 19.335333950179603, 19.411480585553548, 19.477828762942075, 19.480015411373696, 19.493188243683598]","[{""block"": ""rsma"", ""rho"": 1.0, ""gain"": 16.542295985759388}, {""block"": ""star_ris"", ""rho"": 2.0, ""gain"": 0.2792446497934833}, {""block"": ""rsma"", ""rho"": 1.0, ""gain"": 0.0}, {""block"": ""star_ris"", ""rho"": 4.0, ""gain"": 0.11625112957586126}, {""block"": ""rsma"", ""rho"": 1.0, ""gain"": 0.0}, {""block"": ""star_ris"", ""rho"": 8.0, ""gain"": 0.05381920353444514}, {""block"": ""rsma"", ""rho"": 1.0, ""gain"": 0.0}, {""block"": ""star_ris"", ""rho"": 128.0, ""gain"": 0.0032595482816830668}, {""block"": ""rsma"", ""rho"": 1.0, ""gain"": 3.552713678800501e-15}, {""block"": ""star_ris"", ""rho"": 8.0, ""gain"": 0.0502146994627779}, {""block"": ""rsma"", ""rho"": 1.0, ""gain"": 0.0}, {""block"": ""star_ris"", ""rho"": 16.0, ""gain"": 0.02427244648169591}, {""block"": ""rsma"", ""rho"": 1.0, ""gain"": -3.552713678800501e-15}, {""block"": ""star_ris"", ""rho"": 1.0, ""gain"": 0.06411825426689788}, {""block"": ""rsma"", ""rho"": 1.0, ""gain"": 0.0}, {""block"": ""star_ris"", ""rho"": 8.0, ""gain"": 0.002526993879264694}, {""block"": ""rsma"", ""rho"": 1.0, ""gain"": 0.0}, {""block"": ""star_ris"", ""rho"": 1.0, ""gain"": 0.007014658858107481}, {""block"": ""rsma"", ""rho"": 1.0, ""gain"": 0.0}, {""block"": ""star_ris"", ""rho"": 1.0, ""gain"": 0.1865608942955106}, {""block"": ""rsma"", ""rho"": 1.0, ""gain"": 0.0}, {""block"": ""star_ris"", ""rho"": 2.0, ""gain"": 0.04000723429549424}, {""block"": ""rsma"", ""rho"": 1.0, ""gain"": 0.0}, {""block"": ""star_ris"", ""rho"": 1.0, ""gain"": 0.03968213420955635}, {""block"": ""rsma"", ""rho"": 1.0, ""gain"": 3.552713678800501e-15}, {""block"": ""star_ris"", ""rho"": 4.0, ""gain"": 0.004916409128700394}, {""block"": ""rsma"", ""rho"": 1.0, ""gain"": -3.552713678800501e-15}, {""block"": ""star_ris"", ""rho"": 1.0, ""gain"": 0.01243981993411225}, {""block"": ""rsma"", ""rho"": 1.0, ""gain"": 0.0}, {""block"": ""star_ris"", ""rho"": 4.0, ""gain"": 0.0025473727637894683}, {""block"": ""rsma"", ""rho"": 1.0, ""gain"": 0.0}, {""block"": ""star_ris"", ""rho"": 2.0, ""gain"": 0.06815510160252813}, {""block"": ""rsma"", ""rho"": 1.0, ""gain"": 0.0}, {""block"": ""star_ris"", ""rho"": 2.0, ""gain"": 0.07614663537394506}, {""block"": ""rsma"", ""rho"": 1.0, ""gain"": -3.552713678800501e-15}, {""block"": ""star_ris"", ""rho"": 4.0, ""gain"": 0.06634817738853016}, {""block"": ""rsma"", ""rho"": 1.0, ""gain"": 0.0}, {""block"": ""star_ris"", ""rho"": 8.0, ""gain"": 0.0021866484316213075}, {""block"": ""rsma"", ""rho"": 1.0, ""gain"": 0.0}, {""block"": ""star_ris"", ""rho"": 16.0, ""gain"": 0.01317283230990185}]",{},8778.932995,895cf8987087c169d7023476c078ebabf24f99fbbc30b65ad7fae1097d95a6fe,fc61d5cda7da39530055bae9bd0e92865f995cd9,f4c80269e5fb3cf553900b2e82f235af875b7c2e33b4ff71ec5d85cc25eb2b4e
ao_sca,128,10000,838,test,19.683197294626464,19.683197294626464,1.0,True,0.0,9,7106,16,ao_sca_proximal_physical,analytical_ris_equal_allocation,"[1.8380216014116193, 19.055068469745255, 19.151479176897347, 19.236437349388613, 19.23923077684576, 19.243838763438266, 19.421768202665746, 19.4630804120591, 19.682866322748083, 19.683197294626464]","[{""block"": ""rsma"", ""rho"": 1.0, ""gain"": 16.986199995032926}, {""block"": ""star_ris"", ""rho"": 2.0, ""gain"": 0.23084687330070963}, {""block"": ""rsma"", ""rho"": 1.0, ""gain"": 3.552713678800501e-15}, {""block"": ""star_ris"", ""rho"": 4.0, ""gain"": 0.09641070715208855}, {""block"": ""rsma"", ""rho"": 1.0, ""gain"": 0.0}, {""block"": ""star_ris"", ""rho"": 4.0, ""gain"": 0.08495817249126603}, {""block"": ""rsma"", ""rho"": 1.0, ""gain"": 0.0}, {""block"": ""star_ris"", ""rho"": 16.0, ""gain"": 0.002793427457145725}, {""block"": ""rsma"", ""rho"": 1.0, ""gain"": 0.0}, {""block"": ""star_ris"", ""rho"": 1.0, ""gain"": 0.004607986592507274}, {""block"": ""rsma"", ""rho"": 1.0, ""gain"": -3.552713678800501e-15}, {""block"": ""star_ris"", ""rho"": 1.0, ""gain"": 0.1779294392274835}, {""block"": ""rsma"", ""rho"": 1.0, ""gain"": 0.0}, {""block"": ""star_ris"", ""rho"": 2.0, ""gain"": 0.04131220939335378}, {""block"": ""rsma"", ""rho"": 1.0, ""gain"": 0.0}, {""block"": ""star_ris"", ""rho"": 1.0, ""gain"": 0.21978591068898368}, {""block"": ""rsma"", ""rho"": 1.0, ""gain"": 0.0}, {""block"": ""star_ris"", ""rho"": 8.0, ""gain"": 0.00033097187838038167}]",{},3877.46665,895cf8987087c169d7023476c078ebabf24f99fbbc30b65ad7fae1097d95a6fe,fc61d5cda7da39530055bae9bd0e92865f995cd9,f4c80269e5fb3cf553900b2e82f235af875b7c2e33b4ff71ec5d85cc25eb2b4e
ao_sca,128,10000,839,test,19.413694633497386,19.413694633497386,1.0,True,0.0,8,6326,15,ao_sca_proximal_physical,analytical_ris_equal_allocation,"[1.8380185441783172, 19.054410280238912, 19.104745856047398, 19.128990878769528, 19.151753345977664, 19.213986614434965, 19.392044629140056, 19.412881020470607, 19.413694633497382]","[{""block"": ""rsma"", ""rho"": 1.0, ""gain"": 17.107225335622694}, {""block"": ""star_ris"", ""rho"": 4.0, ""gain"": 0.10916640043789982}, {""block"": ""rsma"", ""rho"": 1.0, ""gain"": 0.0}, {""block"": ""star_ris"", ""rho"": 8.0, ""gain"": 0.0503355758084858}, {""block"": ""rsma"", ""rho"": 1.0, ""gain"": 0.0}, {""block"": ""star_ris"", ""rho"": 16.0, ""gain"": 0.02424502272213047}, {""block"": ""rsma"", ""rho"": 1.0, ""gain"": -3.552713678800501e-15}, {""block"": ""star_ris"", ""rho"": 1.0, ""gain"": 0.022762467208139014}, {""block"": ""rsma"", ""rho"": 1.0, ""gain"": 0.0}, {""block"": ""star_ris"", ""rho"": 2.0, ""gain"": 0.062233268457301705}, {""block"": ""rsma"", ""rho"": 1.0, ""gain"": 0.0}, {""block"": ""star_ris"", ""rho"": 2.0, ""gain"": 0.17805801470509053}, {""block"": ""rsma"", ""rho"": 1.0, ""gain"": 0.0}, {""block"": ""star_ris"", ""rho"": 16.0, ""gain"": 0.02083639133055115}, {""block"": ""rsma"", ""rho"": 1.0, ""gain"": 3.552713678800501e-15}, {""block"": ""star_ris"", ""rho"": 64.0, ""gain"": 0.0008136130267715203}]",{},3501.971024,895cf8987087c169d7023476c078ebabf24f99fbbc30b65ad7fae1097d95a6fe,fc61d5cda7da39530055bae9bd0e92865f995cd9,f4c80269e5fb3cf553900b2e82f235af875b7c2e33b4ff71ec5d85cc25eb2b4e
ao_sca,128,10000,840,test,19.87310517841465,19.87310517841465,1.0,True,0.0,8,6319,14,ao_sca_proximal_physical,analytical_ris_equal_allocation,"[1.8380294785436468, 19.631458309378527, 19.664547861642763, 19.752343201051815, 19.77105534710584, 19.804447565278437, 19.811890555807985, 19.872786551837834, 19.87310517841465]","[{""block"": ""rsma"", ""rho"": 1.0, ""gain"": 17.539915428215277}, {""block"": ""star_ris"", ""rho"": 1.0, ""gain"": 0.2535134026196033}, {""block"": ""rsma"", ""rho"": 1.0, ""gain"": 0.0}, {""block"": ""star_ris"", ""rho"": 2.0, ""gain"": 0.03308955226423649}, {""block"": ""rsma"", ""rho"": 1.0, ""gain"": 0.0}, {""block"": ""star_ris"", ""rho"": 2.0, ""gain"": 0.08779533940905182}, {""block"": ""rsma"", ""rho"": 1.0, ""gain"": 0.0}, {""block"": ""star_ris"", ""rho"": 16.0, ""gain"": 0.018712146054024714}, {""block"": ""rsma"", ""rho"": 1.0, ""gain"": 0.0}, {""block"": ""star_ris"", ""rho"": 1.0, ""gain"": 0.03339221817259741}, {""block"": ""rsma"", ""rho"": 1.0, ""gain"": 3.552713678800501e-15}, {""block"": ""star_ris"", ""rho"": 4.0, ""gain"": 0.007442990529543891}, {""block"": ""rsma"", ""rho"": 1.0, ""gain"": 0.0}, {""block"": ""star_ris"", ""rho"": 4.0, ""gain"": 0.060895996029849186}, {""block"": ""rsma"", ""rho"": 1.0, ""gain"": 0.0}, {""block"": ""star_ris"", ""rho"": 16.0, ""gain"": 0.00031862657681713813}]",{},3444.264789,895cf8987087c169d7023476c078ebabf24f99fbbc30b65ad7fae1097d95a6fe,fc61d5cda7da39530055bae9bd0e92865f995cd9,f4c80269e5fb3cf553900b2e82f235af875b7c2e33b4ff71ec5d85cc25eb2b4e
ao_sca,128,10000,841,test,19.41981008032945,19.41981008032945,1.0,True,0.0,3,2375,6,ao_sca_proximal_physical,analytical_ris_equal_allocation,"[1.8380256713435446, 19.389665317289122, 19.41895925238674, 19.41981008032945]","[{""block"": ""rsma"", ""rho"": 1.0, ""gain"": 17.490270058920462}, {""block"": ""star_ris"", ""rho"": 8.0, ""gain"": 0.061369587025115635}, {""block"": ""rsma"", ""rho"": 1.0, ""gain"": 0.0}, {""block"": ""star_ris"", ""rho"": 16.0, ""gain"": 0.02929393509761624}, {""block"": ""rsma"", ""rho"": 1.0, ""gain"": 3.552713678800501e-15}, {""block"": ""star_ris"", ""rho"": 8.0, ""gain"": 0.000850827942709742}]",{},1307.189906,895cf8987087c169d7023476c078ebabf24f99fbbc30b65ad7fae1097d95a6fe,fc61d5cda7da39530055bae9bd0e92865f995cd9,f4c80269e5fb3cf553900b2e82f235af875b7c2e33b4ff71ec5d85cc25eb2b4e
ao_sca,128,10000,842,test,19.914329505286517,19.914329505286517,1.0,True,0.0,18,14222,30,ao_sca_proximal_physical,analytical_ris_equal_allocation,"[1.8380254239823555, 19.28482222318745, 19.309164354046874, 19.421664433087376, 19.523955673500563, 19.5311670875333, 19.536786994222897, 19.549585231163825, 19.649532885723843, 19.721581459069462, 19.765357711007937, 19.786587670614274, 19.796993523932834, 19.802148265289603, 19.850742250522813, 19.88815518968483, 19.909235839275198, 19.91408759620237, 19.914329505286513]","[{""block"": ""rsma"", ""rho"": 1.0, ""gain"": 17.37414140592703}, {""block"": ""star_ris"", ""rho"": 1.0, ""gain"": 0.07265539327806536}, {""block"": ""rsma"", ""rho"": 1.0, ""gain"": 0.0}, {""block"": ""star_ris"", ""rho"": 1.0, ""gain"": 0.024342130859423605}, {""block"": ""rsma"", ""rho"": 1.0, ""gain"": 3.552713678800501e-15}, {""block"": ""star_ris"", ""rho"": 4.0, ""gain"": 0.11250007904049752}, {""block"": ""rsma"", ""rho"": 1.0, ""gain"": -3.552713678800501e-15}, {""block"": ""star_ris"", ""rho"": 4.0, ""gain"": 0.10229124041319082}, {""block"": ""rsma"", ""rho"": 1.0, ""gain"": 0.0}, {""block"": ""star_ris"", ""rho"": 8.0, ""gain"": 0.007211414032738617}, {""block"": ""rsma"", ""rho"": 1.0, ""gain"": 0.0}, {""block"": ""star_ris"", ""rho"": 1.0, ""gain"": 0.005619906689595666}, {""block"": ""rsma"", ""rho"": 1.0, ""gain"": 0.0}, {""block"": ""star_ris"", ""rho"": 2.0, ""gain"": 0.01279823694092741}, {""block"": ""rsma"", ""rho"": 1.0, ""gain"": 7.105427357601002e-15}, {""block"": ""star_ris"", ""rho"": 1.0, ""gain"": 0.09994765456001176}, {""block"": ""rsma"", ""rho"": 1.0, ""gain"": 0.0}, {""block"": ""star_ris"", ""rho"": 1.0, ""gain"": 0.07204857334561865}, {""block"": ""rsma"", ""rho"": 1.0, ""gain"": -3.552713678800501e-15}, {""block"": ""star_ris"", ""rho"": 1.0, ""gain"": 0.04377625193847834}, {""block"": ""rsma"", ""rho"": 1.0, ""gain"": -3.552713678800501e-15}, {""block"": ""star_ris"", ""rho"": 16.0, ""gain"": 0.021229959606340998}, {""block"": ""rsma"", ""rho"": 1.0, ""gain"": 3.552713678800501e-15}, {""block"": ""star_ris"", ""rho"": 32.0, ""gain"": 0.010405853318555813}, {""block"": ""rsma"", ""rho"": 1.0, ""gain"": 7.105427357601002e-15}, {""block"": ""star_ris"", ""rho"": 64.0, ""gain"": 0.0051547413567618605}, {""block"": ""rsma"", ""rho"": 1.0, ""gain"": 3.552713678800501e-15}, {""block"": ""star_ris"", ""rho"": 2.0, ""gain"": 0.04859398523320735}, {""block"": ""rsma"", ""rho"": 1.0, ""gain"": 0.0}, {""block"": ""star_ris"", ""rho"": 4.0, ""gain"": 0.03741293916201727}, {""block"": ""rsma"", ""rho"": 1.0, ""gain"": 0.0}, {""block"": ""star_ris"", ""rho"": 2.0, ""gain"": 0.021080649590366818}, {""block"": ""rsma"", ""rho"": 1.0, ""gain"": 0.0}, {""block"": ""star_ris"", ""rho"": 8.0, ""gain"": 0.004851756927173767}, {""block"": ""rsma"", ""rho"": 1.0, ""gain"": 0.0}, {""block"": ""star_ris"", ""rho"": 128.0, ""gain"": 0.0002419090841421223}]",{},7802.201269,895cf8987087c169d7023476c078ebabf24f99fbbc30b65ad7fae1097d95a6fe,fc61d5cda7da39530055bae9bd0e92865f995cd9,f4c80269e5fb3cf553900b2e82f235af875b7c2e33b4ff71ec5d85cc25eb2b4e
ao_sca,128,10000,843,test,19.967622818944413,19.967622818944413,1.0,True,0.0,20,15806,33,ao_sca_proximal_physical,analytical_ris_equal_allocation,"[1.8380276391319996, 19.34638379311454, 19.64775462455831, 19.682540538871102, 19.686092640873554, 19.714798484587533, 19.72543492943089, 19.7307150647754, 19.73437835437436, 19.74511461334158, 19.75032529340862, 19.855874017679458, 19.857947476359826, 19.860532761035085, 19.862850149740893, 19.92670813858969, 19.931983034806038, 19.95068783417545, 19.95365038918448, 19.967132076465774, 19.967622818944413]","[{""block"": ""rsma"", ""rho"": 1.0, ""gain"": 17.500518464140683}, {""block"": ""star_ris"", ""rho"": 1.0, ""gain"": 0.007837689841856843}, {""block"": ""rsma"", ""rho"": 1.0, ""gain"": 0.0}, {""block"": ""star_ris"", ""rho"": 1.0, ""gain"": 0.3013708314437693}, {""block"": ""rsma"", ""rho"": 1.0, ""gain"": 0.0}, {""block"": ""star_ris"", ""rho"": 1.0, ""gain"": 0.03478591431279199}, {""block"": ""rsma"", ""rho"": 1.0, ""gain"": 0.0}, {""block"": ""star_ris"", ""rho"": 8.0, ""gain"": 0.003552102002451818}, {""block"": ""rsma"", ""rho"": 1.0, ""gain"": 0.0}, {""block"": ""star_ris"", ""rho"": 4.0, ""gain"": 0.028705843713979107}, {""block"": ""rsma"", ""rho"": 1.0, ""gain"": 0.0}, {""block"": ""star_ris"", ""rho"": 32.0, ""gain"": 0.010636444843356685}, {""block"": ""rsma"", ""rho"": 1.0, ""gain"": -3.552713678800501e-15}, {""block"": ""star_ris"", ""rho"": 64.0, ""gain"": 0.005280135344513326}, {""block"": ""rsma"", ""rho"": 1.0, ""gain"": -3.552713678800501e-15}, {""block"": ""star_ris"", ""rho"": 4.0, ""gain"": 0.0036632895989647807}, {""block"": ""rsma"", ""rho"": 1.0, ""gain"": 0.0}, {""block"": ""star_ris"", ""rho"": 2.0, ""gain"": 0.010736258967220635}, {""block"": ""rsma"", ""rho"": 1.0, ""gain"": 3.552713678800501e-15}, {""block"": ""star_ris"", ""rho"": 2.0, ""gain"": 0.005210680067033735}, {""block"": ""rsma"", ""rho"": 1.0, ""gain"": 0.0}, {""block"": ""star_ris"", ""rho"": 1.0, ""gain"": 0.1055487242708395}, {""block"": ""rsma"", ""rho"": 1.0, ""gain"": 0.0}, {""block"": ""star_ris"", ""rho"": 8.0, ""gain"": 0.002073458680367679}, {""block"": ""rsma"", ""rho"": 1.0, ""gain"": 0.0}, {""block"": ""star_ris"", ""rho"": 2.0, ""gain"": 0.002585284675259203}, {""block"": ""rsma"", ""rho"": 1.0, ""gain"": 0.0}, {""block"": ""star_ris"", ""rho"": 4.0, ""gain"": 0.002317388705808554}, {""block"": ""rsma"", ""rho"": 1.0, ""gain"": 0.0}, {""block"": ""star_ris"", ""rho"": 4.0, ""gain"": 0.06385798884879534}, {""block"": ""rsma"", ""rho"": 1.0, ""gain"": 0.0}, {""block"": ""star_ris"", ""rho"": 8.0, ""gain"": 0.005274896216349134}, {""block"": ""rsma"", ""rho"": 1.0, ""gain"": 0.0}, {""block"": ""star_ris"", ""rho"": 16.0, ""gain"": 0.01870479936941294}, {""block"": ""rsma"", ""rho"": 1.0, ""gain"": 0.0}, {""block"": ""star_ris"", ""rho"": 8.0, ""gain"": 0.002962555009030865}, {""block"": ""rsma"", ""rho"": 1.0, ""gain"": 0.0}, {""block"": ""star_ris"", ""rho"": 4.0, ""gain"": 0.013481687281291954}, {""block"": ""rsma"", ""rho"": 1.0, ""gain"": 0.0}, {""block"": ""star_ris"", ""rho"": 32.0, ""gain"": 0.0004907424786395609}]",{},8648.771439,895cf8987087c169d7023476c078ebabf24f99fbbc30b65ad7fae1097d95a6fe,fc61d5cda7da39530055bae9bd0e92865f995cd9,f4c80269e5fb3cf553900b2e82f235af875b7c2e33b4ff71ec5d85cc25eb2b4e
ao_sca,128,10000,844,test,19.73701440008975,19.73701440008975,1.0,True,0.0,5,3941,10,ao_sca_proximal_physical,analytical_ris_equal_allocation,"[1.8380268329086014, 19.3993829324535, 19.46836527498403, 19.53861443768826, 19.73657513725026, 19.73701440008975]","[{""block"": ""rsma"", ""rho"": 1.0, ""gain"": 17.34282834480123}, {""block"": ""star_ris"", ""rho"": 1.0, ""gain"": 0.21852775474366837}, {""block"": ""rsma"", ""rho"": 1.0, ""gain"": 0.0}, {""block"": ""star_ris"", ""rho"": 1.0, ""gain"": 0.06898234253053204}, {""block"": ""rsma"", ""rho"": 1.0, ""gain"": 0.0}, {""block"": ""star_ris"", ""rho"": 1.0, ""gain"": 0.0702491627042292}, {""block"": ""rsma"", ""rho"": 1.0, ""gain"": 0.0}, {""block"": ""star_ris"", ""rho"": 1.0, ""gain"": 0.19796069956199958}, {""block"": ""rsma"", ""rho"": 1.0, ""gain"": 3.552713678800501e-15}, {""block"": ""star_ris"", ""rho"": 1.0, ""gain"": 0.00043926283948536593}]",{},2141.109623,895cf8987087c169d7023476c078ebabf24f99fbbc30b65ad7fae1097d95a6fe,fc61d5cda7da39530055bae9bd0e92865f995cd9,f4c80269e5fb3cf553900b2e82f235af875b7c2e33b4ff71ec5d85cc25eb2b4e
ao_sca,128,10000,845,test,19.78299649112718,19.78299649112718,1.0,True,0.0,15,11847,27,ao_sca_proximal_physical,analytical_ris_equal_allocation,"[1.8380196949556855, 18.909560700170154, 19.26285700630683, 19.35782056314123, 19.36341379249871, 19.36619928945698, 19.370852350112845, 19.505747690387494, 19.536467693179464, 19.618610270907546, 19.62831918015192, 19.656752137706945, 19.6734760779485, 19.737101226831875, 19.782988174972054, 19.78299649112718]","[{""block"": ""rsma"", ""rho"": 1.0, ""gain"": 17.02277500259838}, {""block"": ""star_ris"", ""rho"": 1.0, ""gain"": 0.048766002616087434}, {""block"": ""rsma"", ""rho"": 1.0, ""gain"": 7.105427357601002e-15}, {""block"": ""star_ris"", ""rho"": 1.0, ""gain"": 0.35329630613667007}, {""block"": ""rsma"", ""rho"": 1.0, ""gain"": 0.0}, {""block"": ""star_ris"", ""rho"": 4.0, ""gain"": 0.09496355683440072}, {""block"": ""rsma"", ""rho"": 1.0, ""gain"": 7.105427357601002e-15}, {""block"": ""star_ris"", ""rho"": 64.0, ""gain"": 0.005593229357472751}, {""block"": ""rsma"", ""rho"": 1.0, ""gain"": 0.0}, {""block"": ""star_ris"", ""rho"": 128.0, ""gain"": 0.002785496958267686}, {""block"": ""rsma"", ""rho"": 1.0, ""gain"": -3.552713678800501e-15}, {""block"": ""star_ris"", ""rho"": 2.0, ""gain"": 0.004653060655869012}, {""block"": ""rsma"", ""rho"": 1.0, ""gain"": 0.0}, {""block"": ""star_ris"", ""rho"": 2.0, ""gain"": 0.13489534027464956}, {""block"": ""rsma"", ""rho"": 1.0, ""gain"": 0.0}, {""block"": ""star_ris"", ""rho"": 1.0, ""gain"": 0.030720002791969847}, {""block"": ""rsma"", ""rho"": 1.0, ""gain"": 0.0}, {""block"": ""star_ris"", ""rho"": 4.0, ""gain"": 0.08214257772808153}, {""block"": ""rsma"", ""rho"": 1.0, ""gain"": 0.0}, {""block"": ""star_ris"", ""rho"": 32.0, ""gain"": 0.009708909244373842}, {""block"": ""rsma"", ""rho"": 1.0, ""gain"": 0.0}, {""block"": ""star_ris"", ""rho"": 1.0, ""gain"": 0.02843295755502595}, {""block"": ""rsma"", ""rho"": 1.0, ""gain"": -3.552713678800501e-15}, {""block"": ""star_ris"", ""rho"": 2.0, ""gain"": 0.01672394024155821}, {""block"": ""rsma"", ""rho"": 1.0, ""gain"": -3.552713678800501e-15}, {""block"": ""star_ris"", ""rho"": 1.0, ""gain"": 0.06362514888337856}, {""block"": ""rsma"", ""rho"": 1.0, ""gain"": 3.552713678800501e-15}, {""block"": ""star_ris"", ""rho"": 1.0, ""gain"": 0.045886948140175576}, {""block"": ""rsma"", ""rho"": 1.0, ""gain"": 0.0}, {""block"": ""star_ris"", ""rho"": 2.0, ""gain"": 8.316155124532543e-06}]",{},6551.419346,895cf8987087c169d7023476c078ebabf24f99fbbc30b65ad7fae1097d95a6fe,fc61d5cda7da39530055bae9bd0e92865f995cd9,f4c80269e5fb3cf553900b2e82f235af875b7c2e33b4ff71ec5d85cc25eb2b4e
ao_sca,128,10000,846,test,19.531252894822195,19.531252894822195,1.0,True,0.0,11,8700,21,ao_sca_proximal_physical,analytical_ris_equal_allocation,"[1.8380120915138956, 18.85836056472822, 19.193812017253165, 19.30076224073224, 19.348920612577068, 19.380717100489196, 19.4246064894496, 19.433313824060885, 19.48168010897219, 19.526650906282303, 19.530767181908345, 19.531252894822195]","[{""block"": ""rsma"", ""rho"": 1.0, ""gain"": 16.75403375203866}, {""block"": ""star_ris"", ""rho"": 1.0, ""gain"": 0.26631472117566446}, {""block"": ""rsma"", ""rho"": 1.0, ""gain"": 0.0}, {""block"": ""star_ris"", ""rho"": 2.0, ""gain"": 0.33545145252494635}, {""block"": ""rsma"", ""rho"": 1.0, ""gain"": 0.0}, {""block"": ""star_ris"", ""rho"": 4.0, ""gain"": 0.10695022347907468}, {""block"": ""rsma"", ""rho"": 1.0, ""gain"": 0.0}, {""block"": ""star_ris"", ""rho"": 4.0, ""gain"": 0.04815837184482774}, {""block"": ""rsma"", ""rho"": 1.0, ""gain"": 0.0}, {""block"": ""star_ris"", ""rho"": 16.0, ""gain"": 0.03179648791212841}, {""block"": ""rsma"", ""rho"": 1.0, ""gain"": 3.552713678800501e-15}, {""block"": ""star_ris"", ""rho"": 1.0, ""gain"": 0.04388938896040173}, {""block"": ""rsma"", ""rho"": 1.0, ""gain"": 3.552713678800501e-15}, {""block"": ""star_ris"", ""rho"": 32.0, ""gain"": 0.00870733461128026}, {""block"": ""rsma"", ""rho"": 1.0, ""gain"": 0.0}, {""block"": ""star_ris"", ""rho"": 2.0, ""gain"": 0.048366284911303126}, {""block"": ""rsma"", ""rho"": 1.0, ""gain"": 0.0}, {""block"": ""star_ris"", ""rho"": 4.0, ""gain"": 0.04497079731011411}, {""block"": ""rsma"", ""rho"": 1.0, ""gain"": -3.552713678800501e-15}, {""block"": ""star_ris"", ""rho"": 256.0, ""gain"": 0.0041162756260462174}, {""block"": ""rsma"", ""rho"": 1.0, ""gain"": 0.0}, {""block"": ""star_ris"", ""rho"": 64.0, ""gain"": 0.0004857129138500227}]",{},4777.996751,895cf8987087c169d7023476c078ebabf24f99fbbc30b65ad7fae1097d95a6fe,fc61d5cda7da39530055bae9bd0e92865f995cd9,f4c80269e5fb3cf553900b2e82f235af875b7c2e33b4ff71ec5d85cc25eb2b4e
ao_sca,128,10000,847,test,19.78414613292427,19.78414613292427,1.0,True,0.0,12,9477,22,ao_sca_proximal_physical,analytical_ris_equal_allocation,"[1.8380208072567283, 18.953766888329397, 19.20217744280043, 19.48026025029141, 19.490481302059663, 19.651656227543917, 19.723989400599805, 19.741692198064786, 19.745560690231976, 19.74981337473885, 19.773898075804723, 19.783761447446206, 19.78414613292427]","[{""block"": ""rsma"", ""rho"": 1.0, ""gain"": 16.939617198859715}, {""block"": ""star_ris"", ""rho"": 1.0, ""gain"": 0.17612888221295364}, {""block"": ""rsma"", ""rho"": 1.0, ""gain"": 3.552713678800501e-15}, {""block"": ""star_ris"", ""rho"": 1.0, ""gain"": 0.2484105544710289}, {""block"": ""rsma"", ""rho"": 1.0, ""gain"": 0.0}, {""block"": ""star_ris"", ""rho"": 1.0, ""gain"": 0.27808280749097847}, {""block"": ""rsma"", ""rho"": 1.0, ""gain"": -3.552713678800501e-15}, {""block"": ""star_ris"", ""rho"": 1.0, ""gain"": 0.010221051768258604}, {""block"": ""rsma"", ""rho"": 1.0, ""gain"": 0.0}, {""block"": ""star_ris"", ""rho"": 2.0, ""gain"": 0.1611749254842536}, {""block"": ""rsma"", ""rho"": 1.0, ""gain"": 0.0}, {""block"": ""star_ris"", ""rho"": 4.0, ""gain"": 0.07233317305588827}, {""block"": ""rsma"", ""rho"": 1.0, ""gain"": 0.0}, {""block"": ""star_ris"", ""rho"": 8.0, ""gain"": 0.017702797464981046}, {""block"": ""rsma"", ""rho"": 1.0, ""gain"": 0.0}, {""block"": ""star_ris"", ""rho"": 4.0, ""gain"": 0.00386849216718943}, {""block"": ""rsma"", ""rho"": 1.0, ""gain"": 0.0}, {""block"": ""star_ris"", ""rho"": 64.0, ""gain"": 0.00425268450687355}, {""block"": ""rsma"", ""rho"": 1.0, ""gain"": 0.0}, {""block"": ""star_ris"", ""rho"": 2.0, ""gain"": 0.024084701065874015}, {""block"": ""rsma"", ""rho"": 1.0, ""gain"": 0.0}, {""block"": ""star_ris"", ""rho"": 1.0, ""gain"": 0.009863371641483099}, {""block"": ""rsma"", ""rho"": 1.0, ""gain"": 0.0}, {""block"": ""star_ris"", ""rho"": 32.0, ""gain"": 0.00038468547806402853}]",{},5214.323035,895cf8987087c169d7023476c078ebabf24f99fbbc30b65ad7fae1097d95a6fe,fc61d5cda7da39530055bae9bd0e92865f995cd9,f4c80269e5fb3cf553900b2e82f235af875b7c2e33b4ff71ec5d85cc25eb2b4e
ao_sca,128,10000,848,test,19.622044884291228,19.622044884291228,1.0,True,0.0,17,13451,30,ao_sca_proximal_physical,analytical_ris_equal_allocation,"[1.838024122836503, 19.27234084369025, 19.32467257217648, 19.3498766683626, 19.362253500953873, 19.370725251348986, 19.390686639799736, 19.398994543711545, 19.412783213496354, 19.419607363217562, 19.423002219533167, 19.448975618861798, 19.455351661365196, 19.480446487153817, 19.55477097068499, 19.619765711144442, 19.621765775993673, 19.622044884291228]","[{""block"": ""rsma"", ""rho"": 1.0, ""gain"": 17.320792191698622}, {""block"": ""star_ris"", ""rho"": 4.0, ""gain"": 0.11352452915512501}, {""block"": ""rsma"", ""rho"": 1.0, ""gain"": 0.0}, {""block"": ""star_ris"", ""rho"": 8.0, ""gain"": 0.05233172848622658}, {""block"": ""rsma"", ""rho"": 1.0, ""gain"": 3.552713678800501e-15}, {""block"": ""star_ris"", ""rho"": 16.0, ""gain"": 0.025204096186119074}, {""block"": ""rsma"", ""rho"": 1.0, ""gain"": 3.552713678800501e-15}, {""block"": ""star_ris"", ""rho"": 32.0, ""gain"": 0.012376832591268538}, {""block"": ""rsma"", ""rho"": 1.0, ""gain"": 0.0}, {""block"": ""star_ris"", ""rho"": 8.0, ""gain"": 0.008471750395113276}, {""block"": ""rsma"", ""rho"": 1.0, ""gain"": 0.0}, {""block"": ""star_ris"", ""rho"": 4.0, ""gain"": 0.01996138845074924}, {""block"": ""rsma"", ""rho"": 1.0, ""gain"": -3.552713678800501e-15}, {""block"": ""star_ris"", ""rho"": 1.0, ""gain"": 0.008307903911813241}, {""block"": ""rsma"", ""rho"": 1.0, ""gain"": 0.0}, {""block"": ""star_ris"", ""rho"": 32.0, ""gain"": 0.01378866978480886}, {""block"": ""rsma"", ""rho"": 1.0, ""gain"": 0.0}, {""block"": ""star_ris"", ""rho"": 64.0, ""gain"": 0.006824149721207817}, {""block"": ""rsma"", ""rho"": 1.0, ""gain"": 0.0}, {""block"": ""star_ris"", ""rho"": 128.0, ""gain"": 0.0033948563156052103}, {""block"": ""rsma"", ""rho"": 1.0, ""gain"": 0.0}, {""block"": ""star_ris"", ""rho"": 16.0, ""gain"": 0.025973399328631075}, {""block"": ""rsma"", ""rho"": 1.0, ""gain"": 0.0}, {""block"": ""star_ris"", ""rho"": 64.0, ""gain"": 0.006376042503397628}, {""block"": ""rsma"", ""rho"": 1.0, ""gain"": 0.0}, {""block"": ""star_ris"", ""rho"": 2.0, ""gain"": 0.025094825788620767}, {""block"": ""rsma"", ""rho"": 1.0, ""gain"": 0.0}, {""block"": ""star_ris"", ""rho"": 1.0, ""gain"": 0.07432448353117493}, {""block"": ""rsma"", ""rho"": 1.0, ""gain"": 0.0}, {""block"": ""star_ris"", ""rho"": 1.0, ""gain"": 0.06499474045945064}, {""block"": ""rsma"", ""rho"": 1.0, ""gain"": 0.0}, {""block"": ""star_ris"", ""rho"": 16.0, ""gain"": 0.002000064849230654}, {""block"": ""rsma"", ""rho"": 1.0, ""gain"": 0.0}, {""block"": ""star_ris"", ""rho"": 4.0, ""gain"": 0.000279108297554842}]",{},7395.846816,895cf8987087c169d7023476c078ebabf24f99fbbc30b65ad7fae1097d95a6fe,fc61d5cda7da39530055bae9bd0e92865f995cd9,f4c80269e5fb3cf553900b2e82f235af875b7c2e33b4ff71ec5d85cc25eb2b4e
ao_sca,128,10000,849,test,19.85605582366076,19.85605582366076,1.0,True,0.0,20,15803,33,ao_sca_proximal_physical,analytical_ris_equal_allocation,"[1.8380284421973152, 19.474002971063737, 19.56545615935832, 19.569486410899017, 19.62191226937306, 19.627452223591355, 19.713667805193435, 19.74428622441586, 19.746306663348786, 19.751282097100734, 19.75584378065853, 19.77243141970891, 19.77610930609317, 19.78059580074411, 19.79858331301534, 19.806442458897973, 19.815586188417047, 19.819213271938676, 19.828974012085666, 19.833283410303387, 19.85605582366076]","[{""block"": ""rsma"", ""rho"": 1.0, ""gain"": 17.566970957414032}, {""block"": ""star_ris"", ""rho"": 2.0, ""gain"": 0.069003571452388}, {""block"": ""rsma"", ""rho"": 1.0, ""gain"": 0.0}, {""block"": ""star_ris"", ""rho"": 1.0, ""gain"": 0.09145318829458304}, {""block"": ""rsma"", ""rho"": 1.0, ""gain"": -3.552713678800501e-15}, {""block"": ""star_ris"", ""rho"": 4.0, ""gain"": 0.004030251540701357}, {""block"": ""rsma"", ""rho"": 1.0, ""gain"": 0.0}, {""block"": ""star_ris"", ""rho"": 2.0, ""gain"": 0.052425858474041576}, {""block"": ""rsma"", ""rho"": 1.0, ""gain"": 0.0}, {""block"": ""star_ris"", ""rho"": 64.0, ""gain"": 0.005539954218296117}, {""block"": ""rsma"", ""rho"": 1.0, ""gain"": 0.0}, {""block"": ""star_ris"", ""rho"": 4.0, ""gain"": 0.08621558160207954}, {""block"": ""rsma"", ""rho"": 1.0, ""gain"": 0.0}, {""block"": ""star_ris"", ""rho"": 8.0, ""gain"": 0.030618419222424365}, {""block"": ""rsma"", ""rho"": 1.0, ""gain"": 3.552713678800501e-15}, {""block"": ""star_ris"", ""rho"": 8.0, ""gain"": 0.002020438932923696}, {""block"": ""rsma"", ""rho"": 1.0, ""gain"": 3.552713678800501e-15}, {""block"": ""star_ris"", ""rho"": 64.0, ""gain"": 0.004975433751944536}, {""block"": ""rsma"", ""rho"": 1.0, ""gain"": 0.0}, {""block"": ""star_ris"", ""rho"": 2.0, ""gain"": 0.004561683557795959}, {""block"": ""rsma"", ""rho"": 1.0, ""gain"": -3.552713678800501e-15}, {""block"": ""star_ris"", ""rho"": 4.0, ""gain"": 0.016587639050381853}, {""block"": ""rsma"", ""rho"": 1.0, ""gain"": 0.0}, {""block"": ""star_ris"", ""rho"": 8.0, ""gain"": 0.0036778863842599208}, {""block"": ""rsma"", ""rho"": 1.0, ""gain"": 0.0}, {""block"": ""star_ris"", ""rho"": 2.0, ""gain"": 0.004486494650940642}, {""block"": ""rsma"", ""rho"": 1.0, ""gain"": 0.0}, {""block"": ""star_ris"", ""rho"": 8.0, ""gain"": 0.017987512271229633}, {""block"": ""rsma"", ""rho"": 1.0, ""gain"": 0.0}, {""block"": ""star_ris"", ""rho"": 4.0, ""gain"": 0.007859145882633811}, {""block"": ""rsma"", ""rho"": 1.0, ""gain"": 3.552713678800501e-15}, {""block"": ""star_ris"", ""rho"": 1.0, ""gain"": 0.009143729519070831}, {""block"": ""rsma"", ""rho"": 1.0, ""gain"": -3.552713678800501e-15}, {""block"": ""star_ris"", ""rho"": 8.0, ""gain"": 0.003627083521632102}, {""block"": ""rsma"", ""rho"": 1.0, ""gain"": 0.0}, {""block"": ""star_ris"", ""rho"": 2.0, ""gain"": 0.009760740146990798}, {""block"": ""rsma"", ""rho"": 1.0, ""gain"": 0.0}, {""block"": ""star_ris"", ""rho"": 4.0, ""gain"": 0.004309398217721139}, {""block"": ""rsma"", ""rho"": 1.0, ""gain"": 0.0}, {""block"": ""star_ris"", ""rho"": 1.0, ""gain"": 0.02277241335737301}]",{},8800.975997,895cf8987087c169d7023476c078ebabf24f99fbbc30b65ad7fae1097d95a6fe,fc61d5cda7da39530055bae9bd0e92865f995cd9,f4c80269e5fb3cf553900b2e82f235af875b7c2e33b4ff71ec5d85cc25eb2b4e
ao_sca,128,10000,850,test,19.55370435889612,19.55370435889612,1.0,True,0.0,4,3156,8,ao_sca_proximal_physical,analytical_ris_equal_allocation,"[1.8380241744065196, 19.181192570798743, 19.22091704650664, 19.552280450234974, 19.55370435889612]","[{""block"": ""rsma"", ""rho"": 1.0, ""gain"": 17.308661062267213}, {""block"": ""star_ris"", ""rho"": 8.0, ""gain"": 0.03450733412500995}, {""block"": ""rsma"", ""rho"": 1.0, ""gain"": 0.0}, {""block"": ""star_ris"", ""rho"": 1.0, ""gain"": 0.039724475707895834}, {""block"": ""rsma"", ""rho"": 1.0, ""gain"": 0.0}, {""block"": ""star_ris"", ""rho"": 1.0, ""gain"": 0.3313634037283357}, {""block"": ""rsma"", ""rho"": 1.0, ""gain"": 0.0}, {""block"": ""star_ris"", ""rho"": 1.0, ""gain"": 0.00142390866114539}]",{},1785.76169,895cf8987087c169d7023476c078ebabf24f99fbbc30b65ad7fae1097d95a6fe,fc61d5cda7da39530055bae9bd0e92865f995cd9,f4c80269e5fb3cf553900b2e82f235af875b7c2e33b4ff71ec5d85cc25eb2b4e
ao_sca,128,10000,851,test,19.63582074101751,19.63582074101751,1.0,True,0.0,13,10272,26,ao_sca_proximal_physical,analytical_ris_equal_allocation,"[1.8380184843926601, 18.944027115606623, 19.00473195899766, 19.033838820349356, 19.040980686470174, 19.36854208105287, 19.39326165075648, 19.398628221065444, 19.40215432611952, 19.508876466970285, 19.539293695630285, 19.620832878669617, 19.635495470307475, 19.63582074101751]","[{""block"": ""rsma"", ""rho"": 1.0, ""gain"": 16.812876849909006}, {""block"": ""star_ris"", ""rho"": 2.0, ""gain"": 0.29313178130495743}, {""block"": ""rsma"", ""rho"": 1.0, ""gain"": 0.0}, {""block"": ""star_ris"", ""rho"": 8.0, ""gain"": 0.060704843391036434}, {""block"": ""rsma"", ""rho"": 1.0, ""gain"": -3.552713678800501e-15}, {""block"": ""star_ris"", ""rho"": 16.0, ""gain"": 0.02910686135169982}, {""block"": ""rsma"", ""rho"": 1.0, ""gain"": 0.0}, {""block"": ""star_ris"", ""rho"": 64.0, ""gain"": 0.007141866120818463}, {""block"": ""rsma"", ""rho"": 1.0, ""gain"": 0.0}, {""block"": ""star_ris"", ""rho"": 1.0, ""gain"": 0.32756139458269473}, {""block"": ""rsma"", ""rho"": 1.0, ""gain"": 3.552713678800501e-15}, {""block"": ""star_ris"", ""rho"": 1.0, ""gain"": 0.024719569703606226}, {""block"": ""rsma"", ""rho"": 1.0, ""gain"": 0.0}, {""block"": ""star_ris"", ""rho"": 4.0, ""gain"": 0.005366570308964924}, {""block"": ""rsma"", ""rho"": 1.0, ""gain"": -3.552713678800501e-15}, {""block"": ""star_ris"", ""rho"": 1.0, ""gain"": 0.0035261050540782435}, {""block"": ""rsma"", ""rho"": 1.0, ""gain"": 3.552713678800501e-15}, {""block"": ""star_ris"", ""rho"": 2.0, ""gain"": 0.10672214085076348}, {""block"": ""rsma"", ""rho"": 1.0, ""gain"": 0.0}, {""block"": ""star_ris"", ""rho"": 2.0, ""gain"": 0.030417228659999296}, {""block"": ""rsma"", ""rho"": 1.0, ""gain"": 3.552713678800501e-15}, {""block"": ""star_ris"", ""rho"": 4.0, ""gain"": 0.08153918303932883}, {""block"": ""rsma"", ""rho"": 1.0, ""gain"": 3.552713678800501e-15}, {""block"": ""star_ris"", ""rho"": 16.0, ""gain"": 0.01466259163785466}, {""block"": ""rsma"", ""rho"": 1.0, ""gain"": -3.552713678800501e-15}, {""block"": ""star_ris"", ""rho"": 8.0, ""gain"": 0.0003252707100394048}]",{},5645.150434,895cf8987087c169d7023476c078ebabf24f99fbbc30b65ad7fae1097d95a6fe,fc61d5cda7da39530055bae9bd0e92865f995cd9,f4c80269e5fb3cf553900b2e82f235af875b7c2e33b4ff71ec5d85cc25eb2b4e
ao_sca,128,10000,852,test,19.858456046338624,19.858456046338624,1.0,True,0.0,20,15804,34,ao_sca_proximal_physical,analytical_ris_equal_allocation,"[1.8380278343751526, 19.458327038237737, 19.461163917388, 19.508206389348032, 19.578265994570863, 19.581661636057973, 19.604494140186354, 19.61572122558119, 19.637523461537242, 19.642799709632524, 19.653528908778426, 19.662854361132865, 19.694869911667453, 19.73712384459649, 19.740973036001694, 19.745648313112465, 19.75826031506913, 19.83778058297082, 19.83977121549256, 19.85256102946198, 19.858456046338624]","[{""block"": ""rsma"", ""rho"": 1.0, ""gain"": 17.61983010228516}, {""block"": ""star_ris"", ""rho"": 32.0, ""gain"": 0.00046910157742274805}, {""block"": ""rsma"", ""rho"": 1.0, ""gain"": 0.0}, {""block"": ""star_ris"", ""rho"": 4.0, ""gain"": 0.002836879150262206}, {""block"": ""rsma"", ""rho"": 1.0, ""gain"": 0.0}, {""block"": ""star_ris"", ""rho"": 1.0, ""gain"": 0.04704247196003308}, {""block"": ""rsma"", ""rho"": 1.0, ""gain"": 0.0}, {""block"": ""star_ris"", ""rho"": 4.0, ""gain"": 0.07005960522283061}, {""block"": ""rsma"", ""rho"": 1.0, ""gain"": 0.0}, {""block"": ""star_ris"", ""rho"": 4.0, ""gain"": 0.0033956414871099128}, {""block"": ""rsma"", ""rho"": 1.0, ""gain"": 0.0}, {""block"": ""star_ris"", ""rho"": 16.0, ""gain"": 0.022832504128381004}, {""block"": ""rsma"", ""rho"": 1.0, ""gain"": 0.0}, {""block"": ""star_ris"", ""rho"": 32.0, ""gain"": 0.011227085394835967}, {""block"": ""rsma"", ""rho"": 1.0, ""gain"": 0.0}, {""block"": ""star_ris"", ""rho"": 4.0, ""gain"": 0.02180223595605213}, {""block"": ""rsma"", ""rho"": 1.0, ""gain"": 0.0}, {""block"": ""star_ris"", ""rho"": 8.0, ""gain"": 0.005276248095281488}, {""block"": ""rsma"", ""rho"": 1.0, ""gain"": 0.0}, {""block"": ""star_ris"", ""rho"": 2.0, ""gain"": 0.010729199145902868}, {""block"": ""rsma"", ""rho"": 1.0, ""gain"": 0.0}, {""block"": ""star_ris"", ""rho"": 4.0, ""gain"": 0.009325452354438823}, {""block"": ""rsma"", ""rho"": 1.0, ""gain"": 0.0}, {""block"": ""star_ris"", ""rho"": 2.0, ""gain"": 0.032015550534588044}, {""block"": ""rsma"", ""rho"": 1.0, ""gain"": 0.0}, {""block"": ""star_ris"", ""rho"": 1.0, ""gain"": 0.0422539329290359}, {""block"": ""rsma"", ""rho"": 1.0, ""gain"": 0.0}, {""block"": ""star_ris"", ""rho"": 4.0, ""gain"": 0.0038491914052052323}, {""block"": ""rsma"", ""rho"": 1.0, ""gain"": 0.0}, {""block"": ""star_ris"", ""rho"": 2.0, ""gain"": 0.004675277110770537}, {""block"": ""rsma"", ""rho"": 1.0, ""gain"": 0.0}, {""block"": ""star_ris"", ""rho"": 2.0, ""gain"": 0.012612001956664898}, {""block"": ""rsma"", ""rho"": 1.0, ""gain"": 0.0}, {""block"": ""star_ris"", ""rho"": 1.0, ""gain"": 0.07952026790168887}, {""block"": ""rsma"", ""rho"": 1.0, ""gain"": 0.0}, {""block"": ""star_ris"", ""rho"": 16.0, ""gain"": 0.0019906325217426968}, {""block"": ""rsma"", ""rho"": 1.0, ""gain"": 0.0}, {""block"": ""star_ris"", ""rho"": 8.0, ""gain"": 0.012789813969419583}, {""block"": ""rsma"", ""rho"": 1.0, ""gain"": 0.0}, {""block"": ""star_ris"", ""rho"": 8.0, ""gain"": 0.005895016876642956}]",{},8558.439787,895cf8987087c169d7023476c078ebabf24f99fbbc30b65ad7fae1097d95a6fe,fc61d5cda7da39530055bae9bd0e92865f995cd9,f4c80269e5fb3cf553900b2e82f235af875b7c2e33b4ff71ec5d85cc25eb2b4e
ao_sca,128,10000,853,test,19.863448862949,19.863448862949,1.0,True,0.0,11,8675,22,ao_sca_proximal_physical,analytical_ris_equal_allocation,"[1.8380226274921971, 19.22427731616286, 19.32798155780898, 19.442184339672618, 19.51695058074887, 19.55960570413642, 19.805310724518005, 19.813525342235742, 19.836781577902514, 19.84469645680767, 19.863108120852804, 19.863448862949]","[{""block"": ""rsma"", ""rho"": 1.0, ""gain"": 17.016118637106022}, {""block"": ""star_ris"", ""rho"": 1.0, ""gain"": 0.37013605156463925}, {""block"": ""rsma"", ""rho"": 1.0, ""gain"": 0.0}, {""block"": ""star_ris"", ""rho"": 1.0, ""gain"": 0.10370424164612047}, {""block"": ""rsma"", ""rho"": 1.0, ""gain"": 0.0}, {""block"": ""star_ris"", ""rho"": 1.0, ""gain"": 0.1142027818636393}, {""block"": ""rsma"", ""rho"": 1.0, ""gain"": 0.0}, {""block"": ""star_ris"", ""rho"": 1.0, ""gain"": 0.07476624107625085}, {""block"": ""rsma"", ""rho"": 1.0, ""gain"": -3.552713678800501e-15}, {""block"": ""star_ris"", ""rho"": 1.0, ""gain"": 0.04265512338755428}, {""block"": ""rsma"", ""rho"": 1.0, ""gain"": 0.0}, {""block"": ""star_ris"", ""rho"": 1.0, ""gain"": 0.24570502038158537}, {""block"": ""rsma"", ""rho"": 1.0, ""gain"": 3.552713678800501e-15}, {""block"": ""star_ris"", ""rho"": 4.0, ""gain"": 0.008214617717733574}, {""block"": ""rsma"", ""rho"": 1.0, ""gain"": 0.0}, {""block"": ""star_ris"", ""rho"": 2.0, ""gain"": 0.023256235666771374}, {""block"": ""rsma"", ""rho"": 1.0, ""gain"": 0.0}, {""block"": ""star_ris"", ""rho"": 2.0, ""gain"": 0.007914878905157963}, {""block"": ""rsma"", ""rho"": 1.0, ""gain"": 3.552713678800501e-15}, {""block"": ""star_ris"", ""rho"": 2.0, ""gain"": 0.018411664045128617}, {""block"": ""rsma"", ""rho"": 1.0, ""gain"": 3.552713678800501e-15}, {""block"": ""star_ris"", ""rho"": 2.0, ""gain"": 0.0003407420961920593}]",{},4731.705697,895cf8987087c169d7023476c078ebabf24f99fbbc30b65ad7fae1097d95a6fe,fc61d5cda7da39530055bae9bd0e92865f995cd9,f4c80269e5fb3cf553900b2e82f235af875b7c2e33b4ff71ec5d85cc25eb2b4e
ao_sca,128,10000,854,test,19.279625940458857,19.279625940458857,1.0,True,0.0,11,8694,18,ao_sca_proximal_physical,analytical_ris_equal_allocation,"[1.838002257878996, 18.462964854252224, 18.619138060988348, 19.13263246402964, 19.136259218150457, 19.13824892048286, 19.14165267466292, 19.150188907240633, 19.187026639341205, 19.246502570932186, 19.27952235332406, 19.279625940458857]","[{""block"": ""rsma"", ""rho"": 1.0, ""gain"": 16.205101961386625}, {""block"": ""star_ris"", ""rho"": 2.0, ""gain"": 0.41986063498660187}, {""block"": ""rsma"", ""rho"": 1.0, ""gain"": 0.0}, {""block"": ""star_ris"", ""rho"": 4.0, ""gain"": 0.15617320673612411}, {""block"": ""rsma"", ""rho"": 1.0, ""gain"": 0.0}, {""block"": ""star_ris"", ""rho"": 1.0, ""gain"": 0.5134944030412925}, {""block"": ""rsma"", ""rho"": 1.0, ""gain"": -3.552713678800501e-15}, {""block"": ""star_ris"", ""rho"": 8.0, ""gain"": 0.0036267541208196974}, {""block"": ""rsma"", ""rho"": 1.0, ""gain"": 0.0}, {""block"": ""star_ris"", ""rho"": 2.0, ""gain"": 0.0019897023324020324}, {""block"": ""rsma"", ""rho"": 1.0, ""gain"": 0.0}, {""block"": ""star_ris"", ""rho"": 64.0, ""gain"": 0.00340375418006289}, {""block"": ""rsma"", ""rho"": 1.0, ""gain"": 0.0}, {""block"": ""star_ris"", ""rho"": 4.0, ""gain"": 0.00853623257771119}, {""block"": ""rsma"", ""rho"": 1.0, ""gain"": 7.105427357601002e-15}, {""block"": ""star_ris"", ""rho"": 8.0, ""gain"": 0.03683773210056529}, {""block"": ""rsma"", ""rho"": 1.0, ""gain"": -3.552713678800501e-15}, {""block"": ""star_ris"", ""rho"": 4.0, ""gain"": 0.05947593159098474}, {""block"": ""rsma"", ""rho"": 1.0, ""gain"": 0.0}, {""block"": ""star_ris"", ""rho"": 1.0, ""gain"": 0.033019782391875196}, {""block"": ""rsma"", ""rho"": 1.0, ""gain"": 0.0}, {""block"": ""star_ris"", ""rho"": 32.0, ""gain"": 0.0001035871347951911}]",{},4672.065577,895cf8987087c169d7023476c078ebabf24f99fbbc30b65ad7fae1097d95a6fe,fc61d5cda7da39530055bae9bd0e92865f995cd9,f4c80269e5fb3cf553900b2e82f235af875b7c2e33b4ff71ec5d85cc25eb2b4e
ao_sca,128,10000,855,test,19.65949235044762,19.65949235044762,1.0,True,0.0,9,7110,18,ao_sca_proximal_physical,analytical_ris_equal_allocation,"[1.8380237847045524, 19.281426439720544, 19.388621106732383, 19.557378790361682, 19.570906687499047, 19.60955113721754, 19.614272294381575, 19.62555388824601, 19.658487294525397, 19.65949235044762]","[{""block"": ""rsma"", ""rho"": 1.0, ""gain"": 17.427307308567215}, {""block"": ""star_ris"", ""rho"": 1.0, ""gain"": 0.016095346448775416}, {""block"": ""rsma"", ""rho"": 1.0, ""gain"": 0.0}, {""block"": ""star_ris"", ""rho"": 1.0, ""gain"": 0.10719466701183933}, {""block"": ""rsma"", ""rho"": 1.0, ""gain"": -3.552713678800501e-15}, {""block"": ""star_ris"", ""rho"": 1.0, ""gain"": 0.16875768362930188}, {""block"": ""rsma"", ""rho"": 1.0, ""gain"": 0.0}, {""block"": ""star_ris"", ""rho"": 4.0, ""gain"": 0.01352789713736513}, {""block"": ""rsma"", ""rho"": 1.0, ""gain"": 0.0}, {""block"": ""star_ris"", ""rho"": 8.0, ""gain"": 0.038644449718493235}, {""block"": ""rsma"", ""rho"": 1.0, ""gain"": 0.0}, {""block"": ""star_ris"", ""rho"": 64.0, ""gain"": 0.004721157164034651}, {""block"": ""rsma"", ""rho"": 1.0, ""gain"": 0.0}, {""block"": ""star_ris"", ""rho"": 2.0, ""gain"": 0.01128159386443528}, {""block"": ""rsma"", ""rho"": 1.0, ""gain"": -3.552713678800501e-15}, {""block"": ""star_ris"", ""rho"": 8.0, ""gain"": 0.032933406279390454}, {""block"": ""rsma"", ""rho"": 1.0, ""gain"": 3.552713678800501e-15}, {""block"": ""star_ris"", ""rho"": 4.0, ""gain"": 0.0010050559222207767}]",{},3888.114191,895cf8987087c169d7023476c078ebabf24f99fbbc30b65ad7fae1097d95a6fe,fc61d5cda7da39530055bae9bd0e92865f995cd9,f4c80269e5fb3cf553900b2e82f235af875b7c2e33b4ff71ec5d85cc25eb2b4e
ao_sca,128,10000,856,test,19.954497944091543,19.954497944091543,1.0,True,0.0,5,3945,9,ao_sca_proximal_physical,analytical_ris_equal_allocation,"[1.8380290981350778, 19.565475029511223, 19.667544516913168, 19.87784898414374, 19.952920357002533, 19.954497944091543]","[{""block"": ""rsma"", ""rho"": 1.0, ""gain"": 17.269933288620415}, {""block"": ""star_ris"", ""rho"": 1.0, ""gain"": 0.4575126427557308}, {""block"": ""rsma"", ""rho"": 1.0, ""gain"": 3.552713678800501e-15}, {""block"": ""star_ris"", ""rho"": 1.0, ""gain"": 0.10206948740194122}, {""block"": ""rsma"", ""rho"": 1.0, ""gain"": -7.105427357601002e-15}, {""block"": ""star_ris"", ""rho"": 1.0, ""gain"": 0.2103044672305785}, {""block"": ""rsma"", ""rho"": 1.0, ""gain"": 0.0}, {""block"": ""star_ris"", ""rho"": 1.0, ""gain"": 0.07507137285879395}, {""block"": ""rsma"", ""rho"": 1.0, ""gain"": 0.0}, {""block"": ""star_ris"", ""rho"": 16.0, ""gain"": 0.001577587089009569}]",{},2161.032482,895cf8987087c169d7023476c078ebabf24f99fbbc30b65ad7fae1097d95a6fe,fc61d5cda7da39530055bae9bd0e92865f995cd9,f4c80269e5fb3cf553900b2e82f235af875b7c2e33b4ff71ec5d85cc25eb2b4e
ao_sca,128,10000,857,test,19.071618145896355,19.071618145896355,1.0,True,0.0,3,2369,6,ao_sca_proximal_physical,analytical_ris_equal_allocation,"[1.8380138220793278, 18.87522682680015, 19.069733658218148, 19.071618145896355]","[{""block"": ""rsma"", ""rho"": 1.0, ""gain"": 17.03652769790003}, {""block"": ""star_ris"", ""rho"": 2.0, ""gain"": 0.000685306820791709}, {""block"": ""rsma"", ""rho"": 1.0, ""gain"": 3.552713678800501e-15}, {""block"": ""star_ris"", ""rho"": 1.0, ""gain"": 0.19450683141799274}, {""block"": ""rsma"", ""rho"": 1.0, ""gain"": 0.0}, {""block"": ""star_ris"", ""rho"": 8.0, ""gain"": 0.0018844876782075914}]",{},1300.271125,895cf8987087c169d7023476c078ebabf24f99fbbc30b65ad7fae1097d95a6fe,fc61d5cda7da39530055bae9bd0e92865f995cd9,f4c80269e5fb3cf553900b2e82f235af875b7c2e33b4ff71ec5d85cc25eb2b4e
ao_sca,128,10000,858,test,20.014630134209952,20.014630134209952,1.0,True,0.0,7,5533,13,ao_sca_proximal_physical,analytical_ris_equal_allocation,"[1.838033061549748, 19.767365587439123, 19.895018756684834, 19.93808828569457, 19.981975063705285, 20.003201090066177, 20.01364578485076, 20.014630134209952]","[{""block"": ""rsma"", ""rho"": 1.0, ""gain"": 17.690286965210827}, {""block"": ""star_ris"", ""rho"": 1.0, ""gain"": 0.23904556067854799}, {""block"": ""rsma"", ""rho"": 1.0, ""gain"": -3.552713678800501e-15}, {""block"": ""star_ris"", ""rho"": 2.0, ""gain"": 0.1276531692457148}, {""block"": ""rsma"", ""rho"": 1.0, ""gain"": 3.552713678800501e-15}, {""block"": ""star_ris"", ""rho"": 2.0, ""gain"": 0.043069529009731156}, {""block"": ""rsma"", ""rho"": 1.0, ""gain"": 0.0}, {""block"": ""star_ris"", ""rho"": 8.0, ""gain"": 0.04388677801071594}, {""block"": ""rsma"", ""rho"": 1.0, ""gain"": 0.0}, {""block"": ""star_ris"", ""rho"": 16.0, ""gain"": 0.021226026360892547}, {""block"": ""rsma"", ""rho"": 1.0, ""gain"": 0.0}, {""block"": ""star_ris"", ""rho"": 32.0, ""gain"": 0.010444694784581543}, {""block"": ""rsma"", ""rho"": 1.0, ""gain"": 0.0}, {""block"": ""star_ris"", ""rho"": 4.0, ""gain"": 0.0009843493591930041}]",{},2964.0365,895cf8987087c169d7023476c078ebabf24f99fbbc30b65ad7fae1097d95a6fe,fc61d5cda7da39530055bae9bd0e92865f995cd9,f4c80269e5fb3cf553900b2e82f235af875b7c2e33b4ff71ec5d85cc25eb2b4e
ao_sca,128,10000,859,test,19.630424589379324,19.630424589379324,1.0,True,0.0,3,2366,6,ao_sca_proximal_physical,analytical_ris_equal_allocation,"[1.8380276818850243, 19.616083577000474, 19.62979261997088, 19.630424589379324]","[{""block"": ""rsma"", ""rho"": 1.0, ""gain"": 17.470415109390697}, {""block"": ""star_ris"", ""rho"": 1.0, ""gain"": 0.30764078572475384}, {""block"": ""rsma"", ""rho"": 1.0, ""gain"": -7.105427357601002e-15}, {""block"": ""star_ris"", ""rho"": 1.0, ""gain"": 0.013709042970411645}, {""block"": ""rsma"", ""rho"": 1.0, ""gain"": 0.0}, {""block"": ""star_ris"", ""rho"": 2.0, ""gain"": 0.0006319694084453431}]",{},1308.516023,895cf8987087c169d7023476c078ebabf24f99fbbc30b65ad7fae1097d95a6fe,fc61d5cda7da39530055bae9bd0e92865f995cd9,f4c80269e5fb3cf553900b2e82f235af875b7c2e33b4ff71ec5d85cc25eb2b4e
ao_sca,128,10000,860,test,19.39913095291426,19.39913095291426,1.0,True,0.0,8,6325,13,ao_sca_proximal_physical,analytical_ris_equal_allocation,"[1.8380204999228158, 19.032304774702588, 19.06334889008244, 19.078558819000722, 19.30651012963089, 19.379784127771252, 19.3891689473486, 19.39861787898667, 19.39913095291426]","[{""block"": ""rsma"", ""rho"": 1.0, ""gain"": 16.89899682567987}, {""block"": ""star_ris"", ""rho"": 2.0, ""gain"": 0.29528744909990223}, {""block"": ""rsma"", ""rho"": 1.0, ""gain"": 0.0}, {""block"": ""star_ris"", ""rho"": 16.0, ""gain"": 0.031044115379852855}, {""block"": ""rsma"", ""rho"": 1.0, ""gain"": 0.0}, {""block"": ""star_ris"", ""rho"": 32.0, ""gain"": 0.015209928918281435}, {""block"": ""rsma"", ""rho"": 1.0, ""gain"": 0.0}, {""block"": ""star_ris"", ""rho"": 2.0, ""gain"": 0.22795131063016782}, {""block"": ""rsma"", ""rho"": 1.0, ""gain"": -3.552713678800501e-15}, {""block"": ""star_ris"", ""rho"": 4.0, ""gain"": 0.07327399814036539}, {""block"": ""rsma"", ""rho"": 1.0, ""gain"": 0.0}, {""block"": ""star_ris"", ""rho"": 2.0, ""gain"": 0.009384819577348935}, {""block"": ""rsma"", ""rho"": 1.0, ""gain"": 0.0}, {""block"": ""star_ris"", ""rho"": 16.0, ""gain"": 0.009448931638068814}, {""block"": ""rsma"", ""rho"": 1.0, ""gain"": 0.0}, {""block"": ""star_ris"", ""rho"": 4.0, ""gain"": 0.0005130739275891472}]",{},3429.218495,895cf8987087c169d7023476c078ebabf24f99fbbc30b65ad7fae1097d95a6fe,fc61d5cda7da39530055bae9bd0e92865f995cd9,f4c80269e5fb3cf553900b2e82f235af875b7c2e33b4ff71ec5d85cc25eb2b4e
ao_sca,128,10000,861,test,19.83557090449076,19.83557090449076,1.0,True,0.0,5,3947,8,ao_sca_proximal_physical,analytical_ris_equal_allocation,"[1.8380332955543373, 19.784286083055928, 19.78661962198174, 19.800519379534688, 19.833913792001994, 19.83557090449076]","[{""block"": ""rsma"", ""rho"": 1.0, ""gain"": 17.92934860264234}, {""block"": ""star_ris"", ""rho"": 1.0, ""gain"": 0.01690418485925349}, {""block"": ""rsma"", ""rho"": 1.0, ""gain"": 3.552713678800501e-15}, {""block"": ""star_ris"", ""rho"": 4.0, ""gain"": 0.0023335389258072325}, {""block"": ""rsma"", ""rho"": 1.0, ""gain"": 0.0}, {""block"": ""star_ris"", ""rho"": 4.0, ""gain"": 0.0138997575529487}, {""block"": ""rsma"", ""rho"": 1.0, ""gain"": 0.0}, {""block"": ""star_ris"", ""rho"": 2.0, ""gain"": 0.03339441246730601}, {""block"": ""rsma"", ""rho"": 1.0, ""gain"": -3.552713678800501e-15}, {""block"": ""star_ris"", ""rho"": 2.0, ""gain"": 0.0016571124887683197}]",{},2218.255128,895cf8987087c169d7023476c078ebabf24f99fbbc30b65ad7fae1097d95a6fe,fc61d5cda7da39530055bae9bd0e92865f995cd9,f4c80269e5fb3cf553900b2e82f235af875b7c2e33b4ff71ec5d85cc25eb2b4e
ao_sca,128,10000,862,test,19.4654929424534,19.4654929424534,1.0,True,0.0,4,3160,8,ao_sca_proximal_physical,analytical_ris_equal_allocation,"[1.8380223938222886, 19.115815462671684, 19.42418985150575, 19.46547367945568, 19.4654929424534]","[{""block"": ""rsma"", ""rho"": 1.0, ""gain"": 17.23782167579947}, {""block"": ""star_ris"", ""rho"": 1.0, ""gain"": 0.039971393049924586}, {""block"": ""rsma"", ""rho"": 1.0, ""gain"": 3.552713678800501e-15}, {""block"": ""star_ris"", ""rho"": 1.0, ""gain"": 0.3083743888340642}, {""block"": ""rsma"", ""rho"": 1.0, ""gain"": 0.0}, {""block"": ""star_ris"", ""rho"": 1.0, ""gain"": 0.04128382794992902}, {""block"": ""rsma"", ""rho"": 1.0, ""gain"": 0.0}, {""block"": ""star_ris"", ""rho"": 128.0, ""gain"": 1.9262997717817143e-05}]",{},1740.857684,895cf8987087c169d7023476c078ebabf24f99fbbc30b65ad7fae1097d95a6fe,fc61d5cda7da39530055bae9bd0e92865f995cd9,f4c80269e5fb3cf553900b2e82f235af875b7c2e33b4ff71ec5d85cc25eb2b4e
ao_sca,128,10000,863,test,19.638398619554664,19.638398619554664,1.0,True,0.0,6,4742,11,ao_sca_proximal_physical,analytical_ris_equal_allocation,"[1.838025203494143, 19.338496303718916, 19.375186329111568, 19.40992550026857, 19.534659861416053, 19.638288119302096, 19.638398619554664]","[{""block"": ""rsma"", ""rho"": 1.0, ""gain"": 17.490541574076683}, {""block"": ""star_ris"", ""rho"": 4.0, ""gain"": 0.009929526148088286}, {""block"": ""rsma"", ""rho"": 1.0, ""gain"": 0.0}, {""block"": ""star_ris"", ""rho"": 1.0, ""gain"": 0.03669002539265165}, {""block"": ""rsma"", ""rho"": 1.0, ""gain"": 0.0}, {""block"": ""star_ris"", ""rho"": 2.0, ""gain"": 0.03473917115700331}, {""block"": ""rsma"", ""rho"": 1.0, ""gain"": 0.0}, {""block"": ""star_ris"", ""rho"": 1.0, ""gain"": 0.12473436114748182}, {""block"": ""rsma"", ""rho"": 1.0, ""gain"": 0.0}, {""block"": ""star_ris"", ""rho"": 2.0, ""gain"": 0.10362825788604368}, {""block"": ""rsma"", ""rho"": 1.0, ""gain"": 0.0}, {""block"": ""star_ris"", ""rho"": 512.0, ""gain"": 0.00011050025256764684}]",{},2527.546231,895cf8987087c169d7023476c078ebabf24f99fbbc30b65ad7fae1097d95a6fe,fc61d5cda7da39530055bae9bd0e92865f995cd9,f4c80269e5fb3cf553900b2e82f235af875b7c2e33b4ff71ec5d85cc25eb2b4e
ao_sca,128,10000,864,test,19.6832731850924,19.6832731850924,1.0,True,0.0,10,7908,19,ao_sca_proximal_physical,analytical_ris_equal_allocation,"[1.838021242633588, 18.947438207064522, 19.08989773879471, 19.155015670128357, 19.18627045634906, 19.246411584314384, 19.275382468360682, 19.28961209181208, 19.473577551856025, 19.68196344058259, 19.6832731850924]","[{""block"": ""rsma"", ""rho"": 1.0, ""gain"": 16.753117511011062}, {""block"": ""star_ris"", ""rho"": 2.0, ""gain"": 0.35629945341987224}, {""block"": ""rsma"", ""rho"": 1.0, ""gain"": -3.552713678800501e-15}, {""block"": ""star_ris"", ""rho"": 4.0, ""gain"": 0.14245953173019288}, {""block"": ""rsma"", ""rho"": 1.0, ""gain"": 0.0}, {""block"": ""star_ris"", ""rho"": 8.0, ""gain"": 0.06511793133364563}, {""block"": ""rsma"", ""rho"": 1.0, ""gain"": 0.0}, {""block"": ""star_ris"", ""rho"": 16.0, ""gain"": 0.03125478622070332}, {""block"": ""rsma"", ""rho"": 1.0, ""gain"": 0.0}, {""block"": ""star_ris"", ""rho"": 8.0, ""gain"": 0.06014112796532345}, {""block"": ""rsma"", ""rho"": 1.0, ""gain"": 3.552713678800501e-15}, {""block"": ""star_ris"", ""rho"": 16.0, ""gain"": 0.028970884046294998}, {""block"": ""rsma"", ""rho"": 1.0, ""gain"": -3.552713678800501e-15}, {""block"": ""star_ris"", ""rho"": 32.0, ""gain"": 0.014229623451402773}, {""block"": ""rsma"", ""rho"": 1.0, ""gain"": -3.552713678800501e-15}, {""block"": ""star_ris"", ""rho"": 1.0, ""gain"": 0.18396546004394665}, {""block"": ""rsma"", ""rho"": 1.0, ""gain"": 0.0}, {""block"": ""star_ris"", ""rho"": 2.0, ""gain"": 0.20838588872656416}, {""block"": ""rsma"", ""rho"": 1.0, ""gain"": -3.552713678800501e-15}, {""block"": ""star_ris"", ""rho"": 16.0, ""gain"": 0.001309744509814692}]",{},4386.017573,895cf8987087c169d7023476c078ebabf24f99fbbc30b65ad7fae1097d95a6fe,fc61d5cda7da39530055bae9bd0e92865f995cd9,f4c80269e5fb3cf553900b2e82f235af875b7c2e33b4ff71ec5d85cc25eb2b4e
ao_sca,128,10000,865,test,19.73714210484212,19.73714210484212,1.0,True,0.0,13,10276,22,ao_sca_proximal_physical,analytical_ris_equal_allocation,"[1.838020619301135, 18.682206811039105, 18.768457307033884, 18.808966437357938, 19.370349074241105, 19.502062924976205, 19.509973729064647, 19.622579749308606, 19.64860708272657, 19.660935094097322, 19.67703293500312, 19.72170610664022, 19.73613450221673, 19.737142104842118]","[{""block"": ""rsma"", ""rho"": 1.0, ""gain"": 16.83309675396155}, {""block"": ""star_ris"", ""rho"": 64.0, ""gain"": 0.011089437776423239}, {""block"": ""rsma"", ""rho"": 1.0, ""gain"": 0.0}, {""block"": ""star_ris"", ""rho"": 8.0, ""gain"": 0.08625049599477919}, {""block"": ""rsma"", ""rho"": 1.0, ""gain"": 0.0}, {""block"": ""star_ris"", ""rho"": 16.0, ""gain"": 0.0405091303240539}, {""block"": ""rsma"", ""rho"": 1.0, ""gain"": -3.552713678800501e-15}, {""block"": ""star_ris"", ""rho"": 1.0, ""gain"": 0.5613826368831702}, {""block"": ""rsma"", ""rho"": 1.0, ""gain"": 0.0}, {""block"": ""star_ris"", ""rho"": 1.0, ""gain"": 0.13171385073509967}, {""block"": ""rsma"", ""rho"": 1.0, ""gain"": 0.0}, {""block"": ""star_ris"", ""rho"": 2.0, ""gain"": 0.007910804088442802}, {""block"": ""rsma"", ""rho"": 1.0, ""gain"": 0.0}, {""block"": ""star_ris"", ""rho"": 4.0, ""gain"": 0.11260602024395894}, {""block"": ""rsma"", ""rho"": 1.0, ""gain"": 3.552713678800501e-15}, {""block"": ""star_ris"", ""rho"": 16.0, ""gain"": 0.02602733341796082}, {""block"": ""rsma"", ""rho"": 1.0, ""gain"": 0.0}, {""block"": ""star_ris"", ""rho"": 4.0, ""gain"": 0.012328011370751568}, {""block"": ""rsma"", ""rho"": 1.0, ""gain"": 0.0}, {""block"": ""star_ris"", ""rho"": 1.0, ""gain"": 0.0160978409057968}, {""block"": ""rsma"", ""rho"": 1.0, ""gain"": -3.552713678800501e-15}, {""block"": ""star_ris"", ""rho"": 8.0, ""gain"": 0.04467317163710405}, {""block"": ""rsma"", ""rho"": 1.0, ""gain"": 0.0}, {""block"": ""star_ris"", ""rho"": 1.0, ""gain"": 0.01442839557650899}, {""block"": ""rsma"", ""rho"": 1.0, ""gain"": 0.0}, {""block"": ""star_ris"", ""rho"": 64.0, ""gain"": 0.0010076026253891257}]",{},5538.113174,895cf8987087c169d7023476c078ebabf24f99fbbc30b65ad7fae1097d95a6fe,fc61d5cda7da39530055bae9bd0e92865f995cd9,f4c80269e5fb3cf553900b2e82f235af875b7c2e33b4ff71ec5d85cc25eb2b4e
ao_sca,128,10000,866,test,19.73991421623577,19.73991421623577,1.0,True,0.0,20,15787,38,ao_sca_proximal_physical,analytical_ris_equal_allocation,"[1.8380154031174076, 18.902329849969853, 18.912985457404943, 18.937700780106812, 18.948578742671085, 19.06484777520183, 19.369876006662217, 19.377606386413422, 19.419590010742127, 19.48570549966744, 19.497163435721493, 19.53624782290123, 19.567291405238777, 19.58524014311483, 19.607998446383277, 19.61933859072352, 19.66948621076122, 19.673185301365216, 19.685854516424133, 19.7127180551515, 19.739914216235775]","[{""block"": ""rsma"", ""rho"": 1.0, ""gain"": 17.061703557423716}, {""block"": ""star_ris"", ""rho"": 16.0, ""gain"": 0.002610889428730445}, {""block"": ""rsma"", ""rho"": 1.0, ""gain"": 0.0}, {""block"": ""star_ris"", ""rho"": 4.0, ""gain"": 0.01065560743509053}, {""block"": ""rsma"", ""rho"": 1.0, ""gain"": 0.0}, {""block"": ""star_ris"", ""rho"": 2.0, ""gain"": 0.02471532270186927}, {""block"": ""rsma"", ""rho"": 1.0, ""gain"": -3.552713678800501e-15}, {""block"": ""star_ris"", ""rho"": 1.0, ""gain"": 0.010877962564276089}, {""block"": ""rsma"", ""rho"": 1.0, ""gain"": 3.552713678800501e-15}, {""block"": ""star_ris"", ""rho"": 1.0, ""gain"": 0.11626903253074161}, {""block"": ""rsma"", ""rho"": 1.0, ""gain"": 3.552713678800501e-15}, {""block"": ""star_ris"", ""rho"": 1.0, ""gain"": 0.3050282314603834}, {""block"": ""rsma"", ""rho"": 1.0, ""gain"": 0.0}, {""block"": ""star_ris"", ""rho"": 2.0, ""gain"": 0.007730379751205163}, {""block"": ""rsma"", ""rho"": 1.0, ""gain"": 0.0}, {""block"": ""star_ris"", ""rho"": 4.0, ""gain"": 0.041983624328704394}, {""block"": ""rsma"", ""rho"": 1.0, ""gain"": 0.0}, {""block"": ""star_ris"", ""rho"": 2.0, ""gain"": 0.0661154889253126}, {""block"": ""rsma"", ""rho"": 1.0, ""gain"": 7.105427357601002e-15}, {""block"": ""star_ris"", ""rho"": 4.0, ""gain"": 0.011457936054046769}, {""block"": ""rsma"", ""rho"": 1.0, ""gain"": 3.552713678800501e-15}, {""block"": ""star_ris"", ""rho"": 2.0, ""gain"": 0.03908438717973439}, {""block"": ""rsma"", ""rho"": 1.0, ""gain"": 0.0}, {""block"": ""star_ris"", ""rho"": 2.0, ""gain"": 0.031043582337545672}, {""block"": ""rsma"", ""rho"": 1.0, ""gain"": 0.0}, {""block"": ""star_ris"", ""rho"": 1.0, ""gain"": 0.01794873787605411}, {""block"": ""rsma"", ""rho"": 1.0, ""gain"": 0.0}, {""block"": ""star_ris"", ""rho"": 2.0, ""gain"": 0.02275830326844641}, {""block"": ""rsma"", ""rho"": 1.0, ""gain"": 0.0}, {""block"": ""star_ris"", ""rho"": 16.0, ""gain"": 0.011340144340241665}, {""block"": ""rsma"", ""rho"": 1.0, ""gain"": -3.552713678800501e-15}, {""block"": ""star_ris"", ""rho"": 2.0, ""gain"": 0.050147620037705565}, {""block"": ""rsma"", ""rho"": 1.0, ""gain"": 0.0}, {""block"": ""star_ris"", ""rho"": 4.0, ""gain"": 0.003699090603994648}, {""block"": ""rsma"", ""rho"": 1.0, ""gain"": 0.0}, {""block"": ""star_ris"", ""rho"": 2.0, ""gain"": 0.01266921505891716}, {""block"": ""rsma"", ""rho"": 1.0, ""gain"": 3.552713678800501e-15}, {""block"": ""star_ris"", ""rho"": 2.0, ""gain"": 0.026863538727365466}, {""block"": ""rsma"", ""rho"": 1.0, ""gain"": 0.0}, {""block"": ""star_ris"", ""rho"": 2.0, ""gain"": 0.02719616108427303}]",{},8502.962444,895cf8987087c169d7023476c078ebabf24f99fbbc30b65ad7fae1097d95a6fe,fc61d5cda7da39530055bae9bd0e92865f995cd9,f4c80269e5fb3cf553900b2e82f235af875b7c2e33b4ff71ec5d85cc25eb2b4e
ao_sca,128,10000,867,test,19.35887154503772,19.35887154503772,1.0,True,0.0,3,2370,6,ao_sca_proximal_physical,analytical_ris_equal_allocation,"[1.8380192094919428, 19.137680154474396, 19.35830649718371, 19.358871545037722]","[{""block"": ""rsma"", ""rho"": 1.0, ""gain"": 17.134286594053286}, {""block"": ""star_ris"", ""rho"": 1.0, ""gain"": 0.16537435092916652}, {""block"": ""rsma"", ""rho"": 1.0, ""gain"": 3.552713678800501e-15}, {""block"": ""star_ris"", ""rho"": 2.0, ""gain"": 0.2206263427093127}, {""block"": ""rsma"", ""rho"": 1.0, ""gain"": 0.0}, {""block"": ""star_ris"", ""rho"": 16.0, ""gain"": 0.0005650478540104587}]",{},1262.764995,895cf8987087c169d7023476c078ebabf24f99fbbc30b65ad7fae1097d95a6fe,fc61d5cda7da39530055bae9bd0e92865f995cd9,f4c80269e5fb3cf553900b2e82f235af875b7c2e33b4ff71ec5d85cc25eb2b4e
ao_sca,128,10000,868,test,19.954527352124806,19.954527352124806,1.0,True,0.0,12,9493,20,ao_sca_proximal_physical,analytical_ris_equal_allocation,"[1.8380302933740527, 19.265358161089704, 19.28164330416193, 19.436007103546174, 19.693194360027938, 19.723795331179243, 19.785206053988077, 19.883936803948124, 19.886138315351737, 19.888353355146055, 19.948184545815018, 19.952811160378296, 19.954527352124806]","[{""block"": ""rsma"", ""rho"": 1.0, ""gain"": 17.39394631794701}, {""block"": ""star_ris"", ""rho"": 16.0, ""gain"": 0.033381549768641605}, {""block"": ""rsma"", ""rho"": 1.0, ""gain"": 3.552713678800501e-15}, {""block"": ""star_ris"", ""rho"": 32.0, ""gain"": 0.01628514307222062}, {""block"": ""rsma"", ""rho"": 1.0, ""gain"": 0.0}, {""block"": ""star_ris"", ""rho"": 1.0, ""gain"": 0.15436379938424594}, {""block"": ""rsma"", ""rho"": 1.0, ""gain"": 0.0}, {""block"": ""star_ris"", ""rho"": 2.0, ""gain"": 0.2571872564817639}, {""block"": ""rsma"", ""rho"": 1.0, ""gain"": 0.0}, {""block"": ""star_ris"", ""rho"": 4.0, ""gain"": 0.03060097115130489}, {""block"": ""rsma"", ""rho"": 1.0, ""gain"": 0.0}, {""block"": ""star_ris"", ""rho"": 2.0, ""gain"": 0.06141072280883364}, {""block"": ""rsma"", ""rho"": 1.0, ""gain"": 0.0}, {""block"": ""star_ris"", ""rho"": 4.0, ""gain"": 0.0987307499600476}, {""block"": ""rsma"", ""rho"": 1.0, ""gain"": 0.0}, {""block"": ""star_ris"", ""rho"": 32.0, ""gain"": 0.002201511403612244}, {""block"": ""rsma"", ""rho"": 1.0, ""gain"": -3.552713678800501e-15}, {""block"": ""star_ris"", ""rho"": 4.0, ""gain"": 0.002215039794322138}, {""block"": ""rsma"", ""rho"": 1.0, ""gain"": 0.0}, {""block"": ""star_ris"", ""rho"": 2.0, ""gain"": 0.059831190668962364}, {""block"": ""rsma"", ""rho"": 1.0, ""gain"": 3.552713678800501e-15}, {""block"": ""star_ris"", ""rho"": 64.0, ""gain"": 0.004626614563274956}, {""block"": ""rsma"", ""rho"": 1.0, ""gain"": 0.0}, {""block"": ""star_ris"", ""rho"": 128.0, ""gain"": 0.001716191746510276}]",{},5157.908382,895cf8987087c169d7023476c078ebabf24f99fbbc30b65ad7fae1097d95a6fe,fc61d5cda7da39530055bae9bd0e92865f995cd9,f4c80269e5fb3cf553900b2e82f235af875b7c2e33b4ff71ec5d85cc25eb2b4e
ao_sca,128,10000,869,test,19.377049148424263,19.377049148424263,1.0,True,0.0,10,7907,18,ao_sca_proximal_physical,analytical_ris_equal_allocation,"[1.8380100649313187, 18.557284373049484, 18.562642519150664, 18.876823481637942, 19.001069328649127, 19.01526601740929, 19.173896938030655, 19.295680698222316, 19.366498678321296, 19.375353332944464, 19.377049148424263]","[{""block"": ""rsma"", ""rho"": 1.0, ""gain"": 16.675181213167477}, {""block"": ""star_ris"", ""rho"": 16.0, ""gain"": 0.04409309495068925}, {""block"": ""rsma"", ""rho"": 1.0, ""gain"": 0.0}, {""block"": ""star_ris"", ""rho"": 128.0, ""gain"": 0.005358146101180239}, {""block"": ""rsma"", ""rho"": 1.0, ""gain"": -3.552713678800501e-15}, {""block"": ""star_ris"", ""rho"": 1.0, ""gain"": 0.31418096248728133}, {""block"": ""rsma"", ""rho"": 1.0, ""gain"": 0.0}, {""block"": ""star_ris"", ""rho"": 4.0, ""gain"": 0.1242458470111849}, {""block"": ""rsma"", ""rho"": 1.0, ""gain"": 0.0}, {""block"": ""star_ris"", ""rho"": 32.0, ""gain"": 0.01419668876016189}, {""block"": ""rsma"", ""rho"": 1.0, ""gain"": 3.552713678800501e-15}, {""block"": ""star_ris"", ""rho"": 1.0, ""gain"": 0.15863092062136275}, {""block"": ""rsma"", ""rho"": 1.0, ""gain"": 0.0}, {""block"": ""star_ris"", ""rho"": 2.0, ""gain"": 0.12178376019166137}, {""block"": ""rsma"", ""rho"": 1.0, ""gain"": 3.552713678800501e-15}, {""block"": ""star_ris"", ""rho"": 2.0, ""gain"": 0.07081798009897611}, {""block"": ""rsma"", ""rho"": 1.0, ""gain"": -3.552713678800501e-15}, {""block"": ""star_ris"", ""rho"": 16.0, ""gain"": 0.008854654623171143}, {""block"": ""rsma"", ""rho"": 1.0, ""gain"": 0.0}, {""block"": ""star_ris"", ""rho"": 4.0, ""gain"": 0.0016958154797990233}]",{},4181.585137,895cf8987087c169d7023476c078ebabf24f99fbbc30b65ad7fae1097d95a6fe,fc61d5cda7da39530055bae9bd0e92865f995cd9,f4c80269e5fb3cf553900b2e82f235af875b7c2e33b4ff71ec5d85cc25eb2b4e
ao_sca,128,10000,870,test,19.759341561247005,19.759341561247005,1.0,True,0.0,3,2367,6,ao_sca_proximal_physical,analytical_ris_equal_allocation,"[1.8380311832823288, 19.65077742316526, 19.757375216499103, 19.759341561247005]","[{""block"": ""rsma"", ""rho"": 1.0, ""gain"": 17.738897672700457}, {""block"": ""star_ris"", ""rho"": 1.0, ""gain"": 0.07384856718247335}, {""block"": ""rsma"", ""rho"": 1.0, ""gain"": 0.0}, {""block"": ""star_ris"", ""rho"": 1.0, ""gain"": 0.10659779333384378}, {""block"": ""rsma"", ""rho"": 1.0, ""gain"": -3.552713678800501e-15}, {""block"": ""star_ris"", ""rho"": 4.0, ""gain"": 0.0019663447479061347}]",{},1291.109886,895cf8987087c169d7023476c078ebabf24f99fbbc30b65ad7fae1097d95a6fe,fc61d5cda7da39530055bae9bd0e92865f995cd9,f4c80269e5fb3cf553900b2e82f235af875b7c2e33b4ff71ec5d85cc25eb2b4e
ao_sca,128,10000,871,test,19.681157201480826,19.681157201480826,1.0,True,0.0,8,6314,16,ao_sca_proximal_physical,analytical_ris_equal_allocation,"[1.8380232503242626, 19.24062965880884, 19.43980832383476, 19.551368604607614, 19.619388943198924, 19.623470267516694, 19.636503213848236, 19.679749004270818, 19.681157201480822]","[{""block"": ""rsma"", ""rho"": 1.0, ""gain"": 17.306965027835258}, {""block"": ""star_ris"", ""rho"": 1.0, ""gain"": 0.09564138064931882}, {""block"": ""rsma"", ""rho"": 1.0, ""gain"": 0.0}, {""block"": ""star_ris"", ""rho"": 1.0, ""gain"": 0.19917866502592219}, {""block"": ""rsma"", ""rho"": 1.0, ""gain"": 3.552713678800501e-15}, {""block"": ""star_ris"", ""rho"": 1.0, ""gain"": 0.1115602807728493}, {""block"": ""rsma"", ""rho"": 1.0, ""gain"": 0.0}, {""block"": ""star_ris"", ""rho"": 2.0, ""gain"": 0.06802033859131029}, {""block"": ""rsma"", ""rho"": 1.0, ""gain"": 0.0}, {""block"": ""star_ris"", ""rho"": 8.0, ""gain"": 0.004081324317770196}, {""block"": ""rsma"", ""rho"": 1.0, ""gain"": -3.552713678800501e-15}, {""block"": ""star_ris"", ""rho"": 4.0, ""gain"": 0.013032946331545503}, {""block"": ""rsma"", ""rho"": 1.0, ""gain"": 0.0}, {""block"": ""star_ris"", ""rho"": 2.0, ""gain"": 0.043245790422581365}, {""block"": ""rsma"", ""rho"": 1.0, ""gain"": 0.0}, {""block"": ""star_ris"", ""rho"": 4.0, ""gain"": 0.0014081972100044027}]",{},3439.495818,895cf8987087c169d7023476c078ebabf24f99fbbc30b65ad7fae1097d95a6fe,fc61d5cda7da39530055bae9bd0e92865f995cd9,f4c80269e5fb3cf553900b2e82f235af875b7c2e33b4ff71ec5d85cc25eb2b4e
ao_sca,128,10000,872,test,19.447367784460475,19.447367784460475,1.0,True,0.0,10,7907,16,ao_sca_proximal_physical,analytical_ris_equal_allocation,"[1.8380190555237574, 18.94769768902622, 19.024311491140953, 19.112692058828227, 19.2658012936999, 19.334721639351034, 19.367561754291437, 19.434953244501244, 19.440463981827698, 19.446154459978956, 19.447367784460475]","[{""block"": ""rsma"", ""rho"": 1.0, ""gain"": 17.09273975525972}, {""block"": ""star_ris"", ""rho"": 4.0, ""gain"": 0.01693887824274043}, {""block"": ""rsma"", ""rho"": 1.0, ""gain"": 0.0}, {""block"": ""star_ris"", ""rho"": 2.0, ""gain"": 0.07661380211473201}, {""block"": ""rsma"", ""rho"": 1.0, ""gain"": 0.0}, {""block"": ""star_ris"", ""rho"": 1.0, ""gain"": 0.08838056768727398}, {""block"": ""rsma"", ""rho"": 1.0, ""gain"": 0.0}, {""block"": ""star_ris"", ""rho"": 4.0, ""gain"": 0.15310923487167472}, {""block"": ""rsma"", ""rho"": 1.0, ""gain"": 0.0}, {""block"": ""star_ris"", ""rho"": 8.0, ""gain"": 0.06892034565113292}, {""block"": ""rsma"", ""rho"": 1.0, ""gain"": 3.552713678800501e-15}, {""block"": ""star_ris"", ""rho"": 16.0, ""gain"": 0.032840114940398735}, {""block"": ""rsma"", ""rho"": 1.0, ""gain"": -7.105427357601002e-15}, {""block"": ""star_ris"", ""rho"": 4.0, ""gain"": 0.06739149020981472}, {""block"": ""rsma"", ""rho"": 1.0, ""gain"": 0.0}, {""block"": ""star_ris"", ""rho"": 64.0, ""gain"": 0.005510737326453352}, {""block"": ""rsma"", ""rho"": 1.0, ""gain"": 0.0}, {""block"": ""star_ris"", ""rho"": 8.0, ""gain"": 0.00569047815125856}, {""block"": ""rsma"", ""rho"": 1.0, ""gain"": 0.0}, {""block"": ""star_ris"", ""rho"": 8.0, ""gain"": 0.001213324481518896}]",{},4239.561019,895cf8987087c169d7023476c078ebabf24f99fbbc30b65ad7fae1097d95a6fe,fc61d5cda7da39530055bae9bd0e92865f995cd9,f4c80269e5fb3cf553900b2e82f235af875b7c2e33b4ff71ec5d85cc25eb2b4e
ao_sca,128,10000,873,test,18.89588160798856,18.89588160798856,1.0,True,0.0,6,4752,11,ao_sca_proximal_physical,analytical_ris_equal_allocation,"[1.8380127593567068, 18.534496921323097, 18.553299769185088, 18.562584897674974, 18.840129971320344, 18.8949022186011, 18.895881607988557]","[{""block"": ""rsma"", ""rho"": 1.0, ""gain"": 16.657901945391238}, {""block"": ""star_ris"", ""rho"": 16.0, ""gain"": 0.038582216575150596}, {""block"": ""rsma"", ""rho"": 1.0, ""gain"": 0.0}, {""block"": ""star_ris"", ""rho"": 32.0, ""gain"": 0.018802847861991268}, {""block"": ""rsma"", ""rho"": 1.0, ""gain"": -3.552713678800501e-15}, {""block"": ""star_ris"", ""rho"": 64.0, ""gain"": 0.00928512848988916}, {""block"": ""rsma"", ""rho"": 1.0, ""gain"": 0.0}, {""block"": ""star_ris"", ""rho"": 2.0, ""gain"": 0.2775450736453706}, {""block"": ""rsma"", ""rho"": 1.0, ""gain"": 0.0}, {""block"": ""star_ris"", ""rho"": 8.0, ""gain"": 0.05477224728075569}, {""block"": ""rsma"", ""rho"": 1.0, ""gain"": 0.0}, {""block"": ""star_ris"", ""rho"": 16.0, ""gain"": 0.000979389387456564}]",{},2575.93496,895cf8987087c169d7023476c078ebabf24f99fbbc30b65ad7fae1097d95a6fe,fc61d5cda7da39530055bae9bd0e92865f995cd9,f4c80269e5fb3cf553900b2e82f235af875b7c2e33b4ff71ec5d85cc25eb2b4e
ao_sca,128,10000,874,test,19.63129980885504,19.63129980885504,1.0,True,0.0,14,11058,25,ao_sca_proximal_physical,analytical_ris_equal_allocation,"[1.8380195654115214, 19.115929800137977, 19.240646728755085, 19.31501525711892, 19.367667394121025, 19.38684787340571, 19.557179754170374, 19.565328949398456, 19.569375052853346, 19.578723675703646, 19.587994640676477, 19.610735552250716, 19.62737749120454, 19.630966442549557, 19.631299808855037]","[{""block"": ""rsma"", ""rho"": 1.0, ""gain"": 17.26543814432625}, {""block"": ""star_ris"", ""rho"": 1.0, ""gain"": 0.01247209040020536}, {""block"": ""rsma"", ""rho"": 1.0, ""gain"": 0.0}, {""block"": ""star_ris"", ""rho"": 1.0, ""gain"": 0.12471692861710792}, {""block"": ""rsma"", ""rho"": 1.0, ""gain"": -3.552713678800501e-15}, {""block"": ""star_ris"", ""rho"": 1.0, ""gain"": 0.07436852836383778}, {""block"": ""rsma"", ""rho"": 1.0, ""gain"": 0.0}, {""block"": ""star_ris"", ""rho"": 1.0, ""gain"": 0.0526521370021058}, {""block"": ""rsma"", ""rho"": 1.0, ""gain"": 0.0}, {""block"": ""star_ris"", ""rho"": 1.0, ""gain"": 0.019180479284685248}, {""block"": ""rsma"", ""rho"": 1.0, ""gain"": 0.0}, {""block"": ""star_ris"", ""rho"": 2.0, ""gain"": 0.17033188076466388}, {""block"": ""rsma"", ""rho"": 1.0, ""gain"": 0.0}, {""block"": ""star_ris"", ""rho"": 16.0, ""gain"": 0.008149195228082107}, {""block"": ""rsma"", ""rho"": 1.0, ""gain"": 0.0}, {""block"": ""star_ris"", ""rho"": 4.0, ""gain"": 0.00404610345488976}, {""block"": ""rsma"", ""rho"": 1.0, ""gain"": 0.0}, {""block"": ""star_ris"", ""rho"": 32.0, ""gain"": 0.009348622850300359}, {""block"": ""rsma"", ""rho"": 1.0, ""gain"": 0.0}, {""block"": ""star_ris"", ""rho"": 32.0, ""gain"": 0.009270964972831308}, {""block"": ""rsma"", ""rho"": 1.0, ""gain"": 0.0}, {""block"": ""star_ris"", ""rho"": 2.0, ""gain"": 0.022740911574238964}, {""block"": ""rsma"", ""rho"": 1.0, ""gain"": 0.0}, {""block"": ""star_ris"", ""rho"": 2.0, ""gain"": 0.01664193895382482}, {""block"": ""rsma"", ""rho"": 1.0, ""gain"": 0.0}, {""block"": ""star_ris"", ""rho"": 16.0, ""gain"": 0.0035889513450158006}, {""block"": ""rsma"", ""rho"": 1.0, ""gain"": 3.552713678800501e-15}, {""block"": ""star_ris"", ""rho"": 4.0, ""gain"": 0.0003333663054760905}]",{},6033.774387,895cf8987087c169d7023476c078ebabf24f99fbbc30b65ad7fae1097d95a6fe,fc61d5cda7da39530055bae9bd0e92865f995cd9,f4c80269e5fb3cf553900b2e82f235af875b7c2e33b4ff71ec5d85cc25eb2b4e
ao_sca,128,10000,875,test,19.92298352910726,19.92298352910726,1.0,True,0.0,20,15796,39,ao_sca_proximal_physical,analytical_ris_equal_allocation,"[1.838024246992119, 19.383630074139145, 19.39105817162827, 19.415639178674205, 19.635131231833633, 19.642631155595936, 19.662801998867387, 19.711873321920233, 19.72303614499542, 19.80383334725328, 19.810679604914224, 19.81277288110399, 19.82542376978633, 19.857831832671394, 19.860981049751214, 19.8692389899619, 19.88884295381552, 19.89210223645051, 19.898947628433834, 19.910917821291502, 19.92298352910726]","[{""block"": ""rsma"", ""rho"": 1.0, ""gain"": 17.12454121240745}, {""block"": ""star_ris"", ""rho"": 1.0, ""gain"": 0.42106461473957424}, {""block"": ""rsma"", ""rho"": 1.0, ""gain"": 0.0}, {""block"": ""star_ris"", ""rho"": 4.0, ""gain"": 0.007428097489125207}, {""block"": ""rsma"", ""rho"": 1.0, ""gain"": 0.0}, {""block"": ""star_ris"", ""rho"": 1.0, ""gain"": 0.02458100704593491}, {""block"": ""rsma"", ""rho"": 1.0, ""gain"": 3.552713678800501e-15}, {""block"": ""star_ris"", ""rho"": 1.0, ""gain"": 0.21949205315942422}, {""block"": ""rsma"", ""rho"": 1.0, ""gain"": 0.0}, {""block"": ""star_ris"", ""rho"": 1.0, ""gain"": 0.00749992376230324}, {""block"": ""rsma"", ""rho"": 1.0, ""gain"": 0.0}, {""block"": ""star_ris"", ""rho"": 32.0, ""gain"": 0.020170843271451133}, {""block"": ""rsma"", ""rho"": 1.0, ""gain"": 0.0}, {""block"": ""star_ris"", ""rho"": 2.0, ""gain"": 0.04907132305284634}, {""block"": ""rsma"", ""rho"": 1.0, ""gain"": 0.0}, {""block"": ""star_ris"", ""rho"": 2.0, ""gain"": 0.011162823075185457}, {""block"": ""rsma"", ""rho"": 1.0, ""gain"": -3.552713678800501e-15}, {""block"": ""star_ris"", ""rho"": 4.0, ""gain"": 0.08079720225786602}, {""block"": ""rsma"", ""rho"": 1.0, ""gain"": 0.0}, {""block"": ""star_ris"", ""rho"": 8.0, ""gain"": 0.006846257660942712}, {""block"": ""rsma"", ""rho"": 1.0, ""gain"": 0.0}, {""block"": ""star_ris"", ""rho"": 2.0, ""gain"": 0.0020932761897647367}, {""block"": ""rsma"", ""rho"": 1.0, ""gain"": 0.0}, {""block"": ""star_ris"", ""rho"": 1.0, ""gain"": 0.012650888682340877}, {""block"": ""rsma"", ""rho"": 1.0, ""gain"": 0.0}, {""block"": ""star_ris"", ""rho"": 4.0, ""gain"": 0.03240806288506448}, {""block"": ""rsma"", ""rho"": 1.0, ""gain"": 0.0}, {""block"": ""star_ris"", ""rho"": 16.0, ""gain"": 0.003149217079819522}, {""block"": ""rsma"", ""rho"": 1.0, ""gain"": 3.552713678800501e-15}, {""block"": ""star_ris"", ""rho"": 4.0, ""gain"": 0.008257940210683046}, {""block"": ""rsma"", ""rho"": 1.0, ""gain"": 0.0}, {""block"": ""star_ris"", ""rho"": 4.0, ""gain"": 0.019603963853619177}, {""block"": ""rsma"", ""rho"": 1.0, ""gain"": 0.0}, {""block"": ""star_ris"", ""rho"": 16.0, ""gain"": 0.0032592826349890913}, {""block"": ""rsma"", ""rho"": 1.0, ""gain"": 0.0}, {""block"": ""star_ris"", ""rho"": 2.0, ""gain"": 0.00684539198332601}, {""block"": ""rsma"", ""rho"": 1.0, ""gain"": -3.552713678800501e-15}, {""block"": ""star_ris"", ""rho"": 8.0, ""gain"": 0.01197019285767098}, {""block"": ""rsma"", ""rho"": 1.0, ""gain"": 0.0}, {""block"": ""star_ris"", ""rho"": 4.0, ""gain"": 0.012065707815757776}]",{},8663.717889,895cf8987087c169d7023476c078ebabf24f99fbbc30b65ad7fae1097d95a6fe,fc61d5cda7da39530055bae9bd0e92865f995cd9,f4c80269e5fb3cf553900b2e82f235af875b7c2e33b4ff71ec5d85cc25eb2b4e
ao_sca,128,10000,876,test,19.655442808397027,19.655442808397027,1.0,True,0.0,8,6329,15,ao_sca_proximal_physical,analytical_ris_equal_allocation,"[1.8380238222388046, 19.35007201539112, 19.43088758710559, 19.476146894740403, 19.487144367074286, 19.492602486900704, 19.613072852889843, 19.655225347012603, 19.655442808397027]","[{""block"": ""rsma"", ""rho"": 1.0, ""gain"": 17.206125083689038}, {""block"": ""star_ris"", ""rho"": 1.0, ""gain"": 0.3059231094632793}, {""block"": ""rsma"", ""rho"": 1.0, ""gain"": 0.0}, {""block"": ""star_ris"", ""rho"": 1.0, ""gain"": 0.08081557171447074}, {""block"": ""rsma"", ""rho"": 1.0, ""gain"": -3.552713678800501e-15}, {""block"": ""star_ris"", ""rho"": 8.0, ""gain"": 0.045259307634815116}, {""block"": ""rsma"", ""rho"": 1.0, ""gain"": 0.0}, {""block"": ""star_ris"", ""rho"": 32.0, ""gain"": 0.010997472333883707}, {""block"": ""rsma"", ""rho"": 1.0, ""gain"": -3.552713678800501e-15}, {""block"": ""star_ris"", ""rho"": 64.0, ""gain"": 0.005458119826421637}, {""block"": ""rsma"", ""rho"": 1.0, ""gain"": 0.0}, {""block"": ""star_ris"", ""rho"": 2.0, ""gain"": 0.12047036598913863}, {""block"": ""rsma"", ""rho"": 1.0, ""gain"": 0.0}, {""block"": ""star_ris"", ""rho"": 8.0, ""gain"": 0.04215249412276023}, {""block"": ""rsma"", ""rho"": 1.0, ""gain"": 0.0}, {""block"": ""star_ris"", ""rho"": 64.0, ""gain"": 0.00021746138442324536}]",{},3420.314615,895cf8987087c169d7023476c078ebabf24f99fbbc30b65ad7fae1097d95a6fe,fc61d5cda7da39530055bae9bd0e92865f995cd9,f4c80269e5fb3cf553900b2e82f235af875b7c2e33b4ff71ec5d85cc25eb2b4e
ao_sca,128,10000,877,test,19.175236392354005,19.175236392354005,1.0,True,0.0,4,3165,7,ao_sca_proximal_physical,analytical_ris_equal_allocation,"[1.8380209913436365, 19.070500006779866, 19.16089543938228, 19.174946941329882, 19.175236392354005]","[{""block"": ""rsma"", ""rho"": 1.0, ""gain"": 16.98063763198452}, {""block"": ""star_ris"", ""rho"": 2.0, ""gain"": 0.25184138345170837}, {""block"": ""rsma"", ""rho"": 1.0, ""gain"": 0.0}, {""block"": ""star_ris"", ""rho"": 4.0, ""gain"": 0.09039543260241345}, {""block"": ""rsma"", ""rho"": 1.0, ""gain"": -3.552713678800501e-15}, {""block"": ""star_ris"", ""rho"": 32.0, ""gain"": 0.014051501947605516}, {""block"": ""rsma"", ""rho"": 1.0, ""gain"": 0.0}, {""block"": ""star_ris"", ""rho"": 16.0, ""gain"": 0.0002894510241233661}]",{},1742.168286,895cf8987087c169d7023476c078ebabf24f99fbbc30b65ad7fae1097d95a6fe,fc61d5cda7da39530055bae9bd0e92865f995cd9,f4c80269e5fb3cf553900b2e82f235af875b7c2e33b4ff71ec5d85cc25eb2b4e
ao_sca,128,10000,878,test,19.464721126144696,19.464721126144696,1.0,True,0.0,5,3947,10,ao_sca_proximal_physical,analytical_ris_equal_allocation,"[1.8380233367492818, 19.30889250521901, 19.330465777232604, 19.450983069820733, 19.463246302342696, 19.464721126144696]","[{""block"": ""rsma"", ""rho"": 1.0, ""gain"": 17.46334633621357}, {""block"": ""star_ris"", ""rho"": 2.0, ""gain"": 0.007522832256160683}, {""block"": ""rsma"", ""rho"": 1.0, ""gain"": 0.0}, {""block"": ""star_ris"", ""rho"": 2.0, ""gain"": 0.021573272013593936}, {""block"": ""rsma"", ""rho"": 1.0, ""gain"": 0.0}, {""block"": ""star_ris"", ""rho"": 4.0, ""gain"": 0.12051729258812927}, {""block"": ""rsma"", ""rho"": 1.0, ""gain"": 0.0}, {""block"": ""star_ris"", ""rho"": 4.0, ""gain"": 0.012263232521963374}, {""block"": ""rsma"", ""rho"": 1.0, ""gain"": 0.0}, {""block"": ""star_ris"", ""rho"": 1.0, ""gain"": 0.0014748238019990367}]",{},2132.182085,895cf8987087c169d7023476c078ebabf24f99fbbc30b65ad7fae1097d95a6fe,fc61d5cda7da39530055bae9bd0e92865f995cd9,f4c80269e5fb3cf553900b2e82f235af875b7c2e33b4ff71ec5d85cc25eb2b4e
ao_sca,128,10000,879,test,19.5139957927309,19.5139957927309,1.0,True,0.0,14,11072,27,ao_sca_proximal_physical,analytical_ris_equal_allocation,"[1.8380226457160018, 19.259665979706018, 19.261617815839884, 19.356588005132075, 19.367521836086286, 19.375957452535772, 19.43502455120658, 19.449613983461454, 19.45211443083457, 19.45997176108589, 19.46257852693155, 19.4709223451936, 19.49022916214597, 19.51387543259424, 19.5139957927309]","[{""block"": ""rsma"", ""rho"": 1.0, ""gain"": 17.390954081078473}, {""block"": ""star_ris"", ""rho"": 16.0, ""gain"": 0.030689252911543008}, {""block"": ""rsma"", ""rho"": 1.0, ""gain"": 3.552713678800501e-15}, {""block"": ""star_ris"", ""rho"": 4.0, ""gain"": 0.0019518361338626278}, {""block"": ""rsma"", ""rho"": 1.0, ""gain"": 0.0}, {""block"": ""star_ris"", ""rho"": 4.0, ""gain"": 0.09497018929219081}, {""block"": ""rsma"", ""rho"": 1.0, ""gain"": 0.0}, {""block"": ""star_ris"", ""rho"": 4.0, ""gain"": 0.010933830954211743}, {""block"": ""rsma"", ""rho"": 1.0, ""gain"": 0.0}, {""block"": ""star_ris"", ""rho"": 4.0, ""gain"": 0.00843561644948565}, {""block"": ""rsma"", ""rho"": 1.0, ""gain"": 0.0}, {""block"": ""star_ris"", ""rho"": 4.0, ""gain"": 0.05906709867080906}, {""block"": ""rsma"", ""rho"": 1.0, ""gain"": 0.0}, {""block"": ""star_ris"", ""rho"": 4.0, ""gain"": 0.014589432254872747}, {""block"": ""rsma"", ""rho"": 1.0, ""gain"": 0.0}, {""block"": ""star_ris"", ""rho"": 16.0, ""gain"": 0.0025004473731158328}, {""block"": ""rsma"", ""rho"": 1.0, ""gain"": 0.0}, {""block"": ""star_ris"", ""rho"": 4.0, ""gain"": 0.007857330251319183}, {""block"": ""rsma"", ""rho"": 1.0, ""gain"": 0.0}, {""block"": ""star_ris"", ""rho"": 16.0, ""gain"": 0.002606765845662551}, {""block"": ""rsma"", ""rho"": 1.0, ""gain"": 0.0}, {""block"": ""star_ris"", ""rho"": 4.0, ""gain"": 0.00834381826204833}, {""block"": ""rsma"", ""rho"": 1.0, ""gain"": 3.552713678800501e-15}, {""block"": ""star_ris"", ""rho"": 4.0, ""gain"": 0.01930681695236558}, {""block"": ""rsma"", ""rho"": 1.0, ""gain"": 3.552713678800501e-15}, {""block"": ""star_ris"", ""rho"": 2.0, ""gain"": 0.023646270448267614}, {""block"": ""rsma"", ""rho"": 1.0, ""gain"": 0.0}, {""block"": ""star_ris"", ""rho"": 256.0, ""gain"": 0.00012036013665905898}]",{},6046.309149,895cf8987087c169d7023476c078ebabf24f99fbbc30b65ad7fae1097d95a6fe,fc61d5cda7da39530055bae9bd0e92865f995cd9,f4c80269e5fb3cf553900b2e82f235af875b7c2e33b4ff71ec5d85cc25eb2b4e
ao_sca,128,10000,880,test,19.65012199438353,19.65012199438353,1.0,True,0.0,12,9484,23,ao_sca_proximal_physical,analytical_ris_equal_allocation,"[1.838019924167996, 19.31827855970199, 19.34698050202344, 19.520653049033445, 19.550597175222325, 19.582501265538056, 19.586889236030192, 19.597516319449944, 19.6130970182243, 19.632045457702663, 19.641359464053572, 19.65011335712169, 19.650121994383532]","[{""block"": ""rsma"", ""rho"": 1.0, ""gain"": 16.96019028334282}, {""block"": ""star_ris"", ""rho"": 1.0, ""gain"": 0.5200683521911778}, {""block"": ""rsma"", ""rho"": 1.0, ""gain"": 3.552713678800501e-15}, {""block"": ""star_ris"", ""rho"": 1.0, ""gain"": 0.028701942321447405}, {""block"": ""rsma"", ""rho"": 1.0, ""gain"": 0.0}, {""block"": ""star_ris"", ""rho"": 1.0, ""gain"": 0.17367254701000334}, {""block"": ""rsma"", ""rho"": 1.0, ""gain"": -3.552713678800501e-15}, {""block"": ""star_ris"", ""rho"": 2.0, ""gain"": 0.029944126188883757}, {""block"": ""rsma"", ""rho"": 1.0, ""gain"": 0.0}, {""block"": ""star_ris"", ""rho"": 4.0, ""gain"": 0.031904090315730826}, {""block"": ""rsma"", ""rho"": 1.0, ""gain"": 3.552713678800501e-15}, {""block"": ""star_ris"", ""rho"": 2.0, ""gain"": 0.004387970492132354}, {""block"": ""rsma"", ""rho"": 1.0, ""gain"": -3.552713678800501e-15}, {""block"": ""star_ris"", ""rho"": 4.0, ""gain"": 0.010627083419755934}, {""block"": ""rsma"", ""rho"": 1.0, ""gain"": 0.0}, {""block"": ""star_ris"", ""rho"": 4.0, ""gain"": 0.015580698774353863}, {""block"": ""rsma"", ""rho"": 1.0, ""gain"": 3.552713678800501e-15}, {""block"": ""star_ris"", ""rho"": 16.0, ""gain"": 0.018948439478361223}, {""block"": ""rsma"", ""rho"": 1.0, ""gain"": 0.0}, {""block"": ""star_ris"", ""rho"": 32.0, ""gain"": 0.009314006350908954}, {""block"": ""rsma"", ""rho"": 1.0, ""gain"": 3.552713678800501e-15}, {""block"": ""star_ris"", ""rho"": 4.0, ""gain"": 0.008753893068114138}, {""block"": ""rsma"", ""rho"": 1.0, ""gain"": 0.0}, {""block"": ""star_ris"", ""rho"": 256.0, ""gain"": 8.63726184263669e-06}]",{},5120.72882,895cf8987087c169d7023476c078ebabf24f99fbbc30b65ad7fae1097d95a6fe,fc61d5cda7da39530055bae9bd0e92865f995cd9,f4c80269e5fb3cf553900b2e82f235af875b7c2e33b4ff71ec5d85cc25eb2b4e
ao_sca,128,10000,881,test,19.200595960342547,19.200595960342547,1.0,True,0.0,4,3166,6,ao_sca_proximal_physical,analytical_ris_equal_allocation,"[1.838016152373021, 19.129365214364118, 19.19557663548294, 19.199136915969166, 19.200595960342547]","[{""block"": ""rsma"", ""rho"": 1.0, ""gain"": 16.85277929305095}, {""block"": ""star_ris"", ""rho"": 1.0, ""gain"": 0.43856976894014466}, {""block"": ""rsma"", ""rho"": 1.0, ""gain"": 0.0}, {""block"": ""star_ris"", ""rho"": 8.0, ""gain"": 0.0662114211188225}, {""block"": ""rsma"", ""rho"": 1.0, ""gain"": 0.0}, {""block"": ""star_ris"", ""rho"": 64.0, ""gain"": 0.0035602804862264747}, {""block"": ""rsma"", ""rho"": 1.0, ""gain"": 0.0}, {""block"": ""star_ris"", ""rho"": 16.0, ""gain"": 0.0014590443733801806}]",{},1676.776921,895cf8987087c169d7023476c078ebabf24f99fbbc30b65ad7fae1097d95a6fe,fc61d5cda7da39530055bae9bd0e92865f995cd9,f4c80269e5fb3cf553900b2e82f235af875b7c2e33b4ff71ec5d85cc25eb2b4e
ao_sca,128,10000,882,test,19.873674009969758,19.873674009969758,1.0,True,0.0,14,11049,26,ao_sca_proximal_physical,analytical_ris_equal_allocation,"[1.8380275946810793, 19.421210151468358, 19.445305803525336, 19.450971524732118, 19.49624522948713, 19.533187813127103, 19.655311233119914, 19.683907797315026, 19.70765380101638, 19.740799325562573, 19.753231034110566, 19.86298481564112, 19.86942301854728, 19.87364205464274, 19.873674009969754]","[{""block"": ""rsma"", ""rho"": 1.0, ""gain"": 17.57112617041547}, {""block"": ""star_ris"", ""rho"": 2.0, ""gain"": 0.012056386371806838}, {""block"": ""rsma"", ""rho"": 1.0, ""gain"": 0.0}, {""block"": ""star_ris"", ""rho"": 2.0, ""gain"": 0.024095652056978167}, {""block"": ""rsma"", ""rho"": 1.0, ""gain"": 0.0}, {""block"": ""star_ris"", ""rho"": 64.0, ""gain"": 0.005665721206781882}, {""block"": ""rsma"", ""rho"": 1.0, ""gain"": 0.0}, {""block"": ""star_ris"", ""rho"": 1.0, ""gain"": 0.04527370475501158}, {""block"": ""rsma"", ""rho"": 1.0, ""gain"": 0.0}, {""block"": ""star_ris"", ""rho"": 1.0, ""gain"": 0.03694258363997349}, {""block"": ""rsma"", ""rho"": 1.0, ""gain"": 3.552713678800501e-15}, {""block"": ""star_ris"", ""rho"": 1.0, ""gain"": 0.12212341999280696}, {""block"": ""rsma"", ""rho"": 1.0, ""gain"": 0.0}, {""block"": ""star_ris"", ""rho"": 1.0, ""gain"": 0.02859656419511225}, {""block"": ""rsma"", ""rho"": 1.0, ""gain"": 0.0}, {""block"": ""star_ris"", ""rho"": 1.0, ""gain"": 0.023746003701354823}, {""block"": ""rsma"", ""rho"": 1.0, ""gain"": 3.552713678800501e-15}, {""block"": ""star_ris"", ""rho"": 1.0, ""gain"": 0.03314552454618891}, {""block"": ""rsma"", ""rho"": 1.0, ""gain"": 0.0}, {""block"": ""star_ris"", ""rho"": 2.0, ""gain"": 0.012431708547993026}, {""block"": ""rsma"", ""rho"": 1.0, ""gain"": 0.0}, {""block"": ""star_ris"", ""rho"": 1.0, ""gain"": 0.1097537815305536}, {""block"": ""rsma"", ""rho"": 1.0, ""gain"": 0.0}, {""block"": ""star_ris"", ""rho"": 4.0, ""gain"": 0.006438202906160484}, {""block"": ""rsma"", ""rho"": 1.0, ""gain"": 0.0}, {""block"": ""star_ris"", ""rho"": 1.0, ""gain"": 0.004219036095459927}, {""block"": ""rsma"", ""rho"": 1.0, ""gain"": 0.0}, {""block"": ""star_ris"", ""rho"": 32.0, ""gain"": 3.195532701383286e-05}]",{},5984.197844,895cf8987087c169d7023476c078ebabf24f99fbbc30b65ad7fae1097d95a6fe,fc61d5cda7da39530055bae9bd0e92865f995cd9,f4c80269e5fb3cf553900b2e82f235af875b7c2e33b4ff71ec5d85cc25eb2b4e
ao_sca,128,10000,883,test,19.532876082442414,19.532876082442414,1.0,True,0.0,7,5524,9,ao_sca_proximal_physical,analytical_ris_equal_allocation,"[1.8380182870180966, 19.118188984385654, 19.18935594288943, 19.27715444296907, 19.469861615532523, 19.47193859474019, 19.532438490045106, 19.532876082442414]","[{""block"": ""rsma"", ""rho"": 1.0, ""gain"": 17.065053720910665}, {""block"": ""star_ris"", ""rho"": 1.0, ""gain"": 0.21511697645689054}, {""block"": ""rsma"", ""rho"": 1.0, ""gain"": 0.0}, {""block"": ""star_ris"", ""rho"": 1.0, ""gain"": 0.07116695850377752}, {""block"": ""rsma"", ""rho"": 1.0, ""gain"": 0.0}, {""block"": ""star_ris"", ""rho"": 1.0, ""gain"": 0.0877985000796393}, {""block"": ""rsma"", ""rho"": 1.0, ""gain"": 0.0}, {""block"": ""star_ris"", ""rho"": 1.0, ""gain"": 0.19270717256345193}, {""block"": ""rsma"", ""rho"": 1.0, ""gain"": 0.0}, {""block"": ""star_ris"", ""rho"": 4.0, ""gain"": 0.0020769792076684723}, {""block"": ""rsma"", ""rho"": 1.0, ""gain"": 0.0}, {""block"": ""star_ris"", ""rho"": 2.0, ""gain"": 0.06049989530491473}, {""block"": ""rsma"", ""rho"": 1.0, ""gain"": 0.0}, {""block"": ""star_ris"", ""rho"": 16.0, ""gain"": 0.00043759239730789545}]",{},2976.936452,895cf8987087c169d7023476c078ebabf24f99fbbc30b65ad7fae1097d95a6fe,fc61d5cda7da39530055bae9bd0e92865f995cd9,f4c80269e5fb3cf553900b2e82f235af875b7c2e33b4ff71ec5d85cc25eb2b4e
ao_sca,128,10000,884,test,19.906427024670503,19.906427024670503,1.0,True,0.0,15,11844,24,ao_sca_proximal_physical,analytical_ris_equal_allocation,"[1.8380239701349925, 19.29161380908144, 19.416355613329177, 19.674251355320763, 19.694035120128316, 19.699872639873877, 19.702198194060518, 19.7066455724213, 19.738290733675694, 19.742942838422376, 19.782369587273116, 19.822432954273584, 19.848726166187497, 19.898624645716765, 19.90579755699984, 19.906427024670506]","[{""block"": ""rsma"", ""rho"": 1.0, ""gain"": 17.20148577546596}, {""block"": ""star_ris"", ""rho"": 1.0, ""gain"": 0.25210406348048764}, {""block"": ""rsma"", ""rho"": 1.0, ""gain"": 0.0}, {""block"": ""star_ris"", ""rho"": 1.0, ""gain"": 0.12474180424773706}, {""block"": ""rsma"", ""rho"": 1.0, ""gain"": 0.0}, {""block"": ""star_ris"", ""rho"": 1.0, ""gain"": 0.25789574199158594}, {""block"": ""rsma"", ""rho"": 1.0, ""gain"": -3.552713678800501e-15}, {""block"": ""star_ris"", ""rho"": 2.0, ""gain"": 0.01978376480755628}, {""block"": ""rsma"", ""rho"": 1.0, ""gain"": -3.552713678800501e-15}, {""block"": ""star_ris"", ""rho"": 8.0, ""gain"": 0.005837519745565345}, {""block"": ""rsma"", ""rho"": 1.0, ""gain"": 0.0}, {""block"": ""star_ris"", ""rho"": 2.0, ""gain"": 0.0023255541866404883}, {""block"": ""rsma"", ""rho"": 1.0, ""gain"": 3.552713678800501e-15}, {""block"": ""star_ris"", ""rho"": 4.0, ""gain"": 0.004447378360779908}, {""block"": ""rsma"", ""rho"": 1.0, ""gain"": -7.105427357601002e-15}, {""block"": ""star_ris"", ""rho"": 1.0, ""gain"": 0.03164516125439931}, {""block"": ""rsma"", ""rho"": 1.0, ""gain"": 0.0}, {""block"": ""star_ris"", ""rho"": 2.0, ""gain"": 0.004652104746682539}, {""block"": ""rsma"", ""rho"": 1.0, ""gain"": 0.0}, {""block"": ""star_ris"", ""rho"": 4.0, ""gain"": 0.03942674885074027}, {""block"": ""rsma"", ""rho"": 1.0, ""gain"": 0.0}, {""block"": ""star_ris"", ""rho"": 2.0, ""gain"": 0.04006336700046731}, {""block"": ""rsma"", ""rho"": 1.0, ""gain"": 0.0}, {""block"": ""star_ris"", ""rho"": 4.0, ""gain"": 0.026293211913912984}, {""block"": ""rsma"", ""rho"": 1.0, ""gain"": 3.552713678800501e-15}, {""block"": ""star_ris"", ""rho"": 1.0, ""gain"": 0.04989847952926496}, {""block"": ""rsma"", ""rho"": 1.0, ""gain"": 0.0}, {""block"": ""star_ris"", ""rho"": 32.0, ""gain"": 0.007172911283074512}, {""block"": ""rsma"", ""rho"": 1.0, ""gain"": 0.0}, {""block"": ""star_ris"", ""rho"": 32.0, ""gain"": 0.000629467670666628}]",{},6426.814644,895cf8987087c169d7023476c078ebabf24f99fbbc30b65ad7fae1097d95a6fe,fc61d5cda7da39530055bae9bd0e92865f995cd9,f4c80269e5fb3cf553900b2e82f235af875b7c2e33b4ff71ec5d85cc25eb2b4e
ao_sca,128,10000,885,test,19.252062629857768,19.252062629857768,1.0,True,0.0,8,6319,15,ao_sca_proximal_physical,analytical_ris_equal_allocation,"[1.8380120345650761, 18.796729326056294, 18.96471015388768, 19.052131083500093, 19.118651814555797, 19.21976277239647, 19.244974892527924, 19.250781376799367, 19.252062629857768]","[{""block"": ""rsma"", ""rho"": 1.0, ""gain"": 16.95718498397004}, {""block"": ""star_ris"", ""rho"": 2.0, ""gain"": 0.0015323075211775006}, {""block"": ""rsma"", ""rho"": 1.0, ""gain"": 0.0}, {""block"": ""star_ris"", ""rho"": 1.0, ""gain"": 0.16798082783138568}, {""block"": ""rsma"", ""rho"": 1.0, ""gain"": -3.552713678800501e-15}, {""block"": ""star_ris"", ""rho"": 1.0, ""gain"": 0.0874209296124171}, {""block"": ""rsma"", ""rho"": 1.0, ""gain"": 0.0}, {""block"": ""star_ris"", ""rho"": 2.0, ""gain"": 0.06652073105570366}, {""block"": ""rsma"", ""rho"": 1.0, ""gain"": 3.552713678800501e-15}, {""block"": ""star_ris"", ""rho"": 1.0, ""gain"": 0.10111095784067103}, {""block"": ""rsma"", ""rho"": 1.0, ""gain"": -3.552713678800501e-15}, {""block"": ""star_ris"", ""rho"": 16.0, ""gain"": 0.025212120131456572}, {""block"": ""rsma"", ""rho"": 1.0, ""gain"": 0.0}, {""block"": ""star_ris"", ""rho"": 32.0, ""gain"": 0.005806484271442258}, {""block"": ""rsma"", ""rho"": 1.0, ""gain"": 3.552713678800501e-15}, {""block"": ""star_ris"", ""rho"": 8.0, ""gain"": 0.0012812530583978798}]",{},3511.784869,895cf8987087c169d7023476c078ebabf24f99fbbc30b65ad7fae1097d95a6fe,fc61d5cda7da39530055bae9bd0e92865f995cd9,f4c80269e5fb3cf553900b2e82f235af875b7c2e33b4ff71ec5d85cc25eb2b4e
ao_sca,128,10000,886,test,19.71699914487243,19.71699914487243,1.0,True,0.0,20,15794,38,ao_sca_proximal_physical,analytical_ris_equal_allocation,"[1.8380165546662453, 18.641872044316173, 18.661394338813352, 18.737366809442015, 18.77351991471432, 19.240889033065436, 19.256393823715538, 19.31244861447032, 19.351690755587775, 19.355775669567528, 19.382019334562436, 19.385905809137267, 19.38887270476797, 19.40884080436456, 19.457135200172694, 19.49069188229837, 19.615682596593214, 19.66270712533953, 19.706328954113847, 19.70991774187489, 19.71699914487243]","[{""block"": ""rsma"", ""rho"": 1.0, ""gain"": 16.78395667421388}, {""block"": ""star_ris"", ""rho"": 32.0, ""gain"": 0.0198988154360471}, {""block"": ""rsma"", ""rho"": 1.0, ""gain"": 0.0}, {""block"": ""star_ris"", ""rho"": 32.0, ""gain"": 0.019522294497178905}, {""block"": ""rsma"", ""rho"": 1.0, ""gain"": 0.0}, {""block"": ""star_ris"", ""rho"": 8.0, ""gain"": 0.0759724706286633}, {""block"": ""rsma"", ""rho"": 1.0, ""gain"": 0.0}, {""block"": ""star_ris"", ""rho"": 16.0, ""gain"": 0.0361531052723052}, {""block"": ""rsma"", ""rho"": 1.0, ""gain"": 0.0}, {""block"": ""star_ris"", ""rho"": 1.0, ""gain"": 0.4673691183511153}, {""block"": ""rsma"", ""rho"": 1.0, ""gain"": 0.0}, {""block"": ""star_ris"", ""rho"": 4.0, ""gain"": 0.015504790650101796}, {""block"": ""rsma"", ""rho"": 1.0, ""gain"": 0.0}, {""block"": ""star_ris"", ""rho"": 2.0, ""gain"": 0.05605479075478215}, {""block"": ""rsma"", ""rho"": 1.0, ""gain"": 0.0}, {""block"": ""star_ris"", ""rho"": 1.0, ""gain"": 0.039242141117455276}, {""block"": ""rsma"", ""rho"": 1.0, ""gain"": 0.0}, {""block"": ""star_ris"", ""rho"": 8.0, ""gain"": 0.004084913979752969}, {""block"": ""rsma"", ""rho"": 1.0, ""gain"": 0.0}, {""block"": ""star_ris"", ""rho"": 16.0, ""gain"": 0.026243664994908045}, {""block"": ""rsma"", ""rho"": 1.0, ""gain"": 0.0}, {""block"": ""star_ris"", ""rho"": 8.0, ""gain"": 0.0038864745748306007}, {""block"": ""rsma"", ""rho"": 1.0, ""gain"": 0.0}, {""block"": ""star_ris"", ""rho"": 4.0, ""gain"": 0.002966895630702737}, {""block"": ""rsma"", ""rho"": 1.0, ""gain"": -3.552713678800501e-15}, {""block"": ""star_ris"", ""rho"": 1.0, ""gain"": 0.019968099596592737}, {""block"": ""rsma"", ""rho"": 1.0, ""gain"": 0.0}, {""block"": ""star_ris"", ""rho"": 1.0, ""gain"": 0.04829439580813499}, {""block"": ""rsma"", ""rho"": 1.0, ""gain"": -3.552713678800501e-15}, {""block"": ""star_ris"", ""rho"": 1.0, ""gain"": 0.03355668212568119}, {""block"": ""rsma"", ""rho"": 1.0, ""gain"": 0.0}, {""block"": ""star_ris"", ""rho"": 1.0, ""gain"": 0.12499071429484232}, {""block"": ""rsma"", ""rho"": 1.0, ""gain"": -3.552713678800501e-15}, {""block"": ""star_ris"", ""rho"": 1.0, ""gain"": 0.047024528746320016}, {""block"": ""rsma"", ""rho"": 1.0, ""gain"": 3.552713678800501e-15}, {""block"": ""star_ris"", ""rho"": 1.0, ""gain"": 0.04362182877431309}, {""block"": ""rsma"", ""rho"": 1.0, ""gain"": 0.0}, {""block"": ""star_ris"", ""rho"": 2.0, ""gain"": 0.0035887877610427665}, {""block"": ""rsma"", ""rho"": 1.0, ""gain"": 0.0}, {""block"": ""star_ris"", ""rho"": 1.0, ""gain"": 0.007081402997542341}]",{},8526.826136,895cf8987087c169d7023476c078ebabf24f99fbbc30b65ad7fae1097d95a6fe,fc61d5cda7da39530055bae9bd0e92865f995cd9,f4c80269e5fb3cf553900b2e82f235af875b7c2e33b4ff71ec5d85cc25eb2b4e
ao_sca,128,10000,887,test,19.637583416910395,19.637583416910395,1.0,True,0.0,12,9475,22,ao_sca_proximal_physical,analytical_ris_equal_allocation,"[1.8380157396354282, 19.044125093381844, 19.268287198396578, 19.273724632064557, 19.341800941824914, 19.354640186705556, 19.38584074504042, 19.41160201114882, 19.540744437482054, 19.59375002444582, 19.59647692550159, 19.637038978312447, 19.637583416910395]","[{""block"": ""rsma"", ""rho"": 1.0, ""gain"": 16.90916008465352}, {""block"": ""star_ris"", ""rho"": 1.0, ""gain"": 0.2969492690928952}, {""block"": ""rsma"", ""rho"": 1.0, ""gain"": 3.552713678800501e-15}, {""block"": ""star_ris"", ""rho"": 1.0, ""gain"": 0.22416210501473088}, {""block"": ""rsma"", ""rho"": 1.0, ""gain"": 0.0}, {""block"": ""star_ris"", ""rho"": 4.0, ""gain"": 0.005437433667978553}, {""block"": ""rsma"", ""rho"": 1.0, ""gain"": 0.0}, {""block"": ""star_ris"", ""rho"": 1.0, ""gain"": 0.06807630976035739}, {""block"": ""rsma"", ""rho"": 1.0, ""gain"": 0.0}, {""block"": ""star_ris"", ""rho"": 1.0, ""gain"": 0.012839244880641587}, {""block"": ""rsma"", ""rho"": 1.0, ""gain"": 0.0}, {""block"": ""star_ris"", ""rho"": 2.0, ""gain"": 0.031200558334862905}, {""block"": ""rsma"", ""rho"": 1.0, ""gain"": 0.0}, {""block"": ""star_ris"", ""rho"": 16.0, ""gain"": 0.02576126610840035}, {""block"": ""rsma"", ""rho"": 1.0, ""gain"": -3.552713678800501e-15}, {""block"": ""star_ris"", ""rho"": 1.0, ""gain"": 0.1291424263332388}, {""block"": ""rsma"", ""rho"": 1.0, ""gain"": 0.0}, {""block"": ""star_ris"", ""rho"": 1.0, ""gain"": 0.053005586963767115}, {""block"": ""rsma"", ""rho"": 1.0, ""gain"": 0.0}, {""block"": ""star_ris"", ""rho"": 8.0, ""gain"": 0.0027269010557695594}, {""block"": ""rsma"", ""rho"": 1.0, ""gain"": 0.0}, {""block"": ""star_ris"", ""rho"": 8.0, ""gain"": 0.040562052810855675}, {""block"": ""rsma"", ""rho"": 1.0, ""gain"": 0.0}, {""block"": ""star_ris"", ""rho"": 32.0, ""gain"": 0.0005444385979487265}]",{},5114.670244,895cf8987087c169d7023476c078ebabf24f99fbbc30b65ad7fae1097d95a6fe,fc61d5cda7da39530055bae9bd0e92865f995cd9,f4c80269e5fb3cf553900b2e82f235af875b7c2e33b4ff71ec5d85cc25eb2b4e
ao_sca,128,10000,888,test,19.611773558844547,19.611773558844547,1.0,True,0.0,3,2373,6,ao_sca_proximal_physical,analytical_ris_equal_allocation,"[1.8380272721995807, 19.59292566734101, 19.611058808258313, 19.611773558844547]","[{""block"": ""rsma"", ""rho"": 1.0, ""gain"": 17.39905420165137}, {""block"": ""star_ris"", ""rho"": 1.0, ""gain"": 0.35584419349005714}, {""block"": ""rsma"", ""rho"": 1.0, ""gain"": -3.552713678800501e-15}, {""block"": ""star_ris"", ""rho"": 4.0, ""gain"": 0.01813314091730689}, {""block"": ""rsma"", ""rho"": 1.0, ""gain"": 0.0}, {""block"": ""star_ris"", ""rho"": 64.0, ""gain"": 0.0007147505862334924}]",{},1258.839615,895cf8987087c169d7023476c078ebabf24f99fbbc30b65ad7fae1097d95a6fe,fc61d5cda7da39530055bae9bd0e92865f995cd9,f4c80269e5fb3cf553900b2e82f235af875b7c2e33b4ff71ec5d85cc25eb2b4e
ao_sca,128,10000,889,test,19.753437677228877,19.753437677228877,1.0,True,0.0,13,10267,24,ao_sca_proximal_physical,analytical_ris_equal_allocation,"[1.8380237084026256, 19.23389954383288, 19.25763117972857, 19.445814284123756, 19.542371055912557, 19.546239213209216, 19.63434836830386, 19.640442687625853, 19.64840043261739, 19.714169583914597, 19.720897777953468, 19.73353725850294, 19.752269740759047, 19.753437677228874]","[{""block"": ""rsma"", ""rho"": 1.0, ""gain"": 17.35840203706688}, {""block"": ""star_ris"", ""rho"": 1.0, ""gain"": 0.03747379836337217}, {""block"": ""rsma"", ""rho"": 1.0, ""gain"": 0.0}, {""block"": ""star_ris"", ""rho"": 1.0, ""gain"": 0.023731635895689607}, {""block"": ""rsma"", ""rho"": 1.0, ""gain"": 0.0}, {""block"": ""star_ris"", ""rho"": 1.0, ""gain"": 0.18818310439518626}, {""block"": ""rsma"", ""rho"": 1.0, ""gain"": 0.0}, {""block"": ""star_ris"", ""rho"": 1.0, ""gain"": 0.0965567717888014}, {""block"": ""rsma"", ""rho"": 1.0, ""gain"": 0.0}, {""block"": ""star_ris"", ""rho"": 2.0, ""gain"": 0.0038681572966581257}, {""block"": ""rsma"", ""rho"": 1.0, ""gain"": 0.0}, {""block"": ""star_ris"", ""rho"": 1.0, ""gain"": 0.08810915509464579}, {""block"": ""rsma"", ""rho"": 1.0, ""gain"": 0.0}, {""block"": ""star_ris"", ""rho"": 2.0, ""gain"": 0.006094319321992003}, {""block"": ""rsma"", ""rho"": 1.0, ""gain"": 0.0}, {""block"": ""star_ris"", ""rho"": 4.0, ""gain"": 0.00795774499153623}, {""block"": ""rsma"", ""rho"": 1.0, ""gain"": 3.552713678800501e-15}, {""block"": ""star_ris"", ""rho"": 4.0, ""gain"": 0.06576915129720362}, {""block"": ""rsma"", ""rho"": 1.0, ""gain"": 0.0}, {""block"": ""star_ris"", ""rho"": 16.0, ""gain"": 0.006728194038871038}, {""block"": ""rsma"", ""rho"": 1.0, ""gain"": 3.552713678800501e-15}, {""block"": ""star_ris"", ""rho"": 8.0, ""gain"": 0.012639480549466953}, {""block"": ""rsma"", ""rho"": 1.0, ""gain"": 3.552713678800501e-15}, {""block"": ""star_ris"", ""rho"": 32.0, ""gain"": 0.018732482256105243}, {""block"": ""rsma"", ""rho"": 1.0, ""gain"": -3.552713678800501e-15}, {""block"": ""star_ris"", ""rho"": 16.0, ""gain"": 0.0011679364698302663}]",{},5628.04577,895cf8987087c169d7023476c078ebabf24f99fbbc30b65ad7fae1097d95a6fe,fc61d5cda7da39530055bae9bd0e92865f995cd9,f4c80269e5fb3cf553900b2e82f235af875b7c2e33b4ff71ec5d85cc25eb2b4e
ao_sca,128,10000,890,test,19.15256320046448,19.15256320046448,1.0,True,0.0,3,2372,6,ao_sca_proximal_physical,analytical_ris_equal_allocation,"[1.8380168693604293, 19.091160550641032, 19.151392102018313, 19.152563200464478]","[{""block"": ""rsma"", ""rho"": 1.0, ""gain"": 16.735871543519487}, {""block"": ""star_ris"", ""rho"": 1.0, ""gain"": 0.5172721377611147}, {""block"": ""rsma"", ""rho"": 1.0, ""gain"": 0.0}, {""block"": ""star_ris"", ""rho"": 8.0, ""gain"": 0.060231551377281534}, {""block"": ""rsma"", ""rho"": 1.0, ""gain"": 0.0}, {""block"": ""star_ris"", ""rho"": 16.0, ""gain"": 0.0011710984461643648}]",{},1257.637139,895cf8987087c169d7023476c078ebabf24f99fbbc30b65ad7fae1097d95a6fe,fc61d5cda7da39530055bae9bd0e92865f995cd9,f4c80269e5fb3cf553900b2e82f235af875b7c2e33b4ff71ec5d85cc25eb2b4e
ao_sca,128,10000,891,test,19.375343083985573,19.375343083985573,1.0,True,0.0,17,13449,32,ao_sca_proximal_physical,analytical_ris_equal_allocation,"[1.8380060449025393, 18.097614658152683, 18.112861712013512, 18.93704181148083, 19.15202626154469, 19.168576088811108, 19.17675138417774, 19.180113451024283, 19.19271434907774, 19.27163792555082, 19.30856064823165, 19.318566006816834, 19.33362932866708, 19.336019019891594, 19.360270669952147, 19.372116249662138, 19.37501635741112, 19.375343083985573]","[{""block"": ""rsma"", ""rho"": 1.0, ""gain"": 16.19632069598262}, {""block"": ""star_ris"", ""rho"": 16.0, ""gain"": 0.06328791726752314}, {""block"": ""rsma"", ""rho"": 1.0, ""gain"": 0.0}, {""block"": ""star_ris"", ""rho"": 64.0, ""gain"": 0.01524705386082914}, {""block"": ""rsma"", ""rho"": 1.0, ""gain"": 0.0}, {""block"": ""star_ris"", ""rho"": 1.0, ""gain"": 0.8241800994673198}, {""block"": ""rsma"", ""rho"": 1.0, ""gain"": 0.0}, {""block"": ""star_ris"", ""rho"": 2.0, ""gain"": 0.21498445006385936}, {""block"": ""rsma"", ""rho"": 1.0, ""gain"": 0.0}, {""block"": ""star_ris"", ""rho"": 32.0, ""gain"": 0.016549827266416628}, {""block"": ""rsma"", ""rho"": 1.0, ""gain"": 0.0}, {""block"": ""star_ris"", ""rho"": 64.0, ""gain"": 0.008175295366633861}, {""block"": ""rsma"", ""rho"": 1.0, ""gain"": 0.0}, {""block"": ""star_ris"", ""rho"": 16.0, ""gain"": 0.0033620668465417225}, {""block"": ""rsma"", ""rho"": 1.0, ""gain"": -3.552713678800501e-15}, {""block"": ""star_ris"", ""rho"": 4.0, ""gain"": 0.012600898053459986}, {""block"": ""rsma"", ""rho"": 1.0, ""gain"": 0.0}, {""block"": ""star_ris"", ""rho"": 4.0, ""gain"": 0.07892357647308046}, {""block"": ""rsma"", ""rho"": 1.0, ""gain"": 0.0}, {""block"": ""star_ris"", ""rho"": 8.0, ""gain"": 0.0369227226808313}, {""block"": ""rsma"", ""rho"": 1.0, ""gain"": 0.0}, {""block"": ""star_ris"", ""rho"": 16.0, ""gain"": 0.010005358585182478}, {""block"": ""rsma"", ""rho"": 1.0, ""gain"": 0.0}, {""block"": ""star_ris"", ""rho"": 16.0, ""gain"": 0.015063321850245615}, {""block"": ""rsma"", ""rho"": 1.0, ""gain"": 0.0}, {""block"": ""star_ris"", ""rho"": 8.0, ""gain"": 0.0023896912245149338}, {""block"": ""rsma"", ""rho"": 1.0, ""gain"": -3.552713678800501e-15}, {""block"": ""star_ris"", ""rho"": 16.0, ""gain"": 0.024251650060556074}, {""block"": ""rsma"", ""rho"": 1.0, ""gain"": 3.552713678800501e-15}, {""block"": ""star_ris"", ""rho"": 4.0, ""gain"": 0.011845579709987675}, {""block"": ""rsma"", ""rho"": 1.0, ""gain"": 3.552713678800501e-15}, {""block"": ""star_ris"", ""rho"": 2.0, ""gain"": 0.002900107748978087}, {""block"": ""rsma"", ""rho"": 1.0, ""gain"": 0.0}, {""block"": ""star_ris"", ""rho"": 2.0, ""gain"": 0.00032672657445331765}]",{},7386.658355,895cf8987087c169d7023476c078ebabf24f99fbbc30b65ad7fae1097d95a6fe,fc61d5cda7da39530055bae9bd0e92865f995cd9,f4c80269e5fb3cf553900b2e82f235af875b7c2e33b4ff71ec5d85cc25eb2b4e
ao_sca,128,10000,892,test,19.32512104810077,19.32512104810077,1.0,True,0.0,2,1579,4,ao_sca_proximal_physical,analytical_ris_equal_allocation,"[1.8380166247249372, 19.324977814977935, 19.325121048100772]","[{""block"": ""rsma"", ""rho"": 1.0, ""gain"": 16.855628180416485}, {""block"": ""star_ris"", ""rho"": 1.0, ""gain"": 0.6313330098365135}, {""block"": ""rsma"", ""rho"": 1.0, ""gain"": 0.0}, {""block"": ""star_ris"", ""rho"": 4.0, ""gain"": 0.00014323312283792689}]",{},874.21467,895cf8987087c169d7023476c078ebabf24f99fbbc30b65ad7fae1097d95a6fe,fc61d5cda7da39530055bae9bd0e92865f995cd9,f4c80269e5fb3cf553900b2e82f235af875b7c2e33b4ff71ec5d85cc25eb2b4e
ao_sca,128,10000,893,test,19.97950688681911,19.97950688681911,1.0,True,0.0,20,15797,35,ao_sca_proximal_physical,analytical_ris_equal_allocation,"[1.838026803131959, 19.15610549749254, 19.212884714192512, 19.56330566208001, 19.629897736074586, 19.772581135823167, 19.817227121764255, 19.819493179861603, 19.83504539847345, 19.85958181259844, 19.87249682393407, 19.880317356919804, 19.886464437765245, 19.9031792392333, 19.90960591376456, 19.91296971562068, 19.92088246287137, 19.933193191763095, 19.935683530161675, 19.97808160428493, 19.97950688681911]","[{""block"": ""rsma"", ""rho"": 1.0, ""gain"": 17.19258906493065}, {""block"": ""star_ris"", ""rho"": 4.0, ""gain"": 0.12548962942992858}, {""block"": ""rsma"", ""rho"": 1.0, ""gain"": 0.0}, {""block"": ""star_ris"", ""rho"": 8.0, ""gain"": 0.056779216699972324}, {""block"": ""rsma"", ""rho"": 1.0, ""gain"": -3.552713678800501e-15}, {""block"": ""star_ris"", ""rho"": 1.0, ""gain"": 0.3504209478874998}, {""block"": ""rsma"", ""rho"": 1.0, ""gain"": 0.0}, {""block"": ""star_ris"", ""rho"": 1.0, ""gain"": 0.06659207399457756}, {""block"": ""rsma"", ""rho"": 1.0, ""gain"": 0.0}, {""block"": ""star_ris"", ""rho"": 2.0, ""gain"": 0.1426833997485808}, {""block"": ""rsma"", ""rho"": 1.0, ""gain"": 0.0}, {""block"": ""star_ris"", ""rho"": 4.0, ""gain"": 0.04464598594108793}, {""block"": ""rsma"", ""rho"": 1.0, ""gain"": 0.0}, {""block"": ""star_ris"", ""rho"": 4.0, ""gain"": 0.0022660580973479227}, {""block"": ""rsma"", ""rho"": 1.0, ""gain"": 0.0}, {""block"": ""star_ris"", ""rho"": 16.0, ""gain"": 0.01555221861184819}, {""block"": ""rsma"", ""rho"": 1.0, ""gain"": 3.552713678800501e-15}, {""block"": ""star_ris"", ""rho"": 4.0, ""gain"": 0.024536414124984418}, {""block"": ""rsma"", ""rho"": 1.0, ""gain"": 0.0}, {""block"": ""star_ris"", ""rho"": 8.0, ""gain"": 0.012915011335632443}, {""block"": ""rsma"", ""rho"": 1.0, ""gain"": 0.0}, {""block"": ""star_ris"", ""rho"": 4.0, ""gain"": 0.007820532985732598}, {""block"": ""rsma"", ""rho"": 1.0, ""gain"": 0.0}, {""block"": ""star_ris"", ""rho"": 8.0, ""gain"": 0.006147080845440911}, {""block"": ""rsma"", ""rho"": 1.0, ""gain"": 3.552713678800501e-15}, {""block"": ""star_ris"", ""rho"": 4.0, ""gain"": 0.016714801468051377}, {""block"": ""rsma"", ""rho"": 1.0, ""gain"": 0.0}, {""block"": ""star_ris"", ""rho"": 4.0, ""gain"": 0.006426674531258669}, {""block"": ""rsma"", ""rho"": 1.0, ""gain"": 0.0}, {""block"": ""star_ris"", ""rho"": 2.0, ""gain"": 0.0033638018561212846}, {""block"": ""rsma"", ""rho"": 1.0, ""gain"": 0.0}, {""block"": ""star_ris"", ""rho"": 4.0, ""gain"": 0.007912747250689023}, {""block"": ""rsma"", ""rho"": 1.0, ""gain"": 0.0}, {""block"": ""star_ris"", ""rho"": 2.0, ""gain"": 0.012310728891726797}, {""block"": ""rsma"", ""rho"": 1.0, ""gain"": -3.552713678800501e-15}, {""block"": ""star_ris"", ""rho"": 1.0, ""gain"": 0.0024903383985837024}, {""block"": ""rsma"", ""rho"": 1.0, ""gain"": -3.552713678800501e-15}, {""block"": ""star_ris"", ""rho"": 1.0, ""gain"": 0.04239807412325902}, {""block"": ""rsma"", ""rho"": 1.0, ""gain"": 0.0}, {""block"": ""star_ris"", ""rho"": 16.0, ""gain"": 0.001425282534178507}]",{},8587.624742,895cf8987087c169d7023476c078ebabf24f99fbbc30b65ad7fae1097d95a6fe,fc61d5cda7da39530055bae9bd0e92865f995cd9,f4c80269e5fb3cf553900b2e82f235af875b7c2e33b4ff71ec5d85cc25eb2b4e
ao_sca,128,10000,894,test,19.81507415211039,19.81507415211039,1.0,True,0.0,9,7105,17,ao_sca_proximal_physical,analytical_ris_equal_allocation,"[1.8380216479441551, 19.250583770030673, 19.570593619033204, 19.610988793806328, 19.63555523776862, 19.695469752463858, 19.77696847176263, 19.792613267473655, 19.81470479296099, 19.81507415211039]","[{""block"": ""rsma"", ""rho"": 1.0, ""gain"": 16.694773383479284}, {""block"": ""star_ris"", ""rho"": 1.0, ""gain"": 0.7177887386072328}, {""block"": ""rsma"", ""rho"": 1.0, ""gain"": -3.552713678800501e-15}, {""block"": ""star_ris"", ""rho"": 1.0, ""gain"": 0.3200098490025347}, {""block"": ""rsma"", ""rho"": 1.0, ""gain"": 0.0}, {""block"": ""star_ris"", ""rho"": 8.0, ""gain"": 0.040395174773124154}, {""block"": ""rsma"", ""rho"": 1.0, ""gain"": -3.552713678800501e-15}, {""block"": ""star_ris"", ""rho"": 2.0, ""gain"": 0.024566443962296347}, {""block"": ""rsma"", ""rho"": 1.0, ""gain"": 0.0}, {""block"": ""star_ris"", ""rho"": 1.0, ""gain"": 0.059914514695236676}, {""block"": ""rsma"", ""rho"": 1.0, ""gain"": 3.552713678800501e-15}, {""block"": ""star_ris"", ""rho"": 1.0, ""gain"": 0.08149871929876795}, {""block"": ""rsma"", ""rho"": 1.0, ""gain"": 0.0}, {""block"": ""star_ris"", ""rho"": 4.0, ""gain"": 0.01564479571102595}, {""block"": ""rsma"", ""rho"": 1.0, ""gain"": 0.0}, {""block"": ""star_ris"", ""rho"": 1.0, ""gain"": 0.022091525487333286}, {""block"": ""rsma"", ""rho"": 1.0, ""gain"": 0.0}, {""block"": ""star_ris"", ""rho"": 64.0, ""gain"": 0.00036935914940272596}]",{},3867.562537,895cf8987087c169d7023476c078ebabf24f99fbbc30b65ad7fae1097d95a6fe,fc61d5cda7da39530055bae9bd0e92865f995cd9,f4c80269e5fb3cf553900b2e82f235af875b7c2e33b4ff71ec5d85cc25eb2b4e
ao_sca,128,10000,895,test,19.415752594678537,19.415752594678537,1.0,True,0.0,9,7107,17,ao_sca_proximal_physical,analytical_ris_equal_allocation,"[1.838014157066098, 18.94801550356531, 19.065445782557756, 19.200631457728928, 19.21377834384181, 19.259860227974446, 19.311742349763872, 19.397133418093745, 19.414411382216755, 19.415752594678537]","[{""block"": ""rsma"", ""rho"": 1.0, ""gain"": 17.02553297984292}, {""block"": ""star_ris"", ""rho"": 1.0, ""gain"": 0.08446836665628865}, {""block"": ""rsma"", ""rho"": 1.0, ""gain"": 0.0}, {""block"": ""star_ris"", ""rho"": 1.0, ""gain"": 0.11743027899244751}, {""block"": ""rsma"", ""rho"": 1.0, ""gain"": -3.552713678800501e-15}, {""block"": ""star_ris"", ""rho"": 1.0, ""gain"": 0.13518567517117575}, {""block"": ""rsma"", ""rho"": 1.0, ""gain"": 3.552713678800501e-15}, {""block"": ""star_ris"", ""rho"": 4.0, ""gain"": 0.013146886112878065}, {""block"": ""rsma"", ""rho"": 1.0, ""gain"": 0.0}, {""block"": ""star_ris"", ""rho"": 2.0, ""gain"": 0.046081884132636475}, {""block"": ""rsma"", ""rho"": 1.0, ""gain"": 0.0}, {""block"": ""star_ris"", ""rho"": 2.0, ""gain"": 0.05188212178942564}, {""block"": ""rsma"", ""rho"": 1.0, ""gain"": 0.0}, {""block"": ""star_ris"", ""rho"": 2.0, ""gain"": 0.08539106832987287}, {""block"": ""rsma"", ""rho"": 1.0, ""gain"": 0.0}, {""block"": ""star_ris"", ""rho"": 16.0, ""gain"": 0.017277964123010747}, {""block"": ""rsma"", ""rho"": 1.0, ""gain"": 0.0}, {""block"": ""star_ris"", ""rho"": 32.0, ""gain"": 0.001341212461781538}]",{},3904.500109,895cf8987087c169d7023476c078ebabf24f99fbbc30b65ad7fae1097d95a6fe,fc61d5cda7da39530055bae9bd0e92865f995cd9,f4c80269e5fb3cf553900b2e82f235af875b7c2e33b4ff71ec5d85cc25eb2b4e
ao_sca,128,10000,896,test,19.839368967095176,19.839368967095176,1.0,True,0.0,10,7895,18,ao_sca_proximal_physical,analytical_ris_equal_allocation,"[1.8380274178054403, 19.363933735711065, 19.38243489255711, 19.432713859862293, 19.511821846547715, 19.639458992161885, 19.69026204241736, 19.69438166603208, 19.709517447192653, 19.838918744845685, 19.839368967095176]","[{""block"": ""rsma"", ""rho"": 1.0, ""gain"": 17.466868556274832}, {""block"": ""star_ris"", ""rho"": 4.0, ""gain"": 0.059037761630793995}, {""block"": ""rsma"", ""rho"": 1.0, ""gain"": 0.0}, {""block"": ""star_ris"", ""rho"": 2.0, ""gain"": 0.01850115684604603}, {""block"": ""rsma"", ""rho"": 1.0, ""gain"": -3.552713678800501e-15}, {""block"": ""star_ris"", ""rho"": 1.0, ""gain"": 0.05027896730518577}, {""block"": ""rsma"", ""rho"": 1.0, ""gain"": -3.552713678800501e-15}, {""block"": ""star_ris"", ""rho"": 2.0, ""gain"": 0.0791079866854254}, {""block"": ""rsma"", ""rho"": 1.0, ""gain"": 3.552713678800501e-15}, {""block"": ""star_ris"", ""rho"": 1.0, ""gain"": 0.12763714561416606}, {""block"": ""rsma"", ""rho"": 1.0, ""gain"": 0.0}, {""block"": ""star_ris"", ""rho"": 8.0, ""gain"": 0.0508030502554746}, {""block"": ""rsma"", ""rho"": 1.0, ""gain"": 0.0}, {""block"": ""star_ris"", ""rho"": 16.0, ""gain"": 0.004119623614720069}, {""block"": ""rsma"", ""rho"": 1.0, ""gain"": 0.0}, {""block"": ""star_ris"", ""rho"": 2.0, ""gain"": 0.015135781160573458}, {""block"": ""rsma"", ""rho"": 1.0, ""gain"": 3.552713678800501e-15}, {""block"": ""star_ris"", ""rho"": 1.0, ""gain"": 0.129401297653029}, {""block"": ""rsma"", ""rho"": 1.0, ""gain"": 0.0}, {""block"": ""star_ris"", ""rho"": 4.0, ""gain"": 0.0004502222494906505}]",{},4373.804086,895cf8987087c169d7023476c078ebabf24f99fbbc30b65ad7fae1097d95a6fe,fc61d5cda7da39530055bae9bd0e92865f995cd9,f4c80269e5fb3cf553900b2e82f235af875b7c2e33b4ff71ec5d85cc25eb2b4e
ao_sca,128,10000,897,test,19.959408017320563,19.959408017320563,1.0,True,0.0,20,15817,31,ao_sca_proximal_physical,analytical_ris_equal_allocation,"[1.8380265285932695, 19.203884728474883, 19.266393768740762, 19.296297488803063, 19.310937716969814, 19.318182864408733, 19.346761927737383, 19.36076773610156, 19.366041414486965, 19.392993298507793, 19.419311119995204, 19.425770394158466, 19.563824645878746, 19.588312484735216, 19.600375451583492, 19.793178433014777, 19.912365393391223, 19.917642958415207, 19.952257146073656, 19.95495162959636, 19.959408017320563]","[{""block"": ""rsma"", ""rho"": 1.0, ""gain"": 17.278611625121286}, {""block"": ""star_ris"", ""rho"": 2.0, ""gain"": 0.0872465747603286}, {""block"": ""rsma"", ""rho"": 1.0, ""gain"": 0.0}, {""block"": ""star_ris"", ""rho"": 8.0, ""gain"": 0.06250904026587989}, {""block"": ""rsma"", ""rho"": 1.0, ""gain"": 0.0}, {""block"": ""star_ris"", ""rho"": 16.0, ""gain"": 0.029903720062300465}, {""block"": ""rsma"", ""rho"": 1.0, ""gain"": 3.552713678800501e-15}, {""block"": ""star_ris"", ""rho"": 32.0, ""gain"": 0.014640228166747704}, {""block"": ""rsma"", ""rho"": 1.0, ""gain"": 0.0}, {""block"": ""star_ris"", ""rho"": 64.0, ""gain"": 0.00724514743891902}, {""block"": ""rsma"", ""rho"": 1.0, ""gain"": 0.0}, {""block"": ""star_ris"", ""rho"": 16.0, ""gain"": 0.028579063328649568}, {""block"": ""rsma"", ""rho"": 1.0, ""gain"": -3.552713678800501e-15}, {""block"": ""star_ris"", ""rho"": 32.0, ""gain"": 0.01400580836418186}, {""block"": ""rsma"", ""rho"": 1.0, ""gain"": 3.552713678800501e-15}, {""block"": ""star_ris"", ""rho"": 2.0, ""gain"": 0.00527367838540016}, {""block"": ""rsma"", ""rho"": 1.0, ""gain"": 0.0}, {""block"": ""star_ris"", ""rho"": 16.0, ""gain"": 0.026951884020828487}, {""block"": ""rsma"", ""rho"": 1.0, ""gain"": 0.0}, {""block"": ""star_ris"", ""rho"": 16.0, ""gain"": 0.026317821487410242}, {""block"": ""rsma"", ""rho"": 1.0, ""gain"": 0.0}, {""block"": ""star_ris"", ""rho"": 64.0, ""gain"": 0.006459274163262307}, {""block"": ""rsma"", ""rho"": 1.0, ""gain"": 0.0}, {""block"": ""star_ris"", ""rho"": 1.0, ""gain"": 0.13805425172028052}, {""block"": ""rsma"", ""rho"": 1.0, ""gain"": -3.552713678800501e-15}, {""block"": ""star_ris"", ""rho"": 16.0, ""gain"": 0.024487838856472877}, {""block"": ""rsma"", ""rho"": 1.0, ""gain"": -3.552713678800501e-15}, {""block"": ""star_ris"", ""rho"": 32.0, ""gain"": 0.012062966848279899}, {""block"": ""rsma"", ""rho"": 1.0, ""gain"": -3.552713678800501e-15}, {""block"": ""star_ris"", ""rho"": 1.0, ""gain"": 0.1928029814312886}, {""block"": ""rsma"", ""rho"": 1.0, ""gain"": 0.0}, {""block"": ""star_ris"", ""rho"": 1.0, ""gain"": 0.11918696037644594}, {""block"": ""rsma"", ""rho"": 1.0, ""gain"": 0.0}, {""block"": ""star_ris"", ""rho"": 2.0, ""gain"": 0.005277565023984465}, {""block"": ""rsma"", ""rho"": 1.0, ""gain"": 0.0}, {""block"": ""star_ris"", ""rho"": 1.0, ""gain"": 0.03461418765844826}, {""block"": ""rsma"", ""rho"": 1.0, ""gain"": 0.0}, {""block"": ""star_ris"", ""rho"": 8.0, ""gain"": 0.0026944835227027397}, {""block"": ""rsma"", ""rho"": 1.0, ""gain"": 0.0}, {""block"": ""star_ris"", ""rho"": 1.0, ""gain"": 0.004456387724204092}]",{},8714.478009,895cf8987087c169d7023476c078ebabf24f99fbbc30b65ad7fae1097d95a6fe,fc61d5cda7da39530055bae9bd0e92865f995cd9,f4c80269e5fb3cf553900b2e82f235af875b7c2e33b4ff71ec5d85cc25eb2b4e
ao_sca,128,10000,898,test,19.797627548418845,19.797627548418845,1.0,True,0.0,20,15782,35,ao_sca_proximal_physical,analytical_ris_equal_allocation,"[1.8380118761246602, 18.575865118381994, 18.608394475814684, 18.733351847047576, 18.848035141593265, 19.217077650574566, 19.228897494376465, 19.281148755458247, 19.306738324509666, 19.360019849895554, 19.524321953518886, 19.540402011293327, 19.566218404352895, 19.592804859711357, 19.620190684603955, 19.672165330928486, 19.68427821987347, 19.697939688237273, 19.703352047063508, 19.791071441308674, 19.797627548418845]","[{""block"": ""rsma"", ""rho"": 1.0, ""gain"": 16.42996351172159}, {""block"": ""star_ris"", ""rho"": 2.0, ""gain"": 0.3078897305357451}, {""block"": ""rsma"", ""rho"": 1.0, ""gain"": 0.0}, {""block"": ""star_ris"", ""rho"": 16.0, ""gain"": 0.03252935743268992}, {""block"": ""rsma"", ""rho"": 1.0, ""gain"": -3.552713678800501e-15}, {""block"": ""star_ris"", ""rho"": 4.0, ""gain"": 0.1249573712328953}, {""block"": ""rsma"", ""rho"": 1.0, ""gain"": 3.552713678800501e-15}, {""block"": ""star_ris"", ""rho"": 4.0, ""gain"": 0.11468329454568504}, {""block"": ""rsma"", ""rho"": 1.0, ""gain"": 0.0}, {""block"": ""star_ris"", ""rho"": 1.0, ""gain"": 0.36904250898130186}, {""block"": ""rsma"", ""rho"": 1.0, ""gain"": 0.0}, {""block"": ""star_ris"", ""rho"": 4.0, ""gain"": 0.0118198438018986}, {""block"": ""rsma"", ""rho"": 1.0, ""gain"": 0.0}, {""block"": ""star_ris"", ""rho"": 2.0, ""gain"": 0.05225126108178202}, {""block"": ""rsma"", ""rho"": 1.0, ""gain"": 0.0}, {""block"": ""star_ris"", ""rho"": 1.0, ""gain"": 0.025589569051419403}, {""block"": ""rsma"", ""rho"": 1.0, ""gain"": 0.0}, {""block"": ""star_ris"", ""rho"": 1.0, ""gain"": 0.05328152538588782}, {""block"": ""rsma"", ""rho"": 1.0, ""gain"": 3.552713678800501e-15}, {""block"": ""star_ris"", ""rho"": 1.0, ""gain"": 0.16430210362332787}, {""block"": ""rsma"", ""rho"": 1.0, ""gain"": 0.0}, {""block"": ""star_ris"", ""rho"": 4.0, ""gain"": 0.01608005777444177}, {""block"": ""rsma"", ""rho"": 1.0, ""gain"": 0.0}, {""block"": ""star_ris"", ""rho"": 2.0, ""gain"": 0.025816393059567844}, {""block"": ""rsma"", ""rho"": 1.0, ""gain"": 0.0}, {""block"": ""star_ris"", ""rho"": 1.0, ""gain"": 0.026586455358462047}, {""block"": ""rsma"", ""rho"": 1.0, ""gain"": 0.0}, {""block"": ""star_ris"", ""rho"": 2.0, ""gain"": 0.027385824892597554}, {""block"": ""rsma"", ""rho"": 1.0, ""gain"": -7.105427357601002e-15}, {""block"": ""star_ris"", ""rho"": 1.0, ""gain"": 0.0519746463245383}, {""block"": ""rsma"", ""rho"": 1.0, ""gain"": 0.0}, {""block"": ""star_ris"", ""rho"": 4.0, ""gain"": 0.012112888944983524}, {""block"": ""rsma"", ""rho"": 1.0, ""gain"": 0.0}, {""block"": ""star_ris"", ""rho"": 1.0, ""gain"": 0.013661468363803664}, {""block"": ""rsma"", ""rho"": 1.0, ""gain"": 3.552713678800501e-15}, {""block"": ""star_ris"", ""rho"": 2.0, ""gain"": 0.005412358826230701}, {""block"": ""rsma"", ""rho"": 1.0, ""gain"": 0.0}, {""block"": ""star_ris"", ""rho"": 1.0, ""gain"": 0.08771939424516617}, {""block"": ""rsma"", ""rho"": 1.0, ""gain"": 3.552713678800501e-15}, {""block"": ""star_ris"", ""rho"": 4.0, ""gain"": 0.0065561071101676305}]",{},8742.590791,895cf8987087c169d7023476c078ebabf24f99fbbc30b65ad7fae1097d95a6fe,fc61d5cda7da39530055bae9bd0e92865f995cd9,f4c80269e5fb3cf553900b2e82f235af875b7c2e33b4ff71ec5d85cc25eb2b4e
ao_sca,128,10000,899,test,19.510342564546796,19.510342564546796,1.0,True,0.0,6,4741,11,ao_sca_proximal_physical,analytical_ris_equal_allocation,"[1.8380154535512712, 19.227504830640186, 19.34313139933637, 19.44323538942092, 19.451253762745385, 19.509295556778383, 19.510342564546793]","[{""block"": ""rsma"", ""rho"": 1.0, ""gain"": 16.680530164900446}, {""block"": ""star_ris"", ""rho"": 1.0, ""gain"": 0.7089592121884678}, {""block"": ""rsma"", ""rho"": 1.0, ""gain"": 3.552713678800501e-15}, {""block"": ""star_ris"", ""rho"": 4.0, ""gain"": 0.11562656869618237}, {""block"": ""rsma"", ""rho"": 1.0, ""gain"": 0.0}, {""block"": ""star_ris"", ""rho"": 1.0, ""gain"": 0.1001039900845484}, {""block"": ""rsma"", ""rho"": 1.0, ""gain"": 3.552713678800501e-15}, {""block"": ""star_ris"", ""rho"": 8.0, ""gain"": 0.008018373324460981}, {""block"": ""rsma"", ""rho"": 1.0, ""gain"": 0.0}, {""block"": ""star_ris"", ""rho"": 4.0, ""gain"": 0.058041794032998695}, {""block"": ""rsma"", ""rho"": 1.0, ""gain"": 0.0}, {""block"": ""star_ris"", ""rho"": 32.0, ""gain"": 0.0010470077684097134}]",{},2632.591621,895cf8987087c169d7023476c078ebabf24f99fbbc30b65ad7fae1097d95a6fe,fc61d5cda7da39530055bae9bd0e92865f995cd9,f4c80269e5fb3cf553900b2e82f235af875b7c2e33b4ff71ec5d85cc25eb2b4e
ao_sca,128,10000,900,test,19.434310518249664,19.434310518249664,1.0,True,0.0,6,4746,11,ao_sca_proximal_physical,analytical_ris_equal_allocation,"[1.8380217504621468, 19.204544399870976, 19.247540735853846, 19.377415205109447, 19.42186198052341, 19.433561295866145, 19.434310518249664]","[{""block"": ""rsma"", ""rho"": 1.0, ""gain"": 17.327703639584303}, {""block"": ""star_ris"", ""rho"": 1.0, ""gain"": 0.03881900982452535}, {""block"": ""rsma"", ""rho"": 1.0, ""gain"": 0.0}, {""block"": ""star_ris"", ""rho"": 2.0, ""gain"": 0.04299633598287045}, {""block"": ""rsma"", ""rho"": 1.0, ""gain"": 0.0}, {""block"": ""star_ris"", ""rho"": 4.0, ""gain"": 0.12987446925560064}, {""block"": ""rsma"", ""rho"": 1.0, ""gain"": 3.552713678800501e-15}, {""block"": ""star_ris"", ""rho"": 8.0, ""gain"": 0.04444677541395947}, {""block"": ""rsma"", ""rho"": 1.0, ""gain"": -3.552713678800501e-15}, {""block"": ""star_ris"", ""rho"": 32.0, ""gain"": 0.011699315342738714}, {""block"": ""rsma"", ""rho"": 1.0, ""gain"": 0.0}, {""block"": ""star_ris"", ""rho"": 64.0, ""gain"": 0.0007492223835185996}]",{},2578.343476,895cf8987087c169d7023476c078ebabf24f99fbbc30b65ad7fae1097d95a6fe,fc61d5cda7da39530055bae9bd0e92865f995cd9,f4c80269e5fb3cf553900b2e82f235af875b7c2e33b4ff71ec5d85cc25eb2b4e
ao_sca,128,10000,901,test,19.368370695735283,19.368370695735283,1.0,True,0.0,13,10281,26,ao_sca_proximal_physical,analytical_ris_equal_allocation,"[1.8380159048934834, 18.75408001880887, 18.770152458960915, 18.785967825147267, 18.847451445562925, 18.862173761854997, 18.975319061275478, 19.078194262858528, 19.1640903314699, 19.212898411173313, 19.33430550239634, 19.34050436964311, 19.36773772380974, 19.368370695735283]","[{""block"": ""rsma"", ""rho"": 1.0, ""gain"": 16.848642460452055}, {""block"": ""star_ris"", ""rho"": 8.0, ""gain"": 0.06742165346333095}, {""block"": ""rsma"", ""rho"": 1.0, ""gain"": 0.0}, {""block"": ""star_ris"", ""rho"": 32.0, ""gain"": 0.01607244015204401}, {""block"": ""rsma"", ""rho"": 1.0, ""gain"": 0.0}, {""block"": ""star_ris"", ""rho"": 32.0, ""gain"": 0.015815366186352264}, {""block"": ""rsma"", ""rho"": 1.0, ""gain"": 0.0}, {""block"": ""star_ris"", ""rho"": 8.0, ""gain"": 0.06148362041565747}, {""block"": ""rsma"", ""rho"": 1.0, ""gain"": 0.0}, {""block"": ""star_ris"", ""rho"": 32.0, ""gain"": 0.014722316292072435}, {""block"": ""rsma"", ""rho"": 1.0, ""gain"": 0.0}, {""block"": ""star_ris"", ""rho"": 4.0, ""gain"": 0.11314529942048068}, {""block"": ""rsma"", ""rho"": 1.0, ""gain"": 0.0}, {""block"": ""star_ris"", ""rho"": 4.0, ""gain"": 0.10287520158304986}, {""block"": ""rsma"", ""rho"": 1.0, ""gain"": 0.0}, {""block"": ""star_ris"", ""rho"": 1.0, ""gain"": 0.08589606861137256}, {""block"": ""rsma"", ""rho"": 1.0, ""gain"": 0.0}, {""block"": ""star_ris"", ""rho"": 2.0, ""gain"": 0.04880807970341294}, {""block"": ""rsma"", ""rho"": 1.0, ""gain"": 0.0}, {""block"": ""star_ris"", ""rho"": 4.0, ""gain"": 0.12140709122302695}, {""block"": ""rsma"", ""rho"": 1.0, ""gain"": 0.0}, {""block"": ""star_ris"", ""rho"": 8.0, ""gain"": 0.006198867246769879}, {""block"": ""rsma"", ""rho"": 1.0, ""gain"": 0.0}, {""block"": ""star_ris"", ""rho"": 4.0, ""gain"": 0.027233354166629198}, {""block"": ""rsma"", ""rho"": 1.0, ""gain"": 0.0}, {""block"": ""star_ris"", ""rho"": 8.0, ""gain"": 0.0006329719255440125}]",{},5700.173117,895cf8987087c169d7023476c078ebabf24f99fbbc30b65ad7fae1097d95a6fe,fc61d5cda7da39530055bae9bd0e92865f995cd9,f4c80269e5fb3cf553900b2e82f235af875b7c2e33b4ff71ec5d85cc25eb2b4e
ao_sca,128,10000,902,test,19.64093973047277,19.64093973047277,1.0,True,0.0,10,7893,19,ao_sca_proximal_physical,analytical_ris_equal_allocation,"[1.8380188522532832, 18.937997876903673, 19.228980654707293, 19.326068311752458, 19.328531479155593, 19.433263632751316, 19.60615614955365, 19.623374871330995, 19.631572080982398, 19.639573381317803, 19.640939730472766]","[{""block"": ""rsma"", ""rho"": 1.0, ""gain"": 17.02799074620617}, {""block"": ""star_ris"", ""rho"": 1.0, ""gain"": 0.07198827844421629}, {""block"": ""rsma"", ""rho"": 1.0, ""gain"": 0.0}, {""block"": ""star_ris"", ""rho"": 1.0, ""gain"": 0.29098277780362025}, {""block"": ""rsma"", ""rho"": 1.0, ""gain"": 0.0}, {""block"": ""star_ris"", ""rho"": 1.0, ""gain"": 0.09708765704516509}, {""block"": ""rsma"", ""rho"": 1.0, ""gain"": 0.0}, {""block"": ""star_ris"", ""rho"": 1.0, ""gain"": 0.002463167403135458}, {""block"": ""rsma"", ""rho"": 1.0, ""gain"": 0.0}, {""block"": ""star_ris"", ""rho"": 1.0, ""gain"": 0.10473215359572308}, {""block"": ""rsma"", ""rho"": 1.0, ""gain"": -3.552713678800501e-15}, {""block"": ""star_ris"", ""rho"": 2.0, ""gain"": 0.17289251680233875}, {""block"": ""rsma"", ""rho"": 1.0, ""gain"": 0.0}, {""block"": ""star_ris"", ""rho"": 8.0, ""gain"": 0.017218721777343404}, {""block"": ""rsma"", ""rho"": 1.0, ""gain"": 3.552713678800501e-15}, {""block"": ""star_ris"", ""rho"": 4.0, ""gain"": 0.008197209651399362}, {""block"": ""rsma"", ""rho"": 1.0, ""gain"": 0.0}, {""block"": ""star_ris"", ""rho"": 16.0, ""gain"": 0.008001300335404693}, {""block"": ""rsma"", ""rho"": 1.0, ""gain"": 0.0}, {""block"": ""star_ris"", ""rho"": 4.0, ""gain"": 0.0013663491549635864}]",{},4397.747751,895cf8987087c169d7023476c078ebabf24f99fbbc30b65ad7fae1097d95a6fe,fc61d5cda7da39530055bae9bd0e92865f995cd9,f4c80269e5fb3cf553900b2e82f235af875b7c2e33b4ff71ec5d85cc25eb2b4e
ao_sca,128,10000,903,test,19.357969472332467,19.357969472332467,1.0,True,0.0,7,5533,13,ao_sca_proximal_physical,analytical_ris_equal_allocation,"[1.83801722541564, 18.955828821638256, 18.9874211628573, 19.00288308729107, 19.21238476529375, 19.30486094193087, 19.356167989222715, 19.357969472332467]","[{""block"": ""rsma"", ""rho"": 1.0, ""gain"": 16.98004635188883}, {""block"": ""star_ris"", ""rho"": 4.0, ""gain"": 0.13776524433378512}, {""block"": ""rsma"", ""rho"": 1.0, ""gain"": 0.0}, {""block"": ""star_ris"", ""rho"": 16.0, ""gain"": 0.0315923412190422}, {""block"": ""rsma"", ""rho"": 1.0, ""gain"": 3.552713678800501e-15}, {""block"": ""star_ris"", ""rho"": 32.0, ""gain"": 0.015461924433768814}, {""block"": ""rsma"", ""rho"": 1.0, ""gain"": 0.0}, {""block"": ""star_ris"", ""rho"": 1.0, ""gain"": 0.2095016780026775}, {""block"": ""rsma"", ""rho"": 1.0, ""gain"": 0.0}, {""block"": ""star_ris"", ""rho"": 1.0, ""gain"": 0.09247617663712049}, {""block"": ""rsma"", ""rho"": 1.0, ""gain"": 0.0}, {""block"": ""star_ris"", ""rho"": 1.0, ""gain"": 0.05130704729184643}, {""block"": ""rsma"", ""rho"": 1.0, ""gain"": 0.0}, {""block"": ""star_ris"", ""rho"": 32.0, ""gain"": 0.0018014831097517003}]",{},3025.484671,895cf8987087c169d7023476c078ebabf24f99fbbc30b65ad7fae1097d95a6fe,fc61d5cda7da39530055bae9bd0e92865f995cd9,f4c80269e5fb3cf553900b2e82f235af875b7c2e33b4ff71ec5d85cc25eb2b4e
ao_sca,128,10000,904,test,19.656394881334297,19.656394881334297,1.0,True,0.0,12,9480,21,ao_sca_proximal_physical,analytical_ris_equal_allocation,"[1.838023962528689, 19.370781008153912, 19.50380449522228, 19.510208475687925, 19.52096621510439, 19.52311293101748, 19.52771536053811, 19.530603979843292, 19.5539306087391, 19.558390044003474, 19.646440071923326, 19.655401189625827, 19.656394881334297]","[{""block"": ""rsma"", ""rho"": 1.0, ""gain"": 17.28542542168515}, {""block"": ""star_ris"", ""rho"": 1.0, ""gain"": 0.2473316239400738}, {""block"": ""rsma"", ""rho"": 1.0, ""gain"": 3.552713678800501e-15}, {""block"": ""star_ris"", ""rho"": 1.0, ""gain"": 0.13302348706836398}, {""block"": ""rsma"", ""rho"": 1.0, ""gain"": -3.552713678800501e-15}, {""block"": ""star_ris"", ""rho"": 8.0, ""gain"": 0.006403980465648829}, {""block"": ""rsma"", ""rho"": 1.0, ""gain"": -3.552713678800501e-15}, {""block"": ""star_ris"", ""rho"": 2.0, ""gain"": 0.010757739416469292}, {""block"": ""rsma"", ""rho"": 1.0, ""gain"": 0.0}, {""block"": ""star_ris"", ""rho"": 32.0, ""gain"": 0.0021467159130885705}, {""block"": ""rsma"", ""rho"": 1.0, ""gain"": 0.0}, {""block"": ""star_ris"", ""rho"": 16.0, ""gain"": 0.004602429520630835}, {""block"": ""rsma"", ""rho"": 1.0, ""gain"": 0.0}, {""block"": ""star_ris"", ""rho"": 8.0, ""gain"": 0.0028886193051818054}, {""block"": ""rsma"", ""rho"": 1.0, ""gain"": 0.0}, {""block"": ""star_ris"", ""rho"": 4.0, ""gain"": 0.023326628895809165}, {""block"": ""rsma"", ""rho"": 1.0, ""gain"": 0.0}, {""block"": ""star_ris"", ""rho"": 2.0, ""gain"": 0.0044594352643727575}, {""block"": ""rsma"", ""rho"": 1.0, ""gain"": -3.552713678800501e-15}, {""block"": ""star_ris"", ""rho"": 1.0, ""gain"": 0.08805002791985572}, {""block"": ""rsma"", ""rho"": 1.0, ""gain"": 0.0}, {""block"": ""star_ris"", ""rho"": 1.0, ""gain"": 0.008961117702501298}, {""block"": ""rsma"", ""rho"": 1.0, ""gain"": 0.0}, {""block"": ""star_ris"", ""rho"": 16.0, ""gain"": 0.000993691708469413}]",{},5172.432175,895cf8987087c169d7023476c078ebabf24f99fbbc30b65ad7fae1097d95a6fe,fc61d5cda7da39530055bae9bd0e92865f995cd9,f4c80269e5fb3cf553900b2e82f235af875b7c2e33b4ff71ec5d85cc25eb2b4e
ao_sca,128,10000,905,test,19.98943225642264,19.98943225642264,1.0,True,0.0,15,11840,29,ao_sca_proximal_physical,analytical_ris_equal_allocation,"[1.8380297499465796, 19.485095399494053, 19.53480375100138, 19.560104799052887, 19.568567676519628, 19.60110936748395, 19.737319659496933, 19.79250941975584, 19.86308471186879, 19.889421093407847, 19.909930535073993, 19.948827374647177, 19.966816880691084, 19.977054340572227, 19.989012368899548, 19.98943225642264]","[{""block"": ""rsma"", ""rho"": 1.0, ""gain"": 17.64130138091584}, {""block"": ""star_ris"", ""rho"": 2.0, ""gain"": 0.005764268631633485}, {""block"": ""rsma"", ""rho"": 1.0, ""gain"": 0.0}, {""block"": ""star_ris"", ""rho"": 1.0, ""gain"": 0.04970835150732711}, {""block"": ""rsma"", ""rho"": 1.0, ""gain"": 0.0}, {""block"": ""star_ris"", ""rho"": 16.0, ""gain"": 0.02530104805150657}, {""block"": ""rsma"", ""rho"": 1.0, ""gain"": 0.0}, {""block"": ""star_ris"", ""rho"": 4.0, ""gain"": 0.008462877466740792}, {""block"": ""rsma"", ""rho"": 1.0, ""gain"": 0.0}, {""block"": ""star_ris"", ""rho"": 1.0, ""gain"": 0.032541690964322356}, {""block"": ""rsma"", ""rho"": 1.0, ""gain"": 0.0}, {""block"": ""star_ris"", ""rho"": 1.0, ""gain"": 0.13621029201298285}, {""block"": ""rsma"", ""rho"": 1.0, ""gain"": 0.0}, {""block"": ""star_ris"", ""rho"": 1.0, ""gain"": 0.05518976025890865}, {""block"": ""rsma"", ""rho"": 1.0, ""gain"": 3.552713678800501e-15}, {""block"": ""star_ris"", ""rho"": 1.0, ""gain"": 0.07057529211294522}, {""block"": ""rsma"", ""rho"": 1.0, ""gain"": 0.0}, {""block"": ""star_ris"", ""rho"": 2.0, ""gain"": 0.02633638153905693}, {""block"": ""rsma"", ""rho"": 1.0, ""gain"": -3.552713678800501e-15}, {""block"": ""star_ris"", ""rho"": 2.0, ""gain"": 0.02050944166614954}, {""block"": ""rsma"", ""rho"": 1.0, ""gain"": 0.0}, {""block"": ""star_ris"", ""rho"": 2.0, ""gain"": 0.038896839573183684}, {""block"": ""rsma"", ""rho"": 1.0, ""gain"": 0.0}, {""block"": ""star_ris"", ""rho"": 16.0, ""gain"": 0.017989506043907255}, {""block"": ""rsma"", ""rho"": 1.0, ""gain"": -3.552713678800501e-15}, {""block"": ""star_ris"", ""rho"": 1.0, ""gain"": 0.010237459881146549}, {""block"": ""rsma"", ""rho"": 1.0, ""gain"": 3.552713678800501e-15}, {""block"": ""star_ris"", ""rho"": 4.0, ""gain"": 0.011958028327317294}, {""block"": ""rsma"", ""rho"": 1.0, ""gain"": -3.552713678800501e-15}, {""block"": ""star_ris"", ""rho"": 8.0, ""gain"": 0.00041988752309407573}]",{},6482.765088,895cf8987087c169d7023476c078ebabf24f99fbbc30b65ad7fae1097d95a6fe,fc61d5cda7da39530055bae9bd0e92865f995cd9,f4c80269e5fb3cf553900b2e82f235af875b7c2e33b4ff71ec5d85cc25eb2b4e
ao_sca,128,10000,906,test,19.580661000855017,19.580661000855017,1.0,True,0.0,20,15812,31,ao_sca_proximal_physical,analytical_ris_equal_allocation,"[1.8380133274357862, 18.686824355438986, 18.725596377566934, 18.76264056033733, 18.771680958166293, 18.841501663861823, 19.00402126116653, 19.2025771567237, 19.225526765286205, 19.252509170787093, 19.265770198969847, 19.272344999169796, 19.28713079592042, 19.331778611055285, 19.357968223524036, 19.408415413705114, 19.494508237001718, 19.50749436028326, 19.509474431142543, 19.512766454074583, 19.580661000855017]","[{""block"": ""rsma"", ""rho"": 1.0, ""gain"": 16.766683949841475}, {""block"": ""star_ris"", ""rho"": 8.0, ""gain"": 0.08212707816172582}, {""block"": ""rsma"", ""rho"": 1.0, ""gain"": 0.0}, {""block"": ""star_ris"", ""rho"": 16.0, ""gain"": 0.03877202212794728}, {""block"": ""rsma"", ""rho"": 1.0, ""gain"": 0.0}, {""block"": ""star_ris"", ""rho"": 16.0, ""gain"": 0.03704418277039778}, {""block"": ""rsma"", ""rho"": 1.0, ""gain"": 0.0}, {""block"": ""star_ris"", ""rho"": 64.0, ""gain"": 0.009040397828961488}, {""block"": ""rsma"", ""rho"": 1.0, ""gain"": -3.552713678800501e-15}, {""block"": ""star_ris"", ""rho"": 8.0, ""gain"": 0.069820705695534}, {""block"": ""rsma"", ""rho"": 1.0, ""gain"": 0.0}, {""block"": ""star_ris"", ""rho"": 1.0, ""gain"": 0.1625195973047049}, {""block"": ""rsma"", ""rho"": 1.0, ""gain"": 0.0}, {""block"": ""star_ris"", ""rho"": 2.0, ""gain"": 0.19855589555717046}, {""block"": ""rsma"", ""rho"": 1.0, ""gain"": 0.0}, {""block"": ""star_ris"", ""rho"": 2.0, ""gain"": 0.02294960856250583}, {""block"": ""rsma"", ""rho"": 1.0, ""gain"": -3.552713678800501e-15}, {""block"": ""star_ris"", ""rho"": 16.0, ""gain"": 0.026982405500891815}, {""block"": ""rsma"", ""rho"": 1.0, ""gain"": 7.105427357601002e-15}, {""block"": ""star_ris"", ""rho"": 32.0, ""gain"": 0.01326102818274677}, {""block"": ""rsma"", ""rho"": 1.0, ""gain"": 0.0}, {""block"": ""star_ris"", ""rho"": 64.0, ""gain"": 0.006574800199949493}, {""block"": ""rsma"", ""rho"": 1.0, ""gain"": -3.552713678800501e-15}, {""block"": ""star_ris"", ""rho"": 2.0, ""gain"": 0.01478579675062619}, {""block"": ""rsma"", ""rho"": 1.0, ""gain"": 0.0}, {""block"": ""star_ris"", ""rho"": 1.0, ""gain"": 0.04464781513486571}, {""block"": ""rsma"", ""rho"": 1.0, ""gain"": 0.0}, {""block"": ""star_ris"", ""rho"": 16.0, ""gain"": 0.026189612468751733}, {""block"": ""rsma"", ""rho"": 1.0, ""gain"": 0.0}, {""block"": ""star_ris"", ""rho"": 1.0, ""gain"": 0.05044719018107813}, {""block"": ""rsma"", ""rho"": 1.0, ""gain"": 0.0}, {""block"": ""star_ris"", ""rho"": 4.0, ""gain"": 0.08609282329660317}, {""block"": ""rsma"", ""rho"": 1.0, ""gain"": 0.0}, {""block"": ""star_ris"", ""rho"": 16.0, ""gain"": 0.012986123281542916}, {""block"": ""rsma"", ""rho"": 1.0, ""gain"": 0.0}, {""block"": ""star_ris"", ""rho"": 2.0, ""gain"": 0.0019800708592825345}, {""block"": ""rsma"", ""rho"": 1.0, ""gain"": 0.0}, {""block"": ""star_ris"", ""rho"": 2.0, ""gain"": 0.0032920229320403394}, {""block"": ""rsma"", ""rho"": 1.0, ""gain"": 0.0}, {""block"": ""star_ris"", ""rho"": 2.0, ""gain"": 0.06789454678043327}]",{},8505.297605,895cf8987087c169d7023476c078ebabf24f99fbbc30b65ad7fae1097d95a6fe,fc61d5cda7da39530055bae9bd0e92865f995cd9,f4c80269e5fb3cf553900b2e82f235af875b7c2e33b4ff71ec5d85cc25eb2b4e
ao_sca,128,10000,907,test,19.761101776836256,19.761101776836256,1.0,True,0.0,5,3946,9,ao_sca_proximal_physical,analytical_ris_equal_allocation,"[1.8380265729673735, 19.443753553286527, 19.47572816753817, 19.62479352607511, 19.759994272738236, 19.761101776836256]","[{""block"": ""rsma"", ""rho"": 1.0, ""gain"": 17.252929137156944}, {""block"": ""star_ris"", ""rho"": 1.0, ""gain"": 0.35279784316221097}, {""block"": ""rsma"", ""rho"": 1.0, ""gain"": 0.0}, {""block"": ""star_ris"", ""rho"": 1.0, ""gain"": 0.0319746142516415}, {""block"": ""rsma"", ""rho"": 1.0, ""gain"": 0.0}, {""block"": ""star_ris"", ""rho"": 1.0, ""gain"": 0.1490653585369408}, {""block"": ""rsma"", ""rho"": 1.0, ""gain"": 0.0}, {""block"": ""star_ris"", ""rho"": 2.0, ""gain"": 0.1352007466631271}, {""block"": ""rsma"", ""rho"": 1.0, ""gain"": -3.552713678800501e-15}, {""block"": ""star_ris"", ""rho"": 16.0, ""gain"": 0.001107504098023071}]",{},2138.397215,895cf8987087c169d7023476c078ebabf24f99fbbc30b65ad7fae1097d95a6fe,fc61d5cda7da39530055bae9bd0e92865f995cd9,f4c80269e5fb3cf553900b2e82f235af875b7c2e33b4ff71ec5d85cc25eb2b4e
ao_sca,128,10000,908,test,19.7522792153544,19.7522792153544,1.0,True,0.0,20,15805,38,ao_sca_proximal_physical,analytical_ris_equal_allocation,"[1.8380182881859026, 18.939569953219703, 18.972196472281304, 18.98812438626508, 18.99599600661241, 19.001557767437532, 19.252017739897077, 19.278873040801844, 19.29207005290194, 19.36405072348691, 19.37640873910233, 19.630144723638942, 19.636031192665094, 19.652794872493832, 19.66198454417797, 19.669882959343944, 19.684832121590794, 19.715962094524873, 19.720739564416448, 19.752160691630642, 19.7522792153544]","[{""block"": ""rsma"", ""rho"": 1.0, ""gain"": 17.032865790384204}, {""block"": ""star_ris"", ""rho"": 8.0, ""gain"": 0.06868587464959575}, {""block"": ""rsma"", ""rho"": 1.0, ""gain"": 0.0}, {""block"": ""star_ris"", ""rho"": 16.0, ""gain"": 0.0326265190616013}, {""block"": ""rsma"", ""rho"": 1.0, ""gain"": 0.0}, {""block"": ""star_ris"", ""rho"": 32.0, ""gain"": 0.01592791398377713}, {""block"": ""rsma"", ""rho"": 1.0, ""gain"": -3.552713678800501e-15}, {""block"": ""star_ris"", ""rho"": 64.0, ""gain"": 0.007871620347330577}, {""block"": ""rsma"", ""rho"": 1.0, ""gain"": 0.0}, {""block"": ""star_ris"", ""rho"": 1.0, ""gain"": 0.00556176082512394}, {""block"": ""rsma"", ""rho"": 1.0, ""gain"": 0.0}, {""block"": ""star_ris"", ""rho"": 2.0, ""gain"": 0.2504599724595451}, {""block"": ""rsma"", ""rho"": 1.0, ""gain"": -3.552713678800501e-15}, {""block"": ""star_ris"", ""rho"": 16.0, ""gain"": 0.02685530090477073}, {""block"": ""rsma"", ""rho"": 1.0, ""gain"": 3.552713678800501e-15}, {""block"": ""star_ris"", ""rho"": 32.0, ""gain"": 0.013197012100093275}, {""block"": ""rsma"", ""rho"": 1.0, ""gain"": 0.0}, {""block"": ""star_ris"", ""rho"": 1.0, ""gain"": 0.07198067058496704}, {""block"": ""rsma"", ""rho"": 1.0, ""gain"": 0.0}, {""block"": ""star_ris"", ""rho"": 1.0, ""gain"": 0.012358015615422602}, {""block"": ""rsma"", ""rho"": 1.0, ""gain"": 0.0}, {""block"": ""star_ris"", ""rho"": 1.0, ""gain"": 0.25373598453661117}, {""block"": ""rsma"", ""rho"": 1.0, ""gain"": 3.552713678800501e-15}, {""block"": ""star_ris"", ""rho"": 8.0, ""gain"": 0.005886469026147978}, {""block"": ""rsma"", ""rho"": 1.0, ""gain"": 0.0}, {""block"": ""star_ris"", ""rho"": 2.0, ""gain"": 0.016763679828738276}, {""block"": ""rsma"", ""rho"": 1.0, ""gain"": -3.552713678800501e-15}, {""block"": ""star_ris"", ""rho"": 2.0, ""gain"": 0.009189671684140421}, {""block"": ""rsma"", ""rho"": 1.0, ""gain"": 0.0}, {""block"": ""star_ris"", ""rho"": 8.0, ""gain"": 0.007898415165975337}, {""block"": ""rsma"", ""rho"": 1.0, ""gain"": 0.0}, {""block"": ""star_ris"", ""rho"": 2.0, ""gain"": 0.014949162246850278}, {""block"": ""rsma"", ""rho"": 1.0, ""gain"": -3.552713678800501e-15}, {""block"": ""star_ris"", ""rho"": 1.0, ""gain"": 0.031129972934081707}, {""block"": ""rsma"", ""rho"": 1.0, ""gain"": 0.0}, {""block"": ""star_ris"", ""rho"": 4.0, ""gain"": 0.004777469891575237}, {""block"": ""rsma"", ""rho"": 1.0, ""gain"": -3.552713678800501e-15}, {""block"": ""star_ris"", ""rho"": 4.0, ""gain"": 0.03142112721419821}, {""block"": ""rsma"", ""rho"": 1.0, ""gain"": -3.552713678800501e-15}, {""block"": ""star_ris"", ""rho"": 8.0, ""gain"": 0.00011852372375997788}]",{},8532.249283,895cf8987087c169d7023476c078ebabf24f99fbbc30b65ad7fae1097d95a6fe,fc61d5cda7da39530055bae9bd0e92865f995cd9,f4c80269e5fb3cf553900b2e82f235af875b7c2e33b4ff71ec5d85cc25eb2b4e
ao_sca,128,10000,909,test,19.59898565012725,19.59898565012725,1.0,True,0.0,14,11076,27,ao_sca_proximal_physical,analytical_ris_equal_allocation,"[1.8380131950835903, 19.01199601543363, 19.02590689546139, 19.132794842206224, 19.183204480246324, 19.189360991732144, 19.304341554304195, 19.37487081883536, 19.40628128402539, 19.41393117191227, 19.524507661377086, 19.561127315387246, 19.586135385235657, 19.5988825591404, 19.598985650127254]","[{""block"": ""rsma"", ""rho"": 1.0, ""gain"": 16.53831295151275}, {""block"": ""star_ris"", ""rho"": 1.0, ""gain"": 0.6356698688372902}, {""block"": ""rsma"", ""rho"": 1.0, ""gain"": 0.0}, {""block"": ""star_ris"", ""rho"": 32.0, ""gain"": 0.01391088002775831}, {""block"": ""rsma"", ""rho"": 1.0, ""gain"": 0.0}, {""block"": ""star_ris"", ""rho"": 4.0, ""gain"": 0.10688794674483404}, {""block"": ""rsma"", ""rho"": 1.0, ""gain"": -7.105427357601002e-15}, {""block"": ""star_ris"", ""rho"": 8.0, ""gain"": 0.05040963804010801}, {""block"": ""rsma"", ""rho"": 1.0, ""gain"": 7.105427357601002e-15}, {""block"": ""star_ris"", ""rho"": 64.0, ""gain"": 0.0061565114858126435}, {""block"": ""rsma"", ""rho"": 1.0, ""gain"": 0.0}, {""block"": ""star_ris"", ""rho"": 1.0, ""gain"": 0.11498056257205036}, {""block"": ""rsma"", ""rho"": 1.0, ""gain"": 0.0}, {""block"": ""star_ris"", ""rho"": 2.0, ""gain"": 0.07052926453116726}, {""block"": ""rsma"", ""rho"": 1.0, ""gain"": 0.0}, {""block"": ""star_ris"", ""rho"": 16.0, ""gain"": 0.03141046519002799}, {""block"": ""rsma"", ""rho"": 1.0, ""gain"": -3.552713678800501e-15}, {""block"": ""star_ris"", ""rho"": 64.0, ""gain"": 0.007649887886884699}, {""block"": ""rsma"", ""rho"": 1.0, ""gain"": 3.552713678800501e-15}, {""block"": ""star_ris"", ""rho"": 2.0, ""gain"": 0.1105764894648118}, {""block"": ""rsma"", ""rho"": 1.0, ""gain"": 0.0}, {""block"": ""star_ris"", ""rho"": 4.0, ""gain"": 0.03661965401015976}, {""block"": ""rsma"", ""rho"": 1.0, ""gain"": 0.0}, {""block"": ""star_ris"", ""rho"": 1.0, ""gain"": 0.025008069848411196}, {""block"": ""rsma"", ""rho"": 1.0, ""gain"": 0.0}, {""block"": ""star_ris"", ""rho"": 32.0, ""gain"": 0.012747173904742226}, {""block"": ""rsma"", ""rho"": 1.0, ""gain"": 3.552713678800501e-15}, {""block"": ""star_ris"", ""rho"": 256.0, ""gain"": 0.00010309098685112872}]",{},6088.939173,895cf8987087c169d7023476c078ebabf24f99fbbc30b65ad7fae1097d95a6fe,fc61d5cda7da39530055bae9bd0e92865f995cd9,f4c80269e5fb3cf553900b2e82f235af875b7c2e33b4ff71ec5d85cc25eb2b4e
ao_sca,128,10000,910,test,19.485270447882705,19.485270447882705,1.0,True,0.0,5,3949,9,ao_sca_proximal_physical,analytical_ris_equal_allocation,"[1.8380245336872023, 19.176016443240457, 19.178063733007164, 19.392663868519456, 19.484668992080543, 19.485270447882705]","[{""block"": ""rsma"", ""rho"": 1.0, ""gain"": 17.22995540443386}, {""block"": ""star_ris"", ""rho"": 4.0, ""gain"": 0.10803650511939367}, {""block"": ""rsma"", ""rho"": 1.0, ""gain"": 0.0}, {""block"": ""star_ris"", ""rho"": 1.0, ""gain"": 0.0020472897667076495}, {""block"": ""rsma"", ""rho"": 1.0, ""gain"": 0.0}, {""block"": ""star_ris"", ""rho"": 2.0, ""gain"": 0.21460013551229196}, {""block"": ""rsma"", ""rho"": 1.0, ""gain"": 0.0}, {""block"": ""star_ris"", ""rho"": 4.0, ""gain"": 0.09200512356108703}, {""block"": ""rsma"", ""rho"": 1.0, ""gain"": 0.0}, {""block"": ""star_ris"", ""rho"": 8.0, ""gain"": 0.0006014558021618654}]",{},2153.817177,895cf8987087c169d7023476c078ebabf24f99fbbc30b65ad7fae1097d95a6fe,fc61d5cda7da39530055bae9bd0e92865f995cd9,f4c80269e5fb3cf553900b2e82f235af875b7c2e33b4ff71ec5d85cc25eb2b4e
ao_sca,128,10000,911,test,19.51566239288553,19.51566239288553,1.0,True,0.0,2,1578,4,ao_sca_proximal_physical,analytical_ris_equal_allocation,"[1.8380262118487511, 19.513813496273357, 19.51566239288553]","[{""block"": ""rsma"", ""rho"": 1.0, ""gain"": 17.281112090493615}, {""block"": ""star_ris"", ""rho"": 1.0, ""gain"": 0.3946751939309898}, {""block"": ""rsma"", ""rho"": 1.0, ""gain"": 0.0}, {""block"": ""star_ris"", ""rho"": 2.0, ""gain"": 0.0018488966121736894}]",{},849.181518,895cf8987087c169d7023476c078ebabf24f99fbbc30b65ad7fae1097d95a6fe,fc61d5cda7da39530055bae9bd0e92865f995cd9,f4c80269e5fb3cf553900b2e82f235af875b7c2e33b4ff71ec5d85cc25eb2b4e
ao_sca,128,10000,912,test,19.535580712378504,19.535580712378504,1.0,True,0.0,6,4743,10,ao_sca_proximal_physical,analytical_ris_equal_allocation,"[1.8380228428417449, 19.323783213133147, 19.340803895694187, 19.38475044983619, 19.488278977575188, 19.534793117715612, 19.535580712378504]","[{""block"": ""rsma"", ""rho"": 1.0, ""gain"": 16.865663686212848}, {""block"": ""star_ris"", ""rho"": 1.0, ""gain"": 0.620096684078554}, {""block"": ""rsma"", ""rho"": 1.0, ""gain"": 0.0}, {""block"": ""star_ris"", ""rho"": 4.0, ""gain"": 0.01702068256103928}, {""block"": ""rsma"", ""rho"": 1.0, ""gain"": 0.0}, {""block"": ""star_ris"", ""rho"": 2.0, ""gain"": 0.043946554142003436}, {""block"": ""rsma"", ""rho"": 1.0, ""gain"": 0.0}, {""block"": ""star_ris"", ""rho"": 4.0, ""gain"": 0.10352852773899812}, {""block"": ""rsma"", ""rho"": 1.0, ""gain"": 0.0}, {""block"": ""star_ris"", ""rho"": 8.0, ""gain"": 0.046514140140423876}, {""block"": ""rsma"", ""rho"": 1.0, ""gain"": 3.552713678800501e-15}, {""block"": ""star_ris"", ""rho"": 64.0, ""gain"": 0.0007875946628885799}]",{},2707.022836,895cf8987087c169d7023476c078ebabf24f99fbbc30b65ad7fae1097d95a6fe,fc61d5cda7da39530055bae9bd0e92865f995cd9,f4c80269e5fb3cf553900b2e82f235af875b7c2e33b4ff71ec5d85cc25eb2b4e
ao_sca,128,10000,913,test,19.839222463873487,19.839222463873487,1.0,True,0.0,11,8684,19,ao_sca_proximal_physical,analytical_ris_equal_allocation,"[1.8380255957732081, 19.505962922157224, 19.519247853286046, 19.539087050593515, 19.57840885950744, 19.5933467389824, 19.614428355249494, 19.762810977311904, 19.79339272188788, 19.807430038897948, 19.83892435549325, 19.839222463873487]","[{""block"": ""rsma"", ""rho"": 1.0, ""gain"": 17.255406906250975}, {""block"": ""star_ris"", ""rho"": 1.0, ""gain"": 0.41253042013304153}, {""block"": ""rsma"", ""rho"": 1.0, ""gain"": 0.0}, {""block"": ""star_ris"", ""rho"": 4.0, ""gain"": 0.013284931128822564}, {""block"": ""rsma"", ""rho"": 1.0, ""gain"": 0.0}, {""block"": ""star_ris"", ""rho"": 2.0, ""gain"": 0.019839197307469192}, {""block"": ""rsma"", ""rho"": 1.0, ""gain"": 0.0}, {""block"": ""star_ris"", ""rho"": 1.0, ""gain"": 0.03932180891392534}, {""block"": ""rsma"", ""rho"": 1.0, ""gain"": 0.0}, {""block"": ""star_ris"", ""rho"": 4.0, ""gain"": 0.01493787947496017}, {""block"": ""rsma"", ""rho"": 1.0, ""gain"": 0.0}, {""block"": ""star_ris"", ""rho"": 1.0, ""gain"": 0.02108161626709304}, {""block"": ""rsma"", ""rho"": 1.0, ""gain"": 0.0}, {""block"": ""star_ris"", ""rho"": 1.0, ""gain"": 0.14838262206241026}, {""block"": ""rsma"", ""rho"": 1.0, ""gain"": 0.0}, {""block"": ""star_ris"", ""rho"": 1.0, ""gain"": 0.030581744575975733}, {""block"": ""rsma"", ""rho"": 1.0, ""gain"": -3.552713678800501e-15}, {""block"": ""star_ris"", ""rho"": 4.0, ""gain"": 0.014037317010071604}, {""block"": ""rsma"", ""rho"": 1.0, ""gain"": 0.0}, {""block"": ""star_ris"", ""rho"": 2.0, ""gain"": 0.03149431659530322}, {""block"": ""rsma"", ""rho"": 1.0, ""gain"": 0.0}, {""block"": ""star_ris"", ""rho"": 128.0, ""gain"": 0.00029810838023536235}]",{},4810.778167,895cf8987087c169d7023476c078ebabf24f99fbbc30b65ad7fae1097d95a6fe,fc61d5cda7da39530055bae9bd0e92865f995cd9,f4c80269e5fb3cf553900b2e82f235af875b7c2e33b4ff71ec5d85cc25eb2b4e
ao_sca,128,10000,914,test,19.1657014204893,19.1657014204893,1.0,True,0.0,5,3955,8,ao_sca_proximal_physical,analytical_ris_equal_allocation,"[1.8380173825139403, 19.052215732520217, 19.10710670952598, 19.147307416265114, 19.16478617506514, 19.1657014204893]","[{""block"": ""rsma"", ""rho"": 1.0, ""gain"": 16.857370049708084}, {""block"": ""star_ris"", ""rho"": 1.0, ""gain"": 0.35682830029819357}, {""block"": ""rsma"", ""rho"": 1.0, ""gain"": 0.0}, {""block"": ""star_ris"", ""rho"": 4.0, ""gain"": 0.054890977005761954}, {""block"": ""rsma"", ""rho"": 1.0, ""gain"": 0.0}, {""block"": ""star_ris"", ""rho"": 8.0, ""gain"": 0.04020070673913523}, {""block"": ""rsma"", ""rho"": 1.0, ""gain"": 0.0}, {""block"": ""star_ris"", ""rho"": 16.0, ""gain"": 0.017478758800024252}, {""block"": ""rsma"", ""rho"": 1.0, ""gain"": 0.0}, {""block"": ""star_ris"", ""rho"": 32.0, ""gain"": 0.0009152454241601049}]",{},2221.287082,895cf8987087c169d7023476c078ebabf24f99fbbc30b65ad7fae1097d95a6fe,fc61d5cda7da39530055bae9bd0e92865f995cd9,f4c80269e5fb3cf553900b2e82f235af875b7c2e33b4ff71ec5d85cc25eb2b4e
ao_sca,128,10000,915,test,19.780518324066342,19.780518324066342,1.0,True,0.0,7,5543,14,ao_sca_proximal_physical,analytical_ris_equal_allocation,"[1.8380319579891102, 19.687806214497005, 19.755566988841462, 19.758929305730735, 19.771901068910843, 19.77433775879416, 19.779953385822417, 19.780518324066346]","[{""block"": ""rsma"", ""rho"": 1.0, ""gain"": 17.84425178894932}, {""block"": ""star_ris"", ""rho"": 2.0, ""gain"": 0.005522467558574107}, {""block"": ""rsma"", ""rho"": 1.0, ""gain"": -3.552713678800501e-15}, {""block"": ""star_ris"", ""rho"": 4.0, ""gain"": 0.06776077434446037}, {""block"": ""rsma"", ""rho"": 1.0, ""gain"": 3.552713678800501e-15}, {""block"": ""star_ris"", ""rho"": 16.0, ""gain"": 0.0033623168892695787}, {""block"": ""rsma"", ""rho"": 1.0, ""gain"": -3.552713678800501e-15}, {""block"": ""star_ris"", ""rho"": 16.0, ""gain"": 0.012971763180111395}, {""block"": ""rsma"", ""rho"": 1.0, ""gain"": 3.552713678800501e-15}, {""block"": ""star_ris"", ""rho"": 32.0, ""gain"": 0.002436689883314358}, {""block"": ""rsma"", ""rho"": 1.0, ""gain"": 0.0}, {""block"": ""star_ris"", ""rho"": 32.0, ""gain"": 0.0056156270282556875}, {""block"": ""rsma"", ""rho"": 1.0, ""gain"": 0.0}, {""block"": ""star_ris"", ""rho"": 32.0, ""gain"": 0.000564938243929447}]",{},3121.05261,895cf8987087c169d7023476c078ebabf24f99fbbc30b65ad7fae1097d95a6fe,fc61d5cda7da39530055bae9bd0e92865f995cd9,f4c80269e5fb3cf553900b2e82f235af875b7c2e33b4ff71ec5d85cc25eb2b4e
ao_sca,128,10000,916,test,19.391032282218674,19.391032282218674,1.0,True,0.0,7,5529,14,ao_sca_proximal_physical,analytical_ris_equal_allocation,"[1.838017654614683, 19.000330893339548, 19.12438395901426, 19.13436853174955, 19.199088300401183, 19.29010116320883, 19.39058384546211, 19.391032282218674]","[{""block"": ""rsma"", ""rho"": 1.0, ""gain"": 16.8585975580729}, {""block"": ""star_ris"", ""rho"": 2.0, ""gain"": 0.3037156806519654}, {""block"": ""rsma"", ""rho"": 1.0, ""gain"": 0.0}, {""block"": ""star_ris"", ""rho"": 4.0, ""gain"": 0.12405306567471186}, {""block"": ""rsma"", ""rho"": 1.0, ""gain"": 0.0}, {""block"": ""star_ris"", ""rho"": 4.0, ""gain"": 0.009984572735291408}, {""block"": ""rsma"", ""rho"": 1.0, ""gain"": 0.0}, {""block"": ""star_ris"", ""rho"": 2.0, ""gain"": 0.06471976865163143}, {""block"": ""rsma"", ""rho"": 1.0, ""gain"": 3.552713678800501e-15}, {""block"": ""star_ris"", ""rho"": 1.0, ""gain"": 0.09101286280764498}, {""block"": ""rsma"", ""rho"": 1.0, ""gain"": 0.0}, {""block"": ""star_ris"", ""rho"": 4.0, ""gain"": 0.10048268225327917}, {""block"": ""rsma"", ""rho"": 1.0, ""gain"": -3.552713678800501e-15}, {""block"": ""star_ris"", ""rho"": 16.0, ""gain"": 0.0004484367565673608}]",{},2985.203558,895cf8987087c169d7023476c078ebabf24f99fbbc30b65ad7fae1097d95a6fe,fc61d5cda7da39530055bae9bd0e92865f995cd9,f4c80269e5fb3cf553900b2e82f235af875b7c2e33b4ff71ec5d85cc25eb2b4e
ao_sca,128,10000,917,test,19.450628733506917,19.450628733506917,1.0,True,0.0,5,3948,8,ao_sca_proximal_physical,analytical_ris_equal_allocation,"[1.8380192704227019, 19.06513676668208, 19.094563348770937, 19.12635587667147, 19.45034726278786, 19.450628733506914]","[{""block"": ""rsma"", ""rho"": 1.0, ""gain"": 16.935329060121482}, {""block"": ""star_ris"", ""rho"": 2.0, ""gain"": 0.29178843613789596}, {""block"": ""rsma"", ""rho"": 1.0, ""gain"": 0.0}, {""block"": ""star_ris"", ""rho"": 1.0, ""gain"": 0.02942658208885618}, {""block"": ""rsma"", ""rho"": 1.0, ""gain"": 0.0}, {""block"": ""star_ris"", ""rho"": 16.0, ""gain"": 0.031792527900535106}, {""block"": ""rsma"", ""rho"": 1.0, ""gain"": 0.0}, {""block"": ""star_ris"", ""rho"": 1.0, ""gain"": 0.3239913861163899}, {""block"": ""rsma"", ""rho"": 1.0, ""gain"": 0.0}, {""block"": ""star_ris"", ""rho"": 4.0, ""gain"": 0.0002814707190523791}]",{},2155.139982,895cf8987087c169d7023476c078ebabf24f99fbbc30b65ad7fae1097d95a6fe,fc61d5cda7da39530055bae9bd0e92865f995cd9,f4c80269e5fb3cf553900b2e82f235af875b7c2e33b4ff71ec5d85cc25eb2b4e
ao_sca,128,10000,918,test,19.780709496423302,19.780709496423302,1.0,True,0.0,11,8673,21,ao_sca_proximal_physical,analytical_ris_equal_allocation,"[1.8380180700632438, 19.11033230696633, 19.283665222775305, 19.311604455795717, 19.33226672657073, 19.495030179118547, 19.5374828621271, 19.573128879831224, 19.586153425156294, 19.775229351877254, 19.77893210852927, 19.780709496423302]","[{""block"": ""rsma"", ""rho"": 1.0, ""gain"": 17.126629755238955}, {""block"": ""star_ris"", ""rho"": 1.0, ""gain"": 0.1456844816641336}, {""block"": ""rsma"", ""rho"": 1.0, ""gain"": 0.0}, {""block"": ""star_ris"", ""rho"": 1.0, ""gain"": 0.1733329158089738}, {""block"": ""rsma"", ""rho"": 1.0, ""gain"": -3.552713678800501e-15}, {""block"": ""star_ris"", ""rho"": 1.0, ""gain"": 0.027939233020415344}, {""block"": ""rsma"", ""rho"": 1.0, ""gain"": 0.0}, {""block"": ""star_ris"", ""rho"": 1.0, ""gain"": 0.020662270775012814}, {""block"": ""rsma"", ""rho"": 1.0, ""gain"": 0.0}, {""block"": ""star_ris"", ""rho"": 1.0, ""gain"": 0.16276345254781788}, {""block"": ""rsma"", ""rho"": 1.0, ""gain"": 0.0}, {""block"": ""star_ris"", ""rho"": 1.0, ""gain"": 0.04245268300855187}, {""block"": ""rsma"", ""rho"": 1.0, ""gain"": 0.0}, {""block"": ""star_ris"", ""rho"": 1.0, ""gain"": 0.03564601770412423}, {""block"": ""rsma"", ""rho"": 1.0, ""gain"": 0.0}, {""block"": ""star_ris"", ""rho"": 1.0, ""gain"": 0.013024545325070136}, {""block"": ""rsma"", ""rho"": 1.0, ""gain"": 0.0}, {""block"": ""star_ris"", ""rho"": 2.0, ""gain"": 0.1890759267209603}, {""block"": ""rsma"", ""rho"": 1.0, ""gain"": 3.552713678800501e-15}, {""block"": ""star_ris"", ""rho"": 4.0, ""gain"": 0.003702756652010919}, {""block"": ""rsma"", ""rho"": 1.0, ""gain"": -3.552713678800501e-15}, {""block"": ""star_ris"", ""rho"": 2.0, ""gain"": 0.0017773878940374743}]",{},4831.771182,895cf8987087c169d7023476c078ebabf24f99fbbc30b65ad7fae1097d95a6fe,fc61d5cda7da39530055bae9bd0e92865f995cd9,f4c80269e5fb3cf553900b2e82f235af875b7c2e33b4ff71ec5d85cc25eb2b4e
ao_sca,128,10000,919,test,19.61199466886091,19.61199466886091,1.0,True,0.0,9,7112,17,ao_sca_proximal_physical,analytical_ris_equal_allocation,"[1.8380206054291328, 18.91596408020146, 18.967468131721684, 18.9799239259335, 18.98609845549838, 19.346948235665398, 19.414365198021542, 19.43486160813422, 19.61119095454539, 19.61199466886091]","[{""block"": ""rsma"", ""rho"": 1.0, ""gain"": 16.966635776619437}, {""block"": ""star_ris"", ""rho"": 4.0, ""gain"": 0.11130769815288843}, {""block"": ""rsma"", ""rho"": 1.0, ""gain"": 0.0}, {""block"": ""star_ris"", ""rho"": 8.0, ""gain"": 0.05150405152022586}, {""block"": ""rsma"", ""rho"": 1.0, ""gain"": -3.552713678800501e-15}, {""block"": ""star_ris"", ""rho"": 32.0, ""gain"": 0.012455794211820859}, {""block"": ""rsma"", ""rho"": 1.0, ""gain"": -3.552713678800501e-15}, {""block"": ""star_ris"", ""rho"": 64.0, ""gain"": 0.006174529564880515}, {""block"": ""rsma"", ""rho"": 1.0, ""gain"": 3.552713678800501e-15}, {""block"": ""star_ris"", ""rho"": 1.0, ""gain"": 0.3608497801670154}, {""block"": ""rsma"", ""rho"": 1.0, ""gain"": 0.0}, {""block"": ""star_ris"", ""rho"": 1.0, ""gain"": 0.0674169623561447}, {""block"": ""rsma"", ""rho"": 1.0, ""gain"": 0.0}, {""block"": ""star_ris"", ""rho"": 2.0, ""gain"": 0.020496410112677665}, {""block"": ""rsma"", ""rho"": 1.0, ""gain"": 0.0}, {""block"": ""star_ris"", ""rho"": 2.0, ""gain"": 0.17632934641116904}, {""block"": ""rsma"", ""rho"": 1.0, ""gain"": -3.552713678800501e-15}, {""block"": ""star_ris"", ""rho"": 2.0, ""gain"": 0.0008037143155235071}]",{},3926.12759,895cf8987087c169d7023476c078ebabf24f99fbbc30b65ad7fae1097d95a6fe,fc61d5cda7da39530055bae9bd0e92865f995cd9,f4c80269e5fb3cf553900b2e82f235af875b7c2e33b4ff71ec5d85cc25eb2b4e
ao_sca,128,10000,920,test,19.574936444269404,19.574936444269404,1.0,True,0.0,14,11067,25,ao_sca_proximal_physical,analytical_ris_equal_allocation,"[1.838019690001167, 19.02159136219738, 19.02900381168325, 19.194425678040272, 19.221834647815083, 19.341122372917567, 19.354929047838365, 19.37520676344135, 19.42079508034776, 19.431944397004536, 19.437489067196765, 19.45382211306881, 19.48708704878595, 19.573426669646278, 19.574936444269404]","[{""block"": ""rsma"", ""rho"": 1.0, ""gain"": 17.16858852811788}, {""block"": ""star_ris"", ""rho"": 32.0, ""gain"": 0.014983144078332344}, {""block"": ""rsma"", ""rho"": 1.0, ""gain"": 0.0}, {""block"": ""star_ris"", ""rho"": 64.0, ""gain"": 0.007412449485869388}, {""block"": ""rsma"", ""rho"": 1.0, ""gain"": 0.0}, {""block"": ""star_ris"", ""rho"": 1.0, ""gain"": 0.16542186635702194}, {""block"": ""rsma"", ""rho"": 1.0, ""gain"": -3.552713678800501e-15}, {""block"": ""star_ris"", ""rho"": 16.0, ""gain"": 0.02740896977481455}, {""block"": ""rsma"", ""rho"": 1.0, ""gain"": 7.105427357601002e-15}, {""block"": ""star_ris"", ""rho"": 1.0, ""gain"": 0.11928772510247754}, {""block"": ""rsma"", ""rho"": 1.0, ""gain"": 0.0}, {""block"": ""star_ris"", ""rho"": 2.0, ""gain"": 0.013806674920797235}, {""block"": ""rsma"", ""rho"": 1.0, ""gain"": 0.0}, {""block"": ""star_ris"", ""rho"": 1.0, ""gain"": 0.020277715602986746}, {""block"": ""rsma"", ""rho"": 1.0, ""gain"": -3.552713678800501e-15}, {""block"": ""star_ris"", ""rho"": 8.0, ""gain"": 0.04558831690641085}, {""block"": ""rsma"", ""rho"": 1.0, ""gain"": 3.552713678800501e-15}, {""block"": ""star_ris"", ""rho"": 32.0, ""gain"": 0.011149316656773323}, {""block"": ""rsma"", ""rho"": 1.0, ""gain"": -3.552713678800501e-15}, {""block"": ""star_ris"", ""rho"": 64.0, ""gain"": 0.0055446701922328145}, {""block"": ""rsma"", ""rho"": 1.0, ""gain"": 7.105427357601002e-15}, {""block"": ""star_ris"", ""rho"": 2.0, ""gain"": 0.0163330458720381}, {""block"": ""rsma"", ""rho"": 1.0, ""gain"": -7.105427357601002e-15}, {""block"": ""star_ris"", ""rho"": 2.0, ""gain"": 0.033264935717145505}, {""block"": ""rsma"", ""rho"": 1.0, ""gain"": 0.0}, {""block"": ""star_ris"", ""rho"": 2.0, ""gain"": 0.08633962086032909}, {""block"": ""rsma"", ""rho"": 1.0, ""gain"": 7.105427357601002e-15}, {""block"": ""star_ris"", ""rho"": 2.0, ""gain"": 0.0015097746231198528}]",{},6173.919167,895cf8987087c169d7023476c078ebabf24f99fbbc30b65ad7fae1097d95a6fe,fc61d5cda7da39530055bae9bd0e92865f995cd9,f4c80269e5fb3cf553900b2e82f235af875b7c2e33b4ff71ec5d85cc25eb2b4e
ao_sca,128,10000,921,test,19.60110805038802,19.60110805038802,1.0,True,0.0,7,5522,14,ao_sca_proximal_physical,analytical_ris_equal_allocation,"[1.8380196727467368, 19.031574834816958, 19.06120296043991, 19.317267900579893, 19.392714109427416, 19.55983391020702, 19.60057989647244, 19.60110805038802]","[{""block"": ""rsma"", ""rho"": 1.0, ""gain"": 16.958372136425876}, {""block"": ""star_ris"", ""rho"": 1.0, ""gain"": 0.23518302564434634}, {""block"": ""rsma"", ""rho"": 1.0, ""gain"": 0.0}, {""block"": ""star_ris"", ""rho"": 16.0, ""gain"": 0.029628125622952695}, {""block"": ""rsma"", ""rho"": 1.0, ""gain"": 3.552713678800501e-15}, {""block"": ""star_ris"", ""rho"": 1.0, ""gain"": 0.2560649401399786}, {""block"": ""rsma"", ""rho"": 1.0, ""gain"": 3.552713678800501e-15}, {""block"": ""star_ris"", ""rho"": 1.0, ""gain"": 0.07544620884752007}, {""block"": ""rsma"", ""rho"": 1.0, ""gain"": 0.0}, {""block"": ""star_ris"", ""rho"": 1.0, ""gain"": 0.1671198007796022}, {""block"": ""rsma"", ""rho"": 1.0, ""gain"": 0.0}, {""block"": ""star_ris"", ""rho"": 2.0, ""gain"": 0.0407459862654207}, {""block"": ""rsma"", ""rho"": 1.0, ""gain"": 0.0}, {""block"": ""star_ris"", ""rho"": 1.0, ""gain"": 0.0005281539155816972}]",{},3034.920728,895cf8987087c169d7023476c078ebabf24f99fbbc30b65ad7fae1097d95a6fe,fc61d5cda7da39530055bae9bd0e92865f995cd9,f4c80269e5fb3cf553900b2e82f235af875b7c2e33b4ff71ec5d85cc25eb2b4e
ao_sca,128,10000,922,test,19.528370744737565,19.528370744737565,1.0,True,0.0,8,6333,13,ao_sca_proximal_physical,analytical_ris_equal_allocation,"[1.838026907921302, 19.330410463970374, 19.369363999674366, 19.432825190370004, 19.483039351312918, 19.510000812785478, 19.52317749120612, 19.5275277486308, 19.528370744737565]","[{""block"": ""rsma"", ""rho"": 1.0, ""gain"": 17.488665289939494}, {""block"": ""star_ris"", ""rho"": 8.0, ""gain"": 0.0037182661095762626}, {""block"": ""rsma"", ""rho"": 1.0, ""gain"": -3.552713678800501e-15}, {""block"": ""star_ris"", ""rho"": 2.0, ""gain"": 0.03895353570399607}, {""block"": ""rsma"", ""rho"": 1.0, ""gain"": 0.0}, {""block"": ""star_ris"", ""rho"": 4.0, ""gain"": 0.06346119069563727}, {""block"": ""rsma"", ""rho"": 1.0, ""gain"": 0.0}, {""block"": ""star_ris"", ""rho"": 4.0, ""gain"": 0.05021416094291453}, {""block"": ""rsma"", ""rho"": 1.0, ""gain"": 0.0}, {""block"": ""star_ris"", ""rho"": 16.0, ""gain"": 0.026961461472559733}, {""block"": ""rsma"", ""rho"": 1.0, ""gain"": 0.0}, {""block"": ""star_ris"", ""rho"": 32.0, ""gain"": 0.013176678420641963}, {""block"": ""rsma"", ""rho"": 1.0, ""gain"": 0.0}, {""block"": ""star_ris"", ""rho"": 64.0, ""gain"": 0.004350257424679427}, {""block"": ""rsma"", ""rho"": 1.0, ""gain"": 0.0}, {""block"": ""star_ris"", ""rho"": 32.0, ""gain"": 0.0008429961067655256}]",{},3449.796928,895cf8987087c169d7023476c078ebabf24f99fbbc30b65ad7fae1097d95a6fe,fc61d5cda7da39530055bae9bd0e92865f995cd9,f4c80269e5fb3cf553900b2e82f235af875b7c2e33b4ff71ec5d85cc25eb2b4e
ao_sca,128,10000,923,test,19.660388804096534,19.660388804096534,1.0,True,0.0,11,8709,21,ao_sca_proximal_physical,analytical_ris_equal_allocation,"[1.8380286387125433, 19.415607363631246, 19.459962317269188, 19.48140141691849, 19.491947005705175, 19.524314138609462, 19.625100317096624, 19.627445313915363, 19.638544697474018, 19.650165997570582, 19.659476733719572, 19.660388804096538]","[{""block"": ""rsma"", ""rho"": 1.0, ""gain"": 17.48215761192824}, {""block"": ""star_ris"", ""rho"": 4.0, ""gain"": 0.09542111299046141}, {""block"": ""rsma"", ""rho"": 1.0, ""gain"": 3.552713678800501e-15}, {""block"": ""star_ris"", ""rho"": 8.0, ""gain"": 0.04435495363793862}, {""block"": ""rsma"", ""rho"": 1.0, ""gain"": 0.0}, {""block"": ""star_ris"", ""rho"": 16.0, ""gain"": 0.021439099649303017}, {""block"": ""rsma"", ""rho"": 1.0, ""gain"": 0.0}, {""block"": ""star_ris"", ""rho"": 32.0, ""gain"": 0.01054558878668388}, {""block"": ""rsma"", ""rho"": 1.0, ""gain"": 3.552713678800501e-15}, {""block"": ""star_ris"", ""rho"": 2.0, ""gain"": 0.032367132904283835}, {""block"": ""rsma"", ""rho"": 1.0, ""gain"": 0.0}, {""block"": ""star_ris"", ""rho"": 4.0, ""gain"": 0.1007861784871622}, {""block"": ""rsma"", ""rho"": 1.0, ""gain"": 0.0}, {""block"": ""star_ris"", ""rho"": 16.0, ""gain"": 0.002344996818738565}, {""block"": ""rsma"", ""rho"": 1.0, ""gain"": -3.552713678800501e-15}, {""block"": ""star_ris"", ""rho"": 8.0, ""gain"": 0.01109938355865836}, {""block"": ""rsma"", ""rho"": 1.0, ""gain"": 0.0}, {""block"": ""star_ris"", ""rho"": 32.0, ""gain"": 0.011621300096564369}, {""block"": ""rsma"", ""rho"": 1.0, ""gain"": 0.0}, {""block"": ""star_ris"", ""rho"": 32.0, ""gain"": 0.009310736148989918}, {""block"": ""rsma"", ""rho"": 1.0, ""gain"": 0.0}, {""block"": ""star_ris"", ""rho"": 64.0, ""gain"": 0.0009120703769660565}]",{},4861.251196,895cf8987087c169d7023476c078ebabf24f99fbbc30b65ad7fae1097d95a6fe,fc61d5cda7da39530055bae9bd0e92865f995cd9,f4c80269e5fb3cf553900b2e82f235af875b7c2e33b4ff71ec5d85cc25eb2b4e
ao_sca,128,10000,924,test,19.98908403376861,19.98908403376861,1.0,True,0.0,11,8686,20,ao_sca_proximal_physical,analytical_ris_equal_allocation,"[1.838029400654545, 19.41597172159178, 19.697850924198207, 19.79442842632833, 19.810063689693475, 19.860147086069418, 19.883045836106255, 19.93198879133366, 19.968188667304283, 19.983338138957592, 19.98708677034578, 19.98908403376861]","[{""block"": ""rsma"", ""rho"": 1.0, ""gain"": 17.545609372037053}, {""block"": ""star_ris"", ""rho"": 1.0, ""gain"": 0.03233294890018357}, {""block"": ""rsma"", ""rho"": 1.0, ""gain"": 0.0}, {""block"": ""star_ris"", ""rho"": 1.0, ""gain"": 0.28187920260642585}, {""block"": ""rsma"", ""rho"": 1.0, ""gain"": 0.0}, {""block"": ""star_ris"", ""rho"": 1.0, ""gain"": 0.09657750213012406}, {""block"": ""rsma"", ""rho"": 1.0, ""gain"": -7.105427357601002e-15}, {""block"": ""star_ris"", ""rho"": 1.0, ""gain"": 0.01563526336515153}, {""block"": ""rsma"", ""rho"": 1.0, ""gain"": 0.0}, {""block"": ""star_ris"", ""rho"": 1.0, ""gain"": 0.05008339637594261}, {""block"": ""rsma"", ""rho"": 1.0, ""gain"": 0.0}, {""block"": ""star_ris"", ""rho"": 16.0, ""gain"": 0.022898750036837612}, {""block"": ""rsma"", ""rho"": 1.0, ""gain"": 0.0}, {""block"": ""star_ris"", ""rho"": 2.0, ""gain"": 0.04894295522740322}, {""block"": ""rsma"", ""rho"": 1.0, ""gain"": 0.0}, {""block"": ""star_ris"", ""rho"": 2.0, ""gain"": 0.03619987597062391}, {""block"": ""rsma"", ""rho"": 1.0, ""gain"": 0.0}, {""block"": ""star_ris"", ""rho"": 16.0, ""gain"": 0.015149471653309377}, {""block"": ""rsma"", ""rho"": 1.0, ""gain"": 7.105427357601002e-15}, {""block"": ""star_ris"", ""rho"": 64.0, ""gain"": 0.003748631388180712}, {""block"": ""rsma"", ""rho"": 1.0, ""gain"": 0.0}, {""block"": ""star_ris"", ""rho"": 2.0, ""gain"": 0.001997263422829576}]",{},4788.137489,895cf8987087c169d7023476c078ebabf24f99fbbc30b65ad7fae1097d95a6fe,fc61d5cda7da39530055bae9bd0e92865f995cd9,f4c80269e5fb3cf553900b2e82f235af875b7c2e33b4ff71ec5d85cc25eb2b4e
ao_sca,128,10000,925,test,19.88352379185481,19.88352379185481,1.0,True,0.0,11,8689,21,ao_sca_proximal_physical,analytical_ris_equal_allocation,"[1.838025130507335, 19.426792074901783, 19.439024921911415, 19.44509087296243, 19.537885714532234, 19.543367483042324, 19.6186554607568, 19.64137721414592, 19.87319127717972, 19.879527284617502, 19.882104021921815, 19.883523791854806]","[{""block"": ""rsma"", ""rho"": 1.0, ""gain"": 17.04672929296364}, {""block"": ""star_ris"", ""rho"": 1.0, ""gain"": 0.5420376514308067}, {""block"": ""rsma"", ""rho"": 1.0, ""gain"": 0.0}, {""block"": ""star_ris"", ""rho"": 32.0, ""gain"": 0.012232847009631342}, {""block"": ""rsma"", ""rho"": 1.0, ""gain"": 0.0}, {""block"": ""star_ris"", ""rho"": 64.0, ""gain"": 0.006065951051017038}, {""block"": ""rsma"", ""rho"": 1.0, ""gain"": 0.0}, {""block"": ""star_ris"", ""rho"": 1.0, ""gain"": 0.09279484156980189}, {""block"": ""rsma"", ""rho"": 1.0, ""gain"": 0.0}, {""block"": ""star_ris"", ""rho"": 4.0, ""gain"": 0.005481768510090745}, {""block"": ""rsma"", ""rho"": 1.0, ""gain"": 0.0}, {""block"": ""star_ris"", ""rho"": 1.0, ""gain"": 0.07528797771447415}, {""block"": ""rsma"", ""rho"": 1.0, ""gain"": 0.0}, {""block"": ""star_ris"", ""rho"": 1.0, ""gain"": 0.022721753389120636}, {""block"": ""rsma"", ""rho"": 1.0, ""gain"": -3.552713678800501e-15}, {""block"": ""star_ris"", ""rho"": 1.0, ""gain"": 0.2318140630338057}, {""block"": ""rsma"", ""rho"": 1.0, ""gain"": 0.0}, {""block"": ""star_ris"", ""rho"": 16.0, ""gain"": 0.006336007437781177}, {""block"": ""rsma"", ""rho"": 1.0, ""gain"": -7.105427357601002e-15}, {""block"": ""star_ris"", ""rho"": 4.0, ""gain"": 0.0025767373043201758}, {""block"": ""rsma"", ""rho"": 1.0, ""gain"": 3.552713678800501e-15}, {""block"": ""star_ris"", ""rho"": 2.0, ""gain"": 0.0014197699329869806}]",{},4882.552639,895cf8987087c169d7023476c078ebabf24f99fbbc30b65ad7fae1097d95a6fe,fc61d5cda7da39530055bae9bd0e92865f995cd9,f4c80269e5fb3cf553900b2e82f235af875b7c2e33b4ff71ec5d85cc25eb2b4e
ao_sca,128,10000,926,test,19.878532554881417,19.878532554881417,1.0,True,0.0,18,14207,34,ao_sca_proximal_physical,analytical_ris_equal_allocation,"[1.8380218732836386, 19.095214177392737, 19.309596880388735, 19.43038014680725, 19.511873024926853, 19.54016212543637, 19.58822833827479, 19.61076143830516, 19.627969249208295, 19.642246957093597, 19.661583666076694, 19.686093108678833, 19.73069922274171, 19.747243307757582, 19.76990322720043, 19.78574187194824, 19.810314171598822, 19.876999448270844, 19.878532554881417]","[{""block"": ""rsma"", ""rho"": 1.0, ""gain"": 17.18270492568365}, {""block"": ""star_ris"", ""rho"": 2.0, ""gain"": 0.07448737842544872}, {""block"": ""rsma"", ""rho"": 1.0, ""gain"": 0.0}, {""block"": ""star_ris"", ""rho"": 1.0, ""gain"": 0.21438270299599793}, {""block"": ""rsma"", ""rho"": 1.0, ""gain"": 0.0}, {""block"": ""star_ris"", ""rho"": 4.0, ""gain"": 0.12078326641851334}, {""block"": ""rsma"", ""rho"": 1.0, ""gain"": 3.552713678800501e-15}, {""block"": ""star_ris"", ""rho"": 4.0, ""gain"": 0.08149287811960093}, {""block"": ""rsma"", ""rho"": 1.0, ""gain"": 0.0}, {""block"": ""star_ris"", ""rho"": 1.0, ""gain"": 0.02828910050951805}, {""block"": ""rsma"", ""rho"": 1.0, ""gain"": -3.552713678800501e-15}, {""block"": ""star_ris"", ""rho"": 8.0, ""gain"": 0.04806621283842105}, {""block"": ""rsma"", ""rho"": 1.0, ""gain"": 0.0}, {""block"": ""star_ris"", ""rho"": 4.0, ""gain"": 0.022533100030372566}, {""block"": ""rsma"", ""rho"": 1.0, ""gain"": -3.552713678800501e-15}, {""block"": ""star_ris"", ""rho"": 2.0, ""gain"": 0.0172078109031375}, {""block"": ""rsma"", ""rho"": 1.0, ""gain"": 0.0}, {""block"": ""star_ris"", ""rho"": 1.0, ""gain"": 0.014277707885302249}, {""block"": ""rsma"", ""rho"": 1.0, ""gain"": 0.0}, {""block"": ""star_ris"", ""rho"": 8.0, ""gain"": 0.01933670898309714}, {""block"": ""rsma"", ""rho"": 1.0, ""gain"": 3.552713678800501e-15}, {""block"": ""star_ris"", ""rho"": 2.0, ""gain"": 0.024509442602134612}, {""block"": ""rsma"", ""rho"": 1.0, ""gain"": 0.0}, {""block"": ""star_ris"", ""rho"": 1.0, ""gain"": 0.0446061140628764}, {""block"": ""rsma"", ""rho"": 1.0, ""gain"": 0.0}, {""block"": ""star_ris"", ""rho"": 2.0, ""gain"": 0.016544085015873122}, {""block"": ""rsma"", ""rho"": 1.0, ""gain"": 0.0}, {""block"": ""star_ris"", ""rho"": 4.0, ""gain"": 0.022659919442848064}, {""block"": ""rsma"", ""rho"": 1.0, ""gain"": 3.552713678800501e-15}, {""block"": ""star_ris"", ""rho"": 2.0, ""gain"": 0.01583864474780583}, {""block"": ""rsma"", ""rho"": 1.0, ""gain"": -3.552713678800501e-15}, {""block"": ""star_ris"", ""rho"": 2.0, ""gain"": 0.02457229965058616}, {""block"": ""rsma"", ""rho"": 1.0, ""gain"": 0.0}, {""block"": ""star_ris"", ""rho"": 1.0, ""gain"": 0.06668527667202184}, {""block"": ""rsma"", ""rho"": 1.0, ""gain"": 0.0}, {""block"": ""star_ris"", ""rho"": 4.0, ""gain"": 0.0015331066105730429}]",{},7914.688393,895cf8987087c169d7023476c078ebabf24f99fbbc30b65ad7fae1097d95a6fe,fc61d5cda7da39530055bae9bd0e92865f995cd9,f4c80269e5fb3cf553900b2e82f235af875b7c2e33b4ff71ec5d85cc25eb2b4e
ao_sca,128,10000,927,test,19.017356392797684,19.017356392797684,1.0,True,0.0,2,1584,4,ao_sca_proximal_physical,analytical_ris_equal_allocation,"[1.8380142141620492, 19.016858137437623, 19.017356392797684]","[{""block"": ""rsma"", ""rho"": 1.0, ""gain"": 16.950788733725517}, {""block"": ""star_ris"", ""rho"": 2.0, ""gain"": 0.2280551895500551}, {""block"": ""rsma"", ""rho"": 1.0, ""gain"": 0.0}, {""block"": ""star_ris"", ""rho"": 64.0, ""gain"": 0.0004982553600605399}]",{},858.142113,895cf8987087c169d7023476c078ebabf24f99fbbc30b65ad7fae1097d95a6fe,fc61d5cda7da39530055bae9bd0e92865f995cd9,f4c80269e5fb3cf553900b2e82f235af875b7c2e33b4ff71ec5d85cc25eb2b4e
ao_sca,128,10000,928,test,19.39511167046312,19.39511167046312,1.0,True,0.0,13,10277,24,ao_sca_proximal_physical,analytical_ris_equal_allocation,"[1.8380065597626918, 18.92183994437705, 18.9296884435174, 18.967651288898473, 18.96998739749414, 18.973072987541975, 19.13686499812716, 19.25247762491667, 19.300553321866467, 19.33803446144666, 19.366853468878862, 19.390675431611378, 19.393633576530572, 19.395111670463116]","[{""block"": ""rsma"", ""rho"": 1.0, ""gain"": 16.512615664761434}, {""block"": ""star_ris"", ""rho"": 1.0, ""gain"": 0.5712177198529247}, {""block"": ""rsma"", ""rho"": 1.0, ""gain"": 0.0}, {""block"": ""star_ris"", ""rho"": 4.0, ""gain"": 0.007848499140347798}, {""block"": ""rsma"", ""rho"": 1.0, ""gain"": 0.0}, {""block"": ""star_ris"", ""rho"": 1.0, ""gain"": 0.03796284538107386}, {""block"": ""rsma"", ""rho"": 1.0, ""gain"": 0.0}, {""block"": ""star_ris"", ""rho"": 16.0, ""gain"": 0.002336108595667241}, {""block"": ""rsma"", ""rho"": 1.0, ""gain"": 3.552713678800501e-15}, {""block"": ""star_ris"", ""rho"": 2.0, ""gain"": 0.003085590047831488}, {""block"": ""rsma"", ""rho"": 1.0, ""gain"": 0.0}, {""block"": ""star_ris"", ""rho"": 1.0, ""gain"": 0.16379201058518333}, {""block"": ""rsma"", ""rho"": 1.0, ""gain"": 0.0}, {""block"": ""star_ris"", ""rho"": 1.0, ""gain"": 0.11561262678950968}, {""block"": ""rsma"", ""rho"": 1.0, ""gain"": 0.0}, {""block"": ""star_ris"", ""rho"": 1.0, ""gain"": 0.048075696949798186}, {""block"": ""rsma"", ""rho"": 1.0, ""gain"": 0.0}, {""block"": ""star_ris"", ""rho"": 4.0, ""gain"": 0.03748113958019417}, {""block"": ""rsma"", ""rho"": 1.0, ""gain"": 0.0}, {""block"": ""star_ris"", ""rho"": 16.0, ""gain"": 0.028819007432201005}, {""block"": ""rsma"", ""rho"": 1.0, ""gain"": -3.552713678800501e-15}, {""block"": ""star_ris"", ""rho"": 16.0, ""gain"": 0.023821962732519353}, {""block"": ""rsma"", ""rho"": 1.0, ""gain"": 0.0}, {""block"": ""star_ris"", ""rho"": 128.0, ""gain"": 0.0029581449191944387}, {""block"": ""rsma"", ""rho"": 1.0, ""gain"": 0.0}, {""block"": ""star_ris"", ""rho"": 256.0, ""gain"": 0.0014780939325440556}]",{},5613.235419,895cf8987087c169d7023476c078ebabf24f99fbbc30b65ad7fae1097d95a6fe,fc61d5cda7da39530055bae9bd0e92865f995cd9,f4c80269e5fb3cf553900b2e82f235af875b7c2e33b4ff71ec5d85cc25eb2b4e
ao_sca,128,10000,929,test,19.095735204995066,19.095735204995066,1.0,True,0.0,6,4755,9,ao_sca_proximal_physical,analytical_ris_equal_allocation,"[1.8380207511138167, 19.057016110999207, 19.064457154964835, 19.08777213565185, 19.091819331142645, 19.095306613926958, 19.095735204995066]","[{""block"": ""rsma"", ""rho"": 1.0, ""gain"": 17.10821261082802}, {""block"": ""star_ris"", ""rho"": 4.0, ""gain"": 0.11078274905737118}, {""block"": ""rsma"", ""rho"": 1.0, ""gain"": 0.0}, {""block"": ""star_ris"", ""rho"": 16.0, ""gain"": 0.007441043965627614}, {""block"": ""rsma"", ""rho"": 1.0, ""gain"": 0.0}, {""block"": ""star_ris"", ""rho"": 16.0, ""gain"": 0.023314980687015208}, {""block"": ""rsma"", ""rho"": 1.0, ""gain"": 0.0}, {""block"": ""star_ris"", ""rho"": 64.0, ""gain"": 0.004047195490795019}, {""block"": ""rsma"", ""rho"": 1.0, ""gain"": 0.0}, {""block"": ""star_ris"", ""rho"": 64.0, ""gain"": 0.003487282784313095}, {""block"": ""rsma"", ""rho"": 1.0, ""gain"": 0.0}, {""block"": ""star_ris"", ""rho"": 16.0, ""gain"": 0.00042859106810766434}]",{},2658.160586,895cf8987087c169d7023476c078ebabf24f99fbbc30b65ad7fae1097d95a6fe,fc61d5cda7da39530055bae9bd0e92865f995cd9,f4c80269e5fb3cf553900b2e82f235af875b7c2e33b4ff71ec5d85cc25eb2b4e
ao_sca,128,10000,930,test,19.71438390925604,19.71438390925604,1.0,True,0.0,12,9483,23,ao_sca_proximal_physical,analytical_ris_equal_allocation,"[1.838024943957194, 19.44246757984339, 19.453514961250743, 19.494495103889697, 19.57917402860416, 19.599231797485825, 19.629768573298787, 19.651106616501515, 19.661583019492443, 19.68216346625114, 19.697987008282368, 19.712569593888034, 19.714383909256036]","[{""block"": ""rsma"", ""rho"": 1.0, ""gain"": 17.18668880477776}, {""block"": ""star_ris"", ""rho"": 1.0, ""gain"": 0.41775383110843833}, {""block"": ""rsma"", ""rho"": 1.0, ""gain"": 0.0}, {""block"": ""star_ris"", ""rho"": 4.0, ""gain"": 0.011047381407351509}, {""block"": ""rsma"", ""rho"": 1.0, ""gain"": 0.0}, {""block"": ""star_ris"", ""rho"": 2.0, ""gain"": 0.04098014263895422}, {""block"": ""rsma"", ""rho"": 1.0, ""gain"": 0.0}, {""block"": ""star_ris"", ""rho"": 2.0, ""gain"": 0.08467892471446348}, {""block"": ""rsma"", ""rho"": 1.0, ""gain"": 0.0}, {""block"": ""star_ris"", ""rho"": 16.0, ""gain"": 0.020057768881663662}, {""block"": ""rsma"", ""rho"": 1.0, ""gain"": 0.0}, {""block"": ""star_ris"", ""rho"": 2.0, ""gain"": 0.03053677581296199}, {""block"": ""rsma"", ""rho"": 1.0, ""gain"": 0.0}, {""block"": ""star_ris"", ""rho"": 16.0, ""gain"": 0.021338043202728585}, {""block"": ""rsma"", ""rho"": 1.0, ""gain"": 0.0}, {""block"": ""star_ris"", ""rho"": 32.0, ""gain"": 0.010476402990928335}, {""block"": ""rsma"", ""rho"": 1.0, ""gain"": 0.0}, {""block"": ""star_ris"", ""rho"": 16.0, ""gain"": 0.020580446758696525}, {""block"": ""rsma"", ""rho"": 1.0, ""gain"": 0.0}, {""block"": ""star_ris"", ""rho"": 2.0, ""gain"": 0.015823542031228044}, {""block"": ""rsma"", ""rho"": 1.0, ""gain"": 0.0}, {""block"": ""star_ris"", ""rho"": 1.0, ""gain"": 0.014582585605666054}, {""block"": ""rsma"", ""rho"": 1.0, ""gain"": 0.0}, {""block"": ""star_ris"", ""rho"": 8.0, ""gain"": 0.0018143153680014734}]",{},5246.190193,895cf8987087c169d7023476c078ebabf24f99fbbc30b65ad7fae1097d95a6fe,fc61d5cda7da39530055bae9bd0e92865f995cd9,f4c80269e5fb3cf553900b2e82f235af875b7c2e33b4ff71ec5d85cc25eb2b4e
ao_sca,128,10000,931,test,19.504808601431648,19.504808601431648,1.0,True,0.0,9,7120,14,ao_sca_proximal_physical,analytical_ris_equal_allocation,"[1.8380176824765662, 19.056540697054373, 19.203427872845623, 19.225620518166394, 19.231082464461657, 19.233802141573438, 19.449865736412526, 19.491925800769426, 19.5043502943551, 19.504808601431648]","[{""block"": ""rsma"", ""rho"": 1.0, ""gain"": 16.92235713118537}, {""block"": ""star_ris"", ""rho"": 1.0, ""gain"": 0.29616588339243677}, {""block"": ""rsma"", ""rho"": 1.0, ""gain"": 3.552713678800501e-15}, {""block"": ""star_ris"", ""rho"": 1.0, ""gain"": 0.146887175791246}, {""block"": ""rsma"", ""rho"": 1.0, ""gain"": 0.0}, {""block"": ""star_ris"", ""rho"": 16.0, ""gain"": 0.022192645320771476}, {""block"": ""rsma"", ""rho"": 1.0, ""gain"": 0.0}, {""block"": ""star_ris"", ""rho"": 64.0, ""gain"": 0.005461946295262976}, {""block"": ""rsma"", ""rho"": 1.0, ""gain"": 0.0}, {""block"": ""star_ris"", ""rho"": 128.0, ""gain"": 0.0027196771117807828}, {""block"": ""rsma"", ""rho"": 1.0, ""gain"": 0.0}, {""block"": ""star_ris"", ""rho"": 1.0, ""gain"": 0.21606359483908832}, {""block"": ""rsma"", ""rho"": 1.0, ""gain"": 0.0}, {""block"": ""star_ris"", ""rho"": 8.0, ""gain"": 0.042060064356899574}, {""block"": ""rsma"", ""rho"": 1.0, ""gain"": -3.552713678800501e-15}, {""block"": ""star_ris"", ""rho"": 16.0, ""gain"": 0.012424493585676544}, {""block"": ""rsma"", ""rho"": 1.0, ""gain"": 0.0}, {""block"": ""star_ris"", ""rho"": 8.0, ""gain"": 0.00045830707654914704}]",{},3975.555753,895cf8987087c169d7023476c078ebabf24f99fbbc30b65ad7fae1097d95a6fe,fc61d5cda7da39530055bae9bd0e92865f995cd9,f4c80269e5fb3cf553900b2e82f235af875b7c2e33b4ff71ec5d85cc25eb2b4e
ao_sca,128,10000,932,test,20.04634043754709,20.04634043754709,1.0,True,0.0,15,11839,29,ao_sca_proximal_physical,analytical_ris_equal_allocation,"[1.8380277793735225, 19.514620399960975, 19.533002098896795, 19.678566888303664, 19.709535200877212, 19.73063905126484, 19.776475200549854, 19.78798869086035, 19.85927272705238, 19.894275170552085, 19.907933108568372, 19.91788833270045, 19.9211852955304, 20.041927869824367, 20.04604183066978, 20.04634043754709]","[{""block"": ""rsma"", ""rho"": 1.0, ""gain"": 17.593527403760092}, {""block"": ""star_ris"", ""rho"": 1.0, ""gain"": 0.0830652168273609}, {""block"": ""rsma"", ""rho"": 1.0, ""gain"": 0.0}, {""block"": ""star_ris"", ""rho"": 2.0, ""gain"": 0.018381698935819202}, {""block"": ""rsma"", ""rho"": 1.0, ""gain"": -3.552713678800501e-15}, {""block"": ""star_ris"", ""rho"": 1.0, ""gain"": 0.14556478940687256}, {""block"": ""rsma"", ""rho"": 1.0, ""gain"": 0.0}, {""block"": ""star_ris"", ""rho"": 1.0, ""gain"": 0.03096831257354893}, {""block"": ""rsma"", ""rho"": 1.0, ""gain"": 0.0}, {""block"": ""star_ris"", ""rho"": 1.0, ""gain"": 0.021103850387628853}, {""block"": ""rsma"", ""rho"": 1.0, ""gain"": 3.552713678800501e-15}, {""block"": ""star_ris"", ""rho"": 1.0, ""gain"": 0.04583614928500879}, {""block"": ""rsma"", ""rho"": 1.0, ""gain"": 0.0}, {""block"": ""star_ris"", ""rho"": 1.0, ""gain"": 0.0115134903104952}, {""block"": ""rsma"", ""rho"": 1.0, ""gain"": 0.0}, {""block"": ""star_ris"", ""rho"": 4.0, ""gain"": 0.07128403619203283}, {""block"": ""rsma"", ""rho"": 1.0, ""gain"": 0.0}, {""block"": ""star_ris"", ""rho"": 8.0, ""gain"": 0.03500244349970316}, {""block"": ""rsma"", ""rho"": 1.0, ""gain"": -3.552713678800501e-15}, {""block"": ""star_ris"", ""rho"": 16.0, ""gain"": 0.013657938016290672}, {""block"": ""rsma"", ""rho"": 1.0, ""gain"": 3.552713678800501e-15}, {""block"": ""star_ris"", ""rho"": 2.0, ""gain"": 0.009955224132074392}, {""block"": ""rsma"", ""rho"": 1.0, ""gain"": 0.0}, {""block"": ""star_ris"", ""rho"": 2.0, ""gain"": 0.0032969628299497344}, {""block"": ""rsma"", ""rho"": 1.0, ""gain"": -7.105427357601002e-15}, {""block"": ""star_ris"", ""rho"": 2.0, ""gain"": 0.12074257429397406}, {""block"": ""rsma"", ""rho"": 1.0, ""gain"": 0.0}, {""block"": ""star_ris"", ""rho"": 4.0, ""gain"": 0.004113960845412379}, {""block"": ""rsma"", ""rho"": 1.0, ""gain"": 3.552713678800501e-15}, {""block"": ""star_ris"", ""rho"": 8.0, ""gain"": 0.00029860687730831614}]",{},6580.208349,895cf8987087c169d7023476c078ebabf24f99fbbc30b65ad7fae1097d95a6fe,fc61d5cda7da39530055bae9bd0e92865f995cd9,f4c80269e5fb3cf553900b2e82f235af875b7c2e33b4ff71ec5d85cc25eb2b4e
ao_sca,128,10000,933,test,19.551694667674013,19.551694667674013,1.0,True,0.0,4,3161,8,ao_sca_proximal_physical,analytical_ris_equal_allocation,"[1.8380229885145878, 19.208985262555945, 19.45122121548572, 19.550558651189036, 19.551694667674013]","[{""block"": ""rsma"", ""rho"": 1.0, ""gain"": 17.21702718322492}, {""block"": ""star_ris"", ""rho"": 1.0, ""gain"": 0.15393509081643586}, {""block"": ""rsma"", ""rho"": 1.0, ""gain"": 3.552713678800501e-15}, {""block"": ""star_ris"", ""rho"": 2.0, ""gain"": 0.24223595292977151}, {""block"": ""rsma"", ""rho"": 1.0, ""gain"": 0.0}, {""block"": ""star_ris"", ""rho"": 4.0, ""gain"": 0.09933743570331544}, {""block"": ""rsma"", ""rho"": 1.0, ""gain"": 0.0}, {""block"": ""star_ris"", ""rho"": 32.0, ""gain"": 0.001136016484977631}]",{},1766.70427,895cf8987087c169d7023476c078ebabf24f99fbbc30b65ad7fae1097d95a6fe,fc61d5cda7da39530055bae9bd0e92865f995cd9,f4c80269e5fb3cf553900b2e82f235af875b7c2e33b4ff71ec5d85cc25eb2b4e
ao_sca,128,10000,934,test,19.429480452044025,19.429480452044025,1.0,True,0.0,7,5532,13,ao_sca_proximal_physical,analytical_ris_equal_allocation,"[1.8380165169637523, 19.12880126512266, 19.22144945411084, 19.294396570485034, 19.296438332501246, 19.41574440244983, 19.427979245984314, 19.429480452044025]","[{""block"": ""rsma"", ""rho"": 1.0, ""gain"": 16.698965247458013}, {""block"": ""star_ris"", ""rho"": 1.0, ""gain"": 0.5918195007008968}, {""block"": ""rsma"", ""rho"": 1.0, ""gain"": 0.0}, {""block"": ""star_ris"", ""rho"": 4.0, ""gain"": 0.0926481889881785}, {""block"": ""rsma"", ""rho"": 1.0, ""gain"": -3.552713678800501e-15}, {""block"": ""star_ris"", ""rho"": 4.0, ""gain"": 0.07294711637419837}, {""block"": ""rsma"", ""rho"": 1.0, ""gain"": 0.0}, {""block"": ""star_ris"", ""rho"": 1.0, ""gain"": 0.0020417620162120897}, {""block"": ""rsma"", ""rho"": 1.0, ""gain"": 0.0}, {""block"": ""star_ris"", ""rho"": 4.0, ""gain"": 0.11930606994858195}, {""block"": ""rsma"", ""rho"": 1.0, ""gain"": 3.552713678800501e-15}, {""block"": ""star_ris"", ""rho"": 32.0, ""gain"": 0.012234843534482565}, {""block"": ""rsma"", ""rho"": 1.0, ""gain"": 0.0}, {""block"": ""star_ris"", ""rho"": 16.0, ""gain"": 0.0015012060597108245}]",{},3111.900453,895cf8987087c169d7023476c078ebabf24f99fbbc30b65ad7fae1097d95a6fe,fc61d5cda7da39530055bae9bd0e92865f995cd9,f4c80269e5fb3cf553900b2e82f235af875b7c2e33b4ff71ec5d85cc25eb2b4e
ao_sca,128,10000,935,test,19.71682035354865,19.71682035354865,1.0,True,0.0,10,7913,18,ao_sca_proximal_physical,analytical_ris_equal_allocation,"[1.8380260147855487, 19.306404169142844, 19.44993092062976, 19.56387841518061, 19.615897087160363, 19.640854359987017, 19.65308875835715, 19.656119968546758, 19.664694109623397, 19.71528006651534, 19.71682035354865]","[{""block"": ""rsma"", ""rho"": 1.0, ""gain"": 17.339931815994355}, {""block"": ""star_ris"", ""rho"": 4.0, ""gain"": 0.1284463383629415}, {""block"": ""rsma"", ""rho"": 1.0, ""gain"": 0.0}, {""block"": ""star_ris"", ""rho"": 1.0, ""gain"": 0.14352675148691674}, {""block"": ""rsma"", ""rho"": 1.0, ""gain"": 0.0}, {""block"": ""star_ris"", ""rho"": 4.0, ""gain"": 0.11394749455084963}, {""block"": ""rsma"", ""rho"": 1.0, ""gain"": 0.0}, {""block"": ""star_ris"", ""rho"": 8.0, ""gain"": 0.052018671979752185}, {""block"": ""rsma"", ""rho"": 1.0, ""gain"": 0.0}, {""block"": ""star_ris"", ""rho"": 16.0, ""gain"": 0.024957272826654275}, {""block"": ""rsma"", ""rho"": 1.0, ""gain"": 0.0}, {""block"": ""star_ris"", ""rho"": 32.0, ""gain"": 0.012234398370132737}, {""block"": ""rsma"", ""rho"": 1.0, ""gain"": 0.0}, {""block"": ""star_ris"", ""rho"": 128.0, ""gain"": 0.003031210189607947}, {""block"": ""rsma"", ""rho"": 1.0, ""gain"": 0.0}, {""block"": ""star_ris"", ""rho"": 4.0, ""gain"": 0.008574141076639563}, {""block"": ""rsma"", ""rho"": 1.0, ""gain"": 0.0}, {""block"": ""star_ris"", ""rho"": 8.0, ""gain"": 0.05058595689194334}, {""block"": ""rsma"", ""rho"": 1.0, ""gain"": 0.0}, {""block"": ""star_ris"", ""rho"": 16.0, ""gain"": 0.0015402870333076635}]",{},4414.494689,895cf8987087c169d7023476c078ebabf24f99fbbc30b65ad7fae1097d95a6fe,fc61d5cda7da39530055bae9bd0e92865f995cd9,f4c80269e5fb3cf553900b2e82f235af875b7c2e33b4ff71ec5d85cc25eb2b4e
ao_sca,128,10000,936,test,19.533024555802424,19.533024555802424,1.0,True,0.0,7,5535,14,ao_sca_proximal_physical,analytical_ris_equal_allocation,"[1.8380222743437489, 19.41222118838078, 19.440424494216536, 19.494844003482754, 19.499291234759163, 19.522831248536185, 19.53291465096253, 19.533024555802424]","[{""block"": ""rsma"", ""rho"": 1.0, ""gain"": 17.01257345772031}, {""block"": ""star_ris"", ""rho"": 1.0, ""gain"": 0.5616254563167189}, {""block"": ""rsma"", ""rho"": 1.0, ""gain"": 0.0}, {""block"": ""star_ris"", ""rho"": 2.0, ""gain"": 0.028203305835756254}, {""block"": ""rsma"", ""rho"": 1.0, ""gain"": 0.0}, {""block"": ""star_ris"", ""rho"": 1.0, ""gain"": 0.05441950926621786}, {""block"": ""rsma"", ""rho"": 1.0, ""gain"": 0.0}, {""block"": ""star_ris"", ""rho"": 8.0, ""gain"": 0.004447231276408559}, {""block"": ""rsma"", ""rho"": 1.0, ""gain"": 0.0}, {""block"": ""star_ris"", ""rho"": 16.0, ""gain"": 0.02354001377702275}, {""block"": ""rsma"", ""rho"": 1.0, ""gain"": 0.0}, {""block"": ""star_ris"", ""rho"": 32.0, ""gain"": 0.01008340242634631}, {""block"": ""rsma"", ""rho"": 1.0, ""gain"": 0.0}, {""block"": ""star_ris"", ""rho"": 32.0, ""gain"": 0.00010990483989203881}]",{},3054.471153,895cf8987087c169d7023476c078ebabf24f99fbbc30b65ad7fae1097d95a6fe,fc61d5cda7da39530055bae9bd0e92865f995cd9,f4c80269e5fb3cf553900b2e82f235af875b7c2e33b4ff71ec5d85cc25eb2b4e
ao_sca,128,10000,937,test,19.66982460609988,19.66982460609988,1.0,True,0.0,15,11849,27,ao_sca_proximal_physical,analytical_ris_equal_allocation,"[1.8380182077369154, 18.91570413843067, 19.060055176945735, 19.12366851391293, 19.196525443264957, 19.295980703234278, 19.477767680958703, 19.526096314022187, 19.56085930890152, 19.56908638650968, 19.57596594254839, 19.59621342506029, 19.607915808715553, 19.648517389019773, 19.668261816355376, 19.66982460609988]","[{""block"": ""rsma"", ""rho"": 1.0, ""gain"": 16.90233784990985}, {""block"": ""star_ris"", ""rho"": 1.0, ""gain"": 0.1753480807839054}, {""block"": ""rsma"", ""rho"": 1.0, ""gain"": -7.105427357601002e-15}, {""block"": ""star_ris"", ""rho"": 4.0, ""gain"": 0.14435103851507236}, {""block"": ""rsma"", ""rho"": 1.0, ""gain"": 0.0}, {""block"": ""star_ris"", ""rho"": 8.0, ""gain"": 0.06361333696719385}, {""block"": ""rsma"", ""rho"": 1.0, ""gain"": 0.0}, {""block"": ""star_ris"", ""rho"": 1.0, ""gain"": 0.07285692935202803}, {""block"": ""rsma"", ""rho"": 1.0, ""gain"": 0.0}, {""block"": ""star_ris"", ""rho"": 4.0, ""gain"": 0.09945525996932147}, {""block"": ""rsma"", ""rho"": 1.0, ""gain"": 0.0}, {""block"": ""star_ris"", ""rho"": 2.0, ""gain"": 0.18178697772442476}, {""block"": ""rsma"", ""rho"": 1.0, ""gain"": 0.0}, {""block"": ""star_ris"", ""rho"": 4.0, ""gain"": 0.048328633063484006}, {""block"": ""rsma"", ""rho"": 1.0, ""gain"": 0.0}, {""block"": ""star_ris"", ""rho"": 4.0, ""gain"": 0.03476299487933332}, {""block"": ""rsma"", ""rho"": 1.0, ""gain"": 0.0}, {""block"": ""star_ris"", ""rho"": 4.0, ""gain"": 0.008227077608161437}, {""block"": ""rsma"", ""rho"": 1.0, ""gain"": 0.0}, {""block"": ""star_ris"", ""rho"": 2.0, ""gain"": 0.006879556038708046}, {""block"": ""rsma"", ""rho"": 1.0, ""gain"": 0.0}, {""block"": ""star_ris"", ""rho"": 4.0, ""gain"": 0.020247482511901893}, {""block"": ""rsma"", ""rho"": 1.0, ""gain"": 0.0}, {""block"": ""star_ris"", ""rho"": 1.0, ""gain"": 0.011702383655261883}, {""block"": ""rsma"", ""rho"": 1.0, ""gain"": -3.552713678800501e-15}, {""block"": ""star_ris"", ""rho"": 8.0, ""gain"": 0.040601580304223006}, {""block"": ""rsma"", ""rho"": 1.0, ""gain"": 0.0}, {""block"": ""star_ris"", ""rho"": 16.0, ""gain"": 0.019744427335602666}, {""block"": ""rsma"", ""rho"": 1.0, ""gain"": 0.0}, {""block"": ""star_ris"", ""rho"": 16.0, ""gain"": 0.0015627897445043004}]",{},6604.605265,895cf8987087c169d7023476c078ebabf24f99fbbc30b65ad7fae1097d95a6fe,fc61d5cda7da39530055bae9bd0e92865f995cd9,f4c80269e5fb3cf553900b2e82f235af875b7c2e33b4ff71ec5d85cc25eb2b4e
ao_sca,128,10000,938,test,19.897607567912612,19.897607567912612,1.0,True,0.0,18,14215,34,ao_sca_proximal_physical,analytical_ris_equal_allocation,"[1.8380233875597547, 19.25975626642088, 19.315539171941584, 19.434524852351114, 19.576550741156115, 19.589536168019528, 19.606908298950916, 19.61260156903719, 19.698414295810913, 19.822470373479295, 19.82711351811283, 19.844614856347413, 19.850765065951393, 19.867089970794837, 19.869336993719827, 19.877426865562967, 19.881337868360795, 19.8970329264417, 19.897607567912615]","[{""block"": ""rsma"", ""rho"": 1.0, ""gain"": 17.320792141050024}, {""block"": ""star_ris"", ""rho"": 1.0, ""gain"": 0.10094073781110069}, {""block"": ""rsma"", ""rho"": 1.0, ""gain"": 3.552713678800501e-15}, {""block"": ""star_ris"", ""rho"": 8.0, ""gain"": 0.055782905520700865}, {""block"": ""rsma"", ""rho"": 1.0, ""gain"": 0.0}, {""block"": ""star_ris"", ""rho"": 1.0, ""gain"": 0.11898568040952995}, {""block"": ""rsma"", ""rho"": 1.0, ""gain"": 0.0}, {""block"": ""star_ris"", ""rho"": 1.0, ""gain"": 0.14202588880500144}, {""block"": ""rsma"", ""rho"": 1.0, ""gain"": 3.552713678800501e-15}, {""block"": ""star_ris"", ""rho"": 1.0, ""gain"": 0.012985426863409089}, {""block"": ""rsma"", ""rho"": 1.0, ""gain"": 3.552713678800501e-15}, {""block"": ""star_ris"", ""rho"": 1.0, ""gain"": 0.017372130931384788}, {""block"": ""rsma"", ""rho"": 1.0, ""gain"": 0.0}, {""block"": ""star_ris"", ""rho"": 2.0, ""gain"": 0.005693270086272406}, {""block"": ""rsma"", ""rho"": 1.0, ""gain"": 0.0}, {""block"": ""star_ris"", ""rho"": 1.0, ""gain"": 0.08581272677372453}, {""block"": ""rsma"", ""rho"": 1.0, ""gain"": 0.0}, {""block"": ""star_ris"", ""rho"": 1.0, ""gain"": 0.12405607766838145}, {""block"": ""rsma"", ""rho"": 1.0, ""gain"": 0.0}, {""block"": ""star_ris"", ""rho"": 4.0, ""gain"": 0.0046431446335368776}, {""block"": ""rsma"", ""rho"": 1.0, ""gain"": 3.552713678800501e-15}, {""block"": ""star_ris"", ""rho"": 16.0, ""gain"": 0.017501338234577446}, {""block"": ""rsma"", ""rho"": 1.0, ""gain"": 7.105427357601002e-15}, {""block"": ""star_ris"", ""rho"": 4.0, ""gain"": 0.006150209603973167}, {""block"": ""rsma"", ""rho"": 1.0, ""gain"": -3.552713678800501e-15}, {""block"": ""star_ris"", ""rho"": 4.0, ""gain"": 0.016324904843447285}, {""block"": ""rsma"", ""rho"": 1.0, ""gain"": 0.0}, {""block"": ""star_ris"", ""rho"": 16.0, ""gain"": 0.0022470229249904605}, {""block"": ""rsma"", ""rho"": 1.0, ""gain"": 0.0}, {""block"": ""star_ris"", ""rho"": 8.0, ""gain"": 0.008089871843139917}, {""block"": ""rsma"", ""rho"": 1.0, ""gain"": 3.552713678800501e-15}, {""block"": ""star_ris"", ""rho"": 4.0, ""gain"": 0.0039110027978246364}, {""block"": ""rsma"", ""rho"": 1.0, ""gain"": 0.0}, {""block"": ""star_ris"", ""rho"": 2.0, ""gain"": 0.015695058080904545}, {""block"": ""rsma"", ""rho"": 1.0, ""gain"": -3.552713678800501e-15}, {""block"": ""star_ris"", ""rho"": 64.0, ""gain"": 0.0005746414709193459}]",{},7878.117467,895cf8987087c169d7023476c078ebabf24f99fbbc30b65ad7fae1097d95a6fe,fc61d5cda7da39530055bae9bd0e92865f995cd9,f4c80269e5fb3cf553900b2e82f235af875b7c2e33b4ff71ec5d85cc25eb2b4e
ao_sca,128,10000,939,test,19.66869328753157,19.66869328753157,1.0,True,0.0,13,10263,25,ao_sca_proximal_physical,analytical_ris_equal_allocation,"[1.8380155555282678, 18.99381444640165, 19.084777024263076, 19.12739810990245, 19.137755848051718, 19.328042422075814, 19.4192504253338, 19.49130917800344, 19.5753146627057, 19.61944330667567, 19.629384671875677, 19.66061772499714, 19.667685338554826, 19.66869328753157]","[{""block"": ""rsma"", ""rho"": 1.0, ""gain"": 16.644225116796484}, {""block"": ""star_ris"", ""rho"": 1.0, ""gain"": 0.5115737740768971}, {""block"": ""rsma"", ""rho"": 1.0, ""gain"": -3.552713678800501e-15}, {""block"": ""star_ris"", ""rho"": 4.0, ""gain"": 0.09096257786142914}, {""block"": ""rsma"", ""rho"": 1.0, ""gain"": 3.552713678800501e-15}, {""block"": ""star_ris"", ""rho"": 8.0, ""gain"": 0.042621085639371614}, {""block"": ""rsma"", ""rho"": 1.0, ""gain"": 0.0}, {""block"": ""star_ris"", ""rho"": 32.0, ""gain"": 0.010357738149266993}, {""block"": ""rsma"", ""rho"": 1.0, ""gain"": 0.0}, {""block"": ""star_ris"", ""rho"": 1.0, ""gain"": 0.1902865740240962}, {""block"": ""rsma"", ""rho"": 1.0, ""gain"": -3.552713678800501e-15}, {""block"": ""star_ris"", ""rho"": 1.0, ""gain"": 0.09120800325798939}, {""block"": ""rsma"", ""rho"": 1.0, ""gain"": 0.0}, {""block"": ""star_ris"", ""rho"": 1.0, ""gain"": 0.07205875266964057}, {""block"": ""rsma"", ""rho"": 1.0, ""gain"": 3.552713678800501e-15}, {""block"": ""star_ris"", ""rho"": 2.0, ""gain"": 0.08400548470225644}, {""block"": ""rsma"", ""rho"": 1.0, ""gain"": 0.0}, {""block"": ""star_ris"", ""rho"": 1.0, ""gain"": 0.04412864396996952}, {""block"": ""rsma"", ""rho"": 1.0, ""gain"": 0.0}, {""block"": ""star_ris"", ""rho"": 2.0, ""gain"": 0.009941365200006658}, {""block"": ""rsma"", ""rho"": 1.0, ""gain"": -7.105427357601002e-15}, {""block"": ""star_ris"", ""rho"": 1.0, ""gain"": 0.031233053121471954}, {""block"": ""rsma"", ""rho"": 1.0, ""gain"": 3.552713678800501e-15}, {""block"": ""star_ris"", ""rho"": 4.0, ""gain"": 0.0070676135576803745}, {""block"": ""rsma"", ""rho"": 1.0, ""gain"": -3.552713678800501e-15}, {""block"": ""star_ris"", ""rho"": 16.0, ""gain"": 0.0010079489767491623}]",{},5774.677333,895cf8987087c169d7023476c078ebabf24f99fbbc30b65ad7fae1097d95a6fe,fc61d5cda7da39530055bae9bd0e92865f995cd9,f4c80269e5fb3cf553900b2e82f235af875b7c2e33b4ff71ec5d85cc25eb2b4e
ao_sca,128,10000,940,test,19.94862807823912,19.94862807823912,1.0,True,0.0,18,14214,32,ao_sca_proximal_physical,analytical_ris_equal_allocation,"[1.8380248918041386, 19.281527896753186, 19.28908989821986, 19.35047876907687, 19.365138174867667, 19.511185698452906, 19.609413278283217, 19.613133068553328, 19.677498299434347, 19.71081034346347, 19.72754696145846, 19.746807726892566, 19.80661914423102, 19.81361387001082, 19.821480530941944, 19.823744756254108, 19.845532402783597, 19.948266580111813, 19.94862807823912]","[{""block"": ""rsma"", ""rho"": 1.0, ""gain"": 17.377776901653213}, {""block"": ""star_ris"", ""rho"": 4.0, ""gain"": 0.06572610329583384}, {""block"": ""rsma"", ""rho"": 1.0, ""gain"": 0.0}, {""block"": ""star_ris"", ""rho"": 1.0, ""gain"": 0.007562001466673962}, {""block"": ""rsma"", ""rho"": 1.0, ""gain"": 3.552713678800501e-15}, {""block"": ""star_ris"", ""rho"": 8.0, ""gain"": 0.06138887085700517}, {""block"": ""rsma"", ""rho"": 1.0, ""gain"": 0.0}, {""block"": ""star_ris"", ""rho"": 32.0, ""gain"": 0.014659405790798274}, {""block"": ""rsma"", ""rho"": 1.0, ""gain"": 0.0}, {""block"": ""star_ris"", ""rho"": 1.0, ""gain"": 0.14604752358523854}, {""block"": ""rsma"", ""rho"": 1.0, ""gain"": 0.0}, {""block"": ""star_ris"", ""rho"": 1.0, ""gain"": 0.09822757983031138}, {""block"": ""rsma"", ""rho"": 1.0, ""gain"": 0.0}, {""block"": ""star_ris"", ""rho"": 1.0, ""gain"": 0.003719790270110934}, {""block"": ""rsma"", ""rho"": 1.0, ""gain"": 3.552713678800501e-15}, {""block"": ""star_ris"", ""rho"": 4.0, ""gain"": 0.06436523088101609}, {""block"": ""rsma"", ""rho"": 1.0, ""gain"": 0.0}, {""block"": ""star_ris"", ""rho"": 8.0, ""gain"": 0.03331204402912391}, {""block"": ""rsma"", ""rho"": 1.0, ""gain"": 0.0}, {""block"": ""star_ris"", ""rho"": 2.0, ""gain"": 0.016736617994990155}, {""block"": ""rsma"", ""rho"": 1.0, ""gain"": -3.552713678800501e-15}, {""block"": ""star_ris"", ""rho"": 2.0, ""gain"": 0.01926076543410815}, {""block"": ""rsma"", ""rho"": 1.0, ""gain"": 0.0}, {""block"": ""star_ris"", ""rho"": 1.0, ""gain"": 0.059811417338455186}, {""block"": ""rsma"", ""rho"": 1.0, ""gain"": -3.552713678800501e-15}, {""block"": ""star_ris"", ""rho"": 8.0, ""gain"": 0.006994725779801314}, {""block"": ""rsma"", ""rho"": 1.0, ""gain"": -3.552713678800501e-15}, {""block"": ""star_ris"", ""rho"": 4.0, ""gain"": 0.007866660931128422}, {""block"": ""rsma"", ""rho"": 1.0, ""gain"": 0.0}, {""block"": ""star_ris"", ""rho"": 2.0, ""gain"": 0.002264225312163859}, {""block"": ""rsma"", ""rho"": 1.0, ""gain"": -7.105427357601002e-15}, {""block"": ""star_ris"", ""rho"": 2.0, ""gain"": 0.021787646529496385}, {""block"": ""rsma"", ""rho"": 1.0, ""gain"": 7.105427357601002e-15}, {""block"": ""star_ris"", ""rho"": 2.0, ""gain"": 0.10273417732820889}, {""block"": ""rsma"", ""rho"": 1.0, ""gain"": 0.0}, {""block"": ""star_ris"", ""rho"": 16.0, ""gain"": 0.00036149812730812414}]",{},7920.416899,895cf8987087c169d7023476c078ebabf24f99fbbc30b65ad7fae1097d95a6fe,fc61d5cda7da39530055bae9bd0e92865f995cd9,f4c80269e5fb3cf553900b2e82f235af875b7c2e33b4ff71ec5d85cc25eb2b4e
ao_sca,128,10000,941,test,19.43890857159292,19.43890857159292,1.0,True,0.0,20,15825,36,ao_sca_proximal_physical,analytical_ris_equal_allocation,"[1.838015320037561, 18.726946767876246, 18.852810399582175, 18.867430302639203, 18.87467071278553, 18.931132664982094, 19.03610609385413, 19.052022070966, 19.066505912035147, 19.090556585929413, 19.108589829978687, 19.2437743527967, 19.30488580608592, 19.334113414854485, 19.390072253982446, 19.401080687427733, 19.40891259821168, 19.422253951767125, 19.4288622751907, 19.431536742764507, 19.438908571592922]","[{""block"": ""rsma"", ""rho"": 1.0, ""gain"": 16.58282847391622}, {""block"": ""star_ris"", ""rho"": 2.0, ""gain"": 0.3061029739224672}, {""block"": ""rsma"", ""rho"": 1.0, ""gain"": -3.552713678800501e-15}, {""block"": ""star_ris"", ""rho"": 4.0, ""gain"": 0.12586363170593273}, {""block"": ""rsma"", ""rho"": 1.0, ""gain"": 0.0}, {""block"": ""star_ris"", ""rho"": 32.0, ""gain"": 0.014619903057027983}, {""block"": ""rsma"", ""rho"": 1.0, ""gain"": 3.552713678800501e-15}, {""block"": ""star_ris"", ""rho"": 64.0, ""gain"": 0.007240410146323484}, {""block"": ""rsma"", ""rho"": 1.0, ""gain"": 0.0}, {""block"": ""star_ris"", ""rho"": 8.0, ""gain"": 0.056461952196563914}, {""block"": ""rsma"", ""rho"": 1.0, ""gain"": 0.0}, {""block"": ""star_ris"", ""rho"": 4.0, ""gain"": 0.10497342887203587}, {""block"": ""rsma"", ""rho"": 1.0, ""gain"": 0.0}, {""block"": ""star_ris"", ""rho"": 8.0, ""gain"": 0.015915977111870205}, {""block"": ""rsma"", ""rho"": 1.0, ""gain"": 0.0}, {""block"": ""star_ris"", ""rho"": 4.0, ""gain"": 0.014483841069147019}, {""block"": ""rsma"", ""rho"": 1.0, ""gain"": 0.0}, {""block"": ""star_ris"", ""rho"": 16.0, ""gain"": 0.02405067389426563}, {""block"": ""rsma"", ""rho"": 1.0, ""gain"": 0.0}, {""block"": ""star_ris"", ""rho"": 1.0, ""gain"": 0.01803324404927409}, {""block"": ""rsma"", ""rho"": 1.0, ""gain"": 3.552713678800501e-15}, {""block"": ""star_ris"", ""rho"": 4.0, ""gain"": 0.1351845228180082}, {""block"": ""rsma"", ""rho"": 1.0, ""gain"": 3.552713678800501e-15}, {""block"": ""star_ris"", ""rho"": 8.0, ""gain"": 0.061111453289218076}, {""block"": ""rsma"", ""rho"": 1.0, ""gain"": 3.552713678800501e-15}, {""block"": ""star_ris"", ""rho"": 16.0, ""gain"": 0.029227608768561453}, {""block"": ""rsma"", ""rho"": 1.0, ""gain"": 0.0}, {""block"": ""star_ris"", ""rho"": 8.0, ""gain"": 0.0559588391279604}, {""block"": ""rsma"", ""rho"": 1.0, ""gain"": 0.0}, {""block"": ""star_ris"", ""rho"": 16.0, ""gain"": 0.011008433445287125}, {""block"": ""rsma"", ""rho"": 1.0, ""gain"": 0.0}, {""block"": ""star_ris"", ""rho"": 8.0, ""gain"": 0.007831910783945517}, {""block"": ""rsma"", ""rho"": 1.0, ""gain"": 0.0}, {""block"": ""star_ris"", ""rho"": 32.0, ""gain"": 0.013341353555446744}, {""block"": ""rsma"", ""rho"": 1.0, ""gain"": 0.0}, {""block"": ""star_ris"", ""rho"": 64.0, ""gain"": 0.006608323423574092}, {""block"": ""rsma"", ""rho"": 1.0, ""gain"": 3.552713678800501e-15}, {""block"": ""star_ris"", ""rho"": 16.0, ""gain"": 0.0026744675738044066}, {""block"": ""rsma"", ""rho"": 1.0, ""gain"": -3.552713678800501e-15}, {""block"": ""star_ris"", ""rho"": 4.0, ""gain"": 0.007371828828418359}]",{},8687.270583,895cf8987087c169d7023476c078ebabf24f99fbbc30b65ad7fae1097d95a6fe,fc61d5cda7da39530055bae9bd0e92865f995cd9,f4c80269e5fb3cf553900b2e82f235af875b7c2e33b4ff71ec5d85cc25eb2b4e
ao_sca,128,10000,942,test,19.56707061745295,19.56707061745295,1.0,True,0.0,9,7112,18,ao_sca_proximal_physical,analytical_ris_equal_allocation,"[1.8380222811438565, 19.314519899239038, 19.488513777301343, 19.4911187835855, 19.493287198497825, 19.50232893248321, 19.514304301495606, 19.55933117422476, 19.566483185959775, 19.56707061745295]","[{""block"": ""rsma"", ""rho"": 1.0, ""gain"": 17.009286511517008}, {""block"": ""star_ris"", ""rho"": 1.0, ""gain"": 0.4672111065781728}, {""block"": ""rsma"", ""rho"": 1.0, ""gain"": 3.552713678800501e-15}, {""block"": ""star_ris"", ""rho"": 2.0, ""gain"": 0.17399387806230138}, {""block"": ""rsma"", ""rho"": 1.0, ""gain"": -3.552713678800501e-15}, {""block"": ""star_ris"", ""rho"": 16.0, ""gain"": 0.0026050062841598276}, {""block"": ""rsma"", ""rho"": 1.0, ""gain"": 0.0}, {""block"": ""star_ris"", ""rho"": 4.0, ""gain"": 0.002168414912326}, {""block"": ""rsma"", ""rho"": 1.0, ""gain"": -3.552713678800501e-15}, {""block"": ""star_ris"", ""rho"": 8.0, ""gain"": 0.009041733985387879}, {""block"": ""rsma"", ""rho"": 1.0, ""gain"": 0.0}, {""block"": ""star_ris"", ""rho"": 4.0, ""gain"": 0.011975369012397152}, {""block"": ""rsma"", ""rho"": 1.0, ""gain"": 0.0}, {""block"": ""star_ris"", ""rho"": 4.0, ""gain"": 0.045026872729152956}, {""block"": ""rsma"", ""rho"": 1.0, ""gain"": -3.552713678800501e-15}, {""block"": ""star_ris"", ""rho"": 4.0, ""gain"": 0.00715201173501967}, {""block"": ""rsma"", ""rho"": 1.0, ""gain"": 0.0}, {""block"": ""star_ris"", ""rho"": 8.0, ""gain"": 0.0005874314931730851}]",{},3890.127707,895cf8987087c169d7023476c078ebabf24f99fbbc30b65ad7fae1097d95a6fe,fc61d5cda7da39530055bae9bd0e92865f995cd9,f4c80269e5fb3cf553900b2e82f235af875b7c2e33b4ff71ec5d85cc25eb2b4e
ao_sca,128,10000,943,test,19.494732283315667,19.494732283315667,1.0,True,0.0,5,3948,7,ao_sca_proximal_physical,analytical_ris_equal_allocation,"[1.8380201877521503, 19.221481969544644, 19.246647757217925, 19.279371853248083, 19.49431775011251, 19.494732283315667]","[{""block"": ""rsma"", ""rho"": 1.0, ""gain"": 17.09781125140344}, {""block"": ""star_ris"", ""rho"": 1.0, ""gain"": 0.28565053038905575}, {""block"": ""rsma"", ""rho"": 1.0, ""gain"": 0.0}, {""block"": ""star_ris"", ""rho"": 1.0, ""gain"": 0.025165787673280704}, {""block"": ""rsma"", ""rho"": 1.0, ""gain"": 0.0}, {""block"": ""star_ris"", ""rho"": 1.0, ""gain"": 0.03272409603015802}, {""block"": ""rsma"", ""rho"": 1.0, ""gain"": 0.0}, {""block"": ""star_ris"", ""rho"": 2.0, ""gain"": 0.21494589686442822}, {""block"": ""rsma"", ""rho"": 1.0, ""gain"": 0.0}, {""block"": ""star_ris"", ""rho"": 64.0, ""gain"": 0.00041453320315554265}]",{},2208.766346,895cf8987087c169d7023476c078ebabf24f99fbbc30b65ad7fae1097d95a6fe,fc61d5cda7da39530055bae9bd0e92865f995cd9,f4c80269e5fb3cf553900b2e82f235af875b7c2e33b4ff71ec5d85cc25eb2b4e
ao_sca,128,10000,944,test,19.68685944870753,19.68685944870753,1.0,True,0.0,4,3167,8,ao_sca_proximal_physical,analytical_ris_equal_allocation,"[1.8380308943640447, 19.655721390197456, 19.680682537148847, 19.686127689137432, 19.68685944870753]","[{""block"": ""rsma"", ""rho"": 1.0, ""gain"": 17.712866964389004}, {""block"": ""star_ris"", ""rho"": 4.0, ""gain"": 0.10482353144440637}, {""block"": ""rsma"", ""rho"": 1.0, ""gain"": 0.0}, {""block"": ""star_ris"", ""rho"": 8.0, ""gain"": 0.024961146951390845}, {""block"": ""rsma"", ""rho"": 1.0, ""gain"": 0.0}, {""block"": ""star_ris"", ""rho"": 4.0, ""gain"": 0.005445151988585195}, {""block"": ""rsma"", ""rho"": 1.0, ""gain"": -3.552713678800501e-15}, {""block"": ""star_ris"", ""rho"": 128.0, ""gain"": 0.000731759570101076}]",{},1750.536631,895cf8987087c169d7023476c078ebabf24f99fbbc30b65ad7fae1097d95a6fe,fc61d5cda7da39530055bae9bd0e92865f995cd9,f4c80269e5fb3cf553900b2e82f235af875b7c2e33b4ff71ec5d85cc25eb2b4e
ao_sca,128,10000,945,test,19.761206463475634,19.761206463475634,1.0,True,0.0,6,4742,11,ao_sca_proximal_physical,analytical_ris_equal_allocation,"[1.8380231615990272, 19.294330600639388, 19.52160812582743, 19.633627335288505, 19.757241451924457, 19.761172100643094, 19.761206463475634]","[{""block"": ""rsma"", ""rho"": 1.0, ""gain"": 17.132510206885307}, {""block"": ""star_ris"", ""rho"": 1.0, ""gain"": 0.32379723215505507}, {""block"": ""rsma"", ""rho"": 1.0, ""gain"": 0.0}, {""block"": ""star_ris"", ""rho"": 1.0, ""gain"": 0.22727752518804323}, {""block"": ""rsma"", ""rho"": 1.0, ""gain"": 3.552713678800501e-15}, {""block"": ""star_ris"", ""rho"": 1.0, ""gain"": 0.1120192094610708}, {""block"": ""rsma"", ""rho"": 1.0, ""gain"": -3.552713678800501e-15}, {""block"": ""star_ris"", ""rho"": 2.0, ""gain"": 0.1236141166359559}, {""block"": ""rsma"", ""rho"": 1.0, ""gain"": -3.552713678800501e-15}, {""block"": ""star_ris"", ""rho"": 2048.0, ""gain"": 0.0039306487186401284}, {""block"": ""rsma"", ""rho"": 1.0, ""gain"": 7.105427357601002e-15}, {""block"": ""star_ris"", ""rho"": 2.0, ""gain"": 3.4362832533219034e-05}]",{},2559.928869,895cf8987087c169d7023476c078ebabf24f99fbbc30b65ad7fae1097d95a6fe,fc61d5cda7da39530055bae9bd0e92865f995cd9,f4c80269e5fb3cf553900b2e82f235af875b7c2e33b4ff71ec5d85cc25eb2b4e
ao_sca,128,10000,946,test,19.718008264152047,19.718008264152047,1.0,True,0.0,17,13424,32,ao_sca_proximal_physical,analytical_ris_equal_allocation,"[1.8380213568710235, 19.20043751952955, 19.359692615516217, 19.383321936546956, 19.387644616630055, 19.394083994777574, 19.40083938715532, 19.44992924899624, 19.47314888504834, 19.500367322238368, 19.539234032656932, 19.552890823789554, 19.57601427996804, 19.63741015437929, 19.66444189317661, 19.706842413382994, 19.717832732633152, 19.718008264152047]","[{""block"": ""rsma"", ""rho"": 1.0, ""gain"": 17.28973226016161}, {""block"": ""star_ris"", ""rho"": 2.0, ""gain"": 0.07268390249691592}, {""block"": ""rsma"", ""rho"": 1.0, ""gain"": 0.0}, {""block"": ""star_ris"", ""rho"": 2.0, ""gain"": 0.15925509598666565}, {""block"": ""rsma"", ""rho"": 1.0, ""gain"": 3.552713678800501e-15}, {""block"": ""star_ris"", ""rho"": 2.0, ""gain"": 0.023629321030735895}, {""block"": ""rsma"", ""rho"": 1.0, ""gain"": -3.552713678800501e-15}, {""block"": ""star_ris"", ""rho"": 16.0, ""gain"": 0.004322680083102881}, {""block"": ""rsma"", ""rho"": 1.0, ""gain"": 0.0}, {""block"": ""star_ris"", ""rho"": 8.0, ""gain"": 0.006439378147518937}, {""block"": ""rsma"", ""rho"": 1.0, ""gain"": 0.0}, {""block"": ""star_ris"", ""rho"": 2.0, ""gain"": 0.0067553923777445846}, {""block"": ""rsma"", ""rho"": 1.0, ""gain"": -3.552713678800501e-15}, {""block"": ""star_ris"", ""rho"": 2.0, ""gain"": 0.04908986184092612}, {""block"": ""rsma"", ""rho"": 1.0, ""gain"": 0.0}, {""block"": ""star_ris"", ""rho"": 1.0, ""gain"": 0.023219636052097314}, {""block"": ""rsma"", ""rho"": 1.0, ""gain"": 0.0}, {""block"": ""star_ris"", ""rho"": 4.0, ""gain"": 0.027218437190029476}, {""block"": ""rsma"", ""rho"": 1.0, ""gain"": 0.0}, {""block"": ""star_ris"", ""rho"": 2.0, ""gain"": 0.0388667104185636}, {""block"": ""rsma"", ""rho"": 1.0, ""gain"": 0.0}, {""block"": ""star_ris"", ""rho"": 4.0, ""gain"": 0.013656791132621748}, {""block"": ""rsma"", ""rho"": 1.0, ""gain"": 0.0}, {""block"": ""star_ris"", ""rho"": 2.0, ""gain"": 0.023123456178485213}, {""block"": ""rsma"", ""rho"": 1.0, ""gain"": -3.552713678800501e-15}, {""block"": ""star_ris"", ""rho"": 1.0, ""gain"": 0.061395874411253715}, {""block"": ""rsma"", ""rho"": 1.0, ""gain"": 0.0}, {""block"": ""star_ris"", ""rho"": 4.0, ""gain"": 0.02703173879731935}, {""block"": ""rsma"", ""rho"": 1.0, ""gain"": 0.0}, {""block"": ""star_ris"", ""rho"": 4.0, ""gain"": 0.042400520206385295}, {""block"": ""rsma"", ""rho"": 1.0, ""gain"": 0.0}, {""block"": ""star_ris"", ""rho"": 1.0, ""gain"": 0.010990319250158365}, {""block"": ""rsma"", ""rho"": 1.0, ""gain"": -3.552713678800501e-15}, {""block"": ""star_ris"", ""rho"": 32.0, ""gain"": 0.00017553151889870833}]",{},7347.064264,895cf8987087c169d7023476c078ebabf24f99fbbc30b65ad7fae1097d95a6fe,fc61d5cda7da39530055bae9bd0e92865f995cd9,f4c80269e5fb3cf553900b2e82f235af875b7c2e33b4ff71ec5d85cc25eb2b4e
ao_sca,128,10000,947,test,19.705975284915247,19.705975284915247,1.0,True,0.0,11,8700,19,ao_sca_proximal_physical,analytical_ris_equal_allocation,"[1.8380280942364426, 19.463029958393268, 19.47465681148024, 19.48041894397192, 19.51539579192589, 19.568508792559665, 19.57778671595598, 19.581926209142587, 19.589400472200918, 19.701010616910615, 19.705279551286125, 19.705975284915247]","[{""block"": ""rsma"", ""rho"": 1.0, ""gain"": 17.601324795386788}, {""block"": ""star_ris"", ""rho"": 16.0, ""gain"": 0.023677068770037835}, {""block"": ""rsma"", ""rho"": 1.0, ""gain"": 3.552713678800501e-15}, {""block"": ""star_ris"", ""rho"": 32.0, ""gain"": 0.011626853086969646}, {""block"": ""rsma"", ""rho"": 1.0, ""gain"": 3.552713678800501e-15}, {""block"": ""star_ris"", ""rho"": 64.0, ""gain"": 0.0057621324916752314}, {""block"": ""rsma"", ""rho"": 1.0, ""gain"": -3.552713678800501e-15}, {""block"": ""star_ris"", ""rho"": 1.0, ""gain"": 0.034976847953974044}, {""block"": ""rsma"", ""rho"": 1.0, ""gain"": 0.0}, {""block"": ""star_ris"", ""rho"": 8.0, ""gain"": 0.05311300063377544}, {""block"": ""rsma"", ""rho"": 1.0, ""gain"": 0.0}, {""block"": ""star_ris"", ""rho"": 16.0, ""gain"": 0.009277923396314947}, {""block"": ""rsma"", ""rho"": 1.0, ""gain"": 0.0}, {""block"": ""star_ris"", ""rho"": 2.0, ""gain"": 0.004139493186606558}, {""block"": ""rsma"", ""rho"": 1.0, ""gain"": 0.0}, {""block"": ""star_ris"", ""rho"": 2.0, ""gain"": 0.007474263058330877}, {""block"": ""rsma"", ""rho"": 1.0, ""gain"": 0.0}, {""block"": ""star_ris"", ""rho"": 1.0, ""gain"": 0.11161014470969732}, {""block"": ""rsma"", ""rho"": 1.0, ""gain"": 3.552713678800501e-15}, {""block"": ""star_ris"", ""rho"": 2.0, ""gain"": 0.004268934375506461}, {""block"": ""rsma"", ""rho"": 1.0, ""gain"": 0.0}, {""block"": ""star_ris"", ""rho"": 64.0, ""gain"": 0.0006957336291222305}]",{},4766.539648,895cf8987087c169d7023476c078ebabf24f99fbbc30b65ad7fae1097d95a6fe,fc61d5cda7da39530055bae9bd0e92865f995cd9,f4c80269e5fb3cf553900b2e82f235af875b7c2e33b4ff71ec5d85cc25eb2b4e
ao_sca,128,10000,948,test,19.48388579572597,19.48388579572597,1.0,True,0.0,9,7111,17,ao_sca_proximal_physical,analytical_ris_equal_allocation,"[1.8380156796988902, 18.71941551340869, 19.174484625192093, 19.210781778152413, 19.25825783395342, 19.267488041327045, 19.271882840336453, 19.446147489098944, 19.48337732434429, 19.483885795725975]","[{""block"": ""rsma"", ""rho"": 1.0, ""gain"": 16.856225301591138}, {""block"": ""star_ris"", ""rho"": 1.0, ""gain"": 0.02517453211866183}, {""block"": ""rsma"", ""rho"": 1.0, ""gain"": 3.552713678800501e-15}, {""block"": ""star_ris"", ""rho"": 1.0, ""gain"": 0.4550691117833985}, {""block"": ""rsma"", ""rho"": 1.0, ""gain"": 0.0}, {""block"": ""star_ris"", ""rho"": 1.0, ""gain"": 0.03629715296031932}, {""block"": ""rsma"", ""rho"": 1.0, ""gain"": 3.552713678800501e-15}, {""block"": ""star_ris"", ""rho"": 8.0, ""gain"": 0.04747605580100256}, {""block"": ""rsma"", ""rho"": 1.0, ""gain"": 0.0}, {""block"": ""star_ris"", ""rho"": 16.0, ""gain"": 0.009230207373626342}, {""block"": ""rsma"", ""rho"": 1.0, ""gain"": -3.552713678800501e-15}, {""block"": ""star_ris"", ""rho"": 2.0, ""gain"": 0.004394799009411088}, {""block"": ""rsma"", ""rho"": 1.0, ""gain"": 0.0}, {""block"": ""star_ris"", ""rho"": 2.0, ""gain"": 0.1742646487624917}, {""block"": ""rsma"", ""rho"": 1.0, ""gain"": 0.0}, {""block"": ""star_ris"", ""rho"": 8.0, ""gain"": 0.037229835245344844}, {""block"": ""rsma"", ""rho"": 1.0, ""gain"": 3.552713678800501e-15}, {""block"": ""star_ris"", ""rho"": 64.0, ""gain"": 0.0005084713816820852}]",{},3902.362165,895cf8987087c169d7023476c078ebabf24f99fbbc30b65ad7fae1097d95a6fe,fc61d5cda7da39530055bae9bd0e92865f995cd9,f4c80269e5fb3cf553900b2e82f235af875b7c2e33b4ff71ec5d85cc25eb2b4e
ao_sca,128,10000,949,test,19.84078817339252,19.84078817339252,1.0,True,0.0,5,3948,10,ao_sca_proximal_physical,analytical_ris_equal_allocation,"[1.838030987328728, 19.45513562317749, 19.75608936572409, 19.775112634806757, 19.840656310308045, 19.840788173392518]","[{""block"": ""rsma"", ""rho"": 1.0, ""gain"": 17.60437256817466}, {""block"": ""star_ris"", ""rho"": 1.0, ""gain"": 0.012732067674100733}, {""block"": ""rsma"", ""rho"": 1.0, ""gain"": 0.0}, {""block"": ""star_ris"", ""rho"": 1.0, ""gain"": 0.3009537425466}, {""block"": ""rsma"", ""rho"": 1.0, ""gain"": -3.552713678800501e-15}, {""block"": ""star_ris"", ""rho"": 2.0, ""gain"": 0.019023269082669714}, {""block"": ""rsma"", ""rho"": 1.0, ""gain"": 0.0}, {""block"": ""star_ris"", ""rho"": 4.0, ""gain"": 0.06554367550128859}, {""block"": ""rsma"", ""rho"": 1.0, ""gain"": 0.0}, {""block"": ""star_ris"", ""rho"": 16.0, ""gain"": 0.00013186308447288297}]",{},2181.910372,895cf8987087c169d7023476c078ebabf24f99fbbc30b65ad7fae1097d95a6fe,fc61d5cda7da39530055bae9bd0e92865f995cd9,f4c80269e5fb3cf553900b2e82f235af875b7c2e33b4ff71ec5d85cc25eb2b4e
ao_sca,128,10000,950,test,19.477884963133388,19.477884963133388,1.0,True,0.0,8,6322,15,ao_sca_proximal_physical,analytical_ris_equal_allocation,"[1.8380216276203303, 19.22078979170688, 19.299809727583174, 19.30418078134813, 19.3137612851487, 19.46739505991551, 19.470469338056112, 19.47675113666659, 19.477884963133388]","[{""block"": ""rsma"", ""rho"": 1.0, ""gain"": 17.130361547636106}, {""block"": ""star_ris"", ""rho"": 2.0, ""gain"": 0.2524066164504468}, {""block"": ""rsma"", ""rho"": 1.0, ""gain"": 3.552713678800501e-15}, {""block"": ""star_ris"", ""rho"": 4.0, ""gain"": 0.07901993587628908}, {""block"": ""rsma"", ""rho"": 1.0, ""gain"": 0.0}, {""block"": ""star_ris"", ""rho"": 2.0, ""gain"": 0.0043710537649559456}, {""block"": ""rsma"", ""rho"": 1.0, ""gain"": 0.0}, {""block"": ""star_ris"", ""rho"": 2.0, ""gain"": 0.009580503800570739}, {""block"": ""rsma"", ""rho"": 1.0, ""gain"": 0.0}, {""block"": ""star_ris"", ""rho"": 2.0, ""gain"": 0.15363377476680995}, {""block"": ""rsma"", ""rho"": 1.0, ""gain"": 3.552713678800501e-15}, {""block"": ""star_ris"", ""rho"": 16.0, ""gain"": 0.003074278140598352}, {""block"": ""rsma"", ""rho"": 1.0, ""gain"": 0.0}, {""block"": ""star_ris"", ""rho"": 4.0, ""gain"": 0.006281798610476841}, {""block"": ""rsma"", ""rho"": 1.0, ""gain"": 0.0}, {""block"": ""star_ris"", ""rho"": 32.0, ""gain"": 0.0011338264667983822}]",{},3445.790147,895cf8987087c169d7023476c078ebabf24f99fbbc30b65ad7fae1097d95a6fe,fc61d5cda7da39530055bae9bd0e92865f995cd9,f4c80269e5fb3cf553900b2e82f235af875b7c2e33b4ff71ec5d85cc25eb2b4e
ao_sca,128,10000,951,test,19.754579518001226,19.754579518001226,1.0,True,0.0,20,15801,35,ao_sca_proximal_physical,analytical_ris_equal_allocation,"[1.8380205862924053, 19.139547246287094, 19.145763117435727, 19.201595986606627, 19.221007687750703, 19.242671548449753, 19.248548859306815, 19.252796859531447, 19.25997934741318, 19.363600105126515, 19.54851610898873, 19.56720225846231, 19.63490982115868, 19.641792855752012, 19.650664711984035, 19.66037812430646, 19.715249675580175, 19.722571506958083, 19.733859255144807, 19.741407092247865, 19.754579518001222]","[{""block"": ""rsma"", ""rho"": 1.0, ""gain"": 17.301362924519612}, {""block"": ""star_ris"", ""rho"": 32.0, ""gain"": 0.00016373547507697594}, {""block"": ""rsma"", ""rho"": 1.0, ""gain"": 0.0}, {""block"": ""star_ris"", ""rho"": 4.0, ""gain"": 0.006215871148633312}, {""block"": ""rsma"", ""rho"": 1.0, ""gain"": 0.0}, {""block"": ""star_ris"", ""rho"": 8.0, ""gain"": 0.05583286917089936}, {""block"": ""rsma"", ""rho"": 1.0, ""gain"": 0.0}, {""block"": ""star_ris"", ""rho"": 2.0, ""gain"": 0.019411701144075977}, {""block"": ""rsma"", ""rho"": 1.0, ""gain"": 3.552713678800501e-15}, {""block"": ""star_ris"", ""rho"": 16.0, ""gain"": 0.021663860699046467}, {""block"": ""rsma"", ""rho"": 1.0, ""gain"": 3.552713678800501e-15}, {""block"": ""star_ris"", ""rho"": 16.0, ""gain"": 0.005877310857059115}, {""block"": ""rsma"", ""rho"": 1.0, ""gain"": 0.0}, {""block"": ""star_ris"", ""rho"": 1.0, ""gain"": 0.004248000224631454}, {""block"": ""rsma"", ""rho"": 1.0, ""gain"": -3.552713678800501e-15}, {""block"": ""star_ris"", ""rho"": 64.0, ""gain"": 0.0071824878817352555}, {""block"": ""rsma"", ""rho"": 1.0, ""gain"": 0.0}, {""block"": ""star_ris"", ""rho"": 1.0, ""gain"": 0.10362075771333679}, {""block"": ""rsma"", ""rho"": 1.0, ""gain"": 0.0}, {""block"": ""star_ris"", ""rho"": 1.0, ""gain"": 0.18491600386221307}, {""block"": ""rsma"", ""rho"": 1.0, ""gain"": 0.0}, {""block"": ""star_ris"", ""rho"": 2.0, ""gain"": 0.018686149473580826}, {""block"": ""rsma"", ""rho"": 1.0, ""gain"": 0.0}, {""block"": ""star_ris"", ""rho"": 2.0, ""gain"": 0.0677075626963699}, {""block"": ""rsma"", ""rho"": 1.0, ""gain"": 0.0}, {""block"": ""star_ris"", ""rho"": 1.0, ""gain"": 0.006883034593332837}, {""block"": ""rsma"", ""rho"": 1.0, ""gain"": 0.0}, {""block"": ""star_ris"", ""rho"": 2.0, ""gain"": 0.008871856232023134}, {""block"": ""rsma"", ""rho"": 1.0, ""gain"": 0.0}, {""block"": ""star_ris"", ""rho"": 4.0, ""gain"": 0.009713412322426507}, {""block"": ""rsma"", ""rho"": 1.0, ""gain"": 0.0}, {""block"": ""star_ris"", ""rho"": 4.0, ""gain"": 0.05487155127371324}, {""block"": ""rsma"", ""rho"": 1.0, ""gain"": -3.552713678800501e-15}, {""block"": ""star_ris"", ""rho"": 8.0, ""gain"": 0.007321831377911536}, {""block"": ""rsma"", ""rho"": 1.0, ""gain"": 0.0}, {""block"": ""star_ris"", ""rho"": 4.0, ""gain"": 0.0112877481867244}, {""block"": ""rsma"", ""rho"": 1.0, ""gain"": -3.552713678800501e-15}, {""block"": ""star_ris"", ""rho"": 4.0, ""gain"": 0.007547837103061283}, {""block"": ""rsma"", ""rho"": 1.0, ""gain"": 0.0}, {""block"": ""star_ris"", ""rho"": 2.0, ""gain"": 0.013172425753356976}]",{},8846.205566,895cf8987087c169d7023476c078ebabf24f99fbbc30b65ad7fae1097d95a6fe,fc61d5cda7da39530055bae9bd0e92865f995cd9,f4c80269e5fb3cf553900b2e82f235af875b7c2e33b4ff71ec5d85cc25eb2b4e
ao_sca,128,10000,952,test,19.4800496698756,19.4800496698756,1.0,True,0.0,10,7895,20,ao_sca_proximal_physical,analytical_ris_equal_allocation,"[1.8380152084656838, 19.01726705013718, 19.174735028867786, 19.186540653710694, 19.19422067997761, 19.198037530138762, 19.342751458276812, 19.375086852073743, 19.39213166019468, 19.479397058379377, 19.480049669875598]","[{""block"": ""rsma"", ""rho"": 1.0, ""gain"": 16.8890665807418}, {""block"": ""star_ris"", ""rho"": 1.0, ""gain"": 0.2901852609296931}, {""block"": ""rsma"", ""rho"": 1.0, ""gain"": 0.0}, {""block"": ""star_ris"", ""rho"": 1.0, ""gain"": 0.15746797873060814}, {""block"": ""rsma"", ""rho"": 1.0, ""gain"": -3.552713678800501e-15}, {""block"": ""star_ris"", ""rho"": 1.0, ""gain"": 0.01180562484291059}, {""block"": ""rsma"", ""rho"": 1.0, ""gain"": 0.0}, {""block"": ""star_ris"", ""rho"": 64.0, ""gain"": 0.007680026266918105}, {""block"": ""rsma"", ""rho"": 1.0, ""gain"": 0.0}, {""block"": ""star_ris"", ""rho"": 128.0, ""gain"": 0.003816850161150853}, {""block"": ""rsma"", ""rho"": 1.0, ""gain"": 0.0}, {""block"": ""star_ris"", ""rho"": 1.0, ""gain"": 0.1447139281380494}, {""block"": ""rsma"", ""rho"": 1.0, ""gain"": 0.0}, {""block"": ""star_ris"", ""rho"": 1.0, ""gain"": 0.032335393796930845}, {""block"": ""rsma"", ""rho"": 1.0, ""gain"": 3.552713678800501e-15}, {""block"": ""star_ris"", ""rho"": 1.0, ""gain"": 0.01704480812093223}, {""block"": ""rsma"", ""rho"": 1.0, ""gain"": 0.0}, {""block"": ""star_ris"", ""rho"": 1.0, ""gain"": 0.08726539818469803}, {""block"": ""rsma"", ""rho"": 1.0, ""gain"": -3.552713678800501e-15}, {""block"": ""star_ris"", ""rho"": 2.0, ""gain"": 0.0006526114962248641}]",{},4378.707247,895cf8987087c169d7023476c078ebabf24f99fbbc30b65ad7fae1097d95a6fe,fc61d5cda7da39530055bae9bd0e92865f995cd9,f4c80269e5fb3cf553900b2e82f235af875b7c2e33b4ff71ec5d85cc25eb2b4e
ao_sca,128,10000,953,test,20.06918497700771,20.06918497700771,1.0,True,0.0,13,10279,22,ao_sca_proximal_physical,analytical_ris_equal_allocation,"[1.8380333765536134, 19.70740293482985, 19.731810179150898, 19.759342915329782, 19.901704090644948, 19.917937256328166, 19.963749343043986, 19.994284140830466, 20.031431470032487, 20.034640850804426, 20.040956336405422, 20.059205354767524, 20.068211144567705, 20.06918497700771]","[{""block"": ""rsma"", ""rho"": 1.0, ""gain"": 17.804308353690725}, {""block"": ""star_ris"", ""rho"": 1.0, ""gain"": 0.06506120458551123}, {""block"": ""rsma"", ""rho"": 1.0, ""gain"": 0.0}, {""block"": ""star_ris"", ""rho"": 8.0, ""gain"": 0.024407244321047017}, {""block"": ""rsma"", ""rho"": 1.0, ""gain"": 0.0}, {""block"": ""star_ris"", ""rho"": 2.0, ""gain"": 0.027532736178883965}, {""block"": ""rsma"", ""rho"": 1.0, ""gain"": 0.0}, {""block"": ""star_ris"", ""rho"": 1.0, ""gain"": 0.14236117531516612}, {""block"": ""rsma"", ""rho"": 1.0, ""gain"": 0.0}, {""block"": ""star_ris"", ""rho"": 4.0, ""gain"": 0.016233165683217976}, {""block"": ""rsma"", ""rho"": 1.0, ""gain"": -3.552713678800501e-15}, {""block"": ""star_ris"", ""rho"": 4.0, ""gain"": 0.0458120867158236}, {""block"": ""rsma"", ""rho"": 1.0, ""gain"": 0.0}, {""block"": ""star_ris"", ""rho"": 4.0, ""gain"": 0.030534797786479828}, {""block"": ""rsma"", ""rho"": 1.0, ""gain"": 0.0}, {""block"": ""star_ris"", ""rho"": 8.0, ""gain"": 0.03714732920202124}, {""block"": ""rsma"", ""rho"": 1.0, ""gain"": 0.0}, {""block"": ""star_ris"", ""rho"": 16.0, ""gain"": 0.0032093807719384415}, {""block"": ""rsma"", ""rho"": 1.0, ""gain"": 0.0}, {""block"": ""star_ris"", ""rho"": 8.0, ""gain"": 0.006315485600996595}, {""block"": ""rsma"", ""rho"": 1.0, ""gain"": 0.0}, {""block"": ""star_ris"", ""rho"": 16.0, ""gain"": 0.01824901836210202}, {""block"": ""rsma"", ""rho"": 1.0, ""gain"": -3.552713678800501e-15}, {""block"": ""star_ris"", ""rho"": 32.0, ""gain"": 0.009005789800184516}, {""block"": ""rsma"", ""rho"": 1.0, ""gain"": 0.0}, {""block"": ""star_ris"", ""rho"": 32.0, ""gain"": 0.0009738324400032639}]",{},5637.088036,895cf8987087c169d7023476c078ebabf24f99fbbc30b65ad7fae1097d95a6fe,fc61d5cda7da39530055bae9bd0e92865f995cd9,f4c80269e5fb3cf553900b2e82f235af875b7c2e33b4ff71ec5d85cc25eb2b4e
ao_sca,128,10000,954,test,19.68921459636144,19.68921459636144,1.0,True,0.0,11,8690,20,ao_sca_proximal_physical,analytical_ris_equal_allocation,"[1.8380217927185882, 19.227654634289017, 19.34209908921897, 19.51125344906515, 19.524104399381507, 19.566090127510336, 19.610511784634774, 19.6607183825677, 19.680443030629522, 19.68418669418737, 19.68737322720116, 19.68921459636144]","[{""block"": ""rsma"", ""rho"": 1.0, ""gain"": 16.967461967102018}, {""block"": ""star_ris"", ""rho"": 1.0, ""gain"": 0.42217087446841006}, {""block"": ""rsma"", ""rho"": 1.0, ""gain"": 0.0}, {""block"": ""star_ris"", ""rho"": 1.0, ""gain"": 0.11444445492995214}, {""block"": ""rsma"", ""rho"": 1.0, ""gain"": 0.0}, {""block"": ""star_ris"", ""rho"": 1.0, ""gain"": 0.169154359846182}, {""block"": ""rsma"", ""rho"": 1.0, ""gain"": 0.0}, {""block"": ""star_ris"", ""rho"": 2.0, ""gain"": 0.012850950316355636}, {""block"": ""rsma"", ""rho"": 1.0, ""gain"": 7.105427357601002e-15}, {""block"": ""star_ris"", ""rho"": 2.0, ""gain"": 0.04198572812882162}, {""block"": ""rsma"", ""rho"": 1.0, ""gain"": 0.0}, {""block"": ""star_ris"", ""rho"": 1.0, ""gain"": 0.04442165712443824}, {""block"": ""rsma"", ""rho"": 1.0, ""gain"": 3.552713678800501e-15}, {""block"": ""star_ris"", ""rho"": 4.0, ""gain"": 0.05020659793292381}, {""block"": ""rsma"", ""rho"": 1.0, ""gain"": 0.0}, {""block"": ""star_ris"", ""rho"": 16.0, ""gain"": 0.01972464806182117}, {""block"": ""rsma"", ""rho"": 1.0, ""gain"": 0.0}, {""block"": ""star_ris"", ""rho"": 32.0, ""gain"": 0.00374366355784872}, {""block"": ""rsma"", ""rho"": 1.0, ""gain"": 0.0}, {""block"": ""star_ris"", ""rho"": 32.0, ""gain"": 0.003186533013789017}, {""block"": ""rsma"", ""rho"": 1.0, ""gain"": 0.0}, {""block"": ""star_ris"", ""rho"": 8.0, ""gain"": 0.0018413691602781057}]",{},4813.989525,895cf8987087c169d7023476c078ebabf24f99fbbc30b65ad7fae1097d95a6fe,fc61d5cda7da39530055bae9bd0e92865f995cd9,f4c80269e5fb3cf553900b2e82f235af875b7c2e33b4ff71ec5d85cc25eb2b4e
ao_sca,128,10000,955,test,19.82894347161065,19.82894347161065,1.0,True,0.0,20,15791,32,ao_sca_proximal_physical,analytical_ris_equal_allocation,"[1.8380213930932696, 19.23626047928261, 19.301130669228442, 19.379998434379154, 19.382300377951186, 19.396973538180397, 19.408797727362376, 19.442617295036012, 19.48104115955705, 19.49960080058918, 19.573402968778307, 19.687358155848898, 19.702970365532675, 19.729411439347093, 19.734937598382306, 19.77261714167244, 19.774942374834175, 19.78098143376454, 19.79228949958282, 19.813367986079797, 19.82894347161065]","[{""block"": ""rsma"", ""rho"": 1.0, ""gain"": 16.990658827937146}, {""block"": ""star_ris"", ""rho"": 1.0, ""gain"": 0.40758025825219235}, {""block"": ""rsma"", ""rho"": 1.0, ""gain"": 3.552713678800501e-15}, {""block"": ""star_ris"", ""rho"": 2.0, ""gain"": 0.06487018994582883}, {""block"": ""rsma"", ""rho"": 1.0, ""gain"": 0.0}, {""block"": ""star_ris"", ""rho"": 4.0, ""gain"": 0.07886776515071148}, {""block"": ""rsma"", ""rho"": 1.0, ""gain"": 0.0}, {""block"": ""star_ris"", ""rho"": 8.0, ""gain"": 0.0023019435720321724}, {""block"": ""rsma"", ""rho"": 1.0, ""gain"": 0.0}, {""block"": ""star_ris"", ""rho"": 2.0, ""gain"": 0.01467316022921139}, {""block"": ""rsma"", ""rho"": 1.0, ""gain"": 0.0}, {""block"": ""star_ris"", ""rho"": 1.0, ""gain"": 0.01182418918197925}, {""block"": ""rsma"", ""rho"": 1.0, ""gain"": -3.552713678800501e-15}, {""block"": ""star_ris"", ""rho"": 1.0, ""gain"": 0.03381956767363903}, {""block"": ""rsma"", ""rho"": 1.0, ""gain"": 0.0}, {""block"": ""star_ris"", ""rho"": 8.0, ""gain"": 0.03842386452103952}, {""block"": ""rsma"", ""rho"": 1.0, ""gain"": 0.0}, {""block"": ""star_ris"", ""rho"": 16.0, ""gain"": 0.01855964103213026}, {""block"": ""rsma"", ""rho"": 1.0, ""gain"": 0.0}, {""block"": ""star_ris"", ""rho"": 1.0, ""gain"": 0.07380216818912544}, {""block"": ""rsma"", ""rho"": 1.0, ""gain"": 0.0}, {""block"": ""star_ris"", ""rho"": 1.0, ""gain"": 0.11395518707059082}, {""block"": ""rsma"", ""rho"": 1.0, ""gain"": 0.0}, {""block"": ""star_ris"", ""rho"": 8.0, ""gain"": 0.015612209683776967}, {""block"": ""rsma"", ""rho"": 1.0, ""gain"": 0.0}, {""block"": ""star_ris"", ""rho"": 2.0, ""gain"": 0.026441073814417848}, {""block"": ""rsma"", ""rho"": 1.0, ""gain"": 3.552713678800501e-15}, {""block"": ""star_ris"", ""rho"": 2.0, ""gain"": 0.005526159035209588}, {""block"": ""rsma"", ""rho"": 1.0, ""gain"": -3.552713678800501e-15}, {""block"": ""star_ris"", ""rho"": 1.0, ""gain"": 0.037679543290138895}, {""block"": ""rsma"", ""rho"": 1.0, ""gain"": 0.0}, {""block"": ""star_ris"", ""rho"": 8.0, ""gain"": 0.0023252331617342747}, {""block"": ""rsma"", ""rho"": 1.0, ""gain"": 0.0}, {""block"": ""star_ris"", ""rho"": 8.0, ""gain"": 0.006039058930365826}, {""block"": ""rsma"", ""rho"": 1.0, ""gain"": 0.0}, {""block"": ""star_ris"", ""rho"": 2.0, ""gain"": 0.011308065818280255}, {""block"": ""rsma"", ""rho"": 1.0, ""gain"": 3.552713678800501e-15}, {""block"": ""star_ris"", ""rho"": 8.0, ""gain"": 0.02107848649697175}, {""block"": ""rsma"", ""rho"": 1.0, ""gain"": 0.0}, {""block"": ""star_ris"", ""rho"": 2.0, ""gain"": 0.015575485530852973}]",{},8571.561959,895cf8987087c169d7023476c078ebabf24f99fbbc30b65ad7fae1097d95a6fe,fc61d5cda7da39530055bae9bd0e92865f995cd9,f4c80269e5fb3cf553900b2e82f235af875b7c2e33b4ff71ec5d85cc25eb2b4e
ao_sca,128,10000,956,test,19.601041833497582,19.601041833497582,1.0,True,0.0,5,3942,10,ao_sca_proximal_physical,analytical_ris_equal_allocation,"[1.8380235376126024, 19.271915565321315, 19.302719544112634, 19.367716519936575, 19.599290853879918, 19.601041833497586]","[{""block"": ""rsma"", ""rho"": 1.0, ""gain"": 17.335272643608235}, {""block"": ""star_ris"", ""rho"": 1.0, ""gain"": 0.09861938410047699}, {""block"": ""rsma"", ""rho"": 1.0, ""gain"": 0.0}, {""block"": ""star_ris"", ""rho"": 1.0, ""gain"": 0.030803978791318798}, {""block"": ""rsma"", ""rho"": 1.0, ""gain"": 3.552713678800501e-15}, {""block"": ""star_ris"", ""rho"": 1.0, ""gain"": 0.06499697582393793}, {""block"": ""rsma"", ""rho"": 1.0, ""gain"": -3.552713678800501e-15}, {""block"": ""star_ris"", ""rho"": 1.0, ""gain"": 0.23157433394334603}, {""block"": ""rsma"", ""rho"": 1.0, ""gain"": 0.0}, {""block"": ""star_ris"", ""rho"": 2.0, ""gain"": 0.0017509796176682357}]",{},2108.728188,895cf8987087c169d7023476c078ebabf24f99fbbc30b65ad7fae1097d95a6fe,fc61d5cda7da39530055bae9bd0e92865f995cd9,f4c80269e5fb3cf553900b2e82f235af875b7c2e33b4ff71ec5d85cc25eb2b4e
ao_sca,128,10000,957,test,20.12518424409095,20.12518424409095,1.0,True,0.0,20,15791,35,ao_sca_proximal_physical,analytical_ris_equal_allocation,"[1.8380290611887087, 19.509365856695474, 19.712615622691843, 19.719655529576023, 19.73483621633058, 19.769363958136758, 19.773490114145996, 19.78295370418763, 19.80555468763089, 19.895438902051353, 19.9996007179167, 20.03421240365118, 20.051023621494338, 20.059312029159646, 20.063735309763736, 20.08898329947579, 20.096557859724502, 20.10485114918494, 20.111523750155794, 20.11833149770692, 20.12518424409095]","[{""block"": ""rsma"", ""rho"": 1.0, ""gain"": 17.5181688981174}, {""block"": ""star_ris"", ""rho"": 1.0, ""gain"": 0.1531678973893662}, {""block"": ""rsma"", ""rho"": 1.0, ""gain"": 0.0}, {""block"": ""star_ris"", ""rho"": 2.0, ""gain"": 0.20324976599636813}, {""block"": ""rsma"", ""rho"": 1.0, ""gain"": 0.0}, {""block"": ""star_ris"", ""rho"": 4.0, ""gain"": 0.00703990688418088}, {""block"": ""rsma"", ""rho"": 1.0, ""gain"": 0.0}, {""block"": ""star_ris"", ""rho"": 1.0, ""gain"": 0.015180686754558081}, {""block"": ""rsma"", ""rho"": 1.0, ""gain"": 0.0}, {""block"": ""star_ris"", ""rho"": 8.0, ""gain"": 0.03452774180617624}, {""block"": ""rsma"", ""rho"": 1.0, ""gain"": 0.0}, {""block"": ""star_ris"", ""rho"": 8.0, ""gain"": 0.004126156009238713}, {""block"": ""rsma"", ""rho"": 1.0, ""gain"": 0.0}, {""block"": ""star_ris"", ""rho"": 1.0, ""gain"": 0.009463590041633552}, {""block"": ""rsma"", ""rho"": 1.0, ""gain"": 0.0}, {""block"": ""star_ris"", ""rho"": 1.0, ""gain"": 0.02260098344326167}, {""block"": ""rsma"", ""rho"": 1.0, ""gain"": 0.0}, {""block"": ""star_ris"", ""rho"": 1.0, ""gain"": 0.08988421442046146}, {""block"": ""rsma"", ""rho"": 1.0, ""gain"": 0.0}, {""block"": ""star_ris"", ""rho"": 1.0, ""gain"": 0.10416181586534634}, {""block"": ""rsma"", ""rho"": 1.0, ""gain"": 0.0}, {""block"": ""star_ris"", ""rho"": 8.0, ""gain"": 0.034611685734478925}, {""block"": ""rsma"", ""rho"": 1.0, ""gain"": -3.552713678800501e-15}, {""block"": ""star_ris"", ""rho"": 16.0, ""gain"": 0.01681121784316275}, {""block"": ""rsma"", ""rho"": 1.0, ""gain"": 0.0}, {""block"": ""star_ris"", ""rho"": 32.0, ""gain"": 0.008288407665308029}, {""block"": ""rsma"", ""rho"": 1.0, ""gain"": 0.0}, {""block"": ""star_ris"", ""rho"": 4.0, ""gain"": 0.004423280604090252}, {""block"": ""rsma"", ""rho"": 1.0, ""gain"": -3.552713678800501e-15}, {""block"": ""star_ris"", ""rho"": 2.0, ""gain"": 0.02524798971205655}, {""block"": ""rsma"", ""rho"": 1.0, ""gain"": 0.0}, {""block"": ""star_ris"", ""rho"": 2.0, ""gain"": 0.007574560248713169}, {""block"": ""rsma"", ""rho"": 1.0, ""gain"": 3.552713678800501e-15}, {""block"": ""star_ris"", ""rho"": 4.0, ""gain"": 0.00829328946043617}, {""block"": ""rsma"", ""rho"": 1.0, ""gain"": 0.0}, {""block"": ""star_ris"", ""rho"": 1.0, ""gain"": 0.006672600970851761}, {""block"": ""rsma"", ""rho"": 1.0, ""gain"": 0.0}, {""block"": ""star_ris"", ""rho"": 1.0, ""gain"": 0.006807747551125232}, {""block"": ""rsma"", ""rho"": 1.0, ""gain"": 0.0}, {""block"": ""star_ris"", ""rho"": 8.0, ""gain"": 0.006852746384030439}]",{},8642.742185,895cf8987087c169d7023476c078ebabf24f99fbbc30b65ad7fae1097d95a6fe,fc61d5cda7da39530055bae9bd0e92865f995cd9,f4c80269e5fb3cf553900b2e82f235af875b7c2e33b4ff71ec5d85cc25eb2b4e
ao_sca,128,10000,958,test,19.78804837950661,19.78804837950661,1.0,True,0.0,5,3943,9,ao_sca_proximal_physical,analytical_ris_equal_allocation,"[1.8380296355105867, 19.430487661677468, 19.5927247518285, 19.772128534836725, 19.787208633195547, 19.788048379506606]","[{""block"": ""rsma"", ""rho"": 1.0, ""gain"": 17.57818178118507}, {""block"": ""star_ris"", ""rho"": 2.0, ""gain"": 0.014276244981811459}, {""block"": ""rsma"", ""rho"": 1.0, ""gain"": 0.0}, {""block"": ""star_ris"", ""rho"": 1.0, ""gain"": 0.16223709015103083}, {""block"": ""rsma"", ""rho"": 1.0, ""gain"": 0.0}, {""block"": ""star_ris"", ""rho"": 2.0, ""gain"": 0.17940378300822601}, {""block"": ""rsma"", ""rho"": 1.0, ""gain"": -7.105427357601002e-15}, {""block"": ""star_ris"", ""rho"": 1.0, ""gain"": 0.01508009835882973}, {""block"": ""rsma"", ""rho"": 1.0, ""gain"": 3.552713678800501e-15}, {""block"": ""star_ris"", ""rho"": 1.0, ""gain"": 0.0008397463110547676}]",{},2162.547639,895cf8987087c169d7023476c078ebabf24f99fbbc30b65ad7fae1097d95a6fe,fc61d5cda7da39530055bae9bd0e92865f995cd9,f4c80269e5fb3cf553900b2e82f235af875b7c2e33b4ff71ec5d85cc25eb2b4e
ao_sca,128,10000,959,test,19.394165558897,19.394165558897,1.0,True,0.0,6,4736,12,ao_sca_proximal_physical,analytical_ris_equal_allocation,"[1.8380214700962212, 19.267442711190903, 19.348141374520377, 19.364402665661352, 19.368727745171494, 19.392981762489384, 19.394165558897]","[{""block"": ""rsma"", ""rho"": 1.0, ""gain"": 17.15405071453805}, {""block"": ""star_ris"", ""rho"": 2.0, ""gain"": 0.2753705265566282}, {""block"": ""rsma"", ""rho"": 1.0, ""gain"": 0.0}, {""block"": ""star_ris"", ""rho"": 4.0, ""gain"": 0.08069866332947484}, {""block"": ""rsma"", ""rho"": 1.0, ""gain"": -3.552713678800501e-15}, {""block"": ""star_ris"", ""rho"": 4.0, ""gain"": 0.016261291140978074}, {""block"": ""rsma"", ""rho"": 1.0, ""gain"": 0.0}, {""block"": ""star_ris"", ""rho"": 1.0, ""gain"": 0.00432507951014216}, {""block"": ""rsma"", ""rho"": 1.0, ""gain"": -3.552713678800501e-15}, {""block"": ""star_ris"", ""rho"": 2.0, ""gain"": 0.024254017317893783}, {""block"": ""rsma"", ""rho"": 1.0, ""gain"": 0.0}, {""block"": ""star_ris"", ""rho"": 2.0, ""gain"": 0.0011837964076164553}]",{},2600.756839,895cf8987087c169d7023476c078ebabf24f99fbbc30b65ad7fae1097d95a6fe,fc61d5cda7da39530055bae9bd0e92865f995cd9,f4c80269e5fb3cf553900b2e82f235af875b7c2e33b4ff71ec5d85cc25eb2b4e
ao_sca,128,10000,960,test,19.599672303607733,19.599672303607733,1.0,True,0.0,7,5527,12,ao_sca_proximal_physical,analytical_ris_equal_allocation,"[1.8380210521291402, 19.331182839601684, 19.467292968998244, 19.51063076632129, 19.560631097652156, 19.590995119134256, 19.598097946453144, 19.599672303607733]","[{""block"": ""rsma"", ""rho"": 1.0, ""gain"": 16.90005311505499}, {""block"": ""star_ris"", ""rho"": 1.0, ""gain"": 0.5931086724175536}, {""block"": ""rsma"", ""rho"": 1.0, ""gain"": 0.0}, {""block"": ""star_ris"", ""rho"": 2.0, ""gain"": 0.13611012939655964}, {""block"": ""rsma"", ""rho"": 1.0, ""gain"": 3.552713678800501e-15}, {""block"": ""star_ris"", ""rho"": 2.0, ""gain"": 0.043337797323044214}, {""block"": ""rsma"", ""rho"": 1.0, ""gain"": 0.0}, {""block"": ""star_ris"", ""rho"": 8.0, ""gain"": 0.0500003313308639}, {""block"": ""rsma"", ""rho"": 1.0, ""gain"": -7.105427357601002e-15}, {""block"": ""star_ris"", ""rho"": 1.0, ""gain"": 0.030364021482107262}, {""block"": ""rsma"", ""rho"": 1.0, ""gain"": 0.0}, {""block"": ""star_ris"", ""rho"": 4.0, ""gain"": 0.0071028273188886715}, {""block"": ""rsma"", ""rho"": 1.0, ""gain"": 0.0}, {""block"": ""star_ris"", ""rho"": 8.0, ""gain"": 0.0015743571545883128}]",{},3111.291333,895cf8987087c169d7023476c078ebabf24f99fbbc30b65ad7fae1097d95a6fe,fc61d5cda7da39530055bae9bd0e92865f995cd9,f4c80269e5fb3cf553900b2e82f235af875b7c2e33b4ff71ec5d85cc25eb2b4e
ao_sca,128,10000,961,test,19.44878003965133,19.44878003965133,1.0,True,0.0,11,8714,20,ao_sca_proximal_physical,analytical_ris_equal_allocation,"[1.8380188010634184, 18.890223055245524, 19.03976178696197, 19.107722278622767, 19.140267386864355, 19.156208687925655, 19.164099682348734, 19.401721926357887, 19.427888233091693, 19.44078267655129, 19.447184678269775, 19.44878003965133]","[{""block"": ""rsma"", ""rho"": 1.0, ""gain"": 16.67070390085383}, {""block"": ""star_ris"", ""rho"": 2.0, ""gain"": 0.38150035332827414}, {""block"": ""rsma"", ""rho"": 1.0, ""gain"": 3.552713678800501e-15}, {""block"": ""star_ris"", ""rho"": 4.0, ""gain"": 0.1495387317164436}, {""block"": ""rsma"", ""rho"": 1.0, ""gain"": 3.552713678800501e-15}, {""block"": ""star_ris"", ""rho"": 8.0, ""gain"": 0.06796049166079143}, {""block"": ""rsma"", ""rho"": 1.0, ""gain"": -3.552713678800501e-15}, {""block"": ""star_ris"", ""rho"": 16.0, ""gain"": 0.0325451082415924}, {""block"": ""rsma"", ""rho"": 1.0, ""gain"": 0.0}, {""block"": ""star_ris"", ""rho"": 32.0, ""gain"": 0.015941301061300095}, {""block"": ""rsma"", ""rho"": 1.0, ""gain"": 0.0}, {""block"": ""star_ris"", ""rho"": 64.0, ""gain"": 0.007890994423078723}, {""block"": ""rsma"", ""rho"": 1.0, ""gain"": 7.105427357601002e-15}, {""block"": ""star_ris"", ""rho"": 2.0, ""gain"": 0.23762224400914533}, {""block"": ""rsma"", ""rho"": 1.0, ""gain"": 0.0}, {""block"": ""star_ris"", ""rho"": 16.0, ""gain"": 0.026166306733806266}, {""block"": ""rsma"", ""rho"": 1.0, ""gain"": 0.0}, {""block"": ""star_ris"", ""rho"": 32.0, ""gain"": 0.012894443459597227}, {""block"": ""rsma"", ""rho"": 1.0, ""gain"": 0.0}, {""block"": ""star_ris"", ""rho"": 64.0, ""gain"": 0.006402001718484485}, {""block"": ""rsma"", ""rho"": 1.0, ""gain"": -3.552713678800501e-15}, {""block"": ""star_ris"", ""rho"": 256.0, ""gain"": 0.0015953613815575807}]",{},4848.252387,895cf8987087c169d7023476c078ebabf24f99fbbc30b65ad7fae1097d95a6fe,fc61d5cda7da39530055bae9bd0e92865f995cd9,f4c80269e5fb3cf553900b2e82f235af875b7c2e33b4ff71ec5d85cc25eb2b4e
ao_sca,128,10000,962,test,19.67085284627648,19.67085284627648,1.0,True,0.0,11,8692,19,ao_sca_proximal_physical,analytical_ris_equal_allocation,"[1.8380233163117743, 19.21126842849499, 19.21662726765736, 19.246667000717384, 19.35453466228799, 19.48006920323862, 19.578440662687626, 19.624387462803533, 19.646645790345286, 19.657605399138696, 19.66995432508949, 19.670852846276482]","[{""block"": ""rsma"", ""rho"": 1.0, ""gain"": 17.289039765625585}, {""block"": ""star_ris"", ""rho"": 1.0, ""gain"": 0.08420534655763134}, {""block"": ""rsma"", ""rho"": 1.0, ""gain"": 0.0}, {""block"": ""star_ris"", ""rho"": 8.0, ""gain"": 0.005358839162369122}, {""block"": ""rsma"", ""rho"": 1.0, ""gain"": 0.0}, {""block"": ""star_ris"", ""rho"": 2.0, ""gain"": 0.030039733060025497}, {""block"": ""rsma"", ""rho"": 1.0, ""gain"": 0.0}, {""block"": ""star_ris"", ""rho"": 1.0, ""gain"": 0.10786766157060512}, {""block"": ""rsma"", ""rho"": 1.0, ""gain"": 0.0}, {""block"": ""star_ris"", ""rho"": 1.0, ""gain"": 0.12553454095063188}, {""block"": ""rsma"", ""rho"": 1.0, ""gain"": 0.0}, {""block"": ""star_ris"", ""rho"": 4.0, ""gain"": 0.09837145944900527}, {""block"": ""rsma"", ""rho"": 1.0, ""gain"": 0.0}, {""block"": ""star_ris"", ""rho"": 8.0, ""gain"": 0.04594680011590668}, {""block"": ""rsma"", ""rho"": 1.0, ""gain"": 7.105427357601002e-15}, {""block"": ""star_ris"", ""rho"": 16.0, ""gain"": 0.022258327541745615}, {""block"": ""rsma"", ""rho"": 1.0, ""gain"": 0.0}, {""block"": ""star_ris"", ""rho"": 32.0, ""gain"": 0.01095960879341007}, {""block"": ""rsma"", ""rho"": 1.0, ""gain"": 3.552713678800501e-15}, {""block"": ""star_ris"", ""rho"": 4.0, ""gain"": 0.01234892595078918}, {""block"": ""rsma"", ""rho"": 1.0, ""gain"": 3.552713678800501e-15}, {""block"": ""star_ris"", ""rho"": 8.0, ""gain"": 0.0008985211869898535}]",{},4842.914801,895cf8987087c169d7023476c078ebabf24f99fbbc30b65ad7fae1097d95a6fe,fc61d5cda7da39530055bae9bd0e92865f995cd9,f4c80269e5fb3cf553900b2e82f235af875b7c2e33b4ff71ec5d85cc25eb2b4e
ao_sca,128,10000,963,test,19.73358907537555,19.73358907537555,1.0,True,0.0,13,10263,20,ao_sca_proximal_physical,analytical_ris_equal_allocation,"[1.8380226867925358, 19.384971099081366, 19.401289912844568, 19.479211594556354, 19.496664103623075, 19.502332635869585, 19.513757446362096, 19.553793885075912, 19.56769846718933, 19.581825897459666, 19.591525921435693, 19.62153623979009, 19.732002581660982, 19.73358907537555]","[{""block"": ""rsma"", ""rho"": 1.0, ""gain"": 17.26230775656408}, {""block"": ""star_ris"", ""rho"": 1.0, ""gain"": 0.2846406557247505}, {""block"": ""rsma"", ""rho"": 1.0, ""gain"": 0.0}, {""block"": ""star_ris"", ""rho"": 2.0, ""gain"": 0.016318813763202655}, {""block"": ""rsma"", ""rho"": 1.0, ""gain"": 0.0}, {""block"": ""star_ris"", ""rho"": 4.0, ""gain"": 0.0779216817117856}, {""block"": ""rsma"", ""rho"": 1.0, ""gain"": 0.0}, {""block"": ""star_ris"", ""rho"": 2.0, ""gain"": 0.01745250906672169}, {""block"": ""rsma"", ""rho"": 1.0, ""gain"": 0.0}, {""block"": ""star_ris"", ""rho"": 64.0, ""gain"": 0.005668532246509983}, {""block"": ""rsma"", ""rho"": 1.0, ""gain"": 0.0}, {""block"": ""star_ris"", ""rho"": 2.0, ""gain"": 0.011424810492510318}, {""block"": ""rsma"", ""rho"": 1.0, ""gain"": 0.0}, {""block"": ""star_ris"", ""rho"": 1.0, ""gain"": 0.040036438713816125}, {""block"": ""rsma"", ""rho"": 1.0, ""gain"": 0.0}, {""block"": ""star_ris"", ""rho"": 4.0, ""gain"": 0.01390458211341894}, {""block"": ""rsma"", ""rho"": 1.0, ""gain"": 0.0}, {""block"": ""star_ris"", ""rho"": 1.0, ""gain"": 0.01412743027033514}, {""block"": ""rsma"", ""rho"": 1.0, ""gain"": 0.0}, {""block"": ""star_ris"", ""rho"": 4.0, ""gain"": 0.009700023976026984}, {""block"": ""rsma"", ""rho"": 1.0, ""gain"": 0.0}, {""block"": ""star_ris"", ""rho"": 1.0, ""gain"": 0.03001031835439605}, {""block"": ""rsma"", ""rho"": 1.0, ""gain"": -3.552713678800501e-15}, {""block"": ""star_ris"", ""rho"": 1.0, ""gain"": 0.11046634187089666}, {""block"": ""rsma"", ""rho"": 1.0, ""gain"": 0.0}, {""block"": ""star_ris"", ""rho"": 8.0, ""gain"": 0.0015864937145693148}]",{},5651.764304,895cf8987087c169d7023476c078ebabf24f99fbbc30b65ad7fae1097d95a6fe,fc61d5cda7da39530055bae9bd0e92865f995cd9,f4c80269e5fb3cf553900b2e82f235af875b7c2e33b4ff71ec5d85cc25eb2b4e
ao_sca,128,10000,964,test,19.57613390402257,19.57613390402257,1.0,True,0.0,6,4735,11,ao_sca_proximal_physical,analytical_ris_equal_allocation,"[1.8380206168990596, 19.164280446213084, 19.267537303665208, 19.289633706918025, 19.413407973754833, 19.57482244688601, 19.57613390402257]","[{""block"": ""rsma"", ""rho"": 1.0, ""gain"": 17.19525013771986}, {""block"": ""star_ris"", ""rho"": 2.0, ""gain"": 0.13100969159416564}, {""block"": ""rsma"", ""rho"": 1.0, ""gain"": 0.0}, {""block"": ""star_ris"", ""rho"": 1.0, ""gain"": 0.10325685745212354}, {""block"": ""rsma"", ""rho"": 1.0, ""gain"": 0.0}, {""block"": ""star_ris"", ""rho"": 2.0, ""gain"": 0.022096403252817254}, {""block"": ""rsma"", ""rho"": 1.0, ""gain"": 0.0}, {""block"": ""star_ris"", ""rho"": 1.0, ""gain"": 0.12377426683680781}, {""block"": ""rsma"", ""rho"": 1.0, ""gain"": 0.0}, {""block"": ""star_ris"", ""rho"": 2.0, ""gain"": 0.16141447313117752}, {""block"": ""rsma"", ""rho"": 1.0, ""gain"": -7.105427357601002e-15}, {""block"": ""star_ris"", ""rho"": 8.0, ""gain"": 0.0013114571365662187}]",{},2636.635063,895cf8987087c169d7023476c078ebabf24f99fbbc30b65ad7fae1097d95a6fe,fc61d5cda7da39530055bae9bd0e92865f995cd9,f4c80269e5fb3cf553900b2e82f235af875b7c2e33b4ff71ec5d85cc25eb2b4e
ao_sca,128,10000,965,test,19.90717197605888,19.90717197605888,1.0,True,0.0,10,7894,19,ao_sca_proximal_physical,analytical_ris_equal_allocation,"[1.8380264407658815, 19.27208782792355, 19.48177400041009, 19.50041706797807, 19.798304404141863, 19.82767187832701, 19.838995707268676, 19.862206335800416, 19.896769581818084, 19.905197172811484, 19.907171976058876]","[{""block"": ""rsma"", ""rho"": 1.0, ""gain"": 17.176555766387168}, {""block"": ""star_ris"", ""rho"": 2.0, ""gain"": 0.25750562077050176}, {""block"": ""rsma"", ""rho"": 1.0, ""gain"": 3.552713678800501e-15}, {""block"": ""star_ris"", ""rho"": 2.0, ""gain"": 0.20968617248653842}, {""block"": ""rsma"", ""rho"": 1.0, ""gain"": -3.552713678800501e-15}, {""block"": ""star_ris"", ""rho"": 1.0, ""gain"": 0.018643067567982285}, {""block"": ""rsma"", ""rho"": 1.0, ""gain"": 0.0}, {""block"": ""star_ris"", ""rho"": 1.0, ""gain"": 0.29788733616379304}, {""block"": ""rsma"", ""rho"": 1.0, ""gain"": 0.0}, {""block"": ""star_ris"", ""rho"": 1.0, ""gain"": 0.029367474185146847}, {""block"": ""rsma"", ""rho"": 1.0, ""gain"": 0.0}, {""block"": ""star_ris"", ""rho"": 4.0, ""gain"": 0.011323828941666392}, {""block"": ""rsma"", ""rho"": 1.0, ""gain"": 0.0}, {""block"": ""star_ris"", ""rho"": 1.0, ""gain"": 0.023210628531739275}, {""block"": ""rsma"", ""rho"": 1.0, ""gain"": 0.0}, {""block"": ""star_ris"", ""rho"": 8.0, ""gain"": 0.0345632460176688}, {""block"": ""rsma"", ""rho"": 1.0, ""gain"": 0.0}, {""block"": ""star_ris"", ""rho"": 32.0, ""gain"": 0.008427590993399292}, {""block"": ""rsma"", ""rho"": 1.0, ""gain"": 0.0}, {""block"": ""star_ris"", ""rho"": 2.0, ""gain"": 0.0019748032473927424}]",{},4379.474503,895cf8987087c169d7023476c078ebabf24f99fbbc30b65ad7fae1097d95a6fe,fc61d5cda7da39530055bae9bd0e92865f995cd9,f4c80269e5fb3cf553900b2e82f235af875b7c2e33b4ff71ec5d85cc25eb2b4e
ao_sca,128,10000,966,test,19.217591096644927,19.217591096644927,1.0,True,0.0,2,1577,4,ao_sca_proximal_physical,analytical_ris_equal_allocation,"[1.8380173726729323, 19.21688342094884, 19.217591096644927]","[{""block"": ""rsma"", ""rho"": 1.0, ""gain"": 16.71876918734754}, {""block"": ""star_ris"", ""rho"": 1.0, ""gain"": 0.6600968609283662}, {""block"": ""rsma"", ""rho"": 1.0, ""gain"": 0.0}, {""block"": ""star_ris"", ""rho"": 1.0, ""gain"": 0.0007076756960877617}]",{},861.899902,895cf8987087c169d7023476c078ebabf24f99fbbc30b65ad7fae1097d95a6fe,fc61d5cda7da39530055bae9bd0e92865f995cd9,f4c80269e5fb3cf553900b2e82f235af875b7c2e33b4ff71ec5d85cc25eb2b4e
ao_sca,128,10000,967,test,19.60043449845088,19.60043449845088,1.0,True,0.0,12,9469,21,ao_sca_proximal_physical,analytical_ris_equal_allocation,"[1.8380131330688858, 19.142676489696296, 19.32100568119698, 19.398108268165885, 19.400049601731, 19.50879759587574, 19.518929685168725, 19.53075816852421, 19.554561219013884, 19.56645930729635, 19.593313495592135, 19.599089324154036, 19.600434498450877]","[{""block"": ""rsma"", ""rho"": 1.0, ""gain"": 16.532850397636643}, {""block"": ""star_ris"", ""rho"": 1.0, ""gain"": 0.7718129589907647}, {""block"": ""rsma"", ""rho"": 1.0, ""gain"": 0.0}, {""block"": ""star_ris"", ""rho"": 1.0, ""gain"": 0.1783291915006835}, {""block"": ""rsma"", ""rho"": 1.0, ""gain"": -3.552713678800501e-15}, {""block"": ""star_ris"", ""rho"": 1.0, ""gain"": 0.07710258696890904}, {""block"": ""rsma"", ""rho"": 1.0, ""gain"": 0.0}, {""block"": ""star_ris"", ""rho"": 2.0, ""gain"": 0.0019413335651137231}, {""block"": ""rsma"", ""rho"": 1.0, ""gain"": 0.0}, {""block"": ""star_ris"", ""rho"": 1.0, ""gain"": 0.10874799414474268}, {""block"": ""rsma"", ""rho"": 1.0, ""gain"": 0.0}, {""block"": ""star_ris"", ""rho"": 32.0, ""gain"": 0.010132089292984148}, {""block"": ""rsma"", ""rho"": 1.0, ""gain"": -3.552713678800501e-15}, {""block"": ""star_ris"", ""rho"": 2.0, ""gain"": 0.011828483355486696}, {""block"": ""rsma"", ""rho"": 1.0, ""gain"": 0.0}, {""block"": ""star_ris"", ""rho"": 1.0, ""gain"": 0.02380305048967557}, {""block"": ""rsma"", ""rho"": 1.0, ""gain"": 0.0}, {""block"": ""star_ris"", ""rho"": 8.0, ""gain"": 0.011898088282464414}, {""block"": ""rsma"", ""rho"": 1.0, ""gain"": 0.0}, {""block"": ""star_ris"", ""rho"": 4.0, ""gain"": 0.02685418829578623}, {""block"": ""rsma"", ""rho"": 1.0, ""gain"": 0.0}, {""block"": ""star_ris"", ""rho"": 1.0, ""gain"": 0.005775828561901619}, {""block"": ""rsma"", ""rho"": 1.0, ""gain"": 0.0}, {""block"": ""star_ris"", ""rho"": 1.0, ""gain"": 0.0013451742968406677}]",{},5184.87257,895cf8987087c169d7023476c078ebabf24f99fbbc30b65ad7fae1097d95a6fe,fc61d5cda7da39530055bae9bd0e92865f995cd9,f4c80269e5fb3cf553900b2e82f235af875b7c2e33b4ff71ec5d85cc25eb2b4e
ao_sca,128,10000,968,test,19.75765397915877,19.75765397915877,1.0,True,0.0,4,3154,8,ao_sca_proximal_physical,analytical_ris_equal_allocation,"[1.8380280664737128, 19.413867234743797, 19.7432657986179, 19.75763992460842, 19.757653979158775]","[{""block"": ""rsma"", ""rho"": 1.0, ""gain"": 17.550487705024782}, {""block"": ""star_ris"", ""rho"": 1.0, ""gain"": 0.025351463245304018}, {""block"": ""rsma"", ""rho"": 1.0, ""gain"": 0.0}, {""block"": ""star_ris"", ""rho"": 1.0, ""gain"": 0.32939856387410416}, {""block"": ""rsma"", ""rho"": 1.0, ""gain"": 0.0}, {""block"": ""star_ris"", ""rho"": 2.0, ""gain"": 0.014374125990517683}, {""block"": ""rsma"", ""rho"": 1.0, ""gain"": 0.0}, {""block"": ""star_ris"", ""rho"": 1.0, ""gain"": 1.4054550355524498e-05}]",{},1735.110044,895cf8987087c169d7023476c078ebabf24f99fbbc30b65ad7fae1097d95a6fe,fc61d5cda7da39530055bae9bd0e92865f995cd9,f4c80269e5fb3cf553900b2e82f235af875b7c2e33b4ff71ec5d85cc25eb2b4e
ao_sca,128,10000,969,test,19.814489170948864,19.814489170948864,1.0,True,0.0,13,10274,20,ao_sca_proximal_physical,analytical_ris_equal_allocation,"[1.8380263515855122, 19.45537939708837, 19.47159992672078, 19.499805811428107, 19.503291425946426, 19.621747273686474, 19.713661248445582, 19.733780447984216, 19.754986837029527, 19.767415844848014, 19.786730523779077, 19.796260649091522, 19.813120673203514, 19.814489170948864]","[{""block"": ""rsma"", ""rho"": 1.0, ""gain"": 17.39048023887638}, {""block"": ""star_ris"", ""rho"": 2.0, ""gain"": 0.22687280662648135}, {""block"": ""rsma"", ""rho"": 1.0, ""gain"": 0.0}, {""block"": ""star_ris"", ""rho"": 2.0, ""gain"": 0.016220529632409608}, {""block"": ""rsma"", ""rho"": 1.0, ""gain"": 0.0}, {""block"": ""star_ris"", ""rho"": 1.0, ""gain"": 0.02820588470732588}, {""block"": ""rsma"", ""rho"": 1.0, ""gain"": 0.0}, {""block"": ""star_ris"", ""rho"": 128.0, ""gain"": 0.003485614518318414}, {""block"": ""rsma"", ""rho"": 1.0, ""gain"": 0.0}, {""block"": ""star_ris"", ""rho"": 1.0, ""gain"": 0.11845584774004791}, {""block"": ""rsma"", ""rho"": 1.0, ""gain"": 0.0}, {""block"": ""star_ris"", ""rho"": 2.0, ""gain"": 0.0919139747591089}, {""block"": ""rsma"", ""rho"": 1.0, ""gain"": -7.105427357601002e-15}, {""block"": ""star_ris"", ""rho"": 2.0, ""gain"": 0.02011919953864094}, {""block"": ""rsma"", ""rho"": 1.0, ""gain"": 3.552713678800501e-15}, {""block"": ""star_ris"", ""rho"": 4.0, ""gain"": 0.02120638904530736}, {""block"": ""rsma"", ""rho"": 1.0, ""gain"": 7.105427357601002e-15}, {""block"": ""star_ris"", ""rho"": 1.0, ""gain"": 0.01242900781847922}, {""block"": ""rsma"", ""rho"": 1.0, ""gain"": 0.0}, {""block"": ""star_ris"", ""rho"": 16.0, ""gain"": 0.019314678931063867}, {""block"": ""rsma"", ""rho"": 1.0, ""gain"": -3.552713678800501e-15}, {""block"": ""star_ris"", ""rho"": 32.0, ""gain"": 0.009530125312448234}, {""block"": ""rsma"", ""rho"": 1.0, ""gain"": -3.552713678800501e-15}, {""block"": ""star_ris"", ""rho"": 2.0, ""gain"": 0.016860024111995386}, {""block"": ""rsma"", ""rho"": 1.0, ""gain"": 0.0}, {""block"": ""star_ris"", ""rho"": 64.0, ""gain"": 0.0013684977453500835}]",{},5513.15469,895cf8987087c169d7023476c078ebabf24f99fbbc30b65ad7fae1097d95a6fe,fc61d5cda7da39530055bae9bd0e92865f995cd9,f4c80269e5fb3cf553900b2e82f235af875b7c2e33b4ff71ec5d85cc25eb2b4e
ao_sca,128,10000,970,test,19.62902935452497,19.62902935452497,1.0,True,0.0,17,13426,31,ao_sca_proximal_physical,analytical_ris_equal_allocation,"[1.8380208419640256, 19.129146969145506, 19.228941785712426, 19.23379865395823, 19.242188790910966, 19.28808164729469, 19.299747305664674, 19.33994282416996, 19.450234891468856, 19.470729728227774, 19.518115586769454, 19.527455621541804, 19.538036597735122, 19.545979880001028, 19.619769612888504, 19.623784975464105, 19.628430334484058, 19.629029354524974]","[{""block"": ""rsma"", ""rho"": 1.0, ""gain"": 17.190137722580978}, {""block"": ""star_ris"", ""rho"": 2.0, ""gain"": 0.1009884046005034}, {""block"": ""rsma"", ""rho"": 1.0, ""gain"": 3.552713678800501e-15}, {""block"": ""star_ris"", ""rho"": 4.0, ""gain"": 0.09979481656691647}, {""block"": ""rsma"", ""rho"": 1.0, ""gain"": 0.0}, {""block"": ""star_ris"", ""rho"": 16.0, ""gain"": 0.004856868245806112}, {""block"": ""rsma"", ""rho"": 1.0, ""gain"": 0.0}, {""block"": ""star_ris"", ""rho"": 4.0, ""gain"": 0.00839013695273394}, {""block"": ""rsma"", ""rho"": 1.0, ""gain"": 0.0}, {""block"": ""star_ris"", ""rho"": 1.0, ""gain"": 0.04589285638372331}, {""block"": ""rsma"", ""rho"": 1.0, ""gain"": -3.552713678800501e-15}, {""block"": ""star_ris"", ""rho"": 32.0, ""gain"": 0.011665658369988563}, {""block"": ""rsma"", ""rho"": 1.0, ""gain"": 0.0}, {""block"": ""star_ris"", ""rho"": 2.0, ""gain"": 0.04019551850528558}, {""block"": ""rsma"", ""rho"": 1.0, ""gain"": 0.0}, {""block"": ""star_ris"", ""rho"": 2.0, ""gain"": 0.11029206729889651}, {""block"": ""rsma"", ""rho"": 1.0, ""gain"": 0.0}, {""block"": ""star_ris"", ""rho"": 16.0, ""gain"": 0.0204948367589175}, {""block"": ""rsma"", ""rho"": 1.0, ""gain"": 0.0}, {""block"": ""star_ris"", ""rho"": 2.0, ""gain"": 0.04738585854168065}, {""block"": ""rsma"", ""rho"": 1.0, ""gain"": 0.0}, {""block"": ""star_ris"", ""rho"": 2.0, ""gain"": 0.009340034772350236}, {""block"": ""rsma"", ""rho"": 1.0, ""gain"": 0.0}, {""block"": ""star_ris"", ""rho"": 2.0, ""gain"": 0.010580976193317326}, {""block"": ""rsma"", ""rho"": 1.0, ""gain"": 0.0}, {""block"": ""star_ris"", ""rho"": 2.0, ""gain"": 0.007943282265905793}, {""block"": ""rsma"", ""rho"": 1.0, ""gain"": 0.0}, {""block"": ""star_ris"", ""rho"": 2.0, ""gain"": 0.07378973288747659}, {""block"": ""rsma"", ""rho"": 1.0, ""gain"": 0.0}, {""block"": ""star_ris"", ""rho"": 1.0, ""gain"": 0.004015362575600534}, {""block"": ""rsma"", ""rho"": 1.0, ""gain"": 0.0}, {""block"": ""star_ris"", ""rho"": 2.0, ""gain"": 0.004645359019953332}, {""block"": ""rsma"", ""rho"": 1.0, ""gain"": 3.552713678800501e-15}, {""block"": ""star_ris"", ""rho"": 8.0, ""gain"": 0.0005990200409122792}]",{},7322.176782,895cf8987087c169d7023476c078ebabf24f99fbbc30b65ad7fae1097d95a6fe,fc61d5cda7da39530055bae9bd0e92865f995cd9,f4c80269e5fb3cf553900b2e82f235af875b7c2e33b4ff71ec5d85cc25eb2b4e
ao_sca,128,10000,971,test,20.18239214053318,20.18239214053318,1.0,True,0.0,15,11841,26,ao_sca_proximal_physical,analytical_ris_equal_allocation,"[1.8380305554393563, 19.67931495158249, 19.74368643706559, 19.774006178389392, 19.843410993203154, 19.952486986098144, 19.98700016745004, 20.017809690952607, 20.08389056263303, 20.09019729774285, 20.100293687428874, 20.11086177114669, 20.122974456276243, 20.142327510613654, 20.182260110257925, 20.18239214053318]","[{""block"": ""rsma"", ""rho"": 1.0, ""gain"": 17.601470423474968}, {""block"": ""star_ris"", ""rho"": 1.0, ""gain"": 0.2398139726681663}, {""block"": ""rsma"", ""rho"": 1.0, ""gain"": 0.0}, {""block"": ""star_ris"", ""rho"": 1.0, ""gain"": 0.06437148548310034}, {""block"": ""rsma"", ""rho"": 1.0, ""gain"": 0.0}, {""block"": ""star_ris"", ""rho"": 1.0, ""gain"": 0.030319741323800997}, {""block"": ""rsma"", ""rho"": 1.0, ""gain"": 0.0}, {""block"": ""star_ris"", ""rho"": 1.0, ""gain"": 0.06940481481376182}, {""block"": ""rsma"", ""rho"": 1.0, ""gain"": 0.0}, {""block"": ""star_ris"", ""rho"": 1.0, ""gain"": 0.10907599289499004}, {""block"": ""rsma"", ""rho"": 1.0, ""gain"": 7.105427357601002e-15}, {""block"": ""star_ris"", ""rho"": 1.0, ""gain"": 0.03451318135189041}, {""block"": ""rsma"", ""rho"": 1.0, ""gain"": 0.0}, {""block"": ""star_ris"", ""rho"": 2.0, ""gain"": 0.030809523502565384}, {""block"": ""rsma"", ""rho"": 1.0, ""gain"": 3.552713678800501e-15}, {""block"": ""star_ris"", ""rho"": 1.0, ""gain"": 0.06608087168041976}, {""block"": ""rsma"", ""rho"": 1.0, ""gain"": 0.0}, {""block"": ""star_ris"", ""rho"": 8.0, ""gain"": 0.006306735109820494}, {""block"": ""rsma"", ""rho"": 1.0, ""gain"": -3.552713678800501e-15}, {""block"": ""star_ris"", ""rho"": 2.0, ""gain"": 0.010096389686026441}, {""block"": ""rsma"", ""rho"": 1.0, ""gain"": 0.0}, {""block"": ""star_ris"", ""rho"": 1.0, ""gain"": 0.0105680837178177}, {""block"": ""rsma"", ""rho"": 1.0, ""gain"": 0.0}, {""block"": ""star_ris"", ""rho"": 8.0, ""gain"": 0.012112685129551437}, {""block"": ""rsma"", ""rho"": 1.0, ""gain"": 0.0}, {""block"": ""star_ris"", ""rho"": 4.0, ""gain"": 0.019353054337411635}, {""block"": ""rsma"", ""rho"": 1.0, ""gain"": 0.0}, {""block"": ""star_ris"", ""rho"": 8.0, ""gain"": 0.03993259964427054}, {""block"": ""rsma"", ""rho"": 1.0, ""gain"": 0.0}, {""block"": ""star_ris"", ""rho"": 128.0, ""gain"": 0.00013203027525676703}]",{},6412.318659,895cf8987087c169d7023476c078ebabf24f99fbbc30b65ad7fae1097d95a6fe,fc61d5cda7da39530055bae9bd0e92865f995cd9,f4c80269e5fb3cf553900b2e82f235af875b7c2e33b4ff71ec5d85cc25eb2b4e
ao_sca,128,10000,972,test,20.073273700627244,20.073273700627244,1.0,True,0.0,20,15797,36,ao_sca_proximal_physical,analytical_ris_equal_allocation,"[1.8380278453750587, 19.419647853835546, 19.44610012035217, 19.478183588956455, 19.490474345944765, 19.49677596781524, 19.55316047837502, 19.596344497487962, 19.63797816496917, 19.64452374657581, 19.687901342028084, 19.707166378053962, 19.800019996151228, 19.802755551599144, 19.82942909108855, 19.867706198224184, 19.932518999873324, 19.97902731115001, 20.013470472385972, 20.05181310998409, 20.073273700627244]","[{""block"": ""rsma"", ""rho"": 1.0, ""gain"": 17.526487092554532}, {""block"": ""star_ris"", ""rho"": 8.0, ""gain"": 0.05513291590595415}, {""block"": ""rsma"", ""rho"": 1.0, ""gain"": 0.0}, {""block"": ""star_ris"", ""rho"": 16.0, ""gain"": 0.02645226651662469}, {""block"": ""rsma"", ""rho"": 1.0, ""gain"": 0.0}, {""block"": ""star_ris"", ""rho"": 8.0, ""gain"": 0.03208346860428435}, {""block"": ""rsma"", ""rho"": 1.0, ""gain"": 0.0}, {""block"": ""star_ris"", ""rho"": 2.0, ""gain"": 0.012290756988310392}, {""block"": ""rsma"", ""rho"": 1.0, ""gain"": 0.0}, {""block"": ""star_ris"", ""rho"": 64.0, ""gain"": 0.006301621870473895}, {""block"": ""rsma"", ""rho"": 1.0, ""gain"": 0.0}, {""block"": ""star_ris"", ""rho"": 2.0, ""gain"": 0.056384510559780665}, {""block"": ""rsma"", ""rho"": 1.0, ""gain"": 0.0}, {""block"": ""star_ris"", ""rho"": 8.0, ""gain"": 0.04318401911294245}, {""block"": ""rsma"", ""rho"": 1.0, ""gain"": 0.0}, {""block"": ""star_ris"", ""rho"": 8.0, ""gain"": 0.041633667481207226}, {""block"": ""rsma"", ""rho"": 1.0, ""gain"": -3.552713678800501e-15}, {""block"": ""star_ris"", ""rho"": 2.0, ""gain"": 0.006545581606644646}, {""block"": ""rsma"", ""rho"": 1.0, ""gain"": 0.0}, {""block"": ""star_ris"", ""rho"": 8.0, ""gain"": 0.04337759545227371}, {""block"": ""rsma"", ""rho"": 1.0, ""gain"": 0.0}, {""block"": ""star_ris"", ""rho"": 2.0, ""gain"": 0.019265036025878146}, {""block"": ""rsma"", ""rho"": 1.0, ""gain"": 0.0}, {""block"": ""star_ris"", ""rho"": 1.0, ""gain"": 0.09285361809726567}, {""block"": ""rsma"", ""rho"": 1.0, ""gain"": 0.0}, {""block"": ""star_ris"", ""rho"": 1.0, ""gain"": 0.0027355554479164823}, {""block"": ""rsma"", ""rho"": 1.0, ""gain"": 0.0}, {""block"": ""star_ris"", ""rho"": 8.0, ""gain"": 0.026673539489404874}, {""block"": ""rsma"", ""rho"": 1.0, ""gain"": 0.0}, {""block"": ""star_ris"", ""rho"": 1.0, ""gain"": 0.03827710713563448}, {""block"": ""rsma"", ""rho"": 1.0, ""gain"": 0.0}, {""block"": ""star_ris"", ""rho"": 1.0, ""gain"": 0.06481280164913983}, {""block"": ""rsma"", ""rho"": 1.0, ""gain"": 0.0}, {""block"": ""star_ris"", ""rho"": 1.0, ""gain"": 0.04650831127668553}, {""block"": ""rsma"", ""rho"": 1.0, ""gain"": -3.552713678800501e-15}, {""block"": ""star_ris"", ""rho"": 8.0, ""gain"": 0.03444316123596636}, {""block"": ""rsma"", ""rho"": 1.0, ""gain"": -3.552713678800501e-15}, {""block"": ""star_ris"", ""rho"": 1.0, ""gain"": 0.03834263759812018}, {""block"": ""rsma"", ""rho"": 1.0, ""gain"": 0.0}, {""block"": ""star_ris"", ""rho"": 2.0, ""gain"": 0.021460590643155086}]",{},8622.761145,895cf8987087c169d7023476c078ebabf24f99fbbc30b65ad7fae1097d95a6fe,fc61d5cda7da39530055bae9bd0e92865f995cd9,f4c80269e5fb3cf553900b2e82f235af875b7c2e33b4ff71ec5d85cc25eb2b4e
ao_sca,128,10000,973,test,19.657838867395427,19.657838867395427,1.0,True,0.0,6,4735,11,ao_sca_proximal_physical,analytical_ris_equal_allocation,"[1.838021297471933, 19.282363192667425, 19.466006339275967, 19.496316403170855, 19.646729032012658, 19.65601410882533, 19.657838867395427]","[{""block"": ""rsma"", ""rho"": 1.0, ""gain"": 16.989572407800146}, {""block"": ""star_ris"", ""rho"": 1.0, ""gain"": 0.45476948739534606}, {""block"": ""rsma"", ""rho"": 1.0, ""gain"": -3.552713678800501e-15}, {""block"": ""star_ris"", ""rho"": 1.0, ""gain"": 0.18364314660854575}, {""block"": ""rsma"", ""rho"": 1.0, ""gain"": 0.0}, {""block"": ""star_ris"", ""rho"": 2.0, ""gain"": 0.030310063894887662}, {""block"": ""rsma"", ""rho"": 1.0, ""gain"": 0.0}, {""block"": ""star_ris"", ""rho"": 2.0, ""gain"": 0.15041262884180284}, {""block"": ""rsma"", ""rho"": 1.0, ""gain"": 0.0}, {""block"": ""star_ris"", ""rho"": 2.0, ""gain"": 0.009285076812673765}, {""block"": ""rsma"", ""rho"": 1.0, ""gain"": 3.552713678800501e-15}, {""block"": ""star_ris"", ""rho"": 8.0, ""gain"": 0.0018247585700912339}]",{},2681.885558,895cf8987087c169d7023476c078ebabf24f99fbbc30b65ad7fae1097d95a6fe,fc61d5cda7da39530055bae9bd0e92865f995cd9,f4c80269e5fb3cf553900b2e82f235af875b7c2e33b4ff71ec5d85cc25eb2b4e
ao_sca,128,10000,974,test,19.89612006524534,19.89612006524534,1.0,True,0.0,15,11846,26,ao_sca_proximal_physical,analytical_ris_equal_allocation,"[1.8380246995912757, 19.337812755585297, 19.451282071133207, 19.464487124777634, 19.467760004373662, 19.496692855531823, 19.529118204798195, 19.562148863537722, 19.64842181400738, 19.852407366760513, 19.85822504506588, 19.866661551541874, 19.87324779362014, 19.87889241606898, 19.895309094680822, 19.89612006524534]","[{""block"": ""rsma"", ""rho"": 1.0, ""gain"": 17.255430592946578}, {""block"": ""star_ris"", ""rho"": 1.0, ""gain"": 0.244357463047443}, {""block"": ""rsma"", ""rho"": 1.0, ""gain"": 3.552713678800501e-15}, {""block"": ""star_ris"", ""rho"": 4.0, ""gain"": 0.11346931554790629}, {""block"": ""rsma"", ""rho"": 1.0, ""gain"": 0.0}, {""block"": ""star_ris"", ""rho"": 32.0, ""gain"": 0.013205053644426812}, {""block"": ""rsma"", ""rho"": 1.0, ""gain"": -3.552713678800501e-15}, {""block"": ""star_ris"", ""rho"": 128.0, ""gain"": 0.0032728795960323964}, {""block"": ""rsma"", ""rho"": 1.0, ""gain"": 3.552713678800501e-15}, {""block"": ""star_ris"", ""rho"": 2.0, ""gain"": 0.02893285115815658}, {""block"": ""rsma"", ""rho"": 1.0, ""gain"": 0.0}, {""block"": ""star_ris"", ""rho"": 1.0, ""gain"": 0.032425349266372194}, {""block"": ""rsma"", ""rho"": 1.0, ""gain"": 0.0}, {""block"": ""star_ris"", ""rho"": 2.0, ""gain"": 0.03303065873952704}, {""block"": ""rsma"", ""rho"": 1.0, ""gain"": -3.552713678800501e-15}, {""block"": ""star_ris"", ""rho"": 1.0, ""gain"": 0.0862729504696631}, {""block"": ""rsma"", ""rho"": 1.0, ""gain"": 0.0}, {""block"": ""star_ris"", ""rho"": 1.0, ""gain"": 0.20398555275313157}, {""block"": ""rsma"", ""rho"": 1.0, ""gain"": 0.0}, {""block"": ""star_ris"", ""rho"": 8.0, ""gain"": 0.005817678305366059}, {""block"": ""rsma"", ""rho"": 1.0, ""gain"": 0.0}, {""block"": ""star_ris"", ""rho"": 4.0, ""gain"": 0.008436506475995031}, {""block"": ""rsma"", ""rho"": 1.0, ""gain"": 0.0}, {""block"": ""star_ris"", ""rho"": 1.0, ""gain"": 0.0065862420782671904}, {""block"": ""rsma"", ""rho"": 1.0, ""gain"": 3.552713678800501e-15}, {""block"": ""star_ris"", ""rho"": 4.0, ""gain"": 0.0056446224488340135}, {""block"": ""rsma"", ""rho"": 1.0, ""gain"": 0.0}, {""block"": ""star_ris"", ""rho"": 1.0, ""gain"": 0.016416678611843594}, {""block"": ""rsma"", ""rho"": 1.0, ""gain"": 0.0}, {""block"": ""star_ris"", ""rho"": 4.0, ""gain"": 0.0008109705645189536}]",{},6733.953982,895cf8987087c169d7023476c078ebabf24f99fbbc30b65ad7fae1097d95a6fe,fc61d5cda7da39530055bae9bd0e92865f995cd9,f4c80269e5fb3cf553900b2e82f235af875b7c2e33b4ff71ec5d85cc25eb2b4e
ao_sca,128,10000,975,test,19.63756424868444,19.63756424868444,1.0,True,0.0,15,11866,27,ao_sca_proximal_physical,analytical_ris_equal_allocation,"[1.8380191401938804, 18.704223471045555, 18.769673976525272, 18.800944770524357, 18.81624297003782, 18.82381077541394, 18.827574713551456, 18.942816491249275, 18.96953793857835, 18.982649816722517, 19.354066556946005, 19.386279433540466, 19.404734910701368, 19.567440003185595, 19.637204583943806, 19.637564248684438]","[{""block"": ""rsma"", ""rho"": 1.0, ""gain"": 16.721586534672664}, {""block"": ""star_ris"", ""rho"": 4.0, ""gain"": 0.14461779617901271}, {""block"": ""rsma"", ""rho"": 1.0, ""gain"": 0.0}, {""block"": ""star_ris"", ""rho"": 8.0, ""gain"": 0.06545050547971698}, {""block"": ""rsma"", ""rho"": 1.0, ""gain"": 0.0}, {""block"": ""star_ris"", ""rho"": 16.0, ""gain"": 0.03127079399908439}, {""block"": ""rsma"", ""rho"": 1.0, ""gain"": 0.0}, {""block"": ""star_ris"", ""rho"": 32.0, ""gain"": 0.015298199513463118}, {""block"": ""rsma"", ""rho"": 1.0, ""gain"": 0.0}, {""block"": ""star_ris"", ""rho"": 64.0, ""gain"": 0.007567805376119452}, {""block"": ""rsma"", ""rho"": 1.0, ""gain"": 0.0}, {""block"": ""star_ris"", ""rho"": 128.0, ""gain"": 0.0037639381375171865}, {""block"": ""rsma"", ""rho"": 1.0, ""gain"": 0.0}, {""block"": ""star_ris"", ""rho"": 4.0, ""gain"": 0.11524177769781829}, {""block"": ""rsma"", ""rho"": 1.0, ""gain"": 0.0}, {""block"": ""star_ris"", ""rho"": 16.0, ""gain"": 0.026721447329073555}, {""block"": ""rsma"", ""rho"": 1.0, ""gain"": 0.0}, {""block"": ""star_ris"", ""rho"": 32.0, ""gain"": 0.013111878144169253}, {""block"": ""rsma"", ""rho"": 1.0, ""gain"": -3.552713678800501e-15}, {""block"": ""star_ris"", ""rho"": 1.0, ""gain"": 0.37141674022349136}, {""block"": ""rsma"", ""rho"": 1.0, ""gain"": 0.0}, {""block"": ""star_ris"", ""rho"": 2.0, ""gain"": 0.03221287659446048}, {""block"": ""rsma"", ""rho"": 1.0, ""gain"": 0.0}, {""block"": ""star_ris"", ""rho"": 1.0, ""gain"": 0.018455477160902234}, {""block"": ""rsma"", ""rho"": 1.0, ""gain"": 0.0}, {""block"": ""star_ris"", ""rho"": 1.0, ""gain"": 0.16270509248422727}, {""block"": ""rsma"", ""rho"": 1.0, ""gain"": 0.0}, {""block"": ""star_ris"", ""rho"": 1.0, ""gain"": 0.06976458075821057}, {""block"": ""rsma"", ""rho"": 1.0, ""gain"": 0.0}, {""block"": ""star_ris"", ""rho"": 64.0, ""gain"": 0.00035966474063187093}]",{},6637.112084,895cf8987087c169d7023476c078ebabf24f99fbbc30b65ad7fae1097d95a6fe,fc61d5cda7da39530055bae9bd0e92865f995cd9,f4c80269e5fb3cf553900b2e82f235af875b7c2e33b4ff71ec5d85cc25eb2b4e
ao_sca,128,10000,976,test,19.720305850042305,19.720305850042305,1.0,True,0.0,17,13423,31,ao_sca_proximal_physical,analytical_ris_equal_allocation,"[1.8380177469827208, 19.18581314571921, 19.275840252992904, 19.336193643975612, 19.408643122522058, 19.45405454905747, 19.476094136802267, 19.480365709044406, 19.521686511283544, 19.526027960909087, 19.54463029641585, 19.648127812875032, 19.651690046750954, 19.69522760559414, 19.707414392768822, 19.71162343722031, 19.719696372750565, 19.720305850042305]","[{""block"": ""rsma"", ""rho"": 1.0, ""gain"": 16.91700730424334}, {""block"": ""star_ris"", ""rho"": 1.0, ""gain"": 0.4307880944931455}, {""block"": ""rsma"", ""rho"": 1.0, ""gain"": 0.0}, {""block"": ""star_ris"", ""rho"": 1.0, ""gain"": 0.0900271072736949}, {""block"": ""rsma"", ""rho"": 1.0, ""gain"": 0.0}, {""block"": ""star_ris"", ""rho"": 2.0, ""gain"": 0.06035339098270853}, {""block"": ""rsma"", ""rho"": 1.0, ""gain"": 0.0}, {""block"": ""star_ris"", ""rho"": 1.0, ""gain"": 0.07244947854644579}, {""block"": ""rsma"", ""rho"": 1.0, ""gain"": -3.552713678800501e-15}, {""block"": ""star_ris"", ""rho"": 8.0, ""gain"": 0.04541142653541641}, {""block"": ""rsma"", ""rho"": 1.0, ""gain"": 7.105427357601002e-15}, {""block"": ""star_ris"", ""rho"": 16.0, ""gain"": 0.022039587744789202}, {""block"": ""rsma"", ""rho"": 1.0, ""gain"": 0.0}, {""block"": ""star_ris"", ""rho"": 4.0, ""gain"": 0.004271572242139143}, {""block"": ""rsma"", ""rho"": 1.0, ""gain"": 0.0}, {""block"": ""star_ris"", ""rho"": 1.0, ""gain"": 0.04132080223913803}, {""block"": ""rsma"", ""rho"": 1.0, ""gain"": 0.0}, {""block"": ""star_ris"", ""rho"": 8.0, ""gain"": 0.004341449625542282}, {""block"": ""rsma"", ""rho"": 1.0, ""gain"": -3.552713678800501e-15}, {""block"": ""star_ris"", ""rho"": 2.0, ""gain"": 0.01860233550676682}, {""block"": ""rsma"", ""rho"": 1.0, ""gain"": 0.0}, {""block"": ""star_ris"", ""rho"": 2.0, ""gain"": 0.10349751645918204}, {""block"": ""rsma"", ""rho"": 1.0, ""gain"": 0.0}, {""block"": ""star_ris"", ""rho"": 4.0, ""gain"": 0.0035622338759218053}, {""block"": ""rsma"", ""rho"": 1.0, ""gain"": -3.552713678800501e-15}, {""block"": ""star_ris"", ""rho"": 4.0, ""gain"": 0.04353755884319099}, {""block"": ""rsma"", ""rho"": 1.0, ""gain"": -3.552713678800501e-15}, {""block"": ""star_ris"", ""rho"": 2.0, ""gain"": 0.012186787174684355}, {""block"": ""rsma"", ""rho"": 1.0, ""gain"": 0.0}, {""block"": ""star_ris"", ""rho"": 8.0, ""gain"": 0.0042090444514890635}, {""block"": ""rsma"", ""rho"": 1.0, ""gain"": 0.0}, {""block"": ""star_ris"", ""rho"": 2.0, ""gain"": 0.008072935530254455}, {""block"": ""rsma"", ""rho"": 1.0, ""gain"": 0.0}, {""block"": ""star_ris"", ""rho"": 4.0, ""gain"": 0.0006094772917393243}]",{},7619.158574,895cf8987087c169d7023476c078ebabf24f99fbbc30b65ad7fae1097d95a6fe,fc61d5cda7da39530055bae9bd0e92865f995cd9,f4c80269e5fb3cf553900b2e82f235af875b7c2e33b4ff71ec5d85cc25eb2b4e
ao_sca,128,10000,977,test,19.629028785513466,19.629028785513466,1.0,True,0.0,8,6321,15,ao_sca_proximal_physical,analytical_ris_equal_allocation,"[1.8380226312144188, 19.380697062847606, 19.39216231073453, 19.522209295400906, 19.5376443166807, 19.61075460696172, 19.61653437662379, 19.628941873678368, 19.629028785513462]","[{""block"": ""rsma"", ""rho"": 1.0, ""gain"": 17.124518259139364}, {""block"": ""star_ris"", ""rho"": 1.0, ""gain"": 0.4181561724938234}, {""block"": ""rsma"", ""rho"": 1.0, ""gain"": -3.552713678800501e-15}, {""block"": ""star_ris"", ""rho"": 1.0, ""gain"": 0.011465247886928154}, {""block"": ""rsma"", ""rho"": 1.0, ""gain"": 0.0}, {""block"": ""star_ris"", ""rho"": 2.0, ""gain"": 0.1300469846663752}, {""block"": ""rsma"", ""rho"": 1.0, ""gain"": 0.0}, {""block"": ""star_ris"", ""rho"": 4.0, ""gain"": 0.01543502127979579}, {""block"": ""rsma"", ""rho"": 1.0, ""gain"": 0.0}, {""block"": ""star_ris"", ""rho"": 4.0, ""gain"": 0.07311029028101856}, {""block"": ""rsma"", ""rho"": 1.0, ""gain"": 0.0}, {""block"": ""star_ris"", ""rho"": 8.0, ""gain"": 0.0057797696620696115}, {""block"": ""rsma"", ""rho"": 1.0, ""gain"": 0.0}, {""block"": ""star_ris"", ""rho"": 4.0, ""gain"": 0.012407497054578442}, {""block"": ""rsma"", ""rho"": 1.0, ""gain"": 3.552713678800501e-15}, {""block"": ""star_ris"", ""rho"": 64.0, ""gain"": 8.69118350905751e-05}]",{},3525.672112,895cf8987087c169d7023476c078ebabf24f99fbbc30b65ad7fae1097d95a6fe,fc61d5cda7da39530055bae9bd0e92865f995cd9,f4c80269e5fb3cf553900b2e82f235af875b7c2e33b4ff71ec5d85cc25eb2b4e
ao_sca,128,10000,978,test,19.972589775684455,19.972589775684455,1.0,True,0.0,11,8688,19,ao_sca_proximal_physical,analytical_ris_equal_allocation,"[1.8380258607818327, 19.318652469960732, 19.35037768672407, 19.497175423814006, 19.574445143057126, 19.63020802194883, 19.636266829131614, 19.66935388097494, 19.77125758032294, 19.94489828657057, 19.972273961513842, 19.972589775684458]","[{""block"": ""rsma"", ""rho"": 1.0, ""gain"": 17.343029506517603}, {""block"": ""star_ris"", ""rho"": 1.0, ""gain"": 0.13759710266129588}, {""block"": ""rsma"", ""rho"": 1.0, ""gain"": -3.552713678800501e-15}, {""block"": ""star_ris"", ""rho"": 2.0, ""gain"": 0.03172521676334128}, {""block"": ""rsma"", ""rho"": 1.0, ""gain"": 3.552713678800501e-15}, {""block"": ""star_ris"", ""rho"": 1.0, ""gain"": 0.14679773708993338}, {""block"": ""rsma"", ""rho"": 1.0, ""gain"": -3.552713678800501e-15}, {""block"": ""star_ris"", ""rho"": 1.0, ""gain"": 0.07726971924312309}, {""block"": ""rsma"", ""rho"": 1.0, ""gain"": 0.0}, {""block"": ""star_ris"", ""rho"": 8.0, ""gain"": 0.055762878891705725}, {""block"": ""rsma"", ""rho"": 1.0, ""gain"": 0.0}, {""block"": ""star_ris"", ""rho"": 64.0, ""gain"": 0.006058807182782289}, {""block"": ""rsma"", ""rho"": 1.0, ""gain"": -3.552713678800501e-15}, {""block"": ""star_ris"", ""rho"": 1.0, ""gain"": 0.03308705184332794}, {""block"": ""rsma"", ""rho"": 1.0, ""gain"": 7.105427357601002e-15}, {""block"": ""star_ris"", ""rho"": 1.0, ""gain"": 0.10190369934799293}, {""block"": ""rsma"", ""rho"": 1.0, ""gain"": 0.0}, {""block"": ""star_ris"", ""rho"": 2.0, ""gain"": 0.17364070624763173}, {""block"": ""rsma"", ""rho"": 1.0, ""gain"": -7.105427357601002e-15}, {""block"": ""star_ris"", ""rho"": 2.0, ""gain"": 0.027375674943279193}, {""block"": ""rsma"", ""rho"": 1.0, ""gain"": 0.0}, {""block"": ""star_ris"", ""rho"": 128.0, ""gain"": 0.00031581417061588013}]",{},4854.135405,895cf8987087c169d7023476c078ebabf24f99fbbc30b65ad7fae1097d95a6fe,fc61d5cda7da39530055bae9bd0e92865f995cd9,f4c80269e5fb3cf553900b2e82f235af875b7c2e33b4ff71ec5d85cc25eb2b4e
ao_sca,128,10000,979,test,19.57354221506383,19.57354221506383,1.0,True,0.0,11,8698,21,ao_sca_proximal_physical,analytical_ris_equal_allocation,"[1.8380245177855787, 19.121653924509282, 19.18402290845795, 19.303842540181257, 19.33148234927892, 19.500013753096628, 19.51734595529518, 19.523150333356938, 19.563596982209326, 19.56673527484809, 19.573486087088305, 19.57354221506383]","[{""block"": ""rsma"", ""rho"": 1.0, ""gain"": 17.225268607070554}, {""block"": ""star_ris"", ""rho"": 8.0, ""gain"": 0.05836079965315122}, {""block"": ""rsma"", ""rho"": 1.0, ""gain"": 0.0}, {""block"": ""star_ris"", ""rho"": 1.0, ""gain"": 0.06236898394866941}, {""block"": ""rsma"", ""rho"": 1.0, ""gain"": 0.0}, {""block"": ""star_ris"", ""rho"": 4.0, ""gain"": 0.11981963172330623}, {""block"": ""rsma"", ""rho"": 1.0, ""gain"": -3.552713678800501e-15}, {""block"": ""star_ris"", ""rho"": 16.0, ""gain"": 0.027639809097667722}, {""block"": ""rsma"", ""rho"": 1.0, ""gain"": 3.552713678800501e-15}, {""block"": ""star_ris"", ""rho"": 2.0, ""gain"": 0.1685314038177026}, {""block"": ""rsma"", ""rho"": 1.0, ""gain"": 0.0}, {""block"": ""star_ris"", ""rho"": 4.0, ""gain"": 0.017332202198552693}, {""block"": ""rsma"", ""rho"": 1.0, ""gain"": 0.0}, {""block"": ""star_ris"", ""rho"": 8.0, ""gain"": 0.005804378061757376}, {""block"": ""rsma"", ""rho"": 1.0, ""gain"": 0.0}, {""block"": ""star_ris"", ""rho"": 8.0, ""gain"": 0.04044664885238802}, {""block"": ""rsma"", ""rho"": 1.0, ""gain"": 0.0}, {""block"": ""star_ris"", ""rho"": 16.0, ""gain"": 0.003138292638762863}, {""block"": ""rsma"", ""rho"": 1.0, ""gain"": 0.0}, {""block"": ""star_ris"", ""rho"": 8.0, ""gain"": 0.006750812240216675}, {""block"": ""rsma"", ""rho"": 1.0, ""gain"": 0.0}, {""block"": ""star_ris"", ""rho"": 16.0, ""gain"": 5.612797552601023e-05}]",{},4806.957454,895cf8987087c169d7023476c078ebabf24f99fbbc30b65ad7fae1097d95a6fe,fc61d5cda7da39530055bae9bd0e92865f995cd9,f4c80269e5fb3cf553900b2e82f235af875b7c2e33b4ff71ec5d85cc25eb2b4e
ao_sca,128,10000,980,test,19.54664110583061,19.54664110583061,1.0,True,0.0,9,7123,18,ao_sca_proximal_physical,analytical_ris_equal_allocation,"[1.8380251674809287, 19.338444890554523, 19.37020174066506, 19.414238232976246, 19.42904426101092, 19.439453858284136, 19.51331598368311, 19.54061268769891, 19.546000123359036, 19.546641105830606]","[{""block"": ""rsma"", ""rho"": 1.0, ""gain"": 17.492129062747086}, {""block"": ""star_ris"", ""rho"": 8.0, ""gain"": 0.008290660326508714}, {""block"": ""rsma"", ""rho"": 1.0, ""gain"": 0.0}, {""block"": ""star_ris"", ""rho"": 4.0, ""gain"": 0.031756850110536305}, {""block"": ""rsma"", ""rho"": 1.0, ""gain"": 3.552713678800501e-15}, {""block"": ""star_ris"", ""rho"": 2.0, ""gain"": 0.04403649231118223}, {""block"": ""rsma"", ""rho"": 1.0, ""gain"": -3.552713678800501e-15}, {""block"": ""star_ris"", ""rho"": 32.0, ""gain"": 0.014806028034676899}, {""block"": ""rsma"", ""rho"": 1.0, ""gain"": 0.0}, {""block"": ""star_ris"", ""rho"": 4.0, ""gain"": 0.010409597273216775}, {""block"": ""rsma"", ""rho"": 1.0, ""gain"": 0.0}, {""block"": ""star_ris"", ""rho"": 1.0, ""gain"": 0.07386212539897485}, {""block"": ""rsma"", ""rho"": 1.0, ""gain"": 0.0}, {""block"": ""star_ris"", ""rho"": 16.0, ""gain"": 0.02729670401580009}, {""block"": ""rsma"", ""rho"": 1.0, ""gain"": 0.0}, {""block"": ""star_ris"", ""rho"": 64.0, ""gain"": 0.005387435660125561}, {""block"": ""rsma"", ""rho"": 1.0, ""gain"": 3.552713678800501e-15}, {""block"": ""star_ris"", ""rho"": 128.0, ""gain"": 0.0006409824715660761}]",{},4068.30843,895cf8987087c169d7023476c078ebabf24f99fbbc30b65ad7fae1097d95a6fe,fc61d5cda7da39530055bae9bd0e92865f995cd9,f4c80269e5fb3cf553900b2e82f235af875b7c2e33b4ff71ec5d85cc25eb2b4e
ao_sca,128,10000,981,test,19.38277387540229,19.38277387540229,1.0,True,0.0,8,6332,15,ao_sca_proximal_physical,analytical_ris_equal_allocation,"[1.838017146241369, 18.783367964587928, 18.922566663211132, 18.953939504745293, 18.96160299577073, 19.292830905326227, 19.317302204655178, 19.38211883238373, 19.38277387540229]","[{""block"": ""rsma"", ""rho"": 1.0, ""gain"": 16.936278168594956}, {""block"": ""star_ris"", ""rho"": 64.0, ""gain"": 0.009072649751601602}, {""block"": ""rsma"", ""rho"": 1.0, ""gain"": 0.0}, {""block"": ""star_ris"", ""rho"": 4.0, ""gain"": 0.1391986986232041}, {""block"": ""rsma"", ""rho"": 1.0, ""gain"": 0.0}, {""block"": ""star_ris"", ""rho"": 16.0, ""gain"": 0.031372841534160756}, {""block"": ""rsma"", ""rho"": 1.0, ""gain"": 0.0}, {""block"": ""star_ris"", ""rho"": 64.0, ""gain"": 0.0076634910254362865}, {""block"": ""rsma"", ""rho"": 1.0, ""gain"": 0.0}, {""block"": ""star_ris"", ""rho"": 1.0, ""gain"": 0.33122790955549775}, {""block"": ""rsma"", ""rho"": 1.0, ""gain"": 0.0}, {""block"": ""star_ris"", ""rho"": 4.0, ""gain"": 0.02447129932895109}, {""block"": ""rsma"", ""rho"": 1.0, ""gain"": 0.0}, {""block"": ""star_ris"", ""rho"": 4.0, ""gain"": 0.06481662772855046}, {""block"": ""rsma"", ""rho"": 1.0, ""gain"": -3.552713678800501e-15}, {""block"": ""star_ris"", ""rho"": 32.0, ""gain"": 0.0006550430185647826}]",{},3480.543316,895cf8987087c169d7023476c078ebabf24f99fbbc30b65ad7fae1097d95a6fe,fc61d5cda7da39530055bae9bd0e92865f995cd9,f4c80269e5fb3cf553900b2e82f235af875b7c2e33b4ff71ec5d85cc25eb2b4e
ao_sca,128,10000,982,test,19.43742516721752,19.43742516721752,1.0,True,0.0,9,7109,17,ao_sca_proximal_physical,analytical_ris_equal_allocation,"[1.8380138675213649, 19.0388675881283, 19.04213486520053, 19.197599930015087, 19.355202365523212, 19.369001520385524, 19.39406810942198, 19.422897976224537, 19.436938327286658, 19.437425167217516]","[{""block"": ""rsma"", ""rho"": 1.0, ""gain"": 16.693117811406307}, {""block"": ""star_ris"", ""rho"": 1.0, ""gain"": 0.5077359092006297}, {""block"": ""rsma"", ""rho"": 1.0, ""gain"": 0.0}, {""block"": ""star_ris"", ""rho"": 1.0, ""gain"": 0.003267277072229291}, {""block"": ""rsma"", ""rho"": 1.0, ""gain"": 0.0}, {""block"": ""star_ris"", ""rho"": 1.0, ""gain"": 0.1554650648145568}, {""block"": ""rsma"", ""rho"": 1.0, ""gain"": 0.0}, {""block"": ""star_ris"", ""rho"": 2.0, ""gain"": 0.15760243550812447}, {""block"": ""rsma"", ""rho"": 1.0, ""gain"": 0.0}, {""block"": ""star_ris"", ""rho"": 2.0, ""gain"": 0.01379915486231198}, {""block"": ""rsma"", ""rho"": 1.0, ""gain"": 0.0}, {""block"": ""star_ris"", ""rho"": 1.0, ""gain"": 0.025066589036455866}, {""block"": ""rsma"", ""rho"": 1.0, ""gain"": 3.552713678800501e-15}, {""block"": ""star_ris"", ""rho"": 16.0, ""gain"": 0.028829866802553283}, {""block"": ""rsma"", ""rho"": 1.0, ""gain"": -7.105427357601002e-15}, {""block"": ""star_ris"", ""rho"": 32.0, ""gain"": 0.014040351062128309}, {""block"": ""rsma"", ""rho"": 1.0, ""gain"": 7.105427357601002e-15}, {""block"": ""star_ris"", ""rho"": 32.0, ""gain"": 0.0004868399308506355}]",{},3853.800724,895cf8987087c169d7023476c078ebabf24f99fbbc30b65ad7fae1097d95a6fe,fc61d5cda7da39530055bae9bd0e92865f995cd9,f4c80269e5fb3cf553900b2e82f235af875b7c2e33b4ff71ec5d85cc25eb2b4e
ao_sca,128,10000,983,test,19.451492701887503,19.451492701887503,1.0,True,0.0,3,2369,5,ao_sca_proximal_physical,analytical_ris_equal_allocation,"[1.8380268190579745, 19.35371950193707, 19.450638989136152, 19.451492701887506]","[{""block"": ""rsma"", ""rho"": 1.0, ""gain"": 17.288294816308827}, {""block"": ""star_ris"", ""rho"": 2.0, ""gain"": 0.2273978665702714}, {""block"": ""rsma"", ""rho"": 1.0, ""gain"": 0.0}, {""block"": ""star_ris"", ""rho"": 4.0, ""gain"": 0.09691948719908083}, {""block"": ""rsma"", ""rho"": 1.0, ""gain"": -3.552713678800501e-15}, {""block"": ""star_ris"", ""rho"": 2.0, ""gain"": 0.0008537127513577047}]",{},1269.20447,895cf8987087c169d7023476c078ebabf24f99fbbc30b65ad7fae1097d95a6fe,fc61d5cda7da39530055bae9bd0e92865f995cd9,f4c80269e5fb3cf553900b2e82f235af875b7c2e33b4ff71ec5d85cc25eb2b4e
ao_sca,128,10000,984,test,19.36753728781221,19.36753728781221,1.0,True,0.0,7,5528,14,ao_sca_proximal_physical,analytical_ris_equal_allocation,"[1.8380180914035753, 19.27572137006573, 19.285250510910945, 19.311988774842817, 19.316527385858468, 19.33710341637929, 19.366229273374792, 19.367537287812212]","[{""block"": ""rsma"", ""rho"": 1.0, ""gain"": 16.904043251702973}, {""block"": ""star_ris"", ""rho"": 1.0, ""gain"": 0.5336600269591827}, {""block"": ""rsma"", ""rho"": 1.0, ""gain"": 0.0}, {""block"": ""star_ris"", ""rho"": 4.0, ""gain"": 0.00952914084521339}, {""block"": ""rsma"", ""rho"": 1.0, ""gain"": 3.552713678800501e-15}, {""block"": ""star_ris"", ""rho"": 2.0, ""gain"": 0.02673826393186829}, {""block"": ""rsma"", ""rho"": 1.0, ""gain"": 0.0}, {""block"": ""star_ris"", ""rho"": 4.0, ""gain"": 0.004538611015650673}, {""block"": ""rsma"", ""rho"": 1.0, ""gain"": 0.0}, {""block"": ""star_ris"", ""rho"": 1.0, ""gain"": 0.020576030520821575}, {""block"": ""rsma"", ""rho"": 1.0, ""gain"": 3.552713678800501e-15}, {""block"": ""star_ris"", ""rho"": 2.0, ""gain"": 0.029125856995499078}, {""block"": ""rsma"", ""rho"": 1.0, ""gain"": 0.0}, {""block"": ""star_ris"", ""rho"": 32.0, ""gain"": 0.0013080144374200131}]",{},3089.945565,895cf8987087c169d7023476c078ebabf24f99fbbc30b65ad7fae1097d95a6fe,fc61d5cda7da39530055bae9bd0e92865f995cd9,f4c80269e5fb3cf553900b2e82f235af875b7c2e33b4ff71ec5d85cc25eb2b4e
ao_sca,128,10000,985,test,19.378481659776394,19.378481659776394,1.0,True,0.0,12,9483,22,ao_sca_proximal_physical,analytical_ris_equal_allocation,"[1.8380144825706308, 18.93696033343428, 19.122650233092294, 19.213209964892467, 19.234536662703224, 19.255497631249348, 19.265672997807727, 19.326075609716305, 19.336037712152706, 19.366676821596663, 19.370085373343358, 19.376685935892212, 19.378481659776394]","[{""block"": ""rsma"", ""rho"": 1.0, ""gain"": 16.788810996733563}, {""block"": ""star_ris"", ""rho"": 1.0, ""gain"": 0.3101348541300837}, {""block"": ""rsma"", ""rho"": 1.0, ""gain"": 0.0}, {""block"": ""star_ris"", ""rho"": 1.0, ""gain"": 0.18568989965801563}, {""block"": ""rsma"", ""rho"": 1.0, ""gain"": 0.0}, {""block"": ""star_ris"", ""rho"": 4.0, ""gain"": 0.09055973180017318}, {""block"": ""rsma"", ""rho"": 1.0, ""gain"": 3.552713678800501e-15}, {""block"": ""star_ris"", ""rho"": 16.0, ""gain"": 0.02132669781075336}, {""block"": ""rsma"", ""rho"": 1.0, ""gain"": -3.552713678800501e-15}, {""block"": ""star_ris"", ""rho"": 16.0, ""gain"": 0.02096096854612739}, {""block"": ""rsma"", ""rho"": 1.0, ""gain"": 0.0}, {""block"": ""star_ris"", ""rho"": 32.0, ""gain"": 0.010175366558378585}, {""block"": ""rsma"", ""rho"": 1.0, ""gain"": 0.0}, {""block"": ""star_ris"", ""rho"": 4.0, ""gain"": 0.06040261190857876}, {""block"": ""rsma"", ""rho"": 1.0, ""gain"": 3.552713678800501e-15}, {""block"": ""star_ris"", ""rho"": 1.0, ""gain"": 0.009962102436396947}, {""block"": ""rsma"", ""rho"": 1.0, ""gain"": -3.552713678800501e-15}, {""block"": ""star_ris"", ""rho"": 8.0, ""gain"": 0.03063910944396042}, {""block"": ""rsma"", ""rho"": 1.0, ""gain"": -3.552713678800501e-15}, {""block"": ""star_ris"", ""rho"": 16.0, ""gain"": 0.003408551746698407}, {""block"": ""rsma"", ""rho"": 1.0, ""gain"": 0.0}, {""block"": ""star_ris"", ""rho"": 4.0, ""gain"": 0.006600562548854327}, {""block"": ""rsma"", ""rho"": 1.0, ""gain"": 0.0}, {""block"": ""star_ris"", ""rho"": 1.0, ""gain"": 0.0017957238841823653}]",{},5086.152918,895cf8987087c169d7023476c078ebabf24f99fbbc30b65ad7fae1097d95a6fe,fc61d5cda7da39530055bae9bd0e92865f995cd9,f4c80269e5fb3cf553900b2e82f235af875b7c2e33b4ff71ec5d85cc25eb2b4e
ao_sca,128,10000,986,test,19.936022732608617,19.936022732608617,1.0,True,0.0,15,11839,28,ao_sca_proximal_physical,analytical_ris_equal_allocation,"[1.8380244357965128, 19.20753147378383, 19.240746732400034, 19.36681985544776, 19.424844506917317, 19.541982545843517, 19.66064829054621, 19.68956671915324, 19.693544573938023, 19.70098626422334, 19.71055437458441, 19.74569369572563, 19.814325409512954, 19.900957642147787, 19.936012476466054, 19.936022732608617]","[{""block"": ""rsma"", ""rho"": 1.0, ""gain"": 17.0488729606185}, {""block"": ""star_ris"", ""rho"": 2.0, ""gain"": 0.320634077368819}, {""block"": ""rsma"", ""rho"": 1.0, ""gain"": 0.0}, {""block"": ""star_ris"", ""rho"": 16.0, ""gain"": 0.03321525861620245}, {""block"": ""rsma"", ""rho"": 1.0, ""gain"": 0.0}, {""block"": ""star_ris"", ""rho"": 4.0, ""gain"": 0.12607312304772478}, {""block"": ""rsma"", ""rho"": 1.0, ""gain"": 0.0}, {""block"": ""star_ris"", ""rho"": 8.0, ""gain"": 0.05802465146955882}, {""block"": ""rsma"", ""rho"": 1.0, ""gain"": 0.0}, {""block"": ""star_ris"", ""rho"": 1.0, ""gain"": 0.11713803892619978}, {""block"": ""rsma"", ""rho"": 1.0, ""gain"": 0.0}, {""block"": ""star_ris"", ""rho"": 1.0, ""gain"": 0.11866574470269242}, {""block"": ""rsma"", ""rho"": 1.0, ""gain"": 3.552713678800501e-15}, {""block"": ""star_ris"", ""rho"": 1.0, ""gain"": 0.02891842860702809}, {""block"": ""rsma"", ""rho"": 1.0, ""gain"": 0.0}, {""block"": ""star_ris"", ""rho"": 16.0, ""gain"": 0.003977854784782409}, {""block"": ""rsma"", ""rho"": 1.0, ""gain"": 0.0}, {""block"": ""star_ris"", ""rho"": 4.0, ""gain"": 0.007441690285315161}, {""block"": ""rsma"", ""rho"": 1.0, ""gain"": 0.0}, {""block"": ""star_ris"", ""rho"": 1.0, ""gain"": 0.009568110361072968}, {""block"": ""rsma"", ""rho"": 1.0, ""gain"": 0.0}, {""block"": ""star_ris"", ""rho"": 1.0, ""gain"": 0.035139321141219426}, {""block"": ""rsma"", ""rho"": 1.0, ""gain"": 0.0}, {""block"": ""star_ris"", ""rho"": 1.0, ""gain"": 0.06863171378732247}, {""block"": ""rsma"", ""rho"": 1.0, ""gain"": 3.552713678800501e-15}, {""block"": ""star_ris"", ""rho"": 1.0, ""gain"": 0.08663223263483033}, {""block"": ""rsma"", ""rho"": 1.0, ""gain"": -3.552713678800501e-15}, {""block"": ""star_ris"", ""rho"": 2.0, ""gain"": 0.03505483431827017}, {""block"": ""rsma"", ""rho"": 1.0, ""gain"": 0.0}, {""block"": ""star_ris"", ""rho"": 2.0, ""gain"": 1.0256142562781179e-05}]",{},6414.043605,895cf8987087c169d7023476c078ebabf24f99fbbc30b65ad7fae1097d95a6fe,fc61d5cda7da39530055bae9bd0e92865f995cd9,f4c80269e5fb3cf553900b2e82f235af875b7c2e33b4ff71ec5d85cc25eb2b4e
ao_sca,128,10000,987,test,19.574438431160715,19.574438431160715,1.0,True,0.0,13,10274,25,ao_sca_proximal_physical,analytical_ris_equal_allocation,"[1.83801266304195, 18.962389802330087, 19.281897514311808, 19.301998555612673, 19.3091543789022, 19.425653954535214, 19.450699512248896, 19.52661926830968, 19.544801002930665, 19.553801047298002, 19.558279120284816, 19.571338034751374, 19.574404507842395, 19.574438431160715]","[{""block"": ""rsma"", ""rho"": 1.0, ""gain"": 16.48000368179313}, {""block"": ""star_ris"", ""rho"": 1.0, ""gain"": 0.6443734574950071}, {""block"": ""rsma"", ""rho"": 1.0, ""gain"": 0.0}, {""block"": ""star_ris"", ""rho"": 1.0, ""gain"": 0.31950771198172134}, {""block"": ""rsma"", ""rho"": 1.0, ""gain"": 0.0}, {""block"": ""star_ris"", ""rho"": 1.0, ""gain"": 0.02010104130086532}, {""block"": ""rsma"", ""rho"": 1.0, ""gain"": 0.0}, {""block"": ""star_ris"", ""rho"": 4.0, ""gain"": 0.007155823289526353}, {""block"": ""rsma"", ""rho"": 1.0, ""gain"": 0.0}, {""block"": ""star_ris"", ""rho"": 2.0, ""gain"": 0.11649957563301427}, {""block"": ""rsma"", ""rho"": 1.0, ""gain"": 0.0}, {""block"": ""star_ris"", ""rho"": 2.0, ""gain"": 0.025045557713681887}, {""block"": ""rsma"", ""rho"": 1.0, ""gain"": 0.0}, {""block"": ""star_ris"", ""rho"": 4.0, ""gain"": 0.0759197560607845}, {""block"": ""rsma"", ""rho"": 1.0, ""gain"": -7.105427357601002e-15}, {""block"": ""star_ris"", ""rho"": 16.0, ""gain"": 0.01818173462099182}, {""block"": ""rsma"", ""rho"": 1.0, ""gain"": 3.552713678800501e-15}, {""block"": ""star_ris"", ""rho"": 32.0, ""gain"": 0.00900004436733326}, {""block"": ""rsma"", ""rho"": 1.0, ""gain"": 0.0}, {""block"": ""star_ris"", ""rho"": 64.0, ""gain"": 0.004478072986813686}, {""block"": ""rsma"", ""rho"": 1.0, ""gain"": 0.0}, {""block"": ""star_ris"", ""rho"": 2.0, ""gain"": 0.013058914466558491}, {""block"": ""rsma"", ""rho"": 1.0, ""gain"": -3.552713678800501e-15}, {""block"": ""star_ris"", ""rho"": 32.0, ""gain"": 0.0030664730910245908}, {""block"": ""rsma"", ""rho"": 1.0, ""gain"": 0.0}, {""block"": ""star_ris"", ""rho"": 4.0, ""gain"": 3.3923318319750706e-05}]",{},5501.899107,895cf8987087c169d7023476c078ebabf24f99fbbc30b65ad7fae1097d95a6fe,fc61d5cda7da39530055bae9bd0e92865f995cd9,f4c80269e5fb3cf553900b2e82f235af875b7c2e33b4ff71ec5d85cc25eb2b4e
ao_sca,128,10000,988,test,19.495113409683004,19.495113409683004,1.0,True,0.0,4,3157,8,ao_sca_proximal_physical,analytical_ris_equal_allocation,"[1.8380227669694462, 19.433309705032823, 19.48875318304404, 19.49436465727257, 19.495113409683004]","[{""block"": ""rsma"", ""rho"": 1.0, ""gain"": 17.212099193635467}, {""block"": ""star_ris"", ""rho"": 1.0, ""gain"": 0.3831877444279108}, {""block"": ""rsma"", ""rho"": 1.0, ""gain"": 0.0}, {""block"": ""star_ris"", ""rho"": 1.0, ""gain"": 0.05544347801121674}, {""block"": ""rsma"", ""rho"": 1.0, ""gain"": 0.0}, {""block"": ""star_ris"", ""rho"": 4.0, ""gain"": 0.0056114742285302555}, {""block"": ""rsma"", ""rho"": 1.0, ""gain"": 3.552713678800501e-15}, {""block"": ""star_ris"", ""rho"": 4.0, ""gain"": 0.0007487524104305976}]",{},1730.250379,895cf8987087c169d7023476c078ebabf24f99fbbc30b65ad7fae1097d95a6fe,fc61d5cda7da39530055bae9bd0e92865f995cd9,f4c80269e5fb3cf553900b2e82f235af875b7c2e33b4ff71ec5d85cc25eb2b4e
ao_sca,128,10000,989,test,19.796812052383693,19.796812052383693,1.0,True,0.0,13,10251,25,ao_sca_proximal_physical,analytical_ris_equal_allocation,"[1.8380197037273218, 19.148653724442717, 19.278272752261863, 19.293780513899765, 19.364765612866154, 19.435864442668834, 19.446461702464664, 19.52376045427845, 19.582201233567687, 19.699779191460102, 19.730653949155535, 19.74812655585293, 19.795020102042034, 19.796812052383693]","[{""block"": ""rsma"", ""rho"": 1.0, ""gain"": 17.216285797251434}, {""block"": ""star_ris"", ""rho"": 1.0, ""gain"": 0.09434822346396032}, {""block"": ""rsma"", ""rho"": 1.0, ""gain"": 0.0}, {""block"": ""star_ris"", ""rho"": 1.0, ""gain"": 0.12961902781914603}, {""block"": ""rsma"", ""rho"": 1.0, ""gain"": 0.0}, {""block"": ""star_ris"", ""rho"": 2.0, ""gain"": 0.015507761637902462}, {""block"": ""rsma"", ""rho"": 1.0, ""gain"": 0.0}, {""block"": ""star_ris"", ""rho"": 1.0, ""gain"": 0.07098509896638916}, {""block"": ""rsma"", ""rho"": 1.0, ""gain"": 3.552713678800501e-15}, {""block"": ""star_ris"", ""rho"": 1.0, ""gain"": 0.07109882980267557}, {""block"": ""rsma"", ""rho"": 1.0, ""gain"": 0.0}, {""block"": ""star_ris"", ""rho"": 1.0, ""gain"": 0.010597259795829927}, {""block"": ""rsma"", ""rho"": 1.0, ""gain"": 0.0}, {""block"": ""star_ris"", ""rho"": 1.0, ""gain"": 0.07729875181378532}, {""block"": ""rsma"", ""rho"": 1.0, ""gain"": 0.0}, {""block"": ""star_ris"", ""rho"": 1.0, ""gain"": 0.05844077928923852}, {""block"": ""rsma"", ""rho"": 1.0, ""gain"": 3.552713678800501e-15}, {""block"": ""star_ris"", ""rho"": 1.0, ""gain"": 0.11757795789241143}, {""block"": ""rsma"", ""rho"": 1.0, ""gain"": -3.552713678800501e-15}, {""block"": ""star_ris"", ""rho"": 2.0, ""gain"": 0.030874757695436017}, {""block"": ""rsma"", ""rho"": 1.0, ""gain"": -3.552713678800501e-15}, {""block"": ""star_ris"", ""rho"": 2.0, ""gain"": 0.017472606697399584}, {""block"": ""rsma"", ""rho"": 1.0, ""gain"": 0.0}, {""block"": ""star_ris"", ""rho"": 2.0, ""gain"": 0.046893546189103574}, {""block"": ""rsma"", ""rho"": 1.0, ""gain"": 0.0}, {""block"": ""star_ris"", ""rho"": 4.0, ""gain"": 0.001791950341658577}]",{},5568.913102,895cf8987087c169d7023476c078ebabf24f99fbbc30b65ad7fae1097d95a6fe,fc61d5cda7da39530055bae9bd0e92865f995cd9,f4c80269e5fb3cf553900b2e82f235af875b7c2e33b4ff71ec5d85cc25eb2b4e
ao_sca,128,10000,990,test,19.59654589345172,19.59654589345172,1.0,True,0.0,8,6308,15,ao_sca_proximal_physical,analytical_ris_equal_allocation,"[1.8380180132941855, 18.988390340257798, 18.991922666972368, 19.03562654523438, 19.255578998881766, 19.32753111704168, 19.406488518327322, 19.5952889437836, 19.59654589345172]","[{""block"": ""rsma"", ""rho"": 1.0, ""gain"": 17.030569428737593}, {""block"": ""star_ris"", ""rho"": 1.0, ""gain"": 0.11980289822601975}, {""block"": ""rsma"", ""rho"": 1.0, ""gain"": 0.0}, {""block"": ""star_ris"", ""rho"": 4.0, ""gain"": 0.0035323267145699333}, {""block"": ""rsma"", ""rho"": 1.0, ""gain"": -3.552713678800501e-15}, {""block"": ""star_ris"", ""rho"": 1.0, ""gain"": 0.04370387826201494}, {""block"": ""rsma"", ""rho"": 1.0, ""gain"": 0.0}, {""block"": ""star_ris"", ""rho"": 1.0, ""gain"": 0.21995245364738736}, {""block"": ""rsma"", ""rho"": 1.0, ""gain"": 0.0}, {""block"": ""star_ris"", ""rho"": 1.0, ""gain"": 0.07195211815991343}, {""block"": ""rsma"", ""rho"": 1.0, ""gain"": 0.0}, {""block"": ""star_ris"", ""rho"": 1.0, ""gain"": 0.07895740128564199}, {""block"": ""rsma"", ""rho"": 1.0, ""gain"": 7.105427357601002e-15}, {""block"": ""star_ris"", ""rho"": 1.0, ""gain"": 0.18880042545627163}, {""block"": ""rsma"", ""rho"": 1.0, ""gain"": 0.0}, {""block"": ""star_ris"", ""rho"": 2.0, ""gain"": 0.001256949668118068}]",{},3251.536267,895cf8987087c169d7023476c078ebabf24f99fbbc30b65ad7fae1097d95a6fe,fc61d5cda7da39530055bae9bd0e92865f995cd9,f4c80269e5fb3cf553900b2e82f235af875b7c2e33b4ff71ec5d85cc25eb2b4e
ao_sca,128,10000,991,test,19.351214687742704,19.351214687742704,1.0,True,0.0,14,11064,28,ao_sca_proximal_physical,analytical_ris_equal_allocation,"[1.8380050082088484, 18.530098497142614, 18.672840035899092, 18.73759942632026, 18.753132615729147, 19.048789427217784, 19.106806549653506, 19.11782012686516, 19.228755626535122, 19.25511560774639, 19.258315895262918, 19.33882539971578, 19.341319260807225, 19.351014288824548, 19.351214687742704]","[{""block"": ""rsma"", ""rho"": 1.0, ""gain"": 16.327905014706744}, {""block"": ""star_ris"", ""rho"": 2.0, ""gain"": 0.3641884742270207}, {""block"": ""rsma"", ""rho"": 1.0, ""gain"": 0.0}, {""block"": ""star_ris"", ""rho"": 4.0, ""gain"": 0.14274153875647855}, {""block"": ""rsma"", ""rho"": 1.0, ""gain"": 0.0}, {""block"": ""star_ris"", ""rho"": 8.0, ""gain"": 0.06475939042116607}, {""block"": ""rsma"", ""rho"": 1.0, ""gain"": 0.0}, {""block"": ""star_ris"", ""rho"": 32.0, ""gain"": 0.015533189408888148}, {""block"": ""rsma"", ""rho"": 1.0, ""gain"": 3.552713678800501e-15}, {""block"": ""star_ris"", ""rho"": 1.0, ""gain"": 0.29565681148863376}, {""block"": ""rsma"", ""rho"": 1.0, ""gain"": 0.0}, {""block"": ""star_ris"", ""rho"": 1.0, ""gain"": 0.058017122435721546}, {""block"": ""rsma"", ""rho"": 1.0, ""gain"": 0.0}, {""block"": ""star_ris"", ""rho"": 2.0, ""gain"": 0.011013577211652859}, {""block"": ""rsma"", ""rho"": 1.0, ""gain"": 0.0}, {""block"": ""star_ris"", ""rho"": 2.0, ""gain"": 0.11093549966996363}, {""block"": ""rsma"", ""rho"": 1.0, ""gain"": 0.0}, {""block"": ""star_ris"", ""rho"": 2.0, ""gain"": 0.026359981211268035}, {""block"": ""rsma"", ""rho"": 1.0, ""gain"": 0.0}, {""block"": ""star_ris"", ""rho"": 4.0, ""gain"": 0.003200287516527567}, {""block"": ""rsma"", ""rho"": 1.0, ""gain"": 0.0}, {""block"": ""star_ris"", ""rho"": 4.0, ""gain"": 0.08050950445286276}, {""block"": ""rsma"", ""rho"": 1.0, ""gain"": 0.0}, {""block"": ""star_ris"", ""rho"": 16.0, ""gain"": 0.0024938610914446713}, {""block"": ""rsma"", ""rho"": 1.0, ""gain"": 0.0}, {""block"": ""star_ris"", ""rho"": 4.0, ""gain"": 0.009695028017322471}, {""block"": ""rsma"", ""rho"": 1.0, ""gain"": 0.0}, {""block"": ""star_ris"", ""rho"": 128.0, ""gain"": 0.00020039891815670785}]",{},5677.296282,895cf8987087c169d7023476c078ebabf24f99fbbc30b65ad7fae1097d95a6fe,fc61d5cda7da39530055bae9bd0e92865f995cd9,f4c80269e5fb3cf553900b2e82f235af875b7c2e33b4ff71ec5d85cc25eb2b4e
ao_sca,128,10000,992,test,19.338780117859866,19.338780117859866,1.0,True,0.0,7,5542,12,ao_sca_proximal_physical,analytical_ris_equal_allocation,"[1.838019423639197, 18.930015053950754, 19.22736682247674, 19.28875716259347, 19.318203332884814, 19.3326364242164, 19.33813928422569, 19.338780117859862]","[{""block"": ""rsma"", ""rho"": 1.0, ""gain"": 17.064235719155775}, {""block"": ""star_ris"", ""rho"": 1.0, ""gain"": 0.027759911155783357}, {""block"": ""rsma"", ""rho"": 1.0, ""gain"": 0.0}, {""block"": ""star_ris"", ""rho"": 2.0, ""gain"": 0.297351768525985}, {""block"": ""rsma"", ""rho"": 1.0, ""gain"": 0.0}, {""block"": ""star_ris"", ""rho"": 8.0, ""gain"": 0.06139034011673061}, {""block"": ""rsma"", ""rho"": 1.0, ""gain"": 3.552713678800501e-15}, {""block"": ""star_ris"", ""rho"": 16.0, ""gain"": 0.029446170291340223}, {""block"": ""rsma"", ""rho"": 1.0, ""gain"": 0.0}, {""block"": ""star_ris"", ""rho"": 32.0, ""gain"": 0.014433091331586212}, {""block"": ""rsma"", ""rho"": 1.0, ""gain"": -3.552713678800501e-15}, {""block"": ""star_ris"", ""rho"": 64.0, ""gain"": 0.005502860009293897}, {""block"": ""rsma"", ""rho"": 1.0, ""gain"": 3.552713678800501e-15}, {""block"": ""star_ris"", ""rho"": 64.0, ""gain"": 0.0006408336341685583}]",{},1816.98723,895cf8987087c169d7023476c078ebabf24f99fbbc30b65ad7fae1097d95a6fe,fc61d5cda7da39530055bae9bd0e92865f995cd9,f4c80269e5fb3cf553900b2e82f235af875b7c2e33b4ff71ec5d85cc25eb2b4e
ao_sca,128,10000,993,test,19.865452093797785,19.865452093797785,1.0,True,0.0,14,11060,27,ao_sca_proximal_physical,analytical_ris_equal_allocation,"[1.83802350625031, 18.779874322880584, 19.25344899854731, 19.430447926197413, 19.51015781370734, 19.54827195081625, 19.557621449938342, 19.604031130982364, 19.66331042391722, 19.677741181370664, 19.809424761483466, 19.812513971463424, 19.821884198756315, 19.86522738973315, 19.865452093797785]","[{""block"": ""rsma"", ""rho"": 1.0, ""gain"": 16.87450802447833}, {""block"": ""star_ris"", ""rho"": 8.0, ""gain"": 0.06734279215194405}, {""block"": ""rsma"", ""rho"": 1.0, ""gain"": 0.0}, {""block"": ""star_ris"", ""rho"": 1.0, ""gain"": 0.4735746756667254}, {""block"": ""rsma"", ""rho"": 1.0, ""gain"": 0.0}, {""block"": ""star_ris"", ""rho"": 2.0, ""gain"": 0.1769989276501036}, {""block"": ""rsma"", ""rho"": 1.0, ""gain"": -3.552713678800501e-15}, {""block"": ""star_ris"", ""rho"": 4.0, ""gain"": 0.07970988750993158}, {""block"": ""rsma"", ""rho"": 1.0, ""gain"": 3.552713678800501e-15}, {""block"": ""star_ris"", ""rho"": 8.0, ""gain"": 0.038114137108905766}, {""block"": ""rsma"", ""rho"": 1.0, ""gain"": 0.0}, {""block"": ""star_ris"", ""rho"": 32.0, ""gain"": 0.009349499122091487}, {""block"": ""rsma"", ""rho"": 1.0, ""gain"": 3.552713678800501e-15}, {""block"": ""star_ris"", ""rho"": 1.0, ""gain"": 0.046409681044018214}, {""block"": ""rsma"", ""rho"": 1.0, ""gain"": 0.0}, {""block"": ""star_ris"", ""rho"": 1.0, ""gain"": 0.0592792929348569}, {""block"": ""rsma"", ""rho"": 1.0, ""gain"": 0.0}, {""block"": ""star_ris"", ""rho"": 8.0, ""gain"": 0.014430757453443022}, {""block"": ""rsma"", ""rho"": 1.0, ""gain"": 0.0}, {""block"": ""star_ris"", ""rho"": 1.0, ""gain"": 0.1316835801128029}, {""block"": ""rsma"", ""rho"": 1.0, ""gain"": 0.0}, {""block"": ""star_ris"", ""rho"": 4.0, ""gain"": 0.0030892099799579853}, {""block"": ""rsma"", ""rho"": 1.0, ""gain"": 0.0}, {""block"": ""star_ris"", ""rho"": 4.0, ""gain"": 0.009370227292890831}, {""block"": ""rsma"", ""rho"": 1.0, ""gain"": 3.552713678800501e-15}, {""block"": ""star_ris"", ""rho"": 2.0, ""gain"": 0.043343190976830925}, {""block"": ""rsma"", ""rho"": 1.0, ""gain"": 0.0}, {""block"": ""star_ris"", ""rho"": 32.0, ""gain"": 0.0002247040646352616}]",{},3206.411669,895cf8987087c169d7023476c078ebabf24f99fbbc30b65ad7fae1097d95a6fe,fc61d5cda7da39530055bae9bd0e92865f995cd9,f4c80269e5fb3cf553900b2e82f235af875b7c2e33b4ff71ec5d85cc25eb2b4e
ao_sca,128,10000,994,test,19.782436837564376,19.782436837564376,1.0,True,0.0,2,1580,4,ao_sca_proximal_physical,analytical_ris_equal_allocation,"[1.8380322244055856, 19.782379642272225, 19.782436837564376]","[{""block"": ""rsma"", ""rho"": 1.0, ""gain"": 17.755895980534362}, {""block"": ""star_ris"", ""rho"": 2.0, ""gain"": 0.18845143733227943}, {""block"": ""rsma"", ""rho"": 1.0, ""gain"": 3.552713678800501e-15}, {""block"": ""star_ris"", ""rho"": 4.0, ""gain"": 5.7195292146872134e-05}]",{},448.742792,895cf8987087c169d7023476c078ebabf24f99fbbc30b65ad7fae1097d95a6fe,fc61d5cda7da39530055bae9bd0e92865f995cd9,f4c80269e5fb3cf553900b2e82f235af875b7c2e33b4ff71ec5d85cc25eb2b4e
ao_sca,128,10000,995,test,19.794291676060745,19.794291676060745,1.0,True,0.0,14,11051,23,ao_sca_proximal_physical,analytical_ris_equal_allocation,"[1.8380240953161409, 19.321697490037266, 19.35399700436852, 19.444752143727627, 19.487188253108336, 19.497495473602278, 19.526350947611903, 19.533390710758034, 19.60304674354867, 19.62297738792995, 19.70260025323864, 19.759379798696152, 19.778236250990815, 19.79402328837809, 19.794291676060745]","[{""block"": ""rsma"", ""rho"": 1.0, ""gain"": 17.253776768934895}, {""block"": ""star_ris"", ""rho"": 2.0, ""gain"": 0.22989662578623182}, {""block"": ""rsma"", ""rho"": 1.0, ""gain"": 0.0}, {""block"": ""star_ris"", ""rho"": 2.0, ""gain"": 0.03229951433125322}, {""block"": ""rsma"", ""rho"": 1.0, ""gain"": 0.0}, {""block"": ""star_ris"", ""rho"": 4.0, ""gain"": 0.09075513935910706}, {""block"": ""rsma"", ""rho"": 1.0, ""gain"": 0.0}, {""block"": ""star_ris"", ""rho"": 8.0, ""gain"": 0.0424361093807093}, {""block"": ""rsma"", ""rho"": 1.0, ""gain"": 0.0}, {""block"": ""star_ris"", ""rho"": 32.0, ""gain"": 0.010307220493942282}, {""block"": ""rsma"", ""rho"": 1.0, ""gain"": 7.105427357601002e-15}, {""block"": ""star_ris"", ""rho"": 1.0, ""gain"": 0.02885547400961741}, {""block"": ""rsma"", ""rho"": 1.0, ""gain"": -7.105427357601002e-15}, {""block"": ""star_ris"", ""rho"": 2.0, ""gain"": 0.0070397631461389665}, {""block"": ""rsma"", ""rho"": 1.0, ""gain"": 3.552713678800501e-15}, {""block"": ""star_ris"", ""rho"": 1.0, ""gain"": 0.0696560327906326}, {""block"": ""rsma"", ""rho"": 1.0, ""gain"": 0.0}, {""block"": ""star_ris"", ""rho"": 1.0, ""gain"": 0.01993064438127945}, {""block"": ""rsma"", ""rho"": 1.0, ""gain"": 0.0}, {""block"": ""star_ris"", ""rho"": 1.0, ""gain"": 0.07962286530868923}, {""block"": ""rsma"", ""rho"": 1.0, ""gain"": -3.552713678800501e-15}, {""block"": ""star_ris"", ""rho"": 2.0, ""gain"": 0.05677954545751618}, {""block"": ""rsma"", ""rho"": 1.0, ""gain"": 0.0}, {""block"": ""star_ris"", ""rho"": 4.0, ""gain"": 0.018856452294663484}, {""block"": ""rsma"", ""rho"": 1.0, ""gain"": 0.0}, {""block"": ""star_ris"", ""rho"": 1.0, ""gain"": 0.015787037387273273}, {""block"": ""rsma"", ""rho"": 1.0, ""gain"": 0.0}, {""block"": ""star_ris"", ""rho"": 4.0, ""gain"": 0.00026838768265591284}]",{},3213.475214,895cf8987087c169d7023476c078ebabf24f99fbbc30b65ad7fae1097d95a6fe,fc61d5cda7da39530055bae9bd0e92865f995cd9,f4c80269e5fb3cf553900b2e82f235af875b7c2e33b4ff71ec5d85cc25eb2b4e
ao_sca,128,10000,996,test,20.05352740457476,20.05352740457476,1.0,True,0.0,12,9478,22,ao_sca_proximal_physical,analytical_ris_equal_allocation,"[1.8380288463518306, 19.39519393624603, 19.613350990106976, 19.63997853206972, 19.740271347064073, 19.75292893773054, 19.779790074617157, 19.823415959118627, 19.904729708098927, 19.9916010438247, 20.032908796716924, 20.053107802918802, 20.05352740457476]","[{""block"": ""rsma"", ""rho"": 1.0, ""gain"": 17.55535863883396}, {""block"": ""star_ris"", ""rho"": 2.0, ""gain"": 0.0018064510602400219}, {""block"": ""rsma"", ""rho"": 1.0, ""gain"": 0.0}, {""block"": ""star_ris"", ""rho"": 1.0, ""gain"": 0.21815705386094564}, {""block"": ""rsma"", ""rho"": 1.0, ""gain"": 0.0}, {""block"": ""star_ris"", ""rho"": 16.0, ""gain"": 0.02662754196274264}, {""block"": ""rsma"", ""rho"": 1.0, ""gain"": 0.0}, {""block"": ""star_ris"", ""rho"": 1.0, ""gain"": 0.10029281499435427}, {""block"": ""rsma"", ""rho"": 1.0, ""gain"": 0.0}, {""block"": ""star_ris"", ""rho"": 1.0, ""gain"": 0.012657590666467655}, {""block"": ""rsma"", ""rho"": 1.0, ""gain"": 0.0}, {""block"": ""star_ris"", ""rho"": 2.0, ""gain"": 0.026861136886616066}, {""block"": ""rsma"", ""rho"": 1.0, ""gain"": -3.552713678800501e-15}, {""block"": ""star_ris"", ""rho"": 1.0, ""gain"": 0.04362588450147342}, {""block"": ""rsma"", ""rho"": 1.0, ""gain"": 0.0}, {""block"": ""star_ris"", ""rho"": 1.0, ""gain"": 0.08131374898029975}, {""block"": ""rsma"", ""rho"": 1.0, ""gain"": 0.0}, {""block"": ""star_ris"", ""rho"": 4.0, ""gain"": 0.08687133572577466}, {""block"": ""rsma"", ""rho"": 1.0, ""gain"": -3.552713678800501e-15}, {""block"": ""star_ris"", ""rho"": 8.0, ""gain"": 0.041307752892226546}, {""block"": ""rsma"", ""rho"": 1.0, ""gain"": -3.552713678800501e-15}, {""block"": ""star_ris"", ""rho"": 16.0, ""gain"": 0.02019900620188153}, {""block"": ""rsma"", ""rho"": 1.0, ""gain"": 3.552713678800501e-15}, {""block"": ""star_ris"", ""rho"": 64.0, ""gain"": 0.0004196016559525617}]",{},2730.690112,895cf8987087c169d7023476c078ebabf24f99fbbc30b65ad7fae1097d95a6fe,fc61d5cda7da39530055bae9bd0e92865f995cd9,f4c80269e5fb3cf553900b2e82f235af875b7c2e33b4ff71ec5d85cc25eb2b4e
ao_sca,128,10000,997,test,19.67092032049401,19.67092032049401,1.0,True,0.0,20,15802,37,ao_sca_proximal_physical,analytical_ris_equal_allocation,"[1.8380195642832964, 19.009490860021042, 19.06133931330203, 19.21614597860352, 19.24243986639719, 19.248393923403608, 19.251559652809146, 19.257968545833442, 19.265199247606855, 19.275592507059674, 19.292634687124323, 19.3104805232068, 19.35855112678329, 19.404700529952144, 19.41441115239322, 19.436045635226634, 19.460881802809592, 19.63106650092935, 19.634615347642026, 19.656704839504012, 19.670920320494012]","[{""block"": ""rsma"", ""rho"": 1.0, ""gain"": 17.154232530046126}, {""block"": ""star_ris"", ""rho"": 4.0, ""gain"": 0.017238765691619307}, {""block"": ""rsma"", ""rho"": 1.0, ""gain"": 3.552713678800501e-15}, {""block"": ""star_ris"", ""rho"": 2.0, ""gain"": 0.05184845328098575}, {""block"": ""rsma"", ""rho"": 1.0, ""gain"": 3.552713678800501e-15}, {""block"": ""star_ris"", ""rho"": 2.0, ""gain"": 0.15480666530148568}, {""block"": ""rsma"", ""rho"": 1.0, ""gain"": 0.0}, {""block"": ""star_ris"", ""rho"": 16.0, ""gain"": 0.02629388779367048}, {""block"": ""rsma"", ""rho"": 1.0, ""gain"": 0.0}, {""block"": ""star_ris"", ""rho"": 32.0, ""gain"": 0.005954057006416491}, {""block"": ""rsma"", ""rho"": 1.0, ""gain"": 0.0}, {""block"": ""star_ris"", ""rho"": 16.0, ""gain"": 0.0031657294055378316}, {""block"": ""rsma"", ""rho"": 1.0, ""gain"": 0.0}, {""block"": ""star_ris"", ""rho"": 64.0, ""gain"": 0.006408893024296702}, {""block"": ""rsma"", ""rho"": 1.0, ""gain"": 0.0}, {""block"": ""star_ris"", ""rho"": 16.0, ""gain"": 0.007230701773412562}, {""block"": ""rsma"", ""rho"": 1.0, ""gain"": 0.0}, {""block"": ""star_ris"", ""rho"": 8.0, ""gain"": 0.010393259452818882}, {""block"": ""rsma"", ""rho"": 1.0, ""gain"": 0.0}, {""block"": ""star_ris"", ""rho"": 4.0, ""gain"": 0.017042180064649415}, {""block"": ""rsma"", ""rho"": 1.0, ""gain"": -3.552713678800501e-15}, {""block"": ""star_ris"", ""rho"": 1.0, ""gain"": 0.01784583608247914}, {""block"": ""rsma"", ""rho"": 1.0, ""gain"": 0.0}, {""block"": ""star_ris"", ""rho"": 8.0, ""gain"": 0.04807060357649107}, {""block"": ""rsma"", ""rho"": 1.0, ""gain"": 0.0}, {""block"": ""star_ris"", ""rho"": 8.0, ""gain"": 0.04614940316885452}, {""block"": ""rsma"", ""rho"": 1.0, ""gain"": 0.0}, {""block"": ""star_ris"", ""rho"": 1.0, ""gain"": 0.009710622441076566}, {""block"": ""rsma"", ""rho"": 1.0, ""gain"": 7.105427357601002e-15}, {""block"": ""star_ris"", ""rho"": 1.0, ""gain"": 0.021634482833405855}, {""block"": ""rsma"", ""rho"": 1.0, ""gain"": 0.0}, {""block"": ""star_ris"", ""rho"": 1.0, ""gain"": 0.024836167582957813}, {""block"": ""rsma"", ""rho"": 1.0, ""gain"": 0.0}, {""block"": ""star_ris"", ""rho"": 1.0, ""gain"": 0.17018469811975834}, {""block"": ""rsma"", ""rho"": 1.0, ""gain"": 0.0}, {""block"": ""star_ris"", ""rho"": 1.0, ""gain"": 0.003548846712675413}, {""block"": ""rsma"", ""rho"": 1.0, ""gain"": 3.552713678800501e-15}, {""block"": ""star_ris"", ""rho"": 2.0, ""gain"": 0.02208949186198339}, {""block"": ""rsma"", ""rho"": 1.0, ""gain"": 3.552713678800501e-15}, {""block"": ""star_ris"", ""rho"": 4.0, ""gain"": 0.014215480989996365}]",{},4610.661552,895cf8987087c169d7023476c078ebabf24f99fbbc30b65ad7fae1097d95a6fe,fc61d5cda7da39530055bae9bd0e92865f995cd9,f4c80269e5fb3cf553900b2e82f235af875b7c2e33b4ff71ec5d85cc25eb2b4e
ao_sca,128,10000,998,test,19.482077086905814,19.482077086905814,1.0,True,0.0,10,7913,17,ao_sca_proximal_physical,analytical_ris_equal_allocation,"[1.838018359328617, 18.80666793067591, 18.842431399964475, 18.859884395550147, 18.864199818438887, 19.13938446034222, 19.328610748466062, 19.419856870857878, 19.462695812144812, 19.48145423532014, 19.482077086905818]","[{""block"": ""rsma"", ""rho"": 1.0, ""gain"": 16.810648062581148}, {""block"": ""star_ris"", ""rho"": 4.0, ""gain"": 0.15800150876614438}, {""block"": ""rsma"", ""rho"": 1.0, ""gain"": 3.552713678800501e-15}, {""block"": ""star_ris"", ""rho"": 16.0, ""gain"": 0.03576346928856111}, {""block"": ""rsma"", ""rho"": 1.0, ""gain"": 0.0}, {""block"": ""star_ris"", ""rho"": 32.0, ""gain"": 0.01745299558567126}, {""block"": ""rsma"", ""rho"": 1.0, ""gain"": 0.0}, {""block"": ""star_ris"", ""rho"": 128.0, ""gain"": 0.004315422888740983}, {""block"": ""rsma"", ""rho"": 1.0, ""gain"": 0.0}, {""block"": ""star_ris"", ""rho"": 1.0, ""gain"": 0.27518464190333347}, {""block"": ""rsma"", ""rho"": 1.0, ""gain"": 3.552713678800501e-15}, {""block"": ""star_ris"", ""rho"": 1.0, ""gain"": 0.18922628812383735}, {""block"": ""rsma"", ""rho"": 1.0, ""gain"": -7.105427357601002e-15}, {""block"": ""star_ris"", ""rho"": 4.0, ""gain"": 0.09124612239182284}, {""block"": ""rsma"", ""rho"": 1.0, ""gain"": 0.0}, {""block"": ""star_ris"", ""rho"": 8.0, ""gain"": 0.04283894128693433}, {""block"": ""rsma"", ""rho"": 1.0, ""gain"": 0.0}, {""block"": ""star_ris"", ""rho"": 16.0, ""gain"": 0.01875842317532772}, {""block"": ""rsma"", ""rho"": 1.0, ""gain"": 0.0}, {""block"": ""star_ris"", ""rho"": 32.0, ""gain"": 0.000622851585678319}]",{},2251.450158,895cf8987087c169d7023476c078ebabf24f99fbbc30b65ad7fae1097d95a6fe,fc61d5cda7da39530055bae9bd0e92865f995cd9,f4c80269e5fb3cf553900b2e82f235af875b7c2e33b4ff71ec5d85cc25eb2b4e
ao_sca,128,10000,999,test,19.441624402549223,19.441624402549223,1.0,True,0.0,9,7104,18,ao_sca_proximal_physical,analytical_ris_equal_allocation,"[1.8380179289004064, 19.133082133756705, 19.14040983723673, 19.29841577178306, 19.315395180323463, 19.370614266552266, 19.384481548797993, 19.410418190449185, 19.44100735202516, 19.441624402549223]","[{""block"": ""rsma"", ""rho"": 1.0, ""gain"": 17.103079932478224}, {""block"": ""star_ris"", ""rho"": 1.0, ""gain"": 0.19198427237807536}, {""block"": ""rsma"", ""rho"": 1.0, ""gain"": -3.552713678800501e-15}, {""block"": ""star_ris"", ""rho"": 1.0, ""gain"": 0.007327703480029868}, {""block"": ""rsma"", ""rho"": 1.0, ""gain"": -7.105427357601002e-15}, {""block"": ""star_ris"", ""rho"": 1.0, ""gain"": 0.15800593454633471}, {""block"": ""rsma"", ""rho"": 1.0, ""gain"": 7.105427357601002e-15}, {""block"": ""star_ris"", ""rho"": 4.0, ""gain"": 0.016979408540397145}, {""block"": ""rsma"", ""rho"": 1.0, ""gain"": -3.552713678800501e-15}, {""block"": ""star_ris"", ""rho"": 1.0, ""gain"": 0.05521908622880645}, {""block"": ""rsma"", ""rho"": 1.0, ""gain"": 0.0}, {""block"": ""star_ris"", ""rho"": 32.0, ""gain"": 0.013867282245726642}, {""block"": ""rsma"", ""rho"": 1.0, ""gain"": 0.0}, {""block"": ""star_ris"", ""rho"": 4.0, ""gain"": 0.02593664165119236}, {""block"": ""rsma"", ""rho"": 1.0, ""gain"": 0.0}, {""block"": ""star_ris"", ""rho"": 2.0, ""gain"": 0.0305891615759748}, {""block"": ""rsma"", ""rho"": 1.0, ""gain"": 0.0}, {""block"": ""star_ris"", ""rho"": 2.0, ""gain"": 0.0006170505240632451}]",{},2030.296835,895cf8987087c169d7023476c078ebabf24f99fbbc30b65ad7fae1097d95a6fe,fc61d5cda7da39530055bae9bd0e92865f995cd9,f4c80269e5fb3cf553900b2e82f235af875b7c2e33b4ff71ec5d85cc25eb2b4e
