method,n_ris,seed,scenario,split,sum_rate,reward,qos_fraction,all_qos,violation,iterations,evaluations,accepted_steps,solver,initialization,objective_history,surrogate_records,grid,solve_ms,config_hash,git_commit,bank_checksum
ao_sca,128,10000,0,test,19.44474781494201,19.44474781494201,1.0,True,0.0,12,9476,17,ao_sca_proximal_physical,analytical_ris_equal_allocation,"[1.8380124486836824, 18.816443239150715, 18.83991564748915, 19.019436503069564, 19.252686106530533, 19.255520217425246, 19.2812730016108, 19.31612037484776, 19.39120475321867, 19.430250695170006, 19.439183034616573, 19.444281252566366, 19.444747814942012]","[{""block"": ""rsma"", ""rho"": 1.0, ""gain"": 16.788426301897122}, {""block"": ""star_ris"", ""rho"": 1.0, ""gain"": 0.1900044885699117}, {""block"": ""rsma"", ""rho"": 1.0, ""gain"": 0.0}, {""block"": ""star_ris"", ""rho"": 1.0, ""gain"": 0.023472408338435002}, {""block"": ""rsma"", ""rho"": 1.0, ""gain"": 0.0}, {""block"": ""star_ris"", ""rho"": 1.0, ""gain"": 0.17952085558041375}, {""block"": ""rsma"", ""rho"": 1.0, ""gain"": 0.0}, {""block"": ""star_ris"", ""rho"": 1.0, ""gain"": 0.233249603460969}, {""block"": ""rsma"", ""rho"": 1.0, ""gain"": 0.0}, {""block"": ""star_ris"", ""rho"": 8.0, ""gain"": 0.0028341108947138594}, {""block"": ""rsma"", ""rho"": 1.0, ""gain"": 0.0}, {""block"": ""star_ris"", ""rho"": 2.0, ""gain"": 0.025752784185552713}, {""block"": ""rsma"", ""rho"": 1.0, ""gain"": 0.0}, {""block"": ""star_ris"", ""rho"": 2.0, ""gain"": 0.03484737323696052}, {""block"": ""rsma"", ""rho"": 1.0, ""gain"": 0.0}, {""block"": ""star_ris"", ""rho"": 2.0, ""gain"": 0.07508437837091009}, {""block"": ""rsma"", ""rho"": 1.0, ""gain"": -3.552713678800501e-15}, {""block"": ""star_ris"", ""rho"": 8.0, ""gain"": 0.03904594195133981}, {""block"": ""rsma"", ""rho"": 1.0, ""gain"": 0.0}, {""block"": ""star_ris"", ""rho"": 16.0, ""gain"": 0.008932339446566573}, {""block"": ""rsma"", ""rho"": 1.0, ""gain"": 0.0}, {""block"": ""star_ris"", ""rho"": 8.0, ""gain"": 0.005098217949793593}, {""block"": ""rsma"", ""rho"": 1.0, ""gain"": 0.0}, {""block"": ""star_ris"", ""rho"": 8.0, ""gain"": 0.00046656237564590697}]",{},5118.820939,895cf8987087c169d7023476c078ebabf24f99fbbc30b65ad7fae1097d95a6fe,fc61d5cda7da39530055bae9bd0e92865f995cd9,f4c80269e5fb3cf553900b2e82f235af875b7c2e33b4ff71ec5d85cc25eb2b4e
ao_sca,128,10000,1,test,19.73751850906285,19.73751850906285,1.0,True,0.0,19,15002,31,ao_sca_proximal_physical,analytical_ris_equal_allocation,"[1.8380190603397801, 19.044125133387645, 19.082833472442175, 19.101639235788856, 19.179606431934754, 19.18658491046851, 19.27769336232405, 19.4369803559649, 19.44198167654654, 19.461421821623134, 19.53338794704647, 19.564941095434815, 19.56727854249462, 19.579812773769046, 19.58464564700102, 19.63238330165741, 19.652552132466877, 19.714820515170562, 19.73589147730366, 19.73751850906285]","[{""block"": ""rsma"", ""rho"": 1.0, ""gain"": 17.123739433987264}, {""block"": ""star_ris"", ""rho"": 8.0, ""gain"": 0.08236663906060215}, {""block"": ""rsma"", ""rho"": 1.0, ""gain"": 0.0}, {""block"": ""star_ris"", ""rho"": 16.0, ""gain"": 0.03870833905452997}, {""block"": ""rsma"", ""rho"": 1.0, ""gain"": 0.0}, {""block"": ""star_ris"", ""rho"": 32.0, ""gain"": 0.018805763346680493}, {""block"": ""rsma"", ""rho"": 1.0, ""gain"": 0.0}, {""block"": ""star_ris"", ""rho"": 1.0, ""gain"": 0.07796719614589875}, {""block"": ""rsma"", ""rho"": 1.0, ""gain"": -3.552713678800501e-15}, {""block"": ""star_ris"", ""rho"": 4.0, ""gain"": 0.006978478533760324}, {""block"": ""rsma"", ""rho"": 1.0, ""gain"": 0.0}, {""block"": ""star_ris"", ""rho"": 1.0, ""gain"": 0.09110845185553984}, {""block"": ""rsma"", ""rho"": 1.0, ""gain"": 0.0}, {""block"": ""star_ris"", ""rho"": 1.0, ""gain"": 0.15928699364084764}, {""block"": ""rsma"", ""rho"": 1.0, ""gain"": 3.552713678800501e-15}, {""block"": ""star_ris"", ""rho"": 4.0, ""gain"": 0.005001320581637714}, {""block"": ""rsma"", ""rho"": 1.0, ""gain"": -3.552713678800501e-15}, {""block"": ""star_ris"", ""rho"": 1.0, ""gain"": 0.019440145076597304}, {""block"": ""rsma"", ""rho"": 1.0, ""gain"": 3.552713678800501e-15}, {""block"": ""star_ris"", ""rho"": 4.0, ""gain"": 0.0719661254233337}, {""block"": ""rsma"", ""rho"": 1.0, ""gain"": 0.0}, {""block"": ""star_ris"", ""rho"": 1.0, ""gain"": 0.031553148388344}, {""block"": ""rsma"", ""rho"": 1.0, ""gain"": 0.0}, {""block"": ""star_ris"", ""rho"": 8.0, ""gain"": 0.002337447059804987}, {""block"": ""rsma"", ""rho"": 1.0, ""gain"": -7.105427357601002e-15}, {""block"": ""star_ris"", ""rho"": 2.0, ""gain"": 0.012534231274432983}, {""block"": ""rsma"", ""rho"": 1.0, ""gain"": -3.552713678800501e-15}, {""block"": ""star_ris"", ""rho"": 4.0, ""gain"": 0.004832873231979562}, {""block"": ""rsma"", ""rho"": 1.0, ""gain"": 0.0}, {""block"": ""star_ris"", ""rho"": 1.0, ""gain"": 0.04773765465638746}, {""block"": ""rsma"", ""rho"": 1.0, ""gain"": 0.0}, {""block"": ""star_ris"", ""rho"": 2.0, ""gain"": 0.02016883080946741}, {""block"": ""rsma"", ""rho"": 1.0, ""gain"": 0.0}, {""block"": ""star_ris"", ""rho"": 4.0, ""gain"": 0.06226838270368518}, {""block"": ""rsma"", ""rho"": 1.0, ""gain"": 0.0}, {""block"": ""star_ris"", ""rho"": 1.0, ""gain"": 0.021070962133098448}, {""block"": ""rsma"", ""rho"": 1.0, ""gain"": 3.552713678800501e-15}, {""block"": ""star_ris"", ""rho"": 4.0, ""gain"": 0.0016270317591846606}]",{},8136.830172,895cf8987087c169d7023476c078ebabf24f99fbbc30b65ad7fae1097d95a6fe,fc61d5cda7da39530055bae9bd0e92865f995cd9,f4c80269e5fb3cf553900b2e82f235af875b7c2e33b4ff71ec5d85cc25eb2b4e
ao_sca,128,10000,2,test,19.74888594342589,19.74888594342589,1.0,True,0.0,8,6317,16,ao_sca_proximal_physical,analytical_ris_equal_allocation,"[1.838025329151331, 19.339832275204813, 19.437061515318007, 19.453673615619063, 19.49278561927476, 19.648581256217597, 19.717570365622837, 19.748305556885338, 19.74888594342589]","[{""block"": ""rsma"", ""rho"": 1.0, ""gain"": 17.406852178336273}, {""block"": ""star_ris"", ""rho"": 1.0, ""gain"": 0.09495476771720845}, {""block"": ""rsma"", ""rho"": 1.0, ""gain"": 0.0}, {""block"": ""star_ris"", ""rho"": 4.0, ""gain"": 0.09722924011319378}, {""block"": ""rsma"", ""rho"": 1.0, ""gain"": 0.0}, {""block"": ""star_ris"", ""rho"": 1.0, ""gain"": 0.016612100301056643}, {""block"": ""rsma"", ""rho"": 1.0, ""gain"": 0.0}, {""block"": ""star_ris"", ""rho"": 1.0, ""gain"": 0.03911200365569556}, {""block"": ""rsma"", ""rho"": 1.0, ""gain"": 0.0}, {""block"": ""star_ris"", ""rho"": 2.0, ""gain"": 0.1557956369428375}, {""block"": ""rsma"", ""rho"": 1.0, ""gain"": 3.552713678800501e-15}, {""block"": ""star_ris"", ""rho"": 4.0, ""gain"": 0.06898910940523706}, {""block"": ""rsma"", ""rho"": 1.0, ""gain"": 0.0}, {""block"": ""star_ris"", ""rho"": 8.0, ""gain"": 0.030735191262500905}, {""block"": ""rsma"", ""rho"": 1.0, ""gain"": 0.0}, {""block"": ""star_ris"", ""rho"": 16.0, ""gain"": 0.0005803865405518138}]",{},3398.022312,895cf8987087c169d7023476c078ebabf24f99fbbc30b65ad7fae1097d95a6fe,fc61d5cda7da39530055bae9bd0e92865f995cd9,f4c80269e5fb3cf553900b2e82f235af875b7c2e33b4ff71ec5d85cc25eb2b4e
ao_sca,128,10000,3,test,19.842179704442945,19.842179704442945,1.0,True,0.0,6,4732,11,ao_sca_proximal_physical,analytical_ris_equal_allocation,"[1.8380298897598084, 19.668597661499287, 19.690698795919957, 19.713858546134528, 19.738618017435048, 19.841296388552166, 19.842179704442945]","[{""block"": ""rsma"", ""rho"": 1.0, ""gain"": 17.4769162799189}, {""block"": ""star_ris"", ""rho"": 1.0, ""gain"": 0.3536514918205782}, {""block"": ""rsma"", ""rho"": 1.0, ""gain"": 0.0}, {""block"": ""star_ris"", ""rho"": 1.0, ""gain"": 0.02210113442066941}, {""block"": ""rsma"", ""rho"": 1.0, ""gain"": 0.0}, {""block"": ""star_ris"", ""rho"": 1.0, ""gain"": 0.023159750214571062}, {""block"": ""rsma"", ""rho"": 1.0, ""gain"": 0.0}, {""block"": ""star_ris"", ""rho"": 1.0, ""gain"": 0.02475947130051992}, {""block"": ""rsma"", ""rho"": 1.0, ""gain"": 0.0}, {""block"": ""star_ris"", ""rho"": 1.0, ""gain"": 0.10267837111711842}, {""block"": ""rsma"", ""rho"": 1.0, ""gain"": 0.0}, {""block"": ""star_ris"", ""rho"": 8.0, ""gain"": 0.0008833158907783911}]",{},2674.13974,895cf8987087c169d7023476c078ebabf24f99fbbc30b65ad7fae1097d95a6fe,fc61d5cda7da39530055bae9bd0e92865f995cd9,f4c80269e5fb3cf553900b2e82f235af875b7c2e33b4ff71ec5d85cc25eb2b4e
ao_sca,128,10000,4,test,19.49542766709934,19.49542766709934,1.0,True,0.0,9,7115,17,ao_sca_proximal_physical,analytical_ris_equal_allocation,"[1.8380198442728397, 18.990597528453456, 19.272436615080075, 19.338838059602633, 19.363427484494476, 19.42208954944071, 19.446960756730846, 19.460221963893787, 19.495427208734945, 19.49542766709934]","[{""block"": ""rsma"", ""rho"": 1.0, ""gain"": 16.993921586340623}, {""block"": ""star_ris"", ""rho"": 1.0, ""gain"": 0.15865609783999446}, {""block"": ""rsma"", ""rho"": 1.0, ""gain"": 0.0}, {""block"": ""star_ris"", ""rho"": 2.0, ""gain"": 0.2818390866266185}, {""block"": ""rsma"", ""rho"": 1.0, ""gain"": 0.0}, {""block"": ""star_ris"", ""rho"": 4.0, ""gain"": 0.06640144452255825}, {""block"": ""rsma"", ""rho"": 1.0, ""gain"": 3.552713678800501e-15}, {""block"": ""star_ris"", ""rho"": 4.0, ""gain"": 0.024589424891839684}, {""block"": ""rsma"", ""rho"": 1.0, ""gain"": 0.0}, {""block"": ""star_ris"", ""rho"": 4.0, ""gain"": 0.05866206494623327}, {""block"": ""rsma"", ""rho"": 1.0, ""gain"": 0.0}, {""block"": ""star_ris"", ""rho"": 4.0, ""gain"": 0.024871207290136255}, {""block"": ""rsma"", ""rho"": 1.0, ""gain"": 0.0}, {""block"": ""star_ris"", ""rho"": 32.0, ""gain"": 0.013261207162940991}, {""block"": ""rsma"", ""rho"": 1.0, ""gain"": 0.0}, {""block"": ""star_ris"", ""rho"": 4.0, ""gain"": 0.03520524484115839}, {""block"": ""rsma"", ""rho"": 1.0, ""gain"": -3.552713678800501e-15}, {""block"": ""star_ris"", ""rho"": 64.0, ""gain"": 4.5836439710456034e-07}]",{},3902.689509,895cf8987087c169d7023476c078ebabf24f99fbbc30b65ad7fae1097d95a6fe,fc61d5cda7da39530055bae9bd0e92865f995cd9,f4c80269e5fb3cf553900b2e82f235af875b7c2e33b4ff71ec5d85cc25eb2b4e
ao_sca,128,10000,5,test,19.138938583007928,19.138938583007928,1.0,True,0.0,2,1582,4,ao_sca_proximal_physical,analytical_ris_equal_allocation,"[1.8380208629663182, 19.137659758039476, 19.138938583007928]","[{""block"": ""rsma"", ""rho"": 1.0, ""gain"": 17.183274191687154}, {""block"": ""star_ris"", ""rho"": 4.0, ""gain"": 0.11636470338600446}, {""block"": ""rsma"", ""rho"": 1.0, ""gain"": 0.0}, {""block"": ""star_ris"", ""rho"": 8.0, ""gain"": 0.001278824968451886}]",{},850.031327,895cf8987087c169d7023476c078ebabf24f99fbbc30b65ad7fae1097d95a6fe,fc61d5cda7da39530055bae9bd0e92865f995cd9,f4c80269e5fb3cf553900b2e82f235af875b7c2e33b4ff71ec5d85cc25eb2b4e
ao_sca,128,10000,6,test,19.440778114249728,19.440778114249728,1.0,True,0.0,12,9485,23,ao_sca_proximal_physical,analytical_ris_equal_allocation,"[1.8380203188574484, 19.07593228138248, 19.081124780497937, 19.111419499639133, 19.186687052654744, 19.316797909439313, 19.355635560005116, 19.3651396645799, 19.39359201541617, 19.402646870774987, 19.404830958350445, 19.4405605691108, 19.440778114249728]","[{""block"": ""rsma"", ""rho"": 1.0, ""gain"": 17.186576165866708}, {""block"": ""star_ris"", ""rho"": 8.0, ""gain"": 0.051335796658324995}, {""block"": ""rsma"", ""rho"": 1.0, ""gain"": 0.0}, {""block"": ""star_ris"", ""rho"": 4.0, ""gain"": 0.005192499115455718}, {""block"": ""rsma"", ""rho"": 1.0, ""gain"": 0.0}, {""block"": ""star_ris"", ""rho"": 16.0, ""gain"": 0.03029471914119597}, {""block"": ""rsma"", ""rho"": 1.0, ""gain"": 0.0}, {""block"": ""star_ris"", ""rho"": 1.0, ""gain"": 0.07526755301561039}, {""block"": ""rsma"", ""rho"": 1.0, ""gain"": 0.0}, {""block"": ""star_ris"", ""rho"": 4.0, ""gain"": 0.1301108567845688}, {""block"": ""rsma"", ""rho"": 1.0, ""gain"": 0.0}, {""block"": ""star_ris"", ""rho"": 8.0, ""gain"": 0.03883765056580302}, {""block"": ""rsma"", ""rho"": 1.0, ""gain"": 3.552713678800501e-15}, {""block"": ""star_ris"", ""rho"": 8.0, ""gain"": 0.00950410457478057}, {""block"": ""rsma"", ""rho"": 1.0, ""gain"": 0.0}, {""block"": ""star_ris"", ""rho"": 16.0, ""gain"": 0.028452350836271734}, {""block"": ""rsma"", ""rho"": 1.0, ""gain"": 0.0}, {""block"": ""star_ris"", ""rho"": 8.0, ""gain"": 0.009054855358815672}, {""block"": ""rsma"", ""rho"": 1.0, ""gain"": 0.0}, {""block"": ""star_ris"", ""rho"": 2.0, ""gain"": 0.0021840875754577382}, {""block"": ""rsma"", ""rho"": 1.0, ""gain"": 0.0}, {""block"": ""star_ris"", ""rho"": 2.0, ""gain"": 0.03572961076035597}, {""block"": ""rsma"", ""rho"": 1.0, ""gain"": 0.0}, {""block"": ""star_ris"", ""rho"": 4.0, ""gain"": 0.0002175451389270222}]",{},5441.634208,895cf8987087c169d7023476c078ebabf24f99fbbc30b65ad7fae1097d95a6fe,fc61d5cda7da39530055bae9bd0e92865f995cd9,f4c80269e5fb3cf553900b2e82f235af875b7c2e33b4ff71ec5d85cc25eb2b4e
ao_sca,128,10000,7,test,19.856470959043595,19.856470959043595,1.0,True,0.0,12,9468,22,ao_sca_proximal_physical,analytical_ris_equal_allocation,"[1.8380231345146751, 19.404179694173166, 19.484062967234763, 19.49096595203688, 19.516958680791582, 19.589369378974133, 19.61198547184162, 19.64858405607794, 19.743741874991834, 19.778049457898717, 19.853806884808712, 19.855900440911263, 19.856470959043595]","[{""block"": ""rsma"", ""rho"": 1.0, ""gain"": 17.12207634039967}, {""block"": ""star_ris"", ""rho"": 1.0, ""gain"": 0.44408021925882224}, {""block"": ""rsma"", ""rho"": 1.0, ""gain"": -3.552713678800501e-15}, {""block"": ""star_ris"", ""rho"": 1.0, ""gain"": 0.07988327306160059}, {""block"": ""rsma"", ""rho"": 1.0, ""gain"": 0.0}, {""block"": ""star_ris"", ""rho"": 2.0, ""gain"": 0.006902984802117373}, {""block"": ""rsma"", ""rho"": 1.0, ""gain"": 0.0}, {""block"": ""star_ris"", ""rho"": 1.0, ""gain"": 0.02599272875470149}, {""block"": ""rsma"", ""rho"": 1.0, ""gain"": 0.0}, {""block"": ""star_ris"", ""rho"": 1.0, ""gain"": 0.07241069818255141}, {""block"": ""rsma"", ""rho"": 1.0, ""gain"": 0.0}, {""block"": ""star_ris"", ""rho"": 2.0, ""gain"": 0.022616092867487225}, {""block"": ""rsma"", ""rho"": 1.0, ""gain"": 0.0}, {""block"": ""star_ris"", ""rho"": 1.0, ""gain"": 0.036598584236319454}, {""block"": ""rsma"", ""rho"": 1.0, ""gain"": 0.0}, {""block"": ""star_ris"", ""rho"": 1.0, ""gain"": 0.09515781891389352}, {""block"": ""rsma"", ""rho"": 1.0, ""gain"": -3.552713678800501e-15}, {""block"": ""star_ris"", ""rho"": 2.0, ""gain"": 0.03430758290688729}, {""block"": ""rsma"", ""rho"": 1.0, ""gain"": 0.0}, {""block"": ""star_ris"", ""rho"": 1.0, ""gain"": 0.07575742690999476}, {""block"": ""rsma"", ""rho"": 1.0, ""gain"": 0.0}, {""block"": ""star_ris"", ""rho"": 16.0, ""gain"": 0.0020935561025510196}, {""block"": ""rsma"", ""rho"": 1.0, ""gain"": 0.0}, {""block"": ""star_ris"", ""rho"": 16.0, ""gain"": 0.0005705181323314434}]",{},5100.877708,895cf8987087c169d7023476c078ebabf24f99fbbc30b65ad7fae1097d95a6fe,fc61d5cda7da39530055bae9bd0e92865f995cd9,f4c80269e5fb3cf553900b2e82f235af875b7c2e33b4ff71ec5d85cc25eb2b4e
ao_sca,128,10000,8,test,20.265350212365203,20.265350212365203,1.0,True,0.0,20,15789,38,ao_sca_proximal_physical,analytical_ris_equal_allocation,"[1.8380329859318971, 19.596132384157734, 19.702116238262906, 19.86175493985711, 19.906435324064127, 19.985647173462162, 20.03289674278526, 20.07778718712781, 20.099529797053762, 20.10624768522955, 20.171593154244043, 20.184088397800274, 20.19317975517372, 20.196185006056957, 20.201538804879252, 20.206033355196837, 20.21599836336525, 20.241629350481144, 20.248672482154248, 20.260932183295456, 20.265350212365203]","[{""block"": ""rsma"", ""rho"": 1.0, ""gain"": 17.73478981903403}, {""block"": ""star_ris"", ""rho"": 2.0, ""gain"": 0.023309579191806762}, {""block"": ""rsma"", ""rho"": 1.0, ""gain"": 0.0}, {""block"": ""star_ris"", ""rho"": 1.0, ""gain"": 0.10598385410517253}, {""block"": ""rsma"", ""rho"": 1.0, ""gain"": -3.552713678800501e-15}, {""block"": ""star_ris"", ""rho"": 1.0, ""gain"": 0.1596387015942078}, {""block"": ""rsma"", ""rho"": 1.0, ""gain"": 0.0}, {""block"": ""star_ris"", ""rho"": 1.0, ""gain"": 0.04468038420701603}, {""block"": ""rsma"", ""rho"": 1.0, ""gain"": 3.552713678800501e-15}, {""block"": ""star_ris"", ""rho"": 1.0, ""gain"": 0.07921184939803183}, {""block"": ""rsma"", ""rho"": 1.0, ""gain"": 0.0}, {""block"": ""star_ris"", ""rho"": 1.0, ""gain"": 0.0472495693230961}, {""block"": ""rsma"", ""rho"": 1.0, ""gain"": -3.552713678800501e-15}, {""block"": ""star_ris"", ""rho"": 4.0, ""gain"": 0.04489044434255618}, {""block"": ""rsma"", ""rho"": 1.0, ""gain"": 3.552713678800501e-15}, {""block"": ""star_ris"", ""rho"": 1.0, ""gain"": 0.021742609925947676}, {""block"": ""rsma"", ""rho"": 1.0, ""gain"": 0.0}, {""block"": ""star_ris"", ""rho"": 2.0, ""gain"": 0.006717888175789}, {""block"": ""rsma"", ""rho"": 1.0, ""gain"": -3.552713678800501e-15}, {""block"": ""star_ris"", ""rho"": 4.0, ""gain"": 0.06534546901449545}, {""block"": ""rsma"", ""rho"": 1.0, ""gain"": 3.552713678800501e-15}, {""block"": ""star_ris"", ""rho"": 8.0, ""gain"": 0.01249524355622711}, {""block"": ""rsma"", ""rho"": 1.0, ""gain"": 0.0}, {""block"": ""star_ris"", ""rho"": 4.0, ""gain"": 0.00909135737344613}, {""block"": ""rsma"", ""rho"": 1.0, ""gain"": -3.552713678800501e-15}, {""block"": ""star_ris"", ""rho"": 16.0, ""gain"": 0.0030052508832412173}, {""block"": ""rsma"", ""rho"": 1.0, ""gain"": 0.0}, {""block"": ""star_ris"", ""rho"": 8.0, ""gain"": 0.0053537988222949195}, {""block"": ""rsma"", ""rho"": 1.0, ""gain"": 0.0}, {""block"": ""star_ris"", ""rho"": 2.0, ""gain"": 0.004494550317584611}, {""block"": ""rsma"", ""rho"": 1.0, ""gain"": -3.552713678800501e-15}, {""block"": ""star_ris"", ""rho"": 4.0, ""gain"": 0.009965008168418166}, {""block"": ""rsma"", ""rho"": 1.0, ""gain"": 3.552713678800501e-15}, {""block"": ""star_ris"", ""rho"": 1.0, ""gain"": 0.02563098711588907}, {""block"": ""rsma"", ""rho"": 1.0, ""gain"": 0.0}, {""block"": ""star_ris"", ""rho"": 4.0, ""gain"": 0.007043131673103886}, {""block"": ""rsma"", ""rho"": 1.0, ""gain"": 0.0}, {""block"": ""star_ris"", ""rho"": 2.0, ""gain"": 0.012259701141207557}, {""block"": ""rsma"", ""rho"": 1.0, ""gain"": 0.0}, {""block"": ""star_ris"", ""rho"": 16.0, ""gain"": 0.004418029069746865}]",{},8691.281885,895cf8987087c169d7023476c078ebabf24f99fbbc30b65ad7fae1097d95a6fe,fc61d5cda7da39530055bae9bd0e92865f995cd9,f4c80269e5fb3cf553900b2e82f235af875b7c2e33b4ff71ec5d85cc25eb2b4e
ao_sca,128,10000,9,test,19.75602053580148,19.75602053580148,1.0,True,0.0,6,4735,11,ao_sca_proximal_physical,analytical_ris_equal_allocation,"[1.8380261499474375, 19.547563488843743, 19.607955358862228, 19.711060074729428, 19.72201910349699, 19.75444394141785, 19.75602053580148]","[{""block"": ""rsma"", ""rho"": 1.0, ""gain"": 17.215787689370227}, {""block"": ""star_ris"", ""rho"": 1.0, ""gain"": 0.4937496495260767}, {""block"": ""rsma"", ""rho"": 1.0, ""gain"": 7.105427357601002e-15}, {""block"": ""star_ris"", ""rho"": 2.0, ""gain"": 0.06039187001847779}, {""block"": ""rsma"", ""rho"": 1.0, ""gain"": 0.0}, {""block"": ""star_ris"", ""rho"": 1.0, ""gain"": 0.10310471586720027}, {""block"": ""rsma"", ""rho"": 1.0, ""gain"": 0.0}, {""block"": ""star_ris"", ""rho"": 4.0, ""gain"": 0.010959028767562273}, {""block"": ""rsma"", ""rho"": 1.0, ""gain"": 0.0}, {""block"": ""star_ris"", ""rho"": 2.0, ""gain"": 0.03242483792086048}, {""block"": ""rsma"", ""rho"": 1.0, ""gain"": -3.552713678800501e-15}, {""block"": ""star_ris"", ""rho"": 4.0, ""gain"": 0.0015765943836321128}]",{},2665.882544,895cf8987087c169d7023476c078ebabf24f99fbbc30b65ad7fae1097d95a6fe,fc61d5cda7da39530055bae9bd0e92865f995cd9,f4c80269e5fb3cf553900b2e82f235af875b7c2e33b4ff71ec5d85cc25eb2b4e
ao_sca,128,10000,10,test,19.487465190647832,19.487465190647832,1.0,True,0.0,4,3162,6,ao_sca_proximal_physical,analytical_ris_equal_allocation,"[1.8380262534771281, 19.42579816984979, 19.47440988312957, 19.486074224700847, 19.487465190647832]","[{""block"": ""rsma"", ""rho"": 1.0, ""gain"": 17.565349798218286}, {""block"": ""star_ris"", ""rho"": 2.0, ""gain"": 0.022422118154377557}, {""block"": ""rsma"", ""rho"": 1.0, ""gain"": 0.0}, {""block"": ""star_ris"", ""rho"": 8.0, ""gain"": 0.04861171327977942}, {""block"": ""rsma"", ""rho"": 1.0, ""gain"": 0.0}, {""block"": ""star_ris"", ""rho"": 32.0, ""gain"": 0.011664341571275827}, {""block"": ""rsma"", ""rho"": 1.0, ""gain"": 0.0}, {""block"": ""star_ris"", ""rho"": 1.0, ""gain"": 0.0013909659469852897}]",{},1863.041059,895cf8987087c169d7023476c078ebabf24f99fbbc30b65ad7fae1097d95a6fe,fc61d5cda7da39530055bae9bd0e92865f995cd9,f4c80269e5fb3cf553900b2e82f235af875b7c2e33b4ff71ec5d85cc25eb2b4e
ao_sca,128,10000,11,test,19.415399974201424,19.415399974201424,1.0,True,0.0,16,12674,26,ao_sca_proximal_physical,analytical_ris_equal_allocation,"[1.8380221518800326, 19.156434850911424, 19.16371634490803, 19.16733779683895, 19.23846326768878, 19.26788933257316, 19.272416028695805, 19.275669406413733, 19.28285583937032, 19.297017697594832, 19.307478456632445, 19.35688240360342, 19.39293512525792, 19.401059525064035, 19.405871392389557, 19.414091089853187, 19.415399974201424]","[{""block"": ""rsma"", ""rho"": 1.0, ""gain"": 17.28869258626606}, {""block"": ""star_ris"", ""rho"": 16.0, ""gain"": 0.029720112765332374}, {""block"": ""rsma"", ""rho"": 1.0, ""gain"": 0.0}, {""block"": ""star_ris"", ""rho"": 64.0, ""gain"": 0.007281493996604382}, {""block"": ""rsma"", ""rho"": 1.0, ""gain"": 0.0}, {""block"": ""star_ris"", ""rho"": 128.0, ""gain"": 0.003621451930921893}, {""block"": ""rsma"", ""rho"": 1.0, ""gain"": 0.0}, {""block"": ""star_ris"", ""rho"": 4.0, ""gain"": 0.07112547084982879}, {""block"": ""rsma"", ""rho"": 1.0, ""gain"": 0.0}, {""block"": ""star_ris"", ""rho"": 16.0, ""gain"": 0.0294260648843796}, {""block"": ""rsma"", ""rho"": 1.0, ""gain"": 0.0}, {""block"": ""star_ris"", ""rho"": 32.0, ""gain"": 0.004526696122646001}, {""block"": ""rsma"", ""rho"": 1.0, ""gain"": 0.0}, {""block"": ""star_ris"", ""rho"": 8.0, ""gain"": 0.0032533777179288847}, {""block"": ""rsma"", ""rho"": 1.0, ""gain"": 0.0}, {""block"": ""star_ris"", ""rho"": 64.0, ""gain"": 0.007186432956586941}, {""block"": ""rsma"", ""rho"": 1.0, ""gain"": 0.0}, {""block"": ""star_ris"", ""rho"": 32.0, ""gain"": 0.014161858224511548}, {""block"": ""rsma"", ""rho"": 1.0, ""gain"": 0.0}, {""block"": ""star_ris"", ""rho"": 4.0, ""gain"": 0.010460759037613343}, {""block"": ""rsma"", ""rho"": 1.0, ""gain"": -3.552713678800501e-15}, {""block"": ""star_ris"", ""rho"": 8.0, ""gain"": 0.04940394697097972}, {""block"": ""rsma"", ""rho"": 1.0, ""gain"": 0.0}, {""block"": ""star_ris"", ""rho"": 8.0, ""gain"": 0.036052721654499464}, {""block"": ""rsma"", ""rho"": 1.0, ""gain"": 0.0}, {""block"": ""star_ris"", ""rho"": 16.0, ""gain"": 0.008124399806114013}, {""block"": ""rsma"", ""rho"": 1.0, ""gain"": 0.0}, {""block"": ""star_ris"", ""rho"": 4.0, ""gain"": 0.004811867325521746}, {""block"": ""rsma"", ""rho"": 1.0, ""gain"": 0.0}, {""block"": ""star_ris"", ""rho"": 32.0, ""gain"": 0.008219697463630382}, {""block"": ""rsma"", ""rho"": 1.0, ""gain"": 0.0}, {""block"": ""star_ris"", ""rho"": 16.0, ""gain"": 0.0013088843482371715}]",{},7088.439415,895cf8987087c169d7023476c078ebabf24f99fbbc30b65ad7fae1097d95a6fe,fc61d5cda7da39530055bae9bd0e92865f995cd9,f4c80269e5fb3cf553900b2e82f235af875b7c2e33b4ff71ec5d85cc25eb2b4e
ao_sca,128,10000,12,test,19.886219903058425,19.886219903058425,1.0,True,0.0,13,10270,23,ao_sca_proximal_physical,analytical_ris_equal_allocation,"[1.8380243147534385, 19.084225476333117, 19.112771697815912, 19.477907998027696, 19.50511676886989, 19.618054009691804, 19.651709950530805, 19.71221371327257, 19.80091171100078, 19.83736391526446, 19.870761659758376, 19.87522766807609, 19.88555150374068, 19.886219903058425]","[{""block"": ""rsma"", ""rho"": 1.0, ""gain"": 17.121249681061926}, {""block"": ""star_ris"", ""rho"": 4.0, ""gain"": 0.12495148051775118}, {""block"": ""rsma"", ""rho"": 1.0, ""gain"": 0.0}, {""block"": ""star_ris"", ""rho"": 16.0, ""gain"": 0.028546221482795175}, {""block"": ""rsma"", ""rho"": 1.0, ""gain"": 0.0}, {""block"": ""star_ris"", ""rho"": 1.0, ""gain"": 0.365136300211784}, {""block"": ""rsma"", ""rho"": 1.0, ""gain"": 0.0}, {""block"": ""star_ris"", ""rho"": 2.0, ""gain"": 0.02720877084219353}, {""block"": ""rsma"", ""rho"": 1.0, ""gain"": 0.0}, {""block"": ""star_ris"", ""rho"": 1.0, ""gain"": 0.11293724082191403}, {""block"": ""rsma"", ""rho"": 1.0, ""gain"": 0.0}, {""block"": ""star_ris"", ""rho"": 1.0, ""gain"": 0.03365594083900092}, {""block"": ""rsma"", ""rho"": 1.0, ""gain"": 3.552713678800501e-15}, {""block"": ""star_ris"", ""rho"": 2.0, ""gain"": 0.06050376274176017}, {""block"": ""rsma"", ""rho"": 1.0, ""gain"": -3.552713678800501e-15}, {""block"": ""star_ris"", ""rho"": 2.0, ""gain"": 0.08869799772821452}, {""block"": ""rsma"", ""rho"": 1.0, ""gain"": 0.0}, {""block"": ""star_ris"", ""rho"": 4.0, ""gain"": 0.03645220426368212}, {""block"": ""rsma"", ""rho"": 1.0, ""gain"": 0.0}, {""block"": ""star_ris"", ""rho"": 4.0, ""gain"": 0.033397744493914416}, {""block"": ""rsma"", ""rho"": 1.0, ""gain"": 0.0}, {""block"": ""star_ris"", ""rho"": 8.0, ""gain"": 0.004466008317713488}, {""block"": ""rsma"", ""rho"": 1.0, ""gain"": 0.0}, {""block"": ""star_ris"", ""rho"": 64.0, ""gain"": 0.010323835664589609}, {""block"": ""rsma"", ""rho"": 1.0, ""gain"": 0.0}, {""block"": ""star_ris"", ""rho"": 8.0, ""gain"": 0.0006683993177460934}]",{},5844.459469,895cf8987087c169d7023476c078ebabf24f99fbbc30b65ad7fae1097d95a6fe,fc61d5cda7da39530055bae9bd0e92865f995cd9,f4c80269e5fb3cf553900b2e82f235af875b7c2e33b4ff71ec5d85cc25eb2b4e
ao_sca,128,10000,13,test,20.10607080983034,20.10607080983034,1.0,True,0.0,15,11840,28,ao_sca_proximal_physical,analytical_ris_equal_allocation,"[1.8380282650008486, 19.431145738709088, 19.52815097655849, 19.560836299184558, 19.57353543170035, 19.647048533991896, 19.72311344695297, 19.75070498286695, 19.877114660794838, 19.931328590392333, 19.93586331184022, 19.98725249018808, 20.001605203368957, 20.09575291411891, 20.10415493786102, 20.10607080983034]","[{""block"": ""rsma"", ""rho"": 1.0, ""gain"": 17.575064377049692}, {""block"": ""star_ris"", ""rho"": 4.0, ""gain"": 0.01805309665854793}, {""block"": ""rsma"", ""rho"": 1.0, ""gain"": 0.0}, {""block"": ""star_ris"", ""rho"": 4.0, ""gain"": 0.09700523784940174}, {""block"": ""rsma"", ""rho"": 1.0, ""gain"": -3.552713678800501e-15}, {""block"": ""star_ris"", ""rho"": 4.0, ""gain"": 0.03268532262607238}, {""block"": ""rsma"", ""rho"": 1.0, ""gain"": 0.0}, {""block"": ""star_ris"", ""rho"": 2.0, ""gain"": 0.012699132515791689}, {""block"": ""rsma"", ""rho"": 1.0, ""gain"": 0.0}, {""block"": ""star_ris"", ""rho"": 1.0, ""gain"": 0.07351310229154606}, {""block"": ""rsma"", ""rho"": 1.0, ""gain"": 0.0}, {""block"": ""star_ris"", ""rho"": 1.0, ""gain"": 0.07606491296107265}, {""block"": ""rsma"", ""rho"": 1.0, ""gain"": 0.0}, {""block"": ""star_ris"", ""rho"": 1.0, ""gain"": 0.02759153591398089}, {""block"": ""rsma"", ""rho"": 1.0, ""gain"": 0.0}, {""block"": ""star_ris"", ""rho"": 1.0, ""gain"": 0.1264096779278887}, {""block"": ""rsma"", ""rho"": 1.0, ""gain"": 0.0}, {""block"": ""star_ris"", ""rho"": 1.0, ""gain"": 0.054213929597494825}, {""block"": ""rsma"", ""rho"": 1.0, ""gain"": 0.0}, {""block"": ""star_ris"", ""rho"": 4.0, ""gain"": 0.004534721447885914}, {""block"": ""rsma"", ""rho"": 1.0, ""gain"": 0.0}, {""block"": ""star_ris"", ""rho"": 1.0, ""gain"": 0.051389178347861275}, {""block"": ""rsma"", ""rho"": 1.0, ""gain"": 0.0}, {""block"": ""star_ris"", ""rho"": 2.0, ""gain"": 0.01435271318087672}, {""block"": ""rsma"", ""rho"": 1.0, ""gain"": 3.552713678800501e-15}, {""block"": ""star_ris"", ""rho"": 4.0, ""gain"": 0.09414771074995087}, {""block"": ""rsma"", ""rho"": 1.0, ""gain"": 0.0}, {""block"": ""star_ris"", ""rho"": 16.0, ""gain"": 0.00840202374210719}, {""block"": ""rsma"", ""rho"": 1.0, ""gain"": -3.552713678800501e-15}, {""block"": ""star_ris"", ""rho"": 8.0, ""gain"": 0.0019158719693237458}]",{},6783.386946,895cf8987087c169d7023476c078ebabf24f99fbbc30b65ad7fae1097d95a6fe,fc61d5cda7da39530055bae9bd0e92865f995cd9,f4c80269e5fb3cf553900b2e82f235af875b7c2e33b4ff71ec5d85cc25eb2b4e
ao_sca,128,10000,14,test,19.554414446883992,19.554414446883992,1.0,True,0.0,5,3945,8,ao_sca_proximal_physical,analytical_ris_equal_allocation,"[1.8380206568953064, 19.202303729681347, 19.403797292053607, 19.53670537267883, 19.553977250955953, 19.554414446883992]","[{""block"": ""rsma"", ""rho"": 1.0, ""gain"": 17.146792054602326}, {""block"": ""star_ris"", ""rho"": 1.0, ""gain"": 0.21749101818371486}, {""block"": ""rsma"", ""rho"": 1.0, ""gain"": 0.0}, {""block"": ""star_ris"", ""rho"": 1.0, ""gain"": 0.20149356237226002}, {""block"": ""rsma"", ""rho"": 1.0, ""gain"": -3.552713678800501e-15}, {""block"": ""star_ris"", ""rho"": 1.0, ""gain"": 0.13290808062522785}, {""block"": ""rsma"", ""rho"": 1.0, ""gain"": 0.0}, {""block"": ""star_ris"", ""rho"": 1.0, ""gain"": 0.01727187827712129}, {""block"": ""rsma"", ""rho"": 1.0, ""gain"": 0.0}, {""block"": ""star_ris"", ""rho"": 16.0, ""gain"": 0.000437195928039813}]",{},2240.445241,895cf8987087c169d7023476c078ebabf24f99fbbc30b65ad7fae1097d95a6fe,fc61d5cda7da39530055bae9bd0e92865f995cd9,f4c80269e5fb3cf553900b2e82f235af875b7c2e33b4ff71ec5d85cc25eb2b4e
ao_sca,128,10000,15,test,19.49645746418692,19.49645746418692,1.0,True,0.0,5,3944,9,ao_sca_proximal_physical,analytical_ris_equal_allocation,"[1.8380222259173145, 19.3294586060725, 19.36752943500086, 19.481399538708153, 19.49520096083347, 19.49645746418692]","[{""block"": ""rsma"", ""rho"": 1.0, ""gain"": 17.06149794625542}, {""block"": ""star_ris"", ""rho"": 1.0, ""gain"": 0.42993843389976405}, {""block"": ""rsma"", ""rho"": 1.0, ""gain"": 0.0}, {""block"": ""star_ris"", ""rho"": 2.0, ""gain"": 0.03807082892836178}, {""block"": ""rsma"", ""rho"": 1.0, ""gain"": 0.0}, {""block"": ""star_ris"", ""rho"": 2.0, ""gain"": 0.113870103707292}, {""block"": ""rsma"", ""rho"": 1.0, ""gain"": 0.0}, {""block"": ""star_ris"", ""rho"": 1.0, ""gain"": 0.0138014221253151}, {""block"": ""rsma"", ""rho"": 1.0, ""gain"": 3.552713678800501e-15}, {""block"": ""star_ris"", ""rho"": 2.0, ""gain"": 0.0012565033534492898}]",{},2249.708455,895cf8987087c169d7023476c078ebabf24f99fbbc30b65ad7fae1097d95a6fe,fc61d5cda7da39530055bae9bd0e92865f995cd9,f4c80269e5fb3cf553900b2e82f235af875b7c2e33b4ff71ec5d85cc25eb2b4e
ao_sca,128,10000,16,test,19.80499187607032,19.80499187607032,1.0,True,0.0,8,6319,14,ao_sca_proximal_physical,analytical_ris_equal_allocation,"[1.838028676499418, 19.57805601680095, 19.726186650363132, 19.737163693108865, 19.75122887147191, 19.768333722652837, 19.7858443461272, 19.804335562588193, 19.80499187607032]","[{""block"": ""rsma"", ""rho"": 1.0, ""gain"": 17.45497797791263}, {""block"": ""star_ris"", ""rho"": 1.0, ""gain"": 0.2850493623889001}, {""block"": ""rsma"", ""rho"": 1.0, ""gain"": 0.0}, {""block"": ""star_ris"", ""rho"": 2.0, ""gain"": 0.14813063356218237}, {""block"": ""rsma"", ""rho"": 1.0, ""gain"": -3.552713678800501e-15}, {""block"": ""star_ris"", ""rho"": 2.0, ""gain"": 0.010977042745736298}, {""block"": ""rsma"", ""rho"": 1.0, ""gain"": 3.552713678800501e-15}, {""block"": ""star_ris"", ""rho"": 8.0, ""gain"": 0.014065178363040332}, {""block"": ""rsma"", ""rho"": 1.0, ""gain"": 0.0}, {""block"": ""star_ris"", ""rho"": 4.0, ""gain"": 0.017104851180928193}, {""block"": ""rsma"", ""rho"": 1.0, ""gain"": 0.0}, {""block"": ""star_ris"", ""rho"": 16.0, ""gain"": 0.01751062347436161}, {""block"": ""rsma"", ""rho"": 1.0, ""gain"": -3.552713678800501e-15}, {""block"": ""star_ris"", ""rho"": 1.0, ""gain"": 0.018491216460997606}, {""block"": ""rsma"", ""rho"": 1.0, ""gain"": 0.0}, {""block"": ""star_ris"", ""rho"": 8.0, ""gain"": 0.0006563134821284677}]",{},3654.376341,895cf8987087c169d7023476c078ebabf24f99fbbc30b65ad7fae1097d95a6fe,fc61d5cda7da39530055bae9bd0e92865f995cd9,f4c80269e5fb3cf553900b2e82f235af875b7c2e33b4ff71ec5d85cc25eb2b4e
ao_sca,128,10000,17,test,19.952578927851548,19.952578927851548,1.0,True,0.0,4,3157,8,ao_sca_proximal_physical,analytical_ris_equal_allocation,"[1.8380329352969966, 19.67701866947182, 19.86171708597133, 19.952186397351873, 19.952578927851548]","[{""block"": ""rsma"", ""rho"": 1.0, ""gain"": 17.752870769126144}, {""block"": ""star_ris"", ""rho"": 1.0, ""gain"": 0.08611496504867944}, {""block"": ""rsma"", ""rho"": 1.0, ""gain"": 0.0}, {""block"": ""star_ris"", ""rho"": 1.0, ""gain"": 0.1846984164995078}, {""block"": ""rsma"", ""rho"": 1.0, ""gain"": 0.0}, {""block"": ""star_ris"", ""rho"": 4.0, ""gain"": 0.09046931138054504}, {""block"": ""rsma"", ""rho"": 1.0, ""gain"": 0.0}, {""block"": ""star_ris"", ""rho"": 4.0, ""gain"": 0.00039253049967413745}]",{},1791.751319,895cf8987087c169d7023476c078ebabf24f99fbbc30b65ad7fae1097d95a6fe,fc61d5cda7da39530055bae9bd0e92865f995cd9,f4c80269e5fb3cf553900b2e82f235af875b7c2e33b4ff71ec5d85cc25eb2b4e
ao_sca,128,10000,18,test,19.546120975563632,19.546120975563632,1.0,True,0.0,10,7889,18,ao_sca_proximal_physical,analytical_ris_equal_allocation,"[1.8380169680939713, 19.248196611580234, 19.25473627737823, 19.257633216770845, 19.297183188160624, 19.35017551088266, 19.374803749314168, 19.408534220978208, 19.411117331696424, 19.546059867635115, 19.546120975563632]","[{""block"": ""rsma"", ""rho"": 1.0, ""gain"": 16.871165614451957}, {""block"": ""star_ris"", ""rho"": 1.0, ""gain"": 0.5390140290343055}, {""block"": ""rsma"", ""rho"": 1.0, ""gain"": 0.0}, {""block"": ""star_ris"", ""rho"": 1.0, ""gain"": 0.006539665797994587}, {""block"": ""rsma"", ""rho"": 1.0, ""gain"": 0.0}, {""block"": ""star_ris"", ""rho"": 4.0, ""gain"": 0.002896939392616815}, {""block"": ""rsma"", ""rho"": 1.0, ""gain"": 0.0}, {""block"": ""star_ris"", ""rho"": 1.0, ""gain"": 0.03954997138977845}, {""block"": ""rsma"", ""rho"": 1.0, ""gain"": 3.552713678800501e-15}, {""block"": ""star_ris"", ""rho"": 1.0, ""gain"": 0.05299232272203369}, {""block"": ""rsma"", ""rho"": 1.0, ""gain"": 0.0}, {""block"": ""star_ris"", ""rho"": 1.0, ""gain"": 0.0246282384315073}, {""block"": ""rsma"", ""rho"": 1.0, ""gain"": 0.0}, {""block"": ""star_ris"", ""rho"": 2.0, ""gain"": 0.03373047166403964}, {""block"": ""rsma"", ""rho"": 1.0, ""gain"": -3.552713678800501e-15}, {""block"": ""star_ris"", ""rho"": 2.0, ""gain"": 0.0025831107182199275}, {""block"": ""rsma"", ""rho"": 1.0, ""gain"": 3.552713678800501e-15}, {""block"": ""star_ris"", ""rho"": 1.0, ""gain"": 0.13494253593868777}, {""block"": ""rsma"", ""rho"": 1.0, ""gain"": -3.552713678800501e-15}, {""block"": ""star_ris"", ""rho"": 16.0, ""gain"": 6.110792851998781e-05}]",{},4560.159021,895cf8987087c169d7023476c078ebabf24f99fbbc30b65ad7fae1097d95a6fe,fc61d5cda7da39530055bae9bd0e92865f995cd9,f4c80269e5fb3cf553900b2e82f235af875b7c2e33b4ff71ec5d85cc25eb2b4e
ao_sca,128,10000,19,test,19.54633281404332,19.54633281404332,1.0,True,0.0,14,11072,26,ao_sca_proximal_physical,analytical_ris_equal_allocation,"[1.8380206031695794, 19.22676676786721, 19.24071571077183, 19.24852478948869, 19.27180716132911, 19.28326103253839, 19.305889211314245, 19.319845719976364, 19.3512383531938, 19.48633120432565, 19.490537412658195, 19.510802840654012, 19.513984350963945, 19.546292017135222, 19.54633281404332]","[{""block"": ""rsma"", ""rho"": 1.0, ""gain"": 17.171354402568305}, {""block"": ""star_ris"", ""rho"": 2.0, ""gain"": 0.21739176212932776}, {""block"": ""rsma"", ""rho"": 1.0, ""gain"": 0.0}, {""block"": ""star_ris"", ""rho"": 8.0, ""gain"": 0.013948942904619344}, {""block"": ""rsma"", ""rho"": 1.0, ""gain"": 0.0}, {""block"": ""star_ris"", ""rho"": 2.0, ""gain"": 0.00780907871686054}, {""block"": ""rsma"", ""rho"": 1.0, ""gain"": 0.0}, {""block"": ""star_ris"", ""rho"": 16.0, ""gain"": 0.023282371840419813}, {""block"": ""rsma"", ""rho"": 1.0, ""gain"": 3.552713678800501e-15}, {""block"": ""star_ris"", ""rho"": 32.0, ""gain"": 0.011453871209276656}, {""block"": ""rsma"", ""rho"": 1.0, ""gain"": 0.0}, {""block"": ""star_ris"", ""rho"": 16.0, ""gain"": 0.02262817877585377}, {""block"": ""rsma"", ""rho"": 1.0, ""gain"": 0.0}, {""block"": ""star_ris"", ""rho"": 1.0, ""gain"": 0.01395650866211895}, {""block"": ""rsma"", ""rho"": 1.0, ""gain"": 3.552713678800501e-15}, {""block"": ""star_ris"", ""rho"": 2.0, ""gain"": 0.031392633217432575}, {""block"": ""rsma"", ""rho"": 1.0, ""gain"": 3.552713678800501e-15}, {""block"": ""star_ris"", ""rho"": 2.0, ""gain"": 0.13509285113184788}, {""block"": ""rsma"", ""rho"": 1.0, ""gain"": -7.105427357601002e-15}, {""block"": ""star_ris"", ""rho"": 8.0, ""gain"": 0.004206208332551142}, {""block"": ""rsma"", ""rho"": 1.0, ""gain"": 3.552713678800501e-15}, {""block"": ""star_ris"", ""rho"": 4.0, ""gain"": 0.020265427995813212}, {""block"": ""rsma"", ""rho"": 1.0, ""gain"": 0.0}, {""block"": ""star_ris"", ""rho"": 8.0, ""gain"": 0.0031815103099326336}, {""block"": ""rsma"", ""rho"": 1.0, ""gain"": 0.0}, {""block"": ""star_ris"", ""rho"": 8.0, ""gain"": 0.03230766617127756}, {""block"": ""rsma"", ""rho"": 1.0, ""gain"": 0.0}, {""block"": ""star_ris"", ""rho"": 256.0, ""gain"": 4.079690809888348e-05}]",{},6513.967182,895cf8987087c169d7023476c078ebabf24f99fbbc30b65ad7fae1097d95a6fe,fc61d5cda7da39530055bae9bd0e92865f995cd9,f4c80269e5fb3cf553900b2e82f235af875b7c2e33b4ff71ec5d85cc25eb2b4e
ao_sca,128,10000,20,test,19.99313412997258,19.99313412997258,1.0,True,0.0,18,14207,33,ao_sca_proximal_physical,analytical_ris_equal_allocation,"[1.838023335833941, 19.211703159764088, 19.35563212255881, 19.540526481522413, 19.55583380226063, 19.642230262038026, 19.68384880977654, 19.704845818966493, 19.71517737108285, 19.780151042733802, 19.80411093392437, 19.870326445048846, 19.924296492624247, 19.928013695227698, 19.951326440941806, 19.95849385413545, 19.987351367717853, 19.992580802968938, 19.99313412997258]","[{""block"": ""rsma"", ""rho"": 1.0, ""gain"": 17.13070752694544}, {""block"": ""star_ris"", ""rho"": 1.0, ""gain"": 0.24297229698470701}, {""block"": ""rsma"", ""rho"": 1.0, ""gain"": 0.0}, {""block"": ""star_ris"", ""rho"": 1.0, ""gain"": 0.14392896279472112}, {""block"": ""rsma"", ""rho"": 1.0, ""gain"": 0.0}, {""block"": ""star_ris"", ""rho"": 1.0, ""gain"": 0.18489435896360362}, {""block"": ""rsma"", ""rho"": 1.0, ""gain"": 0.0}, {""block"": ""star_ris"", ""rho"": 2.0, ""gain"": 0.01530732073821639}, {""block"": ""rsma"", ""rho"": 1.0, ""gain"": 0.0}, {""block"": ""star_ris"", ""rho"": 1.0, ""gain"": 0.08639645977739718}, {""block"": ""rsma"", ""rho"": 1.0, ""gain"": 0.0}, {""block"": ""star_ris"", ""rho"": 2.0, ""gain"": 0.041618547738512035}, {""block"": ""rsma"", ""rho"": 1.0, ""gain"": 0.0}, {""block"": ""star_ris"", ""rho"": 16.0, ""gain"": 0.02099700918995495}, {""block"": ""rsma"", ""rho"": 1.0, ""gain"": -3.552713678800501e-15}, {""block"": ""star_ris"", ""rho"": 32.0, ""gain"": 0.010331552116358722}, {""block"": ""rsma"", ""rho"": 1.0, ""gain"": 3.552713678800501e-15}, {""block"": ""star_ris"", ""rho"": 1.0, ""gain"": 0.06497367165095014}, {""block"": ""rsma"", ""rho"": 1.0, ""gain"": 0.0}, {""block"": ""star_ris"", ""rho"": 1.0, ""gain"": 0.023959891190568072}, {""block"": ""rsma"", ""rho"": 1.0, ""gain"": 0.0}, {""block"": ""star_ris"", ""rho"": 1.0, ""gain"": 0.06621551112447577}, {""block"": ""rsma"", ""rho"": 1.0, ""gain"": 0.0}, {""block"": ""star_ris"", ""rho"": 8.0, ""gain"": 0.053970047575401026}, {""block"": ""rsma"", ""rho"": 1.0, ""gain"": 3.552713678800501e-15}, {""block"": ""star_ris"", ""rho"": 2.0, ""gain"": 0.0037172026034468786}, {""block"": ""rsma"", ""rho"": 1.0, ""gain"": 0.0}, {""block"": ""star_ris"", ""rho"": 2.0, ""gain"": 0.02331274571410802}, {""block"": ""rsma"", ""rho"": 1.0, ""gain"": 0.0}, {""block"": ""star_ris"", ""rho"": 4.0, ""gain"": 0.007167413193645444}, {""block"": ""rsma"", ""rho"": 1.0, ""gain"": 0.0}, {""block"": ""star_ris"", ""rho"": 2.0, ""gain"": 0.02885751358240185}, {""block"": ""rsma"", ""rho"": 1.0, ""gain"": 0.0}, {""block"": ""star_ris"", ""rho"": 4.0, ""gain"": 0.00522943525108488}, {""block"": ""rsma"", ""rho"": 1.0, ""gain"": 0.0}, {""block"": ""star_ris"", ""rho"": 2.0, ""gain"": 0.0005533270036437443}]",{},8391.321634,895cf8987087c169d7023476c078ebabf24f99fbbc30b65ad7fae1097d95a6fe,fc61d5cda7da39530055bae9bd0e92865f995cd9,f4c80269e5fb3cf553900b2e82f235af875b7c2e33b4ff71ec5d85cc25eb2b4e
ao_sca,128,10000,21,test,19.27858917832064,19.27858917832064,1.0,True,0.0,3,2368,5,ao_sca_proximal_physical,analytical_ris_equal_allocation,"[1.8380187458812265, 19.27082552179565, 19.278564863344442, 19.278589178320637]","[{""block"": ""rsma"", ""rho"": 1.0, ""gain"": 16.93286370443445}, {""block"": ""star_ris"", ""rho"": 1.0, ""gain"": 0.49994307147997574}, {""block"": ""rsma"", ""rho"": 1.0, ""gain"": 3.552713678800501e-15}, {""block"": ""star_ris"", ""rho"": 4.0, ""gain"": 0.007739341548788303}, {""block"": ""rsma"", ""rho"": 1.0, ""gain"": 0.0}, {""block"": ""star_ris"", ""rho"": 2.0, ""gain"": 2.4314976194261817e-05}]",{},1463.281851,895cf8987087c169d7023476c078ebabf24f99fbbc30b65ad7fae1097d95a6fe,fc61d5cda7da39530055bae9bd0e92865f995cd9,f4c80269e5fb3cf553900b2e82f235af875b7c2e33b4ff71ec5d85cc25eb2b4e
ao_sca,128,10000,22,test,19.541820100503152,19.541820100503152,1.0,True,0.0,5,3948,9,ao_sca_proximal_physical,analytical_ris_equal_allocation,"[1.838026316675664, 19.3264280784215, 19.33331638952983, 19.36656576236327, 19.540232389144766, 19.541820100503152]","[{""block"": ""rsma"", ""rho"": 1.0, ""gain"": 17.48570057365359}, {""block"": ""star_ris"", ""rho"": 16.0, ""gain"": 0.002701188092245843}, {""block"": ""rsma"", ""rho"": 1.0, ""gain"": 3.552713678800501e-15}, {""block"": ""star_ris"", ""rho"": 4.0, ""gain"": 0.006888311108326661}, {""block"": ""rsma"", ""rho"": 1.0, ""gain"": -3.552713678800501e-15}, {""block"": ""star_ris"", ""rho"": 1.0, ""gain"": 0.03324937283344198}, {""block"": ""rsma"", ""rho"": 1.0, ""gain"": 0.0}, {""block"": ""star_ris"", ""rho"": 2.0, ""gain"": 0.1736666267814968}, {""block"": ""rsma"", ""rho"": 1.0, ""gain"": 0.0}, {""block"": ""star_ris"", ""rho"": 1.0, ""gain"": 0.0015877113583862013}]",{},2310.898248,895cf8987087c169d7023476c078ebabf24f99fbbc30b65ad7fae1097d95a6fe,fc61d5cda7da39530055bae9bd0e92865f995cd9,f4c80269e5fb3cf553900b2e82f235af875b7c2e33b4ff71ec5d85cc25eb2b4e
ao_sca,128,10000,23,test,19.44000152275861,19.44000152275861,1.0,True,0.0,11,8703,21,ao_sca_proximal_physical,analytical_ris_equal_allocation,"[1.8380122978214946, 18.69640314957649, 18.767216924336214, 18.784200881156362, 18.792602413091977, 18.796780986880812, 18.904772092603096, 19.25921664439304, 19.317978022670108, 19.343309344181588, 19.439844878301017, 19.44000152275861]","[{""block"": ""rsma"", ""rho"": 1.0, ""gain"": 16.702186321146677}, {""block"": ""star_ris"", ""rho"": 4.0, ""gain"": 0.15620453060832062}, {""block"": ""rsma"", ""rho"": 1.0, ""gain"": 0.0}, {""block"": ""star_ris"", ""rho"": 8.0, ""gain"": 0.07081377475972417}, {""block"": ""rsma"", ""rho"": 1.0, ""gain"": 0.0}, {""block"": ""star_ris"", ""rho"": 32.0, ""gain"": 0.016983956820148194}, {""block"": ""rsma"", ""rho"": 1.0, ""gain"": 0.0}, {""block"": ""star_ris"", ""rho"": 64.0, ""gain"": 0.00840153193561477}, {""block"": ""rsma"", ""rho"": 1.0, ""gain"": 0.0}, {""block"": ""star_ris"", ""rho"": 128.0, ""gain"": 0.004178573788834683}, {""block"": ""rsma"", ""rho"": 1.0, ""gain"": 0.0}, {""block"": ""star_ris"", ""rho"": 1.0, ""gain"": 0.10799110572228443}, {""block"": ""rsma"", ""rho"": 1.0, ""gain"": 0.0}, {""block"": ""star_ris"", ""rho"": 1.0, ""gain"": 0.3544445517899426}, {""block"": ""rsma"", ""rho"": 1.0, ""gain"": 3.552713678800501e-15}, {""block"": ""star_ris"", ""rho"": 1.0, ""gain"": 0.05876137827706529}, {""block"": ""rsma"", ""rho"": 1.0, ""gain"": 0.0}, {""block"": ""star_ris"", ""rho"": 4.0, ""gain"": 0.025331321511480098}, {""block"": ""rsma"", ""rho"": 1.0, ""gain"": 0.0}, {""block"": ""star_ris"", ""rho"": 4.0, ""gain"": 0.09653553411942895}, {""block"": ""rsma"", ""rho"": 1.0, ""gain"": 0.0}, {""block"": ""star_ris"", ""rho"": 128.0, ""gain"": 0.00015664445759355772}]",{},5112.430688,895cf8987087c169d7023476c078ebabf24f99fbbc30b65ad7fae1097d95a6fe,fc61d5cda7da39530055bae9bd0e92865f995cd9,f4c80269e5fb3cf553900b2e82f235af875b7c2e33b4ff71ec5d85cc25eb2b4e
ao_sca,128,10000,24,test,19.619792011481376,19.619792011481376,1.0,True,0.0,6,4735,9,ao_sca_proximal_physical,analytical_ris_equal_allocation,"[1.8380240228189797, 19.42119606006932, 19.44864903423014, 19.496708576243183, 19.566189508163024, 19.618844365307023, 19.619792011481376]","[{""block"": ""rsma"", ""rho"": 1.0, ""gain"": 17.04803335018843}, {""block"": ""star_ris"", ""rho"": 1.0, ""gain"": 0.5351386870619095}, {""block"": ""rsma"", ""rho"": 1.0, ""gain"": 0.0}, {""block"": ""star_ris"", ""rho"": 2.0, ""gain"": 0.02745297416081982}, {""block"": ""rsma"", ""rho"": 1.0, ""gain"": 0.0}, {""block"": ""star_ris"", ""rho"": 2.0, ""gain"": 0.048059542013042744}, {""block"": ""rsma"", ""rho"": 1.0, ""gain"": 0.0}, {""block"": ""star_ris"", ""rho"": 2.0, ""gain"": 0.06948093191984128}, {""block"": ""rsma"", ""rho"": 1.0, ""gain"": 0.0}, {""block"": ""star_ris"", ""rho"": 4.0, ""gain"": 0.05265485714399887}, {""block"": ""rsma"", ""rho"": 1.0, ""gain"": 0.0}, {""block"": ""star_ris"", ""rho"": 2.0, ""gain"": 0.0009476461743531672}]",{},2891.65119,895cf8987087c169d7023476c078ebabf24f99fbbc30b65ad7fae1097d95a6fe,fc61d5cda7da39530055bae9bd0e92865f995cd9,f4c80269e5fb3cf553900b2e82f235af875b7c2e33b4ff71ec5d85cc25eb2b4e
ao_sca,128,10000,25,test,19.611302972465925,19.611302972465925,1.0,True,0.0,13,10272,24,ao_sca_proximal_physical,analytical_ris_equal_allocation,"[1.8380204918216914, 19.286234332311228, 19.408869417585027, 19.448631501935512, 19.454196170944662, 19.531701198071325, 19.54815978900084, 19.56760981450938, 19.57716746701387, 19.579521172986176, 19.58225533704569, 19.595504041743165, 19.611138760947096, 19.611302972465925]","[{""block"": ""rsma"", ""rho"": 1.0, ""gain"": 16.986526336812396}, {""block"": ""star_ris"", ""rho"": 1.0, ""gain"": 0.4616875036771404}, {""block"": ""rsma"", ""rho"": 1.0, ""gain"": -3.552713678800501e-15}, {""block"": ""star_ris"", ""rho"": 1.0, ""gain"": 0.12263508527380296}, {""block"": ""rsma"", ""rho"": 1.0, ""gain"": 0.0}, {""block"": ""star_ris"", ""rho"": 2.0, ""gain"": 0.03976208435048534}, {""block"": ""rsma"", ""rho"": 1.0, ""gain"": 3.552713678800501e-15}, {""block"": ""star_ris"", ""rho"": 2.0, ""gain"": 0.005564669009146428}, {""block"": ""rsma"", ""rho"": 1.0, ""gain"": 0.0}, {""block"": ""star_ris"", ""rho"": 2.0, ""gain"": 0.07750502712666218}, {""block"": ""rsma"", ""rho"": 1.0, ""gain"": -3.552713678800501e-15}, {""block"": ""star_ris"", ""rho"": 4.0, ""gain"": 0.01645859092952051}, {""block"": ""rsma"", ""rho"": 1.0, ""gain"": 0.0}, {""block"": ""star_ris"", ""rho"": 16.0, ""gain"": 0.019450025508540136}, {""block"": ""rsma"", ""rho"": 1.0, ""gain"": -3.552713678800501e-15}, {""block"": ""star_ris"", ""rho"": 32.0, ""gain"": 0.009557652504490477}, {""block"": ""rsma"", ""rho"": 1.0, ""gain"": 0.0}, {""block"": ""star_ris"", ""rho"": 4.0, ""gain"": 0.0023537059723075515}, {""block"": ""rsma"", ""rho"": 1.0, ""gain"": -3.552713678800501e-15}, {""block"": ""star_ris"", ""rho"": 4.0, ""gain"": 0.002734164059518207}, {""block"": ""rsma"", ""rho"": 1.0, ""gain"": 0.0}, {""block"": ""star_ris"", ""rho"": 2.0, ""gain"": 0.013248704697474523}, {""block"": ""rsma"", ""rho"": 1.0, ""gain"": 3.552713678800501e-15}, {""block"": ""star_ris"", ""rho"": 4.0, ""gain"": 0.015634719203927006}, {""block"": ""rsma"", ""rho"": 1.0, ""gain"": 0.0}, {""block"": ""star_ris"", ""rho"": 64.0, ""gain"": 0.00016421151882894947}]",{},5911.98628,895cf8987087c169d7023476c078ebabf24f99fbbc30b65ad7fae1097d95a6fe,fc61d5cda7da39530055bae9bd0e92865f995cd9,f4c80269e5fb3cf553900b2e82f235af875b7c2e33b4ff71ec5d85cc25eb2b4e
ao_sca,128,10000,26,test,19.53608867580744,19.53608867580744,1.0,True,0.0,20,15798,39,ao_sca_proximal_physical,analytical_ris_equal_allocation,"[1.8380065393812148, 18.627025356037805, 18.698694002652964, 18.766613938455457, 18.87839679678546, 18.907853928322382, 18.968150589215195, 18.99729484039038, 19.31658435050242, 19.349375758380244, 19.372454438422245, 19.418952742865102, 19.42170738237639, 19.42436999191635, 19.44467671453297, 19.459639253795075, 19.47198456681421, 19.49471755026284, 19.52022771490992, 19.524266871335982, 19.536088675807438]","[{""block"": ""rsma"", ""rho"": 1.0, ""gain"": 16.43089528840579}, {""block"": ""star_ris"", ""rho"": 2.0, ""gain"": 0.3581235282508004}, {""block"": ""rsma"", ""rho"": 1.0, ""gain"": 0.0}, {""block"": ""star_ris"", ""rho"": 8.0, ""gain"": 0.0716686466151586}, {""block"": ""rsma"", ""rho"": 1.0, ""gain"": 0.0}, {""block"": ""star_ris"", ""rho"": 8.0, ""gain"": 0.06791993580249311}, {""block"": ""rsma"", ""rho"": 1.0, ""gain"": 0.0}, {""block"": ""star_ris"", ""rho"": 4.0, ""gain"": 0.11178285833000245}, {""block"": ""rsma"", ""rho"": 1.0, ""gain"": 0.0}, {""block"": ""star_ris"", ""rho"": 1.0, ""gain"": 0.02945713153692253}, {""block"": ""rsma"", ""rho"": 1.0, ""gain"": 0.0}, {""block"": ""star_ris"", ""rho"": 8.0, ""gain"": 0.06029666089281349}, {""block"": ""rsma"", ""rho"": 1.0, ""gain"": 3.552713678800501e-15}, {""block"": ""star_ris"", ""rho"": 16.0, ""gain"": 0.02914425117518249}, {""block"": ""rsma"", ""rho"": 1.0, ""gain"": 0.0}, {""block"": ""star_ris"", ""rho"": 1.0, ""gain"": 0.3192895101120392}, {""block"": ""rsma"", ""rho"": 1.0, ""gain"": 3.552713678800501e-15}, {""block"": ""star_ris"", ""rho"": 2.0, ""gain"": 0.03279140787781998}, {""block"": ""rsma"", ""rho"": 1.0, ""gain"": 3.552713678800501e-15}, {""block"": ""star_ris"", ""rho"": 4.0, ""gain"": 0.023078680041997757}, {""block"": ""rsma"", ""rho"": 1.0, ""gain"": 0.0}, {""block"": ""star_ris"", ""rho"": 2.0, ""gain"": 0.04649830444285641}, {""block"": ""rsma"", ""rho"": 1.0, ""gain"": 3.552713678800501e-15}, {""block"": ""star_ris"", ""rho"": 16.0, ""gain"": 0.002754639511284296}, {""block"": ""rsma"", ""rho"": 1.0, ""gain"": -3.552713678800501e-15}, {""block"": ""star_ris"", ""rho"": 4.0, ""gain"": 0.0026626095399642224}, {""block"": ""rsma"", ""rho"": 1.0, ""gain"": 0.0}, {""block"": ""star_ris"", ""rho"": 2.0, ""gain"": 0.020306722616620476}, {""block"": ""rsma"", ""rho"": 1.0, ""gain"": 0.0}, {""block"": ""star_ris"", ""rho"": 2.0, ""gain"": 0.014962539262104002}, {""block"": ""rsma"", ""rho"": 1.0, ""gain"": -3.552713678800501e-15}, {""block"": ""star_ris"", ""rho"": 4.0, ""gain"": 0.012345313019139326}, {""block"": ""rsma"", ""rho"": 1.0, ""gain"": 0.0}, {""block"": ""star_ris"", ""rho"": 1.0, ""gain"": 0.022732983448630506}, {""block"": ""rsma"", ""rho"": 1.0, ""gain"": 0.0}, {""block"": ""star_ris"", ""rho"": 8.0, ""gain"": 0.025510164647080558}, {""block"": ""rsma"", ""rho"": 1.0, ""gain"": 3.552713678800501e-15}, {""block"": ""star_ris"", ""rho"": 8.0, ""gain"": 0.004039156426056678}, {""block"": ""rsma"", ""rho"": 1.0, ""gain"": 0.0}, {""block"": ""star_ris"", ""rho"": 2.0, ""gain"": 0.011821804471455977}]",{},9368.628479,895cf8987087c169d7023476c078ebabf24f99fbbc30b65ad7fae1097d95a6fe,fc61d5cda7da39530055bae9bd0e92865f995cd9,f4c80269e5fb3cf553900b2e82f235af875b7c2e33b4ff71ec5d85cc25eb2b4e
ao_sca,128,10000,27,test,19.535909150734938,19.535909150734938,1.0,True,0.0,4,3159,7,ao_sca_proximal_physical,analytical_ris_equal_allocation,"[1.838027995726892, 19.47248457959783, 19.482163253061998, 19.534780651610536, 19.535909150734938]","[{""block"": ""rsma"", ""rho"": 1.0, ""gain"": 17.627515288682538}, {""block"": ""star_ris"", ""rho"": 1.0, ""gain"": 0.006941295188397589}, {""block"": ""rsma"", ""rho"": 1.0, ""gain"": 0.0}, {""block"": ""star_ris"", ""rho"": 4.0, ""gain"": 0.009678673464168952}, {""block"": ""rsma"", ""rho"": 1.0, ""gain"": 0.0}, {""block"": ""star_ris"", ""rho"": 8.0, ""gain"": 0.052617398548537864}, {""block"": ""rsma"", ""rho"": 1.0, ""gain"": 0.0}, {""block"": ""star_ris"", ""rho"": 2.0, ""gain"": 0.0011284991244018272}]",{},1835.094681,895cf8987087c169d7023476c078ebabf24f99fbbc30b65ad7fae1097d95a6fe,fc61d5cda7da39530055bae9bd0e92865f995cd9,f4c80269e5fb3cf553900b2e82f235af875b7c2e33b4ff71ec5d85cc25eb2b4e
ao_sca,128,10000,28,test,19.69662260945096,19.69662260945096,1.0,True,0.0,12,9486,21,ao_sca_proximal_physical,analytical_ris_equal_allocation,"[1.8380243647849444, 19.28489251342633, 19.36935913261038, 19.37283662397782, 19.468247154947637, 19.472413815669434, 19.55780794390511, 19.561777806261716, 19.639769715343206, 19.64293868597556, 19.685582170424365, 19.695907567722735, 19.696622609450962]","[{""block"": ""rsma"", ""rho"": 1.0, ""gain"": 17.394373050097556}, {""block"": ""star_ris"", ""rho"": 2.0, ""gain"": 0.05249509854382595}, {""block"": ""rsma"", ""rho"": 1.0, ""gain"": 0.0}, {""block"": ""star_ris"", ""rho"": 1.0, ""gain"": 0.0844666191840524}, {""block"": ""rsma"", ""rho"": 1.0, ""gain"": 0.0}, {""block"": ""star_ris"", ""rho"": 4.0, ""gain"": 0.0034774913674375796}, {""block"": ""rsma"", ""rho"": 1.0, ""gain"": 0.0}, {""block"": ""star_ris"", ""rho"": 4.0, ""gain"": 0.09541053096981855}, {""block"": ""rsma"", ""rho"": 1.0, ""gain"": 0.0}, {""block"": ""star_ris"", ""rho"": 4.0, ""gain"": 0.004166660721796944}, {""block"": ""rsma"", ""rho"": 1.0, ""gain"": 0.0}, {""block"": ""star_ris"", ""rho"": 4.0, ""gain"": 0.08539412823567716}, {""block"": ""rsma"", ""rho"": 1.0, ""gain"": 0.0}, {""block"": ""star_ris"", ""rho"": 4.0, ""gain"": 0.003969862356605347}, {""block"": ""rsma"", ""rho"": 1.0, ""gain"": -3.552713678800501e-15}, {""block"": ""star_ris"", ""rho"": 4.0, ""gain"": 0.07799190908149356}, {""block"": ""rsma"", ""rho"": 1.0, ""gain"": 0.0}, {""block"": ""star_ris"", ""rho"": 4.0, ""gain"": 0.003168970632355439}, {""block"": ""rsma"", ""rho"": 1.0, ""gain"": 0.0}, {""block"": ""star_ris"", ""rho"": 8.0, ""gain"": 0.04264348444880284}, {""block"": ""rsma"", ""rho"": 1.0, ""gain"": 0.0}, {""block"": ""star_ris"", ""rho"": 32.0, ""gain"": 0.01032539729837012}, {""block"": ""rsma"", ""rho"": 1.0, ""gain"": 0.0}, {""block"": ""star_ris"", ""rho"": 64.0, ""gain"": 0.0007150417282275612}]",{},5473.552247,895cf8987087c169d7023476c078ebabf24f99fbbc30b65ad7fae1097d95a6fe,fc61d5cda7da39530055bae9bd0e92865f995cd9,f4c80269e5fb3cf553900b2e82f235af875b7c2e33b4ff71ec5d85cc25eb2b4e
ao_sca,128,10000,29,test,19.67879117448637,19.67879117448637,1.0,True,0.0,10,7903,16,ao_sca_proximal_physical,analytical_ris_equal_allocation,"[1.8380263080722572, 19.421294131327603, 19.46091273776369, 19.49820457673564, 19.55236267252917, 19.560243132316, 19.614961734727636, 19.62441923244093, 19.64368229967514, 19.677867506541833, 19.67879117448637]","[{""block"": ""rsma"", ""rho"": 1.0, ""gain"": 17.530530981688734}, {""block"": ""star_ris"", ""rho"": 2.0, ""gain"": 0.05273684156660963}, {""block"": ""rsma"", ""rho"": 1.0, ""gain"": 0.0}, {""block"": ""star_ris"", ""rho"": 4.0, ""gain"": 0.03961860643608617}, {""block"": ""rsma"", ""rho"": 1.0, ""gain"": 0.0}, {""block"": ""star_ris"", ""rho"": 2.0, ""gain"": 0.03729183897194943}, {""block"": ""rsma"", ""rho"": 1.0, ""gain"": 0.0}, {""block"": ""star_ris"", ""rho"": 8.0, ""gain"": 0.05415809579353237}, {""block"": ""rsma"", ""rho"": 1.0, ""gain"": 0.0}, {""block"": ""star_ris"", ""rho"": 4.0, ""gain"": 0.007880459786829164}, {""block"": ""rsma"", ""rho"": 1.0, ""gain"": -3.552713678800501e-15}, {""block"": ""star_ris"", ""rho"": 4.0, ""gain"": 0.05471860241163995}, {""block"": ""rsma"", ""rho"": 1.0, ""gain"": 0.0}, {""block"": ""star_ris"", ""rho"": 4.0, ""gain"": 0.009457497713292184}, {""block"": ""rsma"", ""rho"": 1.0, ""gain"": -3.552713678800501e-15}, {""block"": ""star_ris"", ""rho"": 4.0, ""gain"": 0.01926306723421689}, {""block"": ""rsma"", ""rho"": 1.0, ""gain"": -3.552713678800501e-15}, {""block"": ""star_ris"", ""rho"": 4.0, ""gain"": 0.03418520686669524}, {""block"": ""rsma"", ""rho"": 1.0, ""gain"": 3.552713678800501e-15}, {""block"": ""star_ris"", ""rho"": 32.0, ""gain"": 0.0009236679445336904}]",{},4442.548434,895cf8987087c169d7023476c078ebabf24f99fbbc30b65ad7fae1097d95a6fe,fc61d5cda7da39530055bae9bd0e92865f995cd9,f4c80269e5fb3cf553900b2e82f235af875b7c2e33b4ff71ec5d85cc25eb2b4e
ao_sca,128,10000,30,test,19.718566784886622,19.718566784886622,1.0,True,0.0,20,15798,37,ao_sca_proximal_physical,analytical_ris_equal_allocation,"[1.8380194113103026, 18.959404108122488, 18.97376955149554, 18.980876423796367, 19.286221518570905, 19.318172404075383, 19.340693458014517, 19.37956630896582, 19.568592520319246, 19.584113699593686, 19.58626211771934, 19.639698523904453, 19.648692122204125, 19.65392909177554, 19.657948171419278, 19.66156931982488, 19.663696629580034, 19.67814640481244, 19.691244938760054, 19.71599841420567, 19.718566784886622]","[{""block"": ""rsma"", ""rho"": 1.0, ""gain"": 16.996374871110245}, {""block"": ""star_ris"", ""rho"": 4.0, ""gain"": 0.12500982570194097}, {""block"": ""rsma"", ""rho"": 1.0, ""gain"": 3.552713678800501e-15}, {""block"": ""star_ris"", ""rho"": 32.0, ""gain"": 0.014365443373048237}, {""block"": ""rsma"", ""rho"": 1.0, ""gain"": 0.0}, {""block"": ""star_ris"", ""rho"": 64.0, ""gain"": 0.007106872300827405}, {""block"": ""rsma"", ""rho"": 1.0, ""gain"": 0.0}, {""block"": ""star_ris"", ""rho"": 1.0, ""gain"": 0.30534509477453753}, {""block"": ""rsma"", ""rho"": 1.0, ""gain"": 0.0}, {""block"": ""star_ris"", ""rho"": 2.0, ""gain"": 0.031950885504478777}, {""block"": ""rsma"", ""rho"": 1.0, ""gain"": 0.0}, {""block"": ""star_ris"", ""rho"": 1.0, ""gain"": 0.022521053939133395}, {""block"": ""rsma"", ""rho"": 1.0, ""gain"": 3.552713678800501e-15}, {""block"": ""star_ris"", ""rho"": 1.0, ""gain"": 0.03887285095130011}, {""block"": ""rsma"", ""rho"": 1.0, ""gain"": 0.0}, {""block"": ""star_ris"", ""rho"": 1.0, ""gain"": 0.18902621135342557}, {""block"": ""rsma"", ""rho"": 1.0, ""gain"": 0.0}, {""block"": ""star_ris"", ""rho"": 2.0, ""gain"": 0.0155211792744403}, {""block"": ""rsma"", ""rho"": 1.0, ""gain"": 3.552713678800501e-15}, {""block"": ""star_ris"", ""rho"": 4.0, ""gain"": 0.002148418125649698}, {""block"": ""rsma"", ""rho"": 1.0, ""gain"": 3.552713678800501e-15}, {""block"": ""star_ris"", ""rho"": 1.0, ""gain"": 0.05343640618511003}, {""block"": ""rsma"", ""rho"": 1.0, ""gain"": 0.0}, {""block"": ""star_ris"", ""rho"": 4.0, ""gain"": 0.00899359829967139}, {""block"": ""rsma"", ""rho"": 1.0, ""gain"": 0.0}, {""block"": ""star_ris"", ""rho"": 8.0, ""gain"": 0.0052369695714169495}, {""block"": ""rsma"", ""rho"": 1.0, ""gain"": 0.0}, {""block"": ""star_ris"", ""rho"": 16.0, ""gain"": 0.0040190796437364895}, {""block"": ""rsma"", ""rho"": 1.0, ""gain"": 0.0}, {""block"": ""star_ris"", ""rho"": 2.0, ""gain"": 0.003621148405603236}, {""block"": ""rsma"", ""rho"": 1.0, ""gain"": 0.0}, {""block"": ""star_ris"", ""rho"": 8.0, ""gain"": 0.002127309755152851}, {""block"": ""rsma"", ""rho"": 1.0, ""gain"": 0.0}, {""block"": ""star_ris"", ""rho"": 16.0, ""gain"": 0.014449775232407092}, {""block"": ""rsma"", ""rho"": 1.0, ""gain"": 0.0}, {""block"": ""star_ris"", ""rho"": 2.0, ""gain"": 0.013098533947612623}, {""block"": ""rsma"", ""rho"": 1.0, ""gain"": 0.0}, {""block"": ""star_ris"", ""rho"": 2.0, ""gain"": 0.024753475445617568}, {""block"": ""rsma"", ""rho"": 1.0, ""gain"": 0.0}, {""block"": ""star_ris"", ""rho"": 2.0, ""gain"": 0.0025683706809509488}]",{},8993.417919,895cf8987087c169d7023476c078ebabf24f99fbbc30b65ad7fae1097d95a6fe,fc61d5cda7da39530055bae9bd0e92865f995cd9,f4c80269e5fb3cf553900b2e82f235af875b7c2e33b4ff71ec5d85cc25eb2b4e
ao_sca,128,10000,31,test,19.69947623005794,19.69947623005794,1.0,True,0.0,18,14221,31,ao_sca_proximal_physical,analytical_ris_equal_allocation,"[1.8380124031849194, 18.685292821174638, 18.818332332541925, 18.879463278023035, 18.894200449420335, 18.89785254078892, 19.18929216558532, 19.29680443626803, 19.368084518713047, 19.477329233799594, 19.484799584422646, 19.49238109897436, 19.54060472404306, 19.659991242318796, 19.664544616737025, 19.683025234563605, 19.692949957318135, 19.697868432438646, 19.69947623005794]","[{""block"": ""rsma"", ""rho"": 1.0, ""gain"": 16.52075268463766}, {""block"": ""star_ris"", ""rho"": 2.0, ""gain"": 0.32652773335205865}, {""block"": ""rsma"", ""rho"": 1.0, ""gain"": 0.0}, {""block"": ""star_ris"", ""rho"": 4.0, ""gain"": 0.13303951136728642}, {""block"": ""rsma"", ""rho"": 1.0, ""gain"": 0.0}, {""block"": ""star_ris"", ""rho"": 8.0, ""gain"": 0.06113094548111064}, {""block"": ""rsma"", ""rho"": 1.0, ""gain"": 0.0}, {""block"": ""star_ris"", ""rho"": 32.0, ""gain"": 0.01473717139730013}, {""block"": ""rsma"", ""rho"": 1.0, ""gain"": 0.0}, {""block"": ""star_ris"", ""rho"": 128.0, ""gain"": 0.003652091368586241}, {""block"": ""rsma"", ""rho"": 1.0, ""gain"": -3.552713678800501e-15}, {""block"": ""star_ris"", ""rho"": 1.0, ""gain"": 0.2914396247964035}, {""block"": ""rsma"", ""rho"": 1.0, ""gain"": 0.0}, {""block"": ""star_ris"", ""rho"": 1.0, ""gain"": 0.10751227068270808}, {""block"": ""rsma"", ""rho"": 1.0, ""gain"": 0.0}, {""block"": ""star_ris"", ""rho"": 1.0, ""gain"": 0.07128008244501771}, {""block"": ""rsma"", ""rho"": 1.0, ""gain"": 0.0}, {""block"": ""star_ris"", ""rho"": 1.0, ""gain"": 0.10924471508654676}, {""block"": ""rsma"", ""rho"": 1.0, ""gain"": 7.105427357601002e-15}, {""block"": ""star_ris"", ""rho"": 1.0, ""gain"": 0.007470350623044908}, {""block"": ""rsma"", ""rho"": 1.0, ""gain"": -3.552713678800501e-15}, {""block"": ""star_ris"", ""rho"": 1.0, ""gain"": 0.00758151455171685}, {""block"": ""rsma"", ""rho"": 1.0, ""gain"": -3.552713678800501e-15}, {""block"": ""star_ris"", ""rho"": 1.0, ""gain"": 0.04822362506870448}, {""block"": ""rsma"", ""rho"": 1.0, ""gain"": 3.552713678800501e-15}, {""block"": ""star_ris"", ""rho"": 2.0, ""gain"": 0.1193865182757321}, {""block"": ""rsma"", ""rho"": 1.0, ""gain"": 0.0}, {""block"": ""star_ris"", ""rho"": 4.0, ""gain"": 0.004553374418229339}, {""block"": ""rsma"", ""rho"": 1.0, ""gain"": -3.552713678800501e-15}, {""block"": ""star_ris"", ""rho"": 2.0, ""gain"": 0.018480617826583057}, {""block"": ""rsma"", ""rho"": 1.0, ""gain"": 0.0}, {""block"": ""star_ris"", ""rho"": 32.0, ""gain"": 0.009924722754529824}, {""block"": ""rsma"", ""rho"": 1.0, ""gain"": 3.552713678800501e-15}, {""block"": ""star_ris"", ""rho"": 64.0, ""gain"": 0.004918475120508248}, {""block"": ""rsma"", ""rho"": 1.0, ""gain"": 0.0}, {""block"": ""star_ris"", ""rho"": 8.0, ""gain"": 0.0016077976192931942}]",{},8102.096382,895cf8987087c169d7023476c078ebabf24f99fbbc30b65ad7fae1097d95a6fe,fc61d5cda7da39530055bae9bd0e92865f995cd9,f4c80269e5fb3cf553900b2e82f235af875b7c2e33b4ff71ec5d85cc25eb2b4e
ao_sca,128,10000,32,test,19.57935044099677,19.57935044099677,1.0,True,0.0,17,13442,33,ao_sca_proximal_physical,analytical_ris_equal_allocation,"[1.8380190372786518, 18.997902338107885, 19.129327738781573, 19.189555581599656, 19.21848312168296, 19.396090944150146, 19.402847016845982, 19.433951726208395, 19.46409360319165, 19.510626290240182, 19.533174458063854, 19.544277920472098, 19.549788041747945, 19.555015976485855, 19.562351538167487, 19.56642644840667, 19.578031756643988, 19.579350440996766]","[{""block"": ""rsma"", ""rho"": 1.0, ""gain"": 16.834560307081947}, {""block"": ""star_ris"", ""rho"": 2.0, ""gain"": 0.32532299374728524}, {""block"": ""rsma"", ""rho"": 1.0, ""gain"": 0.0}, {""block"": ""star_ris"", ""rho"": 4.0, ""gain"": 0.13142540067368813}, {""block"": ""rsma"", ""rho"": 1.0, ""gain"": 0.0}, {""block"": ""star_ris"", ""rho"": 8.0, ""gain"": 0.06022784281808313}, {""block"": ""rsma"", ""rho"": 1.0, ""gain"": 0.0}, {""block"": ""star_ris"", ""rho"": 16.0, ""gain"": 0.02892754008330556}, {""block"": ""rsma"", ""rho"": 1.0, ""gain"": -3.552713678800501e-15}, {""block"": ""star_ris"", ""rho"": 2.0, ""gain"": 0.17760782246718776}, {""block"": ""rsma"", ""rho"": 1.0, ""gain"": 3.552713678800501e-15}, {""block"": ""star_ris"", ""rho"": 2.0, ""gain"": 0.006756072695832671}, {""block"": ""rsma"", ""rho"": 1.0, ""gain"": -3.552713678800501e-15}, {""block"": ""star_ris"", ""rho"": 4.0, ""gain"": 0.031104709362416827}, {""block"": ""rsma"", ""rho"": 1.0, ""gain"": -3.552713678800501e-15}, {""block"": ""star_ris"", ""rho"": 2.0, ""gain"": 0.030141876983257987}, {""block"": ""rsma"", ""rho"": 1.0, ""gain"": 3.552713678800501e-15}, {""block"": ""star_ris"", ""rho"": 8.0, ""gain"": 0.0465326870485292}, {""block"": ""rsma"", ""rho"": 1.0, ""gain"": -3.552713678800501e-15}, {""block"": ""star_ris"", ""rho"": 16.0, ""gain"": 0.022548167823675414}, {""block"": ""rsma"", ""rho"": 1.0, ""gain"": 3.552713678800501e-15}, {""block"": ""star_ris"", ""rho"": 32.0, ""gain"": 0.011103462408240006}, {""block"": ""rsma"", ""rho"": 1.0, ""gain"": 3.552713678800501e-15}, {""block"": ""star_ris"", ""rho"": 64.0, ""gain"": 0.005510121275843716}, {""block"": ""rsma"", ""rho"": 1.0, ""gain"": 0.0}, {""block"": ""star_ris"", ""rho"": 8.0, ""gain"": 0.005227934737909834}, {""block"": ""rsma"", ""rho"": 1.0, ""gain"": 0.0}, {""block"": ""star_ris"", ""rho"": 2.0, ""gain"": 0.007335561681632186}, {""block"": ""rsma"", ""rho"": 1.0, ""gain"": 0.0}, {""block"": ""star_ris"", ""rho"": 8.0, ""gain"": 0.004074910239182827}, {""block"": ""rsma"", ""rho"": 1.0, ""gain"": -3.552713678800501e-15}, {""block"": ""star_ris"", ""rho"": 4.0, ""gain"": 0.01160530823732131}, {""block"": ""rsma"", ""rho"": 1.0, ""gain"": 0.0}, {""block"": ""star_ris"", ""rho"": 8.0, ""gain"": 0.0013186843527783765}]",{},7545.415373,895cf8987087c169d7023476c078ebabf24f99fbbc30b65ad7fae1097d95a6fe,fc61d5cda7da39530055bae9bd0e92865f995cd9,f4c80269e5fb3cf553900b2e82f235af875b7c2e33b4ff71ec5d85cc25eb2b4e
ao_sca,128,10000,33,test,19.4623744950667,19.4623744950667,1.0,True,0.0,10,7903,20,ao_sca_proximal_physical,analytical_ris_equal_allocation,"[1.838015207749504, 18.82974525150219, 19.098109817095825, 19.112394351741038, 19.11946643328717, 19.242168035822296, 19.416871792213126, 19.449560833166085, 19.458476571781226, 19.46210633958911, 19.4623744950667]","[{""block"": ""rsma"", ""rho"": 1.0, ""gain"": 16.646697108213313}, {""block"": ""star_ris"", ""rho"": 2.0, ""gain"": 0.345032935539372}, {""block"": ""rsma"", ""rho"": 1.0, ""gain"": 0.0}, {""block"": ""star_ris"", ""rho"": 2.0, ""gain"": 0.268364565593636}, {""block"": ""rsma"", ""rho"": 1.0, ""gain"": 0.0}, {""block"": ""star_ris"", ""rho"": 32.0, ""gain"": 0.014284534645213398}, {""block"": ""rsma"", ""rho"": 1.0, ""gain"": 0.0}, {""block"": ""star_ris"", ""rho"": 64.0, ""gain"": 0.007072081546130704}, {""block"": ""rsma"", ""rho"": 1.0, ""gain"": 3.552713678800501e-15}, {""block"": ""star_ris"", ""rho"": 1.0, ""gain"": 0.1227016025351233}, {""block"": ""rsma"", ""rho"": 1.0, ""gain"": 0.0}, {""block"": ""star_ris"", ""rho"": 1.0, ""gain"": 0.17470375639083002}, {""block"": ""rsma"", ""rho"": 1.0, ""gain"": 3.552713678800501e-15}, {""block"": ""star_ris"", ""rho"": 8.0, ""gain"": 0.032689040952956105}, {""block"": ""rsma"", ""rho"": 1.0, ""gain"": 3.552713678800501e-15}, {""block"": ""star_ris"", ""rho"": 8.0, ""gain"": 0.008915738615137059}, {""block"": ""rsma"", ""rho"": 1.0, ""gain"": 0.0}, {""block"": ""star_ris"", ""rho"": 2.0, ""gain"": 0.0036297678078831552}, {""block"": ""rsma"", ""rho"": 1.0, ""gain"": -3.552713678800501e-15}, {""block"": ""star_ris"", ""rho"": 4.0, ""gain"": 0.0002681554775953998}]",{},4358.323298,895cf8987087c169d7023476c078ebabf24f99fbbc30b65ad7fae1097d95a6fe,fc61d5cda7da39530055bae9bd0e92865f995cd9,f4c80269e5fb3cf553900b2e82f235af875b7c2e33b4ff71ec5d85cc25eb2b4e
ao_sca,128,10000,34,test,19.624473418718534,19.624473418718534,1.0,True,0.0,9,7117,15,ao_sca_proximal_physical,analytical_ris_equal_allocation,"[1.8380249062967053, 19.087361258249402, 19.095623847766504, 19.52750406441374, 19.529964542263627, 19.54689750415824, 19.549869155633402, 19.553694857031772, 19.622540639857142, 19.624473418718534]","[{""block"": ""rsma"", ""rho"": 1.0, ""gain"": 17.215499461874582}, {""block"": ""star_ris"", ""rho"": 16.0, ""gain"": 0.03383689007811341}, {""block"": ""rsma"", ""rho"": 1.0, ""gain"": 0.0}, {""block"": ""star_ris"", ""rho"": 64.0, ""gain"": 0.008262589517102015}, {""block"": ""rsma"", ""rho"": 1.0, ""gain"": 3.552713678800501e-15}, {""block"": ""star_ris"", ""rho"": 1.0, ""gain"": 0.4318802166472331}, {""block"": ""rsma"", ""rho"": 1.0, ""gain"": 0.0}, {""block"": ""star_ris"", ""rho"": 8.0, ""gain"": 0.0024604778498868995}, {""block"": ""rsma"", ""rho"": 1.0, ""gain"": 0.0}, {""block"": ""star_ris"", ""rho"": 2.0, ""gain"": 0.0169329618946108}, {""block"": ""rsma"", ""rho"": 1.0, ""gain"": 0.0}, {""block"": ""star_ris"", ""rho"": 16.0, ""gain"": 0.0029716514751640943}, {""block"": ""rsma"", ""rho"": 1.0, ""gain"": 0.0}, {""block"": ""star_ris"", ""rho"": 4.0, ""gain"": 0.0038257013983695742}, {""block"": ""rsma"", ""rho"": 1.0, ""gain"": 0.0}, {""block"": ""star_ris"", ""rho"": 4.0, ""gain"": 0.06884578282537035}, {""block"": ""rsma"", ""rho"": 1.0, ""gain"": 0.0}, {""block"": ""star_ris"", ""rho"": 4.0, ""gain"": 0.0019327788613914265}]",{},4080.406475,895cf8987087c169d7023476c078ebabf24f99fbbc30b65ad7fae1097d95a6fe,fc61d5cda7da39530055bae9bd0e92865f995cd9,f4c80269e5fb3cf553900b2e82f235af875b7c2e33b4ff71ec5d85cc25eb2b4e
ao_sca,128,10000,35,test,19.607294727500943,19.607294727500943,1.0,True,0.0,8,6320,14,ao_sca_proximal_physical,analytical_ris_equal_allocation,"[1.838023522968796, 19.27856305413995, 19.30578539266715, 19.31895171838634, 19.37643127541976, 19.403969117028378, 19.544668422585172, 19.606722943141136, 19.607294727500946]","[{""block"": ""rsma"", ""rho"": 1.0, ""gain"": 17.363284976997335}, {""block"": ""star_ris"", ""rho"": 2.0, ""gain"": 0.07725455417381966}, {""block"": ""rsma"", ""rho"": 1.0, ""gain"": -3.552713678800501e-15}, {""block"": ""star_ris"", ""rho"": 1.0, ""gain"": 0.027222338527202794}, {""block"": ""rsma"", ""rho"": 1.0, ""gain"": -3.552713678800501e-15}, {""block"": ""star_ris"", ""rho"": 1.0, ""gain"": 0.01316632571919385}, {""block"": ""rsma"", ""rho"": 1.0, ""gain"": -3.552713678800501e-15}, {""block"": ""star_ris"", ""rho"": 8.0, ""gain"": 0.057479557033421}, {""block"": ""rsma"", ""rho"": 1.0, ""gain"": 0.0}, {""block"": ""star_ris"", ""rho"": 16.0, ""gain"": 0.02753784160861983}, {""block"": ""rsma"", ""rho"": 1.0, ""gain"": 0.0}, {""block"": ""star_ris"", ""rho"": 1.0, ""gain"": 0.14069930555679377}, {""block"": ""rsma"", ""rho"": 1.0, ""gain"": 0.0}, {""block"": ""star_ris"", ""rho"": 1.0, ""gain"": 0.06205452055596439}, {""block"": ""rsma"", ""rho"": 1.0, ""gain"": -7.105427357601002e-15}, {""block"": ""star_ris"", ""rho"": 128.0, ""gain"": 0.0005717843598169736}]",{},3516.32344,895cf8987087c169d7023476c078ebabf24f99fbbc30b65ad7fae1097d95a6fe,fc61d5cda7da39530055bae9bd0e92865f995cd9,f4c80269e5fb3cf553900b2e82f235af875b7c2e33b4ff71ec5d85cc25eb2b4e
ao_sca,128,10000,36,test,19.674514760337065,19.674514760337065,1.0,True,0.0,8,6320,15,ao_sca_proximal_physical,analytical_ris_equal_allocation,"[1.8380204363163586, 19.031490292236803, 19.38177219622742, 19.43618805186146, 19.616236097018472, 19.661730868820914, 19.668773888440523, 19.673853692725547, 19.674514760337065]","[{""block"": ""rsma"", ""rho"": 1.0, ""gain"": 17.013042031575292}, {""block"": ""star_ris"", ""rho"": 1.0, ""gain"": 0.18042782434515203}, {""block"": ""rsma"", ""rho"": 1.0, ""gain"": 0.0}, {""block"": ""star_ris"", ""rho"": 1.0, ""gain"": 0.35028190399061643}, {""block"": ""rsma"", ""rho"": 1.0, ""gain"": 0.0}, {""block"": ""star_ris"", ""rho"": 1.0, ""gain"": 0.05441585563404061}, {""block"": ""rsma"", ""rho"": 1.0, ""gain"": 3.552713678800501e-15}, {""block"": ""star_ris"", ""rho"": 1.0, ""gain"": 0.18004804515700812}, {""block"": ""rsma"", ""rho"": 1.0, ""gain"": 0.0}, {""block"": ""star_ris"", ""rho"": 1.0, ""gain"": 0.0454947718024421}, {""block"": ""rsma"", ""rho"": 1.0, ""gain"": 0.0}, {""block"": ""star_ris"", ""rho"": 8.0, ""gain"": 0.007043019619608515}, {""block"": ""rsma"", ""rho"": 1.0, ""gain"": 3.552713678800501e-15}, {""block"": ""star_ris"", ""rho"": 64.0, ""gain"": 0.005079804285021083}, {""block"": ""rsma"", ""rho"": 1.0, ""gain"": 0.0}, {""block"": ""star_ris"", ""rho"": 64.0, ""gain"": 0.0006610676115172964}]",{},3520.894182,895cf8987087c169d7023476c078ebabf24f99fbbc30b65ad7fae1097d95a6fe,fc61d5cda7da39530055bae9bd0e92865f995cd9,f4c80269e5fb3cf553900b2e82f235af875b7c2e33b4ff71ec5d85cc25eb2b4e
ao_sca,128,10000,37,test,19.23655159869569,19.23655159869569,1.0,True,0.0,5,3949,8,ao_sca_proximal_physical,analytical_ris_equal_allocation,"[1.838014317278194, 19.084160074104748, 19.09388027441074, 19.15747575059501, 19.234929083297995, 19.236551598695694]","[{""block"": ""rsma"", ""rho"": 1.0, ""gain"": 16.606894566132198}, {""block"": ""star_ris"", ""rho"": 1.0, ""gain"": 0.6392511906943561}, {""block"": ""rsma"", ""rho"": 1.0, ""gain"": 0.0}, {""block"": ""star_ris"", ""rho"": 4.0, ""gain"": 0.009720200305991966}, {""block"": ""rsma"", ""rho"": 1.0, ""gain"": -3.552713678800501e-15}, {""block"": ""star_ris"", ""rho"": 2.0, ""gain"": 0.06359547618427541}, {""block"": ""rsma"", ""rho"": 1.0, ""gain"": 0.0}, {""block"": ""star_ris"", ""rho"": 1.0, ""gain"": 0.0774533327029836}, {""block"": ""rsma"", ""rho"": 1.0, ""gain"": 0.0}, {""block"": ""star_ris"", ""rho"": 32.0, ""gain"": 0.001622515397698976}]",{},2378.369736,895cf8987087c169d7023476c078ebabf24f99fbbc30b65ad7fae1097d95a6fe,fc61d5cda7da39530055bae9bd0e92865f995cd9,f4c80269e5fb3cf553900b2e82f235af875b7c2e33b4ff71ec5d85cc25eb2b4e
ao_sca,128,10000,38,test,20.07236461075424,20.07236461075424,1.0,True,0.0,20,15793,37,ao_sca_proximal_physical,analytical_ris_equal_allocation,"[1.8380282652125024, 19.48137935221491, 19.50650101297877, 19.51963771723758, 19.54325179159367, 19.576133260131808, 19.591457531545625, 19.613802326334316, 19.624787021523506, 19.630233878448337, 19.657724182256345, 19.74319867284607, 19.762332320666516, 19.827188240234598, 19.868619688797388, 19.93650435600114, 19.948252991873147, 19.993142515002127, 20.042320620259442, 20.0513391040981, 20.07236461075424]","[{""block"": ""rsma"", ""rho"": 1.0, ""gain"": 17.496422804907613}, {""block"": ""star_ris"", ""rho"": 2.0, ""gain"": 0.14692828209479103}, {""block"": ""rsma"", ""rho"": 1.0, ""gain"": 0.0}, {""block"": ""star_ris"", ""rho"": 16.0, ""gain"": 0.025121660763861797}, {""block"": ""rsma"", ""rho"": 1.0, ""gain"": 0.0}, {""block"": ""star_ris"", ""rho"": 4.0, ""gain"": 0.013136704258808862}, {""block"": ""rsma"", ""rho"": 1.0, ""gain"": 0.0}, {""block"": ""star_ris"", ""rho"": 16.0, ""gain"": 0.02361407435608953}, {""block"": ""rsma"", ""rho"": 1.0, ""gain"": 0.0}, {""block"": ""star_ris"", ""rho"": 4.0, ""gain"": 0.03288146853813956}, {""block"": ""rsma"", ""rho"": 1.0, ""gain"": 3.552713678800501e-15}, {""block"": ""star_ris"", ""rho"": 2.0, ""gain"": 0.015324271413813761}, {""block"": ""rsma"", ""rho"": 1.0, ""gain"": -3.552713678800501e-15}, {""block"": ""star_ris"", ""rho"": 16.0, ""gain"": 0.02234479478869389}, {""block"": ""rsma"", ""rho"": 1.0, ""gain"": 0.0}, {""block"": ""star_ris"", ""rho"": 32.0, ""gain"": 0.010984695189190319}, {""block"": ""rsma"", ""rho"": 1.0, ""gain"": 3.552713678800501e-15}, {""block"": ""star_ris"", ""rho"": 64.0, ""gain"": 0.005446856924827159}, {""block"": ""rsma"", ""rho"": 1.0, ""gain"": 0.0}, {""block"": ""star_ris"", ""rho"": 1.0, ""gain"": 0.02749030380800832}, {""block"": ""rsma"", ""rho"": 1.0, ""gain"": 0.0}, {""block"": ""star_ris"", ""rho"": 1.0, ""gain"": 0.0854744905897249}, {""block"": ""rsma"", ""rho"": 1.0, ""gain"": 0.0}, {""block"": ""star_ris"", ""rho"": 1.0, ""gain"": 0.019133647820446242}, {""block"": ""rsma"", ""rho"": 1.0, ""gain"": 0.0}, {""block"": ""star_ris"", ""rho"": 1.0, ""gain"": 0.06485591956808179}, {""block"": ""rsma"", ""rho"": 1.0, ""gain"": 0.0}, {""block"": ""star_ris"", ""rho"": 1.0, ""gain"": 0.0414314485627898}, {""block"": ""rsma"", ""rho"": 1.0, ""gain"": 0.0}, {""block"": ""star_ris"", ""rho"": 1.0, ""gain"": 0.06788466720375297}, {""block"": ""rsma"", ""rho"": 1.0, ""gain"": -3.552713678800501e-15}, {""block"": ""star_ris"", ""rho"": 1.0, ""gain"": 0.011748635872010027}, {""block"": ""rsma"", ""rho"": 1.0, ""gain"": 3.552713678800501e-15}, {""block"": ""star_ris"", ""rho"": 1.0, ""gain"": 0.044889523128976094}, {""block"": ""rsma"", ""rho"": 1.0, ""gain"": 0.0}, {""block"": ""star_ris"", ""rho"": 2.0, ""gain"": 0.04917810525731525}, {""block"": ""rsma"", ""rho"": 1.0, ""gain"": -3.552713678800501e-15}, {""block"": ""star_ris"", ""rho"": 2.0, ""gain"": 0.009018483838662661}, {""block"": ""rsma"", ""rho"": 1.0, ""gain"": 3.552713678800501e-15}, {""block"": ""star_ris"", ""rho"": 2.0, ""gain"": 0.021025506656133786}]",{},9093.136211,895cf8987087c169d7023476c078ebabf24f99fbbc30b65ad7fae1097d95a6fe,fc61d5cda7da39530055bae9bd0e92865f995cd9,f4c80269e5fb3cf553900b2e82f235af875b7c2e33b4ff71ec5d85cc25eb2b4e
ao_sca,128,10000,39,test,19.46891773574283,19.46891773574283,1.0,True,0.0,7,5527,11,ao_sca_proximal_physical,analytical_ris_equal_allocation,"[1.838020157810294, 19.130696474301754, 19.14439708570321, 19.28594996535782, 19.334310010032937, 19.367134006789197, 19.468165246213005, 19.46891773574283]","[{""block"": ""rsma"", ""rho"": 1.0, ""gain"": 17.21294739924899}, {""block"": ""star_ris"", ""rho"": 8.0, ""gain"": 0.07972891724246978}, {""block"": ""rsma"", ""rho"": 1.0, ""gain"": 0.0}, {""block"": ""star_ris"", ""rho"": 2.0, ""gain"": 0.013700611401457508}, {""block"": ""rsma"", ""rho"": 1.0, ""gain"": 0.0}, {""block"": ""star_ris"", ""rho"": 2.0, ""gain"": 0.14155287965460772}, {""block"": ""rsma"", ""rho"": 1.0, ""gain"": 0.0}, {""block"": ""star_ris"", ""rho"": 2.0, ""gain"": 0.048360044675117564}, {""block"": ""rsma"", ""rho"": 1.0, ""gain"": -3.552713678800501e-15}, {""block"": ""star_ris"", ""rho"": 1.0, ""gain"": 0.032823996756263796}, {""block"": ""rsma"", ""rho"": 1.0, ""gain"": 0.0}, {""block"": ""star_ris"", ""rho"": 4.0, ""gain"": 0.10103123942380776}, {""block"": ""rsma"", ""rho"": 1.0, ""gain"": 0.0}, {""block"": ""star_ris"", ""rho"": 4.0, ""gain"": 0.0007524895298267609}]",{},3048.327499,895cf8987087c169d7023476c078ebabf24f99fbbc30b65ad7fae1097d95a6fe,fc61d5cda7da39530055bae9bd0e92865f995cd9,f4c80269e5fb3cf553900b2e82f235af875b7c2e33b4ff71ec5d85cc25eb2b4e
ao_sca,128,10000,40,test,19.795786989783643,19.795786989783643,1.0,True,0.0,8,6317,12,ao_sca_proximal_physical,analytical_ris_equal_allocation,"[1.8380288895214807, 19.36541465000921, 19.72940935514191, 19.737151068756496, 19.746904656226533, 19.766107190648682, 19.78873020243757, 19.795775741138137, 19.795786989783643]","[{""block"": ""rsma"", ""rho"": 1.0, ""gain"": 17.523148883247863}, {""block"": ""star_ris"", ""rho"": 1.0, ""gain"": 0.004236877239865322}, {""block"": ""rsma"", ""rho"": 1.0, ""gain"": 0.0}, {""block"": ""star_ris"", ""rho"": 1.0, ""gain"": 0.3639947051327006}, {""block"": ""rsma"", ""rho"": 1.0, ""gain"": 0.0}, {""block"": ""star_ris"", ""rho"": 2.0, ""gain"": 0.0077417136145854215}, {""block"": ""rsma"", ""rho"": 1.0, ""gain"": 0.0}, {""block"": ""star_ris"", ""rho"": 8.0, ""gain"": 0.009753587470036962}, {""block"": ""rsma"", ""rho"": 1.0, ""gain"": 0.0}, {""block"": ""star_ris"", ""rho"": 4.0, ""gain"": 0.019202534422149142}, {""block"": ""rsma"", ""rho"": 1.0, ""gain"": 0.0}, {""block"": ""star_ris"", ""rho"": 2.0, ""gain"": 0.02262301178888748}, {""block"": ""rsma"", ""rho"": 1.0, ""gain"": 0.0}, {""block"": ""star_ris"", ""rho"": 1.0, ""gain"": 0.007045538700566567}, {""block"": ""rsma"", ""rho"": 1.0, ""gain"": 0.0}, {""block"": ""star_ris"", ""rho"": 32.0, ""gain"": 1.1248645506611865e-05}]",{},3509.327545,895cf8987087c169d7023476c078ebabf24f99fbbc30b65ad7fae1097d95a6fe,fc61d5cda7da39530055bae9bd0e92865f995cd9,f4c80269e5fb3cf553900b2e82f235af875b7c2e33b4ff71ec5d85cc25eb2b4e
ao_sca,128,10000,41,test,19.40774038940437,19.40774038940437,1.0,True,0.0,2,1582,3,ao_sca_proximal_physical,analytical_ris_equal_allocation,"[1.8380246511166496, 19.40728270117951, 19.40774038940437]","[{""block"": ""rsma"", ""rho"": 1.0, ""gain"": 17.372164946246752}, {""block"": ""star_ris"", ""rho"": 2.0, ""gain"": 0.19709310381610834}, {""block"": ""rsma"", ""rho"": 1.0, ""gain"": 0.0}, {""block"": ""star_ris"", ""rho"": 16.0, ""gain"": 0.000457688224859254}]",{},871.062812,895cf8987087c169d7023476c078ebabf24f99fbbc30b65ad7fae1097d95a6fe,fc61d5cda7da39530055bae9bd0e92865f995cd9,f4c80269e5fb3cf553900b2e82f235af875b7c2e33b4ff71ec5d85cc25eb2b4e
ao_sca,128,10000,42,test,19.73778350954347,19.73778350954347,1.0,True,0.0,11,8690,21,ao_sca_proximal_physical,analytical_ris_equal_allocation,"[1.838025710718084, 19.419801610138254, 19.4411435079089, 19.493224983308046, 19.53177572329934, 19.544683195193333, 19.589901833588087, 19.65188035030322, 19.673013404555245, 19.683409374478867, 19.737421244080373, 19.73778350954347]","[{""block"": ""rsma"", ""rho"": 1.0, ""gain"": 17.423226392911655}, {""block"": ""star_ris"", ""rho"": 2.0, ""gain"": 0.15854950650851407}, {""block"": ""rsma"", ""rho"": 1.0, ""gain"": 0.0}, {""block"": ""star_ris"", ""rho"": 1.0, ""gain"": 0.021341897770646767}, {""block"": ""rsma"", ""rho"": 1.0, ""gain"": 0.0}, {""block"": ""star_ris"", ""rho"": 8.0, ""gain"": 0.052081475399145205}, {""block"": ""rsma"", ""rho"": 1.0, ""gain"": 0.0}, {""block"": ""star_ris"", ""rho"": 1.0, ""gain"": 0.03855073999129388}, {""block"": ""rsma"", ""rho"": 1.0, ""gain"": -3.552713678800501e-15}, {""block"": ""star_ris"", ""rho"": 4.0, ""gain"": 0.012907471893996103}, {""block"": ""rsma"", ""rho"": 1.0, ""gain"": 3.552713678800501e-15}, {""block"": ""star_ris"", ""rho"": 1.0, ""gain"": 0.0452186383947506}, {""block"": ""rsma"", ""rho"": 1.0, ""gain"": 3.552713678800501e-15}, {""block"": ""star_ris"", ""rho"": 2.0, ""gain"": 0.06197851671512922}, {""block"": ""rsma"", ""rho"": 1.0, ""gain"": 3.552713678800501e-15}, {""block"": ""star_ris"", ""rho"": 16.0, ""gain"": 0.021133054252022276}, {""block"": ""rsma"", ""rho"": 1.0, ""gain"": 3.552713678800501e-15}, {""block"": ""star_ris"", ""rho"": 32.0, ""gain"": 0.010395969923617798}, {""block"": ""rsma"", ""rho"": 1.0, ""gain"": 3.552713678800501e-15}, {""block"": ""star_ris"", ""rho"": 1.0, ""gain"": 0.05401186960150284}, {""block"": ""rsma"", ""rho"": 1.0, ""gain"": 0.0}, {""block"": ""star_ris"", ""rho"": 32.0, ""gain"": 0.0003622654630959232}]",{},4908.589159,895cf8987087c169d7023476c078ebabf24f99fbbc30b65ad7fae1097d95a6fe,fc61d5cda7da39530055bae9bd0e92865f995cd9,f4c80269e5fb3cf553900b2e82f235af875b7c2e33b4ff71ec5d85cc25eb2b4e
ao_sca,128,10000,43,test,19.83314457329939,19.83314457329939,1.0,True,0.0,15,11842,25,ao_sca_proximal_physical,analytical_ris_equal_allocation,"[1.8380202599852302, 18.861808247967, 19.300938524158177, 19.375564569650486, 19.455734590264765, 19.525415714266977, 19.636553810214945, 19.638666621800787, 19.64915594627366, 19.66769396461263, 19.712942303071117, 19.723213213787062, 19.764252556322774, 19.7737103068134, 19.833093326913435, 19.83314457329939]","[{""block"": ""rsma"", ""rho"": 1.0, ""gain"": 16.893990107793392}, {""block"": ""star_ris"", ""rho"": 4.0, ""gain"": 0.12979788018837723}, {""block"": ""rsma"", ""rho"": 1.0, ""gain"": -3.552713678800501e-15}, {""block"": ""star_ris"", ""rho"": 1.0, ""gain"": 0.43913027619117884}, {""block"": ""rsma"", ""rho"": 1.0, ""gain"": 0.0}, {""block"": ""star_ris"", ""rho"": 1.0, ""gain"": 0.07462604549230889}, {""block"": ""rsma"", ""rho"": 1.0, ""gain"": 0.0}, {""block"": ""star_ris"", ""rho"": 1.0, ""gain"": 0.08017002061427903}, {""block"": ""rsma"", ""rho"": 1.0, ""gain"": 0.0}, {""block"": ""star_ris"", ""rho"": 1.0, ""gain"": 0.06968112400221216}, {""block"": ""rsma"", ""rho"": 1.0, ""gain"": 0.0}, {""block"": ""star_ris"", ""rho"": 1.0, ""gain"": 0.1111380959479682}, {""block"": ""rsma"", ""rho"": 1.0, ""gain"": 0.0}, {""block"": ""star_ris"", ""rho"": 16.0, ""gain"": 0.0021128115858424223}, {""block"": ""rsma"", ""rho"": 1.0, ""gain"": 0.0}, {""block"": ""star_ris"", ""rho"": 4.0, ""gain"": 0.01048932447287143}, {""block"": ""rsma"", ""rho"": 1.0, ""gain"": 0.0}, {""block"": ""star_ris"", ""rho"": 2.0, ""gain"": 0.018538018338972506}, {""block"": ""rsma"", ""rho"": 1.0, ""gain"": -3.552713678800501e-15}, {""block"": ""star_ris"", ""rho"": 1.0, ""gain"": 0.045248338458488746}, {""block"": ""rsma"", ""rho"": 1.0, ""gain"": 0.0}, {""block"": ""star_ris"", ""rho"": 2.0, ""gain"": 0.010270910715945547}, {""block"": ""rsma"", ""rho"": 1.0, ""gain"": 0.0}, {""block"": ""star_ris"", ""rho"": 1.0, ""gain"": 0.0410393425357114}, {""block"": ""rsma"", ""rho"": 1.0, ""gain"": 0.0}, {""block"": ""star_ris"", ""rho"": 4.0, ""gain"": 0.009457750490625472}, {""block"": ""rsma"", ""rho"": 1.0, ""gain"": 0.0}, {""block"": ""star_ris"", ""rho"": 1.0, ""gain"": 0.05938302010003582}, {""block"": ""rsma"", ""rho"": 1.0, ""gain"": 0.0}, {""block"": ""star_ris"", ""rho"": 512.0, ""gain"": 5.1246385954328844e-05}]",{},6661.349339,895cf8987087c169d7023476c078ebabf24f99fbbc30b65ad7fae1097d95a6fe,fc61d5cda7da39530055bae9bd0e92865f995cd9,f4c80269e5fb3cf553900b2e82f235af875b7c2e33b4ff71ec5d85cc25eb2b4e
ao_sca,128,10000,44,test,19.327026292192155,19.327026292192155,1.0,True,0.0,6,4744,11,ao_sca_proximal_physical,analytical_ris_equal_allocation,"[1.8380221124377087, 19.147534717097614, 19.256840123866443, 19.30753247996557, 19.3216738993035, 19.32590259425219, 19.327026292192155]","[{""block"": ""rsma"", ""rho"": 1.0, ""gain"": 17.27984531869181}, {""block"": ""star_ris"", ""rho"": 1.0, ""gain"": 0.029667285968095314}, {""block"": ""rsma"", ""rho"": 1.0, ""gain"": 3.552713678800501e-15}, {""block"": ""star_ris"", ""rho"": 4.0, ""gain"": 0.10930540676882572}, {""block"": ""rsma"", ""rho"": 1.0, ""gain"": 0.0}, {""block"": ""star_ris"", ""rho"": 8.0, ""gain"": 0.05069235609912681}, {""block"": ""rsma"", ""rho"": 1.0, ""gain"": 0.0}, {""block"": ""star_ris"", ""rho"": 16.0, ""gain"": 0.014141419337931893}, {""block"": ""rsma"", ""rho"": 1.0, ""gain"": 3.552713678800501e-15}, {""block"": ""star_ris"", ""rho"": 16.0, ""gain"": 0.0042286949486864955}, {""block"": ""rsma"", ""rho"": 1.0, ""gain"": 0.0}, {""block"": ""star_ris"", ""rho"": 4.0, ""gain"": 0.001123697939963364}]",{},2625.431287,895cf8987087c169d7023476c078ebabf24f99fbbc30b65ad7fae1097d95a6fe,fc61d5cda7da39530055bae9bd0e92865f995cd9,f4c80269e5fb3cf553900b2e82f235af875b7c2e33b4ff71ec5d85cc25eb2b4e
ao_sca,128,10000,45,test,19.80263592283336,19.80263592283336,1.0,True,0.0,10,7908,20,ao_sca_proximal_physical,analytical_ris_equal_allocation,"[1.8380235283272133, 19.329614611146376, 19.36571331162438, 19.414102463359708, 19.460807271638934, 19.47216639425682, 19.534259124586324, 19.559850325469927, 19.65866676498173, 19.802226889849898, 19.802635922833357]","[{""block"": ""rsma"", ""rho"": 1.0, ""gain"": 17.00786390267371}, {""block"": ""star_ris"", ""rho"": 1.0, ""gain"": 0.4837271801454541}, {""block"": ""rsma"", ""rho"": 1.0, ""gain"": 0.0}, {""block"": ""star_ris"", ""rho"": 2.0, ""gain"": 0.036098700478003565}, {""block"": ""rsma"", ""rho"": 1.0, ""gain"": 0.0}, {""block"": ""star_ris"", ""rho"": 8.0, ""gain"": 0.04838915173532854}, {""block"": ""rsma"", ""rho"": 1.0, ""gain"": 0.0}, {""block"": ""star_ris"", ""rho"": 8.0, ""gain"": 0.04670480827922674}, {""block"": ""rsma"", ""rho"": 1.0, ""gain"": 0.0}, {""block"": ""star_ris"", ""rho"": 32.0, ""gain"": 0.011359122617886186}, {""block"": ""rsma"", ""rho"": 1.0, ""gain"": 0.0}, {""block"": ""star_ris"", ""rho"": 1.0, ""gain"": 0.062092730329503354}, {""block"": ""rsma"", ""rho"": 1.0, ""gain"": 0.0}, {""block"": ""star_ris"", ""rho"": 16.0, ""gain"": 0.02559120088360345}, {""block"": ""rsma"", ""rho"": 1.0, ""gain"": 0.0}, {""block"": ""star_ris"", ""rho"": 4.0, ""gain"": 0.09881643951180408}, {""block"": ""rsma"", ""rho"": 1.0, ""gain"": -7.105427357601002e-15}, {""block"": ""star_ris"", ""rho"": 2.0, ""gain"": 0.1435601248681735}, {""block"": ""rsma"", ""rho"": 1.0, ""gain"": 0.0}, {""block"": ""star_ris"", ""rho"": 256.0, ""gain"": 0.0004090329834589568}]",{},4355.140006,895cf8987087c169d7023476c078ebabf24f99fbbc30b65ad7fae1097d95a6fe,fc61d5cda7da39530055bae9bd0e92865f995cd9,f4c80269e5fb3cf553900b2e82f235af875b7c2e33b4ff71ec5d85cc25eb2b4e
ao_sca,128,10000,46,test,19.77697429002661,19.77697429002661,1.0,True,0.0,6,4731,11,ao_sca_proximal_physical,analytical_ris_equal_allocation,"[1.838025164916965, 19.413464786830385, 19.453460961281827, 19.490673586579863, 19.494907605740263, 19.77566938886357, 19.77697429002661]","[{""block"": ""rsma"", ""rho"": 1.0, ""gain"": 17.409210862634147}, {""block"": ""star_ris"", ""rho"": 1.0, ""gain"": 0.16622875927927439}, {""block"": ""rsma"", ""rho"": 1.0, ""gain"": 0.0}, {""block"": ""star_ris"", ""rho"": 1.0, ""gain"": 0.0399961744514421}, {""block"": ""rsma"", ""rho"": 1.0, ""gain"": 0.0}, {""block"": ""star_ris"", ""rho"": 1.0, ""gain"": 0.03721262529803582}, {""block"": ""rsma"", ""rho"": 1.0, ""gain"": 0.0}, {""block"": ""star_ris"", ""rho"": 1.0, ""gain"": 0.004234019160399782}, {""block"": ""rsma"", ""rho"": 1.0, ""gain"": 0.0}, {""block"": ""star_ris"", ""rho"": 1.0, ""gain"": 0.2807617831233067}, {""block"": ""rsma"", ""rho"": 1.0, ""gain"": -3.552713678800501e-15}, {""block"": ""star_ris"", ""rho"": 4.0, ""gain"": 0.001304901163045713}]",{},2645.378155,895cf8987087c169d7023476c078ebabf24f99fbbc30b65ad7fae1097d95a6fe,fc61d5cda7da39530055bae9bd0e92865f995cd9,f4c80269e5fb3cf553900b2e82f235af875b7c2e33b4ff71ec5d85cc25eb2b4e
ao_sca,128,10000,47,test,19.64731199945801,19.64731199945801,1.0,True,0.0,20,15808,33,ao_sca_proximal_physical,analytical_ris_equal_allocation,"[1.838016316137025, 18.925515706362617, 18.95773753895488, 19.020213365694644, 19.057098692202917, 19.120184260806298, 19.12775262568674, 19.277500394273744, 19.37730436830134, 19.40054314657722, 19.4119305691232, 19.417575398938638, 19.426356974245472, 19.441070914029268, 19.444549162833646, 19.457469286207694, 19.56462801466726, 19.587047335053235, 19.602461022755705, 19.621990581147063, 19.647311999458015]","[{""block"": ""rsma"", ""rho"": 1.0, ""gain"": 17.051748990626944}, {""block"": ""star_ris"", ""rho"": 16.0, ""gain"": 0.035750399598647675}, {""block"": ""rsma"", ""rho"": 1.0, ""gain"": -3.552713678800501e-15}, {""block"": ""star_ris"", ""rho"": 4.0, ""gain"": 0.032221832592266964}, {""block"": ""rsma"", ""rho"": 1.0, ""gain"": 0.0}, {""block"": ""star_ris"", ""rho"": 8.0, ""gain"": 0.06247582673976382}, {""block"": ""rsma"", ""rho"": 1.0, ""gain"": 0.0}, {""block"": ""star_ris"", ""rho"": 1.0, ""gain"": 0.0368853265082727}, {""block"": ""rsma"", ""rho"": 1.0, ""gain"": 0.0}, {""block"": ""star_ris"", ""rho"": 8.0, ""gain"": 0.06308556860338044}, {""block"": ""rsma"", ""rho"": 1.0, ""gain"": 0.0}, {""block"": ""star_ris"", ""rho"": 64.0, ""gain"": 0.007568364880441436}, {""block"": ""rsma"", ""rho"": 1.0, ""gain"": 0.0}, {""block"": ""star_ris"", ""rho"": 1.0, ""gain"": 0.14974776858700523}, {""block"": ""rsma"", ""rho"": 1.0, ""gain"": -3.552713678800501e-15}, {""block"": ""star_ris"", ""rho"": 4.0, ""gain"": 0.09980397402759777}, {""block"": ""rsma"", ""rho"": 1.0, ""gain"": 0.0}, {""block"": ""star_ris"", ""rho"": 16.0, ""gain"": 0.023238778275882055}, {""block"": ""rsma"", ""rho"": 1.0, ""gain"": 0.0}, {""block"": ""star_ris"", ""rho"": 32.0, ""gain"": 0.011387422545979575}, {""block"": ""rsma"", ""rho"": 1.0, ""gain"": 0.0}, {""block"": ""star_ris"", ""rho"": 64.0, ""gain"": 0.005644829815437902}, {""block"": ""rsma"", ""rho"": 1.0, ""gain"": 3.552713678800501e-15}, {""block"": ""star_ris"", ""rho"": 4.0, ""gain"": 0.008781575306830547}, {""block"": ""rsma"", ""rho"": 1.0, ""gain"": 0.0}, {""block"": ""star_ris"", ""rho"": 1.0, ""gain"": 0.014713939783796093}, {""block"": ""rsma"", ""rho"": 1.0, ""gain"": -3.552713678800501e-15}, {""block"": ""star_ris"", ""rho"": 4.0, ""gain"": 0.003478248804380968}, {""block"": ""rsma"", ""rho"": 1.0, ""gain"": 0.0}, {""block"": ""star_ris"", ""rho"": 2.0, ""gain"": 0.012920123374048131}, {""block"": ""rsma"", ""rho"": 1.0, ""gain"": 0.0}, {""block"": ""star_ris"", ""rho"": 1.0, ""gain"": 0.10715872845956653}, {""block"": ""rsma"", ""rho"": 1.0, ""gain"": 0.0}, {""block"": ""star_ris"", ""rho"": 4.0, ""gain"": 0.022419320385974828}, {""block"": ""rsma"", ""rho"": 1.0, ""gain"": 0.0}, {""block"": ""star_ris"", ""rho"": 1.0, ""gain"": 0.015413687702469758}, {""block"": ""rsma"", ""rho"": 1.0, ""gain"": 0.0}, {""block"": ""star_ris"", ""rho"": 16.0, ""gain"": 0.019529558391358393}, {""block"": ""rsma"", ""rho"": 1.0, ""gain"": 0.0}, {""block"": ""star_ris"", ""rho"": 2.0, ""gain"": 0.025321418310952026}]",{},8688.357774,895cf8987087c169d7023476c078ebabf24f99fbbc30b65ad7fae1097d95a6fe,fc61d5cda7da39530055bae9bd0e92865f995cd9,f4c80269e5fb3cf553900b2e82f235af875b7c2e33b4ff71ec5d85cc25eb2b4e
ao_sca,128,10000,48,test,20.17318369261828,20.17318369261828,1.0,True,0.0,20,15809,39,ao_sca_proximal_physical,analytical_ris_equal_allocation,"[1.838030618329083, 19.376186460088103, 19.390439582723243, 19.397492770186588, 19.474821614605343, 19.583542081381182, 19.60609449054839, 19.633796437834096, 19.645799808030617, 19.651633668912293, 19.694670926666383, 19.717136579658035, 19.728171730957506, 19.823021520595056, 19.866599628586922, 19.92719394448621, 19.935768510992958, 20.116923413808355, 20.121681982983052, 20.147318813902793, 20.173183692618277]","[{""block"": ""rsma"", ""rho"": 1.0, ""gain"": 17.509040416316832}, {""block"": ""star_ris"", ""rho"": 16.0, ""gain"": 0.029115425442189036}, {""block"": ""rsma"", ""rho"": 1.0, ""gain"": 0.0}, {""block"": ""star_ris"", ""rho"": 32.0, ""gain"": 0.014253122635139448}, {""block"": ""rsma"", ""rho"": 1.0, ""gain"": 0.0}, {""block"": ""star_ris"", ""rho"": 64.0, ""gain"": 0.007053187463345267}, {""block"": ""rsma"", ""rho"": 1.0, ""gain"": 0.0}, {""block"": ""star_ris"", ""rho"": 2.0, ""gain"": 0.07732884441875498}, {""block"": ""rsma"", ""rho"": 1.0, ""gain"": -3.552713678800501e-15}, {""block"": ""star_ris"", ""rho"": 4.0, ""gain"": 0.1087204667758428}, {""block"": ""rsma"", ""rho"": 1.0, ""gain"": 0.0}, {""block"": ""star_ris"", ""rho"": 8.0, ""gain"": 0.0225524091672078}, {""block"": ""rsma"", ""rho"": 1.0, ""gain"": 0.0}, {""block"": ""star_ris"", ""rho"": 8.0, ""gain"": 0.027701947285706296}, {""block"": ""rsma"", ""rho"": 1.0, ""gain"": 0.0}, {""block"": ""star_ris"", ""rho"": 32.0, ""gain"": 0.012003370196520535}, {""block"": ""rsma"", ""rho"": 1.0, ""gain"": -3.552713678800501e-15}, {""block"": ""star_ris"", ""rho"": 8.0, ""gain"": 0.005833860881679698}, {""block"": ""rsma"", ""rho"": 1.0, ""gain"": 0.0}, {""block"": ""star_ris"", ""rho"": 1.0, ""gain"": 0.043037257754090064}, {""block"": ""rsma"", ""rho"": 1.0, ""gain"": 0.0}, {""block"": ""star_ris"", ""rho"": 16.0, ""gain"": 0.022465652991652263}, {""block"": ""rsma"", ""rho"": 1.0, ""gain"": 0.0}, {""block"": ""star_ris"", ""rho"": 32.0, ""gain"": 0.011035151299470414}, {""block"": ""rsma"", ""rho"": 1.0, ""gain"": 0.0}, {""block"": ""star_ris"", ""rho"": 2.0, ""gain"": 0.09484978963754997}, {""block"": ""rsma"", ""rho"": 1.0, ""gain"": 0.0}, {""block"": ""star_ris"", ""rho"": 1.0, ""gain"": 0.04357810799186623}, {""block"": ""rsma"", ""rho"": 1.0, ""gain"": 0.0}, {""block"": ""star_ris"", ""rho"": 1.0, ""gain"": 0.06059431589928721}, {""block"": ""rsma"", ""rho"": 1.0, ""gain"": 0.0}, {""block"": ""star_ris"", ""rho"": 32.0, ""gain"": 0.008574566506748482}, {""block"": ""rsma"", ""rho"": 1.0, ""gain"": 0.0}, {""block"": ""star_ris"", ""rho"": 1.0, ""gain"": 0.18115490281539692}, {""block"": ""rsma"", ""rho"": 1.0, ""gain"": 0.0}, {""block"": ""star_ris"", ""rho"": 2.0, ""gain"": 0.0047585691746974135}, {""block"": ""rsma"", ""rho"": 1.0, ""gain"": 0.0}, {""block"": ""star_ris"", ""rho"": 1.0, ""gain"": 0.02563683091974056}, {""block"": ""rsma"", ""rho"": 1.0, ""gain"": 3.552713678800501e-15}, {""block"": ""star_ris"", ""rho"": 1.0, ""gain"": 0.025864878715481154}]",{},8752.833549,895cf8987087c169d7023476c078ebabf24f99fbbc30b65ad7fae1097d95a6fe,fc61d5cda7da39530055bae9bd0e92865f995cd9,f4c80269e5fb3cf553900b2e82f235af875b7c2e33b4ff71ec5d85cc25eb2b4e
ao_sca,128,10000,49,test,19.945064488448125,19.945064488448125,1.0,True,0.0,13,10270,23,ao_sca_proximal_physical,analytical_ris_equal_allocation,"[1.8380233579685947, 19.28537433090471, 19.3381791774093, 19.43836312453782, 19.461850898275227, 19.47340579377948, 19.51580038933836, 19.58078757371196, 19.70219241098734, 19.829978317015673, 19.906705080791145, 19.909692845710016, 19.9431228255719, 19.945064488448125]","[{""block"": ""rsma"", ""rho"": 1.0, ""gain"": 16.827387810479962}, {""block"": ""star_ris"", ""rho"": 1.0, ""gain"": 0.6199631624561519}, {""block"": ""rsma"", ""rho"": 1.0, ""gain"": 0.0}, {""block"": ""star_ris"", ""rho"": 8.0, ""gain"": 0.05280484650459272}, {""block"": ""rsma"", ""rho"": 1.0, ""gain"": 0.0}, {""block"": ""star_ris"", ""rho"": 4.0, ""gain"": 0.1001839471285173}, {""block"": ""rsma"", ""rho"": 1.0, ""gain"": 0.0}, {""block"": ""star_ris"", ""rho"": 16.0, ""gain"": 0.023487773737407736}, {""block"": ""rsma"", ""rho"": 1.0, ""gain"": -3.552713678800501e-15}, {""block"": ""star_ris"", ""rho"": 32.0, ""gain"": 0.0115548955042577}, {""block"": ""rsma"", ""rho"": 1.0, ""gain"": 0.0}, {""block"": ""star_ris"", ""rho"": 1.0, ""gain"": 0.04239459555887848}, {""block"": ""rsma"", ""rho"": 1.0, ""gain"": 0.0}, {""block"": ""star_ris"", ""rho"": 1.0, ""gain"": 0.0649871843735994}, {""block"": ""rsma"", ""rho"": 1.0, ""gain"": 0.0}, {""block"": ""star_ris"", ""rho"": 1.0, ""gain"": 0.12140483727538154}, {""block"": ""rsma"", ""rho"": 1.0, ""gain"": 3.552713678800501e-15}, {""block"": ""star_ris"", ""rho"": 1.0, ""gain"": 0.12778590602832907}, {""block"": ""rsma"", ""rho"": 1.0, ""gain"": 0.0}, {""block"": ""star_ris"", ""rho"": 4.0, ""gain"": 0.07672676377547205}, {""block"": ""rsma"", ""rho"": 1.0, ""gain"": 0.0}, {""block"": ""star_ris"", ""rho"": 8.0, ""gain"": 0.002987764918870539}, {""block"": ""rsma"", ""rho"": 1.0, ""gain"": 3.552713678800501e-15}, {""block"": ""star_ris"", ""rho"": 8.0, ""gain"": 0.03342997986188223}, {""block"": ""rsma"", ""rho"": 1.0, ""gain"": -3.552713678800501e-15}, {""block"": ""star_ris"", ""rho"": 8.0, ""gain"": 0.0019416628762272126}]",{},5695.811886,895cf8987087c169d7023476c078ebabf24f99fbbc30b65ad7fae1097d95a6fe,fc61d5cda7da39530055bae9bd0e92865f995cd9,f4c80269e5fb3cf553900b2e82f235af875b7c2e33b4ff71ec5d85cc25eb2b4e
ao_sca,128,10000,50,test,19.097369914113823,19.097369914113823,1.0,True,0.0,7,5542,12,ao_sca_proximal_physical,analytical_ris_equal_allocation,"[1.8380111352189603, 18.901595097013043, 18.927709725196358, 19.025637626524226, 19.07124345972537, 19.093297141556892, 19.096014136455086, 19.097369914113823]","[{""block"": ""rsma"", ""rho"": 1.0, ""gain"": 16.55113647110831}, {""block"": ""star_ris"", ""rho"": 1.0, ""gain"": 0.5124474906857728}, {""block"": ""rsma"", ""rho"": 1.0, ""gain"": 0.0}, {""block"": ""star_ris"", ""rho"": 2.0, ""gain"": 0.026114628183314892}, {""block"": ""rsma"", ""rho"": 1.0, ""gain"": 0.0}, {""block"": ""star_ris"", ""rho"": 4.0, ""gain"": 0.09792790132786777}, {""block"": ""rsma"", ""rho"": 1.0, ""gain"": 3.552713678800501e-15}, {""block"": ""star_ris"", ""rho"": 8.0, ""gain"": 0.0456058332011402}, {""block"": ""rsma"", ""rho"": 1.0, ""gain"": 0.0}, {""block"": ""star_ris"", ""rho"": 16.0, ""gain"": 0.022053681831522454}, {""block"": ""rsma"", ""rho"": 1.0, ""gain"": 0.0}, {""block"": ""star_ris"", ""rho"": 128.0, ""gain"": 0.0027169948981935477}, {""block"": ""rsma"", ""rho"": 1.0, ""gain"": 3.552713678800501e-15}, {""block"": ""star_ris"", ""rho"": 256.0, ""gain"": 0.0013557776587340697}]",{},3032.776784,895cf8987087c169d7023476c078ebabf24f99fbbc30b65ad7fae1097d95a6fe,fc61d5cda7da39530055bae9bd0e92865f995cd9,f4c80269e5fb3cf553900b2e82f235af875b7c2e33b4ff71ec5d85cc25eb2b4e
ao_sca,128,10000,51,test,19.76428248492185,19.76428248492185,1.0,True,0.0,3,2367,6,ao_sca_proximal_physical,analytical_ris_equal_allocation,"[1.8380313004175397, 19.63102798469383, 19.763072285499252, 19.76428248492185]","[{""block"": ""rsma"", ""rho"": 1.0, ""gain"": 17.588365318781563}, {""block"": ""star_ris"", ""rho"": 1.0, ""gain"": 0.20463136549472694}, {""block"": ""rsma"", ""rho"": 1.0, ""gain"": 7.105427357601002e-15}, {""block"": ""star_ris"", ""rho"": 2.0, ""gain"": 0.13204430080541485}, {""block"": ""rsma"", ""rho"": 1.0, ""gain"": 0.0}, {""block"": ""star_ris"", ""rho"": 2.0, ""gain"": 0.001210199422597924}]",{},1327.50598,895cf8987087c169d7023476c078ebabf24f99fbbc30b65ad7fae1097d95a6fe,fc61d5cda7da39530055bae9bd0e92865f995cd9,f4c80269e5fb3cf553900b2e82f235af875b7c2e33b4ff71ec5d85cc25eb2b4e
ao_sca,128,10000,52,test,19.43314814435008,19.43314814435008,1.0,True,0.0,10,7891,13,ao_sca_proximal_physical,analytical_ris_equal_allocation,"[1.8380110719585074, 18.68761038404504, 18.938545658642575, 18.95214477524982, 19.13968027331893, 19.144893330835302, 19.262978201227682, 19.29592647231317, 19.390061595765108, 19.432294258573815, 19.433148144350078]","[{""block"": ""rsma"", ""rho"": 1.0, ""gain"": 16.53512851742073}, {""block"": ""star_ris"", ""rho"": 2.0, ""gain"": 0.31447079466580163}, {""block"": ""rsma"", ""rho"": 1.0, ""gain"": 0.0}, {""block"": ""star_ris"", ""rho"": 2.0, ""gain"": 0.2509352745975342}, {""block"": ""rsma"", ""rho"": 1.0, ""gain"": 0.0}, {""block"": ""star_ris"", ""rho"": 32.0, ""gain"": 0.013599116607245776}, {""block"": ""rsma"", ""rho"": 1.0, ""gain"": 0.0}, {""block"": ""star_ris"", ""rho"": 1.0, ""gain"": 0.18753549806910996}, {""block"": ""rsma"", ""rho"": 1.0, ""gain"": 0.0}, {""block"": ""star_ris"", ""rho"": 2.0, ""gain"": 0.0052130575163715775}, {""block"": ""rsma"", ""rho"": 1.0, ""gain"": 0.0}, {""block"": ""star_ris"", ""rho"": 1.0, ""gain"": 0.11808487039238003}, {""block"": ""rsma"", ""rho"": 1.0, ""gain"": 0.0}, {""block"": ""star_ris"", ""rho"": 2.0, ""gain"": 0.03294827108548759}, {""block"": ""rsma"", ""rho"": 1.0, ""gain"": 0.0}, {""block"": ""star_ris"", ""rho"": 1.0, ""gain"": 0.09413512345193809}, {""block"": ""rsma"", ""rho"": 1.0, ""gain"": 0.0}, {""block"": ""star_ris"", ""rho"": 2.0, ""gain"": 0.042232662808707744}, {""block"": ""rsma"", ""rho"": 1.0, ""gain"": 0.0}, {""block"": ""star_ris"", ""rho"": 1.0, ""gain"": 0.0008538857762623309}]",{},4344.385635,895cf8987087c169d7023476c078ebabf24f99fbbc30b65ad7fae1097d95a6fe,fc61d5cda7da39530055bae9bd0e92865f995cd9,f4c80269e5fb3cf553900b2e82f235af875b7c2e33b4ff71ec5d85cc25eb2b4e
ao_sca,128,10000,53,test,19.969671379184124,19.969671379184124,1.0,True,0.0,14,11065,24,ao_sca_proximal_physical,analytical_ris_equal_allocation,"[1.8380285071363307, 19.32211239148858, 19.334616839941987, 19.340813037648086, 19.353080559653254, 19.625992947440103, 19.629936863163124, 19.64273275769368, 19.675077106993914, 19.725465831749265, 19.877129132694414, 19.911063323293483, 19.951143443013688, 19.969101275044537, 19.969671379184124]","[{""block"": ""rsma"", ""rho"": 1.0, ""gain"": 17.45861228144576}, {""block"": ""star_ris"", ""rho"": 16.0, ""gain"": 0.025471602906488755}, {""block"": ""rsma"", ""rho"": 1.0, ""gain"": 3.552713678800501e-15}, {""block"": ""star_ris"", ""rho"": 32.0, ""gain"": 0.012504448453402262}, {""block"": ""rsma"", ""rho"": 1.0, ""gain"": 0.0}, {""block"": ""star_ris"", ""rho"": 64.0, ""gain"": 0.006196197706099582}, {""block"": ""rsma"", ""rho"": 1.0, ""gain"": -3.552713678800501e-15}, {""block"": ""star_ris"", ""rho"": 1.0, ""gain"": 0.012267522005171116}, {""block"": ""rsma"", ""rho"": 1.0, ""gain"": 3.552713678800501e-15}, {""block"": ""star_ris"", ""rho"": 1.0, ""gain"": 0.272912387786846}, {""block"": ""rsma"", ""rho"": 1.0, ""gain"": 0.0}, {""block"": ""star_ris"", ""rho"": 4.0, ""gain"": 0.003943915723020552}, {""block"": ""rsma"", ""rho"": 1.0, ""gain"": -3.552713678800501e-15}, {""block"": ""star_ris"", ""rho"": 1.0, ""gain"": 0.012795894530558627}, {""block"": ""rsma"", ""rho"": 1.0, ""gain"": 3.552713678800501e-15}, {""block"": ""star_ris"", ""rho"": 2.0, ""gain"": 0.032344349300231556}, {""block"": ""rsma"", ""rho"": 1.0, ""gain"": -3.552713678800501e-15}, {""block"": ""star_ris"", ""rho"": 1.0, ""gain"": 0.050388724755354275}, {""block"": ""rsma"", ""rho"": 1.0, ""gain"": 0.0}, {""block"": ""star_ris"", ""rho"": 1.0, ""gain"": 0.1516633009451489}, {""block"": ""rsma"", ""rho"": 1.0, ""gain"": 3.552713678800501e-15}, {""block"": ""star_ris"", ""rho"": 4.0, ""gain"": 0.03393419059906577}, {""block"": ""rsma"", ""rho"": 1.0, ""gain"": 0.0}, {""block"": ""star_ris"", ""rho"": 4.0, ""gain"": 0.040080119720204976}, {""block"": ""rsma"", ""rho"": 1.0, ""gain"": 0.0}, {""block"": ""star_ris"", ""rho"": 16.0, ""gain"": 0.017957832030848664}, {""block"": ""rsma"", ""rho"": 1.0, ""gain"": 0.0}, {""block"": ""star_ris"", ""rho"": 64.0, ""gain"": 0.0005701041395873574}]",{},6028.924966,895cf8987087c169d7023476c078ebabf24f99fbbc30b65ad7fae1097d95a6fe,fc61d5cda7da39530055bae9bd0e92865f995cd9,f4c80269e5fb3cf553900b2e82f235af875b7c2e33b4ff71ec5d85cc25eb2b4e
ao_sca,128,10000,54,test,19.466859550468936,19.466859550468936,1.0,True,0.0,5,3946,10,ao_sca_proximal_physical,analytical_ris_equal_allocation,"[1.8380201752586767, 19.12262820828432, 19.14350342676772, 19.27155467308948, 19.465699881553526, 19.466859550468936]","[{""block"": ""rsma"", ""rho"": 1.0, ""gain"": 16.83923942023973}, {""block"": ""star_ris"", ""rho"": 1.0, ""gain"": 0.4453686127859129}, {""block"": ""rsma"", ""rho"": 1.0, ""gain"": 0.0}, {""block"": ""star_ris"", ""rho"": 2.0, ""gain"": 0.02087521848340046}, {""block"": ""rsma"", ""rho"": 1.0, ""gain"": 3.552713678800501e-15}, {""block"": ""star_ris"", ""rho"": 1.0, ""gain"": 0.1280512463217569}, {""block"": ""rsma"", ""rho"": 1.0, ""gain"": 0.0}, {""block"": ""star_ris"", ""rho"": 2.0, ""gain"": 0.1941452084640467}, {""block"": ""rsma"", ""rho"": 1.0, ""gain"": -3.552713678800501e-15}, {""block"": ""star_ris"", ""rho"": 8.0, ""gain"": 0.0011596689154131923}]",{},2228.892019,895cf8987087c169d7023476c078ebabf24f99fbbc30b65ad7fae1097d95a6fe,fc61d5cda7da39530055bae9bd0e92865f995cd9,f4c80269e5fb3cf553900b2e82f235af875b7c2e33b4ff71ec5d85cc25eb2b4e
ao_sca,128,10000,55,test,19.59774444005498,19.59774444005498,1.0,True,0.0,9,7111,17,ao_sca_proximal_physical,analytical_ris_equal_allocation,"[1.8380186367060904, 19.001607655232533, 19.251038527120073, 19.261881029671986, 19.267825471185734, 19.480696781530757, 19.52667791680212, 19.57575269010443, 19.597459743858522, 19.59774444005498]","[{""block"": ""rsma"", ""rho"": 1.0, ""gain"": 17.136500363919353}, {""block"": ""star_ris"", ""rho"": 2.0, ""gain"": 0.0270886546070912}, {""block"": ""rsma"", ""rho"": 1.0, ""gain"": 0.0}, {""block"": ""star_ris"", ""rho"": 1.0, ""gain"": 0.2494308718875402}, {""block"": ""rsma"", ""rho"": 1.0, ""gain"": 0.0}, {""block"": ""star_ris"", ""rho"": 8.0, ""gain"": 0.010842502551913213}, {""block"": ""rsma"", ""rho"": 1.0, ""gain"": 0.0}, {""block"": ""star_ris"", ""rho"": 1.0, ""gain"": 0.0059444415137477336}, {""block"": ""rsma"", ""rho"": 1.0, ""gain"": 0.0}, {""block"": ""star_ris"", ""rho"": 2.0, ""gain"": 0.21287131034502238}, {""block"": ""rsma"", ""rho"": 1.0, ""gain"": 0.0}, {""block"": ""star_ris"", ""rho"": 4.0, ""gain"": 0.04598113527136505}, {""block"": ""rsma"", ""rho"": 1.0, ""gain"": -3.552713678800501e-15}, {""block"": ""star_ris"", ""rho"": 2.0, ""gain"": 0.049074773302312025}, {""block"": ""rsma"", ""rho"": 1.0, ""gain"": 0.0}, {""block"": ""star_ris"", ""rho"": 16.0, ""gain"": 0.021707053754091987}, {""block"": ""rsma"", ""rho"": 1.0, ""gain"": 0.0}, {""block"": ""star_ris"", ""rho"": 64.0, ""gain"": 0.000284696196459322}]",{},3890.467902,895cf8987087c169d7023476c078ebabf24f99fbbc30b65ad7fae1097d95a6fe,fc61d5cda7da39530055bae9bd0e92865f995cd9,f4c80269e5fb3cf553900b2e82f235af875b7c2e33b4ff71ec5d85cc25eb2b4e
ao_sca,128,10000,56,test,19.26874836381165,19.26874836381165,1.0,True,0.0,4,3177,8,ao_sca_proximal_physical,analytical_ris_equal_allocation,"[1.8380250118061494, 19.25658377410196, 19.264086408150984, 19.267817805447894, 19.26874836381165]","[{""block"": ""rsma"", ""rho"": 1.0, ""gain"": 17.28834047296675}, {""block"": ""star_ris"", ""rho"": 4.0, ""gain"": 0.13021828932906132}, {""block"": ""rsma"", ""rho"": 1.0, ""gain"": 0.0}, {""block"": ""star_ris"", ""rho"": 64.0, ""gain"": 0.007502634049025403}, {""block"": ""rsma"", ""rho"": 1.0, ""gain"": 0.0}, {""block"": ""star_ris"", ""rho"": 128.0, ""gain"": 0.0037313972969101883}, {""block"": ""rsma"", ""rho"": 1.0, ""gain"": 0.0}, {""block"": ""star_ris"", ""rho"": 512.0, ""gain"": 0.0009305583637555515}]",{},1730.127826,895cf8987087c169d7023476c078ebabf24f99fbbc30b65ad7fae1097d95a6fe,fc61d5cda7da39530055bae9bd0e92865f995cd9,f4c80269e5fb3cf553900b2e82f235af875b7c2e33b4ff71ec5d85cc25eb2b4e
ao_sca,128,10000,57,test,19.78220760415796,19.78220760415796,1.0,True,0.0,6,4742,12,ao_sca_proximal_physical,analytical_ris_equal_allocation,"[1.838022890470378, 19.228599295851, 19.614177542178865, 19.77170241216313, 19.775482194226253, 19.781570624151755, 19.782207604157957]","[{""block"": ""rsma"", ""rho"": 1.0, ""gain"": 16.817477189498202}, {""block"": ""star_ris"", ""rho"": 1.0, ""gain"": 0.5730992158824222}, {""block"": ""rsma"", ""rho"": 1.0, ""gain"": 0.0}, {""block"": ""star_ris"", ""rho"": 1.0, ""gain"": 0.38557824632786364}, {""block"": ""rsma"", ""rho"": 1.0, ""gain"": 0.0}, {""block"": ""star_ris"", ""rho"": 2.0, ""gain"": 0.15752486998426463}, {""block"": ""rsma"", ""rho"": 1.0, ""gain"": 0.0}, {""block"": ""star_ris"", ""rho"": 16.0, ""gain"": 0.003779782063123349}, {""block"": ""rsma"", ""rho"": 1.0, ""gain"": 0.0}, {""block"": ""star_ris"", ""rho"": 8.0, ""gain"": 0.006088429925501515}, {""block"": ""rsma"", ""rho"": 1.0, ""gain"": 0.0}, {""block"": ""star_ris"", ""rho"": 32.0, ""gain"": 0.0006369800062024922}]",{},2600.263448,895cf8987087c169d7023476c078ebabf24f99fbbc30b65ad7fae1097d95a6fe,fc61d5cda7da39530055bae9bd0e92865f995cd9,f4c80269e5fb3cf553900b2e82f235af875b7c2e33b4ff71ec5d85cc25eb2b4e
ao_sca,128,10000,58,test,19.628964282919817,19.628964282919817,1.0,True,0.0,18,14229,34,ao_sca_proximal_physical,analytical_ris_equal_allocation,"[1.8380185745709685, 18.81476116986548, 18.88333489331068, 18.916007851302332, 18.931972489043023, 18.996011483601002, 19.20032202945675, 19.288408780635926, 19.29879700557263, 19.30395124743951, 19.30651852642055, 19.347946250831917, 19.501853233996236, 19.505892093752273, 19.54853600933191, 19.552276613110514, 19.566363733122863, 19.628113737870716, 19.628964282919817]","[{""block"": ""rsma"", ""rho"": 1.0, ""gain"": 16.907942078425698}, {""block"": ""star_ris"", ""rho"": 2.0, ""gain"": 0.06880051686881217}, {""block"": ""rsma"", ""rho"": 1.0, ""gain"": 0.0}, {""block"": ""star_ris"", ""rho"": 8.0, ""gain"": 0.06857372344519774}, {""block"": ""rsma"", ""rho"": 1.0, ""gain"": -3.552713678800501e-15}, {""block"": ""star_ris"", ""rho"": 16.0, ""gain"": 0.03267295799165737}, {""block"": ""rsma"", ""rho"": 1.0, ""gain"": 0.0}, {""block"": ""star_ris"", ""rho"": 32.0, ""gain"": 0.01596463774069079}, {""block"": ""rsma"", ""rho"": 1.0, ""gain"": 0.0}, {""block"": ""star_ris"", ""rho"": 1.0, ""gain"": 0.06403899455797912}, {""block"": ""rsma"", ""rho"": 1.0, ""gain"": 0.0}, {""block"": ""star_ris"", ""rho"": 2.0, ""gain"": 0.2043105458557477}, {""block"": ""rsma"", ""rho"": 1.0, ""gain"": 7.105427357601002e-15}, {""block"": ""star_ris"", ""rho"": 4.0, ""gain"": 0.0880867511791692}, {""block"": ""rsma"", ""rho"": 1.0, ""gain"": 0.0}, {""block"": ""star_ris"", ""rho"": 32.0, ""gain"": 0.01038822493670466}, {""block"": ""rsma"", ""rho"": 1.0, ""gain"": 0.0}, {""block"": ""star_ris"", ""rho"": 64.0, ""gain"": 0.0051542418668795165}, {""block"": ""rsma"", ""rho"": 1.0, ""gain"": 3.552713678800501e-15}, {""block"": ""star_ris"", ""rho"": 128.0, ""gain"": 0.0025672789810364804}, {""block"": ""rsma"", ""rho"": 1.0, ""gain"": 3.552713678800501e-15}, {""block"": ""star_ris"", ""rho"": 1.0, ""gain"": 0.04142772441136344}, {""block"": ""rsma"", ""rho"": 1.0, ""gain"": 0.0}, {""block"": ""star_ris"", ""rho"": 1.0, ""gain"": 0.15390698316431894}, {""block"": ""rsma"", ""rho"": 1.0, ""gain"": 0.0}, {""block"": ""star_ris"", ""rho"": 8.0, ""gain"": 0.0040388597560365724}, {""block"": ""rsma"", ""rho"": 1.0, ""gain"": 0.0}, {""block"": ""star_ris"", ""rho"": 1.0, ""gain"": 0.04264391557963876}, {""block"": ""rsma"", ""rho"": 1.0, ""gain"": 0.0}, {""block"": ""star_ris"", ""rho"": 16.0, ""gain"": 0.003740603778602747}, {""block"": ""rsma"", ""rho"": 1.0, ""gain"": 3.552713678800501e-15}, {""block"": ""star_ris"", ""rho"": 2.0, ""gain"": 0.014087120012344911}, {""block"": ""rsma"", ""rho"": 1.0, ""gain"": 3.552713678800501e-15}, {""block"": ""star_ris"", ""rho"": 2.0, ""gain"": 0.061750004747850085}, {""block"": ""rsma"", ""rho"": 1.0, ""gain"": 0.0}, {""block"": ""star_ris"", ""rho"": 2.0, ""gain"": 0.0008505450491007593}]",{},8013.374091,895cf8987087c169d7023476c078ebabf24f99fbbc30b65ad7fae1097d95a6fe,fc61d5cda7da39530055bae9bd0e92865f995cd9,f4c80269e5fb3cf553900b2e82f235af875b7c2e33b4ff71ec5d85cc25eb2b4e
ao_sca,128,10000,59,test,19.576712698300387,19.576712698300387,1.0,True,0.0,10,7904,19,ao_sca_proximal_physical,analytical_ris_equal_allocation,"[1.8380218981428837, 18.997137311511196, 19.023949278354664, 19.335033376423258, 19.375884017665506, 19.47327895610725, 19.511111146156164, 19.557552980533977, 19.572884168690603, 19.57488438662273, 19.576712698300387]","[{""block"": ""rsma"", ""rho"": 1.0, ""gain"": 17.043439976288862}, {""block"": ""star_ris"", ""rho"": 4.0, ""gain"": 0.1156754370794495}, {""block"": ""rsma"", ""rho"": 1.0, ""gain"": 3.552713678800501e-15}, {""block"": ""star_ris"", ""rho"": 16.0, ""gain"": 0.02681196684346432}, {""block"": ""rsma"", ""rho"": 1.0, ""gain"": 0.0}, {""block"": ""star_ris"", ""rho"": 1.0, ""gain"": 0.3110840980685943}, {""block"": ""rsma"", ""rho"": 1.0, ""gain"": 0.0}, {""block"": ""star_ris"", ""rho"": 1.0, ""gain"": 0.040850641242247576}, {""block"": ""rsma"", ""rho"": 1.0, ""gain"": -3.552713678800501e-15}, {""block"": ""star_ris"", ""rho"": 2.0, ""gain"": 0.09739493844174874}, {""block"": ""rsma"", ""rho"": 1.0, ""gain"": 0.0}, {""block"": ""star_ris"", ""rho"": 4.0, ""gain"": 0.03783219004891336}, {""block"": ""rsma"", ""rho"": 1.0, ""gain"": 0.0}, {""block"": ""star_ris"", ""rho"": 4.0, ""gain"": 0.046441834377812796}, {""block"": ""rsma"", ""rho"": 1.0, ""gain"": 0.0}, {""block"": ""star_ris"", ""rho"": 8.0, ""gain"": 0.015331188156626041}, {""block"": ""rsma"", ""rho"": 1.0, ""gain"": 0.0}, {""block"": ""star_ris"", ""rho"": 32.0, ""gain"": 0.0020002179321281233}, {""block"": ""rsma"", ""rho"": 1.0, ""gain"": -3.552713678800501e-15}, {""block"": ""star_ris"", ""rho"": 16.0, ""gain"": 0.0018283116776594}]",{},4400.631016,895cf8987087c169d7023476c078ebabf24f99fbbc30b65ad7fae1097d95a6fe,fc61d5cda7da39530055bae9bd0e92865f995cd9,f4c80269e5fb3cf553900b2e82f235af875b7c2e33b4ff71ec5d85cc25eb2b4e
ao_sca,128,10000,60,test,19.21121709778351,19.21121709778351,1.0,True,0.0,6,4734,12,ao_sca_proximal_physical,analytical_ris_equal_allocation,"[1.838018164361128, 18.858719440617733, 19.052176515923556, 19.064148208048557, 19.196761119701435, 19.210839671315053, 19.21121709778351]","[{""block"": ""rsma"", ""rho"": 1.0, ""gain"": 17.010637208998777}, {""block"": ""star_ris"", ""rho"": 2.0, ""gain"": 0.010064067257829379}, {""block"": ""rsma"", ""rho"": 1.0, ""gain"": -3.552713678800501e-15}, {""block"": ""star_ris"", ""rho"": 2.0, ""gain"": 0.193457075305826}, {""block"": ""rsma"", ""rho"": 1.0, ""gain"": 0.0}, {""block"": ""star_ris"", ""rho"": 2.0, ""gain"": 0.01197169212500171}, {""block"": ""rsma"", ""rho"": 1.0, ""gain"": 0.0}, {""block"": ""star_ris"", ""rho"": 1.0, ""gain"": 0.13261291165287759}, {""block"": ""rsma"", ""rho"": 1.0, ""gain"": 0.0}, {""block"": ""star_ris"", ""rho"": 4.0, ""gain"": 0.014078551613618373}, {""block"": ""rsma"", ""rho"": 1.0, ""gain"": 3.552713678800501e-15}, {""block"": ""star_ris"", ""rho"": 1.0, ""gain"": 0.0003774264684537343}]",{},2632.30678,895cf8987087c169d7023476c078ebabf24f99fbbc30b65ad7fae1097d95a6fe,fc61d5cda7da39530055bae9bd0e92865f995cd9,f4c80269e5fb3cf553900b2e82f235af875b7c2e33b4ff71ec5d85cc25eb2b4e
ao_sca,128,10000,61,test,19.96567036817927,19.96567036817927,1.0,True,0.0,7,5522,12,ao_sca_proximal_physical,analytical_ris_equal_allocation,"[1.8380339375623413, 19.77504665689721, 19.847007135488237, 19.872925744805688, 19.946213258027203, 19.963533734998343, 19.965613297852403, 19.96567036817927]","[{""block"": ""rsma"", ""rho"": 1.0, ""gain"": 17.86853982042108}, {""block"": ""star_ris"", ""rho"": 1.0, ""gain"": 0.06847289891378949}, {""block"": ""rsma"", ""rho"": 1.0, ""gain"": 0.0}, {""block"": ""star_ris"", ""rho"": 1.0, ""gain"": 0.07196047859102706}, {""block"": ""rsma"", ""rho"": 1.0, ""gain"": 0.0}, {""block"": ""star_ris"", ""rho"": 2.0, ""gain"": 0.025918609317450603}, {""block"": ""rsma"", ""rho"": 1.0, ""gain"": 0.0}, {""block"": ""star_ris"", ""rho"": 2.0, ""gain"": 0.07328751322151561}, {""block"": ""rsma"", ""rho"": 1.0, ""gain"": 0.0}, {""block"": ""star_ris"", ""rho"": 1.0, ""gain"": 0.017320476971139698}, {""block"": ""rsma"", ""rho"": 1.0, ""gain"": 0.0}, {""block"": ""star_ris"", ""rho"": 1.0, ""gain"": 0.0020795628540604127}, {""block"": ""rsma"", ""rho"": 1.0, ""gain"": 0.0}, {""block"": ""star_ris"", ""rho"": 8.0, ""gain"": 5.707032686785851e-05}]",{},3063.737337,895cf8987087c169d7023476c078ebabf24f99fbbc30b65ad7fae1097d95a6fe,fc61d5cda7da39530055bae9bd0e92865f995cd9,f4c80269e5fb3cf553900b2e82f235af875b7c2e33b4ff71ec5d85cc25eb2b4e
ao_sca,128,10000,62,test,19.79601522515973,19.79601522515973,1.0,True,0.0,9,7098,17,ao_sca_proximal_physical,analytical_ris_equal_allocation,"[1.8380222676790077, 19.207788094300774, 19.344139438083833, 19.47814723785482, 19.566556220934565, 19.605562994716873, 19.71620200902553, 19.720885694181142, 19.795865062589613, 19.796015225159735]","[{""block"": ""rsma"", ""rho"": 1.0, ""gain"": 17.29596963764599}, {""block"": ""star_ris"", ""rho"": 1.0, ""gain"": 0.073796188975777}, {""block"": ""rsma"", ""rho"": 1.0, ""gain"": 3.552713678800501e-15}, {""block"": ""star_ris"", ""rho"": 1.0, ""gain"": 0.1363513437830548}, {""block"": ""rsma"", ""rho"": 1.0, ""gain"": 3.552713678800501e-15}, {""block"": ""star_ris"", ""rho"": 1.0, ""gain"": 0.1340077997709841}, {""block"": ""rsma"", ""rho"": 1.0, ""gain"": 0.0}, {""block"": ""star_ris"", ""rho"": 2.0, ""gain"": 0.08840898307974498}, {""block"": ""rsma"", ""rho"": 1.0, ""gain"": 0.0}, {""block"": ""star_ris"", ""rho"": 1.0, ""gain"": 0.0390067737823081}, {""block"": ""rsma"", ""rho"": 1.0, ""gain"": 0.0}, {""block"": ""star_ris"", ""rho"": 2.0, ""gain"": 0.11063901430865641}, {""block"": ""rsma"", ""rho"": 1.0, ""gain"": 0.0}, {""block"": ""star_ris"", ""rho"": 1.0, ""gain"": 0.004683685155612238}, {""block"": ""rsma"", ""rho"": 1.0, ""gain"": -3.552713678800501e-15}, {""block"": ""star_ris"", ""rho"": 1.0, ""gain"": 0.0749793684084743}, {""block"": ""rsma"", ""rho"": 1.0, ""gain"": 0.0}, {""block"": ""star_ris"", ""rho"": 8.0, ""gain"": 0.00015016257012234746}]",{},3984.65492,895cf8987087c169d7023476c078ebabf24f99fbbc30b65ad7fae1097d95a6fe,fc61d5cda7da39530055bae9bd0e92865f995cd9,f4c80269e5fb3cf553900b2e82f235af875b7c2e33b4ff71ec5d85cc25eb2b4e
ao_sca,128,10000,63,test,19.92240571941252,19.92240571941252,1.0,True,0.0,13,10269,24,ao_sca_proximal_physical,analytical_ris_equal_allocation,"[1.8380265664348117, 19.343409491947423, 19.346695103170585, 19.357915749772598, 19.370731009695728, 19.42066606799927, 19.548477906175812, 19.614320817219678, 19.740344442657506, 19.82014260864855, 19.834966210702948, 19.897886205002496, 19.921923147729956, 19.92240571941252]","[{""block"": ""rsma"", ""rho"": 1.0, ""gain"": 17.452014328443312}, {""block"": ""star_ris"", ""rho"": 8.0, ""gain"": 0.05336859706929786}, {""block"": ""rsma"", ""rho"": 1.0, ""gain"": 0.0}, {""block"": ""star_ris"", ""rho"": 16.0, ""gain"": 0.003285611223162732}, {""block"": ""rsma"", ""rho"": 1.0, ""gain"": -3.552713678800501e-15}, {""block"": ""star_ris"", ""rho"": 2.0, ""gain"": 0.01122064660201616}, {""block"": ""rsma"", ""rho"": 1.0, ""gain"": 0.0}, {""block"": ""star_ris"", ""rho"": 32.0, ""gain"": 0.012815259923129929}, {""block"": ""rsma"", ""rho"": 1.0, ""gain"": 0.0}, {""block"": ""star_ris"", ""rho"": 8.0, ""gain"": 0.049935058303542945}, {""block"": ""rsma"", ""rho"": 1.0, ""gain"": 0.0}, {""block"": ""star_ris"", ""rho"": 1.0, ""gain"": 0.12781183817654096}, {""block"": ""rsma"", ""rho"": 1.0, ""gain"": 0.0}, {""block"": ""star_ris"", ""rho"": 1.0, ""gain"": 0.06584291104386608}, {""block"": ""rsma"", ""rho"": 1.0, ""gain"": 0.0}, {""block"": ""star_ris"", ""rho"": 1.0, ""gain"": 0.12602362543782775}, {""block"": ""rsma"", ""rho"": 1.0, ""gain"": 0.0}, {""block"": ""star_ris"", ""rho"": 1.0, ""gain"": 0.07979816599104339}, {""block"": ""rsma"", ""rho"": 1.0, ""gain"": 0.0}, {""block"": ""star_ris"", ""rho"": 1.0, ""gain"": 0.014823602054399032}, {""block"": ""rsma"", ""rho"": 1.0, ""gain"": 3.552713678800501e-15}, {""block"": ""star_ris"", ""rho"": 4.0, ""gain"": 0.06291999429954487}, {""block"": ""rsma"", ""rho"": 1.0, ""gain"": 0.0}, {""block"": ""star_ris"", ""rho"": 2.0, ""gain"": 0.024036942727459376}, {""block"": ""rsma"", ""rho"": 1.0, ""gain"": 3.552713678800501e-15}, {""block"": ""star_ris"", ""rho"": 32.0, ""gain"": 0.00048257168256071736}]",{},5576.647481,895cf8987087c169d7023476c078ebabf24f99fbbc30b65ad7fae1097d95a6fe,fc61d5cda7da39530055bae9bd0e92865f995cd9,f4c80269e5fb3cf553900b2e82f235af875b7c2e33b4ff71ec5d85cc25eb2b4e
ao_sca,128,10000,64,test,19.286589632078517,19.286589632078517,1.0,True,0.0,4,3159,8,ao_sca_proximal_physical,analytical_ris_equal_allocation,"[1.8380174653932317, 19.041515656335854, 19.28217294441218, 19.28556272235941, 19.286589632078513]","[{""block"": ""rsma"", ""rho"": 1.0, ""gain"": 16.957901198372994}, {""block"": ""star_ris"", ""rho"": 1.0, ""gain"": 0.2455969925696273}, {""block"": ""rsma"", ""rho"": 1.0, ""gain"": 0.0}, {""block"": ""star_ris"", ""rho"": 1.0, ""gain"": 0.2406572880763278}, {""block"": ""rsma"", ""rho"": 1.0, ""gain"": 0.0}, {""block"": ""star_ris"", ""rho"": 16.0, ""gain"": 0.0033897779472269463}, {""block"": ""rsma"", ""rho"": 1.0, ""gain"": 0.0}, {""block"": ""star_ris"", ""rho"": 4.0, ""gain"": 0.001026909719104907}]",{},1707.133549,895cf8987087c169d7023476c078ebabf24f99fbbc30b65ad7fae1097d95a6fe,fc61d5cda7da39530055bae9bd0e92865f995cd9,f4c80269e5fb3cf553900b2e82f235af875b7c2e33b4ff71ec5d85cc25eb2b4e
ao_sca,128,10000,65,test,20.28624518576457,20.28624518576457,1.0,True,0.0,11,8685,16,ao_sca_proximal_physical,analytical_ris_equal_allocation,"[1.8380327853839449, 19.331526690004683, 19.3882395207616, 19.785715415051364, 19.94466976253866, 19.98157045102081, 19.98571772263274, 20.02174926074131, 20.229382744333403, 20.266749449338946, 20.28590613432423, 20.28624518576457]","[{""block"": ""rsma"", ""rho"": 1.0, ""gain"": 17.3691689317574}, {""block"": ""star_ris"", ""rho"": 4.0, ""gain"": 0.12432497286333799}, {""block"": ""rsma"", ""rho"": 1.0, ""gain"": 0.0}, {""block"": ""star_ris"", ""rho"": 8.0, ""gain"": 0.056712830756918464}, {""block"": ""rsma"", ""rho"": 1.0, ""gain"": 0.0}, {""block"": ""star_ris"", ""rho"": 1.0, ""gain"": 0.39747589428976227}, {""block"": ""rsma"", ""rho"": 1.0, ""gain"": 0.0}, {""block"": ""star_ris"", ""rho"": 1.0, ""gain"": 0.15895434748729542}, {""block"": ""rsma"", ""rho"": 1.0, ""gain"": -3.552713678800501e-15}, {""block"": ""star_ris"", ""rho"": 1.0, ""gain"": 0.036900688482155886}, {""block"": ""rsma"", ""rho"": 1.0, ""gain"": 0.0}, {""block"": ""star_ris"", ""rho"": 64.0, ""gain"": 0.0041472716119272945}, {""block"": ""rsma"", ""rho"": 1.0, ""gain"": 0.0}, {""block"": ""star_ris"", ""rho"": 1.0, ""gain"": 0.036031538108570516}, {""block"": ""rsma"", ""rho"": 1.0, ""gain"": 0.0}, {""block"": ""star_ris"", ""rho"": 1.0, ""gain"": 0.20763348359209388}, {""block"": ""rsma"", ""rho"": 1.0, ""gain"": 0.0}, {""block"": ""star_ris"", ""rho"": 2.0, ""gain"": 0.0373667050055424}, {""block"": ""rsma"", ""rho"": 1.0, ""gain"": 0.0}, {""block"": ""star_ris"", ""rho"": 4.0, ""gain"": 0.019156684985283334}, {""block"": ""rsma"", ""rho"": 1.0, ""gain"": 0.0}, {""block"": ""star_ris"", ""rho"": 4.0, ""gain"": 0.00033905144034207524}]",{},4828.134958,895cf8987087c169d7023476c078ebabf24f99fbbc30b65ad7fae1097d95a6fe,fc61d5cda7da39530055bae9bd0e92865f995cd9,f4c80269e5fb3cf553900b2e82f235af875b7c2e33b4ff71ec5d85cc25eb2b4e
ao_sca,128,10000,66,test,19.91757686896373,19.91757686896373,1.0,True,0.0,5,3950,9,ao_sca_proximal_physical,analytical_ris_equal_allocation,"[1.8380308575391637, 19.61117656720861, 19.81496086483724, 19.901405026244532, 19.917106058614525, 19.917576868963735]","[{""block"": ""rsma"", ""rho"": 1.0, ""gain"": 17.661392734798977}, {""block"": ""star_ris"", ""rho"": 1.0, ""gain"": 0.11175297487046976}, {""block"": ""rsma"", ""rho"": 1.0, ""gain"": 0.0}, {""block"": ""star_ris"", ""rho"": 1.0, ""gain"": 0.20378429762862993}, {""block"": ""rsma"", ""rho"": 1.0, ""gain"": 0.0}, {""block"": ""star_ris"", ""rho"": 2.0, ""gain"": 0.08644416140729305}, {""block"": ""rsma"", ""rho"": 1.0, ""gain"": 3.552713678800501e-15}, {""block"": ""star_ris"", ""rho"": 16.0, ""gain"": 0.01570103236998932}, {""block"": ""rsma"", ""rho"": 1.0, ""gain"": -3.552713678800501e-15}, {""block"": ""star_ris"", ""rho"": 16.0, ""gain"": 0.00047081034921347964}]",{},2145.198771,895cf8987087c169d7023476c078ebabf24f99fbbc30b65ad7fae1097d95a6fe,fc61d5cda7da39530055bae9bd0e92865f995cd9,f4c80269e5fb3cf553900b2e82f235af875b7c2e33b4ff71ec5d85cc25eb2b4e
ao_sca,128,10000,67,test,19.77355985477946,19.77355985477946,1.0,True,0.0,20,15800,38,ao_sca_proximal_physical,analytical_ris_equal_allocation,"[1.8380128532955682, 18.38775742436946, 18.410888164230638, 18.42226857499675, 19.05559327527594, 19.212154164069958, 19.24519353861086, 19.26116886501376, 19.269032282801692, 19.404160519947336, 19.483295965078067, 19.487813861561666, 19.51870675060936, 19.527788859774898, 19.56914706260108, 19.648875869052812, 19.677972514948372, 19.72930735273282, 19.733908036816256, 19.74350563842946, 19.77355985477946]","[{""block"": ""rsma"", ""rho"": 1.0, ""gain"": 16.50191633186778}, {""block"": ""star_ris"", ""rho"": 16.0, ""gain"": 0.04782823920611534}, {""block"": ""rsma"", ""rho"": 1.0, ""gain"": 0.0}, {""block"": ""star_ris"", ""rho"": 32.0, ""gain"": 0.023130739861176863}, {""block"": ""rsma"", ""rho"": 1.0, ""gain"": 0.0}, {""block"": ""star_ris"", ""rho"": 64.0, ""gain"": 0.011380410766111737}, {""block"": ""rsma"", ""rho"": 1.0, ""gain"": 0.0}, {""block"": ""star_ris"", ""rho"": 1.0, ""gain"": 0.6333247002791893}, {""block"": ""rsma"", ""rho"": 1.0, ""gain"": 0.0}, {""block"": ""star_ris"", ""rho"": 1.0, ""gain"": 0.15656088879401864}, {""block"": ""rsma"", ""rho"": 1.0, ""gain"": 0.0}, {""block"": ""star_ris"", ""rho"": 16.0, ""gain"": 0.03303937454090189}, {""block"": ""rsma"", ""rho"": 1.0, ""gain"": 0.0}, {""block"": ""star_ris"", ""rho"": 32.0, ""gain"": 0.015975326402902112}, {""block"": ""rsma"", ""rho"": 1.0, ""gain"": 0.0}, {""block"": ""star_ris"", ""rho"": 64.0, ""gain"": 0.007863417787930871}, {""block"": ""rsma"", ""rho"": 1.0, ""gain"": 3.552713678800501e-15}, {""block"": ""star_ris"", ""rho"": 1.0, ""gain"": 0.13512823714563993}, {""block"": ""rsma"", ""rho"": 1.0, ""gain"": 0.0}, {""block"": ""star_ris"", ""rho"": 1.0, ""gain"": 0.07913544513073134}, {""block"": ""rsma"", ""rho"": 1.0, ""gain"": 0.0}, {""block"": ""star_ris"", ""rho"": 8.0, ""gain"": 0.004517896483598349}, {""block"": ""rsma"", ""rho"": 1.0, ""gain"": 0.0}, {""block"": ""star_ris"", ""rho"": 1.0, ""gain"": 0.030892889047695604}, {""block"": ""rsma"", ""rho"": 1.0, ""gain"": 3.552713678800501e-15}, {""block"": ""star_ris"", ""rho"": 2.0, ""gain"": 0.00908210916553287}, {""block"": ""rsma"", ""rho"": 1.0, ""gain"": 3.552713678800501e-15}, {""block"": ""star_ris"", ""rho"": 1.0, ""gain"": 0.04135820282617786}, {""block"": ""rsma"", ""rho"": 1.0, ""gain"": 0.0}, {""block"": ""star_ris"", ""rho"": 1.0, ""gain"": 0.07972880645173319}, {""block"": ""rsma"", ""rho"": 1.0, ""gain"": 0.0}, {""block"": ""star_ris"", ""rho"": 2.0, ""gain"": 0.029096645895560158}, {""block"": ""rsma"", ""rho"": 1.0, ""gain"": 0.0}, {""block"": ""star_ris"", ""rho"": 1.0, ""gain"": 0.051334837784448695}, {""block"": ""rsma"", ""rho"": 1.0, ""gain"": 0.0}, {""block"": ""star_ris"", ""rho"": 2.0, ""gain"": 0.004600684083435169}, {""block"": ""rsma"", ""rho"": 1.0, ""gain"": 0.0}, {""block"": ""star_ris"", ""rho"": 4.0, ""gain"": 0.009597601613204887}, {""block"": ""rsma"", ""rho"": 1.0, ""gain"": 0.0}, {""block"": ""star_ris"", ""rho"": 2.0, ""gain"": 0.030054216349999052}]",{},8666.280572,895cf8987087c169d7023476c078ebabf24f99fbbc30b65ad7fae1097d95a6fe,fc61d5cda7da39530055bae9bd0e92865f995cd9,f4c80269e5fb3cf553900b2e82f235af875b7c2e33b4ff71ec5d85cc25eb2b4e
ao_sca,128,10000,68,test,19.1302249833162,19.1302249833162,1.0,True,0.0,3,2371,6,ao_sca_proximal_physical,analytical_ris_equal_allocation,"[1.8380149499887652, 19.09558249008007, 19.129780531082993, 19.130224983316197]","[{""block"": ""rsma"", ""rho"": 1.0, ""gain"": 16.870636707758162}, {""block"": ""star_ris"", ""rho"": 1.0, ""gain"": 0.3869308323331424}, {""block"": ""rsma"", ""rho"": 1.0, ""gain"": 0.0}, {""block"": ""star_ris"", ""rho"": 1.0, ""gain"": 0.034198041002923674}, {""block"": ""rsma"", ""rho"": 1.0, ""gain"": 0.0}, {""block"": ""star_ris"", ""rho"": 64.0, ""gain"": 0.00044445223320366267}]",{},1269.400891,895cf8987087c169d7023476c078ebabf24f99fbbc30b65ad7fae1097d95a6fe,fc61d5cda7da39530055bae9bd0e92865f995cd9,f4c80269e5fb3cf553900b2e82f235af875b7c2e33b4ff71ec5d85cc25eb2b4e
ao_sca,128,10000,69,test,20.062848544286062,20.062848544286062,1.0,True,0.0,11,8685,20,ao_sca_proximal_physical,analytical_ris_equal_allocation,"[1.8380277427306748, 19.42334086311751, 19.492376190808212, 19.600345085151133, 19.62133896733079, 19.699436343496494, 19.801531926398777, 20.035850813990304, 20.052080715245058, 20.058647352189872, 20.062818155517874, 20.062848544286062]","[{""block"": ""rsma"", ""rho"": 1.0, ""gain"": 17.41747502184145}, {""block"": ""star_ris"", ""rho"": 2.0, ""gain"": 0.1678380985453849}, {""block"": ""rsma"", ""rho"": 1.0, ""gain"": 0.0}, {""block"": ""star_ris"", ""rho"": 1.0, ""gain"": 0.06903532769070253}, {""block"": ""rsma"", ""rho"": 1.0, ""gain"": 0.0}, {""block"": ""star_ris"", ""rho"": 4.0, ""gain"": 0.10796889434292112}, {""block"": ""rsma"", ""rho"": 1.0, ""gain"": 0.0}, {""block"": ""star_ris"", ""rho"": 4.0, ""gain"": 0.020993882179656254}, {""block"": ""rsma"", ""rho"": 1.0, ""gain"": -3.552713678800501e-15}, {""block"": ""star_ris"", ""rho"": 1.0, ""gain"": 0.078097376165708}, {""block"": ""rsma"", ""rho"": 1.0, ""gain"": 0.0}, {""block"": ""star_ris"", ""rho"": 1.0, ""gain"": 0.10209558290228316}, {""block"": ""rsma"", ""rho"": 1.0, ""gain"": 0.0}, {""block"": ""star_ris"", ""rho"": 1.0, ""gain"": 0.2343188875915274}, {""block"": ""rsma"", ""rho"": 1.0, ""gain"": 0.0}, {""block"": ""star_ris"", ""rho"": 1.0, ""gain"": 0.016229901254753543}, {""block"": ""rsma"", ""rho"": 1.0, ""gain"": 0.0}, {""block"": ""star_ris"", ""rho"": 32.0, ""gain"": 0.006566636944814519}, {""block"": ""rsma"", ""rho"": 1.0, ""gain"": 0.0}, {""block"": ""star_ris"", ""rho"": 16.0, ""gain"": 0.004170803328001682}, {""block"": ""rsma"", ""rho"": 1.0, ""gain"": 3.552713678800501e-15}, {""block"": ""star_ris"", ""rho"": 4.0, ""gain"": 3.0388768184508308e-05}]",{},4747.48783,895cf8987087c169d7023476c078ebabf24f99fbbc30b65ad7fae1097d95a6fe,fc61d5cda7da39530055bae9bd0e92865f995cd9,f4c80269e5fb3cf553900b2e82f235af875b7c2e33b4ff71ec5d85cc25eb2b4e
ao_sca,128,10000,70,test,19.512019220687275,19.512019220687275,1.0,True,0.0,6,4741,12,ao_sca_proximal_physical,analytical_ris_equal_allocation,"[1.8380234133506068, 19.122916868669606, 19.247334783181174, 19.43300346629717, 19.4942306082304, 19.511824581062754, 19.512019220687275]","[{""block"": ""rsma"", ""rho"": 1.0, ""gain"": 17.26420215844867}, {""block"": ""star_ris"", ""rho"": 2.0, ""gain"": 0.02069129687033211}, {""block"": ""rsma"", ""rho"": 1.0, ""gain"": 0.0}, {""block"": ""star_ris"", ""rho"": 1.0, ""gain"": 0.12441791451156803}, {""block"": ""rsma"", ""rho"": 1.0, ""gain"": 3.552713678800501e-15}, {""block"": ""star_ris"", ""rho"": 2.0, ""gain"": 0.18566868311599194}, {""block"": ""rsma"", ""rho"": 1.0, ""gain"": 0.0}, {""block"": ""star_ris"", ""rho"": 4.0, ""gain"": 0.0612271419332302}, {""block"": ""rsma"", ""rho"": 1.0, ""gain"": 0.0}, {""block"": ""star_ris"", ""rho"": 16.0, ""gain"": 0.017593972832354865}, {""block"": ""rsma"", ""rho"": 1.0, ""gain"": 3.552713678800501e-15}, {""block"": ""star_ris"", ""rho"": 16.0, ""gain"": 0.0001946396245173787}]",{},2568.613047,895cf8987087c169d7023476c078ebabf24f99fbbc30b65ad7fae1097d95a6fe,fc61d5cda7da39530055bae9bd0e92865f995cd9,f4c80269e5fb3cf553900b2e82f235af875b7c2e33b4ff71ec5d85cc25eb2b4e
ao_sca,128,10000,71,test,19.891831492414767,19.891831492414767,1.0,True,0.0,6,4741,12,ao_sca_proximal_physical,analytical_ris_equal_allocation,"[1.8380322909952413, 19.728512534047198, 19.76925850025861, 19.825484742864692, 19.88192015453211, 19.89157741666015, 19.891831492414767]","[{""block"": ""rsma"", ""rho"": 1.0, ""gain"": 17.741348761198378}, {""block"": ""star_ris"", ""rho"": 1.0, ""gain"": 0.14913148185357983}, {""block"": ""rsma"", ""rho"": 1.0, ""gain"": 0.0}, {""block"": ""star_ris"", ""rho"": 1.0, ""gain"": 0.04074596621141069}, {""block"": ""rsma"", ""rho"": 1.0, ""gain"": -3.552713678800501e-15}, {""block"": ""star_ris"", ""rho"": 2.0, ""gain"": 0.056226242606086885}, {""block"": ""rsma"", ""rho"": 1.0, ""gain"": 0.0}, {""block"": ""star_ris"", ""rho"": 1.0, ""gain"": 0.05643541166741883}, {""block"": ""rsma"", ""rho"": 1.0, ""gain"": 0.0}, {""block"": ""star_ris"", ""rho"": 32.0, ""gain"": 0.009657262128040855}, {""block"": ""rsma"", ""rho"": 1.0, ""gain"": 3.552713678800501e-15}, {""block"": ""star_ris"", ""rho"": 64.0, ""gain"": 0.00025407575461144916}]",{},2600.488567,895cf8987087c169d7023476c078ebabf24f99fbbc30b65ad7fae1097d95a6fe,fc61d5cda7da39530055bae9bd0e92865f995cd9,f4c80269e5fb3cf553900b2e82f235af875b7c2e33b4ff71ec5d85cc25eb2b4e
ao_sca,128,10000,72,test,19.57249503472377,19.57249503472377,1.0,True,0.0,5,3950,8,ao_sca_proximal_physical,analytical_ris_equal_allocation,"[1.8380257156180477, 19.391515052071313, 19.541753152174884, 19.547163803564334, 19.5718601961887, 19.572495034723772]","[{""block"": ""rsma"", ""rho"": 1.0, ""gain"": 17.407612341662148}, {""block"": ""star_ris"", ""rho"": 1.0, ""gain"": 0.1458769947911165}, {""block"": ""rsma"", ""rho"": 1.0, ""gain"": 0.0}, {""block"": ""star_ris"", ""rho"": 2.0, ""gain"": 0.15023810010357153}, {""block"": ""rsma"", ""rho"": 1.0, ""gain"": 0.0}, {""block"": ""star_ris"", ""rho"": 8.0, ""gain"": 0.005410651389450294}, {""block"": ""rsma"", ""rho"": 1.0, ""gain"": -3.552713678800501e-15}, {""block"": ""star_ris"", ""rho"": 4.0, ""gain"": 0.024696392624370844}, {""block"": ""rsma"", ""rho"": 1.0, ""gain"": 0.0}, {""block"": ""star_ris"", ""rho"": 8.0, ""gain"": 0.0006348385350705144}]",{},2125.518765,895cf8987087c169d7023476c078ebabf24f99fbbc30b65ad7fae1097d95a6fe,fc61d5cda7da39530055bae9bd0e92865f995cd9,f4c80269e5fb3cf553900b2e82f235af875b7c2e33b4ff71ec5d85cc25eb2b4e
ao_sca,128,10000,73,test,19.61463106990082,19.61463106990082,1.0,True,0.0,20,15821,38,ao_sca_proximal_physical,analytical_ris_equal_allocation,"[1.8380108031946785, 18.623315390661908, 18.665644220712966, 18.747270374550997, 18.786129239103126, 19.31141747607118, 19.341245617048692, 19.39449841578096, 19.401008855662727, 19.409658221456436, 19.429332791320782, 19.444854093609838, 19.45358832853946, 19.477221755995554, 19.54280033730495, 19.54644240461076, 19.57486515877906, 19.579243589019537, 19.605876641201753, 19.609611826654245, 19.61463106990082]","[{""block"": ""rsma"", ""rho"": 1.0, ""gain"": 16.355878190522787}, {""block"": ""star_ris"", ""rho"": 2.0, ""gain"": 0.42942639694444296}, {""block"": ""rsma"", ""rho"": 1.0, ""gain"": 0.0}, {""block"": ""star_ris"", ""rho"": 16.0, ""gain"": 0.042328830051058475}, {""block"": ""rsma"", ""rho"": 1.0, ""gain"": 3.552713678800501e-15}, {""block"": ""star_ris"", ""rho"": 8.0, ""gain"": 0.08162615383802674}, {""block"": ""rsma"", ""rho"": 1.0, ""gain"": 0.0}, {""block"": ""star_ris"", ""rho"": 16.0, ""gain"": 0.038858864552128836}, {""block"": ""rsma"", ""rho"": 1.0, ""gain"": 0.0}, {""block"": ""star_ris"", ""rho"": 1.0, ""gain"": 0.5252882369680556}, {""block"": ""rsma"", ""rho"": 1.0, ""gain"": 0.0}, {""block"": ""star_ris"", ""rho"": 4.0, ""gain"": 0.029828140977510742}, {""block"": ""rsma"", ""rho"": 1.0, ""gain"": 0.0}, {""block"": ""star_ris"", ""rho"": 8.0, ""gain"": 0.053252798732266626}, {""block"": ""rsma"", ""rho"": 1.0, ""gain"": -3.552713678800501e-15}, {""block"": ""star_ris"", ""rho"": 64.0, ""gain"": 0.006510439881772356}, {""block"": ""rsma"", ""rho"": 1.0, ""gain"": 0.0}, {""block"": ""star_ris"", ""rho"": 4.0, ""gain"": 0.008649365793708341}, {""block"": ""rsma"", ""rho"": 1.0, ""gain"": 3.552713678800501e-15}, {""block"": ""star_ris"", ""rho"": 2.0, ""gain"": 0.019674569864342573}, {""block"": ""rsma"", ""rho"": 1.0, ""gain"": 0.0}, {""block"": ""star_ris"", ""rho"": 32.0, ""gain"": 0.015521302289055683}, {""block"": ""rsma"", ""rho"": 1.0, ""gain"": 0.0}, {""block"": ""star_ris"", ""rho"": 16.0, ""gain"": 0.008734234929622886}, {""block"": ""rsma"", ""rho"": 1.0, ""gain"": 0.0}, {""block"": ""star_ris"", ""rho"": 4.0, ""gain"": 0.02363342745609387}, {""block"": ""rsma"", ""rho"": 1.0, ""gain"": 0.0}, {""block"": ""star_ris"", ""rho"": 1.0, ""gain"": 0.06557858130939564}, {""block"": ""rsma"", ""rho"": 1.0, ""gain"": 0.0}, {""block"": ""star_ris"", ""rho"": 8.0, ""gain"": 0.003642067305811736}, {""block"": ""rsma"", ""rho"": 1.0, ""gain"": 3.552713678800501e-15}, {""block"": ""star_ris"", ""rho"": 8.0, ""gain"": 0.028422754168293096}, {""block"": ""rsma"", ""rho"": 1.0, ""gain"": 0.0}, {""block"": ""star_ris"", ""rho"": 8.0, ""gain"": 0.004378430240478792}, {""block"": ""rsma"", ""rho"": 1.0, ""gain"": -3.552713678800501e-15}, {""block"": ""star_ris"", ""rho"": 16.0, ""gain"": 0.026633052182219785}, {""block"": ""rsma"", ""rho"": 1.0, ""gain"": 0.0}, {""block"": ""star_ris"", ""rho"": 32.0, ""gain"": 0.0037351854524914074}, {""block"": ""rsma"", ""rho"": 1.0, ""gain"": 0.0}, {""block"": ""star_ris"", ""rho"": 32.0, ""gain"": 0.005019243246575655}]",{},8686.541067,895cf8987087c169d7023476c078ebabf24f99fbbc30b65ad7fae1097d95a6fe,fc61d5cda7da39530055bae9bd0e92865f995cd9,f4c80269e5fb3cf553900b2e82f235af875b7c2e33b4ff71ec5d85cc25eb2b4e
ao_sca,128,10000,74,test,19.412113671425807,19.412113671425807,1.0,True,0.0,12,9483,21,ao_sca_proximal_physical,analytical_ris_equal_allocation,"[1.8380139935790218, 18.75764407715622, 18.781471780512945, 19.028362991578824, 19.08126466133215, 19.29188008132773, 19.306014397789365, 19.31301585566473, 19.315432073594764, 19.337561996296845, 19.38712394610783, 19.411541770660662, 19.412113671425807]","[{""block"": ""rsma"", ""rho"": 1.0, ""gain"": 16.85515090067933}, {""block"": ""star_ris"", ""rho"": 4.0, ""gain"": 0.06447918289786614}, {""block"": ""rsma"", ""rho"": 1.0, ""gain"": 0.0}, {""block"": ""star_ris"", ""rho"": 1.0, ""gain"": 0.02382770335672646}, {""block"": ""rsma"", ""rho"": 1.0, ""gain"": 0.0}, {""block"": ""star_ris"", ""rho"": 2.0, ""gain"": 0.2468912110658792}, {""block"": ""rsma"", ""rho"": 1.0, ""gain"": 0.0}, {""block"": ""star_ris"", ""rho"": 8.0, ""gain"": 0.05290166975332511}, {""block"": ""rsma"", ""rho"": 1.0, ""gain"": 0.0}, {""block"": ""star_ris"", ""rho"": 1.0, ""gain"": 0.2106154199955803}, {""block"": ""rsma"", ""rho"": 1.0, ""gain"": -3.552713678800501e-15}, {""block"": ""star_ris"", ""rho"": 32.0, ""gain"": 0.014134316461639429}, {""block"": ""rsma"", ""rho"": 1.0, ""gain"": 3.552713678800501e-15}, {""block"": ""star_ris"", ""rho"": 64.0, ""gain"": 0.007001457875361439}, {""block"": ""rsma"", ""rho"": 1.0, ""gain"": 0.0}, {""block"": ""star_ris"", ""rho"": 8.0, ""gain"": 0.0024162179300333264}, {""block"": ""rsma"", ""rho"": 1.0, ""gain"": 0.0}, {""block"": ""star_ris"", ""rho"": 2.0, ""gain"": 0.022129922702081473}, {""block"": ""rsma"", ""rho"": 1.0, ""gain"": 0.0}, {""block"": ""star_ris"", ""rho"": 1.0, ""gain"": 0.04956194981098605}, {""block"": ""rsma"", ""rho"": 1.0, ""gain"": -3.552713678800501e-15}, {""block"": ""star_ris"", ""rho"": 1.0, ""gain"": 0.02441782455283459}, {""block"": ""rsma"", ""rho"": 1.0, ""gain"": 0.0}, {""block"": ""star_ris"", ""rho"": 32.0, ""gain"": 0.000571900765145017}]",{},5236.070063,895cf8987087c169d7023476c078ebabf24f99fbbc30b65ad7fae1097d95a6fe,fc61d5cda7da39530055bae9bd0e92865f995cd9,f4c80269e5fb3cf553900b2e82f235af875b7c2e33b4ff71ec5d85cc25eb2b4e
ao_sca,128,10000,75,test,19.61010238419388,19.61010238419388,1.0,True,0.0,20,15809,35,ao_sca_proximal_physical,analytical_ris_equal_allocation,"[1.8380200329776712, 19.204069371141202, 19.326602218116044, 19.407607622904145, 19.409831013221858, 19.413873592771132, 19.423418012407037, 19.438140667846724, 19.462946963637226, 19.468921728303314, 19.492677568345954, 19.512321829079937, 19.518801689742194, 19.526330347279472, 19.539637395376122, 19.548275726587196, 19.551106845955726, 19.559608605659392, 19.56294733848523, 19.589508845828412, 19.61010238419388]","[{""block"": ""rsma"", ""rho"": 1.0, ""gain"": 17.04049205424937}, {""block"": ""star_ris"", ""rho"": 1.0, ""gain"": 0.3255572839141614}, {""block"": ""rsma"", ""rho"": 1.0, ""gain"": 0.0}, {""block"": ""star_ris"", ""rho"": 2.0, ""gain"": 0.1225328469748419}, {""block"": ""rsma"", ""rho"": 1.0, ""gain"": 0.0}, {""block"": ""star_ris"", ""rho"": 2.0, ""gain"": 0.08100540478810103}, {""block"": ""rsma"", ""rho"": 1.0, ""gain"": 0.0}, {""block"": ""star_ris"", ""rho"": 32.0, ""gain"": 0.0022233903177131253}, {""block"": ""rsma"", ""rho"": 1.0, ""gain"": 0.0}, {""block"": ""star_ris"", ""rho"": 16.0, ""gain"": 0.00404257954927445}, {""block"": ""rsma"", ""rho"": 1.0, ""gain"": 0.0}, {""block"": ""star_ris"", ""rho"": 8.0, ""gain"": 0.009544419635904688}, {""block"": ""rsma"", ""rho"": 1.0, ""gain"": 0.0}, {""block"": ""star_ris"", ""rho"": 4.0, ""gain"": 0.014722655439687315}, {""block"": ""rsma"", ""rho"": 1.0, ""gain"": -3.552713678800501e-15}, {""block"": ""star_ris"", ""rho"": 2.0, ""gain"": 0.024806295790504862}, {""block"": ""rsma"", ""rho"": 1.0, ""gain"": 0.0}, {""block"": ""star_ris"", ""rho"": 8.0, ""gain"": 0.0059747646660888165}, {""block"": ""rsma"", ""rho"": 1.0, ""gain"": 0.0}, {""block"": ""star_ris"", ""rho"": 4.0, ""gain"": 0.02375584004263942}, {""block"": ""rsma"", ""rho"": 1.0, ""gain"": 3.552713678800501e-15}, {""block"": ""star_ris"", ""rho"": 16.0, ""gain"": 0.019644260733979735}, {""block"": ""rsma"", ""rho"": 1.0, ""gain"": 0.0}, {""block"": ""star_ris"", ""rho"": 8.0, ""gain"": 0.006479860662256698}, {""block"": ""rsma"", ""rho"": 1.0, ""gain"": 3.552713678800501e-15}, {""block"": ""star_ris"", ""rho"": 4.0, ""gain"": 0.007528657537275052}, {""block"": ""rsma"", ""rho"": 1.0, ""gain"": 0.0}, {""block"": ""star_ris"", ""rho"": 2.0, ""gain"": 0.01330704809664951}, {""block"": ""rsma"", ""rho"": 1.0, ""gain"": 0.0}, {""block"": ""star_ris"", ""rho"": 16.0, ""gain"": 0.008638331211074046}, {""block"": ""rsma"", ""rho"": 1.0, ""gain"": 0.0}, {""block"": ""star_ris"", ""rho"": 8.0, ""gain"": 0.0028311193685297553}, {""block"": ""rsma"", ""rho"": 1.0, ""gain"": 0.0}, {""block"": ""star_ris"", ""rho"": 4.0, ""gain"": 0.008501759703666067}, {""block"": ""rsma"", ""rho"": 1.0, ""gain"": 0.0}, {""block"": ""star_ris"", ""rho"": 8.0, ""gain"": 0.0033387328258385196}, {""block"": ""rsma"", ""rho"": 1.0, ""gain"": 0.0}, {""block"": ""star_ris"", ""rho"": 4.0, ""gain"": 0.026561507343181745}, {""block"": ""rsma"", ""rho"": 1.0, ""gain"": 0.0}, {""block"": ""star_ris"", ""rho"": 4.0, ""gain"": 0.020593538365467623}]",{},8692.301104,895cf8987087c169d7023476c078ebabf24f99fbbc30b65ad7fae1097d95a6fe,fc61d5cda7da39530055bae9bd0e92865f995cd9,f4c80269e5fb3cf553900b2e82f235af875b7c2e33b4ff71ec5d85cc25eb2b4e
ao_sca,128,10000,76,test,19.78162321656149,19.78162321656149,1.0,True,0.0,8,6312,14,ao_sca_proximal_physical,analytical_ris_equal_allocation,"[1.8380292892837513, 19.499461707852277, 19.555972030738616, 19.727458914430933, 19.74712730817665, 19.76696822135017, 19.77439281919454, 19.7811328025788, 19.781623216561492]","[{""block"": ""rsma"", ""rho"": 1.0, ""gain"": 17.61097349238399}, {""block"": ""star_ris"", ""rho"": 1.0, ""gain"": 0.050458926184532515}, {""block"": ""rsma"", ""rho"": 1.0, ""gain"": 0.0}, {""block"": ""star_ris"", ""rho"": 1.0, ""gain"": 0.05651032288633928}, {""block"": ""rsma"", ""rho"": 1.0, ""gain"": -7.105427357601002e-15}, {""block"": ""star_ris"", ""rho"": 1.0, ""gain"": 0.17148688369232445}, {""block"": ""rsma"", ""rho"": 1.0, ""gain"": 7.105427357601002e-15}, {""block"": ""star_ris"", ""rho"": 2.0, ""gain"": 0.019668393745710944}, {""block"": ""rsma"", ""rho"": 1.0, ""gain"": -3.552713678800501e-15}, {""block"": ""star_ris"", ""rho"": 1.0, ""gain"": 0.019840913173521102}, {""block"": ""rsma"", ""rho"": 1.0, ""gain"": 3.552713678800501e-15}, {""block"": ""star_ris"", ""rho"": 8.0, ""gain"": 0.007424597844366332}, {""block"": ""rsma"", ""rho"": 1.0, ""gain"": 0.0}, {""block"": ""star_ris"", ""rho"": 2.0, ""gain"": 0.006739983384260739}, {""block"": ""rsma"", ""rho"": 1.0, ""gain"": 0.0}, {""block"": ""star_ris"", ""rho"": 4.0, ""gain"": 0.0004904139826926723}]",{},3602.210641,895cf8987087c169d7023476c078ebabf24f99fbbc30b65ad7fae1097d95a6fe,fc61d5cda7da39530055bae9bd0e92865f995cd9,f4c80269e5fb3cf553900b2e82f235af875b7c2e33b4ff71ec5d85cc25eb2b4e
ao_sca,128,10000,77,test,19.73543645067691,19.73543645067691,1.0,True,0.0,7,5529,13,ao_sca_proximal_physical,analytical_ris_equal_allocation,"[1.8380279068750975, 19.434007101765733, 19.43897724023536, 19.59021566564775, 19.60980942226128, 19.698398339798572, 19.73426289553498, 19.73543645067691]","[{""block"": ""rsma"", ""rho"": 1.0, ""gain"": 17.56956568075857}, {""block"": ""star_ris"", ""rho"": 1.0, ""gain"": 0.026413514132066496}, {""block"": ""rsma"", ""rho"": 1.0, ""gain"": 0.0}, {""block"": ""star_ris"", ""rho"": 2.0, ""gain"": 0.004970138469627017}, {""block"": ""rsma"", ""rho"": 1.0, ""gain"": 7.105427357601002e-15}, {""block"": ""star_ris"", ""rho"": 2.0, ""gain"": 0.15123842541238375}, {""block"": ""rsma"", ""rho"": 1.0, ""gain"": 0.0}, {""block"": ""star_ris"", ""rho"": 2.0, ""gain"": 0.019593756613527802}, {""block"": ""rsma"", ""rho"": 1.0, ""gain"": 0.0}, {""block"": ""star_ris"", ""rho"": 4.0, ""gain"": 0.08858891753729381}, {""block"": ""rsma"", ""rho"": 1.0, ""gain"": -3.552713678800501e-15}, {""block"": ""star_ris"", ""rho"": 8.0, ""gain"": 0.0358645557364099}, {""block"": ""rsma"", ""rho"": 1.0, ""gain"": 3.552713678800501e-15}, {""block"": ""star_ris"", ""rho"": 16.0, ""gain"": 0.0011735551419285173}]",{},3106.162902,895cf8987087c169d7023476c078ebabf24f99fbbc30b65ad7fae1097d95a6fe,fc61d5cda7da39530055bae9bd0e92865f995cd9,f4c80269e5fb3cf553900b2e82f235af875b7c2e33b4ff71ec5d85cc25eb2b4e
ao_sca,128,10000,78,test,19.372621498632995,19.372621498632995,1.0,True,0.0,4,3161,8,ao_sca_proximal_physical,analytical_ris_equal_allocation,"[1.8380190725152241, 19.180718390025863, 19.247102179943642, 19.372230429023293, 19.372621498632995]","[{""block"": ""rsma"", ""rho"": 1.0, ""gain"": 17.18436158982866}, {""block"": ""star_ris"", ""rho"": 1.0, ""gain"": 0.15833772768197818}, {""block"": ""rsma"", ""rho"": 1.0, ""gain"": 3.552713678800501e-15}, {""block"": ""star_ris"", ""rho"": 2.0, ""gain"": 0.06638378991777572}, {""block"": ""rsma"", ""rho"": 1.0, ""gain"": 0.0}, {""block"": ""star_ris"", ""rho"": 2.0, ""gain"": 0.12512824907965125}, {""block"": ""rsma"", ""rho"": 1.0, ""gain"": 0.0}, {""block"": ""star_ris"", ""rho"": 64.0, ""gain"": 0.00039106960970158866}]",{},1804.361425,895cf8987087c169d7023476c078ebabf24f99fbbc30b65ad7fae1097d95a6fe,fc61d5cda7da39530055bae9bd0e92865f995cd9,f4c80269e5fb3cf553900b2e82f235af875b7c2e33b4ff71ec5d85cc25eb2b4e
ao_sca,128,10000,79,test,19.61810225069297,19.61810225069297,1.0,True,0.0,6,4745,11,ao_sca_proximal_physical,analytical_ris_equal_allocation,"[1.8380245390037293, 19.23699476906501, 19.480910969847727, 19.585612115421366, 19.610350653493995, 19.617046928413533, 19.61810225069297]","[{""block"": ""rsma"", ""rho"": 1.0, ""gain"": 17.0950230607462}, {""block"": ""star_ris"", ""rho"": 2.0, ""gain"": 0.30394716931508015}, {""block"": ""rsma"", ""rho"": 1.0, ""gain"": 0.0}, {""block"": ""star_ris"", ""rho"": 2.0, ""gain"": 0.24391620078271714}, {""block"": ""rsma"", ""rho"": 1.0, ""gain"": 0.0}, {""block"": ""star_ris"", ""rho"": 4.0, ""gain"": 0.10470114557363885}, {""block"": ""rsma"", ""rho"": 1.0, ""gain"": 3.552713678800501e-15}, {""block"": ""star_ris"", ""rho"": 16.0, ""gain"": 0.024738538072625715}, {""block"": ""rsma"", ""rho"": 1.0, ""gain"": 0.0}, {""block"": ""star_ris"", ""rho"": 32.0, ""gain"": 0.006696274919537615}, {""block"": ""rsma"", ""rho"": 1.0, ""gain"": 0.0}, {""block"": ""star_ris"", ""rho"": 8.0, ""gain"": 0.0010553222794378314}]",{},2781.782679,895cf8987087c169d7023476c078ebabf24f99fbbc30b65ad7fae1097d95a6fe,fc61d5cda7da39530055bae9bd0e92865f995cd9,f4c80269e5fb3cf553900b2e82f235af875b7c2e33b4ff71ec5d85cc25eb2b4e
ao_sca,128,10000,80,test,19.54794465283537,19.54794465283537,1.0,True,0.0,4,3158,7,ao_sca_proximal_physical,analytical_ris_equal_allocation,"[1.838021947851796, 19.11509323409014, 19.205017877757584, 19.547176039423213, 19.54794465283537]","[{""block"": ""rsma"", ""rho"": 1.0, ""gain"": 17.257716362677897}, {""block"": ""star_ris"", ""rho"": 4.0, ""gain"": 0.01935492356044577}, {""block"": ""rsma"", ""rho"": 1.0, ""gain"": 0.0}, {""block"": ""star_ris"", ""rho"": 1.0, ""gain"": 0.08992464366744457}, {""block"": ""rsma"", ""rho"": 1.0, ""gain"": 0.0}, {""block"": ""star_ris"", ""rho"": 1.0, ""gain"": 0.34215816166562973}, {""block"": ""rsma"", ""rho"": 1.0, ""gain"": 0.0}, {""block"": ""star_ris"", ""rho"": 8.0, ""gain"": 0.0007686134121556165}]",{},2015.132619,895cf8987087c169d7023476c078ebabf24f99fbbc30b65ad7fae1097d95a6fe,fc61d5cda7da39530055bae9bd0e92865f995cd9,f4c80269e5fb3cf553900b2e82f235af875b7c2e33b4ff71ec5d85cc25eb2b4e
ao_sca,128,10000,81,test,19.804638558439983,19.804638558439983,1.0,True,0.0,11,8691,22,ao_sca_proximal_physical,analytical_ris_equal_allocation,"[1.838026743693451, 19.307597192730043, 19.486722809871857, 19.512046736471554, 19.58297663493389, 19.69929864077816, 19.708807539212568, 19.772896253468808, 19.787193830623558, 19.79678592967052, 19.80313336988951, 19.804638558439983]","[{""block"": ""rsma"", ""rho"": 1.0, ""gain"": 17.459216641267002}, {""block"": ""star_ris"", ""rho"": 2.0, ""gain"": 0.010353807769590162}, {""block"": ""rsma"", ""rho"": 1.0, ""gain"": 3.552713678800501e-15}, {""block"": ""star_ris"", ""rho"": 1.0, ""gain"": 0.17912561714181052}, {""block"": ""rsma"", ""rho"": 1.0, ""gain"": 0.0}, {""block"": ""star_ris"", ""rho"": 16.0, ""gain"": 0.025323926599696733}, {""block"": ""rsma"", ""rho"": 1.0, ""gain"": 0.0}, {""block"": ""star_ris"", ""rho"": 1.0, ""gain"": 0.07092989846233522}, {""block"": ""rsma"", ""rho"": 1.0, ""gain"": 0.0}, {""block"": ""star_ris"", ""rho"": 2.0, ""gain"": 0.1163220058442711}, {""block"": ""rsma"", ""rho"": 1.0, ""gain"": 0.0}, {""block"": ""star_ris"", ""rho"": 4.0, ""gain"": 0.009508898434408053}, {""block"": ""rsma"", ""rho"": 1.0, ""gain"": 0.0}, {""block"": ""star_ris"", ""rho"": 4.0, ""gain"": 0.06408871425623985}, {""block"": ""rsma"", ""rho"": 1.0, ""gain"": 3.552713678800501e-15}, {""block"": ""star_ris"", ""rho"": 4.0, ""gain"": 0.014297577154746222}, {""block"": ""rsma"", ""rho"": 1.0, ""gain"": 0.0}, {""block"": ""star_ris"", ""rho"": 16.0, ""gain"": 0.009592099046962232}, {""block"": ""rsma"", ""rho"": 1.0, ""gain"": 0.0}, {""block"": ""star_ris"", ""rho"": 8.0, ""gain"": 0.006347440218988254}, {""block"": ""rsma"", ""rho"": 1.0, ""gain"": 0.0}, {""block"": ""star_ris"", ""rho"": 8.0, ""gain"": 0.0015051885504746565}]",{},4995.329443,895cf8987087c169d7023476c078ebabf24f99fbbc30b65ad7fae1097d95a6fe,fc61d5cda7da39530055bae9bd0e92865f995cd9,f4c80269e5fb3cf553900b2e82f235af875b7c2e33b4ff71ec5d85cc25eb2b4e
ao_sca,128,10000,82,test,19.78640140421456,19.78640140421456,1.0,True,0.0,16,12644,26,ao_sca_proximal_physical,analytical_ris_equal_allocation,"[1.8380226506084958, 19.123498312288397, 19.18590972133388, 19.215698341068702, 19.273295317541894, 19.287134619091404, 19.359176531444184, 19.36572888383994, 19.584978060599887, 19.65382122142451, 19.656173511861468, 19.707323115513937, 19.76512853031186, 19.768211488154005, 19.776546637559363, 19.78598493744013, 19.786401404214562]","[{""block"": ""rsma"", ""rho"": 1.0, ""gain"": 17.24411592942583}, {""block"": ""star_ris"", ""rho"": 1.0, ""gain"": 0.04135973225406886}, {""block"": ""rsma"", ""rho"": 1.0, ""gain"": 0.0}, {""block"": ""star_ris"", ""rho"": 8.0, ""gain"": 0.06241140904548104}, {""block"": ""rsma"", ""rho"": 1.0, ""gain"": 0.0}, {""block"": ""star_ris"", ""rho"": 16.0, ""gain"": 0.029788619734823385}, {""block"": ""rsma"", ""rho"": 1.0, ""gain"": 0.0}, {""block"": ""star_ris"", ""rho"": 8.0, ""gain"": 0.057596976473192285}, {""block"": ""rsma"", ""rho"": 1.0, ""gain"": 0.0}, {""block"": ""star_ris"", ""rho"": 32.0, ""gain"": 0.013839301549509742}, {""block"": ""rsma"", ""rho"": 1.0, ""gain"": 0.0}, {""block"": ""star_ris"", ""rho"": 1.0, ""gain"": 0.07204191235278046}, {""block"": ""rsma"", ""rho"": 1.0, ""gain"": 3.552713678800501e-15}, {""block"": ""star_ris"", ""rho"": 1.0, ""gain"": 0.0065523523957509155}, {""block"": ""rsma"", ""rho"": 1.0, ""gain"": -3.552713678800501e-15}, {""block"": ""star_ris"", ""rho"": 1.0, ""gain"": 0.21924917675995204}, {""block"": ""rsma"", ""rho"": 1.0, ""gain"": 0.0}, {""block"": ""star_ris"", ""rho"": 1.0, ""gain"": 0.06884316082462405}, {""block"": ""rsma"", ""rho"": 1.0, ""gain"": 0.0}, {""block"": ""star_ris"", ""rho"": 4.0, ""gain"": 0.0023522904369563946}, {""block"": ""rsma"", ""rho"": 1.0, ""gain"": -7.105427357601002e-15}, {""block"": ""star_ris"", ""rho"": 2.0, ""gain"": 0.05114960365247612}, {""block"": ""rsma"", ""rho"": 1.0, ""gain"": 0.0}, {""block"": ""star_ris"", ""rho"": 1.0, ""gain"": 0.05780541479792234}, {""block"": ""rsma"", ""rho"": 1.0, ""gain"": 0.0}, {""block"": ""star_ris"", ""rho"": 8.0, ""gain"": 0.0030829578421460724}, {""block"": ""rsma"", ""rho"": 1.0, ""gain"": 0.0}, {""block"": ""star_ris"", ""rho"": 32.0, ""gain"": 0.008335149405358067}, {""block"": ""rsma"", ""rho"": 1.0, ""gain"": 0.0}, {""block"": ""star_ris"", ""rho"": 4.0, ""gain"": 0.00943829988076672}, {""block"": ""rsma"", ""rho"": 1.0, ""gain"": 0.0}, {""block"": ""star_ris"", ""rho"": 128.0, ""gain"": 0.0004164667744319672}]",{},7175.896073,895cf8987087c169d7023476c078ebabf24f99fbbc30b65ad7fae1097d95a6fe,fc61d5cda7da39530055bae9bd0e92865f995cd9,f4c80269e5fb3cf553900b2e82f235af875b7c2e33b4ff71ec5d85cc25eb2b4e
ao_sca,128,10000,83,test,19.68401701275485,19.68401701275485,1.0,True,0.0,15,11860,28,ao_sca_proximal_physical,analytical_ris_equal_allocation,"[1.8380211389654266, 19.197640479207216, 19.27778236045785, 19.315714209743213, 19.324752575350306, 19.33336442568194, 19.369478463695508, 19.501913081541172, 19.53278784441972, 19.541652728814306, 19.57127684682971, 19.5785543438828, 19.58217650411988, 19.677735509987798, 19.683506102832173, 19.68401701275485]","[{""block"": ""rsma"", ""rho"": 1.0, ""gain"": 16.940829495340704}, {""block"": ""star_ris"", ""rho"": 1.0, ""gain"": 0.4187898449010845}, {""block"": ""rsma"", ""rho"": 1.0, ""gain"": 0.0}, {""block"": ""star_ris"", ""rho"": 4.0, ""gain"": 0.08014188125063271}, {""block"": ""rsma"", ""rho"": 1.0, ""gain"": 0.0}, {""block"": ""star_ris"", ""rho"": 8.0, ""gain"": 0.037931849285364194}, {""block"": ""rsma"", ""rho"": 1.0, ""gain"": 0.0}, {""block"": ""star_ris"", ""rho"": 32.0, ""gain"": 0.009038365607093368}, {""block"": ""rsma"", ""rho"": 1.0, ""gain"": -3.552713678800501e-15}, {""block"": ""star_ris"", ""rho"": 2.0, ""gain"": 0.008611850331636361}, {""block"": ""rsma"", ""rho"": 1.0, ""gain"": 0.0}, {""block"": ""star_ris"", ""rho"": 1.0, ""gain"": 0.03611403801356872}, {""block"": ""rsma"", ""rho"": 1.0, ""gain"": 0.0}, {""block"": ""star_ris"", ""rho"": 2.0, ""gain"": 0.13243461784566435}, {""block"": ""rsma"", ""rho"": 1.0, ""gain"": 0.0}, {""block"": ""star_ris"", ""rho"": 4.0, ""gain"": 0.030874762878546846}, {""block"": ""rsma"", ""rho"": 1.0, ""gain"": 0.0}, {""block"": ""star_ris"", ""rho"": 2.0, ""gain"": 0.00886488439458688}, {""block"": ""rsma"", ""rho"": 1.0, ""gain"": 0.0}, {""block"": ""star_ris"", ""rho"": 8.0, ""gain"": 0.029624118015405543}, {""block"": ""rsma"", ""rho"": 1.0, ""gain"": 0.0}, {""block"": ""star_ris"", ""rho"": 32.0, ""gain"": 0.007277497053088666}, {""block"": ""rsma"", ""rho"": 1.0, ""gain"": 0.0}, {""block"": ""star_ris"", ""rho"": 64.0, ""gain"": 0.003622160237078731}, {""block"": ""rsma"", ""rho"": 1.0, ""gain"": 0.0}, {""block"": ""star_ris"", ""rho"": 2.0, ""gain"": 0.09555900586791921}, {""block"": ""rsma"", ""rho"": 1.0, ""gain"": 3.552713678800501e-15}, {""block"": ""star_ris"", ""rho"": 8.0, ""gain"": 0.005770592844370981}, {""block"": ""rsma"", ""rho"": 1.0, ""gain"": 0.0}, {""block"": ""star_ris"", ""rho"": 64.0, ""gain"": 0.0005109099226778824}]",{},6851.796662,895cf8987087c169d7023476c078ebabf24f99fbbc30b65ad7fae1097d95a6fe,fc61d5cda7da39530055bae9bd0e92865f995cd9,f4c80269e5fb3cf553900b2e82f235af875b7c2e33b4ff71ec5d85cc25eb2b4e
ao_sca,128,10000,84,test,19.952750113502816,19.952750113502816,1.0,True,0.0,20,15799,37,ao_sca_proximal_physical,analytical_ris_equal_allocation,"[1.8380231704963512, 19.327914394386227, 19.49775641352047, 19.615658056671606, 19.65079592095397, 19.668007232823335, 19.67227073191568, 19.69156652779007, 19.705208884309545, 19.71452126323611, 19.72324905706762, 19.7383440588969, 19.768220223369003, 19.77990879404227, 19.783968268401118, 19.805256514788496, 19.81648117785263, 19.83639323633911, 19.94480650140988, 19.94811962578662, 19.952750113502816]","[{""block"": ""rsma"", ""rho"": 1.0, ""gain"": 17.04543869992759}, {""block"": ""star_ris"", ""rho"": 1.0, ""gain"": 0.4444525239622834}, {""block"": ""rsma"", ""rho"": 1.0, ""gain"": 0.0}, {""block"": ""star_ris"", ""rho"": 1.0, ""gain"": 0.16984201913424357}, {""block"": ""rsma"", ""rho"": 1.0, ""gain"": 0.0}, {""block"": ""star_ris"", ""rho"": 1.0, ""gain"": 0.11790164315113572}, {""block"": ""rsma"", ""rho"": 1.0, ""gain"": 0.0}, {""block"": ""star_ris"", ""rho"": 8.0, ""gain"": 0.03513786428236543}, {""block"": ""rsma"", ""rho"": 1.0, ""gain"": 0.0}, {""block"": ""star_ris"", ""rho"": 16.0, ""gain"": 0.017211311869363755}, {""block"": ""rsma"", ""rho"": 1.0, ""gain"": 0.0}, {""block"": ""star_ris"", ""rho"": 64.0, ""gain"": 0.004263499092346024}, {""block"": ""rsma"", ""rho"": 1.0, ""gain"": 0.0}, {""block"": ""star_ris"", ""rho"": 8.0, ""gain"": 0.019295795874388233}, {""block"": ""rsma"", ""rho"": 1.0, ""gain"": 0.0}, {""block"": ""star_ris"", ""rho"": 8.0, ""gain"": 0.013642356519476095}, {""block"": ""rsma"", ""rho"": 1.0, ""gain"": 3.552713678800501e-15}, {""block"": ""star_ris"", ""rho"": 2.0, ""gain"": 0.009312378926562559}, {""block"": ""rsma"", ""rho"": 1.0, ""gain"": 0.0}, {""block"": ""star_ris"", ""rho"": 8.0, ""gain"": 0.008727793831507569}, {""block"": ""rsma"", ""rho"": 1.0, ""gain"": 0.0}, {""block"": ""star_ris"", ""rho"": 4.0, ""gain"": 0.015095001829280363}, {""block"": ""rsma"", ""rho"": 1.0, ""gain"": 0.0}, {""block"": ""star_ris"", ""rho"": 2.0, ""gain"": 0.029876164472103284}, {""block"": ""rsma"", ""rho"": 1.0, ""gain"": 3.552713678800501e-15}, {""block"": ""star_ris"", ""rho"": 1.0, ""gain"": 0.011688570673264564}, {""block"": ""rsma"", ""rho"": 1.0, ""gain"": 0.0}, {""block"": ""star_ris"", ""rho"": 4.0, ""gain"": 0.004059474358847126}, {""block"": ""rsma"", ""rho"": 1.0, ""gain"": -3.552713678800501e-15}, {""block"": ""star_ris"", ""rho"": 1.0, ""gain"": 0.021288246387381804}, {""block"": ""rsma"", ""rho"": 1.0, ""gain"": 0.0}, {""block"": ""star_ris"", ""rho"": 4.0, ""gain"": 0.011224663064133722}, {""block"": ""rsma"", ""rho"": 1.0, ""gain"": 0.0}, {""block"": ""star_ris"", ""rho"": 2.0, ""gain"": 0.019912058486479367}, {""block"": ""rsma"", ""rho"": 1.0, ""gain"": 3.552713678800501e-15}, {""block"": ""star_ris"", ""rho"": 1.0, ""gain"": 0.10841326507076587}, {""block"": ""rsma"", ""rho"": 1.0, ""gain"": 0.0}, {""block"": ""star_ris"", ""rho"": 16.0, ""gain"": 0.003313124376742138}, {""block"": ""rsma"", ""rho"": 1.0, ""gain"": 0.0}, {""block"": ""star_ris"", ""rho"": 8.0, ""gain"": 0.00463048771619512}]",{},9218.916014,895cf8987087c169d7023476c078ebabf24f99fbbc30b65ad7fae1097d95a6fe,fc61d5cda7da39530055bae9bd0e92865f995cd9,f4c80269e5fb3cf553900b2e82f235af875b7c2e33b4ff71ec5d85cc25eb2b4e
ao_sca,128,10000,85,test,19.528327124062944,19.528327124062944,1.0,True,0.0,8,6315,15,ao_sca_proximal_physical,analytical_ris_equal_allocation,"[1.8380207435533347, 19.282973976844257, 19.339259040776593, 19.430311041531354, 19.442788543759374, 19.451420073988036, 19.51707888238011, 19.52737024907401, 19.528327124062944]","[{""block"": ""rsma"", ""rho"": 1.0, ""gain"": 17.0611933160639}, {""block"": ""star_ris"", ""rho"": 1.0, ""gain"": 0.38375991722702096}, {""block"": ""rsma"", ""rho"": 1.0, ""gain"": 3.552713678800501e-15}, {""block"": ""star_ris"", ""rho"": 1.0, ""gain"": 0.056285063932332235}, {""block"": ""rsma"", ""rho"": 1.0, ""gain"": 0.0}, {""block"": ""star_ris"", ""rho"": 1.0, ""gain"": 0.09105200075476105}, {""block"": ""rsma"", ""rho"": 1.0, ""gain"": 0.0}, {""block"": ""star_ris"", ""rho"": 2.0, ""gain"": 0.012477502228019688}, {""block"": ""rsma"", ""rho"": 1.0, ""gain"": 0.0}, {""block"": ""star_ris"", ""rho"": 1.0, ""gain"": 0.008631530228662143}, {""block"": ""rsma"", ""rho"": 1.0, ""gain"": 0.0}, {""block"": ""star_ris"", ""rho"": 4.0, ""gain"": 0.06565880839207239}, {""block"": ""rsma"", ""rho"": 1.0, ""gain"": -3.552713678800501e-15}, {""block"": ""star_ris"", ""rho"": 16.0, ""gain"": 0.010291366693905957}, {""block"": ""rsma"", ""rho"": 1.0, ""gain"": 3.552713678800501e-15}, {""block"": ""star_ris"", ""rho"": 8.0, ""gain"": 0.0009568749889297123}]",{},3654.96797,895cf8987087c169d7023476c078ebabf24f99fbbc30b65ad7fae1097d95a6fe,fc61d5cda7da39530055bae9bd0e92865f995cd9,f4c80269e5fb3cf553900b2e82f235af875b7c2e33b4ff71ec5d85cc25eb2b4e
ao_sca,128,10000,86,test,19.44397817149608,19.44397817149608,1.0,True,0.0,5,3951,7,ao_sca_proximal_physical,analytical_ris_equal_allocation,"[1.838019089055967, 19.23993623110809, 19.27950960201464, 19.439315198054565, 19.443313069200954, 19.443978171496077]","[{""block"": ""rsma"", ""rho"": 1.0, ""gain"": 16.96767076736132}, {""block"": ""star_ris"", ""rho"": 1.0, ""gain"": 0.4342463746908045}, {""block"": ""rsma"", ""rho"": 1.0, ""gain"": 0.0}, {""block"": ""star_ris"", ""rho"": 1.0, ""gain"": 0.03957337090655244}, {""block"": ""rsma"", ""rho"": 1.0, ""gain"": 0.0}, {""block"": ""star_ris"", ""rho"": 2.0, ""gain"": 0.15980559603992361}, {""block"": ""rsma"", ""rho"": 1.0, ""gain"": 0.0}, {""block"": ""star_ris"", ""rho"": 8.0, ""gain"": 0.003997871146388832}, {""block"": ""rsma"", ""rho"": 1.0, ""gain"": 0.0}, {""block"": ""star_ris"", ""rho"": 64.0, ""gain"": 0.0006651022951231766}]",{},2231.921457,895cf8987087c169d7023476c078ebabf24f99fbbc30b65ad7fae1097d95a6fe,fc61d5cda7da39530055bae9bd0e92865f995cd9,f4c80269e5fb3cf553900b2e82f235af875b7c2e33b4ff71ec5d85cc25eb2b4e
ao_sca,128,10000,87,test,19.86580466973674,19.86580466973674,1.0,True,0.0,17,13428,32,ao_sca_proximal_physical,analytical_ris_equal_allocation,"[1.838021283008454, 19.05682695516061, 19.074664827884384, 19.34092052461791, 19.35495209546201, 19.361896776620483, 19.438786741973104, 19.456609914687323, 19.466517796295932, 19.530381622682352, 19.58691138341533, 19.615445643424476, 19.71494020499375, 19.83490112770696, 19.838659917894766, 19.85424373800548, 19.864560300637248, 19.86580466973674]","[{""block"": ""rsma"", ""rho"": 1.0, ""gain"": 17.186382701493518}, {""block"": ""star_ris"", ""rho"": 1.0, ""gain"": 0.03242297065863653}, {""block"": ""rsma"", ""rho"": 1.0, ""gain"": 3.552713678800501e-15}, {""block"": ""star_ris"", ""rho"": 32.0, ""gain"": 0.017837872723770687}, {""block"": ""rsma"", ""rho"": 1.0, ""gain"": 0.0}, {""block"": ""star_ris"", ""rho"": 2.0, ""gain"": 0.266255696733527}, {""block"": ""rsma"", ""rho"": 1.0, ""gain"": 0.0}, {""block"": ""star_ris"", ""rho"": 32.0, ""gain"": 0.014031570844100116}, {""block"": ""rsma"", ""rho"": 1.0, ""gain"": 0.0}, {""block"": ""star_ris"", ""rho"": 64.0, ""gain"": 0.0069446811584725765}, {""block"": ""rsma"", ""rho"": 1.0, ""gain"": 0.0}, {""block"": ""star_ris"", ""rho"": 1.0, ""gain"": 0.07688996535262049}, {""block"": ""rsma"", ""rho"": 1.0, ""gain"": 0.0}, {""block"": ""star_ris"", ""rho"": 1.0, ""gain"": 0.017823172714219737}, {""block"": ""rsma"", ""rho"": 1.0, ""gain"": 0.0}, {""block"": ""star_ris"", ""rho"": 4.0, ""gain"": 0.009907881608608449}, {""block"": ""rsma"", ""rho"": 1.0, ""gain"": 0.0}, {""block"": ""star_ris"", ""rho"": 1.0, ""gain"": 0.06386382638642019}, {""block"": ""rsma"", ""rho"": 1.0, ""gain"": 0.0}, {""block"": ""star_ris"", ""rho"": 1.0, ""gain"": 0.05652976073297822}, {""block"": ""rsma"", ""rho"": 1.0, ""gain"": 0.0}, {""block"": ""star_ris"", ""rho"": 1.0, ""gain"": 0.028534260009145385}, {""block"": ""rsma"", ""rho"": 1.0, ""gain"": 0.0}, {""block"": ""star_ris"", ""rho"": 1.0, ""gain"": 0.09949456156927283}, {""block"": ""rsma"", ""rho"": 1.0, ""gain"": 3.552713678800501e-15}, {""block"": ""star_ris"", ""rho"": 2.0, ""gain"": 0.11996092271320791}, {""block"": ""rsma"", ""rho"": 1.0, ""gain"": 0.0}, {""block"": ""star_ris"", ""rho"": 4.0, ""gain"": 0.003758790187806227}, {""block"": ""rsma"", ""rho"": 1.0, ""gain"": 0.0}, {""block"": ""star_ris"", ""rho"": 8.0, ""gain"": 0.01558382011071302}, {""block"": ""rsma"", ""rho"": 1.0, ""gain"": 0.0}, {""block"": ""star_ris"", ""rho"": 2.0, ""gain"": 0.010316562631768278}, {""block"": ""rsma"", ""rho"": 1.0, ""gain"": -3.552713678800501e-15}, {""block"": ""star_ris"", ""rho"": 32.0, ""gain"": 0.0012443690994956569}]",{},7529.94681,895cf8987087c169d7023476c078ebabf24f99fbbc30b65ad7fae1097d95a6fe,fc61d5cda7da39530055bae9bd0e92865f995cd9,f4c80269e5fb3cf553900b2e82f235af875b7c2e33b4ff71ec5d85cc25eb2b4e
ao_sca,128,10000,88,test,19.266349993923445,19.266349993923445,1.0,True,0.0,7,5535,14,ao_sca_proximal_physical,analytical_ris_equal_allocation,"[1.8380171487212145, 18.919766629062014, 18.981729073064265, 18.98919387622153, 19.119711699146272, 19.24555389046678, 19.264856541612218, 19.266349993923445]","[{""block"": ""rsma"", ""rho"": 1.0, ""gain"": 17.004636205139313}, {""block"": ""star_ris"", ""rho"": 2.0, ""gain"": 0.07711327520148714}, {""block"": ""rsma"", ""rho"": 1.0, ""gain"": 0.0}, {""block"": ""star_ris"", ""rho"": 8.0, ""gain"": 0.06196244400225126}, {""block"": ""rsma"", ""rho"": 1.0, ""gain"": 0.0}, {""block"": ""star_ris"", ""rho"": 64.0, ""gain"": 0.00746480315726572}, {""block"": ""rsma"", ""rho"": 1.0, ""gain"": 0.0}, {""block"": ""star_ris"", ""rho"": 1.0, ""gain"": 0.130517822924741}, {""block"": ""rsma"", ""rho"": 1.0, ""gain"": 0.0}, {""block"": ""star_ris"", ""rho"": 4.0, ""gain"": 0.12584219132050833}, {""block"": ""rsma"", ""rho"": 1.0, ""gain"": 3.552713678800501e-15}, {""block"": ""star_ris"", ""rho"": 16.0, ""gain"": 0.01930265114543417}, {""block"": ""rsma"", ""rho"": 1.0, ""gain"": 7.105427357601002e-15}, {""block"": ""star_ris"", ""rho"": 4.0, ""gain"": 0.0014934523112195563}]",{},3029.501937,895cf8987087c169d7023476c078ebabf24f99fbbc30b65ad7fae1097d95a6fe,fc61d5cda7da39530055bae9bd0e92865f995cd9,f4c80269e5fb3cf553900b2e82f235af875b7c2e33b4ff71ec5d85cc25eb2b4e
ao_sca,128,10000,89,test,19.30050193887484,19.30050193887484,1.0,True,0.0,6,4743,10,ao_sca_proximal_physical,analytical_ris_equal_allocation,"[1.8380179336671365, 18.958384343959462, 18.96969387660708, 19.041953509294288, 19.050469262303235, 19.300417288975638, 19.30050193887484]","[{""block"": ""rsma"", ""rho"": 1.0, ""gain"": 17.101422985172547}, {""block"": ""star_ris"", ""rho"": 4.0, ""gain"": 0.018943425119779533}, {""block"": ""rsma"", ""rho"": 1.0, ""gain"": 3.552713678800501e-15}, {""block"": ""star_ris"", ""rho"": 1.0, ""gain"": 0.011309532647615583}, {""block"": ""rsma"", ""rho"": 1.0, ""gain"": 0.0}, {""block"": ""star_ris"", ""rho"": 8.0, ""gain"": 0.07225963268720648}, {""block"": ""rsma"", ""rho"": 1.0, ""gain"": 0.0}, {""block"": ""star_ris"", ""rho"": 64.0, ""gain"": 0.008515753008946803}, {""block"": ""rsma"", ""rho"": 1.0, ""gain"": 0.0}, {""block"": ""star_ris"", ""rho"": 1.0, ""gain"": 0.2499480266724028}, {""block"": ""rsma"", ""rho"": 1.0, ""gain"": 0.0}, {""block"": ""star_ris"", ""rho"": 8.0, ""gain"": 8.464989920398125e-05}]",{},2647.142775,895cf8987087c169d7023476c078ebabf24f99fbbc30b65ad7fae1097d95a6fe,fc61d5cda7da39530055bae9bd0e92865f995cd9,f4c80269e5fb3cf553900b2e82f235af875b7c2e33b4ff71ec5d85cc25eb2b4e
ao_sca,128,10000,90,test,19.819490244853892,19.819490244853892,1.0,True,0.0,9,7112,18,ao_sca_proximal_physical,analytical_ris_equal_allocation,"[1.8380264945120255, 19.400588231902667, 19.676540286207242, 19.681825939176253, 19.69141452615845, 19.735305693139782, 19.764990998846397, 19.772386072808946, 19.817532115210362, 19.819490244853895]","[{""block"": ""rsma"", ""rho"": 1.0, ""gain"": 17.365390039726975}, {""block"": ""star_ris"", ""rho"": 1.0, ""gain"": 0.19717169766366638}, {""block"": ""rsma"", ""rho"": 1.0, ""gain"": 0.0}, {""block"": ""star_ris"", ""rho"": 2.0, ""gain"": 0.27595205430457526}, {""block"": ""rsma"", ""rho"": 1.0, ""gain"": 0.0}, {""block"": ""star_ris"", ""rho"": 8.0, ""gain"": 0.005285652969011068}, {""block"": ""rsma"", ""rho"": 1.0, ""gain"": 0.0}, {""block"": ""star_ris"", ""rho"": 2.0, ""gain"": 0.009588586982197}, {""block"": ""rsma"", ""rho"": 1.0, ""gain"": -3.552713678800501e-15}, {""block"": ""star_ris"", ""rho"": 1.0, ""gain"": 0.04389116698133577}, {""block"": ""rsma"", ""rho"": 1.0, ""gain"": 0.0}, {""block"": ""star_ris"", ""rho"": 16.0, ""gain"": 0.02968530570661443}, {""block"": ""rsma"", ""rho"": 1.0, ""gain"": 0.0}, {""block"": ""star_ris"", ""rho"": 64.0, ""gain"": 0.007395073962548793}, {""block"": ""rsma"", ""rho"": 1.0, ""gain"": 0.0}, {""block"": ""star_ris"", ""rho"": 1.0, ""gain"": 0.04514604240141651}, {""block"": ""rsma"", ""rho"": 1.0, ""gain"": 0.0}, {""block"": ""star_ris"", ""rho"": 16.0, ""gain"": 0.0019581296435333684}]",{},3936.578569,895cf8987087c169d7023476c078ebabf24f99fbbc30b65ad7fae1097d95a6fe,fc61d5cda7da39530055bae9bd0e92865f995cd9,f4c80269e5fb3cf553900b2e82f235af875b7c2e33b4ff71ec5d85cc25eb2b4e
ao_sca,128,10000,91,test,19.39504371240214,19.39504371240214,1.0,True,0.0,5,3962,10,ao_sca_proximal_physical,analytical_ris_equal_allocation,"[1.838024099192272, 19.317294638252513, 19.3663969997545, 19.389977248785545, 19.395028258780563, 19.39504371240214]","[{""block"": ""rsma"", ""rho"": 1.0, ""gain"": 17.3719519458821}, {""block"": ""star_ris"", ""rho"": 4.0, ""gain"": 0.10731859317814241}, {""block"": ""rsma"", ""rho"": 1.0, ""gain"": 0.0}, {""block"": ""star_ris"", ""rho"": 8.0, ""gain"": 0.04910236150198699}, {""block"": ""rsma"", ""rho"": 1.0, ""gain"": 0.0}, {""block"": ""star_ris"", ""rho"": 16.0, ""gain"": 0.023580249031045497}, {""block"": ""rsma"", ""rho"": 1.0, ""gain"": 0.0}, {""block"": ""star_ris"", ""rho"": 64.0, ""gain"": 0.005051009995018063}, {""block"": ""rsma"", ""rho"": 1.0, ""gain"": 0.0}, {""block"": ""star_ris"", ""rho"": 64.0, ""gain"": 1.5453621575289844e-05}]",{},2201.87747,895cf8987087c169d7023476c078ebabf24f99fbbc30b65ad7fae1097d95a6fe,fc61d5cda7da39530055bae9bd0e92865f995cd9,f4c80269e5fb3cf553900b2e82f235af875b7c2e33b4ff71ec5d85cc25eb2b4e
ao_sca,128,10000,92,test,19.914506054506603,19.914506054506603,1.0,True,0.0,9,7103,16,ao_sca_proximal_physical,analytical_ris_equal_allocation,"[1.8380210374562727, 19.345667972205597, 19.506038008457548, 19.544988381282614, 19.602804080331705, 19.630725193736822, 19.73336404327682, 19.89073281003766, 19.912624690762744, 19.914506054506603]","[{""block"": ""rsma"", ""rho"": 1.0, ""gain"": 17.026751654560613}, {""block"": ""star_ris"", ""rho"": 1.0, ""gain"": 0.48089528018871164}, {""block"": ""rsma"", ""rho"": 1.0, ""gain"": 0.0}, {""block"": ""star_ris"", ""rho"": 1.0, ""gain"": 0.16037003625195112}, {""block"": ""rsma"", ""rho"": 1.0, ""gain"": -3.552713678800501e-15}, {""block"": ""star_ris"", ""rho"": 1.0, ""gain"": 0.03895037282507019}, {""block"": ""rsma"", ""rho"": 1.0, ""gain"": -7.105427357601002e-15}, {""block"": ""star_ris"", ""rho"": 8.0, ""gain"": 0.057815699049097447}, {""block"": ""rsma"", ""rho"": 1.0, ""gain"": 0.0}, {""block"": ""star_ris"", ""rho"": 16.0, ""gain"": 0.02792111340511738}, {""block"": ""rsma"", ""rho"": 1.0, ""gain"": 3.552713678800501e-15}, {""block"": ""star_ris"", ""rho"": 1.0, ""gain"": 0.1026388495399928}, {""block"": ""rsma"", ""rho"": 1.0, ""gain"": 0.0}, {""block"": ""star_ris"", ""rho"": 1.0, ""gain"": 0.15736876676084322}, {""block"": ""rsma"", ""rho"": 1.0, ""gain"": -3.552713678800501e-15}, {""block"": ""star_ris"", ""rho"": 2.0, ""gain"": 0.021891880725085855}, {""block"": ""rsma"", ""rho"": 1.0, ""gain"": -3.552713678800501e-15}, {""block"": ""star_ris"", ""rho"": 4.0, ""gain"": 0.0018813637438626074}]",{},3919.349704,895cf8987087c169d7023476c078ebabf24f99fbbc30b65ad7fae1097d95a6fe,fc61d5cda7da39530055bae9bd0e92865f995cd9,f4c80269e5fb3cf553900b2e82f235af875b7c2e33b4ff71ec5d85cc25eb2b4e
ao_sca,128,10000,93,test,19.514818685494383,19.514818685494383,1.0,True,0.0,5,3943,9,ao_sca_proximal_physical,analytical_ris_equal_allocation,"[1.8380209403857084, 19.143804383229995, 19.257802159886705, 19.287937426581628, 19.51450903319625, 19.514818685494383]","[{""block"": ""rsma"", ""rho"": 1.0, ""gain"": 17.024816708220765}, {""block"": ""star_ris"", ""rho"": 1.0, ""gain"": 0.2809667346235223}, {""block"": ""rsma"", ""rho"": 1.0, ""gain"": 0.0}, {""block"": ""star_ris"", ""rho"": 4.0, ""gain"": 0.11399777665670996}, {""block"": ""rsma"", ""rho"": 1.0, ""gain"": 0.0}, {""block"": ""star_ris"", ""rho"": 1.0, ""gain"": 0.0301352666949235}, {""block"": ""rsma"", ""rho"": 1.0, ""gain"": 0.0}, {""block"": ""star_ris"", ""rho"": 1.0, ""gain"": 0.22657160661462328}, {""block"": ""rsma"", ""rho"": 1.0, ""gain"": 0.0}, {""block"": ""star_ris"", ""rho"": 1.0, ""gain"": 0.0003096522981316241}]",{},2138.125145,895cf8987087c169d7023476c078ebabf24f99fbbc30b65ad7fae1097d95a6fe,fc61d5cda7da39530055bae9bd0e92865f995cd9,f4c80269e5fb3cf553900b2e82f235af875b7c2e33b4ff71ec5d85cc25eb2b4e
ao_sca,128,10000,94,test,19.56983803996139,19.56983803996139,1.0,True,0.0,5,3950,9,ao_sca_proximal_physical,analytical_ris_equal_allocation,"[1.838020064911456, 19.216700160066, 19.32878793329126, 19.53894709290871, 19.569754938935716, 19.56983803996139]","[{""block"": ""rsma"", ""rho"": 1.0, ""gain"": 16.859096332559993}, {""block"": ""star_ris"", ""rho"": 1.0, ""gain"": 0.5195837625945501}, {""block"": ""rsma"", ""rho"": 1.0, ""gain"": 0.0}, {""block"": ""star_ris"", ""rho"": 1.0, ""gain"": 0.11208777322525876}, {""block"": ""rsma"", ""rho"": 1.0, ""gain"": 0.0}, {""block"": ""star_ris"", ""rho"": 2.0, ""gain"": 0.2101591596174508}, {""block"": ""rsma"", ""rho"": 1.0, ""gain"": 0.0}, {""block"": ""star_ris"", ""rho"": 8.0, ""gain"": 0.030807846027006036}, {""block"": ""rsma"", ""rho"": 1.0, ""gain"": 0.0}, {""block"": ""star_ris"", ""rho"": 32.0, ""gain"": 8.310102567321564e-05}]",{},2196.249638,895cf8987087c169d7023476c078ebabf24f99fbbc30b65ad7fae1097d95a6fe,fc61d5cda7da39530055bae9bd0e92865f995cd9,f4c80269e5fb3cf553900b2e82f235af875b7c2e33b4ff71ec5d85cc25eb2b4e
ao_sca,128,10000,95,test,19.794282551736018,19.794282551736018,1.0,True,0.0,10,7895,13,ao_sca_proximal_physical,analytical_ris_equal_allocation,"[1.8380265289894318, 19.292214712468564, 19.29846068721693, 19.30111387016744, 19.39309230298742, 19.51373097577335, 19.547877627820334, 19.617270199387985, 19.737554315356846, 19.792723432825596, 19.794282551736018]","[{""block"": ""rsma"", ""rho"": 1.0, ""gain"": 17.441582128545345}, {""block"": ""star_ris"", ""rho"": 32.0, ""gain"": 0.012606054933787192}, {""block"": ""rsma"", ""rho"": 1.0, ""gain"": 0.0}, {""block"": ""star_ris"", ""rho"": 64.0, ""gain"": 0.006245974748367189}, {""block"": ""rsma"", ""rho"": 1.0, ""gain"": 0.0}, {""block"": ""star_ris"", ""rho"": 2.0, ""gain"": 0.0026531829505103133}, {""block"": ""rsma"", ""rho"": 1.0, ""gain"": 0.0}, {""block"": ""star_ris"", ""rho"": 1.0, ""gain"": 0.0919784328199782}, {""block"": ""rsma"", ""rho"": 1.0, ""gain"": 0.0}, {""block"": ""star_ris"", ""rho"": 1.0, ""gain"": 0.12063867278592966}, {""block"": ""rsma"", ""rho"": 1.0, ""gain"": 0.0}, {""block"": ""star_ris"", ""rho"": 1.0, ""gain"": 0.03414665204698508}, {""block"": ""rsma"", ""rho"": 1.0, ""gain"": 0.0}, {""block"": ""star_ris"", ""rho"": 1.0, ""gain"": 0.06939257156765066}, {""block"": ""rsma"", ""rho"": 1.0, ""gain"": -3.552713678800501e-15}, {""block"": ""star_ris"", ""rho"": 1.0, ""gain"": 0.12028411596886457}, {""block"": ""rsma"", ""rho"": 1.0, ""gain"": 0.0}, {""block"": ""star_ris"", ""rho"": 1.0, ""gain"": 0.05516911746875053}, {""block"": ""rsma"", ""rho"": 1.0, ""gain"": 0.0}, {""block"": ""star_ris"", ""rho"": 4.0, ""gain"": 0.0015591189104213754}]",{},4316.383491,895cf8987087c169d7023476c078ebabf24f99fbbc30b65ad7fae1097d95a6fe,fc61d5cda7da39530055bae9bd0e92865f995cd9,f4c80269e5fb3cf553900b2e82f235af875b7c2e33b4ff71ec5d85cc25eb2b4e
ao_sca,128,10000,96,test,19.867765634803536,19.867765634803536,1.0,True,0.0,20,15807,31,ao_sca_proximal_physical,analytical_ris_equal_allocation,"[1.8380242705826209, 19.238766098733105, 19.241000668165604, 19.244599724472153, 19.254862405739033, 19.403135850881004, 19.589864307711956, 19.594348499627163, 19.62041022059042, 19.732925684944647, 19.738956977043316, 19.754626835142304, 19.760957649814713, 19.766215359937327, 19.788840519770314, 19.810978289064117, 19.82177000571164, 19.82710070507674, 19.833023624432897, 19.86531091580365, 19.867765634803536]","[{""block"": ""rsma"", ""rho"": 1.0, ""gain"": 17.11451598325461}, {""block"": ""star_ris"", ""rho"": 2.0, ""gain"": 0.2862258448958741}, {""block"": ""rsma"", ""rho"": 1.0, ""gain"": 0.0}, {""block"": ""star_ris"", ""rho"": 32.0, ""gain"": 0.0022345694324990006}, {""block"": ""rsma"", ""rho"": 1.0, ""gain"": -3.552713678800501e-15}, {""block"": ""star_ris"", ""rho"": 8.0, ""gain"": 0.0035990563065517733}, {""block"": ""rsma"", ""rho"": 1.0, ""gain"": 0.0}, {""block"": ""star_ris"", ""rho"": 2.0, ""gain"": 0.010262681266880236}, {""block"": ""rsma"", ""rho"": 1.0, ""gain"": 0.0}, {""block"": ""star_ris"", ""rho"": 1.0, ""gain"": 0.14827344514197094}, {""block"": ""rsma"", ""rho"": 1.0, ""gain"": 0.0}, {""block"": ""star_ris"", ""rho"": 1.0, ""gain"": 0.18672845683095218}, {""block"": ""rsma"", ""rho"": 1.0, ""gain"": 0.0}, {""block"": ""star_ris"", ""rho"": 8.0, ""gain"": 0.004484191915206992}, {""block"": ""rsma"", ""rho"": 1.0, ""gain"": 0.0}, {""block"": ""star_ris"", ""rho"": 2.0, ""gain"": 0.026061720963255652}, {""block"": ""rsma"", ""rho"": 1.0, ""gain"": 3.552713678800501e-15}, {""block"": ""star_ris"", ""rho"": 2.0, ""gain"": 0.11251546435422455}, {""block"": ""rsma"", ""rho"": 1.0, ""gain"": 0.0}, {""block"": ""star_ris"", ""rho"": 8.0, ""gain"": 0.006031292098668928}, {""block"": ""rsma"", ""rho"": 1.0, ""gain"": 0.0}, {""block"": ""star_ris"", ""rho"": 4.0, ""gain"": 0.015669858098988243}, {""block"": ""rsma"", ""rho"": 1.0, ""gain"": 0.0}, {""block"": ""star_ris"", ""rho"": 2.0, ""gain"": 0.006330814672409701}, {""block"": ""rsma"", ""rho"": 1.0, ""gain"": 0.0}, {""block"": ""star_ris"", ""rho"": 8.0, ""gain"": 0.005257710122613446}, {""block"": ""rsma"", ""rho"": 1.0, ""gain"": 0.0}, {""block"": ""star_ris"", ""rho"": 2.0, ""gain"": 0.022625159832987407}, {""block"": ""rsma"", ""rho"": 1.0, ""gain"": 0.0}, {""block"": ""star_ris"", ""rho"": 16.0, ""gain"": 0.022137769293802734}, {""block"": ""rsma"", ""rho"": 1.0, ""gain"": 0.0}, {""block"": ""star_ris"", ""rho"": 32.0, ""gain"": 0.010791716647524652}, {""block"": ""rsma"", ""rho"": 1.0, ""gain"": 0.0}, {""block"": ""star_ris"", ""rho"": 64.0, ""gain"": 0.005330699365099889}, {""block"": ""rsma"", ""rho"": 1.0, ""gain"": 0.0}, {""block"": ""star_ris"", ""rho"": 4.0, ""gain"": 0.0059229193561556315}, {""block"": ""rsma"", ""rho"": 1.0, ""gain"": -3.552713678800501e-15}, {""block"": ""star_ris"", ""rho"": 2.0, ""gain"": 0.03228729137075703}, {""block"": ""rsma"", ""rho"": 1.0, ""gain"": 0.0}, {""block"": ""star_ris"", ""rho"": 8.0, ""gain"": 0.0024547189998855856}]",{},8830.130933,895cf8987087c169d7023476c078ebabf24f99fbbc30b65ad7fae1097d95a6fe,fc61d5cda7da39530055bae9bd0e92865f995cd9,f4c80269e5fb3cf553900b2e82f235af875b7c2e33b4ff71ec5d85cc25eb2b4e
ao_sca,128,10000,97,test,19.59260953867189,19.59260953867189,1.0,True,0.0,7,5543,12,ao_sca_proximal_physical,analytical_ris_equal_allocation,"[1.8380301692410992, 19.44090633807921, 19.49299187772644, 19.495887489287597, 19.499416511987583, 19.570448485255735, 19.592528088584338, 19.59260953867189]","[{""block"": ""rsma"", ""rho"": 1.0, ""gain"": 17.48957329400603}, {""block"": ""star_ris"", ""rho"": 4.0, ""gain"": 0.11330287483208323}, {""block"": ""rsma"", ""rho"": 1.0, ""gain"": 0.0}, {""block"": ""star_ris"", ""rho"": 8.0, ""gain"": 0.05208553964722995}, {""block"": ""rsma"", ""rho"": 1.0, ""gain"": 0.0}, {""block"": ""star_ris"", ""rho"": 16.0, ""gain"": 0.002895611561157807}, {""block"": ""rsma"", ""rho"": 1.0, ""gain"": 3.552713678800501e-15}, {""block"": ""star_ris"", ""rho"": 4.0, ""gain"": 0.0035290226999826757}, {""block"": ""rsma"", ""rho"": 1.0, ""gain"": 0.0}, {""block"": ""star_ris"", ""rho"": 4.0, ""gain"": 0.07103197326815192}, {""block"": ""rsma"", ""rho"": 1.0, ""gain"": 0.0}, {""block"": ""star_ris"", ""rho"": 16.0, ""gain"": 0.022079603328602815}, {""block"": ""rsma"", ""rho"": 1.0, ""gain"": 0.0}, {""block"": ""star_ris"", ""rho"": 512.0, ""gain"": 8.145008755278127e-05}]",{},3073.73182,895cf8987087c169d7023476c078ebabf24f99fbbc30b65ad7fae1097d95a6fe,fc61d5cda7da39530055bae9bd0e92865f995cd9,f4c80269e5fb3cf553900b2e82f235af875b7c2e33b4ff71ec5d85cc25eb2b4e
ao_sca,128,10000,98,test,18.99451068949372,18.99451068949372,1.0,True,0.0,3,2373,6,ao_sca_proximal_physical,analytical_ris_equal_allocation,"[1.83801999153297, 18.941543119003068, 18.993033201220232, 18.99451068949372]","[{""block"": ""rsma"", ""rho"": 1.0, ""gain"": 16.9679207629521}, {""block"": ""star_ris"", ""rho"": 4.0, ""gain"": 0.13560236451799668}, {""block"": ""rsma"", ""rho"": 1.0, ""gain"": 0.0}, {""block"": ""star_ris"", ""rho"": 8.0, ""gain"": 0.051490082217164}, {""block"": ""rsma"", ""rho"": 1.0, ""gain"": 0.0}, {""block"": ""star_ris"", ""rho"": 8.0, ""gain"": 0.0014774882734869266}]",{},1286.805878,895cf8987087c169d7023476c078ebabf24f99fbbc30b65ad7fae1097d95a6fe,fc61d5cda7da39530055bae9bd0e92865f995cd9,f4c80269e5fb3cf553900b2e82f235af875b7c2e33b4ff71ec5d85cc25eb2b4e
ao_sca,128,10000,99,test,19.244620137613552,19.244620137613552,1.0,True,0.0,6,4735,10,ao_sca_proximal_physical,analytical_ris_equal_allocation,"[1.8380088974806823, 18.834171497473058, 18.91756837882477, 19.208058307418025, 19.228944982300582, 19.24282548476159, 19.244620137613552]","[{""block"": ""rsma"", ""rho"": 1.0, ""gain"": 16.58420196461293}, {""block"": ""star_ris"", ""rho"": 1.0, ""gain"": 0.41196063537944383}, {""block"": ""rsma"", ""rho"": 1.0, ""gain"": 0.0}, {""block"": ""star_ris"", ""rho"": 1.0, ""gain"": 0.08339688135171386}, {""block"": ""rsma"", ""rho"": 1.0, ""gain"": 0.0}, {""block"": ""star_ris"", ""rho"": 1.0, ""gain"": 0.29048992859325296}, {""block"": ""rsma"", ""rho"": 1.0, ""gain"": 0.0}, {""block"": ""star_ris"", ""rho"": 1.0, ""gain"": 0.0208866748825578}, {""block"": ""rsma"", ""rho"": 1.0, ""gain"": 3.552713678800501e-15}, {""block"": ""star_ris"", ""rho"": 2.0, ""gain"": 0.01388050246100292}, {""block"": ""rsma"", ""rho"": 1.0, ""gain"": 0.0}, {""block"": ""star_ris"", ""rho"": 32.0, ""gain"": 0.0017946528519630078}]",{},2599.242483,895cf8987087c169d7023476c078ebabf24f99fbbc30b65ad7fae1097d95a6fe,fc61d5cda7da39530055bae9bd0e92865f995cd9,f4c80269e5fb3cf553900b2e82f235af875b7c2e33b4ff71ec5d85cc25eb2b4e
ao_sca,128,10000,100,test,19.98392995132229,19.98392995132229,1.0,True,0.0,15,11831,27,ao_sca_proximal_physical,analytical_ris_equal_allocation,"[1.8380302559388368, 19.626411618418757, 19.696005096143363, 19.71627160366672, 19.727155310572435, 19.741902773615244, 19.769632592696006, 19.77176659954145, 19.791657616764223, 19.823582038089057, 19.853856440248343, 19.912991759270096, 19.963426824855397, 19.97613166323248, 19.982165377728332, 19.98392995132229]","[{""block"": ""rsma"", ""rho"": 1.0, ""gain"": 17.694339444988593}, {""block"": ""star_ris"", ""rho"": 1.0, ""gain"": 0.09404191749132806}, {""block"": ""rsma"", ""rho"": 1.0, ""gain"": 0.0}, {""block"": ""star_ris"", ""rho"": 2.0, ""gain"": 0.06959347772460589}, {""block"": ""rsma"", ""rho"": 1.0, ""gain"": 0.0}, {""block"": ""star_ris"", ""rho"": 4.0, ""gain"": 0.020266507523356125}, {""block"": ""rsma"", ""rho"": 1.0, ""gain"": 0.0}, {""block"": ""star_ris"", ""rho"": 2.0, ""gain"": 0.01088370690571594}, {""block"": ""rsma"", ""rho"": 1.0, ""gain"": 0.0}, {""block"": ""star_ris"", ""rho"": 2.0, ""gain"": 0.014747463042809272}, {""block"": ""rsma"", ""rho"": 1.0, ""gain"": 0.0}, {""block"": ""star_ris"", ""rho"": 1.0, ""gain"": 0.02772981908076133}, {""block"": ""rsma"", ""rho"": 1.0, ""gain"": 0.0}, {""block"": ""star_ris"", ""rho"": 1.0, ""gain"": 0.002134006845444958}, {""block"": ""rsma"", ""rho"": 1.0, ""gain"": 0.0}, {""block"": ""star_ris"", ""rho"": 2.0, ""gain"": 0.01989101722277198}, {""block"": ""rsma"", ""rho"": 1.0, ""gain"": 0.0}, {""block"": ""star_ris"", ""rho"": 1.0, ""gain"": 0.03192442132483464}, {""block"": ""rsma"", ""rho"": 1.0, ""gain"": 0.0}, {""block"": ""star_ris"", ""rho"": 1.0, ""gain"": 0.030274402159285785}, {""block"": ""rsma"", ""rho"": 1.0, ""gain"": 0.0}, {""block"": ""star_ris"", ""rho"": 1.0, ""gain"": 0.05913531902175251}, {""block"": ""rsma"", ""rho"": 1.0, ""gain"": 3.552713678800501e-15}, {""block"": ""star_ris"", ""rho"": 1.0, ""gain"": 0.05043506558529742}, {""block"": ""rsma"", ""rho"": 1.0, ""gain"": -3.552713678800501e-15}, {""block"": ""star_ris"", ""rho"": 4.0, ""gain"": 0.012704838377086247}, {""block"": ""rsma"", ""rho"": 1.0, ""gain"": 0.0}, {""block"": ""star_ris"", ""rho"": 2.0, ""gain"": 0.006033714495853104}, {""block"": ""rsma"", ""rho"": 1.0, ""gain"": 0.0}, {""block"": ""star_ris"", ""rho"": 2.0, ""gain"": 0.001764573593955987}]",{},6606.574017,895cf8987087c169d7023476c078ebabf24f99fbbc30b65ad7fae1097d95a6fe,fc61d5cda7da39530055bae9bd0e92865f995cd9,f4c80269e5fb3cf553900b2e82f235af875b7c2e33b4ff71ec5d85cc25eb2b4e
ao_sca,128,10000,101,test,19.56849788223357,19.56849788223357,1.0,True,0.0,10,7897,18,ao_sca_proximal_physical,analytical_ris_equal_allocation,"[1.8380170222003946, 18.61222823111713, 18.873973248813815, 19.00064802053633, 19.264920096633666, 19.326346457057337, 19.41010871949046, 19.486382212139485, 19.523132355966037, 19.566624589123744, 19.568497882233572]","[{""block"": ""rsma"", ""rho"": 1.0, ""gain"": 16.702085411592673}, {""block"": ""star_ris"", ""rho"": 8.0, ""gain"": 0.07212579732406255}, {""block"": ""rsma"", ""rho"": 1.0, ""gain"": 0.0}, {""block"": ""star_ris"", ""rho"": 2.0, ""gain"": 0.26174501769668623}, {""block"": ""rsma"", ""rho"": 1.0, ""gain"": 0.0}, {""block"": ""star_ris"", ""rho"": 1.0, ""gain"": 0.1266747717225165}, {""block"": ""rsma"", ""rho"": 1.0, ""gain"": 0.0}, {""block"": ""star_ris"", ""rho"": 2.0, ""gain"": 0.2642720760973347}, {""block"": ""rsma"", ""rho"": 1.0, ""gain"": -3.552713678800501e-15}, {""block"": ""star_ris"", ""rho"": 2.0, ""gain"": 0.061426360423674}, {""block"": ""rsma"", ""rho"": 1.0, ""gain"": 0.0}, {""block"": ""star_ris"", ""rho"": 2.0, ""gain"": 0.08376226243312246}, {""block"": ""rsma"", ""rho"": 1.0, ""gain"": 3.552713678800501e-15}, {""block"": ""star_ris"", ""rho"": 4.0, ""gain"": 0.0762734926490225}, {""block"": ""rsma"", ""rho"": 1.0, ""gain"": 0.0}, {""block"": ""star_ris"", ""rho"": 8.0, ""gain"": 0.03675014382655206}, {""block"": ""rsma"", ""rho"": 1.0, ""gain"": 3.552713678800501e-15}, {""block"": ""star_ris"", ""rho"": 1.0, ""gain"": 0.04349223315770345}, {""block"": ""rsma"", ""rho"": 1.0, ""gain"": -3.552713678800501e-15}, {""block"": ""star_ris"", ""rho"": 16.0, ""gain"": 0.0018732931098313088}]",{},4465.802978,895cf8987087c169d7023476c078ebabf24f99fbbc30b65ad7fae1097d95a6fe,fc61d5cda7da39530055bae9bd0e92865f995cd9,f4c80269e5fb3cf553900b2e82f235af875b7c2e33b4ff71ec5d85cc25eb2b4e
ao_sca,128,10000,102,test,19.87495789219953,19.87495789219953,1.0,True,0.0,10,7902,17,ao_sca_proximal_physical,analytical_ris_equal_allocation,"[1.8380270417144078, 19.35979623266249, 19.613078418575455, 19.676405994069707, 19.695245747492002, 19.707556779409167, 19.715747738262554, 19.724059773758608, 19.87185976719196, 19.874061874518983, 19.874957892199532]","[{""block"": ""rsma"", ""rho"": 1.0, ""gain"": 17.356939227755017}, {""block"": ""star_ris"", ""rho"": 1.0, ""gain"": 0.1648299631930641}, {""block"": ""rsma"", ""rho"": 1.0, ""gain"": -3.552713678800501e-15}, {""block"": ""star_ris"", ""rho"": 2.0, ""gain"": 0.253282185912969}, {""block"": ""rsma"", ""rho"": 1.0, ""gain"": 0.0}, {""block"": ""star_ris"", ""rho"": 4.0, ""gain"": 0.06332757549425239}, {""block"": ""rsma"", ""rho"": 1.0, ""gain"": 0.0}, {""block"": ""star_ris"", ""rho"": 4.0, ""gain"": 0.018839753422295047}, {""block"": ""rsma"", ""rho"": 1.0, ""gain"": 0.0}, {""block"": ""star_ris"", ""rho"": 32.0, ""gain"": 0.012311031917164428}, {""block"": ""rsma"", ""rho"": 1.0, ""gain"": -3.552713678800501e-15}, {""block"": ""star_ris"", ""rho"": 2.0, ""gain"": 0.008190958853390384}, {""block"": ""rsma"", ""rho"": 1.0, ""gain"": -3.552713678800501e-15}, {""block"": ""star_ris"", ""rho"": 2.0, ""gain"": 0.008312035496057746}, {""block"": ""rsma"", ""rho"": 1.0, ""gain"": 3.552713678800501e-15}, {""block"": ""star_ris"", ""rho"": 1.0, ""gain"": 0.14779999343334893}, {""block"": ""rsma"", ""rho"": 1.0, ""gain"": 3.552713678800501e-15}, {""block"": ""star_ris"", ""rho"": 32.0, ""gain"": 0.002202107327018865}, {""block"": ""rsma"", ""rho"": 1.0, ""gain"": 3.552713678800501e-15}, {""block"": ""star_ris"", ""rho"": 16.0, ""gain"": 0.0008960176805459241}]",{},4390.945918,895cf8987087c169d7023476c078ebabf24f99fbbc30b65ad7fae1097d95a6fe,fc61d5cda7da39530055bae9bd0e92865f995cd9,f4c80269e5fb3cf553900b2e82f235af875b7c2e33b4ff71ec5d85cc25eb2b4e
ao_sca,128,10000,103,test,19.257055262934216,19.257055262934216,1.0,True,0.0,4,3162,8,ao_sca_proximal_physical,analytical_ris_equal_allocation,"[1.8380195892308497, 19.12606609415058, 19.243038161681675, 19.2565244522228, 19.257055262934216]","[{""block"": ""rsma"", ""rho"": 1.0, ""gain"": 17.10892306073496}, {""block"": ""star_ris"", ""rho"": 1.0, ""gain"": 0.17912344418477133}, {""block"": ""rsma"", ""rho"": 1.0, ""gain"": 7.105427357601002e-15}, {""block"": ""star_ris"", ""rho"": 4.0, ""gain"": 0.11697206753108702}, {""block"": ""rsma"", ""rho"": 1.0, ""gain"": 0.0}, {""block"": ""star_ris"", ""rho"": 32.0, ""gain"": 0.013486290541123935}, {""block"": ""rsma"", ""rho"": 1.0, ""gain"": 0.0}, {""block"": ""star_ris"", ""rho"": 4.0, ""gain"": 0.0005308107114174732}]",{},1750.910254,895cf8987087c169d7023476c078ebabf24f99fbbc30b65ad7fae1097d95a6fe,fc61d5cda7da39530055bae9bd0e92865f995cd9,f4c80269e5fb3cf553900b2e82f235af875b7c2e33b4ff71ec5d85cc25eb2b4e
ao_sca,128,10000,104,test,19.63682505041259,19.63682505041259,1.0,True,0.0,20,15809,34,ao_sca_proximal_physical,analytical_ris_equal_allocation,"[1.8380188593405367, 19.063353490036636, 19.081490050948076, 19.207427962954544, 19.236326042574696, 19.264541392205107, 19.267892864419327, 19.279742394115214, 19.290983026966387, 19.35186148055353, 19.36133770598005, 19.569104809880933, 19.603385559636255, 19.60562581531878, 19.607998555214614, 19.610611014887468, 19.615190326264937, 19.62527049559608, 19.6284124106775, 19.636583659434855, 19.63682505041259]","[{""block"": ""rsma"", ""rho"": 1.0, ""gain"": 17.158734534777512}, {""block"": ""star_ris"", ""rho"": 8.0, ""gain"": 0.06660009591858795}, {""block"": ""rsma"", ""rho"": 1.0, ""gain"": 3.552713678800501e-15}, {""block"": ""star_ris"", ""rho"": 2.0, ""gain"": 0.01813656091143656}, {""block"": ""rsma"", ""rho"": 1.0, ""gain"": 0.0}, {""block"": ""star_ris"", ""rho"": 4.0, ""gain"": 0.1259379120064672}, {""block"": ""rsma"", ""rho"": 1.0, ""gain"": 3.552713678800501e-15}, {""block"": ""star_ris"", ""rho"": 16.0, ""gain"": 0.028898079620148565}, {""block"": ""rsma"", ""rho"": 1.0, ""gain"": 3.552713678800501e-15}, {""block"": ""star_ris"", ""rho"": 16.0, ""gain"": 0.028215349630407616}, {""block"": ""rsma"", ""rho"": 1.0, ""gain"": 0.0}, {""block"": ""star_ris"", ""rho"": 2.0, ""gain"": 0.0033514722142200526}, {""block"": ""rsma"", ""rho"": 1.0, ""gain"": 0.0}, {""block"": ""star_ris"", ""rho"": 4.0, ""gain"": 0.011849529695886929}, {""block"": ""rsma"", ""rho"": 1.0, ""gain"": 0.0}, {""block"": ""star_ris"", ""rho"": 1.0, ""gain"": 0.01124063285117316}, {""block"": ""rsma"", ""rho"": 1.0, ""gain"": 0.0}, {""block"": ""star_ris"", ""rho"": 1.0, ""gain"": 0.06087845358714361}, {""block"": ""rsma"", ""rho"": 1.0, ""gain"": 0.0}, {""block"": ""star_ris"", ""rho"": 1.0, ""gain"": 0.009476225426517715}, {""block"": ""rsma"", ""rho"": 1.0, ""gain"": 0.0}, {""block"": ""star_ris"", ""rho"": 2.0, ""gain"": 0.20776710390088482}, {""block"": ""rsma"", ""rho"": 1.0, ""gain"": -3.552713678800501e-15}, {""block"": ""star_ris"", ""rho"": 8.0, ""gain"": 0.034280749755325246}, {""block"": ""rsma"", ""rho"": 1.0, ""gain"": -3.552713678800501e-15}, {""block"": ""star_ris"", ""rho"": 4.0, ""gain"": 0.0022402556825298348}, {""block"": ""rsma"", ""rho"": 1.0, ""gain"": -3.552713678800501e-15}, {""block"": ""star_ris"", ""rho"": 128.0, ""gain"": 0.0023727398958364176}, {""block"": ""rsma"", ""rho"": 1.0, ""gain"": 0.0}, {""block"": ""star_ris"", ""rho"": 16.0, ""gain"": 0.0026124596728536176}, {""block"": ""rsma"", ""rho"": 1.0, ""gain"": 3.552713678800501e-15}, {""block"": ""star_ris"", ""rho"": 16.0, ""gain"": 0.0045793113774657}, {""block"": ""rsma"", ""rho"": 1.0, ""gain"": 0.0}, {""block"": ""star_ris"", ""rho"": 8.0, ""gain"": 0.010080169331143196}, {""block"": ""rsma"", ""rho"": 1.0, ""gain"": 3.552713678800501e-15}, {""block"": ""star_ris"", ""rho"": 4.0, ""gain"": 0.003141915081418034}, {""block"": ""rsma"", ""rho"": 1.0, ""gain"": -7.105427357601002e-15}, {""block"": ""star_ris"", ""rho"": 8.0, ""gain"": 0.008171248757360416}, {""block"": ""rsma"", ""rho"": 1.0, ""gain"": 0.0}, {""block"": ""star_ris"", ""rho"": 4.0, ""gain"": 0.00024139097773456797}]",{},8869.440552,895cf8987087c169d7023476c078ebabf24f99fbbc30b65ad7fae1097d95a6fe,fc61d5cda7da39530055bae9bd0e92865f995cd9,f4c80269e5fb3cf553900b2e82f235af875b7c2e33b4ff71ec5d85cc25eb2b4e
ao_sca,128,10000,105,test,19.783364877436178,19.783364877436178,1.0,True,0.0,19,15014,30,ao_sca_proximal_physical,analytical_ris_equal_allocation,"[1.838021942706871, 19.31228669710543, 19.334870153763564, 19.345968688778065, 19.351471152385983, 19.35795503593524, 19.361352420504872, 19.410142963969875, 19.420289932202493, 19.445741968800235, 19.540705758460412, 19.563242859416597, 19.58850849267344, 19.644435795412605, 19.662676624956916, 19.687847197646093, 19.707220079257425, 19.7520840004657, 19.782303838958423, 19.783364877436178]","[{""block"": ""rsma"", ""rho"": 1.0, ""gain"": 17.265694452059524}, {""block"": ""star_ris"", ""rho"": 2.0, ""gain"": 0.20857030233903728}, {""block"": ""rsma"", ""rho"": 1.0, ""gain"": 0.0}, {""block"": ""star_ris"", ""rho"": 16.0, ""gain"": 0.02258345665813266}, {""block"": ""rsma"", ""rho"": 1.0, ""gain"": 0.0}, {""block"": ""star_ris"", ""rho"": 32.0, ""gain"": 0.011098535014500754}, {""block"": ""rsma"", ""rho"": 1.0, ""gain"": 0.0}, {""block"": ""star_ris"", ""rho"": 64.0, ""gain"": 0.005502463607918173}, {""block"": ""rsma"", ""rho"": 1.0, ""gain"": 0.0}, {""block"": ""star_ris"", ""rho"": 1.0, ""gain"": 0.006483883549257996}, {""block"": ""rsma"", ""rho"": 1.0, ""gain"": 0.0}, {""block"": ""star_ris"", ""rho"": 4.0, ""gain"": 0.0033973845696309013}, {""block"": ""rsma"", ""rho"": 1.0, ""gain"": 3.552713678800501e-15}, {""block"": ""star_ris"", ""rho"": 2.0, ""gain"": 0.04879054346499956}, {""block"": ""rsma"", ""rho"": 1.0, ""gain"": 0.0}, {""block"": ""star_ris"", ""rho"": 1.0, ""gain"": 0.010146968232618292}, {""block"": ""rsma"", ""rho"": 1.0, ""gain"": 0.0}, {""block"": ""star_ris"", ""rho"": 1.0, ""gain"": 0.025452036597741312}, {""block"": ""rsma"", ""rho"": 1.0, ""gain"": 0.0}, {""block"": ""star_ris"", ""rho"": 4.0, ""gain"": 0.09496378966017716}, {""block"": ""rsma"", ""rho"": 1.0, ""gain"": 0.0}, {""block"": ""star_ris"", ""rho"": 16.0, ""gain"": 0.02253710095618544}, {""block"": ""rsma"", ""rho"": 1.0, ""gain"": 0.0}, {""block"": ""star_ris"", ""rho"": 1.0, ""gain"": 0.0252656332568435}, {""block"": ""rsma"", ""rho"": 1.0, ""gain"": 0.0}, {""block"": ""star_ris"", ""rho"": 1.0, ""gain"": 0.05592730273916402}, {""block"": ""rsma"", ""rho"": 1.0, ""gain"": -3.552713678800501e-15}, {""block"": ""star_ris"", ""rho"": 16.0, ""gain"": 0.018240829544314607}, {""block"": ""rsma"", ""rho"": 1.0, ""gain"": 3.552713678800501e-15}, {""block"": ""star_ris"", ""rho"": 4.0, ""gain"": 0.025170572689173554}, {""block"": ""rsma"", ""rho"": 1.0, ""gain"": 0.0}, {""block"": ""star_ris"", ""rho"": 4.0, ""gain"": 0.019372881611332105}, {""block"": ""rsma"", ""rho"": 1.0, ""gain"": 0.0}, {""block"": ""star_ris"", ""rho"": 2.0, ""gain"": 0.044863921208275315}, {""block"": ""rsma"", ""rho"": 1.0, ""gain"": 0.0}, {""block"": ""star_ris"", ""rho"": 2.0, ""gain"": 0.030219838492723028}, {""block"": ""rsma"", ""rho"": 1.0, ""gain"": 0.0}, {""block"": ""star_ris"", ""rho"": 64.0, ""gain"": 0.0010610384777542947}]",{},8207.670149,895cf8987087c169d7023476c078ebabf24f99fbbc30b65ad7fae1097d95a6fe,fc61d5cda7da39530055bae9bd0e92865f995cd9,f4c80269e5fb3cf553900b2e82f235af875b7c2e33b4ff71ec5d85cc25eb2b4e
ao_sca,128,10000,106,test,19.775535862286706,19.775535862286706,1.0,True,0.0,8,6309,14,ao_sca_proximal_physical,analytical_ris_equal_allocation,"[1.8380189829236473, 19.00101965308767, 19.213463772549147, 19.454358154228615, 19.61745703807298, 19.726379650439263, 19.739601432833002, 19.77513193522524, 19.775535862286702]","[{""block"": ""rsma"", ""rho"": 1.0, ""gain"": 16.821593337946663}, {""block"": ""star_ris"", ""rho"": 1.0, ""gain"": 0.3414073322173614}, {""block"": ""rsma"", ""rho"": 1.0, ""gain"": 0.0}, {""block"": ""star_ris"", ""rho"": 1.0, ""gain"": 0.2124441194614768}, {""block"": ""rsma"", ""rho"": 1.0, ""gain"": 0.0}, {""block"": ""star_ris"", ""rho"": 1.0, ""gain"": 0.24089438167946753}, {""block"": ""rsma"", ""rho"": 1.0, ""gain"": 0.0}, {""block"": ""star_ris"", ""rho"": 1.0, ""gain"": 0.16309888384436633}, {""block"": ""rsma"", ""rho"": 1.0, ""gain"": 0.0}, {""block"": ""star_ris"", ""rho"": 1.0, ""gain"": 0.10892261236628187}, {""block"": ""rsma"", ""rho"": 1.0, ""gain"": -3.552713678800501e-15}, {""block"": ""star_ris"", ""rho"": 8.0, ""gain"": 0.013221782393742387}, {""block"": ""rsma"", ""rho"": 1.0, ""gain"": 0.0}, {""block"": ""star_ris"", ""rho"": 2.0, ""gain"": 0.03553050239223765}, {""block"": ""rsma"", ""rho"": 1.0, ""gain"": 0.0}, {""block"": ""star_ris"", ""rho"": 1.0, ""gain"": 0.0004039270614626389}]",{},3443.875561,895cf8987087c169d7023476c078ebabf24f99fbbc30b65ad7fae1097d95a6fe,fc61d5cda7da39530055bae9bd0e92865f995cd9,f4c80269e5fb3cf553900b2e82f235af875b7c2e33b4ff71ec5d85cc25eb2b4e
ao_sca,128,10000,107,test,19.72468148409076,19.72468148409076,1.0,True,0.0,20,15790,38,ao_sca_proximal_physical,analytical_ris_equal_allocation,"[1.8380184708707465, 18.870628932704037, 18.93166146936006, 19.1896687037772, 19.296449735201616, 19.32133707166055, 19.33356909829685, 19.352998388949928, 19.41515572570926, 19.443985155591022, 19.50068364789019, 19.5104512271251, 19.522646522817993, 19.554870703054206, 19.563863484834727, 19.610980652899364, 19.652534781393648, 19.667395673985148, 19.685354705223535, 19.718899077192514, 19.72468148409076]","[{""block"": ""rsma"", ""rho"": 1.0, ""gain"": 17.017505296069135}, {""block"": ""star_ris"", ""rho"": 4.0, ""gain"": 0.015105165764154549}, {""block"": ""rsma"", ""rho"": 1.0, ""gain"": 0.0}, {""block"": ""star_ris"", ""rho"": 1.0, ""gain"": 0.06103253665602182}, {""block"": ""rsma"", ""rho"": 1.0, ""gain"": 0.0}, {""block"": ""star_ris"", ""rho"": 2.0, ""gain"": 0.2580072344171427}, {""block"": ""rsma"", ""rho"": 1.0, ""gain"": -3.552713678800501e-15}, {""block"": ""star_ris"", ""rho"": 4.0, ""gain"": 0.10678103142441842}, {""block"": ""rsma"", ""rho"": 1.0, ""gain"": 0.0}, {""block"": ""star_ris"", ""rho"": 16.0, ""gain"": 0.02488733645893504}, {""block"": ""rsma"", ""rho"": 1.0, ""gain"": 3.552713678800501e-15}, {""block"": ""star_ris"", ""rho"": 32.0, ""gain"": 0.01223202663629408}, {""block"": ""rsma"", ""rho"": 1.0, ""gain"": 0.0}, {""block"": ""star_ris"", ""rho"": 2.0, ""gain"": 0.01942929065307908}, {""block"": ""rsma"", ""rho"": 1.0, ""gain"": 0.0}, {""block"": ""star_ris"", ""rho"": 1.0, ""gain"": 0.06215733675933066}, {""block"": ""rsma"", ""rho"": 1.0, ""gain"": 3.552713678800501e-15}, {""block"": ""star_ris"", ""rho"": 4.0, ""gain"": 0.028829429881760404}, {""block"": ""rsma"", ""rho"": 1.0, ""gain"": 0.0}, {""block"": ""star_ris"", ""rho"": 1.0, ""gain"": 0.056698492299169345}, {""block"": ""rsma"", ""rho"": 1.0, ""gain"": -3.552713678800501e-15}, {""block"": ""star_ris"", ""rho"": 1.0, ""gain"": 0.009767579234910784}, {""block"": ""rsma"", ""rho"": 1.0, ""gain"": 0.0}, {""block"": ""star_ris"", ""rho"": 16.0, ""gain"": 0.012195295692894348}, {""block"": ""rsma"", ""rho"": 1.0, ""gain"": 0.0}, {""block"": ""star_ris"", ""rho"": 1.0, ""gain"": 0.032224180236212874}, {""block"": ""rsma"", ""rho"": 1.0, ""gain"": 0.0}, {""block"": ""star_ris"", ""rho"": 4.0, ""gain"": 0.008992781780520431}, {""block"": ""rsma"", ""rho"": 1.0, ""gain"": 3.552713678800501e-15}, {""block"": ""star_ris"", ""rho"": 1.0, ""gain"": 0.047117168064634285}, {""block"": ""rsma"", ""rho"": 1.0, ""gain"": 0.0}, {""block"": ""star_ris"", ""rho"": 1.0, ""gain"": 0.041554128494283304}, {""block"": ""rsma"", ""rho"": 1.0, ""gain"": 0.0}, {""block"": ""star_ris"", ""rho"": 4.0, ""gain"": 0.014860892591499919}, {""block"": ""rsma"", ""rho"": 1.0, ""gain"": 0.0}, {""block"": ""star_ris"", ""rho"": 2.0, ""gain"": 0.01795903123838727}, {""block"": ""rsma"", ""rho"": 1.0, ""gain"": -3.552713678800501e-15}, {""block"": ""star_ris"", ""rho"": 4.0, ""gain"": 0.033544371968982745}, {""block"": ""rsma"", ""rho"": 1.0, ""gain"": 0.0}, {""block"": ""star_ris"", ""rho"": 2.0, ""gain"": 0.0057824068982448296}]",{},8670.674773,895cf8987087c169d7023476c078ebabf24f99fbbc30b65ad7fae1097d95a6fe,fc61d5cda7da39530055bae9bd0e92865f995cd9,f4c80269e5fb3cf553900b2e82f235af875b7c2e33b4ff71ec5d85cc25eb2b4e
ao_sca,128,10000,108,test,19.26108326875516,19.26108326875516,1.0,True,0.0,7,5539,13,ao_sca_proximal_physical,analytical_ris_equal_allocation,"[1.8380209271696852, 19.156865664181023, 19.160562601992837, 19.208576196409147, 19.231774707253443, 19.25445366831366, 19.2593672209326, 19.26108326875516]","[{""block"": ""rsma"", ""rho"": 1.0, ""gain"": 17.109815716603656}, {""block"": ""star_ris"", ""rho"": 2.0, ""gain"": 0.20902902040768012}, {""block"": ""rsma"", ""rho"": 1.0, ""gain"": 3.552713678800501e-15}, {""block"": ""star_ris"", ""rho"": 4.0, ""gain"": 0.0036969378118101304}, {""block"": ""rsma"", ""rho"": 1.0, ""gain"": 0.0}, {""block"": ""star_ris"", ""rho"": 8.0, ""gain"": 0.04801359441631092}, {""block"": ""rsma"", ""rho"": 1.0, ""gain"": 0.0}, {""block"": ""star_ris"", ""rho"": 16.0, ""gain"": 0.023198510844295583}, {""block"": ""rsma"", ""rho"": 1.0, ""gain"": -3.552713678800501e-15}, {""block"": ""star_ris"", ""rho"": 16.0, ""gain"": 0.02267896106021894}, {""block"": ""rsma"", ""rho"": 1.0, ""gain"": 0.0}, {""block"": ""star_ris"", ""rho"": 32.0, ""gain"": 0.004913552618940997}, {""block"": ""rsma"", ""rho"": 1.0, ""gain"": -3.552713678800501e-15}, {""block"": ""star_ris"", ""rho"": 8.0, ""gain"": 0.001716047822565514}]",{},3001.536727,895cf8987087c169d7023476c078ebabf24f99fbbc30b65ad7fae1097d95a6fe,fc61d5cda7da39530055bae9bd0e92865f995cd9,f4c80269e5fb3cf553900b2e82f235af875b7c2e33b4ff71ec5d85cc25eb2b4e
ao_sca,128,10000,109,test,19.95181273391634,19.95181273391634,1.0,True,0.0,12,9468,24,ao_sca_proximal_physical,analytical_ris_equal_allocation,"[1.838024150797796, 19.371263098301934, 19.385797512874923, 19.40499016602797, 19.65784131054986, 19.69476909990637, 19.717166921905584, 19.748544151430874, 19.81492970107332, 19.819820324377197, 19.825776156848303, 19.95031186367184, 19.95181273391634]","[{""block"": ""rsma"", ""rho"": 1.0, ""gain"": 17.08073273090281}, {""block"": ""star_ris"", ""rho"": 1.0, ""gain"": 0.4525062166013285}, {""block"": ""rsma"", ""rho"": 1.0, ""gain"": 0.0}, {""block"": ""star_ris"", ""rho"": 4.0, ""gain"": 0.014534414572988652}, {""block"": ""rsma"", ""rho"": 1.0, ""gain"": -7.105427357601002e-15}, {""block"": ""star_ris"", ""rho"": 1.0, ""gain"": 0.019192653153055517}, {""block"": ""rsma"", ""rho"": 1.0, ""gain"": 0.0}, {""block"": ""star_ris"", ""rho"": 1.0, ""gain"": 0.2528511445218875}, {""block"": ""rsma"", ""rho"": 1.0, ""gain"": 0.0}, {""block"": ""star_ris"", ""rho"": 8.0, ""gain"": 0.0369277893565112}, {""block"": ""rsma"", ""rho"": 1.0, ""gain"": 0.0}, {""block"": ""star_ris"", ""rho"": 1.0, ""gain"": 0.022397821999213363}, {""block"": ""rsma"", ""rho"": 1.0, ""gain"": 0.0}, {""block"": ""star_ris"", ""rho"": 2.0, ""gain"": 0.03137722952529032}, {""block"": ""rsma"", ""rho"": 1.0, ""gain"": 0.0}, {""block"": ""star_ris"", ""rho"": 1.0, ""gain"": 0.06638554964244747}, {""block"": ""rsma"", ""rho"": 1.0, ""gain"": -3.552713678800501e-15}, {""block"": ""star_ris"", ""rho"": 1.0, ""gain"": 0.004890623303879238}, {""block"": ""rsma"", ""rho"": 1.0, ""gain"": 0.0}, {""block"": ""star_ris"", ""rho"": 2.0, ""gain"": 0.005955832471105538}, {""block"": ""rsma"", ""rho"": 1.0, ""gain"": -3.552713678800501e-15}, {""block"": ""star_ris"", ""rho"": 1.0, ""gain"": 0.12453570682353998}, {""block"": ""rsma"", ""rho"": 1.0, ""gain"": 0.0}, {""block"": ""star_ris"", ""rho"": 16.0, ""gain"": 0.0015008702445022948}]",{},5254.310121,895cf8987087c169d7023476c078ebabf24f99fbbc30b65ad7fae1097d95a6fe,fc61d5cda7da39530055bae9bd0e92865f995cd9,f4c80269e5fb3cf553900b2e82f235af875b7c2e33b4ff71ec5d85cc25eb2b4e
ao_sca,128,10000,110,test,19.693378256768856,19.693378256768856,1.0,True,0.0,20,15804,38,ao_sca_proximal_physical,analytical_ris_equal_allocation,"[1.8380158714047437, 18.568949667539428, 18.585479736504016, 18.649929638824155, 18.68071635988033, 19.121623760080315, 19.18323097465164, 19.393123686940715, 19.48191153514856, 19.500941282871892, 19.577328210710938, 19.58878394053017, 19.59230628017235, 19.59886021843171, 19.616679550675855, 19.635790919607782, 19.642839577160615, 19.664084579914345, 19.670460545793627, 19.682871447673403, 19.693378256768856]","[{""block"": ""rsma"", ""rho"": 1.0, ""gain"": 16.697066434105736}, {""block"": ""star_ris"", ""rho"": 16.0, ""gain"": 0.0338673620289498}, {""block"": ""rsma"", ""rho"": 1.0, ""gain"": -3.552713678800501e-15}, {""block"": ""star_ris"", ""rho"": 32.0, ""gain"": 0.01653006896459175}, {""block"": ""rsma"", ""rho"": 1.0, ""gain"": 3.552713678800501e-15}, {""block"": ""star_ris"", ""rho"": 8.0, ""gain"": 0.06444990232013481}, {""block"": ""rsma"", ""rho"": 1.0, ""gain"": 0.0}, {""block"": ""star_ris"", ""rho"": 16.0, ""gain"": 0.03078672105617386}, {""block"": ""rsma"", ""rho"": 1.0, ""gain"": 0.0}, {""block"": ""star_ris"", ""rho"": 1.0, ""gain"": 0.4409074001999862}, {""block"": ""rsma"", ""rho"": 1.0, ""gain"": 0.0}, {""block"": ""star_ris"", ""rho"": 1.0, ""gain"": 0.061607214571324675}, {""block"": ""rsma"", ""rho"": 1.0, ""gain"": 0.0}, {""block"": ""star_ris"", ""rho"": 1.0, ""gain"": 0.2098927122890757}, {""block"": ""rsma"", ""rho"": 1.0, ""gain"": 3.552713678800501e-15}, {""block"": ""star_ris"", ""rho"": 2.0, ""gain"": 0.08878784820783991}, {""block"": ""rsma"", ""rho"": 1.0, ""gain"": 0.0}, {""block"": ""star_ris"", ""rho"": 2.0, ""gain"": 0.019029747723333656}, {""block"": ""rsma"", ""rho"": 1.0, ""gain"": -3.552713678800501e-15}, {""block"": ""star_ris"", ""rho"": 2.0, ""gain"": 0.07638692783904943}, {""block"": ""rsma"", ""rho"": 1.0, ""gain"": 0.0}, {""block"": ""star_ris"", ""rho"": 1.0, ""gain"": 0.011455729819232374}, {""block"": ""rsma"", ""rho"": 1.0, ""gain"": 0.0}, {""block"": ""star_ris"", ""rho"": 8.0, ""gain"": 0.0035223396421812936}, {""block"": ""rsma"", ""rho"": 1.0, ""gain"": 0.0}, {""block"": ""star_ris"", ""rho"": 4.0, ""gain"": 0.0065539382593584605}, {""block"": ""rsma"", ""rho"": 1.0, ""gain"": 0.0}, {""block"": ""star_ris"", ""rho"": 4.0, ""gain"": 0.017819332244144448}, {""block"": ""rsma"", ""rho"": 1.0, ""gain"": 0.0}, {""block"": ""star_ris"", ""rho"": 4.0, ""gain"": 0.01911136893192733}, {""block"": ""rsma"", ""rho"": 1.0, ""gain"": 0.0}, {""block"": ""star_ris"", ""rho"": 32.0, ""gain"": 0.007048657552832793}, {""block"": ""rsma"", ""rho"": 1.0, ""gain"": 0.0}, {""block"": ""star_ris"", ""rho"": 1.0, ""gain"": 0.02124500275373009}, {""block"": ""rsma"", ""rho"": 1.0, ""gain"": 3.552713678800501e-15}, {""block"": ""star_ris"", ""rho"": 8.0, ""gain"": 0.006375965879279022}, {""block"": ""rsma"", ""rho"": 1.0, ""gain"": 0.0}, {""block"": ""star_ris"", ""rho"": 4.0, ""gain"": 0.012410901879775338}, {""block"": ""rsma"", ""rho"": 1.0, ""gain"": 0.0}, {""block"": ""star_ris"", ""rho"": 32.0, ""gain"": 0.010506809095453207}]",{},8725.765698,895cf8987087c169d7023476c078ebabf24f99fbbc30b65ad7fae1097d95a6fe,fc61d5cda7da39530055bae9bd0e92865f995cd9,f4c80269e5fb3cf553900b2e82f235af875b7c2e33b4ff71ec5d85cc25eb2b4e
ao_sca,128,10000,111,test,19.336392516434657,19.336392516434657,1.0,True,0.0,7,5533,12,ao_sca_proximal_physical,analytical_ris_equal_allocation,"[1.8380197534485363, 18.97706467247713, 19.032554407617646, 19.164097968129617, 19.194250289408334, 19.197948073991853, 19.335071528090083, 19.336392516434657]","[{""block"": ""rsma"", ""rho"": 1.0, ""gain"": 16.988665849836806}, {""block"": ""star_ris"", ""rho"": 2.0, ""gain"": 0.15037906919178923}, {""block"": ""rsma"", ""rho"": 1.0, ""gain"": 0.0}, {""block"": ""star_ris"", ""rho"": 1.0, ""gain"": 0.05548973514051525}, {""block"": ""rsma"", ""rho"": 1.0, ""gain"": 0.0}, {""block"": ""star_ris"", ""rho"": 4.0, ""gain"": 0.1315435605119717}, {""block"": ""rsma"", ""rho"": 1.0, ""gain"": 0.0}, {""block"": ""star_ris"", ""rho"": 16.0, ""gain"": 0.0301523212787167}, {""block"": ""rsma"", ""rho"": 1.0, ""gain"": 3.552713678800501e-15}, {""block"": ""star_ris"", ""rho"": 128.0, ""gain"": 0.003697784583515329}, {""block"": ""rsma"", ""rho"": 1.0, ""gain"": 3.552713678800501e-15}, {""block"": ""star_ris"", ""rho"": 1.0, ""gain"": 0.13712345409822646}, {""block"": ""rsma"", ""rho"": 1.0, ""gain"": 0.0}, {""block"": ""star_ris"", ""rho"": 4.0, ""gain"": 0.0013209883445739479}]",{},3048.218469,895cf8987087c169d7023476c078ebabf24f99fbbc30b65ad7fae1097d95a6fe,fc61d5cda7da39530055bae9bd0e92865f995cd9,f4c80269e5fb3cf553900b2e82f235af875b7c2e33b4ff71ec5d85cc25eb2b4e
ao_sca,128,10000,112,test,19.55344994523624,19.55344994523624,1.0,True,0.0,13,10263,21,ao_sca_proximal_physical,analytical_ris_equal_allocation,"[1.8380170021043911, 18.951577157207407, 19.006258739454225, 19.137845626164278, 19.1979391605688, 19.21240030201588, 19.38660355231254, 19.42728430218355, 19.439874710326286, 19.48655325724071, 19.48984593069951, 19.550982453660197, 19.553283653817985, 19.55344994523624]","[{""block"": ""rsma"", ""rho"": 1.0, ""gain"": 16.947077016880783}, {""block"": ""star_ris"", ""rho"": 2.0, ""gain"": 0.16648313822223315}, {""block"": ""rsma"", ""rho"": 1.0, ""gain"": 3.552713678800501e-15}, {""block"": ""star_ris"", ""rho"": 1.0, ""gain"": 0.05468158224681474}, {""block"": ""rsma"", ""rho"": 1.0, ""gain"": 0.0}, {""block"": ""star_ris"", ""rho"": 4.0, ""gain"": 0.13158688671005336}, {""block"": ""rsma"", ""rho"": 1.0, ""gain"": -3.552713678800501e-15}, {""block"": ""star_ris"", ""rho"": 8.0, ""gain"": 0.06009353440452614}, {""block"": ""rsma"", ""rho"": 1.0, ""gain"": 3.552713678800501e-15}, {""block"": ""star_ris"", ""rho"": 32.0, ""gain"": 0.01446114144707522}, {""block"": ""rsma"", ""rho"": 1.0, ""gain"": -7.105427357601002e-15}, {""block"": ""star_ris"", ""rho"": 1.0, ""gain"": 0.17420325029666728}, {""block"": ""rsma"", ""rho"": 1.0, ""gain"": 0.0}, {""block"": ""star_ris"", ""rho"": 1.0, ""gain"": 0.04068074987101156}, {""block"": ""rsma"", ""rho"": 1.0, ""gain"": 7.105427357601002e-15}, {""block"": ""star_ris"", ""rho"": 4.0, ""gain"": 0.012590408142727938}, {""block"": ""rsma"", ""rho"": 1.0, ""gain"": 0.0}, {""block"": ""star_ris"", ""rho"": 2.0, ""gain"": 0.04667854691442486}, {""block"": ""rsma"", ""rho"": 1.0, ""gain"": 0.0}, {""block"": ""star_ris"", ""rho"": 4.0, ""gain"": 0.0032926734587981343}, {""block"": ""rsma"", ""rho"": 1.0, ""gain"": 0.0}, {""block"": ""star_ris"", ""rho"": 1.0, ""gain"": 0.0611365229606875}, {""block"": ""rsma"", ""rho"": 1.0, ""gain"": -7.105427357601002e-15}, {""block"": ""star_ris"", ""rho"": 4.0, ""gain"": 0.0023012001577953356}, {""block"": ""rsma"", ""rho"": 1.0, ""gain"": 0.0}, {""block"": ""star_ris"", ""rho"": 1.0, ""gain"": 0.00016629141825319493}]",{},5696.500507,895cf8987087c169d7023476c078ebabf24f99fbbc30b65ad7fae1097d95a6fe,fc61d5cda7da39530055bae9bd0e92865f995cd9,f4c80269e5fb3cf553900b2e82f235af875b7c2e33b4ff71ec5d85cc25eb2b4e
ao_sca,128,10000,113,test,19.3187024036374,19.3187024036374,1.0,True,0.0,5,3953,8,ao_sca_proximal_physical,analytical_ris_equal_allocation,"[1.838016794772405, 19.276452607495322, 19.31307546082413, 19.315046905014988, 19.31866320175273, 19.318702403637396]","[{""block"": ""rsma"", ""rho"": 1.0, ""gain"": 16.892605388275786}, {""block"": ""star_ris"", ""rho"": 1.0, ""gain"": 0.5458304244471321}, {""block"": ""rsma"", ""rho"": 1.0, ""gain"": 0.0}, {""block"": ""star_ris"", ""rho"": 8.0, ""gain"": 0.03662285332880799}, {""block"": ""rsma"", ""rho"": 1.0, ""gain"": 0.0}, {""block"": ""star_ris"", ""rho"": 16.0, ""gain"": 0.0019714441908575964}, {""block"": ""rsma"", ""rho"": 1.0, ""gain"": 0.0}, {""block"": ""star_ris"", ""rho"": 4.0, ""gain"": 0.0036162967377428856}, {""block"": ""rsma"", ""rho"": 1.0, ""gain"": -3.552713678800501e-15}, {""block"": ""star_ris"", ""rho"": 8.0, ""gain"": 3.920188466821628e-05}]",{},2147.807332,895cf8987087c169d7023476c078ebabf24f99fbbc30b65ad7fae1097d95a6fe,fc61d5cda7da39530055bae9bd0e92865f995cd9,f4c80269e5fb3cf553900b2e82f235af875b7c2e33b4ff71ec5d85cc25eb2b4e
ao_sca,128,10000,114,test,19.53717709797785,19.53717709797785,1.0,True,0.0,4,3169,7,ao_sca_proximal_physical,analytical_ris_equal_allocation,"[1.8380267143082132, 19.470875867254556, 19.522993770829867, 19.535611579603003, 19.537177097977846]","[{""block"": ""rsma"", ""rho"": 1.0, ""gain"": 17.33220881613483}, {""block"": ""star_ris"", ""rho"": 1.0, ""gain"": 0.3006403368115116}, {""block"": ""rsma"", ""rho"": 1.0, ""gain"": 0.0}, {""block"": ""star_ris"", ""rho"": 8.0, ""gain"": 0.05211790357531143}, {""block"": ""rsma"", ""rho"": 1.0, ""gain"": 3.552713678800501e-15}, {""block"": ""star_ris"", ""rho"": 32.0, ""gain"": 0.012617808773132566}, {""block"": ""rsma"", ""rho"": 1.0, ""gain"": 0.0}, {""block"": ""star_ris"", ""rho"": 256.0, ""gain"": 0.001565518374842867}]",{},1753.004711,895cf8987087c169d7023476c078ebabf24f99fbbc30b65ad7fae1097d95a6fe,fc61d5cda7da39530055bae9bd0e92865f995cd9,f4c80269e5fb3cf553900b2e82f235af875b7c2e33b4ff71ec5d85cc25eb2b4e
ao_sca,128,10000,115,test,19.0581272234103,19.0581272234103,1.0,True,0.0,7,5543,11,ao_sca_proximal_physical,analytical_ris_equal_allocation,"[1.838016386505174, 18.962961378387632, 19.005718202182187, 19.01240181952582, 19.040155664388525, 19.053764155089823, 19.05713610318915, 19.0581272234103]","[{""block"": ""rsma"", ""rho"": 1.0, ""gain"": 16.85053762854151}, {""block"": ""star_ris"", ""rho"": 2.0, ""gain"": 0.2744073633409485}, {""block"": ""rsma"", ""rho"": 1.0, ""gain"": -3.552713678800501e-15}, {""block"": ""star_ris"", ""rho"": 8.0, ""gain"": 0.042756823794558585}, {""block"": ""rsma"", ""rho"": 1.0, ""gain"": 3.552713678800501e-15}, {""block"": ""star_ris"", ""rho"": 8.0, ""gain"": 0.006683617343629322}, {""block"": ""rsma"", ""rho"": 1.0, ""gain"": 0.0}, {""block"": ""star_ris"", ""rho"": 16.0, ""gain"": 0.027753844862704824}, {""block"": ""rsma"", ""rho"": 1.0, ""gain"": -3.552713678800501e-15}, {""block"": ""star_ris"", ""rho"": 32.0, ""gain"": 0.013608490701301434}, {""block"": ""rsma"", ""rho"": 1.0, ""gain"": 0.0}, {""block"": ""star_ris"", ""rho"": 128.0, ""gain"": 0.0033719480993283923}, {""block"": ""rsma"", ""rho"": 1.0, ""gain"": 0.0}, {""block"": ""star_ris"", ""rho"": 8.0, ""gain"": 0.0009911202211476677}]",{},3043.255726,895cf8987087c169d7023476c078ebabf24f99fbbc30b65ad7fae1097d95a6fe,fc61d5cda7da39530055bae9bd0e92865f995cd9,f4c80269e5fb3cf553900b2e82f235af875b7c2e33b4ff71ec5d85cc25eb2b4e
ao_sca,128,10000,116,test,19.613339598106837,19.613339598106837,1.0,True,0.0,17,13446,32,ao_sca_proximal_physical,analytical_ris_equal_allocation,"[1.8380033698257927, 18.207620649946772, 18.43120152218395, 18.800513657439886, 18.83806357618739, 18.856406810950105, 18.884474627493816, 19.092660940058845, 19.215107417296966, 19.243907200144832, 19.258101728178314, 19.265150335445373, 19.41891189461476, 19.55150643344219, 19.579658318675563, 19.60183186796205, 19.612734178144002, 19.613339598106833]","[{""block"": ""rsma"", ""rho"": 1.0, ""gain"": 16.099421406830167}, {""block"": ""star_ris"", ""rho"": 4.0, ""gain"": 0.2701958732908132}, {""block"": ""rsma"", ""rho"": 1.0, ""gain"": 3.552713678800501e-15}, {""block"": ""star_ris"", ""rho"": 4.0, ""gain"": 0.22358087223717504}, {""block"": ""rsma"", ""rho"": 1.0, ""gain"": 0.0}, {""block"": ""star_ris"", ""rho"": 2.0, ""gain"": 0.3693121352559352}, {""block"": ""rsma"", ""rho"": 1.0, ""gain"": 0.0}, {""block"": ""star_ris"", ""rho"": 16.0, ""gain"": 0.03754991874750502}, {""block"": ""rsma"", ""rho"": 1.0, ""gain"": 0.0}, {""block"": ""star_ris"", ""rho"": 32.0, ""gain"": 0.018343234762713934}, {""block"": ""rsma"", ""rho"": 1.0, ""gain"": 0.0}, {""block"": ""star_ris"", ""rho"": 2.0, ""gain"": 0.028067816543710933}, {""block"": ""rsma"", ""rho"": 1.0, ""gain"": -3.552713678800501e-15}, {""block"": ""star_ris"", ""rho"": 1.0, ""gain"": 0.20818631256503295}, {""block"": ""rsma"", ""rho"": 1.0, ""gain"": 0.0}, {""block"": ""star_ris"", ""rho"": 4.0, ""gain"": 0.12244647723812108}, {""block"": ""rsma"", ""rho"": 1.0, ""gain"": 0.0}, {""block"": ""star_ris"", ""rho"": 16.0, ""gain"": 0.028799782847865885}, {""block"": ""rsma"", ""rho"": 1.0, ""gain"": 0.0}, {""block"": ""star_ris"", ""rho"": 32.0, ""gain"": 0.014194528033481646}, {""block"": ""rsma"", ""rho"": 1.0, ""gain"": -3.552713678800501e-15}, {""block"": ""star_ris"", ""rho"": 64.0, ""gain"": 0.007048607267062579}, {""block"": ""rsma"", ""rho"": 1.0, ""gain"": 3.552713678800501e-15}, {""block"": ""star_ris"", ""rho"": 1.0, ""gain"": 0.15376155916938217}, {""block"": ""rsma"", ""rho"": 1.0, ""gain"": 0.0}, {""block"": ""star_ris"", ""rho"": 2.0, ""gain"": 0.1325945388274299}, {""block"": ""rsma"", ""rho"": 1.0, ""gain"": 0.0}, {""block"": ""star_ris"", ""rho"": 8.0, ""gain"": 0.028151885233373974}, {""block"": ""rsma"", ""rho"": 1.0, ""gain"": -3.552713678800501e-15}, {""block"": ""star_ris"", ""rho"": 16.0, ""gain"": 0.02217354928649229}, {""block"": ""rsma"", ""rho"": 1.0, ""gain"": 0.0}, {""block"": ""star_ris"", ""rho"": 32.0, ""gain"": 0.01090231018195098}, {""block"": ""rsma"", ""rho"": 1.0, ""gain"": 0.0}, {""block"": ""star_ris"", ""rho"": 16.0, ""gain"": 0.000605419962830922}]",{},7709.674618,895cf8987087c169d7023476c078ebabf24f99fbbc30b65ad7fae1097d95a6fe,fc61d5cda7da39530055bae9bd0e92865f995cd9,f4c80269e5fb3cf553900b2e82f235af875b7c2e33b4ff71ec5d85cc25eb2b4e
ao_sca,128,10000,117,test,20.10342196267155,20.10342196267155,1.0,True,0.0,12,9662,15,ao_sca_proximal_physical,analytical_ris_equal_allocation,"[1.8379766027044102, 17.751947770148007, 18.351672915551042, 19.918549035664974, 19.9377230656278, 19.947162116191752, 19.951845682956016, 19.954178600728397, 19.963027752856398, 19.967419355645283, 19.969607023966336, 20.101551067622008, 20.10342196267155]","[{""block"": ""rsma"", ""rho"": 1.0, ""gain"": 15.223994767539631}, {""block"": ""star_ris"", ""rho"": 2.0, ""gain"": 0.6899763999039656}, {""block"": ""rsma"", ""rho"": 512.0, ""gain"": 0.5148037451679919}, {""block"": ""star_ris"", ""rho"": 4.0, ""gain"": 0.08492140023504291}, {""block"": ""rsma"", ""rho"": 128.0, ""gain"": 1.5272725092072932}, {""block"": ""star_ris"", ""rho"": 8.0, ""gain"": 0.039603610906638664}, {""block"": ""rsma"", ""rho"": 65536.0, ""gain"": 0.0}, {""block"": ""star_ris"", ""rho"": 16.0, ""gain"": 0.019174029962826467}, {""block"": ""rsma"", ""rho"": 65536.0, ""gain"": 0.0}, {""block"": ""star_ris"", ""rho"": 32.0, ""gain"": 0.009439050563951668}, {""block"": ""rsma"", ""rho"": 65536.0, ""gain"": 0.0}, {""block"": ""star_ris"", ""rho"": 64.0, ""gain"": 0.004683566764263958}, {""block"": ""rsma"", ""rho"": 65536.0, ""gain"": 0.0}, {""block"": ""star_ris"", ""rho"": 128.0, ""gain"": 0.0023329177723816485}, {""block"": ""rsma"", ""rho"": 65536.0, ""gain"": 0.0}, {""block"": ""star_ris"", ""rho"": 32.0, ""gain"": 0.008849152128000526}, {""block"": ""rsma"", ""rho"": 65536.0, ""gain"": 0.0}, {""block"": ""star_ris"", ""rho"": 64.0, ""gain"": 0.004391602788885507}, {""block"": ""rsma"", ""rho"": 65536.0, ""gain"": 0.0}, {""block"": ""star_ris"", ""rho"": 128.0, ""gain"": 0.0021876683210528824}, {""block"": ""rsma"", ""rho"": 65536.0, ""gain"": 0.0}, {""block"": ""star_ris"", ""rho"": 2.0, ""gain"": 0.1319440436556718}, {""block"": ""rsma"", ""rho"": 65536.0, ""gain"": 0.0}, {""block"": ""star_ris"", ""rho"": 128.0, ""gain"": 0.0018708950495422982}]",{},5641.333565,895cf8987087c169d7023476c078ebabf24f99fbbc30b65ad7fae1097d95a6fe,fc61d5cda7da39530055bae9bd0e92865f995cd9,f4c80269e5fb3cf553900b2e82f235af875b7c2e33b4ff71ec5d85cc25eb2b4e
ao_sca,128,10000,118,test,19.5711395082076,19.5711395082076,1.0,True,0.0,10,7904,18,ao_sca_proximal_physical,analytical_ris_equal_allocation,"[1.8380248287520005, 19.099187660348917, 19.216291938980092, 19.33964584243746, 19.45242045792606, 19.455727835758253, 19.481898859913326, 19.487657644803683, 19.5640035724243, 19.569608912061803, 19.5711395082076]","[{""block"": ""rsma"", ""rho"": 1.0, ""gain"": 17.25248108235248}, {""block"": ""star_ris"", ""rho"": 2.0, ""gain"": 0.008681749244434656}, {""block"": ""rsma"", ""rho"": 1.0, ""gain"": -3.552713678800501e-15}, {""block"": ""star_ris"", ""rho"": 1.0, ""gain"": 0.117104278631178}, {""block"": ""rsma"", ""rho"": 1.0, ""gain"": 3.552713678800501e-15}, {""block"": ""star_ris"", ""rho"": 4.0, ""gain"": 0.12335390345736386}, {""block"": ""rsma"", ""rho"": 1.0, ""gain"": 0.0}, {""block"": ""star_ris"", ""rho"": 4.0, ""gain"": 0.11277461548860046}, {""block"": ""rsma"", ""rho"": 1.0, ""gain"": 0.0}, {""block"": ""star_ris"", ""rho"": 128.0, ""gain"": 0.003307377832193481}, {""block"": ""rsma"", ""rho"": 1.0, ""gain"": 0.0}, {""block"": ""star_ris"", ""rho"": 2.0, ""gain"": 0.02617102415507233}, {""block"": ""rsma"", ""rho"": 1.0, ""gain"": 0.0}, {""block"": ""star_ris"", ""rho"": 4.0, ""gain"": 0.005758784890357305}, {""block"": ""rsma"", ""rho"": 1.0, ""gain"": 0.0}, {""block"": ""star_ris"", ""rho"": 4.0, ""gain"": 0.07634592762061843}, {""block"": ""rsma"", ""rho"": 1.0, ""gain"": 3.552713678800501e-15}, {""block"": ""star_ris"", ""rho"": 4.0, ""gain"": 0.005605339637497764}, {""block"": ""rsma"", ""rho"": 1.0, ""gain"": 0.0}, {""block"": ""star_ris"", ""rho"": 16.0, ""gain"": 0.001530596145798313}]",{},4485.790616,895cf8987087c169d7023476c078ebabf24f99fbbc30b65ad7fae1097d95a6fe,fc61d5cda7da39530055bae9bd0e92865f995cd9,f4c80269e5fb3cf553900b2e82f235af875b7c2e33b4ff71ec5d85cc25eb2b4e
ao_sca,128,10000,119,test,19.63699682348245,19.63699682348245,1.0,True,0.0,20,15800,35,ao_sca_proximal_physical,analytical_ris_equal_allocation,"[1.8380159608052107, 18.821180106903984, 18.94781771122668, 18.97674207528233, 18.990888199865143, 18.997885277886024, 19.02300320940627, 19.156940813344097, 19.26629120390176, 19.29395253522302, 19.388093742315107, 19.399897387452647, 19.49490821370616, 19.50421985483571, 19.52999269590787, 19.540403847741942, 19.558072101447017, 19.561952443206657, 19.57001647972709, 19.59424990640065, 19.63699682348245]","[{""block"": ""rsma"", ""rho"": 1.0, ""gain"": 16.956422357996832}, {""block"": ""star_ris"", ""rho"": 2.0, ""gain"": 0.0267417881019405}, {""block"": ""rsma"", ""rho"": 1.0, ""gain"": 0.0}, {""block"": ""star_ris"", ""rho"": 4.0, ""gain"": 0.12663760432269555}, {""block"": ""rsma"", ""rho"": 1.0, ""gain"": 0.0}, {""block"": ""star_ris"", ""rho"": 16.0, ""gain"": 0.028924364055651353}, {""block"": ""rsma"", ""rho"": 1.0, ""gain"": 0.0}, {""block"": ""star_ris"", ""rho"": 32.0, ""gain"": 0.014146124582811836}, {""block"": ""rsma"", ""rho"": 1.0, ""gain"": 0.0}, {""block"": ""star_ris"", ""rho"": 64.0, ""gain"": 0.006997078020880565}, {""block"": ""rsma"", ""rho"": 1.0, ""gain"": -3.552713678800501e-15}, {""block"": ""star_ris"", ""rho"": 2.0, ""gain"": 0.025117931520249215}, {""block"": ""rsma"", ""rho"": 1.0, ""gain"": 0.0}, {""block"": ""star_ris"", ""rho"": 1.0, ""gain"": 0.13393760393782728}, {""block"": ""rsma"", ""rho"": 1.0, ""gain"": -7.105427357601002e-15}, {""block"": ""star_ris"", ""rho"": 1.0, ""gain"": 0.10935039055766893}, {""block"": ""rsma"", ""rho"": 1.0, ""gain"": 7.105427357601002e-15}, {""block"": ""star_ris"", ""rho"": 1.0, ""gain"": 0.027661331321255034}, {""block"": ""rsma"", ""rho"": 1.0, ""gain"": 0.0}, {""block"": ""star_ris"", ""rho"": 1.0, ""gain"": 0.09414120709208618}, {""block"": ""rsma"", ""rho"": 1.0, ""gain"": -7.105427357601002e-15}, {""block"": ""star_ris"", ""rho"": 1.0, ""gain"": 0.011803645137547392}, {""block"": ""rsma"", ""rho"": 1.0, ""gain"": 0.0}, {""block"": ""star_ris"", ""rho"": 1.0, ""gain"": 0.09501082625351387}, {""block"": ""rsma"", ""rho"": 1.0, ""gain"": 3.552713678800501e-15}, {""block"": ""star_ris"", ""rho"": 4.0, ""gain"": 0.009311641129546189}, {""block"": ""rsma"", ""rho"": 1.0, ""gain"": 3.552713678800501e-15}, {""block"": ""star_ris"", ""rho"": 16.0, ""gain"": 0.02577284107215405}, {""block"": ""rsma"", ""rho"": 1.0, ""gain"": 0.0}, {""block"": ""star_ris"", ""rho"": 8.0, ""gain"": 0.010411151834073706}, {""block"": ""rsma"", ""rho"": 1.0, ""gain"": 0.0}, {""block"": ""star_ris"", ""rho"": 8.0, ""gain"": 0.017668253705075188}, {""block"": ""rsma"", ""rho"": 1.0, ""gain"": 0.0}, {""block"": ""star_ris"", ""rho"": 4.0, ""gain"": 0.003880341759639805}, {""block"": ""rsma"", ""rho"": 1.0, ""gain"": 0.0}, {""block"": ""star_ris"", ""rho"": 2.0, ""gain"": 0.00806403652043386}, {""block"": ""rsma"", ""rho"": 1.0, ""gain"": 0.0}, {""block"": ""star_ris"", ""rho"": 8.0, ""gain"": 0.024233426673557545}, {""block"": ""rsma"", ""rho"": 1.0, ""gain"": 0.0}, {""block"": ""star_ris"", ""rho"": 4.0, ""gain"": 0.04274691708180001}]",{},8902.566548,895cf8987087c169d7023476c078ebabf24f99fbbc30b65ad7fae1097d95a6fe,fc61d5cda7da39530055bae9bd0e92865f995cd9,f4c80269e5fb3cf553900b2e82f235af875b7c2e33b4ff71ec5d85cc25eb2b4e
ao_sca,128,10000,120,test,19.23294309522512,19.23294309522512,1.0,True,0.0,4,3159,7,ao_sca_proximal_physical,analytical_ris_equal_allocation,"[1.8380125986859335, 18.733899260864327, 19.18816793006502, 19.23293733429056, 19.232943095225117]","[{""block"": ""rsma"", ""rho"": 1.0, ""gain"": 16.88871712461623}, {""block"": ""star_ris"", ""rho"": 1.0, ""gain"": 0.007169537562162986}, {""block"": ""rsma"", ""rho"": 1.0, ""gain"": 0.0}, {""block"": ""star_ris"", ""rho"": 1.0, ""gain"": 0.45426866920069386}, {""block"": ""rsma"", ""rho"": 1.0, ""gain"": 0.0}, {""block"": ""star_ris"", ""rho"": 4.0, ""gain"": 0.044769404225540654}, {""block"": ""rsma"", ""rho"": 1.0, ""gain"": 0.0}, {""block"": ""star_ris"", ""rho"": 16.0, ""gain"": 5.760934556064967e-06}]",{},1798.068617,895cf8987087c169d7023476c078ebabf24f99fbbc30b65ad7fae1097d95a6fe,fc61d5cda7da39530055bae9bd0e92865f995cd9,f4c80269e5fb3cf553900b2e82f235af875b7c2e33b4ff71ec5d85cc25eb2b4e
ao_sca,128,10000,121,test,19.68413616804891,19.68413616804891,1.0,True,0.0,20,15807,35,ao_sca_proximal_physical,analytical_ris_equal_allocation,"[1.8380195270694917, 19.097876540713987, 19.156800858236284, 19.184906398114148, 19.19864721205413, 19.20544266748337, 19.20882201729154, 19.21725214541476, 19.269479249330054, 19.33302070448628, 19.35389121979395, 19.467553487272824, 19.48020954849873, 19.497859717045745, 19.548858509189532, 19.60602415047119, 19.61194923858072, 19.64810479687179, 19.665669418170282, 19.67590591501836, 19.68413616804891]","[{""block"": ""rsma"", ""rho"": 1.0, ""gain"": 17.128903316282795}, {""block"": ""star_ris"", ""rho"": 4.0, ""gain"": 0.1309536973617007}, {""block"": ""rsma"", ""rho"": 1.0, ""gain"": 0.0}, {""block"": ""star_ris"", ""rho"": 8.0, ""gain"": 0.05892431752229754}, {""block"": ""rsma"", ""rho"": 1.0, ""gain"": 0.0}, {""block"": ""star_ris"", ""rho"": 16.0, ""gain"": 0.02810553987786335}, {""block"": ""rsma"", ""rho"": 1.0, ""gain"": -3.552713678800501e-15}, {""block"": ""star_ris"", ""rho"": 32.0, ""gain"": 0.01374081393998594}, {""block"": ""rsma"", ""rho"": 1.0, ""gain"": 0.0}, {""block"": ""star_ris"", ""rho"": 64.0, ""gain"": 0.006795455429241315}, {""block"": ""rsma"", ""rho"": 1.0, ""gain"": 7.105427357601002e-15}, {""block"": ""star_ris"", ""rho"": 128.0, ""gain"": 0.003379349808160015}, {""block"": ""rsma"", ""rho"": 1.0, ""gain"": 0.0}, {""block"": ""star_ris"", ""rho"": 2.0, ""gain"": 0.008430128123222858}, {""block"": ""rsma"", ""rho"": 1.0, ""gain"": 0.0}, {""block"": ""star_ris"", ""rho"": 1.0, ""gain"": 0.052227103915292616}, {""block"": ""rsma"", ""rho"": 1.0, ""gain"": -7.105427357601002e-15}, {""block"": ""star_ris"", ""rho"": 1.0, ""gain"": 0.06354145515623344}, {""block"": ""rsma"", ""rho"": 1.0, ""gain"": 0.0}, {""block"": ""star_ris"", ""rho"": 2.0, ""gain"": 0.0208705153076707}, {""block"": ""rsma"", ""rho"": 1.0, ""gain"": 0.0}, {""block"": ""star_ris"", ""rho"": 1.0, ""gain"": 0.11366226747887254}, {""block"": ""rsma"", ""rho"": 1.0, ""gain"": 0.0}, {""block"": ""star_ris"", ""rho"": 2.0, ""gain"": 0.012656061225907678}, {""block"": ""rsma"", ""rho"": 1.0, ""gain"": 3.552713678800501e-15}, {""block"": ""star_ris"", ""rho"": 1.0, ""gain"": 0.017650168547010736}, {""block"": ""rsma"", ""rho"": 1.0, ""gain"": 0.0}, {""block"": ""star_ris"", ""rho"": 4.0, ""gain"": 0.050998792143786886}, {""block"": ""rsma"", ""rho"": 1.0, ""gain"": -3.552713678800501e-15}, {""block"": ""star_ris"", ""rho"": 4.0, ""gain"": 0.05716564128166013}, {""block"": ""rsma"", ""rho"": 1.0, ""gain"": 0.0}, {""block"": ""star_ris"", ""rho"": 4.0, ""gain"": 0.005925088109531629}, {""block"": ""rsma"", ""rho"": 1.0, ""gain"": 0.0}, {""block"": ""star_ris"", ""rho"": 8.0, ""gain"": 0.03615555829107109}, {""block"": ""rsma"", ""rho"": 1.0, ""gain"": 0.0}, {""block"": ""star_ris"", ""rho"": 16.0, ""gain"": 0.017564621298490124}, {""block"": ""rsma"", ""rho"": 1.0, ""gain"": 0.0}, {""block"": ""star_ris"", ""rho"": 4.0, ""gain"": 0.010236496848079923}, {""block"": ""rsma"", ""rho"": 1.0, ""gain"": 0.0}, {""block"": ""star_ris"", ""rho"": 2.0, ""gain"": 0.008230253030546919}]",{},8859.315607,895cf8987087c169d7023476c078ebabf24f99fbbc30b65ad7fae1097d95a6fe,fc61d5cda7da39530055bae9bd0e92865f995cd9,f4c80269e5fb3cf553900b2e82f235af875b7c2e33b4ff71ec5d85cc25eb2b4e
ao_sca,128,10000,122,test,19.30730372288876,19.30730372288876,1.0,True,0.0,13,10279,26,ao_sca_proximal_physical,analytical_ris_equal_allocation,"[1.8380129059211094, 18.607095681964907, 18.750310012787914, 18.781442451713232, 18.796662203619793, 18.827508553385325, 18.946782790706063, 18.97450015897218, 18.978602266477573, 18.992700047938776, 19.203528304305745, 19.29573616874965, 19.306725271734038, 19.30730372288876]","[{""block"": ""rsma"", ""rho"": 1.0, ""gain"": 16.672525597047944}, {""block"": ""star_ris"", ""rho"": 2.0, ""gain"": 0.09655717899585525}, {""block"": ""rsma"", ""rho"": 1.0, ""gain"": -3.552713678800501e-15}, {""block"": ""star_ris"", ""rho"": 2.0, ""gain"": 0.14321433082301027}, {""block"": ""rsma"", ""rho"": 1.0, ""gain"": 0.0}, {""block"": ""star_ris"", ""rho"": 16.0, ""gain"": 0.031132438925318695}, {""block"": ""rsma"", ""rho"": 1.0, ""gain"": 7.105427357601002e-15}, {""block"": ""star_ris"", ""rho"": 32.0, ""gain"": 0.015219751906553114}, {""block"": ""rsma"", ""rho"": 1.0, ""gain"": 3.552713678800501e-15}, {""block"": ""star_ris"", ""rho"": 2.0, ""gain"": 0.030846349765528913}, {""block"": ""rsma"", ""rho"": 1.0, ""gain"": 0.0}, {""block"": ""star_ris"", ""rho"": 4.0, ""gain"": 0.11927423732073805}, {""block"": ""rsma"", ""rho"": 1.0, ""gain"": 0.0}, {""block"": ""star_ris"", ""rho"": 16.0, ""gain"": 0.02771736826611715}, {""block"": ""rsma"", ""rho"": 1.0, ""gain"": 0.0}, {""block"": ""star_ris"", ""rho"": 4.0, ""gain"": 0.004102107505392638}, {""block"": ""rsma"", ""rho"": 1.0, ""gain"": 0.0}, {""block"": ""star_ris"", ""rho"": 1.0, ""gain"": 0.014097781461202885}, {""block"": ""rsma"", ""rho"": 1.0, ""gain"": 0.0}, {""block"": ""star_ris"", ""rho"": 2.0, ""gain"": 0.21082825636696967}, {""block"": ""rsma"", ""rho"": 1.0, ""gain"": 3.552713678800501e-15}, {""block"": ""star_ris"", ""rho"": 4.0, ""gain"": 0.09220786444389972}, {""block"": ""rsma"", ""rho"": 1.0, ""gain"": 0.0}, {""block"": ""star_ris"", ""rho"": 32.0, ""gain"": 0.010989102984389376}, {""block"": ""rsma"", ""rho"": 1.0, ""gain"": 3.552713678800501e-15}, {""block"": ""star_ris"", ""rho"": 64.0, ""gain"": 0.0005784511547197724}]",{},5908.562908,895cf8987087c169d7023476c078ebabf24f99fbbc30b65ad7fae1097d95a6fe,fc61d5cda7da39530055bae9bd0e92865f995cd9,f4c80269e5fb3cf553900b2e82f235af875b7c2e33b4ff71ec5d85cc25eb2b4e
ao_sca,128,10000,123,test,19.444441524423823,19.444441524423823,1.0,True,0.0,10,7901,16,ao_sca_proximal_physical,analytical_ris_equal_allocation,"[1.8380180790462013, 19.10840231779619, 19.145596442745237, 19.2067486080404, 19.231064929272307, 19.326712631811027, 19.349123235514504, 19.354641244066144, 19.428824204893914, 19.443094820689012, 19.444441524423823]","[{""block"": ""rsma"", ""rho"": 1.0, ""gain"": 17.019674104519126}, {""block"": ""star_ris"", ""rho"": 2.0, ""gain"": 0.2507101342308644}, {""block"": ""rsma"", ""rho"": 1.0, ""gain"": 0.0}, {""block"": ""star_ris"", ""rho"": 2.0, ""gain"": 0.03719412494904617}, {""block"": ""rsma"", ""rho"": 1.0, ""gain"": 0.0}, {""block"": ""star_ris"", ""rho"": 1.0, ""gain"": 0.06115216529516232}, {""block"": ""rsma"", ""rho"": 1.0, ""gain"": 0.0}, {""block"": ""star_ris"", ""rho"": 2.0, ""gain"": 0.024316321231907523}, {""block"": ""rsma"", ""rho"": 1.0, ""gain"": 0.0}, {""block"": ""star_ris"", ""rho"": 4.0, ""gain"": 0.09564770253872013}, {""block"": ""rsma"", ""rho"": 1.0, ""gain"": -3.552713678800501e-15}, {""block"": ""star_ris"", ""rho"": 16.0, ""gain"": 0.022410603703480803}, {""block"": ""rsma"", ""rho"": 1.0, ""gain"": 0.0}, {""block"": ""star_ris"", ""rho"": 64.0, ""gain"": 0.005518008551639753}, {""block"": ""rsma"", ""rho"": 1.0, ""gain"": 0.0}, {""block"": ""star_ris"", ""rho"": 1.0, ""gain"": 0.07418296082776976}, {""block"": ""rsma"", ""rho"": 1.0, ""gain"": 0.0}, {""block"": ""star_ris"", ""rho"": 4.0, ""gain"": 0.014270615795098252}, {""block"": ""rsma"", ""rho"": 1.0, ""gain"": 0.0}, {""block"": ""star_ris"", ""rho"": 8.0, ""gain"": 0.001346703734810717}]",{},4444.903841,895cf8987087c169d7023476c078ebabf24f99fbbc30b65ad7fae1097d95a6fe,fc61d5cda7da39530055bae9bd0e92865f995cd9,f4c80269e5fb3cf553900b2e82f235af875b7c2e33b4ff71ec5d85cc25eb2b4e
ao_sca,128,10000,124,test,18.88821718914764,18.88821718914764,1.0,True,0.0,2,1586,4,ao_sca_proximal_physical,analytical_ris_equal_allocation,"[1.8380148076145224, 18.887762702874557, 18.88821718914764]","[{""block"": ""rsma"", ""rho"": 1.0, ""gain"": 16.99773578712324}, {""block"": ""star_ris"", ""rho"": 8.0, ""gain"": 0.052012108136793245}, {""block"": ""rsma"", ""rho"": 1.0, ""gain"": 3.552713678800501e-15}, {""block"": ""star_ris"", ""rho"": 64.0, ""gain"": 0.0004544862730782029}]",{},908.72092,895cf8987087c169d7023476c078ebabf24f99fbbc30b65ad7fae1097d95a6fe,fc61d5cda7da39530055bae9bd0e92865f995cd9,f4c80269e5fb3cf553900b2e82f235af875b7c2e33b4ff71ec5d85cc25eb2b4e
ao_sca,128,10000,125,test,19.808325043384286,19.808325043384286,1.0,True,0.0,13,10281,21,ao_sca_proximal_physical,analytical_ris_equal_allocation,"[1.838026395559935, 19.2590840213821, 19.29690035307763, 19.345895675967682, 19.36952772240359, 19.460759901620428, 19.466137471411574, 19.468815689177, 19.600208726201046, 19.72095413240589, 19.78442953472323, 19.799626507745103, 19.80714092153324, 19.808325043384286]","[{""block"": ""rsma"", ""rho"": 1.0, ""gain"": 17.309838659475666}, {""block"": ""star_ris"", ""rho"": 2.0, ""gain"": 0.11121896634649886}, {""block"": ""rsma"", ""rho"": 1.0, ""gain"": 0.0}, {""block"": ""star_ris"", ""rho"": 1.0, ""gain"": 0.03781633169552734}, {""block"": ""rsma"", ""rho"": 1.0, ""gain"": -3.552713678800501e-15}, {""block"": ""star_ris"", ""rho"": 8.0, ""gain"": 0.04899532289005748}, {""block"": ""rsma"", ""rho"": 1.0, ""gain"": 0.0}, {""block"": ""star_ris"", ""rho"": 16.0, ""gain"": 0.023632046435906773}, {""block"": ""rsma"", ""rho"": 1.0, ""gain"": 0.0}, {""block"": ""star_ris"", ""rho"": 4.0, ""gain"": 0.09123217921683846}, {""block"": ""rsma"", ""rho"": 1.0, ""gain"": 0.0}, {""block"": ""star_ris"", ""rho"": 64.0, ""gain"": 0.005377569791146897}, {""block"": ""rsma"", ""rho"": 1.0, ""gain"": 0.0}, {""block"": ""star_ris"", ""rho"": 128.0, ""gain"": 0.002678217765424762}, {""block"": ""rsma"", ""rho"": 1.0, ""gain"": 0.0}, {""block"": ""star_ris"", ""rho"": 1.0, ""gain"": 0.13139303702404703}, {""block"": ""rsma"", ""rho"": 1.0, ""gain"": 0.0}, {""block"": ""star_ris"", ""rho"": 1.0, ""gain"": 0.12074540620484342}, {""block"": ""rsma"", ""rho"": 1.0, ""gain"": 0.0}, {""block"": ""star_ris"", ""rho"": 4.0, ""gain"": 0.06347540231734072}, {""block"": ""rsma"", ""rho"": 1.0, ""gain"": 0.0}, {""block"": ""star_ris"", ""rho"": 16.0, ""gain"": 0.015196973021872395}, {""block"": ""rsma"", ""rho"": 1.0, ""gain"": 0.0}, {""block"": ""star_ris"", ""rho"": 32.0, ""gain"": 0.007514413788136665}, {""block"": ""rsma"", ""rho"": 1.0, ""gain"": 0.0}, {""block"": ""star_ris"", ""rho"": 4.0, ""gain"": 0.001184121851046882}]",{},5869.171403,895cf8987087c169d7023476c078ebabf24f99fbbc30b65ad7fae1097d95a6fe,fc61d5cda7da39530055bae9bd0e92865f995cd9,f4c80269e5fb3cf553900b2e82f235af875b7c2e33b4ff71ec5d85cc25eb2b4e
ao_sca,128,10000,126,test,19.531400139977748,19.531400139977748,1.0,True,0.0,9,7123,18,ao_sca_proximal_physical,analytical_ris_equal_allocation,"[1.8380241487892481, 19.37318710864746, 19.383968922490787, 19.406530277127068, 19.41763114777852, 19.423137838854313, 19.425880393962675, 19.509208118708575, 19.531393101607325, 19.531400139977748]","[{""block"": ""rsma"", ""rho"": 1.0, ""gain"": 17.10883673161163}, {""block"": ""star_ris"", ""rho"": 1.0, ""gain"": 0.42632622824658384}, {""block"": ""rsma"", ""rho"": 1.0, ""gain"": 0.0}, {""block"": ""star_ris"", ""rho"": 2.0, ""gain"": 0.01078181384332666}, {""block"": ""rsma"", ""rho"": 1.0, ""gain"": 0.0}, {""block"": ""star_ris"", ""rho"": 16.0, ""gain"": 0.02256135463628084}, {""block"": ""rsma"", ""rho"": 1.0, ""gain"": 0.0}, {""block"": ""star_ris"", ""rho"": 32.0, ""gain"": 0.011100870651450379}, {""block"": ""rsma"", ""rho"": 1.0, ""gain"": 0.0}, {""block"": ""star_ris"", ""rho"": 64.0, ""gain"": 0.005506691075794379}, {""block"": ""rsma"", ""rho"": 1.0, ""gain"": 0.0}, {""block"": ""star_ris"", ""rho"": 128.0, ""gain"": 0.00274255510836241}, {""block"": ""rsma"", ""rho"": 1.0, ""gain"": 0.0}, {""block"": ""star_ris"", ""rho"": 4.0, ""gain"": 0.08332772474589945}, {""block"": ""rsma"", ""rho"": 1.0, ""gain"": 0.0}, {""block"": ""star_ris"", ""rho"": 8.0, ""gain"": 0.02218498289875015}, {""block"": ""rsma"", ""rho"": 1.0, ""gain"": 0.0}, {""block"": ""star_ris"", ""rho"": 4.0, ""gain"": 7.038370423373408e-06}]",{},4015.092102,895cf8987087c169d7023476c078ebabf24f99fbbc30b65ad7fae1097d95a6fe,fc61d5cda7da39530055bae9bd0e92865f995cd9,f4c80269e5fb3cf553900b2e82f235af875b7c2e33b4ff71ec5d85cc25eb2b4e
ao_sca,128,10000,127,test,19.566440867316157,19.566440867316157,1.0,True,0.0,13,10283,22,ao_sca_proximal_physical,analytical_ris_equal_allocation,"[1.8380230390616712, 19.196315896316275, 19.211849060309028, 19.219532535272144, 19.366699933397577, 19.4089375505225, 19.492321005610314, 19.496482144443885, 19.517150612048063, 19.55052400930057, 19.556063931303854, 19.561714859300057, 19.564529398004183, 19.566440867316153]","[{""block"": ""rsma"", ""rho"": 1.0, ""gain"": 17.293512142576006}, {""block"": ""star_ris"", ""rho"": 8.0, ""gain"": 0.06478071467859792}, {""block"": ""rsma"", ""rho"": 1.0, ""gain"": 0.0}, {""block"": ""star_ris"", ""rho"": 32.0, ""gain"": 0.015533163992753174}, {""block"": ""rsma"", ""rho"": 1.0, ""gain"": 3.552713678800501e-15}, {""block"": ""star_ris"", ""rho"": 64.0, ""gain"": 0.007683474963112502}, {""block"": ""rsma"", ""rho"": 1.0, ""gain"": 0.0}, {""block"": ""star_ris"", ""rho"": 2.0, ""gain"": 0.14716739812543267}, {""block"": ""rsma"", ""rho"": 1.0, ""gain"": 0.0}, {""block"": ""star_ris"", ""rho"": 1.0, ""gain"": 0.04223761712492191}, {""block"": ""rsma"", ""rho"": 1.0, ""gain"": 0.0}, {""block"": ""star_ris"", ""rho"": 2.0, ""gain"": 0.08338345508781586}, {""block"": ""rsma"", ""rho"": 1.0, ""gain"": 0.0}, {""block"": ""star_ris"", ""rho"": 8.0, ""gain"": 0.004161138833570277}, {""block"": ""rsma"", ""rho"": 1.0, ""gain"": 0.0}, {""block"": ""star_ris"", ""rho"": 4.0, ""gain"": 0.020668467604178176}, {""block"": ""rsma"", ""rho"": 1.0, ""gain"": 0.0}, {""block"": ""star_ris"", ""rho"": 1.0, ""gain"": 0.03337339725250743}, {""block"": ""rsma"", ""rho"": 1.0, ""gain"": 0.0}, {""block"": ""star_ris"", ""rho"": 8.0, ""gain"": 0.0055399220032832375}, {""block"": ""rsma"", ""rho"": 1.0, ""gain"": 0.0}, {""block"": ""star_ris"", ""rho"": 64.0, ""gain"": 0.005650927996203592}, {""block"": ""rsma"", ""rho"": 1.0, ""gain"": 0.0}, {""block"": ""star_ris"", ""rho"": 128.0, ""gain"": 0.0028145387041256242}, {""block"": ""rsma"", ""rho"": 1.0, ""gain"": 0.0}, {""block"": ""star_ris"", ""rho"": 2.0, ""gain"": 0.001911469311970393}]",{},5950.696867,895cf8987087c169d7023476c078ebabf24f99fbbc30b65ad7fae1097d95a6fe,fc61d5cda7da39530055bae9bd0e92865f995cd9,f4c80269e5fb3cf553900b2e82f235af875b7c2e33b4ff71ec5d85cc25eb2b4e
ao_sca,128,10000,128,test,19.71537164867375,19.71537164867375,1.0,True,0.0,9,7106,17,ao_sca_proximal_physical,analytical_ris_equal_allocation,"[1.8380275802280737, 19.449682967785968, 19.474665338676783, 19.47666083185417, 19.482003145346333, 19.61594611724595, 19.632671656947092, 19.63960542795483, 19.713963185246023, 19.71537164867375]","[{""block"": ""rsma"", ""rho"": 1.0, ""gain"": 17.504210354373214}, {""block"": ""star_ris"", ""rho"": 4.0, ""gain"": 0.1074450331846819}, {""block"": ""rsma"", ""rho"": 1.0, ""gain"": 0.0}, {""block"": ""star_ris"", ""rho"": 16.0, ""gain"": 0.024982370890814565}, {""block"": ""rsma"", ""rho"": 1.0, ""gain"": 0.0}, {""block"": ""star_ris"", ""rho"": 8.0, ""gain"": 0.0019954931773860096}, {""block"": ""rsma"", ""rho"": 1.0, ""gain"": -3.552713678800501e-15}, {""block"": ""star_ris"", ""rho"": 2.0, ""gain"": 0.0053423134921679605}, {""block"": ""rsma"", ""rho"": 1.0, ""gain"": 3.552713678800501e-15}, {""block"": ""star_ris"", ""rho"": 1.0, ""gain"": 0.13394297189961435}, {""block"": ""rsma"", ""rho"": 1.0, ""gain"": 3.552713678800501e-15}, {""block"": ""star_ris"", ""rho"": 2.0, ""gain"": 0.016725539701138104}, {""block"": ""rsma"", ""rho"": 1.0, ""gain"": -3.552713678800501e-15}, {""block"": ""star_ris"", ""rho"": 2.0, ""gain"": 0.006933771007741285}, {""block"": ""rsma"", ""rho"": 1.0, ""gain"": 0.0}, {""block"": ""star_ris"", ""rho"": 1.0, ""gain"": 0.07435775729119243}, {""block"": ""rsma"", ""rho"": 1.0, ""gain"": 0.0}, {""block"": ""star_ris"", ""rho"": 2.0, ""gain"": 0.0014084634277260477}]",{},3971.617613,895cf8987087c169d7023476c078ebabf24f99fbbc30b65ad7fae1097d95a6fe,fc61d5cda7da39530055bae9bd0e92865f995cd9,f4c80269e5fb3cf553900b2e82f235af875b7c2e33b4ff71ec5d85cc25eb2b4e
ao_sca,128,10000,129,test,19.594066203848318,19.594066203848318,1.0,True,0.0,14,11068,27,ao_sca_proximal_physical,analytical_ris_equal_allocation,"[1.8380183929705556, 18.682098432295756, 19.22613068661805, 19.395743017362342, 19.400106840113498, 19.442561163089604, 19.463176958832825, 19.47333927475093, 19.486621532314448, 19.515754466706717, 19.519747310318444, 19.544747423322967, 19.567887069089647, 19.592271626685644, 19.594066203848314]","[{""block"": ""rsma"", ""rho"": 1.0, ""gain"": 16.675596509761824}, {""block"": ""star_ris"", ""rho"": 4.0, ""gain"": 0.1684835295633782}, {""block"": ""rsma"", ""rho"": 1.0, ""gain"": 0.0}, {""block"": ""star_ris"", ""rho"": 1.0, ""gain"": 0.5440322543222926}, {""block"": ""rsma"", ""rho"": 1.0, ""gain"": -3.552713678800501e-15}, {""block"": ""star_ris"", ""rho"": 2.0, ""gain"": 0.1696123307442967}, {""block"": ""rsma"", ""rho"": 1.0, ""gain"": 0.0}, {""block"": ""star_ris"", ""rho"": 4.0, ""gain"": 0.004363822751155766}, {""block"": ""rsma"", ""rho"": 1.0, ""gain"": 0.0}, {""block"": ""star_ris"", ""rho"": 8.0, ""gain"": 0.04245432297610563}, {""block"": ""rsma"", ""rho"": 1.0, ""gain"": 0.0}, {""block"": ""star_ris"", ""rho"": 16.0, ""gain"": 0.02061579574322181}, {""block"": ""rsma"", ""rho"": 1.0, ""gain"": 0.0}, {""block"": ""star_ris"", ""rho"": 32.0, ""gain"": 0.010162315918105236}, {""block"": ""rsma"", ""rho"": 1.0, ""gain"": 0.0}, {""block"": ""star_ris"", ""rho"": 4.0, ""gain"": 0.013282257563517419}, {""block"": ""rsma"", ""rho"": 1.0, ""gain"": 3.552713678800501e-15}, {""block"": ""star_ris"", ""rho"": 2.0, ""gain"": 0.029132934392265497}, {""block"": ""rsma"", ""rho"": 1.0, ""gain"": 0.0}, {""block"": ""star_ris"", ""rho"": 4.0, ""gain"": 0.003992843611726471}, {""block"": ""rsma"", ""rho"": 1.0, ""gain"": 0.0}, {""block"": ""star_ris"", ""rho"": 32.0, ""gain"": 0.025000113004523428}, {""block"": ""rsma"", ""rho"": 1.0, ""gain"": 3.552713678800501e-15}, {""block"": ""star_ris"", ""rho"": 4.0, ""gain"": 0.023139645766676153}, {""block"": ""rsma"", ""rho"": 1.0, ""gain"": -3.552713678800501e-15}, {""block"": ""star_ris"", ""rho"": 1.0, ""gain"": 0.02438455759600089}, {""block"": ""rsma"", ""rho"": 1.0, ""gain"": 3.552713678800501e-15}, {""block"": ""star_ris"", ""rho"": 64.0, ""gain"": 0.0017945771626663998}]",{},6225.971518,895cf8987087c169d7023476c078ebabf24f99fbbc30b65ad7fae1097d95a6fe,fc61d5cda7da39530055bae9bd0e92865f995cd9,f4c80269e5fb3cf553900b2e82f235af875b7c2e33b4ff71ec5d85cc25eb2b4e
ao_sca,128,10000,130,test,19.627726753626384,19.627726753626384,1.0,True,0.0,10,7908,18,ao_sca_proximal_physical,analytical_ris_equal_allocation,"[1.8380250278796777, 19.368226672605836, 19.430262813260256, 19.432573219845406, 19.483824854432825, 19.52909520071909, 19.541673638622715, 19.547902182915777, 19.590991425193526, 19.62592264442903, 19.627726753626384]","[{""block"": ""rsma"", ""rho"": 1.0, ""gain"": 17.377387009561726}, {""block"": ""star_ris"", ""rho"": 4.0, ""gain"": 0.1528146351644324}, {""block"": ""rsma"", ""rho"": 1.0, ""gain"": 0.0}, {""block"": ""star_ris"", ""rho"": 8.0, ""gain"": 0.062036140654420535}, {""block"": ""rsma"", ""rho"": 1.0, ""gain"": 0.0}, {""block"": ""star_ris"", ""rho"": 4.0, ""gain"": 0.0023104065851491384}, {""block"": ""rsma"", ""rho"": 1.0, ""gain"": 3.552713678800501e-15}, {""block"": ""star_ris"", ""rho"": 2.0, ""gain"": 0.051251634587416106}, {""block"": ""rsma"", ""rho"": 1.0, ""gain"": 0.0}, {""block"": ""star_ris"", ""rho"": 4.0, ""gain"": 0.045270346286265806}, {""block"": ""rsma"", ""rho"": 1.0, ""gain"": -3.552713678800501e-15}, {""block"": ""star_ris"", ""rho"": 32.0, ""gain"": 0.01257843790362756}, {""block"": ""rsma"", ""rho"": 1.0, ""gain"": 0.0}, {""block"": ""star_ris"", ""rho"": 64.0, ""gain"": 0.006228544293062299}, {""block"": ""rsma"", ""rho"": 1.0, ""gain"": 0.0}, {""block"": ""star_ris"", ""rho"": 4.0, ""gain"": 0.04308924227774824}, {""block"": ""rsma"", ""rho"": 1.0, ""gain"": 0.0}, {""block"": ""star_ris"", ""rho"": 2.0, ""gain"": 0.03493121923550291}, {""block"": ""rsma"", ""rho"": 1.0, ""gain"": 0.0}, {""block"": ""star_ris"", ""rho"": 8.0, ""gain"": 0.001804109197355075}]",{},4473.843747,895cf8987087c169d7023476c078ebabf24f99fbbc30b65ad7fae1097d95a6fe,fc61d5cda7da39530055bae9bd0e92865f995cd9,f4c80269e5fb3cf553900b2e82f235af875b7c2e33b4ff71ec5d85cc25eb2b4e
ao_sca,128,10000,131,test,19.88470266492228,19.88470266492228,1.0,True,0.0,8,6309,15,ao_sca_proximal_physical,analytical_ris_equal_allocation,"[1.838021056588704, 19.1299606157678, 19.427900477791788, 19.448171901140327, 19.57776581161969, 19.758224486222463, 19.770953264069213, 19.884425341779885, 19.88470266492228]","[{""block"": ""rsma"", ""rho"": 1.0, ""gain"": 16.998474452618606}, {""block"": ""star_ris"", ""rho"": 1.0, ""gain"": 0.29346510656048963}, {""block"": ""rsma"", ""rho"": 1.0, ""gain"": 0.0}, {""block"": ""star_ris"", ""rho"": 1.0, ""gain"": 0.2979398620239877}, {""block"": ""rsma"", ""rho"": 1.0, ""gain"": 0.0}, {""block"": ""star_ris"", ""rho"": 1.0, ""gain"": 0.020271423348539486}, {""block"": ""rsma"", ""rho"": 1.0, ""gain"": 0.0}, {""block"": ""star_ris"", ""rho"": 1.0, ""gain"": 0.12959391047936464}, {""block"": ""rsma"", ""rho"": 1.0, ""gain"": 3.552713678800501e-15}, {""block"": ""star_ris"", ""rho"": 1.0, ""gain"": 0.1804586746027681}, {""block"": ""rsma"", ""rho"": 1.0, ""gain"": -3.552713678800501e-15}, {""block"": ""star_ris"", ""rho"": 2.0, ""gain"": 0.012728777846753303}, {""block"": ""rsma"", ""rho"": 1.0, ""gain"": 0.0}, {""block"": ""star_ris"", ""rho"": 2.0, ""gain"": 0.11347207771067147}, {""block"": ""rsma"", ""rho"": 1.0, ""gain"": 3.552713678800501e-15}, {""block"": ""star_ris"", ""rho"": 4.0, ""gain"": 0.0002773231423915945}]",{},3597.302656,895cf8987087c169d7023476c078ebabf24f99fbbc30b65ad7fae1097d95a6fe,fc61d5cda7da39530055bae9bd0e92865f995cd9,f4c80269e5fb3cf553900b2e82f235af875b7c2e33b4ff71ec5d85cc25eb2b4e
ao_sca,128,10000,132,test,19.343965691054397,19.343965691054397,1.0,True,0.0,7,5530,12,ao_sca_proximal_physical,analytical_ris_equal_allocation,"[1.8380158634251145, 18.953197936719697, 19.165215381790077, 19.201702431378838, 19.241071823655624, 19.295437787378106, 19.34315052917531, 19.343965691054393]","[{""block"": ""rsma"", ""rho"": 1.0, ""gain"": 16.9163140666448}, {""block"": ""star_ris"", ""rho"": 1.0, ""gain"": 0.1988680066497821}, {""block"": ""rsma"", ""rho"": 1.0, ""gain"": 0.0}, {""block"": ""star_ris"", ""rho"": 1.0, ""gain"": 0.21201744507038}, {""block"": ""rsma"", ""rho"": 1.0, ""gain"": 0.0}, {""block"": ""star_ris"", ""rho"": 4.0, ""gain"": 0.03648704958876081}, {""block"": ""rsma"", ""rho"": 1.0, ""gain"": 0.0}, {""block"": ""star_ris"", ""rho"": 2.0, ""gain"": 0.03936939227678593}, {""block"": ""rsma"", ""rho"": 1.0, ""gain"": 0.0}, {""block"": ""star_ris"", ""rho"": 8.0, ""gain"": 0.054365963722482036}, {""block"": ""rsma"", ""rho"": 1.0, ""gain"": 0.0}, {""block"": ""star_ris"", ""rho"": 8.0, ""gain"": 0.04771274179720564}, {""block"": ""rsma"", ""rho"": 1.0, ""gain"": 0.0}, {""block"": ""star_ris"", ""rho"": 16.0, ""gain"": 0.0008151618790819271}]",{},3045.415636,895cf8987087c169d7023476c078ebabf24f99fbbc30b65ad7fae1097d95a6fe,fc61d5cda7da39530055bae9bd0e92865f995cd9,f4c80269e5fb3cf553900b2e82f235af875b7c2e33b4ff71ec5d85cc25eb2b4e
ao_sca,128,10000,133,test,19.75347825943098,19.75347825943098,1.0,True,0.0,10,7901,18,ao_sca_proximal_physical,analytical_ris_equal_allocation,"[1.8380256295512565, 19.221269178771255, 19.249712066076103, 19.263644789332695, 19.270541472136216, 19.429923644730593, 19.611329720195833, 19.684466725434053, 19.70978414650606, 19.753146031338666, 19.75347825943098]","[{""block"": ""rsma"", ""rho"": 1.0, ""gain"": 17.259644377079734}, {""block"": ""star_ris"", ""rho"": 4.0, ""gain"": 0.12359917214026339}, {""block"": ""rsma"", ""rho"": 1.0, ""gain"": 0.0}, {""block"": ""star_ris"", ""rho"": 16.0, ""gain"": 0.02844288730484834}, {""block"": ""rsma"", ""rho"": 1.0, ""gain"": 0.0}, {""block"": ""star_ris"", ""rho"": 32.0, ""gain"": 0.013932723256591117}, {""block"": ""rsma"", ""rho"": 1.0, ""gain"": 0.0}, {""block"": ""star_ris"", ""rho"": 64.0, ""gain"": 0.006896682803521514}, {""block"": ""rsma"", ""rho"": 1.0, ""gain"": 0.0}, {""block"": ""star_ris"", ""rho"": 1.0, ""gain"": 0.15938217259437693}, {""block"": ""rsma"", ""rho"": 1.0, ""gain"": 0.0}, {""block"": ""star_ris"", ""rho"": 1.0, ""gain"": 0.18140607546524024}, {""block"": ""rsma"", ""rho"": 1.0, ""gain"": 3.552713678800501e-15}, {""block"": ""star_ris"", ""rho"": 1.0, ""gain"": 0.07313700523821609}, {""block"": ""rsma"", ""rho"": 1.0, ""gain"": 0.0}, {""block"": ""star_ris"", ""rho"": 2.0, ""gain"": 0.02531742107200685}, {""block"": ""rsma"", ""rho"": 1.0, ""gain"": 0.0}, {""block"": ""star_ris"", ""rho"": 1.0, ""gain"": 0.04336188483260628}, {""block"": ""rsma"", ""rho"": 1.0, ""gain"": -3.552713678800501e-15}, {""block"": ""star_ris"", ""rho"": 4.0, ""gain"": 0.0003322280923185872}]",{},4409.980689,895cf8987087c169d7023476c078ebabf24f99fbbc30b65ad7fae1097d95a6fe,fc61d5cda7da39530055bae9bd0e92865f995cd9,f4c80269e5fb3cf553900b2e82f235af875b7c2e33b4ff71ec5d85cc25eb2b4e
ao_sca,128,10000,134,test,19.74346776940866,19.74346776940866,1.0,True,0.0,12,9489,23,ao_sca_proximal_physical,analytical_ris_equal_allocation,"[1.8380288446527429, 19.495904786440693, 19.503998725476244, 19.52882950163083, 19.57854961416458, 19.679478502558645, 19.68281929593133, 19.69601280439932, 19.704303132629637, 19.708556514309024, 19.72917848352803, 19.743103145511213, 19.74346776940866]","[{""block"": ""rsma"", ""rho"": 1.0, ""gain"": 17.59002955282183}, {""block"": ""star_ris"", ""rho"": 8.0, ""gain"": 0.06784638896612094}, {""block"": ""rsma"", ""rho"": 1.0, ""gain"": 0.0}, {""block"": ""star_ris"", ""rho"": 64.0, ""gain"": 0.008093939035550335}, {""block"": ""rsma"", ""rho"": 1.0, ""gain"": 0.0}, {""block"": ""star_ris"", ""rho"": 4.0, ""gain"": 0.024830776154587397}, {""block"": ""rsma"", ""rho"": 1.0, ""gain"": 3.552713678800501e-15}, {""block"": ""star_ris"", ""rho"": 2.0, ""gain"": 0.049720112533744754}, {""block"": ""rsma"", ""rho"": 1.0, ""gain"": 0.0}, {""block"": ""star_ris"", ""rho"": 4.0, ""gain"": 0.10092888839406555}, {""block"": ""rsma"", ""rho"": 1.0, ""gain"": 0.0}, {""block"": ""star_ris"", ""rho"": 8.0, ""gain"": 0.003340793372686335}, {""block"": ""rsma"", ""rho"": 1.0, ""gain"": 3.552713678800501e-15}, {""block"": ""star_ris"", ""rho"": 4.0, ""gain"": 0.013193508467985282}, {""block"": ""rsma"", ""rho"": 1.0, ""gain"": 0.0}, {""block"": ""star_ris"", ""rho"": 4.0, ""gain"": 0.00829032823031639}, {""block"": ""rsma"", ""rho"": 1.0, ""gain"": 0.0}, {""block"": ""star_ris"", ""rho"": 8.0, ""gain"": 0.004253381679387047}, {""block"": ""rsma"", ""rho"": 1.0, ""gain"": 0.0}, {""block"": ""star_ris"", ""rho"": 4.0, ""gain"": 0.020621969219007497}, {""block"": ""rsma"", ""rho"": 1.0, ""gain"": -3.552713678800501e-15}, {""block"": ""star_ris"", ""rho"": 4.0, ""gain"": 0.013924661983185871}, {""block"": ""rsma"", ""rho"": 1.0, ""gain"": 0.0}, {""block"": ""star_ris"", ""rho"": 16.0, ""gain"": 0.0003646238974468474}]",{},5372.034745,895cf8987087c169d7023476c078ebabf24f99fbbc30b65ad7fae1097d95a6fe,fc61d5cda7da39530055bae9bd0e92865f995cd9,f4c80269e5fb3cf553900b2e82f235af875b7c2e33b4ff71ec5d85cc25eb2b4e
ao_sca,128,10000,135,test,19.2921196748116,19.2921196748116,1.0,True,0.0,8,6327,15,ao_sca_proximal_physical,analytical_ris_equal_allocation,"[1.8380197707283834, 18.870356371313722, 18.945331902930093, 18.963191528469924, 18.972011118783755, 19.195536304010005, 19.21795473859389, 19.291614676710356, 19.292119674811598]","[{""block"": ""rsma"", ""rho"": 1.0, ""gain"": 16.864009601632713}, {""block"": ""star_ris"", ""rho"": 4.0, ""gain"": 0.16832699895262593}, {""block"": ""rsma"", ""rho"": 1.0, ""gain"": 3.552713678800501e-15}, {""block"": ""star_ris"", ""rho"": 8.0, ""gain"": 0.07497553161636716}, {""block"": ""rsma"", ""rho"": 1.0, ""gain"": 0.0}, {""block"": ""star_ris"", ""rho"": 32.0, ""gain"": 0.017859625539831114}, {""block"": ""rsma"", ""rho"": 1.0, ""gain"": 3.552713678800501e-15}, {""block"": ""star_ris"", ""rho"": 64.0, ""gain"": 0.008819590313827064}, {""block"": ""rsma"", ""rho"": 1.0, ""gain"": 0.0}, {""block"": ""star_ris"", ""rho"": 2.0, ""gain"": 0.22352518522625076}, {""block"": ""rsma"", ""rho"": 1.0, ""gain"": -3.552713678800501e-15}, {""block"": ""star_ris"", ""rho"": 4.0, ""gain"": 0.022418434583887148}, {""block"": ""rsma"", ""rho"": 1.0, ""gain"": 0.0}, {""block"": ""star_ris"", ""rho"": 4.0, ""gain"": 0.07365993811646732}, {""block"": ""rsma"", ""rho"": 1.0, ""gain"": 3.552713678800501e-15}, {""block"": ""star_ris"", ""rho"": 2.0, ""gain"": 0.0005049981012383853}]",{},3552.967744,895cf8987087c169d7023476c078ebabf24f99fbbc30b65ad7fae1097d95a6fe,fc61d5cda7da39530055bae9bd0e92865f995cd9,f4c80269e5fb3cf553900b2e82f235af875b7c2e33b4ff71ec5d85cc25eb2b4e
ao_sca,128,10000,136,test,19.584819305346084,19.584819305346084,1.0,True,0.0,11,8702,19,ao_sca_proximal_physical,analytical_ris_equal_allocation,"[1.8380234547999492, 19.110223562325775, 19.1212198433375, 19.133257759575677, 19.166243407349867, 19.18238074263944, 19.4260215522051, 19.53117413909358, 19.57279311935843, 19.57939016026322, 19.58440373632877, 19.584819305346084]","[{""block"": ""rsma"", ""rho"": 1.0, ""gain"": 17.126295431846774}, {""block"": ""star_ris"", ""rho"": 4.0, ""gain"": 0.14590467567905208}, {""block"": ""rsma"", ""rho"": 1.0, ""gain"": 0.0}, {""block"": ""star_ris"", ""rho"": 8.0, ""gain"": 0.010996281011724562}, {""block"": ""rsma"", ""rho"": 1.0, ""gain"": 0.0}, {""block"": ""star_ris"", ""rho"": 1.0, ""gain"": 0.01203791623817807}, {""block"": ""rsma"", ""rho"": 1.0, ""gain"": 0.0}, {""block"": ""star_ris"", ""rho"": 16.0, ""gain"": 0.032985647774189886}, {""block"": ""rsma"", ""rho"": 1.0, ""gain"": -7.105427357601002e-15}, {""block"": ""star_ris"", ""rho"": 32.0, ""gain"": 0.0161373352895815}, {""block"": ""rsma"", ""rho"": 1.0, ""gain"": 7.105427357601002e-15}, {""block"": ""star_ris"", ""rho"": 2.0, ""gain"": 0.24364080956565104}, {""block"": ""rsma"", ""rho"": 1.0, ""gain"": 0.0}, {""block"": ""star_ris"", ""rho"": 4.0, ""gain"": 0.1051525868884795}, {""block"": ""rsma"", ""rho"": 1.0, ""gain"": 0.0}, {""block"": ""star_ris"", ""rho"": 8.0, ""gain"": 0.041618980264850336}, {""block"": ""rsma"", ""rho"": 1.0, ""gain"": 0.0}, {""block"": ""star_ris"", ""rho"": 32.0, ""gain"": 0.006597040904789964}, {""block"": ""rsma"", ""rho"": 1.0, ""gain"": 0.0}, {""block"": ""star_ris"", ""rho"": 32.0, ""gain"": 0.005013576065550751}, {""block"": ""rsma"", ""rho"": 1.0, ""gain"": 3.552713678800501e-15}, {""block"": ""star_ris"", ""rho"": 8.0, ""gain"": 0.0004155690173099913}]",{},4930.50844,895cf8987087c169d7023476c078ebabf24f99fbbc30b65ad7fae1097d95a6fe,fc61d5cda7da39530055bae9bd0e92865f995cd9,f4c80269e5fb3cf553900b2e82f235af875b7c2e33b4ff71ec5d85cc25eb2b4e
ao_sca,128,10000,137,test,19.7817450850877,19.7817450850877,1.0,True,0.0,18,14219,34,ao_sca_proximal_physical,analytical_ris_equal_allocation,"[1.838012279967983, 18.615268761120753, 19.048977065275885, 19.097858514494316, 19.27239787580945, 19.390636988266372, 19.404352717140135, 19.409805306676404, 19.4213846449348, 19.504294637732514, 19.537556724056124, 19.545728900522022, 19.55299159519255, 19.63739580428628, 19.72576498252891, 19.75046243516125, 19.771836484310644, 19.78171439512732, 19.7817450850877]","[{""block"": ""rsma"", ""rho"": 1.0, ""gain"": 16.72191006005616}, {""block"": ""star_ris"", ""rho"": 1.0, ""gain"": 0.05534642109660837}, {""block"": ""rsma"", ""rho"": 1.0, ""gain"": 0.0}, {""block"": ""star_ris"", ""rho"": 1.0, ""gain"": 0.4337083041551324}, {""block"": ""rsma"", ""rho"": 1.0, ""gain"": 0.0}, {""block"": ""star_ris"", ""rho"": 8.0, ""gain"": 0.04888144921843107}, {""block"": ""rsma"", ""rho"": 1.0, ""gain"": 3.552713678800501e-15}, {""block"": ""star_ris"", ""rho"": 1.0, ""gain"": 0.17453936131513004}, {""block"": ""rsma"", ""rho"": 1.0, ""gain"": 0.0}, {""block"": ""star_ris"", ""rho"": 4.0, ""gain"": 0.11823911245692287}, {""block"": ""rsma"", ""rho"": 1.0, ""gain"": 3.552713678800501e-15}, {""block"": ""star_ris"", ""rho"": 32.0, ""gain"": 0.013715728873759048}, {""block"": ""rsma"", ""rho"": 1.0, ""gain"": 0.0}, {""block"": ""star_ris"", ""rho"": 2.0, ""gain"": 0.005452589536268704}, {""block"": ""rsma"", ""rho"": 1.0, ""gain"": -3.552713678800501e-15}, {""block"": ""star_ris"", ""rho"": 1.0, ""gain"": 0.011579338258400185}, {""block"": ""rsma"", ""rho"": 1.0, ""gain"": 3.552713678800501e-15}, {""block"": ""star_ris"", ""rho"": 4.0, ""gain"": 0.08290999279770972}, {""block"": ""rsma"", ""rho"": 1.0, ""gain"": 0.0}, {""block"": ""star_ris"", ""rho"": 8.0, ""gain"": 0.03326208632361016}, {""block"": ""rsma"", ""rho"": 1.0, ""gain"": 0.0}, {""block"": ""star_ris"", ""rho"": 32.0, ""gain"": 0.008172176465897962}, {""block"": ""rsma"", ""rho"": 1.0, ""gain"": -3.552713678800501e-15}, {""block"": ""star_ris"", ""rho"": 2.0, ""gain"": 0.0072626946705334205}, {""block"": ""rsma"", ""rho"": 1.0, ""gain"": -3.552713678800501e-15}, {""block"": ""star_ris"", ""rho"": 1.0, ""gain"": 0.08440420909373358}, {""block"": ""rsma"", ""rho"": 1.0, ""gain"": 0.0}, {""block"": ""star_ris"", ""rho"": 1.0, ""gain"": 0.08836917824262969}, {""block"": ""rsma"", ""rho"": 1.0, ""gain"": 0.0}, {""block"": ""star_ris"", ""rho"": 2.0, ""gain"": 0.024697452632338468}, {""block"": ""rsma"", ""rho"": 1.0, ""gain"": 0.0}, {""block"": ""star_ris"", ""rho"": 32.0, ""gain"": 0.02137404914939367}, {""block"": ""rsma"", ""rho"": 1.0, ""gain"": 0.0}, {""block"": ""star_ris"", ""rho"": 32.0, ""gain"": 0.00987791081667666}, {""block"": ""rsma"", ""rho"": 1.0, ""gain"": 0.0}, {""block"": ""star_ris"", ""rho"": 2.0, ""gain"": 3.068996037924876e-05}]",{},8152.09469,895cf8987087c169d7023476c078ebabf24f99fbbc30b65ad7fae1097d95a6fe,fc61d5cda7da39530055bae9bd0e92865f995cd9,f4c80269e5fb3cf553900b2e82f235af875b7c2e33b4ff71ec5d85cc25eb2b4e
ao_sca,128,10000,138,test,20.05369165222349,20.05369165222349,1.0,True,0.0,11,8686,20,ao_sca_proximal_physical,analytical_ris_equal_allocation,"[1.8380294602785034, 19.361029160438804, 19.496636006174995, 19.627738699438854, 19.69762634447446, 19.723393420627122, 19.761167111875157, 19.977645309520028, 20.032850440948387, 20.035407865601847, 20.052913694082974, 20.053691652223492]","[{""block"": ""rsma"", ""rho"": 1.0, ""gain"": 17.472632564803323}, {""block"": ""star_ris"", ""rho"": 2.0, ""gain"": 0.050367135356978565}, {""block"": ""rsma"", ""rho"": 1.0, ""gain"": 0.0}, {""block"": ""star_ris"", ""rho"": 1.0, ""gain"": 0.13560684573619142}, {""block"": ""rsma"", ""rho"": 1.0, ""gain"": 0.0}, {""block"": ""star_ris"", ""rho"": 1.0, ""gain"": 0.13110269326385904}, {""block"": ""rsma"", ""rho"": 1.0, ""gain"": 0.0}, {""block"": ""star_ris"", ""rho"": 1.0, ""gain"": 0.06988764503560674}, {""block"": ""rsma"", ""rho"": 1.0, ""gain"": -3.552713678800501e-15}, {""block"": ""star_ris"", ""rho"": 16.0, ""gain"": 0.025767076152664714}, {""block"": ""rsma"", ""rho"": 1.0, ""gain"": -3.552713678800501e-15}, {""block"": ""star_ris"", ""rho"": 1.0, ""gain"": 0.03777369124803798}, {""block"": ""rsma"", ""rho"": 1.0, ""gain"": 0.0}, {""block"": ""star_ris"", ""rho"": 1.0, ""gain"": 0.21647819764487153}, {""block"": ""rsma"", ""rho"": 1.0, ""gain"": 0.0}, {""block"": ""star_ris"", ""rho"": 4.0, ""gain"": 0.05520513142835881}, {""block"": ""rsma"", ""rho"": 1.0, ""gain"": 0.0}, {""block"": ""star_ris"", ""rho"": 8.0, ""gain"": 0.0025574246534603162}, {""block"": ""rsma"", ""rho"": 1.0, ""gain"": 0.0}, {""block"": ""star_ris"", ""rho"": 4.0, ""gain"": 0.01750582848112714}, {""block"": ""rsma"", ""rho"": 1.0, ""gain"": -7.105427357601002e-15}, {""block"": ""star_ris"", ""rho"": 32.0, ""gain"": 0.000777958140524504}]",{},4873.233672,895cf8987087c169d7023476c078ebabf24f99fbbc30b65ad7fae1097d95a6fe,fc61d5cda7da39530055bae9bd0e92865f995cd9,f4c80269e5fb3cf553900b2e82f235af875b7c2e33b4ff71ec5d85cc25eb2b4e
ao_sca,128,10000,139,test,19.884566431314678,19.884566431314678,1.0,True,0.0,11,8684,18,ao_sca_proximal_physical,analytical_ris_equal_allocation,"[1.838029102331558, 19.552965823414027, 19.702116521667627, 19.71450795446917, 19.722101362861828, 19.734784600138756, 19.823244377929363, 19.826030073188555, 19.83237681537974, 19.8460303702369, 19.883005902746866, 19.884566431314674]","[{""block"": ""rsma"", ""rho"": 1.0, ""gain"": 17.58302033899513}, {""block"": ""star_ris"", ""rho"": 1.0, ""gain"": 0.1319163820873399}, {""block"": ""rsma"", ""rho"": 1.0, ""gain"": 0.0}, {""block"": ""star_ris"", ""rho"": 2.0, ""gain"": 0.1491506982535995}, {""block"": ""rsma"", ""rho"": 1.0, ""gain"": 3.552713678800501e-15}, {""block"": ""star_ris"", ""rho"": 1.0, ""gain"": 0.012391432801539537}, {""block"": ""rsma"", ""rho"": 1.0, ""gain"": 0.0}, {""block"": ""star_ris"", ""rho"": 2.0, ""gain"": 0.0075934083926583185}, {""block"": ""rsma"", ""rho"": 1.0, ""gain"": 3.552713678800501e-15}, {""block"": ""star_ris"", ""rho"": 2.0, ""gain"": 0.01268323727692433}, {""block"": ""rsma"", ""rho"": 1.0, ""gain"": 0.0}, {""block"": ""star_ris"", ""rho"": 1.0, ""gain"": 0.08845977779060732}, {""block"": ""rsma"", ""rho"": 1.0, ""gain"": 0.0}, {""block"": ""star_ris"", ""rho"": 16.0, ""gain"": 0.0027856952591918116}, {""block"": ""rsma"", ""rho"": 1.0, ""gain"": 0.0}, {""block"": ""star_ris"", ""rho"": 8.0, ""gain"": 0.006346742191183807}, {""block"": ""rsma"", ""rho"": 1.0, ""gain"": 3.552713678800501e-15}, {""block"": ""star_ris"", ""rho"": 4.0, ""gain"": 0.013653554857157246}, {""block"": ""rsma"", ""rho"": 1.0, ""gain"": 0.0}, {""block"": ""star_ris"", ""rho"": 4.0, ""gain"": 0.03697553250996677}, {""block"": ""rsma"", ""rho"": 1.0, ""gain"": 0.0}, {""block"": ""star_ris"", ""rho"": 2.0, ""gain"": 0.0015605285678077507}]",{},4996.05805,895cf8987087c169d7023476c078ebabf24f99fbbc30b65ad7fae1097d95a6fe,fc61d5cda7da39530055bae9bd0e92865f995cd9,f4c80269e5fb3cf553900b2e82f235af875b7c2e33b4ff71ec5d85cc25eb2b4e
ao_sca,128,10000,140,test,19.535757324816277,19.535757324816277,1.0,True,0.0,5,3952,10,ao_sca_proximal_physical,analytical_ris_equal_allocation,"[1.838021949948069, 19.13981811654582, 19.1933924564336, 19.199876556111086, 19.534550609596593, 19.535757324816274]","[{""block"": ""rsma"", ""rho"": 1.0, ""gain"": 17.05084129808723}, {""block"": ""star_ris"", ""rho"": 2.0, ""gain"": 0.25095486851051874}, {""block"": ""rsma"", ""rho"": 1.0, ""gain"": 0.0}, {""block"": ""star_ris"", ""rho"": 8.0, ""gain"": 0.053574339887781264}, {""block"": ""rsma"", ""rho"": 1.0, ""gain"": 0.0}, {""block"": ""star_ris"", ""rho"": 64.0, ""gain"": 0.006484099677486199}, {""block"": ""rsma"", ""rho"": 1.0, ""gain"": 0.0}, {""block"": ""star_ris"", ""rho"": 1.0, ""gain"": 0.3346740534855073}, {""block"": ""rsma"", ""rho"": 1.0, ""gain"": 3.552713678800501e-15}, {""block"": ""star_ris"", ""rho"": 2.0, ""gain"": 0.0012067152196770792}]",{},2265.406562,895cf8987087c169d7023476c078ebabf24f99fbbc30b65ad7fae1097d95a6fe,fc61d5cda7da39530055bae9bd0e92865f995cd9,f4c80269e5fb3cf553900b2e82f235af875b7c2e33b4ff71ec5d85cc25eb2b4e
ao_sca,128,10000,141,test,19.85503834661204,19.85503834661204,1.0,True,0.0,9,7113,18,ao_sca_proximal_physical,analytical_ris_equal_allocation,"[1.8380272082857745, 19.177357455824236, 19.207658145549587, 19.22250407024191, 19.480671362377535, 19.61521205195007, 19.749919413117297, 19.83984927535803, 19.854479719207163, 19.855038346612037]","[{""block"": ""rsma"", ""rho"": 1.0, ""gain"": 17.207789213446222}, {""block"": ""star_ris"", ""rho"": 4.0, ""gain"": 0.1315410340922405}, {""block"": ""rsma"", ""rho"": 1.0, ""gain"": 0.0}, {""block"": ""star_ris"", ""rho"": 16.0, ""gain"": 0.03030068972535105}, {""block"": ""rsma"", ""rho"": 1.0, ""gain"": 0.0}, {""block"": ""star_ris"", ""rho"": 32.0, ""gain"": 0.01484592469232382}, {""block"": ""rsma"", ""rho"": 1.0, ""gain"": 0.0}, {""block"": ""star_ris"", ""rho"": 1.0, ""gain"": 0.2581672921356244}, {""block"": ""rsma"", ""rho"": 1.0, ""gain"": 0.0}, {""block"": ""star_ris"", ""rho"": 1.0, ""gain"": 0.1345406895725354}, {""block"": ""rsma"", ""rho"": 1.0, ""gain"": 0.0}, {""block"": ""star_ris"", ""rho"": 1.0, ""gain"": 0.13470736116722648}, {""block"": ""rsma"", ""rho"": 1.0, ""gain"": 0.0}, {""block"": ""star_ris"", ""rho"": 4.0, ""gain"": 0.08992986224073363}, {""block"": ""rsma"", ""rho"": 1.0, ""gain"": 0.0}, {""block"": ""star_ris"", ""rho"": 16.0, ""gain"": 0.014630443849132035}, {""block"": ""rsma"", ""rho"": 1.0, ""gain"": 3.552713678800501e-15}, {""block"": ""star_ris"", ""rho"": 8.0, ""gain"": 0.0005586274048710038}]",{},4003.832272,895cf8987087c169d7023476c078ebabf24f99fbbc30b65ad7fae1097d95a6fe,fc61d5cda7da39530055bae9bd0e92865f995cd9,f4c80269e5fb3cf553900b2e82f235af875b7c2e33b4ff71ec5d85cc25eb2b4e
ao_sca,128,10000,142,test,19.90736960030748,19.90736960030748,1.0,True,0.0,9,7112,16,ao_sca_proximal_physical,analytical_ris_equal_allocation,"[1.8380303070502606, 19.546906733974385, 19.623412325112433, 19.67914694044152, 19.697453214042984, 19.722638679044103, 19.73497768260465, 19.74416371619906, 19.906235101485642, 19.90736960030748]","[{""block"": ""rsma"", ""rho"": 1.0, ""gain"": 17.56642673507121}, {""block"": ""star_ris"", ""rho"": 2.0, ""gain"": 0.14244969185291367}, {""block"": ""rsma"", ""rho"": 1.0, ""gain"": 3.552713678800501e-15}, {""block"": ""star_ris"", ""rho"": 2.0, ""gain"": 0.07650559113804434}, {""block"": ""rsma"", ""rho"": 1.0, ""gain"": -3.552713678800501e-15}, {""block"": ""star_ris"", ""rho"": 4.0, ""gain"": 0.055734615329090076}, {""block"": ""rsma"", ""rho"": 1.0, ""gain"": 3.552713678800501e-15}, {""block"": ""star_ris"", ""rho"": 2.0, ""gain"": 0.018306273601460532}, {""block"": ""rsma"", ""rho"": 1.0, ""gain"": 0.0}, {""block"": ""star_ris"", ""rho"": 16.0, ""gain"": 0.025185465001118956}, {""block"": ""rsma"", ""rho"": 1.0, ""gain"": -7.105427357601002e-15}, {""block"": ""star_ris"", ""rho"": 32.0, ""gain"": 0.012339003560555284}, {""block"": ""rsma"", ""rho"": 1.0, ""gain"": 0.0}, {""block"": ""star_ris"", ""rho"": 1.0, ""gain"": 0.009186033594410503}, {""block"": ""rsma"", ""rho"": 1.0, ""gain"": 0.0}, {""block"": ""star_ris"", ""rho"": 1.0, ""gain"": 0.1620713852865805}, {""block"": ""rsma"", ""rho"": 1.0, ""gain"": 7.105427357601002e-15}, {""block"": ""star_ris"", ""rho"": 32.0, ""gain"": 0.0011344988218304763}]",{},4024.138957,895cf8987087c169d7023476c078ebabf24f99fbbc30b65ad7fae1097d95a6fe,fc61d5cda7da39530055bae9bd0e92865f995cd9,f4c80269e5fb3cf553900b2e82f235af875b7c2e33b4ff71ec5d85cc25eb2b4e
ao_sca,128,10000,143,test,19.644851584891946,19.644851584891946,1.0,True,0.0,7,5521,13,ao_sca_proximal_physical,analytical_ris_equal_allocation,"[1.8380215257066475, 19.343175975275514, 19.3603104297855, 19.41357297214427, 19.50708139564274, 19.51065146806562, 19.644105362372088, 19.644851584891946]","[{""block"": ""rsma"", ""rho"": 1.0, ""gain"": 17.067354945282126}, {""block"": ""star_ris"", ""rho"": 1.0, ""gain"": 0.4377995042867404}, {""block"": ""rsma"", ""rho"": 1.0, ""gain"": 0.0}, {""block"": ""star_ris"", ""rho"": 1.0, ""gain"": 0.01713445450998563}, {""block"": ""rsma"", ""rho"": 1.0, ""gain"": 0.0}, {""block"": ""star_ris"", ""rho"": 1.0, ""gain"": 0.05326254235876959}, {""block"": ""rsma"", ""rho"": 1.0, ""gain"": 0.0}, {""block"": ""star_ris"", ""rho"": 1.0, ""gain"": 0.09350842349847}, {""block"": ""rsma"", ""rho"": 1.0, ""gain"": 0.0}, {""block"": ""star_ris"", ""rho"": 2.0, ""gain"": 0.003570072422881765}, {""block"": ""rsma"", ""rho"": 1.0, ""gain"": 0.0}, {""block"": ""star_ris"", ""rho"": 2.0, ""gain"": 0.13345389430646648}, {""block"": ""rsma"", ""rho"": 1.0, ""gain"": 0.0}, {""block"": ""star_ris"", ""rho"": 4.0, ""gain"": 0.0007462225198580086}]",{},3074.262771,895cf8987087c169d7023476c078ebabf24f99fbbc30b65ad7fae1097d95a6fe,fc61d5cda7da39530055bae9bd0e92865f995cd9,f4c80269e5fb3cf553900b2e82f235af875b7c2e33b4ff71ec5d85cc25eb2b4e
ao_sca,128,10000,144,test,19.7341472679244,19.7341472679244,1.0,True,0.0,19,15013,37,ao_sca_proximal_physical,analytical_ris_equal_allocation,"[1.8380197283864512, 19.334519345421523, 19.401261856687704, 19.430318069971136, 19.446282214762558, 19.470450236636886, 19.53924055437569, 19.55355597560829, 19.555878514925855, 19.56216321029426, 19.567758498701657, 19.608057262955636, 19.610788669945336, 19.648793320398642, 19.667332670779093, 19.67650325981916, 19.68106591156184, 19.716754225793448, 19.733068177050633, 19.7341472679244]","[{""block"": ""rsma"", ""rho"": 1.0, ""gain"": 16.98873522068269}, {""block"": ""star_ris"", ""rho"": 1.0, ""gain"": 0.5077643963523819}, {""block"": ""rsma"", ""rho"": 1.0, ""gain"": -3.552713678800501e-15}, {""block"": ""star_ris"", ""rho"": 1.0, ""gain"": 0.06674251126618458}, {""block"": ""rsma"", ""rho"": 1.0, ""gain"": 3.552713678800501e-15}, {""block"": ""star_ris"", ""rho"": 2.0, ""gain"": 0.02905621328342889}, {""block"": ""rsma"", ""rho"": 1.0, ""gain"": -7.105427357601002e-15}, {""block"": ""star_ris"", ""rho"": 4.0, ""gain"": 0.015964144791428936}, {""block"": ""rsma"", ""rho"": 1.0, ""gain"": 3.552713678800501e-15}, {""block"": ""star_ris"", ""rho"": 2.0, ""gain"": 0.024168021874324097}, {""block"": ""rsma"", ""rho"": 1.0, ""gain"": 0.0}, {""block"": ""star_ris"", ""rho"": 1.0, ""gain"": 0.06879031773880584}, {""block"": ""rsma"", ""rho"": 1.0, ""gain"": 0.0}, {""block"": ""star_ris"", ""rho"": 1.0, ""gain"": 0.01431542123259888}, {""block"": ""rsma"", ""rho"": 1.0, ""gain"": -3.552713678800501e-15}, {""block"": ""star_ris"", ""rho"": 16.0, ""gain"": 0.0023225393175678732}, {""block"": ""rsma"", ""rho"": 1.0, ""gain"": 0.0}, {""block"": ""star_ris"", ""rho"": 8.0, ""gain"": 0.006284695368403703}, {""block"": ""rsma"", ""rho"": 1.0, ""gain"": 7.105427357601002e-15}, {""block"": ""star_ris"", ""rho"": 2.0, ""gain"": 0.005595288407391763}, {""block"": ""rsma"", ""rho"": 1.0, ""gain"": -3.552713678800501e-15}, {""block"": ""star_ris"", ""rho"": 1.0, ""gain"": 0.04029876425398271}, {""block"": ""rsma"", ""rho"": 1.0, ""gain"": 0.0}, {""block"": ""star_ris"", ""rho"": 2.0, ""gain"": 0.0027314069896995363}, {""block"": ""rsma"", ""rho"": 1.0, ""gain"": 0.0}, {""block"": ""star_ris"", ""rho"": 8.0, ""gain"": 0.038004650453306255}, {""block"": ""rsma"", ""rho"": 1.0, ""gain"": 3.552713678800501e-15}, {""block"": ""star_ris"", ""rho"": 16.0, ""gain"": 0.01853935038044696}, {""block"": ""rsma"", ""rho"": 1.0, ""gain"": 0.0}, {""block"": ""star_ris"", ""rho"": 32.0, ""gain"": 0.009170589040067512}, {""block"": ""rsma"", ""rho"": 1.0, ""gain"": 0.0}, {""block"": ""star_ris"", ""rho"": 64.0, ""gain"": 0.004562651742681112}, {""block"": ""rsma"", ""rho"": 1.0, ""gain"": 3.552713678800501e-15}, {""block"": ""star_ris"", ""rho"": 8.0, ""gain"": 0.0356883142316029}, {""block"": ""rsma"", ""rho"": 1.0, ""gain"": 0.0}, {""block"": ""star_ris"", ""rho"": 2.0, ""gain"": 0.016313951257185266}, {""block"": ""rsma"", ""rho"": 1.0, ""gain"": 0.0}, {""block"": ""star_ris"", ""rho"": 32.0, ""gain"": 0.0010790908737661198}]",{},8503.229828,895cf8987087c169d7023476c078ebabf24f99fbbc30b65ad7fae1097d95a6fe,fc61d5cda7da39530055bae9bd0e92865f995cd9,f4c80269e5fb3cf553900b2e82f235af875b7c2e33b4ff71ec5d85cc25eb2b4e
ao_sca,128,10000,145,test,19.837478485258814,19.837478485258814,1.0,True,0.0,20,15804,37,ao_sca_proximal_physical,analytical_ris_equal_allocation,"[1.8380223174066403, 18.98368149094076, 19.000267895927234, 19.127809768333762, 19.157056222139108, 19.171373285928436, 19.282096252814828, 19.294992164379007, 19.308404639522877, 19.38758814979115, 19.41557358703721, 19.543042566724385, 19.598354622691485, 19.651177531726063, 19.65993815751241, 19.737770875191234, 19.74049627973373, 19.79678931380766, 19.822829079265922, 19.832623209578472, 19.837478485258814]","[{""block"": ""rsma"", ""rho"": 1.0, ""gain"": 17.076048343995403}, {""block"": ""star_ris"", ""rho"": 8.0, ""gain"": 0.06961082953871767}, {""block"": ""rsma"", ""rho"": 1.0, ""gain"": 0.0}, {""block"": ""star_ris"", ""rho"": 32.0, ""gain"": 0.016586404986473013}, {""block"": ""rsma"", ""rho"": 1.0, ""gain"": 0.0}, {""block"": ""star_ris"", ""rho"": 4.0, ""gain"": 0.12754187240652826}, {""block"": ""rsma"", ""rho"": 1.0, ""gain"": 0.0}, {""block"": ""star_ris"", ""rho"": 16.0, ""gain"": 0.02924645380534585}, {""block"": ""rsma"", ""rho"": 1.0, ""gain"": 0.0}, {""block"": ""star_ris"", ""rho"": 32.0, ""gain"": 0.014317063789327733}, {""block"": ""rsma"", ""rho"": 1.0, ""gain"": 0.0}, {""block"": ""star_ris"", ""rho"": 4.0, ""gain"": 0.11072296688639227}, {""block"": ""rsma"", ""rho"": 1.0, ""gain"": 0.0}, {""block"": ""star_ris"", ""rho"": 32.0, ""gain"": 0.01289591156417913}, {""block"": ""rsma"", ""rho"": 1.0, ""gain"": 0.0}, {""block"": ""star_ris"", ""rho"": 2.0, ""gain"": 0.013412475143869784}, {""block"": ""rsma"", ""rho"": 1.0, ""gain"": 0.0}, {""block"": ""star_ris"", ""rho"": 1.0, ""gain"": 0.07918351026827253}, {""block"": ""rsma"", ""rho"": 1.0, ""gain"": 0.0}, {""block"": ""star_ris"", ""rho"": 1.0, ""gain"": 0.027985437246059064}, {""block"": ""rsma"", ""rho"": 1.0, ""gain"": 0.0}, {""block"": ""star_ris"", ""rho"": 1.0, ""gain"": 0.1274689796871762}, {""block"": ""rsma"", ""rho"": 1.0, ""gain"": 0.0}, {""block"": ""star_ris"", ""rho"": 1.0, ""gain"": 0.05531205596710009}, {""block"": ""rsma"", ""rho"": 1.0, ""gain"": 0.0}, {""block"": ""star_ris"", ""rho"": 1.0, ""gain"": 0.0528229090345782}, {""block"": ""rsma"", ""rho"": 1.0, ""gain"": 0.0}, {""block"": ""star_ris"", ""rho"": 1.0, ""gain"": 0.008760625786347731}, {""block"": ""rsma"", ""rho"": 1.0, ""gain"": 0.0}, {""block"": ""star_ris"", ""rho"": 1.0, ""gain"": 0.07783271767882383}, {""block"": ""rsma"", ""rho"": 1.0, ""gain"": 0.0}, {""block"": ""star_ris"", ""rho"": 2.0, ""gain"": 0.002725404542495369}, {""block"": ""rsma"", ""rho"": 1.0, ""gain"": 0.0}, {""block"": ""star_ris"", ""rho"": 1.0, ""gain"": 0.05629303407393138}, {""block"": ""rsma"", ""rho"": 1.0, ""gain"": 0.0}, {""block"": ""star_ris"", ""rho"": 16.0, ""gain"": 0.026039765458261144}, {""block"": ""rsma"", ""rho"": 1.0, ""gain"": 0.0}, {""block"": ""star_ris"", ""rho"": 32.0, ""gain"": 0.009794130312549498}, {""block"": ""rsma"", ""rho"": 1.0, ""gain"": 0.0}, {""block"": ""star_ris"", ""rho"": 64.0, ""gain"": 0.00485527568034172}]",{},9068.653594,895cf8987087c169d7023476c078ebabf24f99fbbc30b65ad7fae1097d95a6fe,fc61d5cda7da39530055bae9bd0e92865f995cd9,f4c80269e5fb3cf553900b2e82f235af875b7c2e33b4ff71ec5d85cc25eb2b4e
ao_sca,128,10000,146,test,19.53414957385942,19.53414957385942,1.0,True,0.0,12,9483,19,ao_sca_proximal_physical,analytical_ris_equal_allocation,"[1.8380188925144412, 18.92310467240349, 18.931923802965642, 19.19831769544328, 19.259609293173504, 19.274877709357877, 19.302422632740786, 19.31591642236392, 19.34518717891013, 19.40266847842129, 19.4467754697214, 19.532759320103544, 19.53414957385942]","[{""block"": ""rsma"", ""rho"": 1.0, ""gain"": 17.011336131323578}, {""block"": ""star_ris"", ""rho"": 8.0, ""gain"": 0.07374964856547095}, {""block"": ""rsma"", ""rho"": 1.0, ""gain"": 0.0}, {""block"": ""star_ris"", ""rho"": 64.0, ""gain"": 0.008819130562152111}, {""block"": ""rsma"", ""rho"": 1.0, ""gain"": 3.552713678800501e-15}, {""block"": ""star_ris"", ""rho"": 1.0, ""gain"": 0.2663938924776339}, {""block"": ""rsma"", ""rho"": 1.0, ""gain"": 3.552713678800501e-15}, {""block"": ""star_ris"", ""rho"": 4.0, ""gain"": 0.061291597730221525}, {""block"": ""rsma"", ""rho"": 1.0, ""gain"": 0.0}, {""block"": ""star_ris"", ""rho"": 2.0, ""gain"": 0.015268416184373024}, {""block"": ""rsma"", ""rho"": 1.0, ""gain"": 0.0}, {""block"": ""star_ris"", ""rho"": 16.0, ""gain"": 0.027544923382908593}, {""block"": ""rsma"", ""rho"": 1.0, ""gain"": -7.105427357601002e-15}, {""block"": ""star_ris"", ""rho"": 32.0, ""gain"": 0.013493789623140628}, {""block"": ""rsma"", ""rho"": 1.0, ""gain"": 0.0}, {""block"": ""star_ris"", ""rho"": 2.0, ""gain"": 0.02927075654621092}, {""block"": ""rsma"", ""rho"": 1.0, ""gain"": 0.0}, {""block"": ""star_ris"", ""rho"": 1.0, ""gain"": 0.05748129951115999}, {""block"": ""rsma"", ""rho"": 1.0, ""gain"": 0.0}, {""block"": ""star_ris"", ""rho"": 2.0, ""gain"": 0.04410699130010798}, {""block"": ""rsma"", ""rho"": 1.0, ""gain"": 0.0}, {""block"": ""star_ris"", ""rho"": 1.0, ""gain"": 0.08598385038214573}, {""block"": ""rsma"", ""rho"": 1.0, ""gain"": 0.0}, {""block"": ""star_ris"", ""rho"": 8.0, ""gain"": 0.0013902537558756478}]",{},5337.232799,895cf8987087c169d7023476c078ebabf24f99fbbc30b65ad7fae1097d95a6fe,fc61d5cda7da39530055bae9bd0e92865f995cd9,f4c80269e5fb3cf553900b2e82f235af875b7c2e33b4ff71ec5d85cc25eb2b4e
ao_sca,128,10000,147,test,19.5873314551075,19.5873314551075,1.0,True,0.0,6,4741,12,ao_sca_proximal_physical,analytical_ris_equal_allocation,"[1.8380236191776964, 19.21422593464638, 19.219470077764228, 19.31509956729899, 19.55377109848244, 19.586783041478757, 19.5873314551075]","[{""block"": ""rsma"", ""rho"": 1.0, ""gain"": 17.37586205731275}, {""block"": ""star_ris"", ""rho"": 32.0, ""gain"": 0.00034025815592997333}, {""block"": ""rsma"", ""rho"": 1.0, ""gain"": 0.0}, {""block"": ""star_ris"", ""rho"": 4.0, ""gain"": 0.005244143117849376}, {""block"": ""rsma"", ""rho"": 1.0, ""gain"": 0.0}, {""block"": ""star_ris"", ""rho"": 1.0, ""gain"": 0.0956294895347618}, {""block"": ""rsma"", ""rho"": 1.0, ""gain"": 0.0}, {""block"": ""star_ris"", ""rho"": 1.0, ""gain"": 0.2386715311834493}, {""block"": ""rsma"", ""rho"": 1.0, ""gain"": 0.0}, {""block"": ""star_ris"", ""rho"": 8.0, ""gain"": 0.0330119429963176}, {""block"": ""rsma"", ""rho"": 1.0, ""gain"": 0.0}, {""block"": ""star_ris"", ""rho"": 4.0, ""gain"": 0.0005484136287421393}]",{},2648.50427,895cf8987087c169d7023476c078ebabf24f99fbbc30b65ad7fae1097d95a6fe,fc61d5cda7da39530055bae9bd0e92865f995cd9,f4c80269e5fb3cf553900b2e82f235af875b7c2e33b4ff71ec5d85cc25eb2b4e
ao_sca,128,10000,148,test,19.226444756913075,19.226444756913075,1.0,True,0.0,11,8709,18,ao_sca_proximal_physical,analytical_ris_equal_allocation,"[1.838018489934208, 18.95745687109958, 19.03109051385935, 19.048877541323595, 19.064961060982085, 19.131336315177087, 19.1629270435189, 19.178358234980237, 19.18217549946496, 19.193296174958636, 19.226348923515292, 19.226444756913075]","[{""block"": ""rsma"", ""rho"": 1.0, ""gain"": 17.002316178964993}, {""block"": ""star_ris"", ""rho"": 1.0, ""gain"": 0.11712220220038105}, {""block"": ""rsma"", ""rho"": 1.0, ""gain"": -3.552713678800501e-15}, {""block"": ""star_ris"", ""rho"": 8.0, ""gain"": 0.07363364275977347}, {""block"": ""rsma"", ""rho"": 1.0, ""gain"": 0.0}, {""block"": ""star_ris"", ""rho"": 16.0, ""gain"": 0.01778702746424443}, {""block"": ""rsma"", ""rho"": 1.0, ""gain"": 0.0}, {""block"": ""star_ris"", ""rho"": 4.0, ""gain"": 0.01608351965849053}, {""block"": ""rsma"", ""rho"": 1.0, ""gain"": 0.0}, {""block"": ""star_ris"", ""rho"": 8.0, ""gain"": 0.06637525419500179}, {""block"": ""rsma"", ""rho"": 1.0, ""gain"": 0.0}, {""block"": ""star_ris"", ""rho"": 16.0, ""gain"": 0.031590728341811314}, {""block"": ""rsma"", ""rho"": 1.0, ""gain"": 0.0}, {""block"": ""star_ris"", ""rho"": 32.0, ""gain"": 0.015431191461338756}, {""block"": ""rsma"", ""rho"": 1.0, ""gain"": 0.0}, {""block"": ""star_ris"", ""rho"": 128.0, ""gain"": 0.003817264484723637}, {""block"": ""rsma"", ""rho"": 1.0, ""gain"": 0.0}, {""block"": ""star_ris"", ""rho"": 8.0, ""gain"": 0.011120675493675236}, {""block"": ""rsma"", ""rho"": 1.0, ""gain"": 0.0}, {""block"": ""star_ris"", ""rho"": 1.0, ""gain"": 0.0330527485566563}, {""block"": ""rsma"", ""rho"": 1.0, ""gain"": 3.552713678800501e-15}, {""block"": ""star_ris"", ""rho"": 512.0, ""gain"": 9.583339777918809e-05}]",{},4934.999187,895cf8987087c169d7023476c078ebabf24f99fbbc30b65ad7fae1097d95a6fe,fc61d5cda7da39530055bae9bd0e92865f995cd9,f4c80269e5fb3cf553900b2e82f235af875b7c2e33b4ff71ec5d85cc25eb2b4e
ao_sca,128,10000,149,test,19.396064337993412,19.396064337993412,1.0,True,0.0,3,2373,6,ao_sca_proximal_physical,analytical_ris_equal_allocation,"[1.8380236258481035, 19.28083110529491, 19.395945549165482, 19.396064337993415]","[{""block"": ""rsma"", ""rho"": 1.0, ""gain"": 17.40201850216041}, {""block"": ""star_ris"", ""rho"": 2.0, ""gain"": 0.040788977286400296}, {""block"": ""rsma"", ""rho"": 1.0, ""gain"": 3.552713678800501e-15}, {""block"": ""star_ris"", ""rho"": 4.0, ""gain"": 0.11511444387056713}, {""block"": ""rsma"", ""rho"": 1.0, ""gain"": 0.0}, {""block"": ""star_ris"", ""rho"": 32.0, ""gain"": 0.00011878882793325829}]",{},1315.646549,895cf8987087c169d7023476c078ebabf24f99fbbc30b65ad7fae1097d95a6fe,fc61d5cda7da39530055bae9bd0e92865f995cd9,f4c80269e5fb3cf553900b2e82f235af875b7c2e33b4ff71ec5d85cc25eb2b4e
ao_sca,128,10000,150,test,19.322701517107383,19.322701517107383,1.0,True,0.0,5,3945,9,ao_sca_proximal_physical,analytical_ris_equal_allocation,"[1.8380149217795272, 19.19369719593531, 19.211154694537292, 19.24039957879446, 19.320866755467307, 19.322701517107383]","[{""block"": ""rsma"", ""rho"": 1.0, ""gain"": 16.962579316653798}, {""block"": ""star_ris"", ""rho"": 1.0, ""gain"": 0.3931029575019842}, {""block"": ""rsma"", ""rho"": 1.0, ""gain"": 0.0}, {""block"": ""star_ris"", ""rho"": 2.0, ""gain"": 0.017457498601981314}, {""block"": ""rsma"", ""rho"": 1.0, ""gain"": 0.0}, {""block"": ""star_ris"", ""rho"": 1.0, ""gain"": 0.029244884257167314}, {""block"": ""rsma"", ""rho"": 1.0, ""gain"": 0.0}, {""block"": ""star_ris"", ""rho"": 1.0, ""gain"": 0.08046717667284753}, {""block"": ""rsma"", ""rho"": 1.0, ""gain"": 0.0}, {""block"": ""star_ris"", ""rho"": 8.0, ""gain"": 0.0018347616400760103}]",{},2241.106191,895cf8987087c169d7023476c078ebabf24f99fbbc30b65ad7fae1097d95a6fe,fc61d5cda7da39530055bae9bd0e92865f995cd9,f4c80269e5fb3cf553900b2e82f235af875b7c2e33b4ff71ec5d85cc25eb2b4e
ao_sca,128,10000,151,test,20.051837264507597,20.051837264507597,1.0,True,0.0,9,7106,16,ao_sca_proximal_physical,analytical_ris_equal_allocation,"[1.8380343398782983, 19.781375568166975, 19.796348251797436, 19.898503488631853, 19.965752335930055, 20.028538360028158, 20.03144188140044, 20.03849168349811, 20.04987322738863, 20.051837264507594]","[{""block"": ""rsma"", ""rho"": 1.0, ""gain"": 17.87657237358796}, {""block"": ""star_ris"", ""rho"": 1.0, ""gain"": 0.0667688547007188}, {""block"": ""rsma"", ""rho"": 1.0, ""gain"": 0.0}, {""block"": ""star_ris"", ""rho"": 2.0, ""gain"": 0.014972683630460892}, {""block"": ""rsma"", ""rho"": 1.0, ""gain"": -3.552713678800501e-15}, {""block"": ""star_ris"", ""rho"": 1.0, ""gain"": 0.1021552368344203}, {""block"": ""rsma"", ""rho"": 1.0, ""gain"": 0.0}, {""block"": ""star_ris"", ""rho"": 2.0, ""gain"": 0.06724884729820246}, {""block"": ""rsma"", ""rho"": 1.0, ""gain"": 0.0}, {""block"": ""star_ris"", ""rho"": 2.0, ""gain"": 0.06278602409810219}, {""block"": ""rsma"", ""rho"": 1.0, ""gain"": -7.105427357601002e-15}, {""block"": ""star_ris"", ""rho"": 2.0, ""gain"": 0.0029035213722892195}, {""block"": ""rsma"", ""rho"": 1.0, ""gain"": 0.0}, {""block"": ""star_ris"", ""rho"": 8.0, ""gain"": 0.007049802097668589}, {""block"": ""rsma"", ""rho"": 1.0, ""gain"": 3.552713678800501e-15}, {""block"": ""star_ris"", ""rho"": 4.0, ""gain"": 0.011381543890518486}, {""block"": ""rsma"", ""rho"": 1.0, ""gain"": 0.0}, {""block"": ""star_ris"", ""rho"": 16.0, ""gain"": 0.001964037118963091}]",{},4093.314112,895cf8987087c169d7023476c078ebabf24f99fbbc30b65ad7fae1097d95a6fe,fc61d5cda7da39530055bae9bd0e92865f995cd9,f4c80269e5fb3cf553900b2e82f235af875b7c2e33b4ff71ec5d85cc25eb2b4e
ao_sca,128,10000,152,test,19.33633312315421,19.33633312315421,1.0,True,0.0,7,5535,11,ao_sca_proximal_physical,analytical_ris_equal_allocation,"[1.8380168138106794, 18.844181466225358, 18.860902682325698, 19.17595090997195, 19.27118290877903, 19.28011147358712, 19.33560482013573, 19.33633312315421]","[{""block"": ""rsma"", ""rho"": 1.0, ""gain"": 16.97188730505032}, {""block"": ""star_ris"", ""rho"": 16.0, ""gain"": 0.034277347364358945}, {""block"": ""rsma"", ""rho"": 1.0, ""gain"": 0.0}, {""block"": ""star_ris"", ""rho"": 32.0, ""gain"": 0.01672121610033983}, {""block"": ""rsma"", ""rho"": 1.0, ""gain"": 0.0}, {""block"": ""star_ris"", ""rho"": 1.0, ""gain"": 0.3150482276462512}, {""block"": ""rsma"", ""rho"": 1.0, ""gain"": 0.0}, {""block"": ""star_ris"", ""rho"": 1.0, ""gain"": 0.09523199880707978}, {""block"": ""rsma"", ""rho"": 1.0, ""gain"": 0.0}, {""block"": ""star_ris"", ""rho"": 2.0, ""gain"": 0.00892856480809101}, {""block"": ""rsma"", ""rho"": 1.0, ""gain"": 0.0}, {""block"": ""star_ris"", ""rho"": 8.0, ""gain"": 0.05549334654860871}, {""block"": ""rsma"", ""rho"": 1.0, ""gain"": 0.0}, {""block"": ""star_ris"", ""rho"": 32.0, ""gain"": 0.0007283030184801476}]",{},3228.278173,895cf8987087c169d7023476c078ebabf24f99fbbc30b65ad7fae1097d95a6fe,fc61d5cda7da39530055bae9bd0e92865f995cd9,f4c80269e5fb3cf553900b2e82f235af875b7c2e33b4ff71ec5d85cc25eb2b4e
ao_sca,128,10000,153,test,19.433086333177865,19.433086333177865,1.0,True,0.0,10,7903,16,ao_sca_proximal_physical,analytical_ris_equal_allocation,"[1.8380202460612107, 19.17173692258181, 19.197575826252248, 19.210247804776273, 19.249670771350992, 19.288215821017555, 19.300191795416303, 19.346144665030693, 19.396685044300114, 19.43140388175249, 19.433086333177865]","[{""block"": ""rsma"", ""rho"": 1.0, ""gain"": 17.22198333094059}, {""block"": ""star_ris"", ""rho"": 4.0, ""gain"": 0.11173334558001002}, {""block"": ""rsma"", ""rho"": 1.0, ""gain"": 3.552713678800501e-15}, {""block"": ""star_ris"", ""rho"": 16.0, ""gain"": 0.025838903670432956}, {""block"": ""rsma"", ""rho"": 1.0, ""gain"": 0.0}, {""block"": ""star_ris"", ""rho"": 32.0, ""gain"": 0.012671978524025462}, {""block"": ""rsma"", ""rho"": 1.0, ""gain"": 0.0}, {""block"": ""star_ris"", ""rho"": 4.0, ""gain"": 0.039422966574719}, {""block"": ""rsma"", ""rho"": 1.0, ""gain"": 0.0}, {""block"": ""star_ris"", ""rho"": 2.0, ""gain"": 0.03854504966656336}, {""block"": ""rsma"", ""rho"": 1.0, ""gain"": 0.0}, {""block"": ""star_ris"", ""rho"": 2.0, ""gain"": 0.01197597439874798}, {""block"": ""rsma"", ""rho"": 1.0, ""gain"": 0.0}, {""block"": ""star_ris"", ""rho"": 8.0, ""gain"": 0.04595286961438916}, {""block"": ""rsma"", ""rho"": 1.0, ""gain"": 0.0}, {""block"": ""star_ris"", ""rho"": 1.0, ""gain"": 0.05054037926942101}, {""block"": ""rsma"", ""rho"": 1.0, ""gain"": 0.0}, {""block"": ""star_ris"", ""rho"": 2.0, ""gain"": 0.03471883745237747}, {""block"": ""rsma"", ""rho"": 1.0, ""gain"": 0.0}, {""block"": ""star_ris"", ""rho"": 8.0, ""gain"": 0.001682451425374154}]",{},4553.749065,895cf8987087c169d7023476c078ebabf24f99fbbc30b65ad7fae1097d95a6fe,fc61d5cda7da39530055bae9bd0e92865f995cd9,f4c80269e5fb3cf553900b2e82f235af875b7c2e33b4ff71ec5d85cc25eb2b4e
ao_sca,128,10000,154,test,19.66931071693892,19.66931071693892,1.0,True,0.0,13,10264,25,ao_sca_proximal_physical,analytical_ris_equal_allocation,"[1.8380183218028636, 19.281137089484492, 19.283452297810705, 19.293838030924235, 19.298483113614157, 19.422211639705836, 19.544368410568932, 19.557525575703306, 19.604724915163608, 19.6180021796213, 19.635670128799767, 19.64946200967364, 19.667475200943176, 19.669310716938917]","[{""block"": ""rsma"", ""rho"": 1.0, ""gain"": 16.939251929570823}, {""block"": ""star_ris"", ""rho"": 1.0, ""gain"": 0.503866838110806}, {""block"": ""rsma"", ""rho"": 1.0, ""gain"": 0.0}, {""block"": ""star_ris"", ""rho"": 8.0, ""gain"": 0.00231520832621257}, {""block"": ""rsma"", ""rho"": 1.0, ""gain"": 0.0}, {""block"": ""star_ris"", ""rho"": 2.0, ""gain"": 0.010385733113530193}, {""block"": ""rsma"", ""rho"": 1.0, ""gain"": 0.0}, {""block"": ""star_ris"", ""rho"": 1.0, ""gain"": 0.004645082689922475}, {""block"": ""rsma"", ""rho"": 1.0, ""gain"": 0.0}, {""block"": ""star_ris"", ""rho"": 1.0, ""gain"": 0.1237285260916785}, {""block"": ""rsma"", ""rho"": 1.0, ""gain"": 0.0}, {""block"": ""star_ris"", ""rho"": 2.0, ""gain"": 0.1221567708630964}, {""block"": ""rsma"", ""rho"": 1.0, ""gain"": 3.552713678800501e-15}, {""block"": ""star_ris"", ""rho"": 2.0, ""gain"": 0.01315716513436982}, {""block"": ""rsma"", ""rho"": 1.0, ""gain"": 0.0}, {""block"": ""star_ris"", ""rho"": 4.0, ""gain"": 0.047199339460302525}, {""block"": ""rsma"", ""rho"": 1.0, ""gain"": -3.552713678800501e-15}, {""block"": ""star_ris"", ""rho"": 4.0, ""gain"": 0.013277264457695281}, {""block"": ""rsma"", ""rho"": 1.0, ""gain"": 0.0}, {""block"": ""star_ris"", ""rho"": 16.0, ""gain"": 0.017667949178466813}, {""block"": ""rsma"", ""rho"": 1.0, ""gain"": -3.552713678800501e-15}, {""block"": ""star_ris"", ""rho"": 2.0, ""gain"": 0.01379188087387817}, {""block"": ""rsma"", ""rho"": 1.0, ""gain"": 0.0}, {""block"": ""star_ris"", ""rho"": 2.0, ""gain"": 0.018013191269535156}, {""block"": ""rsma"", ""rho"": 1.0, ""gain"": 0.0}, {""block"": ""star_ris"", ""rho"": 8.0, ""gain"": 0.0018355159957401668}]",{},5895.875825,895cf8987087c169d7023476c078ebabf24f99fbbc30b65ad7fae1097d95a6fe,fc61d5cda7da39530055bae9bd0e92865f995cd9,f4c80269e5fb3cf553900b2e82f235af875b7c2e33b4ff71ec5d85cc25eb2b4e
ao_sca,128,10000,155,test,19.78775493098981,19.78775493098981,1.0,True,0.0,12,9476,22,ao_sca_proximal_physical,analytical_ris_equal_allocation,"[1.8380205844324644, 19.17008728393197, 19.175728917675087, 19.393737849093608, 19.39691410291918, 19.442023389695265, 19.530432907864157, 19.649891349612368, 19.662934302534225, 19.66802056309359, 19.77424816619273, 19.786112347734615, 19.787754930989806]","[{""block"": ""rsma"", ""rho"": 1.0, ""gain"": 17.058525220287592}, {""block"": ""star_ris"", ""rho"": 2.0, ""gain"": 0.2735414792119144}, {""block"": ""rsma"", ""rho"": 1.0, ""gain"": 0.0}, {""block"": ""star_ris"", ""rho"": 2.0, ""gain"": 0.005641633743117325}, {""block"": ""rsma"", ""rho"": 1.0, ""gain"": 0.0}, {""block"": ""star_ris"", ""rho"": 1.0, ""gain"": 0.2180089314185203}, {""block"": ""rsma"", ""rho"": 1.0, ""gain"": 3.552713678800501e-15}, {""block"": ""star_ris"", ""rho"": 128.0, ""gain"": 0.003176253825568409}, {""block"": ""rsma"", ""rho"": 1.0, ""gain"": 3.552713678800501e-15}, {""block"": ""star_ris"", ""rho"": 1.0, ""gain"": 0.04510928677608206}, {""block"": ""rsma"", ""rho"": 1.0, ""gain"": 0.0}, {""block"": ""star_ris"", ""rho"": 1.0, ""gain"": 0.08840951816889131}, {""block"": ""rsma"", ""rho"": 1.0, ""gain"": -3.552713678800501e-15}, {""block"": ""star_ris"", ""rho"": 1.0, ""gain"": 0.11945844174821474}, {""block"": ""rsma"", ""rho"": 1.0, ""gain"": 0.0}, {""block"": ""star_ris"", ""rho"": 1.0, ""gain"": 0.01304295292185742}, {""block"": ""rsma"", ""rho"": 1.0, ""gain"": 0.0}, {""block"": ""star_ris"", ""rho"": 1.0, ""gain"": 0.005086260559366451}, {""block"": ""rsma"", ""rho"": 1.0, ""gain"": 0.0}, {""block"": ""star_ris"", ""rho"": 4.0, ""gain"": 0.10622760309913915}, {""block"": ""rsma"", ""rho"": 1.0, ""gain"": 0.0}, {""block"": ""star_ris"", ""rho"": 32.0, ""gain"": 0.011864181541884733}, {""block"": ""rsma"", ""rho"": 1.0, ""gain"": 0.0}, {""block"": ""star_ris"", ""rho"": 8.0, ""gain"": 0.0016425832551902886}]",{},5426.979713,895cf8987087c169d7023476c078ebabf24f99fbbc30b65ad7fae1097d95a6fe,fc61d5cda7da39530055bae9bd0e92865f995cd9,f4c80269e5fb3cf553900b2e82f235af875b7c2e33b4ff71ec5d85cc25eb2b4e
ao_sca,128,10000,156,test,19.62201788855469,19.62201788855469,1.0,True,0.0,10,7896,20,ao_sca_proximal_physical,analytical_ris_equal_allocation,"[1.8380246096239479, 19.404589982851427, 19.416155039419575, 19.520830859831896, 19.539858363381228, 19.54855146763593, 19.55114930336551, 19.560735244451692, 19.567382332265908, 19.62068496586052, 19.622017888554694]","[{""block"": ""rsma"", ""rho"": 1.0, ""gain"": 17.377280902860576}, {""block"": ""star_ris"", ""rho"": 1.0, ""gain"": 0.18928447036690343}, {""block"": ""rsma"", ""rho"": 1.0, ""gain"": 0.0}, {""block"": ""star_ris"", ""rho"": 2.0, ""gain"": 0.011565056568148435}, {""block"": ""rsma"", ""rho"": 1.0, ""gain"": 0.0}, {""block"": ""star_ris"", ""rho"": 1.0, ""gain"": 0.10467582041232149}, {""block"": ""rsma"", ""rho"": 1.0, ""gain"": 0.0}, {""block"": ""star_ris"", ""rho"": 2.0, ""gain"": 0.01902750354933147}, {""block"": ""rsma"", ""rho"": 1.0, ""gain"": 0.0}, {""block"": ""star_ris"", ""rho"": 16.0, ""gain"": 0.008693104254703599}, {""block"": ""rsma"", ""rho"": 1.0, ""gain"": -3.552713678800501e-15}, {""block"": ""star_ris"", ""rho"": 8.0, ""gain"": 0.002597835729581277}, {""block"": ""rsma"", ""rho"": 1.0, ""gain"": 3.552713678800501e-15}, {""block"": ""star_ris"", ""rho"": 32.0, ""gain"": 0.009585941086179162}, {""block"": ""rsma"", ""rho"": 1.0, ""gain"": -3.552713678800501e-15}, {""block"": ""star_ris"", ""rho"": 2.0, ""gain"": 0.006647087814219077}, {""block"": ""rsma"", ""rho"": 1.0, ""gain"": 0.0}, {""block"": ""star_ris"", ""rho"": 1.0, ""gain"": 0.05330263359461185}, {""block"": ""rsma"", ""rho"": 1.0, ""gain"": -3.552713678800501e-15}, {""block"": ""star_ris"", ""rho"": 1.0, ""gain"": 0.0013329226941785066}]",{},4395.739231,895cf8987087c169d7023476c078ebabf24f99fbbc30b65ad7fae1097d95a6fe,fc61d5cda7da39530055bae9bd0e92865f995cd9,f4c80269e5fb3cf553900b2e82f235af875b7c2e33b4ff71ec5d85cc25eb2b4e
ao_sca,128,10000,157,test,19.882322212898885,19.882322212898885,1.0,True,0.0,15,11849,27,ao_sca_proximal_physical,analytical_ris_equal_allocation,"[1.838027304900449, 19.47267447082135, 19.57323874362058, 19.62076051959476, 19.628111362574302, 19.642778914932155, 19.716180866144303, 19.75410953694988, 19.760714977560845, 19.8320674627782, 19.852393377191312, 19.86192782072475, 19.866662426109468, 19.875092757962776, 19.8805915962588, 19.882322212898885]","[{""block"": ""rsma"", ""rho"": 1.0, ""gain"": 17.390164988813005}, {""block"": ""star_ris"", ""rho"": 2.0, ""gain"": 0.24448217710789422}, {""block"": ""rsma"", ""rho"": 1.0, ""gain"": 0.0}, {""block"": ""star_ris"", ""rho"": 1.0, ""gain"": 0.10056427279922886}, {""block"": ""rsma"", ""rho"": 1.0, ""gain"": -3.552713678800501e-15}, {""block"": ""star_ris"", ""rho"": 8.0, ""gain"": 0.04752177597418594}, {""block"": ""rsma"", ""rho"": 1.0, ""gain"": 3.552713678800501e-15}, {""block"": ""star_ris"", ""rho"": 8.0, ""gain"": 0.007350842979537475}, {""block"": ""rsma"", ""rho"": 1.0, ""gain"": 0.0}, {""block"": ""star_ris"", ""rho"": 2.0, ""gain"": 0.014667552357852998}, {""block"": ""rsma"", ""rho"": 1.0, ""gain"": 3.552713678800501e-15}, {""block"": ""star_ris"", ""rho"": 1.0, ""gain"": 0.07340195121214421}, {""block"": ""rsma"", ""rho"": 1.0, ""gain"": -3.552713678800501e-15}, {""block"": ""star_ris"", ""rho"": 2.0, ""gain"": 0.03792867080558082}, {""block"": ""rsma"", ""rho"": 1.0, ""gain"": 0.0}, {""block"": ""star_ris"", ""rho"": 4.0, ""gain"": 0.006605440610965019}, {""block"": ""rsma"", ""rho"": 1.0, ""gain"": 0.0}, {""block"": ""star_ris"", ""rho"": 2.0, ""gain"": 0.07135248521735349}, {""block"": ""rsma"", ""rho"": 1.0, ""gain"": 3.552713678800501e-15}, {""block"": ""star_ris"", ""rho"": 1.0, ""gain"": 0.02032591441311027}, {""block"": ""rsma"", ""rho"": 1.0, ""gain"": 0.0}, {""block"": ""star_ris"", ""rho"": 32.0, ""gain"": 0.009534443533436132}, {""block"": ""rsma"", ""rho"": 1.0, ""gain"": 0.0}, {""block"": ""star_ris"", ""rho"": 64.0, ""gain"": 0.004734605384719259}, {""block"": ""rsma"", ""rho"": 1.0, ""gain"": 0.0}, {""block"": ""star_ris"", ""rho"": 1.0, ""gain"": 0.008430331853308104}, {""block"": ""rsma"", ""rho"": 1.0, ""gain"": 0.0}, {""block"": ""star_ris"", ""rho"": 16.0, ""gain"": 0.0054988382960239335}, {""block"": ""rsma"", ""rho"": 1.0, ""gain"": 0.0}, {""block"": ""star_ris"", ""rho"": 2.0, ""gain"": 0.0017306166400850032}]",{},6837.76518,895cf8987087c169d7023476c078ebabf24f99fbbc30b65ad7fae1097d95a6fe,fc61d5cda7da39530055bae9bd0e92865f995cd9,f4c80269e5fb3cf553900b2e82f235af875b7c2e33b4ff71ec5d85cc25eb2b4e
ao_sca,128,10000,158,test,20.170405728518315,20.170405728518315,1.0,True,0.0,20,15795,28,ao_sca_proximal_physical,analytical_ris_equal_allocation,"[1.8380320221771673, 19.713480267955337, 19.716217099703236, 19.722682992793388, 19.73320111219757, 19.763030561399866, 19.777512069569326, 19.827930827727855, 19.833839954876307, 19.83625646366364, 19.8437927046911, 19.855859167629784, 19.85880889330293, 19.871904658027645, 19.972022326317095, 20.053913549069208, 20.07448366749111, 20.089483501593097, 20.164313490636502, 20.168386215437728, 20.170405728518315]","[{""block"": ""rsma"", ""rho"": 1.0, ""gain"": 17.87531228147361}, {""block"": ""star_ris"", ""rho"": 64.0, ""gain"": 0.0001359643045582004}, {""block"": ""rsma"", ""rho"": 1.0, ""gain"": 0.0}, {""block"": ""star_ris"", ""rho"": 16.0, ""gain"": 0.0027368317478995152}, {""block"": ""rsma"", ""rho"": 1.0, ""gain"": 0.0}, {""block"": ""star_ris"", ""rho"": 4.0, ""gain"": 0.006465893090151553}, {""block"": ""rsma"", ""rho"": 1.0, ""gain"": -3.552713678800501e-15}, {""block"": ""star_ris"", ""rho"": 2.0, ""gain"": 0.010518119404185455}, {""block"": ""rsma"", ""rho"": 1.0, ""gain"": 0.0}, {""block"": ""star_ris"", ""rho"": 2.0, ""gain"": 0.029829449202296132}, {""block"": ""rsma"", ""rho"": 1.0, ""gain"": 0.0}, {""block"": ""star_ris"", ""rho"": 4.0, ""gain"": 0.014481508169460255}, {""block"": ""rsma"", ""rho"": 1.0, ""gain"": 0.0}, {""block"": ""star_ris"", ""rho"": 1.0, ""gain"": 0.050418758158528476}, {""block"": ""rsma"", ""rho"": 1.0, ""gain"": -3.552713678800501e-15}, {""block"": ""star_ris"", ""rho"": 4.0, ""gain"": 0.00590912714845615}, {""block"": ""rsma"", ""rho"": 1.0, ""gain"": 3.552713678800501e-15}, {""block"": ""star_ris"", ""rho"": 16.0, ""gain"": 0.0024165087873306845}, {""block"": ""rsma"", ""rho"": 1.0, ""gain"": 0.0}, {""block"": ""star_ris"", ""rho"": 4.0, ""gain"": 0.007536241027459312}, {""block"": ""rsma"", ""rho"": 1.0, ""gain"": 0.0}, {""block"": ""star_ris"", ""rho"": 1.0, ""gain"": 0.012066462938683742}, {""block"": ""rsma"", ""rho"": 1.0, ""gain"": 0.0}, {""block"": ""star_ris"", ""rho"": 8.0, ""gain"": 0.002949725673143888}, {""block"": ""rsma"", ""rho"": 1.0, ""gain"": 0.0}, {""block"": ""star_ris"", ""rho"": 1.0, ""gain"": 0.013095764724717185}, {""block"": ""rsma"", ""rho"": 1.0, ""gain"": 0.0}, {""block"": ""star_ris"", ""rho"": 1.0, ""gain"": 0.10011766828944957}, {""block"": ""rsma"", ""rho"": 1.0, ""gain"": 0.0}, {""block"": ""star_ris"", ""rho"": 1.0, ""gain"": 0.08189122275211247}, {""block"": ""rsma"", ""rho"": 1.0, ""gain"": 0.0}, {""block"": ""star_ris"", ""rho"": 2.0, ""gain"": 0.02057011842190093}, {""block"": ""rsma"", ""rho"": 1.0, ""gain"": 0.0}, {""block"": ""star_ris"", ""rho"": 2.0, ""gain"": 0.014999834101988796}, {""block"": ""rsma"", ""rho"": 1.0, ""gain"": 0.0}, {""block"": ""star_ris"", ""rho"": 1.0, ""gain"": 0.07482998904340477}, {""block"": ""rsma"", ""rho"": 1.0, ""gain"": 0.0}, {""block"": ""star_ris"", ""rho"": 4.0, ""gain"": 0.004072724801226002}, {""block"": ""rsma"", ""rho"": 1.0, ""gain"": 0.0}, {""block"": ""star_ris"", ""rho"": 8.0, ""gain"": 0.0020195130805866768}]",{},9037.763323,895cf8987087c169d7023476c078ebabf24f99fbbc30b65ad7fae1097d95a6fe,fc61d5cda7da39530055bae9bd0e92865f995cd9,f4c80269e5fb3cf553900b2e82f235af875b7c2e33b4ff71ec5d85cc25eb2b4e
ao_sca,128,10000,159,test,19.74854328676731,19.74854328676731,1.0,True,0.0,4,3155,8,ao_sca_proximal_physical,analytical_ris_equal_allocation,"[1.83802536915118, 19.42051521695477, 19.50017756983749, 19.74659041760847, 19.74854328676731]","[{""block"": ""rsma"", ""rho"": 1.0, ""gain"": 17.240491317347225}, {""block"": ""star_ris"", ""rho"": 1.0, ""gain"": 0.3419985304563653}, {""block"": ""rsma"", ""rho"": 1.0, ""gain"": -3.552713678800501e-15}, {""block"": ""star_ris"", ""rho"": 1.0, ""gain"": 0.07966235288272472}, {""block"": ""rsma"", ""rho"": 1.0, ""gain"": 0.0}, {""block"": ""star_ris"", ""rho"": 1.0, ""gain"": 0.24641284777097994}, {""block"": ""rsma"", ""rho"": 1.0, ""gain"": 0.0}, {""block"": ""star_ris"", ""rho"": 4.0, ""gain"": 0.0019528691588384106}]",{},1753.733406,895cf8987087c169d7023476c078ebabf24f99fbbc30b65ad7fae1097d95a6fe,fc61d5cda7da39530055bae9bd0e92865f995cd9,f4c80269e5fb3cf553900b2e82f235af875b7c2e33b4ff71ec5d85cc25eb2b4e
ao_sca,128,10000,160,test,19.48114534152412,19.48114534152412,1.0,True,0.0,11,8700,21,ao_sca_proximal_physical,analytical_ris_equal_allocation,"[1.838013953915692, 18.9922618643332, 19.032763553821173, 19.228021700050284, 19.332895877826758, 19.34506349635494, 19.348078683558885, 19.360743753522954, 19.400896904432514, 19.454923648151134, 19.4809297096091, 19.48114534152412]","[{""block"": ""rsma"", ""rho"": 1.0, ""gain"": 16.698286015910917}, {""block"": ""star_ris"", ""rho"": 1.0, ""gain"": 0.4559618945065935}, {""block"": ""rsma"", ""rho"": 1.0, ""gain"": 3.552713678800501e-15}, {""block"": ""star_ris"", ""rho"": 1.0, ""gain"": 0.04050168948796795}, {""block"": ""rsma"", ""rho"": 1.0, ""gain"": -3.552713678800501e-15}, {""block"": ""star_ris"", ""rho"": 1.0, ""gain"": 0.19525814622911497}, {""block"": ""rsma"", ""rho"": 1.0, ""gain"": 3.552713678800501e-15}, {""block"": ""star_ris"", ""rho"": 4.0, ""gain"": 0.10487417777646968}, {""block"": ""rsma"", ""rho"": 1.0, ""gain"": 0.0}, {""block"": ""star_ris"", ""rho"": 32.0, ""gain"": 0.012167618528181379}, {""block"": ""rsma"", ""rho"": 1.0, ""gain"": 0.0}, {""block"": ""star_ris"", ""rho"": 128.0, ""gain"": 0.0030151872039461125}, {""block"": ""rsma"", ""rho"": 1.0, ""gain"": 3.552713678800501e-15}, {""block"": ""star_ris"", ""rho"": 2.0, ""gain"": 0.012665069964064912}, {""block"": ""rsma"", ""rho"": 1.0, ""gain"": -3.552713678800501e-15}, {""block"": ""star_ris"", ""rho"": 2.0, ""gain"": 0.04015315090956406}, {""block"": ""rsma"", ""rho"": 1.0, ""gain"": 0.0}, {""block"": ""star_ris"", ""rho"": 8.0, ""gain"": 0.054026743718619485}, {""block"": ""rsma"", ""rho"": 1.0, ""gain"": 0.0}, {""block"": ""star_ris"", ""rho"": 16.0, ""gain"": 0.026006061457966467}, {""block"": ""rsma"", ""rho"": 1.0, ""gain"": 0.0}, {""block"": ""star_ris"", ""rho"": 256.0, ""gain"": 0.0002156319150188324}]",{},5031.413218,895cf8987087c169d7023476c078ebabf24f99fbbc30b65ad7fae1097d95a6fe,fc61d5cda7da39530055bae9bd0e92865f995cd9,f4c80269e5fb3cf553900b2e82f235af875b7c2e33b4ff71ec5d85cc25eb2b4e
ao_sca,128,10000,161,test,19.19441028546665,19.19441028546665,1.0,True,0.0,4,3160,6,ao_sca_proximal_physical,analytical_ris_equal_allocation,"[1.838014557219928, 19.04154256926426, 19.051078163182606, 19.193601826751546, 19.19441028546665]","[{""block"": ""rsma"", ""rho"": 1.0, ""gain"": 17.047470632416125}, {""block"": ""star_ris"", ""rho"": 1.0, ""gain"": 0.15605737962820498}, {""block"": ""rsma"", ""rho"": 1.0, ""gain"": 0.0}, {""block"": ""star_ris"", ""rho"": 2.0, ""gain"": 0.009535593918347018}, {""block"": ""rsma"", ""rho"": 1.0, ""gain"": 0.0}, {""block"": ""star_ris"", ""rho"": 1.0, ""gain"": 0.14252366356894086}, {""block"": ""rsma"", ""rho"": 1.0, ""gain"": 0.0}, {""block"": ""star_ris"", ""rho"": 64.0, ""gain"": 0.0008084587151024891}]",{},1880.415261,895cf8987087c169d7023476c078ebabf24f99fbbc30b65ad7fae1097d95a6fe,fc61d5cda7da39530055bae9bd0e92865f995cd9,f4c80269e5fb3cf553900b2e82f235af875b7c2e33b4ff71ec5d85cc25eb2b4e
ao_sca,128,10000,162,test,19.434123201049545,19.434123201049545,1.0,True,0.0,7,5531,13,ao_sca_proximal_physical,analytical_ris_equal_allocation,"[1.838022522921051, 19.272531948246375, 19.335945332526013, 19.351681357399663, 19.407163552002835, 19.41384345768474, 19.432779253867437, 19.434123201049545]","[{""block"": ""rsma"", ""rho"": 1.0, ""gain"": 17.392424275952287}, {""block"": ""star_ris"", ""rho"": 1.0, ""gain"": 0.042085149373036757}, {""block"": ""rsma"", ""rho"": 1.0, ""gain"": 0.0}, {""block"": ""star_ris"", ""rho"": 2.0, ""gain"": 0.06341338427963805}, {""block"": ""rsma"", ""rho"": 1.0, ""gain"": -3.552713678800501e-15}, {""block"": ""star_ris"", ""rho"": 4.0, ""gain"": 0.015736024873653776}, {""block"": ""rsma"", ""rho"": 1.0, ""gain"": 0.0}, {""block"": ""star_ris"", ""rho"": 8.0, ""gain"": 0.055482194603172275}, {""block"": ""rsma"", ""rho"": 1.0, ""gain"": 0.0}, {""block"": ""star_ris"", ""rho"": 64.0, ""gain"": 0.006679905681906462}, {""block"": ""rsma"", ""rho"": 1.0, ""gain"": 0.0}, {""block"": ""star_ris"", ""rho"": 4.0, ""gain"": 0.018935796182695697}, {""block"": ""rsma"", ""rho"": 1.0, ""gain"": 7.105427357601002e-15}, {""block"": ""star_ris"", ""rho"": 1.0, ""gain"": 0.0013439471821001803}]",{},3158.858882,895cf8987087c169d7023476c078ebabf24f99fbbc30b65ad7fae1097d95a6fe,fc61d5cda7da39530055bae9bd0e92865f995cd9,f4c80269e5fb3cf553900b2e82f235af875b7c2e33b4ff71ec5d85cc25eb2b4e
ao_sca,128,10000,163,test,19.67697593038508,19.67697593038508,1.0,True,0.0,14,11064,28,ao_sca_proximal_physical,analytical_ris_equal_allocation,"[1.8380238536663538, 19.174908331833954, 19.27316457631469, 19.296379137361413, 19.34158325134659, 19.344340126520116, 19.369939428041583, 19.43740092822988, 19.645506517802673, 19.65062274869229, 19.660945949952115, 19.66299322424309, 19.666441078279746, 19.67558811326993, 19.676975930385076]","[{""block"": ""rsma"", ""rho"": 1.0, ""gain"": 17.111080235275065}, {""block"": ""star_ris"", ""rho"": 2.0, ""gain"": 0.22580424289253642}, {""block"": ""rsma"", ""rho"": 1.0, ""gain"": 0.0}, {""block"": ""star_ris"", ""rho"": 4.0, ""gain"": 0.09825624448073711}, {""block"": ""rsma"", ""rho"": 1.0, ""gain"": 3.552713678800501e-15}, {""block"": ""star_ris"", ""rho"": 16.0, ""gain"": 0.02321456104671782}, {""block"": ""rsma"", ""rho"": 1.0, ""gain"": 0.0}, {""block"": ""star_ris"", ""rho"": 8.0, ""gain"": 0.04520411398517865}, {""block"": ""rsma"", ""rho"": 1.0, ""gain"": 0.0}, {""block"": ""star_ris"", ""rho"": 128.0, ""gain"": 0.00275687517352452}, {""block"": ""rsma"", ""rho"": 1.0, ""gain"": 0.0}, {""block"": ""star_ris"", ""rho"": 2.0, ""gain"": 0.025599301521467055}, {""block"": ""rsma"", ""rho"": 1.0, ""gain"": 0.0}, {""block"": ""star_ris"", ""rho"": 1.0, ""gain"": 0.06746150018829766}, {""block"": ""rsma"", ""rho"": 1.0, ""gain"": 3.552713678800501e-15}, {""block"": ""star_ris"", ""rho"": 1.0, ""gain"": 0.20810558957278857}, {""block"": ""rsma"", ""rho"": 1.0, ""gain"": 0.0}, {""block"": ""star_ris"", ""rho"": 16.0, ""gain"": 0.005116230889615991}, {""block"": ""rsma"", ""rho"": 1.0, ""gain"": -3.552713678800501e-15}, {""block"": ""star_ris"", ""rho"": 2.0, ""gain"": 0.010323201259829773}, {""block"": ""rsma"", ""rho"": 1.0, ""gain"": 0.0}, {""block"": ""star_ris"", ""rho"": 4.0, ""gain"": 0.002047274290973178}, {""block"": ""rsma"", ""rho"": 1.0, ""gain"": 0.0}, {""block"": ""star_ris"", ""rho"": 4.0, ""gain"": 0.003447854036657816}, {""block"": ""rsma"", ""rho"": 1.0, ""gain"": 3.552713678800501e-15}, {""block"": ""star_ris"", ""rho"": 1.0, ""gain"": 0.00914703499018188}, {""block"": ""rsma"", ""rho"": 1.0, ""gain"": 0.0}, {""block"": ""star_ris"", ""rho"": 16.0, ""gain"": 0.001387817115144685}]",{},6498.014312,895cf8987087c169d7023476c078ebabf24f99fbbc30b65ad7fae1097d95a6fe,fc61d5cda7da39530055bae9bd0e92865f995cd9,f4c80269e5fb3cf553900b2e82f235af875b7c2e33b4ff71ec5d85cc25eb2b4e
ao_sca,128,10000,164,test,19.617661900236158,19.617661900236158,1.0,True,0.0,9,7103,17,ao_sca_proximal_physical,analytical_ris_equal_allocation,"[1.838018467851937, 19.074753765825754, 19.19083799192232, 19.37720501129541, 19.45333633008303, 19.564723230098778, 19.56757862281351, 19.601962279733367, 19.61628016194824, 19.617661900236154]","[{""block"": ""rsma"", ""rho"": 1.0, ""gain"": 16.827233554723428}, {""block"": ""star_ris"", ""rho"": 1.0, ""gain"": 0.409501743250388}, {""block"": ""rsma"", ""rho"": 1.0, ""gain"": -3.552713678800501e-15}, {""block"": ""star_ris"", ""rho"": 1.0, ""gain"": 0.11608422609656799}, {""block"": ""rsma"", ""rho"": 1.0, ""gain"": 0.0}, {""block"": ""star_ris"", ""rho"": 1.0, ""gain"": 0.18636701937309041}, {""block"": ""rsma"", ""rho"": 1.0, ""gain"": 0.0}, {""block"": ""star_ris"", ""rho"": 2.0, ""gain"": 0.07613131878762047}, {""block"": ""rsma"", ""rho"": 1.0, ""gain"": 0.0}, {""block"": ""star_ris"", ""rho"": 2.0, ""gain"": 0.11138690001574858}, {""block"": ""rsma"", ""rho"": 1.0, ""gain"": 0.0}, {""block"": ""star_ris"", ""rho"": 4.0, ""gain"": 0.002855392714732119}, {""block"": ""rsma"", ""rho"": 1.0, ""gain"": 3.552713678800501e-15}, {""block"": ""star_ris"", ""rho"": 4.0, ""gain"": 0.03438365691985368}, {""block"": ""rsma"", ""rho"": 1.0, ""gain"": 0.0}, {""block"": ""star_ris"", ""rho"": 2.0, ""gain"": 0.014317882214871958}, {""block"": ""rsma"", ""rho"": 1.0, ""gain"": -3.552713678800501e-15}, {""block"": ""star_ris"", ""rho"": 8.0, ""gain"": 0.0013817382879182105}]",{},4169.512388,895cf8987087c169d7023476c078ebabf24f99fbbc30b65ad7fae1097d95a6fe,fc61d5cda7da39530055bae9bd0e92865f995cd9,f4c80269e5fb3cf553900b2e82f235af875b7c2e33b4ff71ec5d85cc25eb2b4e
ao_sca,128,10000,165,test,19.92093146458518,19.92093146458518,1.0,True,0.0,16,12648,26,ao_sca_proximal_physical,analytical_ris_equal_allocation,"[1.8380243259145481, 19.16702462970265, 19.186949543535295, 19.19676338597953, 19.201634119494635, 19.455217894650467, 19.512968731263978, 19.519019612519383, 19.52415295749428, 19.58331038731121, 19.59604093443223, 19.745691786583155, 19.777805692535097, 19.789771801226166, 19.8175123362673, 19.92078118324557, 19.92093146458518]","[{""block"": ""rsma"", ""rho"": 1.0, ""gain"": 17.287895133224847}, {""block"": ""star_ris"", ""rho"": 16.0, ""gain"": 0.04110517056325236}, {""block"": ""rsma"", ""rho"": 1.0, ""gain"": 0.0}, {""block"": ""star_ris"", ""rho"": 32.0, ""gain"": 0.019924913832646496}, {""block"": ""rsma"", ""rho"": 1.0, ""gain"": 0.0}, {""block"": ""star_ris"", ""rho"": 64.0, ""gain"": 0.009813842444234666}, {""block"": ""rsma"", ""rho"": 1.0, ""gain"": 0.0}, {""block"": ""star_ris"", ""rho"": 128.0, ""gain"": 0.00487073351510503}, {""block"": ""rsma"", ""rho"": 1.0, ""gain"": 0.0}, {""block"": ""star_ris"", ""rho"": 1.0, ""gain"": 0.25358377515583186}, {""block"": ""rsma"", ""rho"": 1.0, ""gain"": 0.0}, {""block"": ""star_ris"", ""rho"": 1.0, ""gain"": 0.057750836613511325}, {""block"": ""rsma"", ""rho"": 1.0, ""gain"": -3.552713678800501e-15}, {""block"": ""star_ris"", ""rho"": 8.0, ""gain"": 0.0060508812554083136}, {""block"": ""rsma"", ""rho"": 1.0, ""gain"": -3.552713678800501e-15}, {""block"": ""star_ris"", ""rho"": 2.0, ""gain"": 0.005133344974900922}, {""block"": ""rsma"", ""rho"": 1.0, ""gain"": 0.0}, {""block"": ""star_ris"", ""rho"": 1.0, ""gain"": 0.059157429816931284}, {""block"": ""rsma"", ""rho"": 1.0, ""gain"": -3.552713678800501e-15}, {""block"": ""star_ris"", ""rho"": 1.0, ""gain"": 0.012730547121023505}, {""block"": ""rsma"", ""rho"": 1.0, ""gain"": 0.0}, {""block"": ""star_ris"", ""rho"": 1.0, ""gain"": 0.14965085215092344}, {""block"": ""rsma"", ""rho"": 1.0, ""gain"": -3.552713678800501e-15}, {""block"": ""star_ris"", ""rho"": 1.0, ""gain"": 0.0321139059519453}, {""block"": ""rsma"", ""rho"": 1.0, ""gain"": 0.0}, {""block"": ""star_ris"", ""rho"": 8.0, ""gain"": 0.011966108691069621}, {""block"": ""rsma"", ""rho"": 1.0, ""gain"": 0.0}, {""block"": ""star_ris"", ""rho"": 2.0, ""gain"": 0.02774053504113283}, {""block"": ""rsma"", ""rho"": 1.0, ""gain"": 0.0}, {""block"": ""star_ris"", ""rho"": 1.0, ""gain"": 0.10326884697827055}, {""block"": ""rsma"", ""rho"": 1.0, ""gain"": 0.0}, {""block"": ""star_ris"", ""rho"": 512.0, ""gain"": 0.0001502813396108138}]",{},7256.972829,895cf8987087c169d7023476c078ebabf24f99fbbc30b65ad7fae1097d95a6fe,fc61d5cda7da39530055bae9bd0e92865f995cd9,f4c80269e5fb3cf553900b2e82f235af875b7c2e33b4ff71ec5d85cc25eb2b4e
ao_sca,128,10000,166,test,19.46141912939466,19.46141912939466,1.0,True,0.0,3,2373,6,ao_sca_proximal_physical,analytical_ris_equal_allocation,"[1.8380254222955215, 19.360465147284234, 19.461083950425735, 19.46141912939466]","[{""block"": ""rsma"", ""rho"": 1.0, ""gain"": 17.28387663293935}, {""block"": ""star_ris"", ""rho"": 2.0, ""gain"": 0.2385630920493611}, {""block"": ""rsma"", ""rho"": 1.0, ""gain"": 0.0}, {""block"": ""star_ris"", ""rho"": 4.0, ""gain"": 0.10061880314150073}, {""block"": ""rsma"", ""rho"": 1.0, ""gain"": 0.0}, {""block"": ""star_ris"", ""rho"": 32.0, ""gain"": 0.0003351789689247653}]",{},1352.227029,895cf8987087c169d7023476c078ebabf24f99fbbc30b65ad7fae1097d95a6fe,fc61d5cda7da39530055bae9bd0e92865f995cd9,f4c80269e5fb3cf553900b2e82f235af875b7c2e33b4ff71ec5d85cc25eb2b4e
ao_sca,128,10000,167,test,19.589798974396388,19.589798974396388,1.0,True,0.0,7,5530,13,ao_sca_proximal_physical,analytical_ris_equal_allocation,"[1.8380240722956032, 19.20362388264902, 19.304399789623158, 19.3916607678333, 19.41220396557796, 19.58601639267863, 19.587984118210244, 19.589798974396388]","[{""block"": ""rsma"", ""rho"": 1.0, ""gain"": 17.282539775776115}, {""block"": ""star_ris"", ""rho"": 2.0, ""gain"": 0.08306003457730071}, {""block"": ""rsma"", ""rho"": 1.0, ""gain"": 0.0}, {""block"": ""star_ris"", ""rho"": 1.0, ""gain"": 0.10077590697413896}, {""block"": ""rsma"", ""rho"": 1.0, ""gain"": 0.0}, {""block"": ""star_ris"", ""rho"": 4.0, ""gain"": 0.08726097821014278}, {""block"": ""rsma"", ""rho"": 1.0, ""gain"": 0.0}, {""block"": ""star_ris"", ""rho"": 16.0, ""gain"": 0.02054319774465796}, {""block"": ""rsma"", ""rho"": 1.0, ""gain"": 3.552713678800501e-15}, {""block"": ""star_ris"", ""rho"": 1.0, ""gain"": 0.17381242710066758}, {""block"": ""rsma"", ""rho"": 1.0, ""gain"": 0.0}, {""block"": ""star_ris"", ""rho"": 16.0, ""gain"": 0.001967725531613951}, {""block"": ""rsma"", ""rho"": 1.0, ""gain"": 0.0}, {""block"": ""star_ris"", ""rho"": 4.0, ""gain"": 0.0018148561861437429}]",{},3116.709882,895cf8987087c169d7023476c078ebabf24f99fbbc30b65ad7fae1097d95a6fe,fc61d5cda7da39530055bae9bd0e92865f995cd9,f4c80269e5fb3cf553900b2e82f235af875b7c2e33b4ff71ec5d85cc25eb2b4e
ao_sca,128,10000,168,test,19.95886369068053,19.95886369068053,1.0,True,0.0,20,15796,37,ao_sca_proximal_physical,analytical_ris_equal_allocation,"[1.838018228368106, 18.91033555129917, 19.06031022860254, 19.128324217298665, 19.13649582281211, 19.200323863684, 19.230946799060494, 19.37820070214118, 19.55683296374598, 19.606531453533194, 19.82019303019986, 19.836183131779062, 19.839891382370975, 19.846931813029833, 19.84964702935106, 19.858348985574636, 19.884552766553178, 19.922610909863323, 19.924820466487674, 19.92983380286018, 19.95886369068053]","[{""block"": ""rsma"", ""rho"": 1.0, ""gain"": 16.686270952191204}, {""block"": ""star_ris"", ""rho"": 2.0, ""gain"": 0.3860463707398587}, {""block"": ""rsma"", ""rho"": 1.0, ""gain"": 0.0}, {""block"": ""star_ris"", ""rho"": 4.0, ""gain"": 0.14997467730336922}, {""block"": ""rsma"", ""rho"": 1.0, ""gain"": 0.0}, {""block"": ""star_ris"", ""rho"": 8.0, ""gain"": 0.0680139886961264}, {""block"": ""rsma"", ""rho"": 1.0, ""gain"": 0.0}, {""block"": ""star_ris"", ""rho"": 64.0, ""gain"": 0.00817160551344287}, {""block"": ""rsma"", ""rho"": 1.0, ""gain"": 3.552713678800501e-15}, {""block"": ""star_ris"", ""rho"": 8.0, ""gain"": 0.06382804087188987}, {""block"": ""rsma"", ""rho"": 1.0, ""gain"": 0.0}, {""block"": ""star_ris"", ""rho"": 16.0, ""gain"": 0.030622935376491967}, {""block"": ""rsma"", ""rho"": 1.0, ""gain"": 0.0}, {""block"": ""star_ris"", ""rho"": 1.0, ""gain"": 0.14725390308068498}, {""block"": ""rsma"", ""rho"": 1.0, ""gain"": 0.0}, {""block"": ""star_ris"", ""rho"": 1.0, ""gain"": 0.1786322616048004}, {""block"": ""rsma"", ""rho"": 1.0, ""gain"": 3.552713678800501e-15}, {""block"": ""star_ris"", ""rho"": 1.0, ""gain"": 0.04969848978721103}, {""block"": ""rsma"", ""rho"": 1.0, ""gain"": 0.0}, {""block"": ""star_ris"", ""rho"": 1.0, ""gain"": 0.21366157666666652}, {""block"": ""rsma"", ""rho"": 1.0, ""gain"": 0.0}, {""block"": ""star_ris"", ""rho"": 8.0, ""gain"": 0.01599010157920233}, {""block"": ""rsma"", ""rho"": 1.0, ""gain"": 0.0}, {""block"": ""star_ris"", ""rho"": 4.0, ""gain"": 0.0037082505919130426}, {""block"": ""rsma"", ""rho"": 1.0, ""gain"": 0.0}, {""block"": ""star_ris"", ""rho"": 2.0, ""gain"": 0.007040430658857844}, {""block"": ""rsma"", ""rho"": 1.0, ""gain"": 0.0}, {""block"": ""star_ris"", ""rho"": 4.0, ""gain"": 0.0027152163212278424}, {""block"": ""rsma"", ""rho"": 1.0, ""gain"": 0.0}, {""block"": ""star_ris"", ""rho"": 2.0, ""gain"": 0.00870195622357528}, {""block"": ""rsma"", ""rho"": 1.0, ""gain"": 3.552713678800501e-15}, {""block"": ""star_ris"", ""rho"": 2.0, ""gain"": 0.026203780978537594}, {""block"": ""rsma"", ""rho"": 1.0, ""gain"": 0.0}, {""block"": ""star_ris"", ""rho"": 2.0, ""gain"": 0.038058143310145454}, {""block"": ""rsma"", ""rho"": 1.0, ""gain"": 0.0}, {""block"": ""star_ris"", ""rho"": 2.0, ""gain"": 0.002209556624350739}, {""block"": ""rsma"", ""rho"": 1.0, ""gain"": 3.552713678800501e-15}, {""block"": ""star_ris"", ""rho"": 8.0, ""gain"": 0.005013336372503119}, {""block"": ""rsma"", ""rho"": 1.0, ""gain"": 0.0}, {""block"": ""star_ris"", ""rho"": 2.0, ""gain"": 0.029029887820350098}]",{},9002.892842,895cf8987087c169d7023476c078ebabf24f99fbbc30b65ad7fae1097d95a6fe,fc61d5cda7da39530055bae9bd0e92865f995cd9,f4c80269e5fb3cf553900b2e82f235af875b7c2e33b4ff71ec5d85cc25eb2b4e
ao_sca,128,10000,169,test,19.54588840221688,19.54588840221688,1.0,True,0.0,6,4742,8,ao_sca_proximal_physical,analytical_ris_equal_allocation,"[1.8380165648415445, 19.12242555197391, 19.458522689188435, 19.5177200230517, 19.537865908553947, 19.544552765278226, 19.545888402216878]","[{""block"": ""rsma"", ""rho"": 1.0, ""gain"": 16.655741766122162}, {""block"": ""star_ris"", ""rho"": 1.0, ""gain"": 0.628667221010204}, {""block"": ""rsma"", ""rho"": 1.0, ""gain"": 0.0}, {""block"": ""star_ris"", ""rho"": 1.0, ""gain"": 0.33609713721452295}, {""block"": ""rsma"", ""rho"": 1.0, ""gain"": 0.0}, {""block"": ""star_ris"", ""rho"": 4.0, ""gain"": 0.05919733386326698}, {""block"": ""rsma"", ""rho"": 1.0, ""gain"": 0.0}, {""block"": ""star_ris"", ""rho"": 16.0, ""gain"": 0.020145885502245164}, {""block"": ""rsma"", ""rho"": 1.0, ""gain"": 0.0}, {""block"": ""star_ris"", ""rho"": 8.0, ""gain"": 0.0066868567242792665}, {""block"": ""rsma"", ""rho"": 1.0, ""gain"": 0.0}, {""block"": ""star_ris"", ""rho"": 16.0, ""gain"": 0.0013356369386521294}]",{},2662.305088,895cf8987087c169d7023476c078ebabf24f99fbbc30b65ad7fae1097d95a6fe,fc61d5cda7da39530055bae9bd0e92865f995cd9,f4c80269e5fb3cf553900b2e82f235af875b7c2e33b4ff71ec5d85cc25eb2b4e
ao_sca,128,10000,170,test,19.325526786669037,19.325526786669037,1.0,True,0.0,3,2372,6,ao_sca_proximal_physical,analytical_ris_equal_allocation,"[1.8380237434115834, 19.217580077582266, 19.325479212840733, 19.325526786669034]","[{""block"": ""rsma"", ""rho"": 1.0, ""gain"": 17.261209726664273}, {""block"": ""star_ris"", ""rho"": 4.0, ""gain"": 0.11834660750641035}, {""block"": ""rsma"", ""rho"": 1.0, ""gain"": 0.0}, {""block"": ""star_ris"", ""rho"": 4.0, ""gain"": 0.10789913525846728}, {""block"": ""rsma"", ""rho"": 1.0, ""gain"": 0.0}, {""block"": ""star_ris"", ""rho"": 8.0, ""gain"": 4.757382830078427e-05}]",{},1352.766034,895cf8987087c169d7023476c078ebabf24f99fbbc30b65ad7fae1097d95a6fe,fc61d5cda7da39530055bae9bd0e92865f995cd9,f4c80269e5fb3cf553900b2e82f235af875b7c2e33b4ff71ec5d85cc25eb2b4e
ao_sca,128,10000,171,test,19.14181811625601,19.14181811625601,1.0,True,0.0,2,1581,4,ao_sca_proximal_physical,analytical_ris_equal_allocation,"[1.8380226122385204, 19.141670154079563, 19.141818116256015]","[{""block"": ""rsma"", ""rho"": 1.0, ""gain"": 17.035932819422662}, {""block"": ""star_ris"", ""rho"": 2.0, ""gain"": 0.2677147224183791}, {""block"": ""rsma"", ""rho"": 1.0, ""gain"": 0.0}, {""block"": ""star_ris"", ""rho"": 8.0, ""gain"": 0.00014796217645240972}]",{},868.969182,895cf8987087c169d7023476c078ebabf24f99fbbc30b65ad7fae1097d95a6fe,fc61d5cda7da39530055bae9bd0e92865f995cd9,f4c80269e5fb3cf553900b2e82f235af875b7c2e33b4ff71ec5d85cc25eb2b4e
ao_sca,128,10000,172,test,19.578872328200244,19.578872328200244,1.0,True,0.0,8,6324,16,ao_sca_proximal_physical,analytical_ris_equal_allocation,"[1.838023731496132, 19.386540464522795, 19.451405274424168, 19.465017482935494, 19.509419401530884, 19.51337457533234, 19.556896251063932, 19.578096608972526, 19.578872328200244]","[{""block"": ""rsma"", ""rho"": 1.0, ""gain"": 17.224299885330307}, {""block"": ""star_ris"", ""rho"": 1.0, ""gain"": 0.3242168476963556}, {""block"": ""rsma"", ""rho"": 1.0, ""gain"": 0.0}, {""block"": ""star_ris"", ""rho"": 2.0, ""gain"": 0.06486480990137267}, {""block"": ""rsma"", ""rho"": 1.0, ""gain"": 0.0}, {""block"": ""star_ris"", ""rho"": 4.0, ""gain"": 0.013612208511325719}, {""block"": ""rsma"", ""rho"": 1.0, ""gain"": 0.0}, {""block"": ""star_ris"", ""rho"": 4.0, ""gain"": 0.044401918595390555}, {""block"": ""rsma"", ""rho"": 1.0, ""gain"": 0.0}, {""block"": ""star_ris"", ""rho"": 2.0, ""gain"": 0.003955173801454492}, {""block"": ""rsma"", ""rho"": 1.0, ""gain"": -3.552713678800501e-15}, {""block"": ""star_ris"", ""rho"": 8.0, ""gain"": 0.04352167573159704}, {""block"": ""rsma"", ""rho"": 1.0, ""gain"": 3.552713678800501e-15}, {""block"": ""star_ris"", ""rho"": 16.0, ""gain"": 0.021200357908590206}, {""block"": ""rsma"", ""rho"": 1.0, ""gain"": 3.552713678800501e-15}, {""block"": ""star_ris"", ""rho"": 64.0, ""gain"": 0.0007757192277146885}]",{},3544.528689,895cf8987087c169d7023476c078ebabf24f99fbbc30b65ad7fae1097d95a6fe,fc61d5cda7da39530055bae9bd0e92865f995cd9,f4c80269e5fb3cf553900b2e82f235af875b7c2e33b4ff71ec5d85cc25eb2b4e
ao_sca,128,10000,173,test,19.4990742054787,19.4990742054787,1.0,True,0.0,7,5533,14,ao_sca_proximal_physical,analytical_ris_equal_allocation,"[1.8380206840051652, 19.01043999117446, 19.018430224256804, 19.347775661115747, 19.4599919097104, 19.462858317029646, 19.498715115742417, 19.4990742054787]","[{""block"": ""rsma"", ""rho"": 1.0, ""gain"": 17.105669482957776}, {""block"": ""star_ris"", ""rho"": 8.0, ""gain"": 0.06674982421152009}, {""block"": ""rsma"", ""rho"": 1.0, ""gain"": -3.552713678800501e-15}, {""block"": ""star_ris"", ""rho"": 64.0, ""gain"": 0.00799023308234581}, {""block"": ""rsma"", ""rho"": 1.0, ""gain"": 0.0}, {""block"": ""star_ris"", ""rho"": 1.0, ""gain"": 0.3293454368589437}, {""block"": ""rsma"", ""rho"": 1.0, ""gain"": 0.0}, {""block"": ""star_ris"", ""rho"": 2.0, ""gain"": 0.11221624859465251}, {""block"": ""rsma"", ""rho"": 1.0, ""gain"": 3.552713678800501e-15}, {""block"": ""star_ris"", ""rho"": 4.0, ""gain"": 0.00286640731924237}, {""block"": ""rsma"", ""rho"": 1.0, ""gain"": 0.0}, {""block"": ""star_ris"", ""rho"": 1.0, ""gain"": 0.035856798712771365}, {""block"": ""rsma"", ""rho"": 1.0, ""gain"": 3.552713678800501e-15}, {""block"": ""star_ris"", ""rho"": 16.0, ""gain"": 0.00035908973627840624}]",{},3125.526902,895cf8987087c169d7023476c078ebabf24f99fbbc30b65ad7fae1097d95a6fe,fc61d5cda7da39530055bae9bd0e92865f995cd9,f4c80269e5fb3cf553900b2e82f235af875b7c2e33b4ff71ec5d85cc25eb2b4e
ao_sca,128,10000,174,test,19.3834472305994,19.3834472305994,1.0,True,0.0,7,5543,13,ao_sca_proximal_physical,analytical_ris_equal_allocation,"[1.8380189063937946, 19.05671005127474, 19.181054652752906, 19.195342093101246, 19.20240924765975, 19.205924045546354, 19.38256319713647, 19.3834472305994]","[{""block"": ""rsma"", ""rho"": 1.0, ""gain"": 17.144853078583356}, {""block"": ""star_ris"", ""rho"": 1.0, ""gain"": 0.07383806629758993}, {""block"": ""rsma"", ""rho"": 1.0, ""gain"": 0.0}, {""block"": ""star_ris"", ""rho"": 4.0, ""gain"": 0.12434460147816395}, {""block"": ""rsma"", ""rho"": 1.0, ""gain"": 0.0}, {""block"": ""star_ris"", ""rho"": 32.0, ""gain"": 0.014287440348340397}, {""block"": ""rsma"", ""rho"": 1.0, ""gain"": 0.0}, {""block"": ""star_ris"", ""rho"": 64.0, ""gain"": 0.007067154558505706}, {""block"": ""rsma"", ""rho"": 1.0, ""gain"": 0.0}, {""block"": ""star_ris"", ""rho"": 128.0, ""gain"": 0.003514797886602139}, {""block"": ""rsma"", ""rho"": 1.0, ""gain"": 0.0}, {""block"": ""star_ris"", ""rho"": 1.0, ""gain"": 0.17663915159011623}, {""block"": ""rsma"", ""rho"": 1.0, ""gain"": 0.0}, {""block"": ""star_ris"", ""rho"": 64.0, ""gain"": 0.0008840334629311997}]",{},3238.257417,895cf8987087c169d7023476c078ebabf24f99fbbc30b65ad7fae1097d95a6fe,fc61d5cda7da39530055bae9bd0e92865f995cd9,f4c80269e5fb3cf553900b2e82f235af875b7c2e33b4ff71ec5d85cc25eb2b4e
ao_sca,128,10000,175,test,19.34329010361102,19.34329010361102,1.0,True,0.0,8,6323,15,ao_sca_proximal_physical,analytical_ris_equal_allocation,"[1.8380135854447337, 18.949874411358063, 19.1402517343914, 19.182608719584127, 19.203206372722732, 19.213366917161068, 19.232086061240466, 19.341502074569075, 19.34329010361102]","[{""block"": ""rsma"", ""rho"": 1.0, ""gain"": 16.567358936739637}, {""block"": ""star_ris"", ""rho"": 1.0, ""gain"": 0.5445018891736915}, {""block"": ""rsma"", ""rho"": 1.0, ""gain"": -3.552713678800501e-15}, {""block"": ""star_ris"", ""rho"": 2.0, ""gain"": 0.19037732303333854}, {""block"": ""rsma"", ""rho"": 1.0, ""gain"": 0.0}, {""block"": ""star_ris"", ""rho"": 8.0, ""gain"": 0.04235698519272901}, {""block"": ""rsma"", ""rho"": 1.0, ""gain"": 0.0}, {""block"": ""star_ris"", ""rho"": 16.0, ""gain"": 0.020597653138604954}, {""block"": ""rsma"", ""rho"": 1.0, ""gain"": 0.0}, {""block"": ""star_ris"", ""rho"": 32.0, ""gain"": 0.01016054443833525}, {""block"": ""rsma"", ""rho"": 1.0, ""gain"": -3.552713678800501e-15}, {""block"": ""star_ris"", ""rho"": 2.0, ""gain"": 0.018719144079401673}, {""block"": ""rsma"", ""rho"": 1.0, ""gain"": 0.0}, {""block"": ""star_ris"", ""rho"": 4.0, ""gain"": 0.10941601332860884}, {""block"": ""rsma"", ""rho"": 1.0, ""gain"": 0.0}, {""block"": ""star_ris"", ""rho"": 4.0, ""gain"": 0.0017880290419469702}]",{},3595.4206,895cf8987087c169d7023476c078ebabf24f99fbbc30b65ad7fae1097d95a6fe,fc61d5cda7da39530055bae9bd0e92865f995cd9,f4c80269e5fb3cf553900b2e82f235af875b7c2e33b4ff71ec5d85cc25eb2b4e
ao_sca,128,10000,176,test,19.80757951852133,19.80757951852133,1.0,True,0.0,12,9489,24,ao_sca_proximal_physical,analytical_ris_equal_allocation,"[1.838020408694839, 18.89257282899872, 18.97923837318438, 19.060434079998085, 19.205435209136382, 19.271106495272466, 19.30248639443947, 19.3178385369651, 19.421369713242214, 19.77367465681237, 19.780772223187995, 19.805760756198374, 19.80757951852133]","[{""block"": ""rsma"", ""rho"": 1.0, ""gain"": 16.857425055277737}, {""block"": ""star_ris"", ""rho"": 4.0, ""gain"": 0.19712736502614447}, {""block"": ""rsma"", ""rho"": 1.0, ""gain"": -3.552713678800501e-15}, {""block"": ""star_ris"", ""rho"": 8.0, ""gain"": 0.08666554418566363}, {""block"": ""rsma"", ""rho"": 1.0, ""gain"": 0.0}, {""block"": ""star_ris"", ""rho"": 8.0, ""gain"": 0.08119570681370547}, {""block"": ""rsma"", ""rho"": 1.0, ""gain"": 3.552713678800501e-15}, {""block"": ""star_ris"", ""rho"": 4.0, ""gain"": 0.14500112913829355}, {""block"": ""rsma"", ""rho"": 1.0, ""gain"": 0.0}, {""block"": ""star_ris"", ""rho"": 8.0, ""gain"": 0.06567128613608375}, {""block"": ""rsma"", ""rho"": 1.0, ""gain"": 3.552713678800501e-15}, {""block"": ""star_ris"", ""rho"": 16.0, ""gain"": 0.03137989916699979}, {""block"": ""rsma"", ""rho"": 1.0, ""gain"": 3.552713678800501e-15}, {""block"": ""star_ris"", ""rho"": 32.0, ""gain"": 0.015352142525625112}, {""block"": ""rsma"", ""rho"": 1.0, ""gain"": 0.0}, {""block"": ""star_ris"", ""rho"": 1.0, ""gain"": 0.10353117627711583}, {""block"": ""rsma"", ""rho"": 1.0, ""gain"": -3.552713678800501e-15}, {""block"": ""star_ris"", ""rho"": 1.0, ""gain"": 0.35230494357016084}, {""block"": ""rsma"", ""rho"": 1.0, ""gain"": 0.0}, {""block"": ""star_ris"", ""rho"": 16.0, ""gain"": 0.007097566375623643}, {""block"": ""rsma"", ""rho"": 1.0, ""gain"": 0.0}, {""block"": ""star_ris"", ""rho"": 4.0, ""gain"": 0.0249885330103794}, {""block"": ""rsma"", ""rho"": 1.0, ""gain"": 0.0}, {""block"": ""star_ris"", ""rho"": 16.0, ""gain"": 0.0018187623229550809}]",{},5554.978244,895cf8987087c169d7023476c078ebabf24f99fbbc30b65ad7fae1097d95a6fe,fc61d5cda7da39530055bae9bd0e92865f995cd9,f4c80269e5fb3cf553900b2e82f235af875b7c2e33b4ff71ec5d85cc25eb2b4e
ao_sca,128,10000,177,test,19.3918259447833,19.3918259447833,1.0,True,0.0,6,4747,10,ao_sca_proximal_physical,analytical_ris_equal_allocation,"[1.838015061363806, 19.066075943539275, 19.296635565178562, 19.343412484838048, 19.38643853281519, 19.389962939293103, 19.3918259447833]","[{""block"": ""rsma"", ""rho"": 1.0, ""gain"": 16.548793971856952}, {""block"": ""star_ris"", ""rho"": 1.0, ""gain"": 0.6792669103185176}, {""block"": ""rsma"", ""rho"": 1.0, ""gain"": 7.105427357601002e-15}, {""block"": ""star_ris"", ""rho"": 2.0, ""gain"": 0.23055962163928}, {""block"": ""rsma"", ""rho"": 1.0, ""gain"": 0.0}, {""block"": ""star_ris"", ""rho"": 4.0, ""gain"": 0.04677691965948583}, {""block"": ""rsma"", ""rho"": 1.0, ""gain"": 0.0}, {""block"": ""star_ris"", ""rho"": 16.0, ""gain"": 0.04302604797714338}, {""block"": ""rsma"", ""rho"": 1.0, ""gain"": 0.0}, {""block"": ""star_ris"", ""rho"": 64.0, ""gain"": 0.0035244064779114126}, {""block"": ""rsma"", ""rho"": 1.0, ""gain"": 0.0}, {""block"": ""star_ris"", ""rho"": 32.0, ""gain"": 0.0018630054901969118}]",{},2722.497907,895cf8987087c169d7023476c078ebabf24f99fbbc30b65ad7fae1097d95a6fe,fc61d5cda7da39530055bae9bd0e92865f995cd9,f4c80269e5fb3cf553900b2e82f235af875b7c2e33b4ff71ec5d85cc25eb2b4e
ao_sca,128,10000,178,test,19.42206244415725,19.42206244415725,1.0,True,0.0,2,1583,4,ao_sca_proximal_physical,analytical_ris_equal_allocation,"[1.8380255873527502, 19.420406145354946, 19.422062444157252]","[{""block"": ""rsma"", ""rho"": 1.0, ""gain"": 17.35604979168186}, {""block"": ""star_ris"", ""rho"": 2.0, ""gain"": 0.22633076632033777}, {""block"": ""rsma"", ""rho"": 1.0, ""gain"": 0.0}, {""block"": ""star_ris"", ""rho"": 32.0, ""gain"": 0.001656298802306111}]",{},911.366745,895cf8987087c169d7023476c078ebabf24f99fbbc30b65ad7fae1097d95a6fe,fc61d5cda7da39530055bae9bd0e92865f995cd9,f4c80269e5fb3cf553900b2e82f235af875b7c2e33b4ff71ec5d85cc25eb2b4e
ao_sca,128,10000,179,test,19.554640613074167,19.554640613074167,1.0,True,0.0,17,13441,31,ao_sca_proximal_physical,analytical_ris_equal_allocation,"[1.8380225780788677, 19.255238157064664, 19.259451833712504, 19.270726682652494, 19.29368708271521, 19.32960952039183, 19.35638204855411, 19.369412486797863, 19.37263915192049, 19.389509024301386, 19.40326184549949, 19.435488069318247, 19.45036393282693, 19.460717436009254, 19.478325001782657, 19.48513542280751, 19.554345392846102, 19.554640613074167]","[{""block"": ""rsma"", ""rho"": 1.0, ""gain"": 17.38453923405621}, {""block"": ""star_ris"", ""rho"": 2.0, ""gain"": 0.032676344929587486}, {""block"": ""rsma"", ""rho"": 1.0, ""gain"": -3.552713678800501e-15}, {""block"": ""star_ris"", ""rho"": 16.0, ""gain"": 0.004213676647843556}, {""block"": ""rsma"", ""rho"": 1.0, ""gain"": 0.0}, {""block"": ""star_ris"", ""rho"": 8.0, ""gain"": 0.011274848939990534}, {""block"": ""rsma"", ""rho"": 1.0, ""gain"": 0.0}, {""block"": ""star_ris"", ""rho"": 4.0, ""gain"": 0.022960400062714825}, {""block"": ""rsma"", ""rho"": 1.0, ""gain"": 0.0}, {""block"": ""star_ris"", ""rho"": 2.0, ""gain"": 0.0359224376766214}, {""block"": ""rsma"", ""rho"": 1.0, ""gain"": 3.552713678800501e-15}, {""block"": ""star_ris"", ""rho"": 16.0, ""gain"": 0.026772528162275933}, {""block"": ""rsma"", ""rho"": 1.0, ""gain"": -3.552713678800501e-15}, {""block"": ""star_ris"", ""rho"": 32.0, ""gain"": 0.013030438243756493}, {""block"": ""rsma"", ""rho"": 1.0, ""gain"": 3.552713678800501e-15}, {""block"": ""star_ris"", ""rho"": 128.0, ""gain"": 0.0032266651226251497}, {""block"": ""rsma"", ""rho"": 1.0, ""gain"": 3.552713678800501e-15}, {""block"": ""star_ris"", ""rho"": 8.0, ""gain"": 0.016869872380890882}, {""block"": ""rsma"", ""rho"": 1.0, ""gain"": 7.105427357601002e-15}, {""block"": ""star_ris"", ""rho"": 4.0, ""gain"": 0.013752821198096399}, {""block"": ""rsma"", ""rho"": 1.0, ""gain"": 0.0}, {""block"": ""star_ris"", ""rho"": 2.0, ""gain"": 0.03222622381875695}, {""block"": ""rsma"", ""rho"": 1.0, ""gain"": 0.0}, {""block"": ""star_ris"", ""rho"": 8.0, ""gain"": 0.014875863508684972}, {""block"": ""rsma"", ""rho"": 1.0, ""gain"": 0.0}, {""block"": ""star_ris"", ""rho"": 2.0, ""gain"": 0.010353503182322754}, {""block"": ""rsma"", ""rho"": 1.0, ""gain"": 0.0}, {""block"": ""star_ris"", ""rho"": 2.0, ""gain"": 0.017607565773403167}, {""block"": ""rsma"", ""rho"": 1.0, ""gain"": -3.552713678800501e-15}, {""block"": ""star_ris"", ""rho"": 4.0, ""gain"": 0.0068104210248556285}, {""block"": ""rsma"", ""rho"": 1.0, ""gain"": 0.0}, {""block"": ""star_ris"", ""rho"": 2.0, ""gain"": 0.06920997003859242}, {""block"": ""rsma"", ""rho"": 1.0, ""gain"": 0.0}, {""block"": ""star_ris"", ""rho"": 8.0, ""gain"": 0.0002952202280646077}]",{},7843.687393,895cf8987087c169d7023476c078ebabf24f99fbbc30b65ad7fae1097d95a6fe,fc61d5cda7da39530055bae9bd0e92865f995cd9,f4c80269e5fb3cf553900b2e82f235af875b7c2e33b4ff71ec5d85cc25eb2b4e
ao_sca,128,10000,180,test,19.682665736482143,19.682665736482143,1.0,True,0.0,7,5531,14,ao_sca_proximal_physical,analytical_ris_equal_allocation,"[1.8380236593185948, 19.16877610586132, 19.372094049035482, 19.56537856966138, 19.588002037522386, 19.66310287472852, 19.682288978867497, 19.682665736482146]","[{""block"": ""rsma"", ""rho"": 1.0, ""gain"": 17.13477902878209}, {""block"": ""star_ris"", ""rho"": 1.0, ""gain"": 0.1959734177606336}, {""block"": ""rsma"", ""rho"": 1.0, ""gain"": 0.0}, {""block"": ""star_ris"", ""rho"": 1.0, ""gain"": 0.20331794317416296}, {""block"": ""rsma"", ""rho"": 1.0, ""gain"": 0.0}, {""block"": ""star_ris"", ""rho"": 1.0, ""gain"": 0.19328452062589818}, {""block"": ""rsma"", ""rho"": 1.0, ""gain"": 0.0}, {""block"": ""star_ris"", ""rho"": 16.0, ""gain"": 0.02262346786100622}, {""block"": ""rsma"", ""rho"": 1.0, ""gain"": 0.0}, {""block"": ""star_ris"", ""rho"": 1.0, ""gain"": 0.07510083720613281}, {""block"": ""rsma"", ""rho"": 1.0, ""gain"": 0.0}, {""block"": ""star_ris"", ""rho"": 16.0, ""gain"": 0.01918610413897781}, {""block"": ""rsma"", ""rho"": 1.0, ""gain"": 0.0}, {""block"": ""star_ris"", ""rho"": 64.0, ""gain"": 0.0003767576146493923}]",{},3131.532764,895cf8987087c169d7023476c078ebabf24f99fbbc30b65ad7fae1097d95a6fe,fc61d5cda7da39530055bae9bd0e92865f995cd9,f4c80269e5fb3cf553900b2e82f235af875b7c2e33b4ff71ec5d85cc25eb2b4e
ao_sca,128,10000,181,test,18.896255887242837,18.896255887242837,1.0,True,0.0,4,3164,8,ao_sca_proximal_physical,analytical_ris_equal_allocation,"[1.838011085739855, 18.799371587347625, 18.868027130672118, 18.89621528490587, 18.896255887242834]","[{""block"": ""rsma"", ""rho"": 1.0, ""gain"": 16.621173732054526}, {""block"": ""star_ris"", ""rho"": 2.0, ""gain"": 0.3401867695532452}, {""block"": ""rsma"", ""rho"": 1.0, ""gain"": -3.552713678800501e-15}, {""block"": ""star_ris"", ""rho"": 8.0, ""gain"": 0.0686555433244962}, {""block"": ""rsma"", ""rho"": 1.0, ""gain"": 0.0}, {""block"": ""star_ris"", ""rho"": 16.0, ""gain"": 0.028188154233752982}, {""block"": ""rsma"", ""rho"": 1.0, ""gain"": 0.0}, {""block"": ""star_ris"", ""rho"": 8.0, ""gain"": 4.0602336962791696e-05}]",{},1810.405096,895cf8987087c169d7023476c078ebabf24f99fbbc30b65ad7fae1097d95a6fe,fc61d5cda7da39530055bae9bd0e92865f995cd9,f4c80269e5fb3cf553900b2e82f235af875b7c2e33b4ff71ec5d85cc25eb2b4e
ao_sca,128,10000,182,test,19.62628301235654,19.62628301235654,1.0,True,0.0,10,7907,19,ao_sca_proximal_physical,analytical_ris_equal_allocation,"[1.8380227907885056, 19.066938141440502, 19.093293515111238, 19.106226676202642, 19.411382604544738, 19.458303717304673, 19.597483619181745, 19.604178709140054, 19.611311525435735, 19.62542991160691, 19.62628301235654]","[{""block"": ""rsma"", ""rho"": 1.0, ""gain"": 17.11367433590081}, {""block"": ""star_ris"", ""rho"": 4.0, ""gain"": 0.11524101475118442}, {""block"": ""rsma"", ""rho"": 1.0, ""gain"": 0.0}, {""block"": ""star_ris"", ""rho"": 16.0, ""gain"": 0.026355373670735815}, {""block"": ""rsma"", ""rho"": 1.0, ""gain"": -3.552713678800501e-15}, {""block"": ""star_ris"", ""rho"": 32.0, ""gain"": 0.012933161091407186}, {""block"": ""rsma"", ""rho"": 1.0, ""gain"": 0.0}, {""block"": ""star_ris"", ""rho"": 1.0, ""gain"": 0.3051559283420957}, {""block"": ""rsma"", ""rho"": 1.0, ""gain"": 0.0}, {""block"": ""star_ris"", ""rho"": 2.0, ""gain"": 0.046921112759935824}, {""block"": ""rsma"", ""rho"": 1.0, ""gain"": 0.0}, {""block"": ""star_ris"", ""rho"": 2.0, ""gain"": 0.1391799018770712}, {""block"": ""rsma"", ""rho"": 1.0, ""gain"": 0.0}, {""block"": ""star_ris"", ""rho"": 8.0, ""gain"": 0.006695089958309808}, {""block"": ""rsma"", ""rho"": 1.0, ""gain"": 3.552713678800501e-15}, {""block"": ""star_ris"", ""rho"": 4.0, ""gain"": 0.007132816295676747}, {""block"": ""rsma"", ""rho"": 1.0, ""gain"": 0.0}, {""block"": ""star_ris"", ""rho"": 8.0, ""gain"": 0.014118386171176667}, {""block"": ""rsma"", ""rho"": 1.0, ""gain"": 0.0}, {""block"": ""star_ris"", ""rho"": 32.0, ""gain"": 0.0008531007496301868}]",{},4662.86036,895cf8987087c169d7023476c078ebabf24f99fbbc30b65ad7fae1097d95a6fe,fc61d5cda7da39530055bae9bd0e92865f995cd9,f4c80269e5fb3cf553900b2e82f235af875b7c2e33b4ff71ec5d85cc25eb2b4e
ao_sca,128,10000,183,test,19.421586559353344,19.421586559353344,1.0,True,0.0,9,7112,18,ao_sca_proximal_physical,analytical_ris_equal_allocation,"[1.8380177445927017, 18.947576847610517, 18.9559950125726, 18.974613056225152, 19.09829788270597, 19.13112602079309, 19.307622583289614, 19.376092247168984, 19.42056104566367, 19.421586559353344]","[{""block"": ""rsma"", ""rho"": 1.0, ""gain"": 17.1090658472306}, {""block"": ""star_ris"", ""rho"": 32.0, ""gain"": 0.0004932557872159293}, {""block"": ""rsma"", ""rho"": 1.0, ""gain"": 0.0}, {""block"": ""star_ris"", ""rho"": 8.0, ""gain"": 0.008418164962083807}, {""block"": ""rsma"", ""rho"": 1.0, ""gain"": 0.0}, {""block"": ""star_ris"", ""rho"": 2.0, ""gain"": 0.01861804365255182}, {""block"": ""rsma"", ""rho"": 1.0, ""gain"": 0.0}, {""block"": ""star_ris"", ""rho"": 4.0, ""gain"": 0.1236848264808188}, {""block"": ""rsma"", ""rho"": 1.0, ""gain"": 0.0}, {""block"": ""star_ris"", ""rho"": 1.0, ""gain"": 0.03282813808711893}, {""block"": ""rsma"", ""rho"": 1.0, ""gain"": 3.552713678800501e-15}, {""block"": ""star_ris"", ""rho"": 2.0, ""gain"": 0.17649656249652068}, {""block"": ""rsma"", ""rho"": 1.0, ""gain"": -3.552713678800501e-15}, {""block"": ""star_ris"", ""rho"": 1.0, ""gain"": 0.06846966387937314}, {""block"": ""rsma"", ""rho"": 1.0, ""gain"": 3.552713678800501e-15}, {""block"": ""star_ris"", ""rho"": 4.0, ""gain"": 0.04446879849468388}, {""block"": ""rsma"", ""rho"": 1.0, ""gain"": 3.552713678800501e-15}, {""block"": ""star_ris"", ""rho"": 32.0, ""gain"": 0.0010255136896688555}]",{},4099.838949,895cf8987087c169d7023476c078ebabf24f99fbbc30b65ad7fae1097d95a6fe,fc61d5cda7da39530055bae9bd0e92865f995cd9,f4c80269e5fb3cf553900b2e82f235af875b7c2e33b4ff71ec5d85cc25eb2b4e
ao_sca,128,10000,184,test,19.76856408550059,19.76856408550059,1.0,True,0.0,10,7909,16,ao_sca_proximal_physical,analytical_ris_equal_allocation,"[1.8380216160269163, 18.71534234943747, 18.750681051155002, 18.759318105051584, 18.763611001175413, 19.252285396260504, 19.594588341756463, 19.67772357663662, 19.70162699591568, 19.76704760234589, 19.76856408550059]","[{""block"": ""rsma"", ""rho"": 1.0, ""gain"": 16.721097557489337}, {""block"": ""star_ris"", ""rho"": 4.0, ""gain"": 0.15622317592121604}, {""block"": ""rsma"", ""rho"": 1.0, ""gain"": 0.0}, {""block"": ""star_ris"", ""rho"": 16.0, ""gain"": 0.03533870171753151}, {""block"": ""rsma"", ""rho"": 1.0, ""gain"": 0.0}, {""block"": ""star_ris"", ""rho"": 64.0, ""gain"": 0.008637053896581648}, {""block"": ""rsma"", ""rho"": 1.0, ""gain"": -3.552713678800501e-15}, {""block"": ""star_ris"", ""rho"": 128.0, ""gain"": 0.004292896123832435}, {""block"": ""rsma"", ""rho"": 1.0, ""gain"": 0.0}, {""block"": ""star_ris"", ""rho"": 1.0, ""gain"": 0.48867439508509136}, {""block"": ""rsma"", ""rho"": 1.0, ""gain"": 0.0}, {""block"": ""star_ris"", ""rho"": 1.0, ""gain"": 0.34230294549595897}, {""block"": ""rsma"", ""rho"": 1.0, ""gain"": 0.0}, {""block"": ""star_ris"", ""rho"": 2.0, ""gain"": 0.08313523488015662}, {""block"": ""rsma"", ""rho"": 1.0, ""gain"": 0.0}, {""block"": ""star_ris"", ""rho"": 2.0, ""gain"": 0.02390341927906192}, {""block"": ""rsma"", ""rho"": 1.0, ""gain"": 0.0}, {""block"": ""star_ris"", ""rho"": 4.0, ""gain"": 0.06542060643020875}, {""block"": ""rsma"", ""rho"": 1.0, ""gain"": 0.0}, {""block"": ""star_ris"", ""rho"": 32.0, ""gain"": 0.0015164831546989888}]",{},4541.118933,895cf8987087c169d7023476c078ebabf24f99fbbc30b65ad7fae1097d95a6fe,fc61d5cda7da39530055bae9bd0e92865f995cd9,f4c80269e5fb3cf553900b2e82f235af875b7c2e33b4ff71ec5d85cc25eb2b4e
ao_sca,128,10000,185,test,19.764241479567445,19.764241479567445,1.0,True,0.0,20,15802,36,ao_sca_proximal_physical,analytical_ris_equal_allocation,"[1.8380054867522142, 18.165380522082657, 18.17341439498727, 18.46082466541921, 18.91216164769772, 19.073595916104814, 19.394194382472556, 19.449942483609195, 19.63208451181116, 19.63417037922595, 19.6367823655671, 19.657147415748213, 19.661580804549015, 19.663689996334387, 19.6782227071867, 19.684473086368712, 19.698509634418357, 19.71260102615285, 19.721686947007953, 19.75595321493494, 19.764241479567445]","[{""block"": ""rsma"", ""rho"": 1.0, ""gain"": 16.188444506683364}, {""block"": ""star_ris"", ""rho"": 8.0, ""gain"": 0.1389305286470801}, {""block"": ""rsma"", ""rho"": 1.0, ""gain"": 0.0}, {""block"": ""star_ris"", ""rho"": 128.0, ""gain"": 0.008033872904611883}, {""block"": ""rsma"", ""rho"": 1.0, ""gain"": 0.0}, {""block"": ""star_ris"", ""rho"": 1.0, ""gain"": 0.28741027043194123}, {""block"": ""rsma"", ""rho"": 1.0, ""gain"": 3.552713678800501e-15}, {""block"": ""star_ris"", ""rho"": 1.0, ""gain"": 0.45133698227850516}, {""block"": ""rsma"", ""rho"": 1.0, ""gain"": 0.0}, {""block"": ""star_ris"", ""rho"": 1.0, ""gain"": 0.16143426840709552}, {""block"": ""rsma"", ""rho"": 1.0, ""gain"": 3.552713678800501e-15}, {""block"": ""star_ris"", ""rho"": 1.0, ""gain"": 0.3205984663677377}, {""block"": ""rsma"", ""rho"": 1.0, ""gain"": 0.0}, {""block"": ""star_ris"", ""rho"": 1.0, ""gain"": 0.05574810113663986}, {""block"": ""rsma"", ""rho"": 1.0, ""gain"": 3.552713678800501e-15}, {""block"": ""star_ris"", ""rho"": 2.0, ""gain"": 0.18214202820196235}, {""block"": ""rsma"", ""rho"": 1.0, ""gain"": 0.0}, {""block"": ""star_ris"", ""rho"": 16.0, ""gain"": 0.0020858674147881118}, {""block"": ""rsma"", ""rho"": 1.0, ""gain"": 0.0}, {""block"": ""star_ris"", ""rho"": 16.0, ""gain"": 0.002611986341150896}, {""block"": ""rsma"", ""rho"": 1.0, ""gain"": 0.0}, {""block"": ""star_ris"", ""rho"": 16.0, ""gain"": 0.020365050181112565}, {""block"": ""rsma"", ""rho"": 1.0, ""gain"": 0.0}, {""block"": ""star_ris"", ""rho"": 4.0, ""gain"": 0.004433388800801907}, {""block"": ""rsma"", ""rho"": 1.0, ""gain"": 0.0}, {""block"": ""star_ris"", ""rho"": 4.0, ""gain"": 0.0021091917853723885}, {""block"": ""rsma"", ""rho"": 1.0, ""gain"": -3.552713678800501e-15}, {""block"": ""star_ris"", ""rho"": 4.0, ""gain"": 0.014532710852314779}, {""block"": ""rsma"", ""rho"": 1.0, ""gain"": 0.0}, {""block"": ""star_ris"", ""rho"": 8.0, ""gain"": 0.0062503791820134325}, {""block"": ""rsma"", ""rho"": 1.0, ""gain"": 3.552713678800501e-15}, {""block"": ""star_ris"", ""rho"": 4.0, ""gain"": 0.01403654804964205}, {""block"": ""rsma"", ""rho"": 1.0, ""gain"": 0.0}, {""block"": ""star_ris"", ""rho"": 2.0, ""gain"": 0.014091391734492476}, {""block"": ""rsma"", ""rho"": 1.0, ""gain"": 0.0}, {""block"": ""star_ris"", ""rho"": 4.0, ""gain"": 0.009085920855103069}, {""block"": ""rsma"", ""rho"": 1.0, ""gain"": 0.0}, {""block"": ""star_ris"", ""rho"": 8.0, ""gain"": 0.03426626792698784}, {""block"": ""rsma"", ""rho"": 1.0, ""gain"": 0.0}, {""block"": ""star_ris"", ""rho"": 2.0, ""gain"": 0.00828826463250465}]",{},9116.049333,895cf8987087c169d7023476c078ebabf24f99fbbc30b65ad7fae1097d95a6fe,fc61d5cda7da39530055bae9bd0e92865f995cd9,f4c80269e5fb3cf553900b2e82f235af875b7c2e33b4ff71ec5d85cc25eb2b4e
ao_sca,128,10000,186,test,20.17004992265054,20.17004992265054,1.0,True,0.0,20,15807,36,ao_sca_proximal_physical,analytical_ris_equal_allocation,"[1.838026630261802, 19.084633925588058, 19.22477005612333, 19.28839587027866, 19.31886459245623, 19.333789868520242, 19.337486695203093, 19.557643776951103, 19.581916351874323, 19.74325698165012, 19.750525869583484, 19.791185368302486, 19.79411223450479, 19.8181396641196, 19.899596432310215, 19.922806188951135, 19.973220001353983, 20.013180744545394, 20.11593551920492, 20.14405628713096, 20.17004992265054]","[{""block"": ""rsma"", ""rho"": 1.0, ""gain"": 17.08740136129051}, {""block"": ""star_ris"", ""rho"": 4.0, ""gain"": 0.15920593403574657}, {""block"": ""rsma"", ""rho"": 1.0, ""gain"": 3.552713678800501e-15}, {""block"": ""star_ris"", ""rho"": 4.0, ""gain"": 0.14013613053526797}, {""block"": ""rsma"", ""rho"": 1.0, ""gain"": 3.552713678800501e-15}, {""block"": ""star_ris"", ""rho"": 8.0, ""gain"": 0.06362581415532631}, {""block"": ""rsma"", ""rho"": 1.0, ""gain"": 0.0}, {""block"": ""star_ris"", ""rho"": 16.0, ""gain"": 0.03046872217757013}, {""block"": ""rsma"", ""rho"": 1.0, ""gain"": -3.552713678800501e-15}, {""block"": ""star_ris"", ""rho"": 32.0, ""gain"": 0.014925276064015947}, {""block"": ""rsma"", ""rho"": 1.0, ""gain"": 0.0}, {""block"": ""star_ris"", ""rho"": 128.0, ""gain"": 0.0036968266828516505}, {""block"": ""rsma"", ""rho"": 1.0, ""gain"": 0.0}, {""block"": ""star_ris"", ""rho"": 2.0, ""gain"": 0.22015708174800963}, {""block"": ""rsma"", ""rho"": 1.0, ""gain"": -7.105427357601002e-15}, {""block"": ""star_ris"", ""rho"": 16.0, ""gain"": 0.024272574923227097}, {""block"": ""rsma"", ""rho"": 1.0, ""gain"": 0.0}, {""block"": ""star_ris"", ""rho"": 2.0, ""gain"": 0.16134062977579688}, {""block"": ""rsma"", ""rho"": 1.0, ""gain"": 0.0}, {""block"": ""star_ris"", ""rho"": 2.0, ""gain"": 0.007268887933363999}, {""block"": ""rsma"", ""rho"": 1.0, ""gain"": 0.0}, {""block"": ""star_ris"", ""rho"": 8.0, ""gain"": 0.040659498719001874}, {""block"": ""rsma"", ""rho"": 1.0, ""gain"": 0.0}, {""block"": ""star_ris"", ""rho"": 2.0, ""gain"": 0.0029268662023049785}, {""block"": ""rsma"", ""rho"": 1.0, ""gain"": 0.0}, {""block"": ""star_ris"", ""rho"": 16.0, ""gain"": 0.02402742961480797}, {""block"": ""rsma"", ""rho"": 1.0, ""gain"": 0.0}, {""block"": ""star_ris"", ""rho"": 1.0, ""gain"": 0.0814567681906162}, {""block"": ""rsma"", ""rho"": 1.0, ""gain"": 0.0}, {""block"": ""star_ris"", ""rho"": 8.0, ""gain"": 0.023209756640920176}, {""block"": ""rsma"", ""rho"": 1.0, ""gain"": 0.0}, {""block"": ""star_ris"", ""rho"": 1.0, ""gain"": 0.050413812402847924}, {""block"": ""rsma"", ""rho"": 1.0, ""gain"": 0.0}, {""block"": ""star_ris"", ""rho"": 1.0, ""gain"": 0.039960743191411296}, {""block"": ""rsma"", ""rho"": 1.0, ""gain"": 0.0}, {""block"": ""star_ris"", ""rho"": 1.0, ""gain"": 0.10275477465952676}, {""block"": ""rsma"", ""rho"": 1.0, ""gain"": -3.552713678800501e-15}, {""block"": ""star_ris"", ""rho"": 16.0, ""gain"": 0.02812076792604401}, {""block"": ""rsma"", ""rho"": 1.0, ""gain"": 0.0}, {""block"": ""star_ris"", ""rho"": 2.0, ""gain"": 0.025993635519579783}]",{},9076.188998,895cf8987087c169d7023476c078ebabf24f99fbbc30b65ad7fae1097d95a6fe,fc61d5cda7da39530055bae9bd0e92865f995cd9,f4c80269e5fb3cf553900b2e82f235af875b7c2e33b4ff71ec5d85cc25eb2b4e
ao_sca,128,10000,187,test,20.07641097935104,20.07641097935104,1.0,True,0.0,20,15790,32,ao_sca_proximal_physical,analytical_ris_equal_allocation,"[1.8380256004796167, 19.40512247154885, 19.418108742204502, 19.45566831366363, 19.477065780779533, 19.567730220070064, 19.648117936576902, 19.675744960131144, 19.738618013743615, 19.75535317986659, 19.89426551247788, 19.905445988478192, 19.915839752605844, 19.922937256726456, 19.979852784167036, 19.993625193847116, 20.013669890221735, 20.02540819637495, 20.041563987978623, 20.07149911304539, 20.076410979351042]","[{""block"": ""rsma"", ""rho"": 1.0, ""gain"": 17.558286134805034}, {""block"": ""star_ris"", ""rho"": 4.0, ""gain"": 0.008810736264198482}, {""block"": ""rsma"", ""rho"": 1.0, ""gain"": 0.0}, {""block"": ""star_ris"", ""rho"": 4.0, ""gain"": 0.012986270655652277}, {""block"": ""rsma"", ""rho"": 1.0, ""gain"": 0.0}, {""block"": ""star_ris"", ""rho"": 1.0, ""gain"": 0.03755957145912703}, {""block"": ""rsma"", ""rho"": 1.0, ""gain"": 3.552713678800501e-15}, {""block"": ""star_ris"", ""rho"": 2.0, ""gain"": 0.02139746711590007}, {""block"": ""rsma"", ""rho"": 1.0, ""gain"": 0.0}, {""block"": ""star_ris"", ""rho"": 1.0, ""gain"": 0.09066443929053136}, {""block"": ""rsma"", ""rho"": 1.0, ""gain"": 3.552713678800501e-15}, {""block"": ""star_ris"", ""rho"": 1.0, ""gain"": 0.0803877165068343}, {""block"": ""rsma"", ""rho"": 1.0, ""gain"": -7.105427357601002e-15}, {""block"": ""star_ris"", ""rho"": 1.0, ""gain"": 0.027627023554249064}, {""block"": ""rsma"", ""rho"": 1.0, ""gain"": 3.552713678800501e-15}, {""block"": ""star_ris"", ""rho"": 1.0, ""gain"": 0.06287305361246709}, {""block"": ""rsma"", ""rho"": 1.0, ""gain"": 0.0}, {""block"": ""star_ris"", ""rho"": 2.0, ""gain"": 0.016735166122973766}, {""block"": ""rsma"", ""rho"": 1.0, ""gain"": 3.552713678800501e-15}, {""block"": ""star_ris"", ""rho"": 1.0, ""gain"": 0.13891233261128733}, {""block"": ""rsma"", ""rho"": 1.0, ""gain"": 0.0}, {""block"": ""star_ris"", ""rho"": 16.0, ""gain"": 0.011180476000312467}, {""block"": ""rsma"", ""rho"": 1.0, ""gain"": 0.0}, {""block"": ""star_ris"", ""rho"": 2.0, ""gain"": 0.01039376412765236}, {""block"": ""rsma"", ""rho"": 1.0, ""gain"": 0.0}, {""block"": ""star_ris"", ""rho"": 4.0, ""gain"": 0.0070975041206118306}, {""block"": ""rsma"", ""rho"": 1.0, ""gain"": 0.0}, {""block"": ""star_ris"", ""rho"": 4.0, ""gain"": 0.05691552744058015}, {""block"": ""rsma"", ""rho"": 1.0, ""gain"": 0.0}, {""block"": ""star_ris"", ""rho"": 4.0, ""gain"": 0.013772409680079534}, {""block"": ""rsma"", ""rho"": 1.0, ""gain"": 3.552713678800501e-15}, {""block"": ""star_ris"", ""rho"": 4.0, ""gain"": 0.020044696374615256}, {""block"": ""rsma"", ""rho"": 1.0, ""gain"": 0.0}, {""block"": ""star_ris"", ""rho"": 4.0, ""gain"": 0.011738306153215916}, {""block"": ""rsma"", ""rho"": 1.0, ""gain"": 3.552713678800501e-15}, {""block"": ""star_ris"", ""rho"": 4.0, ""gain"": 0.0161557916036692}, {""block"": ""rsma"", ""rho"": 1.0, ""gain"": 0.0}, {""block"": ""star_ris"", ""rho"": 8.0, ""gain"": 0.029935125066767654}, {""block"": ""rsma"", ""rho"": 1.0, ""gain"": 0.0}, {""block"": ""star_ris"", ""rho"": 8.0, ""gain"": 0.0049118663056511025}]",{},9265.141568,895cf8987087c169d7023476c078ebabf24f99fbbc30b65ad7fae1097d95a6fe,fc61d5cda7da39530055bae9bd0e92865f995cd9,f4c80269e5fb3cf553900b2e82f235af875b7c2e33b4ff71ec5d85cc25eb2b4e
ao_sca,128,10000,188,test,19.89717549656297,19.89717549656297,1.0,True,0.0,5,3942,8,ao_sca_proximal_physical,analytical_ris_equal_allocation,"[1.8380287578751318, 19.609697969033643, 19.787017094430087, 19.852200255439044, 19.89683559042126, 19.89717549656297]","[{""block"": ""rsma"", ""rho"": 1.0, ""gain"": 17.266780894388496}, {""block"": ""star_ris"", ""rho"": 1.0, ""gain"": 0.504888316770014}, {""block"": ""rsma"", ""rho"": 1.0, ""gain"": 0.0}, {""block"": ""star_ris"", ""rho"": 1.0, ""gain"": 0.17731912539644412}, {""block"": ""rsma"", ""rho"": 1.0, ""gain"": 0.0}, {""block"": ""star_ris"", ""rho"": 2.0, ""gain"": 0.0651831610089566}, {""block"": ""rsma"", ""rho"": 1.0, ""gain"": 0.0}, {""block"": ""star_ris"", ""rho"": 1.0, ""gain"": 0.0446353349822175}, {""block"": ""rsma"", ""rho"": 1.0, ""gain"": -7.105427357601002e-15}, {""block"": ""star_ris"", ""rho"": 1.0, ""gain"": 0.000339906141714863}]",{},2292.482644,895cf8987087c169d7023476c078ebabf24f99fbbc30b65ad7fae1097d95a6fe,fc61d5cda7da39530055bae9bd0e92865f995cd9,f4c80269e5fb3cf553900b2e82f235af875b7c2e33b4ff71ec5d85cc25eb2b4e
ao_sca,128,10000,189,test,19.29700719037152,19.29700719037152,1.0,True,0.0,3,2368,6,ao_sca_proximal_physical,analytical_ris_equal_allocation,"[1.8380194905771603, 19.1429983234374, 19.29653196803623, 19.297007190371517]","[{""block"": ""rsma"", ""rho"": 1.0, ""gain"": 17.103708166331096}, {""block"": ""star_ris"", ""rho"": 1.0, ""gain"": 0.20127066652914394}, {""block"": ""rsma"", ""rho"": 1.0, ""gain"": 0.0}, {""block"": ""star_ris"", ""rho"": 1.0, ""gain"": 0.15353364459883068}, {""block"": ""rsma"", ""rho"": 1.0, ""gain"": 0.0}, {""block"": ""star_ris"", ""rho"": 8.0, ""gain"": 0.000475222335285963}]",{},1353.033189,895cf8987087c169d7023476c078ebabf24f99fbbc30b65ad7fae1097d95a6fe,fc61d5cda7da39530055bae9bd0e92865f995cd9,f4c80269e5fb3cf553900b2e82f235af875b7c2e33b4ff71ec5d85cc25eb2b4e
ao_sca,128,10000,190,test,19.196457178593818,19.196457178593818,1.0,True,0.0,2,1579,4,ao_sca_proximal_physical,analytical_ris_equal_allocation,"[1.838022897900062, 19.194736715688975, 19.196457178593818]","[{""block"": ""rsma"", ""rho"": 1.0, ""gain"": 17.344420971143354}, {""block"": ""star_ris"", ""rho"": 1.0, ""gain"": 0.012292846645561184}, {""block"": ""rsma"", ""rho"": 1.0, ""gain"": 3.552713678800501e-15}, {""block"": ""star_ris"", ""rho"": 4.0, ""gain"": 0.0017204629048386266}]",{},897.672471,895cf8987087c169d7023476c078ebabf24f99fbbc30b65ad7fae1097d95a6fe,fc61d5cda7da39530055bae9bd0e92865f995cd9,f4c80269e5fb3cf553900b2e82f235af875b7c2e33b4ff71ec5d85cc25eb2b4e
ao_sca,128,10000,191,test,19.517139548570388,19.517139548570388,1.0,True,0.0,11,8702,19,ao_sca_proximal_physical,analytical_ris_equal_allocation,"[1.8380212199209973, 19.06825271402765, 19.135546154818623, 19.26418950924908, 19.322369381556356, 19.4323553352227, 19.449629956575034, 19.499727318610905, 19.50823550212883, 19.510651555253975, 19.51665247117994, 19.517139548570388]","[{""block"": ""rsma"", ""rho"": 1.0, ""gain"": 17.173053584974777}, {""block"": ""star_ris"", ""rho"": 8.0, ""gain"": 0.0571779091318767}, {""block"": ""rsma"", ""rho"": 1.0, ""gain"": 0.0}, {""block"": ""star_ris"", ""rho"": 1.0, ""gain"": 0.06729344079097288}, {""block"": ""rsma"", ""rho"": 1.0, ""gain"": 0.0}, {""block"": ""star_ris"", ""rho"": 4.0, ""gain"": 0.12864335443045505}, {""block"": ""rsma"", ""rho"": 1.0, ""gain"": 0.0}, {""block"": ""star_ris"", ""rho"": 8.0, ""gain"": 0.05817987230727795}, {""block"": ""rsma"", ""rho"": 1.0, ""gain"": 3.552713678800501e-15}, {""block"": ""star_ris"", ""rho"": 2.0, ""gain"": 0.10998595366633879}, {""block"": ""rsma"", ""rho"": 1.0, ""gain"": 0.0}, {""block"": ""star_ris"", ""rho"": 2.0, ""gain"": 0.017274621352335373}, {""block"": ""rsma"", ""rho"": 1.0, ""gain"": 3.552713678800501e-15}, {""block"": ""star_ris"", ""rho"": 8.0, ""gain"": 0.05009736203586712}, {""block"": ""rsma"", ""rho"": 1.0, ""gain"": 0.0}, {""block"": ""star_ris"", ""rho"": 32.0, ""gain"": 0.00850818351792526}, {""block"": ""rsma"", ""rho"": 1.0, ""gain"": 0.0}, {""block"": ""star_ris"", ""rho"": 32.0, ""gain"": 0.0024160531251453676}, {""block"": ""rsma"", ""rho"": 1.0, ""gain"": 3.552713678800501e-15}, {""block"": ""star_ris"", ""rho"": 64.0, ""gain"": 0.006000915925959305}, {""block"": ""rsma"", ""rho"": 1.0, ""gain"": 0.0}, {""block"": ""star_ris"", ""rho"": 16.0, ""gain"": 0.00048707739044928644}]",{},4953.011845,895cf8987087c169d7023476c078ebabf24f99fbbc30b65ad7fae1097d95a6fe,fc61d5cda7da39530055bae9bd0e92865f995cd9,f4c80269e5fb3cf553900b2e82f235af875b7c2e33b4ff71ec5d85cc25eb2b4e
ao_sca,128,10000,192,test,19.13712024860337,19.13712024860337,1.0,True,0.0,5,3953,9,ao_sca_proximal_physical,analytical_ris_equal_allocation,"[1.8380146478004633, 18.91306420588934, 19.06122900603554, 19.12829340351557, 19.136342719948047, 19.137120248603374]","[{""block"": ""rsma"", ""rho"": 1.0, ""gain"": 16.6933608471133}, {""block"": ""star_ris"", ""rho"": 2.0, ""gain"": 0.38168871097557755}, {""block"": ""rsma"", ""rho"": 1.0, ""gain"": 0.0}, {""block"": ""star_ris"", ""rho"": 4.0, ""gain"": 0.1481648001461977}, {""block"": ""rsma"", ""rho"": 1.0, ""gain"": -3.552713678800501e-15}, {""block"": ""star_ris"", ""rho"": 8.0, ""gain"": 0.0670643974800349}, {""block"": ""rsma"", ""rho"": 1.0, ""gain"": 0.0}, {""block"": ""star_ris"", ""rho"": 64.0, ""gain"": 0.008049316432476417}, {""block"": ""rsma"", ""rho"": 1.0, ""gain"": 0.0}, {""block"": ""star_ris"", ""rho"": 1.0, ""gain"": 0.0007775286553268757}]",{},2320.351973,895cf8987087c169d7023476c078ebabf24f99fbbc30b65ad7fae1097d95a6fe,fc61d5cda7da39530055bae9bd0e92865f995cd9,f4c80269e5fb3cf553900b2e82f235af875b7c2e33b4ff71ec5d85cc25eb2b4e
ao_sca,128,10000,193,test,19.959474283801203,19.959474283801203,1.0,True,0.0,7,5525,13,ao_sca_proximal_physical,analytical_ris_equal_allocation,"[1.8380328617362105, 19.68552503238441, 19.717454956064465, 19.777687518584052, 19.862387833197058, 19.9418063275684, 19.958736972331696, 19.959474283801203]","[{""block"": ""rsma"", ""rho"": 1.0, ""gain"": 17.843857151060412}, {""block"": ""star_ris"", ""rho"": 16.0, ""gain"": 0.0036350195877901115}, {""block"": ""rsma"", ""rho"": 1.0, ""gain"": 0.0}, {""block"": ""star_ris"", ""rho"": 1.0, ""gain"": 0.03192992368005321}, {""block"": ""rsma"", ""rho"": 1.0, ""gain"": 0.0}, {""block"": ""star_ris"", ""rho"": 1.0, ""gain"": 0.06023256251958742}, {""block"": ""rsma"", ""rho"": 1.0, ""gain"": 0.0}, {""block"": ""star_ris"", ""rho"": 4.0, ""gain"": 0.08470031461300565}, {""block"": ""rsma"", ""rho"": 1.0, ""gain"": 3.552713678800501e-15}, {""block"": ""star_ris"", ""rho"": 1.0, ""gain"": 0.07941849437133897}, {""block"": ""rsma"", ""rho"": 1.0, ""gain"": 0.0}, {""block"": ""star_ris"", ""rho"": 4.0, ""gain"": 0.016930644763295533}, {""block"": ""rsma"", ""rho"": 1.0, ""gain"": 3.552713678800501e-15}, {""block"": ""star_ris"", ""rho"": 1.0, ""gain"": 0.0007373114695035099}]",{},3216.84099,895cf8987087c169d7023476c078ebabf24f99fbbc30b65ad7fae1097d95a6fe,fc61d5cda7da39530055bae9bd0e92865f995cd9,f4c80269e5fb3cf553900b2e82f235af875b7c2e33b4ff71ec5d85cc25eb2b4e
ao_sca,128,10000,194,test,19.90053736366782,19.90053736366782,1.0,True,0.0,19,15017,32,ao_sca_proximal_physical,analytical_ris_equal_allocation,"[1.838025712604186, 19.331182066884924, 19.381437737714787, 19.40575498970819, 19.417728182554924, 19.420700885253353, 19.435705978249157, 19.754767906053488, 19.758069736328576, 19.762970439172708, 19.771913907933325, 19.77734224238388, 19.78415237952661, 19.79419480234041, 19.80324657895556, 19.817329808049493, 19.820565030093356, 19.846504409296685, 19.900361582013325, 19.90053736366782]","[{""block"": ""rsma"", ""rho"": 1.0, ""gain"": 17.21649147262246}, {""block"": ""star_ris"", ""rho"": 1.0, ""gain"": 0.2766648816582773}, {""block"": ""rsma"", ""rho"": 1.0, ""gain"": 3.552713678800501e-15}, {""block"": ""star_ris"", ""rho"": 8.0, ""gain"": 0.050255670829859156}, {""block"": ""rsma"", ""rho"": 1.0, ""gain"": 0.0}, {""block"": ""star_ris"", ""rho"": 16.0, ""gain"": 0.024317251993402067}, {""block"": ""rsma"", ""rho"": 1.0, ""gain"": 0.0}, {""block"": ""star_ris"", ""rho"": 32.0, ""gain"": 0.011973192846735259}, {""block"": ""rsma"", ""rho"": 1.0, ""gain"": 0.0}, {""block"": ""star_ris"", ""rho"": 128.0, ""gain"": 0.002972702698428975}, {""block"": ""rsma"", ""rho"": 1.0, ""gain"": 0.0}, {""block"": ""star_ris"", ""rho"": 1.0, ""gain"": 0.015005092995803437}, {""block"": ""rsma"", ""rho"": 1.0, ""gain"": 0.0}, {""block"": ""star_ris"", ""rho"": 1.0, ""gain"": 0.31906192780433074}, {""block"": ""rsma"", ""rho"": 1.0, ""gain"": -3.552713678800501e-15}, {""block"": ""star_ris"", ""rho"": 16.0, ""gain"": 0.0033018302750917883}, {""block"": ""rsma"", ""rho"": 1.0, ""gain"": 0.0}, {""block"": ""star_ris"", ""rho"": 8.0, ""gain"": 0.004900702844132354}, {""block"": ""rsma"", ""rho"": 1.0, ""gain"": 0.0}, {""block"": ""star_ris"", ""rho"": 8.0, ""gain"": 0.008943468760616469}, {""block"": ""rsma"", ""rho"": 1.0, ""gain"": 0.0}, {""block"": ""star_ris"", ""rho"": 8.0, ""gain"": 0.005428334450556349}, {""block"": ""rsma"", ""rho"": 1.0, ""gain"": -3.552713678800501e-15}, {""block"": ""star_ris"", ""rho"": 8.0, ""gain"": 0.006810137142732486}, {""block"": ""rsma"", ""rho"": 1.0, ""gain"": -3.552713678800501e-15}, {""block"": ""star_ris"", ""rho"": 4.0, ""gain"": 0.010042422813803853}, {""block"": ""rsma"", ""rho"": 1.0, ""gain"": 0.0}, {""block"": ""star_ris"", ""rho"": 4.0, ""gain"": 0.009051776615148555}, {""block"": ""rsma"", ""rho"": 1.0, ""gain"": 0.0}, {""block"": ""star_ris"", ""rho"": 2.0, ""gain"": 0.014083229093934335}, {""block"": ""rsma"", ""rho"": 1.0, ""gain"": 0.0}, {""block"": ""star_ris"", ""rho"": 4.0, ""gain"": 0.0032352220438625068}, {""block"": ""rsma"", ""rho"": 1.0, ""gain"": 3.552713678800501e-15}, {""block"": ""star_ris"", ""rho"": 2.0, ""gain"": 0.025939379203325785}, {""block"": ""rsma"", ""rho"": 1.0, ""gain"": 0.0}, {""block"": ""star_ris"", ""rho"": 1.0, ""gain"": 0.05385717271663992}, {""block"": ""rsma"", ""rho"": 1.0, ""gain"": 0.0}, {""block"": ""star_ris"", ""rho"": 2.0, ""gain"": 0.00017578165449450012}]",{},8759.579309,895cf8987087c169d7023476c078ebabf24f99fbbc30b65ad7fae1097d95a6fe,fc61d5cda7da39530055bae9bd0e92865f995cd9,f4c80269e5fb3cf553900b2e82f235af875b7c2e33b4ff71ec5d85cc25eb2b4e
ao_sca,128,10000,195,test,19.718433678338645,19.718433678338645,1.0,True,0.0,19,15020,33,ao_sca_proximal_physical,analytical_ris_equal_allocation,"[1.837989081901257, 18.5292808705599, 19.069500975010328, 19.181332514564758, 19.19410682870819, 19.219056315668738, 19.223084827757756, 19.348310232052164, 19.37480950325517, 19.4122507145988, 19.449367146313808, 19.45849329089251, 19.476416937077843, 19.632218209681334, 19.679135727257776, 19.690652145612244, 19.71078994287596, 19.714139027929967, 19.71823471488454, 19.718433678338645]","[{""block"": ""rsma"", ""rho"": 1.0, ""gain"": 15.58873080118765}, {""block"": ""star_ris"", ""rho"": 1.0, ""gain"": 1.1025609874709943}, {""block"": ""rsma"", ""rho"": 1.0, ""gain"": 0.0}, {""block"": ""star_ris"", ""rho"": 1.0, ""gain"": 0.5402201044504267}, {""block"": ""rsma"", ""rho"": 1.0, ""gain"": 0.0}, {""block"": ""star_ris"", ""rho"": 2.0, ""gain"": 0.11183153955443004}, {""block"": ""rsma"", ""rho"": 1.0, ""gain"": 0.0}, {""block"": ""star_ris"", ""rho"": 2.0, ""gain"": 0.012774314143431553}, {""block"": ""rsma"", ""rho"": 1.0, ""gain"": 3.552713678800501e-15}, {""block"": ""star_ris"", ""rho"": 16.0, ""gain"": 0.02494948696054422}, {""block"": ""rsma"", ""rho"": 1.0, ""gain"": 0.0}, {""block"": ""star_ris"", ""rho"": 1.0, ""gain"": 0.004028512089018221}, {""block"": ""rsma"", ""rho"": 1.0, ""gain"": 0.0}, {""block"": ""star_ris"", ""rho"": 8.0, ""gain"": 0.1252254042944081}, {""block"": ""rsma"", ""rho"": 1.0, ""gain"": 0.0}, {""block"": ""star_ris"", ""rho"": 4.0, ""gain"": 0.02649927120300788}, {""block"": ""rsma"", ""rho"": 1.0, ""gain"": 0.0}, {""block"": ""star_ris"", ""rho"": 2.0, ""gain"": 0.03744121134362999}, {""block"": ""rsma"", ""rho"": 1.0, ""gain"": 0.0}, {""block"": ""star_ris"", ""rho"": 1.0, ""gain"": 0.037116431715006115}, {""block"": ""rsma"", ""rho"": 1.0, ""gain"": -3.552713678800501e-15}, {""block"": ""star_ris"", ""rho"": 4.0, ""gain"": 0.009126144578704753}, {""block"": ""rsma"", ""rho"": 1.0, ""gain"": 0.0}, {""block"": ""star_ris"", ""rho"": 1.0, ""gain"": 0.017923646185334263}, {""block"": ""rsma"", ""rho"": 1.0, ""gain"": 0.0}, {""block"": ""star_ris"", ""rho"": 1.0, ""gain"": 0.1558012726034903}, {""block"": ""rsma"", ""rho"": 1.0, ""gain"": 0.0}, {""block"": ""star_ris"", ""rho"": 4.0, ""gain"": 0.04691751757644269}, {""block"": ""rsma"", ""rho"": 1.0, ""gain"": 0.0}, {""block"": ""star_ris"", ""rho"": 128.0, ""gain"": 0.011516418354467817}, {""block"": ""rsma"", ""rho"": 1.0, ""gain"": 3.552713678800501e-15}, {""block"": ""star_ris"", ""rho"": 16.0, ""gain"": 0.02013779726371112}, {""block"": ""rsma"", ""rho"": 1.0, ""gain"": 0.0}, {""block"": ""star_ris"", ""rho"": 64.0, ""gain"": 0.0033490850540083272}, {""block"": ""rsma"", ""rho"": 1.0, ""gain"": 0.0}, {""block"": ""star_ris"", ""rho"": 64.0, ""gain"": 0.004095686954574518}, {""block"": ""rsma"", ""rho"": 1.0, ""gain"": 0.0}, {""block"": ""star_ris"", ""rho"": 256.0, ""gain"": 0.00019896345410330696}]",{},8783.832687,895cf8987087c169d7023476c078ebabf24f99fbbc30b65ad7fae1097d95a6fe,fc61d5cda7da39530055bae9bd0e92865f995cd9,f4c80269e5fb3cf553900b2e82f235af875b7c2e33b4ff71ec5d85cc25eb2b4e
ao_sca,128,10000,196,test,19.94555562569048,19.94555562569048,1.0,True,0.0,20,15790,35,ao_sca_proximal_physical,analytical_ris_equal_allocation,"[1.838022073219122, 19.03527912474634, 19.090980010200497, 19.15539860179939, 19.24174051429211, 19.319797591461274, 19.393467084609888, 19.527420272678093, 19.62258932012506, 19.690013833522414, 19.776511067667034, 19.78360147644408, 19.846938824223194, 19.850792757367344, 19.87778344971674, 19.89365592591885, 19.913110556413244, 19.934863756412348, 19.938389883075494, 19.94504773510854, 19.94555562569048]","[{""block"": ""rsma"", ""rho"": 1.0, ""gain"": 17.153351656242002}, {""block"": ""star_ris"", ""rho"": 4.0, ""gain"": 0.043905395285214865}, {""block"": ""rsma"", ""rho"": 1.0, ""gain"": 0.0}, {""block"": ""star_ris"", ""rho"": 2.0, ""gain"": 0.055700885454157856}, {""block"": ""rsma"", ""rho"": 1.0, ""gain"": 0.0}, {""block"": ""star_ris"", ""rho"": 8.0, ""gain"": 0.06441859159889418}, {""block"": ""rsma"", ""rho"": 1.0, ""gain"": 0.0}, {""block"": ""star_ris"", ""rho"": 2.0, ""gain"": 0.0863419124927205}, {""block"": ""rsma"", ""rho"": 1.0, ""gain"": 0.0}, {""block"": ""star_ris"", ""rho"": 1.0, ""gain"": 0.07805707716916288}, {""block"": ""rsma"", ""rho"": 1.0, ""gain"": 0.0}, {""block"": ""star_ris"", ""rho"": 1.0, ""gain"": 0.07366949314861415}, {""block"": ""rsma"", ""rho"": 1.0, ""gain"": -3.552713678800501e-15}, {""block"": ""star_ris"", ""rho"": 1.0, ""gain"": 0.1339531880682081}, {""block"": ""rsma"", ""rho"": 1.0, ""gain"": 7.105427357601002e-15}, {""block"": ""star_ris"", ""rho"": 1.0, ""gain"": 0.09516904744695864}, {""block"": ""rsma"", ""rho"": 1.0, ""gain"": -3.552713678800501e-15}, {""block"": ""star_ris"", ""rho"": 1.0, ""gain"": 0.06742451339735922}, {""block"": ""rsma"", ""rho"": 1.0, ""gain"": 0.0}, {""block"": ""star_ris"", ""rho"": 4.0, ""gain"": 0.08649723414461974}, {""block"": ""rsma"", ""rho"": 1.0, ""gain"": 3.552713678800501e-15}, {""block"": ""star_ris"", ""rho"": 2.0, ""gain"": 0.007090408777042256}, {""block"": ""rsma"", ""rho"": 1.0, ""gain"": 0.0}, {""block"": ""star_ris"", ""rho"": 1.0, ""gain"": 0.0633373477791146}, {""block"": ""rsma"", ""rho"": 1.0, ""gain"": 0.0}, {""block"": ""star_ris"", ""rho"": 4.0, ""gain"": 0.003853933144149835}, {""block"": ""rsma"", ""rho"": 1.0, ""gain"": 0.0}, {""block"": ""star_ris"", ""rho"": 2.0, ""gain"": 0.026990692349396994}, {""block"": ""rsma"", ""rho"": 1.0, ""gain"": 3.552713678800501e-15}, {""block"": ""star_ris"", ""rho"": 32.0, ""gain"": 0.01587247620210519}, {""block"": ""rsma"", ""rho"": 1.0, ""gain"": 0.0}, {""block"": ""star_ris"", ""rho"": 2.0, ""gain"": 0.01945463049439411}, {""block"": ""rsma"", ""rho"": 1.0, ""gain"": 0.0}, {""block"": ""star_ris"", ""rho"": 4.0, ""gain"": 0.021753199999103856}, {""block"": ""rsma"", ""rho"": 1.0, ""gain"": 0.0}, {""block"": ""star_ris"", ""rho"": 16.0, ""gain"": 0.003526126663146556}, {""block"": ""rsma"", ""rho"": 1.0, ""gain"": 0.0}, {""block"": ""star_ris"", ""rho"": 8.0, ""gain"": 0.00665785203304381}, {""block"": ""rsma"", ""rho"": 1.0, ""gain"": 0.0}, {""block"": ""star_ris"", ""rho"": 2.0, ""gain"": 0.0005078905819431156}]",{},9149.369307,895cf8987087c169d7023476c078ebabf24f99fbbc30b65ad7fae1097d95a6fe,fc61d5cda7da39530055bae9bd0e92865f995cd9,f4c80269e5fb3cf553900b2e82f235af875b7c2e33b4ff71ec5d85cc25eb2b4e
ao_sca,128,10000,197,test,19.81689704618888,19.81689704618888,1.0,True,0.0,11,8676,19,ao_sca_proximal_physical,analytical_ris_equal_allocation,"[1.8380248774984511, 19.413867832953937, 19.447596525225073, 19.47055918017567, 19.611676118010614, 19.67444188672772, 19.717422730989075, 19.721238271238317, 19.727081882540027, 19.729217048090973, 19.815138710828407, 19.81689704618888]","[{""block"": ""rsma"", ""rho"": 1.0, ""gain"": 17.304544373942534}, {""block"": ""star_ris"", ""rho"": 1.0, ""gain"": 0.2712985815129514}, {""block"": ""rsma"", ""rho"": 1.0, ""gain"": 0.0}, {""block"": ""star_ris"", ""rho"": 1.0, ""gain"": 0.033728692271136396}, {""block"": ""rsma"", ""rho"": 1.0, ""gain"": 0.0}, {""block"": ""star_ris"", ""rho"": 2.0, ""gain"": 0.022962654950596573}, {""block"": ""rsma"", ""rho"": 1.0, ""gain"": -3.552713678800501e-15}, {""block"": ""star_ris"", ""rho"": 1.0, ""gain"": 0.14111693783494772}, {""block"": ""rsma"", ""rho"": 1.0, ""gain"": 0.0}, {""block"": ""star_ris"", ""rho"": 1.0, ""gain"": 0.0627657687171066}, {""block"": ""rsma"", ""rho"": 1.0, ""gain"": 0.0}, {""block"": ""star_ris"", ""rho"": 2.0, ""gain"": 0.04298084426135418}, {""block"": ""rsma"", ""rho"": 1.0, ""gain"": 0.0}, {""block"": ""star_ris"", ""rho"": 1.0, ""gain"": 0.003815540249242133}, {""block"": ""rsma"", ""rho"": 1.0, ""gain"": -3.552713678800501e-15}, {""block"": ""star_ris"", ""rho"": 8.0, ""gain"": 0.005843611301713736}, {""block"": ""rsma"", ""rho"": 1.0, ""gain"": 0.0}, {""block"": ""star_ris"", ""rho"": 2.0, ""gain"": 0.002135165550946283}, {""block"": ""rsma"", ""rho"": 1.0, ""gain"": 0.0}, {""block"": ""star_ris"", ""rho"": 1.0, ""gain"": 0.08592166273743373}, {""block"": ""rsma"", ""rho"": 1.0, ""gain"": -7.105427357601002e-15}, {""block"": ""star_ris"", ""rho"": 2.0, ""gain"": 0.0017583353604813112}]",{},5051.00681,895cf8987087c169d7023476c078ebabf24f99fbbc30b65ad7fae1097d95a6fe,fc61d5cda7da39530055bae9bd0e92865f995cd9,f4c80269e5fb3cf553900b2e82f235af875b7c2e33b4ff71ec5d85cc25eb2b4e
ao_sca,128,10000,198,test,19.419095076285465,19.419095076285465,1.0,True,0.0,6,4741,11,ao_sca_proximal_physical,analytical_ris_equal_allocation,"[1.838018523768588, 18.950055153446186, 19.199532974215586, 19.307111937684535, 19.358354590093832, 19.4179591763534, 19.419095076285465]","[{""block"": ""rsma"", ""rho"": 1.0, ""gain"": 17.083208392706826}, {""block"": ""star_ris"", ""rho"": 1.0, ""gain"": 0.02882823697077086}, {""block"": ""rsma"", ""rho"": 1.0, ""gain"": 0.0}, {""block"": ""star_ris"", ""rho"": 2.0, ""gain"": 0.24947782076939973}, {""block"": ""rsma"", ""rho"": 1.0, ""gain"": 0.0}, {""block"": ""star_ris"", ""rho"": 4.0, ""gain"": 0.10757896346894924}, {""block"": ""rsma"", ""rho"": 1.0, ""gain"": -3.552713678800501e-15}, {""block"": ""star_ris"", ""rho"": 8.0, ""gain"": 0.05124265240930015}, {""block"": ""rsma"", ""rho"": 1.0, ""gain"": 3.552713678800501e-15}, {""block"": ""star_ris"", ""rho"": 2.0, ""gain"": 0.059604586259563774}, {""block"": ""rsma"", ""rho"": 1.0, ""gain"": 0.0}, {""block"": ""star_ris"", ""rho"": 32.0, ""gain"": 0.0011358999320663088}]",{},2700.502523,895cf8987087c169d7023476c078ebabf24f99fbbc30b65ad7fae1097d95a6fe,fc61d5cda7da39530055bae9bd0e92865f995cd9,f4c80269e5fb3cf553900b2e82f235af875b7c2e33b4ff71ec5d85cc25eb2b4e
ao_sca,128,10000,199,test,19.508205598335948,19.508205598335948,1.0,True,0.0,7,5535,14,ao_sca_proximal_physical,analytical_ris_equal_allocation,"[1.8380244785774091, 19.210756356177363, 19.21789666388638, 19.221448568339447, 19.430635057915183, 19.453913335622815, 19.506827820879387, 19.508205598335948]","[{""block"": ""rsma"", ""rho"": 1.0, ""gain"": 17.24922748098898}, {""block"": ""star_ris"", ""rho"": 4.0, ""gain"": 0.12350439661097212}, {""block"": ""rsma"", ""rho"": 1.0, ""gain"": 0.0}, {""block"": ""star_ris"", ""rho"": 64.0, ""gain"": 0.007140307709015303}, {""block"": ""rsma"", ""rho"": 1.0, ""gain"": 0.0}, {""block"": ""star_ris"", ""rho"": 128.0, ""gain"": 0.003551904453068744}, {""block"": ""rsma"", ""rho"": 1.0, ""gain"": 0.0}, {""block"": ""star_ris"", ""rho"": 2.0, ""gain"": 0.20918648957573538}, {""block"": ""rsma"", ""rho"": 1.0, ""gain"": 0.0}, {""block"": ""star_ris"", ""rho"": 4.0, ""gain"": 0.023278277707632355}, {""block"": ""rsma"", ""rho"": 1.0, ""gain"": 0.0}, {""block"": ""star_ris"", ""rho"": 1.0, ""gain"": 0.052914485256572164}, {""block"": ""rsma"", ""rho"": 1.0, ""gain"": 0.0}, {""block"": ""star_ris"", ""rho"": 1.0, ""gain"": 0.0013777774565610912}]",{},3227.905417,895cf8987087c169d7023476c078ebabf24f99fbbc30b65ad7fae1097d95a6fe,fc61d5cda7da39530055bae9bd0e92865f995cd9,f4c80269e5fb3cf553900b2e82f235af875b7c2e33b4ff71ec5d85cc25eb2b4e
ao_sca,128,10000,200,test,19.24608178709204,19.24608178709204,1.0,True,0.0,2,1582,3,ao_sca_proximal_physical,analytical_ris_equal_allocation,"[1.838019446413902, 19.245745490139534, 19.24608178709204]","[{""block"": ""rsma"", ""rho"": 1.0, ""gain"": 17.188008269300333}, {""block"": ""star_ris"", ""rho"": 2.0, ""gain"": 0.21971777442529827}, {""block"": ""rsma"", ""rho"": 1.0, ""gain"": 0.0}, {""block"": ""star_ris"", ""rho"": 16.0, ""gain"": 0.00033629695250780856}]",{},924.064808,895cf8987087c169d7023476c078ebabf24f99fbbc30b65ad7fae1097d95a6fe,fc61d5cda7da39530055bae9bd0e92865f995cd9,f4c80269e5fb3cf553900b2e82f235af875b7c2e33b4ff71ec5d85cc25eb2b4e
ao_sca,128,10000,201,test,19.745657628382123,19.745657628382123,1.0,True,0.0,15,11857,25,ao_sca_proximal_physical,analytical_ris_equal_allocation,"[1.8380228041880788, 18.87720694992767, 18.893575992598524, 19.250909901716216, 19.33746554374222, 19.42397186139133, 19.464596232676072, 19.46699617331842, 19.474855223627152, 19.47976839657209, 19.528852765865555, 19.710754737256302, 19.714358128732247, 19.72437522480937, 19.7452698028054, 19.745657628382123]","[{""block"": ""rsma"", ""rho"": 1.0, ""gain"": 17.005609215433438}, {""block"": ""star_ris"", ""rho"": 16.0, ""gain"": 0.033574930306151884}, {""block"": ""rsma"", ""rho"": 1.0, ""gain"": 0.0}, {""block"": ""star_ris"", ""rho"": 32.0, ""gain"": 0.01636904267085626}, {""block"": ""rsma"", ""rho"": 1.0, ""gain"": -3.552713678800501e-15}, {""block"": ""star_ris"", ""rho"": 1.0, ""gain"": 0.35733390911769547}, {""block"": ""rsma"", ""rho"": 1.0, ""gain"": 3.552713678800501e-15}, {""block"": ""star_ris"", ""rho"": 2.0, ""gain"": 0.08655564202599919}, {""block"": ""rsma"", ""rho"": 1.0, ""gain"": -3.552713678800501e-15}, {""block"": ""star_ris"", ""rho"": 4.0, ""gain"": 0.0865063176491141}, {""block"": ""rsma"", ""rho"": 1.0, ""gain"": 0.0}, {""block"": ""star_ris"", ""rho"": 8.0, ""gain"": 0.04062437128474272}, {""block"": ""rsma"", ""rho"": 1.0, ""gain"": 0.0}, {""block"": ""star_ris"", ""rho"": 16.0, ""gain"": 0.002399940642348497}, {""block"": ""rsma"", ""rho"": 1.0, ""gain"": 0.0}, {""block"": ""star_ris"", ""rho"": 4.0, ""gain"": 0.007859050308731241}, {""block"": ""rsma"", ""rho"": 1.0, ""gain"": -3.552713678800501e-15}, {""block"": ""star_ris"", ""rho"": 64.0, ""gain"": 0.00491317294494209}, {""block"": ""rsma"", ""rho"": 1.0, ""gain"": -7.105427357601002e-15}, {""block"": ""star_ris"", ""rho"": 1.0, ""gain"": 0.04908436929347104}, {""block"": ""rsma"", ""rho"": 1.0, ""gain"": 0.0}, {""block"": ""star_ris"", ""rho"": 1.0, ""gain"": 0.18190197139074726}, {""block"": ""rsma"", ""rho"": 1.0, ""gain"": 0.0}, {""block"": ""star_ris"", ""rho"": 4.0, ""gain"": 0.003603391475945017}, {""block"": ""rsma"", ""rho"": 1.0, ""gain"": 0.0}, {""block"": ""star_ris"", ""rho"": 4.0, ""gain"": 0.010017096077124421}, {""block"": ""rsma"", ""rho"": 1.0, ""gain"": 0.0}, {""block"": ""star_ris"", ""rho"": 2.0, ""gain"": 0.02089457799602812}, {""block"": ""rsma"", ""rho"": 1.0, ""gain"": 3.552713678800501e-15}, {""block"": ""star_ris"", ""rho"": 16.0, ""gain"": 0.00038782557671979134}]",{},6871.259136,895cf8987087c169d7023476c078ebabf24f99fbbc30b65ad7fae1097d95a6fe,fc61d5cda7da39530055bae9bd0e92865f995cd9,f4c80269e5fb3cf553900b2e82f235af875b7c2e33b4ff71ec5d85cc25eb2b4e
ao_sca,128,10000,202,test,19.53649722452956,19.53649722452956,1.0,True,0.0,8,6326,15,ao_sca_proximal_physical,analytical_ris_equal_allocation,"[1.8380248710537312, 19.217920256215674, 19.390233280696172, 19.462601786506553, 19.497128354798896, 19.514013553830978, 19.530692753894872, 19.53542687263777, 19.53649722452956]","[{""block"": ""rsma"", ""rho"": 1.0, ""gain"": 16.917275291520227}, {""block"": ""star_ris"", ""rho"": 1.0, ""gain"": 0.4626200936417142}, {""block"": ""rsma"", ""rho"": 1.0, ""gain"": -3.552713678800501e-15}, {""block"": ""star_ris"", ""rho"": 2.0, ""gain"": 0.172313024480502}, {""block"": ""rsma"", ""rho"": 1.0, ""gain"": 0.0}, {""block"": ""star_ris"", ""rho"": 4.0, ""gain"": 0.07236850581038112}, {""block"": ""rsma"", ""rho"": 1.0, ""gain"": 0.0}, {""block"": ""star_ris"", ""rho"": 8.0, ""gain"": 0.034526568292342574}, {""block"": ""rsma"", ""rho"": 1.0, ""gain"": 0.0}, {""block"": ""star_ris"", ""rho"": 16.0, ""gain"": 0.016885199032081744}, {""block"": ""rsma"", ""rho"": 1.0, ""gain"": 0.0}, {""block"": ""star_ris"", ""rho"": 16.0, ""gain"": 0.01667920006389423}, {""block"": ""rsma"", ""rho"": 1.0, ""gain"": 0.0}, {""block"": ""star_ris"", ""rho"": 16.0, ""gain"": 0.004734118742899085}, {""block"": ""rsma"", ""rho"": 1.0, ""gain"": 0.0}, {""block"": ""star_ris"", ""rho"": 8.0, ""gain"": 0.001070351891787169}]",{},3786.563514,895cf8987087c169d7023476c078ebabf24f99fbbc30b65ad7fae1097d95a6fe,fc61d5cda7da39530055bae9bd0e92865f995cd9,f4c80269e5fb3cf553900b2e82f235af875b7c2e33b4ff71ec5d85cc25eb2b4e
ao_sca,128,10000,203,test,19.6467268804025,19.6467268804025,1.0,True,0.0,5,3953,8,ao_sca_proximal_physical,analytical_ris_equal_allocation,"[1.838025784084684, 19.292875696250423, 19.468061955073807, 19.643908387556294, 19.64628209041856, 19.6467268804025]","[{""block"": ""rsma"", ""rho"": 1.0, ""gain"": 17.28847457078175}, {""block"": ""star_ris"", ""rho"": 1.0, ""gain"": 0.16637534138398635}, {""block"": ""rsma"", ""rho"": 1.0, ""gain"": 0.0}, {""block"": ""star_ris"", ""rho"": 1.0, ""gain"": 0.17518625882338412}, {""block"": ""rsma"", ""rho"": 1.0, ""gain"": 0.0}, {""block"": ""star_ris"", ""rho"": 2.0, ""gain"": 0.1758464324824871}, {""block"": ""rsma"", ""rho"": 1.0, ""gain"": 0.0}, {""block"": ""star_ris"", ""rho"": 32.0, ""gain"": 0.0023737028622647927}, {""block"": ""rsma"", ""rho"": 1.0, ""gain"": 0.0}, {""block"": ""star_ris"", ""rho"": 64.0, ""gain"": 0.0004447899839412628}]",{},2310.413688,895cf8987087c169d7023476c078ebabf24f99fbbc30b65ad7fae1097d95a6fe,fc61d5cda7da39530055bae9bd0e92865f995cd9,f4c80269e5fb3cf553900b2e82f235af875b7c2e33b4ff71ec5d85cc25eb2b4e
ao_sca,128,10000,204,test,19.098505368329064,19.098505368329064,1.0,True,0.0,6,4750,12,ao_sca_proximal_physical,analytical_ris_equal_allocation,"[1.8380199781462838, 18.985008231236698, 18.999820843799036, 19.039534713391134, 19.06358057237075, 19.097582609193896, 19.098505368329064]","[{""block"": ""rsma"", ""rho"": 1.0, ""gain"": 16.997787795902546}, {""block"": ""star_ris"", ""rho"": 4.0, ""gain"": 0.14920045718786668}, {""block"": ""rsma"", ""rho"": 1.0, ""gain"": 3.552713678800501e-15}, {""block"": ""star_ris"", ""rho"": 8.0, ""gain"": 0.014812612562334238}, {""block"": ""rsma"", ""rho"": 1.0, ""gain"": -3.552713678800501e-15}, {""block"": ""star_ris"", ""rho"": 8.0, ""gain"": 0.03971386959210221}, {""block"": ""rsma"", ""rho"": 1.0, ""gain"": 3.552713678800501e-15}, {""block"": ""star_ris"", ""rho"": 8.0, ""gain"": 0.024045858979611978}, {""block"": ""rsma"", ""rho"": 1.0, ""gain"": 0.0}, {""block"": ""star_ris"", ""rho"": 16.0, ""gain"": 0.0340020368231464}, {""block"": ""rsma"", ""rho"": 1.0, ""gain"": 3.552713678800501e-15}, {""block"": ""star_ris"", ""rho"": 64.0, ""gain"": 0.000922759135164597}]",{},2745.508498,895cf8987087c169d7023476c078ebabf24f99fbbc30b65ad7fae1097d95a6fe,fc61d5cda7da39530055bae9bd0e92865f995cd9,f4c80269e5fb3cf553900b2e82f235af875b7c2e33b4ff71ec5d85cc25eb2b4e
ao_sca,128,10000,205,test,19.87669561724016,19.87669561724016,1.0,True,0.0,20,15785,34,ao_sca_proximal_physical,analytical_ris_equal_allocation,"[1.8380172541896045, 18.787921647434267, 18.90516585851059, 19.01109777727175, 19.36482141636236, 19.396116262353754, 19.568655273969107, 19.6329188511478, 19.68500585358249, 19.697270028436463, 19.699774076841933, 19.70521500042655, 19.71229299222017, 19.73844668518899, 19.800302530695095, 19.809884199640592, 19.814062314564843, 19.84865553732962, 19.853333875308223, 19.87565086652221, 19.876695617240156]","[{""block"": ""rsma"", ""rho"": 1.0, ""gain"": 16.655487099016796}, {""block"": ""star_ris"", ""rho"": 2.0, ""gain"": 0.2944172942278662}, {""block"": ""rsma"", ""rho"": 1.0, ""gain"": -3.552713678800501e-15}, {""block"": ""star_ris"", ""rho"": 4.0, ""gain"": 0.11724421107632566}, {""block"": ""rsma"", ""rho"": 1.0, ""gain"": 3.552713678800501e-15}, {""block"": ""star_ris"", ""rho"": 4.0, ""gain"": 0.10593191876115782}, {""block"": ""rsma"", ""rho"": 1.0, ""gain"": -3.552713678800501e-15}, {""block"": ""star_ris"", ""rho"": 1.0, ""gain"": 0.3537236390906138}, {""block"": ""rsma"", ""rho"": 1.0, ""gain"": 0.0}, {""block"": ""star_ris"", ""rho"": 1.0, ""gain"": 0.031294845991393316}, {""block"": ""rsma"", ""rho"": 1.0, ""gain"": 0.0}, {""block"": ""star_ris"", ""rho"": 1.0, ""gain"": 0.17253901161535268}, {""block"": ""rsma"", ""rho"": 1.0, ""gain"": 3.552713678800501e-15}, {""block"": ""star_ris"", ""rho"": 1.0, ""gain"": 0.06426357717868925}, {""block"": ""rsma"", ""rho"": 1.0, ""gain"": 0.0}, {""block"": ""star_ris"", ""rho"": 1.0, ""gain"": 0.05208700243468911}, {""block"": ""rsma"", ""rho"": 1.0, ""gain"": 0.0}, {""block"": ""star_ris"", ""rho"": 32.0, ""gain"": 0.012264174853974907}, {""block"": ""rsma"", ""rho"": 1.0, ""gain"": 0.0}, {""block"": ""star_ris"", ""rho"": 2.0, ""gain"": 0.0025040484054699164}, {""block"": ""rsma"", ""rho"": 1.0, ""gain"": 0.0}, {""block"": ""star_ris"", ""rho"": 8.0, ""gain"": 0.0054409235846151205}, {""block"": ""rsma"", ""rho"": 1.0, ""gain"": 0.0}, {""block"": ""star_ris"", ""rho"": 2.0, ""gain"": 0.007077991793622118}, {""block"": ""rsma"", ""rho"": 1.0, ""gain"": -7.105427357601002e-15}, {""block"": ""star_ris"", ""rho"": 1.0, ""gain"": 0.026153692968826192}, {""block"": ""rsma"", ""rho"": 1.0, ""gain"": 0.0}, {""block"": ""star_ris"", ""rho"": 1.0, ""gain"": 0.06185584550610557}, {""block"": ""rsma"", ""rho"": 1.0, ""gain"": 0.0}, {""block"": ""star_ris"", ""rho"": 8.0, ""gain"": 0.009581668945497057}, {""block"": ""rsma"", ""rho"": 1.0, ""gain"": 0.0}, {""block"": ""star_ris"", ""rho"": 1.0, ""gain"": 0.00417811492425102}, {""block"": ""rsma"", ""rho"": 1.0, ""gain"": 3.552713678800501e-15}, {""block"": ""star_ris"", ""rho"": 2.0, ""gain"": 0.034593222764772946}, {""block"": ""rsma"", ""rho"": 1.0, ""gain"": 0.0}, {""block"": ""star_ris"", ""rho"": 8.0, ""gain"": 0.004678337978603508}, {""block"": ""rsma"", ""rho"": 1.0, ""gain"": 0.0}, {""block"": ""star_ris"", ""rho"": 4.0, ""gain"": 0.022316991213987336}, {""block"": ""rsma"", ""rho"": 1.0, ""gain"": 0.0}, {""block"": ""star_ris"", ""rho"": 1.0, ""gain"": 0.0010447507179449644}]",{},9129.401283,895cf8987087c169d7023476c078ebabf24f99fbbc30b65ad7fae1097d95a6fe,fc61d5cda7da39530055bae9bd0e92865f995cd9,f4c80269e5fb3cf553900b2e82f235af875b7c2e33b4ff71ec5d85cc25eb2b4e
ao_sca,128,10000,206,test,19.736497490723693,19.736497490723693,1.0,True,0.0,19,15037,35,ao_sca_proximal_physical,analytical_ris_equal_allocation,"[1.8380204815714876, 19.067735732040234, 19.08414345293925, 19.0994533915888, 19.181673453749276, 19.31249867200095, 19.32579290113889, 19.338929733030525, 19.41144937742596, 19.519235374952817, 19.52672896286341, 19.531199724407767, 19.54227705600333, 19.5640597524008, 19.57476259755119, 19.71857628567347, 19.720942049577914, 19.732432799484023, 19.73525437081529, 19.736497490723693]","[{""block"": ""rsma"", ""rho"": 1.0, ""gain"": 16.92325276452955}, {""block"": ""star_ris"", ""rho"": 2.0, ""gain"": 0.3064624859391962}, {""block"": ""rsma"", ""rho"": 1.0, ""gain"": 0.0}, {""block"": ""star_ris"", ""rho"": 32.0, ""gain"": 0.016407720899017875}, {""block"": ""rsma"", ""rho"": 1.0, ""gain"": 0.0}, {""block"": ""star_ris"", ""rho"": 4.0, ""gain"": 0.01530993864954766}, {""block"": ""rsma"", ""rho"": 1.0, ""gain"": -3.552713678800501e-15}, {""block"": ""star_ris"", ""rho"": 2.0, ""gain"": 0.08222006216048072}, {""block"": ""rsma"", ""rho"": 1.0, ""gain"": 0.0}, {""block"": ""star_ris"", ""rho"": 2.0, ""gain"": 0.13082521825167248}, {""block"": ""rsma"", ""rho"": 1.0, ""gain"": 0.0}, {""block"": ""star_ris"", ""rho"": 32.0, ""gain"": 0.01329422913794076}, {""block"": ""rsma"", ""rho"": 1.0, ""gain"": 0.0}, {""block"": ""star_ris"", ""rho"": 32.0, ""gain"": 0.013136831891635836}, {""block"": ""rsma"", ""rho"": 1.0, ""gain"": 0.0}, {""block"": ""star_ris"", ""rho"": 2.0, ""gain"": 0.07251964439543457}, {""block"": ""rsma"", ""rho"": 1.0, ""gain"": 0.0}, {""block"": ""star_ris"", ""rho"": 8.0, ""gain"": 0.10778599752685736}, {""block"": ""rsma"", ""rho"": 1.0, ""gain"": 0.0}, {""block"": ""star_ris"", ""rho"": 16.0, ""gain"": 0.007493587910591515}, {""block"": ""rsma"", ""rho"": 1.0, ""gain"": 0.0}, {""block"": ""star_ris"", ""rho"": 4.0, ""gain"": 0.004470761544357771}, {""block"": ""rsma"", ""rho"": 1.0, ""gain"": 0.0}, {""block"": ""star_ris"", ""rho"": 1.0, ""gain"": 0.011077331595561901}, {""block"": ""rsma"", ""rho"": 1.0, ""gain"": 0.0}, {""block"": ""star_ris"", ""rho"": 16.0, ""gain"": 0.02178269639747299}, {""block"": ""rsma"", ""rho"": 1.0, ""gain"": 0.0}, {""block"": ""star_ris"", ""rho"": 32.0, ""gain"": 0.010702845150387219}, {""block"": ""rsma"", ""rho"": 1.0, ""gain"": 0.0}, {""block"": ""star_ris"", ""rho"": 1.0, ""gain"": 0.14381368812228246}, {""block"": ""rsma"", ""rho"": 1.0, ""gain"": 0.0}, {""block"": ""star_ris"", ""rho"": 8.0, ""gain"": 0.0023657639044429857}, {""block"": ""rsma"", ""rho"": 1.0, ""gain"": 0.0}, {""block"": ""star_ris"", ""rho"": 256.0, ""gain"": 0.011490749906108988}, {""block"": ""rsma"", ""rho"": 1.0, ""gain"": -3.552713678800501e-15}, {""block"": ""star_ris"", ""rho"": 128.0, ""gain"": 0.0028215713312711443}, {""block"": ""rsma"", ""rho"": 1.0, ""gain"": 0.0}, {""block"": ""star_ris"", ""rho"": 128.0, ""gain"": 0.0012431199084019795}]",{},8677.653231,895cf8987087c169d7023476c078ebabf24f99fbbc30b65ad7fae1097d95a6fe,fc61d5cda7da39530055bae9bd0e92865f995cd9,f4c80269e5fb3cf553900b2e82f235af875b7c2e33b4ff71ec5d85cc25eb2b4e
ao_sca,128,10000,207,test,19.379817552684045,19.379817552684045,1.0,True,0.0,11,8702,20,ao_sca_proximal_physical,analytical_ris_equal_allocation,"[1.8380174394825533, 18.9859299638157, 19.014434911883, 19.028413044940955, 19.170382417269415, 19.21610793200838, 19.239668708712017, 19.251234806342072, 19.340876378567813, 19.366280058141072, 19.37813911836735, 19.379817552684045]","[{""block"": ""rsma"", ""rho"": 1.0, ""gain"": 17.015887791058365}, {""block"": ""star_ris"", ""rho"": 1.0, ""gain"": 0.1320247332747826}, {""block"": ""rsma"", ""rho"": 1.0, ""gain"": 0.0}, {""block"": ""star_ris"", ""rho"": 16.0, ""gain"": 0.028504948067300973}, {""block"": ""rsma"", ""rho"": 1.0, ""gain"": 0.0}, {""block"": ""star_ris"", ""rho"": 32.0, ""gain"": 0.013978133057953812}, {""block"": ""rsma"", ""rho"": 1.0, ""gain"": 0.0}, {""block"": ""star_ris"", ""rho"": 1.0, ""gain"": 0.14196937232846096}, {""block"": ""rsma"", ""rho"": 1.0, ""gain"": 0.0}, {""block"": ""star_ris"", ""rho"": 2.0, ""gain"": 0.045725514738965245}, {""block"": ""rsma"", ""rho"": 1.0, ""gain"": 3.552713678800501e-15}, {""block"": ""star_ris"", ""rho"": 16.0, ""gain"": 0.02356077670363277}, {""block"": ""rsma"", ""rho"": 1.0, ""gain"": 0.0}, {""block"": ""star_ris"", ""rho"": 32.0, ""gain"": 0.011566097630055339}, {""block"": ""rsma"", ""rho"": 1.0, ""gain"": 3.552713678800501e-15}, {""block"": ""star_ris"", ""rho"": 4.0, ""gain"": 0.08964157222573732}, {""block"": ""rsma"", ""rho"": 1.0, ""gain"": 0.0}, {""block"": ""star_ris"", ""rho"": 8.0, ""gain"": 0.02540367957325884}, {""block"": ""rsma"", ""rho"": 1.0, ""gain"": 0.0}, {""block"": ""star_ris"", ""rho"": 32.0, ""gain"": 0.011859060226278473}, {""block"": ""rsma"", ""rho"": 1.0, ""gain"": -7.105427357601002e-15}, {""block"": ""star_ris"", ""rho"": 16.0, ""gain"": 0.0016784343167017823}]",{},4884.697862,895cf8987087c169d7023476c078ebabf24f99fbbc30b65ad7fae1097d95a6fe,fc61d5cda7da39530055bae9bd0e92865f995cd9,f4c80269e5fb3cf553900b2e82f235af875b7c2e33b4ff71ec5d85cc25eb2b4e
ao_sca,128,10000,208,test,19.656352532606054,19.656352532606054,1.0,True,0.0,7,5528,12,ao_sca_proximal_physical,analytical_ris_equal_allocation,"[1.8380268080606068, 19.404832095901924, 19.411667551154846, 19.425336514388402, 19.47250596913093, 19.587112892375863, 19.65581886407965, 19.656352532606054]","[{""block"": ""rsma"", ""rho"": 1.0, ""gain"": 17.566139536321987}, {""block"": ""star_ris"", ""rho"": 16.0, ""gain"": 0.0006657515193282393}, {""block"": ""rsma"", ""rho"": 1.0, ""gain"": 0.0}, {""block"": ""star_ris"", ""rho"": 4.0, ""gain"": 0.0068354552529221735}, {""block"": ""rsma"", ""rho"": 1.0, ""gain"": 3.552713678800501e-15}, {""block"": ""star_ris"", ""rho"": 1.0, ""gain"": 0.013668963233552489}, {""block"": ""rsma"", ""rho"": 1.0, ""gain"": -3.552713678800501e-15}, {""block"": ""star_ris"", ""rho"": 1.0, ""gain"": 0.04716945474253009}, {""block"": ""rsma"", ""rho"": 1.0, ""gain"": 0.0}, {""block"": ""star_ris"", ""rho"": 1.0, ""gain"": 0.11460692324493493}, {""block"": ""rsma"", ""rho"": 1.0, ""gain"": 0.0}, {""block"": ""star_ris"", ""rho"": 1.0, ""gain"": 0.06870597170378545}, {""block"": ""rsma"", ""rho"": 1.0, ""gain"": 0.0}, {""block"": ""star_ris"", ""rho"": 32.0, ""gain"": 0.0005336685264047958}]",{},3032.469804,895cf8987087c169d7023476c078ebabf24f99fbbc30b65ad7fae1097d95a6fe,fc61d5cda7da39530055bae9bd0e92865f995cd9,f4c80269e5fb3cf553900b2e82f235af875b7c2e33b4ff71ec5d85cc25eb2b4e
ao_sca,128,10000,209,test,19.823411906641542,19.823411906641542,1.0,True,0.0,15,11835,30,ao_sca_proximal_physical,analytical_ris_equal_allocation,"[1.8380231343902027, 19.181376209753726, 19.406540110714364, 19.41878516028285, 19.49301628439956, 19.636021256192457, 19.68065326913604, 19.693185406959856, 19.713418302946806, 19.71846049886436, 19.76123790160748, 19.781729766470594, 19.799879361962162, 19.807262270261074, 19.82338510506673, 19.823411906641546]","[{""block"": ""rsma"", ""rho"": 1.0, ""gain"": 17.248341217872266}, {""block"": ""star_ris"", ""rho"": 1.0, ""gain"": 0.09501185749125796}, {""block"": ""rsma"", ""rho"": 1.0, ""gain"": -3.552713678800501e-15}, {""block"": ""star_ris"", ""rho"": 1.0, ""gain"": 0.22516390096064143}, {""block"": ""rsma"", ""rho"": 1.0, ""gain"": 0.0}, {""block"": ""star_ris"", ""rho"": 1.0, ""gain"": 0.012245049568488042}, {""block"": ""rsma"", ""rho"": 1.0, ""gain"": 0.0}, {""block"": ""star_ris"", ""rho"": 1.0, ""gain"": 0.07423112411670729}, {""block"": ""rsma"", ""rho"": 1.0, ""gain"": 0.0}, {""block"": ""star_ris"", ""rho"": 1.0, ""gain"": 0.14300497179289806}, {""block"": ""rsma"", ""rho"": 1.0, ""gain"": 0.0}, {""block"": ""star_ris"", ""rho"": 1.0, ""gain"": 0.04463201294358399}, {""block"": ""rsma"", ""rho"": 1.0, ""gain"": 0.0}, {""block"": ""star_ris"", ""rho"": 4.0, ""gain"": 0.012532137823814793}, {""block"": ""rsma"", ""rho"": 1.0, ""gain"": 0.0}, {""block"": ""star_ris"", ""rho"": 2.0, ""gain"": 0.02023289598695044}, {""block"": ""rsma"", ""rho"": 1.0, ""gain"": 0.0}, {""block"": ""star_ris"", ""rho"": 1.0, ""gain"": 0.005042195917553727}, {""block"": ""rsma"", ""rho"": 1.0, ""gain"": 0.0}, {""block"": ""star_ris"", ""rho"": 1.0, ""gain"": 0.04277740274311981}, {""block"": ""rsma"", ""rho"": 1.0, ""gain"": -3.552713678800501e-15}, {""block"": ""star_ris"", ""rho"": 4.0, ""gain"": 0.020491864863117826}, {""block"": ""rsma"", ""rho"": 1.0, ""gain"": 0.0}, {""block"": ""star_ris"", ""rho"": 8.0, ""gain"": 0.01814959549156825}, {""block"": ""rsma"", ""rho"": 1.0, ""gain"": 0.0}, {""block"": ""star_ris"", ""rho"": 2.0, ""gain"": 0.007382908298911417}, {""block"": ""rsma"", ""rho"": 1.0, ""gain"": 0.0}, {""block"": ""star_ris"", ""rho"": 1.0, ""gain"": 0.016122834805656794}, {""block"": ""rsma"", ""rho"": 1.0, ""gain"": 0.0}, {""block"": ""star_ris"", ""rho"": 32.0, ""gain"": 2.6801574815493723e-05}]",{},6623.78379,895cf8987087c169d7023476c078ebabf24f99fbbc30b65ad7fae1097d95a6fe,fc61d5cda7da39530055bae9bd0e92865f995cd9,f4c80269e5fb3cf553900b2e82f235af875b7c2e33b4ff71ec5d85cc25eb2b4e
ao_sca,128,10000,210,test,19.970419472685855,19.970419472685855,1.0,True,0.0,12,9477,22,ao_sca_proximal_physical,analytical_ris_equal_allocation,"[1.8380264017291603, 19.43917171133247, 19.451255222983836, 19.45724925923942, 19.63809912295894, 19.643036491372904, 19.709573798246403, 19.86222701932233, 19.920074039517537, 19.927982042961375, 19.948667509972694, 19.969053455228426, 19.970419472685858]","[{""block"": ""rsma"", ""rho"": 1.0, ""gain"": 17.080497407318425}, {""block"": ""star_ris"", ""rho"": 1.0, ""gain"": 0.5206479022848853}, {""block"": ""rsma"", ""rho"": 1.0, ""gain"": 0.0}, {""block"": ""star_ris"", ""rho"": 32.0, ""gain"": 0.012083511651365342}, {""block"": ""rsma"", ""rho"": 1.0, ""gain"": -3.552713678800501e-15}, {""block"": ""star_ris"", ""rho"": 64.0, ""gain"": 0.005994036255586366}, {""block"": ""rsma"", ""rho"": 1.0, ""gain"": 0.0}, {""block"": ""star_ris"", ""rho"": 1.0, ""gain"": 0.18084986371952283}, {""block"": ""rsma"", ""rho"": 1.0, ""gain"": 0.0}, {""block"": ""star_ris"", ""rho"": 1.0, ""gain"": 0.0049373684139624174}, {""block"": ""rsma"", ""rho"": 1.0, ""gain"": 3.552713678800501e-15}, {""block"": ""star_ris"", ""rho"": 1.0, ""gain"": 0.0665373068734958}, {""block"": ""rsma"", ""rho"": 1.0, ""gain"": 0.0}, {""block"": ""star_ris"", ""rho"": 2.0, ""gain"": 0.15265322107592638}, {""block"": ""rsma"", ""rho"": 1.0, ""gain"": 0.0}, {""block"": ""star_ris"", ""rho"": 2.0, ""gain"": 0.05784702019520793}, {""block"": ""rsma"", ""rho"": 1.0, ""gain"": -7.105427357601002e-15}, {""block"": ""star_ris"", ""rho"": 1.0, ""gain"": 0.007908003443844791}, {""block"": ""rsma"", ""rho"": 1.0, ""gain"": 0.0}, {""block"": ""star_ris"", ""rho"": 4.0, ""gain"": 0.020685467011318792}, {""block"": ""rsma"", ""rho"": 1.0, ""gain"": 0.0}, {""block"": ""star_ris"", ""rho"": 16.0, ""gain"": 0.02038594525573245}, {""block"": ""rsma"", ""rho"": 1.0, ""gain"": 7.105427357601002e-15}, {""block"": ""star_ris"", ""rho"": 2.0, ""gain"": 0.0013660174574248174}]",{},5223.963036,895cf8987087c169d7023476c078ebabf24f99fbbc30b65ad7fae1097d95a6fe,fc61d5cda7da39530055bae9bd0e92865f995cd9,f4c80269e5fb3cf553900b2e82f235af875b7c2e33b4ff71ec5d85cc25eb2b4e
ao_sca,128,10000,211,test,19.50415756602899,19.50415756602899,1.0,True,0.0,6,4739,11,ao_sca_proximal_physical,analytical_ris_equal_allocation,"[1.8380215468313401, 19.157262096015188, 19.24813556580096, 19.457373299468074, 19.485273740840096, 19.502736781535003, 19.50415756602899]","[{""block"": ""rsma"", ""rho"": 1.0, ""gain"": 17.296823192825855}, {""block"": ""star_ris"", ""rho"": 1.0, ""gain"": 0.022417356357994578}, {""block"": ""rsma"", ""rho"": 1.0, ""gain"": -3.552713678800501e-15}, {""block"": ""star_ris"", ""rho"": 1.0, ""gain"": 0.0908734697857767}, {""block"": ""rsma"", ""rho"": 1.0, ""gain"": 3.552713678800501e-15}, {""block"": ""star_ris"", ""rho"": 2.0, ""gain"": 0.20923773366710918}, {""block"": ""rsma"", ""rho"": 1.0, ""gain"": 0.0}, {""block"": ""star_ris"", ""rho"": 8.0, ""gain"": 0.0279004413720223}, {""block"": ""rsma"", ""rho"": 1.0, ""gain"": -3.552713678800501e-15}, {""block"": ""star_ris"", ""rho"": 16.0, ""gain"": 0.017463040694909893}, {""block"": ""rsma"", ""rho"": 1.0, ""gain"": -3.552713678800501e-15}, {""block"": ""star_ris"", ""rho"": 4.0, ""gain"": 0.0014207844939910785}]",{},2643.868802,895cf8987087c169d7023476c078ebabf24f99fbbc30b65ad7fae1097d95a6fe,fc61d5cda7da39530055bae9bd0e92865f995cd9,f4c80269e5fb3cf553900b2e82f235af875b7c2e33b4ff71ec5d85cc25eb2b4e
ao_sca,128,10000,212,test,19.633820651042843,19.633820651042843,1.0,True,0.0,19,15004,33,ao_sca_proximal_physical,analytical_ris_equal_allocation,"[1.8380145785714705, 18.890041181867648, 18.913323734694806, 18.944059749196605, 19.001545135464358, 19.039819079642648, 19.09647981078293, 19.236183548972384, 19.28747726650504, 19.308774570981157, 19.35363284401125, 19.447998554856795, 19.458056714836868, 19.49162172680402, 19.493847064056883, 19.515488342997386, 19.533792789153658, 19.55106700647284, 19.63257252229612, 19.633820651042843]","[{""block"": ""rsma"", ""rho"": 1.0, ""gain"": 17.016427170453042}, {""block"": ""star_ris"", ""rho"": 8.0, ""gain"": 0.03559943284313505}, {""block"": ""rsma"", ""rho"": 1.0, ""gain"": 0.0}, {""block"": ""star_ris"", ""rho"": 4.0, ""gain"": 0.023282552827158298}, {""block"": ""rsma"", ""rho"": 1.0, ""gain"": 0.0}, {""block"": ""star_ris"", ""rho"": 16.0, ""gain"": 0.03073601450179808}, {""block"": ""rsma"", ""rho"": 1.0, ""gain"": 0.0}, {""block"": ""star_ris"", ""rho"": 4.0, ""gain"": 0.05748538626775357}, {""block"": ""rsma"", ""rho"": 1.0, ""gain"": 3.552713678800501e-15}, {""block"": ""star_ris"", ""rho"": 1.0, ""gain"": 0.038273944178286}, {""block"": ""rsma"", ""rho"": 1.0, ""gain"": 0.0}, {""block"": ""star_ris"", ""rho"": 8.0, ""gain"": 0.05666073114028336}, {""block"": ""rsma"", ""rho"": 1.0, ""gain"": 0.0}, {""block"": ""star_ris"", ""rho"": 1.0, ""gain"": 0.13970373818945347}, {""block"": ""rsma"", ""rho"": 1.0, ""gain"": 0.0}, {""block"": ""star_ris"", ""rho"": 1.0, ""gain"": 0.05129371753265488}, {""block"": ""rsma"", ""rho"": 1.0, ""gain"": 0.0}, {""block"": ""star_ris"", ""rho"": 2.0, ""gain"": 0.021297304476117773}, {""block"": ""rsma"", ""rho"": 1.0, ""gain"": -7.105427357601002e-15}, {""block"": ""star_ris"", ""rho"": 8.0, ""gain"": 0.04485827303010126}, {""block"": ""rsma"", ""rho"": 1.0, ""gain"": 0.0}, {""block"": ""star_ris"", ""rho"": 1.0, ""gain"": 0.09436571084554402}, {""block"": ""rsma"", ""rho"": 1.0, ""gain"": 0.0}, {""block"": ""star_ris"", ""rho"": 4.0, ""gain"": 0.010058159980072645}, {""block"": ""rsma"", ""rho"": 1.0, ""gain"": 3.552713678800501e-15}, {""block"": ""star_ris"", ""rho"": 1.0, ""gain"": 0.03356501196714845}, {""block"": ""rsma"", ""rho"": 1.0, ""gain"": 0.0}, {""block"": ""star_ris"", ""rho"": 4.0, ""gain"": 0.0022253372528631132}, {""block"": ""rsma"", ""rho"": 1.0, ""gain"": 0.0}, {""block"": ""star_ris"", ""rho"": 8.0, ""gain"": 0.021641278940503383}, {""block"": ""rsma"", ""rho"": 1.0, ""gain"": 0.0}, {""block"": ""star_ris"", ""rho"": 2.0, ""gain"": 0.01830444615627158}, {""block"": ""rsma"", ""rho"": 1.0, ""gain"": 0.0}, {""block"": ""star_ris"", ""rho"": 2.0, ""gain"": 0.01727421731918355}, {""block"": ""rsma"", ""rho"": 1.0, ""gain"": 0.0}, {""block"": ""star_ris"", ""rho"": 1.0, ""gain"": 0.08150551582327736}, {""block"": ""rsma"", ""rho"": 1.0, ""gain"": 3.552713678800501e-15}, {""block"": ""star_ris"", ""rho"": 16.0, ""gain"": 0.0012481287467203117}]",{},8510.817381,895cf8987087c169d7023476c078ebabf24f99fbbc30b65ad7fae1097d95a6fe,fc61d5cda7da39530055bae9bd0e92865f995cd9,f4c80269e5fb3cf553900b2e82f235af875b7c2e33b4ff71ec5d85cc25eb2b4e
ao_sca,128,10000,213,test,19.924195452512464,19.924195452512464,1.0,True,0.0,12,9478,21,ao_sca_proximal_physical,analytical_ris_equal_allocation,"[1.8380258746224065, 19.375106270682483, 19.481329905471064, 19.648420621165933, 19.722976219475783, 19.729893213790067, 19.73724996800282, 19.792784816583595, 19.8569631550453, 19.872107780943864, 19.87966488300212, 19.923877831330724, 19.924195452512464]","[{""block"": ""rsma"", ""rho"": 1.0, ""gain"": 17.183359917980766}, {""block"": ""star_ris"", ""rho"": 1.0, ""gain"": 0.3537204780793104}, {""block"": ""rsma"", ""rho"": 1.0, ""gain"": -3.552713678800501e-15}, {""block"": ""star_ris"", ""rho"": 1.0, ""gain"": 0.10622363478858432}, {""block"": ""rsma"", ""rho"": 1.0, ""gain"": 3.552713678800501e-15}, {""block"": ""star_ris"", ""rho"": 2.0, ""gain"": 0.1670907156948651}, {""block"": ""rsma"", ""rho"": 1.0, ""gain"": 0.0}, {""block"": ""star_ris"", ""rho"": 4.0, ""gain"": 0.07455559830984981}, {""block"": ""rsma"", ""rho"": 1.0, ""gain"": -7.105427357601002e-15}, {""block"": ""star_ris"", ""rho"": 8.0, ""gain"": 0.006916994314291713}, {""block"": ""rsma"", ""rho"": 1.0, ""gain"": 0.0}, {""block"": ""star_ris"", ""rho"": 2.0, ""gain"": 0.0073567542127541685}, {""block"": ""rsma"", ""rho"": 1.0, ""gain"": 0.0}, {""block"": ""star_ris"", ""rho"": 1.0, ""gain"": 0.0555348485807734}, {""block"": ""rsma"", ""rho"": 1.0, ""gain"": 0.0}, {""block"": ""star_ris"", ""rho"": 2.0, ""gain"": 0.06417833846170495}, {""block"": ""rsma"", ""rho"": 1.0, ""gain"": 0.0}, {""block"": ""star_ris"", ""rho"": 4.0, ""gain"": 0.015144625898564357}, {""block"": ""rsma"", ""rho"": 1.0, ""gain"": 0.0}, {""block"": ""star_ris"", ""rho"": 8.0, ""gain"": 0.007557102058257215}, {""block"": ""rsma"", ""rho"": 1.0, ""gain"": 0.0}, {""block"": ""star_ris"", ""rho"": 4.0, ""gain"": 0.04421294832860312}, {""block"": ""rsma"", ""rho"": 1.0, ""gain"": 0.0}, {""block"": ""star_ris"", ""rho"": 64.0, ""gain"": 0.00031762118173972453}]",{},5333.497543,895cf8987087c169d7023476c078ebabf24f99fbbc30b65ad7fae1097d95a6fe,fc61d5cda7da39530055bae9bd0e92865f995cd9,f4c80269e5fb3cf553900b2e82f235af875b7c2e33b4ff71ec5d85cc25eb2b4e
ao_sca,128,10000,214,test,19.483789587400672,19.483789587400672,1.0,True,0.0,17,13444,31,ao_sca_proximal_physical,analytical_ris_equal_allocation,"[1.8380071787613506, 18.328657674939265, 18.426633540339417, 18.47262560134245, 18.494951360003842, 18.51691483371475, 18.68471420547762, 18.760241865636452, 18.796276152753872, 18.80069170896365, 18.91370159527999, 19.076799732989002, 19.14583627847862, 19.175860748917447, 19.27804312007235, 19.401948391640882, 19.48196086808922, 19.483789587400672]","[{""block"": ""rsma"", ""rho"": 1.0, ""gain"": 16.263856763747746}, {""block"": ""star_ris"", ""rho"": 4.0, ""gain"": 0.22679373243016698}, {""block"": ""rsma"", ""rho"": 1.0, ""gain"": 0.0}, {""block"": ""star_ris"", ""rho"": 8.0, ""gain"": 0.09797586540015146}, {""block"": ""rsma"", ""rho"": 1.0, ""gain"": -3.552713678800501e-15}, {""block"": ""star_ris"", ""rho"": 16.0, ""gain"": 0.04599206100303732}, {""block"": ""rsma"", ""rho"": 1.0, ""gain"": 0.0}, {""block"": ""star_ris"", ""rho"": 32.0, ""gain"": 0.02232575866139186}, {""block"": ""rsma"", ""rho"": 1.0, ""gain"": 0.0}, {""block"": ""star_ris"", ""rho"": 32.0, ""gain"": 0.021963473710908232}, {""block"": ""rsma"", ""rho"": 1.0, ""gain"": 0.0}, {""block"": ""star_ris"", ""rho"": 4.0, ""gain"": 0.16779937176286808}, {""block"": ""rsma"", ""rho"": 1.0, ""gain"": 3.552713678800501e-15}, {""block"": ""star_ris"", ""rho"": 8.0, ""gain"": 0.07552766015882995}, {""block"": ""rsma"", ""rho"": 1.0, ""gain"": 0.0}, {""block"": ""star_ris"", ""rho"": 16.0, ""gain"": 0.036034287117420405}, {""block"": ""rsma"", ""rho"": 1.0, ""gain"": 0.0}, {""block"": ""star_ris"", ""rho"": 128.0, ""gain"": 0.004415556209778515}, {""block"": ""rsma"", ""rho"": 1.0, ""gain"": 0.0}, {""block"": ""star_ris"", ""rho"": 1.0, ""gain"": 0.11300988631633757}, {""block"": ""rsma"", ""rho"": 1.0, ""gain"": 0.0}, {""block"": ""star_ris"", ""rho"": 4.0, ""gain"": 0.1630981377090137}, {""block"": ""rsma"", ""rho"": 1.0, ""gain"": -7.105427357601002e-15}, {""block"": ""star_ris"", ""rho"": 8.0, ""gain"": 0.06903654548962379}, {""block"": ""rsma"", ""rho"": 1.0, ""gain"": 0.0}, {""block"": ""star_ris"", ""rho"": 2.0, ""gain"": 0.030024470438828388}, {""block"": ""rsma"", ""rho"": 1.0, ""gain"": 0.0}, {""block"": ""star_ris"", ""rho"": 1.0, ""gain"": 0.10218237115490325}, {""block"": ""rsma"", ""rho"": 1.0, ""gain"": 3.552713678800501e-15}, {""block"": ""star_ris"", ""rho"": 2.0, ""gain"": 0.12390527156852826}, {""block"": ""rsma"", ""rho"": 1.0, ""gain"": 3.552713678800501e-15}, {""block"": ""star_ris"", ""rho"": 2.0, ""gain"": 0.08001247644833498}, {""block"": ""rsma"", ""rho"": 1.0, ""gain"": 0.0}, {""block"": ""star_ris"", ""rho"": 16.0, ""gain"": 0.0018287193114510103}]",{},7574.860504,895cf8987087c169d7023476c078ebabf24f99fbbc30b65ad7fae1097d95a6fe,fc61d5cda7da39530055bae9bd0e92865f995cd9,f4c80269e5fb3cf553900b2e82f235af875b7c2e33b4ff71ec5d85cc25eb2b4e
ao_sca,128,10000,215,test,19.841090787382427,19.841090787382427,1.0,True,0.0,8,6319,15,ao_sca_proximal_physical,analytical_ris_equal_allocation,"[1.8380299989640971, 19.457004213687398, 19.476565002844758, 19.48138762644348, 19.49005131526033, 19.5836031454985, 19.801254302538954, 19.83958526221798, 19.841090787382427]","[{""block"": ""rsma"", ""rho"": 1.0, ""gain"": 17.535937199036532}, {""block"": ""star_ris"", ""rho"": 4.0, ""gain"": 0.08303701568677013}, {""block"": ""rsma"", ""rho"": 1.0, ""gain"": 0.0}, {""block"": ""star_ris"", ""rho"": 16.0, ""gain"": 0.019560789157360148}, {""block"": ""rsma"", ""rho"": 1.0, ""gain"": 0.0}, {""block"": ""star_ris"", ""rho"": 64.0, ""gain"": 0.004822623598723652}, {""block"": ""rsma"", ""rho"": 1.0, ""gain"": 0.0}, {""block"": ""star_ris"", ""rho"": 2.0, ""gain"": 0.008663688816849202}, {""block"": ""rsma"", ""rho"": 1.0, ""gain"": 0.0}, {""block"": ""star_ris"", ""rho"": 1.0, ""gain"": 0.09355183023816949}, {""block"": ""rsma"", ""rho"": 1.0, ""gain"": 3.552713678800501e-15}, {""block"": ""star_ris"", ""rho"": 1.0, ""gain"": 0.21765115704045002}, {""block"": ""rsma"", ""rho"": 1.0, ""gain"": -3.552713678800501e-15}, {""block"": ""star_ris"", ""rho"": 1.0, ""gain"": 0.038330959679029775}, {""block"": ""rsma"", ""rho"": 1.0, ""gain"": 0.0}, {""block"": ""star_ris"", ""rho"": 2.0, ""gain"": 0.001505525164446908}]",{},3490.872521,895cf8987087c169d7023476c078ebabf24f99fbbc30b65ad7fae1097d95a6fe,fc61d5cda7da39530055bae9bd0e92865f995cd9,f4c80269e5fb3cf553900b2e82f235af875b7c2e33b4ff71ec5d85cc25eb2b4e
ao_sca,128,10000,216,test,19.68214775770523,19.68214775770523,1.0,True,0.0,11,8690,20,ao_sca_proximal_physical,analytical_ris_equal_allocation,"[1.8380202834277641, 18.874307408248736, 19.137029389009218, 19.272906821273608, 19.32451171216674, 19.374805426716357, 19.399184736476293, 19.420745985536385, 19.63557740242748, 19.67873006523996, 19.68156956481379, 19.68214775770523]","[{""block"": ""rsma"", ""rho"": 1.0, ""gain"": 16.88294252169988}, {""block"": ""star_ris"", ""rho"": 4.0, ""gain"": 0.15334460312109144}, {""block"": ""rsma"", ""rho"": 1.0, ""gain"": 0.0}, {""block"": ""star_ris"", ""rho"": 1.0, ""gain"": 0.2627219807604817}, {""block"": ""rsma"", ""rho"": 1.0, ""gain"": 0.0}, {""block"": ""star_ris"", ""rho"": 4.0, ""gain"": 0.1358774322643903}, {""block"": ""rsma"", ""rho"": 1.0, ""gain"": 3.552713678800501e-15}, {""block"": ""star_ris"", ""rho"": 2.0, ""gain"": 0.051604890893127475}, {""block"": ""rsma"", ""rho"": 1.0, ""gain"": 0.0}, {""block"": ""star_ris"", ""rho"": 8.0, ""gain"": 0.05029371454961762}, {""block"": ""rsma"", ""rho"": 1.0, ""gain"": -7.105427357601002e-15}, {""block"": ""star_ris"", ""rho"": 16.0, ""gain"": 0.024379309759943624}, {""block"": ""rsma"", ""rho"": 1.0, ""gain"": 3.552713678800501e-15}, {""block"": ""star_ris"", ""rho"": 1.0, ""gain"": 0.021561249060088272}, {""block"": ""rsma"", ""rho"": 1.0, ""gain"": 0.0}, {""block"": ""star_ris"", ""rho"": 1.0, ""gain"": 0.2148314168910943}, {""block"": ""rsma"", ""rho"": 1.0, ""gain"": 0.0}, {""block"": ""star_ris"", ""rho"": 1.0, ""gain"": 0.043152662812481424}, {""block"": ""rsma"", ""rho"": 1.0, ""gain"": 0.0}, {""block"": ""star_ris"", ""rho"": 32.0, ""gain"": 0.002839499573827453}, {""block"": ""rsma"", ""rho"": 1.0, ""gain"": 0.0}, {""block"": ""star_ris"", ""rho"": 16.0, ""gain"": 0.0005781928914423418}]",{},4733.154992,895cf8987087c169d7023476c078ebabf24f99fbbc30b65ad7fae1097d95a6fe,fc61d5cda7da39530055bae9bd0e92865f995cd9,f4c80269e5fb3cf553900b2e82f235af875b7c2e33b4ff71ec5d85cc25eb2b4e
ao_sca,128,10000,217,test,19.56071885397455,19.56071885397455,1.0,True,0.0,20,15787,36,ao_sca_proximal_physical,analytical_ris_equal_allocation,"[1.838007076013036, 18.946177702978808, 18.9575433896625, 18.991386597201533, 19.009597070127, 19.019063355045112, 19.066528794565905, 19.11960861987525, 19.227971232421538, 19.234637758822306, 19.2447727933754, 19.31222427007542, 19.377211661194927, 19.44142959497429, 19.455124231813464, 19.46229124418825, 19.472255642776588, 19.554532731971314, 19.55781387780561, 19.5597864807425, 19.56071885397455]","[{""block"": ""rsma"", ""rho"": 1.0, ""gain"": 16.61194244575338}, {""block"": ""star_ris"", ""rho"": 1.0, ""gain"": 0.4962281812123912}, {""block"": ""rsma"", ""rho"": 1.0, ""gain"": -3.552713678800501e-15}, {""block"": ""star_ris"", ""rho"": 2.0, ""gain"": 0.011365686683696197}, {""block"": ""rsma"", ""rho"": 1.0, ""gain"": 0.0}, {""block"": ""star_ris"", ""rho"": 1.0, ""gain"": 0.03384320753903225}, {""block"": ""rsma"", ""rho"": 1.0, ""gain"": 0.0}, {""block"": ""star_ris"", ""rho"": 4.0, ""gain"": 0.018210472925467514}, {""block"": ""rsma"", ""rho"": 1.0, ""gain"": 0.0}, {""block"": ""star_ris"", ""rho"": 4.0, ""gain"": 0.009466284918111967}, {""block"": ""rsma"", ""rho"": 1.0, ""gain"": 0.0}, {""block"": ""star_ris"", ""rho"": 1.0, ""gain"": 0.047465439520792074}, {""block"": ""rsma"", ""rho"": 1.0, ""gain"": 0.0}, {""block"": ""star_ris"", ""rho"": 1.0, ""gain"": 0.05307982530934652}, {""block"": ""rsma"", ""rho"": 1.0, ""gain"": 0.0}, {""block"": ""star_ris"", ""rho"": 1.0, ""gain"": 0.1083626125462871}, {""block"": ""rsma"", ""rho"": 1.0, ""gain"": 0.0}, {""block"": ""star_ris"", ""rho"": 8.0, ""gain"": 0.006666526400767481}, {""block"": ""rsma"", ""rho"": 1.0, ""gain"": 0.0}, {""block"": ""star_ris"", ""rho"": 2.0, ""gain"": 0.010135034553094613}, {""block"": ""rsma"", ""rho"": 1.0, ""gain"": 0.0}, {""block"": ""star_ris"", ""rho"": 1.0, ""gain"": 0.06745147670001828}, {""block"": ""rsma"", ""rho"": 1.0, ""gain"": 0.0}, {""block"": ""star_ris"", ""rho"": 1.0, ""gain"": 0.06498739111950869}, {""block"": ""rsma"", ""rho"": 1.0, ""gain"": 0.0}, {""block"": ""star_ris"", ""rho"": 1.0, ""gain"": 0.06421793377936424}, {""block"": ""rsma"", ""rho"": 1.0, ""gain"": 3.552713678800501e-15}, {""block"": ""star_ris"", ""rho"": 4.0, ""gain"": 0.01369463683916905}, {""block"": ""rsma"", ""rho"": 1.0, ""gain"": 0.0}, {""block"": ""star_ris"", ""rho"": 2.0, ""gain"": 0.007167012374786452}, {""block"": ""rsma"", ""rho"": 1.0, ""gain"": 0.0}, {""block"": ""star_ris"", ""rho"": 2.0, ""gain"": 0.00996439858833753}, {""block"": ""rsma"", ""rho"": 1.0, ""gain"": 0.0}, {""block"": ""star_ris"", ""rho"": 2.0, ""gain"": 0.08227708919472576}, {""block"": ""rsma"", ""rho"": 1.0, ""gain"": 0.0}, {""block"": ""star_ris"", ""rho"": 32.0, ""gain"": 0.00328114583429695}, {""block"": ""rsma"", ""rho"": 1.0, ""gain"": 0.0}, {""block"": ""star_ris"", ""rho"": 16.0, ""gain"": 0.001972602936888279}, {""block"": ""rsma"", ""rho"": 1.0, ""gain"": 0.0}, {""block"": ""star_ris"", ""rho"": 8.0, ""gain"": 0.0009323732320503098}]",{},8626.921777,895cf8987087c169d7023476c078ebabf24f99fbbc30b65ad7fae1097d95a6fe,fc61d5cda7da39530055bae9bd0e92865f995cd9,f4c80269e5fb3cf553900b2e82f235af875b7c2e33b4ff71ec5d85cc25eb2b4e
ao_sca,128,10000,218,test,19.378662812335875,19.378662812335875,1.0,True,0.0,9,7118,16,ao_sca_proximal_physical,analytical_ris_equal_allocation,"[1.8380194329916746, 19.26209132117966, 19.28998642498769, 19.2920865749287, 19.334197824042995, 19.359679604497426, 19.372156564744085, 19.375246331778108, 19.378417317542514, 19.378662812335875]","[{""block"": ""rsma"", ""rho"": 1.0, ""gain"": 17.090514743973003}, {""block"": ""star_ris"", ""rho"": 1.0, ""gain"": 0.33355714421498206}, {""block"": ""rsma"", ""rho"": 1.0, ""gain"": 0.0}, {""block"": ""star_ris"", ""rho"": 2.0, ""gain"": 0.027895103808027955}, {""block"": ""rsma"", ""rho"": 1.0, ""gain"": 0.0}, {""block"": ""star_ris"", ""rho"": 4.0, ""gain"": 0.0021001499410111535}, {""block"": ""rsma"", ""rho"": 1.0, ""gain"": 0.0}, {""block"": ""star_ris"", ""rho"": 1.0, ""gain"": 0.042111249114295646}, {""block"": ""rsma"", ""rho"": 1.0, ""gain"": 0.0}, {""block"": ""star_ris"", ""rho"": 16.0, ""gain"": 0.025481780454430947}, {""block"": ""rsma"", ""rho"": 1.0, ""gain"": 0.0}, {""block"": ""star_ris"", ""rho"": 32.0, ""gain"": 0.012476960246658564}, {""block"": ""rsma"", ""rho"": 1.0, ""gain"": 0.0}, {""block"": ""star_ris"", ""rho"": 128.0, ""gain"": 0.003089767034023083}, {""block"": ""rsma"", ""rho"": 1.0, ""gain"": 3.552713678800501e-15}, {""block"": ""star_ris"", ""rho"": 8.0, ""gain"": 0.0031709857644024453}, {""block"": ""rsma"", ""rho"": 1.0, ""gain"": 0.0}, {""block"": ""star_ris"", ""rho"": 8.0, ""gain"": 0.00024549479336144486}]",{},3952.052298,895cf8987087c169d7023476c078ebabf24f99fbbc30b65ad7fae1097d95a6fe,fc61d5cda7da39530055bae9bd0e92865f995cd9,f4c80269e5fb3cf553900b2e82f235af875b7c2e33b4ff71ec5d85cc25eb2b4e
ao_sca,128,10000,219,test,19.37587163289124,19.37587163289124,1.0,True,0.0,15,11863,27,ao_sca_proximal_physical,analytical_ris_equal_allocation,"[1.838010146513013, 18.70261990413854, 18.74033044233858, 18.75872692884451, 18.767815821799832, 19.020410025414716, 19.112019130845283, 19.134915439766395, 19.14756989506556, 19.167286708254558, 19.183201840682944, 19.274104720467648, 19.279522932626378, 19.339172884295696, 19.375529347665424, 19.375871632891236]","[{""block"": ""rsma"", ""rho"": 1.0, ""gain"": 16.703209727562427}, {""block"": ""star_ris"", ""rho"": 1.0, ""gain"": 0.1614000300630991}, {""block"": ""rsma"", ""rho"": 1.0, ""gain"": -3.552713678800501e-15}, {""block"": ""star_ris"", ""rho"": 16.0, ""gain"": 0.037710538200041555}, {""block"": ""rsma"", ""rho"": 1.0, ""gain"": -3.552713678800501e-15}, {""block"": ""star_ris"", ""rho"": 32.0, ""gain"": 0.018396486505935172}, {""block"": ""rsma"", ""rho"": 1.0, ""gain"": 0.0}, {""block"": ""star_ris"", ""rho"": 64.0, ""gain"": 0.009088892955322336}, {""block"": ""rsma"", ""rho"": 1.0, ""gain"": 0.0}, {""block"": ""star_ris"", ""rho"": 1.0, ""gain"": 0.2525942036148834}, {""block"": ""rsma"", ""rho"": 1.0, ""gain"": 0.0}, {""block"": ""star_ris"", ""rho"": 4.0, ""gain"": 0.09160910543056744}, {""block"": ""rsma"", ""rho"": 1.0, ""gain"": -3.552713678800501e-15}, {""block"": ""star_ris"", ""rho"": 8.0, ""gain"": 0.022896308921115605}, {""block"": ""rsma"", ""rho"": 1.0, ""gain"": 0.0}, {""block"": ""star_ris"", ""rho"": 8.0, ""gain"": 0.012654455299163203}, {""block"": ""rsma"", ""rho"": 1.0, ""gain"": -3.552713678800501e-15}, {""block"": ""star_ris"", ""rho"": 2.0, ""gain"": 0.01971681318900309}, {""block"": ""rsma"", ""rho"": 1.0, ""gain"": 3.552713678800501e-15}, {""block"": ""star_ris"", ""rho"": 32.0, ""gain"": 0.015915132428382606}, {""block"": ""rsma"", ""rho"": 1.0, ""gain"": 0.0}, {""block"": ""star_ris"", ""rho"": 2.0, ""gain"": 0.09090287978470357}, {""block"": ""rsma"", ""rho"": 1.0, ""gain"": 0.0}, {""block"": ""star_ris"", ""rho"": 4.0, ""gain"": 0.0054182121587302845}, {""block"": ""rsma"", ""rho"": 1.0, ""gain"": -3.552713678800501e-15}, {""block"": ""star_ris"", ""rho"": 1.0, ""gain"": 0.05964995166932141}, {""block"": ""rsma"", ""rho"": 1.0, ""gain"": 0.0}, {""block"": ""star_ris"", ""rho"": 8.0, ""gain"": 0.036356463369727976}, {""block"": ""rsma"", ""rho"": 1.0, ""gain"": 0.0}, {""block"": ""star_ris"", ""rho"": 128.0, ""gain"": 0.0003422852258125886}]",{},6507.093406,895cf8987087c169d7023476c078ebabf24f99fbbc30b65ad7fae1097d95a6fe,fc61d5cda7da39530055bae9bd0e92865f995cd9,f4c80269e5fb3cf553900b2e82f235af875b7c2e33b4ff71ec5d85cc25eb2b4e
ao_sca,128,10000,220,test,19.309357691008454,19.309357691008454,1.0,True,0.0,3,2374,6,ao_sca_proximal_physical,analytical_ris_equal_allocation,"[1.838024661453685, 19.2582083796697, 19.30873067874415, 19.309357691008458]","[{""block"": ""rsma"", ""rho"": 1.0, ""gain"": 17.311544126357052}, {""block"": ""star_ris"", ""rho"": 4.0, ""gain"": 0.10863959185896377}, {""block"": ""rsma"", ""rho"": 1.0, ""gain"": 0.0}, {""block"": ""star_ris"", ""rho"": 8.0, ""gain"": 0.05052229907445138}, {""block"": ""rsma"", ""rho"": 1.0, ""gain"": 0.0}, {""block"": ""star_ris"", ""rho"": 16.0, ""gain"": 0.0006270122643066145}]",{},1335.356856,895cf8987087c169d7023476c078ebabf24f99fbbc30b65ad7fae1097d95a6fe,fc61d5cda7da39530055bae9bd0e92865f995cd9,f4c80269e5fb3cf553900b2e82f235af875b7c2e33b4ff71ec5d85cc25eb2b4e
ao_sca,128,10000,221,test,19.70431295416737,19.70431295416737,1.0,True,0.0,17,13442,31,ao_sca_proximal_physical,analytical_ris_equal_allocation,"[1.8380189389900938, 18.818191596996837, 18.85879160793131, 18.87848407009375, 19.16549492310861, 19.180359770048636, 19.37981865614993, 19.47824348681135, 19.561988787946703, 19.599533345830032, 19.630863206228724, 19.639195444507536, 19.64950620376355, 19.6593223979135, 19.691673602634577, 19.69626263575724, 19.702958382792264, 19.70431295416737]","[{""block"": ""rsma"", ""rho"": 1.0, ""gain"": 16.893523875961865}, {""block"": ""star_ris"", ""rho"": 8.0, ""gain"": 0.08664878204487891}, {""block"": ""rsma"", ""rho"": 1.0, ""gain"": 0.0}, {""block"": ""star_ris"", ""rho"": 16.0, ""gain"": 0.04060001093447241}, {""block"": ""rsma"", ""rho"": 1.0, ""gain"": 0.0}, {""block"": ""star_ris"", ""rho"": 32.0, ""gain"": 0.01969246216244258}, {""block"": ""rsma"", ""rho"": 1.0, ""gain"": 3.552713678800501e-15}, {""block"": ""star_ris"", ""rho"": 2.0, ""gain"": 0.2870108530148556}, {""block"": ""rsma"", ""rho"": 1.0, ""gain"": 0.0}, {""block"": ""star_ris"", ""rho"": 32.0, ""gain"": 0.01486484694002499}, {""block"": ""rsma"", ""rho"": 1.0, ""gain"": 0.0}, {""block"": ""star_ris"", ""rho"": 1.0, ""gain"": 0.1994588861012936}, {""block"": ""rsma"", ""rho"": 1.0, ""gain"": 0.0}, {""block"": ""star_ris"", ""rho"": 2.0, ""gain"": 0.09842483066142194}, {""block"": ""rsma"", ""rho"": 1.0, ""gain"": 0.0}, {""block"": ""star_ris"", ""rho"": 4.0, ""gain"": 0.08374530113535172}, {""block"": ""rsma"", ""rho"": 1.0, ""gain"": -3.552713678800501e-15}, {""block"": ""star_ris"", ""rho"": 4.0, ""gain"": 0.037544557883332885}, {""block"": ""rsma"", ""rho"": 1.0, ""gain"": -3.552713678800501e-15}, {""block"": ""star_ris"", ""rho"": 2.0, ""gain"": 0.031329860398695786}, {""block"": ""rsma"", ""rho"": 1.0, ""gain"": 0.0}, {""block"": ""star_ris"", ""rho"": 8.0, ""gain"": 0.008332238278811133}, {""block"": ""rsma"", ""rho"": 1.0, ""gain"": 0.0}, {""block"": ""star_ris"", ""rho"": 32.0, ""gain"": 0.01031075925601499}, {""block"": ""rsma"", ""rho"": 1.0, ""gain"": -3.552713678800501e-15}, {""block"": ""star_ris"", ""rho"": 4.0, ""gain"": 0.00981619414995194}, {""block"": ""rsma"", ""rho"": 1.0, ""gain"": 0.0}, {""block"": ""star_ris"", ""rho"": 1.0, ""gain"": 0.032351204721077664}, {""block"": ""rsma"", ""rho"": 1.0, ""gain"": 3.552713678800501e-15}, {""block"": ""star_ris"", ""rho"": 32.0, ""gain"": 0.004589033122659458}, {""block"": ""rsma"", ""rho"": 1.0, ""gain"": 3.552713678800501e-15}, {""block"": ""star_ris"", ""rho"": 4.0, ""gain"": 0.006695747035021071}, {""block"": ""rsma"", ""rho"": 1.0, ""gain"": 0.0}, {""block"": ""star_ris"", ""rho"": 16.0, ""gain"": 0.001354571375106417}]",{},7497.134444,895cf8987087c169d7023476c078ebabf24f99fbbc30b65ad7fae1097d95a6fe,fc61d5cda7da39530055bae9bd0e92865f995cd9,f4c80269e5fb3cf553900b2e82f235af875b7c2e33b4ff71ec5d85cc25eb2b4e
ao_sca,128,10000,222,test,19.85313295035569,19.85313295035569,1.0,True,0.0,4,3153,6,ao_sca_proximal_physical,analytical_ris_equal_allocation,"[1.83803163259103, 19.58726911914626, 19.610320503693305, 19.85157311197141, 19.85313295035569]","[{""block"": ""rsma"", ""rho"": 1.0, ""gain"": 17.736939307123603}, {""block"": ""star_ris"", ""rho"": 1.0, ""gain"": 0.012298179431628142}, {""block"": ""rsma"", ""rho"": 1.0, ""gain"": 0.0}, {""block"": ""star_ris"", ""rho"": 1.0, ""gain"": 0.023051384547045473}, {""block"": ""rsma"", ""rho"": 1.0, ""gain"": -3.552713678800501e-15}, {""block"": ""star_ris"", ""rho"": 1.0, ""gain"": 0.24125260827810635}, {""block"": ""rsma"", ""rho"": 1.0, ""gain"": 0.0}, {""block"": ""star_ris"", ""rho"": 1.0, ""gain"": 0.00155983838428142}]",{},1744.252388,895cf8987087c169d7023476c078ebabf24f99fbbc30b65ad7fae1097d95a6fe,fc61d5cda7da39530055bae9bd0e92865f995cd9,f4c80269e5fb3cf553900b2e82f235af875b7c2e33b4ff71ec5d85cc25eb2b4e
ao_sca,128,10000,223,test,19.7582285705228,19.7582285705228,1.0,True,0.0,16,12635,30,ao_sca_proximal_physical,analytical_ris_equal_allocation,"[1.8380189301813008, 19.250097219159287, 19.25467976039996, 19.26335104088671, 19.272623838571207, 19.320404347896996, 19.32991474748291, 19.34457142917401, 19.376379033958756, 19.48399268056356, 19.565170155353325, 19.6441080445879, 19.68213136148228, 19.689530467879152, 19.701153735714133, 19.75677977981539, 19.758228570522796]","[{""block"": ""rsma"", ""rho"": 1.0, ""gain"": 16.898561322820875}, {""block"": ""star_ris"", ""rho"": 1.0, ""gain"": 0.5135169661571091}, {""block"": ""rsma"", ""rho"": 1.0, ""gain"": 0.0}, {""block"": ""star_ris"", ""rho"": 8.0, ""gain"": 0.0045825412406728105}, {""block"": ""rsma"", ""rho"": 1.0, ""gain"": 0.0}, {""block"": ""star_ris"", ""rho"": 2.0, ""gain"": 0.008671280486751698}, {""block"": ""rsma"", ""rho"": 1.0, ""gain"": 0.0}, {""block"": ""star_ris"", ""rho"": 4.0, ""gain"": 0.009272797684495515}, {""block"": ""rsma"", ""rho"": 1.0, ""gain"": -3.552713678800501e-15}, {""block"": ""star_ris"", ""rho"": 1.0, ""gain"": 0.047780509325793474}, {""block"": ""rsma"", ""rho"": 1.0, ""gain"": 0.0}, {""block"": ""star_ris"", ""rho"": 8.0, ""gain"": 0.009510399585913376}, {""block"": ""rsma"", ""rho"": 1.0, ""gain"": 0.0}, {""block"": ""star_ris"", ""rho"": 4.0, ""gain"": 0.01465668169110046}, {""block"": ""rsma"", ""rho"": 1.0, ""gain"": 3.552713678800501e-15}, {""block"": ""star_ris"", ""rho"": 1.0, ""gain"": 0.03180760478474198}, {""block"": ""rsma"", ""rho"": 1.0, ""gain"": -7.105427357601002e-15}, {""block"": ""star_ris"", ""rho"": 1.0, ""gain"": 0.10761364660481121}, {""block"": ""rsma"", ""rho"": 1.0, ""gain"": 3.552713678800501e-15}, {""block"": ""star_ris"", ""rho"": 1.0, ""gain"": 0.08117747478976156}, {""block"": ""rsma"", ""rho"": 1.0, ""gain"": -3.552713678800501e-15}, {""block"": ""star_ris"", ""rho"": 4.0, ""gain"": 0.07893788923457734}, {""block"": ""rsma"", ""rho"": 1.0, ""gain"": 0.0}, {""block"": ""star_ris"", ""rho"": 8.0, ""gain"": 0.038023316894381765}, {""block"": ""rsma"", ""rho"": 1.0, ""gain"": -3.552713678800501e-15}, {""block"": ""star_ris"", ""rho"": 8.0, ""gain"": 0.007399106396874799}, {""block"": ""rsma"", ""rho"": 1.0, ""gain"": 0.0}, {""block"": ""star_ris"", ""rho"": 4.0, ""gain"": 0.011623267834981021}, {""block"": ""rsma"", ""rho"": 1.0, ""gain"": 0.0}, {""block"": ""star_ris"", ""rho"": 2.0, ""gain"": 0.055626044101256156}, {""block"": ""rsma"", ""rho"": 1.0, ""gain"": 0.0}, {""block"": ""star_ris"", ""rho"": 16.0, ""gain"": 0.0014487907074069994}]",{},6989.814977,895cf8987087c169d7023476c078ebabf24f99fbbc30b65ad7fae1097d95a6fe,fc61d5cda7da39530055bae9bd0e92865f995cd9,f4c80269e5fb3cf553900b2e82f235af875b7c2e33b4ff71ec5d85cc25eb2b4e
ao_sca,128,10000,224,test,19.98225309967285,19.98225309967285,1.0,True,0.0,16,12628,30,ao_sca_proximal_physical,analytical_ris_equal_allocation,"[1.838020952518385, 18.895354113552013, 18.911065551940325, 19.1682235451376, 19.222270081349617, 19.589453368083344, 19.592978008004543, 19.597550262699592, 19.60656335556986, 19.64578084701159, 19.648826751076164, 19.663933471761638, 19.720768451716477, 19.772397366110436, 19.911652102788523, 19.981376894941313, 19.982253099672846]","[{""block"": ""rsma"", ""rho"": 1.0, ""gain"": 16.919276497911966}, {""block"": ""star_ris"", ""rho"": 4.0, ""gain"": 0.1380566631216631}, {""block"": ""rsma"", ""rho"": 1.0, ""gain"": 0.0}, {""block"": ""star_ris"", ""rho"": 32.0, ""gain"": 0.015711438388311905}, {""block"": ""rsma"", ""rho"": 1.0, ""gain"": 0.0}, {""block"": ""star_ris"", ""rho"": 1.0, ""gain"": 0.25715799319727495}, {""block"": ""rsma"", ""rho"": 1.0, ""gain"": -3.552713678800501e-15}, {""block"": ""star_ris"", ""rho"": 1.0, ""gain"": 0.05404653621202016}, {""block"": ""rsma"", ""rho"": 1.0, ""gain"": 0.0}, {""block"": ""star_ris"", ""rho"": 1.0, ""gain"": 0.36718328673372724}, {""block"": ""rsma"", ""rho"": 1.0, ""gain"": 0.0}, {""block"": ""star_ris"", ""rho"": 16.0, ""gain"": 0.003524639921199224}, {""block"": ""rsma"", ""rho"": 1.0, ""gain"": -3.552713678800501e-15}, {""block"": ""star_ris"", ""rho"": 8.0, ""gain"": 0.00457225469505218}, {""block"": ""rsma"", ""rho"": 1.0, ""gain"": 0.0}, {""block"": ""star_ris"", ""rho"": 2.0, ""gain"": 0.00901309287026919}, {""block"": ""rsma"", ""rho"": 1.0, ""gain"": 0.0}, {""block"": ""star_ris"", ""rho"": 1.0, ""gain"": 0.039217491441728924}, {""block"": ""rsma"", ""rho"": 1.0, ""gain"": 3.552713678800501e-15}, {""block"": ""star_ris"", ""rho"": 1.0, ""gain"": 0.003045904064570948}, {""block"": ""rsma"", ""rho"": 1.0, ""gain"": -3.552713678800501e-15}, {""block"": ""star_ris"", ""rho"": 1.0, ""gain"": 0.015106720685476915}, {""block"": ""rsma"", ""rho"": 1.0, ""gain"": 3.552713678800501e-15}, {""block"": ""star_ris"", ""rho"": 1.0, ""gain"": 0.056834979954835774}, {""block"": ""rsma"", ""rho"": 1.0, ""gain"": 0.0}, {""block"": ""star_ris"", ""rho"": 1.0, ""gain"": 0.05162891439395878}, {""block"": ""rsma"", ""rho"": 1.0, ""gain"": 3.552713678800501e-15}, {""block"": ""star_ris"", ""rho"": 1.0, ""gain"": 0.1392547366780832}, {""block"": ""rsma"", ""rho"": 1.0, ""gain"": 0.0}, {""block"": ""star_ris"", ""rho"": 4.0, ""gain"": 0.06972479215279037}, {""block"": ""rsma"", ""rho"": 1.0, ""gain"": 0.0}, {""block"": ""star_ris"", ""rho"": 4.0, ""gain"": 0.0008762047315329369}]",{},6999.350355,895cf8987087c169d7023476c078ebabf24f99fbbc30b65ad7fae1097d95a6fe,fc61d5cda7da39530055bae9bd0e92865f995cd9,f4c80269e5fb3cf553900b2e82f235af875b7c2e33b4ff71ec5d85cc25eb2b4e
ao_sca,128,10000,225,test,19.5464950279381,19.5464950279381,1.0,True,0.0,12,9477,20,ao_sca_proximal_physical,analytical_ris_equal_allocation,"[1.838010238377721, 18.5436345032371, 18.563406270890145, 18.581110992338438, 18.745254464093467, 19.13491394448935, 19.15565021761502, 19.507263753232895, 19.52699569168059, 19.53120196612861, 19.541909156403573, 19.546130185348193, 19.5464950279381]","[{""block"": ""rsma"", ""rho"": 1.0, ""gain"": 16.528511800267466}, {""block"": ""star_ris"", ""rho"": 4.0, ""gain"": 0.17711246459191443}, {""block"": ""rsma"", ""rho"": 1.0, ""gain"": 0.0}, {""block"": ""star_ris"", ""rho"": 32.0, ""gain"": 0.01977176765304378}, {""block"": ""rsma"", ""rho"": 1.0, ""gain"": 0.0}, {""block"": ""star_ris"", ""rho"": 2.0, ""gain"": 0.01770472144829327}, {""block"": ""rsma"", ""rho"": 1.0, ""gain"": -3.552713678800501e-15}, {""block"": ""star_ris"", ""rho"": 1.0, ""gain"": 0.16414347175503252}, {""block"": ""rsma"", ""rho"": 1.0, ""gain"": -3.552713678800501e-15}, {""block"": ""star_ris"", ""rho"": 1.0, ""gain"": 0.3896594803958884}, {""block"": ""rsma"", ""rho"": 1.0, ""gain"": 3.552713678800501e-15}, {""block"": ""star_ris"", ""rho"": 1.0, ""gain"": 0.02073627312566373}, {""block"": ""rsma"", ""rho"": 1.0, ""gain"": 0.0}, {""block"": ""star_ris"", ""rho"": 1.0, ""gain"": 0.3516135356178758}, {""block"": ""rsma"", ""rho"": 1.0, ""gain"": 0.0}, {""block"": ""star_ris"", ""rho"": 2.0, ""gain"": 0.01973193844769483}, {""block"": ""rsma"", ""rho"": 1.0, ""gain"": 0.0}, {""block"": ""star_ris"", ""rho"": 8.0, ""gain"": 0.004206274448019798}, {""block"": ""rsma"", ""rho"": 1.0, ""gain"": 0.0}, {""block"": ""star_ris"", ""rho"": 2.0, ""gain"": 0.010707190274963807}, {""block"": ""rsma"", ""rho"": 1.0, ""gain"": 3.552713678800501e-15}, {""block"": ""star_ris"", ""rho"": 1.0, ""gain"": 0.004221028944616734}, {""block"": ""rsma"", ""rho"": 1.0, ""gain"": 0.0}, {""block"": ""star_ris"", ""rho"": 128.0, ""gain"": 0.0003648425899065444}]",{},5164.809423,895cf8987087c169d7023476c078ebabf24f99fbbc30b65ad7fae1097d95a6fe,fc61d5cda7da39530055bae9bd0e92865f995cd9,f4c80269e5fb3cf553900b2e82f235af875b7c2e33b4ff71ec5d85cc25eb2b4e
ao_sca,128,10000,226,test,19.735374241224108,19.735374241224108,1.0,True,0.0,7,5529,14,ao_sca_proximal_physical,analytical_ris_equal_allocation,"[1.838023633397087, 19.457186373806223, 19.49186555759897, 19.591410643074816, 19.68321587731219, 19.726297549804485, 19.73443336584657, 19.735374241224108]","[{""block"": ""rsma"", ""rho"": 1.0, ""gain"": 17.02042897610027}, {""block"": ""star_ris"", ""rho"": 1.0, ""gain"": 0.5987337643088679}, {""block"": ""rsma"", ""rho"": 1.0, ""gain"": 0.0}, {""block"": ""star_ris"", ""rho"": 2.0, ""gain"": 0.034679183792746926}, {""block"": ""rsma"", ""rho"": 1.0, ""gain"": 3.552713678800501e-15}, {""block"": ""star_ris"", ""rho"": 1.0, ""gain"": 0.0995450854758424}, {""block"": ""rsma"", ""rho"": 1.0, ""gain"": 0.0}, {""block"": ""star_ris"", ""rho"": 4.0, ""gain"": 0.09180523423737341}, {""block"": ""rsma"", ""rho"": 1.0, ""gain"": 3.552713678800501e-15}, {""block"": ""star_ris"", ""rho"": 8.0, ""gain"": 0.043081672492292}, {""block"": ""rsma"", ""rho"": 1.0, ""gain"": 0.0}, {""block"": ""star_ris"", ""rho"": 16.0, ""gain"": 0.008135816042084798}, {""block"": ""rsma"", ""rho"": 1.0, ""gain"": 0.0}, {""block"": ""star_ris"", ""rho"": 4.0, ""gain"": 0.0009408753775375089}]",{},3057.830358,895cf8987087c169d7023476c078ebabf24f99fbbc30b65ad7fae1097d95a6fe,fc61d5cda7da39530055bae9bd0e92865f995cd9,f4c80269e5fb3cf553900b2e82f235af875b7c2e33b4ff71ec5d85cc25eb2b4e
ao_sca,128,10000,227,test,19.92206631370795,19.92206631370795,1.0,True,0.0,12,9477,22,ao_sca_proximal_physical,analytical_ris_equal_allocation,"[1.838029362314945, 19.53570533783887, 19.629593921197962, 19.647558895033924, 19.70801876407578, 19.71294608171426, 19.732126532312314, 19.755301312624916, 19.825384644781572, 19.901175458955315, 19.91464157210619, 19.921214615335437, 19.92206631370795]","[{""block"": ""rsma"", ""rho"": 1.0, ""gain"": 17.527489246306974}, {""block"": ""star_ris"", ""rho"": 1.0, ""gain"": 0.170186729216951}, {""block"": ""rsma"", ""rho"": 1.0, ""gain"": -3.552713678800501e-15}, {""block"": ""star_ris"", ""rho"": 2.0, ""gain"": 0.09388858335909589}, {""block"": ""rsma"", ""rho"": 1.0, ""gain"": -3.552713678800501e-15}, {""block"": ""star_ris"", ""rho"": 1.0, ""gain"": 0.017964973835965736}, {""block"": ""rsma"", ""rho"": 1.0, ""gain"": 0.0}, {""block"": ""star_ris"", ""rho"": 4.0, ""gain"": 0.06045986904185696}, {""block"": ""rsma"", ""rho"": 1.0, ""gain"": 0.0}, {""block"": ""star_ris"", ""rho"": 4.0, ""gain"": 0.004927317638479423}, {""block"": ""rsma"", ""rho"": 1.0, ""gain"": 0.0}, {""block"": ""star_ris"", ""rho"": 16.0, ""gain"": 0.01918045059805351}, {""block"": ""rsma"", ""rho"": 1.0, ""gain"": 0.0}, {""block"": ""star_ris"", ""rho"": 2.0, ""gain"": 0.02317478031260123}, {""block"": ""rsma"", ""rho"": 1.0, ""gain"": 0.0}, {""block"": ""star_ris"", ""rho"": 1.0, ""gain"": 0.0700833321566563}, {""block"": ""rsma"", ""rho"": 1.0, ""gain"": 0.0}, {""block"": ""star_ris"", ""rho"": 4.0, ""gain"": 0.07579081417374312}, {""block"": ""rsma"", ""rho"": 1.0, ""gain"": -3.552713678800501e-15}, {""block"": ""star_ris"", ""rho"": 4.0, ""gain"": 0.013466113150879977}, {""block"": ""rsma"", ""rho"": 1.0, ""gain"": 0.0}, {""block"": ""star_ris"", ""rho"": 1.0, ""gain"": 0.006573043229245457}, {""block"": ""rsma"", ""rho"": 1.0, ""gain"": 0.0}, {""block"": ""star_ris"", ""rho"": 64.0, ""gain"": 0.00085169837251442}]",{},5122.059248,895cf8987087c169d7023476c078ebabf24f99fbbc30b65ad7fae1097d95a6fe,fc61d5cda7da39530055bae9bd0e92865f995cd9,f4c80269e5fb3cf553900b2e82f235af875b7c2e33b4ff71ec5d85cc25eb2b4e
ao_sca,128,10000,228,test,19.330190468500373,19.330190468500373,1.0,True,0.0,2,1578,4,ao_sca_proximal_physical,analytical_ris_equal_allocation,"[1.838023310852575, 19.329912501912638, 19.330190468500373]","[{""block"": ""rsma"", ""rho"": 1.0, ""gain"": 17.463644324916867}, {""block"": ""star_ris"", ""rho"": 1.0, ""gain"": 0.0282448661431971}, {""block"": ""rsma"", ""rho"": 1.0, ""gain"": 0.0}, {""block"": ""star_ris"", ""rho"": 2.0, ""gain"": 0.00027796658773482363}]",{},831.376162,895cf8987087c169d7023476c078ebabf24f99fbbc30b65ad7fae1097d95a6fe,fc61d5cda7da39530055bae9bd0e92865f995cd9,f4c80269e5fb3cf553900b2e82f235af875b7c2e33b4ff71ec5d85cc25eb2b4e
ao_sca,128,10000,229,test,19.74276004391602,19.74276004391602,1.0,True,0.0,15,11843,25,ao_sca_proximal_physical,analytical_ris_equal_allocation,"[1.8380175342438076, 19.22993215516692, 19.25894916180689, 19.403884668263405, 19.53746043116292, 19.565153726827287, 19.576312821701475, 19.59022997656981, 19.605088772906107, 19.64333927795038, 19.706327320722142, 19.711379868756374, 19.715747223823133, 19.7336771845964, 19.74138397843069, 19.74276004391602]","[{""block"": ""rsma"", ""rho"": 1.0, ""gain"": 16.925459217986234}, {""block"": ""star_ris"", ""rho"": 1.0, ""gain"": 0.46645540293688015}, {""block"": ""rsma"", ""rho"": 1.0, ""gain"": 3.552713678800501e-15}, {""block"": ""star_ris"", ""rho"": 1.0, ""gain"": 0.02901700663996465}, {""block"": ""rsma"", ""rho"": 1.0, ""gain"": 0.0}, {""block"": ""star_ris"", ""rho"": 1.0, ""gain"": 0.1449355064565161}, {""block"": ""rsma"", ""rho"": 1.0, ""gain"": 0.0}, {""block"": ""star_ris"", ""rho"": 2.0, ""gain"": 0.13357576289951467}, {""block"": ""rsma"", ""rho"": 1.0, ""gain"": 0.0}, {""block"": ""star_ris"", ""rho"": 2.0, ""gain"": 0.027693295664366957}, {""block"": ""rsma"", ""rho"": 1.0, ""gain"": 0.0}, {""block"": ""star_ris"", ""rho"": 2.0, ""gain"": 0.011159094874187758}, {""block"": ""rsma"", ""rho"": 1.0, ""gain"": 0.0}, {""block"": ""star_ris"", ""rho"": 2.0, ""gain"": 0.013917154868334336}, {""block"": ""rsma"", ""rho"": 1.0, ""gain"": -3.552713678800501e-15}, {""block"": ""star_ris"", ""rho"": 2.0, ""gain"": 0.01485879633630205}, {""block"": ""rsma"", ""rho"": 1.0, ""gain"": 7.105427357601002e-15}, {""block"": ""star_ris"", ""rho"": 2.0, ""gain"": 0.03825050504426386}, {""block"": ""rsma"", ""rho"": 1.0, ""gain"": -3.552713678800501e-15}, {""block"": ""star_ris"", ""rho"": 4.0, ""gain"": 0.06298804277176728}, {""block"": ""rsma"", ""rho"": 1.0, ""gain"": 0.0}, {""block"": ""star_ris"", ""rho"": 2.0, ""gain"": 0.005052548034232274}, {""block"": ""rsma"", ""rho"": 1.0, ""gain"": -7.105427357601002e-15}, {""block"": ""star_ris"", ""rho"": 8.0, ""gain"": 0.004367355066765555}, {""block"": ""rsma"", ""rho"": 1.0, ""gain"": 0.0}, {""block"": ""star_ris"", ""rho"": 8.0, ""gain"": 0.01792996077326592}, {""block"": ""rsma"", ""rho"": 1.0, ""gain"": 3.552713678800501e-15}, {""block"": ""star_ris"", ""rho"": 8.0, ""gain"": 0.007706793834287851}, {""block"": ""rsma"", ""rho"": 1.0, ""gain"": 0.0}, {""block"": ""star_ris"", ""rho"": 16.0, ""gain"": 0.0013760654853314236}]",{},6518.862125,895cf8987087c169d7023476c078ebabf24f99fbbc30b65ad7fae1097d95a6fe,fc61d5cda7da39530055bae9bd0e92865f995cd9,f4c80269e5fb3cf553900b2e82f235af875b7c2e33b4ff71ec5d85cc25eb2b4e
ao_sca,128,10000,230,test,19.697386848015334,19.697386848015334,1.0,True,0.0,17,13427,32,ao_sca_proximal_physical,analytical_ris_equal_allocation,"[1.838018255191685, 19.150032783423427, 19.316134645560943, 19.344341218102002, 19.358455580438736, 19.469207956664423, 19.49351940398562, 19.499619739168672, 19.59649150133844, 19.614825394746806, 19.640493457060487, 19.66028947415667, 19.663048356258397, 19.667296169075865, 19.679973644344212, 19.683390552754602, 19.696055553450922, 19.697386848015338]","[{""block"": ""rsma"", ""rho"": 1.0, ""gain"": 16.921782535313035}, {""block"": ""star_ris"", ""rho"": 1.0, ""gain"": 0.39023199291870725}, {""block"": ""rsma"", ""rho"": 1.0, ""gain"": 0.0}, {""block"": ""star_ris"", ""rho"": 2.0, ""gain"": 0.16610186213751632}, {""block"": ""rsma"", ""rho"": 1.0, ""gain"": 0.0}, {""block"": ""star_ris"", ""rho"": 1.0, ""gain"": 0.02820657254105896}, {""block"": ""rsma"", ""rho"": 1.0, ""gain"": 0.0}, {""block"": ""star_ris"", ""rho"": 1.0, ""gain"": 0.014114362336734132}, {""block"": ""rsma"", ""rho"": 1.0, ""gain"": -7.105427357601002e-15}, {""block"": ""star_ris"", ""rho"": 4.0, ""gain"": 0.1107523762256939}, {""block"": ""rsma"", ""rho"": 1.0, ""gain"": 3.552713678800501e-15}, {""block"": ""star_ris"", ""rho"": 16.0, ""gain"": 0.024311447321192503}, {""block"": ""rsma"", ""rho"": 1.0, ""gain"": -3.552713678800501e-15}, {""block"": ""star_ris"", ""rho"": 64.0, ""gain"": 0.006100335183056416}, {""block"": ""rsma"", ""rho"": 1.0, ""gain"": 0.0}, {""block"": ""star_ris"", ""rho"": 1.0, ""gain"": 0.09687176216976923}, {""block"": ""rsma"", ""rho"": 1.0, ""gain"": 3.552713678800501e-15}, {""block"": ""star_ris"", ""rho"": 32.0, ""gain"": 0.01833389340836078}, {""block"": ""rsma"", ""rho"": 1.0, ""gain"": 0.0}, {""block"": ""star_ris"", ""rho"": 4.0, ""gain"": 0.025668062313680906}, {""block"": ""rsma"", ""rho"": 1.0, ""gain"": 0.0}, {""block"": ""star_ris"", ""rho"": 4.0, ""gain"": 0.019796017096183505}, {""block"": ""rsma"", ""rho"": 1.0, ""gain"": 0.0}, {""block"": ""star_ris"", ""rho"": 4.0, ""gain"": 0.0027588821017268117}, {""block"": ""rsma"", ""rho"": 1.0, ""gain"": 3.552713678800501e-15}, {""block"": ""star_ris"", ""rho"": 2.0, ""gain"": 0.004247812817464336}, {""block"": ""rsma"", ""rho"": 1.0, ""gain"": 0.0}, {""block"": ""star_ris"", ""rho"": 8.0, ""gain"": 0.012677475268347393}, {""block"": ""rsma"", ""rho"": 1.0, ""gain"": 0.0}, {""block"": ""star_ris"", ""rho"": 2.0, ""gain"": 0.003416908410390107}, {""block"": ""rsma"", ""rho"": 1.0, ""gain"": -3.552713678800501e-15}, {""block"": ""star_ris"", ""rho"": 2.0, ""gain"": 0.012665000696323148}, {""block"": ""rsma"", ""rho"": 1.0, ""gain"": 3.552713678800501e-15}, {""block"": ""star_ris"", ""rho"": 1.0, ""gain"": 0.0013312945644123886}]",{},7266.843889,895cf8987087c169d7023476c078ebabf24f99fbbc30b65ad7fae1097d95a6fe,fc61d5cda7da39530055bae9bd0e92865f995cd9,f4c80269e5fb3cf553900b2e82f235af875b7c2e33b4ff71ec5d85cc25eb2b4e
ao_sca,128,10000,231,test,19.38595755490928,19.38595755490928,1.0,True,0.0,7,5537,12,ao_sca_proximal_physical,analytical_ris_equal_allocation,"[1.8380137757547022, 18.64687282525714, 18.66986008408882, 18.672694757965413, 19.093862593394967, 19.212664360445185, 19.384903553646573, 19.385957554909282]","[{""block"": ""rsma"", ""rho"": 1.0, ""gain"": 16.60085338571504}, {""block"": ""star_ris"", ""rho"": 4.0, ""gain"": 0.2080056637873966}, {""block"": ""rsma"", ""rho"": 1.0, ""gain"": 0.0}, {""block"": ""star_ris"", ""rho"": 32.0, ""gain"": 0.02298725883168018}, {""block"": ""rsma"", ""rho"": 1.0, ""gain"": 3.552713678800501e-15}, {""block"": ""star_ris"", ""rho"": 256.0, ""gain"": 0.0028346738765883117}, {""block"": ""rsma"", ""rho"": 1.0, ""gain"": 0.0}, {""block"": ""star_ris"", ""rho"": 1.0, ""gain"": 0.4211678354295536}, {""block"": ""rsma"", ""rho"": 1.0, ""gain"": -3.552713678800501e-15}, {""block"": ""star_ris"", ""rho"": 1.0, ""gain"": 0.11880176705022194}, {""block"": ""rsma"", ""rho"": 1.0, ""gain"": 0.0}, {""block"": ""star_ris"", ""rho"": 1.0, ""gain"": 0.17223919320138847}, {""block"": ""rsma"", ""rho"": 1.0, ""gain"": 0.0}, {""block"": ""star_ris"", ""rho"": 32.0, ""gain"": 0.0010540012627089368}]",{},3031.116437,895cf8987087c169d7023476c078ebabf24f99fbbc30b65ad7fae1097d95a6fe,fc61d5cda7da39530055bae9bd0e92865f995cd9,f4c80269e5fb3cf553900b2e82f235af875b7c2e33b4ff71ec5d85cc25eb2b4e
ao_sca,128,10000,232,test,19.76609284223922,19.76609284223922,1.0,True,0.0,15,11862,30,ao_sca_proximal_physical,analytical_ris_equal_allocation,"[1.8380233153346914, 19.4446430827426, 19.49005010452114, 19.6122296707637, 19.6231494960382, 19.6435660444298, 19.645736188822355, 19.64842906778389, 19.6825623613641, 19.68464662743362, 19.692288673220247, 19.69545172551164, 19.729415214917054, 19.734913226027928, 19.764866808163077, 19.76609284223922]","[{""block"": ""rsma"", ""rho"": 1.0, ""gain"": 17.047428676589274}, {""block"": ""star_ris"", ""rho"": 1.0, ""gain"": 0.5591910908186364}, {""block"": ""rsma"", ""rho"": 1.0, ""gain"": 0.0}, {""block"": ""star_ris"", ""rho"": 2.0, ""gain"": 0.04540702177853717}, {""block"": ""rsma"", ""rho"": 1.0, ""gain"": 0.0}, {""block"": ""star_ris"", ""rho"": 2.0, ""gain"": 0.12217956624256132}, {""block"": ""rsma"", ""rho"": 1.0, ""gain"": 3.552713678800501e-15}, {""block"": ""star_ris"", ""rho"": 32.0, ""gain"": 0.01091982527449531}, {""block"": ""rsma"", ""rho"": 1.0, ""gain"": 0.0}, {""block"": ""star_ris"", ""rho"": 2.0, ""gain"": 0.020416548391601452}, {""block"": ""rsma"", ""rho"": 1.0, ""gain"": 0.0}, {""block"": ""star_ris"", ""rho"": 8.0, ""gain"": 0.002170144392554363}, {""block"": ""rsma"", ""rho"": 1.0, ""gain"": 0.0}, {""block"": ""star_ris"", ""rho"": 128.0, ""gain"": 0.002692878961536138}, {""block"": ""rsma"", ""rho"": 1.0, ""gain"": 0.0}, {""block"": ""star_ris"", ""rho"": 2.0, ""gain"": 0.03413329358020789}, {""block"": ""rsma"", ""rho"": 1.0, ""gain"": 0.0}, {""block"": ""star_ris"", ""rho"": 32.0, ""gain"": 0.0020842660695201687}, {""block"": ""rsma"", ""rho"": 1.0, ""gain"": 3.552713678800501e-15}, {""block"": ""star_ris"", ""rho"": 16.0, ""gain"": 0.0076420457866248626}, {""block"": ""rsma"", ""rho"": 1.0, ""gain"": 0.0}, {""block"": ""star_ris"", ""rho"": 8.0, ""gain"": 0.003163052291391466}, {""block"": ""rsma"", ""rho"": 1.0, ""gain"": 0.0}, {""block"": ""star_ris"", ""rho"": 4.0, ""gain"": 0.033963489405415714}, {""block"": ""rsma"", ""rho"": 1.0, ""gain"": -3.552713678800501e-15}, {""block"": ""star_ris"", ""rho"": 8.0, ""gain"": 0.005498011110876888}, {""block"": ""rsma"", ""rho"": 1.0, ""gain"": 0.0}, {""block"": ""star_ris"", ""rho"": 2.0, ""gain"": 0.02995358213514976}, {""block"": ""rsma"", ""rho"": 1.0, ""gain"": -3.552713678800501e-15}, {""block"": ""star_ris"", ""rho"": 16.0, ""gain"": 0.0012260340761471866}]",{},6596.270625,895cf8987087c169d7023476c078ebabf24f99fbbc30b65ad7fae1097d95a6fe,fc61d5cda7da39530055bae9bd0e92865f995cd9,f4c80269e5fb3cf553900b2e82f235af875b7c2e33b4ff71ec5d85cc25eb2b4e
ao_sca,128,10000,233,test,19.51206590619103,19.51206590619103,1.0,True,0.0,15,11843,27,ao_sca_proximal_physical,analytical_ris_equal_allocation,"[1.8380085633370387, 18.597358141718622, 18.636300827713406, 19.142111098849426, 19.147569839671753, 19.168037108429466, 19.171206792570246, 19.18220317429672, 19.191270739288164, 19.20538076924287, 19.2403758980441, 19.337833783688172, 19.383845670421408, 19.502058742270158, 19.51021780136044, 19.51206590619103]","[{""block"": ""rsma"", ""rho"": 1.0, ""gain"": 16.58653466861253}, {""block"": ""star_ris"", ""rho"": 4.0, ""gain"": 0.17281490976905545}, {""block"": ""rsma"", ""rho"": 1.0, ""gain"": 0.0}, {""block"": ""star_ris"", ""rho"": 16.0, ""gain"": 0.03894268599478323}, {""block"": ""rsma"", ""rho"": 1.0, ""gain"": -3.552713678800501e-15}, {""block"": ""star_ris"", ""rho"": 1.0, ""gain"": 0.5058102711360242}, {""block"": ""rsma"", ""rho"": 1.0, ""gain"": 0.0}, {""block"": ""star_ris"", ""rho"": 8.0, ""gain"": 0.005458740822327002}, {""block"": ""rsma"", ""rho"": 1.0, ""gain"": -3.552713678800501e-15}, {""block"": ""star_ris"", ""rho"": 1.0, ""gain"": 0.02046726875771654}, {""block"": ""rsma"", ""rho"": 1.0, ""gain"": -7.105427357601002e-15}, {""block"": ""star_ris"", ""rho"": 8.0, ""gain"": 0.003169684140786444}, {""block"": ""rsma"", ""rho"": 1.0, ""gain"": 0.0}, {""block"": ""star_ris"", ""rho"": 2.0, ""gain"": 0.01099638172647488}, {""block"": ""rsma"", ""rho"": 1.0, ""gain"": 3.552713678800501e-15}, {""block"": ""star_ris"", ""rho"": 4.0, ""gain"": 0.009067564991440236}, {""block"": ""rsma"", ""rho"": 1.0, ""gain"": -3.552713678800501e-15}, {""block"": ""star_ris"", ""rho"": 1.0, ""gain"": 0.01411002995470767}, {""block"": ""rsma"", ""rho"": 1.0, ""gain"": 0.0}, {""block"": ""star_ris"", ""rho"": 1.0, ""gain"": 0.034995128801231346}, {""block"": ""rsma"", ""rho"": 1.0, ""gain"": 0.0}, {""block"": ""star_ris"", ""rho"": 4.0, ""gain"": 0.0974578856440722}, {""block"": ""rsma"", ""rho"": 1.0, ""gain"": 0.0}, {""block"": ""star_ris"", ""rho"": 8.0, ""gain"": 0.046011886733236196}, {""block"": ""rsma"", ""rho"": 1.0, ""gain"": 0.0}, {""block"": ""star_ris"", ""rho"": 1.0, ""gain"": 0.11821307184874996}, {""block"": ""rsma"", ""rho"": 1.0, ""gain"": 0.0}, {""block"": ""star_ris"", ""rho"": 4.0, ""gain"": 0.008159059090282028}, {""block"": ""rsma"", ""rho"": 1.0, ""gain"": 0.0}, {""block"": ""star_ris"", ""rho"": 1.0, ""gain"": 0.0018481048305893921}]",{},6828.566526,895cf8987087c169d7023476c078ebabf24f99fbbc30b65ad7fae1097d95a6fe,fc61d5cda7da39530055bae9bd0e92865f995cd9,f4c80269e5fb3cf553900b2e82f235af875b7c2e33b4ff71ec5d85cc25eb2b4e
ao_sca,128,10000,234,test,19.82372730730355,19.82372730730355,1.0,True,0.0,11,8684,20,ao_sca_proximal_physical,analytical_ris_equal_allocation,"[1.8380240445468476, 19.08053185157496, 19.33245145859763, 19.356663649012123, 19.36261936336171, 19.508355800409774, 19.575900812910945, 19.61916947003411, 19.7069796823099, 19.736234065597724, 19.823698282392623, 19.82372730730355]","[{""block"": ""rsma"", ""rho"": 1.0, ""gain"": 17.055865384952945}, {""block"": ""star_ris"", ""rho"": 1.0, ""gain"": 0.1866424220751668}, {""block"": ""rsma"", ""rho"": 1.0, ""gain"": 0.0}, {""block"": ""star_ris"", ""rho"": 1.0, ""gain"": 0.25191960702267124}, {""block"": ""rsma"", ""rho"": 1.0, ""gain"": 0.0}, {""block"": ""star_ris"", ""rho"": 16.0, ""gain"": 0.02421219041449163}, {""block"": ""rsma"", ""rho"": 1.0, ""gain"": 0.0}, {""block"": ""star_ris"", ""rho"": 64.0, ""gain"": 0.005955714349585861}, {""block"": ""rsma"", ""rho"": 1.0, ""gain"": 0.0}, {""block"": ""star_ris"", ""rho"": 1.0, ""gain"": 0.14573643704806472}, {""block"": ""rsma"", ""rho"": 1.0, ""gain"": -3.552713678800501e-15}, {""block"": ""star_ris"", ""rho"": 1.0, ""gain"": 0.06754501250117428}, {""block"": ""rsma"", ""rho"": 1.0, ""gain"": 0.0}, {""block"": ""star_ris"", ""rho"": 2.0, ""gain"": 0.04326865712316419}, {""block"": ""rsma"", ""rho"": 1.0, ""gain"": 0.0}, {""block"": ""star_ris"", ""rho"": 1.0, ""gain"": 0.08781021227579089}, {""block"": ""rsma"", ""rho"": 1.0, ""gain"": 0.0}, {""block"": ""star_ris"", ""rho"": 2.0, ""gain"": 0.02925438328782448}, {""block"": ""rsma"", ""rho"": 1.0, ""gain"": 0.0}, {""block"": ""star_ris"", ""rho"": 1.0, ""gain"": 0.08746421679489913}, {""block"": ""rsma"", ""rho"": 1.0, ""gain"": 0.0}, {""block"": ""star_ris"", ""rho"": 8.0, ""gain"": 2.9024910926267466e-05}]",{},4889.472852,895cf8987087c169d7023476c078ebabf24f99fbbc30b65ad7fae1097d95a6fe,fc61d5cda7da39530055bae9bd0e92865f995cd9,f4c80269e5fb3cf553900b2e82f235af875b7c2e33b4ff71ec5d85cc25eb2b4e
ao_sca,128,10000,235,test,19.75634225827853,19.75634225827853,1.0,True,0.0,9,7100,14,ao_sca_proximal_physical,analytical_ris_equal_allocation,"[1.8380232646122854, 19.02149225845742, 19.14438732074828, 19.346883593997934, 19.492424424148844, 19.59682249181341, 19.623388648912684, 19.719647589893793, 19.754598906236243, 19.75634225827853]","[{""block"": ""rsma"", ""rho"": 1.0, ""gain"": 17.14355680023608}, {""block"": ""star_ris"", ""rho"": 2.0, ""gain"": 0.03991219360905518}, {""block"": ""rsma"", ""rho"": 1.0, ""gain"": 3.552713678800501e-15}, {""block"": ""star_ris"", ""rho"": 1.0, ""gain"": 0.1228950622908549}, {""block"": ""rsma"", ""rho"": 1.0, ""gain"": 0.0}, {""block"": ""star_ris"", ""rho"": 1.0, ""gain"": 0.20249627324965402}, {""block"": ""rsma"", ""rho"": 1.0, ""gain"": -7.105427357601002e-15}, {""block"": ""star_ris"", ""rho"": 1.0, ""gain"": 0.14554083015091734}, {""block"": ""rsma"", ""rho"": 1.0, ""gain"": 0.0}, {""block"": ""star_ris"", ""rho"": 1.0, ""gain"": 0.10439806766456527}, {""block"": ""rsma"", ""rho"": 1.0, ""gain"": 3.552713678800501e-15}, {""block"": ""star_ris"", ""rho"": 1.0, ""gain"": 0.026566157099271237}, {""block"": ""rsma"", ""rho"": 1.0, ""gain"": -3.552713678800501e-15}, {""block"": ""star_ris"", ""rho"": 4.0, ""gain"": 0.09625894098111232}, {""block"": ""rsma"", ""rho"": 1.0, ""gain"": 0.0}, {""block"": ""star_ris"", ""rho"": 8.0, ""gain"": 0.03495131634245041}, {""block"": ""rsma"", ""rho"": 1.0, ""gain"": 0.0}, {""block"": ""star_ris"", ""rho"": 2.0, ""gain"": 0.0017433520422862614}]",{},3976.932623,895cf8987087c169d7023476c078ebabf24f99fbbc30b65ad7fae1097d95a6fe,fc61d5cda7da39530055bae9bd0e92865f995cd9,f4c80269e5fb3cf553900b2e82f235af875b7c2e33b4ff71ec5d85cc25eb2b4e
ao_sca,128,10000,236,test,19.67170497641168,19.67170497641168,1.0,True,0.0,8,6323,15,ao_sca_proximal_physical,analytical_ris_equal_allocation,"[1.8380292178715065, 19.46892450917857, 19.514308648591204, 19.599564106243278, 19.62409068584248, 19.663873771325235, 19.66837484355095, 19.671501238679376, 19.67170497641168]","[{""block"": ""rsma"", ""rho"": 1.0, ""gain"": 17.533612580195914}, {""block"": ""star_ris"", ""rho"": 4.0, ""gain"": 0.0972827111111485}, {""block"": ""rsma"", ""rho"": 1.0, ""gain"": 0.0}, {""block"": ""star_ris"", ""rho"": 8.0, ""gain"": 0.04538413941263286}, {""block"": ""rsma"", ""rho"": 1.0, ""gain"": -3.552713678800501e-15}, {""block"": ""star_ris"", ""rho"": 2.0, ""gain"": 0.08525545765207809}, {""block"": ""rsma"", ""rho"": 1.0, ""gain"": 0.0}, {""block"": ""star_ris"", ""rho"": 2.0, ""gain"": 0.02452657959920046}, {""block"": ""rsma"", ""rho"": 1.0, ""gain"": 3.552713678800501e-15}, {""block"": ""star_ris"", ""rho"": 8.0, ""gain"": 0.03978308548275322}, {""block"": ""rsma"", ""rho"": 1.0, ""gain"": 0.0}, {""block"": ""star_ris"", ""rho"": 16.0, ""gain"": 0.0045010722257146085}, {""block"": ""rsma"", ""rho"": 1.0, ""gain"": 3.552713678800501e-15}, {""block"": ""star_ris"", ""rho"": 8.0, ""gain"": 0.003126395128422388}, {""block"": ""rsma"", ""rho"": 1.0, ""gain"": 3.552713678800501e-15}, {""block"": ""star_ris"", ""rho"": 2.0, ""gain"": 0.0002037377322992029}]",{},3648.125858,895cf8987087c169d7023476c078ebabf24f99fbbc30b65ad7fae1097d95a6fe,fc61d5cda7da39530055bae9bd0e92865f995cd9,f4c80269e5fb3cf553900b2e82f235af875b7c2e33b4ff71ec5d85cc25eb2b4e
ao_sca,128,10000,237,test,19.31447304926331,19.31447304926331,1.0,True,0.0,4,3162,8,ao_sca_proximal_physical,analytical_ris_equal_allocation,"[1.8380226968307845, 18.689087448331122, 19.26716475330214, 19.31339184044214, 19.31447304926331]","[{""block"": ""rsma"", ""rho"": 1.0, ""gain"": 16.765882908201704}, {""block"": ""star_ris"", ""rho"": 8.0, ""gain"": 0.08518184329863487}, {""block"": ""rsma"", ""rho"": 1.0, ""gain"": 0.0}, {""block"": ""star_ris"", ""rho"": 1.0, ""gain"": 0.5780773049710177}, {""block"": ""rsma"", ""rho"": 1.0, ""gain"": 0.0}, {""block"": ""star_ris"", ""rho"": 8.0, ""gain"": 0.04622708714000012}, {""block"": ""rsma"", ""rho"": 1.0, ""gain"": 3.552713678800501e-15}, {""block"": ""star_ris"", ""rho"": 8.0, ""gain"": 0.0010812088211658022}]",{},1781.026867,895cf8987087c169d7023476c078ebabf24f99fbbc30b65ad7fae1097d95a6fe,fc61d5cda7da39530055bae9bd0e92865f995cd9,f4c80269e5fb3cf553900b2e82f235af875b7c2e33b4ff71ec5d85cc25eb2b4e
ao_sca,128,10000,238,test,19.924134042737457,19.924134042737457,1.0,True,0.0,15,11833,27,ao_sca_proximal_physical,analytical_ris_equal_allocation,"[1.83802598220493, 19.487096180271156, 19.4916755916765, 19.5126363236534, 19.54023161076519, 19.560148289409447, 19.62615758377395, 19.79603490005386, 19.806874606795375, 19.832398129366844, 19.837980281115026, 19.88181300208884, 19.887434555837242, 19.907364859396168, 19.923385905998376, 19.924134042737457]","[{""block"": ""rsma"", ""rho"": 1.0, ""gain"": 17.232548213208318}, {""block"": ""star_ris"", ""rho"": 1.0, ""gain"": 0.4165219848579085}, {""block"": ""rsma"", ""rho"": 1.0, ""gain"": 0.0}, {""block"": ""star_ris"", ""rho"": 4.0, ""gain"": 0.004579411405345013}, {""block"": ""rsma"", ""rho"": 1.0, ""gain"": 3.552713678800501e-15}, {""block"": ""star_ris"", ""rho"": 2.0, ""gain"": 0.02096073197689563}, {""block"": ""rsma"", ""rho"": 1.0, ""gain"": 3.552713678800501e-15}, {""block"": ""star_ris"", ""rho"": 2.0, ""gain"": 0.027595287111786604}, {""block"": ""rsma"", ""rho"": 1.0, ""gain"": -3.552713678800501e-15}, {""block"": ""star_ris"", ""rho"": 1.0, ""gain"": 0.019916678644261054}, {""block"": ""rsma"", ""rho"": 1.0, ""gain"": 0.0}, {""block"": ""star_ris"", ""rho"": 1.0, ""gain"": 0.06600929436450187}, {""block"": ""rsma"", ""rho"": 1.0, ""gain"": 0.0}, {""block"": ""star_ris"", ""rho"": 1.0, ""gain"": 0.1698773162799121}, {""block"": ""rsma"", ""rho"": 1.0, ""gain"": -3.552713678800501e-15}, {""block"": ""star_ris"", ""rho"": 4.0, ""gain"": 0.010839706741517574}, {""block"": ""rsma"", ""rho"": 1.0, ""gain"": 0.0}, {""block"": ""star_ris"", ""rho"": 2.0, ""gain"": 0.025523522571468504}, {""block"": ""rsma"", ""rho"": 1.0, ""gain"": 0.0}, {""block"": ""star_ris"", ""rho"": 1.0, ""gain"": 0.00558215174818244}, {""block"": ""rsma"", ""rho"": 1.0, ""gain"": 0.0}, {""block"": ""star_ris"", ""rho"": 8.0, ""gain"": 0.04383272097381408}, {""block"": ""rsma"", ""rho"": 1.0, ""gain"": 0.0}, {""block"": ""star_ris"", ""rho"": 2.0, ""gain"": 0.005621553748401453}, {""block"": ""rsma"", ""rho"": 1.0, ""gain"": 0.0}, {""block"": ""star_ris"", ""rho"": 1.0, ""gain"": 0.019930303558926}, {""block"": ""rsma"", ""rho"": 1.0, ""gain"": 0.0}, {""block"": ""star_ris"", ""rho"": 1.0, ""gain"": 0.0160210466022086}, {""block"": ""rsma"", ""rho"": 1.0, ""gain"": 3.552713678800501e-15}, {""block"": ""star_ris"", ""rho"": 2.0, ""gain"": 0.0007481367390766991}]",{},6616.847743,895cf8987087c169d7023476c078ebabf24f99fbbc30b65ad7fae1097d95a6fe,fc61d5cda7da39530055bae9bd0e92865f995cd9,f4c80269e5fb3cf553900b2e82f235af875b7c2e33b4ff71ec5d85cc25eb2b4e
ao_sca,128,10000,239,test,19.076531457227983,19.076531457227983,1.0,True,0.0,5,3961,8,ao_sca_proximal_physical,analytical_ris_equal_allocation,"[1.8380160977089042, 18.974011033890704, 19.03380238087856, 19.062437986813496, 19.076462919033567, 19.076531457227986]","[{""block"": ""rsma"", ""rho"": 1.0, ""gain"": 16.72903412430829}, {""block"": ""star_ris"", ""rho"": 1.0, ""gain"": 0.4069608118735104}, {""block"": ""rsma"", ""rho"": 1.0, ""gain"": 0.0}, {""block"": ""star_ris"", ""rho"": 8.0, ""gain"": 0.059791346987854155}, {""block"": ""rsma"", ""rho"": 1.0, ""gain"": 0.0}, {""block"": ""star_ris"", ""rho"": 16.0, ""gain"": 0.028635605934937303}, {""block"": ""rsma"", ""rho"": 1.0, ""gain"": 3.552713678800501e-15}, {""block"": ""star_ris"", ""rho"": 32.0, ""gain"": 0.014024932220067399}, {""block"": ""rsma"", ""rho"": 1.0, ""gain"": 0.0}, {""block"": ""star_ris"", ""rho"": 256.0, ""gain"": 6.853819441943187e-05}]",{},2214.629228,895cf8987087c169d7023476c078ebabf24f99fbbc30b65ad7fae1097d95a6fe,fc61d5cda7da39530055bae9bd0e92865f995cd9,f4c80269e5fb3cf553900b2e82f235af875b7c2e33b4ff71ec5d85cc25eb2b4e
ao_sca,128,10000,240,test,19.516245696589124,19.516245696589124,1.0,True,0.0,5,3948,9,ao_sca_proximal_physical,analytical_ris_equal_allocation,"[1.8380222861115323, 19.213016674015947, 19.321880066722954, 19.497827229249033, 19.514798387542214, 19.516245696589124]","[{""block"": ""rsma"", ""rho"": 1.0, ""gain"": 17.291681338702343}, {""block"": ""star_ris"", ""rho"": 1.0, ""gain"": 0.08331304920207216}, {""block"": ""rsma"", ""rho"": 1.0, ""gain"": 0.0}, {""block"": ""star_ris"", ""rho"": 1.0, ""gain"": 0.10886339270700773}, {""block"": ""rsma"", ""rho"": 1.0, ""gain"": 0.0}, {""block"": ""star_ris"", ""rho"": 1.0, ""gain"": 0.17594716252607867}, {""block"": ""rsma"", ""rho"": 1.0, ""gain"": -3.552713678800501e-15}, {""block"": ""star_ris"", ""rho"": 1.0, ""gain"": 0.01697115829318463}, {""block"": ""rsma"", ""rho"": 1.0, ""gain"": 0.0}, {""block"": ""star_ris"", ""rho"": 128.0, ""gain"": 0.001447309046909595}]",{},2182.075471,895cf8987087c169d7023476c078ebabf24f99fbbc30b65ad7fae1097d95a6fe,fc61d5cda7da39530055bae9bd0e92865f995cd9,f4c80269e5fb3cf553900b2e82f235af875b7c2e33b4ff71ec5d85cc25eb2b4e
ao_sca,128,10000,241,test,19.65733697291104,19.65733697291104,1.0,True,0.0,20,15797,30,ao_sca_proximal_physical,analytical_ris_equal_allocation,"[1.8380107243399864, 18.763005515047986, 19.020467721578584, 19.053495825366817, 19.06363225371842, 19.118355055626587, 19.30006685836661, 19.31005430319653, 19.370325785565967, 19.408315661395168, 19.426776662654124, 19.431332902807128, 19.43528282485604, 19.466593356751602, 19.47268333641973, 19.50127118560409, 19.560443487990618, 19.63276017960495, 19.638259776828207, 19.64786825892046, 19.657336972911036]","[{""block"": ""rsma"", ""rho"": 1.0, ""gain"": 16.726671105889256}, {""block"": ""star_ris"", ""rho"": 1.0, ""gain"": 0.1983236848187424}, {""block"": ""rsma"", ""rho"": 1.0, ""gain"": 0.0}, {""block"": ""star_ris"", ""rho"": 1.0, ""gain"": 0.25746220653059737}, {""block"": ""rsma"", ""rho"": 1.0, ""gain"": 0.0}, {""block"": ""star_ris"", ""rho"": 1.0, ""gain"": 0.033028103788232954}, {""block"": ""rsma"", ""rho"": 1.0, ""gain"": -3.552713678800501e-15}, {""block"": ""star_ris"", ""rho"": 64.0, ""gain"": 0.010136428351607663}, {""block"": ""rsma"", ""rho"": 1.0, ""gain"": 0.0}, {""block"": ""star_ris"", ""rho"": 1.0, ""gain"": 0.054722801908166474}, {""block"": ""rsma"", ""rho"": 1.0, ""gain"": 0.0}, {""block"": ""star_ris"", ""rho"": 2.0, ""gain"": 0.18171180274002197}, {""block"": ""rsma"", ""rho"": 1.0, ""gain"": 3.552713678800501e-15}, {""block"": ""star_ris"", ""rho"": 4.0, ""gain"": 0.009987444829917536}, {""block"": ""rsma"", ""rho"": 1.0, ""gain"": -7.105427357601002e-15}, {""block"": ""star_ris"", ""rho"": 2.0, ""gain"": 0.06027148236944413}, {""block"": ""rsma"", ""rho"": 1.0, ""gain"": 0.0}, {""block"": ""star_ris"", ""rho"": 8.0, ""gain"": 0.03798987582920077}, {""block"": ""rsma"", ""rho"": 1.0, ""gain"": 0.0}, {""block"": ""star_ris"", ""rho"": 16.0, ""gain"": 0.01846100125895589}, {""block"": ""rsma"", ""rho"": 1.0, ""gain"": 0.0}, {""block"": ""star_ris"", ""rho"": 64.0, ""gain"": 0.004556240153004154}, {""block"": ""rsma"", ""rho"": 1.0, ""gain"": 3.552713678800501e-15}, {""block"": ""star_ris"", ""rho"": 4.0, ""gain"": 0.003949922048906984}, {""block"": ""rsma"", ""rho"": 1.0, ""gain"": 0.0}, {""block"": ""star_ris"", ""rho"": 8.0, ""gain"": 0.03131053189556354}, {""block"": ""rsma"", ""rho"": 1.0, ""gain"": 0.0}, {""block"": ""star_ris"", ""rho"": 1.0, ""gain"": 0.006089979668129075}, {""block"": ""rsma"", ""rho"": 1.0, ""gain"": 0.0}, {""block"": ""star_ris"", ""rho"": 1.0, ""gain"": 0.028587849184358305}, {""block"": ""rsma"", ""rho"": 1.0, ""gain"": 0.0}, {""block"": ""star_ris"", ""rho"": 4.0, ""gain"": 0.059172302386528486}, {""block"": ""rsma"", ""rho"": 1.0, ""gain"": 0.0}, {""block"": ""star_ris"", ""rho"": 1.0, ""gain"": 0.07231669161433274}, {""block"": ""rsma"", ""rho"": 1.0, ""gain"": 0.0}, {""block"": ""star_ris"", ""rho"": 2.0, ""gain"": 0.005499597223256103}, {""block"": ""rsma"", ""rho"": 1.0, ""gain"": -3.552713678800501e-15}, {""block"": ""star_ris"", ""rho"": 1.0, ""gain"": 0.00960848209225773}, {""block"": ""rsma"", ""rho"": 1.0, ""gain"": 0.0}, {""block"": ""star_ris"", ""rho"": 32.0, ""gain"": 0.00946871399057514}]",{},8876.052949,895cf8987087c169d7023476c078ebabf24f99fbbc30b65ad7fae1097d95a6fe,fc61d5cda7da39530055bae9bd0e92865f995cd9,f4c80269e5fb3cf553900b2e82f235af875b7c2e33b4ff71ec5d85cc25eb2b4e
ao_sca,128,10000,242,test,19.347606932487043,19.347606932487043,1.0,True,0.0,2,1583,4,ao_sca_proximal_physical,analytical_ris_equal_allocation,"[1.8380225892106727, 19.346858436033994, 19.347606932487043]","[{""block"": ""rsma"", ""rho"": 1.0, ""gain"": 17.349991298623614}, {""block"": ""star_ris"", ""rho"": 1.0, ""gain"": 0.15884454819970628}, {""block"": ""rsma"", ""rho"": 1.0, ""gain"": 0.0}, {""block"": ""star_ris"", ""rho"": 64.0, ""gain"": 0.0007484964530490856}]",{},874.458891,895cf8987087c169d7023476c078ebabf24f99fbbc30b65ad7fae1097d95a6fe,fc61d5cda7da39530055bae9bd0e92865f995cd9,f4c80269e5fb3cf553900b2e82f235af875b7c2e33b4ff71ec5d85cc25eb2b4e
ao_sca,128,10000,243,test,19.73695383429335,19.73695383429335,1.0,True,0.0,10,7906,14,ao_sca_proximal_physical,analytical_ris_equal_allocation,"[1.8380219981928825, 19.264890267550378, 19.428536616539176, 19.434953191066896, 19.471499645076335, 19.498718526446282, 19.6865742047658, 19.700783955521253, 19.730058694346937, 19.736909836026935, 19.73695383429335]","[{""block"": ""rsma"", ""rho"": 1.0, ""gain"": 16.97322645555201}, {""block"": ""star_ris"", ""rho"": 1.0, ""gain"": 0.4536418138054863}, {""block"": ""rsma"", ""rho"": 1.0, ""gain"": 0.0}, {""block"": ""star_ris"", ""rho"": 2.0, ""gain"": 0.1636463489887987}, {""block"": ""rsma"", ""rho"": 1.0, ""gain"": 0.0}, {""block"": ""star_ris"", ""rho"": 8.0, ""gain"": 0.006416574527719376}, {""block"": ""rsma"", ""rho"": 1.0, ""gain"": 0.0}, {""block"": ""star_ris"", ""rho"": 1.0, ""gain"": 0.036546454009439344}, {""block"": ""rsma"", ""rho"": 1.0, ""gain"": 0.0}, {""block"": ""star_ris"", ""rho"": 1.0, ""gain"": 0.027218881369947212}, {""block"": ""rsma"", ""rho"": 1.0, ""gain"": 0.0}, {""block"": ""star_ris"", ""rho"": 4.0, ""gain"": 0.18785567831951866}, {""block"": ""rsma"", ""rho"": 1.0, ""gain"": 0.0}, {""block"": ""star_ris"", ""rho"": 8.0, ""gain"": 0.014209750755451722}, {""block"": ""rsma"", ""rho"": 1.0, ""gain"": 0.0}, {""block"": ""star_ris"", ""rho"": 8.0, ""gain"": 0.02927473882568421}, {""block"": ""rsma"", ""rho"": 1.0, ""gain"": -3.552713678800501e-15}, {""block"": ""star_ris"", ""rho"": 32.0, ""gain"": 0.006851141680002115}, {""block"": ""rsma"", ""rho"": 1.0, ""gain"": 0.0}, {""block"": ""star_ris"", ""rho"": 256.0, ""gain"": 4.399826641332538e-05}]",{},4323.491388,895cf8987087c169d7023476c078ebabf24f99fbbc30b65ad7fae1097d95a6fe,fc61d5cda7da39530055bae9bd0e92865f995cd9,f4c80269e5fb3cf553900b2e82f235af875b7c2e33b4ff71ec5d85cc25eb2b4e
ao_sca,128,10000,244,test,19.912847670832655,19.912847670832655,1.0,True,0.0,19,15014,38,ao_sca_proximal_physical,analytical_ris_equal_allocation,"[1.8380255211730796, 19.14727374262941, 19.161462046171707, 19.168486696241864, 19.193058626519715, 19.530215890404456, 19.535241133709906, 19.566403263270086, 19.57330336607287, 19.708989705104905, 19.736159158389473, 19.75354048684295, 19.761130241535785, 19.868473111989864, 19.888740529270503, 19.8915762803144, 19.907446483328393, 19.909895955728814, 19.912292163898854, 19.912847670832658]","[{""block"": ""rsma"", ""rho"": 1.0, ""gain"": 17.280296087802977}, {""block"": ""star_ris"", ""rho"": 16.0, ""gain"": 0.028952133653351808}, {""block"": ""rsma"", ""rho"": 1.0, ""gain"": 3.552713678800501e-15}, {""block"": ""star_ris"", ""rho"": 32.0, ""gain"": 0.014188303542294278}, {""block"": ""rsma"", ""rho"": 1.0, ""gain"": 0.0}, {""block"": ""star_ris"", ""rho"": 64.0, ""gain"": 0.007024650070157179}, {""block"": ""rsma"", ""rho"": 1.0, ""gain"": 0.0}, {""block"": ""star_ris"", ""rho"": 1.0, ""gain"": 0.024571930277851095}, {""block"": ""rsma"", ""rho"": 1.0, ""gain"": 0.0}, {""block"": ""star_ris"", ""rho"": 1.0, ""gain"": 0.3371572638847411}, {""block"": ""rsma"", ""rho"": 1.0, ""gain"": 0.0}, {""block"": ""star_ris"", ""rho"": 2.0, ""gain"": 0.005025243305450289}, {""block"": ""rsma"", ""rho"": 1.0, ""gain"": 0.0}, {""block"": ""star_ris"", ""rho"": 1.0, ""gain"": 0.031162129560179608}, {""block"": ""rsma"", ""rho"": 1.0, ""gain"": 0.0}, {""block"": ""star_ris"", ""rho"": 2.0, ""gain"": 0.006900102802784858}, {""block"": ""rsma"", ""rho"": 1.0, ""gain"": 0.0}, {""block"": ""star_ris"", ""rho"": 1.0, ""gain"": 0.1356863390320342}, {""block"": ""rsma"", ""rho"": 1.0, ""gain"": 7.105427357601002e-15}, {""block"": ""star_ris"", ""rho"": 2.0, ""gain"": 0.027169453284560774}, {""block"": ""rsma"", ""rho"": 1.0, ""gain"": -3.552713678800501e-15}, {""block"": ""star_ris"", ""rho"": 1.0, ""gain"": 0.017381328453481615}, {""block"": ""rsma"", ""rho"": 1.0, ""gain"": 7.105427357601002e-15}, {""block"": ""star_ris"", ""rho"": 1.0, ""gain"": 0.0075897546928267445}, {""block"": ""rsma"", ""rho"": 1.0, ""gain"": -3.552713678800501e-15}, {""block"": ""star_ris"", ""rho"": 2.0, ""gain"": 0.10734287045408308}, {""block"": ""rsma"", ""rho"": 1.0, ""gain"": -3.552713678800501e-15}, {""block"": ""star_ris"", ""rho"": 8.0, ""gain"": 0.02026741728064252}, {""block"": ""rsma"", ""rho"": 1.0, ""gain"": 0.0}, {""block"": ""star_ris"", ""rho"": 8.0, ""gain"": 0.0028357510438965505}, {""block"": ""rsma"", ""rho"": 1.0, ""gain"": -3.552713678800501e-15}, {""block"": ""star_ris"", ""rho"": 16.0, ""gain"": 0.01587020301399633}, {""block"": ""rsma"", ""rho"": 1.0, ""gain"": 0.0}, {""block"": ""star_ris"", ""rho"": 16.0, ""gain"": 0.002449472400421371}, {""block"": ""rsma"", ""rho"": 1.0, ""gain"": 0.0}, {""block"": ""star_ris"", ""rho"": 8.0, ""gain"": 0.0023962081700403814}, {""block"": ""rsma"", ""rho"": 1.0, ""gain"": -7.105427357601002e-15}, {""block"": ""star_ris"", ""rho"": 32.0, ""gain"": 0.0005555069338107899}]",{},8204.754654,895cf8987087c169d7023476c078ebabf24f99fbbc30b65ad7fae1097d95a6fe,fc61d5cda7da39530055bae9bd0e92865f995cd9,f4c80269e5fb3cf553900b2e82f235af875b7c2e33b4ff71ec5d85cc25eb2b4e
ao_sca,128,10000,245,test,19.733217448167014,19.733217448167014,1.0,True,0.0,13,10271,22,ao_sca_proximal_physical,analytical_ris_equal_allocation,"[1.8380216876428135, 19.190322216729477, 19.30424030714358, 19.33076183112597, 19.34379224189764, 19.350251903855554, 19.352478880891518, 19.41622365952069, 19.494444884838593, 19.6328662260896, 19.670891585774775, 19.710823173647377, 19.732444405865564, 19.733217448167018]","[{""block"": ""rsma"", ""rho"": 1.0, ""gain"": 17.070560333197424}, {""block"": ""star_ris"", ""rho"": 1.0, ""gain"": 0.28174019588923827}, {""block"": ""rsma"", ""rho"": 1.0, ""gain"": 0.0}, {""block"": ""star_ris"", ""rho"": 4.0, ""gain"": 0.11391809041410283}, {""block"": ""rsma"", ""rho"": 1.0, ""gain"": 0.0}, {""block"": ""star_ris"", ""rho"": 16.0, ""gain"": 0.026521523982388828}, {""block"": ""rsma"", ""rho"": 1.0, ""gain"": 3.552713678800501e-15}, {""block"": ""star_ris"", ""rho"": 32.0, ""gain"": 0.013030410771666112}, {""block"": ""rsma"", ""rho"": 1.0, ""gain"": 0.0}, {""block"": ""star_ris"", ""rho"": 64.0, ""gain"": 0.006459661957915586}, {""block"": ""rsma"", ""rho"": 1.0, ""gain"": -3.552713678800501e-15}, {""block"": ""star_ris"", ""rho"": 2.0, ""gain"": 0.0022269770359670815}, {""block"": ""rsma"", ""rho"": 1.0, ""gain"": 0.0}, {""block"": ""star_ris"", ""rho"": 1.0, ""gain"": 0.0637447786291716}, {""block"": ""rsma"", ""rho"": 1.0, ""gain"": 0.0}, {""block"": ""star_ris"", ""rho"": 1.0, ""gain"": 0.07822122531790399}, {""block"": ""rsma"", ""rho"": 1.0, ""gain"": 3.552713678800501e-15}, {""block"": ""star_ris"", ""rho"": 2.0, ""gain"": 0.13842134125100358}, {""block"": ""rsma"", ""rho"": 1.0, ""gain"": 0.0}, {""block"": ""star_ris"", ""rho"": 2.0, ""gain"": 0.038025359685175175}, {""block"": ""rsma"", ""rho"": 1.0, ""gain"": 0.0}, {""block"": ""star_ris"", ""rho"": 16.0, ""gain"": 0.039931587872601426}, {""block"": ""rsma"", ""rho"": 1.0, ""gain"": 0.0}, {""block"": ""star_ris"", ""rho"": 1.0, ""gain"": 0.02162123221818746}, {""block"": ""rsma"", ""rho"": 1.0, ""gain"": 0.0}, {""block"": ""star_ris"", ""rho"": 4.0, ""gain"": 0.0007730423014535859}]",{},5594.176266,895cf8987087c169d7023476c078ebabf24f99fbbc30b65ad7fae1097d95a6fe,fc61d5cda7da39530055bae9bd0e92865f995cd9,f4c80269e5fb3cf553900b2e82f235af875b7c2e33b4ff71ec5d85cc25eb2b4e
ao_sca,128,10000,246,test,20.08637427176173,20.08637427176173,1.0,True,0.0,16,12642,26,ao_sca_proximal_physical,analytical_ris_equal_allocation,"[1.8380319723278353, 19.433549465970536, 19.44016682098201, 19.551663340007, 19.651857481591176, 19.69802136370221, 19.793085428350025, 19.88255601919662, 19.91035348123883, 19.984641301773067, 20.019676327876372, 20.021814776735205, 20.029784766953114, 20.047805916372667, 20.077595329495782, 20.08529713027427, 20.086374271761734]","[{""block"": ""rsma"", ""rho"": 1.0, ""gain"": 17.582146670281066}, {""block"": ""star_ris"", ""rho"": 32.0, ""gain"": 0.0133708233616332}, {""block"": ""rsma"", ""rho"": 1.0, ""gain"": 0.0}, {""block"": ""star_ris"", ""rho"": 64.0, ""gain"": 0.006617355011474757}, {""block"": ""rsma"", ""rho"": 1.0, ""gain"": 0.0}, {""block"": ""star_ris"", ""rho"": 1.0, ""gain"": 0.11149651902498903}, {""block"": ""rsma"", ""rho"": 1.0, ""gain"": -3.552713678800501e-15}, {""block"": ""star_ris"", ""rho"": 4.0, ""gain"": 0.10019414158417916}, {""block"": ""rsma"", ""rho"": 1.0, ""gain"": 0.0}, {""block"": ""star_ris"", ""rho"": 8.0, ""gain"": 0.04616388211103484}, {""block"": ""rsma"", ""rho"": 1.0, ""gain"": 0.0}, {""block"": ""star_ris"", ""rho"": 1.0, ""gain"": 0.09506406464781492}, {""block"": ""rsma"", ""rho"": 1.0, ""gain"": 7.105427357601002e-15}, {""block"": ""star_ris"", ""rho"": 1.0, ""gain"": 0.08947059084658804}, {""block"": ""rsma"", ""rho"": 1.0, ""gain"": -3.552713678800501e-15}, {""block"": ""star_ris"", ""rho"": 1.0, ""gain"": 0.027797462042212118}, {""block"": ""rsma"", ""rho"": 1.0, ""gain"": 0.0}, {""block"": ""star_ris"", ""rho"": 4.0, ""gain"": 0.07428782053423788}, {""block"": ""rsma"", ""rho"": 1.0, ""gain"": 0.0}, {""block"": ""star_ris"", ""rho"": 8.0, ""gain"": 0.035035026103305}, {""block"": ""rsma"", ""rho"": 1.0, ""gain"": 0.0}, {""block"": ""star_ris"", ""rho"": 128.0, ""gain"": 0.0021384488588331863}, {""block"": ""rsma"", ""rho"": 1.0, ""gain"": 0.0}, {""block"": ""star_ris"", ""rho"": 2.0, ""gain"": 0.007969990217908673}, {""block"": ""rsma"", ""rho"": 1.0, ""gain"": 0.0}, {""block"": ""star_ris"", ""rho"": 2.0, ""gain"": 0.01802114941955324}, {""block"": ""rsma"", ""rho"": 1.0, ""gain"": 0.0}, {""block"": ""star_ris"", ""rho"": 2.0, ""gain"": 0.029789413123115338}, {""block"": ""rsma"", ""rho"": 1.0, ""gain"": 0.0}, {""block"": ""star_ris"", ""rho"": 2.0, ""gain"": 0.007701800778487922}, {""block"": ""rsma"", ""rho"": 1.0, ""gain"": 0.0}, {""block"": ""star_ris"", ""rho"": 2.0, ""gain"": 0.0010771414874639618}]",{},6800.490735,895cf8987087c169d7023476c078ebabf24f99fbbc30b65ad7fae1097d95a6fe,fc61d5cda7da39530055bae9bd0e92865f995cd9,f4c80269e5fb3cf553900b2e82f235af875b7c2e33b4ff71ec5d85cc25eb2b4e
ao_sca,128,10000,247,test,19.83706017658506,19.83706017658506,1.0,True,0.0,8,6314,14,ao_sca_proximal_physical,analytical_ris_equal_allocation,"[1.8380257612877156, 19.499885094478174, 19.501910263368806, 19.52007642038155, 19.5879734772087, 19.59865038885502, 19.761899054688556, 19.836805896751464, 19.83706017658506]","[{""block"": ""rsma"", ""rho"": 1.0, ""gain"": 17.25582175560077}, {""block"": ""star_ris"", ""rho"": 1.0, ""gain"": 0.4060375775896894}, {""block"": ""rsma"", ""rho"": 1.0, ""gain"": 0.0}, {""block"": ""star_ris"", ""rho"": 8.0, ""gain"": 0.002025168890632756}, {""block"": ""rsma"", ""rho"": 1.0, ""gain"": 0.0}, {""block"": ""star_ris"", ""rho"": 2.0, ""gain"": 0.018166157012743156}, {""block"": ""rsma"", ""rho"": 1.0, ""gain"": 0.0}, {""block"": ""star_ris"", ""rho"": 1.0, ""gain"": 0.06789705682714953}, {""block"": ""rsma"", ""rho"": 1.0, ""gain"": 3.552713678800501e-15}, {""block"": ""star_ris"", ""rho"": 2.0, ""gain"": 0.010676911646317677}, {""block"": ""rsma"", ""rho"": 1.0, ""gain"": 0.0}, {""block"": ""star_ris"", ""rho"": 1.0, ""gain"": 0.16324866583353526}, {""block"": ""rsma"", ""rho"": 1.0, ""gain"": 0.0}, {""block"": ""star_ris"", ""rho"": 1.0, ""gain"": 0.07490684206290865}, {""block"": ""rsma"", ""rho"": 1.0, ""gain"": 0.0}, {""block"": ""star_ris"", ""rho"": 16.0, ""gain"": 0.00025427983359449513}]",{},3411.453366,895cf8987087c169d7023476c078ebabf24f99fbbc30b65ad7fae1097d95a6fe,fc61d5cda7da39530055bae9bd0e92865f995cd9,f4c80269e5fb3cf553900b2e82f235af875b7c2e33b4ff71ec5d85cc25eb2b4e
ao_sca,128,10000,248,test,19.81064766656165,19.81064766656165,1.0,True,0.0,12,9486,24,ao_sca_proximal_physical,analytical_ris_equal_allocation,"[1.8380267488925628, 19.324803104653416, 19.426267831037656, 19.44995193600575, 19.461591664071065, 19.467362427542632, 19.50589749068457, 19.55555455362162, 19.561116783734843, 19.649283334334818, 19.652696922693252, 19.810175814607938, 19.81064766656165]","[{""block"": ""rsma"", ""rho"": 1.0, ""gain"": 17.432918181845245}, {""block"": ""star_ris"", ""rho"": 8.0, ""gain"": 0.05385817391560721}, {""block"": ""rsma"", ""rho"": 1.0, ""gain"": 0.0}, {""block"": ""star_ris"", ""rho"": 4.0, ""gain"": 0.10146472638423987}, {""block"": ""rsma"", ""rho"": 1.0, ""gain"": 0.0}, {""block"": ""star_ris"", ""rho"": 16.0, ""gain"": 0.023684104968094033}, {""block"": ""rsma"", ""rho"": 1.0, ""gain"": 0.0}, {""block"": ""star_ris"", ""rho"": 32.0, ""gain"": 0.011639728065315325}, {""block"": ""rsma"", ""rho"": 1.0, ""gain"": 0.0}, {""block"": ""star_ris"", ""rho"": 64.0, ""gain"": 0.005770763471566909}, {""block"": ""rsma"", ""rho"": 1.0, ""gain"": 0.0}, {""block"": ""star_ris"", ""rho"": 2.0, ""gain"": 0.03853506314193922}, {""block"": ""rsma"", ""rho"": 1.0, ""gain"": 3.552713678800501e-15}, {""block"": ""star_ris"", ""rho"": 2.0, ""gain"": 0.04965706293704386}, {""block"": ""rsma"", ""rho"": 1.0, ""gain"": 0.0}, {""block"": ""star_ris"", ""rho"": 1.0, ""gain"": 0.005562230113223876}, {""block"": ""rsma"", ""rho"": 1.0, ""gain"": 0.0}, {""block"": ""star_ris"", ""rho"": 1.0, ""gain"": 0.08816655059997558}, {""block"": ""rsma"", ""rho"": 1.0, ""gain"": -3.552713678800501e-15}, {""block"": ""star_ris"", ""rho"": 1.0, ""gain"": 0.003413588358437636}, {""block"": ""rsma"", ""rho"": 1.0, ""gain"": 0.0}, {""block"": ""star_ris"", ""rho"": 2.0, ""gain"": 0.15747889191468545}, {""block"": ""rsma"", ""rho"": 1.0, ""gain"": -3.552713678800501e-15}, {""block"": ""star_ris"", ""rho"": 64.0, ""gain"": 0.0004718519537156851}]",{},5164.477905,895cf8987087c169d7023476c078ebabf24f99fbbc30b65ad7fae1097d95a6fe,fc61d5cda7da39530055bae9bd0e92865f995cd9,f4c80269e5fb3cf553900b2e82f235af875b7c2e33b4ff71ec5d85cc25eb2b4e
ao_sca,128,10000,249,test,19.821720912802263,19.821720912802263,1.0,True,0.0,20,15791,37,ao_sca_proximal_physical,analytical_ris_equal_allocation,"[1.8380177041027352, 19.253743620514527, 19.2781375469093, 19.281141915325737, 19.28519968740251, 19.34520406391666, 19.407432896536807, 19.497471404656082, 19.54808252500003, 19.594877192177595, 19.63043489345046, 19.658105149861083, 19.665762966500242, 19.70745363179084, 19.749149932954698, 19.759237302283942, 19.76320887839965, 19.779052578853793, 19.810435974764832, 19.813437335560394, 19.821720912802263]","[{""block"": ""rsma"", ""rho"": 1.0, ""gain"": 16.878158477000543}, {""block"": ""star_ris"", ""rho"": 1.0, ""gain"": 0.537567439411248}, {""block"": ""rsma"", ""rho"": 1.0, ""gain"": -3.552713678800501e-15}, {""block"": ""star_ris"", ""rho"": 16.0, ""gain"": 0.02439392639477589}, {""block"": ""rsma"", ""rho"": 1.0, ""gain"": 0.0}, {""block"": ""star_ris"", ""rho"": 128.0, ""gain"": 0.003004368416437586}, {""block"": ""rsma"", ""rho"": 1.0, ""gain"": 0.0}, {""block"": ""star_ris"", ""rho"": 4.0, ""gain"": 0.0040577720767736025}, {""block"": ""rsma"", ""rho"": 1.0, ""gain"": 3.552713678800501e-15}, {""block"": ""star_ris"", ""rho"": 1.0, ""gain"": 0.06000437651414714}, {""block"": ""rsma"", ""rho"": 1.0, ""gain"": -3.552713678800501e-15}, {""block"": ""star_ris"", ""rho"": 2.0, ""gain"": 0.06222883262014989}, {""block"": ""rsma"", ""rho"": 1.0, ""gain"": 0.0}, {""block"": ""star_ris"", ""rho"": 1.0, ""gain"": 0.0900385081192745}, {""block"": ""rsma"", ""rho"": 1.0, ""gain"": 0.0}, {""block"": ""star_ris"", ""rho"": 2.0, ""gain"": 0.0506111203439481}, {""block"": ""rsma"", ""rho"": 1.0, ""gain"": 0.0}, {""block"": ""star_ris"", ""rho"": 1.0, ""gain"": 0.046794667177564975}, {""block"": ""rsma"", ""rho"": 1.0, ""gain"": 0.0}, {""block"": ""star_ris"", ""rho"": 8.0, ""gain"": 0.035557701272864506}, {""block"": ""rsma"", ""rho"": 1.0, ""gain"": 0.0}, {""block"": ""star_ris"", ""rho"": 2.0, ""gain"": 0.02767025641062304}, {""block"": ""rsma"", ""rho"": 1.0, ""gain"": 0.0}, {""block"": ""star_ris"", ""rho"": 1.0, ""gain"": 0.007657816639159876}, {""block"": ""rsma"", ""rho"": 1.0, ""gain"": 0.0}, {""block"": ""star_ris"", ""rho"": 4.0, ""gain"": 0.041690665290598616}, {""block"": ""rsma"", ""rho"": 1.0, ""gain"": 0.0}, {""block"": ""star_ris"", ""rho"": 1.0, ""gain"": 0.041696301163856475}, {""block"": ""rsma"", ""rho"": 1.0, ""gain"": -3.552713678800501e-15}, {""block"": ""star_ris"", ""rho"": 8.0, ""gain"": 0.010087369329248475}, {""block"": ""rsma"", ""rho"": 1.0, ""gain"": 3.552713678800501e-15}, {""block"": ""star_ris"", ""rho"": 4.0, ""gain"": 0.003971576115702646}, {""block"": ""rsma"", ""rho"": 1.0, ""gain"": 0.0}, {""block"": ""star_ris"", ""rho"": 1.0, ""gain"": 0.015843700454144738}, {""block"": ""rsma"", ""rho"": 1.0, ""gain"": 0.0}, {""block"": ""star_ris"", ""rho"": 1.0, ""gain"": 0.031383395911039}, {""block"": ""rsma"", ""rho"": 1.0, ""gain"": 3.552713678800501e-15}, {""block"": ""star_ris"", ""rho"": 8.0, ""gain"": 0.003001360795558128}, {""block"": ""rsma"", ""rho"": 1.0, ""gain"": 0.0}, {""block"": ""star_ris"", ""rho"": 2.0, ""gain"": 0.008283577241869011}]",{},8617.708776,895cf8987087c169d7023476c078ebabf24f99fbbc30b65ad7fae1097d95a6fe,fc61d5cda7da39530055bae9bd0e92865f995cd9,f4c80269e5fb3cf553900b2e82f235af875b7c2e33b4ff71ec5d85cc25eb2b4e
