method,seed,scenario,split,sum_rate,reward,qos_fraction,all_qos,violation,iterations,evaluations,accepted_steps,solver,initialization,objective_history,surrogate_records,grid,solve_ms,config_hash,git_commit,bank_checksum
ao_grid,10000,750,test,3.9820680449620833,3.9820680449620833,1.0,True,0.0,2,5503,0,ao_grid_coordinate_codebook,analytical_ris_equal_allocation,"[1.8380202348781056, 3.9820672598986966, 3.9820680449620833]",[],"{""allocation_levels"": 7, ""beta_levels"": 5, ""phase_levels"": 8}",2278.280699,895cf8987087c169d7023476c078ebabf24f99fbbc30b65ad7fae1097d95a6fe,fc61d5cda7da39530055bae9bd0e92865f995cd9,f4c80269e5fb3cf553900b2e82f235af875b7c2e33b4ff71ec5d85cc25eb2b4e
ao_grid,10000,751,test,3.982065858821743,3.982065858821743,1.0,True,0.0,2,5503,0,ao_grid_coordinate_codebook,analytical_ris_equal_allocation,"[1.8380208088529715, 3.9820655733395878, 3.982065858821743]",[],"{""allocation_levels"": 7, ""beta_levels"": 5, ""phase_levels"": 8}",2286.383167,895cf8987087c169d7023476c078ebabf24f99fbbc30b65ad7fae1097d95a6fe,fc61d5cda7da39530055bae9bd0e92865f995cd9,f4c80269e5fb3cf553900b2e82f235af875b7c2e33b4ff71ec5d85cc25eb2b4e
ao_grid,10000,752,test,3.9820674771267712,3.9820674771267712,1.0,True,0.0,2,5503,0,ao_grid_coordinate_codebook,analytical_ris_equal_allocation,"[1.8380233347226167, 3.9820668893989186, 3.9820674771267712]",[],"{""allocation_levels"": 7, ""beta_levels"": 5, ""phase_levels"": 8}",2385.985219,895cf8987087c169d7023476c078ebabf24f99fbbc30b65ad7fae1097d95a6fe,fc61d5cda7da39530055bae9bd0e92865f995cd9,f4c80269e5fb3cf553900b2e82f235af875b7c2e33b4ff71ec5d85cc25eb2b4e
ao_grid,10000,753,test,3.9820673840832153,3.9820673840832153,1.0,True,0.0,2,5503,0,ao_grid_coordinate_codebook,analytical_ris_equal_allocation,"[1.8380233825259378, 3.9820667655219193, 3.9820673840832153]",[],"{""allocation_levels"": 7, ""beta_levels"": 5, ""phase_levels"": 8}",2338.142506,895cf8987087c169d7023476c078ebabf24f99fbbc30b65ad7fae1097d95a6fe,fc61d5cda7da39530055bae9bd0e92865f995cd9,f4c80269e5fb3cf553900b2e82f235af875b7c2e33b4ff71ec5d85cc25eb2b4e
ao_grid,10000,754,test,3.9820666422931676,3.9820666422931676,1.0,True,0.0,2,5503,0,ao_grid_coordinate_codebook,analytical_ris_equal_allocation,"[1.8380195199336191, 3.9820653785634814, 3.9820666422931676]",[],"{""allocation_levels"": 7, ""beta_levels"": 5, ""phase_levels"": 8}",2292.029799,895cf8987087c169d7023476c078ebabf24f99fbbc30b65ad7fae1097d95a6fe,fc61d5cda7da39530055bae9bd0e92865f995cd9,f4c80269e5fb3cf553900b2e82f235af875b7c2e33b4ff71ec5d85cc25eb2b4e
ao_grid,10000,755,test,3.982066169796246,3.982066169796246,1.0,True,0.0,2,5503,0,ao_grid_coordinate_codebook,analytical_ris_equal_allocation,"[1.8380171135387546, 3.9820657086313367, 3.982066169796246]",[],"{""allocation_levels"": 7, ""beta_levels"": 5, ""phase_levels"": 8}",2279.028401,895cf8987087c169d7023476c078ebabf24f99fbbc30b65ad7fae1097d95a6fe,fc61d5cda7da39530055bae9bd0e92865f995cd9,f4c80269e5fb3cf553900b2e82f235af875b7c2e33b4ff71ec5d85cc25eb2b4e
ao_grid,10000,756,test,3.982066895072659,3.982066895072659,1.0,True,0.0,2,5503,0,ao_grid_coordinate_codebook,analytical_ris_equal_allocation,"[1.8380161828397745, 3.9820656778862116, 3.982066895072659]",[],"{""allocation_levels"": 7, ""beta_levels"": 5, ""phase_levels"": 8}",2312.896897,895cf8987087c169d7023476c078ebabf24f99fbbc30b65ad7fae1097d95a6fe,fc61d5cda7da39530055bae9bd0e92865f995cd9,f4c80269e5fb3cf553900b2e82f235af875b7c2e33b4ff71ec5d85cc25eb2b4e
ao_grid,10000,757,test,3.9820701034722914,3.9820701034722914,1.0,True,0.0,2,5503,0,ao_grid_coordinate_codebook,analytical_ris_equal_allocation,"[1.8380344949126524, 3.982069555787854, 3.9820701034722914]",[],"{""allocation_levels"": 7, ""beta_levels"": 5, ""phase_levels"": 8}",2373.909178,895cf8987087c169d7023476c078ebabf24f99fbbc30b65ad7fae1097d95a6fe,fc61d5cda7da39530055bae9bd0e92865f995cd9,f4c80269e5fb3cf553900b2e82f235af875b7c2e33b4ff71ec5d85cc25eb2b4e
ao_grid,10000,758,test,3.9820657667456687,3.9820657667456687,1.0,True,0.0,2,5503,0,ao_grid_coordinate_codebook,analytical_ris_equal_allocation,"[1.838023084869673, 3.9820650945653626, 3.9820657667456687]",[],"{""allocation_levels"": 7, ""beta_levels"": 5, ""phase_levels"": 8}",2259.765156,895cf8987087c169d7023476c078ebabf24f99fbbc30b65ad7fae1097d95a6fe,fc61d5cda7da39530055bae9bd0e92865f995cd9,f4c80269e5fb3cf553900b2e82f235af875b7c2e33b4ff71ec5d85cc25eb2b4e
ao_grid,10000,759,test,3.9820666504547733,3.9820666504547733,1.0,True,0.0,2,5503,0,ao_grid_coordinate_codebook,analytical_ris_equal_allocation,"[1.8380106114950434, 3.982065281965602, 3.9820666504547733]",[],"{""allocation_levels"": 7, ""beta_levels"": 5, ""phase_levels"": 8}",2311.728551,895cf8987087c169d7023476c078ebabf24f99fbbc30b65ad7fae1097d95a6fe,fc61d5cda7da39530055bae9bd0e92865f995cd9,f4c80269e5fb3cf553900b2e82f235af875b7c2e33b4ff71ec5d85cc25eb2b4e
ao_grid,10000,760,test,3.982068982273868,3.982068982273868,1.0,True,0.0,2,5503,0,ao_grid_coordinate_codebook,analytical_ris_equal_allocation,"[1.8380291242270335, 3.9820685283012636, 3.982068982273868]",[],"{""allocation_levels"": 7, ""beta_levels"": 5, ""phase_levels"": 8}",2338.74129,895cf8987087c169d7023476c078ebabf24f99fbbc30b65ad7fae1097d95a6fe,fc61d5cda7da39530055bae9bd0e92865f995cd9,f4c80269e5fb3cf553900b2e82f235af875b7c2e33b4ff71ec5d85cc25eb2b4e
ao_grid,10000,761,test,3.982065882504526,3.982065882504526,1.0,True,0.0,2,5503,0,ao_grid_coordinate_codebook,analytical_ris_equal_allocation,"[1.8380136238366829, 3.9820650739727554, 3.982065882504526]",[],"{""allocation_levels"": 7, ""beta_levels"": 5, ""phase_levels"": 8}",2352.278028,895cf8987087c169d7023476c078ebabf24f99fbbc30b65ad7fae1097d95a6fe,fc61d5cda7da39530055bae9bd0e92865f995cd9,f4c80269e5fb3cf553900b2e82f235af875b7c2e33b4ff71ec5d85cc25eb2b4e
ao_grid,10000,762,test,3.982065202754098,3.982065202754098,1.0,True,0.0,2,5503,0,ao_grid_coordinate_codebook,analytical_ris_equal_allocation,"[1.8380187114823305, 3.982064370524912, 3.982065202754098]",[],"{""allocation_levels"": 7, ""beta_levels"": 5, ""phase_levels"": 8}",2278.312814,895cf8987087c169d7023476c078ebabf24f99fbbc30b65ad7fae1097d95a6fe,fc61d5cda7da39530055bae9bd0e92865f995cd9,f4c80269e5fb3cf553900b2e82f235af875b7c2e33b4ff71ec5d85cc25eb2b4e
ao_grid,10000,763,test,3.9820662581913178,3.9820662581913178,1.0,True,0.0,2,5503,0,ao_grid_coordinate_codebook,analytical_ris_equal_allocation,"[1.8380142832558464, 3.982064823998701, 3.9820662581913178]",[],"{""allocation_levels"": 7, ""beta_levels"": 5, ""phase_levels"": 8}",2298.054765,895cf8987087c169d7023476c078ebabf24f99fbbc30b65ad7fae1097d95a6fe,fc61d5cda7da39530055bae9bd0e92865f995cd9,f4c80269e5fb3cf553900b2e82f235af875b7c2e33b4ff71ec5d85cc25eb2b4e
ao_grid,10000,764,test,3.9820684729692726,3.9820684729692726,1.0,True,0.0,2,5503,0,ao_grid_coordinate_codebook,analytical_ris_equal_allocation,"[1.838028291999223, 3.9820679094385025, 3.9820684729692726]",[],"{""allocation_levels"": 7, ""beta_levels"": 5, ""phase_levels"": 8}",2267.884397,895cf8987087c169d7023476c078ebabf24f99fbbc30b65ad7fae1097d95a6fe,fc61d5cda7da39530055bae9bd0e92865f995cd9,f4c80269e5fb3cf553900b2e82f235af875b7c2e33b4ff71ec5d85cc25eb2b4e
ao_grid,10000,765,test,3.9820644734137023,3.9820644734137023,1.0,True,0.0,2,5503,0,ao_grid_coordinate_codebook,analytical_ris_equal_allocation,"[1.8380070649544984, 3.9820626111559263, 3.9820644734137023]",[],"{""allocation_levels"": 7, ""beta_levels"": 5, ""phase_levels"": 8}",2355.766114,895cf8987087c169d7023476c078ebabf24f99fbbc30b65ad7fae1097d95a6fe,fc61d5cda7da39530055bae9bd0e92865f995cd9,f4c80269e5fb3cf553900b2e82f235af875b7c2e33b4ff71ec5d85cc25eb2b4e
ao_grid,10000,766,test,3.9820698012228553,3.9820698012228553,1.0,True,0.0,2,5503,0,ao_grid_coordinate_codebook,analytical_ris_equal_allocation,"[1.8380344143594898, 3.982069504618555, 3.9820698012228553]",[],"{""allocation_levels"": 7, ""beta_levels"": 5, ""phase_levels"": 8}",2266.929742,895cf8987087c169d7023476c078ebabf24f99fbbc30b65ad7fae1097d95a6fe,fc61d5cda7da39530055bae9bd0e92865f995cd9,f4c80269e5fb3cf553900b2e82f235af875b7c2e33b4ff71ec5d85cc25eb2b4e
ao_grid,10000,767,test,3.982066329795669,3.982066329795669,1.0,True,0.0,2,5503,0,ao_grid_coordinate_codebook,analytical_ris_equal_allocation,"[1.8380144485869494, 3.9820657079211843, 3.982066329795669]",[],"{""allocation_levels"": 7, ""beta_levels"": 5, ""phase_levels"": 8}",2260.797535,895cf8987087c169d7023476c078ebabf24f99fbbc30b65ad7fae1097d95a6fe,fc61d5cda7da39530055bae9bd0e92865f995cd9,f4c80269e5fb3cf553900b2e82f235af875b7c2e33b4ff71ec5d85cc25eb2b4e
ao_grid,10000,768,test,3.9820665852922716,3.9820665852922716,1.0,True,0.0,2,5503,0,ao_grid_coordinate_codebook,analytical_ris_equal_allocation,"[1.8380165657591028, 3.9820654126334256, 3.9820665852922716]",[],"{""allocation_levels"": 7, ""beta_levels"": 5, ""phase_levels"": 8}",2273.590197,895cf8987087c169d7023476c078ebabf24f99fbbc30b65ad7fae1097d95a6fe,fc61d5cda7da39530055bae9bd0e92865f995cd9,f4c80269e5fb3cf553900b2e82f235af875b7c2e33b4ff71ec5d85cc25eb2b4e
ao_grid,10000,769,test,3.982069510553961,3.982069510553961,1.0,True,0.0,2,5503,0,ao_grid_coordinate_codebook,analytical_ris_equal_allocation,"[1.8380279694611443, 3.9820690199090354, 3.982069510553961]",[],"{""allocation_levels"": 7, ""beta_levels"": 5, ""phase_levels"": 8}",2357.258219,895cf8987087c169d7023476c078ebabf24f99fbbc30b65ad7fae1097d95a6fe,fc61d5cda7da39530055bae9bd0e92865f995cd9,f4c80269e5fb3cf553900b2e82f235af875b7c2e33b4ff71ec5d85cc25eb2b4e
ao_grid,10000,770,test,3.982065487383377,3.982065487383377,1.0,True,0.0,2,5503,0,ao_grid_coordinate_codebook,analytical_ris_equal_allocation,"[1.8380188940695668, 3.982064373383143, 3.982065487383377]",[],"{""allocation_levels"": 7, ""beta_levels"": 5, ""phase_levels"": 8}",2254.147817,895cf8987087c169d7023476c078ebabf24f99fbbc30b65ad7fae1097d95a6fe,fc61d5cda7da39530055bae9bd0e92865f995cd9,f4c80269e5fb3cf553900b2e82f235af875b7c2e33b4ff71ec5d85cc25eb2b4e
ao_grid,10000,771,test,3.9820689103825027,3.9820689103825027,1.0,True,0.0,2,5503,0,ao_grid_coordinate_codebook,analytical_ris_equal_allocation,"[1.8380290963829784, 3.982068406667182, 3.9820689103825027]",[],"{""allocation_levels"": 7, ""beta_levels"": 5, ""phase_levels"": 8}",2246.925544,895cf8987087c169d7023476c078ebabf24f99fbbc30b65ad7fae1097d95a6fe,fc61d5cda7da39530055bae9bd0e92865f995cd9,f4c80269e5fb3cf553900b2e82f235af875b7c2e33b4ff71ec5d85cc25eb2b4e
ao_grid,10000,772,test,3.9820681720651474,3.9820681720651474,1.0,True,0.0,2,5503,0,ao_grid_coordinate_codebook,analytical_ris_equal_allocation,"[1.8380202345455, 3.9820670831220415, 3.9820681720651474]",[],"{""allocation_levels"": 7, ""beta_levels"": 5, ""phase_levels"": 8}",2290.957728,895cf8987087c169d7023476c078ebabf24f99fbbc30b65ad7fae1097d95a6fe,fc61d5cda7da39530055bae9bd0e92865f995cd9,f4c80269e5fb3cf553900b2e82f235af875b7c2e33b4ff71ec5d85cc25eb2b4e
ao_grid,10000,773,test,3.9820662922718446,3.9820662922718446,1.0,True,0.0,2,5503,0,ao_grid_coordinate_codebook,analytical_ris_equal_allocation,"[1.8380164037671036, 3.9820657920968823, 3.9820662922718446]",[],"{""allocation_levels"": 7, ""beta_levels"": 5, ""phase_levels"": 8}",2322.764844,895cf8987087c169d7023476c078ebabf24f99fbbc30b65ad7fae1097d95a6fe,fc61d5cda7da39530055bae9bd0e92865f995cd9,f4c80269e5fb3cf553900b2e82f235af875b7c2e33b4ff71ec5d85cc25eb2b4e
ao_grid,10000,774,test,3.9820666345947062,3.9820666345947062,1.0,True,0.0,2,5503,0,ao_grid_coordinate_codebook,analytical_ris_equal_allocation,"[1.8380204877244235, 3.982065706954301, 3.9820666345947062]",[],"{""allocation_levels"": 7, ""beta_levels"": 5, ""phase_levels"": 8}",2297.2917,895cf8987087c169d7023476c078ebabf24f99fbbc30b65ad7fae1097d95a6fe,fc61d5cda7da39530055bae9bd0e92865f995cd9,f4c80269e5fb3cf553900b2e82f235af875b7c2e33b4ff71ec5d85cc25eb2b4e
ao_grid,10000,775,test,3.982068474156324,3.982068474156324,1.0,True,0.0,2,5503,0,ao_grid_coordinate_codebook,analytical_ris_equal_allocation,"[1.83802188077764, 3.9820675569641626, 3.982068474156324]",[],"{""allocation_levels"": 7, ""beta_levels"": 5, ""phase_levels"": 8}",2280.766624,895cf8987087c169d7023476c078ebabf24f99fbbc30b65ad7fae1097d95a6fe,fc61d5cda7da39530055bae9bd0e92865f995cd9,f4c80269e5fb3cf553900b2e82f235af875b7c2e33b4ff71ec5d85cc25eb2b4e
ao_grid,10000,776,test,3.9820668186956736,3.9820668186956736,1.0,True,0.0,2,5503,0,ao_grid_coordinate_codebook,analytical_ris_equal_allocation,"[1.838009712412771, 3.982065547461236, 3.9820668186956736]",[],"{""allocation_levels"": 7, ""beta_levels"": 5, ""phase_levels"": 8}",2255.771321,895cf8987087c169d7023476c078ebabf24f99fbbc30b65ad7fae1097d95a6fe,fc61d5cda7da39530055bae9bd0e92865f995cd9,f4c80269e5fb3cf553900b2e82f235af875b7c2e33b4ff71ec5d85cc25eb2b4e
ao_grid,10000,777,test,3.9820663253485664,3.9820663253485664,1.0,True,0.0,2,5503,0,ao_grid_coordinate_codebook,analytical_ris_equal_allocation,"[1.8380214977954916, 3.9820656755947206, 3.9820663253485664]",[],"{""allocation_levels"": 7, ""beta_levels"": 5, ""phase_levels"": 8}",2335.21451,895cf8987087c169d7023476c078ebabf24f99fbbc30b65ad7fae1097d95a6fe,fc61d5cda7da39530055bae9bd0e92865f995cd9,f4c80269e5fb3cf553900b2e82f235af875b7c2e33b4ff71ec5d85cc25eb2b4e
ao_grid,10000,778,test,3.982068107440103,3.982068107440103,1.0,True,0.0,2,5503,0,ao_grid_coordinate_codebook,analytical_ris_equal_allocation,"[1.8380267141638713, 3.9820674423730775, 3.982068107440103]",[],"{""allocation_levels"": 7, ""beta_levels"": 5, ""phase_levels"": 8}",2338.690121,895cf8987087c169d7023476c078ebabf24f99fbbc30b65ad7fae1097d95a6fe,fc61d5cda7da39530055bae9bd0e92865f995cd9,f4c80269e5fb3cf553900b2e82f235af875b7c2e33b4ff71ec5d85cc25eb2b4e
ao_grid,10000,779,test,3.982068215313142,3.982068215313142,1.0,True,0.0,2,5503,0,ao_grid_coordinate_codebook,analytical_ris_equal_allocation,"[1.8380247025650929, 3.982067593447492, 3.982068215313142]",[],"{""allocation_levels"": 7, ""beta_levels"": 5, ""phase_levels"": 8}",2283.202927,895cf8987087c169d7023476c078ebabf24f99fbbc30b65ad7fae1097d95a6fe,fc61d5cda7da39530055bae9bd0e92865f995cd9,f4c80269e5fb3cf553900b2e82f235af875b7c2e33b4ff71ec5d85cc25eb2b4e
ao_grid,10000,780,test,3.9820645893702924,3.9820645893702924,1.0,True,0.0,2,5503,0,ao_grid_coordinate_codebook,analytical_ris_equal_allocation,"[1.8380123501004721, 3.9820639547065886, 3.9820645893702924]",[],"{""allocation_levels"": 7, ""beta_levels"": 5, ""phase_levels"": 8}",2275.813197,895cf8987087c169d7023476c078ebabf24f99fbbc30b65ad7fae1097d95a6fe,fc61d5cda7da39530055bae9bd0e92865f995cd9,f4c80269e5fb3cf553900b2e82f235af875b7c2e33b4ff71ec5d85cc25eb2b4e
ao_grid,10000,781,test,3.9820694125618035,3.9820694125618035,1.0,True,0.0,2,5503,0,ao_grid_coordinate_codebook,analytical_ris_equal_allocation,"[1.838031760563634, 3.9820688443150134, 3.9820694125618035]",[],"{""allocation_levels"": 7, ""beta_levels"": 5, ""phase_levels"": 8}",2273.149703,895cf8987087c169d7023476c078ebabf24f99fbbc30b65ad7fae1097d95a6fe,fc61d5cda7da39530055bae9bd0e92865f995cd9,f4c80269e5fb3cf553900b2e82f235af875b7c2e33b4ff71ec5d85cc25eb2b4e
ao_grid,10000,782,test,3.9820636932971327,3.9820636932971327,1.0,True,0.0,2,5503,0,ao_grid_coordinate_codebook,analytical_ris_equal_allocation,"[1.838012616915314, 3.982062902129684, 3.9820636932971327]",[],"{""allocation_levels"": 7, ""beta_levels"": 5, ""phase_levels"": 8}",2329.183509,895cf8987087c169d7023476c078ebabf24f99fbbc30b65ad7fae1097d95a6fe,fc61d5cda7da39530055bae9bd0e92865f995cd9,f4c80269e5fb3cf553900b2e82f235af875b7c2e33b4ff71ec5d85cc25eb2b4e
ao_grid,10000,783,test,3.982067949891233,3.982067949891233,1.0,True,0.0,2,5503,0,ao_grid_coordinate_codebook,analytical_ris_equal_allocation,"[1.8380291250518186, 3.9820673642082998, 3.982067949891233]",[],"{""allocation_levels"": 7, ""beta_levels"": 5, ""phase_levels"": 8}",2252.468133,895cf8987087c169d7023476c078ebabf24f99fbbc30b65ad7fae1097d95a6fe,fc61d5cda7da39530055bae9bd0e92865f995cd9,f4c80269e5fb3cf553900b2e82f235af875b7c2e33b4ff71ec5d85cc25eb2b4e
ao_grid,10000,784,test,3.982067736455309,3.982067736455309,1.0,True,0.0,2,5503,0,ao_grid_coordinate_codebook,analytical_ris_equal_allocation,"[1.8380223318064937, 3.9820669647157954, 3.982067736455309]",[],"{""allocation_levels"": 7, ""beta_levels"": 5, ""phase_levels"": 8}",2246.970389,895cf8987087c169d7023476c078ebabf24f99fbbc30b65ad7fae1097d95a6fe,fc61d5cda7da39530055bae9bd0e92865f995cd9,f4c80269e5fb3cf553900b2e82f235af875b7c2e33b4ff71ec5d85cc25eb2b4e
ao_grid,10000,785,test,3.9820693934599953,3.9820693934599953,1.0,True,0.0,2,5503,0,ao_grid_coordinate_codebook,analytical_ris_equal_allocation,"[1.838031398737133, 3.982068411554297, 3.9820693934599953]",[],"{""allocation_levels"": 7, ""beta_levels"": 5, ""phase_levels"": 8}",2243.184718,895cf8987087c169d7023476c078ebabf24f99fbbc30b65ad7fae1097d95a6fe,fc61d5cda7da39530055bae9bd0e92865f995cd9,f4c80269e5fb3cf553900b2e82f235af875b7c2e33b4ff71ec5d85cc25eb2b4e
ao_grid,10000,786,test,3.9820670124261186,3.9820670124261186,1.0,True,0.0,2,5503,0,ao_grid_coordinate_codebook,analytical_ris_equal_allocation,"[1.8380273808509906, 3.9820665181455213, 3.9820670124261186]",[],"{""allocation_levels"": 7, ""beta_levels"": 5, ""phase_levels"": 8}",2311.878573,895cf8987087c169d7023476c078ebabf24f99fbbc30b65ad7fae1097d95a6fe,fc61d5cda7da39530055bae9bd0e92865f995cd9,f4c80269e5fb3cf553900b2e82f235af875b7c2e33b4ff71ec5d85cc25eb2b4e
ao_grid,10000,787,test,3.982067763866391,3.982067763866391,1.0,True,0.0,2,5503,0,ao_grid_coordinate_codebook,analytical_ris_equal_allocation,"[1.8380187687009515, 3.9820665730524105, 3.982067763866391]",[],"{""allocation_levels"": 7, ""beta_levels"": 5, ""phase_levels"": 8}",2333.039974,895cf8987087c169d7023476c078ebabf24f99fbbc30b65ad7fae1097d95a6fe,fc61d5cda7da39530055bae9bd0e92865f995cd9,f4c80269e5fb3cf553900b2e82f235af875b7c2e33b4ff71ec5d85cc25eb2b4e
ao_grid,10000,788,test,3.9820670182835722,3.9820670182835722,1.0,True,0.0,2,5503,0,ao_grid_coordinate_codebook,analytical_ris_equal_allocation,"[1.8380246513885357, 3.9820665698014714, 3.9820670182835722]",[],"{""allocation_levels"": 7, ""beta_levels"": 5, ""phase_levels"": 8}",2300.74174,895cf8987087c169d7023476c078ebabf24f99fbbc30b65ad7fae1097d95a6fe,fc61d5cda7da39530055bae9bd0e92865f995cd9,f4c80269e5fb3cf553900b2e82f235af875b7c2e33b4ff71ec5d85cc25eb2b4e
ao_grid,10000,789,test,3.9820676433567623,3.9820676433567623,1.0,True,0.0,2,5503,0,ao_grid_coordinate_codebook,analytical_ris_equal_allocation,"[1.8380248910752333, 3.982066604262638, 3.9820676433567623]",[],"{""allocation_levels"": 7, ""beta_levels"": 5, ""phase_levels"": 8}",2262.332094,895cf8987087c169d7023476c078ebabf24f99fbbc30b65ad7fae1097d95a6fe,fc61d5cda7da39530055bae9bd0e92865f995cd9,f4c80269e5fb3cf553900b2e82f235af875b7c2e33b4ff71ec5d85cc25eb2b4e
ao_grid,10000,790,test,3.9820678905582243,3.9820678905582243,1.0,True,0.0,2,5503,0,ao_grid_coordinate_codebook,analytical_ris_equal_allocation,"[1.8380215603205727, 3.9820673547477816, 3.9820678905582243]",[],"{""allocation_levels"": 7, ""beta_levels"": 5, ""phase_levels"": 8}",2255.8466,895cf8987087c169d7023476c078ebabf24f99fbbc30b65ad7fae1097d95a6fe,fc61d5cda7da39530055bae9bd0e92865f995cd9,f4c80269e5fb3cf553900b2e82f235af875b7c2e33b4ff71ec5d85cc25eb2b4e
ao_grid,10000,791,test,3.98206752662494,3.98206752662494,1.0,True,0.0,2,5503,0,ao_grid_coordinate_codebook,analytical_ris_equal_allocation,"[1.8380211750494801, 3.9820668157960664, 3.98206752662494]",[],"{""allocation_levels"": 7, ""beta_levels"": 5, ""phase_levels"": 8}",2329.457995,895cf8987087c169d7023476c078ebabf24f99fbbc30b65ad7fae1097d95a6fe,fc61d5cda7da39530055bae9bd0e92865f995cd9,f4c80269e5fb3cf553900b2e82f235af875b7c2e33b4ff71ec5d85cc25eb2b4e
ao_grid,10000,792,test,3.982065120330616,3.982065120330616,1.0,True,0.0,2,5503,0,ao_grid_coordinate_codebook,analytical_ris_equal_allocation,"[1.8380132857783347, 3.982064359986272, 3.982065120330616]",[],"{""allocation_levels"": 7, ""beta_levels"": 5, ""phase_levels"": 8}",2262.53555,895cf8987087c169d7023476c078ebabf24f99fbbc30b65ad7fae1097d95a6fe,fc61d5cda7da39530055bae9bd0e92865f995cd9,f4c80269e5fb3cf553900b2e82f235af875b7c2e33b4ff71ec5d85cc25eb2b4e
ao_grid,10000,793,test,3.9820692218842044,3.9820692218842044,1.0,True,0.0,2,5503,0,ao_grid_coordinate_codebook,analytical_ris_equal_allocation,"[1.838034518302991, 3.982068877758663, 3.9820692218842044]",[],"{""allocation_levels"": 7, ""beta_levels"": 5, ""phase_levels"": 8}",2284.53755,895cf8987087c169d7023476c078ebabf24f99fbbc30b65ad7fae1097d95a6fe,fc61d5cda7da39530055bae9bd0e92865f995cd9,f4c80269e5fb3cf553900b2e82f235af875b7c2e33b4ff71ec5d85cc25eb2b4e
ao_grid,10000,794,test,3.9820660261947323,3.9820660261947323,1.0,True,0.0,2,5503,0,ao_grid_coordinate_codebook,analytical_ris_equal_allocation,"[1.8380205637488578, 3.9820649845071316, 3.9820660261947323]",[],"{""allocation_levels"": 7, ""beta_levels"": 5, ""phase_levels"": 8}",2243.950438,895cf8987087c169d7023476c078ebabf24f99fbbc30b65ad7fae1097d95a6fe,fc61d5cda7da39530055bae9bd0e92865f995cd9,f4c80269e5fb3cf553900b2e82f235af875b7c2e33b4ff71ec5d85cc25eb2b4e
ao_grid,10000,795,test,3.9820666443871895,3.9820666443871895,1.0,True,0.0,2,5503,0,ao_grid_coordinate_codebook,analytical_ris_equal_allocation,"[1.8380180058283213, 3.9820658775272944, 3.9820666443871895]",[],"{""allocation_levels"": 7, ""beta_levels"": 5, ""phase_levels"": 8}",2333.021552,895cf8987087c169d7023476c078ebabf24f99fbbc30b65ad7fae1097d95a6fe,fc61d5cda7da39530055bae9bd0e92865f995cd9,f4c80269e5fb3cf553900b2e82f235af875b7c2e33b4ff71ec5d85cc25eb2b4e
ao_grid,10000,796,test,3.982068281300963,3.982068281300963,1.0,True,0.0,2,5503,0,ao_grid_coordinate_codebook,analytical_ris_equal_allocation,"[1.838031324323689, 3.9820673933854334, 3.982068281300963]",[],"{""allocation_levels"": 7, ""beta_levels"": 5, ""phase_levels"": 8}",2248.466883,895cf8987087c169d7023476c078ebabf24f99fbbc30b65ad7fae1097d95a6fe,fc61d5cda7da39530055bae9bd0e92865f995cd9,f4c80269e5fb3cf553900b2e82f235af875b7c2e33b4ff71ec5d85cc25eb2b4e
ao_grid,10000,797,test,3.982066444581865,3.982066444581865,1.0,True,0.0,2,5503,0,ao_grid_coordinate_codebook,analytical_ris_equal_allocation,"[1.8380157631861909, 3.9820654035708474, 3.982066444581865]",[],"{""allocation_levels"": 7, ""beta_levels"": 5, ""phase_levels"": 8}",2211.609042,895cf8987087c169d7023476c078ebabf24f99fbbc30b65ad7fae1097d95a6fe,fc61d5cda7da39530055bae9bd0e92865f995cd9,f4c80269e5fb3cf553900b2e82f235af875b7c2e33b4ff71ec5d85cc25eb2b4e
ao_grid,10000,798,test,3.98206605957907,3.98206605957907,1.0,True,0.0,2,5503,0,ao_grid_coordinate_codebook,analytical_ris_equal_allocation,"[1.8380158084173994, 3.982064538555128, 3.98206605957907]",[],"{""allocation_levels"": 7, ""beta_levels"": 5, ""phase_levels"": 8}",2207.912813,895cf8987087c169d7023476c078ebabf24f99fbbc30b65ad7fae1097d95a6fe,fc61d5cda7da39530055bae9bd0e92865f995cd9,f4c80269e5fb3cf553900b2e82f235af875b7c2e33b4ff71ec5d85cc25eb2b4e
ao_grid,10000,799,test,3.9820686108319645,3.9820686108319645,1.0,True,0.0,2,5503,0,ao_grid_coordinate_codebook,analytical_ris_equal_allocation,"[1.838027900749345, 3.982068060106678, 3.9820686108319645]",[],"{""allocation_levels"": 7, ""beta_levels"": 5, ""phase_levels"": 8}",2281.231181,895cf8987087c169d7023476c078ebabf24f99fbbc30b65ad7fae1097d95a6fe,fc61d5cda7da39530055bae9bd0e92865f995cd9,f4c80269e5fb3cf553900b2e82f235af875b7c2e33b4ff71ec5d85cc25eb2b4e
ao_grid,10000,800,test,3.9820689250398393,3.9820689250398393,1.0,True,0.0,2,5503,0,ao_grid_coordinate_codebook,analytical_ris_equal_allocation,"[1.8380266983493243, 3.9820685182328353, 3.9820689250398393]",[],"{""allocation_levels"": 7, ""beta_levels"": 5, ""phase_levels"": 8}",2163.128627,895cf8987087c169d7023476c078ebabf24f99fbbc30b65ad7fae1097d95a6fe,fc61d5cda7da39530055bae9bd0e92865f995cd9,f4c80269e5fb3cf553900b2e82f235af875b7c2e33b4ff71ec5d85cc25eb2b4e
ao_grid,10000,801,test,3.98206731154986,3.98206731154986,1.0,True,0.0,2,5503,0,ao_grid_coordinate_codebook,analytical_ris_equal_allocation,"[1.8380265923031784, 3.9820667030806645, 3.98206731154986]",[],"{""allocation_levels"": 7, ""beta_levels"": 5, ""phase_levels"": 8}",2168.646612,895cf8987087c169d7023476c078ebabf24f99fbbc30b65ad7fae1097d95a6fe,fc61d5cda7da39530055bae9bd0e92865f995cd9,f4c80269e5fb3cf553900b2e82f235af875b7c2e33b4ff71ec5d85cc25eb2b4e
ao_grid,10000,802,test,3.982067368811215,3.982067368811215,1.0,True,0.0,2,5503,0,ao_grid_coordinate_codebook,analytical_ris_equal_allocation,"[1.838017848076298, 3.982066311777759, 3.982067368811215]",[],"{""allocation_levels"": 7, ""beta_levels"": 5, ""phase_levels"": 8}",2178.651427,895cf8987087c169d7023476c078ebabf24f99fbbc30b65ad7fae1097d95a6fe,fc61d5cda7da39530055bae9bd0e92865f995cd9,f4c80269e5fb3cf553900b2e82f235af875b7c2e33b4ff71ec5d85cc25eb2b4e
ao_grid,10000,803,test,3.9820669276245706,3.9820669276245706,1.0,True,0.0,2,5503,0,ao_grid_coordinate_codebook,analytical_ris_equal_allocation,"[1.8380216109664649, 3.9820663638140976, 3.9820669276245706]",[],"{""allocation_levels"": 7, ""beta_levels"": 5, ""phase_levels"": 8}",2188.949477,895cf8987087c169d7023476c078ebabf24f99fbbc30b65ad7fae1097d95a6fe,fc61d5cda7da39530055bae9bd0e92865f995cd9,f4c80269e5fb3cf553900b2e82f235af875b7c2e33b4ff71ec5d85cc25eb2b4e
ao_grid,10000,804,test,3.9820680821003864,3.9820680821003864,1.0,True,0.0,2,5503,0,ao_grid_coordinate_codebook,analytical_ris_equal_allocation,"[1.838027716718549, 3.982067566557609, 3.9820680821003864]",[],"{""allocation_levels"": 7, ""beta_levels"": 5, ""phase_levels"": 8}",2202.545318,895cf8987087c169d7023476c078ebabf24f99fbbc30b65ad7fae1097d95a6fe,fc61d5cda7da39530055bae9bd0e92865f995cd9,f4c80269e5fb3cf553900b2e82f235af875b7c2e33b4ff71ec5d85cc25eb2b4e
ao_grid,10000,805,test,3.9820647686546193,3.9820647686546193,1.0,True,0.0,2,5503,0,ao_grid_coordinate_codebook,analytical_ris_equal_allocation,"[1.838010802909794, 3.9820636299361265, 3.9820647686546193]",[],"{""allocation_levels"": 7, ""beta_levels"": 5, ""phase_levels"": 8}",2198.996914,895cf8987087c169d7023476c078ebabf24f99fbbc30b65ad7fae1097d95a6fe,fc61d5cda7da39530055bae9bd0e92865f995cd9,f4c80269e5fb3cf553900b2e82f235af875b7c2e33b4ff71ec5d85cc25eb2b4e
ao_grid,10000,806,test,3.9820676839374833,3.9820676839374833,1.0,True,0.0,2,5503,0,ao_grid_coordinate_codebook,analytical_ris_equal_allocation,"[1.8380232183960483, 3.98206701268488, 3.9820676839374833]",[],"{""allocation_levels"": 7, ""beta_levels"": 5, ""phase_levels"": 8}",2233.315653,895cf8987087c169d7023476c078ebabf24f99fbbc30b65ad7fae1097d95a6fe,fc61d5cda7da39530055bae9bd0e92865f995cd9,f4c80269e5fb3cf553900b2e82f235af875b7c2e33b4ff71ec5d85cc25eb2b4e
ao_grid,10000,807,test,3.982069334150463,3.982069334150463,1.0,True,0.0,2,5503,0,ao_grid_coordinate_codebook,analytical_ris_equal_allocation,"[1.8380283809910032, 3.9820686101737635, 3.982069334150463]",[],"{""allocation_levels"": 7, ""beta_levels"": 5, ""phase_levels"": 8}",2192.976203,895cf8987087c169d7023476c078ebabf24f99fbbc30b65ad7fae1097d95a6fe,fc61d5cda7da39530055bae9bd0e92865f995cd9,f4c80269e5fb3cf553900b2e82f235af875b7c2e33b4ff71ec5d85cc25eb2b4e
ao_grid,10000,808,test,3.982068170460456,3.982068170460456,1.0,True,0.0,2,5503,0,ao_grid_coordinate_codebook,analytical_ris_equal_allocation,"[1.8380258280853352, 3.9820669703816525, 3.982068170460456]",[],"{""allocation_levels"": 7, ""beta_levels"": 5, ""phase_levels"": 8}",2321.989335,895cf8987087c169d7023476c078ebabf24f99fbbc30b65ad7fae1097d95a6fe,fc61d5cda7da39530055bae9bd0e92865f995cd9,f4c80269e5fb3cf553900b2e82f235af875b7c2e33b4ff71ec5d85cc25eb2b4e
ao_grid,10000,809,test,3.982065808655765,3.982065808655765,1.0,True,0.0,2,5503,0,ao_grid_coordinate_codebook,analytical_ris_equal_allocation,"[1.8380118620798969, 3.982063983268248, 3.982065808655765]",[],"{""allocation_levels"": 7, ""beta_levels"": 5, ""phase_levels"": 8}",2192.34425,895cf8987087c169d7023476c078ebabf24f99fbbc30b65ad7fae1097d95a6fe,fc61d5cda7da39530055bae9bd0e92865f995cd9,f4c80269e5fb3cf553900b2e82f235af875b7c2e33b4ff71ec5d85cc25eb2b4e
ao_grid,10000,810,test,3.982067797993179,3.982067797993179,1.0,True,0.0,2,5503,0,ao_grid_coordinate_codebook,analytical_ris_equal_allocation,"[1.838025236269872, 3.982067083587797, 3.982067797993179]",[],"{""allocation_levels"": 7, ""beta_levels"": 5, ""phase_levels"": 8}",2179.485659,895cf8987087c169d7023476c078ebabf24f99fbbc30b65ad7fae1097d95a6fe,fc61d5cda7da39530055bae9bd0e92865f995cd9,f4c80269e5fb3cf553900b2e82f235af875b7c2e33b4ff71ec5d85cc25eb2b4e
ao_grid,10000,811,test,3.982065682176912,3.982065682176912,1.0,True,0.0,2,5503,0,ao_grid_coordinate_codebook,analytical_ris_equal_allocation,"[1.838021288130286, 3.982065191247124, 3.982065682176912]",[],"{""allocation_levels"": 7, ""beta_levels"": 5, ""phase_levels"": 8}",2225.602484,895cf8987087c169d7023476c078ebabf24f99fbbc30b65ad7fae1097d95a6fe,fc61d5cda7da39530055bae9bd0e92865f995cd9,f4c80269e5fb3cf553900b2e82f235af875b7c2e33b4ff71ec5d85cc25eb2b4e
ao_grid,10000,812,test,3.9820685100734017,3.9820685100734017,1.0,True,0.0,2,5503,0,ao_grid_coordinate_codebook,analytical_ris_equal_allocation,"[1.8380266186701144, 3.9820677508581177, 3.9820685100734017]",[],"{""allocation_levels"": 7, ""beta_levels"": 5, ""phase_levels"": 8}",2219.519023,895cf8987087c169d7023476c078ebabf24f99fbbc30b65ad7fae1097d95a6fe,fc61d5cda7da39530055bae9bd0e92865f995cd9,f4c80269e5fb3cf553900b2e82f235af875b7c2e33b4ff71ec5d85cc25eb2b4e
ao_grid,10000,813,test,3.9820657774851638,3.9820657774851638,1.0,True,0.0,2,5503,0,ao_grid_coordinate_codebook,analytical_ris_equal_allocation,"[1.8380140763048805, 3.9820648078755108, 3.9820657774851638]",[],"{""allocation_levels"": 7, ""beta_levels"": 5, ""phase_levels"": 8}",2214.551532,895cf8987087c169d7023476c078ebabf24f99fbbc30b65ad7fae1097d95a6fe,fc61d5cda7da39530055bae9bd0e92865f995cd9,f4c80269e5fb3cf553900b2e82f235af875b7c2e33b4ff71ec5d85cc25eb2b4e
ao_grid,10000,814,test,3.9820684422369013,3.9820684422369013,1.0,True,0.0,2,5503,0,ao_grid_coordinate_codebook,analytical_ris_equal_allocation,"[1.8380258470362116, 3.982067712769648, 3.9820684422369013]",[],"{""allocation_levels"": 7, ""beta_levels"": 5, ""phase_levels"": 8}",2201.725495,895cf8987087c169d7023476c078ebabf24f99fbbc30b65ad7fae1097d95a6fe,fc61d5cda7da39530055bae9bd0e92865f995cd9,f4c80269e5fb3cf553900b2e82f235af875b7c2e33b4ff71ec5d85cc25eb2b4e
ao_grid,10000,815,test,3.9820637767217657,3.9820637767217657,1.0,True,0.0,2,5503,0,ao_grid_coordinate_codebook,analytical_ris_equal_allocation,"[1.8380134558535666, 3.982062885624199, 3.9820637767217657]",[],"{""allocation_levels"": 7, ""beta_levels"": 5, ""phase_levels"": 8}",2168.757216,895cf8987087c169d7023476c078ebabf24f99fbbc30b65ad7fae1097d95a6fe,fc61d5cda7da39530055bae9bd0e92865f995cd9,f4c80269e5fb3cf553900b2e82f235af875b7c2e33b4ff71ec5d85cc25eb2b4e
ao_grid,10000,816,test,3.9820661686739767,3.9820661686739767,1.0,True,0.0,2,5503,0,ao_grid_coordinate_codebook,analytical_ris_equal_allocation,"[1.838016888407448, 3.982064265774785, 3.9820661686739767]",[],"{""allocation_levels"": 7, ""beta_levels"": 5, ""phase_levels"": 8}",2167.248908,895cf8987087c169d7023476c078ebabf24f99fbbc30b65ad7fae1097d95a6fe,fc61d5cda7da39530055bae9bd0e92865f995cd9,f4c80269e5fb3cf553900b2e82f235af875b7c2e33b4ff71ec5d85cc25eb2b4e
ao_grid,10000,817,test,3.982069051531605,3.982069051531605,1.0,True,0.0,2,5503,0,ao_grid_coordinate_codebook,analytical_ris_equal_allocation,"[1.8380256479271566, 3.9820683122168283, 3.982069051531605]",[],"{""allocation_levels"": 7, ""beta_levels"": 5, ""phase_levels"": 8}",2164.985967,895cf8987087c169d7023476c078ebabf24f99fbbc30b65ad7fae1097d95a6fe,fc61d5cda7da39530055bae9bd0e92865f995cd9,f4c80269e5fb3cf553900b2e82f235af875b7c2e33b4ff71ec5d85cc25eb2b4e
ao_grid,10000,818,test,3.982068541528219,3.982068541528219,1.0,True,0.0,2,5503,0,ao_grid_coordinate_codebook,analytical_ris_equal_allocation,"[1.8380269311753756, 3.9820675501543894, 3.982068541528219]",[],"{""allocation_levels"": 7, ""beta_levels"": 5, ""phase_levels"": 8}",2167.679509,895cf8987087c169d7023476c078ebabf24f99fbbc30b65ad7fae1097d95a6fe,fc61d5cda7da39530055bae9bd0e92865f995cd9,f4c80269e5fb3cf553900b2e82f235af875b7c2e33b4ff71ec5d85cc25eb2b4e
ao_grid,10000,819,test,3.9820675960938456,3.9820675960938456,1.0,True,0.0,2,5503,0,ao_grid_coordinate_codebook,analytical_ris_equal_allocation,"[1.8380231638574027, 3.9820667510669443, 3.9820675960938456]",[],"{""allocation_levels"": 7, ""beta_levels"": 5, ""phase_levels"": 8}",2173.169915,895cf8987087c169d7023476c078ebabf24f99fbbc30b65ad7fae1097d95a6fe,fc61d5cda7da39530055bae9bd0e92865f995cd9,f4c80269e5fb3cf553900b2e82f235af875b7c2e33b4ff71ec5d85cc25eb2b4e
ao_grid,10000,820,test,3.9820685643580176,3.9820685643580176,1.0,True,0.0,2,5503,0,ao_grid_coordinate_codebook,analytical_ris_equal_allocation,"[1.838025522627332, 3.9820679405113255, 3.9820685643580176]",[],"{""allocation_levels"": 7, ""beta_levels"": 5, ""phase_levels"": 8}",2235.10911,895cf8987087c169d7023476c078ebabf24f99fbbc30b65ad7fae1097d95a6fe,fc61d5cda7da39530055bae9bd0e92865f995cd9,f4c80269e5fb3cf553900b2e82f235af875b7c2e33b4ff71ec5d85cc25eb2b4e
ao_grid,10000,821,test,3.982066591660101,3.982066591660101,1.0,True,0.0,2,5503,0,ao_grid_coordinate_codebook,analytical_ris_equal_allocation,"[1.8380178754422658, 3.9820656704562007, 3.982066591660101]",[],"{""allocation_levels"": 7, ""beta_levels"": 5, ""phase_levels"": 8}",2198.656436,895cf8987087c169d7023476c078ebabf24f99fbbc30b65ad7fae1097d95a6fe,fc61d5cda7da39530055bae9bd0e92865f995cd9,f4c80269e5fb3cf553900b2e82f235af875b7c2e33b4ff71ec5d85cc25eb2b4e
ao_grid,10000,822,test,3.982067885540316,3.982067885540316,1.0,True,0.0,2,5503,0,ao_grid_coordinate_codebook,analytical_ris_equal_allocation,"[1.8380247537610372, 3.982067208340978, 3.982067885540316]",[],"{""allocation_levels"": 7, ""beta_levels"": 5, ""phase_levels"": 8}",2165.848797,895cf8987087c169d7023476c078ebabf24f99fbbc30b65ad7fae1097d95a6fe,fc61d5cda7da39530055bae9bd0e92865f995cd9,f4c80269e5fb3cf553900b2e82f235af875b7c2e33b4ff71ec5d85cc25eb2b4e
ao_grid,10000,823,test,3.982065599049334,3.982065599049334,1.0,True,0.0,2,5503,0,ao_grid_coordinate_codebook,analytical_ris_equal_allocation,"[1.838018508332871, 3.982064826753826, 3.982065599049334]",[],"{""allocation_levels"": 7, ""beta_levels"": 5, ""phase_levels"": 8}",2162.048095,895cf8987087c169d7023476c078ebabf24f99fbbc30b65ad7fae1097d95a6fe,fc61d5cda7da39530055bae9bd0e92865f995cd9,f4c80269e5fb3cf553900b2e82f235af875b7c2e33b4ff71ec5d85cc25eb2b4e
ao_grid,10000,824,test,3.9820686756834007,3.9820686756834007,1.0,True,0.0,2,5503,0,ao_grid_coordinate_codebook,analytical_ris_equal_allocation,"[1.8380137722022196, 3.9820676267112534, 3.9820686756834007]",[],"{""allocation_levels"": 7, ""beta_levels"": 5, ""phase_levels"": 8}",2145.974729,895cf8987087c169d7023476c078ebabf24f99fbbc30b65ad7fae1097d95a6fe,fc61d5cda7da39530055bae9bd0e92865f995cd9,f4c80269e5fb3cf553900b2e82f235af875b7c2e33b4ff71ec5d85cc25eb2b4e
ao_grid,10000,825,test,3.9820660797695764,3.9820660797695764,1.0,True,0.0,2,5503,0,ao_grid_coordinate_codebook,analytical_ris_equal_allocation,"[1.8380195647081745, 3.9820649580451697, 3.9820660797695764]",[],"{""allocation_levels"": 7, ""beta_levels"": 5, ""phase_levels"": 8}",2148.772419,895cf8987087c169d7023476c078ebabf24f99fbbc30b65ad7fae1097d95a6fe,fc61d5cda7da39530055bae9bd0e92865f995cd9,f4c80269e5fb3cf553900b2e82f235af875b7c2e33b4ff71ec5d85cc25eb2b4e
ao_grid,10000,826,test,3.982067949607867,3.982067949607867,1.0,True,0.0,2,5503,0,ao_grid_coordinate_codebook,analytical_ris_equal_allocation,"[1.8380226322818671, 3.982066825826356, 3.982067949607867]",[],"{""allocation_levels"": 7, ""beta_levels"": 5, ""phase_levels"": 8}",2228.770991,895cf8987087c169d7023476c078ebabf24f99fbbc30b65ad7fae1097d95a6fe,fc61d5cda7da39530055bae9bd0e92865f995cd9,f4c80269e5fb3cf553900b2e82f235af875b7c2e33b4ff71ec5d85cc25eb2b4e
ao_grid,10000,827,test,3.9820668942141677,3.9820668942141677,1.0,True,0.0,2,5503,0,ao_grid_coordinate_codebook,analytical_ris_equal_allocation,"[1.8380256226182727, 3.9820661587683284, 3.9820668942141677]",[],"{""allocation_levels"": 7, ""beta_levels"": 5, ""phase_levels"": 8}",2207.286102,895cf8987087c169d7023476c078ebabf24f99fbbc30b65ad7fae1097d95a6fe,fc61d5cda7da39530055bae9bd0e92865f995cd9,f4c80269e5fb3cf553900b2e82f235af875b7c2e33b4ff71ec5d85cc25eb2b4e
ao_grid,10000,828,test,3.982067177341697,3.982067177341697,1.0,True,0.0,2,5503,0,ao_grid_coordinate_codebook,analytical_ris_equal_allocation,"[1.8380121898185664, 3.982065354754554, 3.982067177341697]",[],"{""allocation_levels"": 7, ""beta_levels"": 5, ""phase_levels"": 8}",2142.933655,895cf8987087c169d7023476c078ebabf24f99fbbc30b65ad7fae1097d95a6fe,fc61d5cda7da39530055bae9bd0e92865f995cd9,f4c80269e5fb3cf553900b2e82f235af875b7c2e33b4ff71ec5d85cc25eb2b4e
ao_grid,10000,829,test,3.9820670494757686,3.9820670494757686,1.0,True,0.0,2,5503,0,ao_grid_coordinate_codebook,analytical_ris_equal_allocation,"[1.8380301696046508, 3.982066718115628, 3.9820670494757686]",[],"{""allocation_levels"": 7, ""beta_levels"": 5, ""phase_levels"": 8}",2128.532251,895cf8987087c169d7023476c078ebabf24f99fbbc30b65ad7fae1097d95a6fe,fc61d5cda7da39530055bae9bd0e92865f995cd9,f4c80269e5fb3cf553900b2e82f235af875b7c2e33b4ff71ec5d85cc25eb2b4e
ao_grid,10000,830,test,3.982067863585053,3.982067863585053,1.0,True,0.0,2,5503,0,ao_grid_coordinate_codebook,analytical_ris_equal_allocation,"[1.8380243267771965, 3.9820673666715787, 3.982067863585053]",[],"{""allocation_levels"": 7, ""beta_levels"": 5, ""phase_levels"": 8}",2142.081887,895cf8987087c169d7023476c078ebabf24f99fbbc30b65ad7fae1097d95a6fe,fc61d5cda7da39530055bae9bd0e92865f995cd9,f4c80269e5fb3cf553900b2e82f235af875b7c2e33b4ff71ec5d85cc25eb2b4e
ao_grid,10000,831,test,3.982068704867225,3.982068704867225,1.0,True,0.0,2,5503,0,ao_grid_coordinate_codebook,analytical_ris_equal_allocation,"[1.8380253240035247, 3.982068050919544, 3.982068704867225]",[],"{""allocation_levels"": 7, ""beta_levels"": 5, ""phase_levels"": 8}",2218.779897,895cf8987087c169d7023476c078ebabf24f99fbbc30b65ad7fae1097d95a6fe,fc61d5cda7da39530055bae9bd0e92865f995cd9,f4c80269e5fb3cf553900b2e82f235af875b7c2e33b4ff71ec5d85cc25eb2b4e
ao_grid,10000,832,test,3.982068628593826,3.982068628593826,1.0,True,0.0,2,5503,0,ao_grid_coordinate_codebook,analytical_ris_equal_allocation,"[1.838032139862641, 3.982068094178376, 3.982068628593826]",[],"{""allocation_levels"": 7, ""beta_levels"": 5, ""phase_levels"": 8}",2177.113929,895cf8987087c169d7023476c078ebabf24f99fbbc30b65ad7fae1097d95a6fe,fc61d5cda7da39530055bae9bd0e92865f995cd9,f4c80269e5fb3cf553900b2e82f235af875b7c2e33b4ff71ec5d85cc25eb2b4e
ao_grid,10000,833,test,3.9820681498085317,3.9820681498085317,1.0,True,0.0,2,5503,0,ao_grid_coordinate_codebook,analytical_ris_equal_allocation,"[1.8380205153543816, 3.9820675113974007, 3.9820681498085317]",[],"{""allocation_levels"": 7, ""beta_levels"": 5, ""phase_levels"": 8}",2159.651047,895cf8987087c169d7023476c078ebabf24f99fbbc30b65ad7fae1097d95a6fe,fc61d5cda7da39530055bae9bd0e92865f995cd9,f4c80269e5fb3cf553900b2e82f235af875b7c2e33b4ff71ec5d85cc25eb2b4e
ao_grid,10000,834,test,3.9820649764355074,3.9820649764355074,1.0,True,0.0,2,5503,0,ao_grid_coordinate_codebook,analytical_ris_equal_allocation,"[1.838017430083354, 3.9820638824364547, 3.9820649764355074]",[],"{""allocation_levels"": 7, ""beta_levels"": 5, ""phase_levels"": 8}",2174.161508,895cf8987087c169d7023476c078ebabf24f99fbbc30b65ad7fae1097d95a6fe,fc61d5cda7da39530055bae9bd0e92865f995cd9,f4c80269e5fb3cf553900b2e82f235af875b7c2e33b4ff71ec5d85cc25eb2b4e
ao_grid,10000,835,test,3.982066866843678,3.982066866843678,1.0,True,0.0,2,5503,0,ao_grid_coordinate_codebook,analytical_ris_equal_allocation,"[1.8380241141498757, 3.982065850463931, 3.982066866843678]",[],"{""allocation_levels"": 7, ""beta_levels"": 5, ""phase_levels"": 8}",2275.206464,895cf8987087c169d7023476c078ebabf24f99fbbc30b65ad7fae1097d95a6fe,fc61d5cda7da39530055bae9bd0e92865f995cd9,f4c80269e5fb3cf553900b2e82f235af875b7c2e33b4ff71ec5d85cc25eb2b4e
ao_grid,10000,836,test,3.9820682364890194,3.9820682364890194,1.0,True,0.0,2,5503,0,ao_grid_coordinate_codebook,analytical_ris_equal_allocation,"[1.8380272460825164, 3.9820678324856558, 3.9820682364890194]",[],"{""allocation_levels"": 7, ""beta_levels"": 5, ""phase_levels"": 8}",2138.953463,895cf8987087c169d7023476c078ebabf24f99fbbc30b65ad7fae1097d95a6fe,fc61d5cda7da39530055bae9bd0e92865f995cd9,f4c80269e5fb3cf553900b2e82f235af875b7c2e33b4ff71ec5d85cc25eb2b4e
ao_grid,10000,837,test,3.9820630588460673,3.9820630588460673,1.0,True,0.0,2,5503,0,ao_grid_coordinate_codebook,analytical_ris_equal_allocation,"[1.8380074140563083, 3.9820622666409298, 3.9820630588460673]",[],"{""allocation_levels"": 7, ""beta_levels"": 5, ""phase_levels"": 8}",2176.312569,895cf8987087c169d7023476c078ebabf24f99fbbc30b65ad7fae1097d95a6fe,fc61d5cda7da39530055bae9bd0e92865f995cd9,f4c80269e5fb3cf553900b2e82f235af875b7c2e33b4ff71ec5d85cc25eb2b4e
ao_grid,10000,838,test,3.9820675448400387,3.9820675448400387,1.0,True,0.0,2,5503,0,ao_grid_coordinate_codebook,analytical_ris_equal_allocation,"[1.8380216014116193, 3.9820666174179267, 3.9820675448400387]",[],"{""allocation_levels"": 7, ""beta_levels"": 5, ""phase_levels"": 8}",2156.531178,895cf8987087c169d7023476c078ebabf24f99fbbc30b65ad7fae1097d95a6fe,fc61d5cda7da39530055bae9bd0e92865f995cd9,f4c80269e5fb3cf553900b2e82f235af875b7c2e33b4ff71ec5d85cc25eb2b4e
ao_grid,10000,839,test,3.982066197423432,3.982066197423432,1.0,True,0.0,2,5503,0,ao_grid_coordinate_codebook,analytical_ris_equal_allocation,"[1.8380185441783172, 3.982065558229313, 3.982066197423432]",[],"{""allocation_levels"": 7, ""beta_levels"": 5, ""phase_levels"": 8}",2177.851085,895cf8987087c169d7023476c078ebabf24f99fbbc30b65ad7fae1097d95a6fe,fc61d5cda7da39530055bae9bd0e92865f995cd9,f4c80269e5fb3cf553900b2e82f235af875b7c2e33b4ff71ec5d85cc25eb2b4e
ao_grid,10000,840,test,3.982068926329841,3.982068926329841,1.0,True,0.0,2,5503,0,ao_grid_coordinate_codebook,analytical_ris_equal_allocation,"[1.8380294785436468, 3.9820683933259042, 3.982068926329841]",[],"{""allocation_levels"": 7, ""beta_levels"": 5, ""phase_levels"": 8}",2184.89519,895cf8987087c169d7023476c078ebabf24f99fbbc30b65ad7fae1097d95a6fe,fc61d5cda7da39530055bae9bd0e92865f995cd9,f4c80269e5fb3cf553900b2e82f235af875b7c2e33b4ff71ec5d85cc25eb2b4e
ao_grid,10000,841,test,3.982067333297631,3.982067333297631,1.0,True,0.0,2,5503,0,ao_grid_coordinate_codebook,analytical_ris_equal_allocation,"[1.8380256713435446, 3.9820666205875543, 3.982067333297631]",[],"{""allocation_levels"": 7, ""beta_levels"": 5, ""phase_levels"": 8}",2180.137632,895cf8987087c169d7023476c078ebabf24f99fbbc30b65ad7fae1097d95a6fe,fc61d5cda7da39530055bae9bd0e92865f995cd9,f4c80269e5fb3cf553900b2e82f235af875b7c2e33b4ff71ec5d85cc25eb2b4e
ao_grid,10000,842,test,3.9820675241766588,3.9820675241766588,1.0,True,0.0,2,5503,0,ao_grid_coordinate_codebook,analytical_ris_equal_allocation,"[1.8380254239823555, 3.982066731980723, 3.9820675241766588]",[],"{""allocation_levels"": 7, ""beta_levels"": 5, ""phase_levels"": 8}",2141.668653,895cf8987087c169d7023476c078ebabf24f99fbbc30b65ad7fae1097d95a6fe,fc61d5cda7da39530055bae9bd0e92865f995cd9,f4c80269e5fb3cf553900b2e82f235af875b7c2e33b4ff71ec5d85cc25eb2b4e
ao_grid,10000,843,test,3.982068179258973,3.982068179258973,1.0,True,0.0,2,5503,0,ao_grid_coordinate_codebook,analytical_ris_equal_allocation,"[1.8380276391319996, 3.9820674561606513, 3.982068179258973]",[],"{""allocation_levels"": 7, ""beta_levels"": 5, ""phase_levels"": 8}",2142.29845,895cf8987087c169d7023476c078ebabf24f99fbbc30b65ad7fae1097d95a6fe,fc61d5cda7da39530055bae9bd0e92865f995cd9,f4c80269e5fb3cf553900b2e82f235af875b7c2e33b4ff71ec5d85cc25eb2b4e
ao_grid,10000,844,test,3.982068075220176,3.982068075220176,1.0,True,0.0,2,5503,0,ao_grid_coordinate_codebook,analytical_ris_equal_allocation,"[1.8380268329086014, 3.9820675684676736, 3.982068075220176]",[],"{""allocation_levels"": 7, ""beta_levels"": 5, ""phase_levels"": 8}",2244.150691,895cf8987087c169d7023476c078ebabf24f99fbbc30b65ad7fae1097d95a6fe,fc61d5cda7da39530055bae9bd0e92865f995cd9,f4c80269e5fb3cf553900b2e82f235af875b7c2e33b4ff71ec5d85cc25eb2b4e
ao_grid,10000,845,test,3.9820682366818247,3.9820682366818247,1.0,True,0.0,2,5503,0,ao_grid_coordinate_codebook,analytical_ris_equal_allocation,"[1.8380196949556855, 3.9820674368245865, 3.9820682366818247]",[],"{""allocation_levels"": 7, ""beta_levels"": 5, ""phase_levels"": 8}",2162.523277,895cf8987087c169d7023476c078ebabf24f99fbbc30b65ad7fae1097d95a6fe,fc61d5cda7da39530055bae9bd0e92865f995cd9,f4c80269e5fb3cf553900b2e82f235af875b7c2e33b4ff71ec5d85cc25eb2b4e
ao_grid,10000,846,test,3.98206666644444,3.98206666644444,1.0,True,0.0,2,5503,0,ao_grid_coordinate_codebook,analytical_ris_equal_allocation,"[1.8380120915138956, 3.9820660238834504, 3.98206666644444]",[],"{""allocation_levels"": 7, ""beta_levels"": 5, ""phase_levels"": 8}",2140.853288,895cf8987087c169d7023476c078ebabf24f99fbbc30b65ad7fae1097d95a6fe,fc61d5cda7da39530055bae9bd0e92865f995cd9,f4c80269e5fb3cf553900b2e82f235af875b7c2e33b4ff71ec5d85cc25eb2b4e
ao_grid,10000,847,test,3.98206850127518,3.98206850127518,1.0,True,0.0,2,5503,0,ao_grid_coordinate_codebook,analytical_ris_equal_allocation,"[1.8380208072567283, 3.982067648283291, 3.98206850127518]",[],"{""allocation_levels"": 7, ""beta_levels"": 5, ""phase_levels"": 8}",2126.459299,895cf8987087c169d7023476c078ebabf24f99fbbc30b65ad7fae1097d95a6fe,fc61d5cda7da39530055bae9bd0e92865f995cd9,f4c80269e5fb3cf553900b2e82f235af875b7c2e33b4ff71ec5d85cc25eb2b4e
ao_grid,10000,848,test,3.982067529880342,3.982067529880342,1.0,True,0.0,2,5503,0,ao_grid_coordinate_codebook,analytical_ris_equal_allocation,"[1.838024122836503, 3.982066792546852, 3.982067529880342]",[],"{""allocation_levels"": 7, ""beta_levels"": 5, ""phase_levels"": 8}",2155.354376,895cf8987087c169d7023476c078ebabf24f99fbbc30b65ad7fae1097d95a6fe,fc61d5cda7da39530055bae9bd0e92865f995cd9,f4c80269e5fb3cf553900b2e82f235af875b7c2e33b4ff71ec5d85cc25eb2b4e
ao_grid,10000,849,test,3.982067740375043,3.982067740375043,1.0,True,0.0,2,5503,0,ao_grid_coordinate_codebook,analytical_ris_equal_allocation,"[1.8380284421973152, 3.982067175742751, 3.982067740375043]",[],"{""allocation_levels"": 7, ""beta_levels"": 5, ""phase_levels"": 8}",2256.306671,895cf8987087c169d7023476c078ebabf24f99fbbc30b65ad7fae1097d95a6fe,fc61d5cda7da39530055bae9bd0e92865f995cd9,f4c80269e5fb3cf553900b2e82f235af875b7c2e33b4ff71ec5d85cc25eb2b4e
ao_grid,10000,850,test,3.9820678431195455,3.9820678431195455,1.0,True,0.0,2,5503,0,ao_grid_coordinate_codebook,analytical_ris_equal_allocation,"[1.8380241744065196, 3.982066886127867, 3.9820678431195455]",[],"{""allocation_levels"": 7, ""beta_levels"": 5, ""phase_levels"": 8}",2238.195319,895cf8987087c169d7023476c078ebabf24f99fbbc30b65ad7fae1097d95a6fe,fc61d5cda7da39530055bae9bd0e92865f995cd9,f4c80269e5fb3cf553900b2e82f235af875b7c2e33b4ff71ec5d85cc25eb2b4e
ao_grid,10000,851,test,3.9820657723881565,3.9820657723881565,1.0,True,0.0,2,5503,0,ao_grid_coordinate_codebook,analytical_ris_equal_allocation,"[1.8380184843926601, 3.9820644251815107, 3.9820657723881565]",[],"{""allocation_levels"": 7, ""beta_levels"": 5, ""phase_levels"": 8}",2165.710738,895cf8987087c169d7023476c078ebabf24f99fbbc30b65ad7fae1097d95a6fe,fc61d5cda7da39530055bae9bd0e92865f995cd9,f4c80269e5fb3cf553900b2e82f235af875b7c2e33b4ff71ec5d85cc25eb2b4e
ao_grid,10000,852,test,3.9820676057903057,3.9820676057903057,1.0,True,0.0,2,5503,0,ao_grid_coordinate_codebook,analytical_ris_equal_allocation,"[1.8380278343751526, 3.982067072010903, 3.9820676057903057]",[],"{""allocation_levels"": 7, ""beta_levels"": 5, ""phase_levels"": 8}",2157.090782,895cf8987087c169d7023476c078ebabf24f99fbbc30b65ad7fae1097d95a6fe,fc61d5cda7da39530055bae9bd0e92865f995cd9,f4c80269e5fb3cf553900b2e82f235af875b7c2e33b4ff71ec5d85cc25eb2b4e
ao_grid,10000,853,test,3.982068176434063,3.982068176434063,1.0,True,0.0,2,5503,0,ao_grid_coordinate_codebook,analytical_ris_equal_allocation,"[1.8380226274921971, 3.9820668934514014, 3.982068176434063]",[],"{""allocation_levels"": 7, ""beta_levels"": 5, ""phase_levels"": 8}",2203.650599,895cf8987087c169d7023476c078ebabf24f99fbbc30b65ad7fae1097d95a6fe,fc61d5cda7da39530055bae9bd0e92865f995cd9,f4c80269e5fb3cf553900b2e82f235af875b7c2e33b4ff71ec5d85cc25eb2b4e
ao_grid,10000,854,test,3.982064593988331,3.982064593988331,1.0,True,0.0,2,5503,0,ao_grid_coordinate_codebook,analytical_ris_equal_allocation,"[1.838002257878996, 3.982063322620757, 3.982064593988331]",[],"{""allocation_levels"": 7, ""beta_levels"": 5, ""phase_levels"": 8}",2130.329499,895cf8987087c169d7023476c078ebabf24f99fbbc30b65ad7fae1097d95a6fe,fc61d5cda7da39530055bae9bd0e92865f995cd9,f4c80269e5fb3cf553900b2e82f235af875b7c2e33b4ff71ec5d85cc25eb2b4e
ao_grid,10000,855,test,3.9820670256606254,3.9820670256606254,1.0,True,0.0,2,5503,0,ao_grid_coordinate_codebook,analytical_ris_equal_allocation,"[1.8380237847045524, 3.9820661856941433, 3.9820670256606254]",[],"{""allocation_levels"": 7, ""beta_levels"": 5, ""phase_levels"": 8}",2139.011516,895cf8987087c169d7023476c078ebabf24f99fbbc30b65ad7fae1097d95a6fe,fc61d5cda7da39530055bae9bd0e92865f995cd9,f4c80269e5fb3cf553900b2e82f235af875b7c2e33b4ff71ec5d85cc25eb2b4e
ao_grid,10000,856,test,3.982069129160137,3.982069129160137,1.0,True,0.0,2,5503,0,ao_grid_coordinate_codebook,analytical_ris_equal_allocation,"[1.8380290981350778, 3.98206803812739, 3.982069129160137]",[],"{""allocation_levels"": 7, ""beta_levels"": 5, ""phase_levels"": 8}",2125.174665,895cf8987087c169d7023476c078ebabf24f99fbbc30b65ad7fae1097d95a6fe,fc61d5cda7da39530055bae9bd0e92865f995cd9,f4c80269e5fb3cf553900b2e82f235af875b7c2e33b4ff71ec5d85cc25eb2b4e
ao_grid,10000,857,test,3.982065699617852,3.982065699617852,1.0,True,0.0,2,5503,0,ao_grid_coordinate_codebook,analytical_ris_equal_allocation,"[1.8380138220793278, 3.982064781983646, 3.982065699617852]",[],"{""allocation_levels"": 7, ""beta_levels"": 5, ""phase_levels"": 8}",2169.903738,895cf8987087c169d7023476c078ebabf24f99fbbc30b65ad7fae1097d95a6fe,fc61d5cda7da39530055bae9bd0e92865f995cd9,f4c80269e5fb3cf553900b2e82f235af875b7c2e33b4ff71ec5d85cc25eb2b4e
ao_grid,10000,858,test,3.9820698210201675,3.9820698210201675,1.0,True,0.0,2,5503,0,ao_grid_coordinate_codebook,analytical_ris_equal_allocation,"[1.838033061549748, 3.9820692228235934, 3.9820698210201675]",[],"{""allocation_levels"": 7, ""beta_levels"": 5, ""phase_levels"": 8}",2162.366476,895cf8987087c169d7023476c078ebabf24f99fbbc30b65ad7fae1097d95a6fe,fc61d5cda7da39530055bae9bd0e92865f995cd9,f4c80269e5fb3cf553900b2e82f235af875b7c2e33b4ff71ec5d85cc25eb2b4e
ao_grid,10000,859,test,3.9820671089331356,3.9820671089331356,1.0,True,0.0,2,5503,0,ao_grid_coordinate_codebook,analytical_ris_equal_allocation,"[1.8380276818850243, 3.982066550890019, 3.9820671089331356]",[],"{""allocation_levels"": 7, ""beta_levels"": 5, ""phase_levels"": 8}",2168.656967,895cf8987087c169d7023476c078ebabf24f99fbbc30b65ad7fae1097d95a6fe,fc61d5cda7da39530055bae9bd0e92865f995cd9,f4c80269e5fb3cf553900b2e82f235af875b7c2e33b4ff71ec5d85cc25eb2b4e
ao_grid,10000,860,test,3.9820673648815115,3.9820673648815115,1.0,True,0.0,2,5503,0,ao_grid_coordinate_codebook,analytical_ris_equal_allocation,"[1.8380204999228158, 3.982066653179685, 3.9820673648815115]",[],"{""allocation_levels"": 7, ""beta_levels"": 5, ""phase_levels"": 8}",2161.819281,895cf8987087c169d7023476c078ebabf24f99fbbc30b65ad7fae1097d95a6fe,fc61d5cda7da39530055bae9bd0e92865f995cd9,f4c80269e5fb3cf553900b2e82f235af875b7c2e33b4ff71ec5d85cc25eb2b4e
ao_grid,10000,861,test,3.9820684845549463,3.9820684845549463,1.0,True,0.0,2,5503,0,ao_grid_coordinate_codebook,analytical_ris_equal_allocation,"[1.8380332955543373, 3.982067957792562, 3.9820684845549463]",[],"{""allocation_levels"": 7, ""beta_levels"": 5, ""phase_levels"": 8}",2148.300895,895cf8987087c169d7023476c078ebabf24f99fbbc30b65ad7fae1097d95a6fe,fc61d5cda7da39530055bae9bd0e92865f995cd9,f4c80269e5fb3cf553900b2e82f235af875b7c2e33b4ff71ec5d85cc25eb2b4e
ao_grid,10000,862,test,3.9820663047778093,3.9820663047778093,1.0,True,0.0,2,5503,0,ao_grid_coordinate_codebook,analytical_ris_equal_allocation,"[1.8380223938222886, 3.9820657907115864, 3.9820663047778093]",[],"{""allocation_levels"": 7, ""beta_levels"": 5, ""phase_levels"": 8}",2182.79437,895cf8987087c169d7023476c078ebabf24f99fbbc30b65ad7fae1097d95a6fe,fc61d5cda7da39530055bae9bd0e92865f995cd9,f4c80269e5fb3cf553900b2e82f235af875b7c2e33b4ff71ec5d85cc25eb2b4e
ao_grid,10000,863,test,3.9820686057790837,3.9820686057790837,1.0,True,0.0,2,5503,0,ao_grid_coordinate_codebook,analytical_ris_equal_allocation,"[1.838025203494143, 3.982068025416483, 3.9820686057790837]",[],"{""allocation_levels"": 7, ""beta_levels"": 5, ""phase_levels"": 8}",2138.154282,895cf8987087c169d7023476c078ebabf24f99fbbc30b65ad7fae1097d95a6fe,fc61d5cda7da39530055bae9bd0e92865f995cd9,f4c80269e5fb3cf553900b2e82f235af875b7c2e33b4ff71ec5d85cc25eb2b4e
ao_grid,10000,864,test,3.9820682928267095,3.9820682928267095,1.0,True,0.0,2,5503,0,ao_grid_coordinate_codebook,analytical_ris_equal_allocation,"[1.838021242633588, 3.982066504958, 3.9820682928267095]",[],"{""allocation_levels"": 7, ""beta_levels"": 5, ""phase_levels"": 8}",2158.199116,895cf8987087c169d7023476c078ebabf24f99fbbc30b65ad7fae1097d95a6fe,fc61d5cda7da39530055bae9bd0e92865f995cd9,f4c80269e5fb3cf553900b2e82f235af875b7c2e33b4ff71ec5d85cc25eb2b4e
ao_grid,10000,865,test,3.9820672957098058,3.9820672957098058,1.0,True,0.0,2,5503,0,ao_grid_coordinate_codebook,analytical_ris_equal_allocation,"[1.838020619301135, 3.982066709876813, 3.9820672957098058]",[],"{""allocation_levels"": 7, ""beta_levels"": 5, ""phase_levels"": 8}",2172.900479,895cf8987087c169d7023476c078ebabf24f99fbbc30b65ad7fae1097d95a6fe,fc61d5cda7da39530055bae9bd0e92865f995cd9,f4c80269e5fb3cf553900b2e82f235af875b7c2e33b4ff71ec5d85cc25eb2b4e
ao_grid,10000,866,test,3.9820659762123296,3.9820659762123296,1.0,True,0.0,2,5503,0,ao_grid_coordinate_codebook,analytical_ris_equal_allocation,"[1.8380154031174076, 3.9820651385782897, 3.9820659762123296]",[],"{""allocation_levels"": 7, ""beta_levels"": 5, ""phase_levels"": 8}",2155.74545,895cf8987087c169d7023476c078ebabf24f99fbbc30b65ad7fae1097d95a6fe,fc61d5cda7da39530055bae9bd0e92865f995cd9,f4c80269e5fb3cf553900b2e82f235af875b7c2e33b4ff71ec5d85cc25eb2b4e
ao_grid,10000,867,test,3.9820662203903074,3.9820662203903074,1.0,True,0.0,2,5503,0,ao_grid_coordinate_codebook,analytical_ris_equal_allocation,"[1.8380192094919428, 3.982065593754276, 3.9820662203903074]",[],"{""allocation_levels"": 7, ""beta_levels"": 5, ""phase_levels"": 8}",2259.904246,895cf8987087c169d7023476c078ebabf24f99fbbc30b65ad7fae1097d95a6fe,fc61d5cda7da39530055bae9bd0e92865f995cd9,f4c80269e5fb3cf553900b2e82f235af875b7c2e33b4ff71ec5d85cc25eb2b4e
ao_grid,10000,868,test,3.982070025302077,3.982070025302077,1.0,True,0.0,2,5503,0,ao_grid_coordinate_codebook,analytical_ris_equal_allocation,"[1.8380302933740527, 3.9820688754350764, 3.982070025302077]",[],"{""allocation_levels"": 7, ""beta_levels"": 5, ""phase_levels"": 8}",2173.859512,895cf8987087c169d7023476c078ebabf24f99fbbc30b65ad7fae1097d95a6fe,fc61d5cda7da39530055bae9bd0e92865f995cd9,f4c80269e5fb3cf553900b2e82f235af875b7c2e33b4ff71ec5d85cc25eb2b4e
ao_grid,10000,869,test,3.9820645030739,3.9820645030739,1.0,True,0.0,2,5503,0,ao_grid_coordinate_codebook,analytical_ris_equal_allocation,"[1.8380100649313187, 3.9820636447442377, 3.9820645030739]",[],"{""allocation_levels"": 7, ""beta_levels"": 5, ""phase_levels"": 8}",2288.287755,895cf8987087c169d7023476c078ebabf24f99fbbc30b65ad7fae1097d95a6fe,fc61d5cda7da39530055bae9bd0e92865f995cd9,f4c80269e5fb3cf553900b2e82f235af875b7c2e33b4ff71ec5d85cc25eb2b4e
ao_grid,10000,870,test,3.9820689565139484,3.9820689565139484,1.0,True,0.0,2,5503,0,ao_grid_coordinate_codebook,analytical_ris_equal_allocation,"[1.8380311832823288, 3.982068355357932, 3.9820689565139484]",[],"{""allocation_levels"": 7, ""beta_levels"": 5, ""phase_levels"": 8}",2142.714844,895cf8987087c169d7023476c078ebabf24f99fbbc30b65ad7fae1097d95a6fe,fc61d5cda7da39530055bae9bd0e92865f995cd9,f4c80269e5fb3cf553900b2e82f235af875b7c2e33b4ff71ec5d85cc25eb2b4e
ao_grid,10000,871,test,3.98206649318021,3.98206649318021,1.0,True,0.0,2,5503,0,ao_grid_coordinate_codebook,analytical_ris_equal_allocation,"[1.8380232503242626, 3.9820659533259923, 3.98206649318021]",[],"{""allocation_levels"": 7, ""beta_levels"": 5, ""phase_levels"": 8}",2167.158012,895cf8987087c169d7023476c078ebabf24f99fbbc30b65ad7fae1097d95a6fe,fc61d5cda7da39530055bae9bd0e92865f995cd9,f4c80269e5fb3cf553900b2e82f235af875b7c2e33b4ff71ec5d85cc25eb2b4e
ao_grid,10000,872,test,3.98206680302225,3.98206680302225,1.0,True,0.0,2,5503,0,ao_grid_coordinate_codebook,analytical_ris_equal_allocation,"[1.8380190555237574, 3.9820653761708753, 3.98206680302225]",[],"{""allocation_levels"": 7, ""beta_levels"": 5, ""phase_levels"": 8}",2126.181104,895cf8987087c169d7023476c078ebabf24f99fbbc30b65ad7fae1097d95a6fe,fc61d5cda7da39530055bae9bd0e92865f995cd9,f4c80269e5fb3cf553900b2e82f235af875b7c2e33b4ff71ec5d85cc25eb2b4e
ao_grid,10000,873,test,3.982065938527608,3.982065938527608,1.0,True,0.0,2,5503,0,ao_grid_coordinate_codebook,analytical_ris_equal_allocation,"[1.8380127593567068, 3.982064886099952, 3.982065938527608]",[],"{""allocation_levels"": 7, ""beta_levels"": 5, ""phase_levels"": 8}",2149.426294,895cf8987087c169d7023476c078ebabf24f99fbbc30b65ad7fae1097d95a6fe,fc61d5cda7da39530055bae9bd0e92865f995cd9,f4c80269e5fb3cf553900b2e82f235af875b7c2e33b4ff71ec5d85cc25eb2b4e
ao_grid,10000,874,test,3.9820663690933937,3.9820663690933937,1.0,True,0.0,2,5503,0,ao_grid_coordinate_codebook,analytical_ris_equal_allocation,"[1.8380195654115214, 3.982065705562247, 3.9820663690933937]",[],"{""allocation_levels"": 7, ""beta_levels"": 5, ""phase_levels"": 8}",2117.980303,895cf8987087c169d7023476c078ebabf24f99fbbc30b65ad7fae1097d95a6fe,fc61d5cda7da39530055bae9bd0e92865f995cd9,f4c80269e5fb3cf553900b2e82f235af875b7c2e33b4ff71ec5d85cc25eb2b4e
ao_grid,10000,875,test,3.9820674884901464,3.9820674884901464,1.0,True,0.0,2,5503,0,ao_grid_coordinate_codebook,analytical_ris_equal_allocation,"[1.838024246992119, 3.9820665992230055, 3.9820674884901464]",[],"{""allocation_levels"": 7, ""beta_levels"": 5, ""phase_levels"": 8}",2131.163267,895cf8987087c169d7023476c078ebabf24f99fbbc30b65ad7fae1097d95a6fe,fc61d5cda7da39530055bae9bd0e92865f995cd9,f4c80269e5fb3cf553900b2e82f235af875b7c2e33b4ff71ec5d85cc25eb2b4e
ao_grid,10000,876,test,3.9820673998236824,3.9820673998236824,1.0,True,0.0,2,5503,0,ao_grid_coordinate_codebook,analytical_ris_equal_allocation,"[1.8380238222388046, 3.982066477036532, 3.9820673998236824]",[],"{""allocation_levels"": 7, ""beta_levels"": 5, ""phase_levels"": 8}",2184.29569,895cf8987087c169d7023476c078ebabf24f99fbbc30b65ad7fae1097d95a6fe,fc61d5cda7da39530055bae9bd0e92865f995cd9,f4c80269e5fb3cf553900b2e82f235af875b7c2e33b4ff71ec5d85cc25eb2b4e
ao_grid,10000,877,test,3.9820675692195358,3.9820675692195358,1.0,True,0.0,2,5503,0,ao_grid_coordinate_codebook,analytical_ris_equal_allocation,"[1.8380209913436365, 3.9820667553056612, 3.9820675692195358]",[],"{""allocation_levels"": 7, ""beta_levels"": 5, ""phase_levels"": 8}",2155.975761,895cf8987087c169d7023476c078ebabf24f99fbbc30b65ad7fae1097d95a6fe,fc61d5cda7da39530055bae9bd0e92865f995cd9,f4c80269e5fb3cf553900b2e82f235af875b7c2e33b4ff71ec5d85cc25eb2b4e
ao_grid,10000,878,test,3.982066240082828,3.982066240082828,1.0,True,0.0,2,5503,0,ao_grid_coordinate_codebook,analytical_ris_equal_allocation,"[1.8380233367492818, 3.9820653442932477, 3.982066240082828]",[],"{""allocation_levels"": 7, ""beta_levels"": 5, ""phase_levels"": 8}",2179.562553,895cf8987087c169d7023476c078ebabf24f99fbbc30b65ad7fae1097d95a6fe,fc61d5cda7da39530055bae9bd0e92865f995cd9,f4c80269e5fb3cf553900b2e82f235af875b7c2e33b4ff71ec5d85cc25eb2b4e
ao_grid,10000,879,test,3.9820667273400217,3.9820667273400217,1.0,True,0.0,2,5503,0,ao_grid_coordinate_codebook,analytical_ris_equal_allocation,"[1.8380226457160018, 3.9820660215834502, 3.9820667273400217]",[],"{""allocation_levels"": 7, ""beta_levels"": 5, ""phase_levels"": 8}",2135.631385,895cf8987087c169d7023476c078ebabf24f99fbbc30b65ad7fae1097d95a6fe,fc61d5cda7da39530055bae9bd0e92865f995cd9,f4c80269e5fb3cf553900b2e82f235af875b7c2e33b4ff71ec5d85cc25eb2b4e
ao_grid,10000,880,test,3.9820660523698614,3.9820660523698614,1.0,True,0.0,2,5503,0,ao_grid_coordinate_codebook,analytical_ris_equal_allocation,"[1.838019924167996, 3.9820652149389906, 3.9820660523698614]",[],"{""allocation_levels"": 7, ""beta_levels"": 5, ""phase_levels"": 8}",2281.733755,895cf8987087c169d7023476c078ebabf24f99fbbc30b65ad7fae1097d95a6fe,fc61d5cda7da39530055bae9bd0e92865f995cd9,f4c80269e5fb3cf553900b2e82f235af875b7c2e33b4ff71ec5d85cc25eb2b4e
ao_grid,10000,881,test,3.982066907374346,3.982066907374346,1.0,True,0.0,2,5503,0,ao_grid_coordinate_codebook,analytical_ris_equal_allocation,"[1.838016152373021, 3.982065744315074, 3.982066907374346]",[],"{""allocation_levels"": 7, ""beta_levels"": 5, ""phase_levels"": 8}",2180.957635,895cf8987087c169d7023476c078ebabf24f99fbbc30b65ad7fae1097d95a6fe,fc61d5cda7da39530055bae9bd0e92865f995cd9,f4c80269e5fb3cf553900b2e82f235af875b7c2e33b4ff71ec5d85cc25eb2b4e
ao_grid,10000,882,test,3.9820668457555635,3.9820668457555635,1.0,True,0.0,2,5503,0,ao_grid_coordinate_codebook,analytical_ris_equal_allocation,"[1.8380275946810793, 3.9820660651045214, 3.9820668457555635]",[],"{""allocation_levels"": 7, ""beta_levels"": 5, ""phase_levels"": 8}",2193.35835,895cf8987087c169d7023476c078ebabf24f99fbbc30b65ad7fae1097d95a6fe,fc61d5cda7da39530055bae9bd0e92865f995cd9,f4c80269e5fb3cf553900b2e82f235af875b7c2e33b4ff71ec5d85cc25eb2b4e
ao_grid,10000,883,test,3.9820656289296803,3.9820656289296803,1.0,True,0.0,2,5503,0,ao_grid_coordinate_codebook,analytical_ris_equal_allocation,"[1.8380182870180966, 3.982065102571826, 3.9820656289296803]",[],"{""allocation_levels"": 7, ""beta_levels"": 5, ""phase_levels"": 8}",2150.481645,895cf8987087c169d7023476c078ebabf24f99fbbc30b65ad7fae1097d95a6fe,fc61d5cda7da39530055bae9bd0e92865f995cd9,f4c80269e5fb3cf553900b2e82f235af875b7c2e33b4ff71ec5d85cc25eb2b4e
ao_grid,10000,884,test,3.9820677655319336,3.9820677655319336,1.0,True,0.0,2,5503,0,ao_grid_coordinate_codebook,analytical_ris_equal_allocation,"[1.8380239701349925, 3.982067092774412, 3.9820677655319336]",[],"{""allocation_levels"": 7, ""beta_levels"": 5, ""phase_levels"": 8}",2213.245907,895cf8987087c169d7023476c078ebabf24f99fbbc30b65ad7fae1097d95a6fe,fc61d5cda7da39530055bae9bd0e92865f995cd9,f4c80269e5fb3cf553900b2e82f235af875b7c2e33b4ff71ec5d85cc25eb2b4e
ao_grid,10000,885,test,3.9820650162771845,3.9820650162771845,1.0,True,0.0,2,5503,0,ao_grid_coordinate_codebook,analytical_ris_equal_allocation,"[1.8380120345650761, 3.9820641911923857, 3.9820650162771845]",[],"{""allocation_levels"": 7, ""beta_levels"": 5, ""phase_levels"": 8}",2180.710909,895cf8987087c169d7023476c078ebabf24f99fbbc30b65ad7fae1097d95a6fe,fc61d5cda7da39530055bae9bd0e92865f995cd9,f4c80269e5fb3cf553900b2e82f235af875b7c2e33b4ff71ec5d85cc25eb2b4e
ao_grid,10000,886,test,3.98206632934596,3.98206632934596,1.0,True,0.0,2,5503,0,ao_grid_coordinate_codebook,analytical_ris_equal_allocation,"[1.8380165546662453, 3.9820649148838005, 3.98206632934596]",[],"{""allocation_levels"": 7, ""beta_levels"": 5, ""phase_levels"": 8}",2171.043548,895cf8987087c169d7023476c078ebabf24f99fbbc30b65ad7fae1097d95a6fe,fc61d5cda7da39530055bae9bd0e92865f995cd9,f4c80269e5fb3cf553900b2e82f235af875b7c2e33b4ff71ec5d85cc25eb2b4e
ao_grid,10000,887,test,3.982066586401792,3.982066586401792,1.0,True,0.0,2,5503,0,ao_grid_coordinate_codebook,analytical_ris_equal_allocation,"[1.8380157396354282, 3.9820655302253707, 3.982066586401792]",[],"{""allocation_levels"": 7, ""beta_levels"": 5, ""phase_levels"": 8}",2170.553208,895cf8987087c169d7023476c078ebabf24f99fbbc30b65ad7fae1097d95a6fe,fc61d5cda7da39530055bae9bd0e92865f995cd9,f4c80269e5fb3cf553900b2e82f235af875b7c2e33b4ff71ec5d85cc25eb2b4e
ao_grid,10000,888,test,3.9820680683305887,3.9820680683305887,1.0,True,0.0,2,5503,0,ao_grid_coordinate_codebook,analytical_ris_equal_allocation,"[1.8380272721995807, 3.9820673513871596, 3.9820680683305887]",[],"{""allocation_levels"": 7, ""beta_levels"": 5, ""phase_levels"": 8}",2145.696879,895cf8987087c169d7023476c078ebabf24f99fbbc30b65ad7fae1097d95a6fe,fc61d5cda7da39530055bae9bd0e92865f995cd9,f4c80269e5fb3cf553900b2e82f235af875b7c2e33b4ff71ec5d85cc25eb2b4e
ao_grid,10000,889,test,3.982065884074312,3.982065884074312,1.0,True,0.0,2,5503,0,ao_grid_coordinate_codebook,analytical_ris_equal_allocation,"[1.8380237084026256, 3.9820651555706212, 3.982065884074312]",[],"{""allocation_levels"": 7, ""beta_levels"": 5, ""phase_levels"": 8}",2225.344588,895cf8987087c169d7023476c078ebabf24f99fbbc30b65ad7fae1097d95a6fe,fc61d5cda7da39530055bae9bd0e92865f995cd9,f4c80269e5fb3cf553900b2e82f235af875b7c2e33b4ff71ec5d85cc25eb2b4e
ao_grid,10000,890,test,3.982067243521422,3.982067243521422,1.0,True,0.0,2,5503,0,ao_grid_coordinate_codebook,analytical_ris_equal_allocation,"[1.8380168693604293, 3.9820658687468375, 3.982067243521422]",[],"{""allocation_levels"": 7, ""beta_levels"": 5, ""phase_levels"": 8}",2163.068077,895cf8987087c169d7023476c078ebabf24f99fbbc30b65ad7fae1097d95a6fe,fc61d5cda7da39530055bae9bd0e92865f995cd9,f4c80269e5fb3cf553900b2e82f235af875b7c2e33b4ff71ec5d85cc25eb2b4e
ao_grid,10000,891,test,3.982066182668386,3.982066182668386,1.0,True,0.0,2,5503,0,ao_grid_coordinate_codebook,analytical_ris_equal_allocation,"[1.8380060449025393, 3.98206491391575, 3.982066182668386]",[],"{""allocation_levels"": 7, ""beta_levels"": 5, ""phase_levels"": 8}",2137.124183,895cf8987087c169d7023476c078ebabf24f99fbbc30b65ad7fae1097d95a6fe,fc61d5cda7da39530055bae9bd0e92865f995cd9,f4c80269e5fb3cf553900b2e82f235af875b7c2e33b4ff71ec5d85cc25eb2b4e
ao_grid,10000,892,test,3.9820667035649713,3.9820667035649713,1.0,True,0.0,2,5503,0,ao_grid_coordinate_codebook,analytical_ris_equal_allocation,"[1.8380166247249372, 3.9820656996222006, 3.9820667035649713]",[],"{""allocation_levels"": 7, ""beta_levels"": 5, ""phase_levels"": 8}",2166.579023,895cf8987087c169d7023476c078ebabf24f99fbbc30b65ad7fae1097d95a6fe,fc61d5cda7da39530055bae9bd0e92865f995cd9,f4c80269e5fb3cf553900b2e82f235af875b7c2e33b4ff71ec5d85cc25eb2b4e
ao_grid,10000,893,test,3.9820682067864928,3.9820682067864928,1.0,True,0.0,2,5503,0,ao_grid_coordinate_codebook,analytical_ris_equal_allocation,"[1.838026803131959, 3.982067012010343, 3.9820682067864928]",[],"{""allocation_levels"": 7, ""beta_levels"": 5, ""phase_levels"": 8}",2145.628277,895cf8987087c169d7023476c078ebabf24f99fbbc30b65ad7fae1097d95a6fe,fc61d5cda7da39530055bae9bd0e92865f995cd9,f4c80269e5fb3cf553900b2e82f235af875b7c2e33b4ff71ec5d85cc25eb2b4e
ao_grid,10000,894,test,3.9820690868050423,3.9820690868050423,1.0,True,0.0,2,5503,0,ao_grid_coordinate_codebook,analytical_ris_equal_allocation,"[1.8380216479441551, 3.982067377917847, 3.9820690868050423]",[],"{""allocation_levels"": 7, ""beta_levels"": 5, ""phase_levels"": 8}",2206.356879,895cf8987087c169d7023476c078ebabf24f99fbbc30b65ad7fae1097d95a6fe,fc61d5cda7da39530055bae9bd0e92865f995cd9,f4c80269e5fb3cf553900b2e82f235af875b7c2e33b4ff71ec5d85cc25eb2b4e
ao_grid,10000,895,test,3.9820648871130233,3.9820648871130233,1.0,True,0.0,2,5503,0,ao_grid_coordinate_codebook,analytical_ris_equal_allocation,"[1.838014157066098, 3.982064236985236, 3.9820648871130233]",[],"{""allocation_levels"": 7, ""beta_levels"": 5, ""phase_levels"": 8}",2193.063664,895cf8987087c169d7023476c078ebabf24f99fbbc30b65ad7fae1097d95a6fe,fc61d5cda7da39530055bae9bd0e92865f995cd9,f4c80269e5fb3cf553900b2e82f235af875b7c2e33b4ff71ec5d85cc25eb2b4e
ao_grid,10000,896,test,3.982069431273721,3.982069431273721,1.0,True,0.0,2,5503,0,ao_grid_coordinate_codebook,analytical_ris_equal_allocation,"[1.8380274178054403, 3.9820684906092456, 3.982069431273721]",[],"{""allocation_levels"": 7, ""beta_levels"": 5, ""phase_levels"": 8}",2152.830808,895cf8987087c169d7023476c078ebabf24f99fbbc30b65ad7fae1097d95a6fe,fc61d5cda7da39530055bae9bd0e92865f995cd9,f4c80269e5fb3cf553900b2e82f235af875b7c2e33b4ff71ec5d85cc25eb2b4e
ao_grid,10000,897,test,3.9820682689474554,3.9820682689474554,1.0,True,0.0,2,5503,0,ao_grid_coordinate_codebook,analytical_ris_equal_allocation,"[1.8380265285932695, 3.9820676016500474, 3.9820682689474554]",[],"{""allocation_levels"": 7, ""beta_levels"": 5, ""phase_levels"": 8}",2139.481401,895cf8987087c169d7023476c078ebabf24f99fbbc30b65ad7fae1097d95a6fe,fc61d5cda7da39530055bae9bd0e92865f995cd9,f4c80269e5fb3cf553900b2e82f235af875b7c2e33b4ff71ec5d85cc25eb2b4e
ao_grid,10000,898,test,3.98206605026765,3.98206605026765,1.0,True,0.0,2,5503,0,ao_grid_coordinate_codebook,analytical_ris_equal_allocation,"[1.8380118761246602, 3.982064532661695, 3.98206605026765]",[],"{""allocation_levels"": 7, ""beta_levels"": 5, ""phase_levels"": 8}",2185.751879,895cf8987087c169d7023476c078ebabf24f99fbbc30b65ad7fae1097d95a6fe,fc61d5cda7da39530055bae9bd0e92865f995cd9,f4c80269e5fb3cf553900b2e82f235af875b7c2e33b4ff71ec5d85cc25eb2b4e
ao_grid,10000,899,test,3.982067261402819,3.982067261402819,1.0,True,0.0,2,5503,0,ao_grid_coordinate_codebook,analytical_ris_equal_allocation,"[1.8380154535512712, 3.982066050707682, 3.982067261402819]",[],"{""allocation_levels"": 7, ""beta_levels"": 5, ""phase_levels"": 8}",2110.673843,895cf8987087c169d7023476c078ebabf24f99fbbc30b65ad7fae1097d95a6fe,fc61d5cda7da39530055bae9bd0e92865f995cd9,f4c80269e5fb3cf553900b2e82f235af875b7c2e33b4ff71ec5d85cc25eb2b4e
ao_grid,10000,900,test,3.98206598897986,3.98206598897986,1.0,True,0.0,2,5503,0,ao_grid_coordinate_codebook,analytical_ris_equal_allocation,"[1.8380217504621468, 3.9820653199207356, 3.98206598897986]",[],"{""allocation_levels"": 7, ""beta_levels"": 5, ""phase_levels"": 8}",2133.08351,895cf8987087c169d7023476c078ebabf24f99fbbc30b65ad7fae1097d95a6fe,fc61d5cda7da39530055bae9bd0e92865f995cd9,f4c80269e5fb3cf553900b2e82f235af875b7c2e33b4ff71ec5d85cc25eb2b4e
ao_grid,10000,901,test,3.982065733652008,3.982065733652008,1.0,True,0.0,2,5503,0,ao_grid_coordinate_codebook,analytical_ris_equal_allocation,"[1.8380159048934834, 3.9820648434568366, 3.982065733652008]",[],"{""allocation_levels"": 7, ""beta_levels"": 5, ""phase_levels"": 8}",2152.981154,895cf8987087c169d7023476c078ebabf24f99fbbc30b65ad7fae1097d95a6fe,fc61d5cda7da39530055bae9bd0e92865f995cd9,f4c80269e5fb3cf553900b2e82f235af875b7c2e33b4ff71ec5d85cc25eb2b4e
ao_grid,10000,902,test,3.9820659202377477,3.9820659202377477,1.0,True,0.0,2,5503,0,ao_grid_coordinate_codebook,analytical_ris_equal_allocation,"[1.8380188522532832, 3.9820647531814646, 3.9820659202377477]",[],"{""allocation_levels"": 7, ""beta_levels"": 5, ""phase_levels"": 8}",2133.492581,895cf8987087c169d7023476c078ebabf24f99fbbc30b65ad7fae1097d95a6fe,fc61d5cda7da39530055bae9bd0e92865f995cd9,f4c80269e5fb3cf553900b2e82f235af875b7c2e33b4ff71ec5d85cc25eb2b4e
ao_grid,10000,903,test,3.982067477307387,3.982067477307387,1.0,True,0.0,2,5503,0,ao_grid_coordinate_codebook,analytical_ris_equal_allocation,"[1.83801722541564, 3.982066509654808, 3.982067477307387]",[],"{""allocation_levels"": 7, ""beta_levels"": 5, ""phase_levels"": 8}",2187.91421,895cf8987087c169d7023476c078ebabf24f99fbbc30b65ad7fae1097d95a6fe,fc61d5cda7da39530055bae9bd0e92865f995cd9,f4c80269e5fb3cf553900b2e82f235af875b7c2e33b4ff71ec5d85cc25eb2b4e
ao_grid,10000,904,test,3.9820675553024727,3.9820675553024727,1.0,True,0.0,2,5503,0,ao_grid_coordinate_codebook,analytical_ris_equal_allocation,"[1.838023962528689, 3.982066646833063, 3.9820675553024727]",[],"{""allocation_levels"": 7, ""beta_levels"": 5, ""phase_levels"": 8}",2145.629732,895cf8987087c169d7023476c078ebabf24f99fbbc30b65ad7fae1097d95a6fe,fc61d5cda7da39530055bae9bd0e92865f995cd9,f4c80269e5fb3cf553900b2e82f235af875b7c2e33b4ff71ec5d85cc25eb2b4e
ao_grid,10000,905,test,3.9820681505872333,3.9820681505872333,1.0,True,0.0,2,5503,0,ao_grid_coordinate_codebook,analytical_ris_equal_allocation,"[1.8380297499465796, 3.9820677399688558, 3.9820681505872333]",[],"{""allocation_levels"": 7, ""beta_levels"": 5, ""phase_levels"": 8}",2119.410738,895cf8987087c169d7023476c078ebabf24f99fbbc30b65ad7fae1097d95a6fe,fc61d5cda7da39530055bae9bd0e92865f995cd9,f4c80269e5fb3cf553900b2e82f235af875b7c2e33b4ff71ec5d85cc25eb2b4e
ao_grid,10000,906,test,3.982066523286028,3.982066523286028,1.0,True,0.0,2,5503,0,ao_grid_coordinate_codebook,analytical_ris_equal_allocation,"[1.8380133274357862, 3.982065353695149, 3.982066523286028]",[],"{""allocation_levels"": 7, ""beta_levels"": 5, ""phase_levels"": 8}",2146.342908,895cf8987087c169d7023476c078ebabf24f99fbbc30b65ad7fae1097d95a6fe,fc61d5cda7da39530055bae9bd0e92865f995cd9,f4c80269e5fb3cf553900b2e82f235af875b7c2e33b4ff71ec5d85cc25eb2b4e
ao_grid,10000,907,test,3.982068149009953,3.982068149009953,1.0,True,0.0,2,5503,0,ao_grid_coordinate_codebook,analytical_ris_equal_allocation,"[1.8380265729673735, 3.982067481094303, 3.982068149009953]",[],"{""allocation_levels"": 7, ""beta_levels"": 5, ""phase_levels"": 8}",2204.04062,895cf8987087c169d7023476c078ebabf24f99fbbc30b65ad7fae1097d95a6fe,fc61d5cda7da39530055bae9bd0e92865f995cd9,f4c80269e5fb3cf553900b2e82f235af875b7c2e33b4ff71ec5d85cc25eb2b4e
ao_grid,10000,908,test,3.9820669517207623,3.9820669517207623,1.0,True,0.0,2,5503,0,ao_grid_coordinate_codebook,analytical_ris_equal_allocation,"[1.8380182881859026, 3.9820662098620936, 3.9820669517207623]",[],"{""allocation_levels"": 7, ""beta_levels"": 5, ""phase_levels"": 8}",2126.806448,895cf8987087c169d7023476c078ebabf24f99fbbc30b65ad7fae1097d95a6fe,fc61d5cda7da39530055bae9bd0e92865f995cd9,f4c80269e5fb3cf553900b2e82f235af875b7c2e33b4ff71ec5d85cc25eb2b4e
ao_grid,10000,909,test,3.982066657552328,3.982066657552328,1.0,True,0.0,2,5503,0,ao_grid_coordinate_codebook,analytical_ris_equal_allocation,"[1.8380131950835903, 3.9820653804457704, 3.982066657552328]",[],"{""allocation_levels"": 7, ""beta_levels"": 5, ""phase_levels"": 8}",2168.912878,895cf8987087c169d7023476c078ebabf24f99fbbc30b65ad7fae1097d95a6fe,fc61d5cda7da39530055bae9bd0e92865f995cd9,f4c80269e5fb3cf553900b2e82f235af875b7c2e33b4ff71ec5d85cc25eb2b4e
ao_grid,10000,910,test,3.9820676522228204,3.9820676522228204,1.0,True,0.0,2,5503,0,ao_grid_coordinate_codebook,analytical_ris_equal_allocation,"[1.8380245336872023, 3.982066941592876, 3.9820676522228204]",[],"{""allocation_levels"": 7, ""beta_levels"": 5, ""phase_levels"": 8}",2305.638008,895cf8987087c169d7023476c078ebabf24f99fbbc30b65ad7fae1097d95a6fe,fc61d5cda7da39530055bae9bd0e92865f995cd9,f4c80269e5fb3cf553900b2e82f235af875b7c2e33b4ff71ec5d85cc25eb2b4e
ao_grid,10000,911,test,3.982067578404794,3.982067578404794,1.0,True,0.0,2,5503,0,ao_grid_coordinate_codebook,analytical_ris_equal_allocation,"[1.8380262118487511, 3.9820668457312642, 3.982067578404794]",[],"{""allocation_levels"": 7, ""beta_levels"": 5, ""phase_levels"": 8}",2219.186843,895cf8987087c169d7023476c078ebabf24f99fbbc30b65ad7fae1097d95a6fe,fc61d5cda7da39530055bae9bd0e92865f995cd9,f4c80269e5fb3cf553900b2e82f235af875b7c2e33b4ff71ec5d85cc25eb2b4e
ao_grid,10000,912,test,3.982068520139259,3.982068520139259,1.0,True,0.0,2,5503,0,ao_grid_coordinate_codebook,analytical_ris_equal_allocation,"[1.8380228428417449, 3.9820676702003217, 3.982068520139259]",[],"{""allocation_levels"": 7, ""beta_levels"": 5, ""phase_levels"": 8}",2226.99778,895cf8987087c169d7023476c078ebabf24f99fbbc30b65ad7fae1097d95a6fe,fc61d5cda7da39530055bae9bd0e92865f995cd9,f4c80269e5fb3cf553900b2e82f235af875b7c2e33b4ff71ec5d85cc25eb2b4e
ao_grid,10000,913,test,3.9820673970083185,3.9820673970083185,1.0,True,0.0,2,5503,0,ao_grid_coordinate_codebook,analytical_ris_equal_allocation,"[1.8380255957732081, 3.9820665951342473, 3.9820673970083185]",[],"{""allocation_levels"": 7, ""beta_levels"": 5, ""phase_levels"": 8}",2199.575391,895cf8987087c169d7023476c078ebabf24f99fbbc30b65ad7fae1097d95a6fe,fc61d5cda7da39530055bae9bd0e92865f995cd9,f4c80269e5fb3cf553900b2e82f235af875b7c2e33b4ff71ec5d85cc25eb2b4e
ao_grid,10000,914,test,3.9820662367036443,3.9820662367036443,1.0,True,0.0,2,5503,0,ao_grid_coordinate_codebook,analytical_ris_equal_allocation,"[1.8380173825139403, 3.982065650419335, 3.9820662367036443]",[],"{""allocation_levels"": 7, ""beta_levels"": 5, ""phase_levels"": 8}",2183.123955,895cf8987087c169d7023476c078ebabf24f99fbbc30b65ad7fae1097d95a6fe,fc61d5cda7da39530055bae9bd0e92865f995cd9,f4c80269e5fb3cf553900b2e82f235af875b7c2e33b4ff71ec5d85cc25eb2b4e
ao_grid,10000,915,test,3.9820678909604705,3.9820678909604705,1.0,True,0.0,2,5503,0,ao_grid_coordinate_codebook,analytical_ris_equal_allocation,"[1.8380319579891102, 3.9820673108518463, 3.9820678909604705]",[],"{""allocation_levels"": 7, ""beta_levels"": 5, ""phase_levels"": 8}",2141.030335,895cf8987087c169d7023476c078ebabf24f99fbbc30b65ad7fae1097d95a6fe,fc61d5cda7da39530055bae9bd0e92865f995cd9,f4c80269e5fb3cf553900b2e82f235af875b7c2e33b4ff71ec5d85cc25eb2b4e
ao_grid,10000,916,test,3.982065862411081,3.982065862411081,1.0,True,0.0,2,5503,0,ao_grid_coordinate_codebook,analytical_ris_equal_allocation,"[1.838017654614683, 3.982064847302047, 3.982065862411081]",[],"{""allocation_levels"": 7, ""beta_levels"": 5, ""phase_levels"": 8}",2225.835897,895cf8987087c169d7023476c078ebabf24f99fbbc30b65ad7fae1097d95a6fe,fc61d5cda7da39530055bae9bd0e92865f995cd9,f4c80269e5fb3cf553900b2e82f235af875b7c2e33b4ff71ec5d85cc25eb2b4e
ao_grid,10000,917,test,3.98206752546301,3.98206752546301,1.0,True,0.0,2,5503,0,ao_grid_coordinate_codebook,analytical_ris_equal_allocation,"[1.8380192704227019, 3.982066441386009, 3.98206752546301]",[],"{""allocation_levels"": 7, ""beta_levels"": 5, ""phase_levels"": 8}",2180.08908,895cf8987087c169d7023476c078ebabf24f99fbbc30b65ad7fae1097d95a6fe,fc61d5cda7da39530055bae9bd0e92865f995cd9,f4c80269e5fb3cf553900b2e82f235af875b7c2e33b4ff71ec5d85cc25eb2b4e
ao_grid,10000,918,test,3.9820665631595435,3.9820665631595435,1.0,True,0.0,2,5503,0,ao_grid_coordinate_codebook,analytical_ris_equal_allocation,"[1.8380180700632438, 3.982065454352881, 3.9820665631595435]",[],"{""allocation_levels"": 7, ""beta_levels"": 5, ""phase_levels"": 8}",2163.525046,895cf8987087c169d7023476c078ebabf24f99fbbc30b65ad7fae1097d95a6fe,fc61d5cda7da39530055bae9bd0e92865f995cd9,f4c80269e5fb3cf553900b2e82f235af875b7c2e33b4ff71ec5d85cc25eb2b4e
ao_grid,10000,919,test,3.982067252666941,3.982067252666941,1.0,True,0.0,2,5503,0,ao_grid_coordinate_codebook,analytical_ris_equal_allocation,"[1.8380206054291328, 3.9820665278779037, 3.982067252666941]",[],"{""allocation_levels"": 7, ""beta_levels"": 5, ""phase_levels"": 8}",2173.316509,895cf8987087c169d7023476c078ebabf24f99fbbc30b65ad7fae1097d95a6fe,fc61d5cda7da39530055bae9bd0e92865f995cd9,f4c80269e5fb3cf553900b2e82f235af875b7c2e33b4ff71ec5d85cc25eb2b4e
ao_grid,10000,920,test,3.9820658244179468,3.9820658244179468,1.0,True,0.0,2,5503,0,ao_grid_coordinate_codebook,analytical_ris_equal_allocation,"[1.838019690001167, 3.982065253585441, 3.9820658244179468]",[],"{""allocation_levels"": 7, ""beta_levels"": 5, ""phase_levels"": 8}",2141.870865,895cf8987087c169d7023476c078ebabf24f99fbbc30b65ad7fae1097d95a6fe,fc61d5cda7da39530055bae9bd0e92865f995cd9,f4c80269e5fb3cf553900b2e82f235af875b7c2e33b4ff71ec5d85cc25eb2b4e
ao_grid,10000,921,test,3.9820670787141137,3.9820670787141137,1.0,True,0.0,2,5503,0,ao_grid_coordinate_codebook,analytical_ris_equal_allocation,"[1.8380196727467368, 3.9820658077810984, 3.9820670787141137]",[],"{""allocation_levels"": 7, ""beta_levels"": 5, ""phase_levels"": 8}",2173.478777,895cf8987087c169d7023476c078ebabf24f99fbbc30b65ad7fae1097d95a6fe,fc61d5cda7da39530055bae9bd0e92865f995cd9,f4c80269e5fb3cf553900b2e82f235af875b7c2e33b4ff71ec5d85cc25eb2b4e
ao_grid,10000,922,test,3.98206765737368,3.98206765737368,1.0,True,0.0,2,5503,0,ao_grid_coordinate_codebook,analytical_ris_equal_allocation,"[1.838026907921302, 3.982067152315119, 3.98206765737368]",[],"{""allocation_levels"": 7, ""beta_levels"": 5, ""phase_levels"": 8}",2114.746116,895cf8987087c169d7023476c078ebabf24f99fbbc30b65ad7fae1097d95a6fe,fc61d5cda7da39530055bae9bd0e92865f995cd9,f4c80269e5fb3cf553900b2e82f235af875b7c2e33b4ff71ec5d85cc25eb2b4e
ao_grid,10000,923,test,3.982068267811179,3.982068267811179,1.0,True,0.0,2,5503,0,ao_grid_coordinate_codebook,analytical_ris_equal_allocation,"[1.8380286387125433, 3.9820677033907783, 3.982068267811179]",[],"{""allocation_levels"": 7, ""beta_levels"": 5, ""phase_levels"": 8}",2138.325261,895cf8987087c169d7023476c078ebabf24f99fbbc30b65ad7fae1097d95a6fe,fc61d5cda7da39530055bae9bd0e92865f995cd9,f4c80269e5fb3cf553900b2e82f235af875b7c2e33b4ff71ec5d85cc25eb2b4e
ao_grid,10000,924,test,3.982068185182689,3.982068185182689,1.0,True,0.0,2,5503,0,ao_grid_coordinate_codebook,analytical_ris_equal_allocation,"[1.838029400654545, 3.9820676152634005, 3.982068185182689]",[],"{""allocation_levels"": 7, ""beta_levels"": 5, ""phase_levels"": 8}",2143.125098,895cf8987087c169d7023476c078ebabf24f99fbbc30b65ad7fae1097d95a6fe,fc61d5cda7da39530055bae9bd0e92865f995cd9,f4c80269e5fb3cf553900b2e82f235af875b7c2e33b4ff71ec5d85cc25eb2b4e
ao_grid,10000,925,test,3.9820673124948733,3.9820673124948733,1.0,True,0.0,2,5503,0,ao_grid_coordinate_codebook,analytical_ris_equal_allocation,"[1.838025130507335, 3.982066552556743, 3.9820673124948733]",[],"{""allocation_levels"": 7, ""beta_levels"": 5, ""phase_levels"": 8}",2201.008183,895cf8987087c169d7023476c078ebabf24f99fbbc30b65ad7fae1097d95a6fe,fc61d5cda7da39530055bae9bd0e92865f995cd9,f4c80269e5fb3cf553900b2e82f235af875b7c2e33b4ff71ec5d85cc25eb2b4e
ao_grid,10000,926,test,3.9820674922491133,3.9820674922491133,1.0,True,0.0,2,5503,0,ao_grid_coordinate_codebook,analytical_ris_equal_allocation,"[1.8380218732836386, 3.98206660753667, 3.9820674922491133]",[],"{""allocation_levels"": 7, ""beta_levels"": 5, ""phase_levels"": 8}",2165.500024,895cf8987087c169d7023476c078ebabf24f99fbbc30b65ad7fae1097d95a6fe,fc61d5cda7da39530055bae9bd0e92865f995cd9,f4c80269e5fb3cf553900b2e82f235af875b7c2e33b4ff71ec5d85cc25eb2b4e
ao_grid,10000,927,test,3.98206608613756,3.98206608613756,1.0,True,0.0,2,5503,0,ao_grid_coordinate_codebook,analytical_ris_equal_allocation,"[1.8380142141620492, 3.982065246276427, 3.98206608613756]",[],"{""allocation_levels"": 7, ""beta_levels"": 5, ""phase_levels"": 8}",2150.126461,895cf8987087c169d7023476c078ebabf24f99fbbc30b65ad7fae1097d95a6fe,fc61d5cda7da39530055bae9bd0e92865f995cd9,f4c80269e5fb3cf553900b2e82f235af875b7c2e33b4ff71ec5d85cc25eb2b4e
ao_grid,10000,928,test,3.9820637929355978,3.9820637929355978,1.0,True,0.0,2,5503,0,ao_grid_coordinate_codebook,analytical_ris_equal_allocation,"[1.8380065597626918, 3.98206248037283, 3.9820637929355978]",[],"{""allocation_levels"": 7, ""beta_levels"": 5, ""phase_levels"": 8}",2143.025977,895cf8987087c169d7023476c078ebabf24f99fbbc30b65ad7fae1097d95a6fe,fc61d5cda7da39530055bae9bd0e92865f995cd9,f4c80269e5fb3cf553900b2e82f235af875b7c2e33b4ff71ec5d85cc25eb2b4e
ao_grid,10000,929,test,3.982067481679266,3.982067481679266,1.0,True,0.0,2,5503,0,ao_grid_coordinate_codebook,analytical_ris_equal_allocation,"[1.8380207511138167, 3.982066340080256, 3.982067481679266]",[],"{""allocation_levels"": 7, ""beta_levels"": 5, ""phase_levels"": 8}",2170.877813,895cf8987087c169d7023476c078ebabf24f99fbbc30b65ad7fae1097d95a6fe,fc61d5cda7da39530055bae9bd0e92865f995cd9,f4c80269e5fb3cf553900b2e82f235af875b7c2e33b4ff71ec5d85cc25eb2b4e
ao_grid,10000,930,test,3.9820679617358214,3.9820679617358214,1.0,True,0.0,2,5503,0,ao_grid_coordinate_codebook,analytical_ris_equal_allocation,"[1.838024943957194, 3.982067230906462, 3.9820679617358214]",[],"{""allocation_levels"": 7, ""beta_levels"": 5, ""phase_levels"": 8}",2192.690303,895cf8987087c169d7023476c078ebabf24f99fbbc30b65ad7fae1097d95a6fe,fc61d5cda7da39530055bae9bd0e92865f995cd9,f4c80269e5fb3cf553900b2e82f235af875b7c2e33b4ff71ec5d85cc25eb2b4e
ao_grid,10000,931,test,3.982065585112667,3.982065585112667,1.0,True,0.0,2,5503,0,ao_grid_coordinate_codebook,analytical_ris_equal_allocation,"[1.8380176824765662, 3.9820646243582853, 3.982065585112667]",[],"{""allocation_levels"": 7, ""beta_levels"": 5, ""phase_levels"": 8}",2173.492357,895cf8987087c169d7023476c078ebabf24f99fbbc30b65ad7fae1097d95a6fe,fc61d5cda7da39530055bae9bd0e92865f995cd9,f4c80269e5fb3cf553900b2e82f235af875b7c2e33b4ff71ec5d85cc25eb2b4e
ao_grid,10000,932,test,3.9820684238969477,3.9820684238969477,1.0,True,0.0,2,5503,0,ao_grid_coordinate_codebook,analytical_ris_equal_allocation,"[1.8380277793735225, 3.9820678872937476, 3.9820684238969477]",[],"{""allocation_levels"": 7, ""beta_levels"": 5, ""phase_levels"": 8}",2148.660914,895cf8987087c169d7023476c078ebabf24f99fbbc30b65ad7fae1097d95a6fe,fc61d5cda7da39530055bae9bd0e92865f995cd9,f4c80269e5fb3cf553900b2e82f235af875b7c2e33b4ff71ec5d85cc25eb2b4e
ao_grid,10000,933,test,3.982067058524078,3.982067058524078,1.0,True,0.0,2,5503,0,ao_grid_coordinate_codebook,analytical_ris_equal_allocation,"[1.8380229885145878, 3.982066367984083, 3.982067058524078]",[],"{""allocation_levels"": 7, ""beta_levels"": 5, ""phase_levels"": 8}",2118.563301,895cf8987087c169d7023476c078ebabf24f99fbbc30b65ad7fae1097d95a6fe,fc61d5cda7da39530055bae9bd0e92865f995cd9,f4c80269e5fb3cf553900b2e82f235af875b7c2e33b4ff71ec5d85cc25eb2b4e
ao_grid,10000,934,test,3.982065890160384,3.982065890160384,1.0,True,0.0,2,5503,0,ao_grid_coordinate_codebook,analytical_ris_equal_allocation,"[1.8380165169637523, 3.9820649087647806, 3.982065890160384]",[],"{""allocation_levels"": 7, ""beta_levels"": 5, ""phase_levels"": 8}",2237.467283,895cf8987087c169d7023476c078ebabf24f99fbbc30b65ad7fae1097d95a6fe,fc61d5cda7da39530055bae9bd0e92865f995cd9,f4c80269e5fb3cf553900b2e82f235af875b7c2e33b4ff71ec5d85cc25eb2b4e
ao_grid,10000,935,test,3.982068270772234,3.982068270772234,1.0,True,0.0,2,5503,0,ao_grid_coordinate_codebook,analytical_ris_equal_allocation,"[1.8380260147855487, 3.982067910338743, 3.982068270772234]",[],"{""allocation_levels"": 7, ""beta_levels"": 5, ""phase_levels"": 8}",2130.11495,895cf8987087c169d7023476c078ebabf24f99fbbc30b65ad7fae1097d95a6fe,fc61d5cda7da39530055bae9bd0e92865f995cd9,f4c80269e5fb3cf553900b2e82f235af875b7c2e33b4ff71ec5d85cc25eb2b4e
ao_grid,10000,936,test,3.98206634574323,3.98206634574323,1.0,True,0.0,2,5503,0,ao_grid_coordinate_codebook,analytical_ris_equal_allocation,"[1.8380222743437489, 3.9820655748965734, 3.98206634574323]",[],"{""allocation_levels"": 7, ""beta_levels"": 5, ""phase_levels"": 8}",2121.363522,895cf8987087c169d7023476c078ebabf24f99fbbc30b65ad7fae1097d95a6fe,fc61d5cda7da39530055bae9bd0e92865f995cd9,f4c80269e5fb3cf553900b2e82f235af875b7c2e33b4ff71ec5d85cc25eb2b4e
ao_grid,10000,937,test,3.98206662695482,3.98206662695482,1.0,True,0.0,2,5503,0,ao_grid_coordinate_codebook,analytical_ris_equal_allocation,"[1.8380182077369154, 3.982065885032279, 3.98206662695482]",[],"{""allocation_levels"": 7, ""beta_levels"": 5, ""phase_levels"": 8}",2142.304575,895cf8987087c169d7023476c078ebabf24f99fbbc30b65ad7fae1097d95a6fe,fc61d5cda7da39530055bae9bd0e92865f995cd9,f4c80269e5fb3cf553900b2e82f235af875b7c2e33b4ff71ec5d85cc25eb2b4e
ao_grid,10000,938,test,3.982066738766723,3.982066738766723,1.0,True,0.0,2,5503,0,ao_grid_coordinate_codebook,analytical_ris_equal_allocation,"[1.8380233875597547, 3.9820662332366963, 3.982066738766723]",[],"{""allocation_levels"": 7, ""beta_levels"": 5, ""phase_levels"": 8}",2142.134097,895cf8987087c169d7023476c078ebabf24f99fbbc30b65ad7fae1097d95a6fe,fc61d5cda7da39530055bae9bd0e92865f995cd9,f4c80269e5fb3cf553900b2e82f235af875b7c2e33b4ff71ec5d85cc25eb2b4e
ao_grid,10000,939,test,3.9820668981156686,3.9820668981156686,1.0,True,0.0,2,5503,0,ao_grid_coordinate_codebook,analytical_ris_equal_allocation,"[1.8380155555282678, 3.9820659379324477, 3.9820668981156686]",[],"{""allocation_levels"": 7, ""beta_levels"": 5, ""phase_levels"": 8}",2259.320669,895cf8987087c169d7023476c078ebabf24f99fbbc30b65ad7fae1097d95a6fe,fc61d5cda7da39530055bae9bd0e92865f995cd9,f4c80269e5fb3cf553900b2e82f235af875b7c2e33b4ff71ec5d85cc25eb2b4e
ao_grid,10000,940,test,3.982067195961335,3.982067195961335,1.0,True,0.0,2,5503,0,ao_grid_coordinate_codebook,analytical_ris_equal_allocation,"[1.8380248918041386, 3.982066530244672, 3.982067195961335]",[],"{""allocation_levels"": 7, ""beta_levels"": 5, ""phase_levels"": 8}",2154.425885,895cf8987087c169d7023476c078ebabf24f99fbbc30b65ad7fae1097d95a6fe,fc61d5cda7da39530055bae9bd0e92865f995cd9,f4c80269e5fb3cf553900b2e82f235af875b7c2e33b4ff71ec5d85cc25eb2b4e
ao_grid,10000,941,test,3.9820667170155533,3.9820667170155533,1.0,True,0.0,2,5503,0,ao_grid_coordinate_codebook,analytical_ris_equal_allocation,"[1.838015320037561, 3.982065427846002, 3.9820667170155533]",[],"{""allocation_levels"": 7, ""beta_levels"": 5, ""phase_levels"": 8}",2155.277084,895cf8987087c169d7023476c078ebabf24f99fbbc30b65ad7fae1097d95a6fe,fc61d5cda7da39530055bae9bd0e92865f995cd9,f4c80269e5fb3cf553900b2e82f235af875b7c2e33b4ff71ec5d85cc25eb2b4e
ao_grid,10000,942,test,3.982065379901195,3.982065379901195,1.0,True,0.0,2,5503,0,ao_grid_coordinate_codebook,analytical_ris_equal_allocation,"[1.8380222811438565, 3.98206462445847, 3.982065379901195]",[],"{""allocation_levels"": 7, ""beta_levels"": 5, ""phase_levels"": 8}",2132.139214,895cf8987087c169d7023476c078ebabf24f99fbbc30b65ad7fae1097d95a6fe,fc61d5cda7da39530055bae9bd0e92865f995cd9,f4c80269e5fb3cf553900b2e82f235af875b7c2e33b4ff71ec5d85cc25eb2b4e
ao_grid,10000,943,test,3.982066397052092,3.982066397052092,1.0,True,0.0,2,5503,0,ao_grid_coordinate_codebook,analytical_ris_equal_allocation,"[1.8380201877521503, 3.982065598070716, 3.982066397052092]",[],"{""allocation_levels"": 7, ""beta_levels"": 5, ""phase_levels"": 8}",2223.015978,895cf8987087c169d7023476c078ebabf24f99fbbc30b65ad7fae1097d95a6fe,fc61d5cda7da39530055bae9bd0e92865f995cd9,f4c80269e5fb3cf553900b2e82f235af875b7c2e33b4ff71ec5d85cc25eb2b4e
ao_grid,10000,944,test,3.982068883876271,3.982068883876271,1.0,True,0.0,2,5503,0,ao_grid_coordinate_codebook,analytical_ris_equal_allocation,"[1.8380308943640447, 3.98206842805792, 3.982068883876271]",[],"{""allocation_levels"": 7, ""beta_levels"": 5, ""phase_levels"": 8}",2191.996563,895cf8987087c169d7023476c078ebabf24f99fbbc30b65ad7fae1097d95a6fe,fc61d5cda7da39530055bae9bd0e92865f995cd9,f4c80269e5fb3cf553900b2e82f235af875b7c2e33b4ff71ec5d85cc25eb2b4e
ao_grid,10000,945,test,3.9820678871441917,3.9820678871441917,1.0,True,0.0,2,5503,0,ao_grid_coordinate_codebook,analytical_ris_equal_allocation,"[1.8380231615990272, 3.982067264459416, 3.9820678871441917]",[],"{""allocation_levels"": 7, ""beta_levels"": 5, ""phase_levels"": 8}",2196.603722,895cf8987087c169d7023476c078ebabf24f99fbbc30b65ad7fae1097d95a6fe,fc61d5cda7da39530055bae9bd0e92865f995cd9,f4c80269e5fb3cf553900b2e82f235af875b7c2e33b4ff71ec5d85cc25eb2b4e
ao_grid,10000,946,test,3.982066995097469,3.982066995097469,1.0,True,0.0,2,5503,0,ao_grid_coordinate_codebook,analytical_ris_equal_allocation,"[1.8380213568710235, 3.9820661095468326, 3.982066995097469]",[],"{""allocation_levels"": 7, ""beta_levels"": 5, ""phase_levels"": 8}",2168.283936,895cf8987087c169d7023476c078ebabf24f99fbbc30b65ad7fae1097d95a6fe,fc61d5cda7da39530055bae9bd0e92865f995cd9,f4c80269e5fb3cf553900b2e82f235af875b7c2e33b4ff71ec5d85cc25eb2b4e
ao_grid,10000,947,test,3.982067692501599,3.982067692501599,1.0,True,0.0,2,5503,0,ao_grid_coordinate_codebook,analytical_ris_equal_allocation,"[1.8380280942364426, 3.982067005066659, 3.982067692501599]",[],"{""allocation_levels"": 7, ""beta_levels"": 5, ""phase_levels"": 8}",2195.795965,895cf8987087c169d7023476c078ebabf24f99fbbc30b65ad7fae1097d95a6fe,fc61d5cda7da39530055bae9bd0e92865f995cd9,f4c80269e5fb3cf553900b2e82f235af875b7c2e33b4ff71ec5d85cc25eb2b4e
ao_grid,10000,948,test,3.98206635210804,3.98206635210804,1.0,True,0.0,2,5503,0,ao_grid_coordinate_codebook,analytical_ris_equal_allocation,"[1.8380156796988902, 3.9820654220213894, 3.98206635210804]",[],"{""allocation_levels"": 7, ""beta_levels"": 5, ""phase_levels"": 8}",2241.998826,895cf8987087c169d7023476c078ebabf24f99fbbc30b65ad7fae1097d95a6fe,fc61d5cda7da39530055bae9bd0e92865f995cd9,f4c80269e5fb3cf553900b2e82f235af875b7c2e33b4ff71ec5d85cc25eb2b4e
ao_grid,10000,949,test,3.9820687137728985,3.9820687137728985,1.0,True,0.0,2,5503,0,ao_grid_coordinate_codebook,analytical_ris_equal_allocation,"[1.838030987328728, 3.9820682256527613, 3.9820687137728985]",[],"{""allocation_levels"": 7, ""beta_levels"": 5, ""phase_levels"": 8}",2144.296634,895cf8987087c169d7023476c078ebabf24f99fbbc30b65ad7fae1097d95a6fe,fc61d5cda7da39530055bae9bd0e92865f995cd9,f4c80269e5fb3cf553900b2e82f235af875b7c2e33b4ff71ec5d85cc25eb2b4e
ao_grid,10000,950,test,3.9820662329406264,3.9820662329406264,1.0,True,0.0,2,5503,0,ao_grid_coordinate_codebook,analytical_ris_equal_allocation,"[1.8380216276203303, 3.9820649814136435, 3.9820662329406264]",[],"{""allocation_levels"": 7, ""beta_levels"": 5, ""phase_levels"": 8}",2200.828982,895cf8987087c169d7023476c078ebabf24f99fbbc30b65ad7fae1097d95a6fe,fc61d5cda7da39530055bae9bd0e92865f995cd9,f4c80269e5fb3cf553900b2e82f235af875b7c2e33b4ff71ec5d85cc25eb2b4e
ao_grid,10000,951,test,3.982066919718722,3.982066919718722,1.0,True,0.0,2,5503,0,ao_grid_coordinate_codebook,analytical_ris_equal_allocation,"[1.8380205862924053, 3.9820660841402837, 3.982066919718722]",[],"{""allocation_levels"": 7, ""beta_levels"": 5, ""phase_levels"": 8}",2145.26191,895cf8987087c169d7023476c078ebabf24f99fbbc30b65ad7fae1097d95a6fe,fc61d5cda7da39530055bae9bd0e92865f995cd9,f4c80269e5fb3cf553900b2e82f235af875b7c2e33b4ff71ec5d85cc25eb2b4e
ao_grid,10000,952,test,3.9820653313796868,3.9820653313796868,1.0,True,0.0,2,5503,0,ao_grid_coordinate_codebook,analytical_ris_equal_allocation,"[1.8380152084656838, 3.9820640780744956, 3.9820653313796868]",[],"{""allocation_levels"": 7, ""beta_levels"": 5, ""phase_levels"": 8}",2207.215611,895cf8987087c169d7023476c078ebabf24f99fbbc30b65ad7fae1097d95a6fe,fc61d5cda7da39530055bae9bd0e92865f995cd9,f4c80269e5fb3cf553900b2e82f235af875b7c2e33b4ff71ec5d85cc25eb2b4e
ao_grid,10000,953,test,3.9820697233429136,3.9820697233429136,1.0,True,0.0,2,5503,0,ao_grid_coordinate_codebook,analytical_ris_equal_allocation,"[1.8380333765536134, 3.982069308659149, 3.9820697233429136]",[],"{""allocation_levels"": 7, ""beta_levels"": 5, ""phase_levels"": 8}",2132.751048,895cf8987087c169d7023476c078ebabf24f99fbbc30b65ad7fae1097d95a6fe,fc61d5cda7da39530055bae9bd0e92865f995cd9,f4c80269e5fb3cf553900b2e82f235af875b7c2e33b4ff71ec5d85cc25eb2b4e
ao_grid,10000,954,test,3.982066209193105,3.982066209193105,1.0,True,0.0,2,5503,0,ao_grid_coordinate_codebook,analytical_ris_equal_allocation,"[1.8380217927185882, 3.9820650309704915, 3.982066209193105]",[],"{""allocation_levels"": 7, ""beta_levels"": 5, ""phase_levels"": 8}",2218.910354,895cf8987087c169d7023476c078ebabf24f99fbbc30b65ad7fae1097d95a6fe,fc61d5cda7da39530055bae9bd0e92865f995cd9,f4c80269e5fb3cf553900b2e82f235af875b7c2e33b4ff71ec5d85cc25eb2b4e
ao_grid,10000,955,test,3.982065965606358,3.982065965606358,1.0,True,0.0,2,5503,0,ao_grid_coordinate_codebook,analytical_ris_equal_allocation,"[1.8380213930932696, 3.9820650923852647, 3.982065965606358]",[],"{""allocation_levels"": 7, ""beta_levels"": 5, ""phase_levels"": 8}",2188.81295,895cf8987087c169d7023476c078ebabf24f99fbbc30b65ad7fae1097d95a6fe,fc61d5cda7da39530055bae9bd0e92865f995cd9,f4c80269e5fb3cf553900b2e82f235af875b7c2e33b4ff71ec5d85cc25eb2b4e
ao_grid,10000,956,test,3.9820655995828735,3.9820655995828735,1.0,True,0.0,2,5503,0,ao_grid_coordinate_codebook,analytical_ris_equal_allocation,"[1.8380235376126024, 3.9820649852222236, 3.9820655995828735]",[],"{""allocation_levels"": 7, ""beta_levels"": 5, ""phase_levels"": 8}",2162.741337,895cf8987087c169d7023476c078ebabf24f99fbbc30b65ad7fae1097d95a6fe,fc61d5cda7da39530055bae9bd0e92865f995cd9,f4c80269e5fb3cf553900b2e82f235af875b7c2e33b4ff71ec5d85cc25eb2b4e
ao_grid,10000,957,test,3.9820693455616274,3.9820693455616274,1.0,True,0.0,2,5503,0,ao_grid_coordinate_codebook,analytical_ris_equal_allocation,"[1.8380290611887087, 3.982068855127478, 3.9820693455616274]",[],"{""allocation_levels"": 7, ""beta_levels"": 5, ""phase_levels"": 8}",2255.033676,895cf8987087c169d7023476c078ebabf24f99fbbc30b65ad7fae1097d95a6fe,fc61d5cda7da39530055bae9bd0e92865f995cd9,f4c80269e5fb3cf553900b2e82f235af875b7c2e33b4ff71ec5d85cc25eb2b4e
ao_grid,10000,958,test,3.9820686473357574,3.9820686473357574,1.0,True,0.0,2,5503,0,ao_grid_coordinate_codebook,analytical_ris_equal_allocation,"[1.8380296355105867, 3.982068218029019, 3.9820686473357574]",[],"{""allocation_levels"": 7, ""beta_levels"": 5, ""phase_levels"": 8}",2140.85666,895cf8987087c169d7023476c078ebabf24f99fbbc30b65ad7fae1097d95a6fe,fc61d5cda7da39530055bae9bd0e92865f995cd9,f4c80269e5fb3cf553900b2e82f235af875b7c2e33b4ff71ec5d85cc25eb2b4e
ao_grid,10000,959,test,3.982067212855075,3.982067212855075,1.0,True,0.0,2,5503,0,ao_grid_coordinate_codebook,analytical_ris_equal_allocation,"[1.8380214700962212, 3.9820666486527974, 3.982067212855075]",[],"{""allocation_levels"": 7, ""beta_levels"": 5, ""phase_levels"": 8}",2159.751748,895cf8987087c169d7023476c078ebabf24f99fbbc30b65ad7fae1097d95a6fe,fc61d5cda7da39530055bae9bd0e92865f995cd9,f4c80269e5fb3cf553900b2e82f235af875b7c2e33b4ff71ec5d85cc25eb2b4e
ao_grid,10000,960,test,3.982067629358435,3.982067629358435,1.0,True,0.0,2,5503,0,ao_grid_coordinate_codebook,analytical_ris_equal_allocation,"[1.8380210521291402, 3.9820664936777694, 3.982067629358435]",[],"{""allocation_levels"": 7, ""beta_levels"": 5, ""phase_levels"": 8}",2154.816214,895cf8987087c169d7023476c078ebabf24f99fbbc30b65ad7fae1097d95a6fe,fc61d5cda7da39530055bae9bd0e92865f995cd9,f4c80269e5fb3cf553900b2e82f235af875b7c2e33b4ff71ec5d85cc25eb2b4e
ao_grid,10000,961,test,3.9820675652636766,3.9820675652636766,1.0,True,0.0,2,5503,0,ao_grid_coordinate_codebook,analytical_ris_equal_allocation,"[1.8380188010634184, 3.9820667755908765, 3.9820675652636766]",[],"{""allocation_levels"": 7, ""beta_levels"": 5, ""phase_levels"": 8}",2236.314603,895cf8987087c169d7023476c078ebabf24f99fbbc30b65ad7fae1097d95a6fe,fc61d5cda7da39530055bae9bd0e92865f995cd9,f4c80269e5fb3cf553900b2e82f235af875b7c2e33b4ff71ec5d85cc25eb2b4e
ao_grid,10000,962,test,3.982067402155635,3.982067402155635,1.0,True,0.0,2,5503,0,ao_grid_coordinate_codebook,analytical_ris_equal_allocation,"[1.8380233163117743, 3.982066563764586, 3.982067402155635]",[],"{""allocation_levels"": 7, ""beta_levels"": 5, ""phase_levels"": 8}",2136.348967,895cf8987087c169d7023476c078ebabf24f99fbbc30b65ad7fae1097d95a6fe,fc61d5cda7da39530055bae9bd0e92865f995cd9,f4c80269e5fb3cf553900b2e82f235af875b7c2e33b4ff71ec5d85cc25eb2b4e
ao_grid,10000,963,test,3.982066789217942,3.982066789217942,1.0,True,0.0,2,5503,0,ao_grid_coordinate_codebook,analytical_ris_equal_allocation,"[1.8380226867925358, 3.9820662663577027, 3.982066789217942]",[],"{""allocation_levels"": 7, ""beta_levels"": 5, ""phase_levels"": 8}",2148.266703,895cf8987087c169d7023476c078ebabf24f99fbbc30b65ad7fae1097d95a6fe,fc61d5cda7da39530055bae9bd0e92865f995cd9,f4c80269e5fb3cf553900b2e82f235af875b7c2e33b4ff71ec5d85cc25eb2b4e
ao_grid,10000,964,test,3.982067631606657,3.982067631606657,1.0,True,0.0,2,5503,0,ao_grid_coordinate_codebook,analytical_ris_equal_allocation,"[1.8380206168990596, 3.982066573548899, 3.982067631606657]",[],"{""allocation_levels"": 7, ""beta_levels"": 5, ""phase_levels"": 8}",2159.012286,895cf8987087c169d7023476c078ebabf24f99fbbc30b65ad7fae1097d95a6fe,fc61d5cda7da39530055bae9bd0e92865f995cd9,f4c80269e5fb3cf553900b2e82f235af875b7c2e33b4ff71ec5d85cc25eb2b4e
ao_grid,10000,965,test,3.982069047890628,3.982069047890628,1.0,True,0.0,2,5503,0,ao_grid_coordinate_codebook,analytical_ris_equal_allocation,"[1.8380264407658815, 3.982068122137493, 3.982069047890628]",[],"{""allocation_levels"": 7, ""beta_levels"": 5, ""phase_levels"": 8}",2153.981706,895cf8987087c169d7023476c078ebabf24f99fbbc30b65ad7fae1097d95a6fe,fc61d5cda7da39530055bae9bd0e92865f995cd9,f4c80269e5fb3cf553900b2e82f235af875b7c2e33b4ff71ec5d85cc25eb2b4e
ao_grid,10000,966,test,3.982066858311965,3.982066858311965,1.0,True,0.0,2,5503,0,ao_grid_coordinate_codebook,analytical_ris_equal_allocation,"[1.8380173726729323, 3.982065947666648, 3.982066858311965]",[],"{""allocation_levels"": 7, ""beta_levels"": 5, ""phase_levels"": 8}",2234.33869,895cf8987087c169d7023476c078ebabf24f99fbbc30b65ad7fae1097d95a6fe,fc61d5cda7da39530055bae9bd0e92865f995cd9,f4c80269e5fb3cf553900b2e82f235af875b7c2e33b4ff71ec5d85cc25eb2b4e
ao_grid,10000,967,test,3.9820655810312107,3.9820655810312107,1.0,True,0.0,2,5503,0,ao_grid_coordinate_codebook,analytical_ris_equal_allocation,"[1.8380131330688858, 3.9820646468855445, 3.9820655810312107]",[],"{""allocation_levels"": 7, ""beta_levels"": 5, ""phase_levels"": 8}",2142.337357,895cf8987087c169d7023476c078ebabf24f99fbbc30b65ad7fae1097d95a6fe,fc61d5cda7da39530055bae9bd0e92865f995cd9,f4c80269e5fb3cf553900b2e82f235af875b7c2e33b4ff71ec5d85cc25eb2b4e
ao_grid,10000,968,test,3.982068742121978,3.982068742121978,1.0,True,0.0,2,5503,0,ao_grid_coordinate_codebook,analytical_ris_equal_allocation,"[1.8380280664737128, 3.9820680892563076, 3.982068742121978]",[],"{""allocation_levels"": 7, ""beta_levels"": 5, ""phase_levels"": 8}",2162.242119,895cf8987087c169d7023476c078ebabf24f99fbbc30b65ad7fae1097d95a6fe,fc61d5cda7da39530055bae9bd0e92865f995cd9,f4c80269e5fb3cf553900b2e82f235af875b7c2e33b4ff71ec5d85cc25eb2b4e
ao_grid,10000,969,test,3.9820681003190845,3.9820681003190845,1.0,True,0.0,2,5503,0,ao_grid_coordinate_codebook,analytical_ris_equal_allocation,"[1.8380263515855122, 3.9820675318549608, 3.9820681003190845]",[],"{""allocation_levels"": 7, ""beta_levels"": 5, ""phase_levels"": 8}",2151.005174,895cf8987087c169d7023476c078ebabf24f99fbbc30b65ad7fae1097d95a6fe,fc61d5cda7da39530055bae9bd0e92865f995cd9,f4c80269e5fb3cf553900b2e82f235af875b7c2e33b4ff71ec5d85cc25eb2b4e
ao_grid,10000,970,test,3.982066180010716,3.982066180010716,1.0,True,0.0,2,5503,0,ao_grid_coordinate_codebook,analytical_ris_equal_allocation,"[1.8380208419640256, 3.9820651599548467, 3.982066180010716]",[],"{""allocation_levels"": 7, ""beta_levels"": 5, ""phase_levels"": 8}",2247.633188,895cf8987087c169d7023476c078ebabf24f99fbbc30b65ad7fae1097d95a6fe,fc61d5cda7da39530055bae9bd0e92865f995cd9,f4c80269e5fb3cf553900b2e82f235af875b7c2e33b4ff71ec5d85cc25eb2b4e
ao_grid,10000,971,test,3.9820688714262045,3.9820688714262045,1.0,True,0.0,2,5503,0,ao_grid_coordinate_codebook,analytical_ris_equal_allocation,"[1.8380305554393563, 3.9820683158775916, 3.9820688714262045]",[],"{""allocation_levels"": 7, ""beta_levels"": 5, ""phase_levels"": 8}",2153.182404,895cf8987087c169d7023476c078ebabf24f99fbbc30b65ad7fae1097d95a6fe,fc61d5cda7da39530055bae9bd0e92865f995cd9,f4c80269e5fb3cf553900b2e82f235af875b7c2e33b4ff71ec5d85cc25eb2b4e
ao_grid,10000,972,test,3.9820682758090946,3.9820682758090946,1.0,True,0.0,2,5503,0,ao_grid_coordinate_codebook,analytical_ris_equal_allocation,"[1.8380278453750587, 3.9820678641485387, 3.9820682758090946]",[],"{""allocation_levels"": 7, ""beta_levels"": 5, ""phase_levels"": 8}",2157.481542,895cf8987087c169d7023476c078ebabf24f99fbbc30b65ad7fae1097d95a6fe,fc61d5cda7da39530055bae9bd0e92865f995cd9,f4c80269e5fb3cf553900b2e82f235af875b7c2e33b4ff71ec5d85cc25eb2b4e
ao_grid,10000,973,test,3.9820677675165475,3.9820677675165475,1.0,True,0.0,2,5503,0,ao_grid_coordinate_codebook,analytical_ris_equal_allocation,"[1.838021297471933, 3.9820667277702464, 3.9820677675165475]",[],"{""allocation_levels"": 7, ""beta_levels"": 5, ""phase_levels"": 8}",2128.556683,895cf8987087c169d7023476c078ebabf24f99fbbc30b65ad7fae1097d95a6fe,fc61d5cda7da39530055bae9bd0e92865f995cd9,f4c80269e5fb3cf553900b2e82f235af875b7c2e33b4ff71ec5d85cc25eb2b4e
ao_grid,10000,974,test,3.9820683937863715,3.9820683937863715,1.0,True,0.0,2,5503,0,ao_grid_coordinate_codebook,analytical_ris_equal_allocation,"[1.8380246995912757, 3.982067724787619, 3.9820683937863715]",[],"{""allocation_levels"": 7, ""beta_levels"": 5, ""phase_levels"": 8}",2130.022502,895cf8987087c169d7023476c078ebabf24f99fbbc30b65ad7fae1097d95a6fe,fc61d5cda7da39530055bae9bd0e92865f995cd9,f4c80269e5fb3cf553900b2e82f235af875b7c2e33b4ff71ec5d85cc25eb2b4e
ao_grid,10000,975,test,3.9820659422826696,3.9820659422826696,1.0,True,0.0,2,5503,0,ao_grid_coordinate_codebook,analytical_ris_equal_allocation,"[1.8380191401938804, 3.982064616792891, 3.9820659422826696]",[],"{""allocation_levels"": 7, ""beta_levels"": 5, ""phase_levels"": 8}",2218.295392,895cf8987087c169d7023476c078ebabf24f99fbbc30b65ad7fae1097d95a6fe,fc61d5cda7da39530055bae9bd0e92865f995cd9,f4c80269e5fb3cf553900b2e82f235af875b7c2e33b4ff71ec5d85cc25eb2b4e
ao_grid,10000,976,test,3.982067322694732,3.982067322694732,1.0,True,0.0,2,5503,0,ao_grid_coordinate_codebook,analytical_ris_equal_allocation,"[1.8380177469827208, 3.98206604666536, 3.982067322694732]",[],"{""allocation_levels"": 7, ""beta_levels"": 5, ""phase_levels"": 8}",2133.088334,895cf8987087c169d7023476c078ebabf24f99fbbc30b65ad7fae1097d95a6fe,fc61d5cda7da39530055bae9bd0e92865f995cd9,f4c80269e5fb3cf553900b2e82f235af875b7c2e33b4ff71ec5d85cc25eb2b4e
ao_grid,10000,977,test,3.982067906850047,3.982067906850047,1.0,True,0.0,2,5503,0,ao_grid_coordinate_codebook,analytical_ris_equal_allocation,"[1.8380226312144188, 3.982067195931882, 3.982067906850047]",[],"{""allocation_levels"": 7, ""beta_levels"": 5, ""phase_levels"": 8}",2152.517205,895cf8987087c169d7023476c078ebabf24f99fbbc30b65ad7fae1097d95a6fe,fc61d5cda7da39530055bae9bd0e92865f995cd9,f4c80269e5fb3cf553900b2e82f235af875b7c2e33b4ff71ec5d85cc25eb2b4e
ao_grid,10000,978,test,3.9820688809070224,3.9820688809070224,1.0,True,0.0,2,5503,0,ao_grid_coordinate_codebook,analytical_ris_equal_allocation,"[1.8380258607818327, 3.982068174758237, 3.9820688809070224]",[],"{""allocation_levels"": 7, ""beta_levels"": 5, ""phase_levels"": 8}",2141.611584,895cf8987087c169d7023476c078ebabf24f99fbbc30b65ad7fae1097d95a6fe,fc61d5cda7da39530055bae9bd0e92865f995cd9,f4c80269e5fb3cf553900b2e82f235af875b7c2e33b4ff71ec5d85cc25eb2b4e
ao_grid,10000,979,test,3.9820672569565305,3.9820672569565305,1.0,True,0.0,2,5503,0,ao_grid_coordinate_codebook,analytical_ris_equal_allocation,"[1.8380245177855787, 3.9820665502332444, 3.9820672569565305]",[],"{""allocation_levels"": 7, ""beta_levels"": 5, ""phase_levels"": 8}",2194.911603,895cf8987087c169d7023476c078ebabf24f99fbbc30b65ad7fae1097d95a6fe,fc61d5cda7da39530055bae9bd0e92865f995cd9,f4c80269e5fb3cf553900b2e82f235af875b7c2e33b4ff71ec5d85cc25eb2b4e
ao_grid,10000,980,test,3.9820673461533227,3.9820673461533227,1.0,True,0.0,2,5503,0,ao_grid_coordinate_codebook,analytical_ris_equal_allocation,"[1.8380251674809287, 3.9820667083375687, 3.9820673461533227]",[],"{""allocation_levels"": 7, ""beta_levels"": 5, ""phase_levels"": 8}",2127.579549,895cf8987087c169d7023476c078ebabf24f99fbbc30b65ad7fae1097d95a6fe,fc61d5cda7da39530055bae9bd0e92865f995cd9,f4c80269e5fb3cf553900b2e82f235af875b7c2e33b4ff71ec5d85cc25eb2b4e
ao_grid,10000,981,test,3.9820667503845084,3.9820667503845084,1.0,True,0.0,2,5503,0,ao_grid_coordinate_codebook,analytical_ris_equal_allocation,"[1.838017146241369, 3.9820660943466057, 3.9820667503845084]",[],"{""allocation_levels"": 7, ""beta_levels"": 5, ""phase_levels"": 8}",2247.206547,895cf8987087c169d7023476c078ebabf24f99fbbc30b65ad7fae1097d95a6fe,fc61d5cda7da39530055bae9bd0e92865f995cd9,f4c80269e5fb3cf553900b2e82f235af875b7c2e33b4ff71ec5d85cc25eb2b4e
ao_grid,10000,982,test,3.982065724797602,3.982065724797602,1.0,True,0.0,2,5503,0,ao_grid_coordinate_codebook,analytical_ris_equal_allocation,"[1.8380138675213649, 3.982063906884564, 3.982065724797602]",[],"{""allocation_levels"": 7, ""beta_levels"": 5, ""phase_levels"": 8}",2122.880062,895cf8987087c169d7023476c078ebabf24f99fbbc30b65ad7fae1097d95a6fe,fc61d5cda7da39530055bae9bd0e92865f995cd9,f4c80269e5fb3cf553900b2e82f235af875b7c2e33b4ff71ec5d85cc25eb2b4e
ao_grid,10000,983,test,3.9820681851762942,3.9820681851762942,1.0,True,0.0,2,5503,0,ao_grid_coordinate_codebook,analytical_ris_equal_allocation,"[1.8380268190579745, 3.9820678715675966, 3.9820681851762942]",[],"{""allocation_levels"": 7, ""beta_levels"": 5, ""phase_levels"": 8}",2144.976968,895cf8987087c169d7023476c078ebabf24f99fbbc30b65ad7fae1097d95a6fe,fc61d5cda7da39530055bae9bd0e92865f995cd9,f4c80269e5fb3cf553900b2e82f235af875b7c2e33b4ff71ec5d85cc25eb2b4e
ao_grid,10000,984,test,3.982066132846146,3.982066132846146,1.0,True,0.0,2,5503,0,ao_grid_coordinate_codebook,analytical_ris_equal_allocation,"[1.8380180914035753, 3.982064548598402, 3.982066132846146]",[],"{""allocation_levels"": 7, ""beta_levels"": 5, ""phase_levels"": 8}",2241.921644,895cf8987087c169d7023476c078ebabf24f99fbbc30b65ad7fae1097d95a6fe,fc61d5cda7da39530055bae9bd0e92865f995cd9,f4c80269e5fb3cf553900b2e82f235af875b7c2e33b4ff71ec5d85cc25eb2b4e
ao_grid,10000,985,test,3.982065137486409,3.982065137486409,1.0,True,0.0,2,5503,0,ao_grid_coordinate_codebook,analytical_ris_equal_allocation,"[1.8380144825706308, 3.982064646143668, 3.982065137486409]",[],"{""allocation_levels"": 7, ""beta_levels"": 5, ""phase_levels"": 8}",2158.898043,895cf8987087c169d7023476c078ebabf24f99fbbc30b65ad7fae1097d95a6fe,fc61d5cda7da39530055bae9bd0e92865f995cd9,f4c80269e5fb3cf553900b2e82f235af875b7c2e33b4ff71ec5d85cc25eb2b4e
ao_grid,10000,986,test,3.982068210158294,3.982068210158294,1.0,True,0.0,2,5503,0,ao_grid_coordinate_codebook,analytical_ris_equal_allocation,"[1.8380244357965128, 3.982066949873842, 3.982068210158294]",[],"{""allocation_levels"": 7, ""beta_levels"": 5, ""phase_levels"": 8}",2135.178688,895cf8987087c169d7023476c078ebabf24f99fbbc30b65ad7fae1097d95a6fe,fc61d5cda7da39530055bae9bd0e92865f995cd9,f4c80269e5fb3cf553900b2e82f235af875b7c2e33b4ff71ec5d85cc25eb2b4e
ao_grid,10000,987,test,3.9820663379355308,3.9820663379355308,1.0,True,0.0,2,5503,0,ao_grid_coordinate_codebook,analytical_ris_equal_allocation,"[1.83801266304195, 3.982065253105712, 3.9820663379355308]",[],"{""allocation_levels"": 7, ""beta_levels"": 5, ""phase_levels"": 8}",2153.87547,895cf8987087c169d7023476c078ebabf24f99fbbc30b65ad7fae1097d95a6fe,fc61d5cda7da39530055bae9bd0e92865f995cd9,f4c80269e5fb3cf553900b2e82f235af875b7c2e33b4ff71ec5d85cc25eb2b4e
ao_grid,10000,988,test,3.9820670207437328,3.9820670207437328,1.0,True,0.0,2,5503,0,ao_grid_coordinate_codebook,analytical_ris_equal_allocation,"[1.8380227669694462, 3.9820659654104364, 3.9820670207437328]",[],"{""allocation_levels"": 7, ""beta_levels"": 5, ""phase_levels"": 8}",2260.389651,895cf8987087c169d7023476c078ebabf24f99fbbc30b65ad7fae1097d95a6fe,fc61d5cda7da39530055bae9bd0e92865f995cd9,f4c80269e5fb3cf553900b2e82f235af875b7c2e33b4ff71ec5d85cc25eb2b4e
ao_grid,10000,989,test,3.9820665320490547,3.9820665320490547,1.0,True,0.0,2,5503,0,ao_grid_coordinate_codebook,analytical_ris_equal_allocation,"[1.8380197037273218, 3.9820657531190733, 3.9820665320490547]",[],"{""allocation_levels"": 7, ""beta_levels"": 5, ""phase_levels"": 8}",2147.892397,895cf8987087c169d7023476c078ebabf24f99fbbc30b65ad7fae1097d95a6fe,fc61d5cda7da39530055bae9bd0e92865f995cd9,f4c80269e5fb3cf553900b2e82f235af875b7c2e33b4ff71ec5d85cc25eb2b4e
ao_grid,10000,990,test,3.9820654850925483,3.9820654850925483,1.0,True,0.0,2,5503,0,ao_grid_coordinate_codebook,analytical_ris_equal_allocation,"[1.8380180132941855, 3.9820648464409554, 3.9820654850925483]",[],"{""allocation_levels"": 7, ""beta_levels"": 5, ""phase_levels"": 8}",2121.559153,895cf8987087c169d7023476c078ebabf24f99fbbc30b65ad7fae1097d95a6fe,fc61d5cda7da39530055bae9bd0e92865f995cd9,f4c80269e5fb3cf553900b2e82f235af875b7c2e33b4ff71ec5d85cc25eb2b4e
ao_grid,10000,991,test,3.982063147902029,3.982063147902029,1.0,True,0.0,2,5503,0,ao_grid_coordinate_codebook,analytical_ris_equal_allocation,"[1.8380050082088484, 3.9820620108306826, 3.982063147902029]",[],"{""allocation_levels"": 7, ""beta_levels"": 5, ""phase_levels"": 8}",2259.744818,895cf8987087c169d7023476c078ebabf24f99fbbc30b65ad7fae1097d95a6fe,fc61d5cda7da39530055bae9bd0e92865f995cd9,f4c80269e5fb3cf553900b2e82f235af875b7c2e33b4ff71ec5d85cc25eb2b4e
ao_grid,10000,992,test,3.9820661577241188,3.9820661577241188,1.0,True,0.0,2,5503,0,ao_grid_coordinate_codebook,analytical_ris_equal_allocation,"[1.838019423639197, 3.9820652853548815, 3.9820661577241188]",[],"{""allocation_levels"": 7, ""beta_levels"": 5, ""phase_levels"": 8}",2211.858975,895cf8987087c169d7023476c078ebabf24f99fbbc30b65ad7fae1097d95a6fe,fc61d5cda7da39530055bae9bd0e92865f995cd9,f4c80269e5fb3cf553900b2e82f235af875b7c2e33b4ff71ec5d85cc25eb2b4e
ao_grid,10000,993,test,3.982067278465366,3.982067278465366,1.0,True,0.0,2,5503,0,ao_grid_coordinate_codebook,analytical_ris_equal_allocation,"[1.83802350625031, 3.982066248461027, 3.982067278465366]",[],"{""allocation_levels"": 7, ""beta_levels"": 5, ""phase_levels"": 8}",1320.255348,895cf8987087c169d7023476c078ebabf24f99fbbc30b65ad7fae1097d95a6fe,fc61d5cda7da39530055bae9bd0e92865f995cd9,f4c80269e5fb3cf553900b2e82f235af875b7c2e33b4ff71ec5d85cc25eb2b4e
ao_grid,10000,994,test,3.9820675423027074,3.9820675423027074,1.0,True,0.0,2,5503,0,ao_grid_coordinate_codebook,analytical_ris_equal_allocation,"[1.8380322244055856, 3.982067022081493, 3.9820675423027074]",[],"{""allocation_levels"": 7, ""beta_levels"": 5, ""phase_levels"": 8}",1610.375169,895cf8987087c169d7023476c078ebabf24f99fbbc30b65ad7fae1097d95a6fe,fc61d5cda7da39530055bae9bd0e92865f995cd9,f4c80269e5fb3cf553900b2e82f235af875b7c2e33b4ff71ec5d85cc25eb2b4e
ao_grid,10000,995,test,3.982066816607937,3.982066816607937,1.0,True,0.0,2,5503,0,ao_grid_coordinate_codebook,analytical_ris_equal_allocation,"[1.8380240953161409, 3.9820661493706817, 3.982066816607937]",[],"{""allocation_levels"": 7, ""beta_levels"": 5, ""phase_levels"": 8}",1149.956055,895cf8987087c169d7023476c078ebabf24f99fbbc30b65ad7fae1097d95a6fe,fc61d5cda7da39530055bae9bd0e92865f995cd9,f4c80269e5fb3cf553900b2e82f235af875b7c2e33b4ff71ec5d85cc25eb2b4e
ao_grid,10000,996,test,3.9820692881353184,3.9820692881353184,1.0,True,0.0,2,5503,0,ao_grid_coordinate_codebook,analytical_ris_equal_allocation,"[1.8380288463518306, 3.9820686815361563, 3.9820692881353184]",[],"{""allocation_levels"": 7, ""beta_levels"": 5, ""phase_levels"": 8}",1152.344663,895cf8987087c169d7023476c078ebabf24f99fbbc30b65ad7fae1097d95a6fe,fc61d5cda7da39530055bae9bd0e92865f995cd9,f4c80269e5fb3cf553900b2e82f235af875b7c2e33b4ff71ec5d85cc25eb2b4e
ao_grid,10000,997,test,3.982066358408331,3.982066358408331,1.0,True,0.0,2,5503,0,ao_grid_coordinate_codebook,analytical_ris_equal_allocation,"[1.8380195642832964, 3.982065596029843, 3.982066358408331]",[],"{""allocation_levels"": 7, ""beta_levels"": 5, ""phase_levels"": 8}",1095.975446,895cf8987087c169d7023476c078ebabf24f99fbbc30b65ad7fae1097d95a6fe,fc61d5cda7da39530055bae9bd0e92865f995cd9,f4c80269e5fb3cf553900b2e82f235af875b7c2e33b4ff71ec5d85cc25eb2b4e
ao_grid,10000,998,test,3.982067459630059,3.982067459630059,1.0,True,0.0,2,5503,0,ao_grid_coordinate_codebook,analytical_ris_equal_allocation,"[1.838018359328617, 3.982066627880042, 3.982067459630059]",[],"{""allocation_levels"": 7, ""beta_levels"": 5, ""phase_levels"": 8}",1079.464334,895cf8987087c169d7023476c078ebabf24f99fbbc30b65ad7fae1097d95a6fe,fc61d5cda7da39530055bae9bd0e92865f995cd9,f4c80269e5fb3cf553900b2e82f235af875b7c2e33b4ff71ec5d85cc25eb2b4e
ao_grid,10000,999,test,3.9820649593729325,3.9820649593729325,1.0,True,0.0,2,5503,0,ao_grid_coordinate_codebook,analytical_ris_equal_allocation,"[1.8380179289004064, 3.982064193578123, 3.9820649593729325]",[],"{""allocation_levels"": 7, ""beta_levels"": 5, ""phase_levels"": 8}",1073.857285,895cf8987087c169d7023476c078ebabf24f99fbbc30b65ad7fae1097d95a6fe,fc61d5cda7da39530055bae9bd0e92865f995cd9,f4c80269e5fb3cf553900b2e82f235af875b7c2e33b4ff71ec5d85cc25eb2b4e
