method,n_ris,seed,scenario,split,sum_rate,reward,qos_fraction,all_qos,violation,iterations,evaluations,accepted_steps,solver,initialization,objective_history,surrogate_records,grid,solve_ms,config_hash,git_commit,bank_checksum
ao_sca,32,10000,250,test,17.88767827471324,17.886658349096198,0.75,False,0.0001274744523943,20,4420,34,ao_sca_proximal_physical,analytical_ris_equal_allocation,"[1.8368769297060998, 13.860145500026793, 14.47774971505717, 17.07641742041163, 17.355669822625874, 17.506924456355577, 17.511385746073024, 17.623249744613837, 17.62768693118398, 17.668300851667748, 17.685917559532268, 17.75599739670065, 17.76277102556701, 17.81198549027175, 17.81745930585397, 17.825563643634588, 17.852011196014754, 17.85592871547624, 17.86555134301412, 17.873676255162724, 17.886658349096198]","[{""block"": ""rsma"", ""rho"": 1.0, ""gain"": 11.7302365880379}, {""block"": ""star_ris"", ""rho"": 2.0, ""gain"": 0.29303198228279115}, {""block"": ""rsma"", ""rho"": 65536.0, ""gain"": 0.0}, {""block"": ""star_ris"", ""rho"": 8.0, ""gain"": 0.6176042150303775}, {""block"": ""rsma"", ""rho"": 1024.0, ""gain"": 1.6262776114717337}, {""block"": ""star_ris"", ""rho"": 1.0, ""gain"": 0.9723900938827263}, {""block"": ""rsma"", ""rho"": 65536.0, ""gain"": 0.0}, {""block"": ""star_ris"", ""rho"": 1.0, ""gain"": 0.27925240221424374}, {""block"": ""rsma"", ""rho"": 65536.0, ""gain"": 0.0}, {""block"": ""star_ris"", ""rho"": 1.0, ""gain"": 0.15125463372970316}, {""block"": ""rsma"", ""rho"": 1.0, ""gain"": 0.001992931494285699}, {""block"": ""star_ris"", ""rho"": 8.0, ""gain"": 0.002468358223161715}, {""block"": ""rsma"", ""rho"": 65536.0, ""gain"": 0.0}, {""block"": ""star_ris"", ""rho"": 1.0, ""gain"": 0.1118639985408123}, {""block"": ""rsma"", ""rho"": 2.0, ""gain"": 0.0036273372362174428}, {""block"": ""star_ris"", ""rho"": 32.0, ""gain"": 0.0008098493339261381}, {""block"": ""rsma"", ""rho"": 1.0, ""gain"": 5.9174139934725645e-05}, {""block"": ""star_ris"", ""rho"": 1.0, ""gain"": 0.04055474634383316}, {""block"": ""rsma"", ""rho"": 256.0, ""gain"": 0.0002871650455382735}, {""block"": ""star_ris"", ""rho"": 128.0, ""gain"": 0.017329542818981025}, {""block"": ""rsma"", ""rho"": 65536.0, ""gain"": 0.0}, {""block"": ""star_ris"", ""rho"": 1.0, ""gain"": 0.0700798371683824}, {""block"": ""rsma"", ""rho"": 32.0, ""gain"": 0.0006194277645334978}, {""block"": ""star_ris"", ""rho"": 128.0, ""gain"": 0.006154201101825407}, {""block"": ""rsma"", ""rho"": 1.0, ""gain"": 6.034176891489551e-07}, {""block"": ""star_ris"", ""rho"": 1.0, ""gain"": 0.04921386128705052}, {""block"": ""rsma"", ""rho"": 32.0, ""gain"": 0.00023266287401568775}, {""block"": ""star_ris"", ""rho"": 128.0, ""gain"": 0.005241152708205021}, {""block"": ""rsma"", ""rho"": 1.0, ""gain"": 2.9522538259385556e-05}, {""block"": ""star_ris"", ""rho"": 8.0, ""gain"": 0.008074815242359534}, {""block"": ""rsma"", ""rho"": 128.0, ""gain"": 0.0003264199404888757}, {""block"": ""star_ris"", ""rho"": 1.0, ""gain"": 0.026121132439676842}, {""block"": ""rsma"", ""rho"": 2.0, ""gain"": 0.0024687289096050336}, {""block"": ""star_ris"", ""rho"": 64.0, ""gain"": 0.0014487905518798527}, {""block"": ""rsma"", ""rho"": 1.0, ""gain"": 3.590005344022984e-05}, {""block"": ""star_ris"", ""rho"": 1.0, ""gain"": 0.00958672748443945}, {""block"": ""rsma"", ""rho"": 8.0, ""gain"": 0.004125695743493196}, {""block"": ""star_ris"", ""rho"": 128.0, ""gain"": 0.003999216405112804}, {""block"": ""rsma"", ""rho"": 65536.0, ""gain"": 0.0}, {""block"": ""star_ris"", ""rho"": 1.0, ""gain"": 0.012982093933473493}]",{},2413.44044,2a8450eb5d4f6f05c03681c57cc71c0590f449be523644dbfde0384d2f23053d,fc61d5cda7da39530055bae9bd0e92865f995cd9,6ec54735c1c2c35cd253d9d3d23295783293b6d64c65204dfcab16b2d59ebbef
ao_sca,32,10000,251,test,16.349020072109692,16.349020072109692,1.0,True,0.0,5,1085,7,ao_sca_proximal_physical,analytical_ris_equal_allocation,"[1.837476878262868, 14.826266340357407, 15.88643174343553, 16.249061430448148, 16.34879456512882, 16.349020072109692]","[{""block"": ""rsma"", ""rho"": 1.0, ""gain"": 12.909106469261214}, {""block"": ""star_ris"", ""rho"": 2.0, ""gain"": 0.07968299283332492}, {""block"": ""rsma"", ""rho"": 65536.0, ""gain"": 0.0}, {""block"": ""star_ris"", ""rho"": 1.0, ""gain"": 1.0601654030781233}, {""block"": ""rsma"", ""rho"": 1.0, ""gain"": 0.0}, {""block"": ""star_ris"", ""rho"": 2.0, ""gain"": 0.36262968701261755}, {""block"": ""rsma"", ""rho"": 1.0, ""gain"": -3.552713678800501e-15}, {""block"": ""star_ris"", ""rho"": 2.0, ""gain"": 0.09973313468067602}, {""block"": ""rsma"", ""rho"": 1.0, ""gain"": 0.0}, {""block"": ""star_ris"", ""rho"": 64.0, ""gain"": 0.00022550698087187016}]",{},592.682905,2a8450eb5d4f6f05c03681c57cc71c0590f449be523644dbfde0384d2f23053d,fc61d5cda7da39530055bae9bd0e92865f995cd9,6ec54735c1c2c35cd253d9d3d23295783293b6d64c65204dfcab16b2d59ebbef
ao_sca,32,10000,252,test,15.656933342254892,15.656933342254892,1.0,True,0.0,4,857,8,ao_sca_proximal_physical,analytical_ris_equal_allocation,"[1.8375345855388385, 15.398694131156129, 15.583295545707475, 15.655957577164799, 15.656933342254892]","[{""block"": ""rsma"", ""rho"": 1.0, ""gain"": 13.392763424499755}, {""block"": ""star_ris"", ""rho"": 2.0, ""gain"": 0.1683961211175351}, {""block"": ""rsma"", ""rho"": 1.0, ""gain"": -1.7763568394002505e-15}, {""block"": ""star_ris"", ""rho"": 2.0, ""gain"": 0.1846014145513486}, {""block"": ""rsma"", ""rho"": 1.0, ""gain"": 0.0}, {""block"": ""star_ris"", ""rho"": 2.0, ""gain"": 0.0726620314573232}, {""block"": ""rsma"", ""rho"": 1.0, ""gain"": 0.0}, {""block"": ""star_ris"", ""rho"": 32.0, ""gain"": 0.0009757650900930059}]",{},463.167267,2a8450eb5d4f6f05c03681c57cc71c0590f449be523644dbfde0384d2f23053d,fc61d5cda7da39530055bae9bd0e92865f995cd9,6ec54735c1c2c35cd253d9d3d23295783293b6d64c65204dfcab16b2d59ebbef
ao_sca,32,10000,253,test,15.78329602601696,15.78329602601696,1.0,True,0.0,8,1729,16,ao_sca_proximal_physical,analytical_ris_equal_allocation,"[1.8372457028758782, 15.147478016671903, 15.202386489023569, 15.721656816527998, 15.736992924051103, 15.745817768299249, 15.759150025452644, 15.78213374934051, 15.783296026016961]","[{""block"": ""rsma"", ""rho"": 1.0, ""gain"": 12.446794130661663}, {""block"": ""star_ris"", ""rho"": 2.0, ""gain"": 0.8634381831343614}, {""block"": ""rsma"", ""rho"": 1.0, ""gain"": 1.7763568394002505e-15}, {""block"": ""star_ris"", ""rho"": 1.0, ""gain"": 0.05490847235166463}, {""block"": ""rsma"", ""rho"": 1.0, ""gain"": 0.0}, {""block"": ""star_ris"", ""rho"": 4.0, ""gain"": 0.5192703275044295}, {""block"": ""rsma"", ""rho"": 1.0, ""gain"": 0.0}, {""block"": ""star_ris"", ""rho"": 16.0, ""gain"": 0.015336107523104658}, {""block"": ""rsma"", ""rho"": 1.0, ""gain"": 1.7763568394002505e-15}, {""block"": ""star_ris"", ""rho"": 64.0, ""gain"": 0.008824844248144004}, {""block"": ""rsma"", ""rho"": 1.0, ""gain"": 1.7763568394002505e-15}, {""block"": ""star_ris"", ""rho"": 64.0, ""gain"": 0.013332257153393812}, {""block"": ""rsma"", ""rho"": 1.0, ""gain"": 0.0}, {""block"": ""star_ris"", ""rho"": 128.0, ""gain"": 0.02298372388786518}, {""block"": ""rsma"", ""rho"": 1.0, ""gain"": -1.7763568394002505e-15}, {""block"": ""star_ris"", ""rho"": 64.0, ""gain"": 0.0011622766764531889}]",{},919.684038,2a8450eb5d4f6f05c03681c57cc71c0590f449be523644dbfde0384d2f23053d,fc61d5cda7da39530055bae9bd0e92865f995cd9,6ec54735c1c2c35cd253d9d3d23295783293b6d64c65204dfcab16b2d59ebbef
ao_sca,32,10000,254,test,16.116485001431606,16.116485001431606,1.0,True,0.0,20,4355,34,ao_sca_proximal_physical,analytical_ris_equal_allocation,"[1.8373813098605616, 14.696850079454693, 14.901111877734564, 15.062298818114007, 15.626669122556233, 15.64498794939282, 15.67104567834584, 15.70415947511628, 15.788717074211872, 15.791988034036189, 15.805889799719571, 15.812799921266222, 15.82620721565683, 15.866002083896923, 15.972618754656823, 16.01765479004392, 16.052826085834212, 16.064136058501166, 16.093882483186377, 16.105568104837875, 16.116485001431606]","[{""block"": ""rsma"", ""rho"": 1.0, ""gain"": 12.608390713556167}, {""block"": ""star_ris"", ""rho"": 4.0, ""gain"": 0.25107805603796507}, {""block"": ""rsma"", ""rho"": 65536.0, ""gain"": 0.0}, {""block"": ""star_ris"", ""rho"": 4.0, ""gain"": 0.20426179827987134}, {""block"": ""rsma"", ""rho"": 65536.0, ""gain"": 0.0}, {""block"": ""star_ris"", ""rho"": 2.0, ""gain"": 0.1611869403794426}, {""block"": ""rsma"", ""rho"": 65536.0, ""gain"": 0.0}, {""block"": ""star_ris"", ""rho"": 4.0, ""gain"": 0.5643703044422264}, {""block"": ""rsma"", ""rho"": 1.0, ""gain"": 0.0}, {""block"": ""star_ris"", ""rho"": 16.0, ""gain"": 0.018318826836587476}, {""block"": ""rsma"", ""rho"": 1.0, ""gain"": 0.0}, {""block"": ""star_ris"", ""rho"": 16.0, ""gain"": 0.02605772895301861}, {""block"": ""rsma"", ""rho"": 1.0, ""gain"": 0.0}, {""block"": ""star_ris"", ""rho"": 8.0, ""gain"": 0.03311379677044002}, {""block"": ""rsma"", ""rho"": 1.0, ""gain"": -1.7763568394002505e-15}, {""block"": ""star_ris"", ""rho"": 16.0, ""gain"": 0.08455759909559468}, {""block"": ""rsma"", ""rho"": 1.0, ""gain"": -1.7763568394002505e-15}, {""block"": ""star_ris"", ""rho"": 16.0, ""gain"": 0.0032709598243183535}, {""block"": ""rsma"", ""rho"": 1.0, ""gain"": 0.0}, {""block"": ""star_ris"", ""rho"": 128.0, ""gain"": 0.013901765683382195}, {""block"": ""rsma"", ""rho"": 1.0, ""gain"": 1.7763568394002505e-15}, {""block"": ""star_ris"", ""rho"": 256.0, ""gain"": 0.006910121546649606}, {""block"": ""rsma"", ""rho"": 1.0, ""gain"": 0.0}, {""block"": ""star_ris"", ""rho"": 8.0, ""gain"": 0.01340729439060695}, {""block"": ""rsma"", ""rho"": 1.0, ""gain"": -1.7763568394002505e-15}, {""block"": ""star_ris"", ""rho"": 2.0, ""gain"": 0.03979486824009548}, {""block"": ""rsma"", ""rho"": 1.0, ""gain"": 0.0}, {""block"": ""star_ris"", ""rho"": 2.0, ""gain"": 0.10661667075989989}, {""block"": ""rsma"", ""rho"": 1.0, ""gain"": 1.7763568394002505e-15}, {""block"": ""star_ris"", ""rho"": 2.0, ""gain"": 0.04503603538709555}, {""block"": ""rsma"", ""rho"": 1.0, ""gain"": 0.0}, {""block"": ""star_ris"", ""rho"": 64.0, ""gain"": 0.03517129579029188}, {""block"": ""rsma"", ""rho"": 1.0, ""gain"": 0.0}, {""block"": ""star_ris"", ""rho"": 16.0, ""gain"": 0.011309972666953882}, {""block"": ""rsma"", ""rho"": 1.0, ""gain"": 0.0}, {""block"": ""star_ris"", ""rho"": 8.0, ""gain"": 0.029746424685210826}, {""block"": ""rsma"", ""rho"": 1.0, ""gain"": 0.0}, {""block"": ""star_ris"", ""rho"": 16.0, ""gain"": 0.011685621651498224}, {""block"": ""rsma"", ""rho"": 1.0, ""gain"": 0.0}, {""block"": ""star_ris"", ""rho"": 32.0, ""gain"": 0.01091689659373074}]",{},2278.118912,2a8450eb5d4f6f05c03681c57cc71c0590f449be523644dbfde0384d2f23053d,fc61d5cda7da39530055bae9bd0e92865f995cd9,6ec54735c1c2c35cd253d9d3d23295783293b6d64c65204dfcab16b2d59ebbef
ao_sca,32,10000,255,test,15.99470437907792,15.99470437907792,1.0,True,0.0,20,4326,38,ao_sca_proximal_physical,analytical_ris_equal_allocation,"[1.8373388423010146, 14.807069081766578, 15.32629644763093, 15.329788998791066, 15.339430239315183, 15.362550929740362, 15.389740125063895, 15.535098049809326, 15.53717499203178, 15.687299436482995, 15.693520296201658, 15.735458842537433, 15.774582877842228, 15.811490215534374, 15.818636186333837, 15.921028513596307, 15.930301280265983, 15.958509817673798, 15.9736369842645, 15.987922742606521, 15.99470437907792]","[{""block"": ""rsma"", ""rho"": 1.0, ""gain"": 12.358700200187311}, {""block"": ""star_ris"", ""rho"": 2.0, ""gain"": 0.6110300392782513}, {""block"": ""rsma"", ""rho"": 65536.0, ""gain"": 0.0}, {""block"": ""star_ris"", ""rho"": 8.0, ""gain"": 0.5192273658643529}, {""block"": ""rsma"", ""rho"": 1.0, ""gain"": 0.0}, {""block"": ""star_ris"", ""rho"": 64.0, ""gain"": 0.003492551160135804}, {""block"": ""rsma"", ""rho"": 1.0, ""gain"": 0.0}, {""block"": ""star_ris"", ""rho"": 32.0, ""gain"": 0.009641240524116412}, {""block"": ""rsma"", ""rho"": 1.0, ""gain"": 0.0}, {""block"": ""star_ris"", ""rho"": 16.0, ""gain"": 0.023120690425178836}, {""block"": ""rsma"", ""rho"": 1.0, ""gain"": -1.7763568394002505e-15}, {""block"": ""star_ris"", ""rho"": 8.0, ""gain"": 0.02718919532353503}, {""block"": ""rsma"", ""rho"": 1.0, ""gain"": 0.0}, {""block"": ""star_ris"", ""rho"": 8.0, ""gain"": 0.14535792474543108}, {""block"": ""rsma"", ""rho"": 1.0, ""gain"": 0.0}, {""block"": ""star_ris"", ""rho"": 8.0, ""gain"": 0.0020769422224535816}, {""block"": ""rsma"", ""rho"": 1.0, ""gain"": 0.0}, {""block"": ""star_ris"", ""rho"": 8.0, ""gain"": 0.1501244444512153}, {""block"": ""rsma"", ""rho"": 1.0, ""gain"": -3.552713678800501e-15}, {""block"": ""star_ris"", ""rho"": 16.0, ""gain"": 0.006220859718666816}, {""block"": ""rsma"", ""rho"": 1.0, ""gain"": 0.0}, {""block"": ""star_ris"", ""rho"": 8.0, ""gain"": 0.04193854633577487}, {""block"": ""rsma"", ""rho"": 1.0, ""gain"": -3.552713678800501e-15}, {""block"": ""star_ris"", ""rho"": 4.0, ""gain"": 0.039124035304798355}, {""block"": ""rsma"", ""rho"": 1.0, ""gain"": 0.0}, {""block"": ""star_ris"", ""rho"": 2.0, ""gain"": 0.0369073376921456}, {""block"": ""rsma"", ""rho"": 1.0, ""gain"": 3.552713678800501e-15}, {""block"": ""star_ris"", ""rho"": 64.0, ""gain"": 0.007145970799459889}, {""block"": ""rsma"", ""rho"": 1.0, ""gain"": -3.552713678800501e-15}, {""block"": ""star_ris"", ""rho"": 4.0, ""gain"": 0.10239232726247316}, {""block"": ""rsma"", ""rho"": 1.0, ""gain"": -1.7763568394002505e-15}, {""block"": ""star_ris"", ""rho"": 2.0, ""gain"": 0.009272766669678134}, {""block"": ""rsma"", ""rho"": 1.0, ""gain"": 3.552713678800501e-15}, {""block"": ""star_ris"", ""rho"": 16.0, ""gain"": 0.028208537407811818}, {""block"": ""rsma"", ""rho"": 1.0, ""gain"": -1.7763568394002505e-15}, {""block"": ""star_ris"", ""rho"": 32.0, ""gain"": 0.015127166590703567}, {""block"": ""rsma"", ""rho"": 1.0, ""gain"": 1.7763568394002505e-15}, {""block"": ""star_ris"", ""rho"": 32.0, ""gain"": 0.014285758342019506}, {""block"": ""rsma"", ""rho"": 1.0, ""gain"": -1.7763568394002505e-15}, {""block"": ""star_ris"", ""rho"": 64.0, ""gain"": 0.0067816364714001764}]",{},2216.797954,2a8450eb5d4f6f05c03681c57cc71c0590f449be523644dbfde0384d2f23053d,fc61d5cda7da39530055bae9bd0e92865f995cd9,6ec54735c1c2c35cd253d9d3d23295783293b6d64c65204dfcab16b2d59ebbef
ao_sca,32,10000,256,test,16.68799132677905,16.68799132677905,1.0,True,0.0,20,4302,37,ao_sca_proximal_physical,analytical_ris_equal_allocation,"[1.837558404372461, 15.626108924414284, 15.794646816883667, 16.104547938684235, 16.16719295998744, 16.181974459753963, 16.18797246652769, 16.314788191439398, 16.374225917224337, 16.47035046620671, 16.51165907837305, 16.54595527068191, 16.56291630017431, 16.61793103650731, 16.620757859321706, 16.66085212568661, 16.662830766539606, 16.665072684115483, 16.67138249230862, 16.676812759918672, 16.68799132677905]","[{""block"": ""rsma"", ""rho"": 1.0, ""gain"": 12.997372780185293}, {""block"": ""star_ris"", ""rho"": 2.0, ""gain"": 0.791177739856531}, {""block"": ""rsma"", ""rho"": 1.0, ""gain"": 0.0}, {""block"": ""star_ris"", ""rho"": 2.0, ""gain"": 0.16853789246938256}, {""block"": ""rsma"", ""rho"": 1.0, ""gain"": 0.0}, {""block"": ""star_ris"", ""rho"": 2.0, ""gain"": 0.30990112180056784}, {""block"": ""rsma"", ""rho"": 1.0, ""gain"": -3.552713678800501e-15}, {""block"": ""star_ris"", ""rho"": 4.0, ""gain"": 0.06264502130320793}, {""block"": ""rsma"", ""rho"": 1.0, ""gain"": 0.0}, {""block"": ""star_ris"", ""rho"": 1.0, ""gain"": 0.01478149976652432}, {""block"": ""rsma"", ""rho"": 1.0, ""gain"": 0.0}, {""block"": ""star_ris"", ""rho"": 8.0, ""gain"": 0.0059980067737264164}, {""block"": ""rsma"", ""rho"": 1.0, ""gain"": 0.0}, {""block"": ""star_ris"", ""rho"": 16.0, ""gain"": 0.12681572491170812}, {""block"": ""rsma"", ""rho"": 1.0, ""gain"": -7.105427357601002e-15}, {""block"": ""star_ris"", ""rho"": 4.0, ""gain"": 0.05943772578494588}, {""block"": ""rsma"", ""rho"": 1.0, ""gain"": 0.0}, {""block"": ""star_ris"", ""rho"": 2.0, ""gain"": 0.09612454898237388}, {""block"": ""rsma"", ""rho"": 1.0, ""gain"": 3.552713678800501e-15}, {""block"": ""star_ris"", ""rho"": 4.0, ""gain"": 0.04130861216633619}, {""block"": ""rsma"", ""rho"": 1.0, ""gain"": 0.0}, {""block"": ""star_ris"", ""rho"": 8.0, ""gain"": 0.034296192308861606}, {""block"": ""rsma"", ""rho"": 1.0, ""gain"": -3.552713678800501e-15}, {""block"": ""star_ris"", ""rho"": 8.0, ""gain"": 0.016961029492403412}, {""block"": ""rsma"", ""rho"": 1.0, ""gain"": 0.0}, {""block"": ""star_ris"", ""rho"": 4.0, ""gain"": 0.0550147363329998}, {""block"": ""rsma"", ""rho"": 1.0, ""gain"": 0.0}, {""block"": ""star_ris"", ""rho"": 16.0, ""gain"": 0.002826822814395058}, {""block"": ""rsma"", ""rho"": 1.0, ""gain"": 0.0}, {""block"": ""star_ris"", ""rho"": 8.0, ""gain"": 0.04009426636490332}, {""block"": ""rsma"", ""rho"": 1.0, ""gain"": 0.0}, {""block"": ""star_ris"", ""rho"": 64.0, ""gain"": 0.0019786408529967048}, {""block"": ""rsma"", ""rho"": 1.0, ""gain"": 0.0}, {""block"": ""star_ris"", ""rho"": 128.0, ""gain"": 0.0022419175758763288}, {""block"": ""rsma"", ""rho"": 1.0, ""gain"": 3.552713678800501e-15}, {""block"": ""star_ris"", ""rho"": 32.0, ""gain"": 0.006309808193133648}, {""block"": ""rsma"", ""rho"": 1.0, ""gain"": 0.0}, {""block"": ""star_ris"", ""rho"": 64.0, ""gain"": 0.005430267610051942}, {""block"": ""rsma"", ""rho"": 1.0, ""gain"": 3.552713678800501e-15}, {""block"": ""star_ris"", ""rho"": 32.0, ""gain"": 0.011178566860372996}]",{},2323.156961,2a8450eb5d4f6f05c03681c57cc71c0590f449be523644dbfde0384d2f23053d,fc61d5cda7da39530055bae9bd0e92865f995cd9,6ec54735c1c2c35cd253d9d3d23295783293b6d64c65204dfcab16b2d59ebbef
ao_sca,32,10000,257,test,15.278247975265266,15.278247975265266,1.0,True,0.0,12,2591,24,ao_sca_proximal_physical,analytical_ris_equal_allocation,"[1.836773403838777, 14.541036933907604, 14.716324771971776, 14.744065737673212, 14.80005579825897, 14.970864758896662, 15.053006236991695, 15.193429123891814, 15.198413454527493, 15.220414656187055, 15.223717658378117, 15.277687225103994, 15.278247975265266]","[{""block"": ""rsma"", ""rho"": 1.0, ""gain"": 11.392946999201346}, {""block"": ""star_ris"", ""rho"": 4.0, ""gain"": 1.3113165308674812}, {""block"": ""rsma"", ""rho"": 1.0, ""gain"": 0.0}, {""block"": ""star_ris"", ""rho"": 16.0, ""gain"": 0.1752878380641718}, {""block"": ""rsma"", ""rho"": 1.0, ""gain"": 0.0}, {""block"": ""star_ris"", ""rho"": 8.0, ""gain"": 0.027740965701436693}, {""block"": ""rsma"", ""rho"": 1.0, ""gain"": 0.0}, {""block"": ""star_ris"", ""rho"": 8.0, ""gain"": 0.05599006058575817}, {""block"": ""rsma"", ""rho"": 1.0, ""gain"": 0.0}, {""block"": ""star_ris"", ""rho"": 4.0, ""gain"": 0.17080896063769124}, {""block"": ""rsma"", ""rho"": 1.0, ""gain"": -1.7763568394002505e-15}, {""block"": ""star_ris"", ""rho"": 64.0, ""gain"": 0.08214147809503558}, {""block"": ""rsma"", ""rho"": 1.0, ""gain"": 0.0}, {""block"": ""star_ris"", ""rho"": 4.0, ""gain"": 0.14042288690011873}, {""block"": ""rsma"", ""rho"": 1.0, ""gain"": 0.0}, {""block"": ""star_ris"", ""rho"": 64.0, ""gain"": 0.004984330635679157}, {""block"": ""rsma"", ""rho"": 1.0, ""gain"": 0.0}, {""block"": ""star_ris"", ""rho"": 32.0, ""gain"": 0.02200120165956143}, {""block"": ""rsma"", ""rho"": 1.0, ""gain"": 1.7763568394002505e-15}, {""block"": ""star_ris"", ""rho"": 32.0, ""gain"": 0.0033030021910605}, {""block"": ""rsma"", ""rho"": 1.0, ""gain"": -1.7763568394002505e-15}, {""block"": ""star_ris"", ""rho"": 16.0, ""gain"": 0.05396956672587905}, {""block"": ""rsma"", ""rho"": 1.0, ""gain"": 1.7763568394002505e-15}, {""block"": ""star_ris"", ""rho"": 16.0, ""gain"": 0.0005607501612701071}]",{},1326.244425,2a8450eb5d4f6f05c03681c57cc71c0590f449be523644dbfde0384d2f23053d,fc61d5cda7da39530055bae9bd0e92865f995cd9,6ec54735c1c2c35cd253d9d3d23295783293b6d64c65204dfcab16b2d59ebbef
ao_sca,32,10000,258,test,15.708110741367753,15.708110741367753,1.0,True,0.0,17,3655,34,ao_sca_proximal_physical,analytical_ris_equal_allocation,"[1.8368057104366946, 14.873838482561268, 15.067163549886759, 15.071877158165986, 15.097013797555519, 15.111686201190437, 15.35559491030931, 15.402600609868815, 15.555265802980248, 15.559692690540619, 15.591748098513182, 15.647254059200469, 15.672442427667168, 15.677145745284031, 15.681150276563379, 15.697886250441247, 15.706640250512777, 15.708110741367753]","[{""block"": ""rsma"", ""rho"": 1.0, ""gain"": 11.446322405799158}, {""block"": ""star_ris"", ""rho"": 1.0, ""gain"": 1.5907103663254158}, {""block"": ""rsma"", ""rho"": 1.0, ""gain"": 0.0}, {""block"": ""star_ris"", ""rho"": 8.0, ""gain"": 0.1933250673254907}, {""block"": ""rsma"", ""rho"": 1.0, ""gain"": -1.7763568394002505e-15}, {""block"": ""star_ris"", ""rho"": 256.0, ""gain"": 0.0047136082792285094}, {""block"": ""rsma"", ""rho"": 1.0, ""gain"": -3.552713678800501e-15}, {""block"": ""star_ris"", ""rho"": 64.0, ""gain"": 0.025136639389536697}, {""block"": ""rsma"", ""rho"": 1.0, ""gain"": 0.0}, {""block"": ""star_ris"", ""rho"": 4.0, ""gain"": 0.014672403634918396}, {""block"": ""rsma"", ""rho"": 1.0, ""gain"": 1.7763568394002505e-15}, {""block"": ""star_ris"", ""rho"": 8.0, ""gain"": 0.24390870911887141}, {""block"": ""rsma"", ""rho"": 1.0, ""gain"": 1.7763568394002505e-15}, {""block"": ""star_ris"", ""rho"": 2.0, ""gain"": 0.04700569955950229}, {""block"": ""rsma"", ""rho"": 1.0, ""gain"": -1.7763568394002505e-15}, {""block"": ""star_ris"", ""rho"": 8.0, ""gain"": 0.15266519311143512}, {""block"": ""rsma"", ""rho"": 1.0, ""gain"": 0.0}, {""block"": ""star_ris"", ""rho"": 4.0, ""gain"": 0.004426887560370574}, {""block"": ""rsma"", ""rho"": 1.0, ""gain"": 0.0}, {""block"": ""star_ris"", ""rho"": 4.0, ""gain"": 0.0320554079725639}, {""block"": ""rsma"", ""rho"": 1.0, ""gain"": 0.0}, {""block"": ""star_ris"", ""rho"": 4.0, ""gain"": 0.055505960687286304}, {""block"": ""rsma"", ""rho"": 1.0, ""gain"": 0.0}, {""block"": ""star_ris"", ""rho"": 16.0, ""gain"": 0.02518836846669892}, {""block"": ""rsma"", ""rho"": 1.0, ""gain"": -1.7763568394002505e-15}, {""block"": ""star_ris"", ""rho"": 4.0, ""gain"": 0.004703317616865377}, {""block"": ""rsma"", ""rho"": 1.0, ""gain"": 1.7763568394002505e-15}, {""block"": ""star_ris"", ""rho"": 16.0, ""gain"": 0.004004531279345969}, {""block"": ""rsma"", ""rho"": 1.0, ""gain"": 0.0}, {""block"": ""star_ris"", ""rho"": 4.0, ""gain"": 0.01673597387786785}, {""block"": ""rsma"", ""rho"": 1.0, ""gain"": 1.7763568394002505e-15}, {""block"": ""star_ris"", ""rho"": 8.0, ""gain"": 0.008754000071528267}, {""block"": ""rsma"", ""rho"": 1.0, ""gain"": 0.0}, {""block"": ""star_ris"", ""rho"": 8.0, ""gain"": 0.0014704908549756368}]",{},1868.715699,2a8450eb5d4f6f05c03681c57cc71c0590f449be523644dbfde0384d2f23053d,fc61d5cda7da39530055bae9bd0e92865f995cd9,6ec54735c1c2c35cd253d9d3d23295783293b6d64c65204dfcab16b2d59ebbef
ao_sca,32,10000,259,test,16.346815603405524,16.346815603405524,1.0,True,0.0,20,4281,32,ao_sca_proximal_physical,analytical_ris_equal_allocation,"[1.8376135383918886, 15.572410803126402, 15.642782554368047, 15.672589002540061, 15.690888655129175, 15.696069514088204, 15.76317986584623, 15.878272172504278, 15.906167199721944, 15.978036412406725, 15.980923831532806, 16.003707248321664, 16.007090673319723, 16.029216184438226, 16.06655470529217, 16.14437679797233, 16.240089822251377, 16.271709879066087, 16.283380379227992, 16.346376104214862, 16.346815603405524]","[{""block"": ""rsma"", ""rho"": 1.0, ""gain"": 13.707458245402178}, {""block"": ""star_ris"", ""rho"": 2.0, ""gain"": 0.02733901933233618}, {""block"": ""rsma"", ""rho"": 1.0, ""gain"": 0.0}, {""block"": ""star_ris"", ""rho"": 4.0, ""gain"": 0.07037175124164463}, {""block"": ""rsma"", ""rho"": 1.0, ""gain"": 0.0}, {""block"": ""star_ris"", ""rho"": 2.0, ""gain"": 0.029806448172013944}, {""block"": ""rsma"", ""rho"": 1.0, ""gain"": 0.0}, {""block"": ""star_ris"", ""rho"": 2.0, ""gain"": 0.018299652589114146}, {""block"": ""rsma"", ""rho"": 1.0, ""gain"": 0.0}, {""block"": ""star_ris"", ""rho"": 1.0, ""gain"": 0.005180858959029422}, {""block"": ""rsma"", ""rho"": 1.0, ""gain"": 0.0}, {""block"": ""star_ris"", ""rho"": 4.0, ""gain"": 0.06711035175802493}, {""block"": ""rsma"", ""rho"": 1.0, ""gain"": 0.0}, {""block"": ""star_ris"", ""rho"": 4.0, ""gain"": 0.11509230665804893}, {""block"": ""rsma"", ""rho"": 1.0, ""gain"": 0.0}, {""block"": ""star_ris"", ""rho"": 8.0, ""gain"": 0.027895027217665458}, {""block"": ""rsma"", ""rho"": 1.0, ""gain"": -3.552713678800501e-15}, {""block"": ""star_ris"", ""rho"": 4.0, ""gain"": 0.07186921268478486}, {""block"": ""rsma"", ""rho"": 1.0, ""gain"": -1.7763568394002505e-15}, {""block"": ""star_ris"", ""rho"": 8.0, ""gain"": 0.002887419126082591}, {""block"": ""rsma"", ""rho"": 1.0, ""gain"": 1.7763568394002505e-15}, {""block"": ""star_ris"", ""rho"": 4.0, ""gain"": 0.022783416788856314}, {""block"": ""rsma"", ""rho"": 1.0, ""gain"": 3.552713678800501e-15}, {""block"": ""star_ris"", ""rho"": 4.0, ""gain"": 0.003383424998055773}, {""block"": ""rsma"", ""rho"": 1.0, ""gain"": 0.0}, {""block"": ""star_ris"", ""rho"": 2.0, ""gain"": 0.022125511118503027}, {""block"": ""rsma"", ""rho"": 1.0, ""gain"": 0.0}, {""block"": ""star_ris"", ""rho"": 8.0, ""gain"": 0.03733852085394318}, {""block"": ""rsma"", ""rho"": 1.0, ""gain"": 0.0}, {""block"": ""star_ris"", ""rho"": 4.0, ""gain"": 0.0778220926801616}, {""block"": ""rsma"", ""rho"": 1.0, ""gain"": 3.552713678800501e-15}, {""block"": ""star_ris"", ""rho"": 4.0, ""gain"": 0.09571302427904271}, {""block"": ""rsma"", ""rho"": 1.0, ""gain"": 0.0}, {""block"": ""star_ris"", ""rho"": 8.0, ""gain"": 0.031620056814709585}, {""block"": ""rsma"", ""rho"": 1.0, ""gain"": 0.0}, {""block"": ""star_ris"", ""rho"": 4.0, ""gain"": 0.011670500161905295}, {""block"": ""rsma"", ""rho"": 1.0, ""gain"": 0.0}, {""block"": ""star_ris"", ""rho"": 8.0, ""gain"": 0.06299572498686956}, {""block"": ""rsma"", ""rho"": 1.0, ""gain"": 0.0}, {""block"": ""star_ris"", ""rho"": 8.0, ""gain"": 0.0004394991906622181}]",{},2146.233024,2a8450eb5d4f6f05c03681c57cc71c0590f449be523644dbfde0384d2f23053d,fc61d5cda7da39530055bae9bd0e92865f995cd9,6ec54735c1c2c35cd253d9d3d23295783293b6d64c65204dfcab16b2d59ebbef
ao_sca,32,10000,260,test,18.23092198785088,18.23092198785088,1.0,True,0.0,14,3145,18,ao_sca_proximal_physical,analytical_ris_equal_allocation,"[1.8374998295782563, 15.16706386989327, 15.191774627662655, 17.311745197738357, 17.73367914366793, 17.915816323510548, 18.030897521755758, 18.065681683154324, 18.150149486536385, 18.165897286485624, 18.185158958646834, 18.193103701815883, 18.196779172836756, 18.2307073588249, 18.23092198785088]","[{""block"": ""rsma"", ""rho"": 1.0, ""gain"": 13.10969316255956}, {""block"": ""star_ris"", ""rho"": 1.0, ""gain"": 0.21987087775545255}, {""block"": ""rsma"", ""rho"": 1.0, ""gain"": 0.0}, {""block"": ""star_ris"", ""rho"": 1.0, ""gain"": 0.024710757769385694}, {""block"": ""rsma"", ""rho"": 64.0, ""gain"": 1.6575402987709449}, {""block"": ""star_ris"", ""rho"": 1.0, ""gain"": 0.46243027130475767}, {""block"": ""rsma"", ""rho"": 128.0, ""gain"": 0.08341202923124413}, {""block"": ""star_ris"", ""rho"": 1.0, ""gain"": 0.33852191669832976}, {""block"": ""rsma"", ""rho"": 65536.0, ""gain"": 0.0}, {""block"": ""star_ris"", ""rho"": 1.0, ""gain"": 0.18213717984261635}, {""block"": ""rsma"", ""rho"": 65536.0, ""gain"": 0.0}, {""block"": ""star_ris"", ""rho"": 1.0, ""gain"": 0.11508119824521046}, {""block"": ""rsma"", ""rho"": 65536.0, ""gain"": 0.0}, {""block"": ""star_ris"", ""rho"": 1.0, ""gain"": 0.03478416139856577}, {""block"": ""rsma"", ""rho"": 65536.0, ""gain"": 0.0}, {""block"": ""star_ris"", ""rho"": 1.0, ""gain"": 0.08446780338206139}, {""block"": ""rsma"", ""rho"": 65536.0, ""gain"": 0.0}, {""block"": ""star_ris"", ""rho"": 1.0, ""gain"": 0.015747799949238583}, {""block"": ""rsma"", ""rho"": 65536.0, ""gain"": 0.0}, {""block"": ""star_ris"", ""rho"": 2.0, ""gain"": 0.01926167216121044}, {""block"": ""rsma"", ""rho"": 65536.0, ""gain"": 0.0}, {""block"": ""star_ris"", ""rho"": 8.0, ""gain"": 0.007944743169048252}, {""block"": ""rsma"", ""rho"": 65536.0, ""gain"": 0.0}, {""block"": ""star_ris"", ""rho"": 16.0, ""gain"": 0.003675471020873289}, {""block"": ""rsma"", ""rho"": 65536.0, ""gain"": 0.0}, {""block"": ""star_ris"", ""rho"": 1.0, ""gain"": 0.03392818598814529}, {""block"": ""rsma"", ""rho"": 65536.0, ""gain"": 0.0}, {""block"": ""star_ris"", ""rho"": 32.0, ""gain"": 0.00021462902597946254}]",{},1568.488311,2a8450eb5d4f6f05c03681c57cc71c0590f449be523644dbfde0384d2f23053d,fc61d5cda7da39530055bae9bd0e92865f995cd9,6ec54735c1c2c35cd253d9d3d23295783293b6d64c65204dfcab16b2d59ebbef
ao_sca,32,10000,261,test,15.363223069434396,15.363223069434396,1.0,True,0.0,12,2598,22,ao_sca_proximal_physical,analytical_ris_equal_allocation,"[1.8368376302872482, 14.358545762886447, 14.583854549468931, 14.654756938291998, 14.788789675497576, 14.90405449085857, 15.02700713354672, 15.200444748316958, 15.339836663372864, 15.345464122800013, 15.349539331121328, 15.362595303913498, 15.363223069434397]","[{""block"": ""rsma"", ""rho"": 1.0, ""gain"": 11.58765626507968}, {""block"": ""star_ris"", ""rho"": 1.0, ""gain"": 0.9340518675195177}, {""block"": ""rsma"", ""rho"": 65536.0, ""gain"": 0.0}, {""block"": ""star_ris"", ""rho"": 32.0, ""gain"": 0.22530878658248454}, {""block"": ""rsma"", ""rho"": 1.0, ""gain"": 0.0}, {""block"": ""star_ris"", ""rho"": 16.0, ""gain"": 0.07090238882306643}, {""block"": ""rsma"", ""rho"": 1.0, ""gain"": 0.0}, {""block"": ""star_ris"", ""rho"": 4.0, ""gain"": 0.13403273720557785}, {""block"": ""rsma"", ""rho"": 1.0, ""gain"": 0.0}, {""block"": ""star_ris"", ""rho"": 2.0, ""gain"": 0.11526481536099453}, {""block"": ""rsma"", ""rho"": 1.0, ""gain"": -1.7763568394002505e-15}, {""block"": ""star_ris"", ""rho"": 4.0, ""gain"": 0.12295264268815131}, {""block"": ""rsma"", ""rho"": 1.0, ""gain"": 1.7763568394002505e-15}, {""block"": ""star_ris"", ""rho"": 4.0, ""gain"": 0.17343761477023634}, {""block"": ""rsma"", ""rho"": 1.0, ""gain"": 0.0}, {""block"": ""star_ris"", ""rho"": 8.0, ""gain"": 0.13939191505590642}, {""block"": ""rsma"", ""rho"": 1.0, ""gain"": 0.0}, {""block"": ""star_ris"", ""rho"": 16.0, ""gain"": 0.005627459427149262}, {""block"": ""rsma"", ""rho"": 1.0, ""gain"": 0.0}, {""block"": ""star_ris"", ""rho"": 32.0, ""gain"": 0.00407520832131425}, {""block"": ""rsma"", ""rho"": 1.0, ""gain"": 0.0}, {""block"": ""star_ris"", ""rho"": 16.0, ""gain"": 0.013055972792169968}, {""block"": ""rsma"", ""rho"": 1.0, ""gain"": 0.0}, {""block"": ""star_ris"", ""rho"": 64.0, ""gain"": 0.0006277655208997146}]",{},1304.815856,2a8450eb5d4f6f05c03681c57cc71c0590f449be523644dbfde0384d2f23053d,fc61d5cda7da39530055bae9bd0e92865f995cd9,6ec54735c1c2c35cd253d9d3d23295783293b6d64c65204dfcab16b2d59ebbef
ao_sca,32,10000,262,test,15.527784031571308,15.527784031571308,1.0,True,0.0,12,2576,23,ao_sca_proximal_physical,analytical_ris_equal_allocation,"[1.8370472946785668, 14.983816030720797, 15.046856757997585, 15.084042111823553, 15.228705025441828, 15.239752591369754, 15.282285545161491, 15.37186625605372, 15.404244360219504, 15.460548704968904, 15.521196922889253, 15.52756770573217, 15.527784031571308]","[{""block"": ""rsma"", ""rho"": 1.0, ""gain"": 12.092499771669939}, {""block"": ""star_ris"", ""rho"": 1.0, ""gain"": 1.0542689643722927}, {""block"": ""rsma"", ""rho"": 1.0, ""gain"": 1.7763568394002505e-15}, {""block"": ""star_ris"", ""rho"": 8.0, ""gain"": 0.06304072727678545}, {""block"": ""rsma"", ""rho"": 1.0, ""gain"": 1.7763568394002505e-15}, {""block"": ""star_ris"", ""rho"": 8.0, ""gain"": 0.03718535382596677}, {""block"": ""rsma"", ""rho"": 1.0, ""gain"": 0.0}, {""block"": ""star_ris"", ""rho"": 8.0, ""gain"": 0.14466291361827466}, {""block"": ""rsma"", ""rho"": 1.0, ""gain"": -1.7763568394002505e-15}, {""block"": ""star_ris"", ""rho"": 8.0, ""gain"": 0.011047565927928105}, {""block"": ""rsma"", ""rho"": 1.0, ""gain"": -1.7763568394002505e-15}, {""block"": ""star_ris"", ""rho"": 4.0, ""gain"": 0.04253295379173849}, {""block"": ""rsma"", ""rho"": 1.0, ""gain"": 0.0}, {""block"": ""star_ris"", ""rho"": 2.0, ""gain"": 0.08958071089222841}, {""block"": ""rsma"", ""rho"": 1.0, ""gain"": 0.0}, {""block"": ""star_ris"", ""rho"": 2.0, ""gain"": 0.032378104165784904}, {""block"": ""rsma"", ""rho"": 1.0, ""gain"": -1.7763568394002505e-15}, {""block"": ""star_ris"", ""rho"": 1.0, ""gain"": 0.05630434474940138}, {""block"": ""rsma"", ""rho"": 1.0, ""gain"": 0.0}, {""block"": ""star_ris"", ""rho"": 8.0, ""gain"": 0.06064821792034891}, {""block"": ""rsma"", ""rho"": 1.0, ""gain"": 0.0}, {""block"": ""star_ris"", ""rho"": 8.0, ""gain"": 0.006370782842918032}, {""block"": ""rsma"", ""rho"": 1.0, ""gain"": 1.7763568394002505e-15}, {""block"": ""star_ris"", ""rho"": 512.0, ""gain"": 0.00021632583913522296}]",{},1391.742702,2a8450eb5d4f6f05c03681c57cc71c0590f449be523644dbfde0384d2f23053d,fc61d5cda7da39530055bae9bd0e92865f995cd9,6ec54735c1c2c35cd253d9d3d23295783293b6d64c65204dfcab16b2d59ebbef
ao_sca,32,10000,263,test,16.20176326140418,16.20176326140418,1.0,True,0.0,9,1945,16,ao_sca_proximal_physical,analytical_ris_equal_allocation,"[1.8374603314796845, 15.107139598781526, 15.376564389123349, 15.851047973577096, 15.991099283509826, 16.008517038610904, 16.0342985269718, 16.18564289440831, 16.20122656309586, 16.20176326140418]","[{""block"": ""rsma"", ""rho"": 1.0, ""gain"": 13.249188123326}, {""block"": ""star_ris"", ""rho"": 1.0, ""gain"": 0.020491143975840842}, {""block"": ""rsma"", ""rho"": 65536.0, ""gain"": 0.0}, {""block"": ""star_ris"", ""rho"": 1.0, ""gain"": 0.269424790341823}, {""block"": ""rsma"", ""rho"": 1.0, ""gain"": -1.7763568394002505e-15}, {""block"": ""star_ris"", ""rho"": 4.0, ""gain"": 0.4744835844537487}, {""block"": ""rsma"", ""rho"": 1.0, ""gain"": -3.552713678800501e-15}, {""block"": ""star_ris"", ""rho"": 4.0, ""gain"": 0.1400513099327334}, {""block"": ""rsma"", ""rho"": 1.0, ""gain"": 0.0}, {""block"": ""star_ris"", ""rho"": 64.0, ""gain"": 0.01741775510107857}, {""block"": ""rsma"", ""rho"": 1.0, ""gain"": 0.0}, {""block"": ""star_ris"", ""rho"": 2.0, ""gain"": 0.02578148836089511}, {""block"": ""rsma"", ""rho"": 1.0, ""gain"": 0.0}, {""block"": ""star_ris"", ""rho"": 8.0, ""gain"": 0.15134436743651136}, {""block"": ""rsma"", ""rho"": 1.0, ""gain"": 7.105427357601002e-15}, {""block"": ""star_ris"", ""rho"": 8.0, ""gain"": 0.015583668687543906}, {""block"": ""rsma"", ""rho"": 1.0, ""gain"": 0.0}, {""block"": ""star_ris"", ""rho"": 16.0, ""gain"": 0.0005366983083199273}]",{},1005.673253,2a8450eb5d4f6f05c03681c57cc71c0590f449be523644dbfde0384d2f23053d,fc61d5cda7da39530055bae9bd0e92865f995cd9,6ec54735c1c2c35cd253d9d3d23295783293b6d64c65204dfcab16b2d59ebbef
ao_sca,32,10000,264,test,15.984177272653032,15.984177272653032,1.0,True,0.0,14,3014,28,ao_sca_proximal_physical,analytical_ris_equal_allocation,"[1.8374635673486632, 15.087542042862125, 15.177604007069574, 15.379847699796784, 15.478192456116512, 15.504922077969486, 15.514275482365653, 15.535996818344831, 15.595598955420185, 15.696197892013268, 15.892167431381758, 15.976039670899478, 15.980446534594222, 15.983831814558805, 15.984177272653032]","[{""block"": ""rsma"", ""rho"": 1.0, ""gain"": 12.974855894997804}, {""block"": ""star_ris"", ""rho"": 4.0, ""gain"": 0.27522258051565807}, {""block"": ""rsma"", ""rho"": 1.0, ""gain"": 0.0}, {""block"": ""star_ris"", ""rho"": 4.0, ""gain"": 0.0900619642074485}, {""block"": ""rsma"", ""rho"": 1.0, ""gain"": -1.7763568394002505e-15}, {""block"": ""star_ris"", ""rho"": 8.0, ""gain"": 0.20224369272721177}, {""block"": ""rsma"", ""rho"": 1.0, ""gain"": 1.7763568394002505e-15}, {""block"": ""star_ris"", ""rho"": 16.0, ""gain"": 0.09834475631972595}, {""block"": ""rsma"", ""rho"": 1.0, ""gain"": 0.0}, {""block"": ""star_ris"", ""rho"": 32.0, ""gain"": 0.026729621852974006}, {""block"": ""rsma"", ""rho"": 1.0, ""gain"": 0.0}, {""block"": ""star_ris"", ""rho"": 16.0, ""gain"": 0.009353404396167164}, {""block"": ""rsma"", ""rho"": 1.0, ""gain"": 0.0}, {""block"": ""star_ris"", ""rho"": 4.0, ""gain"": 0.021721335979178136}, {""block"": ""rsma"", ""rho"": 1.0, ""gain"": 0.0}, {""block"": ""star_ris"", ""rho"": 2.0, ""gain"": 0.05960213707535367}, {""block"": ""rsma"", ""rho"": 1.0, ""gain"": -5.329070518200751e-15}, {""block"": ""star_ris"", ""rho"": 4.0, ""gain"": 0.10059893659308905}, {""block"": ""rsma"", ""rho"": 1.0, ""gain"": 3.552713678800501e-15}, {""block"": ""star_ris"", ""rho"": 4.0, ""gain"": 0.1959695393684857}, {""block"": ""rsma"", ""rho"": 1.0, ""gain"": 0.0}, {""block"": ""star_ris"", ""rho"": 8.0, ""gain"": 0.08387223951772071}, {""block"": ""rsma"", ""rho"": 1.0, ""gain"": 0.0}, {""block"": ""star_ris"", ""rho"": 16.0, ""gain"": 0.004406863694743635}, {""block"": ""rsma"", ""rho"": 1.0, ""gain"": 1.7763568394002505e-15}, {""block"": ""star_ris"", ""rho"": 8.0, ""gain"": 0.003385279964581045}, {""block"": ""rsma"", ""rho"": 1.0, ""gain"": -3.552713678800501e-15}, {""block"": ""star_ris"", ""rho"": 256.0, ""gain"": 0.00034545809423036644}]",{},1596.404546,2a8450eb5d4f6f05c03681c57cc71c0590f449be523644dbfde0384d2f23053d,fc61d5cda7da39530055bae9bd0e92865f995cd9,6ec54735c1c2c35cd253d9d3d23295783293b6d64c65204dfcab16b2d59ebbef
ao_sca,32,10000,265,test,16.013691290886676,16.013691290886676,1.0,True,0.0,13,2789,22,ao_sca_proximal_physical,analytical_ris_equal_allocation,"[1.8373816090320174, 15.213907460721636, 15.231684951766066, 15.375291914090308, 15.438910510044984, 15.450462800098883, 15.67566001306427, 15.797229190091471, 15.827211464250158, 15.893697212137289, 15.9850409070006, 15.999273400935174, 16.013049486702023, 16.013691290886676]","[{""block"": ""rsma"", ""rho"": 1.0, ""gain"": 12.64905570745081}, {""block"": ""star_ris"", ""rho"": 2.0, ""gain"": 0.7274701442388078}, {""block"": ""rsma"", ""rho"": 1.0, ""gain"": 0.0}, {""block"": ""star_ris"", ""rho"": 1.0, ""gain"": 0.017777491044430604}, {""block"": ""rsma"", ""rho"": 1.0, ""gain"": 1.7763568394002505e-15}, {""block"": ""star_ris"", ""rho"": 8.0, ""gain"": 0.14360696232423997}, {""block"": ""rsma"", ""rho"": 1.0, ""gain"": 0.0}, {""block"": ""star_ris"", ""rho"": 16.0, ""gain"": 0.06361859595467578}, {""block"": ""rsma"", ""rho"": 1.0, ""gain"": -3.552713678800501e-15}, {""block"": ""star_ris"", ""rho"": 2.0, ""gain"": 0.01155229005390268}, {""block"": ""rsma"", ""rho"": 1.0, ""gain"": 3.552713678800501e-15}, {""block"": ""star_ris"", ""rho"": 4.0, ""gain"": 0.22519721296538364}, {""block"": ""rsma"", ""rho"": 1.0, ""gain"": 0.0}, {""block"": ""star_ris"", ""rho"": 1.0, ""gain"": 0.12156917702720094}, {""block"": ""rsma"", ""rho"": 1.0, ""gain"": 0.0}, {""block"": ""star_ris"", ""rho"": 16.0, ""gain"": 0.02998227415868726}, {""block"": ""rsma"", ""rho"": 1.0, ""gain"": 0.0}, {""block"": ""star_ris"", ""rho"": 8.0, ""gain"": 0.06648574788713013}, {""block"": ""rsma"", ""rho"": 1.0, ""gain"": 0.0}, {""block"": ""star_ris"", ""rho"": 2.0, ""gain"": 0.09134369486331195}, {""block"": ""rsma"", ""rho"": 1.0, ""gain"": -3.552713678800501e-15}, {""block"": ""star_ris"", ""rho"": 32.0, ""gain"": 0.014232493934576596}, {""block"": ""rsma"", ""rho"": 1.0, ""gain"": 0.0}, {""block"": ""star_ris"", ""rho"": 16.0, ""gain"": 0.013776085766849633}, {""block"": ""rsma"", ""rho"": 1.0, ""gain"": 0.0}, {""block"": ""star_ris"", ""rho"": 16.0, ""gain"": 0.0006418041846529832}]",{},1452.022251,2a8450eb5d4f6f05c03681c57cc71c0590f449be523644dbfde0384d2f23053d,fc61d5cda7da39530055bae9bd0e92865f995cd9,6ec54735c1c2c35cd253d9d3d23295783293b6d64c65204dfcab16b2d59ebbef
ao_sca,32,10000,266,test,16.16310266488,16.16310266488,1.0,True,0.0,16,3475,27,ao_sca_proximal_physical,analytical_ris_equal_allocation,"[1.8372323131195458, 14.382890601392265, 14.561829096765605, 14.817464549950026, 15.51540848798787, 15.66715100004063, 15.694496027741003, 15.748562810384392, 15.885470229436285, 16.04348163784389, 16.06155262837084, 16.086331043791258, 16.11232305229162, 16.145562178575343, 16.159594033938383, 16.162425827194316, 16.16310266488]","[{""block"": ""rsma"", ""rho"": 1.0, ""gain"": 12.382991954431922}, {""block"": ""star_ris"", ""rho"": 1.0, ""gain"": 0.16266633384079654}, {""block"": ""rsma"", ""rho"": 65536.0, ""gain"": 0.0}, {""block"": ""star_ris"", ""rho"": 1.0, ""gain"": 0.17893849537333928}, {""block"": ""rsma"", ""rho"": 65536.0, ""gain"": 0.0}, {""block"": ""star_ris"", ""rho"": 1.0, ""gain"": 0.2556354531844214}, {""block"": ""rsma"", ""rho"": 65536.0, ""gain"": 0.0}, {""block"": ""star_ris"", ""rho"": 1.0, ""gain"": 0.6979439380378434}, {""block"": ""rsma"", ""rho"": 1.0, ""gain"": 1.7763568394002505e-15}, {""block"": ""star_ris"", ""rho"": 2.0, ""gain"": 0.15174251205275802}, {""block"": ""rsma"", ""rho"": 1.0, ""gain"": 1.7763568394002505e-15}, {""block"": ""star_ris"", ""rho"": 2.0, ""gain"": 0.02734502770037217}, {""block"": ""rsma"", ""rho"": 1.0, ""gain"": 0.0}, {""block"": ""star_ris"", ""rho"": 4.0, ""gain"": 0.05406678264338893}, {""block"": ""rsma"", ""rho"": 1.0, ""gain"": 1.7763568394002505e-15}, {""block"": ""star_ris"", ""rho"": 2.0, ""gain"": 0.13690741905189086}, {""block"": ""rsma"", ""rho"": 1.0, ""gain"": -1.7763568394002505e-15}, {""block"": ""star_ris"", ""rho"": 2.0, ""gain"": 0.15801140840760652}, {""block"": ""rsma"", ""rho"": 1.0, ""gain"": 0.0}, {""block"": ""star_ris"", ""rho"": 16.0, ""gain"": 0.018070990526950936}, {""block"": ""rsma"", ""rho"": 1.0, ""gain"": 0.0}, {""block"": ""star_ris"", ""rho"": 16.0, ""gain"": 0.024778415420417588}, {""block"": ""rsma"", ""rho"": 1.0, ""gain"": 0.0}, {""block"": ""star_ris"", ""rho"": 16.0, ""gain"": 0.02599200850036354}, {""block"": ""rsma"", ""rho"": 1.0, ""gain"": -3.552713678800501e-15}, {""block"": ""star_ris"", ""rho"": 16.0, ""gain"": 0.03323912628372483}, {""block"": ""rsma"", ""rho"": 1.0, ""gain"": 3.552713678800501e-15}, {""block"": ""star_ris"", ""rho"": 16.0, ""gain"": 0.014031855363036527}, {""block"": ""rsma"", ""rho"": 1.0, ""gain"": 0.0}, {""block"": ""star_ris"", ""rho"": 64.0, ""gain"": 0.0028317932559325243}, {""block"": ""rsma"", ""rho"": 1.0, ""gain"": 3.552713678800501e-15}, {""block"": ""star_ris"", ""rho"": 32.0, ""gain"": 0.0006768376856811642}]",{},1781.866575,2a8450eb5d4f6f05c03681c57cc71c0590f449be523644dbfde0384d2f23053d,fc61d5cda7da39530055bae9bd0e92865f995cd9,6ec54735c1c2c35cd253d9d3d23295783293b6d64c65204dfcab16b2d59ebbef
ao_sca,32,10000,267,test,16.342457927250592,16.342457927250592,1.0,True,0.0,16,3434,31,ao_sca_proximal_physical,analytical_ris_equal_allocation,"[1.8374733672770915, 15.653400912910346, 15.935336013304664, 15.962270903812005, 15.987724395910657, 16.01134392596103, 16.041487570425282, 16.063396299215356, 16.08010690510807, 16.168168904225574, 16.18983595853937, 16.243147477317336, 16.24943224791584, 16.290801040870456, 16.318856798534764, 16.342083559553465, 16.342457927250592]","[{""block"": ""rsma"", ""rho"": 1.0, ""gain"": 12.778778135020634}, {""block"": ""star_ris"", ""rho"": 1.0, ""gain"": 1.0371494106126207}, {""block"": ""rsma"", ""rho"": 1.0, ""gain"": 0.0}, {""block"": ""star_ris"", ""rho"": 4.0, ""gain"": 0.2819351003943176}, {""block"": ""rsma"", ""rho"": 1.0, ""gain"": -1.7763568394002505e-15}, {""block"": ""star_ris"", ""rho"": 2.0, ""gain"": 0.026934890507343212}, {""block"": ""rsma"", ""rho"": 1.0, ""gain"": 0.0}, {""block"": ""star_ris"", ""rho"": 2.0, ""gain"": 0.02545349209865222}, {""block"": ""rsma"", ""rho"": 1.0, ""gain"": 1.7763568394002505e-15}, {""block"": ""star_ris"", ""rho"": 1.0, ""gain"": 0.023619530050369875}, {""block"": ""rsma"", ""rho"": 1.0, ""gain"": -7.105427357601002e-15}, {""block"": ""star_ris"", ""rho"": 8.0, ""gain"": 0.030143644464260433}, {""block"": ""rsma"", ""rho"": 1.0, ""gain"": 0.0}, {""block"": ""star_ris"", ""rho"": 8.0, ""gain"": 0.02190872879007344}, {""block"": ""rsma"", ""rho"": 1.0, ""gain"": 0.0}, {""block"": ""star_ris"", ""rho"": 4.0, ""gain"": 0.016710605892715336}, {""block"": ""rsma"", ""rho"": 1.0, ""gain"": 0.0}, {""block"": ""star_ris"", ""rho"": 16.0, ""gain"": 0.08806199911750312}, {""block"": ""rsma"", ""rho"": 1.0, ""gain"": 0.0}, {""block"": ""star_ris"", ""rho"": 16.0, ""gain"": 0.02166705431379512}, {""block"": ""rsma"", ""rho"": 1.0, ""gain"": 3.552713678800501e-15}, {""block"": ""star_ris"", ""rho"": 4.0, ""gain"": 0.053311518777963585}, {""block"": ""rsma"", ""rho"": 1.0, ""gain"": 0.0}, {""block"": ""star_ris"", ""rho"": 16.0, ""gain"": 0.006284770598504963}, {""block"": ""rsma"", ""rho"": 1.0, ""gain"": 0.0}, {""block"": ""star_ris"", ""rho"": 8.0, ""gain"": 0.041368792954614264}, {""block"": ""rsma"", ""rho"": 1.0, ""gain"": 3.552713678800501e-15}, {""block"": ""star_ris"", ""rho"": 8.0, ""gain"": 0.028055757664304792}, {""block"": ""rsma"", ""rho"": 1.0, ""gain"": 0.0}, {""block"": ""star_ris"", ""rho"": 8.0, ""gain"": 0.02322676101870158}, {""block"": ""rsma"", ""rho"": 1.0, ""gain"": 0.0}, {""block"": ""star_ris"", ""rho"": 64.0, ""gain"": 0.0003743676971268428}]",{},1713.509732,2a8450eb5d4f6f05c03681c57cc71c0590f449be523644dbfde0384d2f23053d,fc61d5cda7da39530055bae9bd0e92865f995cd9,6ec54735c1c2c35cd253d9d3d23295783293b6d64c65204dfcab16b2d59ebbef
ao_sca,32,10000,268,test,16.041035542276877,16.041035542276877,1.0,True,0.0,11,2359,22,ao_sca_proximal_physical,analytical_ris_equal_allocation,"[1.837356528127904, 15.520854361797102, 15.534388901170752, 15.709558852655226, 15.72749526883075, 15.839382579523203, 15.849880903356807, 15.890531338276237, 16.02785062746355, 16.03748122939067, 16.04038111877949, 16.041035542276877]","[{""block"": ""rsma"", ""rho"": 1.0, ""gain"": 12.578734990414667}, {""block"": ""star_ris"", ""rho"": 1.0, ""gain"": 1.104762843254532}, {""block"": ""rsma"", ""rho"": 1.0, ""gain"": 3.552713678800501e-15}, {""block"": ""star_ris"", ""rho"": 2.0, ""gain"": 0.013534539373646126}, {""block"": ""rsma"", ""rho"": 1.0, ""gain"": 1.7763568394002505e-15}, {""block"": ""star_ris"", ""rho"": 1.0, ""gain"": 0.175169951484472}, {""block"": ""rsma"", ""rho"": 1.0, ""gain"": 0.0}, {""block"": ""star_ris"", ""rho"": 2.0, ""gain"": 0.017936416175524883}, {""block"": ""rsma"", ""rho"": 1.0, ""gain"": 0.0}, {""block"": ""star_ris"", ""rho"": 8.0, ""gain"": 0.1118873106924525}, {""block"": ""rsma"", ""rho"": 1.0, ""gain"": 1.7763568394002505e-15}, {""block"": ""star_ris"", ""rho"": 8.0, ""gain"": 0.01049832383360183}, {""block"": ""rsma"", ""rho"": 1.0, ""gain"": 1.7763568394002505e-15}, {""block"": ""star_ris"", ""rho"": 2.0, ""gain"": 0.04065043491942788}, {""block"": ""rsma"", ""rho"": 1.0, ""gain"": -1.7763568394002505e-15}, {""block"": ""star_ris"", ""rho"": 2.0, ""gain"": 0.13731928918731562}, {""block"": ""rsma"", ""rho"": 1.0, ""gain"": 0.0}, {""block"": ""star_ris"", ""rho"": 32.0, ""gain"": 0.009630601927121063}, {""block"": ""rsma"", ""rho"": 1.0, ""gain"": 0.0}, {""block"": ""star_ris"", ""rho"": 64.0, ""gain"": 0.002899889388817911}, {""block"": ""rsma"", ""rho"": 1.0, ""gain"": 3.552713678800501e-15}, {""block"": ""star_ris"", ""rho"": 32.0, ""gain"": 0.0006544234973837604}]",{},1241.305432,2a8450eb5d4f6f05c03681c57cc71c0590f449be523644dbfde0384d2f23053d,fc61d5cda7da39530055bae9bd0e92865f995cd9,6ec54735c1c2c35cd253d9d3d23295783293b6d64c65204dfcab16b2d59ebbef
ao_sca,32,10000,269,test,15.085994452557255,15.085994452557255,1.0,True,0.0,20,4313,37,ao_sca_proximal_physical,analytical_ris_equal_allocation,"[1.8367637262203167, 13.710523738358521, 14.153259980696431, 14.36840391938177, 14.45352583440072, 14.506961194734323, 14.5465643972453, 14.586921607234336, 14.602582593498727, 14.830805306629458, 14.837934680907814, 14.846372592044634, 14.890583616705715, 14.938336775642085, 15.029817571244411, 15.04425608671932, 15.054996958759908, 15.065291314753422, 15.06813843710171, 15.081716713833373, 15.085994452557255]","[{""block"": ""rsma"", ""rho"": 1.0, ""gain"": 11.717048949441107}, {""block"": ""star_ris"", ""rho"": 1.0, ""gain"": 0.1567110626970969}, {""block"": ""rsma"", ""rho"": 65536.0, ""gain"": 0.0}, {""block"": ""star_ris"", ""rho"": 2.0, ""gain"": 0.44273624233790976}, {""block"": ""rsma"", ""rho"": 1.0, ""gain"": 0.0}, {""block"": ""star_ris"", ""rho"": 8.0, ""gain"": 0.21514393868533865}, {""block"": ""rsma"", ""rho"": 1.0, ""gain"": 1.7763568394002505e-15}, {""block"": ""star_ris"", ""rho"": 2.0, ""gain"": 0.08512191501894861}, {""block"": ""rsma"", ""rho"": 1.0, ""gain"": 0.0}, {""block"": ""star_ris"", ""rho"": 4.0, ""gain"": 0.0534353603336033}, {""block"": ""rsma"", ""rho"": 1.0, ""gain"": 0.0}, {""block"": ""star_ris"", ""rho"": 4.0, ""gain"": 0.03960320251097649}, {""block"": ""rsma"", ""rho"": 1.0, ""gain"": -1.7763568394002505e-15}, {""block"": ""star_ris"", ""rho"": 8.0, ""gain"": 0.04035720998903791}, {""block"": ""rsma"", ""rho"": 1.0, ""gain"": 0.0}, {""block"": ""star_ris"", ""rho"": 2.0, ""gain"": 0.015660986264391497}, {""block"": ""rsma"", ""rho"": 1.0, ""gain"": 0.0}, {""block"": ""star_ris"", ""rho"": 8.0, ""gain"": 0.22822271313073017}, {""block"": ""rsma"", ""rho"": 1.0, ""gain"": 0.0}, {""block"": ""star_ris"", ""rho"": 8.0, ""gain"": 0.007129374278356693}, {""block"": ""rsma"", ""rho"": 1.0, ""gain"": 1.7763568394002505e-15}, {""block"": ""star_ris"", ""rho"": 32.0, ""gain"": 0.008437911136818244}, {""block"": ""rsma"", ""rho"": 1.0, ""gain"": 1.7763568394002505e-15}, {""block"": ""star_ris"", ""rho"": 4.0, ""gain"": 0.04421102466107918}, {""block"": ""rsma"", ""rho"": 1.0, ""gain"": 0.0}, {""block"": ""star_ris"", ""rho"": 4.0, ""gain"": 0.04775315893637}, {""block"": ""rsma"", ""rho"": 1.0, ""gain"": -1.7763568394002505e-15}, {""block"": ""star_ris"", ""rho"": 16.0, ""gain"": 0.0914807956023278}, {""block"": ""rsma"", ""rho"": 1.0, ""gain"": 0.0}, {""block"": ""star_ris"", ""rho"": 8.0, ""gain"": 0.014438515474909153}, {""block"": ""rsma"", ""rho"": 1.0, ""gain"": 0.0}, {""block"": ""star_ris"", ""rho"": 32.0, ""gain"": 0.01074087204058749}, {""block"": ""rsma"", ""rho"": 1.0, ""gain"": 0.0}, {""block"": ""star_ris"", ""rho"": 32.0, ""gain"": 0.010294355993513804}, {""block"": ""rsma"", ""rho"": 1.0, ""gain"": 0.0}, {""block"": ""star_ris"", ""rho"": 16.0, ""gain"": 0.0028471223482888774}, {""block"": ""rsma"", ""rho"": 1.0, ""gain"": 0.0}, {""block"": ""star_ris"", ""rho"": 8.0, ""gain"": 0.013578276731662342}, {""block"": ""rsma"", ""rho"": 1.0, ""gain"": 0.0}, {""block"": ""star_ris"", ""rho"": 32.0, ""gain"": 0.004277738723882152}]",{},2258.747488,2a8450eb5d4f6f05c03681c57cc71c0590f449be523644dbfde0384d2f23053d,fc61d5cda7da39530055bae9bd0e92865f995cd9,6ec54735c1c2c35cd253d9d3d23295783293b6d64c65204dfcab16b2d59ebbef
ao_sca,32,10000,270,test,15.422977629875264,15.422977629875264,1.0,True,0.0,19,4082,37,ao_sca_proximal_physical,analytical_ris_equal_allocation,"[1.836959547732963, 14.738010716286974, 14.755163619501854, 14.797461536139709, 14.816524823083917, 14.998703241890217, 15.068334378214683, 15.112786491975097, 15.13301000652353, 15.229207959670191, 15.236765691697991, 15.317964108229226, 15.347771839938163, 15.35952018175204, 15.385434241961754, 15.400056159174198, 15.411573111694986, 15.417720490683024, 15.422604494969212, 15.422977629875264]","[{""block"": ""rsma"", ""rho"": 1.0, ""gain"": 11.790884162689743}, {""block"": ""star_ris"", ""rho"": 2.0, ""gain"": 1.1101670058642679}, {""block"": ""rsma"", ""rho"": 1.0, ""gain"": 0.0}, {""block"": ""star_ris"", ""rho"": 16.0, ""gain"": 0.017152903214880055}, {""block"": ""rsma"", ""rho"": 1.0, ""gain"": -3.552713678800501e-15}, {""block"": ""star_ris"", ""rho"": 8.0, ""gain"": 0.042297916637858535}, {""block"": ""rsma"", ""rho"": 1.0, ""gain"": 3.552713678800501e-15}, {""block"": ""star_ris"", ""rho"": 4.0, ""gain"": 0.01906328694420445}, {""block"": ""rsma"", ""rho"": 1.0, ""gain"": 0.0}, {""block"": ""star_ris"", ""rho"": 2.0, ""gain"": 0.18217841880630026}, {""block"": ""rsma"", ""rho"": 1.0, ""gain"": -1.7763568394002505e-15}, {""block"": ""star_ris"", ""rho"": 2.0, ""gain"": 0.06963113632446749}, {""block"": ""rsma"", ""rho"": 1.0, ""gain"": 0.0}, {""block"": ""star_ris"", ""rho"": 4.0, ""gain"": 0.044452113760414136}, {""block"": ""rsma"", ""rho"": 1.0, ""gain"": -1.7763568394002505e-15}, {""block"": ""star_ris"", ""rho"": 2.0, ""gain"": 0.020223514548435517}, {""block"": ""rsma"", ""rho"": 1.0, ""gain"": 0.0}, {""block"": ""star_ris"", ""rho"": 4.0, ""gain"": 0.09619795314666035}, {""block"": ""rsma"", ""rho"": 1.0, ""gain"": 1.7763568394002505e-15}, {""block"": ""star_ris"", ""rho"": 4.0, ""gain"": 0.007557732027798636}, {""block"": ""rsma"", ""rho"": 1.0, ""gain"": 1.7763568394002505e-15}, {""block"": ""star_ris"", ""rho"": 4.0, ""gain"": 0.08119841653123316}, {""block"": ""rsma"", ""rho"": 1.0, ""gain"": -1.7763568394002505e-15}, {""block"": ""star_ris"", ""rho"": 8.0, ""gain"": 0.02980773170893869}, {""block"": ""rsma"", ""rho"": 1.0, ""gain"": -1.7763568394002505e-15}, {""block"": ""star_ris"", ""rho"": 8.0, ""gain"": 0.011748341813879293}, {""block"": ""rsma"", ""rho"": 1.0, ""gain"": 0.0}, {""block"": ""star_ris"", ""rho"": 8.0, ""gain"": 0.025914060209712986}, {""block"": ""rsma"", ""rho"": 1.0, ""gain"": 0.0}, {""block"": ""star_ris"", ""rho"": 16.0, ""gain"": 0.014621917212444657}, {""block"": ""rsma"", ""rho"": 1.0, ""gain"": 0.0}, {""block"": ""star_ris"", ""rho"": 8.0, ""gain"": 0.011516952520787882}, {""block"": ""rsma"", ""rho"": 1.0, ""gain"": 0.0}, {""block"": ""star_ris"", ""rho"": 64.0, ""gain"": 0.006147378988037744}, {""block"": ""rsma"", ""rho"": 1.0, ""gain"": 0.0}, {""block"": ""star_ris"", ""rho"": 32.0, ""gain"": 0.0048840042861879596}, {""block"": ""rsma"", ""rho"": 1.0, ""gain"": 0.0}, {""block"": ""star_ris"", ""rho"": 32.0, ""gain"": 0.00037313490605228594}]",{},2132.530355,2a8450eb5d4f6f05c03681c57cc71c0590f449be523644dbfde0384d2f23053d,fc61d5cda7da39530055bae9bd0e92865f995cd9,6ec54735c1c2c35cd253d9d3d23295783293b6d64c65204dfcab16b2d59ebbef
ao_sca,32,10000,271,test,17.263305639610167,17.263305639610167,1.0,True,0.0,20,4317,31,ao_sca_proximal_physical,analytical_ris_equal_allocation,"[1.8378046237677659, 16.29596736857677, 16.69379318322251, 16.705012547725804, 16.71290086052756, 16.738161410247553, 16.748734185031143, 16.797437747805827, 16.81232350190101, 16.8941616109332, 16.914505127298828, 17.02330968052879, 17.04167518962973, 17.177283995645546, 17.190792447934626, 17.22063910405049, 17.229342093696765, 17.258592122711264, 17.26058897230216, 17.262889686144035, 17.263305639610167]","[{""block"": ""rsma"", ""rho"": 1.0, ""gain"": 14.06993407150378}, {""block"": ""star_ris"", ""rho"": 1.0, ""gain"": 0.38822867330522115}, {""block"": ""rsma"", ""rho"": 1.0, ""gain"": 0.0}, {""block"": ""star_ris"", ""rho"": 16.0, ""gain"": 0.39782581464574207}, {""block"": ""rsma"", ""rho"": 1.0, ""gain"": 0.0}, {""block"": ""star_ris"", ""rho"": 32.0, ""gain"": 0.01121936450329386}, {""block"": ""rsma"", ""rho"": 1.0, ""gain"": 0.0}, {""block"": ""star_ris"", ""rho"": 32.0, ""gain"": 0.00788831280175728}, {""block"": ""rsma"", ""rho"": 1.0, ""gain"": 0.0}, {""block"": ""star_ris"", ""rho"": 16.0, ""gain"": 0.025260549719991587}, {""block"": ""rsma"", ""rho"": 1.0, ""gain"": 0.0}, {""block"": ""star_ris"", ""rho"": 16.0, ""gain"": 0.010572774783589978}, {""block"": ""rsma"", ""rho"": 1.0, ""gain"": 3.552713678800501e-15}, {""block"": ""star_ris"", ""rho"": 8.0, ""gain"": 0.04870356277467991}, {""block"": ""rsma"", ""rho"": 1.0, ""gain"": 3.552713678800501e-15}, {""block"": ""star_ris"", ""rho"": 8.0, ""gain"": 0.014885754095178783}, {""block"": ""rsma"", ""rho"": 1.0, ""gain"": -3.552713678800501e-15}, {""block"": ""star_ris"", ""rho"": 4.0, ""gain"": 0.08183810903219424}, {""block"": ""rsma"", ""rho"": 1.0, ""gain"": 0.0}, {""block"": ""star_ris"", ""rho"": 4.0, ""gain"": 0.020343516365628034}, {""block"": ""rsma"", ""rho"": 1.0, ""gain"": 0.0}, {""block"": ""star_ris"", ""rho"": 2.0, ""gain"": 0.10880455322996241}, {""block"": ""rsma"", ""rho"": 1.0, ""gain"": 0.0}, {""block"": ""star_ris"", ""rho"": 2.0, ""gain"": 0.018365509100938482}, {""block"": ""rsma"", ""rho"": 1.0, ""gain"": 0.0}, {""block"": ""star_ris"", ""rho"": 4.0, ""gain"": 0.13560880601581715}, {""block"": ""rsma"", ""rho"": 1.0, ""gain"": 0.0}, {""block"": ""star_ris"", ""rho"": 16.0, ""gain"": 0.013508452289080708}, {""block"": ""rsma"", ""rho"": 1.0, ""gain"": 0.0}, {""block"": ""star_ris"", ""rho"": 8.0, ""gain"": 0.02984665611586479}, {""block"": ""rsma"", ""rho"": 1.0, ""gain"": 0.0}, {""block"": ""star_ris"", ""rho"": 16.0, ""gain"": 0.008702989646273807}, {""block"": ""rsma"", ""rho"": 1.0, ""gain"": 0.0}, {""block"": ""star_ris"", ""rho"": 8.0, ""gain"": 0.02925002901449858}, {""block"": ""rsma"", ""rho"": 1.0, ""gain"": -3.552713678800501e-15}, {""block"": ""star_ris"", ""rho"": 256.0, ""gain"": 0.0019968495908990747}, {""block"": ""rsma"", ""rho"": 1.0, ""gain"": -7.105427357601002e-15}, {""block"": ""star_ris"", ""rho"": 256.0, ""gain"": 0.0023007138418833506}, {""block"": ""rsma"", ""rho"": 1.0, ""gain"": 3.552713678800501e-15}, {""block"": ""star_ris"", ""rho"": 1024.0, ""gain"": 0.00041595346612766093}]",{},2179.286626,2a8450eb5d4f6f05c03681c57cc71c0590f449be523644dbfde0384d2f23053d,fc61d5cda7da39530055bae9bd0e92865f995cd9,6ec54735c1c2c35cd253d9d3d23295783293b6d64c65204dfcab16b2d59ebbef
ao_sca,32,10000,272,test,16.458320520343356,16.458320520343356,1.0,True,0.0,8,1718,14,ao_sca_proximal_physical,analytical_ris_equal_allocation,"[1.8377589992829928, 16.133362687892166, 16.156302714971716, 16.284884545949005, 16.32212616185553, 16.403823391634674, 16.448980430028218, 16.457420039124283, 16.458320520343356]","[{""block"": ""rsma"", ""rho"": 1.0, ""gain"": 14.266849294267576}, {""block"": ""star_ris"", ""rho"": 8.0, ""gain"": 0.02875439434159688}, {""block"": ""rsma"", ""rho"": 1.0, ""gain"": 0.0}, {""block"": ""star_ris"", ""rho"": 4.0, ""gain"": 0.022940027079549452}, {""block"": ""rsma"", ""rho"": 1.0, ""gain"": 0.0}, {""block"": ""star_ris"", ""rho"": 2.0, ""gain"": 0.12858183097728926}, {""block"": ""rsma"", ""rho"": 1.0, ""gain"": 0.0}, {""block"": ""star_ris"", ""rho"": 2.0, ""gain"": 0.03724161590652386}, {""block"": ""rsma"", ""rho"": 1.0, ""gain"": 0.0}, {""block"": ""star_ris"", ""rho"": 16.0, ""gain"": 0.08169722977914518}, {""block"": ""rsma"", ""rho"": 1.0, ""gain"": 0.0}, {""block"": ""star_ris"", ""rho"": 2.0, ""gain"": 0.04515703839354401}, {""block"": ""rsma"", ""rho"": 1.0, ""gain"": 0.0}, {""block"": ""star_ris"", ""rho"": 32.0, ""gain"": 0.008439609096065226}, {""block"": ""rsma"", ""rho"": 1.0, ""gain"": 0.0}, {""block"": ""star_ris"", ""rho"": 16.0, ""gain"": 0.000900481219073157}]",{},856.957542,2a8450eb5d4f6f05c03681c57cc71c0590f449be523644dbfde0384d2f23053d,fc61d5cda7da39530055bae9bd0e92865f995cd9,6ec54735c1c2c35cd253d9d3d23295783293b6d64c65204dfcab16b2d59ebbef
ao_sca,32,10000,273,test,18.062691342155382,18.062691342155382,1.0,True,0.0,15,3443,17,ao_sca_proximal_physical,analytical_ris_equal_allocation,"[1.8375062397392765, 14.675383965019432, 14.684270200547402, 15.168510445413446, 15.269808629873292, 15.288884962728106, 15.308960656010058, 15.31884626537317, 15.522098415944958, 17.450659809150178, 17.45791359314051, 17.86649297769756, 18.002504215182306, 18.057739326722334, 18.061043980117347, 18.062691342155386]","[{""block"": ""rsma"", ""rho"": 1.0, ""gain"": 12.819838992208364}, {""block"": ""star_ris"", ""rho"": 128.0, ""gain"": 0.018038733071790602}, {""block"": ""rsma"", ""rho"": 65536.0, ""gain"": 0.0}, {""block"": ""star_ris"", ""rho"": 256.0, ""gain"": 0.008886235527970854}, {""block"": ""rsma"", ""rho"": 65536.0, ""gain"": 0.0}, {""block"": ""star_ris"", ""rho"": 4.0, ""gain"": 0.48424024486604367}, {""block"": ""rsma"", ""rho"": 65536.0, ""gain"": 0.0}, {""block"": ""star_ris"", ""rho"": 8.0, ""gain"": 0.1012981844598464}, {""block"": ""rsma"", ""rho"": 65536.0, ""gain"": 0.0}, {""block"": ""star_ris"", ""rho"": 4.0, ""gain"": 0.019076332854814027}, {""block"": ""rsma"", ""rho"": 65536.0, ""gain"": 0.0}, {""block"": ""star_ris"", ""rho"": 64.0, ""gain"": 0.020075693281951246}, {""block"": ""rsma"", ""rho"": 65536.0, ""gain"": 0.0}, {""block"": ""star_ris"", ""rho"": 128.0, ""gain"": 0.00988560936311167}, {""block"": ""rsma"", ""rho"": 65536.0, ""gain"": 0.0}, {""block"": ""star_ris"", ""rho"": 2.0, ""gain"": 0.2032521505717888}, {""block"": ""rsma"", ""rho"": 256.0, ""gain"": 1.636313205267209}, {""block"": ""star_ris"", ""rho"": 2.0, ""gain"": 0.2922481879380108}, {""block"": ""rsma"", ""rho"": 65536.0, ""gain"": 0.0}, {""block"": ""star_ris"", ""rho"": 64.0, ""gain"": 0.007253783990332607}, {""block"": ""rsma"", ""rho"": 65536.0, ""gain"": 0.0}, {""block"": ""star_ris"", ""rho"": 1.0, ""gain"": 0.4085793845570507}, {""block"": ""rsma"", ""rho"": 65536.0, ""gain"": 0.0}, {""block"": ""star_ris"", ""rho"": 2.0, ""gain"": 0.13601123748474464}, {""block"": ""rsma"", ""rho"": 65536.0, ""gain"": 0.0}, {""block"": ""star_ris"", ""rho"": 4.0, ""gain"": 0.05523511154002847}, {""block"": ""rsma"", ""rho"": 65536.0, ""gain"": 0.0}, {""block"": ""star_ris"", ""rho"": 64.0, ""gain"": 0.0033046533950127355}, {""block"": ""rsma"", ""rho"": 65536.0, ""gain"": 0.0}, {""block"": ""star_ris"", ""rho"": 128.0, ""gain"": 0.0016473620380388354}]",{},1744.140297,2a8450eb5d4f6f05c03681c57cc71c0590f449be523644dbfde0384d2f23053d,fc61d5cda7da39530055bae9bd0e92865f995cd9,6ec54735c1c2c35cd253d9d3d23295783293b6d64c65204dfcab16b2d59ebbef
ao_sca,32,10000,274,test,15.82329579259559,15.82329579259559,1.0,True,0.0,12,2603,20,ao_sca_proximal_physical,analytical_ris_equal_allocation,"[1.8365979180685548, 15.267387711266736, 15.559308825924704, 15.561769428928184, 15.587750886268651, 15.623601080210241, 15.632419090066035, 15.63457132248097, 15.796327459881535, 15.798804678881512, 15.803942220024167, 15.822558030492054, 15.82329579259559]","[{""block"": ""rsma"", ""rho"": 1.0, ""gain"": 10.898285764693796}, {""block"": ""star_ris"", ""rho"": 2.0, ""gain"": 2.532504028504386}, {""block"": ""rsma"", ""rho"": 1.0, ""gain"": 0.0}, {""block"": ""star_ris"", ""rho"": 4.0, ""gain"": 0.29192111465796877}, {""block"": ""rsma"", ""rho"": 1.0, ""gain"": 0.0}, {""block"": ""star_ris"", ""rho"": 8.0, ""gain"": 0.002460603003479278}, {""block"": ""rsma"", ""rho"": 1.0, ""gain"": 0.0}, {""block"": ""star_ris"", ""rho"": 16.0, ""gain"": 0.02598145734046753}, {""block"": ""rsma"", ""rho"": 1.0, ""gain"": 0.0}, {""block"": ""star_ris"", ""rho"": 32.0, ""gain"": 0.035850193941589836}, {""block"": ""rsma"", ""rho"": 1.0, ""gain"": 0.0}, {""block"": ""star_ris"", ""rho"": 128.0, ""gain"": 0.008818009855794173}, {""block"": ""rsma"", ""rho"": 1.0, ""gain"": 0.0}, {""block"": ""star_ris"", ""rho"": 2.0, ""gain"": 0.0021522324149341188}, {""block"": ""rsma"", ""rho"": 1.0, ""gain"": 0.0}, {""block"": ""star_ris"", ""rho"": 16.0, ""gain"": 0.16175613740056605}, {""block"": ""rsma"", ""rho"": 1.0, ""gain"": 1.7763568394002505e-15}, {""block"": ""star_ris"", ""rho"": 16.0, ""gain"": 0.00247721899997444}, {""block"": ""rsma"", ""rho"": 1.0, ""gain"": 0.0}, {""block"": ""star_ris"", ""rho"": 512.0, ""gain"": 0.005137541142655522}, {""block"": ""rsma"", ""rho"": 1.0, ""gain"": 0.0}, {""block"": ""star_ris"", ""rho"": 128.0, ""gain"": 0.018615810467887073}, {""block"": ""rsma"", ""rho"": 1.0, ""gain"": 0.0}, {""block"": ""star_ris"", ""rho"": 2048.0, ""gain"": 0.0007377621035367099}]",{},1351.149891,2a8450eb5d4f6f05c03681c57cc71c0590f449be523644dbfde0384d2f23053d,fc61d5cda7da39530055bae9bd0e92865f995cd9,6ec54735c1c2c35cd253d9d3d23295783293b6d64c65204dfcab16b2d59ebbef
ao_sca,32,10000,275,test,17.932807293586606,17.932807293586606,1.0,True,0.0,13,2943,15,ao_sca_proximal_physical,analytical_ris_equal_allocation,"[1.8371640176830013, 14.824592115480119, 16.88335216772491, 17.19796868444331, 17.426189283851777, 17.591218249647497, 17.70402926674151, 17.779559694662506, 17.834041390749082, 17.88208029086344, 17.92441580912422, 17.929227643747865, 17.9316167233678, 17.932807293586606]","[{""block"": ""rsma"", ""rho"": 1.0, ""gain"": 12.213841303573801}, {""block"": ""star_ris"", ""rho"": 1.0, ""gain"": 0.7735867942233163}, {""block"": ""rsma"", ""rho"": 512.0, ""gain"": 1.2825826414241632}, {""block"": ""star_ris"", ""rho"": 1.0, ""gain"": 0.7761774108206296}, {""block"": ""rsma"", ""rho"": 65536.0, ""gain"": 0.0}, {""block"": ""star_ris"", ""rho"": 1.0, ""gain"": 0.31461651671839874}, {""block"": ""rsma"", ""rho"": 65536.0, ""gain"": 0.0}, {""block"": ""star_ris"", ""rho"": 1.0, ""gain"": 0.22822059940846628}, {""block"": ""rsma"", ""rho"": 65536.0, ""gain"": 0.0}, {""block"": ""star_ris"", ""rho"": 1.0, ""gain"": 0.16502896579572024}, {""block"": ""rsma"", ""rho"": 65536.0, ""gain"": 0.0}, {""block"": ""star_ris"", ""rho"": 1.0, ""gain"": 0.11281101709401398}, {""block"": ""rsma"", ""rho"": 65536.0, ""gain"": 0.0}, {""block"": ""star_ris"", ""rho"": 1.0, ""gain"": 0.07553042792099518}, {""block"": ""rsma"", ""rho"": 65536.0, ""gain"": 0.0}, {""block"": ""star_ris"", ""rho"": 1.0, ""gain"": 0.05448169608657594}, {""block"": ""rsma"", ""rho"": 65536.0, ""gain"": 0.0}, {""block"": ""star_ris"", ""rho"": 1.0, ""gain"": 0.04803890011435641}, {""block"": ""rsma"", ""rho"": 65536.0, ""gain"": 0.0}, {""block"": ""star_ris"", ""rho"": 1.0, ""gain"": 0.04233551826078141}, {""block"": ""rsma"", ""rho"": 65536.0, ""gain"": 0.0}, {""block"": ""star_ris"", ""rho"": 8.0, ""gain"": 0.004811834623644984}, {""block"": ""rsma"", ""rho"": 65536.0, ""gain"": 0.0}, {""block"": ""star_ris"", ""rho"": 16.0, ""gain"": 0.00238907961993462}, {""block"": ""rsma"", ""rho"": 65536.0, ""gain"": 0.0}, {""block"": ""star_ris"", ""rho"": 32.0, ""gain"": 0.0011905702188066414}]",{},1588.454985,2a8450eb5d4f6f05c03681c57cc71c0590f449be523644dbfde0384d2f23053d,fc61d5cda7da39530055bae9bd0e92865f995cd9,6ec54735c1c2c35cd253d9d3d23295783293b6d64c65204dfcab16b2d59ebbef
ao_sca,32,10000,276,test,15.658307269413813,15.658307269413813,1.0,True,0.0,20,4417,32,ao_sca_proximal_physical,analytical_ris_equal_allocation,"[1.8371619832926613, 14.251916194246816, 14.303497888743983, 14.328378540548696, 14.427862783688438, 14.51809471778732, 14.538833553893088, 14.743121697157157, 15.024683636790275, 15.05668564711089, 15.072810211860231, 15.105630549756052, 15.463999530653721, 15.477233825486447, 15.52016759553811, 15.526178881270368, 15.52855056969377, 15.546832348186593, 15.561456962159557, 15.567775503011397, 15.658307269413813]","[{""block"": ""rsma"", ""rho"": 1.0, ""gain"": 12.303302793256792}, {""block"": ""star_ris"", ""rho"": 16.0, ""gain"": 0.11145141769736178}, {""block"": ""rsma"", ""rho"": 65536.0, ""gain"": 0.0}, {""block"": ""star_ris"", ""rho"": 32.0, ""gain"": 0.051581694497167874}, {""block"": ""rsma"", ""rho"": 65536.0, ""gain"": 0.0}, {""block"": ""star_ris"", ""rho"": 64.0, ""gain"": 0.024880651804712883}, {""block"": ""rsma"", ""rho"": 65536.0, ""gain"": 0.0}, {""block"": ""star_ris"", ""rho"": 8.0, ""gain"": 0.09948424313974158}, {""block"": ""rsma"", ""rho"": 65536.0, ""gain"": 0.0}, {""block"": ""star_ris"", ""rho"": 8.0, ""gain"": 0.09023193409888286}, {""block"": ""rsma"", ""rho"": 65536.0, ""gain"": 0.0}, {""block"": ""star_ris"", ""rho"": 64.0, ""gain"": 0.020738836105767433}, {""block"": ""rsma"", ""rho"": 65536.0, ""gain"": 0.0}, {""block"": ""star_ris"", ""rho"": 1.0, ""gain"": 0.20428814326406908}, {""block"": ""rsma"", ""rho"": 65536.0, ""gain"": 0.0}, {""block"": ""star_ris"", ""rho"": 8.0, ""gain"": 0.28156193963311793}, {""block"": ""rsma"", ""rho"": 1.0, ""gain"": -3.552713678800501e-15}, {""block"": ""star_ris"", ""rho"": 64.0, ""gain"": 0.03200201032061756}, {""block"": ""rsma"", ""rho"": 1.0, ""gain"": -1.7763568394002505e-15}, {""block"": ""star_ris"", ""rho"": 128.0, ""gain"": 0.01612456474934376}, {""block"": ""rsma"", ""rho"": 1.0, ""gain"": 0.0}, {""block"": ""star_ris"", ""rho"": 64.0, ""gain"": 0.03282033789582073}, {""block"": ""rsma"", ""rho"": 1.0, ""gain"": 0.0}, {""block"": ""star_ris"", ""rho"": 1.0, ""gain"": 0.35836898089766933}, {""block"": ""rsma"", ""rho"": 1.0, ""gain"": -1.7763568394002505e-15}, {""block"": ""star_ris"", ""rho"": 2.0, ""gain"": 0.013234294832727755}, {""block"": ""rsma"", ""rho"": 1.0, ""gain"": 1.7763568394002505e-15}, {""block"": ""star_ris"", ""rho"": 16.0, ""gain"": 0.04293377005166121}, {""block"": ""rsma"", ""rho"": 1.0, ""gain"": -3.552713678800501e-15}, {""block"": ""star_ris"", ""rho"": 128.0, ""gain"": 0.00601128573226184}, {""block"": ""rsma"", ""rho"": 1.0, ""gain"": 3.552713678800501e-15}, {""block"": ""star_ris"", ""rho"": 8.0, ""gain"": 0.0023716884233984104}, {""block"": ""rsma"", ""rho"": 1.0, ""gain"": 0.0}, {""block"": ""star_ris"", ""rho"": 8.0, ""gain"": 0.018281778492822198}, {""block"": ""rsma"", ""rho"": 1.0, ""gain"": 1.7763568394002505e-15}, {""block"": ""star_ris"", ""rho"": 2.0, ""gain"": 0.014624613972962663}, {""block"": ""rsma"", ""rho"": 1.0, ""gain"": 0.0}, {""block"": ""star_ris"", ""rho"": 4.0, ""gain"": 0.0063185408518400266}, {""block"": ""rsma"", ""rho"": 1.0, ""gain"": 0.0}, {""block"": ""star_ris"", ""rho"": 2.0, ""gain"": 0.09053176640241567}]",{},2268.057194,2a8450eb5d4f6f05c03681c57cc71c0590f449be523644dbfde0384d2f23053d,fc61d5cda7da39530055bae9bd0e92865f995cd9,6ec54735c1c2c35cd253d9d3d23295783293b6d64c65204dfcab16b2d59ebbef
ao_sca,32,10000,277,test,15.951378341328663,15.951378341328663,1.0,True,0.0,8,1724,15,ao_sca_proximal_physical,analytical_ris_equal_allocation,"[1.8376590999294908, 15.781787449745043, 15.787186110990953, 15.828740980907082, 15.862341377660114, 15.894925509331998, 15.91483323165241, 15.95118424071362, 15.951378341328663]","[{""block"": ""rsma"", ""rho"": 1.0, ""gain"": 13.939138711296717}, {""block"": ""star_ris"", ""rho"": 2.0, ""gain"": 0.004989638518834383}, {""block"": ""rsma"", ""rho"": 1.0, ""gain"": 0.0}, {""block"": ""star_ris"", ""rho"": 16.0, ""gain"": 0.0053986612459109296}, {""block"": ""rsma"", ""rho"": 1.0, ""gain"": 0.0}, {""block"": ""star_ris"", ""rho"": 16.0, ""gain"": 0.04155486991612811}, {""block"": ""rsma"", ""rho"": 1.0, ""gain"": -3.552713678800501e-15}, {""block"": ""star_ris"", ""rho"": 8.0, ""gain"": 0.03360039675303561}, {""block"": ""rsma"", ""rho"": 1.0, ""gain"": 3.552713678800501e-15}, {""block"": ""star_ris"", ""rho"": 8.0, ""gain"": 0.032584131671880456}, {""block"": ""rsma"", ""rho"": 1.0, ""gain"": 0.0}, {""block"": ""star_ris"", ""rho"": 64.0, ""gain"": 0.019907722320413157}, {""block"": ""rsma"", ""rho"": 1.0, ""gain"": 0.0}, {""block"": ""star_ris"", ""rho"": 4.0, ""gain"": 0.03635100906120847}, {""block"": ""rsma"", ""rho"": 1.0, ""gain"": 0.0}, {""block"": ""star_ris"", ""rho"": 16.0, ""gain"": 0.00019410061504387954}]",{},874.250055,2a8450eb5d4f6f05c03681c57cc71c0590f449be523644dbfde0384d2f23053d,fc61d5cda7da39530055bae9bd0e92865f995cd9,6ec54735c1c2c35cd253d9d3d23295783293b6d64c65204dfcab16b2d59ebbef
ao_sca,32,10000,278,test,17.94272160175649,17.94272160175649,1.0,True,0.0,12,2685,16,ao_sca_proximal_physical,analytical_ris_equal_allocation,"[1.8372906828011264, 14.997385574662408, 15.106833153790085, 15.12435619923314, 17.19529158721977, 17.519169988373665, 17.719475731718326, 17.821554837542312, 17.890224386939593, 17.930218583440887, 17.938227334128015, 17.94184421887075, 17.94272160175649]","[{""block"": ""rsma"", ""rho"": 1.0, ""gain"": 12.362578463624644}, {""block"": ""star_ris"", ""rho"": 1.0, ""gain"": 0.7975164282366372}, {""block"": ""rsma"", ""rho"": 1.0, ""gain"": 0.0}, {""block"": ""star_ris"", ""rho"": 4.0, ""gain"": 0.10944757912767678}, {""block"": ""rsma"", ""rho"": 1.0, ""gain"": 0.0}, {""block"": ""star_ris"", ""rho"": 2.0, ""gain"": 0.017523045443056162}, {""block"": ""rsma"", ""rho"": 128.0, ""gain"": 1.479069812321086}, {""block"": ""star_ris"", ""rho"": 1.0, ""gain"": 0.591865575665544}, {""block"": ""rsma"", ""rho"": 65536.0, ""gain"": 0.0}, {""block"": ""star_ris"", ""rho"": 1.0, ""gain"": 0.32387840115389466}, {""block"": ""rsma"", ""rho"": 65536.0, ""gain"": 0.0}, {""block"": ""star_ris"", ""rho"": 1.0, ""gain"": 0.20030574334466067}, {""block"": ""rsma"", ""rho"": 65536.0, ""gain"": 0.0}, {""block"": ""star_ris"", ""rho"": 1.0, ""gain"": 0.10207910582398583}, {""block"": ""rsma"", ""rho"": 65536.0, ""gain"": 0.0}, {""block"": ""star_ris"", ""rho"": 1.0, ""gain"": 0.06866954939728132}, {""block"": ""rsma"", ""rho"": 65536.0, ""gain"": 0.0}, {""block"": ""star_ris"", ""rho"": 1.0, ""gain"": 0.039994196501293544}, {""block"": ""rsma"", ""rho"": 65536.0, ""gain"": 0.0}, {""block"": ""star_ris"", ""rho"": 4.0, ""gain"": 0.008008750687128696}, {""block"": ""rsma"", ""rho"": 65536.0, ""gain"": 0.0}, {""block"": ""star_ris"", ""rho"": 8.0, ""gain"": 0.0036168847427333617}, {""block"": ""rsma"", ""rho"": 65536.0, ""gain"": 0.0}, {""block"": ""star_ris"", ""rho"": 32.0, ""gain"": 0.000877382885740019}]",{},1363.460388,2a8450eb5d4f6f05c03681c57cc71c0590f449be523644dbfde0384d2f23053d,fc61d5cda7da39530055bae9bd0e92865f995cd9,6ec54735c1c2c35cd253d9d3d23295783293b6d64c65204dfcab16b2d59ebbef
ao_sca,32,10000,279,test,15.91296693793828,15.91296693793828,1.0,True,0.0,10,2172,19,ao_sca_proximal_physical,analytical_ris_equal_allocation,"[1.8376121153359912, 15.503064245643948, 15.509598846369887, 15.523100659921507, 15.707043565025057, 15.788855732588884, 15.79373411199764, 15.796165436528813, 15.824146414233303, 15.912956597518434, 15.912966937938279]","[{""block"": ""rsma"", ""rho"": 1.0, ""gain"": 13.662006458689904}, {""block"": ""star_ris"", ""rho"": 64.0, ""gain"": 0.00344567161805287}, {""block"": ""rsma"", ""rho"": 1.0, ""gain"": 0.0}, {""block"": ""star_ris"", ""rho"": 16.0, ""gain"": 0.0065346007259385885}, {""block"": ""rsma"", ""rho"": 1.0, ""gain"": 0.0}, {""block"": ""star_ris"", ""rho"": 4.0, ""gain"": 0.0135018135516205}, {""block"": ""rsma"", ""rho"": 1.0, ""gain"": 1.7763568394002505e-15}, {""block"": ""star_ris"", ""rho"": 8.0, ""gain"": 0.18394290510354772}, {""block"": ""rsma"", ""rho"": 1.0, ""gain"": 0.0}, {""block"": ""star_ris"", ""rho"": 16.0, ""gain"": 0.08181216756382703}, {""block"": ""rsma"", ""rho"": 1.0, ""gain"": 1.7763568394002505e-15}, {""block"": ""star_ris"", ""rho"": 256.0, ""gain"": 0.004878379408754796}, {""block"": ""rsma"", ""rho"": 1.0, ""gain"": 0.0}, {""block"": ""star_ris"", ""rho"": 512.0, ""gain"": 0.002431324531173118}, {""block"": ""rsma"", ""rho"": 1.0, ""gain"": 0.0}, {""block"": ""star_ris"", ""rho"": 8.0, ""gain"": 0.027980977704489263}, {""block"": ""rsma"", ""rho"": 1.0, ""gain"": 1.7763568394002505e-15}, {""block"": ""star_ris"", ""rho"": 16.0, ""gain"": 0.0888101832851298}, {""block"": ""rsma"", ""rho"": 1.0, ""gain"": -3.552713678800501e-15}, {""block"": ""star_ris"", ""rho"": 256.0, ""gain"": 1.0340419848375859e-05}]",{},1112.242826,2a8450eb5d4f6f05c03681c57cc71c0590f449be523644dbfde0384d2f23053d,fc61d5cda7da39530055bae9bd0e92865f995cd9,6ec54735c1c2c35cd253d9d3d23295783293b6d64c65204dfcab16b2d59ebbef
ao_sca,32,10000,280,test,16.173028999988137,16.173028999988137,1.0,True,0.0,6,1305,9,ao_sca_proximal_physical,analytical_ris_equal_allocation,"[1.8370846719669445, 14.973668251621984, 15.955740222910748, 16.144870097588736, 16.15105840174907, 16.17174582994354, 16.173028999988137]","[{""block"": ""rsma"", ""rho"": 1.0, ""gain"": 11.724684852577266}, {""block"": ""star_ris"", ""rho"": 1.0, ""gain"": 1.411898727077773}, {""block"": ""rsma"", ""rho"": 65536.0, ""gain"": 0.0}, {""block"": ""star_ris"", ""rho"": 1.0, ""gain"": 0.9820719712887644}, {""block"": ""rsma"", ""rho"": 1.0, ""gain"": 0.0}, {""block"": ""star_ris"", ""rho"": 8.0, ""gain"": 0.18912987467798814}, {""block"": ""rsma"", ""rho"": 1.0, ""gain"": 0.0}, {""block"": ""star_ris"", ""rho"": 8.0, ""gain"": 0.006188304160332336}, {""block"": ""rsma"", ""rho"": 1.0, ""gain"": 0.0}, {""block"": ""star_ris"", ""rho"": 4.0, ""gain"": 0.02068742819447067}, {""block"": ""rsma"", ""rho"": 1.0, ""gain"": 0.0}, {""block"": ""star_ris"", ""rho"": 512.0, ""gain"": 0.001283170044597881}]",{},649.182327,2a8450eb5d4f6f05c03681c57cc71c0590f449be523644dbfde0384d2f23053d,fc61d5cda7da39530055bae9bd0e92865f995cd9,6ec54735c1c2c35cd253d9d3d23295783293b6d64c65204dfcab16b2d59ebbef
ao_sca,32,10000,281,test,15.432640393840046,15.432640393840046,1.0,True,0.0,3,652,6,ao_sca_proximal_physical,analytical_ris_equal_allocation,"[1.8372334568042084, 15.421731034773902, 15.432267961968458, 15.432640393840046]","[{""block"": ""rsma"", ""rho"": 1.0, ""gain"": 11.959709413023813}, {""block"": ""star_ris"", ""rho"": 2.0, ""gain"": 1.6247881649458815}, {""block"": ""rsma"", ""rho"": 1.0, ""gain"": 1.7763568394002505e-15}, {""block"": ""star_ris"", ""rho"": 64.0, ""gain"": 0.010536927194554124}, {""block"": ""rsma"", ""rho"": 1.0, ""gain"": 1.7763568394002505e-15}, {""block"": ""star_ris"", ""rho"": 256.0, ""gain"": 0.0003724318715860875}]",{},320.497498,2a8450eb5d4f6f05c03681c57cc71c0590f449be523644dbfde0384d2f23053d,fc61d5cda7da39530055bae9bd0e92865f995cd9,6ec54735c1c2c35cd253d9d3d23295783293b6d64c65204dfcab16b2d59ebbef
ao_sca,32,10000,282,test,16.159668456307003,16.159668456307003,1.0,True,0.0,13,2792,25,ao_sca_proximal_physical,analytical_ris_equal_allocation,"[1.8373112969784395, 15.575819915795385, 15.612011020112712, 15.648819390154571, 15.730783845224629, 15.773603390462327, 15.845323285940273, 15.862525455570093, 15.931936157761283, 15.959103990113093, 15.970130111669377, 16.129000093235366, 16.159135598139674, 16.159668456307003]","[{""block"": ""rsma"", ""rho"": 1.0, ""gain"": 12.170892368945125}, {""block"": ""star_ris"", ""rho"": 2.0, ""gain"": 1.5676162498718202}, {""block"": ""rsma"", ""rho"": 1.0, ""gain"": 0.0}, {""block"": ""star_ris"", ""rho"": 8.0, ""gain"": 0.03619110431732686}, {""block"": ""rsma"", ""rho"": 1.0, ""gain"": 0.0}, {""block"": ""star_ris"", ""rho"": 8.0, ""gain"": 0.036808370041859106}, {""block"": ""rsma"", ""rho"": 1.0, ""gain"": 0.0}, {""block"": ""star_ris"", ""rho"": 4.0, ""gain"": 0.08196445507005734}, {""block"": ""rsma"", ""rho"": 1.0, ""gain"": 0.0}, {""block"": ""star_ris"", ""rho"": 4.0, ""gain"": 0.042819545237698264}, {""block"": ""rsma"", ""rho"": 1.0, ""gain"": 0.0}, {""block"": ""star_ris"", ""rho"": 16.0, ""gain"": 0.07171989547794588}, {""block"": ""rsma"", ""rho"": 1.0, ""gain"": 0.0}, {""block"": ""star_ris"", ""rho"": 64.0, ""gain"": 0.017202169629820574}, {""block"": ""rsma"", ""rho"": 1.0, ""gain"": 1.7763568394002505e-15}, {""block"": ""star_ris"", ""rho"": 4.0, ""gain"": 0.06941070219118828}, {""block"": ""rsma"", ""rho"": 1.0, ""gain"": 0.0}, {""block"": ""star_ris"", ""rho"": 4.0, ""gain"": 0.027167832351809196}, {""block"": ""rsma"", ""rho"": 1.0, ""gain"": 0.0}, {""block"": ""star_ris"", ""rho"": 4.0, ""gain"": 0.011026121556284352}, {""block"": ""rsma"", ""rho"": 1.0, ""gain"": 1.7763568394002505e-15}, {""block"": ""star_ris"", ""rho"": 4.0, ""gain"": 0.15886998156598686}, {""block"": ""rsma"", ""rho"": 1.0, ""gain"": 0.0}, {""block"": ""star_ris"", ""rho"": 4.0, ""gain"": 0.030135504904308164}, {""block"": ""rsma"", ""rho"": 1.0, ""gain"": 0.0}, {""block"": ""star_ris"", ""rho"": 16.0, ""gain"": 0.0005328581673289534}]",{},1410.742628,2a8450eb5d4f6f05c03681c57cc71c0590f449be523644dbfde0384d2f23053d,fc61d5cda7da39530055bae9bd0e92865f995cd9,6ec54735c1c2c35cd253d9d3d23295783293b6d64c65204dfcab16b2d59ebbef
ao_sca,32,10000,283,test,17.374263348079943,17.374263348079943,1.0,True,0.0,19,4298,22,ao_sca_proximal_physical,analytical_ris_equal_allocation,"[1.8362745751563452, 13.989596647429558, 14.501254973009775, 16.49679380514461, 16.776903945120853, 16.964169381158722, 17.061863760177477, 17.064030636311042, 17.148970357821735, 17.192551902423716, 17.227214352211902, 17.259351018786713, 17.282985733932318, 17.304008863541796, 17.3223095476942, 17.337629652021775, 17.350801799003115, 17.36308429517163, 17.374114775918915, 17.374263348079943]","[{""block"": ""rsma"", ""rho"": 1.0, ""gain"": 10.71938924333382}, {""block"": ""star_ris"", ""rho"": 1.0, ""gain"": 1.4339328289393922}, {""block"": ""rsma"", ""rho"": 32768.0, ""gain"": 0.4664137782012787}, {""block"": ""star_ris"", ""rho"": 1.0, ""gain"": 0.045244547378938904}, {""block"": ""rsma"", ""rho"": 8.0, ""gain"": 1.6644128297147276}, {""block"": ""star_ris"", ""rho"": 1.0, ""gain"": 0.33112600242010615}, {""block"": ""rsma"", ""rho"": 65536.0, ""gain"": 0.0}, {""block"": ""star_ris"", ""rho"": 1.0, ""gain"": 0.28011013997624445}, {""block"": ""rsma"", ""rho"": 65536.0, ""gain"": 0.0}, {""block"": ""star_ris"", ""rho"": 1.0, ""gain"": 0.18726543603786894}, {""block"": ""rsma"", ""rho"": 65536.0, ""gain"": 0.0}, {""block"": ""star_ris"", ""rho"": 1.0, ""gain"": 0.09769437901875477}, {""block"": ""rsma"", ""rho"": 65536.0, ""gain"": 0.0}, {""block"": ""star_ris"", ""rho"": 4.0, ""gain"": 0.002166876133564699}, {""block"": ""rsma"", ""rho"": 65536.0, ""gain"": 0.0}, {""block"": ""star_ris"", ""rho"": 1.0, ""gain"": 0.08493972151069329}, {""block"": ""rsma"", ""rho"": 65536.0, ""gain"": 0.0}, {""block"": ""star_ris"", ""rho"": 1.0, ""gain"": 0.04358154460198094}, {""block"": ""rsma"", ""rho"": 65536.0, ""gain"": 0.0}, {""block"": ""star_ris"", ""rho"": 1.0, ""gain"": 0.03466244978818622}, {""block"": ""rsma"", ""rho"": 65536.0, ""gain"": 0.0}, {""block"": ""star_ris"", ""rho"": 1.0, ""gain"": 0.032136666574810846}, {""block"": ""rsma"", ""rho"": 65536.0, ""gain"": 0.0}, {""block"": ""star_ris"", ""rho"": 1.0, ""gain"": 0.023634715145604446}, {""block"": ""rsma"", ""rho"": 65536.0, ""gain"": 0.0}, {""block"": ""star_ris"", ""rho"": 1.0, ""gain"": 0.021023129609478275}, {""block"": ""rsma"", ""rho"": 65536.0, ""gain"": 0.0}, {""block"": ""star_ris"", ""rho"": 1.0, ""gain"": 0.018300684152404045}, {""block"": ""rsma"", ""rho"": 65536.0, ""gain"": 0.0}, {""block"": ""star_ris"", ""rho"": 1.0, ""gain"": 0.015320104327575024}, {""block"": ""rsma"", ""rho"": 65536.0, ""gain"": 0.0}, {""block"": ""star_ris"", ""rho"": 1.0, ""gain"": 0.01317214698133995}, {""block"": ""rsma"", ""rho"": 65536.0, ""gain"": 0.0}, {""block"": ""star_ris"", ""rho"": 1.0, ""gain"": 0.012282496168516843}, {""block"": ""rsma"", ""rho"": 65536.0, ""gain"": 0.0}, {""block"": ""star_ris"", ""rho"": 1.0, ""gain"": 0.011030480747283633}, {""block"": ""rsma"", ""rho"": 65536.0, ""gain"": 0.0}, {""block"": ""star_ris"", ""rho"": 512.0, ""gain"": 0.00014857216102726056}]",{},2310.873791,2a8450eb5d4f6f05c03681c57cc71c0590f449be523644dbfde0384d2f23053d,fc61d5cda7da39530055bae9bd0e92865f995cd9,6ec54735c1c2c35cd253d9d3d23295783293b6d64c65204dfcab16b2d59ebbef
ao_sca,32,10000,284,test,16.095299533963736,16.095299533963736,1.0,True,0.0,19,4107,31,ao_sca_proximal_physical,analytical_ris_equal_allocation,"[1.8374709088544456, 15.049902630625631, 15.084172785827294, 15.092558799445387, 15.362702467993007, 15.458557910476017, 15.528424897996446, 15.548958558600717, 15.665812609491184, 15.68440240860239, 15.8252593744871, 15.894764601676307, 16.006938436801015, 16.058045795393433, 16.082556032973102, 16.088571108025548, 16.090405042811078, 16.09229277991593, 16.094516255545315, 16.095299533963736]","[{""block"": ""rsma"", ""rho"": 1.0, ""gain"": 13.061917503393952}, {""block"": ""star_ris"", ""rho"": 16.0, ""gain"": 0.1505142183772339}, {""block"": ""rsma"", ""rho"": 1.0, ""gain"": 0.0}, {""block"": ""star_ris"", ""rho"": 64.0, ""gain"": 0.03427015520166243}, {""block"": ""rsma"", ""rho"": 1.0, ""gain"": 0.0}, {""block"": ""star_ris"", ""rho"": 256.0, ""gain"": 0.008386013618093102}, {""block"": ""rsma"", ""rho"": 1.0, ""gain"": 1.7763568394002505e-15}, {""block"": ""star_ris"", ""rho"": 2.0, ""gain"": 0.2701436685476182}, {""block"": ""rsma"", ""rho"": 1.0, ""gain"": 1.7763568394002505e-15}, {""block"": ""star_ris"", ""rho"": 1.0, ""gain"": 0.0958554424830087}, {""block"": ""rsma"", ""rho"": 1.0, ""gain"": 0.0}, {""block"": ""star_ris"", ""rho"": 32.0, ""gain"": 0.06986698752042919}, {""block"": ""rsma"", ""rho"": 1.0, ""gain"": 1.7763568394002505e-15}, {""block"": ""star_ris"", ""rho"": 8.0, ""gain"": 0.020533660604268533}, {""block"": ""rsma"", ""rho"": 1.0, ""gain"": -3.552713678800501e-15}, {""block"": ""star_ris"", ""rho"": 1.0, ""gain"": 0.11685405089047052}, {""block"": ""rsma"", ""rho"": 1.0, ""gain"": 1.7763568394002505e-15}, {""block"": ""star_ris"", ""rho"": 8.0, ""gain"": 0.018589799111204286}, {""block"": ""rsma"", ""rho"": 1.0, ""gain"": 0.0}, {""block"": ""star_ris"", ""rho"": 4.0, ""gain"": 0.1408569658847103}, {""block"": ""rsma"", ""rho"": 1.0, ""gain"": -1.7763568394002505e-15}, {""block"": ""star_ris"", ""rho"": 4.0, ""gain"": 0.06950522718920915}, {""block"": ""rsma"", ""rho"": 1.0, ""gain"": 0.0}, {""block"": ""star_ris"", ""rho"": 8.0, ""gain"": 0.11217383512470747}, {""block"": ""rsma"", ""rho"": 1.0, ""gain"": -3.552713678800501e-15}, {""block"": ""star_ris"", ""rho"": 16.0, ""gain"": 0.05110735859242155}, {""block"": ""rsma"", ""rho"": 1.0, ""gain"": 0.0}, {""block"": ""star_ris"", ""rho"": 32.0, ""gain"": 0.02451023757966908}, {""block"": ""rsma"", ""rho"": 1.0, ""gain"": 0.0}, {""block"": ""star_ris"", ""rho"": 128.0, ""gain"": 0.006015075052445695}, {""block"": ""rsma"", ""rho"": 1.0, ""gain"": 0.0}, {""block"": ""star_ris"", ""rho"": 128.0, ""gain"": 0.001833934785530289}, {""block"": ""rsma"", ""rho"": 1.0, ""gain"": 7.105427357601002e-15}, {""block"": ""star_ris"", ""rho"": 128.0, ""gain"": 0.001887737104844689}, {""block"": ""rsma"", ""rho"": 1.0, ""gain"": 0.0}, {""block"": ""star_ris"", ""rho"": 64.0, ""gain"": 0.0022234756293855185}, {""block"": ""rsma"", ""rho"": 1.0, ""gain"": 0.0}, {""block"": ""star_ris"", ""rho"": 32.0, ""gain"": 0.0007832784184209629}]",{},2094.70274,2a8450eb5d4f6f05c03681c57cc71c0590f449be523644dbfde0384d2f23053d,fc61d5cda7da39530055bae9bd0e92865f995cd9,6ec54735c1c2c35cd253d9d3d23295783293b6d64c65204dfcab16b2d59ebbef
ao_sca,32,10000,285,test,15.737764893954012,15.737764893954012,1.0,True,0.0,20,4309,40,ao_sca_proximal_physical,analytical_ris_equal_allocation,"[1.8372946379233024, 14.710258014589142, 14.719637781038438, 14.821228902523366, 14.825655478529322, 14.889231921577565, 14.90450459150675, 14.908286317653353, 14.915150875255275, 14.957222011782221, 15.170373791155066, 15.4535925564206, 15.519490826408632, 15.585901729163938, 15.599650855869974, 15.641280291049913, 15.663601626272257, 15.6687582865587, 15.697365838807405, 15.714606261160652, 15.737764893954013]","[{""block"": ""rsma"", ""rho"": 1.0, ""gain"": 12.745164508505491}, {""block"": ""star_ris"", ""rho"": 16.0, ""gain"": 0.12779886816034924}, {""block"": ""rsma"", ""rho"": 1.0, ""gain"": 0.0}, {""block"": ""star_ris"", ""rho"": 16.0, ""gain"": 0.009379766449296056}, {""block"": ""rsma"", ""rho"": 1.0, ""gain"": 1.7763568394002505e-15}, {""block"": ""star_ris"", ""rho"": 16.0, ""gain"": 0.1015911214849261}, {""block"": ""rsma"", ""rho"": 1.0, ""gain"": -1.7763568394002505e-15}, {""block"": ""star_ris"", ""rho"": 8.0, ""gain"": 0.004426576005958083}, {""block"": ""rsma"", ""rho"": 1.0, ""gain"": 1.7763568394002505e-15}, {""block"": ""star_ris"", ""rho"": 32.0, ""gain"": 0.06357644304824106}, {""block"": ""rsma"", ""rho"": 1.0, ""gain"": 0.0}, {""block"": ""star_ris"", ""rho"": 128.0, ""gain"": 0.015272669929185412}, {""block"": ""rsma"", ""rho"": 1.0, ""gain"": 0.0}, {""block"": ""star_ris"", ""rho"": 512.0, ""gain"": 0.0037817261466024377}, {""block"": ""rsma"", ""rho"": 1.0, ""gain"": 1.7763568394002505e-15}, {""block"": ""star_ris"", ""rho"": 2.0, ""gain"": 0.006864557601920396}, {""block"": ""rsma"", ""rho"": 1.0, ""gain"": 0.0}, {""block"": ""star_ris"", ""rho"": 2.0, ""gain"": 0.04207113652694616}, {""block"": ""rsma"", ""rho"": 1.0, ""gain"": -1.7763568394002505e-15}, {""block"": ""star_ris"", ""rho"": 2.0, ""gain"": 0.21315177937284702}, {""block"": ""rsma"", ""rho"": 1.0, ""gain"": 3.552713678800501e-15}, {""block"": ""star_ris"", ""rho"": 2.0, ""gain"": 0.2832187652655307}, {""block"": ""rsma"", ""rho"": 1.0, ""gain"": -1.7763568394002505e-15}, {""block"": ""star_ris"", ""rho"": 4.0, ""gain"": 0.06589826998803261}, {""block"": ""rsma"", ""rho"": 1.0, ""gain"": 3.552713678800501e-15}, {""block"": ""star_ris"", ""rho"": 4.0, ""gain"": 0.06641090275530281}, {""block"": ""rsma"", ""rho"": 1.0, ""gain"": -1.7763568394002505e-15}, {""block"": ""star_ris"", ""rho"": 8.0, ""gain"": 0.01374912670603834}, {""block"": ""rsma"", ""rho"": 1.0, ""gain"": 0.0}, {""block"": ""star_ris"", ""rho"": 8.0, ""gain"": 0.04162943517993867}, {""block"": ""rsma"", ""rho"": 1.0, ""gain"": 0.0}, {""block"": ""star_ris"", ""rho"": 8.0, ""gain"": 0.02232133522234392}, {""block"": ""rsma"", ""rho"": 1.0, ""gain"": -1.7763568394002505e-15}, {""block"": ""star_ris"", ""rho"": 16.0, ""gain"": 0.005156660286445458}, {""block"": ""rsma"", ""rho"": 1.0, ""gain"": -1.7763568394002505e-15}, {""block"": ""star_ris"", ""rho"": 8.0, ""gain"": 0.02860755224870637}, {""block"": ""rsma"", ""rho"": 1.0, ""gain"": 0.0}, {""block"": ""star_ris"", ""rho"": 16.0, ""gain"": 0.017240422353246743}, {""block"": ""rsma"", ""rho"": 1.0, ""gain"": 0.0}, {""block"": ""star_ris"", ""rho"": 16.0, ""gain"": 0.023158632793361278}]",{},2182.26269,2a8450eb5d4f6f05c03681c57cc71c0590f449be523644dbfde0384d2f23053d,fc61d5cda7da39530055bae9bd0e92865f995cd9,6ec54735c1c2c35cd253d9d3d23295783293b6d64c65204dfcab16b2d59ebbef
ao_sca,32,10000,286,test,17.798132778759154,17.798132778759154,1.0,True,0.0,12,2710,15,ao_sca_proximal_physical,analytical_ris_equal_allocation,"[1.8373327841567626, 14.791376114334193, 14.982556800291148, 16.724353792387774, 16.7830852800838, 17.183422773134787, 17.428074922898354, 17.572638948690717, 17.665406686541218, 17.73171506826525, 17.791663035629746, 17.79684809012244, 17.798132778759154]","[{""block"": ""rsma"", ""rho"": 1.0, ""gain"": 12.821856280481672}, {""block"": ""star_ris"", ""rho"": 4.0, ""gain"": 0.13218704969575867}, {""block"": ""rsma"", ""rho"": 128.0, ""gain"": 0.004677119450105849}, {""block"": ""star_ris"", ""rho"": 4.0, ""gain"": 0.18650356650684863}, {""block"": ""rsma"", ""rho"": 128.0, ""gain"": 1.4425469351492222}, {""block"": ""star_ris"", ""rho"": 2.0, ""gain"": 0.2992500569474039}, {""block"": ""rsma"", ""rho"": 65536.0, ""gain"": 0.0}, {""block"": ""star_ris"", ""rho"": 8.0, ""gain"": 0.05873148769602565}, {""block"": ""rsma"", ""rho"": 65536.0, ""gain"": 0.0}, {""block"": ""star_ris"", ""rho"": 1.0, ""gain"": 0.4003374930509871}, {""block"": ""rsma"", ""rho"": 65536.0, ""gain"": 0.0}, {""block"": ""star_ris"", ""rho"": 1.0, ""gain"": 0.2446521497635672}, {""block"": ""rsma"", ""rho"": 65536.0, ""gain"": 0.0}, {""block"": ""star_ris"", ""rho"": 1.0, ""gain"": 0.14456402579236283}, {""block"": ""rsma"", ""rho"": 65536.0, ""gain"": 0.0}, {""block"": ""star_ris"", ""rho"": 1.0, ""gain"": 0.09276773785050096}, {""block"": ""rsma"", ""rho"": 65536.0, ""gain"": 0.0}, {""block"": ""star_ris"", ""rho"": 1.0, ""gain"": 0.0663083817240313}, {""block"": ""rsma"", ""rho"": 65536.0, ""gain"": 0.0}, {""block"": ""star_ris"", ""rho"": 1.0, ""gain"": 0.059947967364497146}, {""block"": ""rsma"", ""rho"": 65536.0, ""gain"": 0.0}, {""block"": ""star_ris"", ""rho"": 8.0, ""gain"": 0.005185054492695684}, {""block"": ""rsma"", ""rho"": 65536.0, ""gain"": 0.0}, {""block"": ""star_ris"", ""rho"": 32.0, ""gain"": 0.0012846886367121613}]",{},1407.741213,2a8450eb5d4f6f05c03681c57cc71c0590f449be523644dbfde0384d2f23053d,fc61d5cda7da39530055bae9bd0e92865f995cd9,6ec54735c1c2c35cd253d9d3d23295783293b6d64c65204dfcab16b2d59ebbef
ao_sca,32,10000,287,test,18.490646058887737,18.490646058887737,1.0,True,0.0,18,4114,20,ao_sca_proximal_physical,analytical_ris_equal_allocation,"[1.8374390468222053, 14.761241333879083, 15.063817548370427, 17.515032860494905, 17.633225747827478, 17.683757227823783, 17.707722829838502, 17.71941044699471, 17.72518374906499, 17.728053160586462, 17.77011506716938, 18.009329491381415, 18.165629224058215, 18.291087087772528, 18.4036371983977, 18.46929004685146, 18.483262126017507, 18.490132918450357, 18.490646058887737]","[{""block"": ""rsma"", ""rho"": 1.0, ""gain"": 12.915717374718334}, {""block"": ""star_ris"", ""rho"": 4.0, ""gain"": 0.00808491233854447}, {""block"": ""rsma"", ""rho"": 65536.0, ""gain"": 0.0}, {""block"": ""star_ris"", ""rho"": 2.0, ""gain"": 0.302576214491344}, {""block"": ""rsma"", ""rho"": 2048.0, ""gain"": 1.973635835757257}, {""block"": ""star_ris"", ""rho"": 2.0, ""gain"": 0.47757947636722164}, {""block"": ""rsma"", ""rho"": 65536.0, ""gain"": 0.0}, {""block"": ""star_ris"", ""rho"": 4.0, ""gain"": 0.11819288733257238}, {""block"": ""rsma"", ""rho"": 65536.0, ""gain"": 0.0}, {""block"": ""star_ris"", ""rho"": 8.0, ""gain"": 0.05053147999630525}, {""block"": ""rsma"", ""rho"": 65536.0, ""gain"": 0.0}, {""block"": ""star_ris"", ""rho"": 16.0, ""gain"": 0.023965602014719423}, {""block"": ""rsma"", ""rho"": 65536.0, ""gain"": 0.0}, {""block"": ""star_ris"", ""rho"": 32.0, ""gain"": 0.01168761715620903}, {""block"": ""rsma"", ""rho"": 65536.0, ""gain"": 0.0}, {""block"": ""star_ris"", ""rho"": 64.0, ""gain"": 0.005773302070277708}, {""block"": ""rsma"", ""rho"": 65536.0, ""gain"": 0.0}, {""block"": ""star_ris"", ""rho"": 128.0, ""gain"": 0.002869411521473353}, {""block"": ""rsma"", ""rho"": 65536.0, ""gain"": 0.0}, {""block"": ""star_ris"", ""rho"": 8.0, ""gain"": 0.042061906582919306}, {""block"": ""rsma"", ""rho"": 65536.0, ""gain"": 0.0}, {""block"": ""star_ris"", ""rho"": 1.0, ""gain"": 0.2392144242120331}, {""block"": ""rsma"", ""rho"": 65536.0, ""gain"": 0.0}, {""block"": ""star_ris"", ""rho"": 1.0, ""gain"": 0.15629973267679986}, {""block"": ""rsma"", ""rho"": 65536.0, ""gain"": 0.0}, {""block"": ""star_ris"", ""rho"": 1.0, ""gain"": 0.12545786371431333}, {""block"": ""rsma"", ""rho"": 65536.0, ""gain"": 0.0}, {""block"": ""star_ris"", ""rho"": 1.0, ""gain"": 0.11255011062517184}, {""block"": ""rsma"", ""rho"": 65536.0, ""gain"": 0.0}, {""block"": ""star_ris"", ""rho"": 1.0, ""gain"": 0.06565284845375885}, {""block"": ""rsma"", ""rho"": 65536.0, ""gain"": 0.0}, {""block"": ""star_ris"", ""rho"": 4.0, ""gain"": 0.013972079166048701}, {""block"": ""rsma"", ""rho"": 65536.0, ""gain"": 0.0}, {""block"": ""star_ris"", ""rho"": 8.0, ""gain"": 0.006870792432849271}, {""block"": ""rsma"", ""rho"": 65536.0, ""gain"": 0.0}, {""block"": ""star_ris"", ""rho"": 128.0, ""gain"": 0.0005131404373805992}]",{},2084.595742,2a8450eb5d4f6f05c03681c57cc71c0590f449be523644dbfde0384d2f23053d,fc61d5cda7da39530055bae9bd0e92865f995cd9,6ec54735c1c2c35cd253d9d3d23295783293b6d64c65204dfcab16b2d59ebbef
ao_sca,32,10000,288,test,16.1222500885817,16.1222500885817,1.0,True,0.0,8,1722,16,ao_sca_proximal_physical,analytical_ris_equal_allocation,"[1.83769585715862, 15.991809990480931, 16.01619532246425, 16.04281634119561, 16.07601138233751, 16.112454847148893, 16.116779310867816, 16.12100143279316, 16.1222500885817]","[{""block"": ""rsma"", ""rho"": 1.0, ""gain"": 14.100971263617812}, {""block"": ""star_ris"", ""rho"": 4.0, ""gain"": 0.05314286970449977}, {""block"": ""rsma"", ""rho"": 1.0, ""gain"": 0.0}, {""block"": ""star_ris"", ""rho"": 8.0, ""gain"": 0.024385331983317826}, {""block"": ""rsma"", ""rho"": 1.0, ""gain"": 0.0}, {""block"": ""star_ris"", ""rho"": 8.0, ""gain"": 0.0266210187313618}, {""block"": ""rsma"", ""rho"": 1.0, ""gain"": -3.552713678800501e-15}, {""block"": ""star_ris"", ""rho"": 4.0, ""gain"": 0.03319504114190153}, {""block"": ""rsma"", ""rho"": 1.0, ""gain"": 0.0}, {""block"": ""star_ris"", ""rho"": 4.0, ""gain"": 0.036443464811384274}, {""block"": ""rsma"", ""rho"": 1.0, ""gain"": 3.552713678800501e-15}, {""block"": ""star_ris"", ""rho"": 32.0, ""gain"": 0.004324463718919702}, {""block"": ""rsma"", ""rho"": 1.0, ""gain"": 0.0}, {""block"": ""star_ris"", ""rho"": 32.0, ""gain"": 0.004222121925344879}, {""block"": ""rsma"", ""rho"": 1.0, ""gain"": 0.0}, {""block"": ""star_ris"", ""rho"": 8.0, ""gain"": 0.001248655788540276}]",{},950.884877,2a8450eb5d4f6f05c03681c57cc71c0590f449be523644dbfde0384d2f23053d,fc61d5cda7da39530055bae9bd0e92865f995cd9,6ec54735c1c2c35cd253d9d3d23295783293b6d64c65204dfcab16b2d59ebbef
ao_sca,32,10000,289,test,16.167786415414856,16.167786415414856,1.0,True,0.0,11,2362,18,ao_sca_proximal_physical,analytical_ris_equal_allocation,"[1.837565416086189, 15.49764906485347, 15.598131881367244, 15.620200710101095, 15.631064565073636, 15.731312844751034, 15.809979241913382, 15.963882593268092, 16.00503854336099, 16.152597711213023, 16.16636892749219, 16.167786415414856]","[{""block"": ""rsma"", ""rho"": 1.0, ""gain"": 13.440876839107574}, {""block"": ""star_ris"", ""rho"": 4.0, ""gain"": 0.21920680965970618}, {""block"": ""rsma"", ""rho"": 1.0, ""gain"": -1.7763568394002505e-15}, {""block"": ""star_ris"", ""rho"": 4.0, ""gain"": 0.100482816513777}, {""block"": ""rsma"", ""rho"": 1.0, ""gain"": 1.7763568394002505e-15}, {""block"": ""star_ris"", ""rho"": 64.0, ""gain"": 0.022068828733848633}, {""block"": ""rsma"", ""rho"": 1.0, ""gain"": -5.329070518200751e-15}, {""block"": ""star_ris"", ""rho"": 128.0, ""gain"": 0.010863854972546605}, {""block"": ""rsma"", ""rho"": 1.0, ""gain"": 3.552713678800501e-15}, {""block"": ""star_ris"", ""rho"": 2.0, ""gain"": 0.10024827967739469}, {""block"": ""rsma"", ""rho"": 1.0, ""gain"": 0.0}, {""block"": ""star_ris"", ""rho"": 2.0, ""gain"": 0.07866639716234758}, {""block"": ""rsma"", ""rho"": 1.0, ""gain"": 0.0}, {""block"": ""star_ris"", ""rho"": 2.0, ""gain"": 0.15390335135471034}, {""block"": ""rsma"", ""rho"": 1.0, ""gain"": 0.0}, {""block"": ""star_ris"", ""rho"": 4.0, ""gain"": 0.04115595009289663}, {""block"": ""rsma"", ""rho"": 1.0, ""gain"": 0.0}, {""block"": ""star_ris"", ""rho"": 2.0, ""gain"": 0.14755916785203382}, {""block"": ""rsma"", ""rho"": 1.0, ""gain"": 0.0}, {""block"": ""star_ris"", ""rho"": 32.0, ""gain"": 0.01377121627916722}, {""block"": ""rsma"", ""rho"": 1.0, ""gain"": 0.0}, {""block"": ""star_ris"", ""rho"": 2.0, ""gain"": 0.0014174879226658277}]",{},1209.608656,2a8450eb5d4f6f05c03681c57cc71c0590f449be523644dbfde0384d2f23053d,fc61d5cda7da39530055bae9bd0e92865f995cd9,6ec54735c1c2c35cd253d9d3d23295783293b6d64c65204dfcab16b2d59ebbef
ao_sca,32,10000,290,test,15.769915295301292,15.769915295301292,1.0,True,0.0,20,4315,39,ao_sca_proximal_physical,analytical_ris_equal_allocation,"[1.8373451253920907, 14.861280260721845, 15.002288374789739, 15.02536221053122, 15.328996696134475, 15.35229833832128, 15.382810286207198, 15.443462312129453, 15.47250934922037, 15.486737588164374, 15.489933740550876, 15.492055146469884, 15.579761538232244, 15.593241002471562, 15.694663923140748, 15.701568401576207, 15.721355517065206, 15.726537362637119, 15.72858357060949, 15.751090515980204, 15.769915295301292]","[{""block"": ""rsma"", ""rho"": 1.0, ""gain"": 12.88273695109212}, {""block"": ""star_ris"", ""rho"": 1.0, ""gain"": 0.1411981842376342}, {""block"": ""rsma"", ""rho"": 1.0, ""gain"": 0.0}, {""block"": ""star_ris"", ""rho"": 1.0, ""gain"": 0.14100811406789404}, {""block"": ""rsma"", ""rho"": 1.0, ""gain"": 1.7763568394002505e-15}, {""block"": ""star_ris"", ""rho"": 32.0, ""gain"": 0.023073835741479698}, {""block"": ""rsma"", ""rho"": 1.0, ""gain"": -1.7763568394002505e-15}, {""block"": ""star_ris"", ""rho"": 8.0, ""gain"": 0.303634485603256}, {""block"": ""rsma"", ""rho"": 1.0, ""gain"": 0.0}, {""block"": ""star_ris"", ""rho"": 16.0, ""gain"": 0.023301642186805083}, {""block"": ""rsma"", ""rho"": 1.0, ""gain"": 0.0}, {""block"": ""star_ris"", ""rho"": 8.0, ""gain"": 0.030511947885917934}, {""block"": ""rsma"", ""rho"": 1.0, ""gain"": 0.0}, {""block"": ""star_ris"", ""rho"": 32.0, ""gain"": 0.060652025922255604}, {""block"": ""rsma"", ""rho"": 1.0, ""gain"": -1.7763568394002505e-15}, {""block"": ""star_ris"", ""rho"": 64.0, ""gain"": 0.029047037090919048}, {""block"": ""rsma"", ""rho"": 1.0, ""gain"": 1.7763568394002505e-15}, {""block"": ""star_ris"", ""rho"": 128.0, ""gain"": 0.014228238944001603}, {""block"": ""rsma"", ""rho"": 1.0, ""gain"": 1.7763568394002505e-15}, {""block"": ""star_ris"", ""rho"": 32.0, ""gain"": 0.003196152386500728}, {""block"": ""rsma"", ""rho"": 1.0, ""gain"": 0.0}, {""block"": ""star_ris"", ""rho"": 8.0, ""gain"": 0.0021214059190075574}, {""block"": ""rsma"", ""rho"": 1.0, ""gain"": 1.7763568394002505e-15}, {""block"": ""star_ris"", ""rho"": 4.0, ""gain"": 0.0877063917623584}, {""block"": ""rsma"", ""rho"": 1.0, ""gain"": 0.0}, {""block"": ""star_ris"", ""rho"": 4.0, ""gain"": 0.013479464239317451}, {""block"": ""rsma"", ""rho"": 1.0, ""gain"": 0.0}, {""block"": ""star_ris"", ""rho"": 4.0, ""gain"": 0.10142292066918657}, {""block"": ""rsma"", ""rho"": 1.0, ""gain"": 0.0}, {""block"": ""star_ris"", ""rho"": 64.0, ""gain"": 0.006904478435458827}, {""block"": ""rsma"", ""rho"": 1.0, ""gain"": 0.0}, {""block"": ""star_ris"", ""rho"": 8.0, ""gain"": 0.019787115488998808}, {""block"": ""rsma"", ""rho"": 1.0, ""gain"": 1.7763568394002505e-15}, {""block"": ""star_ris"", ""rho"": 64.0, ""gain"": 0.005181845571911481}, {""block"": ""rsma"", ""rho"": 1.0, ""gain"": 0.0}, {""block"": ""star_ris"", ""rho"": 32.0, ""gain"": 0.0020462079723717608}, {""block"": ""rsma"", ""rho"": 1.0, ""gain"": 0.0}, {""block"": ""star_ris"", ""rho"": 4.0, ""gain"": 0.022506945370713183}, {""block"": ""rsma"", ""rho"": 1.0, ""gain"": 1.7763568394002505e-15}, {""block"": ""star_ris"", ""rho"": 32.0, ""gain"": 0.018824779321086282}]",{},2213.17142,2a8450eb5d4f6f05c03681c57cc71c0590f449be523644dbfde0384d2f23053d,fc61d5cda7da39530055bae9bd0e92865f995cd9,6ec54735c1c2c35cd253d9d3d23295783293b6d64c65204dfcab16b2d59ebbef
ao_sca,32,10000,291,test,15.373057614837306,15.373057614837306,1.0,True,0.0,8,1755,14,ao_sca_proximal_physical,analytical_ris_equal_allocation,"[1.8370423658362827, 14.183044229245654, 14.233108684836042, 15.08162947677726, 15.090684340932686, 15.279674788621502, 15.361314437525733, 15.372413065059096, 15.373057614837306]","[{""block"": ""rsma"", ""rho"": 1.0, ""gain"": 11.800221658703276}, {""block"": ""star_ris"", ""rho"": 8.0, ""gain"": 0.5457802047060962}, {""block"": ""rsma"", ""rho"": 65536.0, ""gain"": 0.0}, {""block"": ""star_ris"", ""rho"": 64.0, ""gain"": 0.050064455590387524}, {""block"": ""rsma"", ""rho"": 65536.0, ""gain"": 0.0}, {""block"": ""star_ris"", ""rho"": 2.0, ""gain"": 0.848520791941219}, {""block"": ""rsma"", ""rho"": 1.0, ""gain"": 0.0}, {""block"": ""star_ris"", ""rho"": 2.0, ""gain"": 0.009054864155425335}, {""block"": ""rsma"", ""rho"": 1.0, ""gain"": 1.7763568394002505e-15}, {""block"": ""star_ris"", ""rho"": 8.0, ""gain"": 0.18899044768881446}, {""block"": ""rsma"", ""rho"": 1.0, ""gain"": 1.7763568394002505e-15}, {""block"": ""star_ris"", ""rho"": 16.0, ""gain"": 0.08163964890422903}, {""block"": ""rsma"", ""rho"": 1.0, ""gain"": 1.7763568394002505e-15}, {""block"": ""star_ris"", ""rho"": 16.0, ""gain"": 0.011098627533360883}, {""block"": ""rsma"", ""rho"": 1.0, ""gain"": 0.0}, {""block"": ""star_ris"", ""rho"": 64.0, ""gain"": 0.0006445497782099352}]",{},900.770976,2a8450eb5d4f6f05c03681c57cc71c0590f449be523644dbfde0384d2f23053d,fc61d5cda7da39530055bae9bd0e92865f995cd9,6ec54735c1c2c35cd253d9d3d23295783293b6d64c65204dfcab16b2d59ebbef
ao_sca,32,10000,292,test,18.27524565334644,18.27524565334644,1.0,True,0.0,20,4536,22,ao_sca_proximal_physical,analytical_ris_equal_allocation,"[1.836995316239483, 14.397782046017053, 17.204763491109627, 17.578197430046703, 17.58533821400541, 17.76892060529874, 17.891976131453518, 17.976750475257433, 18.00887555705737, 18.016337767963652, 18.019828021923338, 18.07651055981322, 18.11588065242565, 18.14979798701622, 18.175427596885303, 18.197642768368635, 18.21736623143871, 18.234467672499658, 18.248922576491466, 18.26243372347776, 18.275245653346442]","[{""block"": ""rsma"", ""rho"": 1.0, ""gain"": 12.09752289298171}, {""block"": ""star_ris"", ""rho"": 2.0, ""gain"": 0.4632638367958606}, {""block"": ""rsma"", ""rho"": 2048.0, ""gain"": 1.8125890011976828}, {""block"": ""star_ris"", ""rho"": 1.0, ""gain"": 0.9943924438948919}, {""block"": ""rsma"", ""rho"": 65536.0, ""gain"": 0.0}, {""block"": ""star_ris"", ""rho"": 1.0, ""gain"": 0.373433938937076}, {""block"": ""rsma"", ""rho"": 65536.0, ""gain"": 0.0}, {""block"": ""star_ris"", ""rho"": 32.0, ""gain"": 0.007140783958707431}, {""block"": ""rsma"", ""rho"": 65536.0, ""gain"": 0.0}, {""block"": ""star_ris"", ""rho"": 1.0, ""gain"": 0.18358239129332787}, {""block"": ""rsma"", ""rho"": 65536.0, ""gain"": 0.0}, {""block"": ""star_ris"", ""rho"": 1.0, ""gain"": 0.12305552615477922}, {""block"": ""rsma"", ""rho"": 65536.0, ""gain"": 0.0}, {""block"": ""star_ris"", ""rho"": 1.0, ""gain"": 0.08477434380391458}, {""block"": ""rsma"", ""rho"": 65536.0, ""gain"": 0.0}, {""block"": ""star_ris"", ""rho"": 2.0, ""gain"": 0.03212508179993634}, {""block"": ""rsma"", ""rho"": 65536.0, ""gain"": 0.0}, {""block"": ""star_ris"", ""rho"": 8.0, ""gain"": 0.007462210906282962}, {""block"": ""rsma"", ""rho"": 65536.0, ""gain"": 0.0}, {""block"": ""star_ris"", ""rho"": 16.0, ""gain"": 0.0034902539596863846}, {""block"": ""rsma"", ""rho"": 65536.0, ""gain"": 0.0}, {""block"": ""star_ris"", ""rho"": 1.0, ""gain"": 0.056682537889880535}, {""block"": ""rsma"", ""rho"": 65536.0, ""gain"": 0.0}, {""block"": ""star_ris"", ""rho"": 1.0, ""gain"": 0.03937009261242963}, {""block"": ""rsma"", ""rho"": 65536.0, ""gain"": 0.0}, {""block"": ""star_ris"", ""rho"": 1.0, ""gain"": 0.03391733459057278}, {""block"": ""rsma"", ""rho"": 65536.0, ""gain"": 0.0}, {""block"": ""star_ris"", ""rho"": 1.0, ""gain"": 0.025629609869081804}, {""block"": ""rsma"", ""rho"": 65536.0, ""gain"": 0.0}, {""block"": ""star_ris"", ""rho"": 1.0, ""gain"": 0.02221517148333163}, {""block"": ""rsma"", ""rho"": 65536.0, ""gain"": 0.0}, {""block"": ""star_ris"", ""rho"": 1.0, ""gain"": 0.019723463070075553}, {""block"": ""rsma"", ""rho"": 65536.0, ""gain"": 0.0}, {""block"": ""star_ris"", ""rho"": 1.0, ""gain"": 0.01710144106094802}, {""block"": ""rsma"", ""rho"": 65536.0, ""gain"": 0.0}, {""block"": ""star_ris"", ""rho"": 1.0, ""gain"": 0.014454903991808266}, {""block"": ""rsma"", ""rho"": 65536.0, ""gain"": 0.0}, {""block"": ""star_ris"", ""rho"": 1.0, ""gain"": 0.013511146986292744}, {""block"": ""rsma"", ""rho"": 65536.0, ""gain"": 0.0}, {""block"": ""star_ris"", ""rho"": 1.0, ""gain"": 0.012811929868682626}]",{},2322.594218,2a8450eb5d4f6f05c03681c57cc71c0590f449be523644dbfde0384d2f23053d,fc61d5cda7da39530055bae9bd0e92865f995cd9,6ec54735c1c2c35cd253d9d3d23295783293b6d64c65204dfcab16b2d59ebbef
ao_sca,32,10000,293,test,15.86814919459024,15.86814919459024,1.0,True,0.0,14,3048,26,ao_sca_proximal_physical,analytical_ris_equal_allocation,"[1.837049420643446, 14.386888540548826, 15.081827107765504, 15.12494408164273, 15.7263935614028, 15.74266015112783, 15.780803236724905, 15.787673678906792, 15.827062845012392, 15.831543885161793, 15.837114393469422, 15.85302200646164, 15.864665915709999, 15.867133197651022, 15.86814919459024]","[{""block"": ""rsma"", ""rho"": 1.0, ""gain"": 12.090853099027422}, {""block"": ""star_ris"", ""rho"": 2.0, ""gain"": 0.45898602087795837}, {""block"": ""rsma"", ""rho"": 65536.0, ""gain"": 0.0}, {""block"": ""star_ris"", ""rho"": 2.0, ""gain"": 0.6949385672166777}, {""block"": ""rsma"", ""rho"": 1.0, ""gain"": -1.7763568394002505e-15}, {""block"": ""star_ris"", ""rho"": 2.0, ""gain"": 0.04311697387722724}, {""block"": ""rsma"", ""rho"": 1.0, ""gain"": 0.0}, {""block"": ""star_ris"", ""rho"": 2.0, ""gain"": 0.6014494797600705}, {""block"": ""rsma"", ""rho"": 1.0, ""gain"": 1.7763568394002505e-15}, {""block"": ""star_ris"", ""rho"": 8.0, ""gain"": 0.016266589725027814}, {""block"": ""rsma"", ""rho"": 1.0, ""gain"": 0.0}, {""block"": ""star_ris"", ""rho"": 16.0, ""gain"": 0.03814308559707591}, {""block"": ""rsma"", ""rho"": 1.0, ""gain"": 0.0}, {""block"": ""star_ris"", ""rho"": 512.0, ""gain"": 0.0068704421818868155}, {""block"": ""rsma"", ""rho"": 1.0, ""gain"": 0.0}, {""block"": ""star_ris"", ""rho"": 16.0, ""gain"": 0.03938916610560028}, {""block"": ""rsma"", ""rho"": 1.0, ""gain"": 0.0}, {""block"": ""star_ris"", ""rho"": 128.0, ""gain"": 0.004481040149400428}, {""block"": ""rsma"", ""rho"": 1.0, ""gain"": 1.7763568394002505e-15}, {""block"": ""star_ris"", ""rho"": 16.0, ""gain"": 0.00557050830762762}, {""block"": ""rsma"", ""rho"": 1.0, ""gain"": 0.0}, {""block"": ""star_ris"", ""rho"": 16.0, ""gain"": 0.015907612992217324}, {""block"": ""rsma"", ""rho"": 1.0, ""gain"": -1.7763568394002505e-15}, {""block"": ""star_ris"", ""rho"": 512.0, ""gain"": 0.01164390924836134}, {""block"": ""rsma"", ""rho"": 1.0, ""gain"": 1.7763568394002505e-15}, {""block"": ""star_ris"", ""rho"": 256.0, ""gain"": 0.002467281941020971}, {""block"": ""rsma"", ""rho"": 1.0, ""gain"": 0.0}, {""block"": ""star_ris"", ""rho"": 256.0, ""gain"": 0.0010159969392180557}]",{},1607.134676,2a8450eb5d4f6f05c03681c57cc71c0590f449be523644dbfde0384d2f23053d,fc61d5cda7da39530055bae9bd0e92865f995cd9,6ec54735c1c2c35cd253d9d3d23295783293b6d64c65204dfcab16b2d59ebbef
ao_sca,32,10000,294,test,17.506088688756453,17.506088688756453,1.0,True,0.0,20,4537,22,ao_sca_proximal_physical,analytical_ris_equal_allocation,"[1.8374383622979409, 14.957287194205831, 15.0428640496247, 15.168402341286864, 16.85409907423841, 16.87262525909784, 16.99211387756433, 17.06835642256372, 17.134515541266964, 17.198466083839428, 17.222103016628328, 17.233820165289508, 17.23965504035218, 17.242408798081847, 17.28517260494597, 17.327663907966432, 17.370991013114757, 17.408099935489474, 17.44371740709803, 17.4775943198592, 17.506088688756453]","[{""block"": ""rsma"", ""rho"": 1.0, ""gain"": 12.626687329576434}, {""block"": ""star_ris"", ""rho"": 1.0, ""gain"": 0.4931615023314553}, {""block"": ""rsma"", ""rho"": 65536.0, ""gain"": 0.0}, {""block"": ""star_ris"", ""rho"": 4.0, ""gain"": 0.08557685541886961}, {""block"": ""rsma"", ""rho"": 65536.0, ""gain"": 0.0}, {""block"": ""star_ris"", ""rho"": 1.0, ""gain"": 0.12553829166216346}, {""block"": ""rsma"", ""rho"": 1024.0, ""gain"": 1.6087157322843595}, {""block"": ""star_ris"", ""rho"": 2.0, ""gain"": 0.07698100066718538}, {""block"": ""rsma"", ""rho"": 65536.0, ""gain"": 0.0}, {""block"": ""star_ris"", ""rho"": 8.0, ""gain"": 0.01852618485943225}, {""block"": ""rsma"", ""rho"": 65536.0, ""gain"": 0.0}, {""block"": ""star_ris"", ""rho"": 1.0, ""gain"": 0.1194886184664874}, {""block"": ""rsma"", ""rho"": 65536.0, ""gain"": 0.0}, {""block"": ""star_ris"", ""rho"": 1.0, ""gain"": 0.07624254499939198}, {""block"": ""rsma"", ""rho"": 65536.0, ""gain"": 0.0}, {""block"": ""star_ris"", ""rho"": 1.0, ""gain"": 0.06615911870324354}, {""block"": ""rsma"", ""rho"": 65536.0, ""gain"": 0.0}, {""block"": ""star_ris"", ""rho"": 1.0, ""gain"": 0.06395054257246358}, {""block"": ""rsma"", ""rho"": 65536.0, ""gain"": 0.0}, {""block"": ""star_ris"", ""rho"": 2.0, ""gain"": 0.02363693278890011}, {""block"": ""rsma"", ""rho"": 65536.0, ""gain"": 0.0}, {""block"": ""star_ris"", ""rho"": 4.0, ""gain"": 0.011717148661180232}, {""block"": ""rsma"", ""rho"": 65536.0, ""gain"": 0.0}, {""block"": ""star_ris"", ""rho"": 8.0, ""gain"": 0.00583487506267133}, {""block"": ""rsma"", ""rho"": 65536.0, ""gain"": 0.0}, {""block"": ""star_ris"", ""rho"": 16.0, ""gain"": 0.002753757729667683}, {""block"": ""rsma"", ""rho"": 65536.0, ""gain"": 0.0}, {""block"": ""star_ris"", ""rho"": 1.0, ""gain"": 0.042763806864122955}, {""block"": ""rsma"", ""rho"": 65536.0, ""gain"": 0.0}, {""block"": ""star_ris"", ""rho"": 1.0, ""gain"": 0.04249130302046211}, {""block"": ""rsma"", ""rho"": 65536.0, ""gain"": 0.0}, {""block"": ""star_ris"", ""rho"": 1.0, ""gain"": 0.04332710514832527}, {""block"": ""rsma"", ""rho"": 65536.0, ""gain"": 0.0}, {""block"": ""star_ris"", ""rho"": 1.0, ""gain"": 0.03710892237471697}, {""block"": ""rsma"", ""rho"": 65536.0, ""gain"": 0.0}, {""block"": ""star_ris"", ""rho"": 1.0, ""gain"": 0.03561747160855688}, {""block"": ""rsma"", ""rho"": 65536.0, ""gain"": 0.0}, {""block"": ""star_ris"", ""rho"": 1.0, ""gain"": 0.03387691276116911}, {""block"": ""rsma"", ""rho"": 65536.0, ""gain"": 0.0}, {""block"": ""star_ris"", ""rho"": 1.0, ""gain"": 0.028494368897252542}]",{},2425.223033,2a8450eb5d4f6f05c03681c57cc71c0590f449be523644dbfde0384d2f23053d,fc61d5cda7da39530055bae9bd0e92865f995cd9,6ec54735c1c2c35cd253d9d3d23295783293b6d64c65204dfcab16b2d59ebbef
ao_sca,32,10000,295,test,15.24326822284834,15.24326822284834,1.0,True,0.0,19,4110,35,ao_sca_proximal_physical,analytical_ris_equal_allocation,"[1.8369847123593388, 14.319428797899242, 14.374056604835218, 14.393403022859037, 14.841408266122796, 14.95951750116669, 15.00228143109087, 15.02307750155555, 15.033336755718386, 15.062114661802578, 15.086887742742704, 15.090530790135695, 15.114573315287835, 15.128035915397625, 15.188115660893452, 15.190770010592106, 15.193237222464404, 15.199043658960768, 15.242618418442591, 15.24326822284834]","[{""block"": ""rsma"", ""rho"": 1.0, ""gain"": 12.156891923936499}, {""block"": ""star_ris"", ""rho"": 8.0, ""gain"": 0.3255521616034045}, {""block"": ""rsma"", ""rho"": 1.0, ""gain"": 0.0}, {""block"": ""star_ris"", ""rho"": 16.0, ""gain"": 0.0546278069359758}, {""block"": ""rsma"", ""rho"": 1.0, ""gain"": 0.0}, {""block"": ""star_ris"", ""rho"": 2.0, ""gain"": 0.019346418023818757}, {""block"": ""rsma"", ""rho"": 1.0, ""gain"": 0.0}, {""block"": ""star_ris"", ""rho"": 2.0, ""gain"": 0.44800524326375957}, {""block"": ""rsma"", ""rho"": 1.0, ""gain"": 1.7763568394002505e-15}, {""block"": ""star_ris"", ""rho"": 8.0, ""gain"": 0.11810923504389237}, {""block"": ""rsma"", ""rho"": 1.0, ""gain"": 0.0}, {""block"": ""star_ris"", ""rho"": 32.0, ""gain"": 0.04276392992417932}, {""block"": ""rsma"", ""rho"": 1.0, ""gain"": 0.0}, {""block"": ""star_ris"", ""rho"": 64.0, ""gain"": 0.020796070464680128}, {""block"": ""rsma"", ""rho"": 1.0, ""gain"": -1.7763568394002505e-15}, {""block"": ""star_ris"", ""rho"": 128.0, ""gain"": 0.010259254162837905}, {""block"": ""rsma"", ""rho"": 1.0, ""gain"": -1.7763568394002505e-15}, {""block"": ""star_ris"", ""rho"": 8.0, ""gain"": 0.02877790608419417}, {""block"": ""rsma"", ""rho"": 1.0, ""gain"": 0.0}, {""block"": ""star_ris"", ""rho"": 16.0, ""gain"": 0.024773080940125425}, {""block"": ""rsma"", ""rho"": 1.0, ""gain"": 0.0}, {""block"": ""star_ris"", ""rho"": 16.0, ""gain"": 0.00364304739299115}, {""block"": ""rsma"", ""rho"": 1.0, ""gain"": -1.7763568394002505e-15}, {""block"": ""star_ris"", ""rho"": 16.0, ""gain"": 0.02404252515214189}, {""block"": ""rsma"", ""rho"": 1.0, ""gain"": 1.7763568394002505e-15}, {""block"": ""star_ris"", ""rho"": 8.0, ""gain"": 0.01346260010978817}, {""block"": ""rsma"", ""rho"": 1.0, ""gain"": -1.7763568394002505e-15}, {""block"": ""star_ris"", ""rho"": 8.0, ""gain"": 0.06007974549582862}, {""block"": ""rsma"", ""rho"": 1.0, ""gain"": 0.0}, {""block"": ""star_ris"", ""rho"": 128.0, ""gain"": 0.0026543496986537463}, {""block"": ""rsma"", ""rho"": 1.0, ""gain"": 0.0}, {""block"": ""star_ris"", ""rho"": 64.0, ""gain"": 0.0024672118722985914}, {""block"": ""rsma"", ""rho"": 1.0, ""gain"": -1.7763568394002505e-15}, {""block"": ""star_ris"", ""rho"": 32.0, ""gain"": 0.005806436496365919}, {""block"": ""rsma"", ""rho"": 1.0, ""gain"": 0.0}, {""block"": ""star_ris"", ""rho"": 32.0, ""gain"": 0.04357475948182277}, {""block"": ""rsma"", ""rho"": 1.0, ""gain"": 1.7763568394002505e-15}, {""block"": ""star_ris"", ""rho"": 128.0, ""gain"": 0.000649804405746579}]",{},2134.26504,2a8450eb5d4f6f05c03681c57cc71c0590f449be523644dbfde0384d2f23053d,fc61d5cda7da39530055bae9bd0e92865f995cd9,6ec54735c1c2c35cd253d9d3d23295783293b6d64c65204dfcab16b2d59ebbef
ao_sca,32,10000,296,test,15.62320257340193,15.62320257340193,1.0,True,0.0,11,2367,19,ao_sca_proximal_physical,analytical_ris_equal_allocation,"[1.837362983274066, 14.913213272500357, 15.178364310185305, 15.512302205054429, 15.518215538718234, 15.541025310201944, 15.54766588245814, 15.590223645258616, 15.615732555367313, 15.618311523038368, 15.62303414914343, 15.62320257340193]","[{""block"": ""rsma"", ""rho"": 1.0, ""gain"": 12.989984275397509}, {""block"": ""star_ris"", ""rho"": 2.0, ""gain"": 0.08586601382878278}, {""block"": ""rsma"", ""rho"": 1.0, ""gain"": 0.0}, {""block"": ""star_ris"", ""rho"": 1.0, ""gain"": 0.26515103768494797}, {""block"": ""rsma"", ""rho"": 1.0, ""gain"": 0.0}, {""block"": ""star_ris"", ""rho"": 8.0, ""gain"": 0.3339378948691234}, {""block"": ""rsma"", ""rho"": 1.0, ""gain"": 0.0}, {""block"": ""star_ris"", ""rho"": 8.0, ""gain"": 0.005913333663805531}, {""block"": ""rsma"", ""rho"": 1.0, ""gain"": -1.7763568394002505e-15}, {""block"": ""star_ris"", ""rho"": 8.0, ""gain"": 0.022809771483711216}, {""block"": ""rsma"", ""rho"": 1.0, ""gain"": 0.0}, {""block"": ""star_ris"", ""rho"": 32.0, ""gain"": 0.006640572256197075}, {""block"": ""rsma"", ""rho"": 1.0, ""gain"": 1.7763568394002505e-15}, {""block"": ""star_ris"", ""rho"": 4.0, ""gain"": 0.04255776280047385}, {""block"": ""rsma"", ""rho"": 1.0, ""gain"": -1.7763568394002505e-15}, {""block"": ""star_ris"", ""rho"": 8.0, ""gain"": 0.025508910108698046}, {""block"": ""rsma"", ""rho"": 1.0, ""gain"": 0.0}, {""block"": ""star_ris"", ""rho"": 64.0, ""gain"": 0.0025789676710559206}, {""block"": ""rsma"", ""rho"": 1.0, ""gain"": 0.0}, {""block"": ""star_ris"", ""rho"": 32.0, ""gain"": 0.004722626105062133}, {""block"": ""rsma"", ""rho"": 1.0, ""gain"": 0.0}, {""block"": ""star_ris"", ""rho"": 8.0, ""gain"": 0.00016842425849894482}]",{},1241.725483,2a8450eb5d4f6f05c03681c57cc71c0590f449be523644dbfde0384d2f23053d,fc61d5cda7da39530055bae9bd0e92865f995cd9,6ec54735c1c2c35cd253d9d3d23295783293b6d64c65204dfcab16b2d59ebbef
ao_sca,32,10000,297,test,16.307428318306584,16.307428318306584,1.0,True,0.0,12,2639,20,ao_sca_proximal_physical,analytical_ris_equal_allocation,"[1.8374296287211616, 14.812386806674638, 15.027705405572396, 15.051403388232982, 15.063069814360414, 15.961945548678644, 16.006089579304412, 16.07517054887501, 16.177641658258437, 16.189547397658046, 16.290760409688282, 16.306401935484885, 16.307428318306584]","[{""block"": ""rsma"", ""rho"": 1.0, ""gain"": 12.315023651717283}, {""block"": ""star_ris"", ""rho"": 4.0, ""gain"": 0.6599335262361947}, {""block"": ""rsma"", ""rho"": 65536.0, ""gain"": 0.0}, {""block"": ""star_ris"", ""rho"": 8.0, ""gain"": 0.21531859889775795}, {""block"": ""rsma"", ""rho"": 65536.0, ""gain"": 0.0}, {""block"": ""star_ris"", ""rho"": 64.0, ""gain"": 0.023697982660586092}, {""block"": ""rsma"", ""rho"": 65536.0, ""gain"": 0.0}, {""block"": ""star_ris"", ""rho"": 128.0, ""gain"": 0.011666426127431961}, {""block"": ""rsma"", ""rho"": 65536.0, ""gain"": 0.0}, {""block"": ""star_ris"", ""rho"": 1.0, ""gain"": 0.8988757343182296}, {""block"": ""rsma"", ""rho"": 1.0, ""gain"": 0.0}, {""block"": ""star_ris"", ""rho"": 2.0, ""gain"": 0.04414403062576788}, {""block"": ""rsma"", ""rho"": 1.0, ""gain"": 3.552713678800501e-15}, {""block"": ""star_ris"", ""rho"": 1.0, ""gain"": 0.06908096957059584}, {""block"": ""rsma"", ""rho"": 1.0, ""gain"": 0.0}, {""block"": ""star_ris"", ""rho"": 4.0, ""gain"": 0.1024711093834263}, {""block"": ""rsma"", ""rho"": 1.0, ""gain"": 7.105427357601002e-15}, {""block"": ""star_ris"", ""rho"": 2.0, ""gain"": 0.0119057393996016}, {""block"": ""rsma"", ""rho"": 1.0, ""gain"": 0.0}, {""block"": ""star_ris"", ""rho"": 2.0, ""gain"": 0.10121301203023592}, {""block"": ""rsma"", ""rho"": 1.0, ""gain"": 0.0}, {""block"": ""star_ris"", ""rho"": 16.0, ""gain"": 0.015641525796603162}, {""block"": ""rsma"", ""rho"": 1.0, ""gain"": 0.0}, {""block"": ""star_ris"", ""rho"": 128.0, ""gain"": 0.001026382821699201}]",{},1369.833011,2a8450eb5d4f6f05c03681c57cc71c0590f449be523644dbfde0384d2f23053d,fc61d5cda7da39530055bae9bd0e92865f995cd9,6ec54735c1c2c35cd253d9d3d23295783293b6d64c65204dfcab16b2d59ebbef
ao_sca,32,10000,298,test,15.93934714769806,15.93934714769806,1.0,True,0.0,20,4311,38,ao_sca_proximal_physical,analytical_ris_equal_allocation,"[1.8372868577678192, 15.272498063513133, 15.282483728548275, 15.300693270442878, 15.315327748557216, 15.396599285340503, 15.462536164334189, 15.504555440793203, 15.52501008471842, 15.7863019108282, 15.799283695337266, 15.804131563202628, 15.81049256827204, 15.828713053669432, 15.865098466404296, 15.883925413687873, 15.88964405512876, 15.895330304268033, 15.906769383383542, 15.91726599517854, 15.939347147698061]","[{""block"": ""rsma"", ""rho"": 1.0, ""gain"": 12.644599857760234}, {""block"": ""star_ris"", ""rho"": 1.0, ""gain"": 0.7906113479850809}, {""block"": ""rsma"", ""rho"": 1.0, ""gain"": 0.0}, {""block"": ""star_ris"", ""rho"": 64.0, ""gain"": 0.009985665035141977}, {""block"": ""rsma"", ""rho"": 1.0, ""gain"": 0.0}, {""block"": ""star_ris"", ""rho"": 16.0, ""gain"": 0.018209541894602665}, {""block"": ""rsma"", ""rho"": 1.0, ""gain"": 0.0}, {""block"": ""star_ris"", ""rho"": 8.0, ""gain"": 0.014634478114338378}, {""block"": ""rsma"", ""rho"": 1.0, ""gain"": 0.0}, {""block"": ""star_ris"", ""rho"": 2.0, ""gain"": 0.08127153678328725}, {""block"": ""rsma"", ""rho"": 1.0, ""gain"": 1.7763568394002505e-15}, {""block"": ""star_ris"", ""rho"": 8.0, ""gain"": 0.06593687899368383}, {""block"": ""rsma"", ""rho"": 1.0, ""gain"": 0.0}, {""block"": ""star_ris"", ""rho"": 8.0, ""gain"": 0.04201927645901371}, {""block"": ""rsma"", ""rho"": 1.0, ""gain"": -1.7763568394002505e-15}, {""block"": ""star_ris"", ""rho"": 2.0, ""gain"": 0.020454643925219784}, {""block"": ""rsma"", ""rho"": 1.0, ""gain"": -1.7763568394002505e-15}, {""block"": ""star_ris"", ""rho"": 1.0, ""gain"": 0.2612918261097814}, {""block"": ""rsma"", ""rho"": 1.0, ""gain"": -1.7763568394002505e-15}, {""block"": ""star_ris"", ""rho"": 64.0, ""gain"": 0.012981784509067396}, {""block"": ""rsma"", ""rho"": 1.0, ""gain"": 0.0}, {""block"": ""star_ris"", ""rho"": 8.0, ""gain"": 0.004847867865361621}, {""block"": ""rsma"", ""rho"": 1.0, ""gain"": 0.0}, {""block"": ""star_ris"", ""rho"": 16.0, ""gain"": 0.006361005069411618}, {""block"": ""rsma"", ""rho"": 1.0, ""gain"": 1.7763568394002505e-15}, {""block"": ""star_ris"", ""rho"": 8.0, ""gain"": 0.018220485397391073}, {""block"": ""rsma"", ""rho"": 1.0, ""gain"": 1.7763568394002505e-15}, {""block"": ""star_ris"", ""rho"": 16.0, ""gain"": 0.0363854127348624}, {""block"": ""rsma"", ""rho"": 1.0, ""gain"": 0.0}, {""block"": ""star_ris"", ""rho"": 8.0, ""gain"": 0.0188269472835767}, {""block"": ""rsma"", ""rho"": 1.0, ""gain"": 0.0}, {""block"": ""star_ris"", ""rho"": 64.0, ""gain"": 0.0057186414408878505}, {""block"": ""rsma"", ""rho"": 1.0, ""gain"": 1.7763568394002505e-15}, {""block"": ""star_ris"", ""rho"": 64.0, ""gain"": 0.005686249139269961}, {""block"": ""rsma"", ""rho"": 1.0, ""gain"": 0.0}, {""block"": ""star_ris"", ""rho"": 32.0, ""gain"": 0.011439079115509898}, {""block"": ""rsma"", ""rho"": 1.0, ""gain"": 0.0}, {""block"": ""star_ris"", ""rho"": 32.0, ""gain"": 0.010496611794996724}, {""block"": ""rsma"", ""rho"": 1.0, ""gain"": 0.0}, {""block"": ""star_ris"", ""rho"": 16.0, ""gain"": 0.022081152519522362}]",{},2316.224499,2a8450eb5d4f6f05c03681c57cc71c0590f449be523644dbfde0384d2f23053d,fc61d5cda7da39530055bae9bd0e92865f995cd9,6ec54735c1c2c35cd253d9d3d23295783293b6d64c65204dfcab16b2d59ebbef
ao_sca,32,10000,299,test,18.68091210486065,18.68091210486065,1.0,True,0.0,20,4524,23,ao_sca_proximal_physical,analytical_ris_equal_allocation,"[1.837560947372114, 15.364946038630766, 17.613836654467132, 18.094180245999056, 18.23642116141296, 18.243181078599363, 18.34153249892626, 18.417528603721244, 18.475009799399313, 18.515463324113068, 18.539062286366775, 18.56760430870921, 18.56999548445606, 18.601356788088978, 18.609035545191784, 18.634442260052303, 18.637064431919267, 18.658514784025428, 18.661201208976415, 18.679841328413065, 18.680912104860646]","[{""block"": ""rsma"", ""rho"": 1.0, ""gain"": 13.290972744038879}, {""block"": ""star_ris"", ""rho"": 2.0, ""gain"": 0.23641234721977256}, {""block"": ""rsma"", ""rho"": 512.0, ""gain"": 1.7534377123024392}, {""block"": ""star_ris"", ""rho"": 1.0, ""gain"": 0.495452903533927}, {""block"": ""rsma"", ""rho"": 128.0, ""gain"": 0.24517947498479842}, {""block"": ""star_ris"", ""rho"": 1.0, ""gain"": 0.235164116547125}, {""block"": ""rsma"", ""rho"": 65536.0, ""gain"": 0.0}, {""block"": ""star_ris"", ""rho"": 1.0, ""gain"": 0.14224091541390393}, {""block"": ""rsma"", ""rho"": 65536.0, ""gain"": 0.0}, {""block"": ""star_ris"", ""rho"": 16.0, ""gain"": 0.0067599171864038965}, {""block"": ""rsma"", ""rho"": 65536.0, ""gain"": 0.0}, {""block"": ""star_ris"", ""rho"": 1.0, ""gain"": 0.09835142032689603}, {""block"": ""rsma"", ""rho"": 65536.0, ""gain"": 0.0}, {""block"": ""star_ris"", ""rho"": 1.0, ""gain"": 0.07599610479498509}, {""block"": ""rsma"", ""rho"": 65536.0, ""gain"": 0.0}, {""block"": ""star_ris"", ""rho"": 1.0, ""gain"": 0.05748119567806853}, {""block"": ""rsma"", ""rho"": 65536.0, ""gain"": 0.0}, {""block"": ""star_ris"", ""rho"": 1.0, ""gain"": 0.04045352471375452}, {""block"": ""rsma"", ""rho"": 65536.0, ""gain"": 0.0}, {""block"": ""star_ris"", ""rho"": 1.0, ""gain"": 0.02359896225370761}, {""block"": ""rsma"", ""rho"": 65536.0, ""gain"": 0.0}, {""block"": ""star_ris"", ""rho"": 1.0, ""gain"": 0.028542022342435303}, {""block"": ""rsma"", ""rho"": 65536.0, ""gain"": 0.0}, {""block"": ""star_ris"", ""rho"": 2.0, ""gain"": 0.002391175746851104}, {""block"": ""rsma"", ""rho"": 65536.0, ""gain"": 0.0}, {""block"": ""star_ris"", ""rho"": 1.0, ""gain"": 0.03136130363291656}, {""block"": ""rsma"", ""rho"": 65536.0, ""gain"": 0.0}, {""block"": ""star_ris"", ""rho"": 1.0, ""gain"": 0.007678757102805633}, {""block"": ""rsma"", ""rho"": 65536.0, ""gain"": 0.0}, {""block"": ""star_ris"", ""rho"": 1.0, ""gain"": 0.025406714860519486}, {""block"": ""rsma"", ""rho"": 65536.0, ""gain"": 0.0}, {""block"": ""star_ris"", ""rho"": 2.0, ""gain"": 0.002622171866963896}, {""block"": ""rsma"", ""rho"": 65536.0, ""gain"": 0.0}, {""block"": ""star_ris"", ""rho"": 1.0, ""gain"": 0.021450352106160864}, {""block"": ""rsma"", ""rho"": 65536.0, ""gain"": 0.0}, {""block"": ""star_ris"", ""rho"": 2.0, ""gain"": 0.002686424950987032}, {""block"": ""rsma"", ""rho"": 65536.0, ""gain"": 0.0}, {""block"": ""star_ris"", ""rho"": 1.0, ""gain"": 0.018640119436650338}, {""block"": ""rsma"", ""rho"": 65536.0, ""gain"": 0.0}, {""block"": ""star_ris"", ""rho"": 16.0, ""gain"": 0.0010707764475803572}]",{},2438.054941,2a8450eb5d4f6f05c03681c57cc71c0590f449be523644dbfde0384d2f23053d,fc61d5cda7da39530055bae9bd0e92865f995cd9,6ec54735c1c2c35cd253d9d3d23295783293b6d64c65204dfcab16b2d59ebbef
ao_sca,32,10000,300,test,15.187304911273744,15.187304911273744,1.0,True,0.0,2,430,4,ao_sca_proximal_physical,analytical_ris_equal_allocation,"[1.8373996159913992, 15.187036076642086, 15.187304911273745]","[{""block"": ""rsma"", ""rho"": 1.0, ""gain"": 13.056601792506315}, {""block"": ""star_ris"", ""rho"": 1.0, ""gain"": 0.2930346681443705}, {""block"": ""rsma"", ""rho"": 1.0, ""gain"": -3.552713678800501e-15}, {""block"": ""star_ris"", ""rho"": 32.0, ""gain"": 0.00026883463166349486}]",{},228.500516,2a8450eb5d4f6f05c03681c57cc71c0590f449be523644dbfde0384d2f23053d,fc61d5cda7da39530055bae9bd0e92865f995cd9,6ec54735c1c2c35cd253d9d3d23295783293b6d64c65204dfcab16b2d59ebbef
ao_sca,32,10000,301,test,16.9651816224826,16.9651816224826,1.0,True,0.0,19,4306,22,ao_sca_proximal_physical,analytical_ris_equal_allocation,"[1.8364661991645779, 13.90898079630083, 14.069271631047613, 14.2706543640641, 16.12547878724007, 16.33660034026292, 16.366027086552396, 16.37991471918576, 16.57230782989159, 16.684535920200563, 16.76633583614915, 16.81759732591804, 16.854336827987023, 16.875345784429957, 16.89397294525203, 16.91201267329992, 16.932188023066246, 16.94882680414952, 16.965068295521203, 16.9651816224826]","[{""block"": ""rsma"", ""rho"": 1.0, ""gain"": 11.342773659893941}, {""block"": ""star_ris"", ""rho"": 2.0, ""gain"": 0.72974093724231}, {""block"": ""rsma"", ""rho"": 65536.0, ""gain"": 0.0}, {""block"": ""star_ris"", ""rho"": 2.0, ""gain"": 0.16029083474678352}, {""block"": ""rsma"", ""rho"": 65536.0, ""gain"": 0.0}, {""block"": ""star_ris"", ""rho"": 1.0, ""gain"": 0.20138273301648724}, {""block"": ""rsma"", ""rho"": 2048.0, ""gain"": 1.6975898965604337}, {""block"": ""star_ris"", ""rho"": 2.0, ""gain"": 0.15723452661553594}, {""block"": ""rsma"", ""rho"": 128.0, ""gain"": 0.14569934145992036}, {""block"": ""star_ris"", ""rho"": 4.0, ""gain"": 0.06542221156292882}, {""block"": ""rsma"", ""rho"": 65536.0, ""gain"": 0.0}, {""block"": ""star_ris"", ""rho"": 8.0, ""gain"": 0.02942674628947728}, {""block"": ""rsma"", ""rho"": 65536.0, ""gain"": 0.0}, {""block"": ""star_ris"", ""rho"": 16.0, ""gain"": 0.013887632633363012}, {""block"": ""rsma"", ""rho"": 65536.0, ""gain"": 0.0}, {""block"": ""star_ris"", ""rho"": 1.0, ""gain"": 0.19239311070582943}, {""block"": ""rsma"", ""rho"": 65536.0, ""gain"": 0.0}, {""block"": ""star_ris"", ""rho"": 1.0, ""gain"": 0.11222809030897452}, {""block"": ""rsma"", ""rho"": 65536.0, ""gain"": 0.0}, {""block"": ""star_ris"", ""rho"": 1.0, ""gain"": 0.08179991594858649}, {""block"": ""rsma"", ""rho"": 65536.0, ""gain"": 0.0}, {""block"": ""star_ris"", ""rho"": 1.0, ""gain"": 0.051261489768890556}, {""block"": ""rsma"", ""rho"": 65536.0, ""gain"": 0.0}, {""block"": ""star_ris"", ""rho"": 1.0, ""gain"": 0.03673950206898269}, {""block"": ""rsma"", ""rho"": 65536.0, ""gain"": 0.0}, {""block"": ""star_ris"", ""rho"": 1.0, ""gain"": 0.02100895644293388}, {""block"": ""rsma"", ""rho"": 65536.0, ""gain"": 0.0}, {""block"": ""star_ris"", ""rho"": 1.0, ""gain"": 0.018627160822074273}, {""block"": ""rsma"", ""rho"": 65536.0, ""gain"": 0.0}, {""block"": ""star_ris"", ""rho"": 1.0, ""gain"": 0.01803972804788856}, {""block"": ""rsma"", ""rho"": 65536.0, ""gain"": 0.0}, {""block"": ""star_ris"", ""rho"": 1.0, ""gain"": 0.02017534976632618}, {""block"": ""rsma"", ""rho"": 65536.0, ""gain"": 0.0}, {""block"": ""star_ris"", ""rho"": 1.0, ""gain"": 0.016638781083273102}, {""block"": ""rsma"", ""rho"": 65536.0, ""gain"": 0.0}, {""block"": ""star_ris"", ""rho"": 1.0, ""gain"": 0.016241491371683736}, {""block"": ""rsma"", ""rho"": 65536.0, ""gain"": 0.0}, {""block"": ""star_ris"", ""rho"": 128.0, ""gain"": 0.00011332696139731979}]",{},2256.985587,2a8450eb5d4f6f05c03681c57cc71c0590f449be523644dbfde0384d2f23053d,fc61d5cda7da39530055bae9bd0e92865f995cd9,6ec54735c1c2c35cd253d9d3d23295783293b6d64c65204dfcab16b2d59ebbef
ao_sca,32,10000,302,test,15.449729716619236,15.449729716619236,1.0,True,0.0,9,1946,18,ao_sca_proximal_physical,analytical_ris_equal_allocation,"[1.8374423991025033, 15.140504903055698, 15.173706852049602, 15.180057705306439, 15.221875332790317, 15.381408094362122, 15.386443759572945, 15.430365798389584, 15.449268032249408, 15.449729716619235]","[{""block"": ""rsma"", ""rho"": 1.0, ""gain"": 13.270165230014852}, {""block"": ""star_ris"", ""rho"": 8.0, ""gain"": 0.03289727393834241}, {""block"": ""rsma"", ""rho"": 1.0, ""gain"": 1.7763568394002505e-15}, {""block"": ""star_ris"", ""rho"": 4.0, ""gain"": 0.033201948993902164}, {""block"": ""rsma"", ""rho"": 1.0, ""gain"": 0.0}, {""block"": ""star_ris"", ""rho"": 16.0, ""gain"": 0.006350853256837041}, {""block"": ""rsma"", ""rho"": 1.0, ""gain"": 0.0}, {""block"": ""star_ris"", ""rho"": 4.0, ""gain"": 0.041817627483878184}, {""block"": ""rsma"", ""rho"": 1.0, ""gain"": 0.0}, {""block"": ""star_ris"", ""rho"": 8.0, ""gain"": 0.15953276157180518}, {""block"": ""rsma"", ""rho"": 1.0, ""gain"": 0.0}, {""block"": ""star_ris"", ""rho"": 16.0, ""gain"": 0.005035665210822771}, {""block"": ""rsma"", ""rho"": 1.0, ""gain"": 0.0}, {""block"": ""star_ris"", ""rho"": 32.0, ""gain"": 0.04392203881663903}, {""block"": ""rsma"", ""rho"": 1.0, ""gain"": 1.7763568394002505e-15}, {""block"": ""star_ris"", ""rho"": 64.0, ""gain"": 0.018902233859822815}, {""block"": ""rsma"", ""rho"": 1.0, ""gain"": 1.7763568394002505e-15}, {""block"": ""star_ris"", ""rho"": 256.0, ""gain"": 0.0004616843698244111}]",{},1042.801432,2a8450eb5d4f6f05c03681c57cc71c0590f449be523644dbfde0384d2f23053d,fc61d5cda7da39530055bae9bd0e92865f995cd9,6ec54735c1c2c35cd253d9d3d23295783293b6d64c65204dfcab16b2d59ebbef
ao_sca,32,10000,303,test,16.288041407033145,16.288041407033145,1.0,True,0.0,15,3221,28,ao_sca_proximal_physical,analytical_ris_equal_allocation,"[1.8374277126593477, 15.294948968710063, 15.388215734705279, 15.677563746848115, 15.719611207397154, 15.768291356888923, 15.781870303519451, 15.868406550505235, 15.877242056451488, 15.975704399162122, 16.012891970299282, 16.064611121734735, 16.08461135877419, 16.283372336388933, 16.287884219505955, 16.288041407033145]","[{""block"": ""rsma"", ""rho"": 1.0, ""gain"": 12.728814875942703}, {""block"": ""star_ris"", ""rho"": 4.0, ""gain"": 0.7287063801080116}, {""block"": ""rsma"", ""rho"": 1.0, ""gain"": 0.0}, {""block"": ""star_ris"", ""rho"": 4.0, ""gain"": 0.09326676599521555}, {""block"": ""rsma"", ""rho"": 1.0, ""gain"": 0.0}, {""block"": ""star_ris"", ""rho"": 1.0, ""gain"": 0.28934801214283645}, {""block"": ""rsma"", ""rho"": 1.0, ""gain"": 3.552713678800501e-15}, {""block"": ""star_ris"", ""rho"": 32.0, ""gain"": 0.04204746054903552}, {""block"": ""rsma"", ""rho"": 1.0, ""gain"": 1.7763568394002505e-15}, {""block"": ""star_ris"", ""rho"": 16.0, ""gain"": 0.048680149491767466}, {""block"": ""rsma"", ""rho"": 1.0, ""gain"": 0.0}, {""block"": ""star_ris"", ""rho"": 8.0, ""gain"": 0.01357894663052761}, {""block"": ""rsma"", ""rho"": 1.0, ""gain"": -1.7763568394002505e-15}, {""block"": ""star_ris"", ""rho"": 16.0, ""gain"": 0.08653624698578533}, {""block"": ""rsma"", ""rho"": 1.0, ""gain"": 0.0}, {""block"": ""star_ris"", ""rho"": 4.0, ""gain"": 0.008835505946253264}, {""block"": ""rsma"", ""rho"": 1.0, ""gain"": -1.7763568394002505e-15}, {""block"": ""star_ris"", ""rho"": 2.0, ""gain"": 0.09846234271063636}, {""block"": ""rsma"", ""rho"": 1.0, ""gain"": 0.0}, {""block"": ""star_ris"", ""rho"": 1.0, ""gain"": 0.03718757113716009}, {""block"": ""rsma"", ""rho"": 1.0, ""gain"": 3.552713678800501e-15}, {""block"": ""star_ris"", ""rho"": 16.0, ""gain"": 0.05171915143544936}, {""block"": ""rsma"", ""rho"": 1.0, ""gain"": 0.0}, {""block"": ""star_ris"", ""rho"": 2.0, ""gain"": 0.020000237039454305}, {""block"": ""rsma"", ""rho"": 1.0, ""gain"": 0.0}, {""block"": ""star_ris"", ""rho"": 8.0, ""gain"": 0.19876097761474298}, {""block"": ""rsma"", ""rho"": 1.0, ""gain"": 0.0}, {""block"": ""star_ris"", ""rho"": 16.0, ""gain"": 0.0045118831170221085}, {""block"": ""rsma"", ""rho"": 1.0, ""gain"": -3.552713678800501e-15}, {""block"": ""star_ris"", ""rho"": 32.0, ""gain"": 0.00015718752719351414}]",{},1646.369342,2a8450eb5d4f6f05c03681c57cc71c0590f449be523644dbfde0384d2f23053d,fc61d5cda7da39530055bae9bd0e92865f995cd9,6ec54735c1c2c35cd253d9d3d23295783293b6d64c65204dfcab16b2d59ebbef
ao_sca,32,10000,304,test,16.318118763636225,16.318118763636225,1.0,True,0.0,20,4397,35,ao_sca_proximal_physical,analytical_ris_equal_allocation,"[1.8373909915370978, 14.4785169034438, 14.593405844393434, 14.646992199925446, 14.672931500978093, 15.591176224763045, 15.960183183210834, 16.07477614494475, 16.08241468773871, 16.093282709784646, 16.132791387288194, 16.14096490037496, 16.20193017740326, 16.204002679436307, 16.210128683286484, 16.300382086587064, 16.30229500999112, 16.307404211912733, 16.309340200181094, 16.313229676937347, 16.318118763636225]","[{""block"": ""rsma"", ""rho"": 1.0, ""gain"": 12.370442456356393}, {""block"": ""star_ris"", ""rho"": 16.0, ""gain"": 0.2706834555503086}, {""block"": ""rsma"", ""rho"": 65536.0, ""gain"": 0.0}, {""block"": ""star_ris"", ""rho"": 32.0, ""gain"": 0.11488894094963342}, {""block"": ""rsma"", ""rho"": 65536.0, ""gain"": 0.0}, {""block"": ""star_ris"", ""rho"": 64.0, ""gain"": 0.053586355532011964}, {""block"": ""rsma"", ""rho"": 65536.0, ""gain"": 0.0}, {""block"": ""star_ris"", ""rho"": 128.0, ""gain"": 0.025939301052646968}, {""block"": ""rsma"", ""rho"": 65536.0, ""gain"": 0.0}, {""block"": ""star_ris"", ""rho"": 1.0, ""gain"": 0.9182447237849516}, {""block"": ""rsma"", ""rho"": 1.0, ""gain"": -1.7763568394002505e-15}, {""block"": ""star_ris"", ""rho"": 16.0, ""gain"": 0.3690069584477911}, {""block"": ""rsma"", ""rho"": 1.0, ""gain"": 0.0}, {""block"": ""star_ris"", ""rho"": 16.0, ""gain"": 0.11459296173391564}, {""block"": ""rsma"", ""rho"": 1.0, ""gain"": 0.0}, {""block"": ""star_ris"", ""rho"": 8.0, ""gain"": 0.007638542793959147}, {""block"": ""rsma"", ""rho"": 1.0, ""gain"": -3.552713678800501e-15}, {""block"": ""star_ris"", ""rho"": 256.0, ""gain"": 0.010868022045940506}, {""block"": ""rsma"", ""rho"": 1.0, ""gain"": 3.552713678800501e-15}, {""block"": ""star_ris"", ""rho"": 4.0, ""gain"": 0.039508677503544476}, {""block"": ""rsma"", ""rho"": 1.0, ""gain"": -3.552713678800501e-15}, {""block"": ""star_ris"", ""rho"": 32.0, ""gain"": 0.008173513086770612}, {""block"": ""rsma"", ""rho"": 1.0, ""gain"": 0.0}, {""block"": ""star_ris"", ""rho"": 2.0, ""gain"": 0.06096527702829846}, {""block"": ""rsma"", ""rho"": 1.0, ""gain"": 0.0}, {""block"": ""star_ris"", ""rho"": 64.0, ""gain"": 0.002072502033048096}, {""block"": ""rsma"", ""rho"": 1.0, ""gain"": 0.0}, {""block"": ""star_ris"", ""rho"": 8.0, ""gain"": 0.006126003850177142}, {""block"": ""rsma"", ""rho"": 1.0, ""gain"": 0.0}, {""block"": ""star_ris"", ""rho"": 4.0, ""gain"": 0.0902534033005793}, {""block"": ""rsma"", ""rho"": 1.0, ""gain"": 0.0}, {""block"": ""star_ris"", ""rho"": 128.0, ""gain"": 0.0019129234040562437}, {""block"": ""rsma"", ""rho"": 1.0, ""gain"": 0.0}, {""block"": ""star_ris"", ""rho"": 128.0, ""gain"": 0.005109201921612794}, {""block"": ""rsma"", ""rho"": 1.0, ""gain"": -3.552713678800501e-15}, {""block"": ""star_ris"", ""rho"": 128.0, ""gain"": 0.0019359882683644969}, {""block"": ""rsma"", ""rho"": 1.0, ""gain"": -3.552713678800501e-15}, {""block"": ""star_ris"", ""rho"": 128.0, ""gain"": 0.0038894767562567267}, {""block"": ""rsma"", ""rho"": 1.0, ""gain"": 0.0}, {""block"": ""star_ris"", ""rho"": 256.0, ""gain"": 0.004889086698877776}]",{},2333.043076,2a8450eb5d4f6f05c03681c57cc71c0590f449be523644dbfde0384d2f23053d,fc61d5cda7da39530055bae9bd0e92865f995cd9,6ec54735c1c2c35cd253d9d3d23295783293b6d64c65204dfcab16b2d59ebbef
ao_sca,32,10000,305,test,16.052091661487726,16.052091661487726,1.0,True,0.0,20,4293,39,ao_sca_proximal_physical,analytical_ris_equal_allocation,"[1.837434756392746, 15.151524614859133, 15.233447264509756, 15.57631524480073, 15.587687398442016, 15.615803320501925, 15.656774671880127, 15.671212174295857, 15.692116487583881, 15.709306904178339, 15.814214678511442, 15.816745528666143, 15.821425482143436, 15.835349923365335, 15.856083701203241, 15.857704078534912, 15.895695758467317, 15.988829791853682, 15.99940934532963, 16.03919522099763, 16.052091661487726]","[{""block"": ""rsma"", ""rho"": 1.0, ""gain"": 13.081223323295523}, {""block"": ""star_ris"", ""rho"": 2.0, ""gain"": 0.23286653517086364}, {""block"": ""rsma"", ""rho"": 1.0, ""gain"": 1.7763568394002505e-15}, {""block"": ""star_ris"", ""rho"": 4.0, ""gain"": 0.08192264965062179}, {""block"": ""rsma"", ""rho"": 1.0, ""gain"": -1.7763568394002505e-15}, {""block"": ""star_ris"", ""rho"": 4.0, ""gain"": 0.34286798029097554}, {""block"": ""rsma"", ""rho"": 1.0, ""gain"": -1.7763568394002505e-15}, {""block"": ""star_ris"", ""rho"": 4.0, ""gain"": 0.011372153641287852}, {""block"": ""rsma"", ""rho"": 1.0, ""gain"": -1.7763568394002505e-15}, {""block"": ""star_ris"", ""rho"": 8.0, ""gain"": 0.02811592205991076}, {""block"": ""rsma"", ""rho"": 1.0, ""gain"": 3.552713678800501e-15}, {""block"": ""star_ris"", ""rho"": 8.0, ""gain"": 0.040971351378198406}, {""block"": ""rsma"", ""rho"": 1.0, ""gain"": 0.0}, {""block"": ""star_ris"", ""rho"": 32.0, ""gain"": 0.014437502415729497}, {""block"": ""rsma"", ""rho"": 1.0, ""gain"": -1.7763568394002505e-15}, {""block"": ""star_ris"", ""rho"": 4.0, ""gain"": 0.020904313288026444}, {""block"": ""rsma"", ""rho"": 1.0, ""gain"": 0.0}, {""block"": ""star_ris"", ""rho"": 8.0, ""gain"": 0.017190416594457858}, {""block"": ""rsma"", ""rho"": 1.0, ""gain"": 0.0}, {""block"": ""star_ris"", ""rho"": 4.0, ""gain"": 0.10490777433310328}, {""block"": ""rsma"", ""rho"": 1.0, ""gain"": 0.0}, {""block"": ""star_ris"", ""rho"": 32.0, ""gain"": 0.002530850154700559}, {""block"": ""rsma"", ""rho"": 1.0, ""gain"": 0.0}, {""block"": ""star_ris"", ""rho"": 8.0, ""gain"": 0.004679953477292997}, {""block"": ""rsma"", ""rho"": 1.0, ""gain"": 0.0}, {""block"": ""star_ris"", ""rho"": 8.0, ""gain"": 0.013924441221899286}, {""block"": ""rsma"", ""rho"": 1.0, ""gain"": 0.0}, {""block"": ""star_ris"", ""rho"": 4.0, ""gain"": 0.020733777837905976}, {""block"": ""rsma"", ""rho"": 1.0, ""gain"": 0.0}, {""block"": ""star_ris"", ""rho"": 4.0, ""gain"": 0.0016203773316707526}, {""block"": ""rsma"", ""rho"": 1.0, ""gain"": 0.0}, {""block"": ""star_ris"", ""rho"": 4.0, ""gain"": 0.037991679932405376}, {""block"": ""rsma"", ""rho"": 1.0, ""gain"": 0.0}, {""block"": ""star_ris"", ""rho"": 4.0, ""gain"": 0.09313403338636483}, {""block"": ""rsma"", ""rho"": 1.0, ""gain"": 1.7763568394002505e-15}, {""block"": ""star_ris"", ""rho"": 8.0, ""gain"": 0.010579553475945858}, {""block"": ""rsma"", ""rho"": 1.0, ""gain"": -1.7763568394002505e-15}, {""block"": ""star_ris"", ""rho"": 4.0, ""gain"": 0.03978587566800229}, {""block"": ""rsma"", ""rho"": 1.0, ""gain"": 3.552713678800501e-15}, {""block"": ""star_ris"", ""rho"": 8.0, ""gain"": 0.012896440490091976}]",{},2309.216342,2a8450eb5d4f6f05c03681c57cc71c0590f449be523644dbfde0384d2f23053d,fc61d5cda7da39530055bae9bd0e92865f995cd9,6ec54735c1c2c35cd253d9d3d23295783293b6d64c65204dfcab16b2d59ebbef
ao_sca,32,10000,306,test,17.131134363991436,17.131134363991436,1.0,True,0.0,11,2517,14,ao_sca_proximal_physical,analytical_ris_equal_allocation,"[1.836743270216189, 13.896705750503514, 14.015261378885452, 14.746854092813173, 16.3257764980744, 16.64479542105132, 16.652852993209528, 17.10320621660083, 17.122971572802662, 17.12764471617364, 17.12997258781185, 17.131134363991436]","[{""block"": ""rsma"", ""rho"": 1.0, ""gain"": 11.258706910932954}, {""block"": ""star_ris"", ""rho"": 8.0, ""gain"": 0.801255569354371}, {""block"": ""rsma"", ""rho"": 65536.0, ""gain"": 0.0}, {""block"": ""star_ris"", ""rho"": 32.0, ""gain"": 0.11855562838193734}, {""block"": ""rsma"", ""rho"": 65536.0, ""gain"": 0.0}, {""block"": ""star_ris"", ""rho"": 4.0, ""gain"": 0.7315927139277214}, {""block"": ""rsma"", ""rho"": 1024.0, ""gain"": 1.2431410285283775}, {""block"": ""star_ris"", ""rho"": 2.0, ""gain"": 0.33578137673285013}, {""block"": ""rsma"", ""rho"": 128.0, ""gain"": 0.30268680189546515}, {""block"": ""star_ris"", ""rho"": 32.0, ""gain"": 0.01633212108145443}, {""block"": ""rsma"", ""rho"": 65536.0, ""gain"": 0.0}, {""block"": ""star_ris"", ""rho"": 64.0, ""gain"": 0.008057572158207904}, {""block"": ""rsma"", ""rho"": 65536.0, ""gain"": 0.0}, {""block"": ""star_ris"", ""rho"": 1.0, ""gain"": 0.45035322339130346}, {""block"": ""rsma"", ""rho"": 65536.0, ""gain"": 0.0}, {""block"": ""star_ris"", ""rho"": 16.0, ""gain"": 0.019765356201830286}, {""block"": ""rsma"", ""rho"": 65536.0, ""gain"": 0.0}, {""block"": ""star_ris"", ""rho"": 64.0, ""gain"": 0.00467314337097946}, {""block"": ""rsma"", ""rho"": 65536.0, ""gain"": 0.0}, {""block"": ""star_ris"", ""rho"": 128.0, ""gain"": 0.0023278716382080233}, {""block"": ""rsma"", ""rho"": 65536.0, ""gain"": 0.0}, {""block"": ""star_ris"", ""rho"": 256.0, ""gain"": 0.001161776179586127}]",{},1318.477616,2a8450eb5d4f6f05c03681c57cc71c0590f449be523644dbfde0384d2f23053d,fc61d5cda7da39530055bae9bd0e92865f995cd9,6ec54735c1c2c35cd253d9d3d23295783293b6d64c65204dfcab16b2d59ebbef
ao_sca,32,10000,307,test,18.13692094039747,18.13692094039747,1.0,True,0.0,20,4529,22,ao_sca_proximal_physical,analytical_ris_equal_allocation,"[1.8368809494020426, 13.979392799276276, 14.527640862724242, 17.112678588031997, 17.35368789241229, 17.505554150296476, 17.624827086357254, 17.638312552779627, 17.64498656529081, 17.734518473245295, 17.815276369692207, 17.894061179948967, 17.942818687597686, 17.983216170283942, 18.018673332251467, 18.044160099001523, 18.06756658848952, 18.087286845934997, 18.104605435110148, 18.12104855130882, 18.13692094039747]","[{""block"": ""rsma"", ""rho"": 1.0, ""gain"": 11.844476771534348}, {""block"": ""star_ris"", ""rho"": 2.0, ""gain"": 0.2980350783398862}, {""block"": ""rsma"", ""rho"": 65536.0, ""gain"": 0.0}, {""block"": ""star_ris"", ""rho"": 4.0, ""gain"": 0.5482480634479661}, {""block"": ""rsma"", ""rho"": 256.0, ""gain"": 1.5705020169277315}, {""block"": ""star_ris"", ""rho"": 1.0, ""gain"": 1.0145357083800235}, {""block"": ""rsma"", ""rho"": 65536.0, ""gain"": 0.0}, {""block"": ""star_ris"", ""rho"": 1.0, ""gain"": 0.24100930438029167}, {""block"": ""rsma"", ""rho"": 65536.0, ""gain"": 0.0}, {""block"": ""star_ris"", ""rho"": 1.0, ""gain"": 0.15186625788418695}, {""block"": ""rsma"", ""rho"": 65536.0, ""gain"": 0.0}, {""block"": ""star_ris"", ""rho"": 1.0, ""gain"": 0.11927293606077782}, {""block"": ""rsma"", ""rho"": 65536.0, ""gain"": 0.0}, {""block"": ""star_ris"", ""rho"": 8.0, ""gain"": 0.013485466422373804}, {""block"": ""rsma"", ""rho"": 65536.0, ""gain"": 0.0}, {""block"": ""star_ris"", ""rho"": 16.0, ""gain"": 0.006674012511183491}, {""block"": ""rsma"", ""rho"": 65536.0, ""gain"": 0.0}, {""block"": ""star_ris"", ""rho"": 1.0, ""gain"": 0.08953190795448407}, {""block"": ""rsma"", ""rho"": 65536.0, ""gain"": 0.0}, {""block"": ""star_ris"", ""rho"": 1.0, ""gain"": 0.08075789644691156}, {""block"": ""rsma"", ""rho"": 65536.0, ""gain"": 0.0}, {""block"": ""star_ris"", ""rho"": 1.0, ""gain"": 0.0787848102567601}, {""block"": ""rsma"", ""rho"": 65536.0, ""gain"": 0.0}, {""block"": ""star_ris"", ""rho"": 1.0, ""gain"": 0.04875750764871967}, {""block"": ""rsma"", ""rho"": 65536.0, ""gain"": 0.0}, {""block"": ""star_ris"", ""rho"": 1.0, ""gain"": 0.04039748268625587}, {""block"": ""rsma"", ""rho"": 65536.0, ""gain"": 0.0}, {""block"": ""star_ris"", ""rho"": 1.0, ""gain"": 0.0354571619675248}, {""block"": ""rsma"", ""rho"": 65536.0, ""gain"": 0.0}, {""block"": ""star_ris"", ""rho"": 1.0, ""gain"": 0.025486766750056233}, {""block"": ""rsma"", ""rho"": 65536.0, ""gain"": 0.0}, {""block"": ""star_ris"", ""rho"": 1.0, ""gain"": 0.023406489487996396}, {""block"": ""rsma"", ""rho"": 65536.0, ""gain"": 0.0}, {""block"": ""star_ris"", ""rho"": 1.0, ""gain"": 0.019720257445477785}, {""block"": ""rsma"", ""rho"": 65536.0, ""gain"": 0.0}, {""block"": ""star_ris"", ""rho"": 1.0, ""gain"": 0.017318589175150834}, {""block"": ""rsma"", ""rho"": 65536.0, ""gain"": 0.0}, {""block"": ""star_ris"", ""rho"": 1.0, ""gain"": 0.01644311619867267}, {""block"": ""rsma"", ""rho"": 65536.0, ""gain"": 0.0}, {""block"": ""star_ris"", ""rho"": 1.0, ""gain"": 0.015872389088649186}]",{},2432.733469,2a8450eb5d4f6f05c03681c57cc71c0590f449be523644dbfde0384d2f23053d,fc61d5cda7da39530055bae9bd0e92865f995cd9,6ec54735c1c2c35cd253d9d3d23295783293b6d64c65204dfcab16b2d59ebbef
ao_sca,32,10000,308,test,15.762908880600294,15.762908880600294,1.0,True,0.0,20,4317,39,ao_sca_proximal_physical,analytical_ris_equal_allocation,"[1.837227560794268, 15.293129076733663, 15.331370107871665, 15.350032347229579, 15.359838372232836, 15.430263109572037, 15.572440884003884, 15.580043682687124, 15.59557994545448, 15.602153022851049, 15.610568953764002, 15.629937082456793, 15.641313815217032, 15.66858636492903, 15.674290852601041, 15.683000229506582, 15.706620080659391, 15.72684078779177, 15.732934689338073, 15.75836947209063, 15.762908880600294]","[{""block"": ""rsma"", ""rho"": 1.0, ""gain"": 12.073706139828696}, {""block"": ""star_ris"", ""rho"": 2.0, ""gain"": 1.3821953761106993}, {""block"": ""rsma"", ""rho"": 1.0, ""gain"": 1.7763568394002505e-15}, {""block"": ""star_ris"", ""rho"": 32.0, ""gain"": 0.038241031137999926}, {""block"": ""rsma"", ""rho"": 1.0, ""gain"": 0.0}, {""block"": ""star_ris"", ""rho"": 64.0, ""gain"": 0.01866223935791389}, {""block"": ""rsma"", ""rho"": 1.0, ""gain"": 0.0}, {""block"": ""star_ris"", ""rho"": 2.0, ""gain"": 0.009806025003257446}, {""block"": ""rsma"", ""rho"": 1.0, ""gain"": -1.7763568394002505e-15}, {""block"": ""star_ris"", ""rho"": 32.0, ""gain"": 0.07042473733920218}, {""block"": ""rsma"", ""rho"": 1.0, ""gain"": -1.7763568394002505e-15}, {""block"": ""star_ris"", ""rho"": 4.0, ""gain"": 0.14217777443184865}, {""block"": ""rsma"", ""rho"": 1.0, ""gain"": 0.0}, {""block"": ""star_ris"", ""rho"": 8.0, ""gain"": 0.0076027986832407635}, {""block"": ""rsma"", ""rho"": 1.0, ""gain"": -1.7763568394002505e-15}, {""block"": ""star_ris"", ""rho"": 4.0, ""gain"": 0.0155362627673572}, {""block"": ""rsma"", ""rho"": 1.0, ""gain"": -1.7763568394002505e-15}, {""block"": ""star_ris"", ""rho"": 8.0, ""gain"": 0.006573077396570426}, {""block"": ""rsma"", ""rho"": 1.0, ""gain"": -1.7763568394002505e-15}, {""block"": ""star_ris"", ""rho"": 4.0, ""gain"": 0.008415930912955005}, {""block"": ""rsma"", ""rho"": 1.0, ""gain"": 0.0}, {""block"": ""star_ris"", ""rho"": 8.0, ""gain"": 0.019368128692791586}, {""block"": ""rsma"", ""rho"": 1.0, ""gain"": 0.0}, {""block"": ""star_ris"", ""rho"": 256.0, ""gain"": 0.01137673276023854}, {""block"": ""rsma"", ""rho"": 1.0, ""gain"": -1.7763568394002505e-15}, {""block"": ""star_ris"", ""rho"": 8.0, ""gain"": 0.027272549712000327}, {""block"": ""rsma"", ""rho"": 1.0, ""gain"": 0.0}, {""block"": ""star_ris"", ""rho"": 256.0, ""gain"": 0.005704487672010927}, {""block"": ""rsma"", ""rho"": 1.0, ""gain"": 0.0}, {""block"": ""star_ris"", ""rho"": 16.0, ""gain"": 0.008709376905541077}, {""block"": ""rsma"", ""rho"": 1.0, ""gain"": 0.0}, {""block"": ""star_ris"", ""rho"": 16.0, ""gain"": 0.023619851152808735}, {""block"": ""rsma"", ""rho"": 1.0, ""gain"": 0.0}, {""block"": ""star_ris"", ""rho"": 8.0, ""gain"": 0.020220707132379445}, {""block"": ""rsma"", ""rho"": 1.0, ""gain"": 1.7763568394002505e-15}, {""block"": ""star_ris"", ""rho"": 32.0, ""gain"": 0.0060939015463006285}, {""block"": ""rsma"", ""rho"": 1.0, ""gain"": 1.7763568394002505e-15}, {""block"": ""star_ris"", ""rho"": 16.0, ""gain"": 0.025434782752554952}, {""block"": ""rsma"", ""rho"": 1.0, ""gain"": 0.0}, {""block"": ""star_ris"", ""rho"": 16.0, ""gain"": 0.004539408509664611}]",{},2266.608057,2a8450eb5d4f6f05c03681c57cc71c0590f449be523644dbfde0384d2f23053d,fc61d5cda7da39530055bae9bd0e92865f995cd9,6ec54735c1c2c35cd253d9d3d23295783293b6d64c65204dfcab16b2d59ebbef
ao_sca,32,10000,309,test,15.582614862957218,15.582614862957218,1.0,True,0.0,20,4302,39,ao_sca_proximal_physical,analytical_ris_equal_allocation,"[1.836918118229103, 15.087618519283785, 15.100573504956634, 15.114983615850306, 15.118740967795176, 15.202868427518533, 15.204585700758784, 15.21891666639626, 15.22798157452728, 15.23057478308865, 15.323306794172208, 15.360408257897397, 15.385673656736172, 15.391657796412503, 15.3989171280475, 15.403093984786874, 15.42576265345398, 15.461426895586996, 15.541509854801879, 15.57689698567988, 15.582614862957218]","[{""block"": ""rsma"", ""rho"": 1.0, ""gain"": 11.640766389809851}, {""block"": ""star_ris"", ""rho"": 2.0, ""gain"": 1.60993401124483}, {""block"": ""rsma"", ""rho"": 1.0, ""gain"": 0.0}, {""block"": ""star_ris"", ""rho"": 32.0, ""gain"": 0.012954985672848807}, {""block"": ""rsma"", ""rho"": 1.0, ""gain"": 0.0}, {""block"": ""star_ris"", ""rho"": 16.0, ""gain"": 0.014410110893672723}, {""block"": ""rsma"", ""rho"": 1.0, ""gain"": 0.0}, {""block"": ""star_ris"", ""rho"": 8.0, ""gain"": 0.0037573519448699244}, {""block"": ""rsma"", ""rho"": 1.0, ""gain"": 1.7763568394002505e-15}, {""block"": ""star_ris"", ""rho"": 4.0, ""gain"": 0.084127459723355}, {""block"": ""rsma"", ""rho"": 1.0, ""gain"": 0.0}, {""block"": ""star_ris"", ""rho"": 32.0, ""gain"": 0.0017172732402510604}, {""block"": ""rsma"", ""rho"": 1.0, ""gain"": 0.0}, {""block"": ""star_ris"", ""rho"": 16.0, ""gain"": 0.014330965637475046}, {""block"": ""rsma"", ""rho"": 1.0, ""gain"": 0.0}, {""block"": ""star_ris"", ""rho"": 4.0, ""gain"": 0.009064908131021454}, {""block"": ""rsma"", ""rho"": 1.0, ""gain"": 0.0}, {""block"": ""star_ris"", ""rho"": 4.0, ""gain"": 0.0025932085613700195}, {""block"": ""rsma"", ""rho"": 1.0, ""gain"": 1.7763568394002505e-15}, {""block"": ""star_ris"", ""rho"": 2.0, ""gain"": 0.09273201108355522}, {""block"": ""rsma"", ""rho"": 1.0, ""gain"": 0.0}, {""block"": ""star_ris"", ""rho"": 16.0, ""gain"": 0.03710146372518963}, {""block"": ""rsma"", ""rho"": 1.0, ""gain"": 1.7763568394002505e-15}, {""block"": ""star_ris"", ""rho"": 16.0, ""gain"": 0.025265398838772768}, {""block"": ""rsma"", ""rho"": 1.0, ""gain"": 0.0}, {""block"": ""star_ris"", ""rho"": 16.0, ""gain"": 0.005984139676330713}, {""block"": ""rsma"", ""rho"": 1.0, ""gain"": 0.0}, {""block"": ""star_ris"", ""rho"": 4.0, ""gain"": 0.007259331634998034}, {""block"": ""rsma"", ""rho"": 1.0, ""gain"": 1.7763568394002505e-15}, {""block"": ""star_ris"", ""rho"": 8.0, ""gain"": 0.00417685673937207}, {""block"": ""rsma"", ""rho"": 1.0, ""gain"": 1.7763568394002505e-15}, {""block"": ""star_ris"", ""rho"": 4.0, ""gain"": 0.022668668667103375}, {""block"": ""rsma"", ""rho"": 1.0, ""gain"": 0.0}, {""block"": ""star_ris"", ""rho"": 4.0, ""gain"": 0.035664242133016444}, {""block"": ""rsma"", ""rho"": 1.0, ""gain"": 0.0}, {""block"": ""star_ris"", ""rho"": 4.0, ""gain"": 0.08008295921488262}, {""block"": ""rsma"", ""rho"": 1.0, ""gain"": 1.7763568394002505e-15}, {""block"": ""star_ris"", ""rho"": 8.0, ""gain"": 0.03538713087800005}, {""block"": ""rsma"", ""rho"": 1.0, ""gain"": 3.552713678800501e-15}, {""block"": ""star_ris"", ""rho"": 64.0, ""gain"": 0.0057178772773340825}]",{},2225.827012,2a8450eb5d4f6f05c03681c57cc71c0590f449be523644dbfde0384d2f23053d,fc61d5cda7da39530055bae9bd0e92865f995cd9,6ec54735c1c2c35cd253d9d3d23295783293b6d64c65204dfcab16b2d59ebbef
ao_sca,32,10000,310,test,15.602897752811396,15.602897752811396,1.0,True,0.0,4,860,8,ao_sca_proximal_physical,analytical_ris_equal_allocation,"[1.8372523650057404, 15.379330871401269, 15.54372408264592, 15.602305424389046, 15.602897752811396]","[{""block"": ""rsma"", ""rho"": 1.0, ""gain"": 12.259748109306114}, {""block"": ""star_ris"", ""rho"": 1.0, ""gain"": 1.2823303970894138}, {""block"": ""rsma"", ""rho"": 1.0, ""gain"": 0.0}, {""block"": ""star_ris"", ""rho"": 16.0, ""gain"": 0.16439321124465067}, {""block"": ""rsma"", ""rho"": 1.0, ""gain"": 1.7763568394002505e-15}, {""block"": ""star_ris"", ""rho"": 16.0, ""gain"": 0.05858134174312468}, {""block"": ""rsma"", ""rho"": 1.0, ""gain"": 0.0}, {""block"": ""star_ris"", ""rho"": 8.0, ""gain"": 0.0005923284223499081}]",{},439.260477,2a8450eb5d4f6f05c03681c57cc71c0590f449be523644dbfde0384d2f23053d,fc61d5cda7da39530055bae9bd0e92865f995cd9,6ec54735c1c2c35cd253d9d3d23295783293b6d64c65204dfcab16b2d59ebbef
ao_sca,32,10000,311,test,16.108399526883556,16.108399526883556,1.0,True,0.0,17,3658,31,ao_sca_proximal_physical,analytical_ris_equal_allocation,"[1.8375897961079874, 15.555765035832987, 15.735865787793903, 15.753939786946578, 15.83094575827954, 15.936766344898832, 15.954800235913119, 15.979725088377215, 15.996088478534613, 16.029945606410458, 16.037957894331257, 16.067253472235382, 16.077902986303, 16.082987014782603, 16.08903756795845, 16.099300959833464, 16.10839551719936, 16.108399526883556]","[{""block"": ""rsma"", ""rho"": 1.0, ""gain"": 13.577652669615679}, {""block"": ""star_ris"", ""rho"": 4.0, ""gain"": 0.14052257010932045}, {""block"": ""rsma"", ""rho"": 1.0, ""gain"": 0.0}, {""block"": ""star_ris"", ""rho"": 2.0, ""gain"": 0.18010075196091613}, {""block"": ""rsma"", ""rho"": 1.0, ""gain"": -1.7763568394002505e-15}, {""block"": ""star_ris"", ""rho"": 4.0, ""gain"": 0.01807399915267638}, {""block"": ""rsma"", ""rho"": 1.0, ""gain"": 0.0}, {""block"": ""star_ris"", ""rho"": 4.0, ""gain"": 0.07700597133296228}, {""block"": ""rsma"", ""rho"": 1.0, ""gain"": 0.0}, {""block"": ""star_ris"", ""rho"": 4.0, ""gain"": 0.10582058661929139}, {""block"": ""rsma"", ""rho"": 1.0, ""gain"": 0.0}, {""block"": ""star_ris"", ""rho"": 4.0, ""gain"": 0.018033891014287207}, {""block"": ""rsma"", ""rho"": 1.0, ""gain"": 1.7763568394002505e-15}, {""block"": ""star_ris"", ""rho"": 16.0, ""gain"": 0.02492485246409437}, {""block"": ""rsma"", ""rho"": 1.0, ""gain"": -1.7763568394002505e-15}, {""block"": ""star_ris"", ""rho"": 8.0, ""gain"": 0.01636339015739985}, {""block"": ""rsma"", ""rho"": 1.0, ""gain"": 0.0}, {""block"": ""star_ris"", ""rho"": 16.0, ""gain"": 0.033857127875844384}, {""block"": ""rsma"", ""rho"": 1.0, ""gain"": 0.0}, {""block"": ""star_ris"", ""rho"": 8.0, ""gain"": 0.00801228792079911}, {""block"": ""rsma"", ""rho"": 1.0, ""gain"": 0.0}, {""block"": ""star_ris"", ""rho"": 8.0, ""gain"": 0.029295577904125736}, {""block"": ""rsma"", ""rho"": 1.0, ""gain"": 3.552713678800501e-15}, {""block"": ""star_ris"", ""rho"": 32.0, ""gain"": 0.010649514067612387}, {""block"": ""rsma"", ""rho"": 1.0, ""gain"": 3.552713678800501e-15}, {""block"": ""star_ris"", ""rho"": 32.0, ""gain"": 0.005084028479600988}, {""block"": ""rsma"", ""rho"": 1.0, ""gain"": 0.0}, {""block"": ""star_ris"", ""rho"": 16.0, ""gain"": 0.006050553175846574}, {""block"": ""rsma"", ""rho"": 1.0, ""gain"": 0.0}, {""block"": ""star_ris"", ""rho"": 16.0, ""gain"": 0.01026339187501435}, {""block"": ""rsma"", ""rho"": 1.0, ""gain"": 0.0}, {""block"": ""star_ris"", ""rho"": 8.0, ""gain"": 0.009094557365894929}, {""block"": ""rsma"", ""rho"": 1.0, ""gain"": 0.0}, {""block"": ""star_ris"", ""rho"": 16.0, ""gain"": 4.009684197114893e-06}]",{},1955.109463,2a8450eb5d4f6f05c03681c57cc71c0590f449be523644dbfde0384d2f23053d,fc61d5cda7da39530055bae9bd0e92865f995cd9,6ec54735c1c2c35cd253d9d3d23295783293b6d64c65204dfcab16b2d59ebbef
ao_sca,32,10000,312,test,17.716739094839568,17.716739094839568,1.0,True,0.0,8,1821,10,ao_sca_proximal_physical,analytical_ris_equal_allocation,"[1.8375573889223924, 15.187275233881742, 17.18815981062779, 17.192531130414903, 17.44849869413988, 17.6715819067034, 17.710674315538988, 17.715524010125705, 17.716739094839568]","[{""block"": ""rsma"", ""rho"": 1.0, ""gain"": 13.30511817321899}, {""block"": ""star_ris"", ""rho"": 1.0, ""gain"": 0.04459967174035917}, {""block"": ""rsma"", ""rho"": 4096.0, ""gain"": 1.9263421437457104}, {""block"": ""star_ris"", ""rho"": 4.0, ""gain"": 0.0745424330003388}, {""block"": ""rsma"", ""rho"": 65536.0, ""gain"": 0.0}, {""block"": ""star_ris"", ""rho"": 64.0, ""gain"": 0.004371319787111361}, {""block"": ""rsma"", ""rho"": 65536.0, ""gain"": 0.0}, {""block"": ""star_ris"", ""rho"": 1.0, ""gain"": 0.2559675637249761}, {""block"": ""rsma"", ""rho"": 65536.0, ""gain"": 0.0}, {""block"": ""star_ris"", ""rho"": 1.0, ""gain"": 0.2230832125635196}, {""block"": ""rsma"", ""rho"": 65536.0, ""gain"": 0.0}, {""block"": ""star_ris"", ""rho"": 4.0, ""gain"": 0.03909240883558951}, {""block"": ""rsma"", ""rho"": 65536.0, ""gain"": 0.0}, {""block"": ""star_ris"", ""rho"": 32.0, ""gain"": 0.004849694586717135}, {""block"": ""rsma"", ""rho"": 65536.0, ""gain"": 0.0}, {""block"": ""star_ris"", ""rho"": 128.0, ""gain"": 0.0012150847138627796}]",{},968.481569,2a8450eb5d4f6f05c03681c57cc71c0590f449be523644dbfde0384d2f23053d,fc61d5cda7da39530055bae9bd0e92865f995cd9,6ec54735c1c2c35cd253d9d3d23295783293b6d64c65204dfcab16b2d59ebbef
ao_sca,32,10000,313,test,15.598317966024936,15.598317966024936,1.0,True,0.0,16,3463,31,ao_sca_proximal_physical,analytical_ris_equal_allocation,"[1.8372469696014984, 15.22254446323673, 15.299911154531657, 15.36195965434224, 15.364963457537083, 15.400557799890526, 15.452235546888062, 15.494438123537119, 15.516993669815244, 15.531625207460982, 15.567031515893525, 15.569550456380025, 15.57588752173005, 15.581949894000783, 15.586863106986124, 15.596782899899749, 15.598317966024936]","[{""block"": ""rsma"", ""rho"": 1.0, ""gain"": 12.218931702269092}, {""block"": ""star_ris"", ""rho"": 2.0, ""gain"": 1.1663657913661396}, {""block"": ""rsma"", ""rho"": 1.0, ""gain"": 0.0}, {""block"": ""star_ris"", ""rho"": 4.0, ""gain"": 0.07736669129492668}, {""block"": ""rsma"", ""rho"": 1.0, ""gain"": 0.0}, {""block"": ""star_ris"", ""rho"": 128.0, ""gain"": 0.062048499810583024}, {""block"": ""rsma"", ""rho"": 1.0, ""gain"": 0.0}, {""block"": ""star_ris"", ""rho"": 4.0, ""gain"": 0.003003803194843613}, {""block"": ""rsma"", ""rho"": 1.0, ""gain"": 0.0}, {""block"": ""star_ris"", ""rho"": 8.0, ""gain"": 0.035594342353443054}, {""block"": ""rsma"", ""rho"": 1.0, ""gain"": 1.7763568394002505e-15}, {""block"": ""star_ris"", ""rho"": 32.0, ""gain"": 0.0516777469975338}, {""block"": ""rsma"", ""rho"": 1.0, ""gain"": 0.0}, {""block"": ""star_ris"", ""rho"": 8.0, ""gain"": 0.04220257664905702}, {""block"": ""rsma"", ""rho"": 1.0, ""gain"": 0.0}, {""block"": ""star_ris"", ""rho"": 8.0, ""gain"": 0.022555546278125505}, {""block"": ""rsma"", ""rho"": 1.0, ""gain"": 0.0}, {""block"": ""star_ris"", ""rho"": 32.0, ""gain"": 0.014631537645737325}, {""block"": ""rsma"", ""rho"": 1.0, ""gain"": 1.7763568394002505e-15}, {""block"": ""star_ris"", ""rho"": 16.0, ""gain"": 0.03540630843254178}, {""block"": ""rsma"", ""rho"": 1.0, ""gain"": 0.0}, {""block"": ""star_ris"", ""rho"": 64.0, ""gain"": 0.002518940486499588}, {""block"": ""rsma"", ""rho"": 1.0, ""gain"": 0.0}, {""block"": ""star_ris"", ""rho"": 128.0, ""gain"": 0.006337065350024318}, {""block"": ""rsma"", ""rho"": 1.0, ""gain"": 0.0}, {""block"": ""star_ris"", ""rho"": 32.0, ""gain"": 0.006062372270733363}, {""block"": ""rsma"", ""rho"": 1.0, ""gain"": 0.0}, {""block"": ""star_ris"", ""rho"": 64.0, ""gain"": 0.004913212985341531}, {""block"": ""rsma"", ""rho"": 1.0, ""gain"": 0.0}, {""block"": ""star_ris"", ""rho"": 32.0, ""gain"": 0.009919792913624548}, {""block"": ""rsma"", ""rho"": 1.0, ""gain"": 1.7763568394002505e-15}, {""block"": ""star_ris"", ""rho"": 64.0, ""gain"": 0.0015350661251858355}]",{},1784.03801,2a8450eb5d4f6f05c03681c57cc71c0590f449be523644dbfde0384d2f23053d,fc61d5cda7da39530055bae9bd0e92865f995cd9,6ec54735c1c2c35cd253d9d3d23295783293b6d64c65204dfcab16b2d59ebbef
ao_sca,32,10000,314,test,15.791634460057594,15.791634460057594,1.0,True,0.0,20,4321,37,ao_sca_proximal_physical,analytical_ris_equal_allocation,"[1.8374327408595437, 14.99554392822664, 15.012499275627999, 15.016692444004843, 15.107524631079205, 15.244149279717726, 15.305827732440292, 15.335282677620151, 15.345015082472077, 15.403247368782848, 15.431138850931841, 15.53447405818885, 15.56852630996476, 15.598721787030957, 15.633688684878855, 15.6858777098669, 15.698671468143662, 15.716019429075525, 15.72005167268886, 15.790545184924124, 15.791634460057594]","[{""block"": ""rsma"", ""rho"": 1.0, ""gain"": 13.00928638367903}, {""block"": ""star_ris"", ""rho"": 16.0, ""gain"": 0.1488248036880666}, {""block"": ""rsma"", ""rho"": 1.0, ""gain"": 0.0}, {""block"": ""star_ris"", ""rho"": 128.0, ""gain"": 0.016955347401358623}, {""block"": ""rsma"", ""rho"": 1.0, ""gain"": 1.7763568394002505e-15}, {""block"": ""star_ris"", ""rho"": 512.0, ""gain"": 0.004193168376842138}, {""block"": ""rsma"", ""rho"": 1.0, ""gain"": 0.0}, {""block"": ""star_ris"", ""rho"": 2.0, ""gain"": 0.09083218707436203}, {""block"": ""rsma"", ""rho"": 1.0, ""gain"": 0.0}, {""block"": ""star_ris"", ""rho"": 16.0, ""gain"": 0.13662464863852186}, {""block"": ""rsma"", ""rho"": 1.0, ""gain"": 0.0}, {""block"": ""star_ris"", ""rho"": 32.0, ""gain"": 0.06167845272256578}, {""block"": ""rsma"", ""rho"": 1.0, ""gain"": 1.7763568394002505e-15}, {""block"": ""star_ris"", ""rho"": 64.0, ""gain"": 0.02945494517985736}, {""block"": ""rsma"", ""rho"": 1.0, ""gain"": 0.0}, {""block"": ""star_ris"", ""rho"": 8.0, ""gain"": 0.009732404851925835}, {""block"": ""rsma"", ""rho"": 1.0, ""gain"": 0.0}, {""block"": ""star_ris"", ""rho"": 32.0, ""gain"": 0.05823228631077093}, {""block"": ""rsma"", ""rho"": 1.0, ""gain"": 1.7763568394002505e-15}, {""block"": ""star_ris"", ""rho"": 64.0, ""gain"": 0.027891482148991287}, {""block"": ""rsma"", ""rho"": 1.0, ""gain"": -1.7763568394002505e-15}, {""block"": ""star_ris"", ""rho"": 8.0, ""gain"": 0.10333520725701106}, {""block"": ""rsma"", ""rho"": 1.0, ""gain"": -1.7763568394002505e-15}, {""block"": ""star_ris"", ""rho"": 2.0, ""gain"": 0.0340522517759112}, {""block"": ""rsma"", ""rho"": 1.0, ""gain"": 0.0}, {""block"": ""star_ris"", ""rho"": 16.0, ""gain"": 0.030195477066197185}, {""block"": ""rsma"", ""rho"": 1.0, ""gain"": 0.0}, {""block"": ""star_ris"", ""rho"": 8.0, ""gain"": 0.03496689784789808}, {""block"": ""rsma"", ""rho"": 1.0, ""gain"": -1.7763568394002505e-15}, {""block"": ""star_ris"", ""rho"": 32.0, ""gain"": 0.05218902498804745}, {""block"": ""rsma"", ""rho"": 1.0, ""gain"": 0.0}, {""block"": ""star_ris"", ""rho"": 128.0, ""gain"": 0.01279375827676077}, {""block"": ""rsma"", ""rho"": 1.0, ""gain"": 0.0}, {""block"": ""star_ris"", ""rho"": 16.0, ""gain"": 0.01734796093186297}, {""block"": ""rsma"", ""rho"": 1.0, ""gain"": -1.7763568394002505e-15}, {""block"": ""star_ris"", ""rho"": 4.0, ""gain"": 0.004032243613337982}, {""block"": ""rsma"", ""rho"": 1.0, ""gain"": 0.0}, {""block"": ""star_ris"", ""rho"": 2.0, ""gain"": 0.07049351223526301}, {""block"": ""rsma"", ""rho"": 1.0, ""gain"": 0.0}, {""block"": ""star_ris"", ""rho"": 1.0, ""gain"": 0.0010892751334701245}]",{},2231.904252,2a8450eb5d4f6f05c03681c57cc71c0590f449be523644dbfde0384d2f23053d,fc61d5cda7da39530055bae9bd0e92865f995cd9,6ec54735c1c2c35cd253d9d3d23295783293b6d64c65204dfcab16b2d59ebbef
ao_sca,32,10000,315,test,15.950711245570394,15.950711245570394,1.0,True,0.0,8,1741,16,ao_sca_proximal_physical,analytical_ris_equal_allocation,"[1.8375075875021072, 15.312290094855207, 15.491371091385995, 15.854313789686987, 15.88794512163527, 15.938111359743193, 15.94179597896671, 15.949480823958373, 15.950711245570394]","[{""block"": ""rsma"", ""rho"": 1.0, ""gain"": 13.133701909096489}, {""block"": ""star_ris"", ""rho"": 1.0, ""gain"": 0.3410805982566103}, {""block"": ""rsma"", ""rho"": 1.0, ""gain"": 1.7763568394002505e-15}, {""block"": ""star_ris"", ""rho"": 2.0, ""gain"": 0.1790809965307858}, {""block"": ""rsma"", ""rho"": 1.0, ""gain"": 0.0}, {""block"": ""star_ris"", ""rho"": 1.0, ""gain"": 0.36294269830099246}, {""block"": ""rsma"", ""rho"": 1.0, ""gain"": 0.0}, {""block"": ""star_ris"", ""rho"": 1024.0, ""gain"": 0.03363133194828194}, {""block"": ""rsma"", ""rho"": 1.0, ""gain"": 1.7763568394002505e-15}, {""block"": ""star_ris"", ""rho"": 64.0, ""gain"": 0.05016623810792176}, {""block"": ""rsma"", ""rho"": 1.0, ""gain"": -1.7763568394002505e-15}, {""block"": ""star_ris"", ""rho"": 2048.0, ""gain"": 0.0036846192235184816}, {""block"": ""rsma"", ""rho"": 1.0, ""gain"": 0.0}, {""block"": ""star_ris"", ""rho"": 512.0, ""gain"": 0.007684844991663553}, {""block"": ""rsma"", ""rho"": 1.0, ""gain"": -1.7763568394002505e-15}, {""block"": ""star_ris"", ""rho"": 128.0, ""gain"": 0.001230421612023136}]",{},886.174286,2a8450eb5d4f6f05c03681c57cc71c0590f449be523644dbfde0384d2f23053d,fc61d5cda7da39530055bae9bd0e92865f995cd9,6ec54735c1c2c35cd253d9d3d23295783293b6d64c65204dfcab16b2d59ebbef
ao_sca,32,10000,316,test,17.857733449500785,17.857733449500785,1.0,True,0.0,20,4510,23,ao_sca_proximal_physical,analytical_ris_equal_allocation,"[1.8367913344410454, 15.082226992088103, 17.01966167348785, 17.220595131351924, 17.343241102770786, 17.407861147357476, 17.46690092551721, 17.523517463367973, 17.575122971281537, 17.596303607183327, 17.60129695912316, 17.639696371577898, 17.676628376995904, 17.711011734339, 17.74098203373794, 17.766592691449723, 17.79045205045647, 17.81160626006799, 17.82959493597197, 17.84567876887529, 17.857733449500785]","[{""block"": ""rsma"", ""rho"": 1.0, ""gain"": 11.38916592021314}, {""block"": ""star_ris"", ""rho"": 1.0, ""gain"": 1.8562697374339177}, {""block"": ""rsma"", ""rho"": 1024.0, ""gain"": 1.517680624972023}, {""block"": ""star_ris"", ""rho"": 1.0, ""gain"": 0.419754056427724}, {""block"": ""rsma"", ""rho"": 65536.0, ""gain"": 0.0}, {""block"": ""star_ris"", ""rho"": 1.0, ""gain"": 0.20093345786407468}, {""block"": ""rsma"", ""rho"": 65536.0, ""gain"": 0.0}, {""block"": ""star_ris"", ""rho"": 1.0, ""gain"": 0.12264597141886213}, {""block"": ""rsma"", ""rho"": 65536.0, ""gain"": 0.0}, {""block"": ""star_ris"", ""rho"": 1.0, ""gain"": 0.06462004458668957}, {""block"": ""rsma"", ""rho"": 65536.0, ""gain"": 0.0}, {""block"": ""star_ris"", ""rho"": 1.0, ""gain"": 0.05903977815973249}, {""block"": ""rsma"", ""rho"": 65536.0, ""gain"": 0.0}, {""block"": ""star_ris"", ""rho"": 1.0, ""gain"": 0.056616537850764814}, {""block"": ""rsma"", ""rho"": 65536.0, ""gain"": 0.0}, {""block"": ""star_ris"", ""rho"": 1.0, ""gain"": 0.051605507913564}, {""block"": ""rsma"", ""rho"": 65536.0, ""gain"": 0.0}, {""block"": ""star_ris"", ""rho"": 2.0, ""gain"": 0.021180635901789202}, {""block"": ""rsma"", ""rho"": 65536.0, ""gain"": 0.0}, {""block"": ""star_ris"", ""rho"": 8.0, ""gain"": 0.004993351939834412}, {""block"": ""rsma"", ""rho"": 65536.0, ""gain"": 0.0}, {""block"": ""star_ris"", ""rho"": 1.0, ""gain"": 0.0383994124547371}, {""block"": ""rsma"", ""rho"": 65536.0, ""gain"": 0.0}, {""block"": ""star_ris"", ""rho"": 1.0, ""gain"": 0.03693200541800579}, {""block"": ""rsma"", ""rho"": 65536.0, ""gain"": 0.0}, {""block"": ""star_ris"", ""rho"": 1.0, ""gain"": 0.03438335734309561}, {""block"": ""rsma"", ""rho"": 65536.0, ""gain"": 0.0}, {""block"": ""star_ris"", ""rho"": 1.0, ""gain"": 0.029970299398939915}, {""block"": ""rsma"", ""rho"": 65536.0, ""gain"": 0.0}, {""block"": ""star_ris"", ""rho"": 1.0, ""gain"": 0.025610657711784057}, {""block"": ""rsma"", ""rho"": 65536.0, ""gain"": 0.0}, {""block"": ""star_ris"", ""rho"": 1.0, ""gain"": 0.02385935900674596}, {""block"": ""rsma"", ""rho"": 65536.0, ""gain"": 0.0}, {""block"": ""star_ris"", ""rho"": 1.0, ""gain"": 0.021154209611520258}, {""block"": ""rsma"", ""rho"": 65536.0, ""gain"": 0.0}, {""block"": ""star_ris"", ""rho"": 1.0, ""gain"": 0.0179886759039789}, {""block"": ""rsma"", ""rho"": 65536.0, ""gain"": 0.0}, {""block"": ""star_ris"", ""rho"": 1.0, ""gain"": 0.016083832903319717}, {""block"": ""rsma"", ""rho"": 1.0, ""gain"": 3.306146542669808e-05}, {""block"": ""star_ris"", ""rho"": 1.0, ""gain"": 0.012021619160069719}]",{},2404.314847,2a8450eb5d4f6f05c03681c57cc71c0590f449be523644dbfde0384d2f23053d,fc61d5cda7da39530055bae9bd0e92865f995cd9,6ec54735c1c2c35cd253d9d3d23295783293b6d64c65204dfcab16b2d59ebbef
ao_sca,32,10000,317,test,16.131780197266277,16.131780197266277,1.0,True,0.0,12,2578,24,ao_sca_proximal_physical,analytical_ris_equal_allocation,"[1.8376246109033532, 15.888927757299026, 15.89386376072951, 15.90986917623899, 15.959536518820054, 15.972265879970148, 16.017846780275015, 16.020053483123796, 16.04569515485269, 16.075123719763518, 16.082105271599065, 16.131618601748, 16.131780197266277]","[{""block"": ""rsma"", ""rho"": 1.0, ""gain"": 13.578883236605305}, {""block"": ""star_ris"", ""rho"": 2.0, ""gain"": 0.47241990979036785}, {""block"": ""rsma"", ""rho"": 1.0, ""gain"": -1.7763568394002505e-15}, {""block"": ""star_ris"", ""rho"": 16.0, ""gain"": 0.004936003430485059}, {""block"": ""rsma"", ""rho"": 1.0, ""gain"": 0.0}, {""block"": ""star_ris"", ""rho"": 8.0, ""gain"": 0.01600541550948087}, {""block"": ""rsma"", ""rho"": 1.0, ""gain"": 1.7763568394002505e-15}, {""block"": ""star_ris"", ""rho"": 4.0, ""gain"": 0.049667342581061646}, {""block"": ""rsma"", ""rho"": 1.0, ""gain"": 0.0}, {""block"": ""star_ris"", ""rho"": 4.0, ""gain"": 0.012729361150094931}, {""block"": ""rsma"", ""rho"": 1.0, ""gain"": -1.7763568394002505e-15}, {""block"": ""star_ris"", ""rho"": 4.0, ""gain"": 0.045580900304868166}, {""block"": ""rsma"", ""rho"": 1.0, ""gain"": 0.0}, {""block"": ""star_ris"", ""rho"": 16.0, ""gain"": 0.002206702848781106}, {""block"": ""rsma"", ""rho"": 1.0, ""gain"": 0.0}, {""block"": ""star_ris"", ""rho"": 4.0, ""gain"": 0.025641671728894977}, {""block"": ""rsma"", ""rho"": 1.0, ""gain"": -3.552713678800501e-15}, {""block"": ""star_ris"", ""rho"": 4.0, ""gain"": 0.029428564910830346}, {""block"": ""rsma"", ""rho"": 1.0, ""gain"": 0.0}, {""block"": ""star_ris"", ""rho"": 2.0, ""gain"": 0.006981551835547606}, {""block"": ""rsma"", ""rho"": 1.0, ""gain"": 0.0}, {""block"": ""star_ris"", ""rho"": 4.0, ""gain"": 0.04951333014893322}, {""block"": ""rsma"", ""rho"": 1.0, ""gain"": 3.552713678800501e-15}, {""block"": ""star_ris"", ""rho"": 256.0, ""gain"": 0.00016159551827499286}]",{},1366.707273,2a8450eb5d4f6f05c03681c57cc71c0590f449be523644dbfde0384d2f23053d,fc61d5cda7da39530055bae9bd0e92865f995cd9,6ec54735c1c2c35cd253d9d3d23295783293b6d64c65204dfcab16b2d59ebbef
ao_sca,32,10000,318,test,16.155358163114983,16.155358163114983,1.0,True,0.0,17,3661,32,ao_sca_proximal_physical,analytical_ris_equal_allocation,"[1.8372268925728341, 15.020124495130709, 15.23326094113347, 15.633112640814149, 15.675783925194983, 15.785567649602978, 15.794878159776061, 15.896613759079502, 15.923195571144944, 16.017164607038683, 16.03070702663653, 16.053737430459865, 16.06435854269926, 16.067610583805077, 16.100707664979268, 16.119137756364122, 16.155060415445675, 16.155358163114983]","[{""block"": ""rsma"", ""rho"": 1.0, ""gain"": 12.223345955621443}, {""block"": ""star_ris"", ""rho"": 1.0, ""gain"": 0.9595516469364309}, {""block"": ""rsma"", ""rho"": 65536.0, ""gain"": 0.0}, {""block"": ""star_ris"", ""rho"": 1.0, ""gain"": 0.2131364460027605}, {""block"": ""rsma"", ""rho"": 1.0, ""gain"": 0.0}, {""block"": ""star_ris"", ""rho"": 16.0, ""gain"": 0.3998516996806796}, {""block"": ""rsma"", ""rho"": 1.0, ""gain"": 0.0}, {""block"": ""star_ris"", ""rho"": 1.0, ""gain"": 0.042671284380833896}, {""block"": ""rsma"", ""rho"": 1.0, ""gain"": 0.0}, {""block"": ""star_ris"", ""rho"": 4.0, ""gain"": 0.10978372440799511}, {""block"": ""rsma"", ""rho"": 1.0, ""gain"": 0.0}, {""block"": ""star_ris"", ""rho"": 8.0, ""gain"": 0.009310510173083486}, {""block"": ""rsma"", ""rho"": 1.0, ""gain"": 1.7763568394002505e-15}, {""block"": ""star_ris"", ""rho"": 8.0, ""gain"": 0.10173559930343856}, {""block"": ""rsma"", ""rho"": 1.0, ""gain"": 1.7763568394002505e-15}, {""block"": ""star_ris"", ""rho"": 4.0, ""gain"": 0.026581812065440857}, {""block"": ""rsma"", ""rho"": 1.0, ""gain"": 0.0}, {""block"": ""star_ris"", ""rho"": 2.0, ""gain"": 0.09396903589373906}, {""block"": ""rsma"", ""rho"": 1.0, ""gain"": 0.0}, {""block"": ""star_ris"", ""rho"": 16.0, ""gain"": 0.0135424195978473}, {""block"": ""rsma"", ""rho"": 1.0, ""gain"": -3.552713678800501e-15}, {""block"": ""star_ris"", ""rho"": 16.0, ""gain"": 0.023030403823337764}, {""block"": ""rsma"", ""rho"": 1.0, ""gain"": 0.0}, {""block"": ""star_ris"", ""rho"": 8.0, ""gain"": 0.010621112239395103}, {""block"": ""rsma"", ""rho"": 1.0, ""gain"": 0.0}, {""block"": ""star_ris"", ""rho"": 4.0, ""gain"": 0.003252041105817227}, {""block"": ""rsma"", ""rho"": 1.0, ""gain"": 0.0}, {""block"": ""star_ris"", ""rho"": 8.0, ""gain"": 0.033097081174190635}, {""block"": ""rsma"", ""rho"": 1.0, ""gain"": 0.0}, {""block"": ""star_ris"", ""rho"": 2.0, ""gain"": 0.018430091384853853}, {""block"": ""rsma"", ""rho"": 1.0, ""gain"": 0.0}, {""block"": ""star_ris"", ""rho"": 4.0, ""gain"": 0.03592265908155312}, {""block"": ""rsma"", ""rho"": 1.0, ""gain"": 0.0}, {""block"": ""star_ris"", ""rho"": 128.0, ""gain"": 0.0002977476693075687}]",{},1929.511955,2a8450eb5d4f6f05c03681c57cc71c0590f449be523644dbfde0384d2f23053d,fc61d5cda7da39530055bae9bd0e92865f995cd9,6ec54735c1c2c35cd253d9d3d23295783293b6d64c65204dfcab16b2d59ebbef
ao_sca,32,10000,319,test,15.822196235897316,15.822196235897316,1.0,True,0.0,11,2363,22,ao_sca_proximal_physical,analytical_ris_equal_allocation,"[1.8372295387220885, 15.401145945237241, 15.513041356938256, 15.605445623995253, 15.634213809897275, 15.665280870996206, 15.706279439460458, 15.719483046218505, 15.732129376684213, 15.773509248245254, 15.822029369551254, 15.822196235897316]","[{""block"": ""rsma"", ""rho"": 1.0, ""gain"": 12.175310945414754}, {""block"": ""star_ris"", ""rho"": 2.0, ""gain"": 1.3886054611003988}, {""block"": ""rsma"", ""rho"": 1.0, ""gain"": -3.552713678800501e-15}, {""block"": ""star_ris"", ""rho"": 4.0, ""gain"": 0.11189541170101869}, {""block"": ""rsma"", ""rho"": 1.0, ""gain"": 0.0}, {""block"": ""star_ris"", ""rho"": 4.0, ""gain"": 0.09240426705699711}, {""block"": ""rsma"", ""rho"": 1.0, ""gain"": 0.0}, {""block"": ""star_ris"", ""rho"": 8.0, ""gain"": 0.028768185902022125}, {""block"": ""rsma"", ""rho"": 1.0, ""gain"": 0.0}, {""block"": ""star_ris"", ""rho"": 2.0, ""gain"": 0.031067061098930537}, {""block"": ""rsma"", ""rho"": 1.0, ""gain"": 0.0}, {""block"": ""star_ris"", ""rho"": 4.0, ""gain"": 0.04099856846425176}, {""block"": ""rsma"", ""rho"": 1.0, ""gain"": 0.0}, {""block"": ""star_ris"", ""rho"": 64.0, ""gain"": 0.013203606758047215}, {""block"": ""rsma"", ""rho"": 1.0, ""gain"": -1.7763568394002505e-15}, {""block"": ""star_ris"", ""rho"": 8.0, ""gain"": 0.012646330465710065}, {""block"": ""rsma"", ""rho"": 1.0, ""gain"": 0.0}, {""block"": ""star_ris"", ""rho"": 8.0, ""gain"": 0.04137987156104117}, {""block"": ""rsma"", ""rho"": 1.0, ""gain"": -1.7763568394002505e-15}, {""block"": ""star_ris"", ""rho"": 16.0, ""gain"": 0.048520121306001585}, {""block"": ""rsma"", ""rho"": 1.0, ""gain"": 0.0}, {""block"": ""star_ris"", ""rho"": 8.0, ""gain"": 0.00016686634606166706}]",{},1219.931033,2a8450eb5d4f6f05c03681c57cc71c0590f449be523644dbfde0384d2f23053d,fc61d5cda7da39530055bae9bd0e92865f995cd9,6ec54735c1c2c35cd253d9d3d23295783293b6d64c65204dfcab16b2d59ebbef
ao_sca,32,10000,320,test,16.226514707271992,16.226514707271992,1.0,True,0.0,16,3433,30,ao_sca_proximal_physical,analytical_ris_equal_allocation,"[1.8374681899562961, 15.066810210912836, 15.25728100512786, 15.392396998687374, 15.548263513255716, 15.572227114138528, 15.664966567656814, 15.714353091824796, 15.757151839557864, 15.810943757295487, 15.869926688262563, 16.116210085068907, 16.120087527960422, 16.12178270441125, 16.164004459534787, 16.22589670530904, 16.226514707271992]","[{""block"": ""rsma"", ""rho"": 1.0, ""gain"": 13.155120787145236}, {""block"": ""star_ris"", ""rho"": 2.0, ""gain"": 0.07422123381130419}, {""block"": ""rsma"", ""rho"": 1.0, ""gain"": 1.7763568394002505e-15}, {""block"": ""star_ris"", ""rho"": 4.0, ""gain"": 0.1904707942150221}, {""block"": ""rsma"", ""rho"": 1.0, ""gain"": -1.7763568394002505e-15}, {""block"": ""star_ris"", ""rho"": 2.0, ""gain"": 0.1351159935595163}, {""block"": ""rsma"", ""rho"": 1.0, ""gain"": -1.7763568394002505e-15}, {""block"": ""star_ris"", ""rho"": 8.0, ""gain"": 0.1558665145683431}, {""block"": ""rsma"", ""rho"": 1.0, ""gain"": -5.329070518200751e-15}, {""block"": ""star_ris"", ""rho"": 2.0, ""gain"": 0.02396360088281746}, {""block"": ""rsma"", ""rho"": 1.0, ""gain"": 3.552713678800501e-15}, {""block"": ""star_ris"", ""rho"": 1.0, ""gain"": 0.09273945351828239}, {""block"": ""rsma"", ""rho"": 1.0, ""gain"": 0.0}, {""block"": ""star_ris"", ""rho"": 2.0, ""gain"": 0.04938652416798206}, {""block"": ""rsma"", ""rho"": 1.0, ""gain"": 0.0}, {""block"": ""star_ris"", ""rho"": 1.0, ""gain"": 0.0427987477330678}, {""block"": ""rsma"", ""rho"": 1.0, ""gain"": 0.0}, {""block"": ""star_ris"", ""rho"": 64.0, ""gain"": 0.05379191773762315}, {""block"": ""rsma"", ""rho"": 1.0, ""gain"": 0.0}, {""block"": ""star_ris"", ""rho"": 1.0, ""gain"": 0.058982930967076186}, {""block"": ""rsma"", ""rho"": 1.0, ""gain"": 0.0}, {""block"": ""star_ris"", ""rho"": 2.0, ""gain"": 0.24628339680634426}, {""block"": ""rsma"", ""rho"": 1.0, ""gain"": 0.0}, {""block"": ""star_ris"", ""rho"": 128.0, ""gain"": 0.003877442891514704}, {""block"": ""rsma"", ""rho"": 1.0, ""gain"": -3.552713678800501e-15}, {""block"": ""star_ris"", ""rho"": 8.0, ""gain"": 0.0016951764508306155}, {""block"": ""rsma"", ""rho"": 1.0, ""gain"": 3.552713678800501e-15}, {""block"": ""star_ris"", ""rho"": 16.0, ""gain"": 0.042221755123534876}, {""block"": ""rsma"", ""rho"": 1.0, ""gain"": 3.552713678800501e-15}, {""block"": ""star_ris"", ""rho"": 8.0, ""gain"": 0.06189224577424923}, {""block"": ""rsma"", ""rho"": 1.0, ""gain"": 0.0}, {""block"": ""star_ris"", ""rho"": 128.0, ""gain"": 0.0006180019629518085}]",{},1765.528045,2a8450eb5d4f6f05c03681c57cc71c0590f449be523644dbfde0384d2f23053d,fc61d5cda7da39530055bae9bd0e92865f995cd9,6ec54735c1c2c35cd253d9d3d23295783293b6d64c65204dfcab16b2d59ebbef
ao_sca,32,10000,321,test,16.178777291270766,16.178777291270766,1.0,True,0.0,18,3932,30,ao_sca_proximal_physical,analytical_ris_equal_allocation,"[1.8372758886186515, 15.228110415804263, 15.238066129955254, 15.832440322288253, 15.860200855777393, 15.932363188202139, 15.949241413574452, 16.013012889852792, 16.041671125107214, 16.045097949624804, 16.132692100225253, 16.135702475847904, 16.143887260347846, 16.150391632060533, 16.153999998969947, 16.164500570004904, 16.176828963556982, 16.178768854540547, 16.178777291270766]","[{""block"": ""rsma"", ""rho"": 1.0, ""gain"": 11.892021778179405}, {""block"": ""star_ris"", ""rho"": 2.0, ""gain"": 1.4988127490062055}, {""block"": ""rsma"", ""rho"": 65536.0, ""gain"": 0.0}, {""block"": ""star_ris"", ""rho"": 128.0, ""gain"": 0.009955714150990502}, {""block"": ""rsma"", ""rho"": 65536.0, ""gain"": 0.0}, {""block"": ""star_ris"", ""rho"": 1.0, ""gain"": 0.5943741923329995}, {""block"": ""rsma"", ""rho"": 1.0, ""gain"": 0.0}, {""block"": ""star_ris"", ""rho"": 64.0, ""gain"": 0.02776053348913976}, {""block"": ""rsma"", ""rho"": 1.0, ""gain"": 0.0}, {""block"": ""star_ris"", ""rho"": 8.0, ""gain"": 0.07216233242474601}, {""block"": ""rsma"", ""rho"": 1.0, ""gain"": 0.0}, {""block"": ""star_ris"", ""rho"": 32.0, ""gain"": 0.016878225372312983}, {""block"": ""rsma"", ""rho"": 1.0, ""gain"": 0.0}, {""block"": ""star_ris"", ""rho"": 8.0, ""gain"": 0.06377147627834034}, {""block"": ""rsma"", ""rho"": 1.0, ""gain"": 0.0}, {""block"": ""star_ris"", ""rho"": 16.0, ""gain"": 0.028658235254422237}, {""block"": ""rsma"", ""rho"": 1.0, ""gain"": 0.0}, {""block"": ""star_ris"", ""rho"": 128.0, ""gain"": 0.0034268245175894663}, {""block"": ""rsma"", ""rho"": 1.0, ""gain"": 0.0}, {""block"": ""star_ris"", ""rho"": 4.0, ""gain"": 0.08759415060044873}, {""block"": ""rsma"", ""rho"": 1.0, ""gain"": 0.0}, {""block"": ""star_ris"", ""rho"": 64.0, ""gain"": 0.0030103756226509404}, {""block"": ""rsma"", ""rho"": 1.0, ""gain"": -3.552713678800501e-15}, {""block"": ""star_ris"", ""rho"": 16.0, ""gain"": 0.008184784499945863}, {""block"": ""rsma"", ""rho"": 1.0, ""gain"": 0.0}, {""block"": ""star_ris"", ""rho"": 64.0, ""gain"": 0.006504371712686918}, {""block"": ""rsma"", ""rho"": 1.0, ""gain"": 0.0}, {""block"": ""star_ris"", ""rho"": 16.0, ""gain"": 0.003608366909414684}, {""block"": ""rsma"", ""rho"": 1.0, ""gain"": 3.552713678800501e-15}, {""block"": ""star_ris"", ""rho"": 64.0, ""gain"": 0.010500571034953055}, {""block"": ""rsma"", ""rho"": 1.0, ""gain"": 0.0}, {""block"": ""star_ris"", ""rho"": 32.0, ""gain"": 0.012328393552078154}, {""block"": ""rsma"", ""rho"": 1.0, ""gain"": 0.0}, {""block"": ""star_ris"", ""rho"": 128.0, ""gain"": 0.0019398909835643963}, {""block"": ""rsma"", ""rho"": 1.0, ""gain"": 0.0}, {""block"": ""star_ris"", ""rho"": 512.0, ""gain"": 8.436730219330002e-06}]",{},2032.233806,2a8450eb5d4f6f05c03681c57cc71c0590f449be523644dbfde0384d2f23053d,fc61d5cda7da39530055bae9bd0e92865f995cd9,6ec54735c1c2c35cd253d9d3d23295783293b6d64c65204dfcab16b2d59ebbef
ao_sca,32,10000,322,test,16.592327723347136,16.592327723347136,1.0,True,0.0,20,4287,36,ao_sca_proximal_physical,analytical_ris_equal_allocation,"[1.8375972955106623, 15.464134859624062, 15.64109720504939, 15.786949321770166, 15.921444510843772, 16.112678377341233, 16.16058554486935, 16.182001548074854, 16.234037754977155, 16.252568266587012, 16.255008843522347, 16.395563501589468, 16.423331895081716, 16.473388983191665, 16.47526139557146, 16.479644715772853, 16.488436043968225, 16.510037906569224, 16.531641985483677, 16.565661948005655, 16.592327723347136]","[{""block"": ""rsma"", ""rho"": 1.0, ""gain"": 13.325767287611633}, {""block"": ""star_ris"", ""rho"": 1.0, ""gain"": 0.30077027650176724}, {""block"": ""rsma"", ""rho"": 1.0, ""gain"": 0.0}, {""block"": ""star_ris"", ""rho"": 2.0, ""gain"": 0.17696234542532707}, {""block"": ""rsma"", ""rho"": 1.0, ""gain"": -1.7763568394002505e-15}, {""block"": ""star_ris"", ""rho"": 32.0, ""gain"": 0.14585211672077847}, {""block"": ""rsma"", ""rho"": 1.0, ""gain"": 0.0}, {""block"": ""star_ris"", ""rho"": 2.0, ""gain"": 0.13449518907360591}, {""block"": ""rsma"", ""rho"": 1.0, ""gain"": -1.7763568394002505e-15}, {""block"": ""star_ris"", ""rho"": 1.0, ""gain"": 0.19123386649746266}, {""block"": ""rsma"", ""rho"": 1.0, ""gain"": 0.0}, {""block"": ""star_ris"", ""rho"": 8.0, ""gain"": 0.04790716752811619}, {""block"": ""rsma"", ""rho"": 1.0, ""gain"": 0.0}, {""block"": ""star_ris"", ""rho"": 4.0, ""gain"": 0.02141600320550552}, {""block"": ""rsma"", ""rho"": 1.0, ""gain"": 0.0}, {""block"": ""star_ris"", ""rho"": 1.0, ""gain"": 0.05203620690230082}, {""block"": ""rsma"", ""rho"": 1.0, ""gain"": 0.0}, {""block"": ""star_ris"", ""rho"": 2.0, ""gain"": 0.01853051160985686}, {""block"": ""rsma"", ""rho"": 1.0, ""gain"": 0.0}, {""block"": ""star_ris"", ""rho"": 32.0, ""gain"": 0.0024405769353350593}, {""block"": ""rsma"", ""rho"": 1.0, ""gain"": 3.552713678800501e-15}, {""block"": ""star_ris"", ""rho"": 2.0, ""gain"": 0.1405546580671171}, {""block"": ""rsma"", ""rho"": 1.0, ""gain"": 0.0}, {""block"": ""star_ris"", ""rho"": 2.0, ""gain"": 0.027768393492248578}, {""block"": ""rsma"", ""rho"": 1.0, ""gain"": 3.552713678800501e-15}, {""block"": ""star_ris"", ""rho"": 2.0, ""gain"": 0.050057088109944914}, {""block"": ""rsma"", ""rho"": 1.0, ""gain"": 0.0}, {""block"": ""star_ris"", ""rho"": 64.0, ""gain"": 0.0018724123797966286}, {""block"": ""rsma"", ""rho"": 1.0, ""gain"": 0.0}, {""block"": ""star_ris"", ""rho"": 32.0, ""gain"": 0.004383320201391427}, {""block"": ""rsma"", ""rho"": 1.0, ""gain"": 0.0}, {""block"": ""star_ris"", ""rho"": 16.0, ""gain"": 0.008791328195371761}, {""block"": ""rsma"", ""rho"": 1.0, ""gain"": 3.552713678800501e-15}, {""block"": ""star_ris"", ""rho"": 8.0, ""gain"": 0.021601862600995503}, {""block"": ""rsma"", ""rho"": 1.0, ""gain"": 0.0}, {""block"": ""star_ris"", ""rho"": 8.0, ""gain"": 0.021604078914453595}, {""block"": ""rsma"", ""rho"": 1.0, ""gain"": -3.552713678800501e-15}, {""block"": ""star_ris"", ""rho"": 4.0, ""gain"": 0.03401996252198103}, {""block"": ""rsma"", ""rho"": 1.0, ""gain"": 0.0}, {""block"": ""star_ris"", ""rho"": 4.0, ""gain"": 0.02666577534148118}]",{},2264.206065,2a8450eb5d4f6f05c03681c57cc71c0590f449be523644dbfde0384d2f23053d,fc61d5cda7da39530055bae9bd0e92865f995cd9,6ec54735c1c2c35cd253d9d3d23295783293b6d64c65204dfcab16b2d59ebbef
ao_sca,32,10000,323,test,15.34301666647304,15.34301666647304,1.0,True,0.0,7,1529,13,ao_sca_proximal_physical,analytical_ris_equal_allocation,"[1.8365132129456925, 14.68890291592573, 15.14471685890249, 15.265521264498481, 15.323469196553917, 15.338684288678998, 15.34259075522214, 15.34301666647304]","[{""block"": ""rsma"", ""rho"": 1.0, ""gain"": 10.895868721738903}, {""block"": ""star_ris"", ""rho"": 2.0, ""gain"": 1.956520981241134}, {""block"": ""rsma"", ""rho"": 65536.0, ""gain"": 0.0}, {""block"": ""star_ris"", ""rho"": 2.0, ""gain"": 0.4558139429767589}, {""block"": ""rsma"", ""rho"": 1.0, ""gain"": 1.7763568394002505e-15}, {""block"": ""star_ris"", ""rho"": 64.0, ""gain"": 0.12080440559599026}, {""block"": ""rsma"", ""rho"": 1.0, ""gain"": -1.7763568394002505e-15}, {""block"": ""star_ris"", ""rho"": 32.0, ""gain"": 0.05794793205543769}, {""block"": ""rsma"", ""rho"": 1.0, ""gain"": -1.7763568394002505e-15}, {""block"": ""star_ris"", ""rho"": 64.0, ""gain"": 0.015215092125082208}, {""block"": ""rsma"", ""rho"": 1.0, ""gain"": -1.7763568394002505e-15}, {""block"": ""star_ris"", ""rho"": 256.0, ""gain"": 0.003906466543144305}, {""block"": ""rsma"", ""rho"": 1.0, ""gain"": -1.7763568394002505e-15}, {""block"": ""star_ris"", ""rho"": 4.0, ""gain"": 0.00042591125090218895}]",{},798.498369,2a8450eb5d4f6f05c03681c57cc71c0590f449be523644dbfde0384d2f23053d,fc61d5cda7da39530055bae9bd0e92865f995cd9,6ec54735c1c2c35cd253d9d3d23295783293b6d64c65204dfcab16b2d59ebbef
ao_sca,32,10000,324,test,17.837261676407024,17.837261676407024,1.0,True,0.0,18,4090,20,ao_sca_proximal_physical,analytical_ris_equal_allocation,"[1.837280420299892, 14.738087076818262, 16.608994922457573, 16.89744846599773, 17.12267921029754, 17.285136190052206, 17.3019826183336, 17.310281443217566, 17.3185118439346, 17.413121853013973, 17.496674137779063, 17.57590181202917, 17.650952790303176, 17.722134409936608, 17.787526363356776, 17.817452823976073, 17.831965865435432, 17.83550463905688, 17.837261676407024]","[{""block"": ""rsma"", ""rho"": 1.0, ""gain"": 12.349818869765665}, {""block"": ""star_ris"", ""rho"": 1.0, ""gain"": 0.5509877867527049}, {""block"": ""rsma"", ""rho"": 1024.0, ""gain"": 1.4634100046959038}, {""block"": ""star_ris"", ""rho"": 1.0, ""gain"": 0.4074978409434067}, {""block"": ""rsma"", ""rho"": 65536.0, ""gain"": 0.0}, {""block"": ""star_ris"", ""rho"": 1.0, ""gain"": 0.2884535435401574}, {""block"": ""rsma"", ""rho"": 65536.0, ""gain"": 0.0}, {""block"": ""star_ris"", ""rho"": 1.0, ""gain"": 0.22523074429981094}, {""block"": ""rsma"", ""rho"": 65536.0, ""gain"": 0.0}, {""block"": ""star_ris"", ""rho"": 1.0, ""gain"": 0.16245697975466555}, {""block"": ""rsma"", ""rho"": 65536.0, ""gain"": 0.0}, {""block"": ""star_ris"", ""rho"": 8.0, ""gain"": 0.0168464282813936}, {""block"": ""rsma"", ""rho"": 65536.0, ""gain"": 0.0}, {""block"": ""star_ris"", ""rho"": 16.0, ""gain"": 0.008298824883965494}, {""block"": ""rsma"", ""rho"": 65536.0, ""gain"": 0.0}, {""block"": ""star_ris"", ""rho"": 16.0, ""gain"": 0.008230400717035735}, {""block"": ""rsma"", ""rho"": 65536.0, ""gain"": 0.0}, {""block"": ""star_ris"", ""rho"": 1.0, ""gain"": 0.09461000907937134}, {""block"": ""rsma"", ""rho"": 65536.0, ""gain"": 0.0}, {""block"": ""star_ris"", ""rho"": 1.0, ""gain"": 0.08355228476509069}, {""block"": ""rsma"", ""rho"": 65536.0, ""gain"": 0.0}, {""block"": ""star_ris"", ""rho"": 1.0, ""gain"": 0.0792276742501059}, {""block"": ""rsma"", ""rho"": 65536.0, ""gain"": 0.0}, {""block"": ""star_ris"", ""rho"": 1.0, ""gain"": 0.07505097827400675}, {""block"": ""rsma"", ""rho"": 65536.0, ""gain"": 0.0}, {""block"": ""star_ris"", ""rho"": 1.0, ""gain"": 0.07118161963343184}, {""block"": ""rsma"", ""rho"": 65536.0, ""gain"": 0.0}, {""block"": ""star_ris"", ""rho"": 1.0, ""gain"": 0.06539195342016768}, {""block"": ""rsma"", ""rho"": 65536.0, ""gain"": 0.0}, {""block"": ""star_ris"", ""rho"": 2.0, ""gain"": 0.029926460619297046}, {""block"": ""rsma"", ""rho"": 65536.0, ""gain"": 0.0}, {""block"": ""star_ris"", ""rho"": 4.0, ""gain"": 0.0145130414593595}, {""block"": ""rsma"", ""rho"": 65536.0, ""gain"": 0.0}, {""block"": ""star_ris"", ""rho"": 16.0, ""gain"": 0.0035387736214467225}, {""block"": ""rsma"", ""rho"": 65536.0, ""gain"": 0.0}, {""block"": ""star_ris"", ""rho"": 32.0, ""gain"": 0.0017570373501456515}]",{},2130.156102,2a8450eb5d4f6f05c03681c57cc71c0590f449be523644dbfde0384d2f23053d,fc61d5cda7da39530055bae9bd0e92865f995cd9,6ec54735c1c2c35cd253d9d3d23295783293b6d64c65204dfcab16b2d59ebbef
ao_sca,32,10000,325,test,15.735870283244534,15.735870283244534,1.0,True,0.0,6,1286,12,ao_sca_proximal_physical,analytical_ris_equal_allocation,"[1.8373187228113061, 15.093208140772475, 15.652083922796107, 15.67393230323275, 15.679897878912673, 15.734331680149584, 15.735870283244534]","[{""block"": ""rsma"", ""rho"": 1.0, ""gain"": 12.236044708078438}, {""block"": ""star_ris"", ""rho"": 1.0, ""gain"": 1.0198447098827312}, {""block"": ""rsma"", ""rho"": 1.0, ""gain"": 0.0}, {""block"": ""star_ris"", ""rho"": 4.0, ""gain"": 0.5588757820236321}, {""block"": ""rsma"", ""rho"": 1.0, ""gain"": 1.7763568394002505e-15}, {""block"": ""star_ris"", ""rho"": 8.0, ""gain"": 0.021848380436640724}, {""block"": ""rsma"", ""rho"": 1.0, ""gain"": -1.7763568394002505e-15}, {""block"": ""star_ris"", ""rho"": 4.0, ""gain"": 0.005965575679924839}, {""block"": ""rsma"", ""rho"": 1.0, ""gain"": 0.0}, {""block"": ""star_ris"", ""rho"": 8.0, ""gain"": 0.054433801236910995}, {""block"": ""rsma"", ""rho"": 1.0, ""gain"": 0.0}, {""block"": ""star_ris"", ""rho"": 8.0, ""gain"": 0.0015386030949500196}]",{},667.155263,2a8450eb5d4f6f05c03681c57cc71c0590f449be523644dbfde0384d2f23053d,fc61d5cda7da39530055bae9bd0e92865f995cd9,6ec54735c1c2c35cd253d9d3d23295783293b6d64c65204dfcab16b2d59ebbef
ao_sca,32,10000,326,test,15.30288428833201,15.30288428833201,1.0,True,0.0,2,428,4,ao_sca_proximal_physical,analytical_ris_equal_allocation,"[1.8374528466314033, 15.302098550757501, 15.30288428833201]","[{""block"": ""rsma"", ""rho"": 1.0, ""gain"": 13.32581215599788}, {""block"": ""star_ris"", ""rho"": 1.0, ""gain"": 0.13883354812821658}, {""block"": ""rsma"", ""rho"": 1.0, ""gain"": 1.7763568394002505e-15}, {""block"": ""star_ris"", ""rho"": 8.0, ""gain"": 0.0007857375745068396}]",{},219.634801,2a8450eb5d4f6f05c03681c57cc71c0590f449be523644dbfde0384d2f23053d,fc61d5cda7da39530055bae9bd0e92865f995cd9,6ec54735c1c2c35cd253d9d3d23295783293b6d64c65204dfcab16b2d59ebbef
ao_sca,32,10000,327,test,16.4196286109442,16.4196286109442,1.0,True,0.0,11,2374,21,ao_sca_proximal_physical,analytical_ris_equal_allocation,"[1.8366409612037082, 15.674286076114118, 15.781485192361442, 15.960507451387032, 16.231026256947537, 16.25646891799213, 16.260026743147918, 16.26429377437575, 16.281572864147158, 16.36305351095034, 16.41832827802351, 16.4196286109442]","[{""block"": ""rsma"", ""rho"": 1.0, ""gain"": 10.951291764306204}, {""block"": ""star_ris"", ""rho"": 1.0, ""gain"": 2.8863533506042067}, {""block"": ""rsma"", ""rho"": 1.0, ""gain"": 1.7763568394002505e-15}, {""block"": ""star_ris"", ""rho"": 64.0, ""gain"": 0.10719911624732248}, {""block"": ""rsma"", ""rho"": 1.0, ""gain"": 1.7763568394002505e-15}, {""block"": ""star_ris"", ""rho"": 16.0, ""gain"": 0.17902225902558833}, {""block"": ""rsma"", ""rho"": 1.0, ""gain"": 1.7763568394002505e-15}, {""block"": ""star_ris"", ""rho"": 4.0, ""gain"": 0.2705188055605028}, {""block"": ""rsma"", ""rho"": 1.0, ""gain"": 0.0}, {""block"": ""star_ris"", ""rho"": 128.0, ""gain"": 0.02544266104459325}, {""block"": ""rsma"", ""rho"": 1.0, ""gain"": 3.552713678800501e-15}, {""block"": ""star_ris"", ""rho"": 16.0, ""gain"": 0.0035578251557844}, {""block"": ""rsma"", ""rho"": 1.0, ""gain"": 0.0}, {""block"": ""star_ris"", ""rho"": 4.0, ""gain"": 0.004267031227833229}, {""block"": ""rsma"", ""rho"": 1.0, ""gain"": 0.0}, {""block"": ""star_ris"", ""rho"": 32.0, ""gain"": 0.017279089771406575}, {""block"": ""rsma"", ""rho"": 1.0, ""gain"": 3.552713678800501e-15}, {""block"": ""star_ris"", ""rho"": 4.0, ""gain"": 0.08148064680317901}, {""block"": ""rsma"", ""rho"": 1.0, ""gain"": 3.552713678800501e-15}, {""block"": ""star_ris"", ""rho"": 8.0, ""gain"": 0.05527476707316481}, {""block"": ""rsma"", ""rho"": 1.0, ""gain"": -7.105427357601002e-15}, {""block"": ""star_ris"", ""rho"": 64.0, ""gain"": 0.0013003329206995318}]",{},1220.897864,2a8450eb5d4f6f05c03681c57cc71c0590f449be523644dbfde0384d2f23053d,fc61d5cda7da39530055bae9bd0e92865f995cd9,6ec54735c1c2c35cd253d9d3d23295783293b6d64c65204dfcab16b2d59ebbef
ao_sca,32,10000,328,test,16.04504717406752,16.04504717406752,1.0,True,0.0,11,2407,19,ao_sca_proximal_physical,analytical_ris_equal_allocation,"[1.837472609877723, 14.607131612403549, 14.633625080643771, 15.861848024538556, 15.945415238395823, 15.949891683822544, 15.954284216401241, 15.96657607416917, 15.985933607400503, 16.023818974092965, 16.044780689732605, 16.04504717406752]","[{""block"": ""rsma"", ""rho"": 1.0, ""gain"": 12.714872893464252}, {""block"": ""star_ris"", ""rho"": 64.0, ""gain"": 0.054786109061573995}, {""block"": ""rsma"", ""rho"": 65536.0, ""gain"": 0.0}, {""block"": ""star_ris"", ""rho"": 128.0, ""gain"": 0.02649346824022203}, {""block"": ""rsma"", ""rho"": 65536.0, ""gain"": 0.0}, {""block"": ""star_ris"", ""rho"": 2.0, ""gain"": 1.2282229438947851}, {""block"": ""rsma"", ""rho"": 1.0, ""gain"": -3.552713678800501e-15}, {""block"": ""star_ris"", ""rho"": 2.0, ""gain"": 0.08356721385727006}, {""block"": ""rsma"", ""rho"": 1.0, ""gain"": -1.7763568394002505e-15}, {""block"": ""star_ris"", ""rho"": 64.0, ""gain"": 0.00447644542672343}, {""block"": ""rsma"", ""rho"": 1.0, ""gain"": 0.0}, {""block"": ""star_ris"", ""rho"": 32.0, ""gain"": 0.004392532578696873}, {""block"": ""rsma"", ""rho"": 1.0, ""gain"": 0.0}, {""block"": ""star_ris"", ""rho"": 16.0, ""gain"": 0.01229185776792896}, {""block"": ""rsma"", ""rho"": 1.0, ""gain"": 0.0}, {""block"": ""star_ris"", ""rho"": 8.0, ""gain"": 0.01935753323133227}, {""block"": ""rsma"", ""rho"": 1.0, ""gain"": 0.0}, {""block"": ""star_ris"", ""rho"": 4.0, ""gain"": 0.03788536669246234}, {""block"": ""rsma"", ""rho"": 1.0, ""gain"": 3.552713678800501e-15}, {""block"": ""star_ris"", ""rho"": 2.0, ""gain"": 0.020961715639636225}, {""block"": ""rsma"", ""rho"": 1.0, ""gain"": 0.0}, {""block"": ""star_ris"", ""rho"": 256.0, ""gain"": 0.00026648433491516244}]",{},1250.1943,2a8450eb5d4f6f05c03681c57cc71c0590f449be523644dbfde0384d2f23053d,fc61d5cda7da39530055bae9bd0e92865f995cd9,6ec54735c1c2c35cd253d9d3d23295783293b6d64c65204dfcab16b2d59ebbef
ao_sca,32,10000,329,test,17.970356468236112,17.970356468236112,1.0,True,0.0,12,2697,15,ao_sca_proximal_physical,analytical_ris_equal_allocation,"[1.8373399071239456, 14.783612104328725, 14.94236600645891, 17.111183084005898, 17.405763663530355, 17.60505521117174, 17.73514159482813, 17.837215175552604, 17.901672925392035, 17.945983107406114, 17.964821034396074, 17.969261118833067, 17.970356468236112]","[{""block"": ""rsma"", ""rho"": 1.0, ""gain"": 12.617366425015936}, {""block"": ""star_ris"", ""rho"": 2.0, ""gain"": 0.3289057721888433}, {""block"": ""rsma"", ""rho"": 1.0, ""gain"": 0.0}, {""block"": ""star_ris"", ""rho"": 1.0, ""gain"": 0.1587539021301847}, {""block"": ""rsma"", ""rho"": 128.0, ""gain"": 1.7045428346335445}, {""block"": ""star_ris"", ""rho"": 1.0, ""gain"": 0.46427424291344366}, {""block"": ""rsma"", ""rho"": 65536.0, ""gain"": 0.0}, {""block"": ""star_ris"", ""rho"": 1.0, ""gain"": 0.2945805795244567}, {""block"": ""rsma"", ""rho"": 65536.0, ""gain"": 0.0}, {""block"": ""star_ris"", ""rho"": 1.0, ""gain"": 0.199291547641387}, {""block"": ""rsma"", ""rho"": 65536.0, ""gain"": 0.0}, {""block"": ""star_ris"", ""rho"": 1.0, ""gain"": 0.13008638365638703}, {""block"": ""rsma"", ""rho"": 65536.0, ""gain"": 0.0}, {""block"": ""star_ris"", ""rho"": 1.0, ""gain"": 0.10207358072447548}, {""block"": ""rsma"", ""rho"": 65536.0, ""gain"": 0.0}, {""block"": ""star_ris"", ""rho"": 1.0, ""gain"": 0.06445774983943053}, {""block"": ""rsma"", ""rho"": 65536.0, ""gain"": 0.0}, {""block"": ""star_ris"", ""rho"": 1.0, ""gain"": 0.04431018201407966}, {""block"": ""rsma"", ""rho"": 65536.0, ""gain"": 0.0}, {""block"": ""star_ris"", ""rho"": 2.0, ""gain"": 0.018837926989959897}, {""block"": ""rsma"", ""rho"": 65536.0, ""gain"": 0.0}, {""block"": ""star_ris"", ""rho"": 8.0, ""gain"": 0.004440084436993175}, {""block"": ""rsma"", ""rho"": 65536.0, ""gain"": 0.0}, {""block"": ""star_ris"", ""rho"": 32.0, ""gain"": 0.0010953494030445654}]",{},1407.486895,2a8450eb5d4f6f05c03681c57cc71c0590f449be523644dbfde0384d2f23053d,fc61d5cda7da39530055bae9bd0e92865f995cd9,6ec54735c1c2c35cd253d9d3d23295783293b6d64c65204dfcab16b2d59ebbef
ao_sca,32,10000,330,test,16.398768985004295,16.398768985004295,1.0,True,0.0,20,4292,31,ao_sca_proximal_physical,analytical_ris_equal_allocation,"[1.8376034068891216, 15.379389933284187, 15.628386416662478, 15.63240491594243, 15.895454544086896, 16.053163359396727, 16.066504447886786, 16.15916679339696, 16.179410376940567, 16.18984333328936, 16.215934170508, 16.247358779509717, 16.250194877242503, 16.25351960603159, 16.29688199812471, 16.340278629808246, 16.38287553287956, 16.38564128521108, 16.38799134176949, 16.39749467217552, 16.398768985004295]","[{""block"": ""rsma"", ""rho"": 1.0, ""gain"": 13.443408446756086}, {""block"": ""star_ris"", ""rho"": 4.0, ""gain"": 0.09837807963898015}, {""block"": ""rsma"", ""rho"": 1.0, ""gain"": 0.0}, {""block"": ""star_ris"", ""rho"": 2.0, ""gain"": 0.24899648337829028}, {""block"": ""rsma"", ""rho"": 1.0, ""gain"": 1.7763568394002505e-15}, {""block"": ""star_ris"", ""rho"": 1.0, ""gain"": 0.0040184992799510155}, {""block"": ""rsma"", ""rho"": 1.0, ""gain"": 0.0}, {""block"": ""star_ris"", ""rho"": 2.0, ""gain"": 0.263049628144465}, {""block"": ""rsma"", ""rho"": 1.0, ""gain"": 0.0}, {""block"": ""star_ris"", ""rho"": 2.0, ""gain"": 0.1577088153098316}, {""block"": ""rsma"", ""rho"": 1.0, ""gain"": 0.0}, {""block"": ""star_ris"", ""rho"": 64.0, ""gain"": 0.01334108849005844}, {""block"": ""rsma"", ""rho"": 1.0, ""gain"": 0.0}, {""block"": ""star_ris"", ""rho"": 2.0, ""gain"": 0.09266234551017405}, {""block"": ""rsma"", ""rho"": 1.0, ""gain"": 0.0}, {""block"": ""star_ris"", ""rho"": 16.0, ""gain"": 0.020243583543607002}, {""block"": ""rsma"", ""rho"": 1.0, ""gain"": 0.0}, {""block"": ""star_ris"", ""rho"": 16.0, ""gain"": 0.01043295634879371}, {""block"": ""rsma"", ""rho"": 1.0, ""gain"": 3.552713678800501e-15}, {""block"": ""star_ris"", ""rho"": 8.0, ""gain"": 0.0260908372186357}, {""block"": ""rsma"", ""rho"": 1.0, ""gain"": 0.0}, {""block"": ""star_ris"", ""rho"": 8.0, ""gain"": 0.03142460900171784}, {""block"": ""rsma"", ""rho"": 1.0, ""gain"": 0.0}, {""block"": ""star_ris"", ""rho"": 4.0, ""gain"": 0.002836097732785703}, {""block"": ""rsma"", ""rho"": 1.0, ""gain"": 0.0}, {""block"": ""star_ris"", ""rho"": 4.0, ""gain"": 0.003324728789085185}, {""block"": ""rsma"", ""rho"": 1.0, ""gain"": 0.0}, {""block"": ""star_ris"", ""rho"": 8.0, ""gain"": 0.04336239209312254}, {""block"": ""rsma"", ""rho"": 1.0, ""gain"": 0.0}, {""block"": ""star_ris"", ""rho"": 4.0, ""gain"": 0.04339663168353525}, {""block"": ""rsma"", ""rho"": 1.0, ""gain"": 0.0}, {""block"": ""star_ris"", ""rho"": 4.0, ""gain"": 0.04259690307131336}, {""block"": ""rsma"", ""rho"": 1.0, ""gain"": 0.0}, {""block"": ""star_ris"", ""rho"": 64.0, ""gain"": 0.0027657523315198773}, {""block"": ""rsma"", ""rho"": 1.0, ""gain"": 0.0}, {""block"": ""star_ris"", ""rho"": 16.0, ""gain"": 0.0023500565584093636}, {""block"": ""rsma"", ""rho"": 1.0, ""gain"": 0.0}, {""block"": ""star_ris"", ""rho"": 8.0, ""gain"": 0.00950333040603013}, {""block"": ""rsma"", ""rho"": 1.0, ""gain"": -3.552713678800501e-15}, {""block"": ""star_ris"", ""rho"": 2.0, ""gain"": 0.0012743128287802108}]",{},2265.039291,2a8450eb5d4f6f05c03681c57cc71c0590f449be523644dbfde0384d2f23053d,fc61d5cda7da39530055bae9bd0e92865f995cd9,6ec54735c1c2c35cd253d9d3d23295783293b6d64c65204dfcab16b2d59ebbef
ao_sca,32,10000,331,test,17.333813252853854,17.333813252853854,1.0,True,0.0,9,2032,12,ao_sca_proximal_physical,analytical_ris_equal_allocation,"[1.8365276482700095, 13.224872863063238, 13.403376422642284, 13.424791997778895, 13.77930535533875, 16.406249599702278, 17.270434651656156, 17.328833314599848, 17.33216008489437, 17.333813252853854]","[{""block"": ""rsma"", ""rho"": 1.0, ""gain"": 11.047600125050636}, {""block"": ""star_ris"", ""rho"": 1.0, ""gain"": 0.3407450897425939}, {""block"": ""rsma"", ""rho"": 65536.0, ""gain"": 0.0}, {""block"": ""star_ris"", ""rho"": 1.0, ""gain"": 0.1785035595790454}, {""block"": ""rsma"", ""rho"": 65536.0, ""gain"": 0.0}, {""block"": ""star_ris"", ""rho"": 1.0, ""gain"": 0.02141557513661141}, {""block"": ""rsma"", ""rho"": 65536.0, ""gain"": 0.0}, {""block"": ""star_ris"", ""rho"": 2.0, ""gain"": 0.35451335755985447}, {""block"": ""rsma"", ""rho"": 8192.0, ""gain"": 2.412780795431189}, {""block"": ""star_ris"", ""rho"": 1.0, ""gain"": 0.2141634489323394}, {""block"": ""rsma"", ""rho"": 128.0, ""gain"": 0.7137282839676082}, {""block"": ""star_ris"", ""rho"": 1.0, ""gain"": 0.15045676798627028}, {""block"": ""rsma"", ""rho"": 65536.0, ""gain"": 0.0}, {""block"": ""star_ris"", ""rho"": 2.0, ""gain"": 0.05839866294369145}, {""block"": ""rsma"", ""rho"": 65536.0, ""gain"": 0.0}, {""block"": ""star_ris"", ""rho"": 32.0, ""gain"": 0.0033267702945209976}, {""block"": ""rsma"", ""rho"": 65536.0, ""gain"": 0.0}, {""block"": ""star_ris"", ""rho"": 64.0, ""gain"": 0.0016531679594855575}]",{},1053.103376,2a8450eb5d4f6f05c03681c57cc71c0590f449be523644dbfde0384d2f23053d,fc61d5cda7da39530055bae9bd0e92865f995cd9,6ec54735c1c2c35cd253d9d3d23295783293b6d64c65204dfcab16b2d59ebbef
ao_sca,32,10000,332,test,15.508113895607572,15.508113895607572,1.0,True,0.0,20,4305,40,ao_sca_proximal_physical,analytical_ris_equal_allocation,"[1.837017297478672, 14.604528333156962, 14.623147340150256, 14.684566009155338, 14.86742933796548, 14.887651248479216, 14.89263605800262, 14.909918220080142, 14.922432713713814, 14.97379472439859, 15.049084587766622, 15.065975815393974, 15.221757987221217, 15.348402258998759, 15.358671953183595, 15.375423180721405, 15.447748480666753, 15.490375845758434, 15.501543557652477, 15.506241045092251, 15.508113895607572]","[{""block"": ""rsma"", ""rho"": 1.0, ""gain"": 12.387658825471139}, {""block"": ""star_ris"", ""rho"": 1.0, ""gain"": 0.3798522102071509}, {""block"": ""rsma"", ""rho"": 1.0, ""gain"": 0.0}, {""block"": ""star_ris"", ""rho"": 8.0, ""gain"": 0.018619006993294107}, {""block"": ""rsma"", ""rho"": 1.0, ""gain"": 1.7763568394002505e-15}, {""block"": ""star_ris"", ""rho"": 64.0, ""gain"": 0.06141866900508042}, {""block"": ""rsma"", ""rho"": 1.0, ""gain"": 0.0}, {""block"": ""star_ris"", ""rho"": 8.0, ""gain"": 0.1828633288101411}, {""block"": ""rsma"", ""rho"": 1.0, ""gain"": 0.0}, {""block"": ""star_ris"", ""rho"": 64.0, ""gain"": 0.020221910513736674}, {""block"": ""rsma"", ""rho"": 1.0, ""gain"": 0.0}, {""block"": ""star_ris"", ""rho"": 256.0, ""gain"": 0.0049848095234033}, {""block"": ""rsma"", ""rho"": 1.0, ""gain"": 0.0}, {""block"": ""star_ris"", ""rho"": 16.0, ""gain"": 0.017282162077522756}, {""block"": ""rsma"", ""rho"": 1.0, ""gain"": 0.0}, {""block"": ""star_ris"", ""rho"": 8.0, ""gain"": 0.012514493633672075}, {""block"": ""rsma"", ""rho"": 1.0, ""gain"": -1.7763568394002505e-15}, {""block"": ""star_ris"", ""rho"": 2.0, ""gain"": 0.051362010684778525}, {""block"": ""rsma"", ""rho"": 1.0, ""gain"": 0.0}, {""block"": ""star_ris"", ""rho"": 2.0, ""gain"": 0.07528986336803101}, {""block"": ""rsma"", ""rho"": 1.0, ""gain"": 0.0}, {""block"": ""star_ris"", ""rho"": 2.0, ""gain"": 0.016891227627352734}, {""block"": ""rsma"", ""rho"": 1.0, ""gain"": 0.0}, {""block"": ""star_ris"", ""rho"": 4.0, ""gain"": 0.15578217182724252}, {""block"": ""rsma"", ""rho"": 1.0, ""gain"": 0.0}, {""block"": ""star_ris"", ""rho"": 2.0, ""gain"": 0.12664427177754156}, {""block"": ""rsma"", ""rho"": 1.0, ""gain"": 0.0}, {""block"": ""star_ris"", ""rho"": 8.0, ""gain"": 0.010269694184836808}, {""block"": ""rsma"", ""rho"": 1.0, ""gain"": 0.0}, {""block"": ""star_ris"", ""rho"": 8.0, ""gain"": 0.01675122753781011}, {""block"": ""rsma"", ""rho"": 1.0, ""gain"": 0.0}, {""block"": ""star_ris"", ""rho"": 4.0, ""gain"": 0.07232529994534787}, {""block"": ""rsma"", ""rho"": 1.0, ""gain"": 0.0}, {""block"": ""star_ris"", ""rho"": 8.0, ""gain"": 0.04262736509168086}, {""block"": ""rsma"", ""rho"": 1.0, ""gain"": 0.0}, {""block"": ""star_ris"", ""rho"": 4.0, ""gain"": 0.011167711894042753}, {""block"": ""rsma"", ""rho"": 1.0, ""gain"": 1.7763568394002505e-15}, {""block"": ""star_ris"", ""rho"": 32.0, ""gain"": 0.004697487439772274}, {""block"": ""rsma"", ""rho"": 1.0, ""gain"": -1.7763568394002505e-15}, {""block"": ""star_ris"", ""rho"": 128.0, ""gain"": 0.0018728505153227104}]",{},2191.945702,2a8450eb5d4f6f05c03681c57cc71c0590f449be523644dbfde0384d2f23053d,fc61d5cda7da39530055bae9bd0e92865f995cd9,6ec54735c1c2c35cd253d9d3d23295783293b6d64c65204dfcab16b2d59ebbef
ao_sca,32,10000,333,test,17.014401978644454,17.014401978644454,1.0,True,0.0,8,1830,10,ao_sca_proximal_physical,analytical_ris_equal_allocation,"[1.8370648896035382, 14.237794205165601, 14.255554406428868, 14.492114689676622, 16.17014900882595, 16.18677436104641, 16.425914316319993, 17.01315486885183, 17.014401978644454]","[{""block"": ""rsma"", ""rho"": 1.0, ""gain"": 12.056135474988448}, {""block"": ""star_ris"", ""rho"": 8.0, ""gain"": 0.344593840573614}, {""block"": ""rsma"", ""rho"": 65536.0, ""gain"": 0.0}, {""block"": ""star_ris"", ""rho"": 128.0, ""gain"": 0.017760201263266495}, {""block"": ""rsma"", ""rho"": 65536.0, ""gain"": 0.0}, {""block"": ""star_ris"", ""rho"": 4.0, ""gain"": 0.2365602832477549}, {""block"": ""rsma"", ""rho"": 2048.0, ""gain"": 1.6078430363249048}, {""block"": ""star_ris"", ""rho"": 16.0, ""gain"": 0.07019128282442111}, {""block"": ""rsma"", ""rho"": 65536.0, ""gain"": 0.0}, {""block"": ""star_ris"", ""rho"": 64.0, ""gain"": 0.01662535222046202}, {""block"": ""rsma"", ""rho"": 65536.0, ""gain"": 0.0}, {""block"": ""star_ris"", ""rho"": 4.0, ""gain"": 0.23913995527358267}, {""block"": ""rsma"", ""rho"": 65536.0, ""gain"": 0.0}, {""block"": ""star_ris"", ""rho"": 1.0, ""gain"": 0.5872405525318385}, {""block"": ""rsma"", ""rho"": 65536.0, ""gain"": 0.0}, {""block"": ""star_ris"", ""rho"": 256.0, ""gain"": 0.0012471097926223251}]",{},959.186215,2a8450eb5d4f6f05c03681c57cc71c0590f449be523644dbfde0384d2f23053d,fc61d5cda7da39530055bae9bd0e92865f995cd9,6ec54735c1c2c35cd253d9d3d23295783293b6d64c65204dfcab16b2d59ebbef
ao_sca,32,10000,334,test,15.43787541307148,15.43787541307148,1.0,True,0.0,9,1925,18,ao_sca_proximal_physical,analytical_ris_equal_allocation,"[1.8374640927200045, 15.123807420815467, 15.146859315875842, 15.166165405698033, 15.196140889500898, 15.288193663948366, 15.308378505499292, 15.376091212844406, 15.43783943233678, 15.437875413071481]","[{""block"": ""rsma"", ""rho"": 1.0, ""gain"": 13.270745308482063}, {""block"": ""star_ris"", ""rho"": 8.0, ""gain"": 0.015598019613399572}, {""block"": ""rsma"", ""rho"": 1.0, ""gain"": -3.552713678800501e-15}, {""block"": ""star_ris"", ""rho"": 2.0, ""gain"": 0.023051895060378413}, {""block"": ""rsma"", ""rho"": 1.0, ""gain"": 0.0}, {""block"": ""star_ris"", ""rho"": 4.0, ""gain"": 0.01930608982219084}, {""block"": ""rsma"", ""rho"": 1.0, ""gain"": -1.7763568394002505e-15}, {""block"": ""star_ris"", ""rho"": 1.0, ""gain"": 0.02997548380286652}, {""block"": ""rsma"", ""rho"": 1.0, ""gain"": 0.0}, {""block"": ""star_ris"", ""rho"": 4.0, ""gain"": 0.09205277444746862}, {""block"": ""rsma"", ""rho"": 1.0, ""gain"": 0.0}, {""block"": ""star_ris"", ""rho"": 2.0, ""gain"": 0.02018484155092537}, {""block"": ""rsma"", ""rho"": 1.0, ""gain"": 0.0}, {""block"": ""star_ris"", ""rho"": 4.0, ""gain"": 0.06771270734511425}, {""block"": ""rsma"", ""rho"": 1.0, ""gain"": -1.7763568394002505e-15}, {""block"": ""star_ris"", ""rho"": 2.0, ""gain"": 0.061748219492375966}, {""block"": ""rsma"", ""rho"": 1.0, ""gain"": 0.0}, {""block"": ""star_ris"", ""rho"": 16.0, ""gain"": 3.598073470101326e-05}]",{},970.269761,2a8450eb5d4f6f05c03681c57cc71c0590f449be523644dbfde0384d2f23053d,fc61d5cda7da39530055bae9bd0e92865f995cd9,6ec54735c1c2c35cd253d9d3d23295783293b6d64c65204dfcab16b2d59ebbef
ao_sca,32,10000,335,test,15.84367447016952,15.84367447016952,1.0,True,0.0,13,2803,25,ao_sca_proximal_physical,analytical_ris_equal_allocation,"[1.8374558679402373, 15.133926875287726, 15.431425072301213, 15.443710126827252, 15.604183173314052, 15.640041281533353, 15.657492212191675, 15.661801875396517, 15.664057442687746, 15.75799636343096, 15.793404558690819, 15.81330214478174, 15.843179641617084, 15.843674470169521]","[{""block"": ""rsma"", ""rho"": 1.0, ""gain"": 13.215751229580938}, {""block"": ""star_ris"", ""rho"": 4.0, ""gain"": 0.08071977776655004}, {""block"": ""rsma"", ""rho"": 1.0, ""gain"": 1.7763568394002505e-15}, {""block"": ""star_ris"", ""rho"": 4.0, ""gain"": 0.29749819701348557}, {""block"": ""rsma"", ""rho"": 1.0, ""gain"": 0.0}, {""block"": ""star_ris"", ""rho"": 4.0, ""gain"": 0.012285054526039119}, {""block"": ""rsma"", ""rho"": 1.0, ""gain"": 0.0}, {""block"": ""star_ris"", ""rho"": 8.0, ""gain"": 0.16047304648679983}, {""block"": ""rsma"", ""rho"": 1.0, ""gain"": 0.0}, {""block"": ""star_ris"", ""rho"": 32.0, ""gain"": 0.035858108219301243}, {""block"": ""rsma"", ""rho"": 1.0, ""gain"": -1.7763568394002505e-15}, {""block"": ""star_ris"", ""rho"": 64.0, ""gain"": 0.017450930658323927}, {""block"": ""rsma"", ""rho"": 1.0, ""gain"": -1.7763568394002505e-15}, {""block"": ""star_ris"", ""rho"": 256.0, ""gain"": 0.0043096632048431616}, {""block"": ""rsma"", ""rho"": 1.0, ""gain"": 1.7763568394002505e-15}, {""block"": ""star_ris"", ""rho"": 4.0, ""gain"": 0.002255567291227223}, {""block"": ""rsma"", ""rho"": 1.0, ""gain"": 1.7763568394002505e-15}, {""block"": ""star_ris"", ""rho"": 8.0, ""gain"": 0.09393892074321286}, {""block"": ""rsma"", ""rho"": 1.0, ""gain"": 0.0}, {""block"": ""star_ris"", ""rho"": 8.0, ""gain"": 0.03540819525985839}, {""block"": ""rsma"", ""rho"": 1.0, ""gain"": 1.7763568394002505e-15}, {""block"": ""star_ris"", ""rho"": 8.0, ""gain"": 0.019897586090920072}, {""block"": ""rsma"", ""rho"": 1.0, ""gain"": 0.0}, {""block"": ""star_ris"", ""rho"": 16.0, ""gain"": 0.029877496835343464}, {""block"": ""rsma"", ""rho"": 1.0, ""gain"": 0.0}, {""block"": ""star_ris"", ""rho"": 8.0, ""gain"": 0.0004948285524370988}]",{},1457.428758,2a8450eb5d4f6f05c03681c57cc71c0590f449be523644dbfde0384d2f23053d,fc61d5cda7da39530055bae9bd0e92865f995cd9,6ec54735c1c2c35cd253d9d3d23295783293b6d64c65204dfcab16b2d59ebbef
ao_sca,32,10000,336,test,14.942781967396115,14.942781967396115,1.0,True,0.0,4,867,7,ao_sca_proximal_physical,analytical_ris_equal_allocation,"[1.8373286688111052, 14.889029212014115, 14.90237559982173, 14.942344702774356, 14.942781967396115]","[{""block"": ""rsma"", ""rho"": 1.0, ""gain"": 12.936556428928712}, {""block"": ""star_ris"", ""rho"": 16.0, ""gain"": 0.1151441142742975}, {""block"": ""rsma"", ""rho"": 1.0, ""gain"": 0.0}, {""block"": ""star_ris"", ""rho"": 128.0, ""gain"": 0.01334638780761388}, {""block"": ""rsma"", ""rho"": 1.0, ""gain"": 1.7763568394002505e-15}, {""block"": ""star_ris"", ""rho"": 2.0, ""gain"": 0.039969102952625235}, {""block"": ""rsma"", ""rho"": 1.0, ""gain"": 0.0}, {""block"": ""star_ris"", ""rho"": 64.0, ""gain"": 0.0004372646217589704}]",{},454.689126,2a8450eb5d4f6f05c03681c57cc71c0590f449be523644dbfde0384d2f23053d,fc61d5cda7da39530055bae9bd0e92865f995cd9,6ec54735c1c2c35cd253d9d3d23295783293b6d64c65204dfcab16b2d59ebbef
ao_sca,32,10000,337,test,15.669623779856972,15.669623779856972,1.0,True,0.0,9,1939,18,ao_sca_proximal_physical,analytical_ris_equal_allocation,"[1.837189743604753, 14.994004159066707, 15.142207944316567, 15.244813720755559, 15.323191170394958, 15.431035355603683, 15.546937579675976, 15.587812101579498, 15.669424781262178, 15.669623779856973]","[{""block"": ""rsma"", ""rho"": 1.0, ""gain"": 12.22039127813297}, {""block"": ""star_ris"", ""rho"": 4.0, ""gain"": 0.9364231373289833}, {""block"": ""rsma"", ""rho"": 1.0, ""gain"": 0.0}, {""block"": ""star_ris"", ""rho"": 2.0, ""gain"": 0.14820378524986033}, {""block"": ""rsma"", ""rho"": 1.0, ""gain"": 1.7763568394002505e-15}, {""block"": ""star_ris"", ""rho"": 4.0, ""gain"": 0.10260577643899005}, {""block"": ""rsma"", ""rho"": 1.0, ""gain"": 0.0}, {""block"": ""star_ris"", ""rho"": 64.0, ""gain"": 0.07837744963939919}, {""block"": ""rsma"", ""rho"": 1.0, ""gain"": -1.7763568394002505e-15}, {""block"": ""star_ris"", ""rho"": 16.0, ""gain"": 0.10784418520872663}, {""block"": ""rsma"", ""rho"": 1.0, ""gain"": 0.0}, {""block"": ""star_ris"", ""rho"": 4.0, ""gain"": 0.11590222407229334}, {""block"": ""rsma"", ""rho"": 1.0, ""gain"": 0.0}, {""block"": ""star_ris"", ""rho"": 4.0, ""gain"": 0.04087452190352181}, {""block"": ""rsma"", ""rho"": 1.0, ""gain"": 0.0}, {""block"": ""star_ris"", ""rho"": 2.0, ""gain"": 0.08161267968267971}, {""block"": ""rsma"", ""rho"": 1.0, ""gain"": 0.0}, {""block"": ""star_ris"", ""rho"": 1024.0, ""gain"": 0.0001989985947954409}]",{},1000.354431,2a8450eb5d4f6f05c03681c57cc71c0590f449be523644dbfde0384d2f23053d,fc61d5cda7da39530055bae9bd0e92865f995cd9,6ec54735c1c2c35cd253d9d3d23295783293b6d64c65204dfcab16b2d59ebbef
ao_sca,32,10000,338,test,16.076953131138335,16.076953131138335,1.0,True,0.0,5,1136,7,ao_sca_proximal_physical,analytical_ris_equal_allocation,"[1.8370280805253634, 14.256207285543088, 15.834685939759828, 16.06307663223646, 16.075422199847704, 16.076953131138335]","[{""block"": ""rsma"", ""rho"": 1.0, ""gain"": 12.361255892239953}, {""block"": ""star_ris"", ""rho"": 4.0, ""gain"": 0.057923312777772296}, {""block"": ""rsma"", ""rho"": 512.0, ""gain"": 1.2893203869349588}, {""block"": ""star_ris"", ""rho"": 4.0, ""gain"": 0.2891582672817812}, {""block"": ""rsma"", ""rho"": 65536.0, ""gain"": 0.0}, {""block"": ""star_ris"", ""rho"": 4.0, ""gain"": 0.22839069247663168}, {""block"": ""rsma"", ""rho"": 65536.0, ""gain"": 0.0}, {""block"": ""star_ris"", ""rho"": 64.0, ""gain"": 0.012345567611244945}, {""block"": ""rsma"", ""rho"": 65536.0, ""gain"": 0.0}, {""block"": ""star_ris"", ""rho"": 512.0, ""gain"": 0.001530931290631088}]",{},604.869958,2a8450eb5d4f6f05c03681c57cc71c0590f449be523644dbfde0384d2f23053d,fc61d5cda7da39530055bae9bd0e92865f995cd9,6ec54735c1c2c35cd253d9d3d23295783293b6d64c65204dfcab16b2d59ebbef
ao_sca,32,10000,339,test,15.604798774558812,15.604798774558812,1.0,True,0.0,13,2872,21,ao_sca_proximal_physical,analytical_ris_equal_allocation,"[1.837278062624989, 14.473571072528419, 14.578568550840073, 14.603221822582174, 14.615354308631773, 14.94828157238662, 14.98271824685838, 15.235234430976377, 15.242145441677888, 15.293551478928952, 15.482144415150746, 15.52187318187884, 15.60462042513813, 15.604798774558812]","[{""block"": ""rsma"", ""rho"": 1.0, ""gain"": 12.390828568575252}, {""block"": ""star_ris"", ""rho"": 8.0, ""gain"": 0.24546444132817768}, {""block"": ""rsma"", ""rho"": 65536.0, ""gain"": 0.0}, {""block"": ""star_ris"", ""rho"": 16.0, ""gain"": 0.10499747831165429}, {""block"": ""rsma"", ""rho"": 65536.0, ""gain"": 0.0}, {""block"": ""star_ris"", ""rho"": 64.0, ""gain"": 0.024653271742101524}, {""block"": ""rsma"", ""rho"": 65536.0, ""gain"": 0.0}, {""block"": ""star_ris"", ""rho"": 128.0, ""gain"": 0.012132486049598157}, {""block"": ""rsma"", ""rho"": 65536.0, ""gain"": 0.0}, {""block"": ""star_ris"", ""rho"": 4.0, ""gain"": 0.33292726375484705}, {""block"": ""rsma"", ""rho"": 1.0, ""gain"": 1.7763568394002505e-15}, {""block"": ""star_ris"", ""rho"": 32.0, ""gain"": 0.03443667447175791}, {""block"": ""rsma"", ""rho"": 1.0, ""gain"": 0.0}, {""block"": ""star_ris"", ""rho"": 4.0, ""gain"": 0.25251618411799726}, {""block"": ""rsma"", ""rho"": 1.0, ""gain"": 0.0}, {""block"": ""star_ris"", ""rho"": 128.0, ""gain"": 0.006911010701511344}, {""block"": ""rsma"", ""rho"": 1.0, ""gain"": 0.0}, {""block"": ""star_ris"", ""rho"": 1.0, ""gain"": 0.05140603725106452}, {""block"": ""rsma"", ""rho"": 1.0, ""gain"": 0.0}, {""block"": ""star_ris"", ""rho"": 8.0, ""gain"": 0.1885929362217933}, {""block"": ""rsma"", ""rho"": 1.0, ""gain"": 0.0}, {""block"": ""star_ris"", ""rho"": 8.0, ""gain"": 0.039728766728094556}, {""block"": ""rsma"", ""rho"": 1.0, ""gain"": -1.7763568394002505e-15}, {""block"": ""star_ris"", ""rho"": 64.0, ""gain"": 0.08274724325929128}, {""block"": ""rsma"", ""rho"": 1.0, ""gain"": 3.552713678800501e-15}, {""block"": ""star_ris"", ""rho"": 128.0, ""gain"": 0.00017834942067906923}]",{},1585.719838,2a8450eb5d4f6f05c03681c57cc71c0590f449be523644dbfde0384d2f23053d,fc61d5cda7da39530055bae9bd0e92865f995cd9,6ec54735c1c2c35cd253d9d3d23295783293b6d64c65204dfcab16b2d59ebbef
ao_sca,32,10000,340,test,16.20831634800874,16.20831634800874,1.0,True,0.0,19,4108,32,ao_sca_proximal_physical,analytical_ris_equal_allocation,"[1.8371846351818668, 14.352937331169894, 15.201168445480807, 15.34900368561171, 15.475854205828092, 15.4950620705579, 15.525770167304993, 15.905034858648172, 15.983918175282959, 16.051600103091694, 16.1008124302504, 16.122607993568437, 16.12986282681674, 16.173443555186438, 16.19386828869122, 16.197206875510695, 16.20098868332242, 16.202793394435204, 16.20673154180923, 16.20831634800874]","[{""block"": ""rsma"", ""rho"": 1.0, ""gain"": 12.159579366235544}, {""block"": ""star_ris"", ""rho"": 1.0, ""gain"": 0.35617332975248317}, {""block"": ""rsma"", ""rho"": 65536.0, ""gain"": 0.0}, {""block"": ""star_ris"", ""rho"": 1.0, ""gain"": 0.8482311143109129}, {""block"": ""rsma"", ""rho"": 1.0, ""gain"": 0.0}, {""block"": ""star_ris"", ""rho"": 2.0, ""gain"": 0.14783524013090243}, {""block"": ""rsma"", ""rho"": 1.0, ""gain"": 0.0}, {""block"": ""star_ris"", ""rho"": 1.0, ""gain"": 0.126850520216383}, {""block"": ""rsma"", ""rho"": 1.0, ""gain"": 0.0}, {""block"": ""star_ris"", ""rho"": 4.0, ""gain"": 0.01920786472980751}, {""block"": ""rsma"", ""rho"": 1.0, ""gain"": 1.7763568394002505e-15}, {""block"": ""star_ris"", ""rho"": 4.0, ""gain"": 0.030708096747090963}, {""block"": ""rsma"", ""rho"": 1.0, ""gain"": 0.0}, {""block"": ""star_ris"", ""rho"": 16.0, ""gain"": 0.3792646913431792}, {""block"": ""rsma"", ""rho"": 1.0, ""gain"": 3.552713678800501e-15}, {""block"": ""star_ris"", ""rho"": 4.0, ""gain"": 0.07888331663478354}, {""block"": ""rsma"", ""rho"": 1.0, ""gain"": -1.7763568394002505e-15}, {""block"": ""star_ris"", ""rho"": 4.0, ""gain"": 0.06768192780873683}, {""block"": ""rsma"", ""rho"": 1.0, ""gain"": 0.0}, {""block"": ""star_ris"", ""rho"": 16.0, ""gain"": 0.04921232715870616}, {""block"": ""rsma"", ""rho"": 1.0, ""gain"": 0.0}, {""block"": ""star_ris"", ""rho"": 32.0, ""gain"": 0.02179556331803667}, {""block"": ""rsma"", ""rho"": 1.0, ""gain"": 0.0}, {""block"": ""star_ris"", ""rho"": 64.0, ""gain"": 0.0072548332483037825}, {""block"": ""rsma"", ""rho"": 1.0, ""gain"": 0.0}, {""block"": ""star_ris"", ""rho"": 4.0, ""gain"": 0.0435807283696974}, {""block"": ""rsma"", ""rho"": 1.0, ""gain"": 0.0}, {""block"": ""star_ris"", ""rho"": 16.0, ""gain"": 0.020424733504782466}, {""block"": ""rsma"", ""rho"": 1.0, ""gain"": 0.0}, {""block"": ""star_ris"", ""rho"": 32.0, ""gain"": 0.0033385868194741875}, {""block"": ""rsma"", ""rho"": 1.0, ""gain"": 0.0}, {""block"": ""star_ris"", ""rho"": 8.0, ""gain"": 0.0037818078117268783}, {""block"": ""rsma"", ""rho"": 1.0, ""gain"": 0.0}, {""block"": ""star_ris"", ""rho"": 128.0, ""gain"": 0.0018047111127827975}, {""block"": ""rsma"", ""rho"": 1.0, ""gain"": 0.0}, {""block"": ""star_ris"", ""rho"": 128.0, ""gain"": 0.003938147374025647}, {""block"": ""rsma"", ""rho"": 1.0, ""gain"": 0.0}, {""block"": ""star_ris"", ""rho"": 256.0, ""gain"": 0.0015848061995100693}]",{},2139.754137,2a8450eb5d4f6f05c03681c57cc71c0590f449be523644dbfde0384d2f23053d,fc61d5cda7da39530055bae9bd0e92865f995cd9,6ec54735c1c2c35cd253d9d3d23295783293b6d64c65204dfcab16b2d59ebbef
ao_sca,32,10000,341,test,16.090803430638047,16.090803430638047,1.0,True,0.0,19,4138,28,ao_sca_proximal_physical,analytical_ris_equal_allocation,"[1.8364382436662323, 13.286555206644538, 15.11371229998957, 15.170855061349323, 15.290964358165432, 15.324589075636542, 15.341027119040358, 15.345094745177823, 15.34712301239028, 15.396161579648481, 15.4493588497877, 15.519102964263855, 15.645615910971424, 15.8202416087168, 15.892936806808404, 15.914070639684743, 16.014013688645022, 16.04700401667857, 16.089776854106834, 16.090803430638047]","[{""block"": ""rsma"", ""rho"": 1.0, ""gain"": 11.305944635237864}, {""block"": ""star_ris"", ""rho"": 1.0, ""gain"": 0.1441723277404403}, {""block"": ""rsma"", ""rho"": 65536.0, ""gain"": 0.0}, {""block"": ""star_ris"", ""rho"": 2.0, ""gain"": 1.8271570933450327}, {""block"": ""rsma"", ""rho"": 65536.0, ""gain"": 0.0}, {""block"": ""star_ris"", ""rho"": 4.0, ""gain"": 0.057142761359752825}, {""block"": ""rsma"", ""rho"": 65536.0, ""gain"": 0.0}, {""block"": ""star_ris"", ""rho"": 32.0, ""gain"": 0.12010929681610882}, {""block"": ""rsma"", ""rho"": 1.0, ""gain"": 0.0}, {""block"": ""star_ris"", ""rho"": 32.0, ""gain"": 0.03362471747110973}, {""block"": ""rsma"", ""rho"": 1.0, ""gain"": 0.0}, {""block"": ""star_ris"", ""rho"": 64.0, ""gain"": 0.016438043403816494}, {""block"": ""rsma"", ""rho"": 1.0, ""gain"": 0.0}, {""block"": ""star_ris"", ""rho"": 256.0, ""gain"": 0.004067626137464586}, {""block"": ""rsma"", ""rho"": 1.0, ""gain"": 0.0}, {""block"": ""star_ris"", ""rho"": 512.0, ""gain"": 0.002028267212457635}, {""block"": ""rsma"", ""rho"": 1.0, ""gain"": -1.7763568394002505e-15}, {""block"": ""star_ris"", ""rho"": 4.0, ""gain"": 0.04903856725820255}, {""block"": ""rsma"", ""rho"": 1.0, ""gain"": 1.7763568394002505e-15}, {""block"": ""star_ris"", ""rho"": 16.0, ""gain"": 0.05319727013921671}, {""block"": ""rsma"", ""rho"": 1.0, ""gain"": 0.0}, {""block"": ""star_ris"", ""rho"": 2.0, ""gain"": 0.0697441144761548}, {""block"": ""rsma"", ""rho"": 1.0, ""gain"": 0.0}, {""block"": ""star_ris"", ""rho"": 4.0, ""gain"": 0.12651294670756918}, {""block"": ""rsma"", ""rho"": 1.0, ""gain"": 0.0}, {""block"": ""star_ris"", ""rho"": 4.0, ""gain"": 0.17462569774537684}, {""block"": ""rsma"", ""rho"": 1.0, ""gain"": 0.0}, {""block"": ""star_ris"", ""rho"": 8.0, ""gain"": 0.07269519809160307}, {""block"": ""rsma"", ""rho"": 1.0, ""gain"": -1.7763568394002505e-15}, {""block"": ""star_ris"", ""rho"": 2.0, ""gain"": 0.021133832876341074}, {""block"": ""rsma"", ""rho"": 1.0, ""gain"": 0.0}, {""block"": ""star_ris"", ""rho"": 16.0, ""gain"": 0.09994304896027906}, {""block"": ""rsma"", ""rho"": 1.0, ""gain"": 7.105427357601002e-15}, {""block"": ""star_ris"", ""rho"": 4.0, ""gain"": 0.032990328033541516}, {""block"": ""rsma"", ""rho"": 1.0, ""gain"": 0.0}, {""block"": ""star_ris"", ""rho"": 8.0, ""gain"": 0.04277283742826299}, {""block"": ""rsma"", ""rho"": 1.0, ""gain"": 0.0}, {""block"": ""star_ris"", ""rho"": 16.0, ""gain"": 0.0010265765312134079}]",{},2113.02133,2a8450eb5d4f6f05c03681c57cc71c0590f449be523644dbfde0384d2f23053d,fc61d5cda7da39530055bae9bd0e92865f995cd9,6ec54735c1c2c35cd253d9d3d23295783293b6d64c65204dfcab16b2d59ebbef
ao_sca,32,10000,342,test,15.881124625789106,15.881124625789106,1.0,True,0.0,11,2378,21,ao_sca_proximal_physical,analytical_ris_equal_allocation,"[1.837575772309096, 15.717076760995827, 15.721303179563584, 15.743803839851125, 15.747607086421837, 15.752996185166905, 15.756182570899318, 15.760975084466919, 15.858549032178592, 15.865558696484984, 15.880959547791411, 15.881124625789106]","[{""block"": ""rsma"", ""rho"": 1.0, ""gain"": 13.507509194785973}, {""block"": ""star_ris"", ""rho"": 4.0, ""gain"": 0.371991793900758}, {""block"": ""rsma"", ""rho"": 1.0, ""gain"": 1.7763568394002505e-15}, {""block"": ""star_ris"", ""rho"": 16.0, ""gain"": 0.00422641856775563}, {""block"": ""rsma"", ""rho"": 1.0, ""gain"": 1.7763568394002505e-15}, {""block"": ""star_ris"", ""rho"": 4.0, ""gain"": 0.022500660287539276}, {""block"": ""rsma"", ""rho"": 1.0, ""gain"": -1.7763568394002505e-15}, {""block"": ""star_ris"", ""rho"": 32.0, ""gain"": 0.0038032465707136254}, {""block"": ""rsma"", ""rho"": 1.0, ""gain"": 0.0}, {""block"": ""star_ris"", ""rho"": 8.0, ""gain"": 0.00538909874506821}, {""block"": ""rsma"", ""rho"": 1.0, ""gain"": 1.7763568394002505e-15}, {""block"": ""star_ris"", ""rho"": 64.0, ""gain"": 0.0031863857324108125}, {""block"": ""rsma"", ""rho"": 1.0, ""gain"": -1.7763568394002505e-15}, {""block"": ""star_ris"", ""rho"": 16.0, ""gain"": 0.004792513567602796}, {""block"": ""rsma"", ""rho"": 1.0, ""gain"": 0.0}, {""block"": ""star_ris"", ""rho"": 16.0, ""gain"": 0.09757394771167327}, {""block"": ""rsma"", ""rho"": 1.0, ""gain"": 1.7763568394002505e-15}, {""block"": ""star_ris"", ""rho"": 32.0, ""gain"": 0.007009664306389496}, {""block"": ""rsma"", ""rho"": 1.0, ""gain"": -1.7763568394002505e-15}, {""block"": ""star_ris"", ""rho"": 16.0, ""gain"": 0.01540085130642943}, {""block"": ""rsma"", ""rho"": 1.0, ""gain"": 1.7763568394002505e-15}, {""block"": ""star_ris"", ""rho"": 64.0, ""gain"": 0.0001650779976927197}]",{},1241.90201,2a8450eb5d4f6f05c03681c57cc71c0590f449be523644dbfde0384d2f23053d,fc61d5cda7da39530055bae9bd0e92865f995cd9,6ec54735c1c2c35cd253d9d3d23295783293b6d64c65204dfcab16b2d59ebbef
ao_sca,32,10000,343,test,18.30540204615324,18.30540204615324,1.0,True,0.0,16,3620,20,ao_sca_proximal_physical,analytical_ris_equal_allocation,"[1.8373795499057695, 14.708942425830951, 16.768907837007507, 16.863987779735044, 16.950378064517448, 17.498147975929964, 17.768295081998588, 17.923761332093743, 18.0438972799813, 18.107029019556418, 18.15912552000115, 18.202754565154105, 18.24337129977987, 18.28192951981378, 18.299996457871195, 18.304308705824905, 18.305402046153237]","[{""block"": ""rsma"", ""rho"": 1.0, ""gain"": 12.571730489462485}, {""block"": ""star_ris"", ""rho"": 8.0, ""gain"": 0.29983238646269683}, {""block"": ""rsma"", ""rho"": 4096.0, ""gain"": 1.8256522375823039}, {""block"": ""star_ris"", ""rho"": 4.0, ""gain"": 0.23431317359425208}, {""block"": ""rsma"", ""rho"": 65536.0, ""gain"": 0.0}, {""block"": ""star_ris"", ""rho"": 8.0, ""gain"": 0.09507994272753706}, {""block"": ""rsma"", ""rho"": 65536.0, ""gain"": 0.0}, {""block"": ""star_ris"", ""rho"": 8.0, ""gain"": 0.08639028478240363}, {""block"": ""rsma"", ""rho"": 65536.0, ""gain"": 0.0}, {""block"": ""star_ris"", ""rho"": 1.0, ""gain"": 0.5477699114125159}, {""block"": ""rsma"", ""rho"": 65536.0, ""gain"": 0.0}, {""block"": ""star_ris"", ""rho"": 1.0, ""gain"": 0.2701471060686238}, {""block"": ""rsma"", ""rho"": 65536.0, ""gain"": 0.0}, {""block"": ""star_ris"", ""rho"": 1.0, ""gain"": 0.1554662500951558}, {""block"": ""rsma"", ""rho"": 65536.0, ""gain"": 0.0}, {""block"": ""star_ris"", ""rho"": 1.0, ""gain"": 0.1201359478875581}, {""block"": ""rsma"", ""rho"": 65536.0, ""gain"": 0.0}, {""block"": ""star_ris"", ""rho"": 1.0, ""gain"": 0.06313173957511609}, {""block"": ""rsma"", ""rho"": 65536.0, ""gain"": 0.0}, {""block"": ""star_ris"", ""rho"": 1.0, ""gain"": 0.05209650044473335}, {""block"": ""rsma"", ""rho"": 65536.0, ""gain"": 0.0}, {""block"": ""star_ris"", ""rho"": 1.0, ""gain"": 0.043629045152954404}, {""block"": ""rsma"", ""rho"": 65536.0, ""gain"": 0.0}, {""block"": ""star_ris"", ""rho"": 1.0, ""gain"": 0.04061673462576465}, {""block"": ""rsma"", ""rho"": 65536.0, ""gain"": 0.0}, {""block"": ""star_ris"", ""rho"": 1.0, ""gain"": 0.03855822003390941}, {""block"": ""rsma"", ""rho"": 65536.0, ""gain"": 0.0}, {""block"": ""star_ris"", ""rho"": 2.0, ""gain"": 0.018066938057415882}, {""block"": ""rsma"", ""rho"": 1.0, ""gain"": 3.873943494880905e-06}, {""block"": ""star_ris"", ""rho"": 8.0, ""gain"": 0.004308374010214777}, {""block"": ""rsma"", ""rho"": 32768.0, ""gain"": -8.543921126147325e-11}, {""block"": ""star_ris"", ""rho"": 32.0, ""gain"": 0.0010933404137709601}]",{},2093.683292,2a8450eb5d4f6f05c03681c57cc71c0590f449be523644dbfde0384d2f23053d,fc61d5cda7da39530055bae9bd0e92865f995cd9,6ec54735c1c2c35cd253d9d3d23295783293b6d64c65204dfcab16b2d59ebbef
ao_sca,32,10000,344,test,16.18826194759336,16.18826194759336,1.0,True,0.0,11,2373,14,ao_sca_proximal_physical,analytical_ris_equal_allocation,"[1.8376786310271758, 15.711232282732224, 15.809288811803123, 15.908069059751163, 16.070620100999292, 16.083594637451224, 16.125882749573147, 16.131008526247935, 16.17015917767969, 16.174037939035248, 16.18779699226349, 16.18826194759336]","[{""block"": ""rsma"", ""rho"": 1.0, ""gain"": 13.8237441413845}, {""block"": ""star_ris"", ""rho"": 2.0, ""gain"": 0.049809510320548256}, {""block"": ""rsma"", ""rho"": 1.0, ""gain"": 0.0}, {""block"": ""star_ris"", ""rho"": 2.0, ""gain"": 0.09805652907089879}, {""block"": ""rsma"", ""rho"": 1.0, ""gain"": -1.7763568394002505e-15}, {""block"": ""star_ris"", ""rho"": 2.0, ""gain"": 0.09878024794804219}, {""block"": ""rsma"", ""rho"": 1.0, ""gain"": 0.0}, {""block"": ""star_ris"", ""rho"": 8.0, ""gain"": 0.16255104124812902}, {""block"": ""rsma"", ""rho"": 1.0, ""gain"": 0.0}, {""block"": ""star_ris"", ""rho"": 8.0, ""gain"": 0.012974536451931584}, {""block"": ""rsma"", ""rho"": 1.0, ""gain"": 0.0}, {""block"": ""star_ris"", ""rho"": 32.0, ""gain"": 0.042288112121923405}, {""block"": ""rsma"", ""rho"": 1.0, ""gain"": 0.0}, {""block"": ""star_ris"", ""rho"": 256.0, ""gain"": 0.005125776674788085}, {""block"": ""rsma"", ""rho"": 1.0, ""gain"": 0.0}, {""block"": ""star_ris"", ""rho"": 4.0, ""gain"": 0.03915065143175411}, {""block"": ""rsma"", ""rho"": 1.0, ""gain"": 0.0}, {""block"": ""star_ris"", ""rho"": 32.0, ""gain"": 0.0038787613555584244}, {""block"": ""rsma"", ""rho"": 1.0, ""gain"": 0.0}, {""block"": ""star_ris"", ""rho"": 32.0, ""gain"": 0.013759053228241669}, {""block"": ""rsma"", ""rho"": 1.0, ""gain"": 0.0}, {""block"": ""star_ris"", ""rho"": 64.0, ""gain"": 0.00046495532987123056}]",{},1221.039981,2a8450eb5d4f6f05c03681c57cc71c0590f449be523644dbfde0384d2f23053d,fc61d5cda7da39530055bae9bd0e92865f995cd9,6ec54735c1c2c35cd253d9d3d23295783293b6d64c65204dfcab16b2d59ebbef
ao_sca,32,10000,345,test,15.954206976034438,15.954206976034438,1.0,True,0.0,17,3685,33,ao_sca_proximal_physical,analytical_ris_equal_allocation,"[1.8373451853806904, 15.406274411515616, 15.684277161399418, 15.799099811884165, 15.805822277341118, 15.809169572782, 15.810839775322979, 15.842997698694486, 15.849312135570253, 15.852104653178198, 15.85818131779536, 15.860092423034393, 15.914723021751096, 15.918076426244507, 15.924595869026904, 15.929887730902678, 15.953839701160652, 15.954206976034438]","[{""block"": ""rsma"", ""rho"": 1.0, ""gain"": 12.199779427918685}, {""block"": ""star_ris"", ""rho"": 2.0, ""gain"": 1.36914979821624}, {""block"": ""rsma"", ""rho"": 1.0, ""gain"": 1.7763568394002505e-15}, {""block"": ""star_ris"", ""rho"": 4.0, ""gain"": 0.27800274988380025}, {""block"": ""rsma"", ""rho"": 1.0, ""gain"": -1.7763568394002505e-15}, {""block"": ""star_ris"", ""rho"": 8.0, ""gain"": 0.11482265048474893}, {""block"": ""rsma"", ""rho"": 1.0, ""gain"": 0.0}, {""block"": ""star_ris"", ""rho"": 128.0, ""gain"": 0.006722465456952875}, {""block"": ""rsma"", ""rho"": 1.0, ""gain"": 1.7763568394002505e-15}, {""block"": ""star_ris"", ""rho"": 256.0, ""gain"": 0.0033472954408804156}, {""block"": ""rsma"", ""rho"": 1.0, ""gain"": -1.7763568394002505e-15}, {""block"": ""star_ris"", ""rho"": 512.0, ""gain"": 0.00167020254098027}, {""block"": ""rsma"", ""rho"": 1.0, ""gain"": 0.0}, {""block"": ""star_ris"", ""rho"": 8.0, ""gain"": 0.032157923371507025}, {""block"": ""rsma"", ""rho"": 1.0, ""gain"": 0.0}, {""block"": ""star_ris"", ""rho"": 8.0, ""gain"": 0.006314436875767271}, {""block"": ""rsma"", ""rho"": 1.0, ""gain"": -1.7763568394002505e-15}, {""block"": ""star_ris"", ""rho"": 64.0, ""gain"": 0.002792517607947076}, {""block"": ""rsma"", ""rho"": 1.0, ""gain"": 0.0}, {""block"": ""star_ris"", ""rho"": 16.0, ""gain"": 0.006076664617161498}, {""block"": ""rsma"", ""rho"": 1.0, ""gain"": 0.0}, {""block"": ""star_ris"", ""rho"": 16.0, ""gain"": 0.0019111052390332617}, {""block"": ""rsma"", ""rho"": 1.0, ""gain"": -1.7763568394002505e-15}, {""block"": ""star_ris"", ""rho"": 8.0, ""gain"": 0.05463059871670417}, {""block"": ""rsma"", ""rho"": 1.0, ""gain"": 0.0}, {""block"": ""star_ris"", ""rho"": 16.0, ""gain"": 0.0033534044934118157}, {""block"": ""rsma"", ""rho"": 1.0, ""gain"": 0.0}, {""block"": ""star_ris"", ""rho"": 32.0, ""gain"": 0.006519442782396467}, {""block"": ""rsma"", ""rho"": 1.0, ""gain"": 0.0}, {""block"": ""star_ris"", ""rho"": 32.0, ""gain"": 0.005291861875774018}, {""block"": ""rsma"", ""rho"": 1.0, ""gain"": 0.0}, {""block"": ""star_ris"", ""rho"": 16.0, ""gain"": 0.023951970257973798}, {""block"": ""rsma"", ""rho"": 1.0, ""gain"": 1.7763568394002505e-15}, {""block"": ""star_ris"", ""rho"": 512.0, ""gain"": 0.0003672748737848508}]",{},1949.384175,2a8450eb5d4f6f05c03681c57cc71c0590f449be523644dbfde0384d2f23053d,fc61d5cda7da39530055bae9bd0e92865f995cd9,6ec54735c1c2c35cd253d9d3d23295783293b6d64c65204dfcab16b2d59ebbef
ao_sca,32,10000,346,test,15.530041966828415,15.530041966828415,1.0,True,0.0,12,2589,23,ao_sca_proximal_physical,analytical_ris_equal_allocation,"[1.8363495063859916, 14.08993496528578, 14.73858356321547, 14.906551420802819, 14.995991087120514, 15.010186012024842, 15.267599235935432, 15.327480736008061, 15.331937316723751, 15.382985332798103, 15.44213224275147, 15.528900553514609, 15.530041966828417]","[{""block"": ""rsma"", ""rho"": 1.0, ""gain"": 10.800416160090874}, {""block"": ""star_ris"", ""rho"": 4.0, ""gain"": 1.4531692988089144}, {""block"": ""rsma"", ""rho"": 65536.0, ""gain"": 0.0}, {""block"": ""star_ris"", ""rho"": 4.0, ""gain"": 0.6486485979296894}, {""block"": ""rsma"", ""rho"": 1.0, ""gain"": 0.0}, {""block"": ""star_ris"", ""rho"": 16.0, ""gain"": 0.16796785758734956}, {""block"": ""rsma"", ""rho"": 1.0, ""gain"": 1.7763568394002505e-15}, {""block"": ""star_ris"", ""rho"": 64.0, ""gain"": 0.08943966631769307}, {""block"": ""rsma"", ""rho"": 1.0, ""gain"": 0.0}, {""block"": ""star_ris"", ""rho"": 2.0, ""gain"": 0.014194924904328943}, {""block"": ""rsma"", ""rho"": 1.0, ""gain"": 0.0}, {""block"": ""star_ris"", ""rho"": 1.0, ""gain"": 0.2574132239105893}, {""block"": ""rsma"", ""rho"": 1.0, ""gain"": 0.0}, {""block"": ""star_ris"", ""rho"": 1.0, ""gain"": 0.05988150007262938}, {""block"": ""rsma"", ""rho"": 1.0, ""gain"": -1.7763568394002505e-15}, {""block"": ""star_ris"", ""rho"": 16.0, ""gain"": 0.004456580715691771}, {""block"": ""rsma"", ""rho"": 1.0, ""gain"": -1.7763568394002505e-15}, {""block"": ""star_ris"", ""rho"": 64.0, ""gain"": 0.05104801607435405}, {""block"": ""rsma"", ""rho"": 1.0, ""gain"": 0.0}, {""block"": ""star_ris"", ""rho"": 1.0, ""gain"": 0.059146909953366134}, {""block"": ""rsma"", ""rho"": 1.0, ""gain"": 0.0}, {""block"": ""star_ris"", ""rho"": 16.0, ""gain"": 0.08676831076313896}, {""block"": ""rsma"", ""rho"": 1.0, ""gain"": -1.7763568394002505e-15}, {""block"": ""star_ris"", ""rho"": 1.0, ""gain"": 0.0011414133138103466}]",{},1340.671428,2a8450eb5d4f6f05c03681c57cc71c0590f449be523644dbfde0384d2f23053d,fc61d5cda7da39530055bae9bd0e92865f995cd9,6ec54735c1c2c35cd253d9d3d23295783293b6d64c65204dfcab16b2d59ebbef
ao_sca,32,10000,347,test,15.686607642078345,15.686607642078345,1.0,True,0.0,10,2152,19,ao_sca_proximal_physical,analytical_ris_equal_allocation,"[1.8369148660212642, 14.93053956575052, 14.95088797244955, 15.172415709439868, 15.273443508283794, 15.332288277433468, 15.48632118151038, 15.570261829888226, 15.584476884287987, 15.686257033027779, 15.686607642078343]","[{""block"": ""rsma"", ""rho"": 1.0, ""gain"": 11.43680696093437}, {""block"": ""star_ris"", ""rho"": 1.0, ""gain"": 1.6568177387948868}, {""block"": ""rsma"", ""rho"": 1.0, ""gain"": -1.7763568394002505e-15}, {""block"": ""star_ris"", ""rho"": 32.0, ""gain"": 0.02034840669903204}, {""block"": ""rsma"", ""rho"": 1.0, ""gain"": 0.0}, {""block"": ""star_ris"", ""rho"": 16.0, ""gain"": 0.2215277369903177}, {""block"": ""rsma"", ""rho"": 1.0, ""gain"": 0.0}, {""block"": ""star_ris"", ""rho"": 8.0, ""gain"": 0.10102779884392632}, {""block"": ""rsma"", ""rho"": 1.0, ""gain"": 0.0}, {""block"": ""star_ris"", ""rho"": 8.0, ""gain"": 0.05884476914967429}, {""block"": ""rsma"", ""rho"": 1.0, ""gain"": -1.7763568394002505e-15}, {""block"": ""star_ris"", ""rho"": 64.0, ""gain"": 0.15403290407691372}, {""block"": ""rsma"", ""rho"": 1.0, ""gain"": 0.0}, {""block"": ""star_ris"", ""rho"": 4.0, ""gain"": 0.08394064837784576}, {""block"": ""rsma"", ""rho"": 1.0, ""gain"": -1.7763568394002505e-15}, {""block"": ""star_ris"", ""rho"": 8.0, ""gain"": 0.014215054399763005}, {""block"": ""rsma"", ""rho"": 1.0, ""gain"": 1.7763568394002505e-15}, {""block"": ""star_ris"", ""rho"": 4.0, ""gain"": 0.10178014873979002}, {""block"": ""rsma"", ""rho"": 1.0, ""gain"": 0.0}, {""block"": ""star_ris"", ""rho"": 8.0, ""gain"": 0.0003506090505638326}]",{},1100.599738,2a8450eb5d4f6f05c03681c57cc71c0590f449be523644dbfde0384d2f23053d,fc61d5cda7da39530055bae9bd0e92865f995cd9,6ec54735c1c2c35cd253d9d3d23295783293b6d64c65204dfcab16b2d59ebbef
ao_sca,32,10000,348,test,18.34711800212604,18.34711800212604,1.0,True,0.0,19,4328,21,ao_sca_proximal_physical,analytical_ris_equal_allocation,"[1.8375801045146365, 15.347423242949905, 17.35039237770897, 17.507234370037757, 17.54965196616045, 17.56989598483575, 17.71766979917869, 17.83905369163894, 17.89200035924947, 17.917186415512848, 18.01243450798212, 18.034945375000184, 18.040577825014825, 18.173480309430396, 18.23552952794753, 18.286203859178226, 18.321947453600366, 18.343467824498514, 18.345906305166537, 18.347118002126038]","[{""block"": ""rsma"", ""rho"": 1.0, ""gain"": 13.38393510044378}, {""block"": ""star_ris"", ""rho"": 1.0, ""gain"": 0.1259080379914881}, {""block"": ""rsma"", ""rho"": 2048.0, ""gain"": 1.6844313154314783}, {""block"": ""star_ris"", ""rho"": 2.0, ""gain"": 0.31853781932758807}, {""block"": ""rsma"", ""rho"": 65536.0, ""gain"": 0.0}, {""block"": ""star_ris"", ""rho"": 4.0, ""gain"": 0.15684199232878626}, {""block"": ""rsma"", ""rho"": 65536.0, ""gain"": 0.0}, {""block"": ""star_ris"", ""rho"": 8.0, ""gain"": 0.04241759612269291}, {""block"": ""rsma"", ""rho"": 65536.0, ""gain"": 0.0}, {""block"": ""star_ris"", ""rho"": 16.0, ""gain"": 0.020244018675299458}, {""block"": ""rsma"", ""rho"": 65536.0, ""gain"": 0.0}, {""block"": ""star_ris"", ""rho"": 2.0, ""gain"": 0.14777381434294057}, {""block"": ""rsma"", ""rho"": 65536.0, ""gain"": 0.0}, {""block"": ""star_ris"", ""rho"": 2.0, ""gain"": 0.12138389246025127}, {""block"": ""rsma"", ""rho"": 65536.0, ""gain"": 0.0}, {""block"": ""star_ris"", ""rho"": 4.0, ""gain"": 0.05294666761052724}, {""block"": ""rsma"", ""rho"": 65536.0, ""gain"": 0.0}, {""block"": ""star_ris"", ""rho"": 8.0, ""gain"": 0.02518605626337944}, {""block"": ""rsma"", ""rho"": 65536.0, ""gain"": 0.0}, {""block"": ""star_ris"", ""rho"": 2.0, ""gain"": 0.0952480924692729}, {""block"": ""rsma"", ""rho"": 65536.0, ""gain"": 0.0}, {""block"": ""star_ris"", ""rho"": 8.0, ""gain"": 0.022510867018063152}, {""block"": ""rsma"", ""rho"": 65536.0, ""gain"": 0.0}, {""block"": ""star_ris"", ""rho"": 32.0, ""gain"": 0.005632450014640966}, {""block"": ""rsma"", ""rho"": 65536.0, ""gain"": 0.0}, {""block"": ""star_ris"", ""rho"": 1.0, ""gain"": 0.1329024844155704}, {""block"": ""rsma"", ""rho"": 65536.0, ""gain"": 0.0}, {""block"": ""star_ris"", ""rho"": 1.0, ""gain"": 0.062049218517135074}, {""block"": ""rsma"", ""rho"": 65536.0, ""gain"": 0.0}, {""block"": ""star_ris"", ""rho"": 1.0, ""gain"": 0.0506743312306952}, {""block"": ""rsma"", ""rho"": 65536.0, ""gain"": 0.0}, {""block"": ""star_ris"", ""rho"": 1.0, ""gain"": 0.035743594422140035}, {""block"": ""rsma"", ""rho"": 65536.0, ""gain"": 0.0}, {""block"": ""star_ris"", ""rho"": 1.0, ""gain"": 0.0215203708981484}, {""block"": ""rsma"", ""rho"": 65536.0, ""gain"": 0.0}, {""block"": ""star_ris"", ""rho"": 8.0, ""gain"": 0.002438480668022436}, {""block"": ""rsma"", ""rho"": 65536.0, ""gain"": 0.0}, {""block"": ""star_ris"", ""rho"": 16.0, ""gain"": 0.001211696959501296}]",{},2199.530004,2a8450eb5d4f6f05c03681c57cc71c0590f449be523644dbfde0384d2f23053d,fc61d5cda7da39530055bae9bd0e92865f995cd9,6ec54735c1c2c35cd253d9d3d23295783293b6d64c65204dfcab16b2d59ebbef
ao_sca,32,10000,349,test,18.10840996161879,18.10840996161879,1.0,True,0.0,11,2499,14,ao_sca_proximal_physical,analytical_ris_equal_allocation,"[1.8370783224755178, 13.587183986270583, 13.60687322250695, 15.077873976006568, 16.573604981095727, 17.687091022856272, 17.807769013031447, 18.008425850280027, 18.08779785947843, 18.10535787284822, 18.107394236395983, 18.10840996161879]","[{""block"": ""rsma"", ""rho"": 1.0, ""gain"": 11.709472204960871}, {""block"": ""star_ris"", ""rho"": 64.0, ""gain"": 0.04063345883419345}, {""block"": ""rsma"", ""rho"": 65536.0, ""gain"": 0.0}, {""block"": ""star_ris"", ""rho"": 128.0, ""gain"": 0.01968923623636698}, {""block"": ""rsma"", ""rho"": 65536.0, ""gain"": 0.0}, {""block"": ""star_ris"", ""rho"": 1.0, ""gain"": 1.4710007534996183}, {""block"": ""rsma"", ""rho"": 128.0, ""gain"": 0.6560142034400638}, {""block"": ""star_ris"", ""rho"": 1.0, ""gain"": 0.8397168016490948}, {""block"": ""rsma"", ""rho"": 128.0, ""gain"": 0.9410488766403233}, {""block"": ""star_ris"", ""rho"": 2.0, ""gain"": 0.1724371651202219}, {""block"": ""rsma"", ""rho"": 65536.0, ""gain"": 0.0}, {""block"": ""star_ris"", ""rho"": 2.0, ""gain"": 0.12067799017517444}, {""block"": ""rsma"", ""rho"": 65536.0, ""gain"": 0.0}, {""block"": ""star_ris"", ""rho"": 1.0, ""gain"": 0.2006568372485802}, {""block"": ""rsma"", ""rho"": 65536.0, ""gain"": 0.0}, {""block"": ""star_ris"", ""rho"": 2.0, ""gain"": 0.07937200919840492}, {""block"": ""rsma"", ""rho"": 65536.0, ""gain"": 0.0}, {""block"": ""star_ris"", ""rho"": 8.0, ""gain"": 0.017560013369788408}, {""block"": ""rsma"", ""rho"": 65536.0, ""gain"": 0.0}, {""block"": ""star_ris"", ""rho"": 64.0, ""gain"": 0.0020363635477629316}, {""block"": ""rsma"", ""rho"": 65536.0, ""gain"": 0.0}, {""block"": ""star_ris"", ""rho"": 128.0, ""gain"": 0.001015725222806907}]",{},1352.072747,2a8450eb5d4f6f05c03681c57cc71c0590f449be523644dbfde0384d2f23053d,fc61d5cda7da39530055bae9bd0e92865f995cd9,6ec54735c1c2c35cd253d9d3d23295783293b6d64c65204dfcab16b2d59ebbef
ao_sca,32,10000,350,test,16.765096223834224,16.765096223834224,1.0,True,0.0,16,3451,28,ao_sca_proximal_physical,analytical_ris_equal_allocation,"[1.8377196413160766, 15.963973039699356, 16.37256014492425, 16.497182840467953, 16.55331460659637, 16.580158691283277, 16.593308374561015, 16.61565675293315, 16.63865649959113, 16.642539275722267, 16.651926212100392, 16.66063587922357, 16.69477230582937, 16.709764946464354, 16.76283078783242, 16.764868158397285, 16.765096223834224]","[{""block"": ""rsma"", ""rho"": 1.0, ""gain"": 13.939476310361943}, {""block"": ""star_ris"", ""rho"": 1.0, ""gain"": 0.1867770880213353}, {""block"": ""rsma"", ""rho"": 1.0, ""gain"": -1.7763568394002505e-15}, {""block"": ""star_ris"", ""rho"": 4.0, ""gain"": 0.40858710522489616}, {""block"": ""rsma"", ""rho"": 1.0, ""gain"": 0.0}, {""block"": ""star_ris"", ""rho"": 8.0, ""gain"": 0.12462269554370309}, {""block"": ""rsma"", ""rho"": 1.0, ""gain"": 0.0}, {""block"": ""star_ris"", ""rho"": 16.0, ""gain"": 0.056131766128416416}, {""block"": ""rsma"", ""rho"": 1.0, ""gain"": 0.0}, {""block"": ""star_ris"", ""rho"": 32.0, ""gain"": 0.02684408468690691}, {""block"": ""rsma"", ""rho"": 1.0, ""gain"": 0.0}, {""block"": ""star_ris"", ""rho"": 64.0, ""gain"": 0.013149683277738689}, {""block"": ""rsma"", ""rho"": 1.0, ""gain"": 3.552713678800501e-15}, {""block"": ""star_ris"", ""rho"": 2.0, ""gain"": 0.02234837837212922}, {""block"": ""rsma"", ""rho"": 1.0, ""gain"": 0.0}, {""block"": ""star_ris"", ""rho"": 2.0, ""gain"": 0.022999746657980324}, {""block"": ""rsma"", ""rho"": 1.0, ""gain"": 0.0}, {""block"": ""star_ris"", ""rho"": 64.0, ""gain"": 0.0038827761311388542}, {""block"": ""rsma"", ""rho"": 1.0, ""gain"": 0.0}, {""block"": ""star_ris"", ""rho"": 64.0, ""gain"": 0.009386936378124489}, {""block"": ""rsma"", ""rho"": 1.0, ""gain"": 0.0}, {""block"": ""star_ris"", ""rho"": 8.0, ""gain"": 0.008709667123177667}, {""block"": ""rsma"", ""rho"": 1.0, ""gain"": 0.0}, {""block"": ""star_ris"", ""rho"": 8.0, ""gain"": 0.03413642660580152}, {""block"": ""rsma"", ""rho"": 1.0, ""gain"": 0.0}, {""block"": ""star_ris"", ""rho"": 4.0, ""gain"": 0.014992640634982735}, {""block"": ""rsma"", ""rho"": 1.0, ""gain"": 0.0}, {""block"": ""star_ris"", ""rho"": 4.0, ""gain"": 0.05306584136806691}, {""block"": ""rsma"", ""rho"": 1.0, ""gain"": 0.0}, {""block"": ""star_ris"", ""rho"": 128.0, ""gain"": 0.0020373705648637497}, {""block"": ""rsma"", ""rho"": 1.0, ""gain"": 0.0}, {""block"": ""star_ris"", ""rho"": 128.0, ""gain"": 0.00022806543693931758}]",{},1844.267767,2a8450eb5d4f6f05c03681c57cc71c0590f449be523644dbfde0384d2f23053d,fc61d5cda7da39530055bae9bd0e92865f995cd9,6ec54735c1c2c35cd253d9d3d23295783293b6d64c65204dfcab16b2d59ebbef
ao_sca,32,10000,351,test,16.586522599338892,16.586522599338892,1.0,True,0.0,8,1808,11,ao_sca_proximal_physical,analytical_ris_equal_allocation,"[1.8373503880603648, 14.673135978184074, 15.129176026182318, 16.509885789180753, 16.516991695861364, 16.564284593887393, 16.583196198607325, 16.58541716649033, 16.586522599338892]","[{""block"": ""rsma"", ""rho"": 1.0, ""gain"": 12.572616483314999}, {""block"": ""star_ris"", ""rho"": 1.0, ""gain"": 0.26316910680871075}, {""block"": ""rsma"", ""rho"": 512.0, ""gain"": 0.04976793124613188}, {""block"": ""star_ris"", ""rho"": 1.0, ""gain"": 0.4062721167521115}, {""block"": ""rsma"", ""rho"": 128.0, ""gain"": 1.319488305376204}, {""block"": ""star_ris"", ""rho"": 4.0, ""gain"": 0.06122145762223141}, {""block"": ""rsma"", ""rho"": 65536.0, ""gain"": 0.0}, {""block"": ""star_ris"", ""rho"": 16.0, ""gain"": 0.00710590668061073}, {""block"": ""rsma"", ""rho"": 65536.0, ""gain"": 0.0}, {""block"": ""star_ris"", ""rho"": 2.0, ""gain"": 0.047292898026029206}, {""block"": ""rsma"", ""rho"": 65536.0, ""gain"": 0.0}, {""block"": ""star_ris"", ""rho"": 4.0, ""gain"": 0.01891160471993203}, {""block"": ""rsma"", ""rho"": 65536.0, ""gain"": 0.0}, {""block"": ""star_ris"", ""rho"": 32.0, ""gain"": 0.002220967883005187}, {""block"": ""rsma"", ""rho"": 65536.0, ""gain"": 0.0}, {""block"": ""star_ris"", ""rho"": 64.0, ""gain"": 0.0011054328485613496}]",{},1008.885704,2a8450eb5d4f6f05c03681c57cc71c0590f449be523644dbfde0384d2f23053d,fc61d5cda7da39530055bae9bd0e92865f995cd9,6ec54735c1c2c35cd253d9d3d23295783293b6d64c65204dfcab16b2d59ebbef
ao_sca,32,10000,352,test,17.988665632394508,17.988665632394508,1.0,True,0.0,20,4543,22,ao_sca_proximal_physical,analytical_ris_equal_allocation,"[1.8367619600566982, 13.6765101042819, 14.476679398826933, 16.69587756859334, 16.856896572718817, 16.87459931212215, 16.883113780377204, 17.232328244926787, 17.434115637169032, 17.60735422509335, 17.698593873469697, 17.775680476333736, 17.78623431277218, 17.828570142697064, 17.865854365942276, 17.897230853884857, 17.919960705584963, 17.93938173637132, 17.957072559611632, 17.97341228068931, 17.988665632394508]","[{""block"": ""rsma"", ""rho"": 1.0, ""gain"": 11.793947431252725}, {""block"": ""star_ris"", ""rho"": 2.0, ""gain"": 0.04580071297247734}, {""block"": ""rsma"", ""rho"": 65536.0, ""gain"": 0.0}, {""block"": ""star_ris"", ""rho"": 4.0, ""gain"": 0.8001692945450323}, {""block"": ""rsma"", ""rho"": 2048.0, ""gain"": 1.7263157443011519}, {""block"": ""star_ris"", ""rho"": 2.0, ""gain"": 0.49288242546525396}, {""block"": ""rsma"", ""rho"": 65536.0, ""gain"": 0.0}, {""block"": ""star_ris"", ""rho"": 4.0, ""gain"": 0.1610190041254782}, {""block"": ""rsma"", ""rho"": 65536.0, ""gain"": 0.0}, {""block"": ""star_ris"", ""rho"": 32.0, ""gain"": 0.017702739403333112}, {""block"": ""rsma"", ""rho"": 65536.0, ""gain"": 0.0}, {""block"": ""star_ris"", ""rho"": 64.0, ""gain"": 0.008514468255054197}, {""block"": ""rsma"", ""rho"": 65536.0, ""gain"": 0.0}, {""block"": ""star_ris"", ""rho"": 1.0, ""gain"": 0.3492144645495827}, {""block"": ""rsma"", ""rho"": 65536.0, ""gain"": 0.0}, {""block"": ""star_ris"", ""rho"": 1.0, ""gain"": 0.2017873922422453}, {""block"": ""rsma"", ""rho"": 65536.0, ""gain"": 0.0}, {""block"": ""star_ris"", ""rho"": 1.0, ""gain"": 0.1732385879243168}, {""block"": ""rsma"", ""rho"": 65536.0, ""gain"": 0.0}, {""block"": ""star_ris"", ""rho"": 1.0, ""gain"": 0.09123964837634801}, {""block"": ""rsma"", ""rho"": 65536.0, ""gain"": 0.0}, {""block"": ""star_ris"", ""rho"": 1.0, ""gain"": 0.07708660286403912}, {""block"": ""rsma"", ""rho"": 65536.0, ""gain"": 0.0}, {""block"": ""star_ris"", ""rho"": 16.0, ""gain"": 0.010553836438443653}, {""block"": ""rsma"", ""rho"": 65536.0, ""gain"": 0.0}, {""block"": ""star_ris"", ""rho"": 1.0, ""gain"": 0.04233582992488394}, {""block"": ""rsma"", ""rho"": 65536.0, ""gain"": 0.0}, {""block"": ""star_ris"", ""rho"": 1.0, ""gain"": 0.03728422324521219}, {""block"": ""rsma"", ""rho"": 65536.0, ""gain"": 0.0}, {""block"": ""star_ris"", ""rho"": 1.0, ""gain"": 0.03137648794258041}, {""block"": ""rsma"", ""rho"": 65536.0, ""gain"": 0.0}, {""block"": ""star_ris"", ""rho"": 1.0, ""gain"": 0.022729851700105996}, {""block"": ""rsma"", ""rho"": 65536.0, ""gain"": 0.0}, {""block"": ""star_ris"", ""rho"": 1.0, ""gain"": 0.019421030786357818}, {""block"": ""rsma"", ""rho"": 65536.0, ""gain"": 0.0}, {""block"": ""star_ris"", ""rho"": 1.0, ""gain"": 0.01769082324031146}, {""block"": ""rsma"", ""rho"": 65536.0, ""gain"": 0.0}, {""block"": ""star_ris"", ""rho"": 1.0, ""gain"": 0.016339721077677893}, {""block"": ""rsma"", ""rho"": 65536.0, ""gain"": 0.0}, {""block"": ""star_ris"", ""rho"": 1.0, ""gain"": 0.015253351705197815}]",{},2438.048849,2a8450eb5d4f6f05c03681c57cc71c0590f449be523644dbfde0384d2f23053d,fc61d5cda7da39530055bae9bd0e92865f995cd9,6ec54735c1c2c35cd253d9d3d23295783293b6d64c65204dfcab16b2d59ebbef
ao_sca,32,10000,353,test,15.553968775617625,15.553968775617625,1.0,True,0.0,6,1313,11,ao_sca_proximal_physical,analytical_ris_equal_allocation,"[1.837511265376341, 15.188657152320035, 15.518302596633147, 15.524183442394973, 15.549373521140124, 15.553682417482667, 15.553968775617623]","[{""block"": ""rsma"", ""rho"": 1.0, ""gain"": 13.176127473347668}, {""block"": ""star_ris"", ""rho"": 1.0, ""gain"": 0.17501841359602643}, {""block"": ""rsma"", ""rho"": 1.0, ""gain"": 1.7763568394002505e-15}, {""block"": ""star_ris"", ""rho"": 1.0, ""gain"": 0.32964544431311005}, {""block"": ""rsma"", ""rho"": 1.0, ""gain"": 0.0}, {""block"": ""star_ris"", ""rho"": 1024.0, ""gain"": 0.005880845761826237}, {""block"": ""rsma"", ""rho"": 1.0, ""gain"": 0.0}, {""block"": ""star_ris"", ""rho"": 128.0, ""gain"": 0.025190078745151112}, {""block"": ""rsma"", ""rho"": 1.0, ""gain"": 0.0}, {""block"": ""star_ris"", ""rho"": 1024.0, ""gain"": 0.004308896342543278}, {""block"": ""rsma"", ""rho"": 1.0, ""gain"": 0.0}, {""block"": ""star_ris"", ""rho"": 8192.0, ""gain"": 0.0002863581349554778}]",{},713.09552,2a8450eb5d4f6f05c03681c57cc71c0590f449be523644dbfde0384d2f23053d,fc61d5cda7da39530055bae9bd0e92865f995cd9,6ec54735c1c2c35cd253d9d3d23295783293b6d64c65204dfcab16b2d59ebbef
ao_sca,32,10000,354,test,16.109474323747673,16.109474323747673,1.0,True,0.0,6,1304,12,ao_sca_proximal_physical,analytical_ris_equal_allocation,"[1.8375582556643835, 15.470856274747343, 16.05519050438434, 16.062825363968265, 16.07278551449234, 16.108833054060263, 16.109474323747673]","[{""block"": ""rsma"", ""rho"": 1.0, ""gain"": 12.83426694233172}, {""block"": ""star_ris"", ""rho"": 1.0, ""gain"": 0.7990310767512394}, {""block"": ""rsma"", ""rho"": 1.0, ""gain"": 0.0}, {""block"": ""star_ris"", ""rho"": 32.0, ""gain"": 0.5843342296369958}, {""block"": ""rsma"", ""rho"": 1.0, ""gain"": 0.0}, {""block"": ""star_ris"", ""rho"": 256.0, ""gain"": 0.007634859583927067}, {""block"": ""rsma"", ""rho"": 1.0, ""gain"": 0.0}, {""block"": ""star_ris"", ""rho"": 32.0, ""gain"": 0.009960150524076283}, {""block"": ""rsma"", ""rho"": 1.0, ""gain"": 3.552713678800501e-15}, {""block"": ""star_ris"", ""rho"": 32.0, ""gain"": 0.0360475395679174}, {""block"": ""rsma"", ""rho"": 1.0, ""gain"": 0.0}, {""block"": ""star_ris"", ""rho"": 256.0, ""gain"": 0.0006412696874100732}]",{},680.033397,2a8450eb5d4f6f05c03681c57cc71c0590f449be523644dbfde0384d2f23053d,fc61d5cda7da39530055bae9bd0e92865f995cd9,6ec54735c1c2c35cd253d9d3d23295783293b6d64c65204dfcab16b2d59ebbef
ao_sca,32,10000,355,test,15.434862642215158,15.434862642215158,1.0,True,0.0,11,2369,21,ao_sca_proximal_physical,analytical_ris_equal_allocation,"[1.837303992515098, 14.808739105663305, 15.211339059535636, 15.230917343821597, 15.247050231120596, 15.32809796464917, 15.331572792082566, 15.339688144392072, 15.355935246641163, 15.383274276818863, 15.43367642609117, 15.434862642215158]","[{""block"": ""rsma"", ""rho"": 1.0, ""gain"": 12.746969628714693}, {""block"": ""star_ris"", ""rho"": 2.0, ""gain"": 0.2244654844335141}, {""block"": ""rsma"", ""rho"": 1.0, ""gain"": 0.0}, {""block"": ""star_ris"", ""rho"": 4.0, ""gain"": 0.40259995387233083}, {""block"": ""rsma"", ""rho"": 1.0, ""gain"": 1.7763568394002505e-15}, {""block"": ""star_ris"", ""rho"": 4.0, ""gain"": 0.019578284285959313}, {""block"": ""rsma"", ""rho"": 1.0, ""gain"": 1.7763568394002505e-15}, {""block"": ""star_ris"", ""rho"": 8.0, ""gain"": 0.016132887298997645}, {""block"": ""rsma"", ""rho"": 1.0, ""gain"": -3.552713678800501e-15}, {""block"": ""star_ris"", ""rho"": 4.0, ""gain"": 0.08104773352857819}, {""block"": ""rsma"", ""rho"": 1.0, ""gain"": 0.0}, {""block"": ""star_ris"", ""rho"": 64.0, ""gain"": 0.0034748274333953333}, {""block"": ""rsma"", ""rho"": 1.0, ""gain"": 1.7763568394002505e-15}, {""block"": ""star_ris"", ""rho"": 32.0, ""gain"": 0.008115352309504331}, {""block"": ""rsma"", ""rho"": 1.0, ""gain"": 0.0}, {""block"": ""star_ris"", ""rho"": 16.0, ""gain"": 0.016247102249090872}, {""block"": ""rsma"", ""rho"": 1.0, ""gain"": 0.0}, {""block"": ""star_ris"", ""rho"": 8.0, ""gain"": 0.027339030177699897}, {""block"": ""rsma"", ""rho"": 1.0, ""gain"": 0.0}, {""block"": ""star_ris"", ""rho"": 4.0, ""gain"": 0.05040214927230657}, {""block"": ""rsma"", ""rho"": 1.0, ""gain"": -3.552713678800501e-15}, {""block"": ""star_ris"", ""rho"": 64.0, ""gain"": 0.0011862161239921676}]",{},1234.504865,2a8450eb5d4f6f05c03681c57cc71c0590f449be523644dbfde0384d2f23053d,fc61d5cda7da39530055bae9bd0e92865f995cd9,6ec54735c1c2c35cd253d9d3d23295783293b6d64c65204dfcab16b2d59ebbef
ao_sca,32,10000,356,test,15.937020578760684,15.937020578760684,1.0,True,0.0,8,1727,15,ao_sca_proximal_physical,analytical_ris_equal_allocation,"[1.8373055211270786, 14.711440402765394, 15.332819681028038, 15.55103471978192, 15.754686150791644, 15.812505848165733, 15.91669111492558, 15.935514703125634, 15.937020578760684]","[{""block"": ""rsma"", ""rho"": 1.0, ""gain"": 12.33311347035643}, {""block"": ""star_ris"", ""rho"": 1.0, ""gain"": 0.5410214112818856}, {""block"": ""rsma"", ""rho"": 65536.0, ""gain"": 0.0}, {""block"": ""star_ris"", ""rho"": 1.0, ""gain"": 0.6213792782626442}, {""block"": ""rsma"", ""rho"": 1.0, ""gain"": 1.7763568394002505e-15}, {""block"": ""star_ris"", ""rho"": 1.0, ""gain"": 0.21821503875388082}, {""block"": ""rsma"", ""rho"": 1.0, ""gain"": 0.0}, {""block"": ""star_ris"", ""rho"": 1.0, ""gain"": 0.20365143100972283}, {""block"": ""rsma"", ""rho"": 1.0, ""gain"": 0.0}, {""block"": ""star_ris"", ""rho"": 32.0, ""gain"": 0.05781969737408943}, {""block"": ""rsma"", ""rho"": 1.0, ""gain"": -1.7763568394002505e-15}, {""block"": ""star_ris"", ""rho"": 32.0, ""gain"": 0.10418526675984907}, {""block"": ""rsma"", ""rho"": 1.0, ""gain"": 0.0}, {""block"": ""star_ris"", ""rho"": 2.0, ""gain"": 0.018823588200053365}, {""block"": ""rsma"", ""rho"": 1.0, ""gain"": 0.0}, {""block"": ""star_ris"", ""rho"": 16.0, ""gain"": 0.0015058756350505575}]",{},890.390404,2a8450eb5d4f6f05c03681c57cc71c0590f449be523644dbfde0384d2f23053d,fc61d5cda7da39530055bae9bd0e92865f995cd9,6ec54735c1c2c35cd253d9d3d23295783293b6d64c65204dfcab16b2d59ebbef
ao_sca,32,10000,357,test,17.80772605158288,17.80772605158288,1.0,True,0.0,20,4569,23,ao_sca_proximal_physical,analytical_ris_equal_allocation,"[1.835795587244134, 12.540461641946806, 14.086780909092631, 14.226347085589477, 14.29025136150418, 14.305640116927329, 14.705033350452142, 16.037988009901106, 16.271256167652012, 16.287680264278794, 16.73249870693615, 16.771008983344235, 16.78924643482052, 16.798292561610772, 16.8028140389216, 17.23493277593206, 17.447218296110677, 17.57799632554578, 17.688126616726656, 17.792971947318172, 17.80772605158288]","[{""block"": ""rsma"", ""rho"": 1.0, ""gain"": 10.400333137585308}, {""block"": ""star_ris"", ""rho"": 2.0, ""gain"": 0.3043329171173639}, {""block"": ""rsma"", ""rho"": 65536.0, ""gain"": 0.0}, {""block"": ""star_ris"", ""rho"": 4.0, ""gain"": 1.546319267145826}, {""block"": ""rsma"", ""rho"": 65536.0, ""gain"": 0.0}, {""block"": ""star_ris"", ""rho"": 16.0, ""gain"": 0.13956617649684588}, {""block"": ""rsma"", ""rho"": 65536.0, ""gain"": 0.0}, {""block"": ""star_ris"", ""rho"": 32.0, ""gain"": 0.06390427591470349}, {""block"": ""rsma"", ""rho"": 65536.0, ""gain"": 0.0}, {""block"": ""star_ris"", ""rho"": 128.0, ""gain"": 0.01538875542314777}, {""block"": ""rsma"", ""rho"": 65536.0, ""gain"": 0.0}, {""block"": ""star_ris"", ""rho"": 1.0, ""gain"": 0.3993932335248136}, {""block"": ""rsma"", ""rho"": 256.0, ""gain"": 1.0398246496402983}, {""block"": ""star_ris"", ""rho"": 8.0, ""gain"": 0.29313000980866555}, {""block"": ""rsma"", ""rho"": 128.0, ""gain"": 0.15892769051119515}, {""block"": ""star_ris"", ""rho"": 16.0, ""gain"": 0.07434046723971122}, {""block"": ""rsma"", ""rho"": 65536.0, ""gain"": 0.0}, {""block"": ""star_ris"", ""rho"": 64.0, ""gain"": 0.016424096626781903}, {""block"": ""rsma"", ""rho"": 65536.0, ""gain"": 0.0}, {""block"": ""star_ris"", ""rho"": 2.0, ""gain"": 0.44481844265735404}, {""block"": ""rsma"", ""rho"": 65536.0, ""gain"": 0.0}, {""block"": ""star_ris"", ""rho"": 16.0, ""gain"": 0.03851027640808624}, {""block"": ""rsma"", ""rho"": 65536.0, ""gain"": 0.0}, {""block"": ""star_ris"", ""rho"": 32.0, ""gain"": 0.01823745147628486}, {""block"": ""rsma"", ""rho"": 65536.0, ""gain"": 0.0}, {""block"": ""star_ris"", ""rho"": 64.0, ""gain"": 0.009046126790252629}, {""block"": ""rsma"", ""rho"": 65536.0, ""gain"": 0.0}, {""block"": ""star_ris"", ""rho"": 128.0, ""gain"": 0.004521477310827748}, {""block"": ""rsma"", ""rho"": 65536.0, ""gain"": 0.0}, {""block"": ""star_ris"", ""rho"": 1.0, ""gain"": 0.4321187370104589}, {""block"": ""rsma"", ""rho"": 65536.0, ""gain"": 0.0}, {""block"": ""star_ris"", ""rho"": 1.0, ""gain"": 0.21228552017861801}, {""block"": ""rsma"", ""rho"": 65536.0, ""gain"": 0.0}, {""block"": ""star_ris"", ""rho"": 1.0, ""gain"": 0.13077802943510264}, {""block"": ""rsma"", ""rho"": 65536.0, ""gain"": 0.0}, {""block"": ""star_ris"", ""rho"": 1.0, ""gain"": 0.11013029118087658}, {""block"": ""rsma"", ""rho"": 65536.0, ""gain"": 0.0}, {""block"": ""star_ris"", ""rho"": 1.0, ""gain"": 0.10484533059151602}, {""block"": ""rsma"", ""rho"": 65536.0, ""gain"": 0.0}, {""block"": ""star_ris"", ""rho"": 8.0, ""gain"": 0.014754104264707024}]",{},2404.927296,2a8450eb5d4f6f05c03681c57cc71c0590f449be523644dbfde0384d2f23053d,fc61d5cda7da39530055bae9bd0e92865f995cd9,6ec54735c1c2c35cd253d9d3d23295783293b6d64c65204dfcab16b2d59ebbef
ao_sca,32,10000,358,test,17.298369227889093,17.298369227889093,1.0,True,0.0,9,2050,11,ao_sca_proximal_physical,analytical_ris_equal_allocation,"[1.8365942429896411, 14.414876220543235, 16.866873707414108, 16.875086284203334, 16.87916739074809, 17.095857990874855, 17.256032298347048, 17.289159574774487, 17.297347807771555, 17.298369227889093]","[{""block"": ""rsma"", ""rho"": 1.0, ""gain"": 11.106118864132686}, {""block"": ""star_ris"", ""rho"": 1.0, ""gain"": 1.4721631134209083}, {""block"": ""rsma"", ""rho"": 4096.0, ""gain"": 2.0328391066785763}, {""block"": ""star_ris"", ""rho"": 1.0, ""gain"": 0.4191583801922967}, {""block"": ""rsma"", ""rho"": 65536.0, ""gain"": 0.0}, {""block"": ""star_ris"", ""rho"": 32.0, ""gain"": 0.008212576789226489}, {""block"": ""rsma"", ""rho"": 65536.0, ""gain"": 0.0}, {""block"": ""star_ris"", ""rho"": 64.0, ""gain"": 0.004081106544756352}, {""block"": ""rsma"", ""rho"": 65536.0, ""gain"": 0.0}, {""block"": ""star_ris"", ""rho"": 1.0, ""gain"": 0.2166906001267641}, {""block"": ""rsma"", ""rho"": 65536.0, ""gain"": 0.0}, {""block"": ""star_ris"", ""rho"": 1.0, ""gain"": 0.16017430747219308}, {""block"": ""rsma"", ""rho"": 65536.0, ""gain"": 0.0}, {""block"": ""star_ris"", ""rho"": 4.0, ""gain"": 0.03312727642743951}, {""block"": ""rsma"", ""rho"": 65536.0, ""gain"": 0.0}, {""block"": ""star_ris"", ""rho"": 16.0, ""gain"": 0.008188232997067502}, {""block"": ""rsma"", ""rho"": 65536.0, ""gain"": 0.0}, {""block"": ""star_ris"", ""rho"": 128.0, ""gain"": 0.001021420117538696}]",{},1094.45366,2a8450eb5d4f6f05c03681c57cc71c0590f449be523644dbfde0384d2f23053d,fc61d5cda7da39530055bae9bd0e92865f995cd9,6ec54735c1c2c35cd253d9d3d23295783293b6d64c65204dfcab16b2d59ebbef
ao_sca,32,10000,359,test,15.899842377187952,15.899842377187952,1.0,True,0.0,20,4326,35,ao_sca_proximal_physical,analytical_ris_equal_allocation,"[1.8371963683638202, 15.067065847660059, 15.072639026373931, 15.181917786322352, 15.419215691403892, 15.61017028519187, 15.635019077628225, 15.64721928137877, 15.74041892757927, 15.76765548786355, 15.785976491077378, 15.790635536926851, 15.80603706758502, 15.841089010544811, 15.846890833698236, 15.848835318064294, 15.8514125959615, 15.864017557925607, 15.884103737680086, 15.891036212328839, 15.899842377187953]","[{""block"": ""rsma"", ""rho"": 1.0, ""gain"": 12.174394971897575}, {""block"": ""star_ris"", ""rho"": 1.0, ""gain"": 1.0554745073986638}, {""block"": ""rsma"", ""rho"": 1.0, ""gain"": 0.0}, {""block"": ""star_ris"", ""rho"": 32.0, ""gain"": 0.0055731787138721955}, {""block"": ""rsma"", ""rho"": 1.0, ""gain"": 0.0}, {""block"": ""star_ris"", ""rho"": 4.0, ""gain"": 0.1092787599484204}, {""block"": ""rsma"", ""rho"": 1.0, ""gain"": 0.0}, {""block"": ""star_ris"", ""rho"": 4.0, ""gain"": 0.23729790508154025}, {""block"": ""rsma"", ""rho"": 1.0, ""gain"": 0.0}, {""block"": ""star_ris"", ""rho"": 4.0, ""gain"": 0.1909545937879784}, {""block"": ""rsma"", ""rho"": 1.0, ""gain"": 0.0}, {""block"": ""star_ris"", ""rho"": 64.0, ""gain"": 0.024848792436355183}, {""block"": ""rsma"", ""rho"": 1.0, ""gain"": 0.0}, {""block"": ""star_ris"", ""rho"": 128.0, ""gain"": 0.012200203750545313}, {""block"": ""rsma"", ""rho"": 1.0, ""gain"": 0.0}, {""block"": ""star_ris"", ""rho"": 4.0, ""gain"": 0.09319964620049959}, {""block"": ""rsma"", ""rho"": 1.0, ""gain"": 0.0}, {""block"": ""star_ris"", ""rho"": 4.0, ""gain"": 0.027236560284279676}, {""block"": ""rsma"", ""rho"": 1.0, ""gain"": -3.552713678800501e-15}, {""block"": ""star_ris"", ""rho"": 128.0, ""gain"": 0.018321003213831233}, {""block"": ""rsma"", ""rho"": 1.0, ""gain"": 0.0}, {""block"": ""star_ris"", ""rho"": 16.0, ""gain"": 0.004659045849473742}, {""block"": ""rsma"", ""rho"": 1.0, ""gain"": 0.0}, {""block"": ""star_ris"", ""rho"": 16.0, ""gain"": 0.015401530658168738}, {""block"": ""rsma"", ""rho"": 1.0, ""gain"": 0.0}, {""block"": ""star_ris"", ""rho"": 8.0, ""gain"": 0.035051942959791305}, {""block"": ""rsma"", ""rho"": 1.0, ""gain"": 0.0}, {""block"": ""star_ris"", ""rho"": 64.0, ""gain"": 0.005801823153424479}, {""block"": ""rsma"", ""rho"": 1.0, ""gain"": 0.0}, {""block"": ""star_ris"", ""rho"": 64.0, ""gain"": 0.0019444843660583189}, {""block"": ""rsma"", ""rho"": 1.0, ""gain"": 0.0}, {""block"": ""star_ris"", ""rho"": 32.0, ""gain"": 0.002577277897206187}, {""block"": ""rsma"", ""rho"": 1.0, ""gain"": 0.0}, {""block"": ""star_ris"", ""rho"": 32.0, ""gain"": 0.01260496196410621}, {""block"": ""rsma"", ""rho"": 1.0, ""gain"": 0.0}, {""block"": ""star_ris"", ""rho"": 32.0, ""gain"": 0.020086179754478906}, {""block"": ""rsma"", ""rho"": 1.0, ""gain"": 0.0}, {""block"": ""star_ris"", ""rho"": 64.0, ""gain"": 0.006932474648753129}, {""block"": ""rsma"", ""rho"": 1.0, ""gain"": 1.7763568394002505e-15}, {""block"": ""star_ris"", ""rho"": 64.0, ""gain"": 0.008806164859112897}]",{},2197.241769,2a8450eb5d4f6f05c03681c57cc71c0590f449be523644dbfde0384d2f23053d,fc61d5cda7da39530055bae9bd0e92865f995cd9,6ec54735c1c2c35cd253d9d3d23295783293b6d64c65204dfcab16b2d59ebbef
ao_sca,32,10000,360,test,15.983864024434176,15.983864024434176,1.0,True,0.0,19,4134,36,ao_sca_proximal_physical,analytical_ris_equal_allocation,"[1.8372687600070692, 14.434425232379798, 14.462223820538366, 14.86712911732129, 14.907431569890509, 14.927075216673394, 14.93212490506544, 14.991653965326304, 15.34012849820093, 15.612043789650635, 15.628548070462795, 15.674251458974208, 15.76886367737877, 15.780636921999157, 15.83570767626285, 15.941244423195478, 15.96683935449563, 15.979811860666441, 15.98245373375903, 15.983864024434176]","[{""block"": ""rsma"", ""rho"": 1.0, ""gain"": 12.340165993974987}, {""block"": ""star_ris"", ""rho"": 16.0, ""gain"": 0.2569904783977428}, {""block"": ""rsma"", ""rho"": 65536.0, ""gain"": 0.0}, {""block"": ""star_ris"", ""rho"": 128.0, ""gain"": 0.02779858815856784}, {""block"": ""rsma"", ""rho"": 65536.0, ""gain"": 0.0}, {""block"": ""star_ris"", ""rho"": 8.0, ""gain"": 0.40490529678292475}, {""block"": ""rsma"", ""rho"": 1.0, ""gain"": 0.0}, {""block"": ""star_ris"", ""rho"": 64.0, ""gain"": 0.04030245256921816}, {""block"": ""rsma"", ""rho"": 1.0, ""gain"": 0.0}, {""block"": ""star_ris"", ""rho"": 128.0, ""gain"": 0.019643646782885327}, {""block"": ""rsma"", ""rho"": 1.0, ""gain"": 0.0}, {""block"": ""star_ris"", ""rho"": 8.0, ""gain"": 0.005049688392045226}, {""block"": ""rsma"", ""rho"": 1.0, ""gain"": 0.0}, {""block"": ""star_ris"", ""rho"": 4.0, ""gain"": 0.05952906026086424}, {""block"": ""rsma"", ""rho"": 1.0, ""gain"": 1.7763568394002505e-15}, {""block"": ""star_ris"", ""rho"": 2.0, ""gain"": 0.34847453287462393}, {""block"": ""rsma"", ""rho"": 1.0, ""gain"": -1.7763568394002505e-15}, {""block"": ""star_ris"", ""rho"": 8.0, ""gain"": 0.27191529144970694}, {""block"": ""rsma"", ""rho"": 1.0, ""gain"": 0.0}, {""block"": ""star_ris"", ""rho"": 16.0, ""gain"": 0.016504280812160488}, {""block"": ""rsma"", ""rho"": 1.0, ""gain"": 0.0}, {""block"": ""star_ris"", ""rho"": 8.0, ""gain"": 0.04570338851141287}, {""block"": ""rsma"", ""rho"": 1.0, ""gain"": 0.0}, {""block"": ""star_ris"", ""rho"": 4.0, ""gain"": 0.09461221840456169}, {""block"": ""rsma"", ""rho"": 1.0, ""gain"": 1.7763568394002505e-15}, {""block"": ""star_ris"", ""rho"": 8.0, ""gain"": 0.01177324462038598}, {""block"": ""rsma"", ""rho"": 1.0, ""gain"": 0.0}, {""block"": ""star_ris"", ""rho"": 4.0, ""gain"": 0.05507075426369212}, {""block"": ""rsma"", ""rho"": 1.0, ""gain"": 0.0}, {""block"": ""star_ris"", ""rho"": 16.0, ""gain"": 0.10553674693262849}, {""block"": ""rsma"", ""rho"": 1.0, ""gain"": -1.7763568394002505e-15}, {""block"": ""star_ris"", ""rho"": 64.0, ""gain"": 0.025594931300153334}, {""block"": ""rsma"", ""rho"": 1.0, ""gain"": 0.0}, {""block"": ""star_ris"", ""rho"": 128.0, ""gain"": 0.01297250617081147}, {""block"": ""rsma"", ""rho"": 1.0, ""gain"": 0.0}, {""block"": ""star_ris"", ""rho"": 32.0, ""gain"": 0.002641873092589009}, {""block"": ""rsma"", ""rho"": 1.0, ""gain"": 0.0}, {""block"": ""star_ris"", ""rho"": 8.0, ""gain"": 0.0014102906751460864}]",{},2089.591637,2a8450eb5d4f6f05c03681c57cc71c0590f449be523644dbfde0384d2f23053d,fc61d5cda7da39530055bae9bd0e92865f995cd9,6ec54735c1c2c35cd253d9d3d23295783293b6d64c65204dfcab16b2d59ebbef
ao_sca,32,10000,361,test,15.445174847404584,15.445174847404584,1.0,True,0.0,6,1309,12,ao_sca_proximal_physical,analytical_ris_equal_allocation,"[1.8367925116801107, 15.213569387435644, 15.3820752428792, 15.399244372350791, 15.411400550027631, 15.443765092427011, 15.445174847404584]","[{""block"": ""rsma"", ""rho"": 1.0, ""gain"": 11.218864996602091}, {""block"": ""star_ris"", ""rho"": 2.0, ""gain"": 2.157911879153442}, {""block"": ""rsma"", ""rho"": 1.0, ""gain"": 0.0}, {""block"": ""star_ris"", ""rho"": 8.0, ""gain"": 0.16850585544355567}, {""block"": ""rsma"", ""rho"": 1.0, ""gain"": 0.0}, {""block"": ""star_ris"", ""rho"": 16.0, ""gain"": 0.01716912947159166}, {""block"": ""rsma"", ""rho"": 1.0, ""gain"": 1.7763568394002505e-15}, {""block"": ""star_ris"", ""rho"": 1024.0, ""gain"": 0.012156177676837743}, {""block"": ""rsma"", ""rho"": 1.0, ""gain"": 1.7763568394002505e-15}, {""block"": ""star_ris"", ""rho"": 128.0, ""gain"": 0.03236454239937814}, {""block"": ""rsma"", ""rho"": 1.0, ""gain"": 0.0}, {""block"": ""star_ris"", ""rho"": 2048.0, ""gain"": 0.0014097549775726748}]",{},684.252347,2a8450eb5d4f6f05c03681c57cc71c0590f449be523644dbfde0384d2f23053d,fc61d5cda7da39530055bae9bd0e92865f995cd9,6ec54735c1c2c35cd253d9d3d23295783293b6d64c65204dfcab16b2d59ebbef
ao_sca,32,10000,362,test,16.428348706698614,16.428348706698614,1.0,True,0.0,18,3869,35,ao_sca_proximal_physical,analytical_ris_equal_allocation,"[1.8375365723440598, 15.72783795911564, 15.790022887660951, 15.882519577082245, 15.999408907285158, 16.098881679008112, 16.1028492198966, 16.27247739936717, 16.285206268651947, 16.30318977070662, 16.311536955925003, 16.361272278806577, 16.364056472071745, 16.36632916327728, 16.37653721504465, 16.384846240091317, 16.39501784469463, 16.427419778442516, 16.428348706698614]","[{""block"": ""rsma"", ""rho"": 1.0, ""gain"": 13.089309244113869}, {""block"": ""star_ris"", ""rho"": 2.0, ""gain"": 0.8009921426577105}, {""block"": ""rsma"", ""rho"": 1.0, ""gain"": 1.7763568394002505e-15}, {""block"": ""star_ris"", ""rho"": 2.0, ""gain"": 0.062184928545310214}, {""block"": ""rsma"", ""rho"": 1.0, ""gain"": 0.0}, {""block"": ""star_ris"", ""rho"": 1.0, ""gain"": 0.09249668942129396}, {""block"": ""rsma"", ""rho"": 1.0, ""gain"": 0.0}, {""block"": ""star_ris"", ""rho"": 16.0, ""gain"": 0.11688933020291259}, {""block"": ""rsma"", ""rho"": 1.0, ""gain"": 0.0}, {""block"": ""star_ris"", ""rho"": 16.0, ""gain"": 0.09947277172295443}, {""block"": ""rsma"", ""rho"": 1.0, ""gain"": 3.552713678800501e-15}, {""block"": ""star_ris"", ""rho"": 8.0, ""gain"": 0.003967540888485388}, {""block"": ""rsma"", ""rho"": 1.0, ""gain"": -3.552713678800501e-15}, {""block"": ""star_ris"", ""rho"": 4.0, ""gain"": 0.16962817947057118}, {""block"": ""rsma"", ""rho"": 1.0, ""gain"": 3.552713678800501e-15}, {""block"": ""star_ris"", ""rho"": 8.0, ""gain"": 0.012728869284774902}, {""block"": ""rsma"", ""rho"": 1.0, ""gain"": 0.0}, {""block"": ""star_ris"", ""rho"": 16.0, ""gain"": 0.017983502054672584}, {""block"": ""rsma"", ""rho"": 1.0, ""gain"": -3.552713678800501e-15}, {""block"": ""star_ris"", ""rho"": 16.0, ""gain"": 0.008347185218386954}, {""block"": ""rsma"", ""rho"": 1.0, ""gain"": -3.552713678800501e-15}, {""block"": ""star_ris"", ""rho"": 8.0, ""gain"": 0.04973532288157756}, {""block"": ""rsma"", ""rho"": 1.0, ""gain"": 0.0}, {""block"": ""star_ris"", ""rho"": 32.0, ""gain"": 0.002784193265167545}, {""block"": ""rsma"", ""rho"": 1.0, ""gain"": 3.552713678800501e-15}, {""block"": ""star_ris"", ""rho"": 8.0, ""gain"": 0.0022726912055297532}, {""block"": ""rsma"", ""rho"": 1.0, ""gain"": 0.0}, {""block"": ""star_ris"", ""rho"": 64.0, ""gain"": 0.010208051767371273}, {""block"": ""rsma"", ""rho"": 1.0, ""gain"": 0.0}, {""block"": ""star_ris"", ""rho"": 2.0, ""gain"": 0.008309025046667529}, {""block"": ""rsma"", ""rho"": 1.0, ""gain"": 0.0}, {""block"": ""star_ris"", ""rho"": 4.0, ""gain"": 0.010171604603314677}, {""block"": ""rsma"", ""rho"": 1.0, ""gain"": 0.0}, {""block"": ""star_ris"", ""rho"": 8.0, ""gain"": 0.03240193374788447}, {""block"": ""rsma"", ""rho"": 1.0, ""gain"": 3.552713678800501e-15}, {""block"": ""star_ris"", ""rho"": 8.0, ""gain"": 0.0009289282560942524}]",{},1981.077899,2a8450eb5d4f6f05c03681c57cc71c0590f449be523644dbfde0384d2f23053d,fc61d5cda7da39530055bae9bd0e92865f995cd9,6ec54735c1c2c35cd253d9d3d23295783293b6d64c65204dfcab16b2d59ebbef
ao_sca,32,10000,363,test,15.942000538315032,15.942000538315032,1.0,True,0.0,8,1730,15,ao_sca_proximal_physical,analytical_ris_equal_allocation,"[1.8375391805302852, 15.254421462413237, 15.425330545810153, 15.463467581413873, 15.47276635349151, 15.477385451276856, 15.811772104210556, 15.941604561883729, 15.942000538315032]","[{""block"": ""rsma"", ""rho"": 1.0, ""gain"": 12.929991713942961}, {""block"": ""star_ris"", ""rho"": 4.0, ""gain"": 0.48689056793999086}, {""block"": ""rsma"", ""rho"": 1.0, ""gain"": 0.0}, {""block"": ""star_ris"", ""rho"": 8.0, ""gain"": 0.17090908339691602}, {""block"": ""rsma"", ""rho"": 1.0, ""gain"": 0.0}, {""block"": ""star_ris"", ""rho"": 32.0, ""gain"": 0.03813703560371984}, {""block"": ""rsma"", ""rho"": 1.0, ""gain"": 0.0}, {""block"": ""star_ris"", ""rho"": 128.0, ""gain"": 0.009298772077636741}, {""block"": ""rsma"", ""rho"": 1.0, ""gain"": 1.7763568394002505e-15}, {""block"": ""star_ris"", ""rho"": 256.0, ""gain"": 0.004619097785344195}, {""block"": ""rsma"", ""rho"": 1.0, ""gain"": 0.0}, {""block"": ""star_ris"", ""rho"": 2.0, ""gain"": 0.3343866529337003}, {""block"": ""rsma"", ""rho"": 1.0, ""gain"": -1.7763568394002505e-15}, {""block"": ""star_ris"", ""rho"": 4.0, ""gain"": 0.12983245767317442}, {""block"": ""rsma"", ""rho"": 1.0, ""gain"": 3.552713678800501e-15}, {""block"": ""star_ris"", ""rho"": 32.0, ""gain"": 0.0003959764312995162}]",{},883.580455,2a8450eb5d4f6f05c03681c57cc71c0590f449be523644dbfde0384d2f23053d,fc61d5cda7da39530055bae9bd0e92865f995cd9,6ec54735c1c2c35cd253d9d3d23295783293b6d64c65204dfcab16b2d59ebbef
ao_sca,32,10000,364,test,17.666362161917093,17.666362161917093,1.0,True,0.0,20,4524,22,ao_sca_proximal_physical,analytical_ris_equal_allocation,"[1.8373318589010654, 14.552290600852718, 14.586022923558875, 16.569628810641547, 16.830041972646907, 17.037709258833384, 17.206129170259054, 17.329547748448444, 17.401438891870352, 17.445374085168723, 17.481493610907144, 17.51198674182658, 17.53714717976041, 17.558790067303256, 17.57690587589621, 17.593793029432135, 17.609307629177337, 17.62418868957381, 17.638625130858475, 17.65251330034262, 17.666362161917093]","[{""block"": ""rsma"", ""rho"": 1.0, ""gain"": 12.693307850572841}, {""block"": ""star_ris"", ""rho"": 4.0, ""gain"": 0.02165089137881182}, {""block"": ""rsma"", ""rho"": 65536.0, ""gain"": 0.0}, {""block"": ""star_ris"", ""rho"": 1.0, ""gain"": 0.03373232270615745}, {""block"": ""rsma"", ""rho"": 2048.0, ""gain"": 1.609920622053032}, {""block"": ""star_ris"", ""rho"": 1.0, ""gain"": 0.37368526502963917}, {""block"": ""rsma"", ""rho"": 65536.0, ""gain"": 0.0}, {""block"": ""star_ris"", ""rho"": 1.0, ""gain"": 0.26041316200536}, {""block"": ""rsma"", ""rho"": 65536.0, ""gain"": 0.0}, {""block"": ""star_ris"", ""rho"": 1.0, ""gain"": 0.2076672861864779}, {""block"": ""rsma"", ""rho"": 65536.0, ""gain"": 0.0}, {""block"": ""star_ris"", ""rho"": 1.0, ""gain"": 0.16841991142566926}, {""block"": ""rsma"", ""rho"": 65536.0, ""gain"": 0.0}, {""block"": ""star_ris"", ""rho"": 1.0, ""gain"": 0.12341857818939062}, {""block"": ""rsma"", ""rho"": 65536.0, ""gain"": 0.0}, {""block"": ""star_ris"", ""rho"": 1.0, ""gain"": 0.07189114342190805}, {""block"": ""rsma"", ""rho"": 65536.0, ""gain"": 0.0}, {""block"": ""star_ris"", ""rho"": 1.0, ""gain"": 0.04393519329837048}, {""block"": ""rsma"", ""rho"": 65536.0, ""gain"": 0.0}, {""block"": ""star_ris"", ""rho"": 1.0, ""gain"": 0.03611952573842103}, {""block"": ""rsma"", ""rho"": 65536.0, ""gain"": 0.0}, {""block"": ""star_ris"", ""rho"": 1.0, ""gain"": 0.030493130919435174}, {""block"": ""rsma"", ""rho"": 65536.0, ""gain"": 0.0}, {""block"": ""star_ris"", ""rho"": 1.0, ""gain"": 0.025160437933831048}, {""block"": ""rsma"", ""rho"": 65536.0, ""gain"": 0.0}, {""block"": ""star_ris"", ""rho"": 1.0, ""gain"": 0.021642887542846267}, {""block"": ""rsma"", ""rho"": 65536.0, ""gain"": 0.0}, {""block"": ""star_ris"", ""rho"": 1.0, ""gain"": 0.018115808592952476}, {""block"": ""rsma"", ""rho"": 65536.0, ""gain"": 0.0}, {""block"": ""star_ris"", ""rho"": 1.0, ""gain"": 0.016887153535925847}, {""block"": ""rsma"", ""rho"": 65536.0, ""gain"": 0.0}, {""block"": ""star_ris"", ""rho"": 1.0, ""gain"": 0.015514599745202418}, {""block"": ""rsma"", ""rho"": 65536.0, ""gain"": 0.0}, {""block"": ""star_ris"", ""rho"": 1.0, ""gain"": 0.014881060396472634}, {""block"": ""rsma"", ""rho"": 65536.0, ""gain"": 0.0}, {""block"": ""star_ris"", ""rho"": 1.0, ""gain"": 0.014436441284665591}, {""block"": ""rsma"", ""rho"": 65536.0, ""gain"": 0.0}, {""block"": ""star_ris"", ""rho"": 1.0, ""gain"": 0.013888169484143731}, {""block"": ""rsma"", ""rho"": 65536.0, ""gain"": 0.0}, {""block"": ""star_ris"", ""rho"": 1.0, ""gain"": 0.013848861574473403}]",{},2437.980618,2a8450eb5d4f6f05c03681c57cc71c0590f449be523644dbfde0384d2f23053d,fc61d5cda7da39530055bae9bd0e92865f995cd9,6ec54735c1c2c35cd253d9d3d23295783293b6d64c65204dfcab16b2d59ebbef
ao_sca,32,10000,365,test,15.391056253901237,15.391056253901237,1.0,True,0.0,20,4311,40,ao_sca_proximal_physical,analytical_ris_equal_allocation,"[1.8372020108280536, 14.554758111924233, 14.609016793634392, 14.635295135547668, 14.638535248922784, 14.742942271141818, 14.749532065513273, 14.888564357208843, 14.94488420245857, 14.998774950345629, 15.096130363690854, 15.11136030807614, 15.314291666343069, 15.332645712174344, 15.346432523224696, 15.353788319072624, 15.358082946855232, 15.367902714998745, 15.380010502803062, 15.388478625681664, 15.391056253901237]","[{""block"": ""rsma"", ""rho"": 1.0, ""gain"": 12.468008519093562}, {""block"": ""star_ris"", ""rho"": 8.0, ""gain"": 0.2495475820026165}, {""block"": ""rsma"", ""rho"": 1.0, ""gain"": 0.0}, {""block"": ""star_ris"", ""rho"": 32.0, ""gain"": 0.05425868171015935}, {""block"": ""rsma"", ""rho"": 1.0, ""gain"": -1.7763568394002505e-15}, {""block"": ""star_ris"", ""rho"": 64.0, ""gain"": 0.026278341913277714}, {""block"": ""rsma"", ""rho"": 1.0, ""gain"": 1.7763568394002505e-15}, {""block"": ""star_ris"", ""rho"": 512.0, ""gain"": 0.0032401133751136513}, {""block"": ""rsma"", ""rho"": 1.0, ""gain"": 0.0}, {""block"": ""star_ris"", ""rho"": 2.0, ""gain"": 0.10440702221903386}, {""block"": ""rsma"", ""rho"": 1.0, ""gain"": 1.7763568394002505e-15}, {""block"": ""star_ris"", ""rho"": 4.0, ""gain"": 0.006589794371453905}, {""block"": ""rsma"", ""rho"": 1.0, ""gain"": -1.7763568394002505e-15}, {""block"": ""star_ris"", ""rho"": 2.0, ""gain"": 0.13903229169557108}, {""block"": ""rsma"", ""rho"": 1.0, ""gain"": 0.0}, {""block"": ""star_ris"", ""rho"": 4.0, ""gain"": 0.05631984524972822}, {""block"": ""rsma"", ""rho"": 1.0, ""gain"": 0.0}, {""block"": ""star_ris"", ""rho"": 2.0, ""gain"": 0.053890747887058055}, {""block"": ""rsma"", ""rho"": 1.0, ""gain"": 0.0}, {""block"": ""star_ris"", ""rho"": 2.0, ""gain"": 0.09735541334522502}, {""block"": ""rsma"", ""rho"": 1.0, ""gain"": 0.0}, {""block"": ""star_ris"", ""rho"": 8.0, ""gain"": 0.015229944385286132}, {""block"": ""rsma"", ""rho"": 1.0, ""gain"": 1.7763568394002505e-15}, {""block"": ""star_ris"", ""rho"": 8.0, ""gain"": 0.20293135826692676}, {""block"": ""rsma"", ""rho"": 1.0, ""gain"": 0.0}, {""block"": ""star_ris"", ""rho"": 32.0, ""gain"": 0.0183540458312752}, {""block"": ""rsma"", ""rho"": 1.0, ""gain"": 1.7763568394002505e-15}, {""block"": ""star_ris"", ""rho"": 16.0, ""gain"": 0.013786811050350067}, {""block"": ""rsma"", ""rho"": 1.0, ""gain"": 1.7763568394002505e-15}, {""block"": ""star_ris"", ""rho"": 32.0, ""gain"": 0.007355795847926672}, {""block"": ""rsma"", ""rho"": 1.0, ""gain"": -1.7763568394002505e-15}, {""block"": ""star_ris"", ""rho"": 8.0, ""gain"": 0.004294627782609695}, {""block"": ""rsma"", ""rho"": 1.0, ""gain"": -1.7763568394002505e-15}, {""block"": ""star_ris"", ""rho"": 32.0, ""gain"": 0.009819768143515262}, {""block"": ""rsma"", ""rho"": 1.0, ""gain"": 1.7763568394002505e-15}, {""block"": ""star_ris"", ""rho"": 8.0, ""gain"": 0.01210778780431454}, {""block"": ""rsma"", ""rho"": 1.0, ""gain"": 1.7763568394002505e-15}, {""block"": ""star_ris"", ""rho"": 16.0, ""gain"": 0.008468122878600326}, {""block"": ""rsma"", ""rho"": 1.0, ""gain"": 0.0}, {""block"": ""star_ris"", ""rho"": 16.0, ""gain"": 0.0025776282195728584}]",{},2258.335378,2a8450eb5d4f6f05c03681c57cc71c0590f449be523644dbfde0384d2f23053d,fc61d5cda7da39530055bae9bd0e92865f995cd9,6ec54735c1c2c35cd253d9d3d23295783293b6d64c65204dfcab16b2d59ebbef
ao_sca,32,10000,366,test,16.339431488772394,16.339431488772394,1.0,True,0.0,20,4293,38,ao_sca_proximal_physical,analytical_ris_equal_allocation,"[1.8375061002615642, 15.385704331845314, 15.401013610687073, 15.568412897236547, 15.605868882937012, 15.615007287585584, 15.639836087325838, 15.763480395416243, 15.85098792634201, 15.854717253253458, 15.92455910592097, 15.939625087864828, 15.986782670071037, 16.01064332343971, 16.075720952207607, 16.12301073481018, 16.13367625509695, 16.16334666341503, 16.205365935468116, 16.275849856927536, 16.339431488772394]","[{""block"": ""rsma"", ""rho"": 1.0, ""gain"": 13.133785587789816}, {""block"": ""star_ris"", ""rho"": 4.0, ""gain"": 0.41441264379393417}, {""block"": ""rsma"", ""rho"": 1.0, ""gain"": 0.0}, {""block"": ""star_ris"", ""rho"": 4.0, ""gain"": 0.015309278841758811}, {""block"": ""rsma"", ""rho"": 1.0, ""gain"": 0.0}, {""block"": ""star_ris"", ""rho"": 8.0, ""gain"": 0.16739928654947356}, {""block"": ""rsma"", ""rho"": 1.0, ""gain"": 0.0}, {""block"": ""star_ris"", ""rho"": 32.0, ""gain"": 0.03745598570046482}, {""block"": ""rsma"", ""rho"": 1.0, ""gain"": 1.7763568394002505e-15}, {""block"": ""star_ris"", ""rho"": 128.0, ""gain"": 0.009138404648570742}, {""block"": ""rsma"", ""rho"": 1.0, ""gain"": 0.0}, {""block"": ""star_ris"", ""rho"": 2.0, ""gain"": 0.02482879974025387}, {""block"": ""rsma"", ""rho"": 1.0, ""gain"": 0.0}, {""block"": ""star_ris"", ""rho"": 4.0, ""gain"": 0.12364430809040527}, {""block"": ""rsma"", ""rho"": 1.0, ""gain"": 0.0}, {""block"": ""star_ris"", ""rho"": 1.0, ""gain"": 0.08750753092576602}, {""block"": ""rsma"", ""rho"": 1.0, ""gain"": -1.7763568394002505e-15}, {""block"": ""star_ris"", ""rho"": 1024.0, ""gain"": 0.00372932691145067}, {""block"": ""rsma"", ""rho"": 1.0, ""gain"": 0.0}, {""block"": ""star_ris"", ""rho"": 2.0, ""gain"": 0.06984185266751197}, {""block"": ""rsma"", ""rho"": 1.0, ""gain"": 0.0}, {""block"": ""star_ris"", ""rho"": 4.0, ""gain"": 0.015065981943857665}, {""block"": ""rsma"", ""rho"": 1.0, ""gain"": -1.7763568394002505e-15}, {""block"": ""star_ris"", ""rho"": 16.0, ""gain"": 0.04715758220621069}, {""block"": ""rsma"", ""rho"": 1.0, ""gain"": 0.0}, {""block"": ""star_ris"", ""rho"": 4.0, ""gain"": 0.023860653368672047}, {""block"": ""rsma"", ""rho"": 1.0, ""gain"": 0.0}, {""block"": ""star_ris"", ""rho"": 2.0, ""gain"": 0.06507762876789869}, {""block"": ""rsma"", ""rho"": 1.0, ""gain"": 0.0}, {""block"": ""star_ris"", ""rho"": 1.0, ""gain"": 0.04728978260257222}, {""block"": ""rsma"", ""rho"": 1.0, ""gain"": 0.0}, {""block"": ""star_ris"", ""rho"": 2.0, ""gain"": 0.010665520286771368}, {""block"": ""rsma"", ""rho"": 1.0, ""gain"": 0.0}, {""block"": ""star_ris"", ""rho"": 8.0, ""gain"": 0.02967040831807921}, {""block"": ""rsma"", ""rho"": 1.0, ""gain"": 3.552713678800501e-15}, {""block"": ""star_ris"", ""rho"": 8.0, ""gain"": 0.04201927205308209}, {""block"": ""rsma"", ""rho"": 1.0, ""gain"": 3.552713678800501e-15}, {""block"": ""star_ris"", ""rho"": 4.0, ""gain"": 0.07048392145941662}, {""block"": ""rsma"", ""rho"": 1.0, ""gain"": 0.0}, {""block"": ""star_ris"", ""rho"": 2.0, ""gain"": 0.06358163184485832}]",{},2257.23281,2a8450eb5d4f6f05c03681c57cc71c0590f449be523644dbfde0384d2f23053d,fc61d5cda7da39530055bae9bd0e92865f995cd9,6ec54735c1c2c35cd253d9d3d23295783293b6d64c65204dfcab16b2d59ebbef
ao_sca,32,10000,367,test,15.932827216408048,15.932827216408048,1.0,True,0.0,17,3650,34,ao_sca_proximal_physical,analytical_ris_equal_allocation,"[1.8375379634551565, 15.4298207988767, 15.46863911970641, 15.501135975643523, 15.514441043195944, 15.520944385682022, 15.589397982359447, 15.597804017387856, 15.61524790509679, 15.61902586757795, 15.65648851854273, 15.699553578449141, 15.74301787229532, 15.74719376215021, 15.833556300215903, 15.925347460153143, 15.932530661362701, 15.932827216408047]","[{""block"": ""rsma"", ""rho"": 1.0, ""gain"": 13.54345948860694}, {""block"": ""star_ris"", ""rho"": 16.0, ""gain"": 0.04882334681460243}, {""block"": ""rsma"", ""rho"": 1.0, ""gain"": 1.7763568394002505e-15}, {""block"": ""star_ris"", ""rho"": 16.0, ""gain"": 0.0388183208297086}, {""block"": ""rsma"", ""rho"": 1.0, ""gain"": 1.7763568394002505e-15}, {""block"": ""star_ris"", ""rho"": 8.0, ""gain"": 0.03249685593711149}, {""block"": ""rsma"", ""rho"": 1.0, ""gain"": 1.7763568394002505e-15}, {""block"": ""star_ris"", ""rho"": 32.0, ""gain"": 0.013305067552419558}, {""block"": ""rsma"", ""rho"": 1.0, ""gain"": -1.7763568394002505e-15}, {""block"": ""star_ris"", ""rho"": 8.0, ""gain"": 0.006503342486078978}, {""block"": ""rsma"", ""rho"": 1.0, ""gain"": -1.7763568394002505e-15}, {""block"": ""star_ris"", ""rho"": 8.0, ""gain"": 0.06845359667742734}, {""block"": ""rsma"", ""rho"": 1.0, ""gain"": 0.0}, {""block"": ""star_ris"", ""rho"": 4.0, ""gain"": 0.00840603502840942}, {""block"": ""rsma"", ""rho"": 1.0, ""gain"": 0.0}, {""block"": ""star_ris"", ""rho"": 16.0, ""gain"": 0.017443887708934014}, {""block"": ""rsma"", ""rho"": 1.0, ""gain"": 0.0}, {""block"": ""star_ris"", ""rho"": 8.0, ""gain"": 0.003777962481159136}, {""block"": ""rsma"", ""rho"": 1.0, ""gain"": 0.0}, {""block"": ""star_ris"", ""rho"": 2.0, ""gain"": 0.03746265096478041}, {""block"": ""rsma"", ""rho"": 1.0, ""gain"": 0.0}, {""block"": ""star_ris"", ""rho"": 4.0, ""gain"": 0.04306505990641085}, {""block"": ""rsma"", ""rho"": 1.0, ""gain"": 0.0}, {""block"": ""star_ris"", ""rho"": 2.0, ""gain"": 0.04346429384617956}, {""block"": ""rsma"", ""rho"": 1.0, ""gain"": 1.7763568394002505e-15}, {""block"": ""star_ris"", ""rho"": 4.0, ""gain"": 0.0041758898548884815}, {""block"": ""rsma"", ""rho"": 1.0, ""gain"": -3.552713678800501e-15}, {""block"": ""star_ris"", ""rho"": 2.0, ""gain"": 0.08636253806569627}, {""block"": ""rsma"", ""rho"": 1.0, ""gain"": 0.0}, {""block"": ""star_ris"", ""rho"": 1.0, ""gain"": 0.09179115993723919}, {""block"": ""rsma"", ""rho"": 1.0, ""gain"": -5.329070518200751e-15}, {""block"": ""star_ris"", ""rho"": 4.0, ""gain"": 0.007183201209564061}, {""block"": ""rsma"", ""rho"": 1.0, ""gain"": 3.552713678800501e-15}, {""block"": ""star_ris"", ""rho"": 32.0, ""gain"": 0.000296555045341762}]",{},1875.04097,2a8450eb5d4f6f05c03681c57cc71c0590f449be523644dbfde0384d2f23053d,fc61d5cda7da39530055bae9bd0e92865f995cd9,6ec54735c1c2c35cd253d9d3d23295783293b6d64c65204dfcab16b2d59ebbef
ao_sca,32,10000,368,test,16.30764457679095,16.30764457679095,1.0,True,0.0,20,4298,36,ao_sca_proximal_physical,analytical_ris_equal_allocation,"[1.8374929470045767, 15.18751590594071, 15.200417505025865, 15.206811697813377, 15.258812313530074, 15.51440992364851, 15.565726416239945, 15.782022852077482, 15.792953252899089, 15.81169310388947, 15.910423239955996, 15.931081291784594, 15.958555191600734, 16.02860557843973, 16.161409887116264, 16.189215403526752, 16.22962141885273, 16.25664635174823, 16.27336038229926, 16.30198614998048, 16.30764457679095]","[{""block"": ""rsma"", ""rho"": 1.0, ""gain"": 13.23960899016589}, {""block"": ""star_ris"", ""rho"": 16.0, ""gain"": 0.1104139687702439}, {""block"": ""rsma"", ""rho"": 1.0, ""gain"": -3.552713678800501e-15}, {""block"": ""star_ris"", ""rho"": 128.0, ""gain"": 0.012901599085157756}, {""block"": ""rsma"", ""rho"": 1.0, ""gain"": 3.552713678800501e-15}, {""block"": ""star_ris"", ""rho"": 256.0, ""gain"": 0.006394192787508857}, {""block"": ""rsma"", ""rho"": 1.0, ""gain"": -1.7763568394002505e-15}, {""block"": ""star_ris"", ""rho"": 1.0, ""gain"": 0.05200061571669856}, {""block"": ""rsma"", ""rho"": 1.0, ""gain"": 1.7763568394002505e-15}, {""block"": ""star_ris"", ""rho"": 4.0, ""gain"": 0.25559761011843385}, {""block"": ""rsma"", ""rho"": 1.0, ""gain"": 0.0}, {""block"": ""star_ris"", ""rho"": 4.0, ""gain"": 0.051316492591436}, {""block"": ""rsma"", ""rho"": 1.0, ""gain"": -1.7763568394002505e-15}, {""block"": ""star_ris"", ""rho"": 4.0, ""gain"": 0.21629643583753833}, {""block"": ""rsma"", ""rho"": 1.0, ""gain"": 0.0}, {""block"": ""star_ris"", ""rho"": 2.0, ""gain"": 0.010930400821607122}, {""block"": ""rsma"", ""rho"": 1.0, ""gain"": 0.0}, {""block"": ""star_ris"", ""rho"": 1.0, ""gain"": 0.018739850990380447}, {""block"": ""rsma"", ""rho"": 1.0, ""gain"": 0.0}, {""block"": ""star_ris"", ""rho"": 4.0, ""gain"": 0.0987301360665267}, {""block"": ""rsma"", ""rho"": 1.0, ""gain"": -1.7763568394002505e-15}, {""block"": ""star_ris"", ""rho"": 1.0, ""gain"": 0.020658051828599255}, {""block"": ""rsma"", ""rho"": 1.0, ""gain"": 0.0}, {""block"": ""star_ris"", ""rho"": 32.0, ""gain"": 0.027473899816140346}, {""block"": ""rsma"", ""rho"": 1.0, ""gain"": 0.0}, {""block"": ""star_ris"", ""rho"": 4.0, ""gain"": 0.07005038683899656}, {""block"": ""rsma"", ""rho"": 1.0, ""gain"": 0.0}, {""block"": ""star_ris"", ""rho"": 8.0, ""gain"": 0.13280430867653337}, {""block"": ""rsma"", ""rho"": 1.0, ""gain"": -3.552713678800501e-15}, {""block"": ""star_ris"", ""rho"": 32.0, ""gain"": 0.027805516410492004}, {""block"": ""rsma"", ""rho"": 1.0, ""gain"": 0.0}, {""block"": ""star_ris"", ""rho"": 8.0, ""gain"": 0.04040601532597776}, {""block"": ""rsma"", ""rho"": 1.0, ""gain"": 0.0}, {""block"": ""star_ris"", ""rho"": 8.0, ""gain"": 0.027024932895500342}, {""block"": ""rsma"", ""rho"": 1.0, ""gain"": 0.0}, {""block"": ""star_ris"", ""rho"": 4.0, ""gain"": 0.016714030551028713}, {""block"": ""rsma"", ""rho"": 1.0, ""gain"": 0.0}, {""block"": ""star_ris"", ""rho"": 4.0, ""gain"": 0.028625767681219827}, {""block"": ""rsma"", ""rho"": 1.0, ""gain"": 0.0}, {""block"": ""star_ris"", ""rho"": 16.0, ""gain"": 0.005658426810470019}]",{},2249.006136,2a8450eb5d4f6f05c03681c57cc71c0590f449be523644dbfde0384d2f23053d,fc61d5cda7da39530055bae9bd0e92865f995cd9,6ec54735c1c2c35cd253d9d3d23295783293b6d64c65204dfcab16b2d59ebbef
ao_sca,32,10000,369,test,18.521518713900164,18.521518713900164,1.0,True,0.0,18,4012,24,ao_sca_proximal_physical,analytical_ris_equal_allocation,"[1.837319895221456, 14.76312301030108, 17.0954976863492, 17.287457682321616, 17.545032231993055, 17.718295701935077, 17.860028908580485, 17.975251710469742, 18.02596587353934, 18.074270200093203, 18.154929498108185, 18.240083784148833, 18.299461513984834, 18.342856301465073, 18.397826257898053, 18.438331285579384, 18.47687879188667, 18.520124440310983, 18.521518713900164]","[{""block"": ""rsma"", ""rho"": 1.0, ""gain"": 12.480345690816307}, {""block"": ""star_ris"", ""rho"": 8.0, ""gain"": 0.44545742426331536}, {""block"": ""rsma"", ""rho"": 128.0, ""gain"": 1.2591240644248494}, {""block"": ""star_ris"", ""rho"": 1.0, ""gain"": 1.0732506116232727}, {""block"": ""rsma"", ""rho"": 65536.0, ""gain"": 0.0}, {""block"": ""star_ris"", ""rho"": 2.0, ""gain"": 0.19195999597241453}, {""block"": ""rsma"", ""rho"": 65536.0, ""gain"": 0.0}, {""block"": ""star_ris"", ""rho"": 1.0, ""gain"": 0.257574549671439}, {""block"": ""rsma"", ""rho"": 65536.0, ""gain"": 0.0}, {""block"": ""star_ris"", ""rho"": 1.0, ""gain"": 0.1732634699420217}, {""block"": ""rsma"", ""rho"": 65536.0, ""gain"": 0.0}, {""block"": ""star_ris"", ""rho"": 1.0, ""gain"": 0.14173320664540867}, {""block"": ""rsma"", ""rho"": 65536.0, ""gain"": 0.0}, {""block"": ""star_ris"", ""rho"": 1.0, ""gain"": 0.11522280188925649}, {""block"": ""rsma"", ""rho"": 65536.0, ""gain"": 0.0}, {""block"": ""star_ris"", ""rho"": 2.0, ""gain"": 0.05071416306959975}, {""block"": ""rsma"", ""rho"": 65536.0, ""gain"": 0.0}, {""block"": ""star_ris"", ""rho"": 2.0, ""gain"": 0.04830432655386119}, {""block"": ""rsma"", ""rho"": 65536.0, ""gain"": 0.0}, {""block"": ""star_ris"", ""rho"": 1.0, ""gain"": 0.08065929801498228}, {""block"": ""rsma"", ""rho"": 65536.0, ""gain"": 0.0}, {""block"": ""star_ris"", ""rho"": 1.0, ""gain"": 0.08515428604064823}, {""block"": ""rsma"", ""rho"": 65536.0, ""gain"": 0.0}, {""block"": ""star_ris"", ""rho"": 1.0, ""gain"": 0.05937772983600098}, {""block"": ""rsma"", ""rho"": 1.0, ""gain"": 1.634724484489425e-05}, {""block"": ""star_ris"", ""rho"": 1.0, ""gain"": 0.04337844023539361}, {""block"": ""rsma"", ""rho"": 65536.0, ""gain"": 0.0}, {""block"": ""star_ris"", ""rho"": 1.0, ""gain"": 0.05496995643298064}, {""block"": ""rsma"", ""rho"": 1.0, ""gain"": 8.629308497987154e-05}, {""block"": ""star_ris"", ""rho"": 1.0, ""gain"": 0.0404187345963507}, {""block"": ""rsma"", ""rho"": 1.0, ""gain"": 2.037026865409075e-05}, {""block"": ""star_ris"", ""rho"": 1.0, ""gain"": 0.03852713603863123}, {""block"": ""rsma"", ""rho"": 65536.0, ""gain"": 0.0}, {""block"": ""star_ris"", ""rho"": 1.0, ""gain"": 0.043245648424314}, {""block"": ""rsma"", ""rho"": 1.0, ""gain"": 0.0005255513791695421}, {""block"": ""star_ris"", ""rho"": 4.0, ""gain"": 0.0008687222100114411}]",{},2143.836196,2a8450eb5d4f6f05c03681c57cc71c0590f449be523644dbfde0384d2f23053d,fc61d5cda7da39530055bae9bd0e92865f995cd9,6ec54735c1c2c35cd253d9d3d23295783293b6d64c65204dfcab16b2d59ebbef
ao_sca,32,10000,370,test,18.949244171002924,18.949244171002924,1.0,True,0.0,14,3134,18,ao_sca_proximal_physical,analytical_ris_equal_allocation,"[1.8373337590552123, 14.96987760748832, 17.761380431725563, 18.18374307784606, 18.445195034693455, 18.581296129325956, 18.665617163871186, 18.726695110673383, 18.777465109615186, 18.820849533693995, 18.86026220845183, 18.89968477811409, 18.91933837631522, 18.94867835842736, 18.949244171002924]","[{""block"": ""rsma"", ""rho"": 1.0, ""gain"": 12.596899527803245}, {""block"": ""star_ris"", ""rho"": 8.0, ""gain"": 0.5356443206298618}, {""block"": ""rsma"", ""rho"": 256.0, ""gain"": 1.7865180556600446}, {""block"": ""star_ris"", ""rho"": 1.0, ""gain"": 1.0049847685771987}, {""block"": ""rsma"", ""rho"": 65536.0, ""gain"": 0.0}, {""block"": ""star_ris"", ""rho"": 1.0, ""gain"": 0.42236264612049723}, {""block"": ""rsma"", ""rho"": 65536.0, ""gain"": 0.0}, {""block"": ""star_ris"", ""rho"": 1.0, ""gain"": 0.2614519568473952}, {""block"": ""rsma"", ""rho"": 65536.0, ""gain"": 0.0}, {""block"": ""star_ris"", ""rho"": 1.0, ""gain"": 0.13610109463250097}, {""block"": ""rsma"", ""rho"": 65536.0, ""gain"": 0.0}, {""block"": ""star_ris"", ""rho"": 1.0, ""gain"": 0.08432103454522988}, {""block"": ""rsma"", ""rho"": 65536.0, ""gain"": 0.0}, {""block"": ""star_ris"", ""rho"": 1.0, ""gain"": 0.06107794680219669}, {""block"": ""rsma"", ""rho"": 65536.0, ""gain"": 0.0}, {""block"": ""star_ris"", ""rho"": 1.0, ""gain"": 0.050769998941802896}, {""block"": ""rsma"", ""rho"": 65536.0, ""gain"": 0.0}, {""block"": ""star_ris"", ""rho"": 1.0, ""gain"": 0.04338442407880905}, {""block"": ""rsma"", ""rho"": 65536.0, ""gain"": 0.0}, {""block"": ""star_ris"", ""rho"": 1.0, ""gain"": 0.039412674757834054}, {""block"": ""rsma"", ""rho"": 65536.0, ""gain"": 0.0}, {""block"": ""star_ris"", ""rho"": 1.0, ""gain"": 0.03942256966226054}, {""block"": ""rsma"", ""rho"": 1.0, ""gain"": 5.4552534674456865e-05}, {""block"": ""star_ris"", ""rho"": 1.0, ""gain"": 0.01959904566645676}, {""block"": ""rsma"", ""rho"": 65536.0, ""gain"": 0.0}, {""block"": ""star_ris"", ""rho"": 1.0, ""gain"": 0.029339982112141172}, {""block"": ""rsma"", ""rho"": 1.0, ""gain"": 0.00023052072394236234}, {""block"": ""star_ris"", ""rho"": 16.0, ""gain"": 0.00033529185161995656}]",{},1630.641419,2a8450eb5d4f6f05c03681c57cc71c0590f449be523644dbfde0384d2f23053d,fc61d5cda7da39530055bae9bd0e92865f995cd9,6ec54735c1c2c35cd253d9d3d23295783293b6d64c65204dfcab16b2d59ebbef
ao_sca,32,10000,371,test,15.333688097614685,15.333688097614685,1.0,True,0.0,5,1074,10,ao_sca_proximal_physical,analytical_ris_equal_allocation,"[1.8372678560649807, 14.879026070063588, 15.10692744617586, 15.201821358595573, 15.333073856366221, 15.333688097614685]","[{""block"": ""rsma"", ""rho"": 1.0, ""gain"": 12.410591810237998}, {""block"": ""star_ris"", ""rho"": 1.0, ""gain"": 0.6311664037606093}, {""block"": ""rsma"", ""rho"": 1.0, ""gain"": 0.0}, {""block"": ""star_ris"", ""rho"": 16.0, ""gain"": 0.22790137611227124}, {""block"": ""rsma"", ""rho"": 1.0, ""gain"": 0.0}, {""block"": ""star_ris"", ""rho"": 4.0, ""gain"": 0.0948939124197139}, {""block"": ""rsma"", ""rho"": 1.0, ""gain"": -1.7763568394002505e-15}, {""block"": ""star_ris"", ""rho"": 2.0, ""gain"": 0.1312524977706495}, {""block"": ""rsma"", ""rho"": 1.0, ""gain"": 0.0}, {""block"": ""star_ris"", ""rho"": 64.0, ""gain"": 0.0006142412484635429}]",{},533.907236,2a8450eb5d4f6f05c03681c57cc71c0590f449be523644dbfde0384d2f23053d,fc61d5cda7da39530055bae9bd0e92865f995cd9,6ec54735c1c2c35cd253d9d3d23295783293b6d64c65204dfcab16b2d59ebbef
ao_sca,32,10000,372,test,16.412009592924996,16.412009592924996,1.0,True,0.0,19,4116,33,ao_sca_proximal_physical,analytical_ris_equal_allocation,"[1.8375641716052225, 15.155028226352199, 15.304932987858246, 15.488503897775622, 15.852338220147619, 16.02382420616705, 16.032065180258577, 16.04232341651145, 16.203406309676005, 16.24209263600286, 16.250580789619818, 16.359085478245568, 16.36182558864789, 16.363836756519515, 16.37798576003984, 16.386278497915065, 16.394503018176025, 16.406876050952977, 16.410813295231204, 16.412009592924996]","[{""block"": ""rsma"", ""rho"": 1.0, ""gain"": 13.055521171608532}, {""block"": ""star_ris"", ""rho"": 1.0, ""gain"": 0.2619428831384436}, {""block"": ""rsma"", ""rho"": 65536.0, ""gain"": 0.0}, {""block"": ""star_ris"", ""rho"": 16.0, ""gain"": 0.14990476150604692}, {""block"": ""rsma"", ""rho"": 1.0, ""gain"": -1.7763568394002505e-15}, {""block"": ""star_ris"", ""rho"": 64.0, ""gain"": 0.18357090991737834}, {""block"": ""rsma"", ""rho"": 1.0, ""gain"": 0.0}, {""block"": ""star_ris"", ""rho"": 2.0, ""gain"": 0.3638343223719964}, {""block"": ""rsma"", ""rho"": 1.0, ""gain"": 0.0}, {""block"": ""star_ris"", ""rho"": 16.0, ""gain"": 0.17148598601943021}, {""block"": ""rsma"", ""rho"": 1.0, ""gain"": 0.0}, {""block"": ""star_ris"", ""rho"": 2.0, ""gain"": 0.00824097409152813}, {""block"": ""rsma"", ""rho"": 1.0, ""gain"": 0.0}, {""block"": ""star_ris"", ""rho"": 4.0, ""gain"": 0.010258236252873587}, {""block"": ""rsma"", ""rho"": 1.0, ""gain"": 0.0}, {""block"": ""star_ris"", ""rho"": 4.0, ""gain"": 0.16108289316455426}, {""block"": ""rsma"", ""rho"": 1.0, ""gain"": 0.0}, {""block"": ""star_ris"", ""rho"": 16.0, ""gain"": 0.03868632632685376}, {""block"": ""rsma"", ""rho"": 1.0, ""gain"": -7.105427357601002e-15}, {""block"": ""star_ris"", ""rho"": 64.0, ""gain"": 0.008488153616966088}, {""block"": ""rsma"", ""rho"": 1.0, ""gain"": 3.552713678800501e-15}, {""block"": ""star_ris"", ""rho"": 8.0, ""gain"": 0.10850468862574658}, {""block"": ""rsma"", ""rho"": 1.0, ""gain"": 0.0}, {""block"": ""star_ris"", ""rho"": 32.0, ""gain"": 0.0027401104023212497}, {""block"": ""rsma"", ""rho"": 1.0, ""gain"": 0.0}, {""block"": ""star_ris"", ""rho"": 32.0, ""gain"": 0.0020111678716254744}, {""block"": ""rsma"", ""rho"": 1.0, ""gain"": 0.0}, {""block"": ""star_ris"", ""rho"": 32.0, ""gain"": 0.014149003520326886}, {""block"": ""rsma"", ""rho"": 1.0, ""gain"": -3.552713678800501e-15}, {""block"": ""star_ris"", ""rho"": 32.0, ""gain"": 0.008292737875226663}, {""block"": ""rsma"", ""rho"": 1.0, ""gain"": 0.0}, {""block"": ""star_ris"", ""rho"": 32.0, ""gain"": 0.008224520260959878}, {""block"": ""rsma"", ""rho"": 1.0, ""gain"": 0.0}, {""block"": ""star_ris"", ""rho"": 32.0, ""gain"": 0.012373032776952897}, {""block"": ""rsma"", ""rho"": 1.0, ""gain"": 0.0}, {""block"": ""star_ris"", ""rho"": 32.0, ""gain"": 0.003937244278226615}, {""block"": ""rsma"", ""rho"": 1.0, ""gain"": -3.552713678800501e-15}, {""block"": ""star_ris"", ""rho"": 16.0, ""gain"": 0.0011962976937951453}]",{},2163.770114,2a8450eb5d4f6f05c03681c57cc71c0590f449be523644dbfde0384d2f23053d,fc61d5cda7da39530055bae9bd0e92865f995cd9,6ec54735c1c2c35cd253d9d3d23295783293b6d64c65204dfcab16b2d59ebbef
ao_sca,32,10000,373,test,15.538464807916526,15.538464807916526,1.0,True,0.0,9,1932,18,ao_sca_proximal_physical,analytical_ris_equal_allocation,"[1.8372663642162592, 14.791352940569013, 14.828331375970649, 14.890296854740374, 15.406998128409008, 15.408833811931327, 15.464418577454126, 15.535758056965598, 15.537611028600285, 15.538464807916526]","[{""block"": ""rsma"", ""rho"": 1.0, ""gain"": 12.61444778649522}, {""block"": ""star_ris"", ""rho"": 2.0, ""gain"": 0.3396387898575348}, {""block"": ""rsma"", ""rho"": 1.0, ""gain"": -1.7763568394002505e-15}, {""block"": ""star_ris"", ""rho"": 4.0, ""gain"": 0.03697843540163781}, {""block"": ""rsma"", ""rho"": 1.0, ""gain"": 1.7763568394002505e-15}, {""block"": ""star_ris"", ""rho"": 2.0, ""gain"": 0.06196547876972325}, {""block"": ""rsma"", ""rho"": 1.0, ""gain"": 0.0}, {""block"": ""star_ris"", ""rho"": 2.0, ""gain"": 0.5167012736686338}, {""block"": ""rsma"", ""rho"": 1.0, ""gain"": -1.7763568394002505e-15}, {""block"": ""star_ris"", ""rho"": 16.0, ""gain"": 0.0018356835223212187}, {""block"": ""rsma"", ""rho"": 1.0, ""gain"": 0.0}, {""block"": ""star_ris"", ""rho"": 16.0, ""gain"": 0.05558476552279856}, {""block"": ""rsma"", ""rho"": 1.0, ""gain"": 1.7763568394002505e-15}, {""block"": ""star_ris"", ""rho"": 8.0, ""gain"": 0.07133947951147057}, {""block"": ""rsma"", ""rho"": 1.0, ""gain"": 0.0}, {""block"": ""star_ris"", ""rho"": 16.0, ""gain"": 0.0018529716346868952}, {""block"": ""rsma"", ""rho"": 1.0, ""gain"": 0.0}, {""block"": ""star_ris"", ""rho"": 8.0, ""gain"": 0.0008537793162410878}]",{},1010.255449,2a8450eb5d4f6f05c03681c57cc71c0590f449be523644dbfde0384d2f23053d,fc61d5cda7da39530055bae9bd0e92865f995cd9,6ec54735c1c2c35cd253d9d3d23295783293b6d64c65204dfcab16b2d59ebbef
ao_sca,32,10000,374,test,15.837999721030792,15.837999721030792,1.0,True,0.0,10,2158,18,ao_sca_proximal_physical,analytical_ris_equal_allocation,"[1.8373110176760048, 14.808404760143985, 15.446700510061614, 15.489948021640089, 15.506312664792578, 15.588064069386977, 15.702933271617049, 15.740730523336895, 15.785373432261933, 15.8369321248148, 15.837999721030792]","[{""block"": ""rsma"", ""rho"": 1.0, ""gain"": 12.519345600033935}, {""block"": ""star_ris"", ""rho"": 1.0, ""gain"": 0.45174814243404526}, {""block"": ""rsma"", ""rho"": 65536.0, ""gain"": 0.0}, {""block"": ""star_ris"", ""rho"": 1.0, ""gain"": 0.6382957499176296}, {""block"": ""rsma"", ""rho"": 1.0, ""gain"": 0.0}, {""block"": ""star_ris"", ""rho"": 1.0, ""gain"": 0.04324751157847473}, {""block"": ""rsma"", ""rho"": 1.0, ""gain"": 0.0}, {""block"": ""star_ris"", ""rho"": 4.0, ""gain"": 0.016364643152488867}, {""block"": ""rsma"", ""rho"": 1.0, ""gain"": 1.7763568394002505e-15}, {""block"": ""star_ris"", ""rho"": 16.0, ""gain"": 0.08175140459439767}, {""block"": ""rsma"", ""rho"": 1.0, ""gain"": 0.0}, {""block"": ""star_ris"", ""rho"": 1.0, ""gain"": 0.11486920223007147}, {""block"": ""rsma"", ""rho"": 1.0, ""gain"": 1.7763568394002505e-15}, {""block"": ""star_ris"", ""rho"": 16.0, ""gain"": 0.03779725171984438}, {""block"": ""rsma"", ""rho"": 1.0, ""gain"": -1.7763568394002505e-15}, {""block"": ""star_ris"", ""rho"": 2.0, ""gain"": 0.04464290892503975}, {""block"": ""rsma"", ""rho"": 1.0, ""gain"": 0.0}, {""block"": ""star_ris"", ""rho"": 16.0, ""gain"": 0.0515586925528666}, {""block"": ""rsma"", ""rho"": 1.0, ""gain"": 0.0}, {""block"": ""star_ris"", ""rho"": 128.0, ""gain"": 0.0010675962159929497}]",{},1110.026942,2a8450eb5d4f6f05c03681c57cc71c0590f449be523644dbfde0384d2f23053d,fc61d5cda7da39530055bae9bd0e92865f995cd9,6ec54735c1c2c35cd253d9d3d23295783293b6d64c65204dfcab16b2d59ebbef
ao_sca,32,10000,375,test,16.69715842425347,16.69715842425347,1.0,True,0.0,20,4317,33,ao_sca_proximal_physical,analytical_ris_equal_allocation,"[1.8376725990192073, 15.550488118718128, 15.884529831524995, 15.97408113639852, 16.01583050385063, 16.025969325605754, 16.0310009303455, 16.241338145696844, 16.353829629530992, 16.397581419626437, 16.40246265071201, 16.427861683506176, 16.624651157498242, 16.644773723981388, 16.669191407224947, 16.67177982000348, 16.675851082546142, 16.680150126884648, 16.69132904376225, 16.696554470199327, 16.69715842425347]","[{""block"": ""rsma"", ""rho"": 1.0, ""gain"": 13.625747784304801}, {""block"": ""star_ris"", ""rho"": 2.0, ""gain"": 0.08706773539412005}, {""block"": ""rsma"", ""rho"": 1.0, ""gain"": 0.0}, {""block"": ""star_ris"", ""rho"": 1.0, ""gain"": 0.3340417128068669}, {""block"": ""rsma"", ""rho"": 1.0, ""gain"": -1.7763568394002505e-15}, {""block"": ""star_ris"", ""rho"": 16.0, ""gain"": 0.0895513048735257}, {""block"": ""rsma"", ""rho"": 1.0, ""gain"": 1.7763568394002505e-15}, {""block"": ""star_ris"", ""rho"": 32.0, ""gain"": 0.041749367452109}, {""block"": ""rsma"", ""rho"": 1.0, ""gain"": -3.552713678800501e-15}, {""block"": ""star_ris"", ""rho"": 128.0, ""gain"": 0.01013882175512748}, {""block"": ""rsma"", ""rho"": 1.0, ""gain"": 0.0}, {""block"": ""star_ris"", ""rho"": 256.0, ""gain"": 0.005031604739745177}, {""block"": ""rsma"", ""rho"": 1.0, ""gain"": 0.0}, {""block"": ""star_ris"", ""rho"": 1.0, ""gain"": 0.21033721535134475}, {""block"": ""rsma"", ""rho"": 1.0, ""gain"": 0.0}, {""block"": ""star_ris"", ""rho"": 16.0, ""gain"": 0.1124914838341482}, {""block"": ""rsma"", ""rho"": 1.0, ""gain"": 0.0}, {""block"": ""star_ris"", ""rho"": 4.0, ""gain"": 0.043751790095445386}, {""block"": ""rsma"", ""rho"": 1.0, ""gain"": 0.0}, {""block"": ""star_ris"", ""rho"": 2.0, ""gain"": 0.0048812310855730345}, {""block"": ""rsma"", ""rho"": 1.0, ""gain"": 0.0}, {""block"": ""star_ris"", ""rho"": 1.0, ""gain"": 0.025399032794165777}, {""block"": ""rsma"", ""rho"": 1.0, ""gain"": 0.0}, {""block"": ""star_ris"", ""rho"": 8.0, ""gain"": 0.19678947399206592}, {""block"": ""rsma"", ""rho"": 1.0, ""gain"": 3.552713678800501e-15}, {""block"": ""star_ris"", ""rho"": 2.0, ""gain"": 0.020122566483141924}, {""block"": ""rsma"", ""rho"": 1.0, ""gain"": 0.0}, {""block"": ""star_ris"", ""rho"": 8.0, ""gain"": 0.024417683243559196}, {""block"": ""rsma"", ""rho"": 1.0, ""gain"": 0.0}, {""block"": ""star_ris"", ""rho"": 64.0, ""gain"": 0.0025884127785325006}, {""block"": ""rsma"", ""rho"": 1.0, ""gain"": 0.0}, {""block"": ""star_ris"", ""rho"": 256.0, ""gain"": 0.004071262542662879}, {""block"": ""rsma"", ""rho"": 1.0, ""gain"": 3.552713678800501e-15}, {""block"": ""star_ris"", ""rho"": 32.0, ""gain"": 0.004299044338502256}, {""block"": ""rsma"", ""rho"": 1.0, ""gain"": 0.0}, {""block"": ""star_ris"", ""rho"": 32.0, ""gain"": 0.011178916877600642}, {""block"": ""rsma"", ""rho"": 1.0, ""gain"": 0.0}, {""block"": ""star_ris"", ""rho"": 64.0, ""gain"": 0.005225426437078795}, {""block"": ""rsma"", ""rho"": 1.0, ""gain"": 0.0}, {""block"": ""star_ris"", ""rho"": 128.0, ""gain"": 0.0006039540541422639}]",{},2305.111291,2a8450eb5d4f6f05c03681c57cc71c0590f449be523644dbfde0384d2f23053d,fc61d5cda7da39530055bae9bd0e92865f995cd9,6ec54735c1c2c35cd253d9d3d23295783293b6d64c65204dfcab16b2d59ebbef
ao_sca,32,10000,376,test,16.155897277097463,16.155897277097463,1.0,True,0.0,11,2351,21,ao_sca_proximal_physical,analytical_ris_equal_allocation,"[1.837486971579751, 15.138860288481052, 15.494088631298293, 15.53083190445922, 15.533477562968258, 15.644619633656283, 15.655723584400832, 15.764645160457626, 15.776651001627831, 15.83272604361365, 16.154663827505228, 16.155897277097463]","[{""block"": ""rsma"", ""rho"": 1.0, ""gain"": 13.251595270526582}, {""block"": ""star_ris"", ""rho"": 1.0, ""gain"": 0.049778046374719054}, {""block"": ""rsma"", ""rho"": 1.0, ""gain"": -1.7763568394002505e-15}, {""block"": ""star_ris"", ""rho"": 1.0, ""gain"": 0.35522834281724336}, {""block"": ""rsma"", ""rho"": 1.0, ""gain"": 0.0}, {""block"": ""star_ris"", ""rho"": 8.0, ""gain"": 0.03674327316092629}, {""block"": ""rsma"", ""rho"": 1.0, ""gain"": -1.7763568394002505e-15}, {""block"": ""star_ris"", ""rho"": 8.0, ""gain"": 0.002645658509040416}, {""block"": ""rsma"", ""rho"": 1.0, ""gain"": 0.0}, {""block"": ""star_ris"", ""rho"": 2.0, ""gain"": 0.11114207068802529}, {""block"": ""rsma"", ""rho"": 1.0, ""gain"": 1.7763568394002505e-15}, {""block"": ""star_ris"", ""rho"": 2.0, ""gain"": 0.011103950744546509}, {""block"": ""rsma"", ""rho"": 1.0, ""gain"": 0.0}, {""block"": ""star_ris"", ""rho"": 1.0, ""gain"": 0.10892157605679387}, {""block"": ""rsma"", ""rho"": 1.0, ""gain"": 0.0}, {""block"": ""star_ris"", ""rho"": 2.0, ""gain"": 0.012005841170205755}, {""block"": ""rsma"", ""rho"": 1.0, ""gain"": 1.7763568394002505e-15}, {""block"": ""star_ris"", ""rho"": 8.0, ""gain"": 0.056075041985817364}, {""block"": ""rsma"", ""rho"": 1.0, ""gain"": 0.0}, {""block"": ""star_ris"", ""rho"": 16.0, ""gain"": 0.32193778389157757}, {""block"": ""rsma"", ""rho"": 1.0, ""gain"": 0.0}, {""block"": ""star_ris"", ""rho"": 4.0, ""gain"": 0.0012334495922345923}]",{},1232.521431,2a8450eb5d4f6f05c03681c57cc71c0590f449be523644dbfde0384d2f23053d,fc61d5cda7da39530055bae9bd0e92865f995cd9,6ec54735c1c2c35cd253d9d3d23295783293b6d64c65204dfcab16b2d59ebbef
ao_sca,32,10000,377,test,16.142717561872118,16.142717561872118,1.0,True,0.0,20,4308,40,ao_sca_proximal_physical,analytical_ris_equal_allocation,"[1.8375873336624087, 15.497984597592989, 15.515726280940134, 15.688190956493747, 15.69057656550131, 15.698643097449999, 15.776523028930757, 15.78880140606586, 15.82563656028819, 15.854575218670014, 15.8617138395634, 15.877284801642093, 15.941523125628976, 16.09508404994274, 16.106385733666507, 16.10851252214321, 16.114155765864464, 16.117614965166844, 16.125269749348732, 16.14097606489261, 16.142717561872118]","[{""block"": ""rsma"", ""rho"": 1.0, ""gain"": 13.658609488192596}, {""block"": ""star_ris"", ""rho"": 32.0, ""gain"": 0.0017877757379842762}, {""block"": ""rsma"", ""rho"": 1.0, ""gain"": -3.552713678800501e-15}, {""block"": ""star_ris"", ""rho"": 4.0, ""gain"": 0.01774168334714865}, {""block"": ""rsma"", ""rho"": 1.0, ""gain"": 0.0}, {""block"": ""star_ris"", ""rho"": 1.0, ""gain"": 0.17246467555361278}, {""block"": ""rsma"", ""rho"": 1.0, ""gain"": -3.552713678800501e-15}, {""block"": ""star_ris"", ""rho"": 8.0, ""gain"": 0.0023856090075664582}, {""block"": ""rsma"", ""rho"": 1.0, ""gain"": 0.0}, {""block"": ""star_ris"", ""rho"": 32.0, ""gain"": 0.008066531948689004}, {""block"": ""rsma"", ""rho"": 1.0, ""gain"": 0.0}, {""block"": ""star_ris"", ""rho"": 8.0, ""gain"": 0.07787993148075856}, {""block"": ""rsma"", ""rho"": 1.0, ""gain"": 1.7763568394002505e-15}, {""block"": ""star_ris"", ""rho"": 4.0, ""gain"": 0.012278377135100271}, {""block"": ""rsma"", ""rho"": 1.0, ""gain"": 1.7763568394002505e-15}, {""block"": ""star_ris"", ""rho"": 32.0, ""gain"": 0.03683515422232908}, {""block"": ""rsma"", ""rho"": 1.0, ""gain"": 1.7763568394002505e-15}, {""block"": ""star_ris"", ""rho"": 2.0, ""gain"": 0.02893865838182208}, {""block"": ""rsma"", ""rho"": 1.0, ""gain"": 0.0}, {""block"": ""star_ris"", ""rho"": 32.0, ""gain"": 0.007138620893385905}, {""block"": ""rsma"", ""rho"": 1.0, ""gain"": -1.7763568394002505e-15}, {""block"": ""star_ris"", ""rho"": 4.0, ""gain"": 0.01557096207869435}, {""block"": ""rsma"", ""rho"": 1.0, ""gain"": 0.0}, {""block"": ""star_ris"", ""rho"": 2.0, ""gain"": 0.06423832398688312}, {""block"": ""rsma"", ""rho"": 1.0, ""gain"": 1.7763568394002505e-15}, {""block"": ""star_ris"", ""rho"": 8.0, ""gain"": 0.1535609243137639}, {""block"": ""rsma"", ""rho"": 1.0, ""gain"": 0.0}, {""block"": ""star_ris"", ""rho"": 64.0, ""gain"": 0.011301683723765166}, {""block"": ""rsma"", ""rho"": 1.0, ""gain"": 0.0}, {""block"": ""star_ris"", ""rho"": 32.0, ""gain"": 0.0021267884767048884}, {""block"": ""rsma"", ""rho"": 1.0, ""gain"": 3.552713678800501e-15}, {""block"": ""star_ris"", ""rho"": 16.0, ""gain"": 0.005643243721248581}, {""block"": ""rsma"", ""rho"": 1.0, ""gain"": 0.0}, {""block"": ""star_ris"", ""rho"": 8.0, ""gain"": 0.003459199302380256}, {""block"": ""rsma"", ""rho"": 1.0, ""gain"": 0.0}, {""block"": ""star_ris"", ""rho"": 16.0, ""gain"": 0.007654784181887919}, {""block"": ""rsma"", ""rho"": 1.0, ""gain"": 0.0}, {""block"": ""star_ris"", ""rho"": 4.0, ""gain"": 0.015706315543877025}, {""block"": ""rsma"", ""rho"": 1.0, ""gain"": 0.0}, {""block"": ""star_ris"", ""rho"": 64.0, ""gain"": 0.001741496979509094}]",{},2193.354988,2a8450eb5d4f6f05c03681c57cc71c0590f449be523644dbfde0384d2f23053d,fc61d5cda7da39530055bae9bd0e92865f995cd9,6ec54735c1c2c35cd253d9d3d23295783293b6d64c65204dfcab16b2d59ebbef
ao_sca,32,10000,378,test,16.37080742078041,16.37080742078041,1.0,True,0.0,16,3436,30,ao_sca_proximal_physical,analytical_ris_equal_allocation,"[1.8375494028310984, 15.443003543077506, 15.465730653291711, 15.73991687786218, 15.74394432004519, 15.858102571563808, 15.990898628618341, 16.074484762118995, 16.09235624260355, 16.131987726664207, 16.142858524937363, 16.176221016452885, 16.224371190939426, 16.355833626859173, 16.36910260622418, 16.370803197085447, 16.37080742078041]","[{""block"": ""rsma"", ""rho"": 1.0, ""gain"": 13.484861315888732}, {""block"": ""star_ris"", ""rho"": 2.0, ""gain"": 0.12059282435767571}, {""block"": ""rsma"", ""rho"": 1.0, ""gain"": 0.0}, {""block"": ""star_ris"", ""rho"": 4.0, ""gain"": 0.02272711021420548}, {""block"": ""rsma"", ""rho"": 1.0, ""gain"": 0.0}, {""block"": ""star_ris"", ""rho"": 2.0, ""gain"": 0.27418622457046915}, {""block"": ""rsma"", ""rho"": 1.0, ""gain"": -1.7763568394002505e-15}, {""block"": ""star_ris"", ""rho"": 2.0, ""gain"": 0.004027442183010876}, {""block"": ""rsma"", ""rho"": 1.0, ""gain"": -1.7763568394002505e-15}, {""block"": ""star_ris"", ""rho"": 1.0, ""gain"": 0.1141582515186208}, {""block"": ""rsma"", ""rho"": 1.0, ""gain"": 0.0}, {""block"": ""star_ris"", ""rho"": 16.0, ""gain"": 0.13279605705453257}, {""block"": ""rsma"", ""rho"": 1.0, ""gain"": 0.0}, {""block"": ""star_ris"", ""rho"": 4.0, ""gain"": 0.08358613350065447}, {""block"": ""rsma"", ""rho"": 1.0, ""gain"": 3.552713678800501e-15}, {""block"": ""star_ris"", ""rho"": 2.0, ""gain"": 0.017871480484551228}, {""block"": ""rsma"", ""rho"": 1.0, ""gain"": -7.105427357601002e-15}, {""block"": ""star_ris"", ""rho"": 32.0, ""gain"": 0.039631484060663524}, {""block"": ""rsma"", ""rho"": 1.0, ""gain"": 0.0}, {""block"": ""star_ris"", ""rho"": 128.0, ""gain"": 0.010870798273156623}, {""block"": ""rsma"", ""rho"": 1.0, ""gain"": 0.0}, {""block"": ""star_ris"", ""rho"": 8.0, ""gain"": 0.03336249151552195}, {""block"": ""rsma"", ""rho"": 1.0, ""gain"": 0.0}, {""block"": ""star_ris"", ""rho"": 4.0, ""gain"": 0.048150174486540465}, {""block"": ""rsma"", ""rho"": 1.0, ""gain"": 0.0}, {""block"": ""star_ris"", ""rho"": 8.0, ""gain"": 0.13146243591974738}, {""block"": ""rsma"", ""rho"": 1.0, ""gain"": 0.0}, {""block"": ""star_ris"", ""rho"": 4.0, ""gain"": 0.013268979365005151}, {""block"": ""rsma"", ""rho"": 1.0, ""gain"": 0.0}, {""block"": ""star_ris"", ""rho"": 32.0, ""gain"": 0.0017005908612688359}, {""block"": ""rsma"", ""rho"": 1.0, ""gain"": 0.0}, {""block"": ""star_ris"", ""rho"": 16.0, ""gain"": 4.223694961780211e-06}]",{},1765.355399,2a8450eb5d4f6f05c03681c57cc71c0590f449be523644dbfde0384d2f23053d,fc61d5cda7da39530055bae9bd0e92865f995cd9,6ec54735c1c2c35cd253d9d3d23295783293b6d64c65204dfcab16b2d59ebbef
ao_sca,32,10000,379,test,15.196646942956146,15.196646942956146,1.0,True,0.0,3,647,5,ao_sca_proximal_physical,analytical_ris_equal_allocation,"[1.83741621813886, 15.107483291320658, 15.195354188427723, 15.196646942956146]","[{""block"": ""rsma"", ""rho"": 1.0, ""gain"": 12.702061525243487}, {""block"": ""star_ris"", ""rho"": 1.0, ""gain"": 0.5680055479383128}, {""block"": ""rsma"", ""rho"": 1.0, ""gain"": 1.7763568394002505e-15}, {""block"": ""star_ris"", ""rho"": 16.0, ""gain"": 0.08787089710706297}, {""block"": ""rsma"", ""rho"": 1.0, ""gain"": 0.0}, {""block"": ""star_ris"", ""rho"": 64.0, ""gain"": 0.0012927545284231456}]",{},332.695753,2a8450eb5d4f6f05c03681c57cc71c0590f449be523644dbfde0384d2f23053d,fc61d5cda7da39530055bae9bd0e92865f995cd9,6ec54735c1c2c35cd253d9d3d23295783293b6d64c65204dfcab16b2d59ebbef
ao_sca,32,10000,380,test,16.79970493510687,16.79970493510687,1.0,True,0.0,17,3636,31,ao_sca_proximal_physical,analytical_ris_equal_allocation,"[1.8377127399131938, 15.890012397682064, 15.938973650991638, 16.038533216160197, 16.069891184783536, 16.217526409228515, 16.219226822773138, 16.254286358496827, 16.467574045603858, 16.477796164338848, 16.510113408264683, 16.552599160027544, 16.607007499586164, 16.654525426026744, 16.72447600329355, 16.761805875080494, 16.799383907808625, 16.79970493510687]","[{""block"": ""rsma"", ""rho"": 1.0, ""gain"": 13.976871946885549}, {""block"": ""star_ris"", ""rho"": 1.0, ""gain"": 0.07542771088332145}, {""block"": ""rsma"", ""rho"": 1.0, ""gain"": -1.7763568394002505e-15}, {""block"": ""star_ris"", ""rho"": 2.0, ""gain"": 0.048961253309576236}, {""block"": ""rsma"", ""rho"": 1.0, ""gain"": 0.0}, {""block"": ""star_ris"", ""rho"": 1.0, ""gain"": 0.09955956516855835}, {""block"": ""rsma"", ""rho"": 1.0, ""gain"": 0.0}, {""block"": ""star_ris"", ""rho"": 8.0, ""gain"": 0.031357968623339616}, {""block"": ""rsma"", ""rho"": 1.0, ""gain"": 0.0}, {""block"": ""star_ris"", ""rho"": 2.0, ""gain"": 0.14763522444497923}, {""block"": ""rsma"", ""rho"": 1.0, ""gain"": 0.0}, {""block"": ""star_ris"", ""rho"": 256.0, ""gain"": 0.001700413544622137}, {""block"": ""rsma"", ""rho"": 1.0, ""gain"": -3.552713678800501e-15}, {""block"": ""star_ris"", ""rho"": 8.0, ""gain"": 0.03505953572369336}, {""block"": ""rsma"", ""rho"": 1.0, ""gain"": 0.0}, {""block"": ""star_ris"", ""rho"": 2.0, ""gain"": 0.21328768710703017}, {""block"": ""rsma"", ""rho"": 1.0, ""gain"": 0.0}, {""block"": ""star_ris"", ""rho"": 4.0, ""gain"": 0.01022211873499046}, {""block"": ""rsma"", ""rho"": 1.0, ""gain"": 0.0}, {""block"": ""star_ris"", ""rho"": 1.0, ""gain"": 0.032317243925835015}, {""block"": ""rsma"", ""rho"": 1.0, ""gain"": 0.0}, {""block"": ""star_ris"", ""rho"": 8.0, ""gain"": 0.04248575176286096}, {""block"": ""rsma"", ""rho"": 1.0, ""gain"": 0.0}, {""block"": ""star_ris"", ""rho"": 2.0, ""gain"": 0.0544083395586199}, {""block"": ""rsma"", ""rho"": 1.0, ""gain"": 0.0}, {""block"": ""star_ris"", ""rho"": 4.0, ""gain"": 0.04751792644058028}, {""block"": ""rsma"", ""rho"": 1.0, ""gain"": 0.0}, {""block"": ""star_ris"", ""rho"": 2.0, ""gain"": 0.06995057726680542}, {""block"": ""rsma"", ""rho"": 1.0, ""gain"": 3.552713678800501e-15}, {""block"": ""star_ris"", ""rho"": 4.0, ""gain"": 0.03732987178694103}, {""block"": ""rsma"", ""rho"": 1.0, ""gain"": 0.0}, {""block"": ""star_ris"", ""rho"": 4.0, ""gain"": 0.037578032728131205}, {""block"": ""rsma"", ""rho"": 1.0, ""gain"": 0.0}, {""block"": ""star_ris"", ""rho"": 2.0, ""gain"": 0.0003210272982450135}]",{},1878.082234,2a8450eb5d4f6f05c03681c57cc71c0590f449be523644dbfde0384d2f23053d,fc61d5cda7da39530055bae9bd0e92865f995cd9,6ec54735c1c2c35cd253d9d3d23295783293b6d64c65204dfcab16b2d59ebbef
ao_sca,32,10000,381,test,16.127975617625705,16.127975617625705,1.0,True,0.0,19,4069,33,ao_sca_proximal_physical,analytical_ris_equal_allocation,"[1.8374593010338158, 15.014550773742156, 15.205780564745513, 15.261419872957916, 15.269537781425761, 15.35349860432471, 15.439391177827519, 15.632848163794584, 15.678818171806077, 15.75336007533086, 15.849220562885055, 15.85742373326171, 15.888819379626039, 15.92644799782583, 15.949772989527208, 15.961940091572052, 16.03203030989888, 16.11552021835288, 16.12659179228055, 16.127975617625705]","[{""block"": ""rsma"", ""rho"": 1.0, ""gain"": 13.125864212042105}, {""block"": ""star_ris"", ""rho"": 2.0, ""gain"": 0.05122726066623606}, {""block"": ""rsma"", ""rho"": 1.0, ""gain"": 1.7763568394002505e-15}, {""block"": ""star_ris"", ""rho"": 1.0, ""gain"": 0.19122979100335513}, {""block"": ""rsma"", ""rho"": 1.0, ""gain"": -3.552713678800501e-15}, {""block"": ""star_ris"", ""rho"": 1.0, ""gain"": 0.055639308212406036}, {""block"": ""rsma"", ""rho"": 1.0, ""gain"": 0.0}, {""block"": ""star_ris"", ""rho"": 64.0, ""gain"": 0.008117908467845325}, {""block"": ""rsma"", ""rho"": 1.0, ""gain"": 0.0}, {""block"": ""star_ris"", ""rho"": 4.0, ""gain"": 0.08396082289894835}, {""block"": ""rsma"", ""rho"": 1.0, ""gain"": 1.7763568394002505e-15}, {""block"": ""star_ris"", ""rho"": 2.0, ""gain"": 0.08589257350280732}, {""block"": ""rsma"", ""rho"": 1.0, ""gain"": 0.0}, {""block"": ""star_ris"", ""rho"": 1.0, ""gain"": 0.19345698596706562}, {""block"": ""rsma"", ""rho"": 1.0, ""gain"": 0.0}, {""block"": ""star_ris"", ""rho"": 8.0, ""gain"": 0.045970008011492425}, {""block"": ""rsma"", ""rho"": 1.0, ""gain"": 0.0}, {""block"": ""star_ris"", ""rho"": 4.0, ""gain"": 0.07454190352478385}, {""block"": ""rsma"", ""rho"": 1.0, ""gain"": 0.0}, {""block"": ""star_ris"", ""rho"": 2.0, ""gain"": 0.0958604875541944}, {""block"": ""rsma"", ""rho"": 1.0, ""gain"": 1.7763568394002505e-15}, {""block"": ""star_ris"", ""rho"": 16.0, ""gain"": 0.00820317037665319}, {""block"": ""rsma"", ""rho"": 1.0, ""gain"": 0.0}, {""block"": ""star_ris"", ""rho"": 8.0, ""gain"": 0.03139564636432901}, {""block"": ""rsma"", ""rho"": 1.0, ""gain"": 0.0}, {""block"": ""star_ris"", ""rho"": 2.0, ""gain"": 0.037628618199791575}, {""block"": ""rsma"", ""rho"": 1.0, ""gain"": 0.0}, {""block"": ""star_ris"", ""rho"": 8.0, ""gain"": 0.023324991701377584}, {""block"": ""rsma"", ""rho"": 1.0, ""gain"": -1.7763568394002505e-15}, {""block"": ""star_ris"", ""rho"": 4.0, ""gain"": 0.01216710204484528}, {""block"": ""rsma"", ""rho"": 1.0, ""gain"": -1.7763568394002505e-15}, {""block"": ""star_ris"", ""rho"": 2.0, ""gain"": 0.07009021832682905}, {""block"": ""rsma"", ""rho"": 1.0, ""gain"": 0.0}, {""block"": ""star_ris"", ""rho"": 4.0, ""gain"": 0.08348990845400195}, {""block"": ""rsma"", ""rho"": 1.0, ""gain"": 0.0}, {""block"": ""star_ris"", ""rho"": 8.0, ""gain"": 0.01107157392766922}, {""block"": ""rsma"", ""rho"": 1.0, ""gain"": 0.0}, {""block"": ""star_ris"", ""rho"": 32.0, ""gain"": 0.0013838253451545768}]",{},2056.260136,2a8450eb5d4f6f05c03681c57cc71c0590f449be523644dbfde0384d2f23053d,fc61d5cda7da39530055bae9bd0e92865f995cd9,6ec54735c1c2c35cd253d9d3d23295783293b6d64c65204dfcab16b2d59ebbef
ao_sca,32,10000,382,test,15.721321525586212,15.721321525586212,1.0,True,0.0,18,3887,36,ao_sca_proximal_physical,analytical_ris_equal_allocation,"[1.8372186231744896, 15.133875447740408, 15.214792157321705, 15.322780910539048, 15.385608197794703, 15.393089276998033, 15.497848409395365, 15.554561489399664, 15.561419897121066, 15.58084337936462, 15.65579915293512, 15.708035022836324, 15.7098113477965, 15.712377555357838, 15.714603056571834, 15.716698749577569, 15.719385056105738, 15.720999042796414, 15.721321525586212]","[{""block"": ""rsma"", ""rho"": 1.0, ""gain"": 12.4255970747411}, {""block"": ""star_ris"", ""rho"": 2.0, ""gain"": 0.871059749824818}, {""block"": ""rsma"", ""rho"": 1.0, ""gain"": 1.7763568394002505e-15}, {""block"": ""star_ris"", ""rho"": 2.0, ""gain"": 0.08091670958129527}, {""block"": ""rsma"", ""rho"": 1.0, ""gain"": 0.0}, {""block"": ""star_ris"", ""rho"": 4.0, ""gain"": 0.10798875321734336}, {""block"": ""rsma"", ""rho"": 1.0, ""gain"": 1.7763568394002505e-15}, {""block"": ""star_ris"", ""rho"": 4.0, ""gain"": 0.06282728725565256}, {""block"": ""rsma"", ""rho"": 1.0, ""gain"": 0.0}, {""block"": ""star_ris"", ""rho"": 8.0, ""gain"": 0.00748107920333041}, {""block"": ""rsma"", ""rho"": 1.0, ""gain"": 0.0}, {""block"": ""star_ris"", ""rho"": 4.0, ""gain"": 0.10475913239733181}, {""block"": ""rsma"", ""rho"": 1.0, ""gain"": -1.7763568394002505e-15}, {""block"": ""star_ris"", ""rho"": 4.0, ""gain"": 0.05671308000430031}, {""block"": ""rsma"", ""rho"": 1.0, ""gain"": 0.0}, {""block"": ""star_ris"", ""rho"": 8.0, ""gain"": 0.006858407721402671}, {""block"": ""rsma"", ""rho"": 1.0, ""gain"": -1.7763568394002505e-15}, {""block"": ""star_ris"", ""rho"": 4.0, ""gain"": 0.019423482243555057}, {""block"": ""rsma"", ""rho"": 1.0, ""gain"": 0.0}, {""block"": ""star_ris"", ""rho"": 4.0, ""gain"": 0.0749557735705011}, {""block"": ""rsma"", ""rho"": 1.0, ""gain"": 1.7763568394002505e-15}, {""block"": ""star_ris"", ""rho"": 4.0, ""gain"": 0.052235869901201326}, {""block"": ""rsma"", ""rho"": 1.0, ""gain"": 0.0}, {""block"": ""star_ris"", ""rho"": 128.0, ""gain"": 0.001776324960175657}, {""block"": ""rsma"", ""rho"": 1.0, ""gain"": 1.7763568394002505e-15}, {""block"": ""star_ris"", ""rho"": 128.0, ""gain"": 0.002566207561336853}, {""block"": ""rsma"", ""rho"": 1.0, ""gain"": 0.0}, {""block"": ""star_ris"", ""rho"": 128.0, ""gain"": 0.002225501213995784}, {""block"": ""rsma"", ""rho"": 1.0, ""gain"": 0.0}, {""block"": ""star_ris"", ""rho"": 128.0, ""gain"": 0.0020956930057351997}, {""block"": ""rsma"", ""rho"": 1.0, ""gain"": 0.0}, {""block"": ""star_ris"", ""rho"": 128.0, ""gain"": 0.0026863065281688137}, {""block"": ""rsma"", ""rho"": 1.0, ""gain"": 1.7763568394002505e-15}, {""block"": ""star_ris"", ""rho"": 128.0, ""gain"": 0.0016139866906748068}, {""block"": ""rsma"", ""rho"": 1.0, ""gain"": 0.0}, {""block"": ""star_ris"", ""rho"": 64.0, ""gain"": 0.0003224827897980731}]",{},2002.568726,2a8450eb5d4f6f05c03681c57cc71c0590f449be523644dbfde0384d2f23053d,fc61d5cda7da39530055bae9bd0e92865f995cd9,6ec54735c1c2c35cd253d9d3d23295783293b6d64c65204dfcab16b2d59ebbef
ao_sca,32,10000,383,test,16.48474656586975,16.48474656586975,1.0,True,0.0,16,3443,31,ao_sca_proximal_physical,analytical_ris_equal_allocation,"[1.837572935347018, 15.649613807990555, 15.750952974882704, 15.79816773025925, 15.801102454811916, 15.808337722516477, 15.826874944047152, 16.17865424926791, 16.182437474905235, 16.244875364920492, 16.273468300362133, 16.31620443011643, 16.379178198117945, 16.428306903785053, 16.432786080803194, 16.484675150246687, 16.48474656586975]","[{""block"": ""rsma"", ""rho"": 1.0, ""gain"": 13.570371452260074}, {""block"": ""star_ris"", ""rho"": 8.0, ""gain"": 0.24166942038346306}, {""block"": ""rsma"", ""rho"": 1.0, ""gain"": 0.0}, {""block"": ""star_ris"", ""rho"": 16.0, ""gain"": 0.10133916689214928}, {""block"": ""rsma"", ""rho"": 1.0, ""gain"": 0.0}, {""block"": ""star_ris"", ""rho"": 32.0, ""gain"": 0.047214755376545625}, {""block"": ""rsma"", ""rho"": 1.0, ""gain"": 0.0}, {""block"": ""star_ris"", ""rho"": 128.0, ""gain"": 0.0029347245526665233}, {""block"": ""rsma"", ""rho"": 1.0, ""gain"": 1.7763568394002505e-15}, {""block"": ""star_ris"", ""rho"": 4.0, ""gain"": 0.007235267704558623}, {""block"": ""rsma"", ""rho"": 1.0, ""gain"": 0.0}, {""block"": ""star_ris"", ""rho"": 1.0, ""gain"": 0.01853722153067494}, {""block"": ""rsma"", ""rho"": 1.0, ""gain"": 0.0}, {""block"": ""star_ris"", ""rho"": 1.0, ""gain"": 0.3517793052207594}, {""block"": ""rsma"", ""rho"": 1.0, ""gain"": 0.0}, {""block"": ""star_ris"", ""rho"": 64.0, ""gain"": 0.00378322563732425}, {""block"": ""rsma"", ""rho"": 1.0, ""gain"": 0.0}, {""block"": ""star_ris"", ""rho"": 2.0, ""gain"": 0.062437890015257125}, {""block"": ""rsma"", ""rho"": 1.0, ""gain"": -3.552713678800501e-15}, {""block"": ""star_ris"", ""rho"": 8.0, ""gain"": 0.028592935441643874}, {""block"": ""rsma"", ""rho"": 1.0, ""gain"": 0.0}, {""block"": ""star_ris"", ""rho"": 8.0, ""gain"": 0.04273612975429586}, {""block"": ""rsma"", ""rho"": 1.0, ""gain"": 0.0}, {""block"": ""star_ris"", ""rho"": 2.0, ""gain"": 0.0629737680015161}, {""block"": ""rsma"", ""rho"": 1.0, ""gain"": 0.0}, {""block"": ""star_ris"", ""rho"": 2.0, ""gain"": 0.04912870566710836}, {""block"": ""rsma"", ""rho"": 1.0, ""gain"": 0.0}, {""block"": ""star_ris"", ""rho"": 8.0, ""gain"": 0.00447917701814049}, {""block"": ""rsma"", ""rho"": 1.0, ""gain"": 0.0}, {""block"": ""star_ris"", ""rho"": 4.0, ""gain"": 0.051889069443493696}, {""block"": ""rsma"", ""rho"": 1.0, ""gain"": 0.0}, {""block"": ""star_ris"", ""rho"": 512.0, ""gain"": 7.141562306145488e-05}]",{},1754.351189,2a8450eb5d4f6f05c03681c57cc71c0590f449be523644dbfde0384d2f23053d,fc61d5cda7da39530055bae9bd0e92865f995cd9,6ec54735c1c2c35cd253d9d3d23295783293b6d64c65204dfcab16b2d59ebbef
ao_sca,32,10000,384,test,16.7758953284529,16.7758953284529,1.0,True,0.0,20,4303,40,ao_sca_proximal_physical,analytical_ris_equal_allocation,"[1.8377558114463577, 16.08840581848066, 16.168682936651965, 16.348247534799494, 16.351662373548272, 16.365911244267583, 16.385640345853705, 16.431110846623305, 16.434218478083963, 16.446511280060257, 16.46424244911151, 16.475902252791574, 16.4789551017752, 16.486426770685625, 16.50713625024198, 16.5852742098982, 16.67154972929493, 16.71506494062769, 16.738137465076605, 16.75269332213179, 16.7758953284529]","[{""block"": ""rsma"", ""rho"": 1.0, ""gain"": 14.210683167123811}, {""block"": ""star_ris"", ""rho"": 4.0, ""gain"": 0.0399668399104911}, {""block"": ""rsma"", ""rho"": 1.0, ""gain"": 0.0}, {""block"": ""star_ris"", ""rho"": 4.0, ""gain"": 0.08027711817130623}, {""block"": ""rsma"", ""rho"": 1.0, ""gain"": 0.0}, {""block"": ""star_ris"", ""rho"": 4.0, ""gain"": 0.1795645981475289}, {""block"": ""rsma"", ""rho"": 1.0, ""gain"": 0.0}, {""block"": ""star_ris"", ""rho"": 32.0, ""gain"": 0.0034148387487782372}, {""block"": ""rsma"", ""rho"": 1.0, ""gain"": 0.0}, {""block"": ""star_ris"", ""rho"": 16.0, ""gain"": 0.014248870719310247}, {""block"": ""rsma"", ""rho"": 1.0, ""gain"": 0.0}, {""block"": ""star_ris"", ""rho"": 16.0, ""gain"": 0.01972910158612251}, {""block"": ""rsma"", ""rho"": 1.0, ""gain"": 0.0}, {""block"": ""star_ris"", ""rho"": 16.0, ""gain"": 0.04547050076959991}, {""block"": ""rsma"", ""rho"": 1.0, ""gain"": -3.552713678800501e-15}, {""block"": ""star_ris"", ""rho"": 32.0, ""gain"": 0.0031076314606615085}, {""block"": ""rsma"", ""rho"": 1.0, ""gain"": -3.552713678800501e-15}, {""block"": ""star_ris"", ""rho"": 16.0, ""gain"": 0.01229280197629734}, {""block"": ""rsma"", ""rho"": 1.0, ""gain"": 0.0}, {""block"": ""star_ris"", ""rho"": 16.0, ""gain"": 0.017731169051252493}, {""block"": ""rsma"", ""rho"": 1.0, ""gain"": -7.105427357601002e-15}, {""block"": ""star_ris"", ""rho"": 8.0, ""gain"": 0.01165980368007169}, {""block"": ""rsma"", ""rho"": 1.0, ""gain"": 0.0}, {""block"": ""star_ris"", ""rho"": 8.0, ""gain"": 0.0030528489836250117}, {""block"": ""rsma"", ""rho"": 1.0, ""gain"": -7.105427357601002e-15}, {""block"": ""star_ris"", ""rho"": 4.0, ""gain"": 0.007471668910433493}, {""block"": ""rsma"", ""rho"": 1.0, ""gain"": 0.0}, {""block"": ""star_ris"", ""rho"": 4.0, ""gain"": 0.020709479556355603}, {""block"": ""rsma"", ""rho"": 1.0, ""gain"": 0.0}, {""block"": ""star_ris"", ""rho"": 4.0, ""gain"": 0.0781379596562175}, {""block"": ""rsma"", ""rho"": 1.0, ""gain"": 0.0}, {""block"": ""star_ris"", ""rho"": 4.0, ""gain"": 0.08627551939673239}, {""block"": ""rsma"", ""rho"": 1.0, ""gain"": 0.0}, {""block"": ""star_ris"", ""rho"": 4.0, ""gain"": 0.04351521133276037}, {""block"": ""rsma"", ""rho"": 1.0, ""gain"": 0.0}, {""block"": ""star_ris"", ""rho"": 16.0, ""gain"": 0.02307252444891361}, {""block"": ""rsma"", ""rho"": 1.0, ""gain"": 3.552713678800501e-15}, {""block"": ""star_ris"", ""rho"": 8.0, ""gain"": 0.014555857055182031}, {""block"": ""rsma"", ""rho"": 1.0, ""gain"": -3.552713678800501e-15}, {""block"": ""star_ris"", ""rho"": 8.0, ""gain"": 0.0232020063211138}]",{},2197.967269,2a8450eb5d4f6f05c03681c57cc71c0590f449be523644dbfde0384d2f23053d,fc61d5cda7da39530055bae9bd0e92865f995cd9,6ec54735c1c2c35cd253d9d3d23295783293b6d64c65204dfcab16b2d59ebbef
ao_sca,32,10000,385,test,17.88716259434774,17.88716259434774,1.0,True,0.0,19,4321,22,ao_sca_proximal_physical,analytical_ris_equal_allocation,"[1.8370285897420058, 14.279309172072844, 16.531370651364153, 16.699903143561652, 16.773846638997792, 16.79136330622307, 16.8000019300636, 16.80429199376452, 17.23298375770878, 17.447796212733937, 17.599469479093077, 17.69640422995546, 17.758328702129972, 17.782796554588675, 17.78863964574064, 17.830157660186, 17.848483120163795, 17.857258111166974, 17.886807192790286, 17.88716259434774]","[{""block"": ""rsma"", ""rho"": 1.0, ""gain"": 12.396696125575682}, {""block"": ""star_ris"", ""rho"": 4.0, ""gain"": 0.04558445675515621}, {""block"": ""rsma"", ""rho"": 2048.0, ""gain"": 1.7581088056715846}, {""block"": ""star_ris"", ""rho"": 2.0, ""gain"": 0.4939526736197237}, {""block"": ""rsma"", ""rho"": 65536.0, ""gain"": 0.0}, {""block"": ""star_ris"", ""rho"": 4.0, ""gain"": 0.16853249219749955}, {""block"": ""rsma"", ""rho"": 65536.0, ""gain"": 0.0}, {""block"": ""star_ris"", ""rho"": 8.0, ""gain"": 0.07394349543613998}, {""block"": ""rsma"", ""rho"": 65536.0, ""gain"": 0.0}, {""block"": ""star_ris"", ""rho"": 32.0, ""gain"": 0.01751666722527645}, {""block"": ""rsma"", ""rho"": 65536.0, ""gain"": 0.0}, {""block"": ""star_ris"", ""rho"": 64.0, ""gain"": 0.008638623840532489}, {""block"": ""rsma"", ""rho"": 65536.0, ""gain"": 0.0}, {""block"": ""star_ris"", ""rho"": 128.0, ""gain"": 0.004290063700917557}, {""block"": ""rsma"", ""rho"": 65536.0, ""gain"": 0.0}, {""block"": ""star_ris"", ""rho"": 1.0, ""gain"": 0.42869176394426134}, {""block"": ""rsma"", ""rho"": 65536.0, ""gain"": 0.0}, {""block"": ""star_ris"", ""rho"": 1.0, ""gain"": 0.21481245502515733}, {""block"": ""rsma"", ""rho"": 65536.0, ""gain"": 0.0}, {""block"": ""star_ris"", ""rho"": 1.0, ""gain"": 0.1516732663591398}, {""block"": ""rsma"", ""rho"": 65536.0, ""gain"": 0.0}, {""block"": ""star_ris"", ""rho"": 1.0, ""gain"": 0.09693475086238124}, {""block"": ""rsma"", ""rho"": 65536.0, ""gain"": 0.0}, {""block"": ""star_ris"", ""rho"": 1.0, ""gain"": 0.06192447217451402}, {""block"": ""rsma"", ""rho"": 65536.0, ""gain"": 0.0}, {""block"": ""star_ris"", ""rho"": 2.0, ""gain"": 0.02446785245870231}, {""block"": ""rsma"", ""rho"": 65536.0, ""gain"": 0.0}, {""block"": ""star_ris"", ""rho"": 8.0, ""gain"": 0.005843091151966462}, {""block"": ""rsma"", ""rho"": 65536.0, ""gain"": 0.0}, {""block"": ""star_ris"", ""rho"": 1.0, ""gain"": 0.04151801444535863}, {""block"": ""rsma"", ""rho"": 65536.0, ""gain"": 0.0}, {""block"": ""star_ris"", ""rho"": 2.0, ""gain"": 0.018325459977795333}, {""block"": ""rsma"", ""rho"": 65536.0, ""gain"": 0.0}, {""block"": ""star_ris"", ""rho"": 4.0, ""gain"": 0.008774991003178911}, {""block"": ""rsma"", ""rho"": 65536.0, ""gain"": 0.0}, {""block"": ""star_ris"", ""rho"": 1.0, ""gain"": 0.029549081623311935}, {""block"": ""rsma"", ""rho"": 1.0, ""gain"": 2.7875617650607865e-05}, {""block"": ""star_ris"", ""rho"": 256.0, ""gain"": 0.00032752593980234224}]",{},2191.229161,2a8450eb5d4f6f05c03681c57cc71c0590f449be523644dbfde0384d2f23053d,fc61d5cda7da39530055bae9bd0e92865f995cd9,6ec54735c1c2c35cd253d9d3d23295783293b6d64c65204dfcab16b2d59ebbef
ao_sca,32,10000,386,test,16.05932992474977,16.05932992474977,1.0,True,0.0,11,2364,20,ao_sca_proximal_physical,analytical_ris_equal_allocation,"[1.8374961759853776, 15.258632445104533, 15.282829963147524, 15.401215960764283, 15.409941686543846, 15.502148600207128, 15.699972150222136, 15.81787010765232, 16.04989394465437, 16.05296731447318, 16.05873234111027, 16.05932992474977]","[{""block"": ""rsma"", ""rho"": 1.0, ""gain"": 13.413826102468647}, {""block"": ""star_ris"", ""rho"": 2.0, ""gain"": 0.007310166650508876}, {""block"": ""rsma"", ""rho"": 1.0, ""gain"": 0.0}, {""block"": ""star_ris"", ""rho"": 64.0, ""gain"": 0.02419751804299075}, {""block"": ""rsma"", ""rho"": 1.0, ""gain"": 0.0}, {""block"": ""star_ris"", ""rho"": 2.0, ""gain"": 0.11838599761675894}, {""block"": ""rsma"", ""rho"": 1.0, ""gain"": 0.0}, {""block"": ""star_ris"", ""rho"": 1.0, ""gain"": 0.008725725779562765}, {""block"": ""rsma"", ""rho"": 1.0, ""gain"": -1.7763568394002505e-15}, {""block"": ""star_ris"", ""rho"": 1.0, ""gain"": 0.0922069136632846}, {""block"": ""rsma"", ""rho"": 1.0, ""gain"": 0.0}, {""block"": ""star_ris"", ""rho"": 2.0, ""gain"": 0.1978235500150074}, {""block"": ""rsma"", ""rho"": 1.0, ""gain"": 0.0}, {""block"": ""star_ris"", ""rho"": 2.0, ""gain"": 0.11789795743018416}, {""block"": ""rsma"", ""rho"": 1.0, ""gain"": 1.7763568394002505e-15}, {""block"": ""star_ris"", ""rho"": 2.0, ""gain"": 0.23202383700204976}, {""block"": ""rsma"", ""rho"": 1.0, ""gain"": 0.0}, {""block"": ""star_ris"", ""rho"": 256.0, ""gain"": 0.0030733698188072367}, {""block"": ""rsma"", ""rho"": 1.0, ""gain"": 0.0}, {""block"": ""star_ris"", ""rho"": 64.0, ""gain"": 0.005765026637092774}, {""block"": ""rsma"", ""rho"": 1.0, ""gain"": 0.0}, {""block"": ""star_ris"", ""rho"": 64.0, ""gain"": 0.0005975836394966905}]",{},1251.226577,2a8450eb5d4f6f05c03681c57cc71c0590f449be523644dbfde0384d2f23053d,fc61d5cda7da39530055bae9bd0e92865f995cd9,6ec54735c1c2c35cd253d9d3d23295783293b6d64c65204dfcab16b2d59ebbef
ao_sca,32,10000,387,test,15.987032821636868,15.987032821636868,1.0,True,0.0,19,4080,38,ao_sca_proximal_physical,analytical_ris_equal_allocation,"[1.8374309506629887, 15.034787876493201, 15.065966343728649, 15.224238076176773, 15.279498906761685, 15.33736947968934, 15.499285412372755, 15.556744048535945, 15.609782906589365, 15.68091207018509, 15.693534508066362, 15.702235292956438, 15.725120613000815, 15.820513244244058, 15.897522545999628, 15.908421653579778, 15.921588405064618, 15.979966104855754, 15.986951606976843, 15.987032821636868]","[{""block"": ""rsma"", ""rho"": 1.0, ""gain"": 13.015457716660606}, {""block"": ""star_ris"", ""rho"": 1.0, ""gain"": 0.18189920916960745}, {""block"": ""rsma"", ""rho"": 1.0, ""gain"": 1.7763568394002505e-15}, {""block"": ""star_ris"", ""rho"": 2.0, ""gain"": 0.031178467235445595}, {""block"": ""rsma"", ""rho"": 1.0, ""gain"": -1.7763568394002505e-15}, {""block"": ""star_ris"", ""rho"": 8.0, ""gain"": 0.1582717324481262}, {""block"": ""rsma"", ""rho"": 1.0, ""gain"": 1.7763568394002505e-15}, {""block"": ""star_ris"", ""rho"": 2.0, ""gain"": 0.055260830584909826}, {""block"": ""rsma"", ""rho"": 1.0, ""gain"": 0.0}, {""block"": ""star_ris"", ""rho"": 4.0, ""gain"": 0.05787057292765496}, {""block"": ""rsma"", ""rho"": 1.0, ""gain"": 0.0}, {""block"": ""star_ris"", ""rho"": 2.0, ""gain"": 0.16191593268341542}, {""block"": ""rsma"", ""rho"": 1.0, ""gain"": -1.7763568394002505e-15}, {""block"": ""star_ris"", ""rho"": 16.0, ""gain"": 0.05745863616319191}, {""block"": ""rsma"", ""rho"": 1.0, ""gain"": -1.7763568394002505e-15}, {""block"": ""star_ris"", ""rho"": 2.0, ""gain"": 0.05303885805342112}, {""block"": ""rsma"", ""rho"": 1.0, ""gain"": 1.7763568394002505e-15}, {""block"": ""star_ris"", ""rho"": 2.0, ""gain"": 0.07112916359572452}, {""block"": ""rsma"", ""rho"": 1.0, ""gain"": -3.552713678800501e-15}, {""block"": ""star_ris"", ""rho"": 16.0, ""gain"": 0.012622437881274706}, {""block"": ""rsma"", ""rho"": 1.0, ""gain"": -1.7763568394002505e-15}, {""block"": ""star_ris"", ""rho"": 16.0, ""gain"": 0.008700784890077529}, {""block"": ""rsma"", ""rho"": 1.0, ""gain"": 0.0}, {""block"": ""star_ris"", ""rho"": 2.0, ""gain"": 0.022885320044377266}, {""block"": ""rsma"", ""rho"": 1.0, ""gain"": 0.0}, {""block"": ""star_ris"", ""rho"": 4.0, ""gain"": 0.09539263124324293}, {""block"": ""rsma"", ""rho"": 1.0, ""gain"": 0.0}, {""block"": ""star_ris"", ""rho"": 4.0, ""gain"": 0.07700930175557019}, {""block"": ""rsma"", ""rho"": 1.0, ""gain"": -1.7763568394002505e-15}, {""block"": ""star_ris"", ""rho"": 8.0, ""gain"": 0.010899107580151224}, {""block"": ""rsma"", ""rho"": 1.0, ""gain"": 0.0}, {""block"": ""star_ris"", ""rho"": 8.0, ""gain"": 0.013166751484840589}, {""block"": ""rsma"", ""rho"": 1.0, ""gain"": -1.7763568394002505e-15}, {""block"": ""star_ris"", ""rho"": 8.0, ""gain"": 0.05837769979113716}, {""block"": ""rsma"", ""rho"": 1.0, ""gain"": -1.7763568394002505e-15}, {""block"": ""star_ris"", ""rho"": 64.0, ""gain"": 0.0069855021210916135}, {""block"": ""rsma"", ""rho"": 1.0, ""gain"": -1.7763568394002505e-15}, {""block"": ""star_ris"", ""rho"": 512.0, ""gain"": 8.121466002641853e-05}]",{},2158.788008,2a8450eb5d4f6f05c03681c57cc71c0590f449be523644dbfde0384d2f23053d,fc61d5cda7da39530055bae9bd0e92865f995cd9,6ec54735c1c2c35cd253d9d3d23295783293b6d64c65204dfcab16b2d59ebbef
ao_sca,32,10000,388,test,16.385707576038907,16.385707576038907,1.0,True,0.0,17,3659,28,ao_sca_proximal_physical,analytical_ris_equal_allocation,"[1.8375626441531197, 15.687395277549406, 15.839497041978861, 15.949609741736463, 15.9802741580685, 16.009898030885502, 16.109547122712957, 16.15822994122698, 16.270401295792244, 16.281495424000727, 16.284922436309632, 16.314988700729316, 16.342456324029147, 16.35163479361181, 16.361549048682402, 16.364297090388206, 16.385571638832037, 16.385707576038907]","[{""block"": ""rsma"", ""rho"": 1.0, ""gain"": 13.183191204864412}, {""block"": ""star_ris"", ""rho"": 1.0, ""gain"": 0.6666414285318734}, {""block"": ""rsma"", ""rho"": 1.0, ""gain"": -1.7763568394002505e-15}, {""block"": ""star_ris"", ""rho"": 2.0, ""gain"": 0.15210176442945667}, {""block"": ""rsma"", ""rho"": 1.0, ""gain"": -1.7763568394002505e-15}, {""block"": ""star_ris"", ""rho"": 2.0, ""gain"": 0.11011269975760385}, {""block"": ""rsma"", ""rho"": 1.0, ""gain"": 0.0}, {""block"": ""star_ris"", ""rho"": 1.0, ""gain"": 0.030664416332037092}, {""block"": ""rsma"", ""rho"": 1.0, ""gain"": 1.7763568394002505e-15}, {""block"": ""star_ris"", ""rho"": 32.0, ""gain"": 0.029623872816999963}, {""block"": ""rsma"", ""rho"": 1.0, ""gain"": 0.0}, {""block"": ""star_ris"", ""rho"": 4.0, ""gain"": 0.0996490918274553}, {""block"": ""rsma"", ""rho"": 1.0, ""gain"": 0.0}, {""block"": ""star_ris"", ""rho"": 4.0, ""gain"": 0.04868281851402401}, {""block"": ""rsma"", ""rho"": 1.0, ""gain"": -3.552713678800501e-15}, {""block"": ""star_ris"", ""rho"": 2.0, ""gain"": 0.11217135456526606}, {""block"": ""rsma"", ""rho"": 1.0, ""gain"": -3.552713678800501e-15}, {""block"": ""star_ris"", ""rho"": 4.0, ""gain"": 0.01109412820848732}, {""block"": ""rsma"", ""rho"": 1.0, ""gain"": 0.0}, {""block"": ""star_ris"", ""rho"": 512.0, ""gain"": 0.003427012308904409}, {""block"": ""rsma"", ""rho"": 1.0, ""gain"": 0.0}, {""block"": ""star_ris"", ""rho"": 4.0, ""gain"": 0.030066264419684074}, {""block"": ""rsma"", ""rho"": 1.0, ""gain"": 0.0}, {""block"": ""star_ris"", ""rho"": 8.0, ""gain"": 0.02746762329983099}, {""block"": ""rsma"", ""rho"": 1.0, ""gain"": 0.0}, {""block"": ""star_ris"", ""rho"": 64.0, ""gain"": 0.009178469582664661}, {""block"": ""rsma"", ""rho"": 1.0, ""gain"": -7.105427357601002e-15}, {""block"": ""star_ris"", ""rho"": 16.0, ""gain"": 0.009914255070597733}, {""block"": ""rsma"", ""rho"": 1.0, ""gain"": 0.0}, {""block"": ""star_ris"", ""rho"": 32.0, ""gain"": 0.002748041705803672}, {""block"": ""rsma"", ""rho"": 1.0, ""gain"": 0.0}, {""block"": ""star_ris"", ""rho"": 16.0, ""gain"": 0.02127454844383081}, {""block"": ""rsma"", ""rho"": 1.0, ""gain"": 0.0}, {""block"": ""star_ris"", ""rho"": 128.0, ""gain"": 0.0001359372068705511}]",{},1920.807332,2a8450eb5d4f6f05c03681c57cc71c0590f449be523644dbfde0384d2f23053d,fc61d5cda7da39530055bae9bd0e92865f995cd9,6ec54735c1c2c35cd253d9d3d23295783293b6d64c65204dfcab16b2d59ebbef
ao_sca,32,10000,389,test,15.627833426250527,15.627833426250527,1.0,True,0.0,5,1103,7,ao_sca_proximal_physical,analytical_ris_equal_allocation,"[1.8372546032523724, 14.444246210830224, 14.741964765052852, 15.58550705292441, 15.627801710649152, 15.627833426250529]","[{""block"": ""rsma"", ""rho"": 1.0, ""gain"": 12.28117583670451}, {""block"": ""star_ris"", ""rho"": 2.0, ""gain"": 0.32581577087334246}, {""block"": ""rsma"", ""rho"": 65536.0, ""gain"": 0.0}, {""block"": ""star_ris"", ""rho"": 1.0, ""gain"": 0.2977185542226284}, {""block"": ""rsma"", ""rho"": 65536.0, ""gain"": 0.0}, {""block"": ""star_ris"", ""rho"": 1.0, ""gain"": 0.843542287871557}, {""block"": ""rsma"", ""rho"": 1.0, ""gain"": 0.0}, {""block"": ""star_ris"", ""rho"": 16.0, ""gain"": 0.04229465772474228}, {""block"": ""rsma"", ""rho"": 1.0, ""gain"": 0.0}, {""block"": ""star_ris"", ""rho"": 128.0, ""gain"": 3.171560137715801e-05}]",{},583.077408,2a8450eb5d4f6f05c03681c57cc71c0590f449be523644dbfde0384d2f23053d,fc61d5cda7da39530055bae9bd0e92865f995cd9,6ec54735c1c2c35cd253d9d3d23295783293b6d64c65204dfcab16b2d59ebbef
ao_sca,32,10000,390,test,15.57034481158566,15.57034481158566,1.0,True,0.0,8,1734,14,ao_sca_proximal_physical,analytical_ris_equal_allocation,"[1.8371824304984505, 14.403810028574833, 14.94894527079143, 14.958018005919374, 15.200183486345383, 15.266997895121566, 15.448839711854621, 15.570249163687134, 15.57034481158566]","[{""block"": ""rsma"", ""rho"": 1.0, ""gain"": 12.16009464775357}, {""block"": ""star_ris"", ""rho"": 2.0, ""gain"": 0.4065329503228128}, {""block"": ""rsma"", ""rho"": 65536.0, ""gain"": 0.0}, {""block"": ""star_ris"", ""rho"": 2.0, ""gain"": 0.5451352422165971}, {""block"": ""rsma"", ""rho"": 1.0, ""gain"": 0.0}, {""block"": ""star_ris"", ""rho"": 4.0, ""gain"": 0.009072735127944043}, {""block"": ""rsma"", ""rho"": 1.0, ""gain"": 0.0}, {""block"": ""star_ris"", ""rho"": 2.0, ""gain"": 0.24216548042600827}, {""block"": ""rsma"", ""rho"": 1.0, ""gain"": -1.7763568394002505e-15}, {""block"": ""star_ris"", ""rho"": 4.0, ""gain"": 0.06681440877618527}, {""block"": ""rsma"", ""rho"": 1.0, ""gain"": 0.0}, {""block"": ""star_ris"", ""rho"": 4.0, ""gain"": 0.18184181673305488}, {""block"": ""rsma"", ""rho"": 1.0, ""gain"": 1.7763568394002505e-15}, {""block"": ""star_ris"", ""rho"": 8.0, ""gain"": 0.12140945183251084}, {""block"": ""rsma"", ""rho"": 1.0, ""gain"": 0.0}, {""block"": ""star_ris"", ""rho"": 1024.0, ""gain"": 9.564789852589684e-05}]",{},916.788689,2a8450eb5d4f6f05c03681c57cc71c0590f449be523644dbfde0384d2f23053d,fc61d5cda7da39530055bae9bd0e92865f995cd9,6ec54735c1c2c35cd253d9d3d23295783293b6d64c65204dfcab16b2d59ebbef
ao_sca,32,10000,391,test,16.244603484293876,16.244603484293876,1.0,True,0.0,11,2364,20,ao_sca_proximal_physical,analytical_ris_equal_allocation,"[1.8376342910298264, 15.68638470211705, 15.731749856081473, 15.799671943659359, 15.80446337206156, 15.82501719097735, 15.828294950874614, 15.832498722710566, 16.0277236402095, 16.117564980533473, 16.24413055069776, 16.244603484293876]","[{""block"": ""rsma"", ""rho"": 1.0, ""gain"": 13.558379040101116}, {""block"": ""star_ris"", ""rho"": 4.0, ""gain"": 0.290371370986108}, {""block"": ""rsma"", ""rho"": 1.0, ""gain"": 0.0}, {""block"": ""star_ris"", ""rho"": 8.0, ""gain"": 0.045365153964423754}, {""block"": ""rsma"", ""rho"": 1.0, ""gain"": -5.329070518200751e-15}, {""block"": ""star_ris"", ""rho"": 16.0, ""gain"": 0.06792208757789098}, {""block"": ""rsma"", ""rho"": 1.0, ""gain"": 1.7763568394002505e-15}, {""block"": ""star_ris"", ""rho"": 32.0, ""gain"": 0.0047914284021999265}, {""block"": ""rsma"", ""rho"": 1.0, ""gain"": -1.7763568394002505e-15}, {""block"": ""star_ris"", ""rho"": 32.0, ""gain"": 0.020553818915791666}, {""block"": ""rsma"", ""rho"": 1.0, ""gain"": 1.7763568394002505e-15}, {""block"": ""star_ris"", ""rho"": 4.0, ""gain"": 0.0032777598972622}, {""block"": ""rsma"", ""rho"": 1.0, ""gain"": 1.7763568394002505e-15}, {""block"": ""star_ris"", ""rho"": 256.0, ""gain"": 0.004203771835950221}, {""block"": ""rsma"", ""rho"": 1.0, ""gain"": -1.7763568394002505e-15}, {""block"": ""star_ris"", ""rho"": 1.0, ""gain"": 0.1952249174989369}, {""block"": ""rsma"", ""rho"": 1.0, ""gain"": 3.552713678800501e-15}, {""block"": ""star_ris"", ""rho"": 1.0, ""gain"": 0.08984134032396796}, {""block"": ""rsma"", ""rho"": 1.0, ""gain"": 0.0}, {""block"": ""star_ris"", ""rho"": 1.0, ""gain"": 0.1265655701642885}, {""block"": ""rsma"", ""rho"": 1.0, ""gain"": 0.0}, {""block"": ""star_ris"", ""rho"": 4.0, ""gain"": 0.0004729335961144443}]",{},1232.628079,2a8450eb5d4f6f05c03681c57cc71c0590f449be523644dbfde0384d2f23053d,fc61d5cda7da39530055bae9bd0e92865f995cd9,6ec54735c1c2c35cd253d9d3d23295783293b6d64c65204dfcab16b2d59ebbef
ao_sca,32,10000,392,test,15.906262916254986,15.906262916254986,1.0,True,0.0,10,2157,20,ao_sca_proximal_physical,analytical_ris_equal_allocation,"[1.8375734643412742, 15.388203565623515, 15.407312680495135, 15.435463965864592, 15.542279394635589, 15.571101693940966, 15.827060729537532, 15.833588547500742, 15.884665005567882, 15.905538429480561, 15.906262916254986]","[{""block"": ""rsma"", ""rho"": 1.0, ""gain"": 13.470161615584054}, {""block"": ""star_ris"", ""rho"": 16.0, ""gain"": 0.08046848569818721}, {""block"": ""rsma"", ""rho"": 1.0, ""gain"": 0.0}, {""block"": ""star_ris"", ""rho"": 64.0, ""gain"": 0.019109114871620037}, {""block"": ""rsma"", ""rho"": 1.0, ""gain"": 0.0}, {""block"": ""star_ris"", ""rho"": 4.0, ""gain"": 0.028151285369457213}, {""block"": ""rsma"", ""rho"": 1.0, ""gain"": 0.0}, {""block"": ""star_ris"", ""rho"": 2.0, ""gain"": 0.10681542877099659}, {""block"": ""rsma"", ""rho"": 1.0, ""gain"": 1.7763568394002505e-15}, {""block"": ""star_ris"", ""rho"": 1.0, ""gain"": 0.028822299305375054}, {""block"": ""rsma"", ""rho"": 1.0, ""gain"": 0.0}, {""block"": ""star_ris"", ""rho"": 4.0, ""gain"": 0.2559590355965664}, {""block"": ""rsma"", ""rho"": 1.0, ""gain"": 0.0}, {""block"": ""star_ris"", ""rho"": 32.0, ""gain"": 0.006527817963210225}, {""block"": ""rsma"", ""rho"": 1.0, ""gain"": 0.0}, {""block"": ""star_ris"", ""rho"": 1.0, ""gain"": 0.051076458067139896}, {""block"": ""rsma"", ""rho"": 1.0, ""gain"": 0.0}, {""block"": ""star_ris"", ""rho"": 128.0, ""gain"": 0.0208734239126791}, {""block"": ""rsma"", ""rho"": 1.0, ""gain"": -1.7763568394002505e-15}, {""block"": ""star_ris"", ""rho"": 512.0, ""gain"": 0.0007244867744269357}]",{},1150.192586,2a8450eb5d4f6f05c03681c57cc71c0590f449be523644dbfde0384d2f23053d,fc61d5cda7da39530055bae9bd0e92865f995cd9,6ec54735c1c2c35cd253d9d3d23295783293b6d64c65204dfcab16b2d59ebbef
ao_sca,32,10000,393,test,17.876998517504347,17.876998517504347,1.0,True,0.0,20,4547,23,ao_sca_proximal_physical,analytical_ris_equal_allocation,"[1.8369435279772157, 13.858837556338008, 13.885007965433125, 13.973924960660424, 14.047479545878353, 14.0793603428393, 14.098020228298612, 14.266019289268202, 14.351656701470555, 14.431310137304589, 17.04821704128826, 17.370201155506823, 17.54379664851151, 17.618431719036753, 17.624687921567787, 17.704683834568346, 17.75952645969722, 17.809308209788263, 17.818275100519376, 17.848562094072562, 17.876998517504347]","[{""block"": ""rsma"", ""rho"": 1.0, ""gain"": 12.01232563551386}, {""block"": ""star_ris"", ""rho"": 32.0, ""gain"": 0.009568392846931673}, {""block"": ""rsma"", ""rho"": 65536.0, ""gain"": 0.0}, {""block"": ""star_ris"", ""rho"": 16.0, ""gain"": 0.026170409095117364}, {""block"": ""rsma"", ""rho"": 65536.0, ""gain"": 0.0}, {""block"": ""star_ris"", ""rho"": 16.0, ""gain"": 0.08891699522729901}, {""block"": ""rsma"", ""rho"": 65536.0, ""gain"": 0.0}, {""block"": ""star_ris"", ""rho"": 16.0, ""gain"": 0.0735545852179289}, {""block"": ""rsma"", ""rho"": 65536.0, ""gain"": 0.0}, {""block"": ""star_ris"", ""rho"": 16.0, ""gain"": 0.031880796960946256}, {""block"": ""rsma"", ""rho"": 65536.0, ""gain"": 0.0}, {""block"": ""star_ris"", ""rho"": 8.0, ""gain"": 0.01865988545931252}, {""block"": ""rsma"", ""rho"": 65536.0, ""gain"": 0.0}, {""block"": ""star_ris"", ""rho"": 8.0, ""gain"": 0.16799906096959027}, {""block"": ""rsma"", ""rho"": 65536.0, ""gain"": 0.0}, {""block"": ""star_ris"", ""rho"": 8.0, ""gain"": 0.08563741220235244}, {""block"": ""rsma"", ""rho"": 65536.0, ""gain"": 0.0}, {""block"": ""star_ris"", ""rho"": 8.0, ""gain"": 0.07965343583403417}, {""block"": ""rsma"", ""rho"": 2048.0, ""gain"": 1.6199813604683193}, {""block"": ""star_ris"", ""rho"": 1.0, ""gain"": 0.9969255435153528}, {""block"": ""rsma"", ""rho"": 65536.0, ""gain"": 0.0}, {""block"": ""star_ris"", ""rho"": 1.0, ""gain"": 0.3219841142185622}, {""block"": ""rsma"", ""rho"": 65536.0, ""gain"": 0.0}, {""block"": ""star_ris"", ""rho"": 1.0, ""gain"": 0.17359549300468657}, {""block"": ""rsma"", ""rho"": 65536.0, ""gain"": 0.0}, {""block"": ""star_ris"", ""rho"": 2.0, ""gain"": 0.07463507052524321}, {""block"": ""rsma"", ""rho"": 65536.0, ""gain"": 0.0}, {""block"": ""star_ris"", ""rho"": 16.0, ""gain"": 0.006256202531034205}, {""block"": ""rsma"", ""rho"": 65536.0, ""gain"": 0.0}, {""block"": ""star_ris"", ""rho"": 1.0, ""gain"": 0.07999591300055897}, {""block"": ""rsma"", ""rho"": 65536.0, ""gain"": 0.0}, {""block"": ""star_ris"", ""rho"": 1.0, ""gain"": 0.054842625128873834}, {""block"": ""rsma"", ""rho"": 65536.0, ""gain"": 0.0}, {""block"": ""star_ris"", ""rho"": 1.0, ""gain"": 0.04978175009104291}, {""block"": ""rsma"", ""rho"": 65536.0, ""gain"": 0.0}, {""block"": ""star_ris"", ""rho"": 4.0, ""gain"": 0.008966890731112898}, {""block"": ""rsma"", ""rho"": 1.0, ""gain"": 2.4977832104866593e-06}, {""block"": ""star_ris"", ""rho"": 1.0, ""gain"": 0.03028449576997616}, {""block"": ""rsma"", ""rho"": 65536.0, ""gain"": 0.0}, {""block"": ""star_ris"", ""rho"": 1.0, ""gain"": 0.028436423431784874}]",{},2434.005224,2a8450eb5d4f6f05c03681c57cc71c0590f449be523644dbfde0384d2f23053d,fc61d5cda7da39530055bae9bd0e92865f995cd9,6ec54735c1c2c35cd253d9d3d23295783293b6d64c65204dfcab16b2d59ebbef
ao_sca,32,10000,394,test,18.06318093050151,18.06318093050151,1.0,True,0.0,18,4033,23,ao_sca_proximal_physical,analytical_ris_equal_allocation,"[1.8370157506277864, 14.332798427350337, 14.918161629380299, 17.04391979238163, 17.33253839335724, 17.528167332437157, 17.667953463904134, 17.759946411169537, 17.83147069415432, 17.833394254448073, 17.886794504128442, 17.926706267900965, 17.962906624612515, 17.992257054238472, 18.00241483112737, 18.03197431435754, 18.039241571416348, 18.06246028288333, 18.06318093050151]","[{""block"": ""rsma"", ""rho"": 1.0, ""gain"": 11.777482889384027}, {""block"": ""star_ris"", ""rho"": 2.0, ""gain"": 0.7182997873385233}, {""block"": ""rsma"", ""rho"": 65536.0, ""gain"": 0.0}, {""block"": ""star_ris"", ""rho"": 2.0, ""gain"": 0.5853632020299617}, {""block"": ""rsma"", ""rho"": 1024.0, ""gain"": 1.32751502263587}, {""block"": ""star_ris"", ""rho"": 1.0, ""gain"": 0.7982431403654608}, {""block"": ""rsma"", ""rho"": 65536.0, ""gain"": 0.0}, {""block"": ""star_ris"", ""rho"": 1.0, ""gain"": 0.2886186009756102}, {""block"": ""rsma"", ""rho"": 65536.0, ""gain"": 0.0}, {""block"": ""star_ris"", ""rho"": 1.0, ""gain"": 0.19562893907991707}, {""block"": ""rsma"", ""rho"": 65536.0, ""gain"": 0.0}, {""block"": ""star_ris"", ""rho"": 1.0, ""gain"": 0.13978613146697683}, {""block"": ""rsma"", ""rho"": 65536.0, ""gain"": 0.0}, {""block"": ""star_ris"", ""rho"": 1.0, ""gain"": 0.0919929472654033}, {""block"": ""rsma"", ""rho"": 65536.0, ""gain"": 0.0}, {""block"": ""star_ris"", ""rho"": 1.0, ""gain"": 0.07152428298478242}, {""block"": ""rsma"", ""rho"": 65536.0, ""gain"": 0.0}, {""block"": ""star_ris"", ""rho"": 32.0, ""gain"": 0.0019235602937541785}, {""block"": ""rsma"", ""rho"": 65536.0, ""gain"": 0.0}, {""block"": ""star_ris"", ""rho"": 1.0, ""gain"": 0.05340024968036872}, {""block"": ""rsma"", ""rho"": 65536.0, ""gain"": 0.0}, {""block"": ""star_ris"", ""rho"": 1.0, ""gain"": 0.03991176377252259}, {""block"": ""rsma"", ""rho"": 65536.0, ""gain"": 0.0}, {""block"": ""star_ris"", ""rho"": 1.0, ""gain"": 0.036200356711550086}, {""block"": ""rsma"", ""rho"": 65536.0, ""gain"": 0.0}, {""block"": ""star_ris"", ""rho"": 1.0, ""gain"": 0.02935042962595702}, {""block"": ""rsma"", ""rho"": 1.0, ""gain"": 0.0002016966235167672}, {""block"": ""star_ris"", ""rho"": 1.0, ""gain"": 0.009956080265382639}, {""block"": ""rsma"", ""rho"": 65536.0, ""gain"": 0.0}, {""block"": ""star_ris"", ""rho"": 1.0, ""gain"": 0.029559483230169548}, {""block"": ""rsma"", ""rho"": 1.0, ""gain"": 0.00017324484662495365}, {""block"": ""star_ris"", ""rho"": 1.0, ""gain"": 0.007094012212181866}, {""block"": ""rsma"", ""rho"": 65536.0, ""gain"": 0.0}, {""block"": ""star_ris"", ""rho"": 1.0, ""gain"": 0.02321871146698129}, {""block"": ""rsma"", ""rho"": 1.0, ""gain"": 0.0004020933775628066}, {""block"": ""star_ris"", ""rho"": 16.0, ""gain"": 0.0003185542406178854}]",{},2240.6434,2a8450eb5d4f6f05c03681c57cc71c0590f449be523644dbfde0384d2f23053d,fc61d5cda7da39530055bae9bd0e92865f995cd9,6ec54735c1c2c35cd253d9d3d23295783293b6d64c65204dfcab16b2d59ebbef
ao_sca,32,10000,395,test,15.88877717672171,15.88877717672171,1.0,True,0.0,8,1719,15,ao_sca_proximal_physical,analytical_ris_equal_allocation,"[1.8374623400794714, 15.660297925466663, 15.671431765079571, 15.709379945495606, 15.774177664141105, 15.80063321457787, 15.832735237971052, 15.887938649341102, 15.88877717672171]","[{""block"": ""rsma"", ""rho"": 1.0, ""gain"": 12.617028132993305}, {""block"": ""star_ris"", ""rho"": 2.0, ""gain"": 1.2058074523938878}, {""block"": ""rsma"", ""rho"": 1.0, ""gain"": 0.0}, {""block"": ""star_ris"", ""rho"": 16.0, ""gain"": 0.011133839612908147}, {""block"": ""rsma"", ""rho"": 1.0, ""gain"": 0.0}, {""block"": ""star_ris"", ""rho"": 8.0, ""gain"": 0.037948180416034205}, {""block"": ""rsma"", ""rho"": 1.0, ""gain"": 1.7763568394002505e-15}, {""block"": ""star_ris"", ""rho"": 8.0, ""gain"": 0.06479771864549733}, {""block"": ""rsma"", ""rho"": 1.0, ""gain"": 0.0}, {""block"": ""star_ris"", ""rho"": 4.0, ""gain"": 0.026455550436764952}, {""block"": ""rsma"", ""rho"": 1.0, ""gain"": 0.0}, {""block"": ""star_ris"", ""rho"": 16.0, ""gain"": 0.03210202339318258}, {""block"": ""rsma"", ""rho"": 1.0, ""gain"": 1.7763568394002505e-15}, {""block"": ""star_ris"", ""rho"": 2.0, ""gain"": 0.05520341137004792}, {""block"": ""rsma"", ""rho"": 1.0, ""gain"": -5.329070518200751e-15}, {""block"": ""star_ris"", ""rho"": 16.0, ""gain"": 0.0008385273806137405}]",{},920.369083,2a8450eb5d4f6f05c03681c57cc71c0590f449be523644dbfde0384d2f23053d,fc61d5cda7da39530055bae9bd0e92865f995cd9,6ec54735c1c2c35cd253d9d3d23295783293b6d64c65204dfcab16b2d59ebbef
ao_sca,32,10000,396,test,16.09840637350375,16.09840637350375,1.0,True,0.0,13,2789,26,ao_sca_proximal_physical,analytical_ris_equal_allocation,"[1.8374551813240851, 15.260909486020442, 15.380950601875252, 15.558569559894998, 15.759054979730232, 15.78831247243175, 15.846420332046577, 15.856651005120316, 15.945799000225765, 15.982032161195695, 16.038675094188875, 16.084241073950167, 16.097239441190705, 16.09840637350375]","[{""block"": ""rsma"", ""rho"": 1.0, ""gain"": 13.080283582080927}, {""block"": ""star_ris"", ""rho"": 1.0, ""gain"": 0.34317072261542947}, {""block"": ""rsma"", ""rho"": 1.0, ""gain"": 0.0}, {""block"": ""star_ris"", ""rho"": 1.0, ""gain"": 0.1200411158548107}, {""block"": ""rsma"", ""rho"": 1.0, ""gain"": 0.0}, {""block"": ""star_ris"", ""rho"": 4.0, ""gain"": 0.17761895801974603}, {""block"": ""rsma"", ""rho"": 1.0, ""gain"": 0.0}, {""block"": ""star_ris"", ""rho"": 2.0, ""gain"": 0.2004854198352337}, {""block"": ""rsma"", ""rho"": 1.0, ""gain"": 1.7763568394002505e-15}, {""block"": ""star_ris"", ""rho"": 32.0, ""gain"": 0.02925749270151634}, {""block"": ""rsma"", ""rho"": 1.0, ""gain"": 1.7763568394002505e-15}, {""block"": ""star_ris"", ""rho"": 16.0, ""gain"": 0.05810785961482523}, {""block"": ""rsma"", ""rho"": 1.0, ""gain"": -1.7763568394002505e-15}, {""block"": ""star_ris"", ""rho"": 2.0, ""gain"": 0.010230673073740704}, {""block"": ""rsma"", ""rho"": 1.0, ""gain"": 0.0}, {""block"": ""star_ris"", ""rho"": 16.0, ""gain"": 0.08914799510544924}, {""block"": ""rsma"", ""rho"": 1.0, ""gain"": 0.0}, {""block"": ""star_ris"", ""rho"": 32.0, ""gain"": 0.03623316096993001}, {""block"": ""rsma"", ""rho"": 1.0, ""gain"": 0.0}, {""block"": ""star_ris"", ""rho"": 2.0, ""gain"": 0.056642932993179684}, {""block"": ""rsma"", ""rho"": 1.0, ""gain"": -3.552713678800501e-15}, {""block"": ""star_ris"", ""rho"": 1.0, ""gain"": 0.04556597976129595}, {""block"": ""rsma"", ""rho"": 1.0, ""gain"": 0.0}, {""block"": ""star_ris"", ""rho"": 64.0, ""gain"": 0.012998367240538045}, {""block"": ""rsma"", ""rho"": 1.0, ""gain"": 0.0}, {""block"": ""star_ris"", ""rho"": 8.0, ""gain"": 0.0011669323130441}]",{},1485.009907,2a8450eb5d4f6f05c03681c57cc71c0590f449be523644dbfde0384d2f23053d,fc61d5cda7da39530055bae9bd0e92865f995cd9,6ec54735c1c2c35cd253d9d3d23295783293b6d64c65204dfcab16b2d59ebbef
ao_sca,32,10000,397,test,14.734405517884204,14.734405517884204,1.0,True,0.0,3,687,4,ao_sca_proximal_physical,analytical_ris_equal_allocation,"[1.837417301895411, 14.713419255806555, 14.733780850730865, 14.734405517884205]","[{""block"": ""rsma"", ""rho"": 1.0, ""gain"": 12.831121783715483}, {""block"": ""star_ris"", ""rho"": 64.0, ""gain"": 0.04488017019566115}, {""block"": ""rsma"", ""rho"": 65536.0, ""gain"": 0.0}, {""block"": ""star_ris"", ""rho"": 128.0, ""gain"": 0.02036159492431011}, {""block"": ""rsma"", ""rho"": 65536.0, ""gain"": 0.0}, {""block"": ""star_ris"", ""rho"": 128.0, ""gain"": 0.0006246671533407522}]",{},378.661824,2a8450eb5d4f6f05c03681c57cc71c0590f449be523644dbfde0384d2f23053d,fc61d5cda7da39530055bae9bd0e92865f995cd9,6ec54735c1c2c35cd253d9d3d23295783293b6d64c65204dfcab16b2d59ebbef
ao_sca,32,10000,398,test,15.695526644357464,15.695526644357464,1.0,True,0.0,20,4309,37,ao_sca_proximal_physical,analytical_ris_equal_allocation,"[1.8373964338049449, 15.065586247833346, 15.095463384791202, 15.229461630890405, 15.307000640857568, 15.329157263662086, 15.459653870202326, 15.472484941093114, 15.577050159154314, 15.582235431364765, 15.585264974671198, 15.60009849381727, 15.619347970898774, 15.638344322987676, 15.640671611050651, 15.642829703284514, 15.647588167840212, 15.651512600474424, 15.661052150720028, 15.66774394981076, 15.695526644357464]","[{""block"": ""rsma"", ""rho"": 1.0, ""gain"": 12.899467064364352}, {""block"": ""star_ris"", ""rho"": 2.0, ""gain"": 0.328722749664049}, {""block"": ""rsma"", ""rho"": 1.0, ""gain"": 0.0}, {""block"": ""star_ris"", ""rho"": 4.0, ""gain"": 0.029877136957855654}, {""block"": ""rsma"", ""rho"": 1.0, ""gain"": 0.0}, {""block"": ""star_ris"", ""rho"": 4.0, ""gain"": 0.1339982460992033}, {""block"": ""rsma"", ""rho"": 1.0, ""gain"": 0.0}, {""block"": ""star_ris"", ""rho"": 2.0, ""gain"": 0.0775390099671629}, {""block"": ""rsma"", ""rho"": 1.0, ""gain"": 1.7763568394002505e-15}, {""block"": ""star_ris"", ""rho"": 4.0, ""gain"": 0.022156622804516246}, {""block"": ""rsma"", ""rho"": 1.0, ""gain"": 0.0}, {""block"": ""star_ris"", ""rho"": 4.0, ""gain"": 0.1304966065402393}, {""block"": ""rsma"", ""rho"": 1.0, ""gain"": 0.0}, {""block"": ""star_ris"", ""rho"": 4.0, ""gain"": 0.01283107089078861}, {""block"": ""rsma"", ""rho"": 1.0, ""gain"": 1.7763568394002505e-15}, {""block"": ""star_ris"", ""rho"": 4.0, ""gain"": 0.10456521806119845}, {""block"": ""rsma"", ""rho"": 1.0, ""gain"": 1.7763568394002505e-15}, {""block"": ""star_ris"", ""rho"": 64.0, ""gain"": 0.0051852722104488436}, {""block"": ""rsma"", ""rho"": 1.0, ""gain"": 0.0}, {""block"": ""star_ris"", ""rho"": 32.0, ""gain"": 0.0030295433064324584}, {""block"": ""rsma"", ""rho"": 1.0, ""gain"": -1.7763568394002505e-15}, {""block"": ""star_ris"", ""rho"": 16.0, ""gain"": 0.014833519146074892}, {""block"": ""rsma"", ""rho"": 1.0, ""gain"": -1.7763568394002505e-15}, {""block"": ""star_ris"", ""rho"": 8.0, ""gain"": 0.019249477081505262}, {""block"": ""rsma"", ""rho"": 1.0, ""gain"": 0.0}, {""block"": ""star_ris"", ""rho"": 4.0, ""gain"": 0.018996352088901602}, {""block"": ""rsma"", ""rho"": 1.0, ""gain"": 0.0}, {""block"": ""star_ris"", ""rho"": 64.0, ""gain"": 0.002327288062975441}, {""block"": ""rsma"", ""rho"": 1.0, ""gain"": 0.0}, {""block"": ""star_ris"", ""rho"": 64.0, ""gain"": 0.002158092233862874}, {""block"": ""rsma"", ""rho"": 1.0, ""gain"": 0.0}, {""block"": ""star_ris"", ""rho"": 32.0, ""gain"": 0.004758464555697728}, {""block"": ""rsma"", ""rho"": 1.0, ""gain"": 0.0}, {""block"": ""star_ris"", ""rho"": 32.0, ""gain"": 0.0039244326342124936}, {""block"": ""rsma"", ""rho"": 1.0, ""gain"": 1.7763568394002505e-15}, {""block"": ""star_ris"", ""rho"": 16.0, ""gain"": 0.009539550245602157}, {""block"": ""rsma"", ""rho"": 1.0, ""gain"": 1.7763568394002505e-15}, {""block"": ""star_ris"", ""rho"": 16.0, ""gain"": 0.006691799090729589}, {""block"": ""rsma"", ""rho"": 1.0, ""gain"": 0.0}, {""block"": ""star_ris"", ""rho"": 16.0, ""gain"": 0.02778269454670479}]",{},2371.2934,2a8450eb5d4f6f05c03681c57cc71c0590f449be523644dbfde0384d2f23053d,fc61d5cda7da39530055bae9bd0e92865f995cd9,6ec54735c1c2c35cd253d9d3d23295783293b6d64c65204dfcab16b2d59ebbef
ao_sca,32,10000,399,test,17.723479975909054,17.723479975909054,1.0,True,0.0,20,4518,23,ao_sca_proximal_physical,analytical_ris_equal_allocation,"[1.8370544461554554, 14.244946272388624, 16.370480084550746, 16.933258308560596, 17.107190837366513, 17.210505985397063, 17.27851916328162, 17.34301525449275, 17.3999416985213, 17.452166569161804, 17.50290697596791, 17.541617917805823, 17.578840516442895, 17.603259733357003, 17.632466641563838, 17.636148585549677, 17.667218172020437, 17.693196873972425, 17.69534742297572, 17.708764213663326, 17.723479975909054]","[{""block"": ""rsma"", ""rho"": 1.0, ""gain"": 12.392063047142322}, {""block"": ""star_ris"", ""rho"": 16.0, ""gain"": 0.015828779090846012}, {""block"": ""rsma"", ""rho"": 1024.0, ""gain"": 1.335691712548222}, {""block"": ""star_ris"", ""rho"": 1.0, ""gain"": 0.7898420996138995}, {""block"": ""rsma"", ""rho"": 128.0, ""gain"": 0.23729309450974512}, {""block"": ""star_ris"", ""rho"": 1.0, ""gain"": 0.32548512950010533}, {""block"": ""rsma"", ""rho"": 65536.0, ""gain"": 0.0}, {""block"": ""star_ris"", ""rho"": 1.0, ""gain"": 0.17393252880591703}, {""block"": ""rsma"", ""rho"": 65536.0, ""gain"": 0.0}, {""block"": ""star_ris"", ""rho"": 1.0, ""gain"": 0.10331514803054986}, {""block"": ""rsma"", ""rho"": 65536.0, ""gain"": 0.0}, {""block"": ""star_ris"", ""rho"": 1.0, ""gain"": 0.06801317788455563}, {""block"": ""rsma"", ""rho"": 65536.0, ""gain"": 0.0}, {""block"": ""star_ris"", ""rho"": 1.0, ""gain"": 0.06449609121113298}, {""block"": ""rsma"", ""rho"": 65536.0, ""gain"": 0.0}, {""block"": ""star_ris"", ""rho"": 1.0, ""gain"": 0.05692644402854796}, {""block"": ""rsma"", ""rho"": 65536.0, ""gain"": 0.0}, {""block"": ""star_ris"", ""rho"": 1.0, ""gain"": 0.052224870640504406}, {""block"": ""rsma"", ""rho"": 65536.0, ""gain"": 0.0}, {""block"": ""star_ris"", ""rho"": 1.0, ""gain"": 0.050740406806106364}, {""block"": ""rsma"", ""rho"": 65536.0, ""gain"": 0.0}, {""block"": ""star_ris"", ""rho"": 1.0, ""gain"": 0.03871094183791257}, {""block"": ""rsma"", ""rho"": 65536.0, ""gain"": 0.0}, {""block"": ""star_ris"", ""rho"": 1.0, ""gain"": 0.037222598637072224}, {""block"": ""rsma"", ""rho"": 65536.0, ""gain"": 0.0}, {""block"": ""star_ris"", ""rho"": 1.0, ""gain"": 0.024419216914107977}, {""block"": ""rsma"", ""rho"": 65536.0, ""gain"": 0.0}, {""block"": ""star_ris"", ""rho"": 1.0, ""gain"": 0.02920690820683447}, {""block"": ""rsma"", ""rho"": 65536.0, ""gain"": 0.0}, {""block"": ""star_ris"", ""rho"": 1.0, ""gain"": 0.003681943985839098}, {""block"": ""rsma"", ""rho"": 65536.0, ""gain"": 0.0}, {""block"": ""star_ris"", ""rho"": 1.0, ""gain"": 0.031069586470760413}, {""block"": ""rsma"", ""rho"": 65536.0, ""gain"": 0.0}, {""block"": ""star_ris"", ""rho"": 1.0, ""gain"": 0.02597870195198837}, {""block"": ""rsma"", ""rho"": 65536.0, ""gain"": 0.0}, {""block"": ""star_ris"", ""rho"": 1.0, ""gain"": 0.002150549003292923}, {""block"": ""rsma"", ""rho"": 65536.0, ""gain"": 0.0}, {""block"": ""star_ris"", ""rho"": 2.0, ""gain"": 0.01341679068760726}, {""block"": ""rsma"", ""rho"": 65536.0, ""gain"": 0.0}, {""block"": ""star_ris"", ""rho"": 1.0, ""gain"": 0.01471576224572857}]",{},2515.429896,2a8450eb5d4f6f05c03681c57cc71c0590f449be523644dbfde0384d2f23053d,fc61d5cda7da39530055bae9bd0e92865f995cd9,6ec54735c1c2c35cd253d9d3d23295783293b6d64c65204dfcab16b2d59ebbef
ao_sca,32,10000,400,test,18.014679561926854,18.014679561926854,1.0,True,0.0,18,4044,23,ao_sca_proximal_physical,analytical_ris_equal_allocation,"[1.8372863247330018, 14.917177477588684, 15.008362673464656, 15.119030998439207, 15.136389080102155, 17.189082839132812, 17.42344445508782, 17.471933738258635, 17.493294706860514, 17.503671460312894, 17.508809622254905, 17.65299515037788, 17.75804270939713, 17.834261758839737, 17.89164186641877, 17.940017727346547, 17.980042371850065, 18.014187449451253, 18.014679561926858]","[{""block"": ""rsma"", ""rho"": 1.0, ""gain"": 12.640916730025628}, {""block"": ""star_ris"", ""rho"": 2.0, ""gain"": 0.4389744228300536}, {""block"": ""rsma"", ""rho"": 1.0, ""gain"": 1.7763568394002505e-15}, {""block"": ""star_ris"", ""rho"": 2.0, ""gain"": 0.09118519587597085}, {""block"": ""rsma"", ""rho"": 1.0, ""gain"": 0.0}, {""block"": ""star_ris"", ""rho"": 2.0, ""gain"": 0.11066832497455081}, {""block"": ""rsma"", ""rho"": 1.0, ""gain"": 1.7763568394002505e-15}, {""block"": ""star_ris"", ""rho"": 1.0, ""gain"": 0.01735808166294639}, {""block"": ""rsma"", ""rho"": 512.0, ""gain"": 1.7170154917362872}, {""block"": ""star_ris"", ""rho"": 1.0, ""gain"": 0.33567826729436945}, {""block"": ""rsma"", ""rho"": 65536.0, ""gain"": 0.0}, {""block"": ""star_ris"", ""rho"": 1.0, ""gain"": 0.23436161595500948}, {""block"": ""rsma"", ""rho"": 65536.0, ""gain"": 0.0}, {""block"": ""star_ris"", ""rho"": 4.0, ""gain"": 0.048489283170813025}, {""block"": ""rsma"", ""rho"": 65536.0, ""gain"": 0.0}, {""block"": ""star_ris"", ""rho"": 8.0, ""gain"": 0.021360968601879193}, {""block"": ""rsma"", ""rho"": 65536.0, ""gain"": 0.0}, {""block"": ""star_ris"", ""rho"": 16.0, ""gain"": 0.010376753452380427}, {""block"": ""rsma"", ""rho"": 65536.0, ""gain"": 0.0}, {""block"": ""star_ris"", ""rho"": 32.0, ""gain"": 0.005138161942010555}, {""block"": ""rsma"", ""rho"": 65536.0, ""gain"": 0.0}, {""block"": ""star_ris"", ""rho"": 1.0, ""gain"": 0.14418552812297492}, {""block"": ""rsma"", ""rho"": 65536.0, ""gain"": 0.0}, {""block"": ""star_ris"", ""rho"": 1.0, ""gain"": 0.10504755901925122}, {""block"": ""rsma"", ""rho"": 65536.0, ""gain"": 0.0}, {""block"": ""star_ris"", ""rho"": 1.0, ""gain"": 0.07621904944260649}, {""block"": ""rsma"", ""rho"": 65536.0, ""gain"": 0.0}, {""block"": ""star_ris"", ""rho"": 1.0, ""gain"": 0.057380107579032114}, {""block"": ""rsma"", ""rho"": 65536.0, ""gain"": 0.0}, {""block"": ""star_ris"", ""rho"": 1.0, ""gain"": 0.048375860927777126}, {""block"": ""rsma"", ""rho"": 65536.0, ""gain"": 0.0}, {""block"": ""star_ris"", ""rho"": 1.0, ""gain"": 0.04002464450351795}, {""block"": ""rsma"", ""rho"": 65536.0, ""gain"": 0.0}, {""block"": ""star_ris"", ""rho"": 1.0, ""gain"": 0.034145077601188234}, {""block"": ""rsma"", ""rho"": 65536.0, ""gain"": 0.0}, {""block"": ""star_ris"", ""rho"": 64.0, ""gain"": 0.0004921124756052109}]",{},2217.924423,2a8450eb5d4f6f05c03681c57cc71c0590f449be523644dbfde0384d2f23053d,fc61d5cda7da39530055bae9bd0e92865f995cd9,6ec54735c1c2c35cd253d9d3d23295783293b6d64c65204dfcab16b2d59ebbef
ao_sca,32,10000,401,test,16.271657550145406,16.271657550145406,1.0,True,0.0,20,4304,37,ao_sca_proximal_physical,analytical_ris_equal_allocation,"[1.8375940271216786, 15.526671519669106, 15.57403786397142, 15.602687794035836, 15.627934512104103, 15.655788990306311, 15.697933704121462, 15.85680913494291, 15.864570829137316, 15.983376673707607, 16.023908773851986, 16.030370526161008, 16.05993159401252, 16.09299482572641, 16.211785377799746, 16.222031657839437, 16.225524476262315, 16.236165488240687, 16.24576179990944, 16.253046876679672, 16.271657550145406]","[{""block"": ""rsma"", ""rho"": 1.0, ""gain"": 13.506369795405877}, {""block"": ""star_ris"", ""rho"": 2.0, ""gain"": 0.18270769714155044}, {""block"": ""rsma"", ""rho"": 1.0, ""gain"": 1.7763568394002505e-15}, {""block"": ""star_ris"", ""rho"": 16.0, ""gain"": 0.04736634430231135}, {""block"": ""rsma"", ""rho"": 1.0, ""gain"": -5.329070518200751e-15}, {""block"": ""star_ris"", ""rho"": 16.0, ""gain"": 0.028649930064421625}, {""block"": ""rsma"", ""rho"": 1.0, ""gain"": -1.7763568394002505e-15}, {""block"": ""star_ris"", ""rho"": 64.0, ""gain"": 0.025246718068268947}, {""block"": ""rsma"", ""rho"": 1.0, ""gain"": -1.7763568394002505e-15}, {""block"": ""star_ris"", ""rho"": 8.0, ""gain"": 0.027854478202209876}, {""block"": ""rsma"", ""rho"": 1.0, ""gain"": 0.0}, {""block"": ""star_ris"", ""rho"": 4.0, ""gain"": 0.04214471381515139}, {""block"": ""rsma"", ""rho"": 1.0, ""gain"": -1.7763568394002505e-15}, {""block"": ""star_ris"", ""rho"": 2.0, ""gain"": 0.15887543082144973}, {""block"": ""rsma"", ""rho"": 1.0, ""gain"": 1.7763568394002505e-15}, {""block"": ""star_ris"", ""rho"": 2.0, ""gain"": 0.0077616941944036455}, {""block"": ""rsma"", ""rho"": 1.0, ""gain"": 0.0}, {""block"": ""star_ris"", ""rho"": 2.0, ""gain"": 0.11880584457029109}, {""block"": ""rsma"", ""rho"": 1.0, ""gain"": 0.0}, {""block"": ""star_ris"", ""rho"": 128.0, ""gain"": 0.0405321001443788}, {""block"": ""rsma"", ""rho"": 1.0, ""gain"": 0.0}, {""block"": ""star_ris"", ""rho"": 4.0, ""gain"": 0.0064617523090220175}, {""block"": ""rsma"", ""rho"": 1.0, ""gain"": 0.0}, {""block"": ""star_ris"", ""rho"": 2.0, ""gain"": 0.02956106785151391}, {""block"": ""rsma"", ""rho"": 1.0, ""gain"": 0.0}, {""block"": ""star_ris"", ""rho"": 16.0, ""gain"": 0.03306323171388925}, {""block"": ""rsma"", ""rho"": 1.0, ""gain"": 0.0}, {""block"": ""star_ris"", ""rho"": 4.0, ""gain"": 0.11879055207333522}, {""block"": ""rsma"", ""rho"": 1.0, ""gain"": 0.0}, {""block"": ""star_ris"", ""rho"": 4.0, ""gain"": 0.010246280039691413}, {""block"": ""rsma"", ""rho"": 1.0, ""gain"": 3.552713678800501e-15}, {""block"": ""star_ris"", ""rho"": 32.0, ""gain"": 0.0034928184228739667}, {""block"": ""rsma"", ""rho"": 1.0, ""gain"": 0.0}, {""block"": ""star_ris"", ""rho"": 32.0, ""gain"": 0.01064101197837175}, {""block"": ""rsma"", ""rho"": 1.0, ""gain"": -3.552713678800501e-15}, {""block"": ""star_ris"", ""rho"": 16.0, ""gain"": 0.009596311668758517}, {""block"": ""rsma"", ""rho"": 1.0, ""gain"": 3.552713678800501e-15}, {""block"": ""star_ris"", ""rho"": 8.0, ""gain"": 0.00728507677022705}, {""block"": ""rsma"", ""rho"": 1.0, ""gain"": 0.0}, {""block"": ""star_ris"", ""rho"": 32.0, ""gain"": 0.01861067346573364}]",{},2227.344319,2a8450eb5d4f6f05c03681c57cc71c0590f449be523644dbfde0384d2f23053d,fc61d5cda7da39530055bae9bd0e92865f995cd9,6ec54735c1c2c35cd253d9d3d23295783293b6d64c65204dfcab16b2d59ebbef
ao_sca,32,10000,402,test,16.110683225853585,16.110683225853585,1.0,True,0.0,8,1740,13,ao_sca_proximal_physical,analytical_ris_equal_allocation,"[1.8374670300253588, 14.90970422858749, 15.680317124564201, 15.962209393173406, 16.071364535768502, 16.093732153665464, 16.09923725730362, 16.109298772289968, 16.110683225853585]","[{""block"": ""rsma"", ""rho"": 1.0, ""gain"": 12.910055027381299}, {""block"": ""star_ris"", ""rho"": 2.0, ""gain"": 0.16218217118083267}, {""block"": ""rsma"", ""rho"": 65536.0, ""gain"": 0.0}, {""block"": ""star_ris"", ""rho"": 2.0, ""gain"": 0.7706128959767113}, {""block"": ""rsma"", ""rho"": 1.0, ""gain"": 1.7763568394002505e-15}, {""block"": ""star_ris"", ""rho"": 4.0, ""gain"": 0.28189226860920336}, {""block"": ""rsma"", ""rho"": 1.0, ""gain"": 0.0}, {""block"": ""star_ris"", ""rho"": 8.0, ""gain"": 0.10915514259509607}, {""block"": ""rsma"", ""rho"": 1.0, ""gain"": 0.0}, {""block"": ""star_ris"", ""rho"": 32.0, ""gain"": 0.02236761789696118}, {""block"": ""rsma"", ""rho"": 1.0, ""gain"": 0.0}, {""block"": ""star_ris"", ""rho"": 128.0, ""gain"": 0.005505103638157038}, {""block"": ""rsma"", ""rho"": 1.0, ""gain"": 0.0}, {""block"": ""star_ris"", ""rho"": 32.0, ""gain"": 0.01006151498634722}, {""block"": ""rsma"", ""rho"": 1.0, ""gain"": -3.552713678800501e-15}, {""block"": ""star_ris"", ""rho"": 16.0, ""gain"": 0.0013844535636202693}]",{},918.735188,2a8450eb5d4f6f05c03681c57cc71c0590f449be523644dbfde0384d2f23053d,fc61d5cda7da39530055bae9bd0e92865f995cd9,6ec54735c1c2c35cd253d9d3d23295783293b6d64c65204dfcab16b2d59ebbef
ao_sca,32,10000,403,test,18.18749582015445,18.18749582015445,1.0,True,0.0,20,4546,22,ao_sca_proximal_physical,analytical_ris_equal_allocation,"[1.8374164901729462, 14.909937915090534, 17.178074434133347, 17.352506839090992, 17.41522495345523, 17.444615969455494, 17.448190950424564, 17.65160306809642, 17.797561770441444, 17.9020748757324, 17.921640279554577, 17.92400547553612, 17.98714969985181, 18.03104982161868, 18.067795296589093, 18.099999492013367, 18.128469097492413, 18.153159143346397, 18.171622999095128, 18.187345836815382, 18.187495820154446]","[{""block"": ""rsma"", ""rho"": 1.0, ""gain"": 13.035985277679735}, {""block"": ""star_ris"", ""rho"": 1.0, ""gain"": 0.036536147237852035}, {""block"": ""rsma"", ""rho"": 512.0, ""gain"": 1.3990987232633607}, {""block"": ""star_ris"", ""rho"": 1.0, ""gain"": 0.8690377957794517}, {""block"": ""rsma"", ""rho"": 65536.0, ""gain"": 0.0}, {""block"": ""star_ris"", ""rho"": 2.0, ""gain"": 0.17443240495764556}, {""block"": ""rsma"", ""rho"": 65536.0, ""gain"": 0.0}, {""block"": ""star_ris"", ""rho"": 4.0, ""gain"": 0.06271811436423746}, {""block"": ""rsma"", ""rho"": 65536.0, ""gain"": 0.0}, {""block"": ""star_ris"", ""rho"": 8.0, ""gain"": 0.029391016000264614}, {""block"": ""rsma"", ""rho"": 65536.0, ""gain"": 0.0}, {""block"": ""star_ris"", ""rho"": 64.0, ""gain"": 0.003574980969069941}, {""block"": ""rsma"", ""rho"": 65536.0, ""gain"": 0.0}, {""block"": ""star_ris"", ""rho"": 1.0, ""gain"": 0.2034121176718564}, {""block"": ""rsma"", ""rho"": 65536.0, ""gain"": 0.0}, {""block"": ""star_ris"", ""rho"": 1.0, ""gain"": 0.14595870234502328}, {""block"": ""rsma"", ""rho"": 65536.0, ""gain"": 0.0}, {""block"": ""star_ris"", ""rho"": 1.0, ""gain"": 0.10451310529095537}, {""block"": ""rsma"", ""rho"": 65536.0, ""gain"": 0.0}, {""block"": ""star_ris"", ""rho"": 4.0, ""gain"": 0.01956540382217753}, {""block"": ""rsma"", ""rho"": 65536.0, ""gain"": 0.0}, {""block"": ""star_ris"", ""rho"": 32.0, ""gain"": 0.0023651959815431667}, {""block"": ""rsma"", ""rho"": 65536.0, ""gain"": 0.0}, {""block"": ""star_ris"", ""rho"": 1.0, ""gain"": 0.063144224315689}, {""block"": ""rsma"", ""rho"": 65536.0, ""gain"": 0.0}, {""block"": ""star_ris"", ""rho"": 1.0, ""gain"": 0.04390012176687108}, {""block"": ""rsma"", ""rho"": 65536.0, ""gain"": 0.0}, {""block"": ""star_ris"", ""rho"": 1.0, ""gain"": 0.03674547497041303}, {""block"": ""rsma"", ""rho"": 65536.0, ""gain"": 0.0}, {""block"": ""star_ris"", ""rho"": 1.0, ""gain"": 0.03220419542427422}, {""block"": ""rsma"", ""rho"": 65536.0, ""gain"": 0.0}, {""block"": ""star_ris"", ""rho"": 1.0, ""gain"": 0.028469605479045867}, {""block"": ""rsma"", ""rho"": 65536.0, ""gain"": 0.0}, {""block"": ""star_ris"", ""rho"": 1.0, ""gain"": 0.024690045853983378}, {""block"": ""rsma"", ""rho"": 65536.0, ""gain"": 0.0}, {""block"": ""star_ris"", ""rho"": 1.0, ""gain"": 0.018463855748731106}, {""block"": ""rsma"", ""rho"": 65536.0, ""gain"": 0.0}, {""block"": ""star_ris"", ""rho"": 1.0, ""gain"": 0.01572283772025429}, {""block"": ""rsma"", ""rho"": 65536.0, ""gain"": 0.0}, {""block"": ""star_ris"", ""rho"": 128.0, ""gain"": 0.00014998333906390826}]",{},2327.491387,2a8450eb5d4f6f05c03681c57cc71c0590f449be523644dbfde0384d2f23053d,fc61d5cda7da39530055bae9bd0e92865f995cd9,6ec54735c1c2c35cd253d9d3d23295783293b6d64c65204dfcab16b2d59ebbef
ao_sca,32,10000,404,test,16.47790705317552,16.47790705317552,1.0,True,0.0,20,4298,37,ao_sca_proximal_physical,analytical_ris_equal_allocation,"[1.837611576402225, 15.580596325472165, 15.792924820768715, 16.044138354137846, 16.098512952341444, 16.16657266833489, 16.179589837559124, 16.189163096788654, 16.209683151173557, 16.23522444793707, 16.26810301112734, 16.273673030060955, 16.298591150235342, 16.312938338512176, 16.350321881144044, 16.416416319119215, 16.444941268021402, 16.4691015864619, 16.47261448603875, 16.47711855688641, 16.47790705317552]","[{""block"": ""rsma"", ""rho"": 1.0, ""gain"": 13.553100148496183}, {""block"": ""star_ris"", ""rho"": 2.0, ""gain"": 0.1898846005737571}, {""block"": ""rsma"", ""rho"": 1.0, ""gain"": 1.7763568394002505e-15}, {""block"": ""star_ris"", ""rho"": 2.0, ""gain"": 0.21232849529654807}, {""block"": ""rsma"", ""rho"": 1.0, ""gain"": 0.0}, {""block"": ""star_ris"", ""rho"": 2.0, ""gain"": 0.2512135333691319}, {""block"": ""rsma"", ""rho"": 1.0, ""gain"": 0.0}, {""block"": ""star_ris"", ""rho"": 4.0, ""gain"": 0.05437459820359791}, {""block"": ""rsma"", ""rho"": 1.0, ""gain"": 0.0}, {""block"": ""star_ris"", ""rho"": 4.0, ""gain"": 0.06805971599344574}, {""block"": ""rsma"", ""rho"": 1.0, ""gain"": 0.0}, {""block"": ""star_ris"", ""rho"": 16.0, ""gain"": 0.013017169224234237}, {""block"": ""rsma"", ""rho"": 1.0, ""gain"": 0.0}, {""block"": ""star_ris"", ""rho"": 8.0, ""gain"": 0.009573259229529896}, {""block"": ""rsma"", ""rho"": 1.0, ""gain"": -3.552713678800501e-15}, {""block"": ""star_ris"", ""rho"": 4.0, ""gain"": 0.020520054384906672}, {""block"": ""rsma"", ""rho"": 1.0, ""gain"": 0.0}, {""block"": ""star_ris"", ""rho"": 2.0, ""gain"": 0.0255412967635138}, {""block"": ""rsma"", ""rho"": 1.0, ""gain"": -3.552713678800501e-15}, {""block"": ""star_ris"", ""rho"": 4.0, ""gain"": 0.03287856319027327}, {""block"": ""rsma"", ""rho"": 1.0, ""gain"": 0.0}, {""block"": ""star_ris"", ""rho"": 8.0, ""gain"": 0.005570018933614307}, {""block"": ""rsma"", ""rho"": 1.0, ""gain"": 0.0}, {""block"": ""star_ris"", ""rho"": 8.0, ""gain"": 0.024918120174387326}, {""block"": ""rsma"", ""rho"": 1.0, ""gain"": 0.0}, {""block"": ""star_ris"", ""rho"": 4.0, ""gain"": 0.014347188276833123}, {""block"": ""rsma"", ""rho"": 1.0, ""gain"": -3.552713678800501e-15}, {""block"": ""star_ris"", ""rho"": 4.0, ""gain"": 0.037383542631872047}, {""block"": ""rsma"", ""rho"": 1.0, ""gain"": 0.0}, {""block"": ""star_ris"", ""rho"": 4.0, ""gain"": 0.06609443797517045}, {""block"": ""rsma"", ""rho"": 1.0, ""gain"": 0.0}, {""block"": ""star_ris"", ""rho"": 8.0, ""gain"": 0.02852494890218793}, {""block"": ""rsma"", ""rho"": 1.0, ""gain"": 0.0}, {""block"": ""star_ris"", ""rho"": 16.0, ""gain"": 0.024160318440497264}, {""block"": ""rsma"", ""rho"": 1.0, ""gain"": 3.552713678800501e-15}, {""block"": ""star_ris"", ""rho"": 64.0, ""gain"": 0.003512899576847417}, {""block"": ""rsma"", ""rho"": 1.0, ""gain"": -7.105427357601002e-15}, {""block"": ""star_ris"", ""rho"": 64.0, ""gain"": 0.004504070847666242}, {""block"": ""rsma"", ""rho"": 1.0, ""gain"": 0.0}, {""block"": ""star_ris"", ""rho"": 128.0, ""gain"": 0.0007884962891111513}]",{},2171.949245,2a8450eb5d4f6f05c03681c57cc71c0590f449be523644dbfde0384d2f23053d,fc61d5cda7da39530055bae9bd0e92865f995cd9,6ec54735c1c2c35cd253d9d3d23295783293b6d64c65204dfcab16b2d59ebbef
ao_sca,32,10000,405,test,17.866123779053474,17.866123779053474,1.0,True,0.0,16,3639,18,ao_sca_proximal_physical,analytical_ris_equal_allocation,"[1.8373808631542385, 14.793382316196983, 16.924285008907887, 17.191536043699088, 17.38375856059035, 17.52233048302168, 17.638392271567596, 17.662046348362505, 17.664891671746403, 17.741358016646014, 17.757347930670452, 17.764896461201886, 17.818195300882323, 17.858409210586192, 17.86283364393317, 17.865029698781452, 17.866123779053474]","[{""block"": ""rsma"", ""rho"": 1.0, ""gain"": 12.696378621452274}, {""block"": ""star_ris"", ""rho"": 8.0, ""gain"": 0.2596228315904696}, {""block"": ""rsma"", ""rho"": 512.0, ""gain"": 1.3833718007774003}, {""block"": ""star_ris"", ""rho"": 1.0, ""gain"": 0.7475308919335042}, {""block"": ""rsma"", ""rho"": 65536.0, ""gain"": 0.0}, {""block"": ""star_ris"", ""rho"": 1.0, ""gain"": 0.26725103479120094}, {""block"": ""rsma"", ""rho"": 65536.0, ""gain"": 0.0}, {""block"": ""star_ris"", ""rho"": 1.0, ""gain"": 0.19222251689126324}, {""block"": ""rsma"", ""rho"": 65536.0, ""gain"": 0.0}, {""block"": ""star_ris"", ""rho"": 1.0, ""gain"": 0.13857192243132843}, {""block"": ""rsma"", ""rho"": 65536.0, ""gain"": 0.0}, {""block"": ""star_ris"", ""rho"": 1.0, ""gain"": 0.11606178854591676}, {""block"": ""rsma"", ""rho"": 65536.0, ""gain"": 0.0}, {""block"": ""star_ris"", ""rho"": 4.0, ""gain"": 0.02365407679490872}, {""block"": ""rsma"", ""rho"": 65536.0, ""gain"": 0.0}, {""block"": ""star_ris"", ""rho"": 32.0, ""gain"": 0.0028453233838980907}, {""block"": ""rsma"", ""rho"": 65536.0, ""gain"": 0.0}, {""block"": ""star_ris"", ""rho"": 1.0, ""gain"": 0.07646634489961102}, {""block"": ""rsma"", ""rho"": 65536.0, ""gain"": 0.0}, {""block"": ""star_ris"", ""rho"": 4.0, ""gain"": 0.015989914024437724}, {""block"": ""rsma"", ""rho"": 65536.0, ""gain"": 0.0}, {""block"": ""star_ris"", ""rho"": 8.0, ""gain"": 0.007548530531433784}, {""block"": ""rsma"", ""rho"": 65536.0, ""gain"": 0.0}, {""block"": ""star_ris"", ""rho"": 1.0, ""gain"": 0.05329883968043703}, {""block"": ""rsma"", ""rho"": 65536.0, ""gain"": 0.0}, {""block"": ""star_ris"", ""rho"": 1.0, ""gain"": 0.04021390970386918}, {""block"": ""rsma"", ""rho"": 65536.0, ""gain"": 0.0}, {""block"": ""star_ris"", ""rho"": 8.0, ""gain"": 0.004424433346976286}, {""block"": ""rsma"", ""rho"": 65536.0, ""gain"": 0.0}, {""block"": ""star_ris"", ""rho"": 16.0, ""gain"": 0.0021960548482837794}, {""block"": ""rsma"", ""rho"": 65536.0, ""gain"": 0.0}, {""block"": ""star_ris"", ""rho"": 32.0, ""gain"": 0.0010940802720220688}]",{},1901.815371,2a8450eb5d4f6f05c03681c57cc71c0590f449be523644dbfde0384d2f23053d,fc61d5cda7da39530055bae9bd0e92865f995cd9,6ec54735c1c2c35cd253d9d3d23295783293b6d64c65204dfcab16b2d59ebbef
ao_sca,32,10000,406,test,18.84893498848365,18.84893498848365,1.0,True,0.0,16,3615,19,ao_sca_proximal_physical,analytical_ris_equal_allocation,"[1.8372109950136948, 15.132992601455069, 16.38082952445296, 18.235064532323385, 18.404639346418055, 18.514223029953918, 18.587287285934966, 18.615295767339248, 18.618615030589478, 18.66886663168802, 18.71202212858273, 18.745902829323146, 18.779277423290537, 18.806443756799272, 18.824592732504225, 18.84877142217091, 18.84893498848365]","[{""block"": ""rsma"", ""rho"": 1.0, ""gain"": 11.971666110026552}, {""block"": ""star_ris"", ""rho"": 2.0, ""gain"": 1.3241154964148212}, {""block"": ""rsma"", ""rho"": 1024.0, ""gain"": 0.2695507857482369}, {""block"": ""star_ris"", ""rho"": 1.0, ""gain"": 0.9782861372496541}, {""block"": ""rsma"", ""rho"": 128.0, ""gain"": 1.6063925684959415}, {""block"": ""star_ris"", ""rho"": 1.0, ""gain"": 0.2478424393744838}, {""block"": ""rsma"", ""rho"": 65536.0, ""gain"": 0.0}, {""block"": ""star_ris"", ""rho"": 1.0, ""gain"": 0.1695748140946698}, {""block"": ""rsma"", ""rho"": 65536.0, ""gain"": 0.0}, {""block"": ""star_ris"", ""rho"": 1.0, ""gain"": 0.10958368353586323}, {""block"": ""rsma"", ""rho"": 65536.0, ""gain"": 0.0}, {""block"": ""star_ris"", ""rho"": 1.0, ""gain"": 0.07306425598104838}, {""block"": ""rsma"", ""rho"": 65536.0, ""gain"": 0.0}, {""block"": ""star_ris"", ""rho"": 2.0, ""gain"": 0.028008481404281582}, {""block"": ""rsma"", ""rho"": 65536.0, ""gain"": 0.0}, {""block"": ""star_ris"", ""rho"": 16.0, ""gain"": 0.003319263250229909}, {""block"": ""rsma"", ""rho"": 65536.0, ""gain"": 0.0}, {""block"": ""star_ris"", ""rho"": 1.0, ""gain"": 0.05025160109854099}, {""block"": ""rsma"", ""rho"": 65536.0, ""gain"": 0.0}, {""block"": ""star_ris"", ""rho"": 1.0, ""gain"": 0.04315549689471254}, {""block"": ""rsma"", ""rho"": 65536.0, ""gain"": 0.0}, {""block"": ""star_ris"", ""rho"": 1.0, ""gain"": 0.03388070074041494}, {""block"": ""rsma"", ""rho"": 65536.0, ""gain"": 0.0}, {""block"": ""star_ris"", ""rho"": 1.0, ""gain"": 0.033374593967391064}, {""block"": ""rsma"", ""rho"": 65536.0, ""gain"": 0.0}, {""block"": ""star_ris"", ""rho"": 1.0, ""gain"": 0.027166333508734652}, {""block"": ""rsma"", ""rho"": 65536.0, ""gain"": 0.0}, {""block"": ""star_ris"", ""rho"": 1.0, ""gain"": 0.01814897570495333}, {""block"": ""rsma"", ""rho"": 65536.0, ""gain"": 0.0}, {""block"": ""star_ris"", ""rho"": 1.0, ""gain"": 0.024178689666683795}, {""block"": ""rsma"", ""rho"": 65536.0, ""gain"": 0.0}, {""block"": ""star_ris"", ""rho"": 16.0, ""gain"": 0.00016356631273950484}]",{},1889.303824,2a8450eb5d4f6f05c03681c57cc71c0590f449be523644dbfde0384d2f23053d,fc61d5cda7da39530055bae9bd0e92865f995cd9,6ec54735c1c2c35cd253d9d3d23295783293b6d64c65204dfcab16b2d59ebbef
ao_sca,32,10000,407,test,15.8204518637635,15.8204518637635,1.0,True,0.0,20,4348,35,ao_sca_proximal_physical,analytical_ris_equal_allocation,"[1.837378578912216, 14.485682644239018, 14.502768211426144, 14.985709263394405, 15.159862927721921, 15.23726199737294, 15.255690668597476, 15.260244695293924, 15.266820197933473, 15.290004821213902, 15.40947003762069, 15.675562090808338, 15.695743642330857, 15.729730590399187, 15.739668577884213, 15.746042859657218, 15.787145582987321, 15.78962163356578, 15.793574248649463, 15.819936929441408, 15.8204518637635]","[{""block"": ""rsma"", ""rho"": 1.0, ""gain"": 12.576650296735755}, {""block"": ""star_ris"", ""rho"": 32.0, ""gain"": 0.0716537685910481}, {""block"": ""rsma"", ""rho"": 65536.0, ""gain"": 0.0}, {""block"": ""star_ris"", ""rho"": 128.0, ""gain"": 0.017085567187125505}, {""block"": ""rsma"", ""rho"": 65536.0, ""gain"": 0.0}, {""block"": ""star_ris"", ""rho"": 4.0, ""gain"": 0.4829410519682611}, {""block"": ""rsma"", ""rho"": 1.0, ""gain"": 0.0}, {""block"": ""star_ris"", ""rho"": 8.0, ""gain"": 0.1741536643275161}, {""block"": ""rsma"", ""rho"": 1.0, ""gain"": 0.0}, {""block"": ""star_ris"", ""rho"": 16.0, ""gain"": 0.07739906965101895}, {""block"": ""rsma"", ""rho"": 1.0, ""gain"": 0.0}, {""block"": ""star_ris"", ""rho"": 64.0, ""gain"": 0.01842867122453562}, {""block"": ""rsma"", ""rho"": 1.0, ""gain"": 0.0}, {""block"": ""star_ris"", ""rho"": 256.0, ""gain"": 0.004554026696448332}, {""block"": ""rsma"", ""rho"": 1.0, ""gain"": -1.7763568394002505e-15}, {""block"": ""star_ris"", ""rho"": 8.0, ""gain"": 0.00657550263955109}, {""block"": ""rsma"", ""rho"": 1.0, ""gain"": 0.0}, {""block"": ""star_ris"", ""rho"": 4.0, ""gain"": 0.023184623280428696}, {""block"": ""rsma"", ""rho"": 1.0, ""gain"": 3.552713678800501e-15}, {""block"": ""star_ris"", ""rho"": 2.0, ""gain"": 0.11946521640678398}, {""block"": ""rsma"", ""rho"": 1.0, ""gain"": 1.7763568394002505e-15}, {""block"": ""star_ris"", ""rho"": 4.0, ""gain"": 0.2660920531876467}, {""block"": ""rsma"", ""rho"": 1.0, ""gain"": 0.0}, {""block"": ""star_ris"", ""rho"": 8.0, ""gain"": 0.020181551522519214}, {""block"": ""rsma"", ""rho"": 1.0, ""gain"": -3.552713678800501e-15}, {""block"": ""star_ris"", ""rho"": 32.0, ""gain"": 0.03398694806833369}, {""block"": ""rsma"", ""rho"": 1.0, ""gain"": -1.7763568394002505e-15}, {""block"": ""star_ris"", ""rho"": 16.0, ""gain"": 0.009937987485027833}, {""block"": ""rsma"", ""rho"": 1.0, ""gain"": 3.552713678800501e-15}, {""block"": ""star_ris"", ""rho"": 8.0, ""gain"": 0.00637428177300059}, {""block"": ""rsma"", ""rho"": 1.0, ""gain"": -3.552713678800501e-15}, {""block"": ""star_ris"", ""rho"": 8.0, ""gain"": 0.04110272333010734}, {""block"": ""rsma"", ""rho"": 1.0, ""gain"": 0.0}, {""block"": ""star_ris"", ""rho"": 64.0, ""gain"": 0.0024760505784584552}, {""block"": ""rsma"", ""rho"": 1.0, ""gain"": 0.0}, {""block"": ""star_ris"", ""rho"": 32.0, ""gain"": 0.003952615083683497}, {""block"": ""rsma"", ""rho"": 1.0, ""gain"": 3.552713678800501e-15}, {""block"": ""star_ris"", ""rho"": 8.0, ""gain"": 0.026362680791940818}, {""block"": ""rsma"", ""rho"": 1.0, ""gain"": 0.0}, {""block"": ""star_ris"", ""rho"": 4.0, ""gain"": 0.0005149343220924862}]",{},2232.719301,2a8450eb5d4f6f05c03681c57cc71c0590f449be523644dbfde0384d2f23053d,fc61d5cda7da39530055bae9bd0e92865f995cd9,6ec54735c1c2c35cd253d9d3d23295783293b6d64c65204dfcab16b2d59ebbef
ao_sca,32,10000,408,test,16.26864718419555,16.26864718419555,1.0,True,0.0,10,2188,17,ao_sca_proximal_physical,analytical_ris_equal_allocation,"[1.8369808671305365, 14.65499408086868, 14.97745588444532, 15.096546193162641, 15.995376115496896, 16.05699351254453, 16.204102145525148, 16.260315339504476, 16.263085977730135, 16.267222630119115, 16.26864718419555]","[{""block"": ""rsma"", ""rho"": 1.0, ""gain"": 11.757850282716511}, {""block"": ""star_ris"", ""rho"": 1.0, ""gain"": 1.0601629310216314}, {""block"": ""rsma"", ""rho"": 65536.0, ""gain"": 0.0}, {""block"": ""star_ris"", ""rho"": 1.0, ""gain"": 0.32246180357664045}, {""block"": ""rsma"", ""rho"": 65536.0, ""gain"": 0.0}, {""block"": ""star_ris"", ""rho"": 1.0, ""gain"": 0.11909030871732185}, {""block"": ""rsma"", ""rho"": 65536.0, ""gain"": 0.0}, {""block"": ""star_ris"", ""rho"": 1.0, ""gain"": 0.8988299223342544}, {""block"": ""rsma"", ""rho"": 1.0, ""gain"": 0.0}, {""block"": ""star_ris"", ""rho"": 4.0, ""gain"": 0.061617397047633915}, {""block"": ""rsma"", ""rho"": 1.0, ""gain"": 0.0}, {""block"": ""star_ris"", ""rho"": 8.0, ""gain"": 0.14710863298061838}, {""block"": ""rsma"", ""rho"": 1.0, ""gain"": -3.552713678800501e-15}, {""block"": ""star_ris"", ""rho"": 8.0, ""gain"": 0.05621319397933178}, {""block"": ""rsma"", ""rho"": 1.0, ""gain"": 0.0}, {""block"": ""star_ris"", ""rho"": 16.0, ""gain"": 0.002770638225658928}, {""block"": ""rsma"", ""rho"": 1.0, ""gain"": 0.0}, {""block"": ""star_ris"", ""rho"": 64.0, ""gain"": 0.004136652388979201}, {""block"": ""rsma"", ""rho"": 1.0, ""gain"": 0.0}, {""block"": ""star_ris"", ""rho"": 16.0, ""gain"": 0.0014245540764363795}]",{},1154.477417,2a8450eb5d4f6f05c03681c57cc71c0590f449be523644dbfde0384d2f23053d,fc61d5cda7da39530055bae9bd0e92865f995cd9,6ec54735c1c2c35cd253d9d3d23295783293b6d64c65204dfcab16b2d59ebbef
ao_sca,32,10000,409,test,15.688603422521716,15.688603422521716,1.0,True,0.0,8,1726,13,ao_sca_proximal_physical,analytical_ris_equal_allocation,"[1.8375165249410697, 15.16777718009078, 15.493019522782891, 15.510286051710136, 15.629964906117747, 15.6390034298292, 15.67134498296237, 15.687136952411812, 15.688603422521716]","[{""block"": ""rsma"", ""rho"": 1.0, ""gain"": 13.262288860512472}, {""block"": ""star_ris"", ""rho"": 2.0, ""gain"": 0.06797179463723957}, {""block"": ""rsma"", ""rho"": 1.0, ""gain"": 0.0}, {""block"": ""star_ris"", ""rho"": 4.0, ""gain"": 0.3252423426921105}, {""block"": ""rsma"", ""rho"": 1.0, ""gain"": 0.0}, {""block"": ""star_ris"", ""rho"": 8.0, ""gain"": 0.01726652892724445}, {""block"": ""rsma"", ""rho"": 1.0, ""gain"": -3.552713678800501e-15}, {""block"": ""star_ris"", ""rho"": 8.0, ""gain"": 0.11967885440761528}, {""block"": ""rsma"", ""rho"": 1.0, ""gain"": 0.0}, {""block"": ""star_ris"", ""rho"": 16.0, ""gain"": 0.009038523711453195}, {""block"": ""rsma"", ""rho"": 1.0, ""gain"": 0.0}, {""block"": ""star_ris"", ""rho"": 32.0, ""gain"": 0.03234155313317011}, {""block"": ""rsma"", ""rho"": 1.0, ""gain"": 0.0}, {""block"": ""star_ris"", ""rho"": 64.0, ""gain"": 0.015791969449441723}, {""block"": ""rsma"", ""rho"": 1.0, ""gain"": 0.0}, {""block"": ""star_ris"", ""rho"": 32.0, ""gain"": 0.0014664701099036392}]",{},886.274894,2a8450eb5d4f6f05c03681c57cc71c0590f449be523644dbfde0384d2f23053d,fc61d5cda7da39530055bae9bd0e92865f995cd9,6ec54735c1c2c35cd253d9d3d23295783293b6d64c65204dfcab16b2d59ebbef
ao_sca,32,10000,410,test,18.48275476600482,18.48275476600482,1.0,True,0.0,15,3394,18,ao_sca_proximal_physical,analytical_ris_equal_allocation,"[1.8375257887445242, 15.036555283635543, 17.173377975408528, 17.330884497499866, 17.362149729046035, 17.37738211317287, 17.803220294911345, 18.081715712210883, 18.199239328267, 18.268938936243842, 18.32404649893314, 18.368531261119163, 18.374464731096776, 18.4322543399654, 18.48133269314817, 18.48275476600482]","[{""block"": ""rsma"", ""rho"": 1.0, ""gain"": 13.179685669878317}, {""block"": ""star_ris"", ""rho"": 4.0, ""gain"": 0.019343825012700933}, {""block"": ""rsma"", ""rho"": 2048.0, ""gain"": 1.7968368944775683}, {""block"": ""star_ris"", ""rho"": 2.0, ""gain"": 0.3399857972954159}, {""block"": ""rsma"", ""rho"": 128.0, ""gain"": 0.09150194028897829}, {""block"": ""star_ris"", ""rho"": 8.0, ""gain"": 0.06600458180236046}, {""block"": ""rsma"", ""rho"": 65536.0, ""gain"": 0.0}, {""block"": ""star_ris"", ""rho"": 16.0, ""gain"": 0.03126523154616834}, {""block"": ""rsma"", ""rho"": 65536.0, ""gain"": 0.0}, {""block"": ""star_ris"", ""rho"": 32.0, ""gain"": 0.015232384126836251}, {""block"": ""rsma"", ""rho"": 65536.0, ""gain"": 0.0}, {""block"": ""star_ris"", ""rho"": 1.0, ""gain"": 0.42583818173847376}, {""block"": ""rsma"", ""rho"": 65536.0, ""gain"": 0.0}, {""block"": ""star_ris"", ""rho"": 1.0, ""gain"": 0.2784954172995384}, {""block"": ""rsma"", ""rho"": 65536.0, ""gain"": 0.0}, {""block"": ""star_ris"", ""rho"": 1.0, ""gain"": 0.11752361605611839}, {""block"": ""rsma"", ""rho"": 65536.0, ""gain"": 0.0}, {""block"": ""star_ris"", ""rho"": 1.0, ""gain"": 0.06969960797684038}, {""block"": ""rsma"", ""rho"": 65536.0, ""gain"": 0.0}, {""block"": ""star_ris"", ""rho"": 1.0, ""gain"": 0.055107562689297396}, {""block"": ""rsma"", ""rho"": 65536.0, ""gain"": 0.0}, {""block"": ""star_ris"", ""rho"": 1.0, ""gain"": 0.044484762186023374}, {""block"": ""rsma"", ""rho"": 65536.0, ""gain"": 0.0}, {""block"": ""star_ris"", ""rho"": 1.0, ""gain"": 0.005933469977613015}, {""block"": ""rsma"", ""rho"": 65536.0, ""gain"": 0.0}, {""block"": ""star_ris"", ""rho"": 1.0, ""gain"": 0.0577896088686245}, {""block"": ""rsma"", ""rho"": 65536.0, ""gain"": 0.0}, {""block"": ""star_ris"", ""rho"": 1.0, ""gain"": 0.0490783531827681}, {""block"": ""rsma"", ""rho"": 65536.0, ""gain"": 0.0}, {""block"": ""star_ris"", ""rho"": 1.0, ""gain"": 0.001422072856652079}]",{},1792.018689,2a8450eb5d4f6f05c03681c57cc71c0590f449be523644dbfde0384d2f23053d,fc61d5cda7da39530055bae9bd0e92865f995cd9,6ec54735c1c2c35cd253d9d3d23295783293b6d64c65204dfcab16b2d59ebbef
ao_sca,32,10000,411,test,15.7168646612755,15.7168646612755,1.0,True,0.0,20,4292,38,ao_sca_proximal_physical,analytical_ris_equal_allocation,"[1.8373348894350932, 14.78936121473359, 14.837440190241875, 14.888708156824931, 15.04458164409851, 15.169938983306988, 15.212785794305693, 15.237403229934928, 15.26039429611046, 15.42488033889386, 15.519307492428876, 15.522286987275034, 15.536594108220442, 15.542020567684853, 15.581472339757587, 15.584692034125572, 15.604323560689101, 15.637748660330416, 15.672467996840364, 15.702520068693671, 15.7168646612755]","[{""block"": ""rsma"", ""rho"": 1.0, ""gain"": 12.848858050174899}, {""block"": ""star_ris"", ""rho"": 4.0, ""gain"": 0.10316827512359872}, {""block"": ""rsma"", ""rho"": 1.0, ""gain"": 0.0}, {""block"": ""star_ris"", ""rho"": 1.0, ""gain"": 0.048078975508284216}, {""block"": ""rsma"", ""rho"": 1.0, ""gain"": 0.0}, {""block"": ""star_ris"", ""rho"": 2.0, ""gain"": 0.051267966583056435}, {""block"": ""rsma"", ""rho"": 1.0, ""gain"": 0.0}, {""block"": ""star_ris"", ""rho"": 1.0, ""gain"": 0.15587348727357941}, {""block"": ""rsma"", ""rho"": 1.0, ""gain"": 0.0}, {""block"": ""star_ris"", ""rho"": 4.0, ""gain"": 0.12535733920847747}, {""block"": ""rsma"", ""rho"": 1.0, ""gain"": -1.7763568394002505e-15}, {""block"": ""star_ris"", ""rho"": 16.0, ""gain"": 0.04284681099870724}, {""block"": ""rsma"", ""rho"": 1.0, ""gain"": 0.0}, {""block"": ""star_ris"", ""rho"": 64.0, ""gain"": 0.02461743562923502}, {""block"": ""rsma"", ""rho"": 1.0, ""gain"": 0.0}, {""block"": ""star_ris"", ""rho"": 4.0, ""gain"": 0.022991066175531927}, {""block"": ""rsma"", ""rho"": 1.0, ""gain"": 1.7763568394002505e-15}, {""block"": ""star_ris"", ""rho"": 8.0, ""gain"": 0.1644860427833983}, {""block"": ""rsma"", ""rho"": 1.0, ""gain"": 0.0}, {""block"": ""star_ris"", ""rho"": 4.0, ""gain"": 0.0944271535350154}, {""block"": ""rsma"", ""rho"": 1.0, ""gain"": 0.0}, {""block"": ""star_ris"", ""rho"": 2.0, ""gain"": 0.002979494846158559}, {""block"": ""rsma"", ""rho"": 1.0, ""gain"": 0.0}, {""block"": ""star_ris"", ""rho"": 16.0, ""gain"": 0.014307120945407092}, {""block"": ""rsma"", ""rho"": 1.0, ""gain"": 0.0}, {""block"": ""star_ris"", ""rho"": 16.0, ""gain"": 0.005426459464411337}, {""block"": ""rsma"", ""rho"": 1.0, ""gain"": 1.7763568394002505e-15}, {""block"": ""star_ris"", ""rho"": 4.0, ""gain"": 0.03945177207273254}, {""block"": ""rsma"", ""rho"": 1.0, ""gain"": 0.0}, {""block"": ""star_ris"", ""rho"": 8.0, ""gain"": 0.003219694367984971}, {""block"": ""rsma"", ""rho"": 1.0, ""gain"": -1.7763568394002505e-15}, {""block"": ""star_ris"", ""rho"": 2.0, ""gain"": 0.019631526563530954}, {""block"": ""rsma"", ""rho"": 1.0, ""gain"": -1.7763568394002505e-15}, {""block"": ""star_ris"", ""rho"": 8.0, ""gain"": 0.03342509964131679}, {""block"": ""rsma"", ""rho"": 1.0, ""gain"": 0.0}, {""block"": ""star_ris"", ""rho"": 8.0, ""gain"": 0.03471933650994785}, {""block"": ""rsma"", ""rho"": 1.0, ""gain"": 1.7763568394002505e-15}, {""block"": ""star_ris"", ""rho"": 8.0, ""gain"": 0.03005207185330505}, {""block"": ""rsma"", ""rho"": 1.0, ""gain"": 0.0}, {""block"": ""star_ris"", ""rho"": 32.0, ""gain"": 0.014344592581828408}]",{},2357.769986,2a8450eb5d4f6f05c03681c57cc71c0590f449be523644dbfde0384d2f23053d,fc61d5cda7da39530055bae9bd0e92865f995cd9,6ec54735c1c2c35cd253d9d3d23295783293b6d64c65204dfcab16b2d59ebbef
ao_sca,32,10000,412,test,14.97694498938855,14.97694498938855,1.0,True,0.0,3,657,5,ao_sca_proximal_physical,analytical_ris_equal_allocation,"[1.8371732059439252, 14.325571530702673, 14.975723348006447, 14.97694498938855]","[{""block"": ""rsma"", ""rho"": 1.0, ""gain"": 12.488171873606708}, {""block"": ""star_ris"", ""rho"": 2.0, ""gain"": 0.00022645115203978605}, {""block"": ""rsma"", ""rho"": 65536.0, ""gain"": 0.0}, {""block"": ""star_ris"", ""rho"": 1.0, ""gain"": 0.6501518173037741}, {""block"": ""rsma"", ""rho"": 1.0, ""gain"": 0.0}, {""block"": ""star_ris"", ""rho"": 16.0, ""gain"": 0.0012216413821022343}]",{},327.504943,2a8450eb5d4f6f05c03681c57cc71c0590f449be523644dbfde0384d2f23053d,fc61d5cda7da39530055bae9bd0e92865f995cd9,6ec54735c1c2c35cd253d9d3d23295783293b6d64c65204dfcab16b2d59ebbef
ao_sca,32,10000,413,test,15.120718630310764,15.120718630310764,1.0,True,0.0,10,2203,16,ao_sca_proximal_physical,analytical_ris_equal_allocation,"[1.83700553324297, 13.873070887758754, 13.979590205480864, 13.985828979893583, 14.643234109034275, 14.780808704086224, 14.801858469354425, 14.873420447564385, 15.02368184975084, 15.120476632420747, 15.120718630310764]","[{""block"": ""rsma"", ""rho"": 1.0, ""gain"": 11.78282510774577}, {""block"": ""star_ris"", ""rho"": 16.0, ""gain"": 0.2532402467700141}, {""block"": ""rsma"", ""rho"": 65536.0, ""gain"": 0.0}, {""block"": ""star_ris"", ""rho"": 32.0, ""gain"": 0.10651931772211043}, {""block"": ""rsma"", ""rho"": 65536.0, ""gain"": 0.0}, {""block"": ""star_ris"", ""rho"": 512.0, ""gain"": 0.006238774412718584}, {""block"": ""rsma"", ""rho"": 65536.0, ""gain"": 0.0}, {""block"": ""star_ris"", ""rho"": 1.0, ""gain"": 0.6574051291406917}, {""block"": ""rsma"", ""rho"": 1.0, ""gain"": -1.7763568394002505e-15}, {""block"": ""star_ris"", ""rho"": 8.0, ""gain"": 0.13757459505195158}, {""block"": ""rsma"", ""rho"": 1.0, ""gain"": 0.0}, {""block"": ""star_ris"", ""rho"": 32.0, ""gain"": 0.02104976526820046}, {""block"": ""rsma"", ""rho"": 1.0, ""gain"": 1.7763568394002505e-15}, {""block"": ""star_ris"", ""rho"": 8.0, ""gain"": 0.07156197820995835}, {""block"": ""rsma"", ""rho"": 1.0, ""gain"": -1.7763568394002505e-15}, {""block"": ""star_ris"", ""rho"": 8.0, ""gain"": 0.150261402186457}, {""block"": ""rsma"", ""rho"": 1.0, ""gain"": 0.0}, {""block"": ""star_ris"", ""rho"": 4.0, ""gain"": 0.09679478266990671}, {""block"": ""rsma"", ""rho"": 1.0, ""gain"": -1.7763568394002505e-15}, {""block"": ""star_ris"", ""rho"": 8.0, ""gain"": 0.00024199789001855265}]",{},1154.905918,2a8450eb5d4f6f05c03681c57cc71c0590f449be523644dbfde0384d2f23053d,fc61d5cda7da39530055bae9bd0e92865f995cd9,6ec54735c1c2c35cd253d9d3d23295783293b6d64c65204dfcab16b2d59ebbef
ao_sca,32,10000,414,test,16.176261197013332,16.176261197013332,1.0,True,0.0,17,3659,29,ao_sca_proximal_physical,analytical_ris_equal_allocation,"[1.8374432128049856, 15.25698717296763, 15.375463604949594, 15.403179960674839, 15.416808561119831, 15.436347539797062, 15.694333093343719, 15.70137992064033, 15.811343580721637, 15.852418927172884, 15.857824737174639, 15.89672835800801, 16.026858993773157, 16.032828493022556, 16.15680061292165, 16.15981346370972, 16.175668745871214, 16.176261197013332]","[{""block"": ""rsma"", ""rho"": 1.0, ""gain"": 12.717528869636691}, {""block"": ""star_ris"", ""rho"": 4.0, ""gain"": 0.7020150905259523}, {""block"": ""rsma"", ""rho"": 1.0, ""gain"": 1.7763568394002505e-15}, {""block"": ""star_ris"", ""rho"": 16.0, ""gain"": 0.11847643198196245}, {""block"": ""rsma"", ""rho"": 1.0, ""gain"": 0.0}, {""block"": ""star_ris"", ""rho"": 64.0, ""gain"": 0.027716355725244668}, {""block"": ""rsma"", ""rho"": 1.0, ""gain"": 0.0}, {""block"": ""star_ris"", ""rho"": 128.0, ""gain"": 0.013628600444992145}, {""block"": ""rsma"", ""rho"": 1.0, ""gain"": 1.7763568394002505e-15}, {""block"": ""star_ris"", ""rho"": 2.0, ""gain"": 0.01953897867722887}, {""block"": ""rsma"", ""rho"": 1.0, ""gain"": 0.0}, {""block"": ""star_ris"", ""rho"": 4.0, ""gain"": 0.2579855535466571}, {""block"": ""rsma"", ""rho"": 1.0, ""gain"": 0.0}, {""block"": ""star_ris"", ""rho"": 2.0, ""gain"": 0.007046827296610658}, {""block"": ""rsma"", ""rho"": 1.0, ""gain"": -1.7763568394002505e-15}, {""block"": ""star_ris"", ""rho"": 2.0, ""gain"": 0.1099636600813092}, {""block"": ""rsma"", ""rho"": 1.0, ""gain"": 0.0}, {""block"": ""star_ris"", ""rho"": 8.0, ""gain"": 0.04107534645124744}, {""block"": ""rsma"", ""rho"": 1.0, ""gain"": 1.7763568394002505e-15}, {""block"": ""star_ris"", ""rho"": 4.0, ""gain"": 0.005405810001752442}, {""block"": ""rsma"", ""rho"": 1.0, ""gain"": -1.7763568394002505e-15}, {""block"": ""star_ris"", ""rho"": 4.0, ""gain"": 0.03890362083337351}, {""block"": ""rsma"", ""rho"": 1.0, ""gain"": 1.7763568394002505e-15}, {""block"": ""star_ris"", ""rho"": 4.0, ""gain"": 0.13013063576514483}, {""block"": ""rsma"", ""rho"": 1.0, ""gain"": 0.0}, {""block"": ""star_ris"", ""rho"": 4.0, ""gain"": 0.00596949924939949}, {""block"": ""rsma"", ""rho"": 1.0, ""gain"": 0.0}, {""block"": ""star_ris"", ""rho"": 4.0, ""gain"": 0.12397211989909351}, {""block"": ""rsma"", ""rho"": 1.0, ""gain"": 0.0}, {""block"": ""star_ris"", ""rho"": 32.0, ""gain"": 0.0030128507880711197}, {""block"": ""rsma"", ""rho"": 1.0, ""gain"": 0.0}, {""block"": ""star_ris"", ""rho"": 32.0, ""gain"": 0.015855282161492568}, {""block"": ""rsma"", ""rho"": 1.0, ""gain"": -3.552713678800501e-15}, {""block"": ""star_ris"", ""rho"": 128.0, ""gain"": 0.0005924511421220302}]",{},1895.503678,2a8450eb5d4f6f05c03681c57cc71c0590f449be523644dbfde0384d2f23053d,fc61d5cda7da39530055bae9bd0e92865f995cd9,6ec54735c1c2c35cd253d9d3d23295783293b6d64c65204dfcab16b2d59ebbef
ao_sca,32,10000,415,test,16.683426015153497,16.683426015153497,1.0,True,0.0,19,4195,28,ao_sca_proximal_physical,analytical_ris_equal_allocation,"[1.8361381249393862, 13.521744534460645, 15.588043242114376, 15.934157550365045, 16.119260515624468, 16.259136230187384, 16.358899245786613, 16.430612188086606, 16.47988978402166, 16.522082449298107, 16.547407800776373, 16.583538609317984, 16.6010214593913, 16.63049380293843, 16.635587710690217, 16.658642018793994, 16.664630253095634, 16.679824639751384, 16.68270377512168, 16.683426015153497]","[{""block"": ""rsma"", ""rho"": 1.0, ""gain"": 11.280439615775014}, {""block"": ""star_ris"", ""rho"": 1.0, ""gain"": 0.4051667937462433}, {""block"": ""rsma"", ""rho"": 4096.0, ""gain"": 1.568277193072877}, {""block"": ""star_ris"", ""rho"": 1.0, ""gain"": 0.498021514580854}, {""block"": ""rsma"", ""rho"": 65536.0, ""gain"": 0.0}, {""block"": ""star_ris"", ""rho"": 1.0, ""gain"": 0.34611430825066947}, {""block"": ""rsma"", ""rho"": 65536.0, ""gain"": 0.0}, {""block"": ""star_ris"", ""rho"": 1.0, ""gain"": 0.18510296525942316}, {""block"": ""rsma"", ""rho"": 65536.0, ""gain"": 0.0}, {""block"": ""star_ris"", ""rho"": 1.0, ""gain"": 0.13987571456291548}, {""block"": ""rsma"", ""rho"": 65536.0, ""gain"": 0.0}, {""block"": ""star_ris"", ""rho"": 1.0, ""gain"": 0.09976301559922973}, {""block"": ""rsma"", ""rho"": 65536.0, ""gain"": 0.0}, {""block"": ""star_ris"", ""rho"": 1.0, ""gain"": 0.07171294229999248}, {""block"": ""rsma"", ""rho"": 1.0, ""gain"": 1.4835342859953471e-05}, {""block"": ""star_ris"", ""rho"": 1.0, ""gain"": 0.04926276059219248}, {""block"": ""rsma"", ""rho"": 65536.0, ""gain"": 0.0}, {""block"": ""star_ris"", ""rho"": 1.0, ""gain"": 0.04219266527644905}, {""block"": ""rsma"", ""rho"": 1.0, ""gain"": 0.0001607210260594627}, {""block"": ""star_ris"", ""rho"": 1.0, ""gain"": 0.025164630452206183}, {""block"": ""rsma"", ""rho"": 65536.0, ""gain"": 0.0}, {""block"": ""star_ris"", ""rho"": 1.0, ""gain"": 0.03613080854161055}, {""block"": ""rsma"", ""rho"": 1.0, ""gain"": 0.00016278973489747273}, {""block"": ""star_ris"", ""rho"": 1.0, ""gain"": 0.017320060338420262}, {""block"": ""rsma"", ""rho"": 65536.0, ""gain"": 0.0}, {""block"": ""star_ris"", ""rho"": 1.0, ""gain"": 0.029472343547130464}, {""block"": ""rsma"", ""rho"": 1.0, ""gain"": 0.00014881157147428326}, {""block"": ""star_ris"", ""rho"": 1.0, ""gain"": 0.004945096180311026}, {""block"": ""rsma"", ""rho"": 65536.0, ""gain"": 0.0}, {""block"": ""star_ris"", ""rho"": 1.0, ""gain"": 0.023054308103777288}, {""block"": ""rsma"", ""rho"": 1.0, ""gain"": 0.00011999884901570113}, {""block"": ""star_ris"", ""rho"": 1.0, ""gain"": 0.005868235452624049}, {""block"": ""rsma"", ""rho"": 65536.0, ""gain"": 0.0}, {""block"": ""star_ris"", ""rho"": 1.0, ""gain"": 0.015194386655750236}, {""block"": ""rsma"", ""rho"": 1.0, ""gain"": 7.570692348579655e-05}, {""block"": ""star_ris"", ""rho"": 2.0, ""gain"": 0.0028034284468105852}, {""block"": ""rsma"", ""rho"": 1.0, ""gain"": 6.706254494304176e-05}, {""block"": ""star_ris"", ""rho"": 8.0, ""gain"": 0.0006551774868732707}]",{},2156.471233,2a8450eb5d4f6f05c03681c57cc71c0590f449be523644dbfde0384d2f23053d,fc61d5cda7da39530055bae9bd0e92865f995cd9,6ec54735c1c2c35cd253d9d3d23295783293b6d64c65204dfcab16b2d59ebbef
ao_sca,32,10000,416,test,16.258942664964586,16.258942664964586,1.0,True,0.0,20,4283,31,ao_sca_proximal_physical,analytical_ris_equal_allocation,"[1.8375966362112623, 15.66511492208802, 15.711505288783986, 15.74340399863491, 15.764285659597476, 15.796491880014827, 15.849260978780215, 15.885042266422765, 15.952343672574818, 15.962932802024444, 15.971309949855174, 15.978568987852324, 16.004472983672404, 16.09495110672634, 16.108077274920788, 16.13676839590894, 16.179127399247434, 16.21322910523662, 16.234758778156788, 16.243153821006732, 16.258942664964586]","[{""block"": ""rsma"", ""rho"": 1.0, ""gain"": 13.820240076807394}, {""block"": ""star_ris"", ""rho"": 16.0, ""gain"": 0.007278209069362163}, {""block"": ""rsma"", ""rho"": 1.0, ""gain"": 0.0}, {""block"": ""star_ris"", ""rho"": 8.0, ""gain"": 0.046390366695966634}, {""block"": ""rsma"", ""rho"": 1.0, ""gain"": 0.0}, {""block"": ""star_ris"", ""rho"": 8.0, ""gain"": 0.03189870985092469}, {""block"": ""rsma"", ""rho"": 1.0, ""gain"": 0.0}, {""block"": ""star_ris"", ""rho"": 4.0, ""gain"": 0.020881660962565718}, {""block"": ""rsma"", ""rho"": 1.0, ""gain"": 0.0}, {""block"": ""star_ris"", ""rho"": 4.0, ""gain"": 0.03220622041735055}, {""block"": ""rsma"", ""rho"": 1.0, ""gain"": 0.0}, {""block"": ""star_ris"", ""rho"": 4.0, ""gain"": 0.05276909876538838}, {""block"": ""rsma"", ""rho"": 1.0, ""gain"": 0.0}, {""block"": ""star_ris"", ""rho"": 4.0, ""gain"": 0.03578128764254984}, {""block"": ""rsma"", ""rho"": 1.0, ""gain"": -1.7763568394002505e-15}, {""block"": ""star_ris"", ""rho"": 4.0, ""gain"": 0.06730140615205471}, {""block"": ""rsma"", ""rho"": 1.0, ""gain"": 5.329070518200751e-15}, {""block"": ""star_ris"", ""rho"": 4.0, ""gain"": 0.010589129449620316}, {""block"": ""rsma"", ""rho"": 1.0, ""gain"": 0.0}, {""block"": ""star_ris"", ""rho"": 2.0, ""gain"": 0.00837714783073018}, {""block"": ""rsma"", ""rho"": 1.0, ""gain"": 0.0}, {""block"": ""star_ris"", ""rho"": 2.0, ""gain"": 0.007259037997149775}, {""block"": ""rsma"", ""rho"": 1.0, ""gain"": 0.0}, {""block"": ""star_ris"", ""rho"": 4.0, ""gain"": 0.025903995820080183}, {""block"": ""rsma"", ""rho"": 1.0, ""gain"": 0.0}, {""block"": ""star_ris"", ""rho"": 4.0, ""gain"": 0.09047812305393776}, {""block"": ""rsma"", ""rho"": 1.0, ""gain"": 0.0}, {""block"": ""star_ris"", ""rho"": 2.0, ""gain"": 0.013126168194446564}, {""block"": ""rsma"", ""rho"": 1.0, ""gain"": 0.0}, {""block"": ""star_ris"", ""rho"": 2.0, ""gain"": 0.028691120988153074}, {""block"": ""rsma"", ""rho"": 1.0, ""gain"": 0.0}, {""block"": ""star_ris"", ""rho"": 8.0, ""gain"": 0.042359003338493295}, {""block"": ""rsma"", ""rho"": 1.0, ""gain"": 0.0}, {""block"": ""star_ris"", ""rho"": 4.0, ""gain"": 0.034101705989186826}, {""block"": ""rsma"", ""rho"": 1.0, ""gain"": 0.0}, {""block"": ""star_ris"", ""rho"": 4.0, ""gain"": 0.02152967292016683}, {""block"": ""rsma"", ""rho"": 1.0, ""gain"": 0.0}, {""block"": ""star_ris"", ""rho"": 8.0, ""gain"": 0.00839504284994419}, {""block"": ""rsma"", ""rho"": 1.0, ""gain"": 0.0}, {""block"": ""star_ris"", ""rho"": 4.0, ""gain"": 0.015788843957853516}]",{},2217.804569,2a8450eb5d4f6f05c03681c57cc71c0590f449be523644dbfde0384d2f23053d,fc61d5cda7da39530055bae9bd0e92865f995cd9,6ec54735c1c2c35cd253d9d3d23295783293b6d64c65204dfcab16b2d59ebbef
ao_sca,32,10000,417,test,15.588693136838833,15.588693136838833,1.0,True,0.0,15,3244,27,ao_sca_proximal_physical,analytical_ris_equal_allocation,"[1.8369084115326826, 14.470915363609208, 14.612822807315247, 15.140580998835187, 15.147240179035354, 15.160717619153862, 15.214282980326644, 15.307943666353435, 15.314301047001393, 15.40465139057807, 15.442076179482374, 15.454441816984447, 15.503211324681853, 15.533299673952051, 15.588327928067311, 15.588693136838831]","[{""block"": ""rsma"", ""rho"": 1.0, ""gain"": 11.589446815080652}, {""block"": ""star_ris"", ""rho"": 1.0, ""gain"": 1.044560136995873}, {""block"": ""rsma"", ""rho"": 65536.0, ""gain"": 0.0}, {""block"": ""star_ris"", ""rho"": 8.0, ""gain"": 0.1419074437060388}, {""block"": ""rsma"", ""rho"": 1.0, ""gain"": -1.7763568394002505e-15}, {""block"": ""star_ris"", ""rho"": 16.0, ""gain"": 0.5277581915199416}, {""block"": ""rsma"", ""rho"": 1.0, ""gain"": 0.0}, {""block"": ""star_ris"", ""rho"": 128.0, ""gain"": 0.006659180200166759}, {""block"": ""rsma"", ""rho"": 1.0, ""gain"": 0.0}, {""block"": ""star_ris"", ""rho"": 8.0, ""gain"": 0.01347744011850871}, {""block"": ""rsma"", ""rho"": 1.0, ""gain"": 1.7763568394002505e-15}, {""block"": ""star_ris"", ""rho"": 32.0, ""gain"": 0.053565361172779546}, {""block"": ""rsma"", ""rho"": 1.0, ""gain"": 0.0}, {""block"": ""star_ris"", ""rho"": 8.0, ""gain"": 0.09366068602679078}, {""block"": ""rsma"", ""rho"": 1.0, ""gain"": 0.0}, {""block"": ""star_ris"", ""rho"": 16.0, ""gain"": 0.006357380647958877}, {""block"": ""rsma"", ""rho"": 1.0, ""gain"": 0.0}, {""block"": ""star_ris"", ""rho"": 8.0, ""gain"": 0.09035034357667726}, {""block"": ""rsma"", ""rho"": 1.0, ""gain"": 0.0}, {""block"": ""star_ris"", ""rho"": 16.0, ""gain"": 0.03742478890430334}, {""block"": ""rsma"", ""rho"": 1.0, ""gain"": -1.7763568394002505e-15}, {""block"": ""star_ris"", ""rho"": 8.0, ""gain"": 0.012365637502075089}, {""block"": ""rsma"", ""rho"": 1.0, ""gain"": 0.0}, {""block"": ""star_ris"", ""rho"": 8.0, ""gain"": 0.048769507697405956}, {""block"": ""rsma"", ""rho"": 1.0, ""gain"": 0.0}, {""block"": ""star_ris"", ""rho"": 4.0, ""gain"": 0.030088349270197767}, {""block"": ""rsma"", ""rho"": 1.0, ""gain"": 0.0}, {""block"": ""star_ris"", ""rho"": 4.0, ""gain"": 0.055028254115260467}, {""block"": ""rsma"", ""rho"": 1.0, ""gain"": 0.0}, {""block"": ""star_ris"", ""rho"": 4.0, ""gain"": 0.0003652087715195762}]",{},1738.203858,2a8450eb5d4f6f05c03681c57cc71c0590f449be523644dbfde0384d2f23053d,fc61d5cda7da39530055bae9bd0e92865f995cd9,6ec54735c1c2c35cd253d9d3d23295783293b6d64c65204dfcab16b2d59ebbef
ao_sca,32,10000,418,test,16.281860254802297,16.281860254802297,1.0,True,0.0,10,2159,17,ao_sca_proximal_physical,analytical_ris_equal_allocation,"[1.8373679639714988, 15.75412368004437, 15.759389766273165, 15.803720509449526, 15.81567080707377, 16.095995774061, 16.235683121713436, 16.26642243302934, 16.27767556213396, 16.28046726873256, 16.281860254802297]","[{""block"": ""rsma"", ""rho"": 1.0, ""gain"": 12.322350020748416}, {""block"": ""star_ris"", ""rho"": 2.0, ""gain"": 1.594405695324454}, {""block"": ""rsma"", ""rho"": 1.0, ""gain"": 0.0}, {""block"": ""star_ris"", ""rho"": 16.0, ""gain"": 0.00526608622879543}, {""block"": ""rsma"", ""rho"": 1.0, ""gain"": 0.0}, {""block"": ""star_ris"", ""rho"": 4.0, ""gain"": 0.044330743176361764}, {""block"": ""rsma"", ""rho"": 1.0, ""gain"": 0.0}, {""block"": ""star_ris"", ""rho"": 1.0, ""gain"": 0.011950297624244044}, {""block"": ""rsma"", ""rho"": 1.0, ""gain"": 0.0}, {""block"": ""star_ris"", ""rho"": 1.0, ""gain"": 0.2803249669872283}, {""block"": ""rsma"", ""rho"": 1.0, ""gain"": 3.552713678800501e-15}, {""block"": ""star_ris"", ""rho"": 8.0, ""gain"": 0.1396873476524334}, {""block"": ""rsma"", ""rho"": 1.0, ""gain"": 0.0}, {""block"": ""star_ris"", ""rho"": 32.0, ""gain"": 0.030739311315905127}, {""block"": ""rsma"", ""rho"": 1.0, ""gain"": 0.0}, {""block"": ""star_ris"", ""rho"": 64.0, ""gain"": 0.011253129104620285}, {""block"": ""rsma"", ""rho"": 1.0, ""gain"": 0.0}, {""block"": ""star_ris"", ""rho"": 256.0, ""gain"": 0.0027917065986002854}, {""block"": ""rsma"", ""rho"": 1.0, ""gain"": 0.0}, {""block"": ""star_ris"", ""rho"": 512.0, ""gain"": 0.001392986069735258}]",{},1109.79327,2a8450eb5d4f6f05c03681c57cc71c0590f449be523644dbfde0384d2f23053d,fc61d5cda7da39530055bae9bd0e92865f995cd9,6ec54735c1c2c35cd253d9d3d23295783293b6d64c65204dfcab16b2d59ebbef
ao_sca,32,10000,419,test,18.98973380094079,18.98973380094079,1.0,True,0.0,20,4499,24,ao_sca_proximal_physical,analytical_ris_equal_allocation,"[1.83728095578776, 14.841179184796534, 15.036474044252179, 15.13936686200432, 17.725728127355143, 18.10142926032825, 18.33109247648605, 18.488854528114082, 18.592702922194512, 18.663895715121477, 18.71974734382466, 18.765699640709016, 18.802980575785373, 18.833924879615083, 18.86220169206021, 18.8878493997144, 18.91137244888864, 18.933056446620895, 18.95382547880502, 18.968845538371077, 18.98973380094079]","[{""block"": ""rsma"", ""rho"": 1.0, ""gain"": 12.293079050026169}, {""block"": ""star_ris"", ""rho"": 4.0, ""gain"": 0.7108191789826055}, {""block"": ""rsma"", ""rho"": 65536.0, ""gain"": 0.0}, {""block"": ""star_ris"", ""rho"": 4.0, ""gain"": 0.19529485945564495}, {""block"": ""rsma"", ""rho"": 65536.0, ""gain"": 0.0}, {""block"": ""star_ris"", ""rho"": 8.0, ""gain"": 0.10289281775214043}, {""block"": ""rsma"", ""rho"": 2048.0, ""gain"": 1.7501751118365085}, {""block"": ""star_ris"", ""rho"": 1.0, ""gain"": 0.8361861535143156}, {""block"": ""rsma"", ""rho"": 65536.0, ""gain"": 0.0}, {""block"": ""star_ris"", ""rho"": 1.0, ""gain"": 0.3757011329731057}, {""block"": ""rsma"", ""rho"": 65536.0, ""gain"": 0.0}, {""block"": ""star_ris"", ""rho"": 1.0, ""gain"": 0.2296632161577996}, {""block"": ""rsma"", ""rho"": 65536.0, ""gain"": 0.0}, {""block"": ""star_ris"", ""rho"": 1.0, ""gain"": 0.15776205162803336}, {""block"": ""rsma"", ""rho"": 65536.0, ""gain"": 0.0}, {""block"": ""star_ris"", ""rho"": 1.0, ""gain"": 0.10384839408042978}, {""block"": ""rsma"", ""rho"": 65536.0, ""gain"": 0.0}, {""block"": ""star_ris"", ""rho"": 1.0, ""gain"": 0.0711927929269649}, {""block"": ""rsma"", ""rho"": 65536.0, ""gain"": 0.0}, {""block"": ""star_ris"", ""rho"": 1.0, ""gain"": 0.055851628703184275}, {""block"": ""rsma"", ""rho"": 65536.0, ""gain"": 0.0}, {""block"": ""star_ris"", ""rho"": 1.0, ""gain"": 0.04595229688435509}, {""block"": ""rsma"", ""rho"": 65536.0, ""gain"": 0.0}, {""block"": ""star_ris"", ""rho"": 1.0, ""gain"": 0.03728093507635677}, {""block"": ""rsma"", ""rho"": 65536.0, ""gain"": 0.0}, {""block"": ""star_ris"", ""rho"": 1.0, ""gain"": 0.030944303829709696}, {""block"": ""rsma"", ""rho"": 65536.0, ""gain"": 0.0}, {""block"": ""star_ris"", ""rho"": 1.0, ""gain"": 0.02827681244512803}, {""block"": ""rsma"", ""rho"": 65536.0, ""gain"": 0.0}, {""block"": ""star_ris"", ""rho"": 1.0, ""gain"": 0.025647707654190555}, {""block"": ""rsma"", ""rho"": 65536.0, ""gain"": 0.0}, {""block"": ""star_ris"", ""rho"": 1.0, ""gain"": 0.023523049174237087}, {""block"": ""rsma"", ""rho"": 65536.0, ""gain"": 0.0}, {""block"": ""star_ris"", ""rho"": 1.0, ""gain"": 0.021683997732257154}, {""block"": ""rsma"", ""rho"": 65536.0, ""gain"": 0.0}, {""block"": ""star_ris"", ""rho"": 1.0, ""gain"": 0.020769032184123404}, {""block"": ""rsma"", ""rho"": 1.0, ""gain"": 0.00010125817981432306}, {""block"": ""star_ris"", ""rho"": 1.0, ""gain"": 0.01491880138624424}, {""block"": ""rsma"", ""rho"": 1.0, ""gain"": 1.968052577439039e-05}, {""block"": ""star_ris"", ""rho"": 1.0, ""gain"": 0.02086858204393849}]",{},2446.176568,2a8450eb5d4f6f05c03681c57cc71c0590f449be523644dbfde0384d2f23053d,fc61d5cda7da39530055bae9bd0e92865f995cd9,6ec54735c1c2c35cd253d9d3d23295783293b6d64c65204dfcab16b2d59ebbef
ao_sca,32,10000,420,test,18.73044311402461,18.73044311402461,1.0,True,0.0,20,4548,22,ao_sca_proximal_physical,analytical_ris_equal_allocation,"[1.837528102863892, 15.209691205364075, 17.012299026251352, 17.11024358325251, 17.133034881156505, 17.138638354604506, 17.739748254552225, 18.063913706869933, 18.065998121109065, 18.290131576874067, 18.397179150836507, 18.475114110248395, 18.539070348608906, 18.592767115060425, 18.627901495231743, 18.655488782643786, 18.667772453780085, 18.68653173853537, 18.707203187605433, 18.71933643924301, 18.730443114024606]","[{""block"": ""rsma"", ""rho"": 1.0, ""gain"": 13.077840166368906}, {""block"": ""star_ris"", ""rho"": 4.0, ""gain"": 0.2943229361312767}, {""block"": ""rsma"", ""rho"": 1024.0, ""gain"": 1.5668126728322687}, {""block"": ""star_ris"", ""rho"": 4.0, ""gain"": 0.23579514805500779}, {""block"": ""rsma"", ""rho"": 65536.0, ""gain"": 0.0}, {""block"": ""star_ris"", ""rho"": 8.0, ""gain"": 0.0979445570011599}, {""block"": ""rsma"", ""rho"": 65536.0, ""gain"": 0.0}, {""block"": ""star_ris"", ""rho"": 32.0, ""gain"": 0.022791297903992813}, {""block"": ""rsma"", ""rho"": 65536.0, ""gain"": 0.0}, {""block"": ""star_ris"", ""rho"": 128.0, ""gain"": 0.005603473448001495}, {""block"": ""rsma"", ""rho"": 65536.0, ""gain"": 0.0}, {""block"": ""star_ris"", ""rho"": 1.0, ""gain"": 0.6011098999477191}, {""block"": ""rsma"", ""rho"": 65536.0, ""gain"": 0.0}, {""block"": ""star_ris"", ""rho"": 1.0, ""gain"": 0.32416545231770755}, {""block"": ""rsma"", ""rho"": 65536.0, ""gain"": 0.0}, {""block"": ""star_ris"", ""rho"": 128.0, ""gain"": 0.00208441423913186}, {""block"": ""rsma"", ""rho"": 65536.0, ""gain"": 0.0}, {""block"": ""star_ris"", ""rho"": 1.0, ""gain"": 0.22413345576500276}, {""block"": ""rsma"", ""rho"": 65536.0, ""gain"": 0.0}, {""block"": ""star_ris"", ""rho"": 1.0, ""gain"": 0.10704757396243991}, {""block"": ""rsma"", ""rho"": 65536.0, ""gain"": 0.0}, {""block"": ""star_ris"", ""rho"": 1.0, ""gain"": 0.07793495941188766}, {""block"": ""rsma"", ""rho"": 65536.0, ""gain"": 0.0}, {""block"": ""star_ris"", ""rho"": 1.0, ""gain"": 0.06395623836051101}, {""block"": ""rsma"", ""rho"": 65536.0, ""gain"": 0.0}, {""block"": ""star_ris"", ""rho"": 1.0, ""gain"": 0.05369676645151955}, {""block"": ""rsma"", ""rho"": 65536.0, ""gain"": 0.0}, {""block"": ""star_ris"", ""rho"": 1.0, ""gain"": 0.03513438017131776}, {""block"": ""rsma"", ""rho"": 65536.0, ""gain"": 0.0}, {""block"": ""star_ris"", ""rho"": 1.0, ""gain"": 0.027587287412043082}, {""block"": ""rsma"", ""rho"": 65536.0, ""gain"": 0.0}, {""block"": ""star_ris"", ""rho"": 2.0, ""gain"": 0.01228367113629858}, {""block"": ""rsma"", ""rho"": 65536.0, ""gain"": 0.0}, {""block"": ""star_ris"", ""rho"": 1.0, ""gain"": 0.018759284755283545}, {""block"": ""rsma"", ""rho"": 65536.0, ""gain"": 0.0}, {""block"": ""star_ris"", ""rho"": 1.0, ""gain"": 0.020671449070064796}, {""block"": ""rsma"", ""rho"": 65536.0, ""gain"": 0.0}, {""block"": ""star_ris"", ""rho"": 1.0, ""gain"": 0.012133251637575171}, {""block"": ""rsma"", ""rho"": 65536.0, ""gain"": 0.0}, {""block"": ""star_ris"", ""rho"": 1.0, ""gain"": 0.011106674781597548}]",{},2388.67265,2a8450eb5d4f6f05c03681c57cc71c0590f449be523644dbfde0384d2f23053d,fc61d5cda7da39530055bae9bd0e92865f995cd9,6ec54735c1c2c35cd253d9d3d23295783293b6d64c65204dfcab16b2d59ebbef
ao_sca,32,10000,421,test,16.225433892734284,16.225433892734284,1.0,True,0.0,12,2595,18,ao_sca_proximal_physical,analytical_ris_equal_allocation,"[1.8375841528570265, 15.359594837147984, 15.402221720855431, 15.412559836612077, 15.415125476481968, 15.583529197967149, 15.82478651598174, 15.826526995648475, 15.996665255486826, 16.11405458287664, 16.14552414185776, 16.224553601983892, 16.225433892734284]","[{""block"": ""rsma"", ""rho"": 1.0, ""gain"": 13.32549369646177}, {""block"": ""star_ris"", ""rho"": 8.0, ""gain"": 0.19651698782918814}, {""block"": ""rsma"", ""rho"": 1.0, ""gain"": 0.0}, {""block"": ""star_ris"", ""rho"": 32.0, ""gain"": 0.04262688370744705}, {""block"": ""rsma"", ""rho"": 1.0, ""gain"": 0.0}, {""block"": ""star_ris"", ""rho"": 128.0, ""gain"": 0.010338115756646005}, {""block"": ""rsma"", ""rho"": 1.0, ""gain"": 0.0}, {""block"": ""star_ris"", ""rho"": 512.0, ""gain"": 0.002565639869891001}, {""block"": ""rsma"", ""rho"": 1.0, ""gain"": 0.0}, {""block"": ""star_ris"", ""rho"": 2.0, ""gain"": 0.16840372148518057}, {""block"": ""rsma"", ""rho"": 1.0, ""gain"": 0.0}, {""block"": ""star_ris"", ""rho"": 4.0, ""gain"": 0.2412573180145916}, {""block"": ""rsma"", ""rho"": 1.0, ""gain"": 0.0}, {""block"": ""star_ris"", ""rho"": 512.0, ""gain"": 0.001740479666734629}, {""block"": ""rsma"", ""rho"": 1.0, ""gain"": 0.0}, {""block"": ""star_ris"", ""rho"": 2.0, ""gain"": 0.1701382598383514}, {""block"": ""rsma"", ""rho"": 1.0, ""gain"": 0.0}, {""block"": ""star_ris"", ""rho"": 8.0, ""gain"": 0.11738932738981411}, {""block"": ""rsma"", ""rho"": 1.0, ""gain"": 0.0}, {""block"": ""star_ris"", ""rho"": 4.0, ""gain"": 0.031469558981118695}, {""block"": ""rsma"", ""rho"": 1.0, ""gain"": 0.0}, {""block"": ""star_ris"", ""rho"": 16.0, ""gain"": 0.07902946012613299}, {""block"": ""rsma"", ""rho"": 1.0, ""gain"": -3.552713678800501e-15}, {""block"": ""star_ris"", ""rho"": 16.0, ""gain"": 0.0008802907503948632}]",{},1369.41607,2a8450eb5d4f6f05c03681c57cc71c0590f449be523644dbfde0384d2f23053d,fc61d5cda7da39530055bae9bd0e92865f995cd9,6ec54735c1c2c35cd253d9d3d23295783293b6d64c65204dfcab16b2d59ebbef
ao_sca,32,10000,422,test,15.629796124120972,15.629796124120972,1.0,True,0.0,11,2389,21,ao_sca_proximal_physical,analytical_ris_equal_allocation,"[1.8371195405419567, 14.284630004172064, 15.194010965366905, 15.438908202409518, 15.550494894147054, 15.554258820318587, 15.56678345667825, 15.585765032482756, 15.595389125329165, 15.600254141192641, 15.629021141249417, 15.629796124120972]","[{""block"": ""rsma"", ""rho"": 1.0, ""gain"": 12.200049168326137}, {""block"": ""star_ris"", ""rho"": 1.0, ""gain"": 0.2474612953039692}, {""block"": ""rsma"", ""rho"": 65536.0, ""gain"": 0.0}, {""block"": ""star_ris"", ""rho"": 1.0, ""gain"": 0.9093809611948416}, {""block"": ""rsma"", ""rho"": 1.0, ""gain"": 1.7763568394002505e-15}, {""block"": ""star_ris"", ""rho"": 32.0, ""gain"": 0.24489723704261124}, {""block"": ""rsma"", ""rho"": 1.0, ""gain"": 1.7763568394002505e-15}, {""block"": ""star_ris"", ""rho"": 2.0, ""gain"": 0.11158669173753388}, {""block"": ""rsma"", ""rho"": 1.0, ""gain"": -1.7763568394002505e-15}, {""block"": ""star_ris"", ""rho"": 8.0, ""gain"": 0.0037639261715352035}, {""block"": ""rsma"", ""rho"": 1.0, ""gain"": 1.7763568394002505e-15}, {""block"": ""star_ris"", ""rho"": 32.0, ""gain"": 0.012524636359660946}, {""block"": ""rsma"", ""rho"": 1.0, ""gain"": -1.7763568394002505e-15}, {""block"": ""star_ris"", ""rho"": 32.0, ""gain"": 0.01898157580450821}, {""block"": ""rsma"", ""rho"": 1.0, ""gain"": -1.7763568394002505e-15}, {""block"": ""star_ris"", ""rho"": 64.0, ""gain"": 0.009624092846410193}, {""block"": ""rsma"", ""rho"": 1.0, ""gain"": 0.0}, {""block"": ""star_ris"", ""rho"": 128.0, ""gain"": 0.0048650158634764296}, {""block"": ""rsma"", ""rho"": 1.0, ""gain"": 0.0}, {""block"": ""star_ris"", ""rho"": 8.0, ""gain"": 0.028767000056776126}, {""block"": ""rsma"", ""rho"": 1.0, ""gain"": -3.552713678800501e-15}, {""block"": ""star_ris"", ""rho"": 64.0, ""gain"": 0.0007749828715581941}]",{},1304.375717,2a8450eb5d4f6f05c03681c57cc71c0590f449be523644dbfde0384d2f23053d,fc61d5cda7da39530055bae9bd0e92865f995cd9,6ec54735c1c2c35cd253d9d3d23295783293b6d64c65204dfcab16b2d59ebbef
ao_sca,32,10000,423,test,16.141463099618207,16.141463099618207,1.0,True,0.0,20,4360,33,ao_sca_proximal_physical,analytical_ris_equal_allocation,"[1.8363553867867413, 13.248702392712296, 13.631562313773387, 14.20372068816894, 14.630480096933223, 15.40454406076751, 15.410624166086304, 15.525363976332503, 15.695065182728772, 15.798943655772828, 15.80729652489758, 15.819203798275023, 15.826609647349445, 15.854638089686961, 15.86956592635618, 15.899729689812702, 16.067119616952983, 16.123744304475142, 16.126897236798303, 16.129931555447616, 16.141463099618207]","[{""block"": ""rsma"", ""rho"": 1.0, ""gain"": 10.875099444997032}, {""block"": ""star_ris"", ""rho"": 16.0, ""gain"": 0.5372475609285239}, {""block"": ""rsma"", ""rho"": 65536.0, ""gain"": 0.0}, {""block"": ""star_ris"", ""rho"": 16.0, ""gain"": 0.38285992106109035}, {""block"": ""rsma"", ""rho"": 65536.0, ""gain"": 0.0}, {""block"": ""star_ris"", ""rho"": 1.0, ""gain"": 0.5721583743955527}, {""block"": ""rsma"", ""rho"": 65536.0, ""gain"": 0.0}, {""block"": ""star_ris"", ""rho"": 1.0, ""gain"": 0.4267594087642834}, {""block"": ""rsma"", ""rho"": 65536.0, ""gain"": 0.0}, {""block"": ""star_ris"", ""rho"": 1.0, ""gain"": 0.774063963834287}, {""block"": ""rsma"", ""rho"": 1.0, ""gain"": 0.0}, {""block"": ""star_ris"", ""rho"": 2.0, ""gain"": 0.006080105318794438}, {""block"": ""rsma"", ""rho"": 1.0, ""gain"": 0.0}, {""block"": ""star_ris"", ""rho"": 32.0, ""gain"": 0.11473981024619917}, {""block"": ""rsma"", ""rho"": 1.0, ""gain"": 3.552713678800501e-15}, {""block"": ""star_ris"", ""rho"": 1.0, ""gain"": 0.1697012063962653}, {""block"": ""rsma"", ""rho"": 1.0, ""gain"": 0.0}, {""block"": ""star_ris"", ""rho"": 16.0, ""gain"": 0.1038784730440554}, {""block"": ""rsma"", ""rho"": 1.0, ""gain"": 0.0}, {""block"": ""star_ris"", ""rho"": 4.0, ""gain"": 0.00835286912475297}, {""block"": ""rsma"", ""rho"": 1.0, ""gain"": -1.7763568394002505e-15}, {""block"": ""star_ris"", ""rho"": 2.0, ""gain"": 0.011907273377444128}, {""block"": ""rsma"", ""rho"": 1.0, ""gain"": -1.7763568394002505e-15}, {""block"": ""star_ris"", ""rho"": 256.0, ""gain"": 0.007405849074423543}, {""block"": ""rsma"", ""rho"": 1.0, ""gain"": 1.7763568394002505e-15}, {""block"": ""star_ris"", ""rho"": 32.0, ""gain"": 0.028028442337515003}, {""block"": ""rsma"", ""rho"": 1.0, ""gain"": 0.0}, {""block"": ""star_ris"", ""rho"": 2.0, ""gain"": 0.014927836669219374}, {""block"": ""rsma"", ""rho"": 1.0, ""gain"": -3.552713678800501e-15}, {""block"": ""star_ris"", ""rho"": 16.0, ""gain"": 0.030163763456524606}, {""block"": ""rsma"", ""rho"": 1.0, ""gain"": 1.7763568394002505e-15}, {""block"": ""star_ris"", ""rho"": 2.0, ""gain"": 0.16738992714027923}, {""block"": ""rsma"", ""rho"": 1.0, ""gain"": 0.0}, {""block"": ""star_ris"", ""rho"": 2.0, ""gain"": 0.056624687522159434}, {""block"": ""rsma"", ""rho"": 1.0, ""gain"": 0.0}, {""block"": ""star_ris"", ""rho"": 64.0, ""gain"": 0.0031529323231609396}, {""block"": ""rsma"", ""rho"": 1.0, ""gain"": 0.0}, {""block"": ""star_ris"", ""rho"": 128.0, ""gain"": 0.003034318649312695}, {""block"": ""rsma"", ""rho"": 1.0, ""gain"": 3.552713678800501e-15}, {""block"": ""star_ris"", ""rho"": 32.0, ""gain"": 0.011531544170587438}]",{},2238.250739,2a8450eb5d4f6f05c03681c57cc71c0590f449be523644dbfde0384d2f23053d,fc61d5cda7da39530055bae9bd0e92865f995cd9,6ec54735c1c2c35cd253d9d3d23295783293b6d64c65204dfcab16b2d59ebbef
ao_sca,32,10000,424,test,14.806508780738897,14.806508780738897,1.0,True,0.0,16,3492,30,ao_sca_proximal_physical,analytical_ris_equal_allocation,"[1.8359171067343203, 13.56767525851189, 13.586245950504331, 14.504390446298313, 14.557801520054515, 14.571148791373908, 14.695246293355146, 14.700451854533018, 14.710081399628946, 14.71563730744668, 14.740284755472157, 14.754444289616577, 14.784386202863118, 14.790087058437484, 14.797204956883546, 14.805548775882926, 14.806508780738895]","[{""block"": ""rsma"", ""rho"": 1.0, ""gain"": 10.460557390537353}, {""block"": ""star_ris"", ""rho"": 4.0, ""gain"": 1.271200761240216}, {""block"": ""rsma"", ""rho"": 65536.0, ""gain"": 0.0}, {""block"": ""star_ris"", ""rho"": 128.0, ""gain"": 0.018570691992440658}, {""block"": ""rsma"", ""rho"": 65536.0, ""gain"": 0.0}, {""block"": ""star_ris"", ""rho"": 2.0, ""gain"": 0.9181444957939817}, {""block"": ""rsma"", ""rho"": 1.0, ""gain"": -1.7763568394002505e-15}, {""block"": ""star_ris"", ""rho"": 8.0, ""gain"": 0.053411073756203464}, {""block"": ""rsma"", ""rho"": 1.0, ""gain"": 0.0}, {""block"": ""star_ris"", ""rho"": 8.0, ""gain"": 0.013347271319393172}, {""block"": ""rsma"", ""rho"": 1.0, ""gain"": 1.7763568394002505e-15}, {""block"": ""star_ris"", ""rho"": 4.0, ""gain"": 0.12409750198123604}, {""block"": ""rsma"", ""rho"": 1.0, ""gain"": -1.7763568394002505e-15}, {""block"": ""star_ris"", ""rho"": 64.0, ""gain"": 0.005205561177874074}, {""block"": ""rsma"", ""rho"": 1.0, ""gain"": -1.7763568394002505e-15}, {""block"": ""star_ris"", ""rho"": 128.0, ""gain"": 0.009629545095929615}, {""block"": ""rsma"", ""rho"": 1.0, ""gain"": 0.0}, {""block"": ""star_ris"", ""rho"": 32.0, ""gain"": 0.005555907817734962}, {""block"": ""rsma"", ""rho"": 1.0, ""gain"": 0.0}, {""block"": ""star_ris"", ""rho"": 16.0, ""gain"": 0.024647448025476137}, {""block"": ""rsma"", ""rho"": 1.0, ""gain"": -1.7763568394002505e-15}, {""block"": ""star_ris"", ""rho"": 16.0, ""gain"": 0.014159534144422281}, {""block"": ""rsma"", ""rho"": 1.0, ""gain"": 0.0}, {""block"": ""star_ris"", ""rho"": 8.0, ""gain"": 0.029941913246540608}, {""block"": ""rsma"", ""rho"": 1.0, ""gain"": 1.7763568394002505e-15}, {""block"": ""star_ris"", ""rho"": 64.0, ""gain"": 0.005700855574364283}, {""block"": ""rsma"", ""rho"": 1.0, ""gain"": 0.0}, {""block"": ""star_ris"", ""rho"": 8.0, ""gain"": 0.007117898446061588}, {""block"": ""rsma"", ""rho"": 1.0, ""gain"": -1.7763568394002505e-15}, {""block"": ""star_ris"", ""rho"": 64.0, ""gain"": 0.00834381899938208}, {""block"": ""rsma"", ""rho"": 1.0, ""gain"": -1.7763568394002505e-15}, {""block"": ""star_ris"", ""rho"": 128.0, ""gain"": 0.0009600048559708085}]",{},1819.753375,2a8450eb5d4f6f05c03681c57cc71c0590f449be523644dbfde0384d2f23053d,fc61d5cda7da39530055bae9bd0e92865f995cd9,6ec54735c1c2c35cd253d9d3d23295783293b6d64c65204dfcab16b2d59ebbef
ao_sca,32,10000,425,test,16.25545306854719,16.25545306854719,1.0,True,0.0,18,3927,24,ao_sca_proximal_physical,analytical_ris_equal_allocation,"[1.837341185352253, 14.557612053724592, 14.655260056231613, 14.979009794084918, 15.392038442580072, 15.948338290295158, 16.01738208025984, 16.13794958306896, 16.14543853429729, 16.16184479212109, 16.16850940312675, 16.179465687584216, 16.18892526789379, 16.23985872318131, 16.245382311214758, 16.24953199471381, 16.25199850208584, 16.253964766070546, 16.25545306854719]","[{""block"": ""rsma"", ""rho"": 1.0, ""gain"": 12.632755531648995}, {""block"": ""star_ris"", ""rho"": 8.0, ""gain"": 0.0875153367233441}, {""block"": ""rsma"", ""rho"": 65536.0, ""gain"": 0.0}, {""block"": ""star_ris"", ""rho"": 4.0, ""gain"": 0.09764800250702166}, {""block"": ""rsma"", ""rho"": 65536.0, ""gain"": 0.0}, {""block"": ""star_ris"", ""rho"": 1.0, ""gain"": 0.32374973785330496}, {""block"": ""rsma"", ""rho"": 65536.0, ""gain"": 0.0}, {""block"": ""star_ris"", ""rho"": 2.0, ""gain"": 0.4130286484951533}, {""block"": ""rsma"", ""rho"": 1.0, ""gain"": -1.7763568394002505e-15}, {""block"": ""star_ris"", ""rho"": 2.0, ""gain"": 0.5562998477150884}, {""block"": ""rsma"", ""rho"": 1.0, ""gain"": 0.0}, {""block"": ""star_ris"", ""rho"": 16.0, ""gain"": 0.06904378996468097}, {""block"": ""rsma"", ""rho"": 1.0, ""gain"": 3.552713678800501e-15}, {""block"": ""star_ris"", ""rho"": 4.0, ""gain"": 0.12056750280911643}, {""block"": ""rsma"", ""rho"": 1.0, ""gain"": 0.0}, {""block"": ""star_ris"", ""rho"": 16.0, ""gain"": 0.007488951228332041}, {""block"": ""rsma"", ""rho"": 1.0, ""gain"": 0.0}, {""block"": ""star_ris"", ""rho"": 32.0, ""gain"": 0.016406257823799564}, {""block"": ""rsma"", ""rho"": 1.0, ""gain"": 0.0}, {""block"": ""star_ris"", ""rho"": 8.0, ""gain"": 0.006664611005657406}, {""block"": ""rsma"", ""rho"": 1.0, ""gain"": 0.0}, {""block"": ""star_ris"", ""rho"": 16.0, ""gain"": 0.010956284457467547}, {""block"": ""rsma"", ""rho"": 1.0, ""gain"": 0.0}, {""block"": ""star_ris"", ""rho"": 16.0, ""gain"": 0.009459580309574278}, {""block"": ""rsma"", ""rho"": 1.0, ""gain"": 0.0}, {""block"": ""star_ris"", ""rho"": 8.0, ""gain"": 0.050933455287520246}, {""block"": ""rsma"", ""rho"": 1.0, ""gain"": 0.0}, {""block"": ""star_ris"", ""rho"": 64.0, ""gain"": 0.005523588033447879}, {""block"": ""rsma"", ""rho"": 1.0, ""gain"": 0.0}, {""block"": ""star_ris"", ""rho"": 64.0, ""gain"": 0.004149683499051093}, {""block"": ""rsma"", ""rho"": 1.0, ""gain"": 0.0}, {""block"": ""star_ris"", ""rho"": 64.0, ""gain"": 0.0024665073720306907}, {""block"": ""rsma"", ""rho"": 1.0, ""gain"": 0.0}, {""block"": ""star_ris"", ""rho"": 64.0, ""gain"": 0.001966263984705563}, {""block"": ""rsma"", ""rho"": 1.0, ""gain"": 0.0}, {""block"": ""star_ris"", ""rho"": 32.0, ""gain"": 0.001488302476644776}]",{},2081.401106,2a8450eb5d4f6f05c03681c57cc71c0590f449be523644dbfde0384d2f23053d,fc61d5cda7da39530055bae9bd0e92865f995cd9,6ec54735c1c2c35cd253d9d3d23295783293b6d64c65204dfcab16b2d59ebbef
ao_sca,32,10000,426,test,16.08717229771622,16.08717229771622,1.0,True,0.0,13,2799,26,ao_sca_proximal_physical,analytical_ris_equal_allocation,"[1.837520749672188, 15.26280089720317, 15.827457095542094, 15.91722055985785, 15.93678929029021, 15.971575897560989, 15.997567040773639, 16.01748739275171, 16.04244592269415, 16.05348564842529, 16.07495747136518, 16.083175469065615, 16.086429721432832, 16.08717229771622]","[{""block"": ""rsma"", ""rho"": 1.0, ""gain"": 13.124556981563547}, {""block"": ""star_ris"", ""rho"": 1.0, ""gain"": 0.30072316596743676}, {""block"": ""rsma"", ""rho"": 1.0, ""gain"": 1.7763568394002505e-15}, {""block"": ""star_ris"", ""rho"": 2.0, ""gain"": 0.5646561983389216}, {""block"": ""rsma"", ""rho"": 1.0, ""gain"": 0.0}, {""block"": ""star_ris"", ""rho"": 4.0, ""gain"": 0.08976346431575521}, {""block"": ""rsma"", ""rho"": 1.0, ""gain"": 0.0}, {""block"": ""star_ris"", ""rho"": 8.0, ""gain"": 0.019568730432361292}, {""block"": ""rsma"", ""rho"": 1.0, ""gain"": 1.7763568394002505e-15}, {""block"": ""star_ris"", ""rho"": 4.0, ""gain"": 0.034786607270776315}, {""block"": ""rsma"", ""rho"": 1.0, ""gain"": -1.7763568394002505e-15}, {""block"": ""star_ris"", ""rho"": 8.0, ""gain"": 0.025991143212651835}, {""block"": ""rsma"", ""rho"": 1.0, ""gain"": -1.7763568394002505e-15}, {""block"": ""star_ris"", ""rho"": 16.0, ""gain"": 0.01992035197807418}, {""block"": ""rsma"", ""rho"": 1.0, ""gain"": 3.552713678800501e-15}, {""block"": ""star_ris"", ""rho"": 8.0, ""gain"": 0.024958529942434637}, {""block"": ""rsma"", ""rho"": 1.0, ""gain"": 0.0}, {""block"": ""star_ris"", ""rho"": 16.0, ""gain"": 0.011039725731141203}, {""block"": ""rsma"", ""rho"": 1.0, ""gain"": 3.552713678800501e-15}, {""block"": ""star_ris"", ""rho"": 8.0, ""gain"": 0.02147182293988692}, {""block"": ""rsma"", ""rho"": 1.0, ""gain"": 0.0}, {""block"": ""star_ris"", ""rho"": 64.0, ""gain"": 0.00821799770043441}, {""block"": ""rsma"", ""rho"": 1.0, ""gain"": 0.0}, {""block"": ""star_ris"", ""rho"": 64.0, ""gain"": 0.003254252367216992}, {""block"": ""rsma"", ""rho"": 1.0, ""gain"": 3.552713678800501e-15}, {""block"": ""star_ris"", ""rho"": 32.0, ""gain"": 0.00074257628338259}]",{},1455.454174,2a8450eb5d4f6f05c03681c57cc71c0590f449be523644dbfde0384d2f23053d,fc61d5cda7da39530055bae9bd0e92865f995cd9,6ec54735c1c2c35cd253d9d3d23295783293b6d64c65204dfcab16b2d59ebbef
ao_sca,32,10000,427,test,18.645034672396147,18.645034672396147,1.0,True,0.0,15,3407,18,ao_sca_proximal_physical,analytical_ris_equal_allocation,"[1.8373761082656137, 14.548902943918135, 14.61592578984695, 14.78799797054749, 14.85697822225483, 15.417064755249283, 17.138670637196608, 17.884820577496427, 18.148901815452586, 18.336106325088327, 18.47702794623072, 18.505565895820922, 18.512435743940078, 18.61200104388884, 18.644070854487705, 18.645034672396147]","[{""block"": ""rsma"", ""rho"": 1.0, ""gain"": 12.597197158090411}, {""block"": ""star_ris"", ""rho"": 4.0, ""gain"": 0.11432967756210921}, {""block"": ""rsma"", ""rho"": 65536.0, ""gain"": 0.0}, {""block"": ""star_ris"", ""rho"": 4.0, ""gain"": 0.06702284592881469}, {""block"": ""rsma"", ""rho"": 65536.0, ""gain"": 0.0}, {""block"": ""star_ris"", ""rho"": 16.0, ""gain"": 0.17207218070054076}, {""block"": ""rsma"", ""rho"": 65536.0, ""gain"": 0.0}, {""block"": ""star_ris"", ""rho"": 2.0, ""gain"": 0.06898025170733924}, {""block"": ""rsma"", ""rho"": 65536.0, ""gain"": 0.0}, {""block"": ""star_ris"", ""rho"": 4.0, ""gain"": 0.560086532994454}, {""block"": ""rsma"", ""rho"": 512.0, ""gain"": 1.7119687102689252}, {""block"": ""star_ris"", ""rho"": 64.0, ""gain"": 0.00963717167839917}, {""block"": ""rsma"", ""rho"": 128.0, ""gain"": 0.2314490980608177}, {""block"": ""star_ris"", ""rho"": 1.0, ""gain"": 0.5147008422390016}, {""block"": ""rsma"", ""rho"": 65536.0, ""gain"": 0.0}, {""block"": ""star_ris"", ""rho"": 1.0, ""gain"": 0.2640812379561588}, {""block"": ""rsma"", ""rho"": 65536.0, ""gain"": 0.0}, {""block"": ""star_ris"", ""rho"": 1.0, ""gain"": 0.1872045096357411}, {""block"": ""rsma"", ""rho"": 65536.0, ""gain"": 0.0}, {""block"": ""star_ris"", ""rho"": 1.0, ""gain"": 0.14092162114239315}, {""block"": ""rsma"", ""rho"": 65536.0, ""gain"": 0.0}, {""block"": ""star_ris"", ""rho"": 4.0, ""gain"": 0.02853794959020206}, {""block"": ""rsma"", ""rho"": 65536.0, ""gain"": 0.0}, {""block"": ""star_ris"", ""rho"": 16.0, ""gain"": 0.006869848119155364}, {""block"": ""rsma"", ""rho"": 65536.0, ""gain"": 0.0}, {""block"": ""star_ris"", ""rho"": 1.0, ""gain"": 0.09956529994876107}, {""block"": ""rsma"", ""rho"": 65536.0, ""gain"": 0.0}, {""block"": ""star_ris"", ""rho"": 1.0, ""gain"": 0.032069810598866155}, {""block"": ""rsma"", ""rho"": 65536.0, ""gain"": 0.0}, {""block"": ""star_ris"", ""rho"": 128.0, ""gain"": 0.0009638179084419107}]",{},1763.789778,2a8450eb5d4f6f05c03681c57cc71c0590f449be523644dbfde0384d2f23053d,fc61d5cda7da39530055bae9bd0e92865f995cd9,6ec54735c1c2c35cd253d9d3d23295783293b6d64c65204dfcab16b2d59ebbef
ao_sca,32,10000,428,test,15.45493067797686,15.45493067797686,1.0,True,0.0,7,1532,12,ao_sca_proximal_physical,analytical_ris_equal_allocation,"[1.8369200544325552, 13.76900352659398, 14.255966140958469, 15.117026353192138, 15.32637975155388, 15.430596109277326, 15.45473073135035, 15.454930677976861]","[{""block"": ""rsma"", ""rho"": 1.0, ""gain"": 11.888893102141948}, {""block"": ""star_ris"", ""rho"": 2.0, ""gain"": 0.04319037001947734}, {""block"": ""rsma"", ""rho"": 65536.0, ""gain"": 0.0}, {""block"": ""star_ris"", ""rho"": 1.0, ""gain"": 0.4869626143644883}, {""block"": ""rsma"", ""rho"": 65536.0, ""gain"": 0.0}, {""block"": ""star_ris"", ""rho"": 1.0, ""gain"": 0.861060212233669}, {""block"": ""rsma"", ""rho"": 1.0, ""gain"": 3.552713678800501e-15}, {""block"": ""star_ris"", ""rho"": 32.0, ""gain"": 0.20935339836173839}, {""block"": ""rsma"", ""rho"": 1.0, ""gain"": 3.552713678800501e-15}, {""block"": ""star_ris"", ""rho"": 4.0, ""gain"": 0.10421635772344295}, {""block"": ""rsma"", ""rho"": 1.0, ""gain"": -1.7763568394002505e-15}, {""block"": ""star_ris"", ""rho"": 128.0, ""gain"": 0.02413462207302608}, {""block"": ""rsma"", ""rho"": 1.0, ""gain"": -3.552713678800501e-15}, {""block"": ""star_ris"", ""rho"": 4.0, ""gain"": 0.0001999466265143468}]",{},885.877378,2a8450eb5d4f6f05c03681c57cc71c0590f449be523644dbfde0384d2f23053d,fc61d5cda7da39530055bae9bd0e92865f995cd9,6ec54735c1c2c35cd253d9d3d23295783293b6d64c65204dfcab16b2d59ebbef
ao_sca,32,10000,429,test,15.688426493738058,15.688426493738058,1.0,True,0.0,5,1082,10,ao_sca_proximal_physical,analytical_ris_equal_allocation,"[1.837567571812767, 15.454252031556232, 15.679197273686272, 15.684802938505525, 15.687936101629317, 15.688426493738058]","[{""block"": ""rsma"", ""rho"": 1.0, ""gain"": 13.477932572191818}, {""block"": ""star_ris"", ""rho"": 4.0, ""gain"": 0.13875188755164558}, {""block"": ""rsma"", ""rho"": 1.0, ""gain"": 1.7763568394002505e-15}, {""block"": ""star_ris"", ""rho"": 8.0, ""gain"": 0.22494524213003864}, {""block"": ""rsma"", ""rho"": 1.0, ""gain"": 0.0}, {""block"": ""star_ris"", ""rho"": 8.0, ""gain"": 0.0056056648192530645}, {""block"": ""rsma"", ""rho"": 1.0, ""gain"": -1.7763568394002505e-15}, {""block"": ""star_ris"", ""rho"": 128.0, ""gain"": 0.0031331631237936364}, {""block"": ""rsma"", ""rho"": 1.0, ""gain"": 1.7763568394002505e-15}, {""block"": ""star_ris"", ""rho"": 64.0, ""gain"": 0.000490392108739357}]",{},575.945774,2a8450eb5d4f6f05c03681c57cc71c0590f449be523644dbfde0384d2f23053d,fc61d5cda7da39530055bae9bd0e92865f995cd9,6ec54735c1c2c35cd253d9d3d23295783293b6d64c65204dfcab16b2d59ebbef
ao_sca,32,10000,430,test,17.952863269985116,17.952863269985116,1.0,True,0.0,20,4524,22,ao_sca_proximal_physical,analytical_ris_equal_allocation,"[1.8373241484224168, 14.605083793026802, 14.740715964806315, 16.856722340115105, 17.239563562085063, 17.416276831925114, 17.535106283838214, 17.634965703766778, 17.68820176180411, 17.730336134514726, 17.76754073390887, 17.798029576425222, 17.824313135055053, 17.8493035873417, 17.869799761646846, 17.87901485508497, 17.89616643526166, 17.91221440852033, 17.926755654412283, 17.94047447100951, 17.952863269985116]","[{""block"": ""rsma"", ""rho"": 1.0, ""gain"": 12.74036409501736}, {""block"": ""star_ris"", ""rho"": 4.0, ""gain"": 0.02739554958702506}, {""block"": ""rsma"", ""rho"": 65536.0, ""gain"": 0.0}, {""block"": ""star_ris"", ""rho"": 2.0, ""gain"": 0.1356321717795126}, {""block"": ""rsma"", ""rho"": 512.0, ""gain"": 1.1024811607568346}, {""block"": ""star_ris"", ""rho"": 1.0, ""gain"": 1.0135252145519562}, {""block"": ""rsma"", ""rho"": 65536.0, ""gain"": 0.0}, {""block"": ""star_ris"", ""rho"": 1.0, ""gain"": 0.38284122196995796}, {""block"": ""rsma"", ""rho"": 65536.0, ""gain"": 0.0}, {""block"": ""star_ris"", ""rho"": 1.0, ""gain"": 0.1767132698400502}, {""block"": ""rsma"", ""rho"": 65536.0, ""gain"": 0.0}, {""block"": ""star_ris"", ""rho"": 1.0, ""gain"": 0.11882945191310057}, {""block"": ""rsma"", ""rho"": 65536.0, ""gain"": 0.0}, {""block"": ""star_ris"", ""rho"": 1.0, ""gain"": 0.0998594199285634}, {""block"": ""rsma"", ""rho"": 65536.0, ""gain"": 0.0}, {""block"": ""star_ris"", ""rho"": 1.0, ""gain"": 0.053236058037331446}, {""block"": ""rsma"", ""rho"": 65536.0, ""gain"": 0.0}, {""block"": ""star_ris"", ""rho"": 1.0, ""gain"": 0.04213437271061693}, {""block"": ""rsma"", ""rho"": 65536.0, ""gain"": 0.0}, {""block"": ""star_ris"", ""rho"": 1.0, ""gain"": 0.03720459939414411}, {""block"": ""rsma"", ""rho"": 65536.0, ""gain"": 0.0}, {""block"": ""star_ris"", ""rho"": 1.0, ""gain"": 0.030488842516351866}, {""block"": ""rsma"", ""rho"": 65536.0, ""gain"": 0.0}, {""block"": ""star_ris"", ""rho"": 1.0, ""gain"": 0.02628355862983156}, {""block"": ""rsma"", ""rho"": 65536.0, ""gain"": 0.0}, {""block"": ""star_ris"", ""rho"": 1.0, ""gain"": 0.02499045228664798}, {""block"": ""rsma"", ""rho"": 65536.0, ""gain"": 0.0}, {""block"": ""star_ris"", ""rho"": 1.0, ""gain"": 0.020496174305144166}, {""block"": ""rsma"", ""rho"": 65536.0, ""gain"": 0.0}, {""block"": ""star_ris"", ""rho"": 2.0, ""gain"": 0.009215093438125876}, {""block"": ""rsma"", ""rho"": 65536.0, ""gain"": 0.0}, {""block"": ""star_ris"", ""rho"": 1.0, ""gain"": 0.017151580176687276}, {""block"": ""rsma"", ""rho"": 65536.0, ""gain"": 0.0}, {""block"": ""star_ris"", ""rho"": 1.0, ""gain"": 0.016047973258672243}, {""block"": ""rsma"", ""rho"": 65536.0, ""gain"": 0.0}, {""block"": ""star_ris"", ""rho"": 1.0, ""gain"": 0.014541245891951604}, {""block"": ""rsma"", ""rho"": 65536.0, ""gain"": 0.0}, {""block"": ""star_ris"", ""rho"": 1.0, ""gain"": 0.01371881659722618}, {""block"": ""rsma"", ""rho"": 65536.0, ""gain"": 0.0}, {""block"": ""star_ris"", ""rho"": 1.0, ""gain"": 0.012388798975607074}]",{},2403.653368,2a8450eb5d4f6f05c03681c57cc71c0590f449be523644dbfde0384d2f23053d,fc61d5cda7da39530055bae9bd0e92865f995cd9,6ec54735c1c2c35cd253d9d3d23295783293b6d64c65204dfcab16b2d59ebbef
ao_sca,32,10000,431,test,16.04322123874211,16.04322123874211,1.0,True,0.0,15,3233,27,ao_sca_proximal_physical,analytical_ris_equal_allocation,"[1.8375743952464652, 15.65852241637462, 15.711826342743953, 15.728466915755652, 15.780854608399178, 15.79348061458385, 15.799733793582844, 15.80975057553316, 15.837512359915838, 15.872874452419998, 15.911335552656805, 15.997874941209972, 16.017678364579655, 16.021763500977382, 16.041737020387323, 16.04322123874211]","[{""block"": ""rsma"", ""rho"": 1.0, ""gain"": 13.125875924558642}, {""block"": ""star_ris"", ""rho"": 2.0, ""gain"": 0.695072096569513}, {""block"": ""rsma"", ""rho"": 1.0, ""gain"": 1.7763568394002505e-15}, {""block"": ""star_ris"", ""rho"": 8.0, ""gain"": 0.05330392636933112}, {""block"": ""rsma"", ""rho"": 1.0, ""gain"": -1.7763568394002505e-15}, {""block"": ""star_ris"", ""rho"": 8.0, ""gain"": 0.016640573011700965}, {""block"": ""rsma"", ""rho"": 1.0, ""gain"": 1.7763568394002505e-15}, {""block"": ""star_ris"", ""rho"": 16.0, ""gain"": 0.052387692643524275}, {""block"": ""rsma"", ""rho"": 1.0, ""gain"": 0.0}, {""block"": ""star_ris"", ""rho"": 64.0, ""gain"": 0.012626006184671468}, {""block"": ""rsma"", ""rho"": 1.0, ""gain"": -3.552713678800501e-15}, {""block"": ""star_ris"", ""rho"": 128.0, ""gain"": 0.00625317899899791}, {""block"": ""rsma"", ""rho"": 1.0, ""gain"": 3.552713678800501e-15}, {""block"": ""star_ris"", ""rho"": 4.0, ""gain"": 0.010016781950312748}, {""block"": ""rsma"", ""rho"": 1.0, ""gain"": 0.0}, {""block"": ""star_ris"", ""rho"": 8.0, ""gain"": 0.027761784382677845}, {""block"": ""rsma"", ""rho"": 1.0, ""gain"": 0.0}, {""block"": ""star_ris"", ""rho"": 4.0, ""gain"": 0.03536209250416}, {""block"": ""rsma"", ""rho"": 1.0, ""gain"": -1.7763568394002505e-15}, {""block"": ""star_ris"", ""rho"": 8.0, ""gain"": 0.03846110023680893}, {""block"": ""rsma"", ""rho"": 1.0, ""gain"": 0.0}, {""block"": ""star_ris"", ""rho"": 8.0, ""gain"": 0.08653938855316667}, {""block"": ""rsma"", ""rho"": 1.0, ""gain"": 0.0}, {""block"": ""star_ris"", ""rho"": 16.0, ""gain"": 0.01980342336968377}, {""block"": ""rsma"", ""rho"": 1.0, ""gain"": -3.552713678800501e-15}, {""block"": ""star_ris"", ""rho"": 16.0, ""gain"": 0.004085136397730338}, {""block"": ""rsma"", ""rho"": 1.0, ""gain"": 0.0}, {""block"": ""star_ris"", ""rho"": 32.0, ""gain"": 0.019973519409941076}, {""block"": ""rsma"", ""rho"": 1.0, ""gain"": 0.0}, {""block"": ""star_ris"", ""rho"": 4.0, ""gain"": 0.001484218354786293}]",{},1657.578485,2a8450eb5d4f6f05c03681c57cc71c0590f449be523644dbfde0384d2f23053d,fc61d5cda7da39530055bae9bd0e92865f995cd9,6ec54735c1c2c35cd253d9d3d23295783293b6d64c65204dfcab16b2d59ebbef
ao_sca,32,10000,432,test,15.210072370809565,15.210072370809565,1.0,True,0.0,2,435,4,ao_sca_proximal_physical,analytical_ris_equal_allocation,"[1.8371803438839645, 15.209329906779555, 15.210072370809563]","[{""block"": ""rsma"", ""rho"": 1.0, ""gain"": 12.202990287977373}, {""block"": ""star_ris"", ""rho"": 2.0, ""gain"": 1.1691592749182167}, {""block"": ""rsma"", ""rho"": 1.0, ""gain"": 0.0}, {""block"": ""star_ris"", ""rho"": 512.0, ""gain"": 0.0007424640300079943}]",{},225.225654,2a8450eb5d4f6f05c03681c57cc71c0590f449be523644dbfde0384d2f23053d,fc61d5cda7da39530055bae9bd0e92865f995cd9,6ec54735c1c2c35cd253d9d3d23295783293b6d64c65204dfcab16b2d59ebbef
ao_sca,32,10000,433,test,18.32912582674149,18.32912582674149,1.0,True,0.0,20,4529,22,ao_sca_proximal_physical,analytical_ris_equal_allocation,"[1.837426203853454, 14.876506647692734, 17.41294255848543, 17.62764518657253, 17.782653090598817, 17.844198958102652, 17.87301667537636, 17.88697423864711, 17.989739598089596, 18.06127274344442, 18.126462883796542, 18.169158513635793, 18.20598947210687, 18.238241017021927, 18.26012025476337, 18.277745967131693, 18.292960961243878, 18.305723269759742, 18.31465755084033, 18.322442237161976, 18.329125826741492]","[{""block"": ""rsma"", ""rho"": 1.0, ""gain"": 12.963456952396069}, {""block"": ""star_ris"", ""rho"": 1.0, ""gain"": 0.07562349144321168}, {""block"": ""rsma"", ""rho"": 4096.0, ""gain"": 2.2198111355140444}, {""block"": ""star_ris"", ""rho"": 1.0, ""gain"": 0.31662477527865107}, {""block"": ""rsma"", ""rho"": 65536.0, ""gain"": 0.0}, {""block"": ""star_ris"", ""rho"": 1.0, ""gain"": 0.2147026280870996}, {""block"": ""rsma"", ""rho"": 65536.0, ""gain"": 0.0}, {""block"": ""star_ris"", ""rho"": 1.0, ""gain"": 0.15500790402628795}, {""block"": ""rsma"", ""rho"": 65536.0, ""gain"": 0.0}, {""block"": ""star_ris"", ""rho"": 2.0, ""gain"": 0.06154586750383473}, {""block"": ""rsma"", ""rho"": 65536.0, ""gain"": 0.0}, {""block"": ""star_ris"", ""rho"": 4.0, ""gain"": 0.02881771727370719}, {""block"": ""rsma"", ""rho"": 65536.0, ""gain"": 0.0}, {""block"": ""star_ris"", ""rho"": 8.0, ""gain"": 0.013957563270750484}, {""block"": ""rsma"", ""rho"": 65536.0, ""gain"": 0.0}, {""block"": ""star_ris"", ""rho"": 1.0, ""gain"": 0.10276535944248621}, {""block"": ""rsma"", ""rho"": 65536.0, ""gain"": 0.0}, {""block"": ""star_ris"", ""rho"": 1.0, ""gain"": 0.0715331453548238}, {""block"": ""rsma"", ""rho"": 65536.0, ""gain"": 0.0}, {""block"": ""star_ris"", ""rho"": 1.0, ""gain"": 0.06519014035212223}, {""block"": ""rsma"", ""rho"": 65536.0, ""gain"": 0.0}, {""block"": ""star_ris"", ""rho"": 1.0, ""gain"": 0.042695629839251126}, {""block"": ""rsma"", ""rho"": 65536.0, ""gain"": 0.0}, {""block"": ""star_ris"", ""rho"": 1.0, ""gain"": 0.036830958471078645}, {""block"": ""rsma"", ""rho"": 65536.0, ""gain"": 0.0}, {""block"": ""star_ris"", ""rho"": 1.0, ""gain"": 0.032251544915055774}, {""block"": ""rsma"", ""rho"": 65536.0, ""gain"": 0.0}, {""block"": ""star_ris"", ""rho"": 1.0, ""gain"": 0.02187923774144096}, {""block"": ""rsma"", ""rho"": 65536.0, ""gain"": 0.0}, {""block"": ""star_ris"", ""rho"": 1.0, ""gain"": 0.017625712368324997}, {""block"": ""rsma"", ""rho"": 65536.0, ""gain"": 0.0}, {""block"": ""star_ris"", ""rho"": 1.0, ""gain"": 0.015214994112184854}, {""block"": ""rsma"", ""rho"": 65536.0, ""gain"": 0.0}, {""block"": ""star_ris"", ""rho"": 1.0, ""gain"": 0.012762308515863907}, {""block"": ""rsma"", ""rho"": 65536.0, ""gain"": 0.0}, {""block"": ""star_ris"", ""rho"": 1.0, ""gain"": 0.008934281080588136}, {""block"": ""rsma"", ""rho"": 65536.0, ""gain"": 0.0}, {""block"": ""star_ris"", ""rho"": 1.0, ""gain"": 0.007784686321645751}, {""block"": ""rsma"", ""rho"": 65536.0, ""gain"": 0.0}, {""block"": ""star_ris"", ""rho"": 1.0, ""gain"": 0.006683589579516536}]",{},2363.666728,2a8450eb5d4f6f05c03681c57cc71c0590f449be523644dbfde0384d2f23053d,fc61d5cda7da39530055bae9bd0e92865f995cd9,6ec54735c1c2c35cd253d9d3d23295783293b6d64c65204dfcab16b2d59ebbef
ao_sca,32,10000,434,test,16.849725268024827,16.849725268024827,1.0,True,0.0,19,4079,38,ao_sca_proximal_physical,analytical_ris_equal_allocation,"[1.8376447643813847, 15.652119777502358, 15.84121553215332, 15.923879215676571, 15.943439007411758, 16.003678123322263, 16.11315937988049, 16.31667475685197, 16.328554087826216, 16.419721830464297, 16.503728728246383, 16.664240373675952, 16.680603740812142, 16.751739873172895, 16.756857640689812, 16.79885851860743, 16.81985941652323, 16.826807182838333, 16.8486661771637, 16.849725268024827]","[{""block"": ""rsma"", ""rho"": 1.0, ""gain"": 13.251714911942132}, {""block"": ""star_ris"", ""rho"": 4.0, ""gain"": 0.5627601011788421}, {""block"": ""rsma"", ""rho"": 1.0, ""gain"": -1.7763568394002505e-15}, {""block"": ""star_ris"", ""rho"": 8.0, ""gain"": 0.18909575465096395}, {""block"": ""rsma"", ""rho"": 1.0, ""gain"": 0.0}, {""block"": ""star_ris"", ""rho"": 16.0, ""gain"": 0.0826636835232506}, {""block"": ""rsma"", ""rho"": 1.0, ""gain"": 0.0}, {""block"": ""star_ris"", ""rho"": 64.0, ""gain"": 0.01955979173518685}, {""block"": ""rsma"", ""rho"": 1.0, ""gain"": 0.0}, {""block"": ""star_ris"", ""rho"": 4.0, ""gain"": 0.06023911591050535}, {""block"": ""rsma"", ""rho"": 1.0, ""gain"": 3.552713678800501e-15}, {""block"": ""star_ris"", ""rho"": 4.0, ""gain"": 0.10948125655822238}, {""block"": ""rsma"", ""rho"": 1.0, ""gain"": 0.0}, {""block"": ""star_ris"", ""rho"": 2.0, ""gain"": 0.20351537697148103}, {""block"": ""rsma"", ""rho"": 1.0, ""gain"": 3.552713678800501e-15}, {""block"": ""star_ris"", ""rho"": 4.0, ""gain"": 0.011879330974242208}, {""block"": ""rsma"", ""rho"": 1.0, ""gain"": 3.552713678800501e-15}, {""block"": ""star_ris"", ""rho"": 2.0, ""gain"": 0.0911677426380777}, {""block"": ""rsma"", ""rho"": 1.0, ""gain"": 0.0}, {""block"": ""star_ris"", ""rho"": 2.0, ""gain"": 0.08400689778208559}, {""block"": ""rsma"", ""rho"": 1.0, ""gain"": 0.0}, {""block"": ""star_ris"", ""rho"": 4.0, ""gain"": 0.16051164542956897}, {""block"": ""rsma"", ""rho"": 1.0, ""gain"": 0.0}, {""block"": ""star_ris"", ""rho"": 4.0, ""gain"": 0.01636336713619002}, {""block"": ""rsma"", ""rho"": 1.0, ""gain"": -3.552713678800501e-15}, {""block"": ""star_ris"", ""rho"": 2.0, ""gain"": 0.07113613236075622}, {""block"": ""rsma"", ""rho"": 1.0, ""gain"": 0.0}, {""block"": ""star_ris"", ""rho"": 16.0, ""gain"": 0.005117767516917837}, {""block"": ""rsma"", ""rho"": 1.0, ""gain"": 0.0}, {""block"": ""star_ris"", ""rho"": 8.0, ""gain"": 0.042000877917619306}, {""block"": ""rsma"", ""rho"": 1.0, ""gain"": 0.0}, {""block"": ""star_ris"", ""rho"": 8.0, ""gain"": 0.021000897915797623}, {""block"": ""rsma"", ""rho"": 1.0, ""gain"": 0.0}, {""block"": ""star_ris"", ""rho"": 4.0, ""gain"": 0.006947766315104076}, {""block"": ""rsma"", ""rho"": 1.0, ""gain"": 0.0}, {""block"": ""star_ris"", ""rho"": 16.0, ""gain"": 0.021858994325366865}, {""block"": ""rsma"", ""rho"": 1.0, ""gain"": -3.552713678800501e-15}, {""block"": ""star_ris"", ""rho"": 32.0, ""gain"": 0.0010590908611298744}]",{},2182.194227,2a8450eb5d4f6f05c03681c57cc71c0590f449be523644dbfde0384d2f23053d,fc61d5cda7da39530055bae9bd0e92865f995cd9,6ec54735c1c2c35cd253d9d3d23295783293b6d64c65204dfcab16b2d59ebbef
ao_sca,32,10000,435,test,15.47614516650196,15.47614516650196,1.0,True,0.0,4,872,7,ao_sca_proximal_physical,analytical_ris_equal_allocation,"[1.837165720808809, 15.335708003295826, 15.472600036342872, 15.475393776296759, 15.47614516650196]","[{""block"": ""rsma"", ""rho"": 1.0, ""gain"": 11.765266867400857}, {""block"": ""star_ris"", ""rho"": 1.0, ""gain"": 1.73327541508616}, {""block"": ""rsma"", ""rho"": 1.0, ""gain"": 0.0}, {""block"": ""star_ris"", ""rho"": 32.0, ""gain"": 0.13689203304704556}, {""block"": ""rsma"", ""rho"": 1.0, ""gain"": 0.0}, {""block"": ""star_ris"", ""rho"": 128.0, ""gain"": 0.0027937399538870977}, {""block"": ""rsma"", ""rho"": 1.0, ""gain"": 0.0}, {""block"": ""star_ris"", ""rho"": 2048.0, ""gain"": 0.0007513902052007637}]",{},438.218367,2a8450eb5d4f6f05c03681c57cc71c0590f449be523644dbfde0384d2f23053d,fc61d5cda7da39530055bae9bd0e92865f995cd9,6ec54735c1c2c35cd253d9d3d23295783293b6d64c65204dfcab16b2d59ebbef
ao_sca,32,10000,436,test,17.202691275405858,17.202691275405858,1.0,True,0.0,20,4524,22,ao_sca_proximal_physical,analytical_ris_equal_allocation,"[1.8372687425451006, 14.578517941405266, 16.338008975179687, 16.3656182832049, 16.597084513553167, 16.727804934461254, 16.810760592813, 16.879186881096174, 16.93038048114399, 16.97411359651563, 17.0126725421308, 17.047113369072328, 17.07821632847749, 17.104822801797845, 17.12741227176368, 17.144728642895082, 17.158963101368776, 17.17216975364319, 17.1846062494905, 17.19396991315355, 17.202691275405858]","[{""block"": ""rsma"", ""rho"": 1.0, ""gain"": 12.577999054940628}, {""block"": ""star_ris"", ""rho"": 1.0, ""gain"": 0.1632501439195373}, {""block"": ""rsma"", ""rho"": 512.0, ""gain"": 1.3220042416033841}, {""block"": ""star_ris"", ""rho"": 1.0, ""gain"": 0.43748679217103614}, {""block"": ""rsma"", ""rho"": 65536.0, ""gain"": 0.0}, {""block"": ""star_ris"", ""rho"": 16.0, ""gain"": 0.027609308025212442}, {""block"": ""rsma"", ""rho"": 65536.0, ""gain"": 0.0}, {""block"": ""star_ris"", ""rho"": 1.0, ""gain"": 0.23146623034826774}, {""block"": ""rsma"", ""rho"": 65536.0, ""gain"": 0.0}, {""block"": ""star_ris"", ""rho"": 1.0, ""gain"": 0.13072042090808722}, {""block"": ""rsma"", ""rho"": 65536.0, ""gain"": 0.0}, {""block"": ""star_ris"", ""rho"": 1.0, ""gain"": 0.08295565835174656}, {""block"": ""rsma"", ""rho"": 65536.0, ""gain"": 0.0}, {""block"": ""star_ris"", ""rho"": 1.0, ""gain"": 0.06842628828317388}, {""block"": ""rsma"", ""rho"": 65536.0, ""gain"": 0.0}, {""block"": ""star_ris"", ""rho"": 1.0, ""gain"": 0.051193600047817256}, {""block"": ""rsma"", ""rho"": 65536.0, ""gain"": 0.0}, {""block"": ""star_ris"", ""rho"": 1.0, ""gain"": 0.043733115371637155}, {""block"": ""rsma"", ""rho"": 65536.0, ""gain"": 0.0}, {""block"": ""star_ris"", ""rho"": 1.0, ""gain"": 0.038558945615172036}, {""block"": ""rsma"", ""rho"": 65536.0, ""gain"": 0.0}, {""block"": ""star_ris"", ""rho"": 1.0, ""gain"": 0.034440826941526836}, {""block"": ""rsma"", ""rho"": 65536.0, ""gain"": 0.0}, {""block"": ""star_ris"", ""rho"": 1.0, ""gain"": 0.031102959405163944}, {""block"": ""rsma"", ""rho"": 65536.0, ""gain"": 0.0}, {""block"": ""star_ris"", ""rho"": 1.0, ""gain"": 0.02660647332035282}, {""block"": ""rsma"", ""rho"": 65536.0, ""gain"": 0.0}, {""block"": ""star_ris"", ""rho"": 1.0, ""gain"": 0.022589469965836884}, {""block"": ""rsma"", ""rho"": 65536.0, ""gain"": 0.0}, {""block"": ""star_ris"", ""rho"": 1.0, ""gain"": 0.017316371131400388}, {""block"": ""rsma"", ""rho"": 65536.0, ""gain"": 0.0}, {""block"": ""star_ris"", ""rho"": 1.0, ""gain"": 0.014234458473694644}, {""block"": ""rsma"", ""rho"": 65536.0, ""gain"": 0.0}, {""block"": ""star_ris"", ""rho"": 1.0, ""gain"": 0.013206652274412534}, {""block"": ""rsma"", ""rho"": 65536.0, ""gain"": 0.0}, {""block"": ""star_ris"", ""rho"": 1.0, ""gain"": 0.01243649584731088}, {""block"": ""rsma"", ""rho"": 65536.0, ""gain"": 0.0}, {""block"": ""star_ris"", ""rho"": 1.0, ""gain"": 0.009363663663048527}, {""block"": ""rsma"", ""rho"": 65536.0, ""gain"": 0.0}, {""block"": ""star_ris"", ""rho"": 1.0, ""gain"": 0.008721362252309461}]",{},2329.044616,2a8450eb5d4f6f05c03681c57cc71c0590f449be523644dbfde0384d2f23053d,fc61d5cda7da39530055bae9bd0e92865f995cd9,6ec54735c1c2c35cd253d9d3d23295783293b6d64c65204dfcab16b2d59ebbef
ao_sca,32,10000,437,test,17.759403061991257,17.759403061991257,1.0,True,0.0,20,4546,23,ao_sca_proximal_physical,analytical_ris_equal_allocation,"[1.836176498928791, 14.063013053342939, 14.091658963377764, 14.432601085314996, 14.495230318552496, 14.690820479416505, 14.956865768005757, 15.845222426286515, 16.66180199245524, 16.669480596021366, 16.88886887095257, 17.03445355738643, 17.13855561278287, 17.235285984559653, 17.340524433435665, 17.457323476517978, 17.5849287227668, 17.711880382402725, 17.741474055018326, 17.755857637598297, 17.759403061991257]","[{""block"": ""rsma"", ""rho"": 1.0, ""gain"": 10.70151522034279}, {""block"": ""star_ris"", ""rho"": 4.0, ""gain"": 1.5253213340713572}, {""block"": ""rsma"", ""rho"": 65536.0, ""gain"": 0.0}, {""block"": ""star_ris"", ""rho"": 8.0, ""gain"": 0.028645910034825306}, {""block"": ""rsma"", ""rho"": 65536.0, ""gain"": 0.0}, {""block"": ""star_ris"", ""rho"": 8.0, ""gain"": 0.34094212193723195}, {""block"": ""rsma"", ""rho"": 65536.0, ""gain"": 0.0}, {""block"": ""star_ris"", ""rho"": 8.0, ""gain"": 0.0626292332374998}, {""block"": ""rsma"", ""rho"": 65536.0, ""gain"": 0.0}, {""block"": ""star_ris"", ""rho"": 1.0, ""gain"": 0.19559016086400938}, {""block"": ""rsma"", ""rho"": 65536.0, ""gain"": 0.0}, {""block"": ""star_ris"", ""rho"": 8.0, ""gain"": 0.26604528858925214}, {""block"": ""rsma"", ""rho"": 1024.0, ""gain"": 0.6826031920346782}, {""block"": ""star_ris"", ""rho"": 2.0, ""gain"": 0.2057534662460796}, {""block"": ""rsma"", ""rho"": 128.0, ""gain"": 0.7848228042315029}, {""block"": ""star_ris"", ""rho"": 8.0, ""gain"": 0.031756761937220546}, {""block"": ""rsma"", ""rho"": 65536.0, ""gain"": 0.0}, {""block"": ""star_ris"", ""rho"": 32.0, ""gain"": 0.007678603566127151}, {""block"": ""rsma"", ""rho"": 65536.0, ""gain"": 0.0}, {""block"": ""star_ris"", ""rho"": 1.0, ""gain"": 0.21938827493120527}, {""block"": ""rsma"", ""rho"": 65536.0, ""gain"": 0.0}, {""block"": ""star_ris"", ""rho"": 1.0, ""gain"": 0.14558468643386036}, {""block"": ""rsma"", ""rho"": 65536.0, ""gain"": 0.0}, {""block"": ""star_ris"", ""rho"": 1.0, ""gain"": 0.10410205539643869}, {""block"": ""rsma"", ""rho"": 65536.0, ""gain"": 0.0}, {""block"": ""star_ris"", ""rho"": 1.0, ""gain"": 0.09673037177678268}, {""block"": ""rsma"", ""rho"": 65536.0, ""gain"": 0.0}, {""block"": ""star_ris"", ""rho"": 1.0, ""gain"": 0.10523844887601186}, {""block"": ""rsma"", ""rho"": 65536.0, ""gain"": 0.0}, {""block"": ""star_ris"", ""rho"": 1.0, ""gain"": 0.11679904308231315}, {""block"": ""rsma"", ""rho"": 65536.0, ""gain"": 0.0}, {""block"": ""star_ris"", ""rho"": 1.0, ""gain"": 0.12760524624882308}, {""block"": ""rsma"", ""rho"": 65536.0, ""gain"": 0.0}, {""block"": ""star_ris"", ""rho"": 1.0, ""gain"": 0.12695165963592459}, {""block"": ""rsma"", ""rho"": 65536.0, ""gain"": 0.0}, {""block"": ""star_ris"", ""rho"": 4.0, ""gain"": 0.029593672615600752}, {""block"": ""rsma"", ""rho"": 65536.0, ""gain"": 0.0}, {""block"": ""star_ris"", ""rho"": 8.0, ""gain"": 0.014383582579970522}, {""block"": ""rsma"", ""rho"": 65536.0, ""gain"": 0.0}, {""block"": ""star_ris"", ""rho"": 32.0, ""gain"": 0.0035454243929606832}]",{},2389.947877,2a8450eb5d4f6f05c03681c57cc71c0590f449be523644dbfde0384d2f23053d,fc61d5cda7da39530055bae9bd0e92865f995cd9,6ec54735c1c2c35cd253d9d3d23295783293b6d64c65204dfcab16b2d59ebbef
ao_sca,32,10000,438,test,15.834723820351176,15.834723820351176,1.0,True,0.0,19,4142,32,ao_sca_proximal_physical,analytical_ris_equal_allocation,"[1.8373149489301868, 14.519846103763522, 14.78250955923929, 15.646926532419563, 15.650792981892565, 15.656164923880281, 15.66147181660633, 15.705852927204159, 15.725810450041449, 15.741844880656481, 15.744326793033904, 15.765347173741011, 15.770142251307103, 15.793207412178312, 15.798601033727065, 15.809024756475804, 15.822802642493263, 15.82589906157661, 15.83348372841868, 15.834723820351176]","[{""block"": ""rsma"", ""rho"": 1.0, ""gain"": 12.661653797479895}, {""block"": ""star_ris"", ""rho"": 2.0, ""gain"": 0.020877357353439763}, {""block"": ""rsma"", ""rho"": 65536.0, ""gain"": 0.0}, {""block"": ""star_ris"", ""rho"": 1.0, ""gain"": 0.26266345547576897}, {""block"": ""rsma"", ""rho"": 65536.0, ""gain"": 0.0}, {""block"": ""star_ris"", ""rho"": 2.0, ""gain"": 0.8644169731802727}, {""block"": ""rsma"", ""rho"": 1.0, ""gain"": 0.0}, {""block"": ""star_ris"", ""rho"": 64.0, ""gain"": 0.00386644947300141}, {""block"": ""rsma"", ""rho"": 1.0, ""gain"": 0.0}, {""block"": ""star_ris"", ""rho"": 16.0, ""gain"": 0.005371941987716511}, {""block"": ""rsma"", ""rho"": 1.0, ""gain"": -1.7763568394002505e-15}, {""block"": ""star_ris"", ""rho"": 16.0, ""gain"": 0.0053068927260504495}, {""block"": ""rsma"", ""rho"": 1.0, ""gain"": 0.0}, {""block"": ""star_ris"", ""rho"": 8.0, ""gain"": 0.04438111059782912}, {""block"": ""rsma"", ""rho"": 1.0, ""gain"": 0.0}, {""block"": ""star_ris"", ""rho"": 32.0, ""gain"": 0.019957522837289687}, {""block"": ""rsma"", ""rho"": 1.0, ""gain"": 0.0}, {""block"": ""star_ris"", ""rho"": 16.0, ""gain"": 0.016034430615032846}, {""block"": ""rsma"", ""rho"": 1.0, ""gain"": -1.7763568394002505e-15}, {""block"": ""star_ris"", ""rho"": 16.0, ""gain"": 0.0024819123774246776}, {""block"": ""rsma"", ""rho"": 1.0, ""gain"": 1.7763568394002505e-15}, {""block"": ""star_ris"", ""rho"": 32.0, ""gain"": 0.02102038070710499}, {""block"": ""rsma"", ""rho"": 1.0, ""gain"": 0.0}, {""block"": ""star_ris"", ""rho"": 128.0, ""gain"": 0.0047950775660918765}, {""block"": ""rsma"", ""rho"": 1.0, ""gain"": 0.0}, {""block"": ""star_ris"", ""rho"": 8.0, ""gain"": 0.02306516087120869}, {""block"": ""rsma"", ""rho"": 1.0, ""gain"": 0.0}, {""block"": ""star_ris"", ""rho"": 16.0, ""gain"": 0.005393621548753558}, {""block"": ""rsma"", ""rho"": 1.0, ""gain"": 0.0}, {""block"": ""star_ris"", ""rho"": 64.0, ""gain"": 0.010423722748738484}, {""block"": ""rsma"", ""rho"": 1.0, ""gain"": 0.0}, {""block"": ""star_ris"", ""rho"": 32.0, ""gain"": 0.01377788601745955}, {""block"": ""rsma"", ""rho"": 1.0, ""gain"": 0.0}, {""block"": ""star_ris"", ""rho"": 128.0, ""gain"": 0.003096419083346902}, {""block"": ""rsma"", ""rho"": 1.0, ""gain"": 0.0}, {""block"": ""star_ris"", ""rho"": 64.0, ""gain"": 0.007584666842069154}, {""block"": ""rsma"", ""rho"": 1.0, ""gain"": -1.7763568394002505e-15}, {""block"": ""star_ris"", ""rho"": 256.0, ""gain"": 0.0012400919324981885}]",{},2076.51026,2a8450eb5d4f6f05c03681c57cc71c0590f449be523644dbfde0384d2f23053d,fc61d5cda7da39530055bae9bd0e92865f995cd9,6ec54735c1c2c35cd253d9d3d23295783293b6d64c65204dfcab16b2d59ebbef
ao_sca,32,10000,439,test,16.554009608167167,16.554009608167167,1.0,True,0.0,14,3020,21,ao_sca_proximal_physical,analytical_ris_equal_allocation,"[1.8377169577020278, 15.988307763951509, 16.028065127655037, 16.07657060301392, 16.184723799664226, 16.187857517270505, 16.197432641423994, 16.308735823836408, 16.375267380529092, 16.395622078623912, 16.41409247902127, 16.423115252260683, 16.428439008349724, 16.55289081022996, 16.554009608167167]","[{""block"": ""rsma"", ""rho"": 1.0, ""gain"": 13.733427868065167}, {""block"": ""star_ris"", ""rho"": 4.0, ""gain"": 0.4171629381843136}, {""block"": ""rsma"", ""rho"": 1.0, ""gain"": 0.0}, {""block"": ""star_ris"", ""rho"": 32.0, ""gain"": 0.03975736370352756}, {""block"": ""rsma"", ""rho"": 1.0, ""gain"": 0.0}, {""block"": ""star_ris"", ""rho"": 4.0, ""gain"": 0.04850547535888339}, {""block"": ""rsma"", ""rho"": 1.0, ""gain"": 0.0}, {""block"": ""star_ris"", ""rho"": 16.0, ""gain"": 0.10815319665030643}, {""block"": ""rsma"", ""rho"": 1.0, ""gain"": 0.0}, {""block"": ""star_ris"", ""rho"": 512.0, ""gain"": 0.003133717606278452}, {""block"": ""rsma"", ""rho"": 1.0, ""gain"": 3.552713678800501e-15}, {""block"": ""star_ris"", ""rho"": 4.0, ""gain"": 0.009575124153485604}, {""block"": ""rsma"", ""rho"": 1.0, ""gain"": 0.0}, {""block"": ""star_ris"", ""rho"": 4.0, ""gain"": 0.11130318241241355}, {""block"": ""rsma"", ""rho"": 1.0, ""gain"": 3.552713678800501e-15}, {""block"": ""star_ris"", ""rho"": 4.0, ""gain"": 0.06653155669268074}, {""block"": ""rsma"", ""rho"": 1.0, ""gain"": 0.0}, {""block"": ""star_ris"", ""rho"": 16.0, ""gain"": 0.020354698094820378}, {""block"": ""rsma"", ""rho"": 1.0, ""gain"": 0.0}, {""block"": ""star_ris"", ""rho"": 16.0, ""gain"": 0.01847040039735859}, {""block"": ""rsma"", ""rho"": 1.0, ""gain"": 0.0}, {""block"": ""star_ris"", ""rho"": 8.0, ""gain"": 0.009022773239411919}, {""block"": ""rsma"", ""rho"": 1.0, ""gain"": 3.552713678800501e-15}, {""block"": ""star_ris"", ""rho"": 4.0, ""gain"": 0.005323756089037346}, {""block"": ""rsma"", ""rho"": 1.0, ""gain"": 0.0}, {""block"": ""star_ris"", ""rho"": 32.0, ""gain"": 0.12445180188023741}, {""block"": ""rsma"", ""rho"": 1.0, ""gain"": 0.0}, {""block"": ""star_ris"", ""rho"": 32.0, ""gain"": 0.0011187979372060397}]",{},1552.562799,2a8450eb5d4f6f05c03681c57cc71c0590f449be523644dbfde0384d2f23053d,fc61d5cda7da39530055bae9bd0e92865f995cd9,6ec54735c1c2c35cd253d9d3d23295783293b6d64c65204dfcab16b2d59ebbef
ao_sca,32,10000,440,test,18.104867324831677,18.104867324831677,1.0,True,0.0,18,4079,23,ao_sca_proximal_physical,analytical_ris_equal_allocation,"[1.8368072842427159, 14.48092499967842, 17.137320357666777, 17.248580428879016, 17.295709609968327, 17.318268352332087, 17.32379995378763, 17.40059222154018, 17.402803743740648, 17.639866805410687, 17.678806645534667, 17.697719876701555, 17.707072580498753, 17.8508334120142, 17.9505202573976, 18.020616958195856, 18.068077438297358, 18.104493036572737, 18.104867324831673]","[{""block"": ""rsma"", ""rho"": 1.0, ""gain"": 11.52535448977963}, {""block"": ""star_ris"", ""rho"": 4.0, ""gain"": 1.118763225656073}, {""block"": ""rsma"", ""rho"": 1024.0, ""gain"": 1.6076113591503844}, {""block"": ""star_ris"", ""rho"": 1.0, ""gain"": 1.0487839988379726}, {""block"": ""rsma"", ""rho"": 65536.0, ""gain"": 0.0}, {""block"": ""star_ris"", ""rho"": 4.0, ""gain"": 0.11126007121223935}, {""block"": ""rsma"", ""rho"": 65536.0, ""gain"": 0.0}, {""block"": ""star_ris"", ""rho"": 8.0, ""gain"": 0.047129181089310634}, {""block"": ""rsma"", ""rho"": 65536.0, ""gain"": 0.0}, {""block"": ""star_ris"", ""rho"": 16.0, ""gain"": 0.022558742363759876}, {""block"": ""rsma"", ""rho"": 65536.0, ""gain"": 0.0}, {""block"": ""star_ris"", ""rho"": 64.0, ""gain"": 0.005531601455544433}, {""block"": ""rsma"", ""rho"": 65536.0, ""gain"": 0.0}, {""block"": ""star_ris"", ""rho"": 4.0, ""gain"": 0.07679226775254833}, {""block"": ""rsma"", ""rho"": 65536.0, ""gain"": 0.0}, {""block"": ""star_ris"", ""rho"": 128.0, ""gain"": 0.0022115222004686075}, {""block"": ""rsma"", ""rho"": 65536.0, ""gain"": 0.0}, {""block"": ""star_ris"", ""rho"": 1.0, ""gain"": 0.23706306167003888}, {""block"": ""rsma"", ""rho"": 65536.0, ""gain"": 0.0}, {""block"": ""star_ris"", ""rho"": 4.0, ""gain"": 0.03893984012398022}, {""block"": ""rsma"", ""rho"": 65536.0, ""gain"": 0.0}, {""block"": ""star_ris"", ""rho"": 8.0, ""gain"": 0.01891323116688781}, {""block"": ""rsma"", ""rho"": 65536.0, ""gain"": 0.0}, {""block"": ""star_ris"", ""rho"": 16.0, ""gain"": 0.009352703797198103}, {""block"": ""rsma"", ""rho"": 65536.0, ""gain"": 0.0}, {""block"": ""star_ris"", ""rho"": 1.0, ""gain"": 0.14376083151544705}, {""block"": ""rsma"", ""rho"": 65536.0, ""gain"": 0.0}, {""block"": ""star_ris"", ""rho"": 1.0, ""gain"": 0.099686845383399}, {""block"": ""rsma"", ""rho"": 65536.0, ""gain"": 0.0}, {""block"": ""star_ris"", ""rho"": 1.0, ""gain"": 0.07009670079825625}, {""block"": ""rsma"", ""rho"": 32768.0, ""gain"": -9.845990689427708e-11}, {""block"": ""star_ris"", ""rho"": 1.0, ""gain"": 0.04746048019996252}, {""block"": ""rsma"", ""rho"": 1.0, ""gain"": 2.175032423679113e-05}, {""block"": ""star_ris"", ""rho"": 1.0, ""gain"": 0.03639384795114253}, {""block"": ""rsma"", ""rho"": 1.0, ""gain"": 4.7279067779015804e-05}, {""block"": ""star_ris"", ""rho"": 128.0, ""gain"": 0.0003270091911566908}]",{},2184.406389,2a8450eb5d4f6f05c03681c57cc71c0590f449be523644dbfde0384d2f23053d,fc61d5cda7da39530055bae9bd0e92865f995cd9,6ec54735c1c2c35cd253d9d3d23295783293b6d64c65204dfcab16b2d59ebbef
ao_sca,32,10000,441,test,16.069347644851067,16.069347644851067,1.0,True,0.0,13,2791,24,ao_sca_proximal_physical,analytical_ris_equal_allocation,"[1.8374767159233332, 15.304544573167147, 15.335929136353244, 15.346000984964137, 15.36692476721789, 15.548226810059298, 15.82716902379813, 15.84111700119815, 15.954041419270439, 16.02118834059548, 16.053375006390926, 16.058116189195935, 16.068937956206906, 16.069347644851067]","[{""block"": ""rsma"", ""rho"": 1.0, ""gain"": 13.197357622204784}, {""block"": ""star_ris"", ""rho"": 1.0, ""gain"": 0.2697102350390299}, {""block"": ""rsma"", ""rho"": 1.0, ""gain"": -1.7763568394002505e-15}, {""block"": ""star_ris"", ""rho"": 1.0, ""gain"": 0.031384563186097836}, {""block"": ""rsma"", ""rho"": 1.0, ""gain"": 0.0}, {""block"": ""star_ris"", ""rho"": 2.0, ""gain"": 0.010071848610893497}, {""block"": ""rsma"", ""rho"": 1.0, ""gain"": -1.7763568394002505e-15}, {""block"": ""star_ris"", ""rho"": 8.0, ""gain"": 0.020923782253754908}, {""block"": ""rsma"", ""rho"": 1.0, ""gain"": 0.0}, {""block"": ""star_ris"", ""rho"": 2.0, ""gain"": 0.18130204284140738}, {""block"": ""rsma"", ""rho"": 1.0, ""gain"": 0.0}, {""block"": ""star_ris"", ""rho"": 2.0, ""gain"": 0.27894221373883177}, {""block"": ""rsma"", ""rho"": 1.0, ""gain"": 0.0}, {""block"": ""star_ris"", ""rho"": 8.0, ""gain"": 0.013947977400020406}, {""block"": ""rsma"", ""rho"": 1.0, ""gain"": 0.0}, {""block"": ""star_ris"", ""rho"": 2.0, ""gain"": 0.11292441807228926}, {""block"": ""rsma"", ""rho"": 1.0, ""gain"": -3.552713678800501e-15}, {""block"": ""star_ris"", ""rho"": 4.0, ""gain"": 0.06714692132504396}, {""block"": ""rsma"", ""rho"": 1.0, ""gain"": 0.0}, {""block"": ""star_ris"", ""rho"": 4.0, ""gain"": 0.0321866657954466}, {""block"": ""rsma"", ""rho"": 1.0, ""gain"": 3.552713678800501e-15}, {""block"": ""star_ris"", ""rho"": 16.0, ""gain"": 0.004741182805005906}, {""block"": ""rsma"", ""rho"": 1.0, ""gain"": 0.0}, {""block"": ""star_ris"", ""rho"": 128.0, ""gain"": 0.010821767010970262}, {""block"": ""rsma"", ""rho"": 1.0, ""gain"": 0.0}, {""block"": ""star_ris"", ""rho"": 512.0, ""gain"": 0.0004096886441615766}]",{},1430.584021,2a8450eb5d4f6f05c03681c57cc71c0590f449be523644dbfde0384d2f23053d,fc61d5cda7da39530055bae9bd0e92865f995cd9,6ec54735c1c2c35cd253d9d3d23295783293b6d64c65204dfcab16b2d59ebbef
ao_sca,32,10000,442,test,15.653011847239242,15.653011847239242,1.0,True,0.0,20,4304,37,ao_sca_proximal_physical,analytical_ris_equal_allocation,"[1.8374183518090266, 14.946190915562246, 15.212255256484275, 15.270586388403007, 15.332767180372446, 15.34146440641506, 15.349389199989943, 15.386856990436641, 15.408941092274839, 15.530122529750278, 15.558212320009332, 15.580998341968725, 15.58872837886182, 15.595827982155749, 15.60375696993856, 15.614800297423997, 15.619373294175704, 15.625169980106726, 15.649342408286316, 15.652258501165239, 15.653011847239242]","[{""block"": ""rsma"", ""rho"": 1.0, ""gain"": 13.03477059386396}, {""block"": ""star_ris"", ""rho"": 2.0, ""gain"": 0.07400196988925956}, {""block"": ""rsma"", ""rho"": 1.0, ""gain"": -1.7763568394002505e-15}, {""block"": ""star_ris"", ""rho"": 2.0, ""gain"": 0.26606434092203024}, {""block"": ""rsma"", ""rho"": 1.0, ""gain"": 0.0}, {""block"": ""star_ris"", ""rho"": 4.0, ""gain"": 0.05833113191873274}, {""block"": ""rsma"", ""rho"": 1.0, ""gain"": -1.7763568394002505e-15}, {""block"": ""star_ris"", ""rho"": 2.0, ""gain"": 0.06218079196944082}, {""block"": ""rsma"", ""rho"": 1.0, ""gain"": 1.7763568394002505e-15}, {""block"": ""star_ris"", ""rho"": 4.0, ""gain"": 0.008697226042611916}, {""block"": ""rsma"", ""rho"": 1.0, ""gain"": 0.0}, {""block"": ""star_ris"", ""rho"": 2.0, ""gain"": 0.007924793574883182}, {""block"": ""rsma"", ""rho"": 1.0, ""gain"": 0.0}, {""block"": ""star_ris"", ""rho"": 16.0, ""gain"": 0.03746779044669779}, {""block"": ""rsma"", ""rho"": 1.0, ""gain"": -3.552713678800501e-15}, {""block"": ""star_ris"", ""rho"": 4.0, ""gain"": 0.02208410183820142}, {""block"": ""rsma"", ""rho"": 1.0, ""gain"": 0.0}, {""block"": ""star_ris"", ""rho"": 4.0, ""gain"": 0.12118143747543897}, {""block"": ""rsma"", ""rho"": 1.0, ""gain"": 1.7763568394002505e-15}, {""block"": ""star_ris"", ""rho"": 8.0, ""gain"": 0.02808979025905245}, {""block"": ""rsma"", ""rho"": 1.0, ""gain"": -1.7763568394002505e-15}, {""block"": ""star_ris"", ""rho"": 8.0, ""gain"": 0.022786021959394276}, {""block"": ""rsma"", ""rho"": 1.0, ""gain"": -1.7763568394002505e-15}, {""block"": ""star_ris"", ""rho"": 32.0, ""gain"": 0.0077300368930970365}, {""block"": ""rsma"", ""rho"": 1.0, ""gain"": 0.0}, {""block"": ""star_ris"", ""rho"": 16.0, ""gain"": 0.00709960329392878}, {""block"": ""rsma"", ""rho"": 1.0, ""gain"": 0.0}, {""block"": ""star_ris"", ""rho"": 8.0, ""gain"": 0.007928987782811703}, {""block"": ""rsma"", ""rho"": 1.0, ""gain"": 0.0}, {""block"": ""star_ris"", ""rho"": 32.0, ""gain"": 0.011043327485436905}, {""block"": ""rsma"", ""rho"": 1.0, ""gain"": 1.7763568394002505e-15}, {""block"": ""star_ris"", ""rho"": 32.0, ""gain"": 0.00457299675170475}, {""block"": ""rsma"", ""rho"": 1.0, ""gain"": 0.0}, {""block"": ""star_ris"", ""rho"": 16.0, ""gain"": 0.005796685931022338}, {""block"": ""rsma"", ""rho"": 1.0, ""gain"": 0.0}, {""block"": ""star_ris"", ""rho"": 16.0, ""gain"": 0.024172428179589645}, {""block"": ""rsma"", ""rho"": 1.0, ""gain"": 0.0}, {""block"": ""star_ris"", ""rho"": 32.0, ""gain"": 0.0029160928789231377}, {""block"": ""rsma"", ""rho"": 1.0, ""gain"": 0.0}, {""block"": ""star_ris"", ""rho"": 64.0, ""gain"": 0.000753346074002792}]",{},2124.629964,2a8450eb5d4f6f05c03681c57cc71c0590f449be523644dbfde0384d2f23053d,fc61d5cda7da39530055bae9bd0e92865f995cd9,6ec54735c1c2c35cd253d9d3d23295783293b6d64c65204dfcab16b2d59ebbef
ao_sca,32,10000,443,test,15.703498146634583,15.703498146634583,1.0,True,0.0,20,4313,39,ao_sca_proximal_physical,analytical_ris_equal_allocation,"[1.8372273918156472, 14.579633193406202, 15.337239695702758, 15.351361582996981, 15.391264812588942, 15.402409651478713, 15.448685032666113, 15.543872152325196, 15.570004222761968, 15.598408510924736, 15.61233427024067, 15.624212995552305, 15.628746468604389, 15.637639661263364, 15.66893955762594, 15.674231709452137, 15.6758765907727, 15.694139438612597, 15.69786663313299, 15.702145691852238, 15.703498146634585]","[{""block"": ""rsma"", ""rho"": 1.0, ""gain"": 12.575393342347006}, {""block"": ""star_ris"", ""rho"": 1.0, ""gain"": 0.16701245924354957}, {""block"": ""rsma"", ""rho"": 1.0, ""gain"": 0.0}, {""block"": ""star_ris"", ""rho"": 2.0, ""gain"": 0.7576065022965555}, {""block"": ""rsma"", ""rho"": 1.0, ""gain"": -1.7763568394002505e-15}, {""block"": ""star_ris"", ""rho"": 8.0, ""gain"": 0.014121887294225033}, {""block"": ""rsma"", ""rho"": 1.0, ""gain"": 0.0}, {""block"": ""star_ris"", ""rho"": 8.0, ""gain"": 0.039903229591960354}, {""block"": ""rsma"", ""rho"": 1.0, ""gain"": 0.0}, {""block"": ""star_ris"", ""rho"": 2.0, ""gain"": 0.011144838889771691}, {""block"": ""rsma"", ""rho"": 1.0, ""gain"": 0.0}, {""block"": ""star_ris"", ""rho"": 8.0, ""gain"": 0.04627538118739949}, {""block"": ""rsma"", ""rho"": 1.0, ""gain"": 1.7763568394002505e-15}, {""block"": ""star_ris"", ""rho"": 2.0, ""gain"": 0.09518711965908189}, {""block"": ""rsma"", ""rho"": 1.0, ""gain"": 0.0}, {""block"": ""star_ris"", ""rho"": 16.0, ""gain"": 0.02613207043677157}, {""block"": ""rsma"", ""rho"": 1.0, ""gain"": -1.7763568394002505e-15}, {""block"": ""star_ris"", ""rho"": 32.0, ""gain"": 0.028404288162770186}, {""block"": ""rsma"", ""rho"": 1.0, ""gain"": 1.7763568394002505e-15}, {""block"": ""star_ris"", ""rho"": 64.0, ""gain"": 0.01392575931593143}, {""block"": ""rsma"", ""rho"": 1.0, ""gain"": 0.0}, {""block"": ""star_ris"", ""rho"": 8.0, ""gain"": 0.011878725311635918}, {""block"": ""rsma"", ""rho"": 1.0, ""gain"": -1.7763568394002505e-15}, {""block"": ""star_ris"", ""rho"": 16.0, ""gain"": 0.0045334730520849575}, {""block"": ""rsma"", ""rho"": 1.0, ""gain"": 0.0}, {""block"": ""star_ris"", ""rho"": 16.0, ""gain"": 0.00889319265897548}, {""block"": ""rsma"", ""rho"": 1.0, ""gain"": -1.7763568394002505e-15}, {""block"": ""star_ris"", ""rho"": 8.0, ""gain"": 0.031299896362577684}, {""block"": ""rsma"", ""rho"": 1.0, ""gain"": -1.7763568394002505e-15}, {""block"": ""star_ris"", ""rho"": 16.0, ""gain"": 0.005292151826198577}, {""block"": ""rsma"", ""rho"": 1.0, ""gain"": -1.7763568394002505e-15}, {""block"": ""star_ris"", ""rho"": 32.0, ""gain"": 0.0016448813205656165}, {""block"": ""rsma"", ""rho"": 1.0, ""gain"": 0.0}, {""block"": ""star_ris"", ""rho"": 16.0, ""gain"": 0.018262847839896068}, {""block"": ""rsma"", ""rho"": 1.0, ""gain"": 1.7763568394002505e-15}, {""block"": ""star_ris"", ""rho"": 32.0, ""gain"": 0.003727194520392274}, {""block"": ""rsma"", ""rho"": 1.0, ""gain"": 0.0}, {""block"": ""star_ris"", ""rho"": 64.0, ""gain"": 0.00427905871924672}, {""block"": ""rsma"", ""rho"": 1.0, ""gain"": -1.7763568394002505e-15}, {""block"": ""star_ris"", ""rho"": 128.0, ""gain"": 0.001352454782349355}]",{},2176.754274,2a8450eb5d4f6f05c03681c57cc71c0590f449be523644dbfde0384d2f23053d,fc61d5cda7da39530055bae9bd0e92865f995cd9,6ec54735c1c2c35cd253d9d3d23295783293b6d64c65204dfcab16b2d59ebbef
ao_sca,32,10000,444,test,15.729833296845865,15.729833296845865,1.0,True,0.0,9,1934,17,ao_sca_proximal_physical,analytical_ris_equal_allocation,"[1.837416145195721, 14.866474184877287, 15.390963606311812, 15.654044141967233, 15.682221193745793, 15.684684450139498, 15.700215142806453, 15.702588761188608, 15.728404878074821, 15.729833296845865]","[{""block"": ""rsma"", ""rho"": 1.0, ""gain"": 12.983930770376775}, {""block"": ""star_ris"", ""rho"": 2.0, ""gain"": 0.04512726930479083}, {""block"": ""rsma"", ""rho"": 1.0, ""gain"": 0.0}, {""block"": ""star_ris"", ""rho"": 2.0, ""gain"": 0.5244894214345255}, {""block"": ""rsma"", ""rho"": 1.0, ""gain"": 0.0}, {""block"": ""star_ris"", ""rho"": 4.0, ""gain"": 0.2630805356554209}, {""block"": ""rsma"", ""rho"": 1.0, ""gain"": 0.0}, {""block"": ""star_ris"", ""rho"": 32.0, ""gain"": 0.02817705177855956}, {""block"": ""rsma"", ""rho"": 1.0, ""gain"": 1.7763568394002505e-15}, {""block"": ""star_ris"", ""rho"": 16.0, ""gain"": 0.0024632563937032614}, {""block"": ""rsma"", ""rho"": 1.0, ""gain"": 0.0}, {""block"": ""star_ris"", ""rho"": 16.0, ""gain"": 0.015530692666954948}, {""block"": ""rsma"", ""rho"": 1.0, ""gain"": 0.0}, {""block"": ""star_ris"", ""rho"": 4.0, ""gain"": 0.002373618382154774}, {""block"": ""rsma"", ""rho"": 1.0, ""gain"": -1.7763568394002505e-15}, {""block"": ""star_ris"", ""rho"": 16.0, ""gain"": 0.025816116886215212}, {""block"": ""rsma"", ""rho"": 1.0, ""gain"": 1.7763568394002505e-15}, {""block"": ""star_ris"", ""rho"": 4.0, ""gain"": 0.0014284187710416063}]",{},993.601566,2a8450eb5d4f6f05c03681c57cc71c0590f449be523644dbfde0384d2f23053d,fc61d5cda7da39530055bae9bd0e92865f995cd9,6ec54735c1c2c35cd253d9d3d23295783293b6d64c65204dfcab16b2d59ebbef
ao_sca,32,10000,445,test,16.461377656475985,16.461377656475985,1.0,True,0.0,20,4300,38,ao_sca_proximal_physical,analytical_ris_equal_allocation,"[1.8376576766438535, 15.752158562290052, 15.755476405712372, 15.788718702501672, 15.794772111168715, 16.099640252001514, 16.10836228628346, 16.129331092541555, 16.138290129277955, 16.21369302323782, 16.22329256059275, 16.268033849606848, 16.33980950828003, 16.348362029728413, 16.377274030932718, 16.41255746446827, 16.42627125300212, 16.433623514884555, 16.440198699836916, 16.461259314964824, 16.461377656475985]","[{""block"": ""rsma"", ""rho"": 1.0, ""gain"": 13.912997527610301}, {""block"": ""star_ris"", ""rho"": 32.0, ""gain"": 0.0015033580358974064}, {""block"": ""rsma"", ""rho"": 1.0, ""gain"": 0.0}, {""block"": ""star_ris"", ""rho"": 8.0, ""gain"": 0.003317843422319555}, {""block"": ""rsma"", ""rho"": 1.0, ""gain"": 0.0}, {""block"": ""star_ris"", ""rho"": 32.0, ""gain"": 0.03324229678930024}, {""block"": ""rsma"", ""rho"": 1.0, ""gain"": 0.0}, {""block"": ""star_ris"", ""rho"": 2.0, ""gain"": 0.006053408667042959}, {""block"": ""rsma"", ""rho"": 1.0, ""gain"": 0.0}, {""block"": ""star_ris"", ""rho"": 2.0, ""gain"": 0.3048681408327987}, {""block"": ""rsma"", ""rho"": 1.0, ""gain"": 0.0}, {""block"": ""star_ris"", ""rho"": 8.0, ""gain"": 0.008722034281944957}, {""block"": ""rsma"", ""rho"": 1.0, ""gain"": 0.0}, {""block"": ""star_ris"", ""rho"": 8.0, ""gain"": 0.020968806258096606}, {""block"": ""rsma"", ""rho"": 1.0, ""gain"": 0.0}, {""block"": ""star_ris"", ""rho"": 2.0, ""gain"": 0.00895903673639964}, {""block"": ""rsma"", ""rho"": 1.0, ""gain"": 0.0}, {""block"": ""star_ris"", ""rho"": 2.0, ""gain"": 0.07540289395986477}, {""block"": ""rsma"", ""rho"": 1.0, ""gain"": 0.0}, {""block"": ""star_ris"", ""rho"": 8.0, ""gain"": 0.009599537354930021}, {""block"": ""rsma"", ""rho"": 1.0, ""gain"": 0.0}, {""block"": ""star_ris"", ""rho"": 4.0, ""gain"": 0.04474128901409813}, {""block"": ""rsma"", ""rho"": 1.0, ""gain"": 0.0}, {""block"": ""star_ris"", ""rho"": 4.0, ""gain"": 0.07177565867318236}, {""block"": ""rsma"", ""rho"": 1.0, ""gain"": 0.0}, {""block"": ""star_ris"", ""rho"": 8.0, ""gain"": 0.008552521448383033}, {""block"": ""rsma"", ""rho"": 1.0, ""gain"": 0.0}, {""block"": ""star_ris"", ""rho"": 4.0, ""gain"": 0.02891200120430426}, {""block"": ""rsma"", ""rho"": 1.0, ""gain"": 0.0}, {""block"": ""star_ris"", ""rho"": 8.0, ""gain"": 0.035283433535553854}, {""block"": ""rsma"", ""rho"": 1.0, ""gain"": 3.552713678800501e-15}, {""block"": ""star_ris"", ""rho"": 8.0, ""gain"": 0.013713788533845417}, {""block"": ""rsma"", ""rho"": 1.0, ""gain"": 0.0}, {""block"": ""star_ris"", ""rho"": 8.0, ""gain"": 0.007352261882434874}, {""block"": ""rsma"", ""rho"": 1.0, ""gain"": 0.0}, {""block"": ""star_ris"", ""rho"": 16.0, ""gain"": 0.0065751849523607575}, {""block"": ""rsma"", ""rho"": 1.0, ""gain"": 0.0}, {""block"": ""star_ris"", ""rho"": 8.0, ""gain"": 0.021060615127908022}, {""block"": ""rsma"", ""rho"": 1.0, ""gain"": 0.0}, {""block"": ""star_ris"", ""rho"": 256.0, ""gain"": 0.00011834151116119074}]",{},2276.434427,2a8450eb5d4f6f05c03681c57cc71c0590f449be523644dbfde0384d2f23053d,fc61d5cda7da39530055bae9bd0e92865f995cd9,6ec54735c1c2c35cd253d9d3d23295783293b6d64c65204dfcab16b2d59ebbef
ao_sca,32,10000,446,test,16.795303849319065,16.795303849319065,1.0,True,0.0,20,4573,22,ao_sca_proximal_physical,analytical_ris_equal_allocation,"[1.8357415800979937, 13.202941598361285, 13.548848047843716, 13.895367953881465, 13.90543227486312, 13.96522311387632, 13.998912817130503, 14.267727464552214, 14.35453737552401, 14.531345887529751, 16.335420408074626, 16.476666018501295, 16.55192360318485, 16.608399819514798, 16.654830876240574, 16.689658101305636, 16.72114007167115, 16.723047605059442, 16.75531273645812, 16.778185405853403, 16.795303849319065]","[{""block"": ""rsma"", ""rho"": 1.0, ""gain"": 10.405937169497106}, {""block"": ""star_ris"", ""rho"": 1.0, ""gain"": 0.9612628487661858}, {""block"": ""rsma"", ""rho"": 65536.0, ""gain"": 0.0}, {""block"": ""star_ris"", ""rho"": 16.0, ""gain"": 0.3459064494824311}, {""block"": ""rsma"", ""rho"": 65536.0, ""gain"": 0.0}, {""block"": ""star_ris"", ""rho"": 1.0, ""gain"": 0.3465199060377486}, {""block"": ""rsma"", ""rho"": 65536.0, ""gain"": 0.0}, {""block"": ""star_ris"", ""rho"": 4096.0, ""gain"": 0.010064320981655328}, {""block"": ""rsma"", ""rho"": 65536.0, ""gain"": 0.0}, {""block"": ""star_ris"", ""rho"": 1024.0, ""gain"": 0.059790839013199815}, {""block"": ""rsma"", ""rho"": 65536.0, ""gain"": 0.0}, {""block"": ""star_ris"", ""rho"": 128.0, ""gain"": 0.033689703254182746}, {""block"": ""rsma"", ""rho"": 65536.0, ""gain"": 0.0}, {""block"": ""star_ris"", ""rho"": 32.0, ""gain"": 0.2688146474217117}, {""block"": ""rsma"", ""rho"": 65536.0, ""gain"": 0.0}, {""block"": ""star_ris"", ""rho"": 32.0, ""gain"": 0.08680991097179636}, {""block"": ""rsma"", ""rho"": 65536.0, ""gain"": 0.0}, {""block"": ""star_ris"", ""rho"": 16.0, ""gain"": 0.17680851200574033}, {""block"": ""rsma"", ""rho"": 2048.0, ""gain"": 1.5001661615196564}, {""block"": ""star_ris"", ""rho"": 1.0, ""gain"": 0.3039083590252183}, {""block"": ""rsma"", ""rho"": 65536.0, ""gain"": 0.0}, {""block"": ""star_ris"", ""rho"": 1.0, ""gain"": 0.14124561042666883}, {""block"": ""rsma"", ""rho"": 65536.0, ""gain"": 0.0}, {""block"": ""star_ris"", ""rho"": 1.0, ""gain"": 0.07525758468355548}, {""block"": ""rsma"", ""rho"": 65536.0, ""gain"": 0.0}, {""block"": ""star_ris"", ""rho"": 1.0, ""gain"": 0.056476216329947704}, {""block"": ""rsma"", ""rho"": 65536.0, ""gain"": 0.0}, {""block"": ""star_ris"", ""rho"": 1.0, ""gain"": 0.04643105672577619}, {""block"": ""rsma"", ""rho"": 65536.0, ""gain"": 0.0}, {""block"": ""star_ris"", ""rho"": 1.0, ""gain"": 0.03482722506506164}, {""block"": ""rsma"", ""rho"": 65536.0, ""gain"": 0.0}, {""block"": ""star_ris"", ""rho"": 1.0, ""gain"": 0.031481970365515366}, {""block"": ""rsma"", ""rho"": 65536.0, ""gain"": 0.0}, {""block"": ""star_ris"", ""rho"": 16.0, ""gain"": 0.0019075333882909717}, {""block"": ""rsma"", ""rho"": 65536.0, ""gain"": 0.0}, {""block"": ""star_ris"", ""rho"": 1.0, ""gain"": 0.03226513139867748}, {""block"": ""rsma"", ""rho"": 65536.0, ""gain"": 0.0}, {""block"": ""star_ris"", ""rho"": 1.0, ""gain"": 0.02287266939528365}, {""block"": ""rsma"", ""rho"": 65536.0, ""gain"": 0.0}, {""block"": ""star_ris"", ""rho"": 1.0, ""gain"": 0.01711844346566238}]",{},2364.509736,2a8450eb5d4f6f05c03681c57cc71c0590f449be523644dbfde0384d2f23053d,fc61d5cda7da39530055bae9bd0e92865f995cd9,6ec54735c1c2c35cd253d9d3d23295783293b6d64c65204dfcab16b2d59ebbef
ao_sca,32,10000,447,test,18.539806032398086,18.539806032398086,1.0,True,0.0,20,4477,26,ao_sca_proximal_physical,analytical_ris_equal_allocation,"[1.8375749536783796, 15.197481329871612, 15.30587445124263, 17.357628599989475, 17.63488123939689, 17.82153197341274, 17.89914589721914, 17.935637349476426, 17.944535969011703, 18.06933911163451, 18.180816882121114, 18.2448687754696, 18.29496482457408, 18.342427872648877, 18.388591640162282, 18.431440284636746, 18.461813099067612, 18.48947522846749, 18.512400885168493, 18.529540287598483, 18.539806032398086]","[{""block"": ""rsma"", ""rho"": 1.0, ""gain"": 13.307662820298091}, {""block"": ""star_ris"", ""rho"": 4.0, ""gain"": 0.05224355589514218}, {""block"": ""rsma"", ""rho"": 1.0, ""gain"": -1.7763568394002505e-15}, {""block"": ""star_ris"", ""rho"": 2.0, ""gain"": 0.10839312137101942}, {""block"": ""rsma"", ""rho"": 512.0, ""gain"": 1.3864062954320318}, {""block"": ""star_ris"", ""rho"": 1.0, ""gain"": 0.6653478533148132}, {""block"": ""rsma"", ""rho"": 65536.0, ""gain"": 0.0}, {""block"": ""star_ris"", ""rho"": 1.0, ""gain"": 0.27725263940741485}, {""block"": ""rsma"", ""rho"": 65536.0, ""gain"": 0.0}, {""block"": ""star_ris"", ""rho"": 1.0, ""gain"": 0.1866507340158492}, {""block"": ""rsma"", ""rho"": 65536.0, ""gain"": 0.0}, {""block"": ""star_ris"", ""rho"": 2.0, ""gain"": 0.07761392380639975}, {""block"": ""rsma"", ""rho"": 65536.0, ""gain"": 0.0}, {""block"": ""star_ris"", ""rho"": 4.0, ""gain"": 0.03649145225728745}, {""block"": ""rsma"", ""rho"": 65536.0, ""gain"": 0.0}, {""block"": ""star_ris"", ""rho"": 16.0, ""gain"": 0.008898619535276708}, {""block"": ""rsma"", ""rho"": 65536.0, ""gain"": 0.0}, {""block"": ""star_ris"", ""rho"": 1.0, ""gain"": 0.12480314262280601}, {""block"": ""rsma"", ""rho"": 65536.0, ""gain"": 0.0}, {""block"": ""star_ris"", ""rho"": 1.0, ""gain"": 0.11147777048660501}, {""block"": ""rsma"", ""rho"": 1.0, ""gain"": 3.7606265017586793e-06}, {""block"": ""star_ris"", ""rho"": 1.0, ""gain"": 0.06404813272198595}, {""block"": ""rsma"", ""rho"": 1.0, ""gain"": 1.7520631477196957e-05}, {""block"": ""star_ris"", ""rho"": 1.0, ""gain"": 0.05007852847300143}, {""block"": ""rsma"", ""rho"": 128.0, ""gain"": 9.705746606414323e-08}, {""block"": ""star_ris"", ""rho"": 1.0, ""gain"": 0.04746295101733011}, {""block"": ""rsma"", ""rho"": 65536.0, ""gain"": 0.0}, {""block"": ""star_ris"", ""rho"": 1.0, ""gain"": 0.046163767513405674}, {""block"": ""rsma"", ""rho"": 65536.0, ""gain"": 0.0}, {""block"": ""star_ris"", ""rho"": 1.0, ""gain"": 0.04284864447446424}, {""block"": ""rsma"", ""rho"": 65536.0, ""gain"": 0.0}, {""block"": ""star_ris"", ""rho"": 1.0, ""gain"": 0.030372814430865702}, {""block"": ""rsma"", ""rho"": 65536.0, ""gain"": 0.0}, {""block"": ""star_ris"", ""rho"": 1.0, ""gain"": 0.027662129399878665}, {""block"": ""rsma"", ""rho"": 65536.0, ""gain"": 0.0}, {""block"": ""star_ris"", ""rho"": 1.0, ""gain"": 0.022925656701001884}, {""block"": ""rsma"", ""rho"": 65536.0, ""gain"": 0.0}, {""block"": ""star_ris"", ""rho"": 1.0, ""gain"": 0.017139402429990014}, {""block"": ""rsma"", ""rho"": 65536.0, ""gain"": 0.0}, {""block"": ""star_ris"", ""rho"": 1.0, ""gain"": 0.010265744799603738}]",{},2293.839667,2a8450eb5d4f6f05c03681c57cc71c0590f449be523644dbfde0384d2f23053d,fc61d5cda7da39530055bae9bd0e92865f995cd9,6ec54735c1c2c35cd253d9d3d23295783293b6d64c65204dfcab16b2d59ebbef
ao_sca,32,10000,448,test,18.29263198697305,18.29263198697305,1.0,True,0.0,20,4532,22,ao_sca_proximal_physical,analytical_ris_equal_allocation,"[1.8370420584559204, 14.550675420570254, 17.502129056699093, 17.808540268455683, 17.82138713792931, 17.824571771951874, 17.951312965713964, 18.02402759366155, 18.078871732904513, 18.117218445439686, 18.15163549628975, 18.177809039201897, 18.199394614425078, 18.21840682432438, 18.233359914466398, 18.24512185096808, 18.255819782421398, 18.26581782961561, 18.275243512960127, 18.28384209146452, 18.29263198697305]","[{""block"": ""rsma"", ""rho"": 1.0, ""gain"": 11.924627181887278}, {""block"": ""star_ris"", ""rho"": 2.0, ""gain"": 0.7890061802270552}, {""block"": ""rsma"", ""rho"": 1024.0, ""gain"": 1.459360954047579}, {""block"": ""star_ris"", ""rho"": 1.0, ""gain"": 1.4920926820812603}, {""block"": ""rsma"", ""rho"": 65536.0, ""gain"": 0.0}, {""block"": ""star_ris"", ""rho"": 1.0, ""gain"": 0.3064112117565898}, {""block"": ""rsma"", ""rho"": 65536.0, ""gain"": 0.0}, {""block"": ""star_ris"", ""rho"": 16.0, ""gain"": 0.01284686947362701}, {""block"": ""rsma"", ""rho"": 65536.0, ""gain"": 0.0}, {""block"": ""star_ris"", ""rho"": 64.0, ""gain"": 0.003184634022563415}, {""block"": ""rsma"", ""rho"": 65536.0, ""gain"": 0.0}, {""block"": ""star_ris"", ""rho"": 1.0, ""gain"": 0.12674119376208992}, {""block"": ""rsma"", ""rho"": 65536.0, ""gain"": 0.0}, {""block"": ""star_ris"", ""rho"": 1.0, ""gain"": 0.07271462794758676}, {""block"": ""rsma"", ""rho"": 65536.0, ""gain"": 0.0}, {""block"": ""star_ris"", ""rho"": 1.0, ""gain"": 0.05484413924296305}, {""block"": ""rsma"", ""rho"": 65536.0, ""gain"": 0.0}, {""block"": ""star_ris"", ""rho"": 1.0, ""gain"": 0.038346712535172855}, {""block"": ""rsma"", ""rho"": 65536.0, ""gain"": 0.0}, {""block"": ""star_ris"", ""rho"": 1.0, ""gain"": 0.03441705085006319}, {""block"": ""rsma"", ""rho"": 65536.0, ""gain"": 0.0}, {""block"": ""star_ris"", ""rho"": 1.0, ""gain"": 0.02617354291214724}, {""block"": ""rsma"", ""rho"": 65536.0, ""gain"": 0.0}, {""block"": ""star_ris"", ""rho"": 1.0, ""gain"": 0.021585575223181053}, {""block"": ""rsma"", ""rho"": 65536.0, ""gain"": 0.0}, {""block"": ""star_ris"", ""rho"": 1.0, ""gain"": 0.019012209899301524}, {""block"": ""rsma"", ""rho"": 65536.0, ""gain"": 0.0}, {""block"": ""star_ris"", ""rho"": 1.0, ""gain"": 0.01495309014201851}, {""block"": ""rsma"", ""rho"": 65536.0, ""gain"": 0.0}, {""block"": ""star_ris"", ""rho"": 1.0, ""gain"": 0.011761936501681447}, {""block"": ""rsma"", ""rho"": 65536.0, ""gain"": 0.0}, {""block"": ""star_ris"", ""rho"": 1.0, ""gain"": 0.010697931453318432}, {""block"": ""rsma"", ""rho"": 65536.0, ""gain"": 0.0}, {""block"": ""star_ris"", ""rho"": 1.0, ""gain"": 0.00999804719421249}, {""block"": ""rsma"", ""rho"": 65536.0, ""gain"": 0.0}, {""block"": ""star_ris"", ""rho"": 1.0, ""gain"": 0.00942568334451721}, {""block"": ""rsma"", ""rho"": 65536.0, ""gain"": 0.0}, {""block"": ""star_ris"", ""rho"": 1.0, ""gain"": 0.008598578504393828}, {""block"": ""rsma"", ""rho"": 65536.0, ""gain"": 0.0}, {""block"": ""star_ris"", ""rho"": 1.0, ""gain"": 0.008789895508527934}]",{},2443.43661,2a8450eb5d4f6f05c03681c57cc71c0590f449be523644dbfde0384d2f23053d,fc61d5cda7da39530055bae9bd0e92865f995cd9,6ec54735c1c2c35cd253d9d3d23295783293b6d64c65204dfcab16b2d59ebbef
ao_sca,32,10000,449,test,16.44466239380108,16.44466239380108,1.0,True,0.0,8,1725,13,ao_sca_proximal_physical,analytical_ris_equal_allocation,"[1.8376569426854863, 15.946809565638324, 16.28739659604883, 16.329477187147024, 16.379322839809745, 16.403105316180028, 16.40892872828274, 16.44448595044107, 16.44466239380108]","[{""block"": ""rsma"", ""rho"": 1.0, ""gain"": 13.470854390641625}, {""block"": ""star_ris"", ""rho"": 1.0, ""gain"": 0.6382982323112127}, {""block"": ""rsma"", ""rho"": 1.0, ""gain"": 0.0}, {""block"": ""star_ris"", ""rho"": 4.0, ""gain"": 0.3405870304105054}, {""block"": ""rsma"", ""rho"": 1.0, ""gain"": 0.0}, {""block"": ""star_ris"", ""rho"": 4.0, ""gain"": 0.04208059109819473}, {""block"": ""rsma"", ""rho"": 1.0, ""gain"": 3.552713678800501e-15}, {""block"": ""star_ris"", ""rho"": 16.0, ""gain"": 0.04984565266271801}, {""block"": ""rsma"", ""rho"": 1.0, ""gain"": 0.0}, {""block"": ""star_ris"", ""rho"": 32.0, ""gain"": 0.023782476370282524}, {""block"": ""rsma"", ""rho"": 1.0, ""gain"": 3.552713678800501e-15}, {""block"": ""star_ris"", ""rho"": 128.0, ""gain"": 0.005823412102706982}, {""block"": ""rsma"", ""rho"": 1.0, ""gain"": 0.0}, {""block"": ""star_ris"", ""rho"": 2.0, ""gain"": 0.03555722215833157}, {""block"": ""rsma"", ""rho"": 1.0, ""gain"": 0.0}, {""block"": ""star_ris"", ""rho"": 128.0, ""gain"": 0.0001764433600115467}]",{},885.85789,2a8450eb5d4f6f05c03681c57cc71c0590f449be523644dbfde0384d2f23053d,fc61d5cda7da39530055bae9bd0e92865f995cd9,6ec54735c1c2c35cd253d9d3d23295783293b6d64c65204dfcab16b2d59ebbef
ao_sca,32,10000,450,test,16.013129046802312,16.013129046802312,1.0,True,0.0,8,1730,15,ao_sca_proximal_physical,analytical_ris_equal_allocation,"[1.8374422994674369, 15.678009603128721, 15.812807713416518, 15.991956026413652, 15.998752551899358, 16.006343426949126, 16.0096591413035, 16.012038032454566, 16.013129046802312]","[{""block"": ""rsma"", ""rho"": 1.0, ""gain"": 12.655576445730741}, {""block"": ""star_ris"", ""rho"": 1.0, ""gain"": 1.1849908579305435}, {""block"": ""rsma"", ""rho"": 1.0, ""gain"": 0.0}, {""block"": ""star_ris"", ""rho"": 16.0, ""gain"": 0.13479811028779665}, {""block"": ""rsma"", ""rho"": 1.0, ""gain"": -1.7763568394002505e-15}, {""block"": ""star_ris"", ""rho"": 4.0, ""gain"": 0.1791483129971354}, {""block"": ""rsma"", ""rho"": 1.0, ""gain"": -1.7763568394002505e-15}, {""block"": ""star_ris"", ""rho"": 64.0, ""gain"": 0.0067965254857078605}, {""block"": ""rsma"", ""rho"": 1.0, ""gain"": 0.0}, {""block"": ""star_ris"", ""rho"": 64.0, ""gain"": 0.0075908750497681865}, {""block"": ""rsma"", ""rho"": 1.0, ""gain"": 0.0}, {""block"": ""star_ris"", ""rho"": 64.0, ""gain"": 0.0033157143543753875}, {""block"": ""rsma"", ""rho"": 1.0, ""gain"": 0.0}, {""block"": ""star_ris"", ""rho"": 32.0, ""gain"": 0.0023788911510642663}, {""block"": ""rsma"", ""rho"": 1.0, ""gain"": 0.0}, {""block"": ""star_ris"", ""rho"": 16.0, ""gain"": 0.0010910143477467216}]",{},912.329394,2a8450eb5d4f6f05c03681c57cc71c0590f449be523644dbfde0384d2f23053d,fc61d5cda7da39530055bae9bd0e92865f995cd9,6ec54735c1c2c35cd253d9d3d23295783293b6d64c65204dfcab16b2d59ebbef
ao_sca,32,10000,451,test,16.9343408646566,16.9343408646566,1.0,True,0.0,9,1941,15,ao_sca_proximal_physical,analytical_ris_equal_allocation,"[1.8378184341812658, 16.51729735945279, 16.710929192943443, 16.836558231430054, 16.8651539843501, 16.87215305425341, 16.915631137556364, 16.918564158777727, 16.933610824627397, 16.9343408646566]","[{""block"": ""rsma"", ""rho"": 1.0, ""gain"": 14.518121764833026}, {""block"": ""star_ris"", ""rho"": 2.0, ""gain"": 0.16135716043849868}, {""block"": ""rsma"", ""rho"": 1.0, ""gain"": 0.0}, {""block"": ""star_ris"", ""rho"": 4.0, ""gain"": 0.19363183349065238}, {""block"": ""rsma"", ""rho"": 1.0, ""gain"": 3.552713678800501e-15}, {""block"": ""star_ris"", ""rho"": 8.0, ""gain"": 0.12562903848660767}, {""block"": ""rsma"", ""rho"": 1.0, ""gain"": 3.552713678800501e-15}, {""block"": ""star_ris"", ""rho"": 32.0, ""gain"": 0.028595752920043793}, {""block"": ""rsma"", ""rho"": 1.0, ""gain"": 0.0}, {""block"": ""star_ris"", ""rho"": 128.0, ""gain"": 0.0069990699033084525}, {""block"": ""rsma"", ""rho"": 1.0, ""gain"": 0.0}, {""block"": ""star_ris"", ""rho"": 2.0, ""gain"": 0.04347808330295422}, {""block"": ""rsma"", ""rho"": 1.0, ""gain"": 0.0}, {""block"": ""star_ris"", ""rho"": 16.0, ""gain"": 0.0029330212213629636}, {""block"": ""rsma"", ""rho"": 1.0, ""gain"": 0.0}, {""block"": ""star_ris"", ""rho"": 8.0, ""gain"": 0.015046665849670404}, {""block"": ""rsma"", ""rho"": 1.0, ""gain"": 0.0}, {""block"": ""star_ris"", ""rho"": 64.0, ""gain"": 0.0007300400292038489}]",{},1070.127615,2a8450eb5d4f6f05c03681c57cc71c0590f449be523644dbfde0384d2f23053d,fc61d5cda7da39530055bae9bd0e92865f995cd9,6ec54735c1c2c35cd253d9d3d23295783293b6d64c65204dfcab16b2d59ebbef
ao_sca,32,10000,452,test,15.393035716445114,15.393035716445114,1.0,True,0.0,2,431,4,ao_sca_proximal_physical,analytical_ris_equal_allocation,"[1.837534666765397, 15.391535439280382, 15.393035716445114]","[{""block"": ""rsma"", ""rho"": 1.0, ""gain"": 13.55092766936251}, {""block"": ""star_ris"", ""rho"": 16.0, ""gain"": 0.0030731031524755537}, {""block"": ""rsma"", ""rho"": 1.0, ""gain"": 0.0}, {""block"": ""star_ris"", ""rho"": 4.0, ""gain"": 0.0015002771647321111}]",{},224.891704,2a8450eb5d4f6f05c03681c57cc71c0590f449be523644dbfde0384d2f23053d,fc61d5cda7da39530055bae9bd0e92865f995cd9,6ec54735c1c2c35cd253d9d3d23295783293b6d64c65204dfcab16b2d59ebbef
ao_sca,32,10000,453,test,15.5049883458242,15.5049883458242,1.0,True,0.0,2,436,4,ao_sca_proximal_physical,analytical_ris_equal_allocation,"[1.837499966541996, 15.504975963887356, 15.504988345824199]","[{""block"": ""rsma"", ""rho"": 1.0, ""gain"": 13.257907981156688}, {""block"": ""star_ris"", ""rho"": 4.0, ""gain"": 0.4095680161886719}, {""block"": ""rsma"", ""rho"": 1.0, ""gain"": -1.7763568394002505e-15}, {""block"": ""star_ris"", ""rho"": 512.0, ""gain"": 1.2381936844718666e-05}]",{},232.222392,2a8450eb5d4f6f05c03681c57cc71c0590f449be523644dbfde0384d2f23053d,fc61d5cda7da39530055bae9bd0e92865f995cd9,6ec54735c1c2c35cd253d9d3d23295783293b6d64c65204dfcab16b2d59ebbef
ao_sca,32,10000,454,test,14.561704761711484,14.561704761711484,1.0,True,0.0,6,1299,11,ao_sca_proximal_physical,analytical_ris_equal_allocation,"[1.837044847359304, 14.32645910508468, 14.478410806849709, 14.547055669500363, 14.555292136009081, 14.56166094767386, 14.561704761711484]","[{""block"": ""rsma"", ""rho"": 1.0, ""gain"": 12.36072848862544}, {""block"": ""star_ris"", ""rho"": 4.0, ""gain"": 0.12868576909993656}, {""block"": ""rsma"", ""rho"": 1.0, ""gain"": 0.0}, {""block"": ""star_ris"", ""rho"": 16.0, ""gain"": 0.1519517017650287}, {""block"": ""rsma"", ""rho"": 1.0, ""gain"": 1.7763568394002505e-15}, {""block"": ""star_ris"", ""rho"": 32.0, ""gain"": 0.06864486265065217}, {""block"": ""rsma"", ""rho"": 1.0, ""gain"": 0.0}, {""block"": ""star_ris"", ""rho"": 256.0, ""gain"": 0.00823646650871801}, {""block"": ""rsma"", ""rho"": 1.0, ""gain"": -1.7763568394002505e-15}, {""block"": ""star_ris"", ""rho"": 32.0, ""gain"": 0.006368811664779983}, {""block"": ""rsma"", ""rho"": 1.0, ""gain"": 0.0}, {""block"": ""star_ris"", ""rho"": 4.0, ""gain"": 4.381403762465652e-05}]",{},712.629173,2a8450eb5d4f6f05c03681c57cc71c0590f449be523644dbfde0384d2f23053d,fc61d5cda7da39530055bae9bd0e92865f995cd9,6ec54735c1c2c35cd253d9d3d23295783293b6d64c65204dfcab16b2d59ebbef
ao_sca,32,10000,455,test,15.005138033020677,15.005138033020677,1.0,True,0.0,4,858,8,ao_sca_proximal_physical,analytical_ris_equal_allocation,"[1.8371864809648053, 14.595616777567582, 14.923089229194096, 15.004188691984513, 15.005138033020675]","[{""block"": ""rsma"", ""rho"": 1.0, ""gain"": 12.283447857333195}, {""block"": ""star_ris"", ""rho"": 4.0, ""gain"": 0.4749824392695814}, {""block"": ""rsma"", ""rho"": 1.0, ""gain"": 0.0}, {""block"": ""star_ris"", ""rho"": 4.0, ""gain"": 0.32747245162651417}, {""block"": ""rsma"", ""rho"": 1.0, ""gain"": 0.0}, {""block"": ""star_ris"", ""rho"": 2.0, ""gain"": 0.08109946279041758}, {""block"": ""rsma"", ""rho"": 1.0, ""gain"": 1.7763568394002505e-15}, {""block"": ""star_ris"", ""rho"": 16.0, ""gain"": 0.0009493410361596233}]",{},440.17144,2a8450eb5d4f6f05c03681c57cc71c0590f449be523644dbfde0384d2f23053d,fc61d5cda7da39530055bae9bd0e92865f995cd9,6ec54735c1c2c35cd253d9d3d23295783293b6d64c65204dfcab16b2d59ebbef
ao_sca,32,10000,456,test,15.69444136320219,15.69444136320219,1.0,True,0.0,13,2823,25,ao_sca_proximal_physical,analytical_ris_equal_allocation,"[1.8374809783080488, 15.46984174644952, 15.53089721170647, 15.56019034529752, 15.57454759128861, 15.581656111164515, 15.598362940821431, 15.600095977767351, 15.65297843367058, 15.678467944654216, 15.684905485404443, 15.686859138080912, 15.693083629348099, 15.69444136320219]","[{""block"": ""rsma"", ""rho"": 1.0, ""gain"": 12.87163777501854}, {""block"": ""star_ris"", ""rho"": 2.0, ""gain"": 0.7607229931229309}, {""block"": ""rsma"", ""rho"": 1.0, ""gain"": 0.0}, {""block"": ""star_ris"", ""rho"": 16.0, ""gain"": 0.061055465256950825}, {""block"": ""rsma"", ""rho"": 1.0, ""gain"": -1.7763568394002505e-15}, {""block"": ""star_ris"", ""rho"": 32.0, ""gain"": 0.029293133591052012}, {""block"": ""rsma"", ""rho"": 1.0, ""gain"": -1.7763568394002505e-15}, {""block"": ""star_ris"", ""rho"": 64.0, ""gain"": 0.014357245991091006}, {""block"": ""rsma"", ""rho"": 1.0, ""gain"": 0.0}, {""block"": ""star_ris"", ""rho"": 128.0, ""gain"": 0.007108519875904662}, {""block"": ""rsma"", ""rho"": 1.0, ""gain"": 1.7763568394002505e-15}, {""block"": ""star_ris"", ""rho"": 16.0, ""gain"": 0.016706829656914834}, {""block"": ""rsma"", ""rho"": 1.0, ""gain"": 0.0}, {""block"": ""star_ris"", ""rho"": 8.0, ""gain"": 0.0017330369459198636}, {""block"": ""rsma"", ""rho"": 1.0, ""gain"": 0.0}, {""block"": ""star_ris"", ""rho"": 16.0, ""gain"": 0.052882455903228376}, {""block"": ""rsma"", ""rho"": 1.0, ""gain"": 0.0}, {""block"": ""star_ris"", ""rho"": 32.0, ""gain"": 0.025489510983636166}, {""block"": ""rsma"", ""rho"": 1.0, ""gain"": 0.0}, {""block"": ""star_ris"", ""rho"": 64.0, ""gain"": 0.0064375407502268445}, {""block"": ""rsma"", ""rho"": 1.0, ""gain"": 1.7763568394002505e-15}, {""block"": ""star_ris"", ""rho"": 128.0, ""gain"": 0.001953652676467854}, {""block"": ""rsma"", ""rho"": 1.0, ""gain"": 1.7763568394002505e-15}, {""block"": ""star_ris"", ""rho"": 128.0, ""gain"": 0.0062244912671847175}, {""block"": ""rsma"", ""rho"": 1.0, ""gain"": 0.0}, {""block"": ""star_ris"", ""rho"": 128.0, ""gain"": 0.0013577338540908812}]",{},1416.624885,2a8450eb5d4f6f05c03681c57cc71c0590f449be523644dbfde0384d2f23053d,fc61d5cda7da39530055bae9bd0e92865f995cd9,6ec54735c1c2c35cd253d9d3d23295783293b6d64c65204dfcab16b2d59ebbef
ao_sca,32,10000,457,test,17.384831823582957,17.384831823582957,1.0,True,0.0,20,4547,22,ao_sca_proximal_physical,analytical_ris_equal_allocation,"[1.8371307469586808, 14.660148662665414, 14.858823075812825, 14.879428701873692, 16.379632050950875, 16.440855810509305, 16.47004079284192, 16.66730489029493, 16.677324707589502, 16.68229985832876, 16.937066872103767, 17.04514462110734, 17.083357150723835, 17.088453500265718, 17.09106375801398, 17.215459543711923, 17.269418274306425, 17.31929703487465, 17.351328273195314, 17.37484049898381, 17.384831823582957]","[{""block"": ""rsma"", ""rho"": 1.0, ""gain"": 11.99647821987708}, {""block"": ""star_ris"", ""rho"": 4.0, ""gain"": 0.8265396958296538}, {""block"": ""rsma"", ""rho"": 65536.0, ""gain"": 0.0}, {""block"": ""star_ris"", ""rho"": 8.0, ""gain"": 0.19867441314741185}, {""block"": ""rsma"", ""rho"": 1.0, ""gain"": 0.0}, {""block"": ""star_ris"", ""rho"": 1.0, ""gain"": 0.02060562606086691}, {""block"": ""rsma"", ""rho"": 1024.0, ""gain"": 1.3643589000088312}, {""block"": ""star_ris"", ""rho"": 4.0, ""gain"": 0.13584444906835103}, {""block"": ""rsma"", ""rho"": 65536.0, ""gain"": 0.0}, {""block"": ""star_ris"", ""rho"": 8.0, ""gain"": 0.0612237595584304}, {""block"": ""rsma"", ""rho"": 65536.0, ""gain"": 0.0}, {""block"": ""star_ris"", ""rho"": 16.0, ""gain"": 0.029184982332616016}, {""block"": ""rsma"", ""rho"": 65536.0, ""gain"": 0.0}, {""block"": ""star_ris"", ""rho"": 2.0, ""gain"": 0.197264097453008}, {""block"": ""rsma"", ""rho"": 65536.0, ""gain"": 0.0}, {""block"": ""star_ris"", ""rho"": 32.0, ""gain"": 0.01001981729457313}, {""block"": ""rsma"", ""rho"": 65536.0, ""gain"": 0.0}, {""block"": ""star_ris"", ""rho"": 64.0, ""gain"": 0.004975150739259249}, {""block"": ""rsma"", ""rho"": 65536.0, ""gain"": 0.0}, {""block"": ""star_ris"", ""rho"": 1.0, ""gain"": 0.2547670137750053}, {""block"": ""rsma"", ""rho"": 65536.0, ""gain"": 0.0}, {""block"": ""star_ris"", ""rho"": 2.0, ""gain"": 0.10807774900357359}, {""block"": ""rsma"", ""rho"": 65536.0, ""gain"": 0.0}, {""block"": ""star_ris"", ""rho"": 4.0, ""gain"": 0.03821252961649435}, {""block"": ""rsma"", ""rho"": 65536.0, ""gain"": 0.0}, {""block"": ""star_ris"", ""rho"": 32.0, ""gain"": 0.005096349541883427}, {""block"": ""rsma"", ""rho"": 65536.0, ""gain"": 0.0}, {""block"": ""star_ris"", ""rho"": 64.0, ""gain"": 0.0026102577482625122}, {""block"": ""rsma"", ""rho"": 65536.0, ""gain"": 0.0}, {""block"": ""star_ris"", ""rho"": 1.0, ""gain"": 0.12439578569794207}, {""block"": ""rsma"", ""rho"": 65536.0, ""gain"": 0.0}, {""block"": ""star_ris"", ""rho"": 1.0, ""gain"": 0.05395873059450196}, {""block"": ""rsma"", ""rho"": 65536.0, ""gain"": 0.0}, {""block"": ""star_ris"", ""rho"": 1.0, ""gain"": 0.04987876056822671}, {""block"": ""rsma"", ""rho"": 65536.0, ""gain"": 0.0}, {""block"": ""star_ris"", ""rho"": 1.0, ""gain"": 0.03203123832066268}, {""block"": ""rsma"", ""rho"": 65536.0, ""gain"": 0.0}, {""block"": ""star_ris"", ""rho"": 1.0, ""gain"": 0.02351222578849743}, {""block"": ""rsma"", ""rho"": 65536.0, ""gain"": 0.0}, {""block"": ""star_ris"", ""rho"": 2.0, ""gain"": 0.009991324599145202}]",{},2313.4593,2a8450eb5d4f6f05c03681c57cc71c0590f449be523644dbfde0384d2f23053d,fc61d5cda7da39530055bae9bd0e92865f995cd9,6ec54735c1c2c35cd253d9d3d23295783293b6d64c65204dfcab16b2d59ebbef
ao_sca,32,10000,458,test,15.292480485097824,15.292480485097824,1.0,True,0.0,7,1512,13,ao_sca_proximal_physical,analytical_ris_equal_allocation,"[1.8373447763433455, 14.907673410597607, 14.933416654267194, 15.06477439578686, 15.285854974357617, 15.290036740730116, 15.292113196461932, 15.292480485097823]","[{""block"": ""rsma"", ""rho"": 1.0, ""gain"": 13.049789597111124}, {""block"": ""star_ris"", ""rho"": 8.0, ""gain"": 0.02053903714313776}, {""block"": ""rsma"", ""rho"": 1.0, ""gain"": 0.0}, {""block"": ""star_ris"", ""rho"": 2.0, ""gain"": 0.025743243669587912}, {""block"": ""rsma"", ""rho"": 1.0, ""gain"": 0.0}, {""block"": ""star_ris"", ""rho"": 4.0, ""gain"": 0.13135774151966473}, {""block"": ""rsma"", ""rho"": 1.0, ""gain"": 1.7763568394002505e-15}, {""block"": ""star_ris"", ""rho"": 8.0, ""gain"": 0.22108057857075636}, {""block"": ""rsma"", ""rho"": 1.0, ""gain"": -1.7763568394002505e-15}, {""block"": ""star_ris"", ""rho"": 64.0, ""gain"": 0.004181766372500562}, {""block"": ""rsma"", ""rho"": 1.0, ""gain"": 1.7763568394002505e-15}, {""block"": ""star_ris"", ""rho"": 32.0, ""gain"": 0.002076455731813809}, {""block"": ""rsma"", ""rho"": 1.0, ""gain"": 0.0}, {""block"": ""star_ris"", ""rho"": 128.0, ""gain"": 0.00036728863589097216}]",{},767.256829,2a8450eb5d4f6f05c03681c57cc71c0590f449be523644dbfde0384d2f23053d,fc61d5cda7da39530055bae9bd0e92865f995cd9,6ec54735c1c2c35cd253d9d3d23295783293b6d64c65204dfcab16b2d59ebbef
ao_sca,32,10000,459,test,18.01359497562499,18.01359497562499,1.0,True,0.0,20,4510,24,ao_sca_proximal_physical,analytical_ris_equal_allocation,"[1.8372713908086127, 14.558196587079497, 14.671514967411051, 16.02394886192443, 17.315837884613995, 17.50114280743394, 17.58718344096378, 17.64085245763373, 17.687922846183646, 17.731347264958366, 17.771896977206563, 17.810463456690265, 17.849348494320235, 17.88627886353619, 17.91659396305696, 17.94253505719382, 17.96570383189041, 17.98339922461329, 18.006985042581185, 18.009958764052794, 18.01359497562499]","[{""block"": ""rsma"", ""rho"": 1.0, ""gain"": 12.670716021503559}, {""block"": ""star_ris"", ""rho"": 64.0, ""gain"": 0.05020917476732478}, {""block"": ""rsma"", ""rho"": 1.0, ""gain"": 0.0}, {""block"": ""star_ris"", ""rho"": 1.0, ""gain"": 0.11331838033155428}, {""block"": ""rsma"", ""rho"": 2048.0, ""gain"": 0.8015173296632625}, {""block"": ""star_ris"", ""rho"": 1.0, ""gain"": 0.5509165648501178}, {""block"": ""rsma"", ""rho"": 128.0, ""gain"": 0.9787741455458558}, {""block"": ""star_ris"", ""rho"": 1.0, ""gain"": 0.31311487714370756}, {""block"": ""rsma"", ""rho"": 65536.0, ""gain"": 0.0}, {""block"": ""star_ris"", ""rho"": 1.0, ""gain"": 0.18530492281994526}, {""block"": ""rsma"", ""rho"": 65536.0, ""gain"": 0.0}, {""block"": ""star_ris"", ""rho"": 1.0, ""gain"": 0.0860406335298407}, {""block"": ""rsma"", ""rho"": 65536.0, ""gain"": 0.0}, {""block"": ""star_ris"", ""rho"": 1.0, ""gain"": 0.053669016669950054}, {""block"": ""rsma"", ""rho"": 65536.0, ""gain"": 0.0}, {""block"": ""star_ris"", ""rho"": 1.0, ""gain"": 0.04707038854991552}, {""block"": ""rsma"", ""rho"": 65536.0, ""gain"": 0.0}, {""block"": ""star_ris"", ""rho"": 1.0, ""gain"": 0.0434244187747197}, {""block"": ""rsma"", ""rho"": 65536.0, ""gain"": 0.0}, {""block"": ""star_ris"", ""rho"": 1.0, ""gain"": 0.04054971224819681}, {""block"": ""rsma"", ""rho"": 65536.0, ""gain"": 0.0}, {""block"": ""star_ris"", ""rho"": 1.0, ""gain"": 0.038566479483701954}, {""block"": ""rsma"", ""rho"": 65536.0, ""gain"": 0.0}, {""block"": ""star_ris"", ""rho"": 1.0, ""gain"": 0.03888503762997075}, {""block"": ""rsma"", ""rho"": 65536.0, ""gain"": 0.0}, {""block"": ""star_ris"", ""rho"": 1.0, ""gain"": 0.036930369215955494}, {""block"": ""rsma"", ""rho"": 65536.0, ""gain"": 0.0}, {""block"": ""star_ris"", ""rho"": 1.0, ""gain"": 0.03031509952077016}, {""block"": ""rsma"", ""rho"": 65536.0, ""gain"": 0.0}, {""block"": ""star_ris"", ""rho"": 1.0, ""gain"": 0.025941094136857856}, {""block"": ""rsma"", ""rho"": 65536.0, ""gain"": 0.0}, {""block"": ""star_ris"", ""rho"": 1.0, ""gain"": 0.023168774696589622}, {""block"": ""rsma"", ""rho"": 65536.0, ""gain"": 0.0}, {""block"": ""star_ris"", ""rho"": 1.0, ""gain"": 0.017695392722881564}, {""block"": ""rsma"", ""rho"": 65536.0, ""gain"": 0.0}, {""block"": ""star_ris"", ""rho"": 1.0, ""gain"": 0.02358581796789494}, {""block"": ""rsma"", ""rho"": 65536.0, ""gain"": 0.0}, {""block"": ""star_ris"", ""rho"": 4.0, ""gain"": 0.0029737214716085703}, {""block"": ""rsma"", ""rho"": 65536.0, ""gain"": 0.0}, {""block"": ""star_ris"", ""rho"": 8.0, ""gain"": 0.0036362115721964017}]",{},2323.367113,2a8450eb5d4f6f05c03681c57cc71c0590f449be523644dbfde0384d2f23053d,fc61d5cda7da39530055bae9bd0e92865f995cd9,6ec54735c1c2c35cd253d9d3d23295783293b6d64c65204dfcab16b2d59ebbef
ao_sca,32,10000,460,test,17.87195905444776,17.87195905444776,1.0,True,0.0,20,4532,24,ao_sca_proximal_physical,analytical_ris_equal_allocation,"[1.8354142525013302, 13.843206520597176, 13.932000278530138, 13.953350745143522, 14.853357497987757, 14.865426387234269, 15.059122230099522, 16.734502710377622, 16.76811785417979, 17.16644998980188, 17.418991121313674, 17.464280924737103, 17.473219432476164, 17.477434793113417, 17.479534010736668, 17.5963578552629, 17.689285536151196, 17.69456678695951, 17.76712615795103, 17.82433445514695, 17.87195905444776]","[{""block"": ""rsma"", ""rho"": 1.0, ""gain"": 10.042344597229476}, {""block"": ""star_ris"", ""rho"": 4.0, ""gain"": 1.9654476708663697}, {""block"": ""rsma"", ""rho"": 65536.0, ""gain"": 0.0}, {""block"": ""star_ris"", ""rho"": 32.0, ""gain"": 0.08879375793296163}, {""block"": ""rsma"", ""rho"": 65536.0, ""gain"": 0.0}, {""block"": ""star_ris"", ""rho"": 128.0, ""gain"": 0.021350466613384356}, {""block"": ""rsma"", ""rho"": 65536.0, ""gain"": 0.0}, {""block"": ""star_ris"", ""rho"": 1.0, ""gain"": 0.9000067528442344}, {""block"": ""rsma"", ""rho"": 1.0, ""gain"": 1.7763568394002505e-15}, {""block"": ""star_ris"", ""rho"": 8.0, ""gain"": 0.012068889246510395}, {""block"": ""rsma"", ""rho"": 1.0, ""gain"": 0.0}, {""block"": ""star_ris"", ""rho"": 1.0, ""gain"": 0.1936958428652531}, {""block"": ""rsma"", ""rho"": 64.0, ""gain"": 1.6088633425761465}, {""block"": ""star_ris"", ""rho"": 8.0, ""gain"": 0.066517137701954}, {""block"": ""rsma"", ""rho"": 65536.0, ""gain"": 0.0}, {""block"": ""star_ris"", ""rho"": 16.0, ""gain"": 0.0336151438021659}, {""block"": ""rsma"", ""rho"": 65536.0, ""gain"": 0.0}, {""block"": ""star_ris"", ""rho"": 1.0, ""gain"": 0.39833213562209124}, {""block"": ""rsma"", ""rho"": 65536.0, ""gain"": 0.0}, {""block"": ""star_ris"", ""rho"": 1.0, ""gain"": 0.25254113151179425}, {""block"": ""rsma"", ""rho"": 65536.0, ""gain"": 0.0}, {""block"": ""star_ris"", ""rho"": 4.0, ""gain"": 0.045289803423429476}, {""block"": ""rsma"", ""rho"": 65536.0, ""gain"": 0.0}, {""block"": ""star_ris"", ""rho"": 16.0, ""gain"": 0.008938507739060242}, {""block"": ""rsma"", ""rho"": 65536.0, ""gain"": 0.0}, {""block"": ""star_ris"", ""rho"": 32.0, ""gain"": 0.004215360637253696}, {""block"": ""rsma"", ""rho"": 65536.0, ""gain"": 0.0}, {""block"": ""star_ris"", ""rho"": 64.0, ""gain"": 0.0020992176232503823}, {""block"": ""rsma"", ""rho"": 65536.0, ""gain"": 0.0}, {""block"": ""star_ris"", ""rho"": 1.0, ""gain"": 0.11682384452623396}, {""block"": ""rsma"", ""rho"": 65536.0, ""gain"": 0.0}, {""block"": ""star_ris"", ""rho"": 1.0, ""gain"": 0.09292768088829462}, {""block"": ""rsma"", ""rho"": 65536.0, ""gain"": 0.0}, {""block"": ""star_ris"", ""rho"": 16.0, ""gain"": 0.005281250808312876}, {""block"": ""rsma"", ""rho"": 65536.0, ""gain"": 0.0}, {""block"": ""star_ris"", ""rho"": 1.0, ""gain"": 0.07255937099152021}, {""block"": ""rsma"", ""rho"": 65536.0, ""gain"": 0.0}, {""block"": ""star_ris"", ""rho"": 1.0, ""gain"": 0.057208297195920466}, {""block"": ""rsma"", ""rho"": 65536.0, ""gain"": 0.0}, {""block"": ""star_ris"", ""rho"": 1.0, ""gain"": 0.047624599300810644}]",{},2389.016315,2a8450eb5d4f6f05c03681c57cc71c0590f449be523644dbfde0384d2f23053d,fc61d5cda7da39530055bae9bd0e92865f995cd9,6ec54735c1c2c35cd253d9d3d23295783293b6d64c65204dfcab16b2d59ebbef
ao_sca,32,10000,461,test,14.960153927640643,14.960153927640643,1.0,True,0.0,3,648,6,ao_sca_proximal_physical,analytical_ris_equal_allocation,"[1.8373035809425717, 14.88407722899979, 14.958943398234638, 14.960153927640643]","[{""block"": ""rsma"", ""rho"": 1.0, ""gain"": 12.608443290759759}, {""block"": ""star_ris"", ""rho"": 4.0, ""gain"": 0.43833035729745795}, {""block"": ""rsma"", ""rho"": 1.0, ""gain"": 0.0}, {""block"": ""star_ris"", ""rho"": 16.0, ""gain"": 0.07486616923484846}, {""block"": ""rsma"", ""rho"": 1.0, ""gain"": 0.0}, {""block"": ""star_ris"", ""rho"": 32.0, ""gain"": 0.0012105294060056337}]",{},332.060776,2a8450eb5d4f6f05c03681c57cc71c0590f449be523644dbfde0384d2f23053d,fc61d5cda7da39530055bae9bd0e92865f995cd9,6ec54735c1c2c35cd253d9d3d23295783293b6d64c65204dfcab16b2d59ebbef
ao_sca,32,10000,462,test,17.175652905803258,17.175652905803258,1.0,True,0.0,14,3171,16,ao_sca_proximal_physical,analytical_ris_equal_allocation,"[1.8371057682010632, 14.249025711057001, 14.697158232935163, 16.642804202045276, 16.782163309558992, 16.88821074185989, 16.97072733265161, 17.036055117474916, 17.064762623018595, 17.078348741071498, 17.081693825008518, 17.13058388415413, 17.171113063075335, 17.174751170792774, 17.175652905803258]","[{""block"": ""rsma"", ""rho"": 1.0, ""gain"": 12.228288240413228}, {""block"": ""star_ris"", ""rho"": 1.0, ""gain"": 0.18363170244271032}, {""block"": ""rsma"", ""rho"": 65536.0, ""gain"": 0.0}, {""block"": ""star_ris"", ""rho"": 1.0, ""gain"": 0.4481325218781613}, {""block"": ""rsma"", ""rho"": 128.0, ""gain"": 1.6841045989555923}, {""block"": ""star_ris"", ""rho"": 1.0, ""gain"": 0.2615413701545215}, {""block"": ""rsma"", ""rho"": 65536.0, ""gain"": 0.0}, {""block"": ""star_ris"", ""rho"": 1.0, ""gain"": 0.13935910751371594}, {""block"": ""rsma"", ""rho"": 65536.0, ""gain"": 0.0}, {""block"": ""star_ris"", ""rho"": 1.0, ""gain"": 0.10604743230089753}, {""block"": ""rsma"", ""rho"": 65536.0, ""gain"": 0.0}, {""block"": ""star_ris"", ""rho"": 1.0, ""gain"": 0.08251659079171958}, {""block"": ""rsma"", ""rho"": 65536.0, ""gain"": 0.0}, {""block"": ""star_ris"", ""rho"": 1.0, ""gain"": 0.0653277848233067}, {""block"": ""rsma"", ""rho"": 65536.0, ""gain"": 0.0}, {""block"": ""star_ris"", ""rho"": 2.0, ""gain"": 0.028707505543678735}, {""block"": ""rsma"", ""rho"": 65536.0, ""gain"": 0.0}, {""block"": ""star_ris"", ""rho"": 4.0, ""gain"": 0.013586118052902663}, {""block"": ""rsma"", ""rho"": 65536.0, ""gain"": 0.0}, {""block"": ""star_ris"", ""rho"": 16.0, ""gain"": 0.0033450839370203767}, {""block"": ""rsma"", ""rho"": 65536.0, ""gain"": 0.0}, {""block"": ""star_ris"", ""rho"": 1.0, ""gain"": 0.04889005914561295}, {""block"": ""rsma"", ""rho"": 65536.0, ""gain"": 0.0}, {""block"": ""star_ris"", ""rho"": 1.0, ""gain"": 0.040529178921204334}, {""block"": ""rsma"", ""rho"": 65536.0, ""gain"": 0.0}, {""block"": ""star_ris"", ""rho"": 8.0, ""gain"": 0.0036381077174389986}, {""block"": ""rsma"", ""rho"": 65536.0, ""gain"": 0.0}, {""block"": ""star_ris"", ""rho"": 32.0, ""gain"": 0.0009017350104834065}]",{},1636.194321,2a8450eb5d4f6f05c03681c57cc71c0590f449be523644dbfde0384d2f23053d,fc61d5cda7da39530055bae9bd0e92865f995cd9,6ec54735c1c2c35cd253d9d3d23295783293b6d64c65204dfcab16b2d59ebbef
ao_sca,32,10000,463,test,18.25642127841516,18.25642127841516,1.0,True,0.0,16,3599,20,ao_sca_proximal_physical,analytical_ris_equal_allocation,"[1.8370948538009784, 14.866200101496926, 15.027422440289907, 17.075952869931868, 17.453604034589205, 17.683389396337642, 17.877666701443992, 17.988130676838622, 18.060091230471, 18.11706667687592, 18.167356029985726, 18.206113782704463, 18.234892167618252, 18.24620069839405, 18.25286107115041, 18.25556337267967, 18.25642127841516]","[{""block"": ""rsma"", ""rho"": 1.0, ""gain"": 11.7166803499998}, {""block"": ""star_ris"", ""rho"": 4.0, ""gain"": 1.3124248976961468}, {""block"": ""rsma"", ""rho"": 65536.0, ""gain"": 0.0}, {""block"": ""star_ris"", ""rho"": 16.0, ""gain"": 0.16122233879298165}, {""block"": ""rsma"", ""rho"": 512.0, ""gain"": 1.2915956935389694}, {""block"": ""star_ris"", ""rho"": 1.0, ""gain"": 0.7569347361029912}, {""block"": ""rsma"", ""rho"": 65536.0, ""gain"": 0.0}, {""block"": ""star_ris"", ""rho"": 1.0, ""gain"": 0.37765116465733684}, {""block"": ""rsma"", ""rho"": 65536.0, ""gain"": 0.0}, {""block"": ""star_ris"", ""rho"": 1.0, ""gain"": 0.2297853617484371}, {""block"": ""rsma"", ""rho"": 65536.0, ""gain"": 0.0}, {""block"": ""star_ris"", ""rho"": 1.0, ""gain"": 0.19427730510635044}, {""block"": ""rsma"", ""rho"": 65536.0, ""gain"": 0.0}, {""block"": ""star_ris"", ""rho"": 1.0, ""gain"": 0.11046397539463015}, {""block"": ""rsma"", ""rho"": 65536.0, ""gain"": 0.0}, {""block"": ""star_ris"", ""rho"": 1.0, ""gain"": 0.07196055363237619}, {""block"": ""rsma"", ""rho"": 65536.0, ""gain"": 0.0}, {""block"": ""star_ris"", ""rho"": 1.0, ""gain"": 0.056975446404919694}, {""block"": ""rsma"", ""rho"": 65536.0, ""gain"": 0.0}, {""block"": ""star_ris"", ""rho"": 1.0, ""gain"": 0.05028935310980742}, {""block"": ""rsma"", ""rho"": 65536.0, ""gain"": 0.0}, {""block"": ""star_ris"", ""rho"": 1.0, ""gain"": 0.03875775271873749}, {""block"": ""rsma"", ""rho"": 65536.0, ""gain"": 0.0}, {""block"": ""star_ris"", ""rho"": 1.0, ""gain"": 0.028778384913788813}, {""block"": ""rsma"", ""rho"": 1.0, ""gain"": 2.2369199079719237e-06}, {""block"": ""star_ris"", ""rho"": 2.0, ""gain"": 0.011306293855888327}, {""block"": ""rsma"", ""rho"": 65536.0, ""gain"": 0.0}, {""block"": ""star_ris"", ""rho"": 4.0, ""gain"": 0.006660372756360999}, {""block"": ""rsma"", ""rho"": 1.0, ""gain"": 5.003076612553059e-06}, {""block"": ""star_ris"", ""rho"": 8.0, ""gain"": 0.0026972984526487664}, {""block"": ""rsma"", ""rho"": 65536.0, ""gain"": 0.0}, {""block"": ""star_ris"", ""rho"": 32.0, ""gain"": 0.0008579057354900499}]",{},1799.254442,2a8450eb5d4f6f05c03681c57cc71c0590f449be523644dbfde0384d2f23053d,fc61d5cda7da39530055bae9bd0e92865f995cd9,6ec54735c1c2c35cd253d9d3d23295783293b6d64c65204dfcab16b2d59ebbef
ao_sca,32,10000,464,test,18.799536688533667,18.799536688533667,1.0,True,0.0,20,4548,23,ao_sca_proximal_physical,analytical_ris_equal_allocation,"[1.8370975515634562, 14.108667049104701, 14.302331231709962, 14.391154737559658, 14.41265543857905, 14.580466743625141, 14.660920383947413, 17.471970338164816, 17.9180281304515, 18.217018352187704, 18.30764752678652, 18.34780417379739, 18.357399568523565, 18.362138256164148, 18.488629574486932, 18.577866074865153, 18.646975367774388, 18.71590839085694, 18.750887300429152, 18.779490058289976, 18.799536688533667]","[{""block"": ""rsma"", ""rho"": 1.0, ""gain"": 11.772978174112314}, {""block"": ""star_ris"", ""rho"": 8.0, ""gain"": 0.498591323428931}, {""block"": ""rsma"", ""rho"": 65536.0, ""gain"": 0.0}, {""block"": ""star_ris"", ""rho"": 16.0, ""gain"": 0.19366418260526075}, {""block"": ""rsma"", ""rho"": 65536.0, ""gain"": 0.0}, {""block"": ""star_ris"", ""rho"": 32.0, ""gain"": 0.088823505849696}, {""block"": ""rsma"", ""rho"": 65536.0, ""gain"": 0.0}, {""block"": ""star_ris"", ""rho"": 128.0, ""gain"": 0.0215007010193915}, {""block"": ""rsma"", ""rho"": 65536.0, ""gain"": 0.0}, {""block"": ""star_ris"", ""rho"": 16.0, ""gain"": 0.16781130504609187}, {""block"": ""rsma"", ""rho"": 65536.0, ""gain"": 0.0}, {""block"": ""star_ris"", ""rho"": 32.0, ""gain"": 0.08045364032227198}, {""block"": ""rsma"", ""rho"": 4096.0, ""gain"": 2.030145280519392}, {""block"": ""star_ris"", ""rho"": 1.0, ""gain"": 0.7809046736980108}, {""block"": ""rsma"", ""rho"": 65536.0, ""gain"": 0.0}, {""block"": ""star_ris"", ""rho"": 1.0, ""gain"": 0.44605779228668396}, {""block"": ""rsma"", ""rho"": 65536.0, ""gain"": 0.0}, {""block"": ""star_ris"", ""rho"": 1.0, ""gain"": 0.2989902217362044}, {""block"": ""rsma"", ""rho"": 65536.0, ""gain"": 0.0}, {""block"": ""star_ris"", ""rho"": 2.0, ""gain"": 0.09062917459881703}, {""block"": ""rsma"", ""rho"": 65536.0, ""gain"": 0.0}, {""block"": ""star_ris"", ""rho"": 4.0, ""gain"": 0.04015664701086763}, {""block"": ""rsma"", ""rho"": 65536.0, ""gain"": 0.0}, {""block"": ""star_ris"", ""rho"": 16.0, ""gain"": 0.00959539472617621}, {""block"": ""rsma"", ""rho"": 65536.0, ""gain"": 0.0}, {""block"": ""star_ris"", ""rho"": 32.0, ""gain"": 0.004738687640582384}, {""block"": ""rsma"", ""rho"": 65536.0, ""gain"": 0.0}, {""block"": ""star_ris"", ""rho"": 1.0, ""gain"": 0.1264913183227847}, {""block"": ""rsma"", ""rho"": 65536.0, ""gain"": 0.0}, {""block"": ""star_ris"", ""rho"": 1.0, ""gain"": 0.08923650037822028}, {""block"": ""rsma"", ""rho"": 65536.0, ""gain"": 0.0}, {""block"": ""star_ris"", ""rho"": 1.0, ""gain"": 0.06910929290923562}, {""block"": ""rsma"", ""rho"": 65536.0, ""gain"": 0.0}, {""block"": ""star_ris"", ""rho"": 1.0, ""gain"": 0.06893302308255045}, {""block"": ""rsma"", ""rho"": 65536.0, ""gain"": 0.0}, {""block"": ""star_ris"", ""rho"": 1.0, ""gain"": 0.03497890957221372}, {""block"": ""rsma"", ""rho"": 65536.0, ""gain"": 0.0}, {""block"": ""star_ris"", ""rho"": 1.0, ""gain"": 0.028602757860824113}, {""block"": ""rsma"", ""rho"": 1.0, ""gain"": 8.337947019043668e-06}, {""block"": ""star_ris"", ""rho"": 1.0, ""gain"": 0.020038292296671756}]",{},2376.601287,2a8450eb5d4f6f05c03681c57cc71c0590f449be523644dbfde0384d2f23053d,fc61d5cda7da39530055bae9bd0e92865f995cd9,6ec54735c1c2c35cd253d9d3d23295783293b6d64c65204dfcab16b2d59ebbef
ao_sca,32,10000,465,test,15.878439523268002,15.878439523268002,1.0,True,0.0,8,1729,14,ao_sca_proximal_physical,analytical_ris_equal_allocation,"[1.8375503330562926, 15.599220403984697, 15.624901537174617, 15.742566140527728, 15.795421536709146, 15.808113401806224, 15.825482671064723, 15.877755670699658, 15.878439523268002]","[{""block"": ""rsma"", ""rho"": 1.0, ""gain"": 13.091239017667386}, {""block"": ""star_ris"", ""rho"": 2.0, ""gain"": 0.6704310532610194}, {""block"": ""rsma"", ""rho"": 1.0, ""gain"": 1.7763568394002505e-15}, {""block"": ""star_ris"", ""rho"": 8.0, ""gain"": 0.02568113318991827}, {""block"": ""rsma"", ""rho"": 1.0, ""gain"": 1.7763568394002505e-15}, {""block"": ""star_ris"", ""rho"": 4.0, ""gain"": 0.11766460335310924}, {""block"": ""rsma"", ""rho"": 1.0, ""gain"": 0.0}, {""block"": ""star_ris"", ""rho"": 32.0, ""gain"": 0.05285539618141755}, {""block"": ""rsma"", ""rho"": 1.0, ""gain"": 1.7763568394002505e-15}, {""block"": ""star_ris"", ""rho"": 128.0, ""gain"": 0.012691865097076871}, {""block"": ""rsma"", ""rho"": 1.0, ""gain"": -1.7763568394002505e-15}, {""block"": ""star_ris"", ""rho"": 16.0, ""gain"": 0.017369269258500353}, {""block"": ""rsma"", ""rho"": 1.0, ""gain"": 0.0}, {""block"": ""star_ris"", ""rho"": 16.0, ""gain"": 0.05227299963493515}, {""block"": ""rsma"", ""rho"": 1.0, ""gain"": -3.552713678800501e-15}, {""block"": ""star_ris"", ""rho"": 64.0, ""gain"": 0.0006838525683470209}]",{},870.990227,2a8450eb5d4f6f05c03681c57cc71c0590f449be523644dbfde0384d2f23053d,fc61d5cda7da39530055bae9bd0e92865f995cd9,6ec54735c1c2c35cd253d9d3d23295783293b6d64c65204dfcab16b2d59ebbef
ao_sca,32,10000,466,test,15.694296274205607,15.694296274205607,1.0,True,0.0,20,4361,37,ao_sca_proximal_physical,analytical_ris_equal_allocation,"[1.837101095010925, 14.24088759950889, 14.556539667602149, 15.144326634382363, 15.147074829016486, 15.198551954157901, 15.21311769305747, 15.344996703925975, 15.359949352590307, 15.392441131707871, 15.41621751728964, 15.463003520168206, 15.485655948134028, 15.496813136230713, 15.588500505047113, 15.629056724589049, 15.649898888500907, 15.655084996362637, 15.66557231628166, 15.674775417509403, 15.694296274205609]","[{""block"": ""rsma"", ""rho"": 1.0, ""gain"": 12.187492747724384}, {""block"": ""star_ris"", ""rho"": 4.0, ""gain"": 0.2162937567735792}, {""block"": ""rsma"", ""rho"": 65536.0, ""gain"": 0.0}, {""block"": ""star_ris"", ""rho"": 1.0, ""gain"": 0.3156520680932591}, {""block"": ""rsma"", ""rho"": 65536.0, ""gain"": 0.0}, {""block"": ""star_ris"", ""rho"": 16.0, ""gain"": 0.5877869667802145}, {""block"": ""rsma"", ""rho"": 1.0, ""gain"": 0.0}, {""block"": ""star_ris"", ""rho"": 128.0, ""gain"": 0.0027481946341225694}, {""block"": ""rsma"", ""rho"": 1.0, ""gain"": 1.7763568394002505e-15}, {""block"": ""star_ris"", ""rho"": 32.0, ""gain"": 0.05147712514141389}, {""block"": ""rsma"", ""rho"": 1.0, ""gain"": -1.7763568394002505e-15}, {""block"": ""star_ris"", ""rho"": 8.0, ""gain"": 0.014565738899570135}, {""block"": ""rsma"", ""rho"": 1.0, ""gain"": 3.552713678800501e-15}, {""block"": ""star_ris"", ""rho"": 16.0, ""gain"": 0.13187901086850218}, {""block"": ""rsma"", ""rho"": 1.0, ""gain"": 0.0}, {""block"": ""star_ris"", ""rho"": 128.0, ""gain"": 0.014952648664332102}, {""block"": ""rsma"", ""rho"": 1.0, ""gain"": -1.7763568394002505e-15}, {""block"": ""star_ris"", ""rho"": 8.0, ""gain"": 0.0324917791175654}, {""block"": ""rsma"", ""rho"": 1.0, ""gain"": 1.7763568394002505e-15}, {""block"": ""star_ris"", ""rho"": 4.0, ""gain"": 0.0237763855817672}, {""block"": ""rsma"", ""rho"": 1.0, ""gain"": 0.0}, {""block"": ""star_ris"", ""rho"": 32.0, ""gain"": 0.046786002878565824}, {""block"": ""rsma"", ""rho"": 1.0, ""gain"": -1.7763568394002505e-15}, {""block"": ""star_ris"", ""rho"": 64.0, ""gain"": 0.022652427965823563}, {""block"": ""rsma"", ""rho"": 1.0, ""gain"": -1.7763568394002505e-15}, {""block"": ""star_ris"", ""rho"": 128.0, ""gain"": 0.01115718809668742}, {""block"": ""rsma"", ""rho"": 1.0, ""gain"": 0.0}, {""block"": ""star_ris"", ""rho"": 8.0, ""gain"": 0.09168736881639994}, {""block"": ""rsma"", ""rho"": 1.0, ""gain"": -1.7763568394002505e-15}, {""block"": ""star_ris"", ""rho"": 8.0, ""gain"": 0.04055621954193711}, {""block"": ""rsma"", ""rho"": 1.0, ""gain"": 0.0}, {""block"": ""star_ris"", ""rho"": 64.0, ""gain"": 0.020842163911858336}, {""block"": ""rsma"", ""rho"": 1.0, ""gain"": 0.0}, {""block"": ""star_ris"", ""rho"": 256.0, ""gain"": 0.005186107861730349}, {""block"": ""rsma"", ""rho"": 1.0, ""gain"": 0.0}, {""block"": ""star_ris"", ""rho"": 16.0, ""gain"": 0.010487319919022298}, {""block"": ""rsma"", ""rho"": 1.0, ""gain"": -1.7763568394002505e-15}, {""block"": ""star_ris"", ""rho"": 128.0, ""gain"": 0.009203101227745591}, {""block"": ""rsma"", ""rho"": 1.0, ""gain"": -1.7763568394002505e-15}, {""block"": ""star_ris"", ""rho"": 16.0, ""gain"": 0.01952085669620729}]",{},2337.345934,2a8450eb5d4f6f05c03681c57cc71c0590f449be523644dbfde0384d2f23053d,fc61d5cda7da39530055bae9bd0e92865f995cd9,6ec54735c1c2c35cd253d9d3d23295783293b6d64c65204dfcab16b2d59ebbef
ao_sca,32,10000,467,test,16.141935757170142,16.141935757170142,1.0,True,0.0,12,2581,22,ao_sca_proximal_physical,analytical_ris_equal_allocation,"[1.8375927591311307, 15.461305922419639, 15.760817355150081, 15.82956085171675, 15.860930284159837, 15.95213213536115, 16.035654560716836, 16.084907082001635, 16.108624348468304, 16.12085096479413, 16.12906203934831, 16.141742278949735, 16.141935757170142]","[{""block"": ""rsma"", ""rho"": 1.0, ""gain"": 13.545296908477662}, {""block"": ""star_ris"", ""rho"": 2.0, ""gain"": 0.07841625481084691}, {""block"": ""rsma"", ""rho"": 1.0, ""gain"": 0.0}, {""block"": ""star_ris"", ""rho"": 2.0, ""gain"": 0.29951143273044245}, {""block"": ""rsma"", ""rho"": 1.0, ""gain"": 0.0}, {""block"": ""star_ris"", ""rho"": 4.0, ""gain"": 0.06874349656666823}, {""block"": ""rsma"", ""rho"": 1.0, ""gain"": 0.0}, {""block"": ""star_ris"", ""rho"": 2.0, ""gain"": 0.03136943244308732}, {""block"": ""rsma"", ""rho"": 1.0, ""gain"": 0.0}, {""block"": ""star_ris"", ""rho"": 2.0, ""gain"": 0.09120185120131374}, {""block"": ""rsma"", ""rho"": 1.0, ""gain"": -1.7763568394002505e-15}, {""block"": ""star_ris"", ""rho"": 4.0, ""gain"": 0.08352242535568699}, {""block"": ""rsma"", ""rho"": 1.0, ""gain"": 0.0}, {""block"": ""star_ris"", ""rho"": 16.0, ""gain"": 0.0492525212847994}, {""block"": ""rsma"", ""rho"": 1.0, ""gain"": 0.0}, {""block"": ""star_ris"", ""rho"": 32.0, ""gain"": 0.02371726646666872}, {""block"": ""rsma"", ""rho"": 1.0, ""gain"": 0.0}, {""block"": ""star_ris"", ""rho"": 2.0, ""gain"": 0.012226616325826}, {""block"": ""rsma"", ""rho"": 1.0, ""gain"": 0.0}, {""block"": ""star_ris"", ""rho"": 32.0, ""gain"": 0.008211074554179021}, {""block"": ""rsma"", ""rho"": 1.0, ""gain"": 0.0}, {""block"": ""star_ris"", ""rho"": 16.0, ""gain"": 0.01268023960142628}, {""block"": ""rsma"", ""rho"": 1.0, ""gain"": 0.0}, {""block"": ""star_ris"", ""rho"": 512.0, ""gain"": 0.00019347822040671758}]",{},1319.112257,2a8450eb5d4f6f05c03681c57cc71c0590f449be523644dbfde0384d2f23053d,fc61d5cda7da39530055bae9bd0e92865f995cd9,6ec54735c1c2c35cd253d9d3d23295783293b6d64c65204dfcab16b2d59ebbef
ao_sca,32,10000,468,test,15.90206434691799,15.90206434691799,1.0,True,0.0,20,4300,40,ao_sca_proximal_physical,analytical_ris_equal_allocation,"[1.837450841059667, 15.058183299293997, 15.084649815146237, 15.193460372695311, 15.444287983901038, 15.462292080391348, 15.512248482989019, 15.573763855433043, 15.607448458051813, 15.650862445053077, 15.684745038519154, 15.717191757192943, 15.757989527524492, 15.7775415235678, 15.829137579127627, 15.833496991702235, 15.866673133544555, 15.87805227897092, 15.880094853536946, 15.8899212678128, 15.90206434691799]","[{""block"": ""rsma"", ""rho"": 1.0, ""gain"": 13.215335690535873}, {""block"": ""star_ris"", ""rho"": 8.0, ""gain"": 0.0053967676984569835}, {""block"": ""rsma"", ""rho"": 1.0, ""gain"": 0.0}, {""block"": ""star_ris"", ""rho"": 4.0, ""gain"": 0.026466515852240136}, {""block"": ""rsma"", ""rho"": 1.0, ""gain"": -1.7763568394002505e-15}, {""block"": ""star_ris"", ""rho"": 2.0, ""gain"": 0.10881055754907543}, {""block"": ""rsma"", ""rho"": 1.0, ""gain"": 0.0}, {""block"": ""star_ris"", ""rho"": 2.0, ""gain"": 0.25082761120572705}, {""block"": ""rsma"", ""rho"": 1.0, ""gain"": 0.0}, {""block"": ""star_ris"", ""rho"": 8.0, ""gain"": 0.018004096490310317}, {""block"": ""rsma"", ""rho"": 1.0, ""gain"": 1.7763568394002505e-15}, {""block"": ""star_ris"", ""rho"": 2.0, ""gain"": 0.04995640259766887}, {""block"": ""rsma"", ""rho"": 1.0, ""gain"": 0.0}, {""block"": ""star_ris"", ""rho"": 4.0, ""gain"": 0.06151537244402405}, {""block"": ""rsma"", ""rho"": 1.0, ""gain"": 0.0}, {""block"": ""star_ris"", ""rho"": 4.0, ""gain"": 0.03368460261877004}, {""block"": ""rsma"", ""rho"": 1.0, ""gain"": 0.0}, {""block"": ""star_ris"", ""rho"": 8.0, ""gain"": 0.043413987001263976}, {""block"": ""rsma"", ""rho"": 1.0, ""gain"": 1.7763568394002505e-15}, {""block"": ""star_ris"", ""rho"": 8.0, ""gain"": 0.033882593466074695}, {""block"": ""rsma"", ""rho"": 1.0, ""gain"": 0.0}, {""block"": ""star_ris"", ""rho"": 8.0, ""gain"": 0.03244671867378912}, {""block"": ""rsma"", ""rho"": 1.0, ""gain"": 0.0}, {""block"": ""star_ris"", ""rho"": 8.0, ""gain"": 0.04079777033154919}, {""block"": ""rsma"", ""rho"": 1.0, ""gain"": -1.7763568394002505e-15}, {""block"": ""star_ris"", ""rho"": 8.0, ""gain"": 0.019551996043309927}, {""block"": ""rsma"", ""rho"": 1.0, ""gain"": 1.7763568394002505e-15}, {""block"": ""star_ris"", ""rho"": 8.0, ""gain"": 0.05159605555982516}, {""block"": ""rsma"", ""rho"": 1.0, ""gain"": -1.7763568394002505e-15}, {""block"": ""star_ris"", ""rho"": 8.0, ""gain"": 0.004359412574610033}, {""block"": ""rsma"", ""rho"": 1.0, ""gain"": 3.552713678800501e-15}, {""block"": ""star_ris"", ""rho"": 16.0, ""gain"": 0.03317614184231665}, {""block"": ""rsma"", ""rho"": 1.0, ""gain"": 1.7763568394002505e-15}, {""block"": ""star_ris"", ""rho"": 8.0, ""gain"": 0.011379145426362314}, {""block"": ""rsma"", ""rho"": 1.0, ""gain"": 1.7763568394002505e-15}, {""block"": ""star_ris"", ""rho"": 32.0, ""gain"": 0.0020425745660244132}, {""block"": ""rsma"", ""rho"": 1.0, ""gain"": -1.7763568394002505e-15}, {""block"": ""star_ris"", ""rho"": 32.0, ""gain"": 0.00982641427585662}, {""block"": ""rsma"", ""rho"": 1.0, ""gain"": 0.0}, {""block"": ""star_ris"", ""rho"": 64.0, ""gain"": 0.012143079105189969}]",{},2101.763339,2a8450eb5d4f6f05c03681c57cc71c0590f449be523644dbfde0384d2f23053d,fc61d5cda7da39530055bae9bd0e92865f995cd9,6ec54735c1c2c35cd253d9d3d23295783293b6d64c65204dfcab16b2d59ebbef
ao_sca,32,10000,469,test,16.126456501057604,16.126456501057604,1.0,True,0.0,20,4315,34,ao_sca_proximal_physical,analytical_ris_equal_allocation,"[1.8374790814448443, 14.810037839860083, 15.083096006124062, 15.19744243926414, 15.21080630071118, 15.419346961951362, 15.483016295404342, 15.650400217455877, 15.681854469287625, 15.729484684591558, 15.875294183335878, 15.878317878978159, 15.915760778421014, 15.97693137260414, 16.048396376256747, 16.056826521337523, 16.06299078584533, 16.076255059870753, 16.0827825527061, 16.099793131556154, 16.126456501057604]","[{""block"": ""rsma"", ""rho"": 1.0, ""gain"": 12.81475312270629}, {""block"": ""star_ris"", ""rho"": 16.0, ""gain"": 0.15780563570895012}, {""block"": ""rsma"", ""rho"": 65536.0, ""gain"": 0.0}, {""block"": ""star_ris"", ""rho"": 8.0, ""gain"": 0.2730581662639793}, {""block"": ""rsma"", ""rho"": 1.0, ""gain"": 0.0}, {""block"": ""star_ris"", ""rho"": 16.0, ""gain"": 0.11434643314007786}, {""block"": ""rsma"", ""rho"": 1.0, ""gain"": 1.7763568394002505e-15}, {""block"": ""star_ris"", ""rho"": 128.0, ""gain"": 0.013363861447038161}, {""block"": ""rsma"", ""rho"": 1.0, ""gain"": 0.0}, {""block"": ""star_ris"", ""rho"": 1.0, ""gain"": 0.2085406612401819}, {""block"": ""rsma"", ""rho"": 1.0, ""gain"": 0.0}, {""block"": ""star_ris"", ""rho"": 8.0, ""gain"": 0.06366933345297987}, {""block"": ""rsma"", ""rho"": 1.0, ""gain"": 1.7763568394002505e-15}, {""block"": ""star_ris"", ""rho"": 4.0, ""gain"": 0.16738392205153296}, {""block"": ""rsma"", ""rho"": 1.0, ""gain"": 0.0}, {""block"": ""star_ris"", ""rho"": 4.0, ""gain"": 0.031454251831748437}, {""block"": ""rsma"", ""rho"": 1.0, ""gain"": 0.0}, {""block"": ""star_ris"", ""rho"": 2.0, ""gain"": 0.047630215303932744}, {""block"": ""rsma"", ""rho"": 1.0, ""gain"": 0.0}, {""block"": ""star_ris"", ""rho"": 2.0, ""gain"": 0.14580949874432036}, {""block"": ""rsma"", ""rho"": 1.0, ""gain"": 0.0}, {""block"": ""star_ris"", ""rho"": 16.0, ""gain"": 0.003023695642280444}, {""block"": ""rsma"", ""rho"": 1.0, ""gain"": 0.0}, {""block"": ""star_ris"", ""rho"": 4.0, ""gain"": 0.03744289944285484}, {""block"": ""rsma"", ""rho"": 1.0, ""gain"": 0.0}, {""block"": ""star_ris"", ""rho"": 4.0, ""gain"": 0.061170594183126425}, {""block"": ""rsma"", ""rho"": 1.0, ""gain"": -1.7763568394002505e-15}, {""block"": ""star_ris"", ""rho"": 16.0, ""gain"": 0.07146500365260877}, {""block"": ""rsma"", ""rho"": 1.0, ""gain"": 0.0}, {""block"": ""star_ris"", ""rho"": 8.0, ""gain"": 0.008430145080776441}, {""block"": ""rsma"", ""rho"": 1.0, ""gain"": 0.0}, {""block"": ""star_ris"", ""rho"": 8.0, ""gain"": 0.006164264507805939}, {""block"": ""rsma"", ""rho"": 1.0, ""gain"": 0.0}, {""block"": ""star_ris"", ""rho"": 4.0, ""gain"": 0.013264274025424072}, {""block"": ""rsma"", ""rho"": 1.0, ""gain"": 0.0}, {""block"": ""star_ris"", ""rho"": 16.0, ""gain"": 0.006527492835346038}, {""block"": ""rsma"", ""rho"": 1.0, ""gain"": -3.552713678800501e-15}, {""block"": ""star_ris"", ""rho"": 16.0, ""gain"": 0.017010578850058522}, {""block"": ""rsma"", ""rho"": 1.0, ""gain"": 0.0}, {""block"": ""star_ris"", ""rho"": 16.0, ""gain"": 0.026663369501449097}]",{},2208.242833,2a8450eb5d4f6f05c03681c57cc71c0590f449be523644dbfde0384d2f23053d,fc61d5cda7da39530055bae9bd0e92865f995cd9,6ec54735c1c2c35cd253d9d3d23295783293b6d64c65204dfcab16b2d59ebbef
ao_sca,32,10000,470,test,18.163034297972125,18.163034297972125,1.0,True,0.0,20,4565,22,ao_sca_proximal_physical,analytical_ris_equal_allocation,"[1.836361802635511, 14.125770555086449, 14.417427640926437, 14.637589277467347, 16.277779464304565, 16.93817312636088, 17.217397527890792, 17.220501951532, 17.550106651000924, 17.575947937660008, 17.58223219787168, 17.585351826703825, 17.632475447354906, 17.654734162766065, 17.657445506658863, 17.794092280607614, 17.908151236890994, 18.0181252904688, 18.081535504368752, 18.126644911852505, 18.163034297972125]","[{""block"": ""rsma"", ""rho"": 1.0, ""gain"": 10.792894536654096}, {""block"": ""star_ris"", ""rho"": 2.0, ""gain"": 1.4965142157968412}, {""block"": ""rsma"", ""rho"": 65536.0, ""gain"": 0.0}, {""block"": ""star_ris"", ""rho"": 2.0, ""gain"": 0.2916570858399883}, {""block"": ""rsma"", ""rho"": 65536.0, ""gain"": 0.0}, {""block"": ""star_ris"", ""rho"": 1.0, ""gain"": 0.2201616365409098}, {""block"": ""rsma"", ""rho"": 2048.0, ""gain"": 1.4304763119216926}, {""block"": ""star_ris"", ""rho"": 128.0, ""gain"": 0.20971387491552562}, {""block"": ""rsma"", ""rho"": 65536.0, ""gain"": 0.0}, {""block"": ""star_ris"", ""rho"": 2.0, ""gain"": 0.6603936620563147}, {""block"": ""rsma"", ""rho"": 65536.0, ""gain"": 0.0}, {""block"": ""star_ris"", ""rho"": 2.0, ""gain"": 0.27922440152991257}, {""block"": ""rsma"", ""rho"": 65536.0, ""gain"": 0.0}, {""block"": ""star_ris"", ""rho"": 128.0, ""gain"": 0.0031044236412078874}, {""block"": ""rsma"", ""rho"": 65536.0, ""gain"": 0.0}, {""block"": ""star_ris"", ""rho"": 1.0, ""gain"": 0.32960469946892346}, {""block"": ""rsma"", ""rho"": 65536.0, ""gain"": 0.0}, {""block"": ""star_ris"", ""rho"": 8.0, ""gain"": 0.025841286659083806}, {""block"": ""rsma"", ""rho"": 65536.0, ""gain"": 0.0}, {""block"": ""star_ris"", ""rho"": 32.0, ""gain"": 0.006284260211671722}, {""block"": ""rsma"", ""rho"": 65536.0, ""gain"": 0.0}, {""block"": ""star_ris"", ""rho"": 64.0, ""gain"": 0.003119628832145338}, {""block"": ""rsma"", ""rho"": 65536.0, ""gain"": 0.0}, {""block"": ""star_ris"", ""rho"": 4.0, ""gain"": 0.047123620651081666}, {""block"": ""rsma"", ""rho"": 65536.0, ""gain"": 0.0}, {""block"": ""star_ris"", ""rho"": 8.0, ""gain"": 0.022258715411158647}, {""block"": ""rsma"", ""rho"": 65536.0, ""gain"": 0.0}, {""block"": ""star_ris"", ""rho"": 64.0, ""gain"": 0.002711343892798368}, {""block"": ""rsma"", ""rho"": 65536.0, ""gain"": 0.0}, {""block"": ""star_ris"", ""rho"": 1.0, ""gain"": 0.13664677394875113}, {""block"": ""rsma"", ""rho"": 65536.0, ""gain"": 0.0}, {""block"": ""star_ris"", ""rho"": 1.0, ""gain"": 0.11405895628337959}, {""block"": ""rsma"", ""rho"": 65536.0, ""gain"": 0.0}, {""block"": ""star_ris"", ""rho"": 1.0, ""gain"": 0.10997405357780465}, {""block"": ""rsma"", ""rho"": 65536.0, ""gain"": 0.0}, {""block"": ""star_ris"", ""rho"": 1.0, ""gain"": 0.06341021389995305}, {""block"": ""rsma"", ""rho"": 65536.0, ""gain"": 0.0}, {""block"": ""star_ris"", ""rho"": 1.0, ""gain"": 0.04510940748375347}, {""block"": ""rsma"", ""rho"": 65536.0, ""gain"": 0.0}, {""block"": ""star_ris"", ""rho"": 1.0, ""gain"": 0.036389386119619616}]",{},2332.552872,2a8450eb5d4f6f05c03681c57cc71c0590f449be523644dbfde0384d2f23053d,fc61d5cda7da39530055bae9bd0e92865f995cd9,6ec54735c1c2c35cd253d9d3d23295783293b6d64c65204dfcab16b2d59ebbef
ao_sca,32,10000,471,test,15.057185814396856,15.057185814396856,1.0,True,0.0,13,2836,19,ao_sca_proximal_physical,analytical_ris_equal_allocation,"[1.8364705884409935, 13.904751791757992, 13.944260594431528, 13.957579915524773, 14.57688726807991, 14.650968600566049, 14.674289451879215, 14.739148621021972, 14.80067824019461, 14.814895614541006, 14.931919656390244, 15.037803653233086, 15.057167131661412, 15.057185814396856]","[{""block"": ""rsma"", ""rho"": 1.0, ""gain"": 11.497835323905027}, {""block"": ""star_ris"", ""rho"": 1.0, ""gain"": 0.5704458794119702}, {""block"": ""rsma"", ""rho"": 65536.0, ""gain"": 0.0}, {""block"": ""star_ris"", ""rho"": 8.0, ""gain"": 0.03950880267353618}, {""block"": ""rsma"", ""rho"": 65536.0, ""gain"": 0.0}, {""block"": ""star_ris"", ""rho"": 8.0, ""gain"": 0.013319321093245406}, {""block"": ""rsma"", ""rho"": 65536.0, ""gain"": 0.0}, {""block"": ""star_ris"", ""rho"": 2.0, ""gain"": 0.6193073525551362}, {""block"": ""rsma"", ""rho"": 1.0, ""gain"": -1.7763568394002505e-15}, {""block"": ""star_ris"", ""rho"": 32.0, ""gain"": 0.07408133248614135}, {""block"": ""rsma"", ""rho"": 1.0, ""gain"": 0.0}, {""block"": ""star_ris"", ""rho"": 8.0, ""gain"": 0.023320851313165747}, {""block"": ""rsma"", ""rho"": 1.0, ""gain"": 0.0}, {""block"": ""star_ris"", ""rho"": 4.0, ""gain"": 0.06485916914275691}, {""block"": ""rsma"", ""rho"": 1.0, ""gain"": 0.0}, {""block"": ""star_ris"", ""rho"": 8.0, ""gain"": 0.06152961917263866}, {""block"": ""rsma"", ""rho"": 1.0, ""gain"": 1.7763568394002505e-15}, {""block"": ""star_ris"", ""rho"": 4.0, ""gain"": 0.014217374346394251}, {""block"": ""rsma"", ""rho"": 1.0, ""gain"": 0.0}, {""block"": ""star_ris"", ""rho"": 4.0, ""gain"": 0.11702404184923765}, {""block"": ""rsma"", ""rho"": 1.0, ""gain"": 0.0}, {""block"": ""star_ris"", ""rho"": 4.0, ""gain"": 0.10588399684284155}, {""block"": ""rsma"", ""rho"": 1.0, ""gain"": 1.7763568394002505e-15}, {""block"": ""star_ris"", ""rho"": 16.0, ""gain"": 0.019363478428324754}, {""block"": ""rsma"", ""rho"": 1.0, ""gain"": 0.0}, {""block"": ""star_ris"", ""rho"": 16.0, ""gain"": 1.8682735444031096e-05}]",{},1571.121868,2a8450eb5d4f6f05c03681c57cc71c0590f449be523644dbfde0384d2f23053d,fc61d5cda7da39530055bae9bd0e92865f995cd9,6ec54735c1c2c35cd253d9d3d23295783293b6d64c65204dfcab16b2d59ebbef
ao_sca,32,10000,472,test,15.515355371029226,15.515355371029226,1.0,True,0.0,12,2596,23,ao_sca_proximal_physical,analytical_ris_equal_allocation,"[1.8372578573281153, 15.303586678783915, 15.316185171784717, 15.335315096676474, 15.345982422481665, 15.359943572066408, 15.448486143470369, 15.466500098730613, 15.475901808542499, 15.490672086415842, 15.502965004903267, 15.514499371682987, 15.515355371029226]","[{""block"": ""rsma"", ""rho"": 1.0, ""gain"": 12.563216472407232}, {""block"": ""star_ris"", ""rho"": 2.0, ""gain"": 0.903112349048568}, {""block"": ""rsma"", ""rho"": 1.0, ""gain"": -1.7763568394002505e-15}, {""block"": ""star_ris"", ""rho"": 16.0, ""gain"": 0.012598493000803401}, {""block"": ""rsma"", ""rho"": 1.0, ""gain"": 1.7763568394002505e-15}, {""block"": ""star_ris"", ""rho"": 64.0, ""gain"": 0.01912992489175558}, {""block"": ""rsma"", ""rho"": 1.0, ""gain"": 1.7763568394002505e-15}, {""block"": ""star_ris"", ""rho"": 16.0, ""gain"": 0.01066732580518881}, {""block"": ""rsma"", ""rho"": 1.0, ""gain"": -1.7763568394002505e-15}, {""block"": ""star_ris"", ""rho"": 8.0, ""gain"": 0.013961149584744703}, {""block"": ""rsma"", ""rho"": 1.0, ""gain"": 0.0}, {""block"": ""star_ris"", ""rho"": 16.0, ""gain"": 0.08854257140396093}, {""block"": ""rsma"", ""rho"": 1.0, ""gain"": 0.0}, {""block"": ""star_ris"", ""rho"": 32.0, ""gain"": 0.018013955260244074}, {""block"": ""rsma"", ""rho"": 1.0, ""gain"": -1.7763568394002505e-15}, {""block"": ""star_ris"", ""rho"": 32.0, ""gain"": 0.009401709811887926}, {""block"": ""rsma"", ""rho"": 1.0, ""gain"": 0.0}, {""block"": ""star_ris"", ""rho"": 32.0, ""gain"": 0.014770277873342508}, {""block"": ""rsma"", ""rho"": 1.0, ""gain"": 1.7763568394002505e-15}, {""block"": ""star_ris"", ""rho"": 32.0, ""gain"": 0.012292918487423421}, {""block"": ""rsma"", ""rho"": 1.0, ""gain"": 0.0}, {""block"": ""star_ris"", ""rho"": 32.0, ""gain"": 0.011534366779720528}, {""block"": ""rsma"", ""rho"": 1.0, ""gain"": 0.0}, {""block"": ""star_ris"", ""rho"": 16.0, ""gain"": 0.0008559993462391446}]",{},1366.176493,2a8450eb5d4f6f05c03681c57cc71c0590f449be523644dbfde0384d2f23053d,fc61d5cda7da39530055bae9bd0e92865f995cd9,6ec54735c1c2c35cd253d9d3d23295783293b6d64c65204dfcab16b2d59ebbef
ao_sca,32,10000,473,test,15.24693284908338,15.24693284908338,1.0,True,0.0,17,3657,33,ao_sca_proximal_physical,analytical_ris_equal_allocation,"[1.8370365066422603, 14.33597426764087, 14.58554644614617, 14.677300970259523, 14.757239543566184, 14.775137952866036, 15.058413878804332, 15.062120191630113, 15.137072541947754, 15.163478801741155, 15.177828725420014, 15.199254141056867, 15.20361932613717, 15.208418859626818, 15.210439142029161, 15.228703089323567, 15.24685074056304, 15.24693284908338]","[{""block"": ""rsma"", ""rho"": 1.0, ""gain"": 12.2031810470991}, {""block"": ""star_ris"", ""rho"": 2.0, ""gain"": 0.2957567138995092}, {""block"": ""rsma"", ""rho"": 1.0, ""gain"": -1.7763568394002505e-15}, {""block"": ""star_ris"", ""rho"": 2.0, ""gain"": 0.24957217850530178}, {""block"": ""rsma"", ""rho"": 1.0, ""gain"": 1.7763568394002505e-15}, {""block"": ""star_ris"", ""rho"": 4.0, ""gain"": 0.09175452411335172}, {""block"": ""rsma"", ""rho"": 1.0, ""gain"": 0.0}, {""block"": ""star_ris"", ""rho"": 4.0, ""gain"": 0.0799385733066611}, {""block"": ""rsma"", ""rho"": 1.0, ""gain"": -1.7763568394002505e-15}, {""block"": ""star_ris"", ""rho"": 2.0, ""gain"": 0.017898409299853313}, {""block"": ""rsma"", ""rho"": 1.0, ""gain"": 1.7763568394002505e-15}, {""block"": ""star_ris"", ""rho"": 4.0, ""gain"": 0.28327592593829465}, {""block"": ""rsma"", ""rho"": 1.0, ""gain"": 1.7763568394002505e-15}, {""block"": ""star_ris"", ""rho"": 8.0, ""gain"": 0.0037063128257788236}, {""block"": ""rsma"", ""rho"": 1.0, ""gain"": 0.0}, {""block"": ""star_ris"", ""rho"": 4.0, ""gain"": 0.07495235031764125}, {""block"": ""rsma"", ""rho"": 1.0, ""gain"": 0.0}, {""block"": ""star_ris"", ""rho"": 16.0, ""gain"": 0.02640625979340072}, {""block"": ""rsma"", ""rho"": 1.0, ""gain"": -1.7763568394002505e-15}, {""block"": ""star_ris"", ""rho"": 16.0, ""gain"": 0.014349923678860677}, {""block"": ""rsma"", ""rho"": 1.0, ""gain"": -1.7763568394002505e-15}, {""block"": ""star_ris"", ""rho"": 16.0, ""gain"": 0.021425415636855405}, {""block"": ""rsma"", ""rho"": 1.0, ""gain"": 0.0}, {""block"": ""star_ris"", ""rho"": 32.0, ""gain"": 0.004365185080303036}, {""block"": ""rsma"", ""rho"": 1.0, ""gain"": 0.0}, {""block"": ""star_ris"", ""rho"": 16.0, ""gain"": 0.004799533489647345}, {""block"": ""rsma"", ""rho"": 1.0, ""gain"": -1.7763568394002505e-15}, {""block"": ""star_ris"", ""rho"": 16.0, ""gain"": 0.002020282402344975}, {""block"": ""rsma"", ""rho"": 1.0, ""gain"": 1.7763568394002505e-15}, {""block"": ""star_ris"", ""rho"": 16.0, ""gain"": 0.018263947294403948}, {""block"": ""rsma"", ""rho"": 1.0, ""gain"": 1.7763568394002505e-15}, {""block"": ""star_ris"", ""rho"": 16.0, ""gain"": 0.01814765123947204}, {""block"": ""rsma"", ""rho"": 1.0, ""gain"": -1.7763568394002505e-15}, {""block"": ""star_ris"", ""rho"": 32.0, ""gain"": 8.210852034196137e-05}]",{},1886.112646,2a8450eb5d4f6f05c03681c57cc71c0590f449be523644dbfde0384d2f23053d,fc61d5cda7da39530055bae9bd0e92865f995cd9,6ec54735c1c2c35cd253d9d3d23295783293b6d64c65204dfcab16b2d59ebbef
ao_sca,32,10000,474,test,17.940133339736963,17.940133339736963,1.0,True,0.0,15,3413,18,ao_sca_proximal_physical,analytical_ris_equal_allocation,"[1.8373426421751906, 14.803062186702943, 14.924476757628563, 16.4990053403595, 16.52090830861394, 16.839177110093864, 16.962860554531154, 16.990997740321085, 17.004744082442063, 17.36168766811584, 17.581622693002455, 17.72700498293228, 17.83379245649944, 17.907566918477595, 17.93974615275372, 17.940133339736963]","[{""block"": ""rsma"", ""rho"": 1.0, ""gain"": 12.611530967198885}, {""block"": ""star_ris"", ""rho"": 8.0, ""gain"": 0.354188577328868}, {""block"": ""rsma"", ""rho"": 512.0, ""gain"": 0.02285031823378958}, {""block"": ""star_ris"", ""rho"": 8.0, ""gain"": 0.09856425269182978}, {""block"": ""rsma"", ""rho"": 128.0, ""gain"": 1.529071588251286}, {""block"": ""star_ris"", ""rho"": 16.0, ""gain"": 0.04545699447965035}, {""block"": ""rsma"", ""rho"": 65536.0, ""gain"": 0.0}, {""block"": ""star_ris"", ""rho"": 32.0, ""gain"": 0.021902968254440935}, {""block"": ""rsma"", ""rho"": 65536.0, ""gain"": 0.0}, {""block"": ""star_ris"", ""rho"": 2.0, ""gain"": 0.318268801479924}, {""block"": ""rsma"", ""rho"": 65536.0, ""gain"": 0.0}, {""block"": ""star_ris"", ""rho"": 4.0, ""gain"": 0.12368344443729029}, {""block"": ""rsma"", ""rho"": 65536.0, ""gain"": 0.0}, {""block"": ""star_ris"", ""rho"": 16.0, ""gain"": 0.028137185789930186}, {""block"": ""rsma"", ""rho"": 65536.0, ""gain"": 0.0}, {""block"": ""star_ris"", ""rho"": 32.0, ""gain"": 0.013746342120978028}, {""block"": ""rsma"", ""rho"": 65536.0, ""gain"": 0.0}, {""block"": ""star_ris"", ""rho"": 1.0, ""gain"": 0.35694358567377904}, {""block"": ""rsma"", ""rho"": 65536.0, ""gain"": 0.0}, {""block"": ""star_ris"", ""rho"": 1.0, ""gain"": 0.2199350248866132}, {""block"": ""rsma"", ""rho"": 65536.0, ""gain"": 0.0}, {""block"": ""star_ris"", ""rho"": 1.0, ""gain"": 0.14538228992982383}, {""block"": ""rsma"", ""rho"": 65536.0, ""gain"": 0.0}, {""block"": ""star_ris"", ""rho"": 1.0, ""gain"": 0.106787473567163}, {""block"": ""rsma"", ""rho"": 65536.0, ""gain"": 0.0}, {""block"": ""star_ris"", ""rho"": 1.0, ""gain"": 0.07377446197815374}, {""block"": ""rsma"", ""rho"": 65536.0, ""gain"": 0.0}, {""block"": ""star_ris"", ""rho"": 2.0, ""gain"": 0.0321792342761249}, {""block"": ""rsma"", ""rho"": 65536.0, ""gain"": 0.0}, {""block"": ""star_ris"", ""rho"": 256.0, ""gain"": 0.00038718698324302636}]",{},1747.266063,2a8450eb5d4f6f05c03681c57cc71c0590f449be523644dbfde0384d2f23053d,fc61d5cda7da39530055bae9bd0e92865f995cd9,6ec54735c1c2c35cd253d9d3d23295783293b6d64c65204dfcab16b2d59ebbef
ao_sca,32,10000,475,test,17.42628416336848,17.42628416336848,1.0,True,0.0,18,3977,27,ao_sca_proximal_physical,analytical_ris_equal_allocation,"[1.8369270628234764, 14.051199445131065, 14.219130915652197, 14.29468848872169, 16.488345472863553, 16.743125503743816, 16.92392644717135, 17.05750024932017, 17.1800999058782, 17.247306578616428, 17.28697081796518, 17.3203730101987, 17.324093348196456, 17.361531255142246, 17.380897728833855, 17.398896262954157, 17.41127104659948, 17.425481460685717, 17.42628416336848]","[{""block"": ""rsma"", ""rho"": 1.0, ""gain"": 11.772212608675542}, {""block"": ""star_ris"", ""rho"": 8.0, ""gain"": 0.44205977363204596}, {""block"": ""rsma"", ""rho"": 65536.0, ""gain"": 0.0}, {""block"": ""star_ris"", ""rho"": 16.0, ""gain"": 0.16793147052113255}, {""block"": ""rsma"", ""rho"": 65536.0, ""gain"": 0.0}, {""block"": ""star_ris"", ""rho"": 32.0, ""gain"": 0.07555757306949218}, {""block"": ""rsma"", ""rho"": 2048.0, ""gain"": 1.357269176196457}, {""block"": ""star_ris"", ""rho"": 1.0, ""gain"": 0.8363878079454068}, {""block"": ""rsma"", ""rho"": 65536.0, ""gain"": 0.0}, {""block"": ""star_ris"", ""rho"": 1.0, ""gain"": 0.25478003088026213}, {""block"": ""rsma"", ""rho"": 65536.0, ""gain"": 0.0}, {""block"": ""star_ris"", ""rho"": 1.0, ""gain"": 0.18080094342753483}, {""block"": ""rsma"", ""rho"": 65536.0, ""gain"": 0.0}, {""block"": ""star_ris"", ""rho"": 1.0, ""gain"": 0.13357380214882042}, {""block"": ""rsma"", ""rho"": 65536.0, ""gain"": 0.0}, {""block"": ""star_ris"", ""rho"": 1.0, ""gain"": 0.12259965655803029}, {""block"": ""rsma"", ""rho"": 65536.0, ""gain"": 0.0}, {""block"": ""star_ris"", ""rho"": 1.0, ""gain"": 0.06720667273822656}, {""block"": ""rsma"", ""rho"": 65536.0, ""gain"": 0.0}, {""block"": ""star_ris"", ""rho"": 1.0, ""gain"": 0.03966423934875252}, {""block"": ""rsma"", ""rho"": 1.0, ""gain"": 2.17373838928836e-05}, {""block"": ""star_ris"", ""rho"": 1.0, ""gain"": 0.03338045484962748}, {""block"": ""rsma"", ""rho"": 1.0, ""gain"": 0.0003656598152979029}, {""block"": ""star_ris"", ""rho"": 1.0, ""gain"": 0.0033546781824576044}, {""block"": ""rsma"", ""rho"": 65536.0, ""gain"": 0.0}, {""block"": ""star_ris"", ""rho"": 1.0, ""gain"": 0.03743790694579019}, {""block"": ""rsma"", ""rho"": 1.0, ""gain"": 2.302687215660626e-05}, {""block"": ""star_ris"", ""rho"": 1.0, ""gain"": 0.01934344681945177}, {""block"": ""rsma"", ""rho"": 1.0, ""gain"": 3.053810150177583e-05}, {""block"": ""star_ris"", ""rho"": 1.0, ""gain"": 0.017967996018800392}, {""block"": ""rsma"", ""rho"": 1.0, ""gain"": 0.00011614863015552146}, {""block"": ""star_ris"", ""rho"": 1.0, ""gain"": 0.01225863501516855}, {""block"": ""rsma"", ""rho"": 1.0, ""gain"": 7.176594266766756e-05}, {""block"": ""star_ris"", ""rho"": 1.0, ""gain"": 0.014138648143568133}, {""block"": ""rsma"", ""rho"": 1.0, ""gain"": 0.00024275543358953655}, {""block"": ""star_ris"", ""rho"": 4.0, ""gain"": 0.00055994724917241}]",{},2060.305767,2a8450eb5d4f6f05c03681c57cc71c0590f449be523644dbfde0384d2f23053d,fc61d5cda7da39530055bae9bd0e92865f995cd9,6ec54735c1c2c35cd253d9d3d23295783293b6d64c65204dfcab16b2d59ebbef
ao_sca,32,10000,476,test,18.235504033385343,18.235504033385343,1.0,True,0.0,20,4550,23,ao_sca_proximal_physical,analytical_ris_equal_allocation,"[1.8374997823548969, 14.956472321842476, 16.65080977321862, 16.674618998734893, 16.68628352681668, 17.311029760476522, 17.406889779675005, 17.429042760085434, 17.439903096739116, 17.44528086116627, 17.447956838710347, 17.723954880630355, 17.870323912998742, 17.974652173872016, 18.05846051043119, 18.103334534459286, 18.139832979809405, 18.168976861759212, 18.194804911609374, 18.21675130895691, 18.235504033385343]","[{""block"": ""rsma"", ""rho"": 1.0, ""gain"": 13.0556159526293}, {""block"": ""star_ris"", ""rho"": 64.0, ""gain"": 0.06335658685827994}, {""block"": ""rsma"", ""rho"": 1024.0, ""gain"": 1.5909251674422578}, {""block"": ""star_ris"", ""rho"": 8.0, ""gain"": 0.10341228393388491}, {""block"": ""rsma"", ""rho"": 65536.0, ""gain"": 0.0}, {""block"": ""star_ris"", ""rho"": 32.0, ""gain"": 0.02380922551627407}, {""block"": ""rsma"", ""rho"": 65536.0, ""gain"": 0.0}, {""block"": ""star_ris"", ""rho"": 64.0, ""gain"": 0.01166452808178775}, {""block"": ""rsma"", ""rho"": 65536.0, ""gain"": 0.0}, {""block"": ""star_ris"", ""rho"": 1.0, ""gain"": 0.6247462336598417}, {""block"": ""rsma"", ""rho"": 65536.0, ""gain"": 0.0}, {""block"": ""star_ris"", ""rho"": 4.0, ""gain"": 0.09586001919848286}, {""block"": ""rsma"", ""rho"": 65536.0, ""gain"": 0.0}, {""block"": ""star_ris"", ""rho"": 16.0, ""gain"": 0.02215298041042857}, {""block"": ""rsma"", ""rho"": 65536.0, ""gain"": 0.0}, {""block"": ""star_ris"", ""rho"": 32.0, ""gain"": 0.010860336653681912}, {""block"": ""rsma"", ""rho"": 65536.0, ""gain"": 0.0}, {""block"": ""star_ris"", ""rho"": 64.0, ""gain"": 0.00537776442715554}, {""block"": ""rsma"", ""rho"": 65536.0, ""gain"": 0.0}, {""block"": ""star_ris"", ""rho"": 128.0, ""gain"": 0.0026759775440758915}, {""block"": ""rsma"", ""rho"": 65536.0, ""gain"": 0.0}, {""block"": ""star_ris"", ""rho"": 1.0, ""gain"": 0.2759980419200083}, {""block"": ""rsma"", ""rho"": 65536.0, ""gain"": 0.0}, {""block"": ""star_ris"", ""rho"": 1.0, ""gain"": 0.14636903236838705}, {""block"": ""rsma"", ""rho"": 65536.0, ""gain"": 0.0}, {""block"": ""star_ris"", ""rho"": 1.0, ""gain"": 0.10432826087327385}, {""block"": ""rsma"", ""rho"": 65536.0, ""gain"": 0.0}, {""block"": ""star_ris"", ""rho"": 1.0, ""gain"": 0.08380833655917286}, {""block"": ""rsma"", ""rho"": 65536.0, ""gain"": 0.0}, {""block"": ""star_ris"", ""rho"": 1.0, ""gain"": 0.044874024028096926}, {""block"": ""rsma"", ""rho"": 65536.0, ""gain"": 0.0}, {""block"": ""star_ris"", ""rho"": 1.0, ""gain"": 0.03649844535011937}, {""block"": ""rsma"", ""rho"": 65536.0, ""gain"": 0.0}, {""block"": ""star_ris"", ""rho"": 1.0, ""gain"": 0.029143881949806882}, {""block"": ""rsma"", ""rho"": 65536.0, ""gain"": 0.0}, {""block"": ""star_ris"", ""rho"": 1.0, ""gain"": 0.02582804985016196}, {""block"": ""rsma"", ""rho"": 65536.0, ""gain"": 0.0}, {""block"": ""star_ris"", ""rho"": 1.0, ""gain"": 0.02194639734753423}, {""block"": ""rsma"", ""rho"": 1.0, ""gain"": 6.252762716485449e-07}, {""block"": ""star_ris"", ""rho"": 1.0, ""gain"": 0.018752099152163026}]",{},2345.764917,2a8450eb5d4f6f05c03681c57cc71c0590f449be523644dbfde0384d2f23053d,fc61d5cda7da39530055bae9bd0e92865f995cd9,6ec54735c1c2c35cd253d9d3d23295783293b6d64c65204dfcab16b2d59ebbef
ao_sca,32,10000,477,test,16.34758138319065,16.34758138319065,1.0,True,0.0,20,4303,39,ao_sca_proximal_physical,analytical_ris_equal_allocation,"[1.8376270888859796, 15.680558324954285, 15.766836360512086, 15.83388532146803, 15.96892668212188, 15.995328530453047, 16.034688819273562, 16.132924833860972, 16.174309463919354, 16.18090497154615, 16.1826391536699, 16.197101650182038, 16.27578967316004, 16.29138062696782, 16.294863128544353, 16.298794796892523, 16.306355096376027, 16.30802031140197, 16.32782467639387, 16.33648845226467, 16.34758138319065]","[{""block"": ""rsma"", ""rho"": 1.0, ""gain"": 13.557806050887836}, {""block"": ""star_ris"", ""rho"": 1.0, ""gain"": 0.2851251851804708}, {""block"": ""rsma"", ""rho"": 1.0, ""gain"": 0.0}, {""block"": ""star_ris"", ""rho"": 2.0, ""gain"": 0.08627803555780034}, {""block"": ""rsma"", ""rho"": 1.0, ""gain"": 0.0}, {""block"": ""star_ris"", ""rho"": 8.0, ""gain"": 0.06704896095594393}, {""block"": ""rsma"", ""rho"": 1.0, ""gain"": 0.0}, {""block"": ""star_ris"", ""rho"": 4.0, ""gain"": 0.13504136065385097}, {""block"": ""rsma"", ""rho"": 1.0, ""gain"": -1.7763568394002505e-15}, {""block"": ""star_ris"", ""rho"": 16.0, ""gain"": 0.026401848331168765}, {""block"": ""rsma"", ""rho"": 1.0, ""gain"": 0.0}, {""block"": ""star_ris"", ""rho"": 8.0, ""gain"": 0.039360288820514455}, {""block"": ""rsma"", ""rho"": 1.0, ""gain"": 0.0}, {""block"": ""star_ris"", ""rho"": 4.0, ""gain"": 0.09823601458741038}, {""block"": ""rsma"", ""rho"": 1.0, ""gain"": 0.0}, {""block"": ""star_ris"", ""rho"": 4.0, ""gain"": 0.04138463005838133}, {""block"": ""rsma"", ""rho"": 1.0, ""gain"": 0.0}, {""block"": ""star_ris"", ""rho"": 8.0, ""gain"": 0.006595507626794728}, {""block"": ""rsma"", ""rho"": 1.0, ""gain"": 0.0}, {""block"": ""star_ris"", ""rho"": 4.0, ""gain"": 0.0017341821237515376}, {""block"": ""rsma"", ""rho"": 1.0, ""gain"": 0.0}, {""block"": ""star_ris"", ""rho"": 8.0, ""gain"": 0.014462496512138046}, {""block"": ""rsma"", ""rho"": 1.0, ""gain"": 0.0}, {""block"": ""star_ris"", ""rho"": 4.0, ""gain"": 0.07868802297800315}, {""block"": ""rsma"", ""rho"": 1.0, ""gain"": 0.0}, {""block"": ""star_ris"", ""rho"": 8.0, ""gain"": 0.015590953807777197}, {""block"": ""rsma"", ""rho"": 1.0, ""gain"": 0.0}, {""block"": ""star_ris"", ""rho"": 8.0, ""gain"": 0.0034825015765349576}, {""block"": ""rsma"", ""rho"": 1.0, ""gain"": -3.552713678800501e-15}, {""block"": ""star_ris"", ""rho"": 64.0, ""gain"": 0.003931668348172934}, {""block"": ""rsma"", ""rho"": 1.0, ""gain"": 0.0}, {""block"": ""star_ris"", ""rho"": 32.0, ""gain"": 0.007560299483504451}, {""block"": ""rsma"", ""rho"": 1.0, ""gain"": 0.0}, {""block"": ""star_ris"", ""rho"": 32.0, ""gain"": 0.001665215025944633}, {""block"": ""rsma"", ""rho"": 1.0, ""gain"": 0.0}, {""block"": ""star_ris"", ""rho"": 16.0, ""gain"": 0.019804364991898638}, {""block"": ""rsma"", ""rho"": 1.0, ""gain"": 3.552713678800501e-15}, {""block"": ""star_ris"", ""rho"": 32.0, ""gain"": 0.008663775870797252}, {""block"": ""rsma"", ""rho"": 1.0, ""gain"": 0.0}, {""block"": ""star_ris"", ""rho"": 16.0, ""gain"": 0.011092930925979516}]",{},2268.728805,2a8450eb5d4f6f05c03681c57cc71c0590f449be523644dbfde0384d2f23053d,fc61d5cda7da39530055bae9bd0e92865f995cd9,6ec54735c1c2c35cd253d9d3d23295783293b6d64c65204dfcab16b2d59ebbef
ao_sca,32,10000,478,test,16.163849978535453,16.163849978535453,1.0,True,0.0,20,4349,35,ao_sca_proximal_physical,analytical_ris_equal_allocation,"[1.8367881698380424, 14.480179414902464, 14.778297855074966, 14.97896088768437, 15.141712048677157, 15.702791829777512, 15.717323074696008, 15.73547307832364, 15.783417158526603, 15.785259248441875, 15.89301964226765, 15.926977800461259, 15.962561573915124, 15.964723446041962, 16.08184988105795, 16.086024840160057, 16.116722455377253, 16.13624434260778, 16.15555887128982, 16.16379516063253, 16.163849978535453]","[{""block"": ""rsma"", ""rho"": 1.0, ""gain"": 11.299646755307496}, {""block"": ""star_ris"", ""rho"": 1.0, ""gain"": 1.3437444897569257}, {""block"": ""rsma"", ""rho"": 65536.0, ""gain"": 0.0}, {""block"": ""star_ris"", ""rho"": 2.0, ""gain"": 0.29811844017250166}, {""block"": ""rsma"", ""rho"": 65536.0, ""gain"": 0.0}, {""block"": ""star_ris"", ""rho"": 1.0, ""gain"": 0.20066303260940366}, {""block"": ""rsma"", ""rho"": 65536.0, ""gain"": 0.0}, {""block"": ""star_ris"", ""rho"": 2.0, ""gain"": 0.1627511609927872}, {""block"": ""rsma"", ""rho"": 1.0, ""gain"": 0.0}, {""block"": ""star_ris"", ""rho"": 1.0, ""gain"": 0.5610797811003554}, {""block"": ""rsma"", ""rho"": 1.0, ""gain"": 1.7763568394002505e-15}, {""block"": ""star_ris"", ""rho"": 16.0, ""gain"": 0.014531244918494224}, {""block"": ""rsma"", ""rho"": 1.0, ""gain"": 0.0}, {""block"": ""star_ris"", ""rho"": 32.0, ""gain"": 0.01815000362763186}, {""block"": ""rsma"", ""rho"": 1.0, ""gain"": 0.0}, {""block"": ""star_ris"", ""rho"": 8.0, ""gain"": 0.04794408020296359}, {""block"": ""rsma"", ""rho"": 1.0, ""gain"": 0.0}, {""block"": ""star_ris"", ""rho"": 8.0, ""gain"": 0.001842089915271572}, {""block"": ""rsma"", ""rho"": 1.0, ""gain"": 0.0}, {""block"": ""star_ris"", ""rho"": 8.0, ""gain"": 0.10776039382577451}, {""block"": ""rsma"", ""rho"": 1.0, ""gain"": 1.7763568394002505e-15}, {""block"": ""star_ris"", ""rho"": 4.0, ""gain"": 0.0339581581936077}, {""block"": ""rsma"", ""rho"": 1.0, ""gain"": 0.0}, {""block"": ""star_ris"", ""rho"": 32.0, ""gain"": 0.03558377345386532}, {""block"": ""rsma"", ""rho"": 1.0, ""gain"": 0.0}, {""block"": ""star_ris"", ""rho"": 512.0, ""gain"": 0.002161872126837494}, {""block"": ""rsma"", ""rho"": 1.0, ""gain"": 0.0}, {""block"": ""star_ris"", ""rho"": 4.0, ""gain"": 0.11712643501598663}, {""block"": ""rsma"", ""rho"": 1.0, ""gain"": 0.0}, {""block"": ""star_ris"", ""rho"": 16.0, ""gain"": 0.004174959102108744}, {""block"": ""rsma"", ""rho"": 1.0, ""gain"": 0.0}, {""block"": ""star_ris"", ""rho"": 8.0, ""gain"": 0.030697615217196272}, {""block"": ""rsma"", ""rho"": 1.0, ""gain"": 3.552713678800501e-15}, {""block"": ""star_ris"", ""rho"": 16.0, ""gain"": 0.019521887230524726}, {""block"": ""rsma"", ""rho"": 1.0, ""gain"": 0.0}, {""block"": ""star_ris"", ""rho"": 16.0, ""gain"": 0.0193145286820382}, {""block"": ""rsma"", ""rho"": 1.0, ""gain"": 0.0}, {""block"": ""star_ris"", ""rho"": 16.0, ""gain"": 0.0082362893427117}, {""block"": ""rsma"", ""rho"": 1.0, ""gain"": 0.0}, {""block"": ""star_ris"", ""rho"": 64.0, ""gain"": 5.4817902920945016e-05}]",{},2260.18697,2a8450eb5d4f6f05c03681c57cc71c0590f449be523644dbfde0384d2f23053d,fc61d5cda7da39530055bae9bd0e92865f995cd9,6ec54735c1c2c35cd253d9d3d23295783293b6d64c65204dfcab16b2d59ebbef
ao_sca,32,10000,479,test,15.9771117424037,15.9771117424037,1.0,True,0.0,8,1726,15,ao_sca_proximal_physical,analytical_ris_equal_allocation,"[1.8373809883472498, 14.800268938759956, 15.197147625183685, 15.349696792475068, 15.695001813606106, 15.899735407730985, 15.942603648253996, 15.975718020348747, 15.9771117424037]","[{""block"": ""rsma"", ""rho"": 1.0, ""gain"": 12.70525500623646}, {""block"": ""star_ris"", ""rho"": 2.0, ""gain"": 0.2576329441762475}, {""block"": ""rsma"", ""rho"": 65536.0, ""gain"": 0.0}, {""block"": ""star_ris"", ""rho"": 1.0, ""gain"": 0.3968786864237295}, {""block"": ""rsma"", ""rho"": 1.0, ""gain"": 0.0}, {""block"": ""star_ris"", ""rho"": 2.0, ""gain"": 0.15254916729138301}, {""block"": ""rsma"", ""rho"": 1.0, ""gain"": 0.0}, {""block"": ""star_ris"", ""rho"": 2.0, ""gain"": 0.345305021131038}, {""block"": ""rsma"", ""rho"": 1.0, ""gain"": 1.7763568394002505e-15}, {""block"": ""star_ris"", ""rho"": 2.0, ""gain"": 0.20473359412487646}, {""block"": ""rsma"", ""rho"": 1.0, ""gain"": 0.0}, {""block"": ""star_ris"", ""rho"": 8.0, ""gain"": 0.042868240523011636}, {""block"": ""rsma"", ""rho"": 1.0, ""gain"": 0.0}, {""block"": ""star_ris"", ""rho"": 16.0, ""gain"": 0.03311437209475088}, {""block"": ""rsma"", ""rho"": 1.0, ""gain"": 0.0}, {""block"": ""star_ris"", ""rho"": 8.0, ""gain"": 0.0013937220549529172}]",{},902.699732,2a8450eb5d4f6f05c03681c57cc71c0590f449be523644dbfde0384d2f23053d,fc61d5cda7da39530055bae9bd0e92865f995cd9,6ec54735c1c2c35cd253d9d3d23295783293b6d64c65204dfcab16b2d59ebbef
ao_sca,32,10000,480,test,17.879502985671436,17.879502985671436,1.0,True,0.0,12,2739,14,ao_sca_proximal_physical,analytical_ris_equal_allocation,"[1.8372856382403533, 14.6251647657332, 16.32321164298232, 16.335674284428055, 17.005380371471496, 17.39291914417368, 17.658404957096455, 17.828412503490767, 17.856188486608144, 17.868964372376908, 17.87501093106237, 17.878009676864288, 17.879502985671436]","[{""block"": ""rsma"", ""rho"": 1.0, ""gain"": 12.6877055364977}, {""block"": ""star_ris"", ""rho"": 16.0, ""gain"": 0.100173590995146}, {""block"": ""rsma"", ""rho"": 1024.0, ""gain"": 1.6463139800064646}, {""block"": ""star_ris"", ""rho"": 16.0, ""gain"": 0.05173289724265473}, {""block"": ""rsma"", ""rho"": 65536.0, ""gain"": 0.0}, {""block"": ""star_ris"", ""rho"": 64.0, ""gain"": 0.012462641445736722}, {""block"": ""rsma"", ""rho"": 65536.0, ""gain"": 0.0}, {""block"": ""star_ris"", ""rho"": 1.0, ""gain"": 0.6697060870434406}, {""block"": ""rsma"", ""rho"": 65536.0, ""gain"": 0.0}, {""block"": ""star_ris"", ""rho"": 1.0, ""gain"": 0.3875387727021824}, {""block"": ""rsma"", ""rho"": 65536.0, ""gain"": 0.0}, {""block"": ""star_ris"", ""rho"": 1.0, ""gain"": 0.2654858129227762}, {""block"": ""rsma"", ""rho"": 65536.0, ""gain"": 0.0}, {""block"": ""star_ris"", ""rho"": 1.0, ""gain"": 0.17000754639431293}, {""block"": ""rsma"", ""rho"": 65536.0, ""gain"": 0.0}, {""block"": ""star_ris"", ""rho"": 4.0, ""gain"": 0.027775983117376057}, {""block"": ""rsma"", ""rho"": 65536.0, ""gain"": 0.0}, {""block"": ""star_ris"", ""rho"": 8.0, ""gain"": 0.012775885768764539}, {""block"": ""rsma"", ""rho"": 65536.0, ""gain"": 0.0}, {""block"": ""star_ris"", ""rho"": 16.0, ""gain"": 0.006046558685461889}, {""block"": ""rsma"", ""rho"": 65536.0, ""gain"": 0.0}, {""block"": ""star_ris"", ""rho"": 32.0, ""gain"": 0.002998745801917835}, {""block"": ""rsma"", ""rho"": 65536.0, ""gain"": 0.0}, {""block"": ""star_ris"", ""rho"": 64.0, ""gain"": 0.0014933088071487077}]",{},1469.121552,2a8450eb5d4f6f05c03681c57cc71c0590f449be523644dbfde0384d2f23053d,fc61d5cda7da39530055bae9bd0e92865f995cd9,6ec54735c1c2c35cd253d9d3d23295783293b6d64c65204dfcab16b2d59ebbef
ao_sca,32,10000,481,test,18.154794693696136,18.154794693696136,1.0,True,0.0,19,4237,25,ao_sca_proximal_physical,analytical_ris_equal_allocation,"[1.837208592638816, 14.728636481401978, 16.93126454410117, 17.33278956793146, 17.61462938772079, 17.74948430797505, 17.85457676982635, 17.92491185746188, 17.97570473432045, 18.01602333621762, 18.047683219109665, 18.07302824395877, 18.09335152182171, 18.1111903415553, 18.123806276296317, 18.1315890984803, 18.141074944701202, 18.145415087861714, 18.154141358170254, 18.154794693696136]","[{""block"": ""rsma"", ""rho"": 1.0, ""gain"": 12.078600787297749}, {""block"": ""star_ris"", ""rho"": 4.0, ""gain"": 0.8128271014654125}, {""block"": ""rsma"", ""rho"": 2048.0, ""gain"": 1.4612142480515011}, {""block"": ""star_ris"", ""rho"": 1.0, ""gain"": 0.741413814647693}, {""block"": ""rsma"", ""rho"": 65536.0, ""gain"": 0.0}, {""block"": ""star_ris"", ""rho"": 1.0, ""gain"": 0.4015250238302883}, {""block"": ""rsma"", ""rho"": 65536.0, ""gain"": 0.0}, {""block"": ""star_ris"", ""rho"": 1.0, ""gain"": 0.2818398197893295}, {""block"": ""rsma"", ""rho"": 65536.0, ""gain"": 0.0}, {""block"": ""star_ris"", ""rho"": 1.0, ""gain"": 0.13485492025425927}, {""block"": ""rsma"", ""rho"": 65536.0, ""gain"": 0.0}, {""block"": ""star_ris"", ""rho"": 1.0, ""gain"": 0.10509246185129939}, {""block"": ""rsma"", ""rho"": 65536.0, ""gain"": 0.0}, {""block"": ""star_ris"", ""rho"": 1.0, ""gain"": 0.07033508763553087}, {""block"": ""rsma"", ""rho"": 65536.0, ""gain"": 0.0}, {""block"": ""star_ris"", ""rho"": 1.0, ""gain"": 0.05079287685856926}, {""block"": ""rsma"", ""rho"": 65536.0, ""gain"": 0.0}, {""block"": ""star_ris"", ""rho"": 1.0, ""gain"": 0.04031860189717307}, {""block"": ""rsma"", ""rho"": 65536.0, ""gain"": 0.0}, {""block"": ""star_ris"", ""rho"": 1.0, ""gain"": 0.031659882892043356}, {""block"": ""rsma"", ""rho"": 65536.0, ""gain"": 0.0}, {""block"": ""star_ris"", ""rho"": 1.0, ""gain"": 0.025345024849105613}, {""block"": ""rsma"", ""rho"": 65536.0, ""gain"": 0.0}, {""block"": ""star_ris"", ""rho"": 1.0, ""gain"": 0.020323277862939193}, {""block"": ""rsma"", ""rho"": 65536.0, ""gain"": 0.0}, {""block"": ""star_ris"", ""rho"": 1.0, ""gain"": 0.017838819733590583}, {""block"": ""rsma"", ""rho"": 1.0, ""gain"": 1.3848992111320513e-05}, {""block"": ""star_ris"", ""rho"": 1.0, ""gain"": 0.012602085748905978}, {""block"": ""rsma"", ""rho"": 1.0, ""gain"": 3.9908480928829704e-05}, {""block"": ""star_ris"", ""rho"": 1.0, ""gain"": 0.00774291370305491}, {""block"": ""rsma"", ""rho"": 65536.0, ""gain"": 0.0}, {""block"": ""star_ris"", ""rho"": 1.0, ""gain"": 0.009485846220901095}, {""block"": ""rsma"", ""rho"": 1.0, ""gain"": 5.111701769067167e-05}, {""block"": ""star_ris"", ""rho"": 1.0, ""gain"": 0.004289026142821228}, {""block"": ""rsma"", ""rho"": 65536.0, ""gain"": 0.0}, {""block"": ""star_ris"", ""rho"": 1.0, ""gain"": 0.008726270308539341}, {""block"": ""rsma"", ""rho"": 1.0, ""gain"": 7.596828496048147e-05}, {""block"": ""star_ris"", ""rho"": 1.0, ""gain"": 0.0005773672409219444}]",{},2251.051187,2a8450eb5d4f6f05c03681c57cc71c0590f449be523644dbfde0384d2f23053d,fc61d5cda7da39530055bae9bd0e92865f995cd9,6ec54735c1c2c35cd253d9d3d23295783293b6d64c65204dfcab16b2d59ebbef
ao_sca,32,10000,482,test,16.357304032236605,16.357304032236605,1.0,True,0.0,20,4308,38,ao_sca_proximal_physical,analytical_ris_equal_allocation,"[1.8375876311997366, 15.566934532242232, 15.583904481062731, 15.80810796580107, 15.827389391956672, 15.887851410185965, 16.17780538359408, 16.206309971235427, 16.237999405641116, 16.240337974590304, 16.25073140745127, 16.2582766776075, 16.275964538949975, 16.292854556180227, 16.313738533527673, 16.319029066802614, 16.3235206017851, 16.34425252262887, 16.351108375355267, 16.354112547927045, 16.357304032236605]","[{""block"": ""rsma"", ""rho"": 1.0, ""gain"": 13.726050511966099}, {""block"": ""star_ris"", ""rho"": 16.0, ""gain"": 0.003296389076396622}, {""block"": ""rsma"", ""rho"": 1.0, ""gain"": 0.0}, {""block"": ""star_ris"", ""rho"": 2.0, ""gain"": 0.01696994882049907}, {""block"": ""rsma"", ""rho"": 1.0, ""gain"": 0.0}, {""block"": ""star_ris"", ""rho"": 1.0, ""gain"": 0.2242034847383394}, {""block"": ""rsma"", ""rho"": 1.0, ""gain"": 1.7763568394002505e-15}, {""block"": ""star_ris"", ""rho"": 16.0, ""gain"": 0.019281426155599135}, {""block"": ""rsma"", ""rho"": 1.0, ""gain"": 0.0}, {""block"": ""star_ris"", ""rho"": 2.0, ""gain"": 0.06046201822929298}, {""block"": ""rsma"", ""rho"": 1.0, ""gain"": 0.0}, {""block"": ""star_ris"", ""rho"": 4.0, ""gain"": 0.2899539734081156}, {""block"": ""rsma"", ""rho"": 1.0, ""gain"": 0.0}, {""block"": ""star_ris"", ""rho"": 2.0, ""gain"": 0.028504587641347}, {""block"": ""rsma"", ""rho"": 1.0, ""gain"": 0.0}, {""block"": ""star_ris"", ""rho"": 8.0, ""gain"": 0.03168943440568839}, {""block"": ""rsma"", ""rho"": 1.0, ""gain"": 0.0}, {""block"": ""star_ris"", ""rho"": 64.0, ""gain"": 0.002338568949188158}, {""block"": ""rsma"", ""rho"": 1.0, ""gain"": 0.0}, {""block"": ""star_ris"", ""rho"": 32.0, ""gain"": 0.01039343286096539}, {""block"": ""rsma"", ""rho"": 1.0, ""gain"": 7.105427357601002e-15}, {""block"": ""star_ris"", ""rho"": 32.0, ""gain"": 0.007545270156224859}, {""block"": ""rsma"", ""rho"": 1.0, ""gain"": -3.552713678800501e-15}, {""block"": ""star_ris"", ""rho"": 16.0, ""gain"": 0.017687861342476907}, {""block"": ""rsma"", ""rho"": 1.0, ""gain"": -3.552713678800501e-15}, {""block"": ""star_ris"", ""rho"": 16.0, ""gain"": 0.016890017230256404}, {""block"": ""rsma"", ""rho"": 1.0, ""gain"": 0.0}, {""block"": ""star_ris"", ""rho"": 8.0, ""gain"": 0.020883977347445182}, {""block"": ""rsma"", ""rho"": 1.0, ""gain"": 0.0}, {""block"": ""star_ris"", ""rho"": 8.0, ""gain"": 0.005290533274941112}, {""block"": ""rsma"", ""rho"": 1.0, ""gain"": 0.0}, {""block"": ""star_ris"", ""rho"": 16.0, ""gain"": 0.0044915349824847794}, {""block"": ""rsma"", ""rho"": 1.0, ""gain"": 3.552713678800501e-15}, {""block"": ""star_ris"", ""rho"": 8.0, ""gain"": 0.020731920843768847}, {""block"": ""rsma"", ""rho"": 1.0, ""gain"": 0.0}, {""block"": ""star_ris"", ""rho"": 16.0, ""gain"": 0.0068558527263959945}, {""block"": ""rsma"", ""rho"": 1.0, ""gain"": 0.0}, {""block"": ""star_ris"", ""rho"": 32.0, ""gain"": 0.0030041725717779855}, {""block"": ""rsma"", ""rho"": 1.0, ""gain"": 0.0}, {""block"": ""star_ris"", ""rho"": 32.0, ""gain"": 0.0031914843095606216}]",{},2406.004754,2a8450eb5d4f6f05c03681c57cc71c0590f449be523644dbfde0384d2f23053d,fc61d5cda7da39530055bae9bd0e92865f995cd9,6ec54735c1c2c35cd253d9d3d23295783293b6d64c65204dfcab16b2d59ebbef
ao_sca,32,10000,483,test,15.38693067732517,15.38693067732517,1.0,True,0.0,20,4441,34,ao_sca_proximal_physical,analytical_ris_equal_allocation,"[1.8353286142750271, 11.936049620737556, 12.005446762825224, 12.206297348169027, 12.295633165433305, 12.338013795212696, 12.3483649812222, 14.864989876955837, 14.910938936753338, 14.97709065027991, 15.023677942021193, 15.088104751175134, 15.151037979722739, 15.291317155517625, 15.337758671312319, 15.34541035022033, 15.362825163671213, 15.370862982923313, 15.375051576977258, 15.380562638712654, 15.38693067732517]","[{""block"": ""rsma"", ""rho"": 1.0, ""gain"": 9.948622243360228}, {""block"": ""star_ris"", ""rho"": 128.0, ""gain"": 0.15209876310230008}, {""block"": ""rsma"", ""rho"": 65536.0, ""gain"": 0.0}, {""block"": ""star_ris"", ""rho"": 256.0, ""gain"": 0.06939714208766823}, {""block"": ""rsma"", ""rho"": 65536.0, ""gain"": 0.0}, {""block"": ""star_ris"", ""rho"": 64.0, ""gain"": 0.20085058534380273}, {""block"": ""rsma"", ""rho"": 65536.0, ""gain"": 0.0}, {""block"": ""star_ris"", ""rho"": 128.0, ""gain"": 0.08933581726427775}, {""block"": ""rsma"", ""rho"": 65536.0, ""gain"": 0.0}, {""block"": ""star_ris"", ""rho"": 256.0, ""gain"": 0.042380629779390944}, {""block"": ""rsma"", ""rho"": 65536.0, ""gain"": 0.0}, {""block"": ""star_ris"", ""rho"": 1024.0, ""gain"": 0.010351186009504687}, {""block"": ""rsma"", ""rho"": 65536.0, ""gain"": 0.0}, {""block"": ""star_ris"", ""rho"": 2.0, ""gain"": 2.516624895733637}, {""block"": ""rsma"", ""rho"": 1.0, ""gain"": 0.0}, {""block"": ""star_ris"", ""rho"": 8.0, ""gain"": 0.045949059797500524}, {""block"": ""rsma"", ""rho"": 1.0, ""gain"": 0.0}, {""block"": ""star_ris"", ""rho"": 64.0, ""gain"": 0.06615171352657256}, {""block"": ""rsma"", ""rho"": 1.0, ""gain"": -1.7763568394002505e-15}, {""block"": ""star_ris"", ""rho"": 8.0, ""gain"": 0.046587291741284176}, {""block"": ""rsma"", ""rho"": 1.0, ""gain"": 0.0}, {""block"": ""star_ris"", ""rho"": 16.0, ""gain"": 0.06442680915394128}, {""block"": ""rsma"", ""rho"": 1.0, ""gain"": 0.0}, {""block"": ""star_ris"", ""rho"": 4.0, ""gain"": 0.06293322854760497}, {""block"": ""rsma"", ""rho"": 1.0, ""gain"": 1.7763568394002505e-15}, {""block"": ""star_ris"", ""rho"": 16.0, ""gain"": 0.14027917579488403}, {""block"": ""rsma"", ""rho"": 1.0, ""gain"": 0.0}, {""block"": ""star_ris"", ""rho"": 16.0, ""gain"": 0.0464415157946938}, {""block"": ""rsma"", ""rho"": 1.0, ""gain"": 0.0}, {""block"": ""star_ris"", ""rho"": 64.0, ""gain"": 0.007651678908011661}, {""block"": ""rsma"", ""rho"": 1.0, ""gain"": 0.0}, {""block"": ""star_ris"", ""rho"": 32.0, ""gain"": 0.01741481345088225}, {""block"": ""rsma"", ""rho"": 1.0, ""gain"": -1.7763568394002505e-15}, {""block"": ""star_ris"", ""rho"": 128.0, ""gain"": 0.008037819252102452}, {""block"": ""rsma"", ""rho"": 1.0, ""gain"": 0.0}, {""block"": ""star_ris"", ""rho"": 64.0, ""gain"": 0.004188594053944783}, {""block"": ""rsma"", ""rho"": 1.0, ""gain"": 0.0}, {""block"": ""star_ris"", ""rho"": 128.0, ""gain"": 0.005511061735395728}, {""block"": ""rsma"", ""rho"": 1.0, ""gain"": 0.0}, {""block"": ""star_ris"", ""rho"": 64.0, ""gain"": 0.006368038612516003}]",{},2335.26352,2a8450eb5d4f6f05c03681c57cc71c0590f449be523644dbfde0384d2f23053d,fc61d5cda7da39530055bae9bd0e92865f995cd9,6ec54735c1c2c35cd253d9d3d23295783293b6d64c65204dfcab16b2d59ebbef
ao_sca,32,10000,484,test,17.15663836781248,17.15663836781248,1.0,True,0.0,20,4578,22,ao_sca_proximal_physical,analytical_ris_equal_allocation,"[1.8360850076624264, 12.858682962157486, 13.296521319018495, 13.521440157880985, 13.580615407071381, 13.831982956623612, 13.963796306575023, 14.298518825901356, 16.187330263148386, 16.34362258164164, 16.411913951175045, 16.44422422830484, 16.452108785011355, 16.45602620585656, 16.85741988311774, 17.07273660203765, 17.105082712665688, 17.109044511493178, 17.111021308930987, 17.14148552801586, 17.15663836781248]","[{""block"": ""rsma"", ""rho"": 1.0, ""gain"": 11.022020950902991}, {""block"": ""star_ris"", ""rho"": 2.0, ""gain"": 0.0005770035920686922}, {""block"": ""rsma"", ""rho"": 65536.0, ""gain"": 0.0}, {""block"": ""star_ris"", ""rho"": 1.0, ""gain"": 0.43783835686100936}, {""block"": ""rsma"", ""rho"": 65536.0, ""gain"": 0.0}, {""block"": ""star_ris"", ""rho"": 64.0, ""gain"": 0.22491883886248942}, {""block"": ""rsma"", ""rho"": 65536.0, ""gain"": 0.0}, {""block"": ""star_ris"", ""rho"": 4.0, ""gain"": 0.05917524919039607}, {""block"": ""rsma"", ""rho"": 65536.0, ""gain"": 0.0}, {""block"": ""star_ris"", ""rho"": 4.0, ""gain"": 0.2513675495522314}, {""block"": ""rsma"", ""rho"": 65536.0, ""gain"": 0.0}, {""block"": ""star_ris"", ""rho"": 1.0, ""gain"": 0.13181334995141114}, {""block"": ""rsma"", ""rho"": 65536.0, ""gain"": 0.0}, {""block"": ""star_ris"", ""rho"": 16.0, ""gain"": 0.33472251932633235}, {""block"": ""rsma"", ""rho"": 2048.0, ""gain"": 1.38825870352726}, {""block"": ""star_ris"", ""rho"": 2.0, ""gain"": 0.5005527337197702}, {""block"": ""rsma"", ""rho"": 65536.0, ""gain"": 0.0}, {""block"": ""star_ris"", ""rho"": 4.0, ""gain"": 0.15629231849325365}, {""block"": ""rsma"", ""rho"": 65536.0, ""gain"": 0.0}, {""block"": ""star_ris"", ""rho"": 8.0, ""gain"": 0.06829136953340509}, {""block"": ""rsma"", ""rho"": 65536.0, ""gain"": 0.0}, {""block"": ""star_ris"", ""rho"": 16.0, ""gain"": 0.032310277129795395}, {""block"": ""rsma"", ""rho"": 65536.0, ""gain"": 0.0}, {""block"": ""star_ris"", ""rho"": 64.0, ""gain"": 0.007884556706514445}, {""block"": ""rsma"", ""rho"": 65536.0, ""gain"": 0.0}, {""block"": ""star_ris"", ""rho"": 128.0, ""gain"": 0.003917420845205299}, {""block"": ""rsma"", ""rho"": 65536.0, ""gain"": 0.0}, {""block"": ""star_ris"", ""rho"": 1.0, ""gain"": 0.40139367726117925}, {""block"": ""rsma"", ""rho"": 65536.0, ""gain"": 0.0}, {""block"": ""star_ris"", ""rho"": 1.0, ""gain"": 0.21531671891991166}, {""block"": ""rsma"", ""rho"": 65536.0, ""gain"": 0.0}, {""block"": ""star_ris"", ""rho"": 4.0, ""gain"": 0.03234611062803694}, {""block"": ""rsma"", ""rho"": 65536.0, ""gain"": 0.0}, {""block"": ""star_ris"", ""rho"": 32.0, ""gain"": 0.003961798827489815}, {""block"": ""rsma"", ""rho"": 65536.0, ""gain"": 0.0}, {""block"": ""star_ris"", ""rho"": 64.0, ""gain"": 0.001976797437809097}, {""block"": ""rsma"", ""rho"": 65536.0, ""gain"": 0.0}, {""block"": ""star_ris"", ""rho"": 4.0, ""gain"": 0.03046421908487318}, {""block"": ""rsma"", ""rho"": 65536.0, ""gain"": 0.0}, {""block"": ""star_ris"", ""rho"": 8.0, ""gain"": 0.015152839796620299}]",{},2370.506413,2a8450eb5d4f6f05c03681c57cc71c0590f449be523644dbfde0384d2f23053d,fc61d5cda7da39530055bae9bd0e92865f995cd9,6ec54735c1c2c35cd253d9d3d23295783293b6d64c65204dfcab16b2d59ebbef
ao_sca,32,10000,485,test,18.14480410725229,18.14480410725229,1.0,True,0.0,20,4562,26,ao_sca_proximal_physical,analytical_ris_equal_allocation,"[1.8375042960108328, 15.115115939016055, 16.71380478934053, 16.81244192101071, 16.835166676738602, 17.435296169431652, 17.50019063354517, 17.53009017443795, 17.544582661400987, 17.57222328253865, 17.585660560342237, 17.592289916075593, 17.772317251187438, 17.897625268260374, 17.96867389695322, 17.9995964885262, 18.006834366192955, 18.01053733590138, 18.067210557019642, 18.11513167587828, 18.144804107252295]","[{""block"": ""rsma"", ""rho"": 1.0, ""gain"": 12.851706031655496}, {""block"": ""star_ris"", ""rho"": 8.0, ""gain"": 0.4259056113497266}, {""block"": ""rsma"", ""rho"": 512.0, ""gain"": 1.3547709269323587}, {""block"": ""star_ris"", ""rho"": 4.0, ""gain"": 0.2439179233921145}, {""block"": ""rsma"", ""rho"": 32768.0, ""gain"": -8.928680017561419e-11}, {""block"": ""star_ris"", ""rho"": 8.0, ""gain"": 0.09863713175946742}, {""block"": ""rsma"", ""rho"": 32768.0, ""gain"": -9.084999419428641e-11}, {""block"": ""star_ris"", ""rho"": 32.0, ""gain"": 0.022724755818742892}, {""block"": ""rsma"", ""rho"": 32768.0, ""gain"": -9.115908028434205e-11}, {""block"": ""star_ris"", ""rho"": 1.0, ""gain"": 0.6001294927842089}, {""block"": ""rsma"", ""rho"": 32768.0, ""gain"": -9.426059932593489e-11}, {""block"": ""star_ris"", ""rho"": 4.0, ""gain"": 0.06489446420777867}, {""block"": ""rsma"", ""rho"": 65536.0, ""gain"": 0.0}, {""block"": ""star_ris"", ""rho"": 8.0, ""gain"": 0.029899540892781573}, {""block"": ""rsma"", ""rho"": 65536.0, ""gain"": 0.0}, {""block"": ""star_ris"", ""rho"": 16.0, ""gain"": 0.014492486963035844}, {""block"": ""rsma"", ""rho"": 65536.0, ""gain"": 0.0}, {""block"": ""star_ris"", ""rho"": 8.0, ""gain"": 0.027640621137663857}, {""block"": ""rsma"", ""rho"": 65536.0, ""gain"": 0.0}, {""block"": ""star_ris"", ""rho"": 16.0, ""gain"": 0.013437277803586056}, {""block"": ""rsma"", ""rho"": 65536.0, ""gain"": 0.0}, {""block"": ""star_ris"", ""rho"": 32.0, ""gain"": 0.0066293557333558795}, {""block"": ""rsma"", ""rho"": 65536.0, ""gain"": 0.0}, {""block"": ""star_ris"", ""rho"": 1.0, ""gain"": 0.18002733511184488}, {""block"": ""rsma"", ""rho"": 65536.0, ""gain"": 0.0}, {""block"": ""star_ris"", ""rho"": 1.0, ""gain"": 0.12530801707293548}, {""block"": ""rsma"", ""rho"": 65536.0, ""gain"": 0.0}, {""block"": ""star_ris"", ""rho"": 1.0, ""gain"": 0.07104862869284645}, {""block"": ""rsma"", ""rho"": 65536.0, ""gain"": 0.0}, {""block"": ""star_ris"", ""rho"": 2.0, ""gain"": 0.030922591572981162}, {""block"": ""rsma"", ""rho"": 65536.0, ""gain"": 0.0}, {""block"": ""star_ris"", ""rho"": 8.0, ""gain"": 0.007237877666753434}, {""block"": ""rsma"", ""rho"": 65536.0, ""gain"": 0.0}, {""block"": ""star_ris"", ""rho"": 16.0, ""gain"": 0.0037029697084243196}, {""block"": ""rsma"", ""rho"": 65536.0, ""gain"": 0.0}, {""block"": ""star_ris"", ""rho"": 1.0, ""gain"": 0.05667322111826323}, {""block"": ""rsma"", ""rho"": 65536.0, ""gain"": 0.0}, {""block"": ""star_ris"", ""rho"": 1.0, ""gain"": 0.047921118858639034}, {""block"": ""rsma"", ""rho"": 65536.0, ""gain"": 0.0}, {""block"": ""star_ris"", ""rho"": 1.0, ""gain"": 0.02967243137401354}]",{},2596.024949,2a8450eb5d4f6f05c03681c57cc71c0590f449be523644dbfde0384d2f23053d,fc61d5cda7da39530055bae9bd0e92865f995cd9,6ec54735c1c2c35cd253d9d3d23295783293b6d64c65204dfcab16b2d59ebbef
ao_sca,32,10000,486,test,15.970542339595085,15.970542339595085,1.0,True,0.0,8,1727,16,ao_sca_proximal_physical,analytical_ris_equal_allocation,"[1.8374976266769856, 15.22013611789182, 15.483056698608065, 15.797667308687188, 15.920760481076483, 15.937708082506255, 15.941892682725655, 15.969524737860874, 15.970542339595085]","[{""block"": ""rsma"", ""rho"": 1.0, ""gain"": 12.951320772950512}, {""block"": ""star_ris"", ""rho"": 1.0, ""gain"": 0.4313177182643244}, {""block"": ""rsma"", ""rho"": 1.0, ""gain"": 1.7763568394002505e-15}, {""block"": ""star_ris"", ""rho"": 2.0, ""gain"": 0.26292058071624247}, {""block"": ""rsma"", ""rho"": 1.0, ""gain"": -1.7763568394002505e-15}, {""block"": ""star_ris"", ""rho"": 8.0, ""gain"": 0.31461061007912505}, {""block"": ""rsma"", ""rho"": 1.0, ""gain"": -1.7763568394002505e-15}, {""block"": ""star_ris"", ""rho"": 16.0, ""gain"": 0.12309317238929651}, {""block"": ""rsma"", ""rho"": 1.0, ""gain"": 1.7763568394002505e-15}, {""block"": ""star_ris"", ""rho"": 32.0, ""gain"": 0.01694760142977003}, {""block"": ""rsma"", ""rho"": 1.0, ""gain"": 0.0}, {""block"": ""star_ris"", ""rho"": 16.0, ""gain"": 0.0041846002193999254}, {""block"": ""rsma"", ""rho"": 1.0, ""gain"": -3.552713678800501e-15}, {""block"": ""star_ris"", ""rho"": 64.0, ""gain"": 0.027632055135223155}, {""block"": ""rsma"", ""rho"": 1.0, ""gain"": -1.7763568394002505e-15}, {""block"": ""star_ris"", ""rho"": 128.0, ""gain"": 0.001017601734211837}]",{},971.364041,2a8450eb5d4f6f05c03681c57cc71c0590f449be523644dbfde0384d2f23053d,fc61d5cda7da39530055bae9bd0e92865f995cd9,6ec54735c1c2c35cd253d9d3d23295783293b6d64c65204dfcab16b2d59ebbef
ao_sca,32,10000,487,test,15.76317755699164,15.76317755699164,1.0,True,0.0,17,3681,32,ao_sca_proximal_physical,analytical_ris_equal_allocation,"[1.8372972830588221, 14.705393761660869, 15.283038188452984, 15.312358876856926, 15.381811413284334, 15.460784477135347, 15.478697392557587, 15.509463812346667, 15.516277568277165, 15.568699248221312, 15.633542901117634, 15.663437779538171, 15.718222269269042, 15.734808642833034, 15.738457435680413, 15.759782000390214, 15.762480918781247, 15.76317755699164]","[{""block"": ""rsma"", ""rho"": 1.0, ""gain"": 12.644186670539089}, {""block"": ""star_ris"", ""rho"": 1.0, ""gain"": 0.2239098080629578}, {""block"": ""rsma"", ""rho"": 65536.0, ""gain"": 0.0}, {""block"": ""star_ris"", ""rho"": 1.0, ""gain"": 0.5776444267921157}, {""block"": ""rsma"", ""rho"": 1.0, ""gain"": -1.7763568394002505e-15}, {""block"": ""star_ris"", ""rho"": 32.0, ""gain"": 0.029320688403943862}, {""block"": ""rsma"", ""rho"": 1.0, ""gain"": 0.0}, {""block"": ""star_ris"", ""rho"": 16.0, ""gain"": 0.06945253642740745}, {""block"": ""rsma"", ""rho"": 1.0, ""gain"": 0.0}, {""block"": ""star_ris"", ""rho"": 2.0, ""gain"": 0.07897306385101288}, {""block"": ""rsma"", ""rho"": 1.0, ""gain"": 0.0}, {""block"": ""star_ris"", ""rho"": 1024.0, ""gain"": 0.01791291542224016}, {""block"": ""rsma"", ""rho"": 1.0, ""gain"": 0.0}, {""block"": ""star_ris"", ""rho"": 8.0, ""gain"": 0.03076641978907979}, {""block"": ""rsma"", ""rho"": 1.0, ""gain"": 1.7763568394002505e-15}, {""block"": ""star_ris"", ""rho"": 128.0, ""gain"": 0.006813755930496157}, {""block"": ""rsma"", ""rho"": 1.0, ""gain"": 0.0}, {""block"": ""star_ris"", ""rho"": 64.0, ""gain"": 0.052421679944147925}, {""block"": ""rsma"", ""rho"": 1.0, ""gain"": 1.7763568394002505e-15}, {""block"": ""star_ris"", ""rho"": 1.0, ""gain"": 0.06484365289631988}, {""block"": ""rsma"", ""rho"": 1.0, ""gain"": 0.0}, {""block"": ""star_ris"", ""rho"": 8.0, ""gain"": 0.02989487842053684}, {""block"": ""rsma"", ""rho"": 1.0, ""gain"": 1.7763568394002505e-15}, {""block"": ""star_ris"", ""rho"": 32.0, ""gain"": 0.05478448973086891}, {""block"": ""rsma"", ""rho"": 1.0, ""gain"": 1.7763568394002505e-15}, {""block"": ""star_ris"", ""rho"": 8.0, ""gain"": 0.01658637356399062}, {""block"": ""rsma"", ""rho"": 1.0, ""gain"": 0.0}, {""block"": ""star_ris"", ""rho"": 32.0, ""gain"": 0.0036487928473789566}, {""block"": ""rsma"", ""rho"": 1.0, ""gain"": 0.0}, {""block"": ""star_ris"", ""rho"": 8.0, ""gain"": 0.021324564709800597}, {""block"": ""rsma"", ""rho"": 1.0, ""gain"": 0.0}, {""block"": ""star_ris"", ""rho"": 4.0, ""gain"": 0.0026989183910330894}, {""block"": ""rsma"", ""rho"": 1.0, ""gain"": 0.0}, {""block"": ""star_ris"", ""rho"": 16.0, ""gain"": 0.0006966382103925639}]",{},2138.215563,2a8450eb5d4f6f05c03681c57cc71c0590f449be523644dbfde0384d2f23053d,fc61d5cda7da39530055bae9bd0e92865f995cd9,6ec54735c1c2c35cd253d9d3d23295783293b6d64c65204dfcab16b2d59ebbef
ao_sca,32,10000,488,test,15.75125556453663,15.75125556453663,1.0,True,0.0,9,2041,12,ao_sca_proximal_physical,analytical_ris_equal_allocation,"[1.8368259981975055, 13.519223929792174, 13.554404609350616, 13.5716086831988, 13.580117766131714, 14.196182643453394, 14.553926648975924, 15.476567094623235, 15.74992191135501, 15.75125556453663]","[{""block"": ""rsma"", ""rho"": 1.0, ""gain"": 11.341090435441576}, {""block"": ""star_ris"", ""rho"": 16.0, ""gain"": 0.3413074961530924}, {""block"": ""rsma"", ""rho"": 65536.0, ""gain"": 0.0}, {""block"": ""star_ris"", ""rho"": 128.0, ""gain"": 0.03518067955844195}, {""block"": ""rsma"", ""rho"": 65536.0, ""gain"": 0.0}, {""block"": ""star_ris"", ""rho"": 256.0, ""gain"": 0.01720407384818401}, {""block"": ""rsma"", ""rho"": 65536.0, ""gain"": 0.0}, {""block"": ""star_ris"", ""rho"": 512.0, ""gain"": 0.00850908293291397}, {""block"": ""rsma"", ""rho"": 65536.0, ""gain"": 0.0}, {""block"": ""star_ris"", ""rho"": 1.0, ""gain"": 0.6160648773216799}, {""block"": ""rsma"", ""rho"": 65536.0, ""gain"": 0.0}, {""block"": ""star_ris"", ""rho"": 1.0, ""gain"": 0.3577440055225303}, {""block"": ""rsma"", ""rho"": 65536.0, ""gain"": 0.0}, {""block"": ""star_ris"", ""rho"": 1.0, ""gain"": 0.9226404456473105}, {""block"": ""rsma"", ""rho"": 1.0, ""gain"": 0.0}, {""block"": ""star_ris"", ""rho"": 32.0, ""gain"": 0.273354816731775}, {""block"": ""rsma"", ""rho"": 1.0, ""gain"": 0.0}, {""block"": ""star_ris"", ""rho"": 512.0, ""gain"": 0.0013336531816197095}]",{},1158.979951,2a8450eb5d4f6f05c03681c57cc71c0590f449be523644dbfde0384d2f23053d,fc61d5cda7da39530055bae9bd0e92865f995cd9,6ec54735c1c2c35cd253d9d3d23295783293b6d64c65204dfcab16b2d59ebbef
ao_sca,32,10000,489,test,17.74072580540668,17.74072580540668,1.0,True,0.0,19,4301,21,ao_sca_proximal_physical,analytical_ris_equal_allocation,"[1.837149686719707, 14.459152001946855, 14.823861984000892, 16.62021723539314, 16.940709998530064, 17.14190731256759, 17.289153880733128, 17.39480683760529, 17.45732150760498, 17.506622722960028, 17.547231392550643, 17.586963389032267, 17.62120338742686, 17.647773762713477, 17.672299163937513, 17.695431286522883, 17.717070376114624, 17.73714540548656, 17.739538915244736, 17.74072580540668]","[{""block"": ""rsma"", ""rho"": 1.0, ""gain"": 12.425695357244651}, {""block"": ""star_ris"", ""rho"": 1.0, ""gain"": 0.19630695798249675}, {""block"": ""rsma"", ""rho"": 65536.0, ""gain"": 0.0}, {""block"": ""star_ris"", ""rho"": 1.0, ""gain"": 0.3647099820540376}, {""block"": ""rsma"", ""rho"": 1024.0, ""gain"": 1.26439879328802}, {""block"": ""star_ris"", ""rho"": 1.0, ""gain"": 0.5319564581042293}, {""block"": ""rsma"", ""rho"": 65536.0, ""gain"": 0.0}, {""block"": ""star_ris"", ""rho"": 1.0, ""gain"": 0.3204927631369223}, {""block"": ""rsma"", ""rho"": 65536.0, ""gain"": 0.0}, {""block"": ""star_ris"", ""rho"": 1.0, ""gain"": 0.2011973140375254}, {""block"": ""rsma"", ""rho"": 65536.0, ""gain"": 0.0}, {""block"": ""star_ris"", ""rho"": 1.0, ""gain"": 0.1472465681655386}, {""block"": ""rsma"", ""rho"": 65536.0, ""gain"": 0.0}, {""block"": ""star_ris"", ""rho"": 1.0, ""gain"": 0.10565295687216292}, {""block"": ""rsma"", ""rho"": 65536.0, ""gain"": 0.0}, {""block"": ""star_ris"", ""rho"": 1.0, ""gain"": 0.06251466999968969}, {""block"": ""rsma"", ""rho"": 65536.0, ""gain"": 0.0}, {""block"": ""star_ris"", ""rho"": 1.0, ""gain"": 0.04930121535504739}, {""block"": ""rsma"", ""rho"": 65536.0, ""gain"": 0.0}, {""block"": ""star_ris"", ""rho"": 1.0, ""gain"": 0.04060866959061471}, {""block"": ""rsma"", ""rho"": 65536.0, ""gain"": 0.0}, {""block"": ""star_ris"", ""rho"": 1.0, ""gain"": 0.039731996481624066}, {""block"": ""rsma"", ""rho"": 65536.0, ""gain"": 0.0}, {""block"": ""star_ris"", ""rho"": 1.0, ""gain"": 0.03423999839459313}, {""block"": ""rsma"", ""rho"": 65536.0, ""gain"": 0.0}, {""block"": ""star_ris"", ""rho"": 1.0, ""gain"": 0.02657037528661732}, {""block"": ""rsma"", ""rho"": 65536.0, ""gain"": 0.0}, {""block"": ""star_ris"", ""rho"": 1.0, ""gain"": 0.024525401224035903}, {""block"": ""rsma"", ""rho"": 65536.0, ""gain"": 0.0}, {""block"": ""star_ris"", ""rho"": 1.0, ""gain"": 0.023132122585369785}, {""block"": ""rsma"", ""rho"": 65536.0, ""gain"": 0.0}, {""block"": ""star_ris"", ""rho"": 1.0, ""gain"": 0.021639089591740657}, {""block"": ""rsma"", ""rho"": 65536.0, ""gain"": 0.0}, {""block"": ""star_ris"", ""rho"": 1.0, ""gain"": 0.020075029371938058}, {""block"": ""rsma"", ""rho"": 65536.0, ""gain"": 0.0}, {""block"": ""star_ris"", ""rho"": 8.0, ""gain"": 0.002393509758174872}, {""block"": ""rsma"", ""rho"": 65536.0, ""gain"": 0.0}, {""block"": ""star_ris"", ""rho"": 16.0, ""gain"": 0.001186890161942955}]",{},2358.035865,2a8450eb5d4f6f05c03681c57cc71c0590f449be523644dbfde0384d2f23053d,fc61d5cda7da39530055bae9bd0e92865f995cd9,6ec54735c1c2c35cd253d9d3d23295783293b6d64c65204dfcab16b2d59ebbef
ao_sca,32,10000,490,test,16.535295241996295,16.535295241996295,1.0,True,0.0,19,4088,36,ao_sca_proximal_physical,analytical_ris_equal_allocation,"[1.8376456338988119, 15.749403870717938, 15.924838958815375, 15.955218423878486, 16.06716228769157, 16.07074283355586, 16.101387459539705, 16.113432797217726, 16.172912386142453, 16.215736692423953, 16.285465063639617, 16.41257635352468, 16.4679360152215, 16.470407581848356, 16.47461926541575, 16.495466278428268, 16.50872489521715, 16.52646344528301, 16.534344106260974, 16.535295241996295]","[{""block"": ""rsma"", ""rho"": 1.0, ""gain"": 13.874084670888912}, {""block"": ""star_ris"", ""rho"": 4.0, ""gain"": 0.03767356593021276}, {""block"": ""rsma"", ""rho"": 1.0, ""gain"": -1.7763568394002505e-15}, {""block"": ""star_ris"", ""rho"": 2.0, ""gain"": 0.1754350880974389}, {""block"": ""rsma"", ""rho"": 1.0, ""gain"": 0.0}, {""block"": ""star_ris"", ""rho"": 2.0, ""gain"": 0.03037946506311151}, {""block"": ""rsma"", ""rho"": 1.0, ""gain"": -1.7763568394002505e-15}, {""block"": ""star_ris"", ""rho"": 4.0, ""gain"": 0.11194386381308519}, {""block"": ""rsma"", ""rho"": 1.0, ""gain"": 3.552713678800501e-15}, {""block"": ""star_ris"", ""rho"": 2.0, ""gain"": 0.0035805458642883536}, {""block"": ""rsma"", ""rho"": 1.0, ""gain"": 0.0}, {""block"": ""star_ris"", ""rho"": 1.0, ""gain"": 0.0306446259838431}, {""block"": ""rsma"", ""rho"": 1.0, ""gain"": 0.0}, {""block"": ""star_ris"", ""rho"": 8.0, ""gain"": 0.012045337678021184}, {""block"": ""rsma"", ""rho"": 1.0, ""gain"": 0.0}, {""block"": ""star_ris"", ""rho"": 128.0, ""gain"": 0.05947958892472727}, {""block"": ""rsma"", ""rho"": 1.0, ""gain"": 0.0}, {""block"": ""star_ris"", ""rho"": 2.0, ""gain"": 0.04282430628149925}, {""block"": ""rsma"", ""rho"": 1.0, ""gain"": 0.0}, {""block"": ""star_ris"", ""rho"": 8.0, ""gain"": 0.069728371215664}, {""block"": ""rsma"", ""rho"": 1.0, ""gain"": 0.0}, {""block"": ""star_ris"", ""rho"": 8.0, ""gain"": 0.1271112898850646}, {""block"": ""rsma"", ""rho"": 1.0, ""gain"": 0.0}, {""block"": ""star_ris"", ""rho"": 4.0, ""gain"": 0.05535966169681927}, {""block"": ""rsma"", ""rho"": 1.0, ""gain"": 0.0}, {""block"": ""star_ris"", ""rho"": 32.0, ""gain"": 0.002471566626855548}, {""block"": ""rsma"", ""rho"": 1.0, ""gain"": 0.0}, {""block"": ""star_ris"", ""rho"": 32.0, ""gain"": 0.004211683567394431}, {""block"": ""rsma"", ""rho"": 1.0, ""gain"": 0.0}, {""block"": ""star_ris"", ""rho"": 16.0, ""gain"": 0.020847013012517124}, {""block"": ""rsma"", ""rho"": 1.0, ""gain"": -3.552713678800501e-15}, {""block"": ""star_ris"", ""rho"": 8.0, ""gain"": 0.013258616788885291}, {""block"": ""rsma"", ""rho"": 1.0, ""gain"": 0.0}, {""block"": ""star_ris"", ""rho"": 16.0, ""gain"": 0.017738550065860892}, {""block"": ""rsma"", ""rho"": 1.0, ""gain"": -3.552713678800501e-15}, {""block"": ""star_ris"", ""rho"": 16.0, ""gain"": 0.00788066097796758}, {""block"": ""rsma"", ""rho"": 1.0, ""gain"": -3.552713678800501e-15}, {""block"": ""star_ris"", ""rho"": 256.0, ""gain"": 0.0009511357353240157}]",{},2224.79193,2a8450eb5d4f6f05c03681c57cc71c0590f449be523644dbfde0384d2f23053d,fc61d5cda7da39530055bae9bd0e92865f995cd9,6ec54735c1c2c35cd253d9d3d23295783293b6d64c65204dfcab16b2d59ebbef
ao_sca,32,10000,491,test,16.35165636266043,16.35165636266043,1.0,True,0.0,16,3430,31,ao_sca_proximal_physical,analytical_ris_equal_allocation,"[1.837614617677733, 15.391817459657899, 15.546322443705721, 15.84957118401734, 15.89834799161368, 16.036433562109075, 16.07422261896882, 16.109438488241192, 16.140983568433146, 16.197323620965896, 16.260245495252057, 16.293148006276766, 16.317033338755266, 16.32947521439019, 16.332509944547457, 16.351339313306475, 16.35165636266043]","[{""block"": ""rsma"", ""rho"": 1.0, ""gain"": 13.511209247796444}, {""block"": ""star_ris"", ""rho"": 4.0, ""gain"": 0.04299359418372184}, {""block"": ""rsma"", ""rho"": 1.0, ""gain"": 0.0}, {""block"": ""star_ris"", ""rho"": 2.0, ""gain"": 0.1545049840478221}, {""block"": ""rsma"", ""rho"": 1.0, ""gain"": -1.7763568394002505e-15}, {""block"": ""star_ris"", ""rho"": 1.0, ""gain"": 0.30324874031161997}, {""block"": ""rsma"", ""rho"": 1.0, ""gain"": 1.7763568394002505e-15}, {""block"": ""star_ris"", ""rho"": 4.0, ""gain"": 0.0487768075963384}, {""block"": ""rsma"", ""rho"": 1.0, ""gain"": 0.0}, {""block"": ""star_ris"", ""rho"": 2.0, ""gain"": 0.13808557049539516}, {""block"": ""rsma"", ""rho"": 1.0, ""gain"": 0.0}, {""block"": ""star_ris"", ""rho"": 4.0, ""gain"": 0.037789056859747205}, {""block"": ""rsma"", ""rho"": 1.0, ""gain"": 0.0}, {""block"": ""star_ris"", ""rho"": 4.0, ""gain"": 0.035215869272370526}, {""block"": ""rsma"", ""rho"": 1.0, ""gain"": 0.0}, {""block"": ""star_ris"", ""rho"": 8.0, ""gain"": 0.0315450801919539}, {""block"": ""rsma"", ""rho"": 1.0, ""gain"": -3.552713678800501e-15}, {""block"": ""star_ris"", ""rho"": 4.0, ""gain"": 0.05634005253275376}, {""block"": ""rsma"", ""rho"": 1.0, ""gain"": 0.0}, {""block"": ""star_ris"", ""rho"": 4.0, ""gain"": 0.06292187428616103}, {""block"": ""rsma"", ""rho"": 1.0, ""gain"": 0.0}, {""block"": ""star_ris"", ""rho"": 4.0, ""gain"": 0.03290251102470876}, {""block"": ""rsma"", ""rho"": 1.0, ""gain"": 7.105427357601002e-15}, {""block"": ""star_ris"", ""rho"": 8.0, ""gain"": 0.02388533247849267}, {""block"": ""rsma"", ""rho"": 1.0, ""gain"": 0.0}, {""block"": ""star_ris"", ""rho"": 8.0, ""gain"": 0.012441875634923605}, {""block"": ""rsma"", ""rho"": 1.0, ""gain"": -3.552713678800501e-15}, {""block"": ""star_ris"", ""rho"": 4.0, ""gain"": 0.0030347301572710705}, {""block"": ""rsma"", ""rho"": 1.0, ""gain"": 3.552713678800501e-15}, {""block"": ""star_ris"", ""rho"": 16.0, ""gain"": 0.018829368759014642}, {""block"": ""rsma"", ""rho"": 1.0, ""gain"": 0.0}, {""block"": ""star_ris"", ""rho"": 64.0, ""gain"": 0.0003170493539563779}]",{},1875.536397,2a8450eb5d4f6f05c03681c57cc71c0590f449be523644dbfde0384d2f23053d,fc61d5cda7da39530055bae9bd0e92865f995cd9,6ec54735c1c2c35cd253d9d3d23295783293b6d64c65204dfcab16b2d59ebbef
ao_sca,32,10000,492,test,18.688372773006712,18.688372773006712,1.0,True,0.0,17,3834,20,ao_sca_proximal_physical,analytical_ris_equal_allocation,"[1.8361100912118642, 15.027489134438547, 16.228041601594995, 18.034401030140646, 18.17263432697002, 18.26615448865885, 18.344131595512362, 18.401816082316564, 18.45330288990915, 18.497091195126576, 18.535609726546312, 18.5718512594919, 18.605830682869136, 18.635511199304773, 18.657417664517748, 18.667134600860155, 18.686766588045298, 18.688372773006712]","[{""block"": ""rsma"", ""rho"": 1.0, ""gain"": 10.48274272385657}, {""block"": ""star_ris"", ""rho"": 2.0, ""gain"": 2.708636319370113}, {""block"": ""rsma"", ""rho"": 2048.0, ""gain"": 0.5970182292485848}, {""block"": ""star_ris"", ""rho"": 1.0, ""gain"": 0.6035342379078639}, {""block"": ""rsma"", ""rho"": 128.0, ""gain"": 1.581799272309084}, {""block"": ""star_ris"", ""rho"": 1.0, ""gain"": 0.2245601562365671}, {""block"": ""rsma"", ""rho"": 65536.0, ""gain"": 0.0}, {""block"": ""star_ris"", ""rho"": 1.0, ""gain"": 0.13823329682937313}, {""block"": ""rsma"", ""rho"": 65536.0, ""gain"": 0.0}, {""block"": ""star_ris"", ""rho"": 1.0, ""gain"": 0.09352016168882926}, {""block"": ""rsma"", ""rho"": 65536.0, ""gain"": 0.0}, {""block"": ""star_ris"", ""rho"": 1.0, ""gain"": 0.07797710685351333}, {""block"": ""rsma"", ""rho"": 65536.0, ""gain"": 0.0}, {""block"": ""star_ris"", ""rho"": 1.0, ""gain"": 0.05768448680420235}, {""block"": ""rsma"", ""rho"": 65536.0, ""gain"": 0.0}, {""block"": ""star_ris"", ""rho"": 1.0, ""gain"": 0.05148680759258539}, {""block"": ""rsma"", ""rho"": 65536.0, ""gain"": 0.0}, {""block"": ""star_ris"", ""rho"": 1.0, ""gain"": 0.043788305217425716}, {""block"": ""rsma"", ""rho"": 65536.0, ""gain"": 0.0}, {""block"": ""star_ris"", ""rho"": 1.0, ""gain"": 0.03851853141973649}, {""block"": ""rsma"", ""rho"": 65536.0, ""gain"": 0.0}, {""block"": ""star_ris"", ""rho"": 1.0, ""gain"": 0.03624153294558852}, {""block"": ""rsma"", ""rho"": 65536.0, ""gain"": 0.0}, {""block"": ""star_ris"", ""rho"": 1.0, ""gain"": 0.03397942337723592}, {""block"": ""rsma"", ""rho"": 65536.0, ""gain"": 0.0}, {""block"": ""star_ris"", ""rho"": 1.0, ""gain"": 0.029680516435636406}, {""block"": ""rsma"", ""rho"": 65536.0, ""gain"": 0.0}, {""block"": ""star_ris"", ""rho"": 1.0, ""gain"": 0.021906465212975235}, {""block"": ""rsma"", ""rho"": 65536.0, ""gain"": 0.0}, {""block"": ""star_ris"", ""rho"": 1.0, ""gain"": 0.009716936342407223}, {""block"": ""rsma"", ""rho"": 65536.0, ""gain"": 0.0}, {""block"": ""star_ris"", ""rho"": 1.0, ""gain"": 0.01963198718514292}, {""block"": ""rsma"", ""rho"": 65536.0, ""gain"": 0.0}, {""block"": ""star_ris"", ""rho"": 1.0, ""gain"": 0.001606184961413959}]",{},2272.689141,2a8450eb5d4f6f05c03681c57cc71c0590f449be523644dbfde0384d2f23053d,fc61d5cda7da39530055bae9bd0e92865f995cd9,6ec54735c1c2c35cd253d9d3d23295783293b6d64c65204dfcab16b2d59ebbef
ao_sca,32,10000,493,test,15.20885350653468,15.20885350653468,1.0,True,0.0,7,1532,12,ao_sca_proximal_physical,analytical_ris_equal_allocation,"[1.8365855535425675, 14.624101895601292, 14.68021723342489, 15.013528203738923, 15.18099141904792, 15.199192227736841, 15.20795404661593, 15.20885350653468]","[{""block"": ""rsma"", ""rho"": 1.0, ""gain"": 11.027378948924934}, {""block"": ""star_ris"", ""rho"": 2.0, ""gain"": 1.7601373931337907}, {""block"": ""rsma"", ""rho"": 65536.0, ""gain"": 0.0}, {""block"": ""star_ris"", ""rho"": 4.0, ""gain"": 0.056115337823598566}, {""block"": ""rsma"", ""rho"": 65536.0, ""gain"": 0.0}, {""block"": ""star_ris"", ""rho"": 2.0, ""gain"": 0.3333109703140327}, {""block"": ""rsma"", ""rho"": 1.0, ""gain"": 1.7763568394002505e-15}, {""block"": ""star_ris"", ""rho"": 8.0, ""gain"": 0.16746321530899522}, {""block"": ""rsma"", ""rho"": 1.0, ""gain"": 1.7763568394002505e-15}, {""block"": ""star_ris"", ""rho"": 16.0, ""gain"": 0.018200808688918713}, {""block"": ""rsma"", ""rho"": 1.0, ""gain"": 0.0}, {""block"": ""star_ris"", ""rho"": 16.0, ""gain"": 0.008761818879088779}, {""block"": ""rsma"", ""rho"": 1.0, ""gain"": -1.7763568394002505e-15}, {""block"": ""star_ris"", ""rho"": 4.0, ""gain"": 0.0008994599187523988}]",{},833.090686,2a8450eb5d4f6f05c03681c57cc71c0590f449be523644dbfde0384d2f23053d,fc61d5cda7da39530055bae9bd0e92865f995cd9,6ec54735c1c2c35cd253d9d3d23295783293b6d64c65204dfcab16b2d59ebbef
ao_sca,32,10000,494,test,16.006517833343818,16.006517833343818,1.0,True,0.0,20,4302,37,ao_sca_proximal_physical,analytical_ris_equal_allocation,"[1.8374471162629873, 15.274491808688957, 15.331369759349702, 15.508352120423512, 15.548021046118244, 15.567340416375878, 15.576877176757465, 15.581615520836397, 15.593799552606331, 15.600981602050014, 15.634343715863107, 15.66029171183164, 15.697864194433505, 15.70158022144177, 15.70729373597427, 15.712363215552624, 15.81780210587746, 15.878457431610066, 15.959164867858405, 15.98988457319167, 16.006517833343818]","[{""block"": ""rsma"", ""rho"": 1.0, ""gain"": 13.094582861108643}, {""block"": ""star_ris"", ""rho"": 4.0, ""gain"": 0.3424618313173262}, {""block"": ""rsma"", ""rho"": 1.0, ""gain"": 0.0}, {""block"": ""star_ris"", ""rho"": 4.0, ""gain"": 0.05687795066074486}, {""block"": ""rsma"", ""rho"": 1.0, ""gain"": 0.0}, {""block"": ""star_ris"", ""rho"": 8.0, ""gain"": 0.1769823610738097}, {""block"": ""rsma"", ""rho"": 1.0, ""gain"": 0.0}, {""block"": ""star_ris"", ""rho"": 32.0, ""gain"": 0.03966892569473224}, {""block"": ""rsma"", ""rho"": 1.0, ""gain"": -3.552713678800501e-15}, {""block"": ""star_ris"", ""rho"": 64.0, ""gain"": 0.019319370257637303}, {""block"": ""rsma"", ""rho"": 1.0, ""gain"": 3.552713678800501e-15}, {""block"": ""star_ris"", ""rho"": 128.0, ""gain"": 0.00953676038158413}, {""block"": ""rsma"", ""rho"": 1.0, ""gain"": -3.552713678800501e-15}, {""block"": ""star_ris"", ""rho"": 256.0, ""gain"": 0.004738344078935697}, {""block"": ""rsma"", ""rho"": 1.0, ""gain"": 5.329070518200751e-15}, {""block"": ""star_ris"", ""rho"": 8.0, ""gain"": 0.012184031769928438}, {""block"": ""rsma"", ""rho"": 1.0, ""gain"": -3.552713678800501e-15}, {""block"": ""star_ris"", ""rho"": 16.0, ""gain"": 0.007182049443686722}, {""block"": ""rsma"", ""rho"": 1.0, ""gain"": 0.0}, {""block"": ""star_ris"", ""rho"": 8.0, ""gain"": 0.03336211381309262}, {""block"": ""rsma"", ""rho"": 1.0, ""gain"": 0.0}, {""block"": ""star_ris"", ""rho"": 4.0, ""gain"": 0.025947995968532922}, {""block"": ""rsma"", ""rho"": 1.0, ""gain"": 0.0}, {""block"": ""star_ris"", ""rho"": 2.0, ""gain"": 0.037572482601865076}, {""block"": ""rsma"", ""rho"": 1.0, ""gain"": 1.7763568394002505e-15}, {""block"": ""star_ris"", ""rho"": 8.0, ""gain"": 0.003716027008263012}, {""block"": ""rsma"", ""rho"": 1.0, ""gain"": 1.7763568394002505e-15}, {""block"": ""star_ris"", ""rho"": 2.0, ""gain"": 0.005713514532498465}, {""block"": ""rsma"", ""rho"": 1.0, ""gain"": 0.0}, {""block"": ""star_ris"", ""rho"": 1.0, ""gain"": 0.005069479578354574}, {""block"": ""rsma"", ""rho"": 1.0, ""gain"": -3.552713678800501e-15}, {""block"": ""star_ris"", ""rho"": 16.0, ""gain"": 0.10543889032483911}, {""block"": ""rsma"", ""rho"": 1.0, ""gain"": 3.552713678800501e-15}, {""block"": ""star_ris"", ""rho"": 2.0, ""gain"": 0.06065532573260235}, {""block"": ""rsma"", ""rho"": 1.0, ""gain"": 0.0}, {""block"": ""star_ris"", ""rho"": 1.0, ""gain"": 0.08070743624833909}, {""block"": ""rsma"", ""rho"": 1.0, ""gain"": 0.0}, {""block"": ""star_ris"", ""rho"": 16.0, ""gain"": 0.030719705333265068}, {""block"": ""rsma"", ""rho"": 1.0, ""gain"": 0.0}, {""block"": ""star_ris"", ""rho"": 4.0, ""gain"": 0.0166332601521475}]",{},2348.451215,2a8450eb5d4f6f05c03681c57cc71c0590f449be523644dbfde0384d2f23053d,fc61d5cda7da39530055bae9bd0e92865f995cd9,6ec54735c1c2c35cd253d9d3d23295783293b6d64c65204dfcab16b2d59ebbef
ao_sca,32,10000,495,test,16.571855618561038,16.571855618561038,1.0,True,0.0,20,4288,36,ao_sca_proximal_physical,analytical_ris_equal_allocation,"[1.8374226733782992, 15.205351928993004, 15.41946530607351, 15.556498074083295, 15.796192742411709, 16.026945832833494, 16.080602964761994, 16.265569695228148, 16.304655173078014, 16.33420985667475, 16.337377524668327, 16.398262893543965, 16.43546598217357, 16.446723185695255, 16.456630725377586, 16.476593656375208, 16.53298663426404, 16.560870639043834, 16.567007132967777, 16.571123633420004, 16.571855618561038]","[{""block"": ""rsma"", ""rho"": 1.0, ""gain"": 12.869235859859023}, {""block"": ""star_ris"", ""rho"": 2.0, ""gain"": 0.49869339575568183}, {""block"": ""rsma"", ""rho"": 1.0, ""gain"": 1.7763568394002505e-15}, {""block"": ""star_ris"", ""rho"": 1.0, ""gain"": 0.21411337708050482}, {""block"": ""rsma"", ""rho"": 1.0, ""gain"": 0.0}, {""block"": ""star_ris"", ""rho"": 2.0, ""gain"": 0.13703276800978514}, {""block"": ""rsma"", ""rho"": 1.0, ""gain"": 1.7763568394002505e-15}, {""block"": ""star_ris"", ""rho"": 1.0, ""gain"": 0.23969466832841135}, {""block"": ""rsma"", ""rho"": 1.0, ""gain"": 0.0}, {""block"": ""star_ris"", ""rho"": 4.0, ""gain"": 0.2307530904217856}, {""block"": ""rsma"", ""rho"": 1.0, ""gain"": 0.0}, {""block"": ""star_ris"", ""rho"": 4.0, ""gain"": 0.053657131928499524}, {""block"": ""rsma"", ""rho"": 1.0, ""gain"": -3.552713678800501e-15}, {""block"": ""star_ris"", ""rho"": 8.0, ""gain"": 0.18496673046615797}, {""block"": ""rsma"", ""rho"": 1.0, ""gain"": 0.0}, {""block"": ""star_ris"", ""rho"": 4.0, ""gain"": 0.03908547784986638}, {""block"": ""rsma"", ""rho"": 1.0, ""gain"": 0.0}, {""block"": ""star_ris"", ""rho"": 8.0, ""gain"": 0.029554683596735742}, {""block"": ""rsma"", ""rho"": 1.0, ""gain"": 0.0}, {""block"": ""star_ris"", ""rho"": 4.0, ""gain"": 0.003167667993576373}, {""block"": ""rsma"", ""rho"": 1.0, ""gain"": 3.552713678800501e-15}, {""block"": ""star_ris"", ""rho"": 4.0, ""gain"": 0.06088536887563478}, {""block"": ""rsma"", ""rho"": 1.0, ""gain"": -3.552713678800501e-15}, {""block"": ""star_ris"", ""rho"": 4.0, ""gain"": 0.03720308862961019}, {""block"": ""rsma"", ""rho"": 1.0, ""gain"": -3.552713678800501e-15}, {""block"": ""star_ris"", ""rho"": 4.0, ""gain"": 0.011257203521687131}, {""block"": ""rsma"", ""rho"": 1.0, ""gain"": 0.0}, {""block"": ""star_ris"", ""rho"": 2.0, ""gain"": 0.009907539682330935}, {""block"": ""rsma"", ""rho"": 1.0, ""gain"": 0.0}, {""block"": ""star_ris"", ""rho"": 4.0, ""gain"": 0.019962930997621697}, {""block"": ""rsma"", ""rho"": 1.0, ""gain"": 7.105427357601002e-15}, {""block"": ""star_ris"", ""rho"": 4.0, ""gain"": 0.05639297788882658}, {""block"": ""rsma"", ""rho"": 1.0, ""gain"": 0.0}, {""block"": ""star_ris"", ""rho"": 8.0, ""gain"": 0.027884004779792804}, {""block"": ""rsma"", ""rho"": 1.0, ""gain"": 0.0}, {""block"": ""star_ris"", ""rho"": 32.0, ""gain"": 0.00613649392394322}, {""block"": ""rsma"", ""rho"": 1.0, ""gain"": -3.552713678800501e-15}, {""block"": ""star_ris"", ""rho"": 64.0, ""gain"": 0.004116500452230554}, {""block"": ""rsma"", ""rho"": 1.0, ""gain"": 0.0}, {""block"": ""star_ris"", ""rho"": 64.0, ""gain"": 0.0007319851410336753}]",{},2293.707917,2a8450eb5d4f6f05c03681c57cc71c0590f449be523644dbfde0384d2f23053d,fc61d5cda7da39530055bae9bd0e92865f995cd9,6ec54735c1c2c35cd253d9d3d23295783293b6d64c65204dfcab16b2d59ebbef
ao_sca,32,10000,496,test,15.354885263203172,15.354885263203172,1.0,True,0.0,13,2794,26,ao_sca_proximal_physical,analytical_ris_equal_allocation,"[1.836677328221073, 14.50205570378484, 14.991795327041608, 15.031498774748451, 15.11817537745757, 15.223771996291756, 15.225298522342591, 15.237787060306266, 15.26197387797654, 15.27423910379207, 15.284936696620026, 15.347951055337516, 15.354106368315328, 15.354885263203172]","[{""block"": ""rsma"", ""rho"": 1.0, ""gain"": 11.403466080973054}, {""block"": ""star_ris"", ""rho"": 2.0, ""gain"": 1.2619122945907133}, {""block"": ""rsma"", ""rho"": 1.0, ""gain"": 0.0}, {""block"": ""star_ris"", ""rho"": 1.0, ""gain"": 0.48973962325676723}, {""block"": ""rsma"", ""rho"": 1.0, ""gain"": 1.7763568394002505e-15}, {""block"": ""star_ris"", ""rho"": 32.0, ""gain"": 0.039703447706841644}, {""block"": ""rsma"", ""rho"": 1.0, ""gain"": 1.7763568394002505e-15}, {""block"": ""star_ris"", ""rho"": 1.0, ""gain"": 0.08667660270911703}, {""block"": ""rsma"", ""rho"": 1.0, ""gain"": 0.0}, {""block"": ""star_ris"", ""rho"": 4.0, ""gain"": 0.10559661883418592}, {""block"": ""rsma"", ""rho"": 1.0, ""gain"": 0.0}, {""block"": ""star_ris"", ""rho"": 1024.0, ""gain"": 0.001526526050835031}, {""block"": ""rsma"", ""rho"": 1.0, ""gain"": 0.0}, {""block"": ""star_ris"", ""rho"": 2.0, ""gain"": 0.012488537963674773}, {""block"": ""rsma"", ""rho"": 1.0, ""gain"": 0.0}, {""block"": ""star_ris"", ""rho"": 2.0, ""gain"": 0.024186817670274863}, {""block"": ""rsma"", ""rho"": 1.0, ""gain"": -1.7763568394002505e-15}, {""block"": ""star_ris"", ""rho"": 8.0, ""gain"": 0.012265225815530911}, {""block"": ""rsma"", ""rho"": 1.0, ""gain"": 0.0}, {""block"": ""star_ris"", ""rho"": 8.0, ""gain"": 0.010697592827956015}, {""block"": ""rsma"", ""rho"": 1.0, ""gain"": 0.0}, {""block"": ""star_ris"", ""rho"": 32.0, ""gain"": 0.06301435871749028}, {""block"": ""rsma"", ""rho"": 1.0, ""gain"": 0.0}, {""block"": ""star_ris"", ""rho"": 4.0, ""gain"": 0.006155312977812244}, {""block"": ""rsma"", ""rho"": 1.0, ""gain"": 0.0}, {""block"": ""star_ris"", ""rho"": 16.0, ""gain"": 0.000778894887844217}]",{},1504.736162,2a8450eb5d4f6f05c03681c57cc71c0590f449be523644dbfde0384d2f23053d,fc61d5cda7da39530055bae9bd0e92865f995cd9,6ec54735c1c2c35cd253d9d3d23295783293b6d64c65204dfcab16b2d59ebbef
ao_sca,32,10000,497,test,16.01274201663557,16.01274201663557,1.0,True,0.0,6,1290,12,ao_sca_proximal_physical,analytical_ris_equal_allocation,"[1.8375092731285416, 15.737447043582499, 15.84895325741436, 15.89043291392642, 16.00017282632835, 16.011525704728506, 16.01274201663557]","[{""block"": ""rsma"", ""rho"": 1.0, ""gain"": 12.712502528116246}, {""block"": ""star_ris"", ""rho"": 1.0, ""gain"": 1.1874352423377115}, {""block"": ""rsma"", ""rho"": 1.0, ""gain"": 0.0}, {""block"": ""star_ris"", ""rho"": 4.0, ""gain"": 0.11150621383186099}, {""block"": ""rsma"", ""rho"": 1.0, ""gain"": 0.0}, {""block"": ""star_ris"", ""rho"": 32.0, ""gain"": 0.04147965651205965}, {""block"": ""rsma"", ""rho"": 1.0, ""gain"": 0.0}, {""block"": ""star_ris"", ""rho"": 2.0, ""gain"": 0.10973991240192937}, {""block"": ""rsma"", ""rho"": 1.0, ""gain"": 0.0}, {""block"": ""star_ris"", ""rho"": 16.0, ""gain"": 0.01135287840015664}, {""block"": ""rsma"", ""rho"": 1.0, ""gain"": 0.0}, {""block"": ""star_ris"", ""rho"": 32.0, ""gain"": 0.0012163119070649486}]",{},709.37057,2a8450eb5d4f6f05c03681c57cc71c0590f449be523644dbfde0384d2f23053d,fc61d5cda7da39530055bae9bd0e92865f995cd9,6ec54735c1c2c35cd253d9d3d23295783293b6d64c65204dfcab16b2d59ebbef
ao_sca,32,10000,498,test,18.501055079700635,18.501055079700635,1.0,True,0.0,11,2483,14,ao_sca_proximal_physical,analytical_ris_equal_allocation,"[1.8375156234393786, 14.956477020864913, 17.200492872821634, 17.948986772492727, 18.130847403831, 18.241573698067544, 18.323467373342798, 18.357077598246367, 18.39235263334709, 18.45330411025448, 18.49946528472507, 18.501055079700635]","[{""block"": ""rsma"", ""rho"": 1.0, ""gain"": 13.085611673331428}, {""block"": ""star_ris"", ""rho"": 64.0, ""gain"": 0.03334972409410675}, {""block"": ""rsma"", ""rho"": 2048.0, ""gain"": 1.5423770647584263}, {""block"": ""star_ris"", ""rho"": 1.0, ""gain"": 0.701638787198295}, {""block"": ""rsma"", ""rho"": 128.0, ""gain"": 0.38281321434897464}, {""block"": ""star_ris"", ""rho"": 1.0, ""gain"": 0.3656806853221184}, {""block"": ""rsma"", ""rho"": 65536.0, ""gain"": 0.0}, {""block"": ""star_ris"", ""rho"": 1.0, ""gain"": 0.18186063133827446}, {""block"": ""rsma"", ""rho"": 65536.0, ""gain"": 0.0}, {""block"": ""star_ris"", ""rho"": 1.0, ""gain"": 0.11072629423654234}, {""block"": ""rsma"", ""rho"": 65536.0, ""gain"": 0.0}, {""block"": ""star_ris"", ""rho"": 1.0, ""gain"": 0.08189367527525349}, {""block"": ""rsma"", ""rho"": 65536.0, ""gain"": 0.0}, {""block"": ""star_ris"", ""rho"": 1.0, ""gain"": 0.03361022490356902}, {""block"": ""rsma"", ""rho"": 65536.0, ""gain"": 0.0}, {""block"": ""star_ris"", ""rho"": 2.0, ""gain"": 0.035275035100724494}, {""block"": ""rsma"", ""rho"": 65536.0, ""gain"": 0.0}, {""block"": ""star_ris"", ""rho"": 1.0, ""gain"": 0.06095147690738756}, {""block"": ""rsma"", ""rho"": 65536.0, ""gain"": 0.0}, {""block"": ""star_ris"", ""rho"": 1.0, ""gain"": 0.04616117447059054}, {""block"": ""rsma"", ""rho"": 65536.0, ""gain"": 0.0}, {""block"": ""star_ris"", ""rho"": 32.0, ""gain"": 0.0015897949755654395}]",{},1362.740029,2a8450eb5d4f6f05c03681c57cc71c0590f449be523644dbfde0384d2f23053d,fc61d5cda7da39530055bae9bd0e92865f995cd9,6ec54735c1c2c35cd253d9d3d23295783293b6d64c65204dfcab16b2d59ebbef
ao_sca,32,10000,499,test,16.28203461707234,16.28203461707234,1.0,True,0.0,16,3444,28,ao_sca_proximal_physical,analytical_ris_equal_allocation,"[1.837548721823078, 15.466290944049469, 15.670863691107307, 15.766191400502636, 15.919433871033224, 15.923359525468104, 15.93553409743166, 16.05569353333254, 16.12323619925159, 16.146924718893224, 16.154712761464182, 16.165529426681104, 16.172832915093643, 16.188603466760277, 16.272500522889793, 16.281594571506425, 16.28203461707234]","[{""block"": ""rsma"", ""rho"": 1.0, ""gain"": 13.110601326561488}, {""block"": ""star_ris"", ""rho"": 2.0, ""gain"": 0.518140895664903}, {""block"": ""rsma"", ""rho"": 1.0, ""gain"": 1.7763568394002505e-15}, {""block"": ""star_ris"", ""rho"": 4.0, ""gain"": 0.20457274705783668}, {""block"": ""rsma"", ""rho"": 1.0, ""gain"": 0.0}, {""block"": ""star_ris"", ""rho"": 2.0, ""gain"": 0.09532770939532931}, {""block"": ""rsma"", ""rho"": 1.0, ""gain"": 0.0}, {""block"": ""star_ris"", ""rho"": 1.0, ""gain"": 0.15324247053058748}, {""block"": ""rsma"", ""rho"": 1.0, ""gain"": 0.0}, {""block"": ""star_ris"", ""rho"": 128.0, ""gain"": 0.003925654434880244}, {""block"": ""rsma"", ""rho"": 1.0, ""gain"": 0.0}, {""block"": ""star_ris"", ""rho"": 4.0, ""gain"": 0.012174571963555536}, {""block"": ""rsma"", ""rho"": 1.0, ""gain"": 0.0}, {""block"": ""star_ris"", ""rho"": 8.0, ""gain"": 0.12015943590088085}, {""block"": ""rsma"", ""rho"": 1.0, ""gain"": 0.0}, {""block"": ""star_ris"", ""rho"": 32.0, ""gain"": 0.06754266591904923}, {""block"": ""rsma"", ""rho"": 1.0, ""gain"": 0.0}, {""block"": ""star_ris"", ""rho"": 16.0, ""gain"": 0.023688519641634542}, {""block"": ""rsma"", ""rho"": 1.0, ""gain"": 0.0}, {""block"": ""star_ris"", ""rho"": 128.0, ""gain"": 0.007788042570957998}, {""block"": ""rsma"", ""rho"": 1.0, ""gain"": 0.0}, {""block"": ""star_ris"", ""rho"": 4.0, ""gain"": 0.010816665216921706}, {""block"": ""rsma"", ""rho"": 1.0, ""gain"": 0.0}, {""block"": ""star_ris"", ""rho"": 16.0, ""gain"": 0.007303488412539139}, {""block"": ""rsma"", ""rho"": 1.0, ""gain"": 0.0}, {""block"": ""star_ris"", ""rho"": 8.0, ""gain"": 0.015770551666633992}, {""block"": ""rsma"", ""rho"": 1.0, ""gain"": 0.0}, {""block"": ""star_ris"", ""rho"": 8.0, ""gain"": 0.08389705612951559}, {""block"": ""rsma"", ""rho"": 1.0, ""gain"": 3.552713678800501e-15}, {""block"": ""star_ris"", ""rho"": 8.0, ""gain"": 0.009094048616628214}, {""block"": ""rsma"", ""rho"": 1.0, ""gain"": 0.0}, {""block"": ""star_ris"", ""rho"": 16.0, ""gain"": 0.0004400455659165914}]",{},1798.674593,2a8450eb5d4f6f05c03681c57cc71c0590f449be523644dbfde0384d2f23053d,fc61d5cda7da39530055bae9bd0e92865f995cd9,6ec54735c1c2c35cd253d9d3d23295783293b6d64c65204dfcab16b2d59ebbef
