method,n_ris,seed,step,reward,environment_reward,sum_rate,qos_fraction,all_qos,violation,qos_dual,qos_violation_ema,policy_loss,value_loss
ppo,16,0,2048,-4.644397591489021,-4.644397591489021,2.3274464025133947,0.4583740234375,0.0029296875,0.6340527589482383,8.0,0.6163180787297143,-0.1627191305160522,2347.524169921875
ppo,16,0,4096,-9.306846368281334,-4.647549075144083,2.338803188468032,0.4638671875,0.001953125,0.6340219799110194,32.51525439987056,0.5813837166161645,-0.1273930668830871,11583.8623046875
ppo,16,0,6144,-24.78344278059208,-4.607955254630957,2.327709605547083,0.4617919921875,0.0029296875,0.6307786258215899,58.44551401201762,0.6396798556665517,-0.0602209717035293,69783.953125
ppo,16,0,8192,-38.61937234131,-4.643944599081824,2.334582423154143,0.4622802734375,0.00244140625,0.6332177637547669,64.0,0.6087810141243571,-0.0422979891300201,161314.84375
ppo,16,0,10240,-39.955656710350496,-4.574738749465963,2.367538325906195,0.4566650390625,0.00390625,0.6318021064443664,64.0,0.6211386537531626,-0.0342349708080291,173915.734375
ppo,16,0,12288,-39.64530360579671,-4.571865295935249,2.330245888560051,0.471435546875,0.0029296875,0.6263113983903832,64.0,0.6418903405249218,-0.0295198857784271,169468.6875
ppo,16,0,14336,-39.41785134445962,-4.490732204373435,2.352672102259977,0.4617919921875,0.00244140625,0.6236985560729678,64.0,0.5420959507712247,-0.0275349169969558,165006.59375
ppo,16,0,16384,-39.886960817116176,-4.574198684215716,2.345741539359212,0.45556640625,0.00341796875,0.630585038087508,64.0,0.6662163657200726,-0.024744726717472,169291.25
ppo,16,0,18432,-39.81892607887541,-4.544288330639311,2.3833859578191885,0.4654541015625,0.0029296875,0.6299042455042159,64.0,0.6708473849078616,-0.019378587603569,167451.8125
ppo,16,0,20480,-39.64054898725969,-4.468108364067635,2.427982839925377,0.4610595703125,0.00244140625,0.6280792968427151,64.0,0.6162360135040963,-0.0180173888802528,164400.78125
ppo,16,0,22528,-39.2524626207302,-4.446018620191063,2.387222182625502,0.4656982421875,0.00244140625,0.6215436428667702,64.0,0.6275248770983596,-0.0166718214750289,160174.875
ppo,16,0,24576,-39.56234835161035,-4.484134068277053,2.4080169643959213,0.4677734375,0.0048828125,0.6263966836309518,64.0,0.6135461048012645,-0.0161298513412475,160825.5
ppo,16,0,26624,-38.77665402874868,-4.313669320190229,2.4263615005647066,0.4619140625,0.00146484375,0.615410441224258,64.0,0.6192132005096789,-0.0153200849890708,153113.109375
ppo,16,0,28672,-39.33640257570989,-4.411214948684095,2.4407494865937327,0.464599609375,0.005859375,0.6236640647683178,64.0,0.5920229906303116,-0.0128802210092544,154217.46875
ppo,16,0,30720,-39.25709307265456,-4.3847783082943135,2.4521953098360494,0.4649658203125,0.001953125,0.6227199065064329,64.0,0.6183598734399303,-0.0137323215603828,151467.9375
ppo,16,0,32768,-39.270457274979776,-4.412303629310762,2.42741369575857,0.467041015625,0.0029296875,0.6224670293869468,64.0,0.6059094085852941,-0.0109932795166969,149862.6875
ppo,16,0,34816,-38.633181540591096,-4.310765034198873,2.4047031779227432,0.469482421875,0.0078125,0.6129002947570039,64.0,0.6412146833407006,-0.0115428790450096,142964.03125
ppo,16,0,36864,-38.78757902462296,-4.352416209916905,2.39447908822605,0.4688720703125,0.00341796875,0.6149136216911795,64.0,0.6249302422218179,-0.0100945755839347,140306.171875
ppo,16,0,38912,-39.96901822522584,-4.53243966613485,2.4243870460051857,0.4654541015625,0.001953125,0.6327960456980534,64.0,0.6153283290369002,-0.0098499432206153,148284.59375
ppo,16,0,40960,-39.35469204802262,-4.423758766630547,2.440029870377356,0.469970703125,0.001953125,0.6237666657391442,64.0,0.6292454441827547,-0.0096026435494422,139310.46875
ppo,16,0,43008,-39.18868874540556,-4.406677788894988,2.410648383562175,0.4658203125,0.00048828125,0.6211073385091174,64.0,0.5809349564129006,-0.0091820955276489,136338.625
ppo,16,0,45056,-39.09181998978856,-4.383600664953031,2.421520811914638,0.4676513671875,0.0029296875,0.6197896308006344,64.0,0.5791025647997913,-0.009667694568634,129834.46875
ppo,16,0,47104,-38.92544262236788,-4.354778485975082,2.418089983119634,0.4693603515625,0.00244140625,0.6173332881498714,64.0,0.6207500480193455,-0.0090159922838211,126190.5859375
ppo,16,0,49152,-39.04546672613081,-4.395296777659628,2.403783645822844,0.4705810546875,0.0029296875,0.6187530347941281,64.0,0.652603622105256,-0.0081566572189331,123502.4296875
ppo,16,0,51200,-38.864158130554245,-4.3801583272757725,2.367280191516251,0.46826171875,0.0029296875,0.61578571077283,64.0,0.6032088521223197,-0.007811777293682,120164.1875
ppo,16,0,53248,-39.24675522722383,-4.373988766127731,2.448169790649525,0.457763671875,0.00390625,0.6227279725195731,64.0,0.6361324529674414,-0.008992776274681,117298.0390625
ppo,16,0,55296,-39.16135950258519,-4.385736250704364,2.4306287222781684,0.4649658203125,0.0029296875,0.6209932723550147,64.0,0.6108081488390308,-0.007960058748722,114901.359375
ppo,16,0,57344,-38.529044613206295,-4.289214643573609,2.4103963493841425,0.4664306640625,0.00537109375,0.6114255351720123,64.0,0.5540750121471563,-0.0084324032068252,106461.7109375
ppo,16,0,59392,-39.3251356944141,-4.442023123516417,2.405485117754572,0.4671630859375,0.0048828125,0.6229127244803156,64.0,0.5926363105771688,-0.0077184438705444,107365.15625
ppo,16,0,61440,-38.61445324263703,-4.294685881361622,2.428388505545674,0.4696044921875,0.0029296875,0.6128529885942036,64.0,0.5896610137190713,-0.0075537636876106,98937.8984375
ppo,16,0,63488,-38.7825971687988,-4.296199691516396,2.451684334786,0.4652099609375,0.0029296875,0.615828526380043,64.0,0.6322269059734142,-0.0074346512556076,96620.25
ppo,16,0,65536,-39.50469122240174,-4.47280543570718,2.400950156896695,0.46630859375,0.00244140625,0.6255693890481171,64.0,0.6340780388559473,-0.008141852915287,97508.0390625
ppo,16,0,67584,-38.87404186051394,-4.318638459577982,2.461553111221266,0.473876953125,0.00537109375,0.6170607750167136,64.0,0.5947827751688337,-0.0080844759941101,90483.8359375
ppo,16,0,69632,-39.05201885447602,-4.3899605807504685,2.4079911922690007,0.4732666015625,0.00244140625,0.6189653263165278,64.0,0.550050241125332,-0.0082226246595382,88739.203125
ppo,16,0,71680,-38.85493872438992,-4.346590397981018,2.419793104856569,0.470703125,0.0029296875,0.6162205058287304,64.0,0.6052737839831211,-0.0084835812449455,83742.109375
ppo,16,0,73728,-39.34729375955333,-4.410750158700601,2.452229990893134,0.470947265625,0.00244140625,0.6238668500152271,64.0,0.6451885111300347,-0.0087082535028457,82314.1875
ppo,16,0,75776,-39.22919424557135,-4.422127474458053,2.4161115894604626,0.466796875,0.0009765625,0.6215547637698803,64.0,0.6070979203656114,-0.0089947059750556,80151.4140625
ppo,16,0,77824,-38.90073479204448,-4.32582721899562,2.456360396199049,0.4703369140625,0.00537109375,0.6174090638044438,64.0,0.6553072793502096,-0.0090957283973693,76803.40625
ppo,16,0,79872,-39.65870208818404,-4.471706547185817,2.430107935056439,0.461669921875,0.00146484375,0.6283392060892541,64.0,0.5875075021696236,-0.0101487934589385,78420.2734375
ppo,16,0,81920,-38.96370011199472,-4.346957431779656,2.4441797125698725,0.4747314453125,0.00341796875,0.6181561192895547,64.0,0.6040693037825251,-0.0109876841306686,74523.609375
ppo,16,0,83968,-39.1691123778551,-4.36506783210533,2.468764494193049,0.4697265625,0.0048828125,0.6215007954598173,64.0,0.6666568791577762,-0.0125230774283409,73910.890625
ppo,16,0,86016,-38.9564663561404,-4.309444900134772,2.4678244904187365,0.4625244140625,0.00537109375,0.6186968117143861,64.0,0.6410160484372727,-0.0152182430028915,73812.5859375
ppo,16,0,88064,-38.63521169816487,-4.285297797125599,2.432342400847645,0.4678955078125,0.00341796875,0.6133913196614155,64.0,0.6350267174797412,-0.0175584405660629,74013.015625
ppo,16,0,90112,-38.99160301191252,-4.362035132200779,2.438966801966944,0.4716796875,0.0029296875,0.6183851407091383,64.0,0.6378730556141065,-0.0210684388875961,74161.0859375
ppo,16,0,92160,-38.45867260066037,-4.255985605136526,2.4336039781067527,0.4656982421875,0.0009765625,0.6107622677772115,64.0,0.620375003001275,-0.0369800180196762,75302.28125
ppo,16,0,94208,-38.9202858771198,-4.32290550279668,2.465545246799144,0.46875,0.0048828125,0.6178103638271986,64.0,0.6592443784118981,-0.0558148697018623,79771.734375
ppo,16,0,96256,-38.7241134877475,-4.2848717815727895,2.4601356172976194,0.4693603515625,0.00341796875,0.6149864590388341,64.0,0.646266826749403,-0.0926319658756256,82112.484375
ppo,16,0,98304,-38.74277402275178,-4.256543281380725,2.5032661976962896,0.46826171875,0.00341796875,0.6158255489530546,64.0,0.6063171050290168,-0.1044874638319015,84283.9140625
ppo,16,0,100000,-38.71797063019127,-4.299465716661352,2.4464703248756243,0.4703714622641509,0.0035377358490566,0.614616159170177,64.0,0.654700579089401,-0.0957580357789993,88395.8515625
ppo,16,1,2048,-4.6386918801504216,-4.6386918801504216,2.333487632951828,0.4654541015625,0.00390625,0.6331653707134113,8.0,0.6274310741830217,-0.1608046889305114,2309.293701171875
ppo,16,1,4096,-9.313265738969813,-4.530267661877182,2.3414931128402285,0.4591064453125,0.001953125,0.6253976083610774,35.378912565007134,0.5895706129742713,-0.1230528354644775,11958.501953125
ppo,16,1,6144,-26.482302265094013,-4.515958396964267,2.3861998867737477,0.46240234375,0.00048828125,0.6280109093666414,59.90938852511599,0.6005684480526934,-0.054538793861866,78868.4453125
ppo,16,1,8192,-38.01623153700163,-4.412489023840626,2.3854315283691365,0.4658203125,0.001953125,0.6191271301777315,64.0,0.625796471630937,-0.038320705294609,156601.1875
ppo,16,1,10240,-39.18973083592528,-4.470712106381788,2.3435971651091,0.468994140625,0.00390625,0.6199824773132765,64.0,0.5920783769943875,-0.0371275693178176,164785.5625
ppo,16,1,12288,-39.729175772701055,-4.557579677781968,2.3485487610250555,0.463134765625,0.00341796875,0.628064215980698,64.0,0.6766304308038288,-0.0280039757490158,170646.28125
ppo,16,1,14336,-38.48334523724274,-4.303412859211858,2.390465128801257,0.4681396484375,0.0048828125,0.6103559353219801,64.0,0.5966569333317516,-0.0273834839463233,159494.0
ppo,16,1,16384,-39.57922972567907,-4.505155791723636,2.3727311778361875,0.4658203125,0.0,0.6263227488206328,64.0,0.6042039818638626,-0.0223041698336601,166245.734375
ppo,16,1,18432,-39.46288233476161,-4.471276240155935,2.3916821591572166,0.464111328125,0.00341796875,0.6248501088322442,64.0,0.6648740368435295,-0.0204832553863525,163633.875
ppo,16,1,20480,-39.153736483818285,-4.441480306150845,2.376196587238666,0.4697265625,0.00341796875,0.6198617174583472,64.0,0.5799915852079021,-0.0206347182393074,159112.84375
ppo,16,1,22528,-39.39587827234249,-4.417422179181975,2.440488811864078,0.4639892578125,0.0029296875,0.6246152873778663,64.0,0.6054076770610927,-0.0173194333910942,160139.09375
ppo,16,1,24576,-39.35393261907366,-4.4510715666292615,2.4000459565787966,0.4700927734375,0.0029296875,0.623265375936507,64.0,0.664220846364781,-0.0150162652134895,158400.265625
ppo,16,1,26624,-38.786099161243456,-4.3115614996367135,2.448207746875715,0.4686279296875,0.00341796875,0.6156167439572633,64.0,0.6338290978315406,-0.0163961872458457,151839.796875
ppo,16,1,28672,-39.5906966312828,-4.486485555581473,2.409690874350785,0.4683837890625,0.00341796875,0.6268609120660951,64.0,0.6222703230851818,-0.0142207965254783,156231.671875
ppo,16,1,30720,-37.66997945292684,-4.118371946332764,2.443111662397931,0.4794921875,0.00439453125,0.599135848332037,64.0,0.5821670242710043,-0.0145468860864639,138068.46875
ppo,16,1,32768,-38.339449246272494,-4.232555631437954,2.439447338230531,0.471435546875,0.00341796875,0.609051671693474,64.0,0.6056754408534227,-0.013716734945774,141196.171875
ppo,16,1,34816,-38.60619320262221,-4.257608222138576,2.472089605526609,0.47265625,0.00390625,0.6133675889372077,64.0,0.6112001951392004,-0.0119194686412811,141535.40625
ppo,16,1,36864,-38.55015080838319,-4.261711294221628,2.4497194976350443,0.470947265625,0.00341796875,0.6122935627528849,64.0,0.6052320240278033,-0.0106633082032203,137327.71875
ppo,16,1,38912,-38.39994003417132,-4.211001581775344,2.4881873209843834,0.47412109375,0.0068359375,0.6105167580784996,64.0,0.6156386906478494,-0.0100378692150115,133661.25
ppo,16,1,40960,-38.87571136057639,-4.2921386037235045,2.4956513500555437,0.4715576171875,0.0048828125,0.6175637992295158,64.0,0.5883550601872053,-0.0095926746726036,133359.078125
ppo,16,1,43008,-38.40586147950248,-4.213662292101721,2.4796158189197133,0.4725341796875,0.00439453125,0.6105749854892993,64.0,0.617901638835141,-0.0099511593580245,126923.0
ppo,16,1,45056,-38.080437916545726,-4.187800496646192,2.451406268204429,0.4781494140625,0.00341796875,0.6052256682124917,64.0,0.6551114420903706,-0.0093369334936141,122438.0703125
ppo,16,1,47104,-38.4349406180839,-4.227198310772599,2.4648149629572824,0.4730224609375,0.00244140625,0.6108525412019875,64.0,0.6220034164913903,-0.0097715035080909,120780.984375
ppo,16,1,49152,-38.056318881566895,-4.1579077427904,2.475516632017743,0.4771728515625,0.001953125,0.6053287703352945,64.0,0.5938633244652906,-0.0090739428997039,114919.734375
ppo,16,1,51200,-38.06904508355177,-4.169093623297624,2.460290587789874,0.4720458984375,0.00341796875,0.605356276075967,64.0,0.5647085956557261,-0.0083786100149154,111328.5625
ppo,16,1,53248,-38.137745216696615,-4.1548952130959815,2.4990258741044213,0.477783203125,0.00341796875,0.6068366072071543,64.0,0.5769854178717873,-0.0078344270586967,108734.5
ppo,16,1,55296,-38.71173864521119,-4.25492646973868,2.4929184775222364,0.47021484375,0.0009765625,0.6153002174191521,64.0,0.6837775252629252,-0.0078140646219253,108199.9765625
ppo,16,1,57344,-38.599625354361855,-4.227132467539988,2.509142448544502,0.4725341796875,0.00390625,0.6137945158361047,64.0,0.6671572618419273,-0.0082145407795906,104666.2109375
ppo,16,1,59392,-38.08260873291696,-4.139027062955384,2.507491728481093,0.4757080078125,0.0029296875,0.6061353869635996,64.0,0.6071401353409188,-0.0080655142664909,98696.21875
ppo,16,1,61440,-38.49999985956067,-4.220261517269856,2.4909307613233684,0.470458984375,0.001953125,0.6121381846837646,64.0,0.6343252930736357,-0.0089546144008636,96479.109375
ppo,16,1,63488,-38.42522874797493,-4.185698391046446,2.523993068047018,0.472900390625,0.001953125,0.6114201849451515,64.0,0.6011261588678471,-0.0086399465799331,92350.0859375
ppo,16,1,65536,-38.50707729916304,-4.201799328114101,2.523862779289632,0.4755859375,0.00390625,0.6125942494830168,64.0,0.6099560908929045,-0.0087174475193023,88509.59375
ppo,16,1,67584,-38.11230617911544,-4.125570695451648,2.530149258071397,0.47509765625,0.00439453125,0.6069059907797104,64.0,0.6485250087680676,-0.0088309645652771,84111.578125
ppo,16,1,69632,-37.97271678863381,-4.108190658362981,2.517111168585469,0.477783203125,0.00439453125,0.6047236808976933,64.0,0.615495154060326,-0.0094856694340705,79454.3515625
ppo,16,1,71680,-38.022899713517305,-4.097597235159615,2.529162148060151,0.47314453125,0.00244140625,0.6058089728278159,64.0,0.6486807920521072,-0.0094400718808174,77749.265625
ppo,16,1,73728,-38.37952361550435,-4.175509653699283,2.5213407290809107,0.4716796875,0.00244140625,0.6107859636036619,64.0,0.6380003592759818,-0.0092113241553306,76275.671875
ppo,16,1,75776,-38.187666386391385,-4.184360312642552,2.4684600495819966,0.4754638671875,0.00244140625,0.6072018941740863,64.0,0.6449023238506311,-0.0097454935312271,74024.828125
ppo,16,1,77824,-38.46440980356866,-4.18257801597874,2.524256576744907,0.470947265625,0.00146484375,0.6121755676355343,64.0,0.5972948395317307,-0.0104158595204353,72059.6953125
ppo,16,1,79872,-37.60514465258427,-4.021430979777225,2.5333380148202758,0.4736328125,0.00341796875,0.5997091727286972,64.0,0.6004108931687034,-0.0133600533008575,68013.59375
ppo,16,1,81920,-37.98843366186015,-4.079603121705491,2.562938471810581,0.47705078125,0.0029296875,0.6055148310741904,64.0,0.5513142603247498,-0.0129976570606231,70357.078125
ppo,16,1,83968,-38.147218208544245,-4.131155237848224,2.527984991868974,0.4755859375,0.0029296875,0.6074296959052862,64.0,0.6464498688285744,-0.0154727101325988,71142.1484375
ppo,16,1,86016,-37.66928355335551,-4.021419699808551,2.550941884639621,0.4749755859375,0.00634765625,0.6008547116704814,64.0,0.5987674667306923,-0.0210826769471168,70384.203125
ppo,16,1,88064,-37.73374617104571,-4.054364032538738,2.5313188546376844,0.4791259765625,0.0029296875,0.6014175381876244,64.0,0.5665784733212468,-0.0253826975822448,72609.125
ppo,16,1,90112,-38.2273202577206,-4.1137051939041305,2.570249822007093,0.4754638671875,0.00341796875,0.6091716975681511,64.0,0.6035965146290522,-0.0339074358344078,74894.109375
ppo,16,1,92160,-37.83710152703584,-4.058039495995088,2.5465738506827886,0.48095703125,0.00390625,0.6031975362685849,64.0,0.6139355836540805,-0.0761581659317016,78400.1875
ppo,16,1,94208,-37.28324795133999,-3.9543277580416016,2.554992800501679,0.481689453125,0.009765625,0.5951592891660427,64.0,0.5907735893072286,-0.1026955023407936,77364.4375
ppo,16,1,96256,-37.38271843416632,-3.9460690220682735,2.583360150420572,0.4796142578125,0.0048828125,0.5970830252160365,64.0,0.6136439761944317,-0.1088921427726745,80443.2265625
ppo,16,1,98304,-37.08681364854508,-3.8681595368943618,2.6139029240756466,0.48046875,0.0048828125,0.5931902519937626,64.0,0.5504746063150421,-0.1109309196472168,79645.984375
ppo,16,1,100000,-36.86232795165431,-3.8510683762705313,2.5990569153482883,0.486438679245283,0.0064858490566037,0.589486778131853,64.0,0.6338209993762133,-0.1089770570397377,80960.640625
ppo,16,2,2048,-4.45645234024572,-4.45645234024572,2.4141511514545955,0.4613037109375,0.00341796875,0.6257838919773551,8.0,0.6588570656194227,-0.1612453609704971,2164.440185546875
ppo,16,2,4096,-9.142651634865109,-4.484977460372125,2.401915026988364,0.465087890625,0.0029296875,0.6263558870805657,32.72856930613993,0.6156199325807437,-0.1237633600831031,11427.287109375
ppo,16,2,6144,-25.288615518564967,-4.539066478404104,2.3900275907841726,0.4591064453125,0.00146484375,0.6305055577844868,59.34263926219654,0.6719936913936285,-0.0524839684367179,72590.6484375
ppo,16,2,8192,-37.74510945902803,-4.330912116617797,2.452091003171548,0.4677734375,0.00341796875,0.6184160199997415,64.0,0.6123225772409744,-0.0361083149909973,155390.78125
ppo,16,2,10240,-39.37240195135541,-4.400611276718248,2.4531019245467798,0.4652099609375,0.001953125,0.6244962620470922,64.0,0.6271457209864744,-0.03213432431221,166530.125
ppo,16,2,12288,-38.76034649564221,-4.303377813053659,2.455775664832576,0.4736328125,0.00244140625,0.6153030121890812,64.0,0.6263082120688694,-0.0285334587097167,161678.15625
ppo,16,2,14336,-38.78473372532919,-4.259376998164587,2.5011499530140906,0.4669189453125,0.00537109375,0.6165242272707965,64.0,0.6631153732677392,-0.0239708498120307,164013.21875
ppo,16,2,16384,-38.82221856845746,-4.277014206843017,2.4847799034778104,0.4696044921875,0.0048828125,0.6168786493145435,64.0,0.6471294916377519,-0.0234174653887748,160824.25
ppo,16,2,18432,-38.73622945702664,-4.264967390315174,2.475246202909614,0.4691162109375,0.001953125,0.6155582511912763,64.0,0.6243199559280677,-0.0209679082036018,157513.375
ppo,16,2,20480,-38.94250861691836,-4.318454075080089,2.466383118832081,0.471435546875,0.0068359375,0.618286688247112,64.0,0.5436605265313468,-0.0194039866328239,158769.625
ppo,16,2,22528,-38.960336703094825,-4.302257472258779,2.475382474144828,0.4649658203125,0.00341796875,0.6188942719792152,64.0,0.6165101072110283,-0.0156116634607315,157483.0625
ppo,16,2,24576,-38.64143171119383,-4.256481030066462,2.4804899166556584,0.4666748046875,0.00439453125,0.614016976448703,64.0,0.557517075926882,-0.0147595182061195,153744.109375
ppo,16,2,26624,-38.789871202186646,-4.232252309604597,2.525971402164463,0.4686279296875,0.0068359375,0.6171003373675366,64.0,0.5628111771067549,-0.0144916027784347,153756.15625
ppo,16,2,28672,-38.64942085532758,-4.209598570027211,2.537003384037128,0.4727783203125,0.005859375,0.6149968265232207,64.0,0.6181338592990911,-0.0147587433457374,151609.734375
ppo,16,2,30720,-38.247205400375904,-4.199237738854444,2.4665944035457024,0.476318359375,0.00537109375,0.6079994225271688,64.0,0.6339431928805569,-0.0137654021382331,145364.8125
ppo,16,2,32768,-38.8077785364266,-4.28220524534661,2.476025752790033,0.4713134765625,0.00390625,0.6165280944835713,64.0,0.5835018140508467,-0.0111101493239402,147373.875
ppo,16,2,34816,-38.56044155327383,-4.197630648083564,2.5381072205670865,0.4742431640625,0.00439453125,0.6136216233069691,64.0,0.5855328783368793,-0.0106317549943923,143988.453125
ppo,16,2,36864,-38.55585969959398,-4.190530164167306,2.5443012138966523,0.4713134765625,0.00244140625,0.6136665988469049,64.0,0.5919724397796369,-0.0110688805580139,141122.75
ppo,16,2,38912,-38.56225223126158,-4.221743261364606,2.4951348173416537,0.4698486328125,0.0029296875,0.613223374462446,64.0,0.5992504420092181,-0.0101474374532699,137305.28125
ppo,16,2,40960,-37.8952322157249,-4.074659018218031,2.5326131512309358,0.4725341796875,0.005859375,0.6039388070983369,64.0,0.6365369906208851,-0.0096682831645011,131148.9375
ppo,16,2,43008,-37.98629357465294,-4.059075543623746,2.574355468724305,0.468505859375,0.0029296875,0.6058431791255213,64.0,0.5740437118487666,-0.009743221104145,127164.0859375
ppo,16,2,45056,-38.50959199201197,-4.198799220393017,2.5258335231256246,0.47607421875,0.0029296875,0.6126927280646242,64.0,0.5884517076731383,-0.0088571310043334,129874.75
ppo,16,2,47104,-38.00832815987779,-4.097228770529027,2.534889585898773,0.4744873046875,0.0048828125,0.6055553462383708,64.0,0.5818419702080584,-0.0093225538730621,122612.6875
ppo,16,2,49152,-38.21321745783234,-4.1224779541553485,2.542797724786066,0.4708251953125,0.00244140625,0.6087632054228034,64.0,0.5727815024261271,-0.0087978839874267,119593.515625
ppo,16,2,51200,-38.276076167258765,-4.18104256210081,2.4836910292012706,0.4703369140625,0.00537109375,0.6088398858063921,64.0,0.6410314109085175,-0.0081377252936363,117869.75
ppo,16,2,53248,-38.169876743010406,-4.092455162835684,2.560433790214451,0.46875,0.005859375,0.608525385360263,64.0,0.6029946703523669,-0.0081966370344161,113000.7421875
ppo,16,2,55296,-38.25780087070528,-4.108638803441076,2.573283680522959,0.4730224609375,0.00439453125,0.6098064654868609,64.0,0.5913118923638813,-0.0079936012625694,110682.2578125
ppo,16,2,57344,-37.80489586219368,-4.013582732224952,2.587448698980903,0.4771728515625,0.0048828125,0.6034163058922988,64.0,0.6432318627717136,-0.0077176317572593,104442.9609375
ppo,16,2,59392,-37.974953865427565,-4.053746678985902,2.5786413085200564,0.4759521484375,0.00537109375,0.6057358426150297,64.0,0.6916769089182898,-0.0078283250331878,101985.859375
ppo,16,2,61440,-38.203913107890266,-4.128107235068931,2.5384827919067408,0.4718017578125,0.0029296875,0.6084965334432382,64.0,0.6529345978050428,-0.0082135424017906,99550.5078125
ppo,16,2,63488,-36.99370261583088,-3.908317731700479,2.557372866730376,0.4832763671875,0.005859375,0.5908104443594715,64.0,0.5633626667762955,-0.0078762024641036,89707.296875
ppo,16,2,65536,-37.689275336142586,-4.002606073904541,2.573050682742501,0.47314453125,0.00634765625,0.6015476653971079,64.0,0.6131783252494617,-0.0075730085372924,89418.421875
ppo,16,2,67584,-38.12050099019129,-4.108096800522479,2.544327831570075,0.47412109375,0.00439453125,0.6073643605298003,64.0,0.665405845555934,-0.0084963887929916,88995.1015625
ppo,16,2,69632,-38.359286611652,-4.18368424389549,2.5097563490739354,0.474365234375,0.00341796875,0.6102786137099377,64.0,0.6692051420952116,-0.0090488269925117,86959.0390625
ppo,16,2,71680,-38.21267795967643,-4.125127514902921,2.551495949489176,0.47900390625,0.0068359375,0.6087062579423841,64.0,0.6683653757248932,-0.008199356496334,85162.546875
ppo,16,2,73728,-37.92182428995791,-4.094009726777497,2.5237227373416227,0.477294921875,0.0048828125,0.6040681171996504,64.0,0.5612435082855287,-0.0078222304582595,79370.984375
ppo,16,2,75776,-37.718155158353,-4.017326404800652,2.577369953386024,0.4798583984375,0.00390625,0.601800513456292,64.0,0.6444403257398955,-0.0082969442009925,76298.6015625
ppo,16,2,77824,-37.88215327153565,-4.067584595482973,2.5487091065365965,0.476806640625,0.0048828125,0.6038315835009407,64.0,0.630762236686866,-0.0087892189621925,75532.28125
ppo,16,2,79872,-37.92299608538639,-4.089082323322053,2.5324062470785105,0.4755859375,0.00390625,0.6041770314654346,64.0,0.5691312050055721,-0.0101023390889167,72305.0625
ppo,16,2,81920,-37.946486550547554,-4.055868854515411,2.5698210048878622,0.4749755859375,0.00537109375,0.6051896017148597,64.0,0.6399225133350119,-0.0106816813349723,71992.4765625
ppo,16,2,83968,-37.7589426809142,-4.0125860285257495,2.587648975684128,0.4781494140625,0.0048828125,0.6026135116497937,64.0,0.5695934625745445,-0.0112046524882316,69897.03125
ppo,16,2,86016,-37.61474744416871,-4.025024257849631,2.5554527403152534,0.4849853515625,0.005859375,0.5998164854699835,64.0,0.5864092096754601,-0.0139481350779533,69452.59375
ppo,16,2,88064,-37.927604010524384,-4.102480830812153,2.517576905836151,0.4769287109375,0.00390625,0.6040200567805756,64.0,0.561821316947249,-0.0155915692448616,70261.0546875
ppo,16,2,90112,-37.48724417525607,-3.9845349791644176,2.557705549220389,0.4776611328125,0.00341796875,0.5982626642159223,64.0,0.6041584927063821,-0.0185489356517791,70087.46875
ppo,16,2,92160,-37.33554068890302,-3.941862756193172,2.573129321511476,0.477294921875,0.0029296875,0.5963156773698187,64.0,0.5809813349618692,-0.026621788740158,71226.8125
ppo,16,2,94208,-38.03185438410289,-4.043100280506811,2.599924220535798,0.4737548828125,0.00390625,0.6069420375642157,64.0,0.6137168864498996,-0.034868337213993,74356.828125
ppo,16,2,96256,-37.90658167696063,-4.033724569878013,2.5959653821701965,0.4783935546875,0.00634765625,0.6048724483407609,64.0,0.5823090209796287,-0.061263158917427,75399.515625
ppo,16,2,98304,-37.041029471141776,-3.8078770531302384,2.6866792375928066,0.482177734375,0.0078125,0.5934491503216346,64.0,0.6466907830367989,-0.1025192290544509,77157.5859375
ppo,16,2,100000,-37.52496600438725,-3.9337967041119137,2.625411017963273,0.4764150943396226,0.0017688679245283,0.599842308933488,64.0,0.5560316485822593,-0.1115395575761795,79121.8203125
ppo,16,3,2048,-4.313006041946252,-4.313006041946252,2.4191361027768394,0.4638671875,0.00244140625,0.6148642286687498,8.0,0.6242947347287489,-0.1593867391347885,1991.2357177734373
ppo,16,3,4096,-9.421834144170266,-4.527263264445002,2.3868768171609736,0.4649658203125,0.00244140625,0.6286195609286407,34.63792040959815,0.6464211111783946,-0.1187800541520118,12285.080078125
ppo,16,3,6144,-26.096297166860676,-4.442562332244515,2.379637200265325,0.467529296875,0.001953125,0.620997862595347,60.34986987823917,0.6259062679831229,-0.0518099218606948,77210.5859375
ppo,16,3,8192,-39.04432702965007,-4.597251284750665,2.377136821900312,0.466796875,0.00244140625,0.6325182923101325,64.0,0.5726028300686997,-0.0355676263570785,165887.3125
ppo,16,3,10240,-38.55189584969484,-4.307695386541797,2.4013019087666443,0.469970703125,0.0029296875,0.6115035796991615,64.0,0.6299974547206765,-0.0331488475203514,159164.46875
ppo,16,3,12288,-39.19901580403453,-4.3930803616548175,2.4345868508611868,0.4644775390625,0.00341796875,0.6215345614710663,64.0,0.6019762576460448,-0.0273348540067672,165874.0625
ppo,16,3,14336,-38.9993475188631,-4.41866211018851,2.3704173738418253,0.4722900390625,0.00390625,0.6175122394406175,64.0,0.5934972228818998,-0.0226685926318168,161906.15625
ppo,16,3,16384,-38.76651959462387,-4.334366438706324,2.419700292366903,0.46826171875,0.0029296875,0.614859877784242,64.0,0.6337424692148467,-0.0201488062739372,160054.25
ppo,16,3,18432,-38.60100206254403,-4.310310566230334,2.413466339252439,0.4730224609375,0.00244140625,0.6123337767198875,64.0,0.6187491410348754,-0.0184916257858276,157156.421875
ppo,16,3,20480,-38.49815063779184,-4.264732840190565,2.434353135741296,0.4678955078125,0.0048828125,0.6113110321000226,64.0,0.6294381189977517,-0.0165546387434005,154988.125
ppo,16,3,22528,-38.71804570266491,-4.338904415929678,2.407700852811341,0.4718017578125,0.00537109375,0.6139132372631292,64.0,0.6012712457978212,-0.0157692432403564,155024.75
ppo,16,3,24576,-39.076417202891314,-4.380653313087163,2.4232394923518914,0.4715576171875,0.00244140625,0.6195672123179312,64.0,0.6394629388900399,-0.0162614807486534,158196.875
ppo,16,3,26624,-39.23602457519351,-4.3680476645494615,2.482646346508166,0.4737548828125,0.00390625,0.6226424448329295,64.0,0.6420922379820896,-0.0131126791238784,156678.0625
ppo,16,3,28672,-38.589175732992445,-4.270578976751663,2.4543076951441534,0.4666748046875,0.00439453125,0.612832084932871,64.0,0.6249817592278956,-0.013406217098236,150423.9375
ppo,16,3,30720,-38.638029351960384,-4.274033818768238,2.4635801342532595,0.4681396484375,0.00341796875,0.6136427773784312,64.0,0.6062224365536664,-0.0117709189653396,145906.171875
ppo,16,3,32768,-38.418796439827744,-4.20331710921552,2.4968096522357177,0.471435546875,0.00146484375,0.6109907023323613,64.0,0.6068769560953462,-0.0119175687432289,143579.65625
ppo,16,3,34816,-38.608520475346936,-4.305854368843836,2.419195749582959,0.4700927734375,0.0029296875,0.6125476090446982,64.0,0.6338076685636865,-0.0118790417909622,141368.28125
ppo,16,3,36864,-39.27584411992835,-4.387230376921729,2.471091520419738,0.4713134765625,0.0029296875,0.6230109596965469,64.0,0.6272525263082506,-0.0098224282264709,143619.078125
ppo,16,3,38912,-38.01932019245812,-4.144303360611442,2.4794686375765496,0.475341796875,0.005859375,0.604911014854405,64.0,0.6438969410933435,-0.0107642486691474,132556.53125
ppo,16,3,40960,-38.75958793895787,-4.265274942742455,2.4900486924185783,0.4698486328125,0.00341796875,0.6159698749324181,64.0,0.6089898373371505,-0.0091069191694259,135736.625
ppo,16,3,43008,-38.380817282203,-4.2249179763297775,2.471816171968272,0.4796142578125,0.005859375,0.6099267733191646,64.0,0.60030391476175,-0.0087319612503051,127370.109375
ppo,16,3,45056,-38.91333648584198,-4.328559408688077,2.4500295108053223,0.4722900390625,0.00390625,0.6175853049491768,64.0,0.6059030663263774,-0.008081629872322,128627.0546875
ppo,16,3,47104,-38.13163154087118,-4.117278603735397,2.5355545022123067,0.474853515625,0.00390625,0.6073991595917105,64.0,0.5619509498451241,-0.0085647404193878,120796.5703125
ppo,16,3,49152,-38.08820072577525,-4.173025434929192,2.457816678221206,0.47216796875,0.00537109375,0.6056281301936797,64.0,0.5581146583586953,-0.0080396756529808,116115.859375
ppo,16,3,51200,-38.89623646277681,-4.324821894164225,2.456464018351732,0.474853515625,0.0048828125,0.6173466887252248,64.0,0.5919519111898469,-0.0076667666435241,118204.6328125
ppo,16,3,53248,-38.62123477279914,-4.247287060896307,2.4905739032096674,0.4769287109375,0.00390625,0.6138204948554077,64.0,0.5865729246133818,-0.0077383518218994,113561.8828125
ppo,16,3,55296,-37.639733150335545,-4.0576615979281065,2.5192330272235544,0.4796142578125,0.00537109375,0.5996798491501327,64.0,0.6005357323007352,-0.0075358375906944,101649.765625
ppo,16,3,57344,-37.95844180833373,-4.092209103563146,2.541596376406768,0.47412109375,0.00439453125,0.6047541554423317,64.0,0.6235431581606483,-0.0082368329167366,101792.703125
ppo,16,3,59392,-38.50599937646878,-4.222389254411459,2.479552093065006,0.46826171875,0.00439453125,0.6122073236081664,64.0,0.5868301531508682,-0.0080946683883667,100943.828125
ppo,16,3,61440,-37.87584779944488,-4.117028298620099,2.4838929655928523,0.473388671875,0.00244140625,0.6028360625147284,64.0,0.6119421189155507,-0.0074972733855247,94286.25
ppo,16,3,63488,-37.89247715364911,-4.112667517370423,2.499520157666568,0.4744873046875,0.00732421875,0.6032108863621195,64.0,0.5703708156397659,-0.0072859823703765,89551.640625
ppo,16,3,65536,-38.51323854060395,-4.235076550120787,2.467282376942076,0.468994140625,0.0048828125,0.6121100355443421,64.0,0.6295828034665824,-0.0076261982321739,90833.3984375
ppo,16,3,67584,-38.36357833481262,-4.169368836193634,2.5192929764754988,0.4727783203125,0.001953125,0.6106108839039105,64.0,0.6271537187214603,-0.0072376802563667,86117.5
ppo,16,3,69632,-37.94370721465805,-4.103763433985102,2.506046790690752,0.4725341796875,0.0029296875,0.6042847103691598,64.0,0.595121064829376,-0.0078243315219879,79902.90625
ppo,16,3,71680,-38.15352111754066,-4.147502184278756,2.5115175871671327,0.47607421875,0.00390625,0.6072503380939626,64.0,0.5738744206180059,-0.0079347342252731,78648.328125
ppo,16,3,73728,-38.5770210635408,-4.208364354966484,2.5164258315066723,0.4716796875,0.00390625,0.6137260126531129,64.0,0.6494446765819277,-0.0085599794983863,79330.53125
ppo,16,3,75776,-37.79501625946575,-4.076809729206618,2.5138298759429265,0.475341796875,0.00244140625,0.6021108308974845,64.0,0.6180222360533975,-0.0101814568042755,72272.6015625
ppo,16,3,77824,-37.99807398073094,-4.162289822439635,2.4531974617688617,0.47412109375,0.0048828125,0.6042104313980591,64.0,0.6102522200650737,-0.0098407268524169,71807.53125
ppo,16,3,79872,-37.40594945969475,-3.988452328795448,2.5436471142841706,0.47802734375,0.00341796875,0.5967410201946306,64.0,0.6671434817423929,-0.0116315186023712,67849.75
ppo,16,3,81920,-38.67434908042502,-4.252995104103048,2.488733895604188,0.4713134765625,0.00244140625,0.6146670352914637,64.0,0.6149347227410864,-0.0118587911128997,73457.2734375
ppo,16,3,83968,-37.89644748427811,-4.08869141569598,2.5214752750582434,0.4786376953125,0.00439453125,0.6037099297961096,64.0,0.6454995525044104,-0.0124561339616775,69884.8359375
ppo,16,3,86016,-38.51656886046785,-4.221502261642577,2.4941735768455784,0.47265625,0.0029296875,0.6124119035504512,64.0,0.5735667464800999,-0.0167273133993148,72839.8203125
ppo,16,3,88064,-38.35017893054391,-4.177130408579312,2.5067374819695525,0.4715576171875,0.005859375,0.6102330093207964,64.0,0.6274774729546242,-0.0221870467066764,72425.671875
ppo,16,3,90112,-37.61735968977097,-4.074129141885331,2.4893229654829225,0.4776611328125,0.00390625,0.5989862597836721,64.0,0.6042621487825582,-0.0318865329027175,72759.28125
ppo,16,3,92160,-37.72776864962485,-4.068977897507885,2.505051762341637,0.474609375,0.00634765625,0.6010498348592316,64.0,0.5564983411336324,-0.0661969929933548,76124.7109375
ppo,16,3,94208,-37.55466290935294,-4.034773198011524,2.508924822030697,0.4765625,0.00439453125,0.5985694591310967,64.0,0.5552832544795949,-0.093187429010868,79264.703125
ppo,16,3,96256,-37.52933620668401,-4.016473717992882,2.530223906839428,0.4786376953125,0.0029296875,0.5984439730123414,64.0,0.5867628268686738,-0.1043893471360206,80617.6484375
ppo,16,3,98304,-37.83186743617366,-4.0603848379828085,2.5517522141631352,0.4774169921875,0.0029296875,0.603062189253408,64.0,0.54752434920066,-0.1024271100759506,81832.1015625
ppo,16,3,100000,-37.57205634360467,-4.008673274769044,2.557710504785621,0.4774469339622642,0.0011792452830188,0.5993461262292077,64.0,0.5858669702429422,-0.1016482710838317,83112.59375
ppo,16,4,2048,-4.573365076277504,-4.573365076277504,2.3489168010684933,0.4586181640625,0.0029296875,0.630388045444591,8.0,0.6950109468849375,-0.1623048484325409,2280.68017578125
ppo,16,4,4096,-8.99708079889001,-4.664308812136049,2.306486940730706,0.463623046875,0.0009765625,0.6321485357191063,32.63313324496822,0.634024008417418,-0.1221374124288559,10845.5703125
ppo,16,4,6144,-25.373602369465136,-4.609686491400754,2.322181222651179,0.4654541015625,0.0029296875,0.6292312832430539,58.071027625943366,0.6603329248847272,-0.0553451627492904,72076.6484375
ppo,16,4,8192,-38.31624176889328,-4.6430833063869965,2.268690888585827,0.4547119140625,0.0009765625,0.6291600472152854,64.0,0.6321398038109848,-0.0395474806427955,160082.09375
ppo,16,4,10240,-39.8280617436092,-4.576603268260344,2.3468342959083985,0.4603271484375,0.001953125,0.6294903299169439,64.0,0.6544917794402162,-0.0333806276321411,170482.953125
ppo,16,4,12288,-39.82983850474543,-4.604159021385326,2.317302407429885,0.462890625,0.0009765625,0.6290299907742873,64.0,0.6079275587317299,-0.0297743082046508,169704.453125
ppo,16,4,14336,-39.72543268777165,-4.54708193127213,2.3690531839485125,0.4664306640625,0.00341796875,0.6281848349374912,64.0,0.6693798217578081,-0.0255140140652656,168777.421875
ppo,16,4,16384,-39.6415706725412,-4.533167966731352,2.3521143990089297,0.4669189453125,0.00244140625,0.6269357626037473,64.0,0.6056460991797398,-0.0223723500967025,167948.84375
ppo,16,4,18432,-39.96701822757531,-4.589317199470416,2.3549203920578754,0.465576171875,0.001953125,0.6317446612161589,64.0,0.7047467991922822,-0.0182925313711166,169301.3125
ppo,16,4,20480,-39.25341482803551,-4.4209691964199855,2.4062418585935763,0.460205078125,0.00244140625,0.62200795770742,64.0,0.6866599823348927,-0.0203631594777107,161209.9375
ppo,16,4,22528,-39.266756549901096,-4.463045242387947,2.36208766175558,0.4661865234375,0.0048828125,0.6214948447770205,64.0,0.6011495712926201,-0.0156227126717567,159965.953125
ppo,16,4,24576,-38.98037363945557,-4.392752730355323,2.399706298968273,0.4678955078125,0.005859375,0.6176360876625042,64.0,0.6251100553034155,-0.0164555758237838,158498.28125
ppo,16,4,26624,-39.16993532081527,-4.440055893252183,2.3716712176038026,0.4678955078125,0.001953125,0.6201764183493408,64.0,0.584298401141928,-0.0136179029941558,156654.96875
ppo,16,4,28672,-39.40733926589918,-4.503048931337869,2.355233180253216,0.47021484375,0.00244140625,0.6232908988314521,64.0,0.6652945407667571,-0.0129380375146865,156813.4375
ppo,16,4,30720,-39.78744320164604,-4.553613639850097,2.378282645057108,0.4661865234375,0.001953125,0.6291755278892133,64.0,0.6841522913796407,-0.0124239400029182,157746.96875
ppo,16,4,32768,-39.056603861041445,-4.422347423308519,2.3627766489841107,0.4613037109375,0.001953125,0.6184688649595165,64.0,0.656597924379573,-0.0112828761339187,149526.4375
ppo,16,4,34816,-39.182023829258746,-4.436661855524262,2.379857234314104,0.4688720703125,0.00146484375,0.6204528923881157,64.0,0.701440592809829,-0.0116414353251457,149160.59375
ppo,16,4,36864,-39.627316911029936,-4.518200667549733,2.372722772444685,0.46142578125,0.001953125,0.6269485043478606,64.0,0.5792298335342602,-0.0103403106331825,150061.78125
ppo,16,4,38912,-38.746443290946,-4.354212756810318,2.381261013204361,0.469970703125,0.001953125,0.6141469738238515,64.0,0.6578602801132026,-0.0110589638352394,140264.6875
ppo,16,4,40960,-39.68325041610192,-4.538164292062886,2.366693863155687,0.466064453125,0.00146484375,0.6275908236435542,64.0,0.6335416229498905,-0.0097418427467346,144128.75
ppo,16,4,43008,-39.40570695524302,-4.44023296134092,2.40989002446854,0.465087890625,0.0029296875,0.6243834641768232,64.0,0.6385837294725218,-0.0092871561646461,138989.875
ppo,16,4,45056,-39.57074889193747,-4.504409808513307,2.3793466550645155,0.4676513671875,0.001953125,0.6261846264897173,64.0,0.5989861267024115,-0.0094882547855377,137320.515625
ppo,16,4,47104,-39.35410997014544,-4.446597242950925,2.405095659755451,0.4708251953125,0.001953125,0.623348441557045,64.0,0.5750517326564636,-0.0086037814617156,133172.90625
ppo,16,4,49152,-39.26723861253613,-4.442078178825338,2.382571888334939,0.46630859375,0.0009765625,0.6218778648876927,64.0,0.6001577788244827,-0.0081729292869567,127816.90625
ppo,16,4,51200,-38.7092494794245,-4.336883186340836,2.400736590306636,0.4705810546875,0.00390625,0.6137922552336369,64.0,0.5540480250308082,-0.0082750543951988,120143.5625
ppo,16,4,53248,-38.84455296187134,-4.3454063413162896,2.400695779505176,0.4630126953125,0.00146484375,0.6160561896527688,64.0,0.6785344817314707,-0.0080534294247627,117858.5
ppo,16,4,55296,-38.634064409444,-4.360327967008563,2.368121528481687,0.4755859375,0.0029296875,0.6120310079006328,64.0,0.6361871068202642,-0.0080635920166969,113117.71875
ppo,16,4,57344,-39.25292575629732,-4.427688184468472,2.4096562711846072,0.468505859375,0.00244140625,0.6218792423540866,64.0,0.6390668038850369,-0.0075184553861618,114294.6484375
ppo,16,4,59392,-38.38625866504847,-4.230666788779871,2.446445416215826,0.47021484375,0.0029296875,0.6099212835047965,64.0,0.6065899158877263,-0.0085675194859504,104593.578125
ppo,16,4,61440,-39.402523322608246,-4.421702487349169,2.4446586564942203,0.47021484375,0.0009765625,0.6246575149153406,64.0,0.6045145537861004,-0.007204458117485,107943.3125
ppo,16,4,63488,-39.12131417234615,-4.397563307860668,2.4067336875978227,0.4674072265625,0.00146484375,0.620066979722955,64.0,0.6471801431812145,-0.0080619007349014,101195.03125
ppo,16,4,65536,-39.02532495083141,-4.346843183309352,2.457528193046098,0.470947265625,0.00341796875,0.6192586029914653,64.0,0.6725487489899001,-0.0076236054301261,98499.328125
ppo,16,4,67584,-38.877127598898966,-4.354468654180447,2.409143087849261,0.4705810546875,0.00439453125,0.6164760525842592,64.0,0.6011141619190459,-0.0078022181987762,93717.671875
ppo,16,4,69632,-38.71277290430302,-4.335070697425118,2.410880010706498,0.472900390625,0.00244140625,0.613887539408534,64.0,0.5963596068379006,-0.007829375565052,89908.8046875
ppo,16,4,71680,-38.88487020813714,-4.3402141681218485,2.420857497958075,0.468505859375,0.001953125,0.616868857857416,64.0,0.5973418677542727,-0.0082525685429573,87284.375
ppo,16,4,73728,-39.10970173780924,-4.375182804231661,2.4494120993898694,0.4720458984375,0.001953125,0.6202592666710282,64.0,0.6547475129814809,-0.0083041116595268,86326.0234375
ppo,16,4,75776,-38.85874501719182,-4.351928452518353,2.408131220056993,0.47265625,0.00390625,0.6161931529405976,64.0,0.5620220189613201,-0.0079722926020622,81108.921875
ppo,16,4,77824,-38.48999614215116,-4.31000179147906,2.3786546860370485,0.46728515625,0.00390625,0.6103570419762874,64.0,0.6483708033588446,-0.0096012204885482,76782.78125
ppo,16,4,79872,-38.43873117403575,-4.293176284906531,2.393427214220544,0.4737548828125,0.0029296875,0.609742051591593,64.0,0.6002945181119501,-0.0091961845755577,74531.765625
ppo,16,4,81920,-38.46251516885938,-4.256066560754152,2.4241294085169818,0.4691162109375,0.0029296875,0.6108294394304506,64.0,0.6317481416762634,-0.0106967389583587,72571.46875
ppo,16,4,83968,-38.75429317265974,-4.319092694758159,2.4269694681572043,0.467529296875,0.001953125,0.6149142942482425,64.0,0.5960210725931376,-0.0107880383729934,74889.3828125
ppo,16,4,86016,-38.6864824710197,-4.300407153504505,2.4342993249033644,0.4671630859375,0.00341796875,0.6140370592413427,64.0,0.6197325439873604,-0.0117010623216629,73311.328125
ppo,16,4,88064,-38.742316637141016,-4.317098279448464,2.4300367837302703,0.47021484375,0.00390625,0.6147360421016527,64.0,0.6528861513988333,-0.013683944940567,73845.0
ppo,16,4,90112,-38.79654516023848,-4.333967309818035,2.422173792393369,0.4718017578125,0.0029296875,0.6154031759003651,64.0,0.6518986342315848,-0.0169214382767677,73161.1796875
ppo,16,4,92160,-39.06405727074564,-4.388600760112347,2.408131253430531,0.4703369140625,0.005859375,0.619204580547023,64.0,0.626275840832368,-0.0204179137945175,74670.84375
ppo,16,4,94208,-38.79173142897144,-4.328027045549172,2.423779784235712,0.46728515625,0.001953125,0.615423292561112,64.0,0.5916659503764794,-0.0298736169934272,77583.765625
ppo,16,4,96256,-38.19931708852073,-4.213039432215879,2.4385670778037984,0.4761962890625,0.001953125,0.606897815291158,64.0,0.5586548356261593,-0.056615762412548,76491.40625
ppo,16,4,98304,-39.10381273058408,-4.3470081383532175,2.4588954739119853,0.465576171875,0.00244140625,0.6206572248612654,64.0,0.6385293130686847,-0.0758958235383033,83495.984375
ppo,16,4,100000,-38.3902723861447,-4.221361095353313,2.469301528551945,0.4739091981132075,0.0017688679245283,0.6101591301927033,64.0,0.6233542511681243,-0.101553589105606,85831.2265625
ppo,16,5,2048,-4.700570350817745,-4.700570350817745,2.325764539259726,0.455078125,0.00244140625,0.6389965750751669,8.0,0.6711582057311257,-0.1630918383598327,2398.96826171875
ppo,16,5,4096,-9.330917481054165,-4.647759638862562,2.339836769071762,0.4613037109375,0.0029296875,0.6345356762880529,33.53856298953959,0.6407319710355542,-0.1276492625474929,11655.6396484375
ppo,16,5,6144,-25.699561353564903,-4.538577048162272,2.352895887460741,0.4571533203125,0.0009765625,0.6274973328054608,58.69156007689677,0.5887182223374176,-0.0574807748198509,74494.375
ppo,16,5,8192,-38.93114143006369,-4.677474743618427,2.32773538112193,0.457275390625,0.00146484375,0.6367081271960067,64.0,0.6102795703856925,-0.0393459871411323,165846.65625
ppo,16,5,10240,-39.52131913072471,-4.539414197378208,2.335580295278478,0.4649658203125,0.0048828125,0.6246768738097591,64.0,0.586186206838268,-0.0364217683672905,169061.28125
ppo,16,5,12288,-39.91380980355911,-4.5677449008338975,2.375912271317306,0.462646484375,0.0009765625,0.6311797304058073,64.0,0.6543590876058868,-0.0306154042482376,173355.34375
ppo,16,5,14336,-39.858031348476665,-4.612222157221346,2.3272649693184944,0.4698486328125,0.0009765625,0.629389449843845,64.0,0.6074804537968872,-0.0287767946720123,170411.34375
ppo,16,5,16384,-39.59690996328395,-4.523514265500658,2.3543068816961066,0.4615478515625,0.0029296875,0.6263106374604159,64.0,0.6280110767734899,-0.0247724875807762,166649.453125
ppo,16,5,18432,-39.39006766052012,-4.500049537341418,2.3434831893504384,0.4661865234375,0.001953125,0.6230360379139053,64.0,0.6156758765607202,-0.0229667276144027,164252.5625
ppo,16,5,20480,-39.741545740526576,-4.553799881282114,2.365954067392727,0.4630126953125,0.001953125,0.6283526046293654,64.0,0.6646574829563583,-0.0198573544621467,166584.96875
ppo,16,5,22528,-39.3334288030386,-4.465691826991179,2.3579462748291755,0.458740234375,0.00244140625,0.6226381602865609,64.0,0.6792795322606949,-0.0161423087120056,160749.390625
ppo,16,5,24576,-39.68505932595773,-4.510534949871112,2.3999431939275717,0.46630859375,0.0029296875,0.6281165067158324,64.0,0.6371243369083203,-0.016397625207901,161477.875
ppo,16,5,26624,-40.27615951976723,-4.611294756814551,2.3997905406785724,0.4600830078125,0.0009765625,0.6368725850527265,64.0,0.6307971316571037,-0.0141336917877197,165487.0
ppo,16,5,28672,-40.04706051464919,-4.5860907900570975,2.3770240558032034,0.462890625,0.00244140625,0.6332316022248587,64.0,0.6199114446500789,-0.0140244886279106,162763.0
ppo,16,5,30720,-39.64186577739174,-4.510800050293109,2.3974690099211307,0.46923828125,0.001953125,0.6273404594124756,64.0,0.6527648757721141,-0.014125756919384,157895.3125
ppo,16,5,32768,-39.23027784418869,-4.440716954987376,2.3688007739930854,0.4652099609375,0.00439453125,0.6212421587357377,64.0,0.5880989512291148,-0.0122152343392372,150033.375
ppo,16,5,34816,-39.887233156728215,-4.546110094681221,2.405680582183138,0.466064453125,0.00244140625,0.6310914832508392,64.0,0.5861894269022747,-0.011291354894638,153315.4375
ppo,16,5,36864,-39.83392352346588,-4.54833504402561,2.385531664661364,0.463623046875,0.00244140625,0.6300997942757192,64.0,0.6669103037236386,-0.0116592347621917,150087.125
ppo,16,5,38912,-39.496230252386496,-4.4528295976248105,2.403972182558231,0.46044921875,0.001953125,0.625775011692173,64.0,0.6193184118974386,-0.010818138718605,144557.90625
ppo,16,5,40960,-39.03987141733691,-4.363197236420087,2.429509612825854,0.4605712890625,0.001953125,0.6192263246592289,64.0,0.6376929251499949,-0.0105997174978256,138672.34375
ppo,16,5,43008,-39.59542942003517,-4.476023142148897,2.4122035638507064,0.46337890625,0.0029296875,0.6271322549622548,64.0,0.6172531299851387,-0.0099446475505828,140919.59375
ppo,16,5,45056,-38.96357749586265,-4.381985324717093,2.397526143646202,0.470703125,0.00341796875,0.6175284316275993,64.0,0.6369424207884936,-0.0092007145285606,132830.96875
ppo,16,5,47104,-38.72303537902502,-4.2955411674583805,2.445161593505034,0.4642333984375,0.00244140625,0.6147766823494043,64.0,0.6147081810636248,-0.0091356709599494,126780.375
ppo,16,5,49152,-39.2250847740144,-4.391167767907442,2.4408796188810955,0.4688720703125,0.00439453125,0.6220342322519099,64.0,0.6425840012905745,-0.0089656114578247,128208.640625
ppo,16,5,51200,-39.00287646525732,-4.350061195662853,2.4399227330829065,0.4691162109375,0.00146484375,0.6188002726713298,64.0,0.6387416273903542,-0.0091306716203689,122247.8984375
ppo,16,5,53248,-38.44758427217794,-4.263200249298302,2.4303858435946357,0.4713134765625,0.00341796875,0.6104354289799936,64.0,0.5623781110056605,-0.0086504220962524,113986.140625
ppo,16,5,55296,-39.29940585128203,-4.42724840546219,2.420345206621069,0.4703369140625,0.0029296875,0.622717097246783,64.0,0.5990708375818273,-0.008111223578453,116686.90625
ppo,16,5,57344,-38.846727581866574,-4.35851702572766,2.4000985584524277,0.468505859375,0.00146484375,0.6158609027881949,64.0,0.6188994902728959,-0.008118562400341,109404.703125
ppo,16,5,59392,-38.930868152949984,-4.356915757424487,2.413850224788491,0.4666748046875,0.00244140625,0.6173920070629554,64.0,0.7366169445381772,-0.0082116723060607,106288.671875
ppo,16,5,61440,-38.64668157897116,-4.292661684600208,2.433010753468589,0.4671630859375,0.00146484375,0.6134646409709098,64.0,0.6189943640429165,-0.0079900994896888,102487.609375
ppo,16,5,63488,-39.04038398884308,-4.378849962185041,2.4088324710029685,0.4666748046875,0.0029296875,0.6189559647617505,64.0,0.6155273650987169,-0.0081208124756813,101113.3984375
ppo,16,5,65536,-39.359398043034616,-4.420521176133246,2.4285908839791803,0.46826171875,0.00244140625,0.6239085154803814,64.0,0.7236107852003599,-0.0079212039709091,98983.4375
ppo,16,5,67584,-38.85805136057503,-4.318667336315474,2.437371671819826,0.4652099609375,0.00390625,0.6167747147189206,64.0,0.6170746945970581,-0.0088944062590599,92438.96875
ppo,16,5,69632,-38.50723336742728,-4.303108109282643,2.401210734755433,0.4727783203125,0.00146484375,0.610787951038297,64.0,0.5654450215352333,-0.0074686408042907,87097.0625
ppo,16,5,71680,-38.66261330167507,-4.278835396716742,2.4498540707981054,0.464599609375,0.0029296875,0.6139960340171131,64.0,0.6220640785718049,-0.0090915709733963,85537.453125
ppo,16,5,73728,-38.71495676430112,-4.290213259540806,2.4502047129151068,0.466064453125,0.00244140625,0.6147275625850057,64.0,0.6344445704313413,-0.0089974626898765,81864.046875
ppo,16,5,75776,-39.188405049261206,-4.391225559804075,2.4487121892545107,0.4744873046875,0.005859375,0.6213782051688774,64.0,0.6334207687107102,-0.0086012855172157,81989.453125
ppo,16,5,77824,-39.11575447478023,-4.372854365827429,2.438182435827088,0.4664306640625,0.001953125,0.6204089305170143,64.0,0.6276687201165834,-0.0087671279907226,79646.671875
ppo,16,5,79872,-38.69404672384572,-4.310336039691661,2.4284644356375384,0.4683837890625,0.00390625,0.6139948336456083,64.0,0.5677435977922894,-0.0101327672600746,75482.8515625
ppo,16,5,81920,-38.18763901736728,-4.206720711248128,2.434875817620935,0.4716796875,0.00537109375,0.6068021126092704,64.0,0.5906813978059058,-0.0118982791900634,72493.5625
ppo,16,5,83968,-38.89284654195811,-4.335882002199382,2.442407436467643,0.4715576171875,0.00390625,0.6170886524956916,64.0,0.6841782568567756,-0.0119158923625946,74409.609375
ppo,16,5,86016,-38.794860302202416,-4.302253963774679,2.442035161105673,0.4627685546875,0.0029296875,0.6159393989004953,64.0,0.6048967166086184,-0.0133470296859741,73876.90625
ppo,16,5,88064,-39.22371444080216,-4.351103616817191,2.482503613126422,0.4688720703125,0.00146484375,0.6227251932854461,64.0,0.6212373890687841,-0.0141310021281242,74968.578125
ppo,16,5,90112,-38.9928762715569,-4.317576720502104,2.478018903066299,0.4674072265625,0.0029296875,0.6192017776974073,64.0,0.6423663877303488,-0.0199073329567909,75424.65625
ppo,16,5,92160,-37.78872566794481,-4.128302995045718,2.457563555208827,0.4722900390625,0.00244140625,0.6010789763017694,64.0,0.6189897413656111,-0.0316645503044128,72074.765625
ppo,16,5,94208,-38.28533178824018,-4.2202834242743,2.4458107052534075,0.469482421875,0.00390625,0.6083044350708193,64.0,0.6376540169980174,-0.0411395356059074,76638.2109375
ppo,16,5,96256,-38.48943544299306,-4.257954086750239,2.446301495644117,0.4720458984375,0.005859375,0.6112764527900505,64.0,0.6754087011640203,-0.070643663406372,80583.59375
ppo,16,5,98304,-38.22362863344848,-4.209740441502571,2.453650007633902,0.47607421875,0.00244140625,0.6073908605704628,64.0,0.5878682107324589,-0.1026789098978042,80883.375
ppo,16,5,100000,-38.64630122436996,-4.258335753406397,2.47165347046875,0.4703714622641509,0.0053066037735849,0.6140708119814922,64.0,0.6351695733984456,-0.1144890636205673,87564.4765625
ppo,16,6,2048,-4.306622855932616,-4.306622855932616,2.4677324510766274,0.46728515625,0.0029296875,0.6174125142077168,8.0,0.644113730199788,-0.1608218848705291,2030.964111328125
ppo,16,6,4096,-8.872520170770649,-4.325505397692553,2.4732946988741533,0.478271484375,0.00537109375,0.6173541634220003,33.27318804304743,0.5876211638645512,-0.1253648698329925,10670.318359375
ppo,16,6,6144,-24.970202284464804,-4.214485605666117,2.531654838997694,0.4705810546875,0.00244140625,0.6164572079898895,58.49424713871756,0.6615462174526766,-0.0528565570712089,70893.21875
ppo,16,6,8192,-37.382068841141646,-4.284267273531638,2.4817094531725346,0.469482421875,0.00341796875,0.6166326580179703,64.0,0.5815309743368601,-0.0367291793227195,150689.09375
ppo,16,6,10240,-38.82101071320443,-4.277568543052519,2.4922089648083747,0.4691162109375,0.00439453125,0.6168471816098556,64.0,0.5911106544452083,-0.0309684127569198,162616.34375
ppo,16,6,12288,-38.468492804318416,-4.180053711379298,2.524542747602076,0.4691162109375,0.00439453125,0.6122935552310556,64.0,0.6021511136083503,-0.0268148481845855,158678.90625
ppo,16,6,14336,-39.01451123794409,-4.281322057746794,2.533005120487988,0.4720458984375,0.00439453125,0.620235521074952,64.0,0.6246293444541616,-0.0248291194438934,164558.921875
ppo,16,6,16384,-38.2100558744154,-4.108403431407347,2.5567626808086463,0.4700927734375,0.005859375,0.6089580793394296,64.0,0.6141986157832166,-0.0202133655548095,156419.9375
ppo,16,6,18432,-38.24373525926914,-4.191836253763849,2.4765286250407224,0.47412109375,0.00341796875,0.6080696250983089,64.0,0.6237437133635644,-0.0184506103396415,153367.296875
ppo,16,6,20480,-38.13997729077912,-4.127519326571121,2.5205478324590573,0.4716796875,0.0029296875,0.6073653207894283,64.0,0.6039945686056397,-0.0191178992390632,152465.59375
ppo,16,6,22528,-38.499911452379166,-4.189372975722598,2.5335146066783074,0.473388671875,0.00341796875,0.6126881870831531,64.0,0.6554559578109911,-0.0157954692840576,153509.578125
ppo,16,6,24576,-38.053247371674935,-4.109071011553766,2.519816681855684,0.47314453125,0.00439453125,0.6061460064307351,64.0,0.6310363809459227,-0.0154115259647369,148528.75
ppo,16,6,26624,-38.35379037687527,-4.18746474824195,2.495912238157431,0.46923828125,0.005859375,0.6101129576541665,64.0,0.5728056046697062,-0.0142966508865356,151246.90625
ppo,16,6,28672,-37.99857318483771,-4.083436922893753,2.5359312688358298,0.47216796875,0.0048828125,0.6056274332489991,64.0,0.637918025232703,-0.0130094736814498,145610.53125
ppo,16,6,30720,-37.726914460950624,-4.044027830733498,2.52571365320882,0.47314453125,0.0029296875,0.6014801183967343,64.0,0.5649078076241348,-0.0123962834477424,141722.5
ppo,16,6,32768,-38.32256199718235,-4.117648374182225,2.5698622363542527,0.4659423828125,0.00390625,0.610802028982145,64.0,0.5960645572391022,-0.0113503634929656,144217.671875
ppo,16,6,34816,-38.20454673977608,-4.120527591582638,2.54740248913136,0.4736328125,0.005859375,0.6086431990748828,64.0,0.6547548844358475,-0.0104778856039047,140298.40625
ppo,16,6,36864,-37.83416419789887,-4.076508817820665,2.5211322079586367,0.4755859375,0.0029296875,0.6028152746442538,64.0,0.6051923549773273,-0.0100597739219665,135657.890625
ppo,16,6,38912,-38.20576729999944,-4.121134581182316,2.547039313257102,0.4749755859375,0.00390625,0.6086541556931628,64.0,0.6779021024402181,-0.0098350122570991,136255.515625
ppo,16,6,40960,-38.21376766440502,-4.134542422678512,2.536381134730754,0.4791259765625,0.00439453125,0.6085575936022591,64.0,0.6183005296948214,-0.009668231010437,133686.890625
ppo,16,6,43008,-37.87061320937519,-4.047860989392823,2.57042589618304,0.47900390625,0.00537109375,0.6039777182139707,64.0,0.6016691912490164,-0.0090345218777656,127617.53125
ppo,16,6,45056,-38.44004998335069,-4.150882380613113,2.5748229797217066,0.474365234375,0.00439453125,0.6123065643345996,64.0,0.5827302095290727,-0.0085818469524383,127842.7734375
ppo,16,6,47104,-37.53763578864715,-3.9647089304876806,2.586966676450027,0.4749755859375,0.005859375,0.599516551038562,64.0,0.6217538978031618,-0.0084392577409744,121254.609375
ppo,16,6,49152,-38.21527140879082,-4.109485467844976,2.5643306535578057,0.471435546875,0.00439453125,0.6090318918026043,64.0,0.6064096206418387,-0.0079686492681503,121793.0390625
ppo,16,6,51200,-37.343978454286514,-3.950996622647884,2.570647113218248,0.473388671875,0.00537109375,0.596303246993547,64.0,0.6406761098996717,-0.0077249929308891,112508.890625
ppo,16,6,53248,-38.16647895301541,-4.074323760921567,2.598885952744562,0.4725341796875,0.00341796875,0.6087884855731044,64.0,0.5632027332660332,-0.0079686343669891,114857.484375
ppo,16,6,55296,-38.079017333466,-4.112810986562888,2.522243724198121,0.474365234375,0.00341796875,0.6065393990518413,64.0,0.5886615608099532,-0.0076308846473693,110800.796875
ppo,16,6,57344,-38.4902157322812,-4.111174271515542,2.621557095442708,0.4700927734375,0.0087890625,0.6139114546565296,64.0,0.5911151610302023,-0.0073601678013801,109285.359375
ppo,16,6,59392,-37.88678393096319,-4.059872594043664,2.5449361701742728,0.4683837890625,0.00390625,0.6040519881592772,64.0,0.5828590368339582,-0.0071808099746704,102384.6796875
ppo,16,6,61440,-37.78044860307541,-4.048376768484797,2.542026403858987,0.4725341796875,0.005859375,0.6023584256176897,64.0,0.6352822054959639,-0.0071249082684516,97901.3984375
ppo,16,6,63488,-38.24141891281354,-4.114395962245354,2.568584446604754,0.4765625,0.00341796875,0.609411124117289,64.0,0.6370686767438559,-0.0071890950202941,97774.109375
ppo,16,6,65536,-37.68207952231246,-4.013430384137265,2.577583370467869,0.48046875,0.00341796875,0.6012258774674143,64.0,0.5723218945793489,-0.0080399215221405,91033.7734375
ppo,16,6,67584,-37.70667352438774,-3.997650377121358,2.5868970248671883,0.4801025390625,0.005859375,0.601946841915471,64.0,0.6302190687742543,-0.0084219127893447,87073.3671875
ppo,16,6,69632,-37.67339382992205,-3.999654523602288,2.587036180046229,0.474609375,0.00390625,0.6013167733271385,64.0,0.6186657825556985,-0.0074510648846626,84335.453125
ppo,16,6,71680,-37.87149787398525,-4.00008385605973,2.61398232849633,0.4700927734375,0.00341796875,0.6048466788915272,64.0,0.6119576726780304,-0.0075072646141052,82841.3828125
ppo,16,6,73728,-38.01708384674093,-4.049393307199245,2.597997891402885,0.4749755859375,0.00634765625,0.6065659024918157,64.0,0.6491024546431188,-0.0082615315914154,80993.625
ppo,16,6,75776,-37.58829950294174,-4.014752691990161,2.540037191017963,0.4775390625,0.00439453125,0.5995276216241354,64.0,0.6555650751709352,-0.0089257284998893,75920.203125
ppo,16,6,77824,-37.53074393606336,-3.9363513219536745,2.6227940335203663,0.4739990234375,0.0048828125,0.5998998681091015,64.0,0.6367672078925698,-0.0090477764606475,74105.0234375
ppo,16,6,79872,-37.86239190010048,-3.9937763427572737,2.644075584536425,0.4822998046875,0.00439453125,0.6047967063811288,64.0,0.6511176290070234,-0.0094987601041793,73915.203125
ppo,16,6,81920,-38.13883867649036,-4.079575244725576,2.584114362791236,0.4764404296875,0.00390625,0.6082011327100854,64.0,0.5786083792860537,-0.0098094046115875,73652.21875
ppo,16,6,83968,-37.55194532068391,-3.959014819916591,2.6126265493823744,0.4803466796875,0.005859375,0.5998737589422735,64.0,0.6339645419975083,-0.0116123035550117,69279.59375
ppo,16,6,86016,-38.16073027765504,-4.062220138689238,2.611058906069712,0.4774169921875,0.00390625,0.6089019667672464,64.0,0.6588727045798146,-0.0123163908720016,70278.875
ppo,16,6,88064,-37.06648508168708,-3.8495415189032873,2.635464042364985,0.4873046875,0.0087890625,0.5931597064782819,64.0,0.6089157363600239,-0.0154845118522644,67333.75
ppo,16,6,90112,-37.58955176114188,-3.963038564565724,2.61202397853264,0.47705078125,0.00244140625,0.60047344993886,64.0,0.6027928047483411,-0.0173745304346084,70568.265625
ppo,16,6,92160,-36.74857696205511,-3.8366192505542167,2.5857392365133287,0.48486328125,0.00439453125,0.5877135305625159,64.0,0.522892954246684,-0.0248349383473396,69588.46875
ppo,16,6,94208,-37.42877454335055,-3.9202859787004174,2.6244646148103703,0.4794921875,0.00341796875,0.5983658672258951,64.0,0.626757348627909,-0.0318238660693168,71398.9609375
ppo,16,6,96256,-36.70102518577395,-3.801598752355294,2.609591631929895,0.4864501953125,0.00537109375,0.5874897577396188,64.0,0.548727955207494,-0.0853497087955474,73415.53125
ppo,16,6,98304,-37.38615576128621,-3.8741642219526513,2.6749860258805462,0.4794921875,0.00439453125,0.5984284203452421,64.0,0.6159303544515388,-0.0848337411880493,77313.1171875
ppo,16,6,100000,-36.97822118151425,-3.774052987007519,2.706427922735469,0.4839327830188679,0.0076650943396226,0.592931574901906,64.0,0.5962902569249653,-0.1056037917733192,77798.671875
ppo,16,7,2048,-4.328988273369784,-4.328988273369784,2.431626671905118,0.4658203125,0.005859375,0.616595630467869,8.0,0.5789919337037014,-0.1615384817123413,2070.351318359375
ppo,16,7,4096,-8.484961804831357,-4.332977785343276,2.4060712636726365,0.46923828125,0.0009765625,0.6140627417391001,32.34019557671914,0.6503245926722404,-0.1254239231348037,9591.369140625
ppo,16,7,6144,-23.93251807240338,-4.3409599627032325,2.4200328333109766,0.470703125,0.005859375,0.6155202555457729,55.91441981549092,0.5956679471194376,-0.053452081978321,65061.15234375
ppo,16,7,8192,-36.630426185552125,-4.308871950901069,2.429118386070892,0.4676513671875,0.0048828125,0.6142008746678618,64.0,0.5999715282929216,-0.0388650298118591,145959.125
ppo,16,7,10240,-38.86856016246335,-4.382927071176569,2.388855222003927,0.4735107421875,0.0029296875,0.615814876630121,64.0,0.562291837156044,-0.0330721288919448,162516.109375
ppo,16,7,12288,-38.7320155006697,-4.324248944978695,2.42594629015112,0.4725341796875,0.001953125,0.6144244027801966,64.0,0.5964314603318176,-0.0266136080026626,162586.796875
ppo,16,7,14336,-38.181128222615854,-4.192364517089036,2.4503980330894346,0.470458984375,0.00439453125,0.6069422090272646,64.0,0.6032789165299064,-0.0257530435919761,157076.984375
ppo,16,7,16384,-39.14444266450408,-4.377477978214231,2.4393339122464948,0.4686279296875,0.00439453125,0.6208386551123187,64.0,0.6310016592339492,-0.0224949121475219,163600.375
ppo,16,7,18432,-38.49004431711326,-4.241354232453702,2.470454366977204,0.4744873046875,0.00439453125,0.6115837515117778,64.0,0.5628730285396009,-0.0198955461382865,156890.375
ppo,16,7,20480,-38.461595308042185,-4.258109376472421,2.436209635435665,0.471435546875,0.00439453125,0.6107765344923173,64.0,0.541266605827084,-0.0159261673688888,155495.40625
ppo,16,7,22528,-38.186345882125536,-4.152107901474087,2.493504579639644,0.4671630859375,0.00341796875,0.6077542496544901,64.0,0.59579697143565,-0.0164572149515151,152860.578125
ppo,16,7,24576,-38.93144936311631,-4.312394240985561,2.457535840695777,0.4652099609375,0.001953125,0.6181974128951919,64.0,0.6214650407256658,-0.0156257525086402,156246.609375
ppo,16,7,26624,-38.04495556562155,-4.181191977266625,2.446954374416724,0.4713134765625,0.00439453125,0.6047100640777665,64.0,0.5870735493815746,-0.0143525078892707,147964.6875
ppo,16,7,28672,-38.68496787812306,-4.273834810837785,2.469509930459245,0.4708251953125,0.00146484375,0.6144845190586657,64.0,0.6340483529398557,-0.0125900134444236,149297.0625
ppo,16,7,30720,-38.57300105318146,-4.242835946874621,2.489790665981233,0.4754638671875,0.00439453125,0.6130386626126223,64.0,0.6497242916685186,-0.0145372152328491,146953.0625
ppo,16,7,32768,-38.23060977417756,-4.2029474260238455,2.461071350108952,0.4736328125,0.0029296875,0.6076368276456021,64.0,0.5948088921409265,-0.0118714943528175,141688.625
ppo,16,7,34816,-38.06100459737587,-4.135407403671534,2.505809582621149,0.4769287109375,0.00146484375,0.6058142356018632,64.0,0.5616112813210876,-0.0119078010320663,139888.4375
ppo,16,7,36864,-38.95673327853578,-4.3239290154483125,2.468311384532334,0.4732666015625,0.0048828125,0.618442933269419,64.0,0.6815293433026338,-0.0103001594543457,142573.3125
ppo,16,7,38912,-38.321582282885785,-4.195366953855492,2.491802827552726,0.4766845703125,0.0029296875,0.6093967023041125,64.0,0.6634128120789549,-0.0103872939944267,136054.0
ppo,16,7,40960,-38.034232157787415,-4.161610272427035,2.4711268162286766,0.4766845703125,0.00390625,0.6048682479528638,64.0,0.5807430322610754,-0.009186215698719,131657.71875
ppo,16,7,43008,-38.37347244785709,-4.217942318287113,2.469374458938466,0.4759521484375,0.0048828125,0.609920180885178,64.0,0.6008909043427373,-0.0089870616793632,130435.421875
ppo,16,7,45056,-38.22557736158889,-4.167706816945948,2.498708611314782,0.476318359375,0.001953125,0.6081762597257667,64.0,0.5930538696035735,-0.0088543146848678,126317.5
ppo,16,7,47104,-37.96607028610299,-4.096276076568715,2.519655257087787,0.4749755859375,0.00390625,0.6048177537416837,64.0,0.6441181193880067,-0.0093967393040657,121610.8828125
ppo,16,7,49152,-38.5025232465924,-4.204255559034079,2.5196537808803363,0.4775390625,0.00341796875,0.6124690658492558,64.0,0.6024431153663331,-0.0082033723592758,121429.6875
ppo,16,7,51200,-38.0801166974981,-4.168017524051149,2.466401970361628,0.4730224609375,0.00244140625,0.6055731995258383,64.0,0.5561154130300032,-0.0094284862279891,115488.4140625
ppo,16,7,53248,-38.40478629036494,-4.207785426348046,2.486315558186746,0.4736328125,0.005859375,0.6106607297145874,64.0,0.6127300839766587,-0.0071024149656295,112546.890625
ppo,16,7,55296,-38.08550902395275,-4.136739827963787,2.4969067737861907,0.4737548828125,0.0009765625,0.6062280213569458,64.0,0.6383918960659247,-0.0075678378343582,109349.84375
ppo,16,7,57344,-37.70773441760186,-4.086235367232994,2.4971376508513883,0.47900390625,0.00537109375,0.6003839116137297,64.0,0.6624822476541004,-0.0076804235577583,102988.171875
ppo,16,7,59392,-38.15257860401858,-4.135995090307134,2.5115518468157423,0.47265625,0.0029296875,0.6074389913162759,64.0,0.5284039939287818,-0.0077837333083152,101279.328125
ppo,16,7,61440,-37.94299386604507,-4.128350716027638,2.4833209931224234,0.477294921875,0.00244140625,0.6038329133931685,64.0,0.6722110678691738,-0.0078343823552131,96906.2109375
ppo,16,7,63488,-38.30131176916227,-4.1371998756173785,2.545285461640259,0.4739990234375,0.00390625,0.6100734266704445,64.0,0.6463353467121817,-0.0081401839852333,96729.6875
ppo,16,7,65536,-37.74317524535971,-4.089652411014763,2.498193676198025,0.4791259765625,0.0048828125,0.6009557648990169,64.0,0.5861517564610651,-0.0083877742290496,89028.921875
ppo,16,7,67584,-38.222766205375805,-4.170851974730634,2.4986727558578665,0.47705078125,0.00439453125,0.6080698969758067,64.0,0.653839330582963,-0.0081693828105926,88400.203125
ppo,16,7,69632,-37.69272899756595,-4.045127665294416,2.533729040604987,0.47900390625,0.00390625,0.6008500237905632,64.0,0.5414090990605945,-0.0085029378533363,81171.984375
ppo,16,7,71680,-38.398247944923455,-4.190954236268034,2.513271303564345,0.47802734375,0.0029296875,0.610844530511704,64.0,0.6270667717189877,-0.0076882392168045,83079.1171875
ppo,16,7,73728,-37.56021165934595,-4.024982565116502,2.5254473310892465,0.481689453125,0.00390625,0.5988433766826686,64.0,0.6380980332654497,-0.0086845085024833,76974.7109375
ppo,16,7,75776,-37.67736064869367,-4.065911728690633,2.508400957215009,0.476806640625,0.0029296875,0.6002044450000543,64.0,0.639675802669993,-0.0096136033535003,73666.65625
ppo,16,7,77824,-38.19372355930522,-4.117760408771153,2.5395380920525827,0.4688720703125,0.00341796875,0.6084993419738227,64.0,0.5991716083076811,-0.0095951333642005,75494.765625
ppo,16,7,79872,-37.96341526077674,-4.091102865623395,2.5236959958887937,0.4716796875,0.00537109375,0.6048627213420241,64.0,0.5900336002770328,-0.0101865455508232,72849.0859375
ppo,16,7,81920,-37.5839457917108,-4.012318599279408,2.552631437180645,0.4765625,0.00390625,0.5994933427219891,64.0,0.5924189947630307,-0.0118535235524177,69252.171875
ppo,16,7,83968,-37.92759060273528,-4.128016449961099,2.4905991850403963,0.477783203125,0.00390625,0.6035638241566819,64.0,0.5775690119208945,-0.0109584406018257,70245.4140625
ppo,16,7,86016,-37.86549972985341,-4.104726663035845,2.499411369943828,0.473388671875,0.00341796875,0.6028709476217422,64.0,0.6234268488099654,-0.0144725814461708,71080.4921875
ppo,16,7,88064,-38.15086713819412,-4.105334141089215,2.539959478364884,0.47021484375,0.0029296875,0.6079559463768733,64.0,0.6502950451108664,-0.0150116980075836,70723.4765625
ppo,16,7,90112,-38.15042976224167,-4.158221509527193,2.485918342505072,0.4698486328125,0.00390625,0.6070037187984729,64.0,0.5403366549359131,-0.019387811422348,71938.6328125
ppo,16,7,92160,-37.91618141932837,-4.069381082490114,2.5415470842550727,0.472900390625,0.005859375,0.6044071488721114,64.0,0.6028800812284048,-0.0267354547977447,72390.515625
ppo,16,7,94208,-37.47041547617613,-3.9821727009515135,2.5575450433255744,0.475341796875,0.0078125,0.5980043352718682,64.0,0.6133417305202306,-0.0566775426268577,74864.578125
ppo,16,7,96256,-37.5002791347349,-4.018817068721498,2.518065356508404,0.476318359375,0.0029296875,0.5978832511788108,64.0,0.6020598539568297,-0.0921956449747085,76418.796875
ppo,16,7,98304,-37.20997383796194,-3.94737130025982,2.547370842873708,0.4830322265625,0.005859375,0.5939750453161092,64.0,0.6027020198260681,-0.094078816473484,80800.328125
ppo,16,7,100000,-38.181890619454585,-4.083781137811941,2.5896494527441454,0.4777417452830189,0.0053066037735849,0.6088948121721902,64.0,0.6188822361378409,-0.0907503888010978,82772.4609375
ppo,32,0,2048,-4.552189184479326,-4.552189184479326,2.339083379639535,0.460693359375,0.00244140625,0.6272814372994309,8.0,0.6258618579194938,-0.1670895218849182,2268.3837890625
ppo,32,0,4096,-9.070353644880315,-4.552700149729684,2.34211389851757,0.4697265625,0.00341796875,0.6263691136966865,32.365077158688045,0.5887034136073112,-0.1617768108844757,11055.646484375
ppo,32,0,6144,-24.247389652253457,-4.494781172666475,2.3612518196308816,0.4625244140625,0.00439453125,0.623960654837199,57.799735719036775,0.6347640457110845,-0.1177928522229194,67089.0859375
ppo,32,0,8192,-38.013166679375416,-4.549083085920882,2.350573831630335,0.461669921875,0.00146484375,0.6268736769606158,64.0,0.6003983327515275,-0.0872798711061477,156691.9375
ppo,32,0,10240,-39.46799795270958,-4.463544474586235,2.400465628916672,0.46142578125,0.00341796875,0.6250795263950597,64.0,0.6101859503403658,-0.0720220208168029,170428.28125
ppo,32,0,12288,-39.22230580823376,-4.487873323083826,2.339737846942838,0.4742431640625,0.0029296875,0.620257722949106,64.0,0.631534578964504,-0.0668638944625854,166443.40625
ppo,32,0,14336,-39.08867579769278,-4.424171559933068,2.3643938479288757,0.4632568359375,0.00146484375,0.619009004245709,64.0,0.5557044132296662,-0.059724286198616,163163.46875
ppo,32,0,16384,-39.44112468953272,-4.478893106812838,2.37172393150965,0.46044921875,0.001953125,0.6243255639771406,64.0,0.6285086233072104,-0.0535938665270805,166175.25
ppo,32,0,18432,-39.49475815764206,-4.480779873222275,2.3926466714794143,0.4683837890625,0.001953125,0.6252496122217819,64.0,0.6590692505065515,-0.0476626604795455,165766.40625
ppo,32,0,20480,-39.161773045950746,-4.37778606268726,2.4409891738169582,0.46630859375,0.00146484375,0.6211426247011336,64.0,0.6020424081930709,-0.0409987866878509,161433.625
ppo,32,0,22528,-38.74757968709883,-4.339997959083957,2.411156978284639,0.4708251953125,0.001953125,0.6144211022859798,64.0,0.6322684280154586,-0.0392906591296196,157402.5625
ppo,32,0,24576,-39.13683208105196,-4.399645703700617,2.4223912461203247,0.4718017578125,0.00439453125,0.6203068995955597,64.0,0.6027759949865835,-0.0370589941740036,158283.875
ppo,32,0,26624,-38.42695287306914,-4.232934324395759,2.45107033159387,0.4652099609375,0.00390625,0.6106074740834532,64.0,0.6333389137586292,-0.0340448021888732,151570.234375
ppo,32,0,28672,-39.0069005264277,-4.336486254468701,2.460549118900648,0.466552734375,0.0029296875,0.6191145405706964,64.0,0.5929537418457276,-0.0290356129407882,153170.375
ppo,32,0,30720,-38.913611706411736,-4.296137910948429,2.489871916972036,0.468505859375,0.00244140625,0.6181691749189877,64.0,0.6259553089704425,-0.0308357402682304,150690.34375
ppo,32,0,32768,-38.85925366322354,-4.331542793947596,2.439452631715376,0.470947265625,0.0029296875,0.6165662655227848,64.0,0.5978775027108119,-0.0255869328975677,148159.3125
ppo,32,0,34816,-38.451245488778014,-4.279213689575864,2.407556054282447,0.4686279296875,0.00537109375,0.6102148535571812,64.0,0.634888608206675,-0.0266184881329536,143017.75
ppo,32,0,36864,-38.50708677831747,-4.298080134912539,2.403850174190269,0.4713134765625,0.00341796875,0.610875118632231,64.0,0.615648874350144,-0.0246236249804496,140136.75
ppo,32,0,38912,-39.5198621953719,-4.442775055350782,2.436955006785269,0.4686279296875,0.00244140625,0.6263765560718056,64.0,0.6030623359178637,-0.0217939466238021,146856.859375
ppo,32,0,40960,-38.84229679566874,-4.337819191174891,2.442247593774144,0.4764404296875,0.00341796875,0.6161513857945329,64.0,0.6272540818159101,-0.0214738473296165,137364.828125
ppo,32,0,43008,-38.75293684696394,-4.322773536923672,2.419285222752612,0.4688720703125,0.0029296875,0.6148243448221478,64.0,0.5819821271348339,-0.0210088789463043,135476.8125
ppo,32,0,45056,-38.59372848416824,-4.278649850473357,2.4453009031170514,0.472900390625,0.00341796875,0.6127692613159799,64.0,0.5612620709149072,-0.0215241611003875,127392.3203125
ppo,32,0,47104,-38.506231253055546,-4.280451895641821,2.4238682321901317,0.470703125,0.0029296875,0.6111746313823879,64.0,0.618455380776105,-0.0195800513029098,125483.828125
ppo,32,0,49152,-38.715464488264274,-4.335376900578131,2.404148556624745,0.4705810546875,0.001953125,0.6139301354943953,64.0,0.6354851232661038,-0.0194382146000862,123870.84375
ppo,32,0,51200,-38.33581647561418,-4.278730375179382,2.381183318816116,0.472412109375,0.0029296875,0.6081622517934785,64.0,0.568370548750639,-0.0171908512711524,119044.5
ppo,32,0,53248,-38.90368987495398,-4.296702534615029,2.4730944877507746,0.4595947265625,0.00341796875,0.617981916791767,64.0,0.6251674386220066,-0.0193457305431365,117719.8984375
ppo,32,0,55296,-38.86801665462009,-4.3167258501228805,2.4480028923521,0.46630859375,0.0029296875,0.616987335794593,64.0,0.5933829969372508,-0.0172998085618019,115053.59375
ppo,32,0,57344,-38.13938815415846,-4.214646638449565,2.423147346583189,0.4713134765625,0.00390625,0.6057989556376588,64.0,0.5414275741305142,-0.0177120715379714,106320.4375
ppo,32,0,59392,-38.94724988363311,-4.36676419167217,2.415629188550243,0.466552734375,0.0048828125,0.6175086730707311,64.0,0.5884767810446505,-0.0173276662826538,107398.015625
ppo,32,0,61440,-38.231572819184194,-4.234648626586861,2.422141342397577,0.4749755859375,0.0048828125,0.6070879320106666,64.0,0.5960003315152289,-0.0172330662608146,100374.21875
ppo,32,0,63488,-38.42582176726749,-4.240025926720014,2.444495053918522,0.471435546875,0.00341796875,0.6104606400097763,64.0,0.6135249273766589,-0.0169517025351524,97285.328125
ppo,32,0,65536,-39.06443883733865,-4.397142615763569,2.405857360798604,0.469970703125,0.00244140625,0.619058861099555,64.0,0.618973702044095,-0.0182394012808799,97724.0625
ppo,32,0,67584,-38.644308747187885,-4.266867652806446,2.476029690656968,0.471923828125,0.00439453125,0.6138828766853829,64.0,0.5782990177216866,-0.0178217887878417,92158.5390625
ppo,32,0,69632,-38.62685466735945,-4.298920743080618,2.430239508851694,0.4749755859375,0.0029296875,0.6129988200764077,64.0,0.5620584042025766,-0.0183503255248069,89344.453125
ppo,32,0,71680,-38.42558614251109,-4.26087304156214,2.438887093512678,0.4761962890625,0.00390625,0.6100841625169454,64.0,0.5966358350550641,-0.018528863787651,83706.1640625
ppo,32,0,73728,-38.917890404987794,-4.319410045815933,2.470718653939291,0.4732666015625,0.0029296875,0.6178300064137833,64.0,0.629803460922747,-0.0192757025361061,83442.8125
ppo,32,0,75776,-38.76358280088178,-4.339195042622256,2.4238316385361527,0.472900390625,0.00244140625,0.61472120996892,64.0,0.5980124482959935,-0.0219149440526962,81287.453125
ppo,32,0,77824,-38.30466460171612,-4.229028529135965,2.446494407793887,0.474853515625,0.0048828125,0.6084935012960742,64.0,0.630884279245797,-0.0210132151842117,78442.0859375
ppo,32,0,79872,-39.053640560046375,-4.369489455181052,2.428546345031048,0.46923828125,0.00341796875,0.6193598411583094,64.0,0.5818550086685982,-0.0238531604409217,77575.8046875
ppo,32,0,81920,-38.703196904684,-4.295943785089325,2.451027988821101,0.47802734375,0.00439453125,0.6144152342784763,64.0,0.5985844413731445,-0.0237003713846206,75835.4140625
ppo,32,0,83968,-38.78752362228731,-4.294665875673758,2.469561997276738,0.4700927734375,0.00341796875,0.6159438883323849,64.0,0.6639261782036479,-0.0274657979607582,75151.421875
ppo,32,0,86016,-38.57562447664638,-4.234291652778639,2.4848979495082872,0.4696044921875,0.00244140625,0.6132380861404956,64.0,0.6396702353659806,-0.029822789132595,74653.1875
ppo,32,0,88064,-38.21320565508661,-4.203509877817092,2.44208625810304,0.4730224609375,0.00244140625,0.60731599602267,64.0,0.6587447823579763,-0.0361326336860656,72133.4609375
ppo,32,0,90112,-38.51339033145693,-4.2900481495474985,2.428355605056125,0.474609375,0.00439453125,0.6111311103912398,64.0,0.6291887657790101,-0.0462194308638572,72001.328125
ppo,32,0,92160,-38.015504476889234,-4.181010588157999,2.4377044428536863,0.47216796875,0.0029296875,0.6041873908702007,64.0,0.6038396889784922,-0.0648022443056106,72330.25
ppo,32,0,94208,-38.52576689001542,-4.259436494266163,2.458071608157696,0.4730224609375,0.00390625,0.6118987570669508,64.0,0.649846946064874,-0.0871816277503967,77379.3984375
ppo,32,0,96256,-38.20711621468213,-4.197656843754627,2.462884836902988,0.477294921875,0.00537109375,0.6073117744808483,64.0,0.6471111219540093,-0.1283908486366272,76994.375
ppo,32,0,98304,-38.56354303977385,-4.24008759862096,2.487662146717951,0.4722900390625,0.00390625,0.6129188471634445,64.0,0.5892207877927996,-0.1362709105014801,81092.9921875
ppo,32,0,100000,-38.50334932760197,-4.269490732572067,2.4400322422756626,0.4762676886792453,0.0029481132075471,0.6113189034826769,64.0,0.6471784778336678,-0.1385072171688079,84340.3984375
ppo,32,1,2048,-4.518609045837925,-4.518609045837925,2.390916693887324,0.458984375,0.00341796875,0.6291856010172178,8.0,0.5835803963763239,-0.1662892550230026,2197.73046875
ppo,32,1,4096,-9.120187019824112,-4.424056295229141,2.40933015952017,0.4619140625,0.00146484375,0.622912617022017,34.94033323191043,0.5809044555103143,-0.1602074056863784,11517.283203125
ppo,32,1,6144,-25.930476339785248,-4.445302078168133,2.439225093026302,0.463134765625,0.00244140625,0.6270343707080661,58.81891534802125,0.6009300765662023,-0.1079107597470283,75746.515625
ppo,32,1,8192,-37.846340994233486,-4.3919264209363895,2.424841839579316,0.463623046875,0.0009765625,0.6217322321924752,64.0,0.6478637105904529,-0.0781691595911979,155225.0625
ppo,32,1,10240,-39.04297166692,-4.405443576105252,2.3911280569216045,0.467529296875,0.00390625,0.6185272873359777,64.0,0.5710270983957606,-0.0704584121704101,163645.90625
ppo,32,1,12288,-39.547389954733205,-4.480086867325511,2.397351191521056,0.4598388671875,0.0029296875,0.626201840846566,64.0,0.6572338308717492,-0.0608896240592002,168748.75
ppo,32,1,14336,-38.47163246699688,-4.268298265793269,2.4239509754449173,0.4669189453125,0.00341796875,0.610773825021493,64.0,0.6058851036362711,-0.0553079545497894,159320.375
ppo,32,1,16384,-39.47440238666575,-4.443767843105569,2.4300531458032664,0.46875,0.0009765625,0.6255470454207176,64.0,0.5972152439407664,-0.0461105108261108,165262.234375
ppo,32,1,18432,-39.4308263026504,-4.424279853633185,2.443591340436318,0.462158203125,0.0029296875,0.6251169008753072,64.0,0.6635283775685217,-0.0437502190470695,162647.84375
ppo,32,1,20480,-39.14555479354895,-4.421976455464638,2.3985565313977646,0.469970703125,0.00390625,0.6200638988943628,64.0,0.5759586701562714,-0.0398965030908584,158689.34375
ppo,32,1,22528,-39.29477268097352,-4.352815845308529,2.489923449791484,0.463623046875,0.0029296875,0.6239635149225891,64.0,0.6172581816485337,-0.035788245499134,159414.75
ppo,32,1,24576,-39.353924408322094,-4.418016465927413,2.438292539123042,0.4700927734375,0.00341796875,0.6238554989713335,64.0,0.6469894460989318,-0.032036654651165,157317.5
ppo,32,1,26624,-38.83716185241874,-4.283450733631151,2.4884523642203096,0.4713134765625,0.0048828125,0.6170305556926354,64.0,0.6484866616548518,-0.0318677127361297,151716.8125
ppo,32,1,28672,-39.55590855838631,-4.423342965497346,2.4763758676082026,0.4677734375,0.00341796875,0.62736724273016,64.0,0.6151473349090492,-0.0284822583198547,154946.75
ppo,32,1,30720,-38.03433094798669,-4.136512887516536,2.5022550765495133,0.47509765625,0.00390625,0.6053181796512528,64.0,0.6004830184677983,-0.0284003168344497,139733.640625
ppo,32,1,32768,-38.389363249127086,-4.200994881481976,2.484745069393445,0.4703369140625,0.00439453125,0.6105065779936628,64.0,0.6097480082200954,-0.0258855074644088,140565.96875
ppo,32,1,34816,-38.92759612164599,-4.268017732887339,2.5152688102558844,0.4683837890625,0.00146484375,0.6189210426564045,64.0,0.5968405715918678,-0.02336385846138,142804.3125
ppo,32,1,36864,-38.58429615930715,-4.244911221951252,2.4766200490716024,0.4716796875,0.00341796875,0.6132033024527839,64.0,0.6049320458700498,-0.0224768295884132,136123.390625
ppo,32,1,38912,-38.40522510723252,-4.18443297467579,2.5154511037317047,0.4708251953125,0.0048828125,0.611085573795656,64.0,0.6227306928555616,-0.0215744078159332,131588.046875
ppo,32,1,40960,-38.975767036175455,-4.292644230023658,2.5090182738612627,0.47216796875,0.00439453125,0.6193414786812821,64.0,0.5920765012288332,-0.0211180001497268,131987.171875
ppo,32,1,43008,-38.64686166190711,-4.220978357344776,2.522519621351418,0.4727783203125,0.00341796875,0.6147479161528988,64.0,0.6382165500083075,-0.0210033059120178,126041.421875
ppo,32,1,45056,-38.17990145739434,-4.171148222163389,2.4973974405590207,0.474609375,0.00537109375,0.6072991649148385,64.0,0.6503502344735402,-0.0204695686697959,120603.75
ppo,32,1,47104,-38.34184843941344,-4.174843574101661,2.514443235933444,0.473876953125,0.0029296875,0.6101250868805674,64.0,0.6338265631333139,-0.0194982141256332,117707.2421875
ppo,32,1,49152,-38.25518022986333,-4.146693373969388,2.527542631108049,0.47607421875,0.0048828125,0.6090801224266775,64.0,0.6047932748641296,-0.01938958466053,113849.71875
ppo,32,1,51200,-38.20018002550279,-4.1618455415437605,2.4925669534512034,0.470458984375,0.00341796875,0.6078274014992684,64.0,0.5541181775871962,-0.017992652952671,110292.109375
ppo,32,1,53248,-38.270640609228224,-4.134747957957763,2.553361046957252,0.478759765625,0.0029296875,0.6095695116298296,64.0,0.568691077362824,-0.0168522447347641,106585.609375
ppo,32,1,55296,-38.739245907240864,-4.229394057201064,2.521450495980326,0.47021484375,0.001953125,0.6162473544649965,64.0,0.6713110591070472,-0.0168932005763053,104353.1875
ppo,32,1,57344,-38.58061035523235,-4.204567285415049,2.5326569781773616,0.4720458984375,0.00146484375,0.6138579119610234,64.0,0.6321182137320416,-0.0174140408635139,101785.359375
ppo,32,1,59392,-38.35831358636997,-4.163432541567078,2.526899260048453,0.4693603515625,0.00439453125,0.6106228758000517,64.0,0.5919546962044857,-0.0168390423059463,97515.5859375
ppo,32,1,61440,-38.660941645869954,-4.223247117001186,2.5107277920646744,0.466064453125,0.00244140625,0.6149588308726565,64.0,0.6230341532036414,-0.0183660238981246,95766.65625
ppo,32,1,63488,-38.71964929267635,-4.198238885259616,2.571897254919158,0.4722900390625,0.00341796875,0.6164537572752988,64.0,0.6097321209558054,-0.0183553174138069,90803.3984375
ppo,32,1,65536,-38.66981997317622,-4.159952715799323,2.5958632548265625,0.471435546875,0.0029296875,0.616247629596016,64.0,0.6018319101993256,-0.0177711173892021,87195.859375
ppo,32,1,67584,-38.13648433741524,-4.07396048321719,2.589851922045261,0.4703369140625,0.0048828125,0.6082593545392508,64.0,0.6542957184663549,-0.0202737003564834,82776.3515625
ppo,32,1,69632,-38.233364250947744,-4.130580011955343,2.544238182379177,0.47509765625,0.00439453125,0.6089782899820073,64.0,0.6243078320330658,-0.0219568237662315,79232.546875
ppo,32,1,71680,-38.45956294279404,-4.138878689703773,2.5692311308240656,0.4722900390625,0.00146484375,0.6128693616623261,64.0,0.639810642327753,-0.0209778323769569,79217.8046875
ppo,32,1,73728,-38.78782296243202,-4.21580812205627,2.560433153943423,0.4686279296875,0.00244140625,0.6173574078638528,64.0,0.6430668257136659,-0.0216456875205039,78328.453125
ppo,32,1,75776,-38.20591681704384,-4.151458570607801,2.501802916021186,0.4697265625,0.00390625,0.6081153258292151,64.0,0.6655701119198166,-0.0253941789269447,74309.3671875
ppo,32,1,77824,-38.72637716278207,-4.190822742516792,2.571947486179801,0.47607421875,0.00244140625,0.6167063289333085,64.0,0.5943492529047366,-0.0267295911908149,72581.625
ppo,32,1,79872,-37.91892087069549,-4.026810115998891,2.5887540545104137,0.4698486328125,0.0068359375,0.605216263476725,64.0,0.5792912831675854,-0.0338545590639114,70321.4375
ppo,32,1,81920,-38.143692426670256,-4.0604726948965215,2.607830610035883,0.472900390625,0.0048828125,0.6086289237816739,64.0,0.5562620868992473,-0.0378174856305122,70718.8984375
ppo,32,1,83968,-38.33512261104913,-4.137721736376975,2.556463899471041,0.4737548828125,0.00537109375,0.6106678727620027,64.0,0.6292954615297469,-0.0460031479597091,73506.640625
ppo,32,1,86016,-38.032016599635945,-4.0586027221097,2.579383724185318,0.4710693359375,0.00537109375,0.6066681049558259,64.0,0.5967152584933952,-0.0642983838915824,73790.8203125
ppo,32,1,88064,-37.953589066455066,-4.060917238822801,2.5698479359904125,0.474853515625,0.00341796875,0.6052262826362904,64.0,0.5872638298817705,-0.0865512937307357,74793.234375
ppo,32,1,90112,-38.23212173644666,-4.063558628725946,2.6258729392576927,0.473388671875,0.00634765625,0.61015291263787,64.0,0.6102437346956315,-0.1211203932762146,76784.4296875
ppo,32,1,92160,-38.005532780298296,-4.044498313559331,2.5934442294858897,0.47607421875,0.00341796875,0.6064470440489103,64.0,0.6247499676922859,-0.1361843049526214,81392.578125
ppo,32,1,94208,-37.60729577479702,-3.98551754642289,2.5822508345005355,0.477783203125,0.0068359375,0.6003888969352523,64.0,0.609077815098847,-0.1349592506885528,80590.1484375
ppo,32,1,96256,-37.75587774090434,-3.999230543171604,2.5901003128431066,0.4749755859375,0.0048828125,0.6027972713880846,64.0,0.624558639839476,-0.1403689235448837,81255.09375
ppo,32,1,98304,-37.40714315074678,-3.8933392801323135,2.652027697877811,0.4774169921875,0.0068359375,0.5984607834038298,64.0,0.5540637136654243,-0.1404438912868499,81422.7734375
ppo,32,1,100000,-37.33458189147462,-3.905620267423576,2.6329326229704213,0.4768573113207547,0.0076650943396226,0.5969457432866258,64.0,0.6370677043678593,-0.1447372436523437,81974.59375
ppo,32,2,2048,-4.340554348087522,-4.340554348087522,2.456637150522518,0.4625244140625,0.00244140625,0.6191595873283186,8.0,0.6492748876652549,-0.1651005148887634,2055.556640625
ppo,32,2,4096,-9.054350470700946,-4.395360176236353,2.411589395295378,0.469970703125,0.00537109375,0.6188898824214555,33.1018413742251,0.6002822515269176,-0.1622326523065567,11280.7080078125
ppo,32,2,6144,-25.163475531276028,-4.46725828127455,2.408253079640108,0.4693603515625,0.0009765625,0.6253035233874157,59.35514509153317,0.6692065703695036,-0.1071963235735893,71920.796875
ppo,32,2,8192,-37.33258472159915,-4.254252327914698,2.460764312002098,0.473388671875,0.00244140625,0.6121488835629931,64.0,0.6121430911845502,-0.0793695449829101,152028.5625
ppo,32,2,10240,-38.60913164917089,-4.267320684224346,2.464346055290934,0.47314453125,0.00244140625,0.6132466243740453,64.0,0.612894171461152,-0.0681261271238327,160158.859375
ppo,32,2,12288,-38.36810423258563,-4.2491157836792,2.445565951268681,0.4833984375,0.0048828125,0.609267650873329,64.0,0.610711512169492,-0.0629633963108062,158398.59375
ppo,32,2,14336,-38.41280777601255,-4.200990679651428,2.492238095491774,0.4700927734375,0.00390625,0.6109253052921628,64.0,0.637516293687135,-0.0542895048856735,161264.453125
ppo,32,2,16384,-38.45756053961709,-4.2058230156109815,2.497331290922397,0.4735107421875,0.00341796875,0.6116381700715379,64.0,0.6471913732451053,-0.0490124151110649,158115.390625
ppo,32,2,18432,-38.24366587815965,-4.180900502495364,2.479806396891041,0.470458984375,0.0029296875,0.6082636674225768,64.0,0.6269096689996215,-0.0450658947229385,153202.984375
ppo,32,2,20480,-38.66104905869136,-4.286067898067843,2.454427673728356,0.473876953125,0.00439453125,0.6138389492968485,64.0,0.5530699821189814,-0.0382162034511566,156861.578125
ppo,32,2,22528,-38.71380611367576,-4.276576759715287,2.464057331367586,0.4674072265625,0.0048828125,0.6149505241778657,64.0,0.6208459125741137,-0.0351984649896621,156045.921875
ppo,32,2,24576,-38.21384651843079,-4.190680930756882,2.469612034550835,0.4742431640625,0.00341796875,0.6075565283513198,64.0,0.5602745059601205,-0.0332061648368835,150489.515625
ppo,32,2,26624,-38.33400670335117,-4.1859175012287455,2.495475684311274,0.4769287109375,0.0048828125,0.6097873071807576,64.0,0.5641279098086023,-0.031830109655857,150380.609375
ppo,32,2,28672,-38.31076767390406,-4.152804031344894,2.5330931174588,0.47412109375,0.0048828125,0.6099636364742708,64.0,0.6226994977757024,-0.0304427742958068,149163.3125
ppo,32,2,30720,-38.00727367945805,-4.158614793515896,2.470060857834912,0.480224609375,0.0048828125,0.6044403372489671,64.0,0.6273251000721367,-0.0280162543058395,143083.140625
ppo,32,2,32768,-38.51034434179243,-4.229213875040795,2.484436617966934,0.47216796875,0.00341796875,0.6121630440491362,64.0,0.5798937783930995,-0.0241608992218971,145142.6875
ppo,32,2,34816,-38.119636574397134,-4.137582503229277,2.521110398685951,0.478271484375,0.001953125,0.6068223941279974,64.0,0.5615405358497977,-0.0231339037418365,140504.4375
ppo,32,2,36864,-38.09077055381354,-4.128920801837393,2.526039055668101,0.4774169921875,0.00439453125,0.6064616027138598,64.0,0.5836987296297405,-0.0228344947099685,137126.90625
ppo,32,2,38912,-38.27981382256874,-4.182943676672323,2.488597774860715,0.474365234375,0.001953125,0.6088726811767219,64.0,0.5809322275636002,-0.0227188542485237,134646.4375
ppo,32,2,40960,-37.753885188451534,-4.061138482595375,2.5194859647736827,0.473876953125,0.0029296875,0.6016561911760028,64.0,0.6200882066484212,-0.0205096825957298,130115.890625
ppo,32,2,43008,-37.7045181245479,-4.044530938304931,2.539266342494187,0.4742431640625,0.00341796875,0.601071199754339,64.0,0.5863952860674603,-0.0198121294379234,125504.6875
ppo,32,2,45056,-38.18305646294756,-4.1630383098772175,2.498487373067356,0.472900390625,0.0029296875,0.6075003241619703,64.0,0.6038019970721439,-0.0183527916669845,127695.0
ppo,32,2,47104,-37.72548523933724,-4.051583878606112,2.5352621161358244,0.480224609375,0.00341796875,0.6013196671559129,64.0,0.5845527282713107,-0.0186226814985275,120433.25
ppo,32,2,49152,-37.94123105274764,-4.106661303854207,2.5079237057211428,0.4736328125,0.0029296875,0.6041887455159541,64.0,0.578528350696788,-0.0186852142214775,118174.28125
ppo,32,2,51200,-38.00971606558758,-4.1515820882226295,2.46757285408382,0.4766845703125,0.00732421875,0.6046095353100884,64.0,0.6270382026419972,-0.0170167461037635,115852.3125
ppo,32,2,53248,-37.73022634386972,-4.030988577100501,2.5497536380218917,0.4752197265625,0.0068359375,0.6017721029780218,64.0,0.5784231697154674,-0.0168170258402824,110645.6875
ppo,32,2,55296,-38.12462727545753,-4.10665065692883,2.552482410283041,0.4774169921875,0.00244140625,0.6074638681880125,64.0,0.573406656688297,-0.0166591927409172,110246.3828125
ppo,32,2,57344,-37.45356407337249,-3.97577612601993,2.562688583233553,0.4781494140625,0.00341796875,0.59781764191701,64.0,0.6373716201419345,-0.0163018107414245,102727.390625
ppo,32,2,59392,-37.77077444036395,-4.03869845682832,2.5574061097185616,0.4755859375,0.0048828125,0.6023584997059934,64.0,0.681861161035244,-0.0164120867848396,100996.375
ppo,32,2,61440,-37.952500800202415,-4.122897110535346,2.498787407848277,0.47509765625,0.00244140625,0.604100065886912,64.0,0.6573157262525001,-0.0168111249804496,97725.53125
ppo,32,2,63488,-36.87102616947822,-3.899269717688204,2.544565379550728,0.485107421875,0.005859375,0.5887813652105361,64.0,0.5695933725729095,-0.016779601573944,90542.8046875
ppo,32,2,65536,-37.7883816944861,-4.051245741870004,2.5366319838386837,0.4739990234375,0.00244140625,0.6024488562967161,64.0,0.6082440036887716,-0.0155987739562988,90152.84375
ppo,32,2,67584,-37.88098328317262,-4.078656402247243,2.535476419511152,0.474609375,0.00390625,0.6036129800165246,64.0,0.6581572876953725,-0.0173599645495414,87809.3203125
ppo,32,2,69632,-38.41329623474987,-4.1934001277795865,2.5140632650083328,0.4749755859375,0.00390625,0.6110695733387551,64.0,0.6773155662114803,-0.017146810889244,88824.7734375
ppo,32,2,71680,-37.77599400467182,-4.0753822044042,2.519410038496031,0.4810791015625,0.0078125,0.6017966392904932,64.0,0.6630419485445207,-0.0178944766521453,83875.4140625
ppo,32,2,73728,-37.79172583456122,-4.101517906507627,2.48855618611956,0.4803466796875,0.001953125,0.6016108558580999,64.0,0.5747590277218733,-0.0173462480306625,81131.6171875
ppo,32,2,75776,-37.47456979662654,-3.9892994129000336,2.561533366319076,0.4765625,0.0029296875,0.597951256852259,64.0,0.6320433599651626,-0.0183775648474693,77481.2578125
ppo,32,2,77824,-37.50889856582566,-4.02023186178402,2.529971706526677,0.477783203125,0.005859375,0.598011905429315,64.0,0.6177843469529185,-0.0209216773509979,74678.828125
ppo,32,2,79872,-37.82075824046112,-4.097181599008095,2.5039664056354587,0.4774169921875,0.005859375,0.6022067257402326,64.0,0.5640989267622716,-0.0233469828963279,73615.140625
ppo,32,2,81920,-37.77715279377384,-4.056301438001626,2.5354108819594345,0.4739990234375,0.00390625,0.6021580599245039,64.0,0.6587931065373529,-0.0235738828778266,73253.3671875
ppo,32,2,83968,-37.51868162794018,-4.005774843085989,2.5492017894180807,0.479736328125,0.00537109375,0.5984447640152535,64.0,0.58150689003872,-0.0253400951623916,71016.328125
ppo,32,2,86016,-37.47116242695161,-4.028733898488319,2.5233909342362235,0.4854736328125,0.0068359375,0.5971862237225587,64.0,0.5850058955243829,-0.0301155969500541,70755.609375
ppo,32,2,88064,-37.61823907103357,-4.090237141250198,2.4720990877442,0.4793701171875,0.0029296875,0.5987143201747029,64.0,0.5833555595871258,-0.0336179807782173,69697.515625
ppo,32,2,90112,-37.29338553189277,-3.979105084624542,2.532238991713045,0.48046875,0.0029296875,0.5948978651297898,64.0,0.5835046874414654,-0.0412648618221282,69660.7265625
ppo,32,2,92160,-37.13300500206144,-3.902108668190588,2.581150992951016,0.4791259765625,0.00439453125,0.5934088631048366,64.0,0.5889409601051699,-0.0570311844348907,71585.34375
ppo,32,2,94208,-37.717136865352586,-4.021719209027399,2.570318136351786,0.4791259765625,0.0048828125,0.6017038867200927,64.0,0.6046149370933316,-0.0679831132292747,73336.6875
ppo,32,2,96256,-37.628852374096105,-4.0165858947324855,2.562031785308893,0.48046875,0.005859375,0.6002190442743502,64.0,0.5645863831914761,-0.107964351773262,73366.671875
ppo,32,2,98304,-36.72940277681342,-3.777078054913093,2.660232541078817,0.4830322265625,0.0078125,0.5884343700339345,64.0,0.6282826501450967,-0.1387581974267959,74209.25
ppo,32,2,100000,-37.533372745439785,-3.97327678068664,2.5771763065297084,0.4790683962264151,0.0047169811320754,0.5992874279420204,64.0,0.5632451786515045,-0.1429446935653686,76987.59375
ppo,32,3,2048,-4.306170241101098,-4.306170241101098,2.384021265493601,0.4691162109375,0.00341796875,0.6105418150382834,8.0,0.5956796088728379,-0.164972722530365,1989.255126953125
ppo,32,3,4096,-9.445014075484984,-4.4733431495167775,2.3907889450422517,0.47021484375,0.00244140625,0.6242323616845519,34.955311548077866,0.6407681005087711,-0.1619631350040435,12421.017578125
ppo,32,3,6144,-26.241673209413715,-4.420536640376326,2.3603056094964465,0.46826171875,0.0029296875,0.6176100607601109,60.33748593577431,0.6239891310458223,-0.1080292761325836,78320.796875
ppo,32,3,8192,-38.63307417838119,-4.524470284796425,2.3710724654286977,0.466064453125,0.00048828125,0.6263975645551965,64.0,0.5946516085583854,-0.079041302204132,162130.828125
ppo,32,3,10240,-38.253823845556056,-4.25791533679118,2.390614847895465,0.46435546875,0.00244140625,0.6070697947993727,64.0,0.6216716714760032,-0.0725632384419441,157087.140625
ppo,32,3,12288,-39.005338301062594,-4.365543064259052,2.4281572547337675,0.47021484375,0.00439453125,0.6185677720857774,64.0,0.6137148639675141,-0.0609540715813636,164272.25
ppo,32,3,14336,-38.85067217556276,-4.388877118565402,2.3744297457372223,0.4725341796875,0.00341796875,0.6153891974463813,64.0,0.5736790954717407,-0.0579205080866813,160700.359375
ppo,32,3,16384,-38.65646501040492,-4.330063452337281,2.4101936806006714,0.4794921875,0.00341796875,0.6129714563940647,64.0,0.6231847752996265,-0.049317643046379,158946.25
ppo,32,3,18432,-38.402287478277486,-4.284580455919573,2.395402203182365,0.4735107421875,0.00341796875,0.6092447682563914,64.0,0.6136659142235903,-0.0459239482879638,154707.8125
ppo,32,3,20480,-38.34859935309438,-4.247560128356344,2.4283557186568667,0.4659423828125,0.0009765625,0.6089471290131792,64.0,0.6182274917743988,-0.0414948090910911,153852.8125
ppo,32,3,22528,-38.41790271860141,-4.281287713776452,2.413537693516015,0.4766845703125,0.0029296875,0.6095824108004457,64.0,0.605097801254705,-0.038197711110115,152500.859375
ppo,32,3,24576,-38.622770377945656,-4.304990932267909,2.427330727686029,0.473388671875,0.00439453125,0.6128174901013885,64.0,0.6430903490150783,-0.0391071885824203,153267.375
ppo,32,3,26624,-38.56249827477873,-4.26165221883824,2.4780220347329927,0.4769287109375,0.0029296875,0.6125151081417946,64.0,0.6426125862965316,-0.0366609171032905,150553.03125
ppo,32,3,28672,-38.404662255628985,-4.2303730565447335,2.4619552497324784,0.4708251953125,0.00390625,0.6102551642693617,64.0,0.580787067444777,-0.0304674282670021,148097.890625
ppo,32,3,30720,-38.377726346804536,-4.231303205053877,2.4613141958515574,0.4718017578125,0.00390625,0.6097575561026903,64.0,0.568929534269197,-0.0305847600102424,143057.453125
ppo,32,3,32768,-38.30367655440728,-4.196746514708014,2.478793822600858,0.47119140625,0.0029296875,0.6090523221374868,64.0,0.577296437119311,-0.0291166603565216,141483.59375
ppo,32,3,34816,-38.35661838958373,-4.263246597050708,2.418925947482679,0.4732666015625,0.00146484375,0.6088102105809468,64.0,0.6323145741664009,-0.0281824022531509,138745.796875
ppo,32,3,36864,-38.73210644804372,-4.302287191852246,2.451371127170046,0.4725341796875,0.00341796875,0.6148182010034191,64.0,0.6316189943908783,-0.0242947190999984,138642.28125
ppo,32,3,38912,-37.81307848519373,-4.117600939128828,2.4858860163437395,0.481689453125,0.0068359375,0.6017049561797303,64.0,0.6182216060225604,-0.0244800671935081,129424.9375
ppo,32,3,40960,-38.37502148162936,-4.213338635687236,2.474795969115616,0.4730224609375,0.00244140625,0.6100300508203951,64.0,0.6160966455979751,-0.022204466164112,130791.453125
ppo,32,3,43008,-37.98603989274631,-4.170343781148619,2.460598233053087,0.482421875,0.00634765625,0.6038517162785302,64.0,0.6136624280553992,-0.0231835916638374,124559.3125
ppo,32,3,45056,-38.271189293682845,-4.233591250620742,2.4243493202629183,0.470703125,0.0029296875,0.6078142507689661,64.0,0.5877521025533098,-0.0211260244250297,123315.0390625
ppo,32,3,47104,-37.6967058144888,-4.059443527839225,2.5174764847151145,0.477783203125,0.00341796875,0.6006653979758851,64.0,0.5452160538942017,-0.0205018818378448,117023.03125
ppo,32,3,49152,-37.844723973075446,-4.142701953456445,2.4456027312664146,0.4754638671875,0.0048828125,0.6018218217789109,64.0,0.5844812764517338,-0.020085871219635,114196.9140625
ppo,32,3,51200,-38.53802961254564,-4.266885557994188,2.4506498399477903,0.47314453125,0.0029296875,0.6119847152598477,64.0,0.5791495986103112,-0.0192971602082252,115346.15625
ppo,32,3,53248,-38.16637962692008,-4.1757234707708495,2.481695609993711,0.4774169921875,0.0029296875,0.606976002788379,64.0,0.5817606237516767,-0.0188992321491241,109269.546875
ppo,32,3,55296,-37.54408238846655,-4.048162562024467,2.510816269389816,0.4815673828125,0.0048828125,0.5981414254721801,64.0,0.5906674383257884,-0.0197171866893768,102018.453125
ppo,32,3,57344,-37.84528531450661,-4.096795646517183,2.512103249014376,0.4769287109375,0.0048828125,0.602651601214097,64.0,0.6217397583050781,-0.0215808749198913,101916.625
ppo,32,3,59392,-38.11095277259067,-4.156785865685945,2.4822473681858352,0.4722900390625,0.00439453125,0.6063244090518701,64.0,0.5861876267312047,-0.0196286886930465,97985.671875
ppo,32,3,61440,-37.60063013396133,-4.067783478271513,2.483846329034864,0.47802734375,0.00244140625,0.5988008331373182,64.0,0.6022840229869451,-0.0193308740854263,93191.9375
ppo,32,3,63488,-37.59749116399963,-4.056168698974499,2.502816568048696,0.479248046875,0.0048828125,0.5989521868754486,64.0,0.5715842925962253,-0.01925890147686,88768.015625
ppo,32,3,65536,-37.87376749548257,-4.135791150673909,2.4572025861713094,0.4686279296875,0.00439453125,0.6024638633001546,64.0,0.6114271686002205,-0.0210176780819892,88057.1484375
ppo,32,3,67584,-37.82576599914327,-4.087365713700754,2.514629505798378,0.4814453125,0.00390625,0.6024714336686163,64.0,0.6123560928469286,-0.0198036879301071,83748.4375
ppo,32,3,69632,-37.5132571219668,-4.030956125400976,2.5044258545416875,0.47314453125,0.0029296875,0.5978982320815327,64.0,0.5883268744673744,-0.020642451941967,79097.484375
ppo,32,3,71680,-37.87905783077439,-4.103921321587324,2.504452550996633,0.4766845703125,0.00341796875,0.6031274376640549,64.0,0.5655279995715226,-0.0221973657608032,77127.8671875
ppo,32,3,73728,-38.18901166785837,-4.149293156510342,2.5123081342757327,0.4761962890625,0.00341796875,0.607852116274072,64.0,0.62899347709984,-0.0227039828896522,77654.859375
ppo,32,3,75776,-37.44390455049519,-4.022804549496845,2.5112329744601967,0.479248046875,0.00341796875,0.5968053571606847,64.0,0.6178544912143604,-0.0256958603858947,72179.1875
ppo,32,3,77824,-37.74179897287888,-4.115757770581099,2.4632643821172246,0.47900390625,0.0048828125,0.6004650214696033,64.0,0.6309998720411184,-0.0275461971759796,72235.609375
ppo,32,3,79872,-37.01669354997979,-3.8926241649906954,2.5763720525438663,0.481201171875,0.00341796875,0.5915012390176624,64.0,0.6810737305565854,-0.0310373082756996,70035.984375
ppo,32,3,81920,-38.59256536354152,-4.22985172213631,2.5015365105776786,0.4747314453125,0.00146484375,0.6136198864536646,64.0,0.5811151370744404,-0.0307282954454422,75749.34375
ppo,32,3,83968,-37.409916446338485,-4.016995737365551,2.5068840067696048,0.477783203125,0.00244140625,0.5963021555173739,64.0,0.6203485560180844,-0.0402477011084556,70324.796875
ppo,32,3,86016,-37.99187975013852,-4.128266678279557,2.4962594121107333,0.4771728515625,0.0029296875,0.6047073762831959,64.0,0.5741008719417888,-0.0445325300097465,72291.6796875
ppo,32,3,88064,-37.92194386451594,-4.110990905245144,2.499680110982089,0.4764404296875,0.00244140625,0.6037670171298356,64.0,0.6460005720158742,-0.0561538934707641,71509.7265625
ppo,32,3,90112,-37.18560397064902,-3.9990202914151234,2.4901854758695583,0.4825439453125,0.00439453125,0.5926175657006053,64.0,0.5954960998406938,-0.0751976072788238,71388.59375
ppo,32,3,92160,-37.43139381261527,-4.039649325125359,2.4849348264083515,0.4791259765625,0.00244140625,0.5962811515623199,64.0,0.5738684998311417,-0.1080840677022934,72631.203125
ppo,32,3,94208,-37.43322788900655,-4.021229890666118,2.496189337185868,0.47509765625,0.00244140625,0.5966428213989362,64.0,0.5579563861610642,-0.1390520334243774,76655.1875
ppo,32,3,96256,-37.31775896708224,-4.004283447757725,2.5010585994599497,0.4803466796875,0.001953125,0.5948834914165091,64.0,0.6057365314058086,-0.1458940058946609,77149.46875
ppo,32,3,98304,-37.71304877474394,-4.075600291002618,2.5116205538260465,0.4825439453125,0.00439453125,0.6006687229239522,64.0,0.5661105812244821,-0.1454230546951294,79687.484375
ppo,32,3,100000,-37.20106137937002,-3.991676289349139,2.5086749274106266,0.4855542452830189,0.0023584905660377,0.5930247337503729,64.0,0.6019932182730419,-0.1405816674232483,80428.2578125
ppo,32,4,2048,-4.048729820478592,-4.048729820478592,2.5831834643544305,0.470947265625,0.005859375,0.6060974115544242,8.0,0.6495538703794658,-0.16584312915802,1794.389404296875
ppo,32,4,4096,-8.317245965150972,-4.15565014468328,2.5561940650489734,0.474365234375,0.00390625,0.6111435487060459,32.250405281283264,0.6075477359128858,-0.1553512960672378,9425.609375
ppo,32,4,6144,-23.7888709396138,-4.131414786284214,2.5520793569417606,0.47802734375,0.00244140625,0.6088557242962437,56.799169511837285,0.6222036788757574,-0.1068691685795784,63090.30078125
ppo,32,4,8192,-36.20107316159643,-4.157872000630105,2.4647450923949084,0.470947265625,0.0029296875,0.6048385513856304,64.0,0.6168914329622915,-0.0779323428869247,143068.96875
ppo,32,4,10240,-38.00224196581861,-4.064524325290007,2.5818947280506697,0.4776611328125,0.00537109375,0.6060306721522966,64.0,0.6285016647769167,-0.0639507472515106,154625.96875
ppo,32,4,12288,-37.918808564187735,-4.08279406880345,2.5402154071246583,0.47802734375,0.00244140625,0.6042145445604337,64.0,0.5639189165037931,-0.0580020993947982,153371.0
ppo,32,4,14336,-38.11797614759848,-4.080844418916874,2.5892254463868607,0.4786376953125,0.00439453125,0.6078059237264571,64.0,0.6484748424624391,-0.0499945506453514,154836.921875
ppo,32,4,16384,-37.79258695786056,-4.030869434207333,2.5676507040024656,0.4761962890625,0.0048828125,0.6028878129223793,64.0,0.5685821285635039,-0.0441737323999404,151936.65625
ppo,32,4,18432,-38.10195487191942,-4.0715216143815,2.5859053798694878,0.47509765625,0.00439453125,0.6076863081703199,64.0,0.6787477998584388,-0.0384564399719238,152677.40625
ppo,32,4,20480,-37.68417110608152,-3.950641710264669,2.6422735726069444,0.4752197265625,0.0068359375,0.6023844534967293,64.0,0.6636588970556087,-0.0395060256123542,147174.078125
ppo,32,4,22528,-37.567260098493925,-3.9784156702158464,2.5878267512533437,0.4820556640625,0.00732421875,0.5998007933621086,64.0,0.5602085459868364,-0.0337774008512496,145061.40625
ppo,32,4,24576,-37.08421780456326,-3.8509030323055127,2.6482492815123964,0.4813232421875,0.009765625,0.5934520495046026,64.0,0.5911077508784187,-0.032816044986248,141701.59375
ppo,32,4,26624,-37.39961354065986,-3.92680734463873,2.619865521578109,0.483154296875,0.001953125,0.5977286820718059,64.0,0.5622741035463076,-0.03021140396595,140911.78125
ppo,32,4,28672,-37.61629357783397,-3.99116943929123,2.584867470341039,0.4796142578125,0.0048828125,0.6004486453311204,64.0,0.6369029865550393,-0.0258406847715377,140624.921875
ppo,32,4,30720,-38.05110733093375,-4.056297823008684,2.609506613814254,0.47802734375,0.00341796875,0.6070501697843762,64.0,0.650568731909484,-0.0246234536170959,141765.6875
ppo,32,4,32768,-37.36196725181493,-3.914729760970921,2.61621263066463,0.4754638671875,0.005859375,0.5972720980507857,64.0,0.6273670053559031,-0.021959975361824,133935.328125
ppo,32,4,34816,-37.30662995257676,-3.9072912454853537,2.6227322379427784,0.4814453125,0.00341796875,0.5964167626266323,64.0,0.6713824248963932,-0.0226729065179824,132295.5625
ppo,32,4,36864,-37.56246153991599,-3.92650516632938,2.6480541977002785,0.4781494140625,0.00244140625,0.6006420780997609,64.0,0.5514053308249011,-0.0214179158210754,131433.8125
ppo,32,4,38912,-36.78648743466418,-3.806154578203816,2.625076994177836,0.4842529296875,0.00537109375,0.5889345152939351,64.0,0.6418354638824197,-0.0205772295594215,122587.4921875
ppo,32,4,40960,-37.70950198297639,-3.978487778402078,2.6242040570545777,0.480712890625,0.0048828125,0.6023395393673984,64.0,0.6036960099624112,-0.0196621194481849,126109.0859375
ppo,32,4,43008,-37.595838707967445,-3.9060445864093367,2.6755745289722497,0.4755859375,0.00390625,0.6016034664563947,64.0,0.6218609869719235,-0.0197454094886779,122081.046875
ppo,32,4,45056,-37.9259463434867,-4.003139380197081,2.63520877582232,0.478759765625,0.0029296875,0.6057644100587433,64.0,0.5732826425772979,-0.0194135829806327,121545.078125
ppo,32,4,47104,-37.32292470729806,-3.89057459412158,2.644609054253908,0.484130859375,0.005859375,0.5970062520210085,64.0,0.5392307616454404,-0.018260009586811,115381.3359375
ppo,32,4,49152,-37.32191330938,-3.888429180606951,2.6392181006410125,0.4771728515625,0.00244140625,0.5970265022995187,64.0,0.5713000250970923,-0.0178901627659797,110517.9296875
ppo,32,4,51200,-36.51119602390945,-3.728784812050385,2.6701576998440424,0.4842529296875,0.00830078125,0.5854002002117691,64.0,0.5417961662017465,-0.0172816216945648,101985.015625
ppo,32,4,53248,-36.880492813846416,-3.796426140162012,2.6548804028772333,0.4805908203125,0.00537109375,0.5907869048872215,64.0,0.6337241734871859,-0.0175379514694213,101274.359375
ppo,32,4,55296,-36.560759370102105,-3.793791700619461,2.610385815529699,0.4901123046875,0.005859375,0.585124422669333,64.0,0.6360651575824717,-0.0172954425215721,95562.875
ppo,32,4,57344,-37.54825450262996,-3.9264970408513142,2.657412129024088,0.4847412109375,0.00634765625,0.60038852610319,64.0,0.6340247708787252,-0.0167504847049713,99350.125
ppo,32,4,59392,-36.32911686176654,-3.635629446817489,2.734806349185779,0.481201171875,0.00634765625,0.5838122752669475,64.0,0.5685986930983059,-0.0183776170015335,88225.046875
ppo,32,4,61440,-37.46103596103991,-3.8498398427944434,2.721849623940217,0.4854736328125,0.00439453125,0.6001999306829547,64.0,0.5737720781214819,-0.0161767527461051,92103.2109375
ppo,32,4,63488,-37.0872003559608,-3.8070792511039127,2.689429843430605,0.4781494140625,0.00390625,0.5942878768724444,64.0,0.5937536926818483,-0.017804779112339,85951.6875
ppo,32,4,65536,-36.998332124815065,-3.7727327974784073,2.7190337283876813,0.4837646484375,0.00732421875,0.5933142737024402,64.0,0.6338002631733154,-0.0175632610917091,82816.234375
ppo,32,4,67584,-36.95122073442728,-3.8095883752994526,2.6596117441094327,0.4852294921875,0.00537109375,0.591814863555854,64.0,0.5784746827688257,-0.0182420760393142,80832.9140625
ppo,32,4,69632,-36.830773773242136,-3.8111497031335424,2.651068463952763,0.48876953125,0.0068359375,0.589636144109082,64.0,0.5609762509967055,-0.0190256014466285,77482.4296875
ppo,32,4,71680,-37.10146562885853,-3.815217387371299,2.674601724884404,0.48046875,0.00244140625,0.5943972900265577,64.0,0.5824929167761262,-0.0195331946015357,75222.71875
ppo,32,4,73728,-37.19902220954352,-3.823412724481796,2.715264595645651,0.4871826171875,0.00390625,0.5959930265189592,64.0,0.6366545081647257,-0.0202125012874603,75678.4921875
ppo,32,4,75776,-36.834656406900834,-3.771139949167152,2.678162705518961,0.4844970703125,0.00439453125,0.5904199367452443,64.0,0.5362058826393545,-0.0207784622907638,71293.125
ppo,32,4,77824,-36.51838085297253,-3.748068512793691,2.64371896903026,0.4820556640625,0.00830078125,0.5851841489317651,64.0,0.6312478900158612,-0.0244613289833068,67316.625
ppo,32,4,79872,-36.779497967906586,-3.790555293234216,2.648631015592778,0.484619140625,0.001953125,0.5890882620477209,64.0,0.5808881454602071,-0.0255852937698364,67424.078125
ppo,32,4,81920,-36.32328365193221,-3.649003703473333,2.710978895596413,0.4869384765625,0.00634765625,0.5834692847939085,64.0,0.5892403018268707,-0.0309974253177642,64855.0625
ppo,32,4,83968,-36.68161891948945,-3.738642290821269,2.6930102807284664,0.486328125,0.00439453125,0.5882674397976462,64.0,0.5804469586493503,-0.0336027741432189,69320.1015625
ppo,32,4,86016,-36.64980079038462,-3.714282102530367,2.711301449700807,0.4827880859375,0.00830078125,0.5881342622831116,64.0,0.5927403229911351,-0.0392002761363983,65535.4140625
ppo,32,4,88064,-36.76796668221242,-3.75195382167994,2.696268720729358,0.4866943359375,0.005859375,0.5895716582237944,64.0,0.6319628340960712,-0.0493257492780685,69021.453125
ppo,32,4,90112,-36.85561231953688,-3.7739412640929206,2.6864057803944106,0.484619140625,0.00537109375,0.5907441259900705,64.0,0.6426593957339813,-0.0657505765557289,68829.890625
ppo,32,4,92160,-37.148997607195234,-3.844745101857998,2.664562993097709,0.4859619140625,0.009765625,0.5947187947381649,64.0,0.6023669492257735,-0.0880337208509445,71456.78125
ppo,32,4,94208,-36.81956282394519,-3.7633862849949913,2.6869761222311843,0.484375,0.005859375,0.5902888667669678,64.0,0.5557856839206139,-0.1371778547763824,73280.171875
ppo,32,4,96256,-36.1406612639538,-3.61636063378902,2.7221996792829035,0.484130859375,0.00341796875,0.580791082681514,64.0,0.5485829594736348,-0.1378182768821716,72986.515625
ppo,32,4,98304,-37.02666063578506,-3.7181736491822974,2.779269823742764,0.480224609375,0.00439453125,0.5947944104750494,64.0,0.5944973423110601,-0.1372971087694168,78694.1796875
ppo,32,4,100000,-36.61053076887956,-3.690141055921193,2.734065186678502,0.4862912735849056,0.0047169811320754,0.5878641020171137,64.0,0.593399839472036,-0.1426753550767898,77297.9921875
ppo,32,5,2048,-4.478920119650319,-4.478920119650319,2.3946640944315325,0.4617919921875,0.001953125,0.6261499239543726,8.0,0.6325558224607652,-0.1670925617218017,2171.630859375
ppo,32,5,4096,-8.90659752755918,-4.410682083307297,2.4095570162167688,0.47021484375,0.0029296875,0.620206999422684,33.32810184867765,0.6305866711315956,-0.1570340991020202,10683.4833984375
ppo,32,5,6144,-24.7888705166944,-4.3308783350081415,2.43143771725169,0.463623046875,0.0009765625,0.6169361065443509,57.40852364688018,0.5678414793086543,-0.109836459159851,69071.734375
ppo,32,5,8192,-37.67429470405061,-4.450393253099478,2.39909811224054,0.4632568359375,0.0009765625,0.6236874575521235,64.0,0.5997068089448521,-0.0781737864017486,155551.25
ppo,32,5,10240,-38.90126535158795,-4.378581618123144,2.3973085261307183,0.469482421875,0.00390625,0.6164764952404429,64.0,0.5728121268605812,-0.0680470690131187,163763.25
ppo,32,5,12288,-39.21040241604217,-4.390987037595703,2.442288443504194,0.4713134765625,0.001953125,0.6217752746151154,64.0,0.6281153061926694,-0.0591136962175369,166327.6875
ppo,32,5,14336,-38.9155983447498,-4.396495173516089,2.3895254846085567,0.475341796875,0.00244140625,0.6164125566291734,64.0,0.5893090314621009,-0.0558384880423545,162539.03125
ppo,32,5,16384,-38.79641348571028,-4.335090479895959,2.412617082981937,0.467529296875,0.0029296875,0.6153807679609699,64.0,0.6085379894673986,-0.0494789779186248,159436.34375
ppo,32,5,18432,-38.70194712940199,-4.339734746284787,2.398650936246581,0.472900390625,0.00390625,0.6136109354128072,64.0,0.6219040152579224,-0.0417761281132698,158066.359375
ppo,32,5,20480,-38.935818710653294,-4.367833791018684,2.4195548678345453,0.4747314453125,0.00537109375,0.6172854449934754,64.0,0.648466791145272,-0.0396845117211341,158765.171875
ppo,32,5,22528,-38.58970749518062,-4.291759349300218,2.4134883442322934,0.4659423828125,0.001953125,0.6124633597478643,64.0,0.6761118847842047,-0.0355765148997306,153742.125
ppo,32,5,24576,-39.07357956772535,-4.3805457888439285,2.429895179624742,0.4693603515625,0.00244140625,0.6195184603371682,64.0,0.6321936866437242,-0.033358059823513,155420.71875
ppo,32,5,26624,-39.29496001740964,-4.394120468329652,2.4626531869915373,0.4713134765625,0.00390625,0.6232292776621425,64.0,0.6379385386247245,-0.0295569896697998,155738.859375
ppo,32,5,28672,-39.12559839751626,-4.385779805181203,2.4261377516259515,0.46923828125,0.001953125,0.6203539034345548,64.0,0.6009942069848977,-0.0299752205610275,153839.234375
ppo,32,5,30720,-38.95358704487781,-4.346415900055478,2.444567953801585,0.4713134765625,0.00244140625,0.6179851990146846,64.0,0.6480178143293207,-0.0267511457204818,149934.15625
ppo,32,5,32768,-38.48579638526807,-4.272157880913676,2.412197550069437,0.4654541015625,0.0029296875,0.6109578304348999,64.0,0.5664235465860533,-0.0255511701107025,141702.6875
ppo,32,5,34816,-39.35103338610504,-4.406739071484812,2.456386750393256,0.4674072265625,0.00146484375,0.6240052556182183,64.0,0.600784014918636,-0.0235099494457244,146636.25
ppo,32,5,36864,-39.27605599196458,-4.409684082040762,2.439070627684138,0.47119140625,0.001953125,0.6226137841057825,64.0,0.6672939719854882,-0.0221601352095603,142975.03125
ppo,32,5,38912,-38.9539627217303,-4.326038055335442,2.4470864903292773,0.4676513671875,0.001953125,0.6183557976141939,64.0,0.6157502554426371,-0.022069327533245,137460.3125
ppo,32,5,40960,-38.32370600187609,-4.18745878987101,2.4862286581709334,0.4659423828125,0.00390625,0.6095758430715192,64.0,0.657384499184482,-0.0203329473733901,130469.859375
ppo,32,5,43008,-39.01287057176298,-4.339451711217313,2.4591540886458163,0.4713134765625,0.001953125,0.6191681939383155,64.0,0.5993660876157657,-0.0206496864557266,133547.421875
ppo,32,5,45056,-38.22908062259663,-4.217921751522377,2.436804155972767,0.474853515625,0.00390625,0.6073421226977544,64.0,0.6281960266830579,-0.01925540715456,124023.1328125
ppo,32,5,47104,-38.07033459430016,-4.1601105104697815,2.4719289850195123,0.470703125,0.00634765625,0.6055397157826854,64.0,0.6187987941443502,-0.0191656798124313,118441.8515625
ppo,32,5,49152,-38.79213305507618,-4.266179491701521,2.49928932808506,0.4716796875,0.00341796875,0.6165348850602619,64.0,0.6472576801937429,-0.0179978236556053,121670.4609375
ppo,32,5,51200,-38.3397853362613,-4.200062481629308,2.480341165471016,0.4708251953125,0.00390625,0.6096379081184284,64.0,0.6218534078505854,-0.0192160904407501,113526.140625
ppo,32,5,53248,-38.03721908796552,-4.168442423161483,2.460697766737065,0.473876953125,0.001953125,0.6047995833000721,64.0,0.5467855076114968,-0.0182918086647987,108128.59375
ppo,32,5,55296,-38.81625084348005,-4.315522538136504,2.455471215443043,0.4774169921875,0.00244140625,0.6160844340239919,64.0,0.6099755289361268,-0.0180519446730613,109228.140625
ppo,32,5,57344,-38.293755444234144,-4.238910782571557,2.428012471271504,0.472412109375,0.00146484375,0.6081222261011177,64.0,0.619517675503481,-0.0174888148903846,101359.8515625
ppo,32,5,59392,-38.32447615535307,-4.22316563305608,2.441472721957584,0.4664306640625,0.0029296875,0.6089519736124462,64.0,0.7169268576313148,-0.0185061544179916,98892.59375
ppo,32,5,61440,-38.06800032299895,-4.149577431767222,2.488135361686956,0.4732666015625,0.0029296875,0.6056861230577093,64.0,0.6008767332506654,-0.017296478152275,94687.34375
ppo,32,5,63488,-38.672953628312825,-4.297499642769365,2.430245638982303,0.4727783203125,0.00341796875,0.6138473925989905,64.0,0.6047535595090298,-0.0177034139633178,94479.15625
ppo,32,5,65536,-38.74782872731205,-4.27816158532586,2.47146245066722,0.4759521484375,0.00146484375,0.6155297703926105,64.0,0.7114970408001857,-0.0187926590442657,92425.546875
ppo,32,5,67584,-38.129130552843066,-4.156924526262885,2.481098458163106,0.4686279296875,0.0029296875,0.6066465361889317,64.0,0.5905351828432427,-0.0195889696478843,84755.125
ppo,32,5,69632,-37.97769262321691,-4.192552797344465,2.422434139335496,0.481201171875,0.00439453125,0.6033060683191508,64.0,0.5658916224781492,-0.019005037844181,81643.1640625
ppo,32,5,71680,-38.01937131554264,-4.134390724502024,2.4879407559760853,0.4700927734375,0.00439453125,0.6050889391257253,64.0,0.6136773359102283,-0.0201389044523239,79189.171875
ppo,32,5,73728,-38.27357701035889,-4.1903745833604695,2.480377485508233,0.47119140625,0.00341796875,0.6086286147678289,64.0,0.6152969626478118,-0.0215970054268836,78667.1796875
ppo,32,5,75776,-38.53697172834538,-4.240326169982454,2.490148522095875,0.4791259765625,0.0048828125,0.6124400992564809,64.0,0.6282587658350895,-0.0223833620548248,77667.453125
ppo,32,5,77824,-38.56818160894246,-4.24921789139583,2.4727078851095823,0.4669189453125,0.00146484375,0.6128386378133326,64.0,0.6238114235175729,-0.0239412859082222,74917.9296875
ppo,32,5,79872,-38.23768061029874,-4.201738304153086,2.4631659583608974,0.473876953125,0.0029296875,0.6077846840383152,64.0,0.5477440638542178,-0.0280883908271789,73451.859375
ppo,32,5,81920,-37.6225554455257,-4.092594647494119,2.4576777330433366,0.473388671875,0.005859375,0.5987492999648496,64.0,0.5772532720272364,-0.0339944958686828,70036.7890625
ppo,32,5,83968,-38.479724534765694,-4.230540392455806,2.4822006951621214,0.472900390625,0.0029296875,0.6115925739698195,64.0,0.6838177208785722,-0.0345492213964462,73482.109375
ppo,32,5,86016,-38.259833566073546,-4.179178077233994,2.481901430888821,0.46826171875,0.00341796875,0.6085831337292777,64.0,0.603402231237421,-0.043457917869091,73013.703125
ppo,32,5,88064,-38.53863049649392,-4.179669831461249,2.550340711809607,0.47314453125,0.00146484375,0.6135528690184406,64.0,0.611856778346543,-0.0536901131272316,76030.703125
ppo,32,5,90112,-38.25497431967155,-4.166230979216317,2.5127183939693447,0.4764404296875,0.0048828125,0.6087275596509863,64.0,0.6463458045058557,-0.0776051729917526,75430.4375
ppo,32,5,92160,-37.06278195220148,-3.983518578442357,2.477701349483303,0.4766845703125,0.00244140625,0.5907011316742701,64.0,0.6266158823059047,-0.1318186521530151,72722.328125
ppo,32,5,94208,-37.69757778117172,-4.091383648346028,2.4833564370884584,0.4788818359375,0.00439453125,0.6001106095147444,64.0,0.6186017155291735,-0.1351498365402221,77537.703125
ppo,32,5,96256,-37.85910246939884,-4.12621948746641,2.4707474655843487,0.4794921875,0.00634765625,0.6023729103916506,64.0,0.6610539716868759,-0.140162318944931,80439.875
ppo,32,5,98304,-37.673423964104366,-4.091511294545695,2.4863038651939706,0.4844970703125,0.00390625,0.5996770119564048,64.0,0.5729447945922255,-0.1337457746267318,81910.625
ppo,32,5,100000,-37.77905975413052,-4.071506484888574,2.514714109961264,0.4764150943396226,0.0053066037735849,0.6019205940936062,64.0,0.6113812934991101,-0.1451342701911926,82137.2265625
ppo,32,6,2048,-4.32021303231339,-4.32021303231339,2.46436450162522,0.467529296875,0.00390625,0.6178617122658938,8.0,0.633211716659557,-0.1654728502035141,2035.786376953125
ppo,32,6,4096,-8.578227469308207,-4.288133162416897,2.485819981274721,0.4815673828125,0.00439453125,0.6151063362436757,32.59379136952137,0.5749903997796061,-0.1640911847352981,9827.408203125
ppo,32,6,6144,-24.33136577897533,-4.188437549854765,2.5197949441730554,0.4705810546875,0.00439453125,0.6128285726899314,57.43816645613175,0.636165742757108,-0.1095959767699241,67015.875
ppo,32,6,8192,-37.077743979751176,-4.260835461385448,2.511858592287359,0.473876953125,0.0029296875,0.6165261596291791,64.0,0.61549486199051,-0.0781067609786987,148666.578125
ppo,32,6,10240,-38.80659985790573,-4.26499157682515,2.5026024915991663,0.4688720703125,0.0078125,0.6168144335907245,64.0,0.5914774018494007,-0.0689295530319213,162531.453125
ppo,32,6,12288,-38.42582504225674,-4.163584003819674,2.5341943907592017,0.469970703125,0.0048828125,0.6118257328292334,64.0,0.6243662452884795,-0.0603515803813934,158055.1875
ppo,32,6,14336,-39.08268299471816,-4.287101584296239,2.5376544324401733,0.4735107421875,0.0048828125,0.6213496680432485,64.0,0.6097980373310906,-0.054178699851036,164162.640625
ppo,32,6,16384,-38.36861108850844,-4.123074504492459,2.5800391356160755,0.4739990234375,0.00390625,0.6115274390002853,64.0,0.6054021008921556,-0.0459591001272201,156967.9375
ppo,32,6,18432,-38.15943252030377,-4.180924501481741,2.473576815697088,0.4736328125,0.00341796875,0.606759071764679,64.0,0.6163070837962267,-0.0443469732999801,151978.0625
ppo,32,6,20480,-38.1790076914662,-4.14104569453824,2.517160279101853,0.4730224609375,0.00537109375,0.607820749945142,64.0,0.6024467092460534,-0.0412362366914749,151913.421875
ppo,32,6,22528,-38.25868575588213,-4.1439948527159824,2.543850479656434,0.4774169921875,0.0029296875,0.6091909089851099,64.0,0.6486512637834685,-0.0358376055955886,149603.0
ppo,32,6,24576,-37.9277914955599,-4.085125406802719,2.523598378290373,0.4708251953125,0.0029296875,0.604333323013521,64.0,0.6214092124163029,-0.033556118607521,145741.21875
ppo,32,6,26624,-38.17264632980319,-4.16795596890716,2.4942460751591917,0.4765625,0.005859375,0.607226613587429,64.0,0.6113211668737788,-0.0304573029279708,147868.375
ppo,32,6,28672,-37.89179545895118,-4.048591063107865,2.558654309494868,0.4710693359375,0.00341796875,0.6043429356400591,64.0,0.639719078691975,-0.0289505794644355,142775.0
ppo,32,6,30720,-37.7034425304766,-4.038044388427376,2.530644326193743,0.471923828125,0.00439453125,0.6011678239651647,64.0,0.5740041892881189,-0.0274568200111389,138685.859375
ppo,32,6,32768,-38.30483682362188,-4.13535625273598,2.5493786950846014,0.4677734375,0.00341796875,0.6101692959086769,64.0,0.5836147037334434,-0.0254881680011749,140987.0
ppo,32,6,34816,-38.25930865379455,-4.1335463372929375,2.5433625433393683,0.4761962890625,0.00439453125,0.6093886127946717,64.0,0.6368793217852413,-0.0232632085680961,137633.03125
ppo,32,6,36864,-37.92761275143594,-4.074786448209265,2.5474566818745066,0.4713134765625,0.00390625,0.6045147554147622,64.0,0.5897385418996894,-0.0240576788783073,132715.15625
ppo,32,6,38912,-38.314924235846846,-4.144183990434375,2.549950506319606,0.476806640625,0.00341796875,0.6101917900966514,64.0,0.6774615204464299,-0.0223111063241958,132921.65625
ppo,32,6,40960,-38.21264418884572,-4.117833518612471,2.553668930716599,0.474365234375,0.00439453125,0.6088359048255937,64.0,0.6304695481439543,-0.0223948955535888,129469.6875
ppo,32,6,43008,-37.8892480466325,-4.05619746556546,2.5658166564327978,0.4805908203125,0.00634765625,0.6041616175190543,64.0,0.591571379128699,-0.0202926471829414,123665.125
ppo,32,6,45056,-38.44420165509112,-4.170773419894229,2.557178709540727,0.4765625,0.00146484375,0.6120255041999445,64.0,0.5856617204048761,-0.0200674533843994,122669.921875
ppo,32,6,47104,-37.49583258803192,-3.9434463010985152,2.603802067415394,0.47265625,0.0048828125,0.5991497551238107,64.0,0.6032428104104297,-0.018917754292488,116070.71875
ppo,32,6,49152,-38.33266527486394,-4.122887101852904,2.5758108539999367,0.474365234375,0.00439453125,0.6108888959466257,64.0,0.6355721218448229,-0.0184291824698448,115572.890625
ppo,32,6,51200,-37.44390715891078,-3.9639030375651,2.57854822092445,0.4765625,0.00537109375,0.5978572164526015,64.0,0.6463853646486423,-0.0183021053671836,106929.25
ppo,32,6,53248,-38.11256659806613,-4.06082509601746,2.6063963783146544,0.4720458984375,0.00341796875,0.6080668125365832,64.0,0.5806870517752941,-0.0183217227458953,108836.484375
ppo,32,6,55296,-38.02894804988506,-4.111460319820711,2.522117098528332,0.4798583984375,0.00390625,0.6056694237511492,64.0,0.5936782661371534,-0.0181024596095085,103584.1171875
ppo,32,6,57344,-38.44335752694349,-4.104331609282624,2.621090142949308,0.4730224609375,0.005859375,0.6131968913868011,64.0,0.590896584623716,-0.0184091627597808,102679.734375
ppo,32,6,59392,-37.83098051129066,-4.054632992124542,2.545791032071443,0.47021484375,0.001953125,0.6031490628422522,64.0,0.5852182134852788,-0.0181730911135673,95582.703125
ppo,32,6,61440,-37.6430556434657,-4.042843998962769,2.5299829522193797,0.4798583984375,0.0048828125,0.6000037793661237,64.0,0.621962490189076,-0.0181504487991333,90933.203125
ppo,32,6,63488,-38.50304949486681,-4.170761295944395,2.555038432202735,0.4742431640625,0.00244140625,0.6130765749807574,64.0,0.642784521339421,-0.019035056233406,93291.234375
ppo,32,6,65536,-37.73192992617969,-4.027830677928992,2.566877697844516,0.4793701171875,0.0048828125,0.6018589151473339,64.0,0.5777784260321194,-0.0193352997303009,85292.109375
ppo,32,6,67584,-37.75635904455981,-4.02264258479025,2.5713132677392685,0.47900390625,0.0048828125,0.6023877939244564,64.0,0.6289301040312741,-0.0204472169280052,82513.921875
ppo,32,6,69632,-37.70304925990931,-4.00398040920392,2.5832798022454035,0.47607421875,0.00439453125,0.6017690866197392,64.0,0.607518504550538,-0.0190517529845237,79700.921875
ppo,32,6,71680,-37.922471764279805,-4.02246129272284,2.59295084637178,0.47216796875,0.001953125,0.6053573298492316,64.0,0.6117521917840218,-0.0213819742202758,77996.515625
ppo,32,6,73728,-38.098659343136,-4.07299774823335,2.5915082052420204,0.474365234375,0.005859375,0.6076010999089758,64.0,0.6513904631380589,-0.0221557095646858,77674.5625
ppo,32,6,75776,-37.473740952083446,-4.006982992583388,2.528674474666264,0.4793701171875,0.00390625,0.5976206778482154,64.0,0.6567603180674912,-0.0251258537173271,73015.921875
ppo,32,6,77824,-37.5924561749737,-3.9852401428947934,2.590317983750725,0.4774169921875,0.00341796875,0.6001288577156948,64.0,0.6325273831721475,-0.027804359793663,72601.96875
ppo,32,6,79872,-37.927230149585895,-4.025126703594605,2.61812205492068,0.4815673828125,0.00439453125,0.6053947043927017,64.0,0.6396166184300625,-0.0285280495882034,71143.125
ppo,32,6,81920,-38.08103834616611,-4.077995807360916,2.58223347287543,0.480712890625,0.0048828125,0.6071971881929499,64.0,0.5777273732323698,-0.0323442742228508,71857.265625
ppo,32,6,83968,-37.53549827783373,-3.952558655031404,2.6092056785584767,0.4775390625,0.0048828125,0.5996953504071844,64.0,0.6391976062230488,-0.043527066707611,71229.296875
ppo,32,6,86016,-38.28580360388789,-4.094653177295356,2.6013261318984107,0.47607421875,0.00390625,0.6105562576177239,64.0,0.6633411379209917,-0.0483441799879074,72736.6484375
ppo,32,6,88064,-37.26851076444876,-3.915145435517056,2.605552799832296,0.48486328125,0.00537109375,0.595595809445209,64.0,0.6112817280786522,-0.0696791931986808,70399.53125
ppo,32,6,90112,-37.465791562460254,-3.939066408051214,2.618692572516286,0.48388671875,0.00390625,0.5986915206144471,64.0,0.5874921326842845,-0.0958183854818344,74306.40625
ppo,32,6,92160,-36.74586554176157,-3.839347148908635,2.5809739500606,0.482421875,0.00732421875,0.5876163998723738,64.0,0.5273210635920597,-0.1418921202421188,72551.5
ppo,32,6,94208,-37.53718019185239,-3.948454582764544,2.624462569510668,0.4840087890625,0.00537109375,0.5997986715908542,64.0,0.624568337895044,-0.1416197419166565,78660.234375
ppo,32,6,96256,-36.71266084253515,-3.8081681958936593,2.607206165128701,0.483642578125,0.00390625,0.5875802258328838,64.0,0.5575158265273332,-0.1239495724439621,80925.0625
ppo,32,6,98304,-37.54944130895824,-3.887102050319609,2.6956197787149927,0.4813232421875,0.005859375,0.6011132010471183,64.0,0.6193227993477736,-0.1345344483852386,79593.828125
ppo,32,6,100000,-37.06087505005106,-3.807132254514205,2.68587043088937,0.4802476415094339,0.0058962264150943,0.5938168356345868,64.0,0.6320105102176132,-0.1462975442409515,76046.46875
ppo,32,7,2048,-4.495449898812087,-4.495449898812087,2.384632527330074,0.462890625,0.00146484375,0.6269492830555208,8.0,0.590025604749312,-0.166843295097351,2234.0478515625
ppo,32,7,4096,-8.790447311473034,-4.467203932008857,2.357196256239652,0.4671630859375,0.00146484375,0.6209901949370151,32.88473343769182,0.6628176098723677,-0.1600781679153442,10336.849609375
ppo,32,7,6144,-24.80496319614976,-4.483293158118562,2.375867378951451,0.4664306640625,0.00341796875,0.6238838762697818,57.2377175997848,0.6100528836530924,-0.1132971569895744,69697.6875
ppo,32,7,8192,-37.54856076209523,-4.449596059507073,2.3857843669104475,0.4609375,0.0029296875,0.6223226890456189,64.0,0.6083321302264364,-0.0829457342624664,153279.703125
ppo,32,7,10240,-39.36699367478226,-4.502489450784706,2.346451094123235,0.4677734375,0.001953125,0.6225804325713848,64.0,0.5690077585652912,-0.0759801715612411,166779.625
ppo,32,7,12288,-39.15811232306454,-4.431089700044634,2.391198216118869,0.4678955078125,0.00048828125,0.6201254039824984,64.0,0.5986030662776743,-0.0617792829871177,166539.40625
ppo,32,7,14336,-38.74666738104327,-4.339332001907162,2.3963156073313474,0.4681396484375,0.00390625,0.614416703198859,64.0,0.6202093274746255,-0.0585515722632408,161410.125
ppo,32,7,16384,-39.63803585199956,-4.505514610442728,2.389001501367567,0.464599609375,0.001953125,0.6273664507420862,64.0,0.6377681043542618,-0.050458088517189,167990.65625
ppo,32,7,18432,-38.959877352901024,-4.355729382860716,2.434677466991536,0.4691162109375,0.00341796875,0.6179312137507198,64.0,0.5999550471768956,-0.0486419051885604,161093.03125
ppo,32,7,20480,-39.01248551990055,-4.393402564053197,2.3930750945078247,0.468994140625,0.00244140625,0.6181979099258456,64.0,0.5502538609790553,-0.0425935983657836,160799.78125
ppo,32,7,22528,-38.62296254024478,-4.26006447677156,2.4600841063664225,0.4639892578125,0.00439453125,0.6136231797048788,64.0,0.5952843171629104,-0.0397674143314361,156394.78125
ppo,32,7,24576,-39.5338246737619,-4.4407299425621165,2.431628171729556,0.46435546875,0.001953125,0.6266624059142818,64.0,0.6065489616360571,-0.0363586544990539,161712.78125
ppo,32,7,26624,-38.53660619227332,-4.294781137198759,2.409126829563193,0.464599609375,0.0029296875,0.61146116169776,64.0,0.5759991272788471,-0.0349290370941162,151633.15625
ppo,32,7,28672,-39.05883780025628,-4.377877548040009,2.4207514346695644,0.463623046875,0.00244140625,0.6193028616467191,64.0,0.6376413789005485,-0.0302475318312644,152856.90625
ppo,32,7,30720,-39.16650999665847,-4.387052410458811,2.445398441519392,0.47216796875,0.001953125,0.6210617426107081,64.0,0.6601938042355849,-0.0294869244098663,151706.1875
ppo,32,7,32768,-38.77742637607725,-4.337744991657182,2.417356917095157,0.4713134765625,0.00146484375,0.6149943104360727,64.0,0.5903651194740565,-0.0265314131975173,146750.65625
ppo,32,7,34816,-38.69944137193038,-4.2999245021715495,2.445366870614059,0.4705810546875,0.001953125,0.614277086959979,64.0,0.5697108485540561,-0.0268576890230178,144788.0625
ppo,32,7,36864,-39.468982541702026,-4.456268544702919,2.413977010161185,0.467529296875,0.00244140625,0.6252270356606983,64.0,0.6670846928570909,-0.0239710733294487,146688.625
ppo,32,7,38912,-38.89977037618537,-4.318806448889465,2.465971867456957,0.47216796875,0.00439453125,0.6175172129874269,64.0,0.6637132530267258,-0.02328572422266,140469.953125
ppo,32,7,40960,-38.66055919484155,-4.324641765161678,2.4079477717880464,0.4736328125,0.00439453125,0.6131413826728548,64.0,0.5654638133786143,-0.0218178480863571,136327.703125
ppo,32,7,43008,-39.06437000533457,-4.389927863380846,2.4079504336465662,0.469482421875,0.0029296875,0.6191864668206022,64.0,0.6174692291787776,-0.021063357591629,135213.578125
ppo,32,7,45056,-38.88773469542578,-4.316366420328497,2.459594585782552,0.471435546875,0.00341796875,0.6173458620553086,64.0,0.6096795638154942,-0.0205000564455986,131111.96875
ppo,32,7,47104,-38.55222935026358,-4.222225286428051,2.4926252874848176,0.4715576171875,0.00341796875,0.6130357868542058,64.0,0.6579585686297715,-0.0212800651788711,125508.84375
ppo,32,7,49152,-38.99732573023668,-4.343144945373889,2.465251999717628,0.470947265625,0.001953125,0.6188246568725498,64.0,0.590897101330603,-0.02078677713871,124839.6328125
ppo,32,7,51200,-38.79318360977885,-4.3114800948261545,2.438272057787842,0.46923828125,0.001953125,0.6157447056241552,64.0,0.5804833636899356,-0.0203580111265182,119399.953125
ppo,32,7,53248,-38.84025831656693,-4.323614515890757,2.445372971685969,0.4693603515625,0.00634765625,0.6163686392977887,64.0,0.6369446705278491,-0.017199620604515,115614.5390625
ppo,32,7,55296,-38.49287634185531,-4.244734414492253,2.4573955542675963,0.470703125,0.001953125,0.611573962988626,64.0,0.6442095994665613,-0.0190338119864463,111353.0234375
ppo,32,7,57344,-38.11058116462302,-4.197799802791513,2.440290201384495,0.479248046875,0.00537109375,0.6055853814612768,64.0,0.6560328158823587,-0.0187611728906631,105210.0703125
ppo,32,7,59392,-38.52749314726357,-4.233933186138541,2.4806252805888263,0.4713134765625,0.00390625,0.612384999305804,64.0,0.5389708189886864,-0.0181949064135551,103660.78125
ppo,32,7,61440,-38.52788747017742,-4.280210349625738,2.431475051360533,0.47412109375,0.00146484375,0.6115656628669943,64.0,0.6637688328265359,-0.0199861526489257,100928.3515625
ppo,32,7,63488,-38.7274310593529,-4.245870369998778,2.505770509087581,0.470703125,0.00341796875,0.615742155167038,64.0,0.652201051841302,-0.0188416689634323,99346.5546875
ppo,32,7,65536,-38.23726323617427,-4.210004712625958,2.4541197108685915,0.47412109375,0.00439453125,0.6076296164919341,64.0,0.5784047780797783,-0.0189275220036506,92382.6171875
ppo,32,7,67584,-38.73704006053968,-4.285526133581032,2.471137896490995,0.4703369140625,0.0029296875,0.6152056058385473,64.0,0.6615969896724715,-0.019754335284233,92533.84375
ppo,32,7,69632,-38.23977253750235,-4.183949195945714,2.480793325329255,0.4718017578125,0.00146484375,0.608139702527797,64.0,0.5367270874616356,-0.0198727846145629,84292.765625
ppo,32,7,71680,-38.846933311488456,-4.310816490525197,2.462522381966171,0.472900390625,0.00341796875,0.6167163718029153,64.0,0.624618321588405,-0.0190427303314209,87719.515625
ppo,32,7,73728,-38.07518200404861,-4.135995404467469,2.50304862859938,0.473876953125,0.0029296875,0.6060569035639489,64.0,0.6346562395528206,-0.0208385661244392,79898.265625
ppo,32,7,75776,-38.06641456553551,-4.152711640360588,2.484284124439571,0.470458984375,0.00244140625,0.6056018379495522,64.0,0.6597144027093074,-0.0237504243850708,76975.59375
ppo,32,7,77824,-38.70321031344285,-4.237944997186456,2.498893108283191,0.467529296875,0.00390625,0.6154511663617213,64.0,0.6073394597457851,-0.0234678909182548,80430.8125
ppo,32,7,79872,-38.25128329716868,-4.172452107348603,2.489098644439365,0.4688720703125,0.00390625,0.608550556961073,64.0,0.576141932749852,-0.0267444923520088,75397.4296875
ppo,32,7,81920,-38.09859427995928,-4.136926495382169,2.5095999336206694,0.470703125,0.0029296875,0.6064583532960199,64.0,0.5951685625371544,-0.031422346830368,73454.953125
ppo,32,7,83968,-38.32327706858287,-4.227591534891338,2.4554562393145165,0.476318359375,0.0029296875,0.6088515273873488,64.0,0.5741633975476037,-0.0303997993469238,72087.515625
ppo,32,7,86016,-38.35923546819737,-4.220885391739301,2.461239814796015,0.4722900390625,0.00390625,0.6096133942224655,64.0,0.6317103072209248,-0.0351457893848419,74658.734375
ppo,32,7,88064,-38.50788054883297,-4.19478570795875,2.511082311997938,0.4698486328125,0.0029296875,0.6127338364441826,64.0,0.6727864311113072,-0.0415754839777946,72697.6015625
ppo,32,7,90112,-38.50402038993606,-4.253811526362789,2.4464754109173086,0.4659423828125,0.00244140625,0.6116108725638083,64.0,0.5508586561225808,-0.0520444363355636,75922.109375
ppo,32,7,92160,-38.25690432940876,-4.153077047548511,2.51275884498553,0.4688720703125,0.00439453125,0.6089969157475046,64.0,0.6132879477012401,-0.068279892206192,74344.9375
ppo,32,7,94208,-37.760184800599646,-4.050565787867223,2.540682388134119,0.4755859375,0.0048828125,0.6019574823702218,64.0,0.6136155524233993,-0.1178357824683189,75255.09375
ppo,32,7,96256,-37.73855900188295,-4.093002245445015,2.483468095620293,0.478759765625,0.00537109375,0.6008135135078203,64.0,0.5962944039852377,-0.1418879628181457,77109.0
ppo,32,7,98304,-37.62642360009852,-4.053975625691527,2.5094405070994403,0.477294921875,0.00390625,0.599507999542982,64.0,0.6193816607353148,-0.1374601423740387,80391.84375
ppo,32,7,100000,-38.410985209083016,-4.146336322853008,2.560365912928823,0.4781839622641509,0.0053066037735849,0.6118687301112501,64.0,0.6400038903803592,-0.140019491314888,82986.9453125
ppo,64,0,2048,-4.498147563039064,-4.498147563039064,2.3793016328722567,0.4642333984375,0.00439453125,0.6259976942796832,8.0,0.5994702224363576,-0.1673966646194458,2200.01708984375
ppo,64,0,4096,-9.075076127384392,-4.500788443014345,2.3832957837137334,0.4713134765625,0.00244140625,0.6251398879161374,32.29813239816261,0.5825502041281249,-0.1687421053647995,11115.025390625
ppo,64,0,6144,-24.252733080803992,-4.4940833633040205,2.3845136292543443,0.46533203125,0.0029296875,0.625325525972752,57.59163864640154,0.624752976582245,-0.1492760479450225,66972.0078125
ppo,64,0,8192,-37.65776568889257,-4.472973096361206,2.384270172504091,0.4635009765625,0.00341796875,0.622864577640696,64.0,0.6078942712217099,-0.1418814063072204,153464.03125
ppo,64,0,10240,-39.598962764866805,-4.455177609797789,2.434122611172397,0.4591064453125,0.0029296875,0.6275675920548037,64.0,0.6479713499259205,-0.1284361183643341,171159.0
ppo,64,0,12288,-39.46005788993743,-4.47966602420205,2.3931757875455952,0.4661865234375,0.00146484375,0.6246498547452747,64.0,0.6127571829276972,-0.122441679239273,167601.0625
ppo,64,0,14336,-39.14348741903572,-4.402681503931134,2.402033163424555,0.4620361328125,0.00244140625,0.6203715341982962,64.0,0.5465656547064874,-0.1156486272811889,162323.875
ppo,64,0,16384,-39.604173567240096,-4.45008839645403,2.4318860960247566,0.457275390625,0.001953125,0.627751520906894,64.0,0.639091754215482,-0.1067254543304443,166796.703125
ppo,64,0,18432,-39.78723795018006,-4.485761858406933,2.44266066888369,0.4652099609375,0.00341796875,0.6303835016388057,64.0,0.6872608476380578,-0.0978839546442031,166729.78125
ppo,64,0,20480,-39.42735173050074,-4.41349883200599,2.452413407939914,0.4620361328125,0.00146484375,0.6252473731874062,64.0,0.6303179116820291,-0.093979112803936,161891.796875
ppo,64,0,22528,-39.179675645221366,-4.379892882964447,2.452106721003762,0.4696044921875,0.00390625,0.6214246921831592,64.0,0.609976325031258,-0.0882763713598251,158776.703125
ppo,64,0,24576,-39.55963248850605,-4.454633976795396,2.449525953095736,0.469482421875,0.00439453125,0.6268749734234045,64.0,0.6090703640201185,-0.0833206176757812,159953.546875
ppo,64,0,26624,-38.41346134443505,-4.194093784226655,2.4909935906936864,0.4635009765625,0.001953125,0.6110601350037212,64.0,0.6021716046996033,-0.0797680616378784,149483.796875
ppo,64,0,28672,-39.162080321222646,-4.332979079270844,2.498397953117555,0.466552734375,0.00439453125,0.621948236463425,64.0,0.6043816784949669,-0.0729847699403762,151687.78125
ppo,64,0,30720,-39.325771521760615,-4.3528116617643295,2.503673642462521,0.4619140625,0.00146484375,0.6245171403570764,64.0,0.6105652722441235,-0.0705031678080558,150779.25
ppo,64,0,32768,-39.18695330582864,-4.358039003132278,2.4730289007773787,0.4661865234375,0.00390625,0.6219448982624349,64.0,0.5960266548225088,-0.065932497382164,147255.1875
ppo,64,0,34816,-38.68869335952577,-4.285754913938146,2.4516473010661417,0.468505859375,0.005859375,0.6143381865283505,64.0,0.664121175209954,-0.0634193569421768,140631.8125
ppo,64,0,36864,-38.52290374808617,-4.263243709002296,2.444772719212299,0.46728515625,0.0029296875,0.6117796435550693,64.0,0.610428786848825,-0.0607601627707481,136396.6875
ppo,64,0,38912,-39.80424664562405,-4.47033110868418,2.469677406980481,0.4656982421875,0.00390625,0.6309627774453548,64.0,0.6166301252641553,-0.0570399463176727,144791.8125
ppo,64,0,40960,-39.239322365719495,-4.379169481306288,2.469430115736702,0.472412109375,0.00390625,0.6225027300788073,64.0,0.6357890468662794,-0.0534034818410873,135769.0625
ppo,64,0,43008,-39.15212957163543,-4.375161677793596,2.442330406867189,0.4658203125,0.001953125,0.6210172838186041,64.0,0.5737296927922129,-0.0543144643306732,134286.09375
ppo,64,0,45056,-38.87201400723171,-4.302615152950094,2.4767304399830445,0.47314453125,0.00146484375,0.6173106938264574,64.0,0.5709583040558714,-0.0520139932632446,124558.6875
ppo,64,0,47104,-38.82782945973104,-4.295877859790624,2.4702502738513887,0.4677734375,0.00244140625,0.6166419928560789,64.0,0.6291878073172689,-0.0522325932979583,122882.625
ppo,64,0,49152,-39.00266099363398,-4.352544177631799,2.443557397643694,0.4697265625,0.00390625,0.6187520860000388,64.0,0.6400471665978748,-0.0498918294906616,120348.6328125
ppo,64,0,51200,-38.71507532043218,-4.339185603299098,2.394155178705733,0.4710693359375,0.00390625,0.6138551735202336,64.0,0.5941910579828028,-0.0469107180833816,115801.875
ppo,64,0,53248,-38.9146338412729,-4.290493707194642,2.4881847350577706,0.461181640625,0.001953125,0.6182882166799689,64.0,0.6337388580052095,-0.050005093216896,111237.90625
ppo,64,0,55296,-38.87932309872038,-4.3038061553734615,2.4658199438778805,0.4658203125,0.0029296875,0.6174199454169093,64.0,0.6016684637497937,-0.0488964542746543,110425.40625
ppo,64,0,57344,-38.51389829193446,-4.247141087700514,2.4616491832933054,0.469970703125,0.00341796875,0.6119063786470348,64.0,0.5585711897463836,-0.0487712025642395,101919.3828125
ppo,64,0,59392,-39.25648952240634,-4.392724752186828,2.448192884619908,0.466796875,0.00439453125,0.6225672280396342,64.0,0.5920711228827,-0.0493930056691169,104085.3125
ppo,64,0,61440,-38.41990916039821,-4.254776049148527,2.444654933060451,0.4744873046875,0.005859375,0.6100916627008872,64.0,0.5988227231539207,-0.0500608086585998,97760.765625
ppo,64,0,63488,-38.8011967498488,-4.278107356717733,2.484269024357931,0.47216796875,0.001953125,0.6164837391630547,64.0,0.636468921466677,-0.0506229326128959,97944.53125
ppo,64,0,65536,-39.18255578861904,-4.381814783673992,2.442329738652064,0.468017578125,0.00244140625,0.6214418036597331,64.0,0.6395458273194862,-0.0504099205136299,94644.3515625
ppo,64,0,67584,-38.90892152702872,-4.269849010485923,2.520974191655515,0.47021484375,0.00341796875,0.6185548663668359,64.0,0.5736740665746184,-0.0521240010857582,89687.3671875
ppo,64,0,69632,-38.8227803585747,-4.318611495245576,2.444833676337592,0.4686279296875,0.00244140625,0.6161458725594486,64.0,0.5696387303693466,-0.0553160905838012,86783.296875
ppo,64,0,71680,-38.90530276697518,-4.309706316458028,2.4721460740910715,0.4720458984375,0.00341796875,0.6177785080449493,64.0,0.600110229899028,-0.0540810078382492,83115.578125
ppo,64,0,73728,-39.10569956521271,-4.343073000380176,2.488483352642474,0.4722900390625,0.0048828125,0.6207611886577239,64.0,0.6425760096435251,-0.0580321848392486,82543.15625
ppo,64,0,75776,-38.90306371665311,-4.328456685743392,2.465375956864367,0.470703125,0.001953125,0.6174036969805307,64.0,0.6099647162545566,-0.0628382191061973,80252.15625
ppo,64,0,77824,-38.78959181008426,-4.273666823574653,2.505820872545122,0.47216796875,0.00537109375,0.6163558033305288,64.0,0.6564446716107574,-0.0700738802552223,80210.328125
ppo,64,0,79872,-39.65387674938791,-4.425065026551154,2.491202964542574,0.46630859375,0.00244140625,0.6290859236220849,64.0,0.5796466029343825,-0.0709393247961998,80422.5078125
ppo,64,0,81920,-38.82704665629518,-4.276924488554453,2.495894080123609,0.4720458984375,0.00439453125,0.6169664672810845,64.0,0.5988909038767859,-0.0805950611829757,76607.53125
ppo,64,0,83968,-38.86978621601348,-4.272760678242923,2.512204821665387,0.468505859375,0.005859375,0.6178040274601886,64.0,0.6716532377629074,-0.0920608416199684,75907.921875
ppo,64,0,86016,-38.75154169004932,-4.224018208013604,2.5250412537990394,0.4671630859375,0.00537109375,0.6165629193220664,64.0,0.6199859024654522,-0.1046906560659408,76039.96875
ppo,64,0,88064,-38.35881259148989,-4.195576840084067,2.484448106519865,0.468505859375,0.0029296875,0.6100577812751042,64.0,0.6346615016560504,-0.1221837550401687,73273.296875
ppo,64,0,90112,-38.71495464025305,-4.284824431944807,2.478105132221678,0.4708251953125,0.0029296875,0.61482375371979,64.0,0.628068109413143,-0.1409801542758941,75381.84375
ppo,64,0,92160,-38.11728215552564,-4.152582780993831,2.487189914783741,0.468505859375,0.0029296875,0.6065124888309251,64.0,0.6083410583287914,-0.1610471904277801,74240.84375
ppo,64,0,94208,-38.617924031354974,-4.239937721770465,2.493030530431138,0.470458984375,0.00439453125,0.6138926126711519,64.0,0.6684747927624681,-0.1611194759607315,78753.3046875
ppo,64,0,96256,-38.42493723261143,-4.189249284327684,2.5090269837113763,0.4705810546875,0.00537109375,0.6113515705050668,64.0,0.6377271487984012,-0.1618715822696685,82247.40625
ppo,64,0,98304,-38.57077844223677,-4.199310986001489,2.5356146034454485,0.4742431640625,0.00537109375,0.6137762045756301,64.0,0.5898513336081963,-0.1625178009271621,80975.578125
ppo,64,0,100000,-38.45103821759808,-4.226689872650619,2.4814930215180704,0.4721403301886792,0.004127358490566,0.6111490775883476,64.0,0.651068634807468,-0.1608423739671707,83850.375
ppo,64,1,2048,-4.53133374781005,-4.53133374781005,2.367770978119077,0.4637451171875,0.00244140625,0.6279448155211982,8.0,0.5830946281725115,-0.1663451939821243,2208.66796875
ppo,64,1,4096,-9.154410025477096,-4.402505622241588,2.3936849024706883,0.4664306640625,0.00048828125,0.6192476569134181,35.209776913481384,0.5731454461867092,-0.1678627580404281,11644.193359375
ppo,64,1,6144,-25.85445975497969,-4.364977287609342,2.45184306573738,0.4642333984375,0.00146484375,0.6212794536191695,58.90160469606052,0.6034481739439612,-0.1526795625686645,75205.265625
ppo,64,1,8192,-37.25541614430145,-4.270904488996166,2.447300232873787,0.47265625,0.00341796875,0.6125434242953707,64.0,0.6310558629980755,-0.1451745778322219,150735.203125
ppo,64,1,10240,-38.7059023742479,-4.352333039408601,2.385898701512537,0.472900390625,0.00390625,0.6134565952649875,64.0,0.5710406695616274,-0.1337472796440124,161005.59375
ppo,64,1,12288,-39.19500238910605,-4.418527943354396,2.4065887953072886,0.466552734375,0.005859375,0.6210084722455651,64.0,0.6423985839326949,-0.1271067708730697,166805.96875
ppo,64,1,14336,-38.13942885909499,-4.226376099489064,2.410184799766624,0.4697265625,0.0048828125,0.6055902278501057,64.0,0.5815767389866355,-0.1206515058875083,156871.640625
ppo,64,1,16384,-39.34459249246141,-4.417054759613842,2.436400792732975,0.4676513671875,0.00244140625,0.6237060309437066,64.0,0.6007354284757238,-0.1108113303780555,164647.03125
ppo,64,1,18432,-39.33447931164028,-4.422136438988894,2.428644394607785,0.4661865234375,0.001953125,0.623434694154489,64.0,0.6513761494432379,-0.1068147718906402,162375.609375
ppo,64,1,20480,-38.95770612189201,-4.390899634332971,2.400150502335693,0.47216796875,0.00390625,0.6172644015635542,64.0,0.5747787066127765,-0.0990034788846969,158165.71875
ppo,64,1,22528,-39.21831016044628,-4.3604853016480405,2.4700621092359496,0.4654541015625,0.0029296875,0.6224611581928257,64.0,0.617390406878504,-0.0928708463907241,159048.75
ppo,64,1,24576,-39.227681635964494,-4.423253238855601,2.4129381956933784,0.4744873046875,0.00244140625,0.6215076499483729,64.0,0.654068306618576,-0.0875827223062515,157287.375
ppo,64,1,26624,-38.75259337430315,-4.300810947675835,2.45658926283662,0.470703125,0.0029296875,0.6152104004754878,64.0,0.6491295806449697,-0.0837337076663971,151869.75
ppo,64,1,28672,-39.44456324690521,-4.413603317455925,2.468951034176606,0.47119140625,0.001953125,0.6255528558830229,64.0,0.615317686825342,-0.0792654976248741,155077.34375
ppo,64,1,30720,-37.92261636464431,-4.141961530537787,2.4700227616543167,0.4771728515625,0.00341796875,0.6032259791804735,64.0,0.603598958643798,-0.0764545947313308,139896.046875
ppo,64,1,32768,-38.39400738969675,-4.223523533246135,2.460582391955071,0.4661865234375,0.00244140625,0.6101872117223326,64.0,0.6261844684920796,-0.0699563175439834,141685.6875
ppo,64,1,34816,-38.65902039009195,-4.253895703645923,2.4812626881556854,0.468994140625,0.00439453125,0.6143772265436793,64.0,0.6061817822120151,-0.0654296576976776,142278.09375
ppo,64,1,36864,-38.61719228895842,-4.279128023261256,2.4455479312167663,0.47412109375,0.0029296875,0.6131797190303064,64.0,0.6083178703990357,-0.0652971714735031,138078.75
ppo,64,1,38912,-38.33933327731421,-4.209597421226207,2.478127489627062,0.4742431640625,0.0048828125,0.6094595688587144,64.0,0.6147258230941746,-0.060717687010765,132174.734375
ppo,64,1,40960,-38.93875839333579,-4.301366453833737,2.4954561544356366,0.4735107421875,0.00390625,0.6185248560625367,64.0,0.6067510919790944,-0.0579814836382865,132885.515625
ppo,64,1,43008,-38.53518138273154,-4.2284465356496845,2.4948888683421324,0.469482421875,0.0029296875,0.6126202651264616,64.0,0.6134063410914659,-0.0571455955505371,127638.3984375
ppo,64,1,45056,-38.196735004429264,-4.197247722040425,2.466485565993181,0.4736328125,0.00537109375,0.6071337014712292,64.0,0.6591930516035629,-0.0553985983133316,123376.7109375
ppo,64,1,47104,-38.33997447493822,-4.198747599648421,2.486953790781284,0.478271484375,0.001953125,0.6096647656301748,64.0,0.629829633429942,-0.0546351820230484,119767.1953125
ppo,64,1,49152,-38.059856020882194,-4.131178986569738,2.508582697630307,0.4775390625,0.00390625,0.6058692327555797,64.0,0.5922070906972279,-0.0519849210977554,115186.953125
ppo,64,1,51200,-38.15418226970673,-4.15918276084599,2.490786587398113,0.4718017578125,0.00390625,0.6070535626582275,64.0,0.5681722364348969,-0.0535719990730285,113227.390625
ppo,64,1,53248,-38.271654038119,-4.164551426674278,2.524265724320756,0.478271484375,0.00390625,0.6090554037757985,64.0,0.5766347761734312,-0.0506896823644638,109005.359375
ppo,64,1,55296,-38.7464236893053,-4.249913896087032,2.503266836639817,0.4708251953125,0.001953125,0.6160091034503263,64.0,0.6623514587349507,-0.0473558083176612,107577.4921875
ppo,64,1,57344,-38.70795212853329,-4.231852427123407,2.528100183601003,0.47119140625,0.00341796875,0.6156446375251765,64.0,0.6493921021303971,-0.0478790178894996,105061.6640625
ppo,64,1,59392,-38.36929269290249,-4.185981369330911,2.5077152837823258,0.470947265625,0.0029296875,0.6104162736352068,64.0,0.5692208072103092,-0.0492136254906654,100832.15625
ppo,64,1,61440,-38.56778938283704,-4.22056085511635,2.5042829228591303,0.4696044921875,0.00146484375,0.6133433665664411,64.0,0.6240596407127372,-0.0509841740131378,98071.359375
ppo,64,1,63488,-38.700082456124456,-4.245047902815163,2.510870637984178,0.47314453125,0.0009765625,0.6152684741662373,64.0,0.6128467796530818,-0.050662949681282,93357.03125
ppo,64,1,65536,-38.47963357047577,-4.165285781049191,2.5533454643846163,0.476318359375,0.00390625,0.6127562105254747,64.0,0.6090212279364245,-0.0515680015087127,90073.2265625
ppo,64,1,67584,-38.41096938168965,-4.162064558902321,2.541293433625396,0.473388671875,0.00634765625,0.6115875861212023,64.0,0.6529034713097626,-0.0560930147767066,89317.90625
ppo,64,1,69632,-38.13776047329678,-4.148961793594674,2.5056018089419343,0.479248046875,0.00244140625,0.6069428335661089,64.0,0.6187125022982706,-0.0602053105831146,82260.078125
ppo,64,1,71680,-38.28250981619895,-4.1182882388043325,2.5574911680627825,0.4732666015625,0.00244140625,0.6100753853106182,64.0,0.653388981677841,-0.0592812225222587,82640.953125
ppo,64,1,73728,-38.5665390529713,-4.203953241219241,2.533062860850348,0.472412109375,0.0009765625,0.6136176037812868,64.0,0.6287215448708924,-0.0622761473059654,81791.71875
ppo,64,1,75776,-38.18187006068614,-4.176552733675663,2.474614212868405,0.473388671875,0.00244140625,0.6072378094109013,64.0,0.6501676591167787,-0.0674328356981277,77822.5078125
ppo,64,1,77824,-38.6164795161706,-4.209464601168505,2.526036130394877,0.4752197265625,0.001953125,0.6144109806250373,64.0,0.5919041560604769,-0.0714744180440902,77042.359375
ppo,64,1,79872,-37.94539956545802,-4.083941777266446,2.528360449862534,0.471435546875,0.00390625,0.6046688890748495,64.0,0.5768482229827776,-0.0826133340597152,73788.40625
ppo,64,1,81920,-38.36447564177319,-4.144624940312108,2.5535100755866638,0.475341796875,0.00439453125,0.6110687625260908,64.0,0.5575329953509972,-0.0859888792037963,75562.6875
ppo,64,1,83968,-38.24768737461935,-4.161880805861044,2.511429469100677,0.4754638671875,0.00341796875,0.6086751172992554,64.0,0.6305210614590419,-0.0979474186897277,74721.171875
ppo,64,1,86016,-37.89136397771772,-4.07867798850496,2.5279237780749297,0.47216796875,0.005859375,0.6037979640930848,64.0,0.5937811792987546,-0.1122379079461097,72057.328125
ppo,64,1,88064,-37.89131990419176,-4.098811948592967,2.520108741708148,0.4805908203125,0.00244140625,0.6034376420642641,64.0,0.5633259417433826,-0.1272499114274978,72330.8984375
ppo,64,1,90112,-38.38660878313354,-4.142740350706637,2.569447664572774,0.4761962890625,0.00341796875,0.6114976505790519,64.0,0.6265453626172057,-0.1377447843551635,74949.5390625
ppo,64,1,92160,-38.29610930100033,-4.125995793266636,2.56507800441102,0.478515625,0.0029296875,0.6101805983523874,64.0,0.6242109829663212,-0.158150315284729,75756.5859375
ppo,64,1,94208,-37.80649989751717,-4.054621771508887,2.540759435413345,0.4818115234375,0.0087890625,0.6027121093930052,64.0,0.6207213336503832,-0.1617902666330337,75363.640625
ppo,64,1,96256,-37.83200087589026,-4.051463456012252,2.550240401581215,0.476318359375,0.00390625,0.6032238824978216,64.0,0.6231626525787388,-0.1614504158496856,78146.71875
ppo,64,1,98304,-37.74598001137484,-4.030572332732134,2.558576263809516,0.4737548828125,0.00537109375,0.6020608514043342,64.0,0.5722461821458908,-0.1625639498233795,79451.9921875
ppo,64,1,100000,-37.76229938928055,-4.061212228336792,2.537098440346702,0.4771521226415094,0.0058962264150943,0.6018051278739956,64.0,0.6472839100451401,-0.1627081781625747,80875.3046875
ppo,64,2,2048,-4.204906172697111,-4.204906172697111,2.511991555895233,0.4658203125,0.00537109375,0.6134175906844721,8.0,0.6479254257273288,-0.1667598783969879,1934.1099853515625
ppo,64,2,4096,-8.568766376741495,-4.227319273957477,2.500823201346421,0.476318359375,0.00390625,0.6126272570324096,32.44061937813208,0.5991572244213239,-0.1680176854133606,9982.3427734375
ppo,64,2,6144,-24.064253201810523,-4.244961050008167,2.505707555622533,0.47021484375,0.001953125,0.615821331094899,58.00803150082594,0.6431195676926483,-0.1469440162181854,65570.0625
ppo,64,2,8192,-36.25019324220177,-4.015463846021593,2.588336301212389,0.4755859375,0.00244140625,0.6028140689150371,64.0,0.5955883126566396,-0.1378496587276458,143110.21875
ppo,64,2,10240,-38.13827464743185,-4.080691902619199,2.582189419710692,0.4730224609375,0.00390625,0.608171120443083,64.0,0.6127664976211555,-0.126944750547409,155368.3125
ppo,64,2,12288,-38.03233400475507,-4.078303999777365,2.571498334442857,0.4822998046875,0.0048828125,0.6063219643746018,64.0,0.6060934342876207,-0.1189159899950027,155177.453125
ppo,64,2,14336,-37.621591650499774,-3.98818391884074,2.585184704044948,0.476318359375,0.00732421875,0.6005965666367684,64.0,0.6394835270886291,-0.1112262532114982,152819.25
ppo,64,2,16384,-38.05793724747452,-4.049850804952523,2.602393541176391,0.4749755859375,0.00244140625,0.6072872579021786,64.0,0.6550170578008193,-0.102073073387146,153786.34375
ppo,64,2,18432,-37.60367176606631,-3.979546257492923,2.584782650333961,0.474853515625,0.0078125,0.6004308126530964,64.0,0.6196008872369226,-0.096498854458332,146441.03125
ppo,64,2,20480,-38.03291740493757,-4.103533098372774,2.533388404447339,0.47900390625,0.00439453125,0.6058818626172283,64.0,0.537976166072839,-0.0890721827745437,149460.8125
ppo,64,2,22528,-38.17671491855878,-4.11883462123685,2.53726382543869,0.4749755859375,0.00244140625,0.6081764338807487,64.0,0.5854262358716391,-0.0822510421276092,148486.671875
ppo,64,2,24576,-37.65663030587388,-4.020643546926488,2.550218569685379,0.476806640625,0.00634765625,0.6006426206954891,64.0,0.5232181201614589,-0.0771181806921958,142275.71875
ppo,64,2,26624,-38.045035641984406,-4.021456620058778,2.6285456296393224,0.4752197265625,0.0068359375,0.6075639111058148,64.0,0.5773694622613403,-0.0737974196672439,143769.453125
ppo,64,2,28672,-37.85131792712489,-3.976734544162579,2.648047938415865,0.4771728515625,0.00634765625,0.6049032746957554,64.0,0.6049298021858037,-0.0712498724460601,141242.046875
ppo,64,2,30720,-37.12584842903424,-3.935714273008489,2.550309130813577,0.482177734375,0.0048828125,0.5926809670718882,64.0,0.6294331158340801,-0.067837968468666,131983.09375
ppo,64,2,32768,-37.89703001030748,-4.053122483124135,2.564999120219883,0.4761962890625,0.00537109375,0.6043554915568455,64.0,0.572761683653516,-0.0609843954443931,135189.65625
ppo,64,2,34816,-37.42765698681137,-3.9231220161100926,2.628293099175034,0.477783203125,0.0029296875,0.5982952673339513,64.0,0.5635407477324332,-0.058119922876358,129111.4765625
ppo,64,2,36864,-37.61686912099899,-3.964910126454853,2.6220979161961635,0.481201171875,0.00537109375,0.6009278391882882,64.0,0.575978530644467,-0.0571650117635726,127381.59375
ppo,64,2,38912,-37.74651730390019,-4.017341062616857,2.577140597909504,0.4766845703125,0.00439453125,0.6023067185943451,64.0,0.5708960024075285,-0.0545627176761627,123755.0234375
ppo,64,2,40960,-37.15614558045354,-3.8487999696741095,2.643037089707553,0.4759521484375,0.005859375,0.5947740287639183,64.0,0.6233988561047766,-0.0532057583332061,117773.953125
ppo,64,2,43008,-37.02976592462019,-3.8143599481101615,2.674612048436714,0.479736328125,0.00439453125,0.5931322495805362,64.0,0.5849275774012023,-0.0527257993817329,112095.015625
ppo,64,2,45056,-37.510597356896334,-3.9519407468365113,2.6079880762318903,0.4776611328125,0.00439453125,0.5992617251796397,64.0,0.5909429424106638,-0.0498446226119995,113017.2421875
ppo,64,2,47104,-37.1803415305431,-3.871381013849668,2.633184475375668,0.4805908203125,0.005859375,0.5948028663695257,64.0,0.5610351684592861,-0.0497626736760139,106523.0
ppo,64,2,49152,-37.16043355654335,-3.882716437850181,2.621964305232386,0.481689453125,0.0078125,0.5942449485480923,64.0,0.5838739160545665,-0.0493595898151397,102832.78125
ppo,64,2,51200,-37.30688959161982,-3.94969641685391,2.5664256234527705,0.482177734375,0.00732421875,0.5956641638351056,64.0,0.6368870999507537,-0.0468544960021972,100348.734375
ppo,64,2,53248,-37.01633750791601,-3.8248155902020726,2.6407028050179013,0.4749755859375,0.00634765625,0.5927057485306062,64.0,0.5853083476213697,-0.0475994348526001,95197.9921875
ppo,64,2,55296,-37.35199942877229,-3.849635882026053,2.695671326990376,0.47900390625,0.00390625,0.5982564919061828,64.0,0.5767101264138629,-0.0472627952694892,94358.65625
ppo,64,2,57344,-36.930278319421575,-3.803789980282331,2.660778705215208,0.4794921875,0.005859375,0.5915444346274865,64.0,0.6268047298685373,-0.0482359752058982,87118.4765625
ppo,64,2,59392,-36.951068827884846,-3.779744845118524,2.692960975112249,0.483642578125,0.0048828125,0.5923450711208272,64.0,0.686673341357538,-0.0517125278711319,86954.3359375
ppo,64,2,61440,-37.39503703739784,-3.914593754906577,2.626130257925801,0.478759765625,0.0048828125,0.5978650586159153,64.0,0.6358363516344211,-0.0505663827061653,84280.828125
ppo,64,2,63488,-36.17141159468828,-3.662190016832192,2.6812877639504,0.490478515625,0.0048828125,0.5805218138902872,64.0,0.522331725421444,-0.0548212379217147,77970.953125
ppo,64,2,65536,-36.94768225978926,-3.796536530387584,2.6683589115378976,0.4825439453125,0.00830078125,0.591984745167887,64.0,0.6083116004426259,-0.0545891821384429,76088.4140625
ppo,64,2,67584,-36.95092480741291,-3.824380483342066,2.6443711154758347,0.4854736328125,0.0078125,0.591545434358408,64.0,0.6487922361356442,-0.0570872128009796,74829.2265625
ppo,64,2,69632,-37.58052600068944,-3.9566637016432304,2.627552333265001,0.48291015625,0.00390625,0.600426112482968,64.0,0.6593696186976886,-0.0590503960847854,75921.5625
ppo,64,2,71680,-37.16873618210913,-3.857277422907343,2.647201641092157,0.48388671875,0.0078125,0.5948474778428889,64.0,0.6721037645501741,-0.0646623224020004,72705.734375
ppo,64,2,73728,-36.87916479491545,-3.8261658278022255,2.63159396914869,0.48974609375,0.00537109375,0.5902321244127361,64.0,0.5515111762394782,-0.0729272216558456,71991.875
ppo,64,2,75776,-36.97007486206204,-3.779580159507536,2.7063175089950167,0.4847412109375,0.0048828125,0.5926874054027588,64.0,0.6295517286672013,-0.0765613466501236,69980.1640625
ppo,64,2,77824,-36.994536789206606,-3.854419940346322,2.616430388469586,0.483642578125,0.0078125,0.591787800872505,64.0,0.6064262534583202,-0.088264599442482,69805.6875
ppo,64,2,79872,-37.12694886307301,-3.842953036495823,2.656361319971782,0.4779052734375,0.0048828125,0.5943570683317355,64.0,0.5423171697682486,-0.0990608632564544,67114.15625
ppo,64,2,81920,-36.91120635479726,-3.793087711714565,2.672536438116192,0.4849853515625,0.0048828125,0.5913949757693339,64.0,0.622917365377961,-0.114405833184719,69102.9296875
ppo,64,2,83968,-36.7472359041732,-3.727870999318807,2.718316583405133,0.4827880859375,0.00634765625,0.5896315161581142,64.0,0.5593814110141104,-0.1340276002883911,68204.3984375
ppo,64,2,86016,-36.61312252374725,-3.766563829772875,2.659963737358036,0.4871826171875,0.00732421875,0.5865456909638281,64.0,0.5953976526034547,-0.1564247608184814,67450.625
ppo,64,2,88064,-37.10125695212263,-3.8630596384607863,2.625706871583664,0.481689453125,0.00390625,0.5935392377439614,64.0,0.5680346742832479,-0.1598014831542968,72153.375
ppo,64,2,90112,-36.36084034182697,-3.6703952901936256,2.706492141438625,0.48681640625,0.0048828125,0.5837579473505955,64.0,0.592045940925417,-0.1592463701963424,74720.953125
ppo,64,2,92160,-36.15459764709995,-3.615053073832801,2.7261262755388924,0.4886474609375,0.00537109375,0.581063295951199,64.0,0.5727318963877612,-0.1590373367071151,75835.0625
ppo,64,2,94208,-36.835704902214125,-3.715681480534065,2.746726506014566,0.482177734375,0.00634765625,0.5914289896728583,64.0,0.5874931965594113,-0.1605686545372009,76010.84375
ppo,64,2,96256,-36.67717749227461,-3.712933280361327,2.7332233084496877,0.4893798828125,0.00732421875,0.5886472180698801,64.0,0.5641570633514114,-0.1620530933141708,74150.9453125
ppo,64,2,98304,-35.73330698246917,-3.4503862651331176,2.845296251658228,0.49267578125,0.0068359375,0.5764807270952866,64.0,0.6438130443722121,-0.1600823700428009,75307.2421875
ppo,64,2,100000,-36.63413700357701,-3.674974961089747,2.75044608666913,0.482311320754717,0.0047169811320754,0.5885564650444154,64.0,0.5594332752565088,-0.1614879071712494,73660.078125
ppo,64,3,2048,-4.197129797889051,-4.197129797889051,2.488045472191997,0.4700927734375,0.0048828125,0.6110865910234924,8.0,0.5803484967965288,-0.1655201613903045,1900.95947265625
ppo,64,3,4096,-9.281441587039978,-4.3416446953825565,2.507747336627217,0.468017578125,0.00390625,0.6234295411471693,34.7239732199953,0.6569608824333463,-0.1698013246059417,12125.716796875
ppo,64,3,6144,-25.888875205735584,-4.277498240425285,2.479816001335271,0.46728515625,0.0029296875,0.6162778341836878,59.941915394769104,0.6287613619382336,-0.1499071717262268,76054.953125
ppo,64,3,8192,-38.526414797183634,-4.419383218480716,2.491820197879218,0.4659423828125,0.00390625,0.6282764236211419,64.0,0.584067194479124,-0.1377558410167694,161208.1875
ppo,64,3,10240,-38.120301771783495,-4.131469611423027,2.514361964677785,0.4691162109375,0.00341796875,0.6069434314350084,64.0,0.6336509057411208,-0.1322721093893051,155595.796875
ppo,64,3,12288,-38.82027149229627,-4.213752749649704,2.561717551936158,0.47119140625,0.0029296875,0.6179735489758316,64.0,0.6176404332163771,-0.1233650892972946,162805.09375
ppo,64,3,14336,-38.702186177926855,-4.257548932610311,2.491187953795821,0.4697265625,0.00439453125,0.6150828079520811,64.0,0.5605258538242888,-0.1132532209157943,159271.09375
ppo,64,3,16384,-38.50859503303285,-4.202577916348204,2.5305925336918222,0.4759521484375,0.00439453125,0.6126074485122257,64.0,0.6206195485105077,-0.1048822402954101,157722.3125
ppo,64,3,18432,-38.14304651314647,-4.124911810951891,2.5264373091953893,0.471435546875,0.00537109375,0.6074666911106175,64.0,0.6115702541865655,-0.1006717234849929,152192.6875
ppo,64,3,20480,-38.27937409341951,-4.132595404352746,2.541982105267297,0.466552734375,0.00537109375,0.6097639051619064,64.0,0.6250951114412359,-0.0914461463689804,152793.625
ppo,64,3,22528,-38.30165839055522,-4.151275638435644,2.536610789724226,0.4732666015625,0.00341796875,0.6098282634307066,64.0,0.606690507214643,-0.0868430659174919,150843.90625
ppo,64,3,24576,-38.67390636405701,-4.226010777753302,2.524892069648236,0.4718017578125,0.00439453125,0.6151409926125662,64.0,0.6586968323635934,-0.0824978202581405,152995.46875
ppo,64,3,26624,-38.65878760490472,-4.173581995584341,2.597445155769389,0.4725341796875,0.00634765625,0.6158072430235779,64.0,0.6334280583678292,-0.077539324760437,150324.03125
ppo,64,3,28672,-38.18952730455704,-4.087875688514,2.582140062451937,0.4700927734375,0.00634765625,0.608958064572197,64.0,0.5768069692806413,-0.0732325538992881,145413.9375
ppo,64,3,30720,-38.11088817953864,-4.086547487236752,2.577940537025236,0.4752197265625,0.005859375,0.6075775123625338,64.0,0.5542399267306305,-0.0709366798400878,139402.234375
ppo,64,3,32768,-38.131570341971305,-4.052671708020333,2.609917680957516,0.471923828125,0.0029296875,0.6085517613205531,64.0,0.5907366132597148,-0.0672413855791091,138120.40625
ppo,64,3,34816,-38.238480906501024,-4.144784470328016,2.530850093081132,0.47509765625,0.00634765625,0.6088160077888038,64.0,0.6283935233348399,-0.0639732629060745,135576.3125
ppo,64,3,36864,-38.67664054160287,-4.181438406553683,2.577511684995735,0.466796875,0.001953125,0.6159857524115926,64.0,0.6078882098693545,-0.0579839125275611,135941.65625
ppo,64,3,38912,-37.62120324089532,-3.977226795696213,2.6034136289263627,0.480712890625,0.0048828125,0.6007852936642699,64.0,0.6222711378362521,-0.0591747164726257,125863.9765625
ppo,64,3,40960,-38.214563930462205,-4.075403164752496,2.6072198741060832,0.47216796875,0.005859375,0.6096278708162447,64.0,0.6197043108034631,-0.0556095540523529,127507.84375
ppo,64,3,43008,-37.96695996971168,-4.064265512791442,2.5790009703301413,0.4835205078125,0.0048828125,0.6054052581592898,64.0,0.6099273224276702,-0.0535110533237457,121100.859375
ppo,64,3,45056,-38.32250585233615,-4.135292320030775,2.5462315049099717,0.471435546875,0.00390625,0.6104859559340245,64.0,0.5918733681198887,-0.0520573407411575,119861.8828125
ppo,64,3,47104,-37.70316317550386,-3.943165033216645,2.6457023790275205,0.4747314453125,0.00439453125,0.6028571096837003,64.0,0.5540882719052683,-0.0507075786590576,114016.6796875
ppo,64,3,49152,-37.665545068955936,-3.9980905875473343,2.573986029723333,0.4736328125,0.00537109375,0.6012045443108679,64.0,0.5812563793978638,-0.0487516596913337,109512.0
ppo,64,3,51200,-38.32398338217658,-4.109196226642859,2.591284503747896,0.4747314453125,0.005859375,0.6109783420631021,64.0,0.5916291026898222,-0.0484082996845245,109037.1484375
ppo,64,3,53248,-37.977961683537536,-4.02934086581331,2.6111438997756884,0.4715576171875,0.001953125,0.6062253717450755,64.0,0.5760656508574199,-0.0490122437477111,104264.8984375
ppo,64,3,55296,-37.29490382809051,-3.881533565033673,2.653229725998366,0.4810791015625,0.00634765625,0.5966673261260151,64.0,0.5854665380405427,-0.0504890978336334,96250.421875
ppo,64,3,57344,-37.61310879659644,-3.9352155803965863,2.6536191431752245,0.4761962890625,0.0068359375,0.6013909502892831,64.0,0.6251657054534983,-0.0513403415679931,95682.671875
ppo,64,3,59392,-37.98899161816169,-4.047070799110126,2.5848351297721943,0.4732666015625,0.005859375,0.606105728911635,64.0,0.6075074246151753,-0.0494366288185119,93827.9453125
ppo,64,3,61440,-37.36261327111501,-3.916786312733609,2.6112228903962675,0.473876953125,0.0029296875,0.5972469099710964,64.0,0.6085778328712002,-0.0519897043704986,87787.9921875
ppo,64,3,63488,-37.37477700199848,-3.9085811845981846,2.636663749358385,0.4835205078125,0.0087890625,0.597610639596434,64.0,0.5802501967427417,-0.0529346019029617,86398.78125
ppo,64,3,65536,-37.8943519038853,-4.022974894980571,2.5897089550015258,0.4693603515625,0.00634765625,0.6048460180161559,64.0,0.6110753345107988,-0.0535657182335853,84704.609375
ppo,64,3,67584,-37.61133104832141,-3.941419019638652,2.636235239081252,0.479736328125,0.00244140625,0.6012484290836205,64.0,0.6182971304917253,-0.0538400560617446,79503.546875
ppo,64,3,69632,-37.37242139432972,-3.889740042484432,2.63801462845205,0.474365234375,0.00537109375,0.5979050241400944,64.0,0.5770320107188517,-0.0592955276370048,74955.703125
ppo,64,3,71680,-37.834798725864445,-3.9834136147529904,2.6369170851188786,0.475830078125,0.00390625,0.604489019841276,64.0,0.5683034534600578,-0.0599895268678665,75059.15625
ppo,64,3,73728,-38.067196741756966,-4.015142608869283,2.639097070463066,0.472900390625,0.0029296875,0.6080723952301372,64.0,0.6235387492006476,-0.0653961896896362,76696.21875
ppo,64,3,75776,-37.25099359126551,-3.866327266750552,2.650966483604888,0.4783935546875,0.00537109375,0.59615475579491,64.0,0.6402586411189874,-0.0773483887314796,71625.0078125
ppo,64,3,77824,-37.53126940803942,-3.9685229257006553,2.5924019214653304,0.476318359375,0.00634765625,0.5993347586131923,64.0,0.6181369824348284,-0.0823931619524955,72276.3359375
ppo,64,3,79872,-36.84023271507223,-3.758229982925098,2.7029133716692746,0.481689453125,0.00634765625,0.5907500487883415,64.0,0.6707667842309794,-0.0921803340315818,67113.8984375
ppo,64,3,81920,-38.28451175659831,-4.065520467221767,2.626948929269945,0.4735107421875,0.00439453125,0.611053415881724,64.0,0.5848599885286297,-0.09702118486166,75200.109375
ppo,64,3,83968,-37.479711517069575,-3.8944150015655463,2.660859344578393,0.4749755859375,0.0048828125,0.5997374377768576,64.0,0.6208354109518417,-0.1164164915680885,70368.28125
ppo,64,3,86016,-37.87145732069864,-3.988884109247306,2.6336975265673424,0.4727783203125,0.00439453125,0.6050459502044883,64.0,0.5651830043020268,-0.1308328211307525,72844.765625
ppo,64,3,88064,-37.78950894768329,-3.962242242463894,2.6408491326941954,0.473876953125,0.00439453125,0.6040583340217747,64.0,0.6446101520706711,-0.1512650549411773,72270.15625
ppo,64,3,90112,-37.09474951695164,-3.866096171928086,2.6225065494921216,0.4803466796875,0.00830078125,0.5933688097325633,64.0,0.6095094642893912,-0.1612991392612457,71415.5625
ppo,64,3,92160,-37.09315946666749,-3.844640083139492,2.645315192071842,0.480224609375,0.00634765625,0.5937235604201426,64.0,0.573364153665948,-0.1607069075107574,75450.90625
ppo,64,3,94208,-37.14903223974768,-3.853126038640324,2.635941217458789,0.4735107421875,0.00439453125,0.5945697535912027,64.0,0.5570419418305965,-0.1624544560909271,78858.8203125
ppo,64,3,96256,-36.92304330805131,-3.811406764425897,2.654778937604906,0.4820556640625,0.0068359375,0.5912792239933109,64.0,0.5928202553816219,-0.1612394452095031,75441.9375
ppo,64,3,98304,-37.44484684312819,-3.910280521397177,2.6525186801207634,0.4810791015625,0.00390625,0.5988315414594824,64.0,0.543932099084791,-0.1630512773990631,78604.34375
ppo,64,3,100000,-36.86717080818686,-3.798498635164713,2.659860260765276,0.4805424528301887,0.0047169811320754,0.5905120030896812,64.0,0.5998005465509423,-0.1633301824331283,76877.125
ppo,64,4,2048,-4.484088798923091,-4.484088798923091,2.405868043936904,0.4620361328125,0.00390625,0.6276547671863528,8.0,0.6868482964320963,-0.1673838496208191,2189.88232421875
ppo,64,4,4096,-8.811126369952525,-4.532901287793087,2.3850870681766008,0.46826171875,0.00244140625,0.6276272931695401,32.54723524162845,0.6195114716892574,-0.1637941151857376,10447.7900390625
ppo,64,4,6144,-25.019643703476724,-4.473910226042862,2.419881447746404,0.4688720703125,0.00146484375,0.6259409239257991,57.81374620059381,0.6596924076013513,-0.1506774723529815,70043.5703125
ppo,64,4,8192,-37.876065400244016,-4.502983947509916,2.353925810277694,0.4581298828125,0.001953125,0.6248528890706398,64.0,0.637276660452244,-0.1386051476001739,156428.03125
ppo,64,4,10240,-39.43556462810747,-4.439040848174518,2.431401062580105,0.4647216796875,0.00390625,0.62493792464166,64.0,0.6300385464292456,-0.1290081143379211,166895.3125
ppo,64,4,12288,-39.256164863717885,-4.444568009373875,2.3904465411192457,0.4638671875,0.00146484375,0.6216356581132858,64.0,0.5890237497779364,-0.1227881163358688,164539.71875
ppo,64,4,14336,-39.51078250917863,-4.442213138941199,2.445369982687974,0.4683837890625,0.00390625,0.6262244530399541,64.0,0.6851567361818585,-0.1136857196688652,166242.5
ppo,64,4,16384,-39.38123165986411,-4.442876055682664,2.4101642239616727,0.4656982421875,0.00244140625,0.6238992072175259,64.0,0.6055823356947296,-0.1058102697134018,164794.390625
ppo,64,4,18432,-39.47988213315124,-4.450425239352967,2.41861114594895,0.4666748046875,0.00439453125,0.6255260159606835,64.0,0.6951612596319671,-0.0992901474237442,164252.109375
ppo,64,4,20480,-39.01660885101404,-4.32208985748726,2.479702185025016,0.4647216796875,0.00341796875,0.619544982027264,64.0,0.6809262006272404,-0.0926316455006599,157737.59375
ppo,64,4,22528,-39.05941236312081,-4.385406973141236,2.416516266743177,0.470458984375,0.00439453125,0.6191786676782067,64.0,0.5973335700479722,-0.086939737200737,156496.265625
ppo,64,4,24576,-38.67268824923485,-4.28911651316325,2.4601465793323443,0.4708251953125,0.0078125,0.6139923524298502,64.0,0.6097671774919514,-0.0828079730272293,154148.6875
ppo,64,4,26624,-38.869569082606446,-4.335958434357552,2.441142631470448,0.4703369140625,0.00244140625,0.6166716187187302,64.0,0.5832499619391966,-0.0747101902961731,151793.3125
ppo,64,4,28672,-39.088855310755214,-4.3898539720442855,2.414723065263617,0.468994140625,0.001953125,0.6196250239055523,64.0,0.6476339926281844,-0.0699690952897071,151720.71875
ppo,64,4,30720,-39.58032371794961,-4.444717620606202,2.4652216482057274,0.46875,0.00244140625,0.627421537452561,64.0,0.6755412070157873,-0.065709963440895,152381.46875
ppo,64,4,32768,-38.83279839549655,-4.312770746541908,2.4406184522044843,0.462646484375,0.0029296875,0.6164290651599043,64.0,0.6533871505269784,-0.0620033293962478,144056.28125
ppo,64,4,34816,-38.82728387927068,-4.32594537993551,2.4409322422697297,0.4700927734375,0.00244140625,0.616095330345271,64.0,0.6858367909344539,-0.0594165325164794,141824.640625
ppo,64,4,36864,-39.3522369161568,-4.4019573118920565,2.4535967712695506,0.462158203125,0.00146484375,0.6241121357904418,64.0,0.5865718569345937,-0.0546849444508552,143125.65625
ppo,64,4,38912,-38.431224844042106,-4.235702534088987,2.4564423240025017,0.4744873046875,0.00244140625,0.6106343269634485,64.0,0.6619967339126313,-0.0542689114809036,132132.796875
ppo,64,4,40960,-39.23663684230922,-4.395054537035042,2.4424355294761595,0.469482421875,0.0048828125,0.6221711125941817,64.0,0.630655970807856,-0.0527014806866645,134689.46875
ppo,64,4,43008,-39.18297577587198,-4.341069748241552,2.486903553730682,0.465576171875,0.00244140625,0.6221768933505433,64.0,0.6326551435731503,-0.0491454750299453,129843.2265625
ppo,64,4,45056,-39.31088317472712,-4.395366137942299,2.4550685861922488,0.4700927734375,0.0029296875,0.6234913756568717,64.0,0.5952329080531304,-0.0492127910256385,127634.8515625
ppo,64,4,47104,-38.88844475552602,-4.308518850271921,2.471781668252094,0.47021484375,0.0029296875,0.6174986768795374,64.0,0.5548260063314905,-0.0473620593547821,122188.953125
ppo,64,4,49152,-38.93690118089222,-4.324308318379954,2.4549343315278485,0.468017578125,0.001953125,0.6180820154020048,64.0,0.614464729251344,-0.0468234196305274,118248.9375
ppo,64,4,51200,-38.20320066741568,-4.171672911834875,2.496884734714491,0.4742431640625,0.00439453125,0.6077058527782286,64.0,0.5512580975799646,-0.0473473072052001,109492.28125
ppo,64,4,53248,-38.473052486879965,-4.216152543519513,2.473930688534597,0.4630126953125,0.00146484375,0.6117303561314367,64.0,0.6698304371119281,-0.0465004444122314,107805.5703125
ppo,64,4,55296,-38.33033055116943,-4.247588695745351,2.4345693818665977,0.4757080078125,0.00390625,0.6086203902754299,64.0,0.6368745688705633,-0.0462550818920135,103448.8046875
ppo,64,4,57344,-38.99243777432976,-4.321321088433504,2.4760093014244284,0.46875,0.0048828125,0.6191270836767189,64.0,0.6468964999021838,-0.0434462875127792,102874.328125
ppo,64,4,59392,-37.96643593868247,-4.087489030142381,2.5344163648809395,0.474365234375,0.0029296875,0.6049811947953588,64.0,0.5917749202361433,-0.0497666746377944,93464.9921875
ppo,64,4,61440,-39.02360515489673,-4.278001840570342,2.5367808021806884,0.4708251953125,0.0009765625,0.6204572020415426,64.0,0.6151605314872548,-0.0467453449964523,97427.65625
ppo,64,4,63488,-38.77698683090465,-4.263940336998587,2.496700109661978,0.4715576171875,0.00439453125,0.6163044016768939,64.0,0.6326842106597946,-0.0495356917381286,92210.3359375
ppo,64,4,65536,-38.733611790552,-4.212308275391127,2.553544642983592,0.4722900390625,0.001953125,0.6164518484850157,64.0,0.6592566909759112,-0.0490897074341774,89333.3671875
ppo,64,4,67584,-38.571078483466366,-4.240994654167652,2.4770494938845062,0.4705810546875,0.0048828125,0.613037211237477,64.0,0.5992120774224879,-0.0505238771438598,84510.2265625
ppo,64,4,69632,-38.33962912517445,-4.194660748411069,2.4993919185881874,0.4720458984375,0.0048828125,0.6097315781564892,64.0,0.5877718268321278,-0.0549735575914382,82839.6171875
ppo,64,4,71680,-38.65630401669373,-4.234054169349809,2.4967734929159704,0.4686279296875,0.001953125,0.6146830329882844,64.0,0.6053649949751198,-0.0582026615738868,81165.453125
ppo,64,4,73728,-38.68856989843791,-4.215886701677,2.5546025830045904,0.478759765625,0.00341796875,0.6155836285135876,64.0,0.6466047141591303,-0.0614726096391677,80158.953125
ppo,64,4,75776,-38.49095591797528,-4.216120600380732,2.4912541437177094,0.4715576171875,0.00390625,0.6120506306713313,64.0,0.558249262918195,-0.0661425814032554,77716.046875
ppo,64,4,77824,-38.22510668108568,-4.199167658222586,2.459138131074433,0.471435546875,0.0029296875,0.6076060539796981,64.0,0.6470706531313222,-0.0788250565528869,74418.5859375
ppo,64,4,79872,-38.18281654916127,-4.185986634045001,2.467462691657396,0.474365234375,0.001953125,0.607086248484219,64.0,0.5898524770692676,-0.0813105106353759,71937.46875
ppo,64,4,81920,-38.01685569566553,-4.095947189397236,2.523333324193458,0.47216796875,0.00146484375,0.6057305090405052,64.0,0.6267553622345212,-0.1015255972743034,71528.2421875
ppo,64,4,83968,-38.208605884026966,-4.136656901062187,2.533934254307145,0.4735107421875,0.00390625,0.6084276604100853,64.0,0.5778769011789571,-0.1111318618059158,75060.375
ppo,64,4,86016,-38.32488339049642,-4.151209913025417,2.540125350297568,0.4693603515625,0.00390625,0.6102441692405536,64.0,0.6149495388561778,-0.1269077360630035,73392.5
ppo,64,4,88064,-38.32411438433528,-4.173235374100932,2.522463850856143,0.4786376953125,0.0068359375,0.6098371251827562,64.0,0.6529365157995027,-0.1477652341127395,75248.84375
ppo,64,4,90112,-38.36175272149308,-4.187835592448783,2.510131795350836,0.4755859375,0.0048828125,0.6102485201615053,64.0,0.6487631136401569,-0.1605080664157867,75753.25
ppo,64,4,92160,-38.81117258429242,-4.280602988043319,2.487748792706354,0.4747314453125,0.009765625,0.6166173142187339,64.0,0.6137412990972377,-0.1596909463405609,78998.5625
ppo,64,4,94208,-38.49647942909274,-4.19487130697736,2.518514838533495,0.471435546875,0.00537109375,0.6125287164663462,64.0,0.5866829609098053,-0.161148339509964,83498.265625
ppo,64,4,96256,-37.87822429748815,-4.081341620817408,2.525505837349926,0.4735107421875,0.0029296875,0.603515762083406,64.0,0.5579878020714719,-0.1571842730045318,82989.71875
ppo,64,4,98304,-38.890732968446855,-4.223816156693061,2.562170491619277,0.4720458984375,0.001953125,0.6190520859241748,64.0,0.6286867062279021,-0.1605325043201446,85363.453125
ppo,64,4,100000,-37.97970109952077,-4.073999191379459,2.559941722404519,0.4767099056603773,0.0023584905660377,0.6054589626453806,64.0,0.6149972365661835,-0.1622891575098037,81833.0546875
ppo,64,5,2048,-4.345283810358891,-4.345283810358891,2.476264383033034,0.462646484375,0.00439453125,0.621749762237916,8.0,0.6408433073391835,-0.1677332520484924,2047.813720703125
ppo,64,5,4096,-8.511018834388807,-4.184224842486935,2.518178990647341,0.4727783203125,0.00390625,0.6102831810794939,32.872696310166724,0.6198163724402165,-0.1648851931095123,9809.30859375
ppo,64,5,6144,-23.90116284821235,-4.106377596093957,2.5576265018945903,0.4676513671875,0.00048828125,0.6086469933399854,56.47705961451084,0.5594849671627881,-0.1536295562982559,64093.5390625
ppo,64,5,8192,-36.85532870642359,-4.249399679255981,2.5071354214975017,0.46630859375,0.00341796875,0.6165140575269651,64.0,0.5843861519682875,-0.1369955837726593,149003.09375
ppo,64,5,10240,-38.26070423485309,-4.169414693711143,2.515178870852548,0.47412109375,0.00537109375,0.608773027520392,64.0,0.56131344805543,-0.1288571953773498,158313.453125
ppo,64,5,12288,-38.36889807679768,-4.134689117817448,2.567288961140294,0.476806640625,0.00244140625,0.6113251599817897,64.0,0.6182154636128254,-0.1208066716790199,159301.125
ppo,64,5,14336,-38.41310938205913,-4.20744890080889,2.507485241496717,0.47900390625,0.00439453125,0.6108153657366115,64.0,0.5840415324163872,-0.1135767102241516,157913.359375
ppo,64,5,16384,-38.161969793075365,-4.119821278299907,2.537510686753132,0.4715576171875,0.00341796875,0.607895509192419,64.0,0.6326639565648781,-0.1035987883806228,154352.1875
ppo,64,5,18432,-37.941843611241694,-4.100391492525024,2.5187751490922525,0.47412109375,0.0068359375,0.6043116449770833,64.0,0.5924636704999142,-0.0987715125083923,151164.640625
ppo,64,5,20480,-38.32275115584447,-4.161415909340505,2.532794509727306,0.4775390625,0.0078125,0.6100238436875709,64.0,0.644127253154173,-0.0923745408654213,153045.6875
ppo,64,5,22528,-38.005730311820045,-4.080759653413173,2.5421324749811296,0.46923828125,0.00390625,0.6058030474715514,64.0,0.6718825968490749,-0.0859899222850799,148274.90625
ppo,64,5,24576,-38.36056724436946,-4.150465506382712,2.5543335161825858,0.4752197265625,0.0048828125,0.6108946738926206,64.0,0.6265584399159948,-0.0802005678415298,149009.03125
ppo,64,5,26624,-38.87445607947063,-4.193045628533408,2.6082483024887018,0.4718017578125,0.0029296875,0.6193109009095932,64.0,0.6316290393864167,-0.0734413415193557,151322.9375
ppo,64,5,28672,-38.532742077704825,-4.1736731315926265,2.551507714625422,0.4735107421875,0.00390625,0.6135548026091463,64.0,0.5957506896999686,-0.0693197697401046,147693.09375
ppo,64,5,30720,-38.18872224107925,-4.085836384851175,2.597184453590206,0.47314453125,0.0029296875,0.6089801045755014,64.0,0.6306965041841419,-0.0690761134028434,143144.125
ppo,64,5,32768,-37.731358467478245,-4.038752947816264,2.530895680229583,0.4705810546875,0.00732421875,0.6016536699939639,64.0,0.562093263794409,-0.0644068419933319,134184.234375
ppo,64,5,34816,-38.61058773767687,-4.159312454150551,2.602309562863389,0.47607421875,0.00244140625,0.6152013443486841,64.0,0.5793789353907827,-0.0608741641044616,139310.453125
ppo,64,5,36864,-38.41024534607469,-4.149194741933756,2.5633854523089323,0.475341796875,0.00146484375,0.6118044750739452,64.0,0.6530643595879729,-0.0568315088748931,133972.625
ppo,64,5,38912,-38.23580233699956,-4.061448862400779,2.6107873909814385,0.47216796875,0.00341796875,0.6102563120464068,64.0,0.6005466320786415,-0.0561293810606002,130112.3046875
ppo,64,5,40960,-37.58093495679272,-3.932284742426628,2.6413982449071955,0.470458984375,0.0078125,0.600868753827966,64.0,0.637150951562393,-0.0529951304197311,122755.3125
ppo,64,5,43008,-38.32979740690302,-4.104289937645664,2.5931728769737954,0.476318359375,0.00439453125,0.6111697762367384,64.0,0.5976250377609049,-0.0514061599969863,125672.921875
ppo,64,5,45056,-37.62060485002837,-3.996528899424412,2.577873989449284,0.480712890625,0.00634765625,0.6004299276893564,64.0,0.6235691076585055,-0.0499911606311798,116852.3046875
ppo,64,5,47104,-37.4388765118327,-3.924156228016812,2.6248442190250887,0.47509765625,0.0048828125,0.5984771479252837,64.0,0.614319582781379,-0.0504122525453567,110275.640625
ppo,64,5,49152,-37.943607095522864,-4.004170057425286,2.633472741995853,0.476318359375,0.00537109375,0.6060613756803139,64.0,0.6244767874234519,-0.0470873117446899,112807.7421875
ppo,64,5,51200,-37.59025384390374,-3.959549888917545,2.6152016531223463,0.47900390625,0.0068359375,0.600548284910468,64.0,0.6208096181525455,-0.0493922233581543,105442.0625
ppo,64,5,53248,-37.1795198359105,-3.906585725366028,2.59740695929352,0.48095703125,0.00732421875,0.5941595376882941,64.0,0.5354806929247854,-0.0488354861736297,98704.5625
ppo,64,5,55296,-38.02974984203068,-4.06297102901093,2.594216568178028,0.4822998046875,0.00341796875,0.606549621661067,64.0,0.5934626277101583,-0.0448698550462722,100071.5703125
ppo,64,5,57344,-37.53517567275141,-3.994708223961957,2.555935068134528,0.4786376953125,0.00390625,0.5989369187283831,64.0,0.6155589193108413,-0.0486418455839157,94464.515625
ppo,64,5,59392,-37.71049108337718,-4.005798774249975,2.5729083664077814,0.470458984375,0.00244140625,0.6018695055201286,64.0,0.7208606644540637,-0.0474613308906555,91918.6796875
ppo,64,5,61440,-37.25835754155456,-3.9092841582504008,2.6060677820341214,0.4764404296875,0.00390625,0.5955191675590028,64.0,0.592579351706226,-0.0503506064414978,86343.8828125
ppo,64,5,63488,-37.93954135408367,-4.07188036922739,2.5462308541692438,0.4765625,0.00634765625,0.6047796604438621,64.0,0.6053525187487686,-0.048796072602272,86888.046875
ppo,64,5,65536,-38.0068526048917,-4.032199716804943,2.6104683182659816,0.4783935546875,0.00732421875,0.6066902301444064,64.0,0.6992275730550735,-0.0508463531732559,83429.8515625
ppo,64,5,67584,-37.48043394529573,-3.930297247837224,2.6126344881565315,0.4730224609375,0.00244140625,0.5991095838831877,64.0,0.5819476445813844,-0.0527581870555877,79367.375
ppo,64,5,69632,-37.36303666793462,-3.9859491624252574,2.5456730157664165,0.4869384765625,0.005859375,0.5960194197412387,64.0,0.5485504276973724,-0.055287942290306,76573.140625
ppo,64,5,71680,-37.351076367917685,-3.905666286983844,2.6228061271911027,0.4759521484375,0.00537109375,0.5972394657309614,64.0,0.6129413149816906,-0.0609551221132278,74878.21875
ppo,64,5,73728,-37.61974911198856,-3.961468361352635,2.617694397664284,0.4788818359375,0.005859375,0.6010407276899271,64.0,0.6114248682274623,-0.0647425949573516,74351.1875
ppo,64,5,75776,-37.91475835460703,-4.018024297299373,2.6257752562484526,0.4833984375,0.00927734375,0.6052988224519225,64.0,0.6231769941232439,-0.0685987100005149,73458.984375
ppo,64,5,77824,-37.96861134532884,-4.0412714364445215,2.591778931251333,0.472412109375,0.00341796875,0.6058453555157913,64.0,0.6226421489942867,-0.0748429000377655,71155.53125
ppo,64,5,79872,-37.49692056332785,-3.953485881917733,2.6086329284555325,0.4783935546875,0.00537109375,0.5989899050251806,64.0,0.5413076228423969,-0.0892186909914016,71802.5703125
ppo,64,5,81920,-37.01232505387632,-3.871496267928838,2.595771553554319,0.4805908203125,0.005859375,0.5918005140347764,64.0,0.551836375744331,-0.1068117618560791,68657.078125
ppo,64,5,83968,-37.5807267857659,-3.953712575039005,2.626976358720955,0.4793701171875,0.00341796875,0.6004823966201231,64.0,0.6722925829061797,-0.112409584224224,71444.9765625
ppo,64,5,86016,-37.40082135625671,-3.909389259206579,2.623123118741576,0.4730224609375,0.00634765625,0.5980612874473237,64.0,0.5706509457581251,-0.1355893909931183,69692.28125
ppo,64,5,88064,-37.67336529761695,-3.917167958420224,2.680966806648168,0.4793701171875,0.0048828125,0.6027892381999416,64.0,0.6102777230140473,-0.1473466455936432,72974.5390625
ppo,64,5,90112,-37.498873628318165,-3.891338574927829,2.676113612743533,0.4801025390625,0.00634765625,0.6001345545248276,64.0,0.6223392874000624,-0.1596015095710754,74220.1953125
ppo,64,5,92160,-36.60820613746033,-3.78965871300539,2.608284530306468,0.4810791015625,0.00537109375,0.5860454897224097,64.0,0.6220737873609377,-0.1586023420095443,75230.2734375
ppo,64,5,94208,-37.10607001675892,-3.881662914561416,2.604896919349792,0.482666015625,0.00732421875,0.5932929839678125,64.0,0.6015774095235773,-0.1602119207382202,76284.8515625
ppo,64,5,96256,-37.20736704943187,-3.8981170080378034,2.6056664129972007,0.4820556640625,0.0087890625,0.5948080364534655,64.0,0.6508194959909636,-0.1601774841547012,77294.375
ppo,64,5,98304,-36.98121290591125,-3.854341973226583,2.627516152365392,0.4866943359375,0.00537109375,0.5915512666550833,64.0,0.5588151619659416,-0.1590008735656738,77164.5703125
ppo,64,5,100000,-37.24819487904889,-3.866746824238315,2.646032737631432,0.4803950471698113,0.0053066037735849,0.596097286693046,64.0,0.6205116883680795,-0.1637900024652481,78695.3515625
ppo,64,6,2048,-4.272805334956889,-4.272805334956889,2.4500260892378245,0.472900390625,0.0029296875,0.6122536963716674,8.0,0.6392839690432143,-0.1659483909606933,1992.9718017578125
ppo,64,6,4096,-8.644625701079338,-4.268972221194795,2.472848320966093,0.4825439453125,0.0029296875,0.6120716866450865,32.688954360386866,0.5754325982688612,-0.1722151041030883,10048.3427734375
ppo,64,6,6144,-24.187683129024407,-4.094346233563305,2.570023578497376,0.470703125,0.00390625,0.6090646973059723,57.76970902789924,0.6529301350974704,-0.1524132490158081,66601.9765625
ppo,64,6,8192,-36.78120118471821,-4.16871771477113,2.5336962609394087,0.471923828125,0.001953125,0.611122778117493,64.0,0.580151510156364,-0.1424024999141693,145775.890625
ppo,64,6,10240,-38.25035236739063,-4.175087015685519,2.496306397044713,0.4693603515625,0.00439453125,0.6084868812804483,64.0,0.583792997846324,-0.1321305632591247,158234.125
ppo,64,6,12288,-37.940352332718085,-4.079190556178737,2.536284461088793,0.4737548828125,0.0048828125,0.6046636031524883,64.0,0.6032334638541814,-0.1255557984113693,154198.25
ppo,64,6,14336,-38.76279794815751,-4.210377586929221,2.5671132968518675,0.4754638671875,0.00341796875,0.6170075064505053,64.0,0.6071426175723094,-0.1152534410357475,161935.671875
ppo,64,6,16384,-37.85875066814928,-4.052275950640285,2.558858717457318,0.4786376953125,0.00390625,0.6036870485269464,64.0,0.5950362776379275,-0.108915090560913,153468.046875
ppo,64,6,18432,-37.992494927453365,-4.147006538904817,2.4802980174992566,0.4766845703125,0.00439453125,0.6043837212240811,64.0,0.6204882943353419,-0.1034622192382812,150665.625
ppo,64,6,20480,-37.96306388623365,-4.076293546412325,2.5461947085099146,0.473876953125,0.00390625,0.6051208989253808,64.0,0.5928549882516938,-0.0968745052814483,149880.484375
ppo,64,6,22528,-38.09920394798792,-4.117180892175833,2.5393530107880857,0.4788818359375,0.0048828125,0.6068218402823589,64.0,0.6217473713314016,-0.0924692600965499,148894.359375
ppo,64,6,24576,-37.62989253196115,-4.038306214689232,2.5199560807418675,0.476806640625,0.00390625,0.59984975566557,64.0,0.6225879359073192,-0.084186665713787,144317.546875
ppo,64,6,26624,-37.95970544047523,-4.124629292837078,2.499115345828096,0.472412109375,0.005859375,0.6041977883506813,64.0,0.5667003798600387,-0.0782182961702346,146716.21875
ppo,64,6,28672,-37.78844568686464,-4.050546931831438,2.536294379245818,0.4744873046875,0.0068359375,0.60246247776845,64.0,0.6339104316730368,-0.0763107538223266,142273.09375
ppo,64,6,30720,-37.52142481168665,-3.999675221742409,2.539990423009062,0.4776611328125,0.00390625,0.5986026712490042,64.0,0.5686127659252296,-0.0730413794517517,138353.40625
ppo,64,6,32768,-38.07556273094647,-4.092451256178318,2.5503577519167315,0.4683837890625,0.001953125,0.6068412763351456,64.0,0.5817680547172274,-0.0673337429761886,139777.8125
ppo,64,6,34816,-37.95150278815817,-4.076527667742641,2.548130560714428,0.47607421875,0.00439453125,0.6049102700074203,64.0,0.6558111437670429,-0.0659988224506378,135328.96875
ppo,64,6,36864,-37.74492055003542,-4.067367102420949,2.519860413409012,0.4776611328125,0.00341796875,0.6013848829931157,64.0,0.5971556696454269,-0.0601538643240928,131671.125
ppo,64,6,38912,-37.82295276173033,-4.048008760130965,2.5586001637410467,0.475341796875,0.00439453125,0.60312400002856,64.0,0.6719006444294638,-0.0591136813163757,129805.0546875
ppo,64,6,40960,-37.84245432839028,-4.049912540686032,2.5618159512224263,0.4786376953125,0.00146484375,0.6034382462090044,64.0,0.6039386757916857,-0.0572377145290374,127664.40625
ppo,64,6,43008,-37.700118577561966,-4.006170566322805,2.590972881143821,0.482177734375,0.0029296875,0.6016776430578421,64.0,0.6126610812746031,-0.0527749955654144,122731.7109375
ppo,64,6,45056,-38.06545889333279,-4.12101302416865,2.535937943173064,0.4779052734375,0.0029296875,0.6061508190922169,64.0,0.5839814702515558,-0.0528108701109886,120399.828125
ppo,64,6,47104,-37.17775178883748,-3.8910216926962655,2.600327070423329,0.4796142578125,0.00390625,0.5944058945739502,64.0,0.6223281132943019,-0.0520130097866058,114039.65625
ppo,64,6,49152,-37.95134053856429,-4.076077285397467,2.5538662682623965,0.476806640625,0.00537109375,0.6049154152351218,64.0,0.6137651216447394,-0.050076313316822,114409.03125
ppo,64,6,51200,-36.970269637741865,-3.884186865713708,2.575603383536225,0.48291015625,0.00732421875,0.5908229066433598,64.0,0.6363572694936367,-0.0510864555835723,105762.2578125
ppo,64,6,53248,-37.71400335584222,-3.969308864989092,2.639530050822634,0.477783203125,0.00390625,0.6025838301938059,64.0,0.5577322215357736,-0.0502688586711883,106923.6875
ppo,64,6,55296,-37.52702707979164,-4.002409187392519,2.5411142006935363,0.4796142578125,0.00244140625,0.5986538909356984,64.0,0.5852900521360253,-0.0487969294190406,102415.59375
ppo,64,6,57344,-37.971634003130575,-4.015264218614727,2.628770073926793,0.4727783203125,0.00830078125,0.6063637461520688,64.0,0.576768238313564,-0.0480496287345886,99807.7265625
ppo,64,6,59392,-37.43168152206015,-3.9830299024095295,2.554979946604353,0.4803466796875,0.00341796875,0.5972973503509039,64.0,0.5900705536869855,-0.0492563396692276,94468.140625
ppo,64,6,61440,-37.46020987305441,-4.003319866124388,2.531780150795303,0.474365234375,0.0048828125,0.5974444644094646,64.0,0.6362629653900193,-0.0494113862514495,89910.984375
ppo,64,6,63488,-37.96777187436746,-4.082526622063359,2.551385805786848,0.476806640625,0.0048828125,0.6050936652197161,64.0,0.6107186707504785,-0.049744114279747,92125.265625
ppo,64,6,65536,-37.20594420116397,-3.928444140467172,2.583423245219348,0.4864501953125,0.00390625,0.5942410725124428,64.0,0.5672536936979101,-0.0526438355445861,84864.125
ppo,64,6,67584,-37.18284353580492,-3.908520762604883,2.587241608600765,0.4788818359375,0.0048828125,0.5941843352357149,64.0,0.6118331585194052,-0.0576446577906608,81031.8203125
ppo,64,6,69632,-37.16136464908601,-3.894399616599151,2.603900306916267,0.47998046875,0.00390625,0.5940529470086939,64.0,0.6065980122037631,-0.0559089481830596,78340.4609375
ppo,64,6,71680,-37.58987680328323,-3.946669190340348,2.617227542631753,0.4730224609375,0.001953125,0.6007715645168372,64.0,0.59230294704414,-0.0576451644301414,78071.4921875
ppo,64,6,73728,-37.68010855919141,-3.987035702883147,2.6032783212749546,0.4765625,0.00537109375,0.6016620152912191,64.0,0.637093186548701,-0.0627175569534301,77641.40625
ppo,64,6,75776,-37.12710350012794,-3.9476196100686303,2.5297038587557266,0.4791259765625,0.00537109375,0.592490783751059,64.0,0.6520504239466736,-0.0691210329532623,73491.390625
ppo,64,6,77824,-37.21119742572009,-3.8865788036979754,2.6221415589126664,0.4810791015625,0.0048828125,0.5950824753932521,64.0,0.627463547921704,-0.0759763270616531,73587.8125
ppo,64,6,79872,-37.16582484416692,-3.870281899011853,2.6455468390750005,0.489013671875,0.00732421875,0.594563266877769,64.0,0.6407031503076112,-0.0797611698508262,70590.328125
ppo,64,6,81920,-37.65404068325332,-3.9964432242064847,2.5836501284712274,0.480224609375,0.00390625,0.6010285260544077,64.0,0.5799426413994178,-0.0854409262537956,72946.15625
ppo,64,6,83968,-37.029464323152986,-3.850122432108229,2.633403075965975,0.481689453125,0.00341796875,0.5924882480543707,64.0,0.6372971526602166,-0.1039689928293228,69713.15625
ppo,64,6,86016,-37.74691974375553,-3.984626188300844,2.6247648004223656,0.48193359375,0.00537109375,0.6028980992045478,64.0,0.6576399570026668,-0.1084996163845062,69738.46875
ppo,64,6,88064,-36.61285177301129,-3.772530388035743,2.641607405921581,0.4915771484375,0.00732421875,0.586434310445992,64.0,0.6090389713637775,-0.1361414492130279,66415.6875
ppo,64,6,90112,-37.07712555096858,-3.861971405712188,2.6273809358031857,0.4837646484375,0.00341796875,0.5931277525938642,64.0,0.6026533517108907,-0.1481070220470428,69751.640625
ppo,64,6,92160,-36.2812751306962,-3.7686856438729848,2.5670596027416424,0.486083984375,0.00439453125,0.5805819551218431,64.0,0.5187219926847194,-0.1627400815486908,70169.890625
ppo,64,6,94208,-37.00674869994148,-3.8406819779820935,2.635109793306448,0.485107421875,0.00439453125,0.5922511914635606,64.0,0.6030051444154945,-0.1633535027503967,72302.2421875
ppo,64,6,96256,-36.3424543250165,-3.732564656255768,2.6139230784145173,0.4874267578125,0.00439453125,0.5823194583707274,64.0,0.5541231289019481,-0.1560479998588562,78529.4765625
ppo,64,6,98304,-37.15387581710873,-3.818105698013318,2.6986809971907224,0.482421875,0.0048828125,0.595281609269561,64.0,0.6046924888955805,-0.1598668247461319,76584.734375
ppo,64,6,100000,-36.71871157342923,-3.739837572053933,2.699419013588955,0.4857016509433962,0.0070754716981132,0.5889084643102732,64.0,0.5972396066495445,-0.1626186370849609,74008.0078125
ppo,64,7,2048,-4.213581309325296,-4.213581309325296,2.5073544562776147,0.4681396484375,0.0048828125,0.61325502669674,8.0,0.5686930701703934,-0.1670518219470977,1980.4775390625
ppo,64,7,4096,-8.342221785605277,-4.147540510881138,2.5158820421188777,0.4705810546875,0.00244140625,0.6077787229888238,32.65083390633489,0.6477138749081078,-0.1657434403896331,9416.7578125
ppo,64,7,6144,-23.845751184615526,-4.231982329554143,2.498936736159998,0.47509765625,0.00634765625,0.6127908550522214,56.007047567266405,0.6123600493028347,-0.1510336995124817,64434.0703125
ppo,64,7,8192,-36.62985331175386,-4.252603614698504,2.4920390648973427,0.468017578125,0.001953125,0.614871847448698,64.0,0.6038649497446127,-0.1408464014530182,145230.9375
ppo,64,7,10240,-38.66181894092318,-4.278070978730967,2.4698801274765625,0.4765625,0.001953125,0.613995499324861,64.0,0.5597796320459357,-0.1292831301689148,160513.75
ppo,64,7,12288,-38.73993920828877,-4.260282869301173,2.5094879863817776,0.475830078125,0.0029296875,0.6157081489104929,64.0,0.6032467235094499,-0.1204408258199691,162006.578125
ppo,64,7,14336,-37.999300166928975,-4.098189724210036,2.529466081209957,0.472412109375,0.00439453125,0.6053769721914097,64.0,0.5944697784917272,-0.1125850826501846,155070.46875
ppo,64,7,16384,-38.88100184655514,-4.27916755042204,2.50049412768965,0.4688720703125,0.00341796875,0.617889898145234,64.0,0.6318611081639269,-0.1031262427568435,160380.65625
ppo,64,7,18432,-38.2947618316359,-4.166211027051002,2.523023691726994,0.4754638671875,0.005859375,0.6094384072247304,64.0,0.5778444483344298,-0.096865102648735,154436.40625
ppo,64,7,20480,-38.26135798244201,-4.175371596582195,2.4951331568819564,0.4744873046875,0.00537109375,0.6086783283189252,64.0,0.541220852929461,-0.0894039124250412,153104.5625
ppo,64,7,22528,-37.90366992946168,-4.022585756496624,2.5912835976223594,0.468994140625,0.001953125,0.6050193602315188,64.0,0.6080299764201328,-0.0874222517013549,148577.984375
ppo,64,7,24576,-38.94536758206469,-4.248902016660515,2.540087546169169,0.46484375,0.00537109375,0.6195797422393603,64.0,0.6168718714322227,-0.0794898122549057,155168.8125
ppo,64,7,26624,-37.97662008460682,-4.106036651071598,2.526273385127279,0.4747314453125,0.00634765625,0.6048318470274147,64.0,0.5921787797562511,-0.0741869807243347,145068.375
ppo,64,7,28672,-38.4951471441032,-4.170377509457923,2.547971420465241,0.4696044921875,0.0029296875,0.61294231490438,64.0,0.6360617520795818,-0.0689599886536598,145477.421875
ppo,64,7,30720,-38.430614005779816,-4.178464217109887,2.5427016190793434,0.47900390625,0.00439453125,0.6116455319405344,64.0,0.6521782679829068,-0.066960871219635,142870.515625
ppo,64,7,32768,-37.96901715330006,-4.091744291143765,2.5427970474133814,0.4781494140625,0.00439453125,0.6049513011099339,64.0,0.572280490122508,-0.0616550892591476,136550.59375
ppo,64,7,34816,-37.96792189660927,-4.076201472089002,2.564069508476367,0.47900390625,0.00341796875,0.6052092932950046,64.0,0.5613326986952941,-0.0608485341072082,135147.1875
ppo,64,7,36864,-38.69393062102783,-4.211864633483778,2.548027397604593,0.474853515625,0.00390625,0.615751178349001,64.0,0.661905153674763,-0.0557370632886886,136137.21875
ppo,64,7,38912,-38.22151207960013,-4.10047211260644,2.5868586670254343,0.4805908203125,0.00439453125,0.6093042851248873,64.0,0.6503145884101107,-0.0538239926099777,130198.828125
ppo,64,7,40960,-37.87328169769553,-4.097008390433276,2.517354830962083,0.4798583984375,0.00634765625,0.603147737629683,64.0,0.5756168400694471,-0.0516786873340606,125837.5625
ppo,64,7,43008,-38.22189153848954,-4.129022870726294,2.5427723153608506,0.4739990234375,0.0029296875,0.6088012262100579,64.0,0.6066297269465163,-0.0511526316404342,124210.1875
ppo,64,7,45056,-38.01266449882924,-4.077369251484313,2.566167089377287,0.4779052734375,0.00341796875,0.6059874151311595,64.0,0.6101471815879861,-0.0489097088575363,118775.9375
ppo,64,7,47104,-37.72650393776984,-3.9755896665334793,2.6237102947017137,0.4801025390625,0.0029296875,0.6026948977006492,64.0,0.644032216545928,-0.0504441708326339,113205.8125
ppo,64,7,49152,-38.21914165771132,-4.095946089879906,2.597399617144558,0.4781494140625,0.0048828125,0.6093427779969894,64.0,0.5917663659655433,-0.048707365989685,113087.3671875
ppo,64,7,51200,-38.00297043789751,-4.064030641594808,2.578582102646352,0.481201171875,0.00341796875,0.6060524963625482,64.0,0.5533103675083499,-0.0514250323176384,109472.90625
ppo,64,7,53248,-38.10648826561714,-4.085625760459921,2.578008436810607,0.4774169921875,0.00634765625,0.6075154018778074,64.0,0.6036399413371689,-0.0445682778954505,103263.578125
ppo,64,7,55296,-37.64208688275923,-3.982878168957248,2.5855405918992664,0.4744873046875,0.00390625,0.6010572984607496,64.0,0.6227223229324177,-0.0464909598231315,98721.7109375
ppo,64,7,57344,-37.39480380527382,-3.965517773448168,2.571927642835409,0.483154296875,0.00537109375,0.5969515362826008,64.0,0.6435554826652797,-0.0457876026630401,93817.3671875
ppo,64,7,59392,-37.75945808236016,-3.999408723254015,2.597311482933601,0.47607421875,0.00439453125,0.6028580242697525,64.0,0.5151058725740237,-0.0458462759852409,91220.484375
ppo,64,7,61440,-37.820369001133415,-4.035548047464441,2.571561144686993,0.4798583984375,0.00439453125,0.6033003741726604,64.0,0.6575891597800166,-0.0477963536977767,90106.25
ppo,64,7,63488,-37.87311035171411,-3.991239176023055,2.632256436266947,0.4755859375,0.00634765625,0.605033413851626,64.0,0.65149275140961,-0.048693835735321,87866.953125
ppo,64,7,65536,-37.511434792373535,-3.9815137794717055,2.5797109721391203,0.48193359375,0.00732421875,0.5987485895161041,64.0,0.5621569637191008,-0.0509619638323783,81425.1875
ppo,64,7,67584,-38.07397161804248,-4.0651956829366,2.5951657633905416,0.478759765625,0.0048828125,0.6072995702697479,64.0,0.6547758867750572,-0.0539714619517326,83881.96875
ppo,64,7,69632,-37.38850947209168,-3.920316979671294,2.6154393168333927,0.4744873046875,0.0029296875,0.597646294507507,64.0,0.5492686234039548,-0.0575493425130844,76435.9375
ppo,64,7,71680,-37.956177226374095,-4.028423991414891,2.6161131189304307,0.47705078125,0.00244140625,0.6058527363385572,64.0,0.6191688355123565,-0.0575031638145446,78153.4296875
ppo,64,7,73728,-37.14677675557594,-3.87110206615806,2.625567369644903,0.4849853515625,0.00439453125,0.5942084765967479,64.0,0.6274032550720363,-0.0665415227413177,73009.90625
ppo,64,7,75776,-37.16794758730737,-3.8861622035398575,2.620249385156778,0.482177734375,0.00439453125,0.5943175961387055,64.0,0.6450275088223244,-0.0742770135402679,69909.578125
ppo,64,7,77824,-37.684514805987774,-3.928378425898415,2.658724634838768,0.47509765625,0.00439453125,0.6027881496444529,64.0,0.5925668523577596,-0.0785198807716369,73605.4765625
ppo,64,7,79872,-37.54308988244421,-3.9172677396617823,2.645560574121584,0.475341796875,0.00732421875,0.6004611096925432,64.0,0.5675975342640557,-0.0881450921297073,70479.8515625
ppo,64,7,81920,-37.16054336139793,-3.858969593072204,2.6482051517499574,0.480224609375,0.0078125,0.5946709601486736,64.0,0.572858328234102,-0.1055220887064933,68488.765625
ppo,64,7,83968,-37.50125832744624,-3.9808783906514864,2.581798400442173,0.481689453125,0.0029296875,0.5985782131570492,64.0,0.5575053833458775,-0.1148885115981102,71072.890625
ppo,64,7,86016,-37.39145740568668,-3.928249177553367,2.612782639564588,0.4803466796875,0.00537109375,0.5975572897880949,64.0,0.6107238496268053,-0.1372730433940887,70448.421875
ppo,64,7,88064,-37.68637871980597,-3.934338623922352,2.651054020256632,0.4771728515625,0.00341796875,0.6027150017122076,64.0,0.6494342559539481,-0.1535505205392837,71734.625
ppo,64,7,90112,-37.49685734139277,-3.9718760467793737,2.5744010123405348,0.476806640625,0.00439453125,0.5986603802609536,64.0,0.5370214672500206,-0.1614287793636322,73144.3125
ppo,64,7,92160,-37.1373816333736,-3.829341630503648,2.6699658108298494,0.4761962890625,0.005859375,0.5947864286226777,64.0,0.5850157078051355,-0.1606343537569046,77379.34375
ppo,64,7,94208,-37.05167042131411,-3.808426189978452,2.678691853068561,0.4810791015625,0.01025390625,0.593629361273851,64.0,0.6055014639411836,-0.1590417921543121,80643.671875
ppo,64,7,96256,-37.00956414486973,-3.837515120549184,2.638383147213487,0.48681640625,0.0068359375,0.5923580182914383,64.0,0.5938511994842128,-0.1610278189182281,75952.6875
ppo,64,7,98304,-36.73147860601645,-3.7830928904520102,2.649848862166915,0.48193359375,0.00634765625,0.5883640306350792,64.0,0.5942039711385969,-0.1603989601135254,75539.3046875
ppo,64,7,100000,-37.69379730884848,-3.9118122272502993,2.6925721176679507,0.4789209905660377,0.0058962264150943,0.6032497335999676,64.0,0.612462529043897,-0.160357266664505,79003.1875
