method,seed,scenario,split,sum_rate,reward,qos_fraction,all_qos,violation,iterations,evaluations,accepted_steps,solver,initialization,objective_history,surrogate_records,grid,solve_ms,config_hash,git_commit,bank_checksum
ao_grid,10000,750,test,3.9820587000795697,3.9820587000795697,1.0,True,0.0,2,4159,0,ao_grid_coordinate_codebook,analytical_ris_equal_allocation,"[1.8379900255444919, 3.9820565361309894, 3.9820587000795697]",[],"{""allocation_levels"": 7, ""beta_levels"": 5, ""phase_levels"": 8}",1626.621774,eb978e84730de4cf1e0579ad9e17edb700c67ba6eceac89d1fe3698763a419f7,fc61d5cda7da39530055bae9bd0e92865f995cd9,4e84455d08cacd9f85c432f7838c3be2cb0f000b55edc3487c6dee9520cc0b63
ao_grid,10000,751,test,3.9820541103929044,3.9820541103929044,1.0,True,0.0,2,4159,0,ao_grid_coordinate_codebook,analytical_ris_equal_allocation,"[1.8379831759821756, 3.9820512747850576, 3.9820541103929044]",[],"{""allocation_levels"": 7, ""beta_levels"": 5, ""phase_levels"": 8}",1724.906353,eb978e84730de4cf1e0579ad9e17edb700c67ba6eceac89d1fe3698763a419f7,fc61d5cda7da39530055bae9bd0e92865f995cd9,4e84455d08cacd9f85c432f7838c3be2cb0f000b55edc3487c6dee9520cc0b63
ao_grid,10000,752,test,3.9820581536539357,3.9820581536539357,1.0,True,0.0,2,4159,0,ao_grid_coordinate_codebook,analytical_ris_equal_allocation,"[1.837987392453419, 3.9820559227957766, 3.9820581536539357]",[],"{""allocation_levels"": 7, ""beta_levels"": 5, ""phase_levels"": 8}",1603.022536,eb978e84730de4cf1e0579ad9e17edb700c67ba6eceac89d1fe3698763a419f7,fc61d5cda7da39530055bae9bd0e92865f995cd9,4e84455d08cacd9f85c432f7838c3be2cb0f000b55edc3487c6dee9520cc0b63
ao_grid,10000,753,test,3.982057088763238,3.982057088763238,1.0,True,0.0,2,4159,0,ao_grid_coordinate_codebook,analytical_ris_equal_allocation,"[1.837980869955373, 3.9820543059685933, 3.982057088763238]",[],"{""allocation_levels"": 7, ""beta_levels"": 5, ""phase_levels"": 8}",1646.928795,eb978e84730de4cf1e0579ad9e17edb700c67ba6eceac89d1fe3698763a419f7,fc61d5cda7da39530055bae9bd0e92865f995cd9,4e84455d08cacd9f85c432f7838c3be2cb0f000b55edc3487c6dee9520cc0b63
ao_grid,10000,754,test,3.9820606814598616,3.9820606814598616,1.0,True,0.0,2,4159,0,ao_grid_coordinate_codebook,analytical_ris_equal_allocation,"[1.8379957215992921, 3.9820590996771283, 3.9820606814598616]",[],"{""allocation_levels"": 7, ""beta_levels"": 5, ""phase_levels"": 8}",1664.86862,eb978e84730de4cf1e0579ad9e17edb700c67ba6eceac89d1fe3698763a419f7,fc61d5cda7da39530055bae9bd0e92865f995cd9,4e84455d08cacd9f85c432f7838c3be2cb0f000b55edc3487c6dee9520cc0b63
ao_grid,10000,755,test,3.982060326051218,3.982060326051218,1.0,True,0.0,2,4159,0,ao_grid_coordinate_codebook,analytical_ris_equal_allocation,"[1.8379882857025283, 3.982059319733807, 3.982060326051218]",[],"{""allocation_levels"": 7, ""beta_levels"": 5, ""phase_levels"": 8}",1621.353891,eb978e84730de4cf1e0579ad9e17edb700c67ba6eceac89d1fe3698763a419f7,fc61d5cda7da39530055bae9bd0e92865f995cd9,4e84455d08cacd9f85c432f7838c3be2cb0f000b55edc3487c6dee9520cc0b63
ao_grid,10000,756,test,3.9820599556447034,3.9820599556447034,1.0,True,0.0,2,4159,0,ao_grid_coordinate_codebook,analytical_ris_equal_allocation,"[1.8379965737627861, 3.9820578975099474, 3.9820599556447034]",[],"{""allocation_levels"": 7, ""beta_levels"": 5, ""phase_levels"": 8}",1689.187606,eb978e84730de4cf1e0579ad9e17edb700c67ba6eceac89d1fe3698763a419f7,fc61d5cda7da39530055bae9bd0e92865f995cd9,4e84455d08cacd9f85c432f7838c3be2cb0f000b55edc3487c6dee9520cc0b63
ao_grid,10000,757,test,3.982058657041283,3.982058657041283,1.0,True,0.0,2,4159,0,ao_grid_coordinate_codebook,analytical_ris_equal_allocation,"[1.837998793839641, 3.982057613694727, 3.982058657041283]",[],"{""allocation_levels"": 7, ""beta_levels"": 5, ""phase_levels"": 8}",1667.898717,eb978e84730de4cf1e0579ad9e17edb700c67ba6eceac89d1fe3698763a419f7,fc61d5cda7da39530055bae9bd0e92865f995cd9,4e84455d08cacd9f85c432f7838c3be2cb0f000b55edc3487c6dee9520cc0b63
ao_grid,10000,758,test,3.9820601896178265,3.9820601896178265,1.0,True,0.0,2,4159,0,ao_grid_coordinate_codebook,analytical_ris_equal_allocation,"[1.8379923126763147, 3.9820583894855828, 3.9820601896178265]",[],"{""allocation_levels"": 7, ""beta_levels"": 5, ""phase_levels"": 8}",1621.486866,eb978e84730de4cf1e0579ad9e17edb700c67ba6eceac89d1fe3698763a419f7,fc61d5cda7da39530055bae9bd0e92865f995cd9,4e84455d08cacd9f85c432f7838c3be2cb0f000b55edc3487c6dee9520cc0b63
ao_grid,10000,759,test,3.9820618444646336,3.9820618444646336,1.0,True,0.0,2,4159,0,ao_grid_coordinate_codebook,analytical_ris_equal_allocation,"[1.8380122681408066, 3.9820610063682476, 3.9820618444646336]",[],"{""allocation_levels"": 7, ""beta_levels"": 5, ""phase_levels"": 8}",1636.413431,eb978e84730de4cf1e0579ad9e17edb700c67ba6eceac89d1fe3698763a419f7,fc61d5cda7da39530055bae9bd0e92865f995cd9,4e84455d08cacd9f85c432f7838c3be2cb0f000b55edc3487c6dee9520cc0b63
ao_grid,10000,760,test,3.982058663674623,3.982058663674623,1.0,True,0.0,2,4159,0,ao_grid_coordinate_codebook,analytical_ris_equal_allocation,"[1.837999665464976, 3.982057785796835, 3.982058663674623]",[],"{""allocation_levels"": 7, ""beta_levels"": 5, ""phase_levels"": 8}",1595.964727,eb978e84730de4cf1e0579ad9e17edb700c67ba6eceac89d1fe3698763a419f7,fc61d5cda7da39530055bae9bd0e92865f995cd9,4e84455d08cacd9f85c432f7838c3be2cb0f000b55edc3487c6dee9520cc0b63
ao_grid,10000,761,test,3.9820542940799006,3.9820542940799006,1.0,True,0.0,2,4159,0,ao_grid_coordinate_codebook,analytical_ris_equal_allocation,"[1.837940305506289, 3.982051934702893, 3.9820542940799006]",[],"{""allocation_levels"": 7, ""beta_levels"": 5, ""phase_levels"": 8}",1638.367228,eb978e84730de4cf1e0579ad9e17edb700c67ba6eceac89d1fe3698763a419f7,fc61d5cda7da39530055bae9bd0e92865f995cd9,4e84455d08cacd9f85c432f7838c3be2cb0f000b55edc3487c6dee9520cc0b63
ao_grid,10000,762,test,3.982054823295634,3.982054823295634,1.0,True,0.0,2,4159,0,ao_grid_coordinate_codebook,analytical_ris_equal_allocation,"[1.837977721439193, 3.9820532749114594, 3.982054823295634]",[],"{""allocation_levels"": 7, ""beta_levels"": 5, ""phase_levels"": 8}",1652.681711,eb978e84730de4cf1e0579ad9e17edb700c67ba6eceac89d1fe3698763a419f7,fc61d5cda7da39530055bae9bd0e92865f995cd9,4e84455d08cacd9f85c432f7838c3be2cb0f000b55edc3487c6dee9520cc0b63
ao_grid,10000,763,test,3.982059411485463,3.982059411485463,1.0,True,0.0,2,4159,0,ao_grid_coordinate_codebook,analytical_ris_equal_allocation,"[1.83799125746829, 3.9820583161528074, 3.982059411485463]",[],"{""allocation_levels"": 7, ""beta_levels"": 5, ""phase_levels"": 8}",1697.741638,eb978e84730de4cf1e0579ad9e17edb700c67ba6eceac89d1fe3698763a419f7,fc61d5cda7da39530055bae9bd0e92865f995cd9,4e84455d08cacd9f85c432f7838c3be2cb0f000b55edc3487c6dee9520cc0b63
ao_grid,10000,764,test,3.982059193626142,3.982059193626142,1.0,True,0.0,2,4159,0,ao_grid_coordinate_codebook,analytical_ris_equal_allocation,"[1.8379942454470297, 3.9820560396555615, 3.982059193626142]",[],"{""allocation_levels"": 7, ""beta_levels"": 5, ""phase_levels"": 8}",1674.062289,eb978e84730de4cf1e0579ad9e17edb700c67ba6eceac89d1fe3698763a419f7,fc61d5cda7da39530055bae9bd0e92865f995cd9,4e84455d08cacd9f85c432f7838c3be2cb0f000b55edc3487c6dee9520cc0b63
ao_grid,10000,765,test,3.9820569198831586,3.9820569198831586,1.0,True,0.0,2,4159,0,ao_grid_coordinate_codebook,analytical_ris_equal_allocation,"[1.83798096381743, 3.982055045937118, 3.9820569198831586]",[],"{""allocation_levels"": 7, ""beta_levels"": 5, ""phase_levels"": 8}",1708.008291,eb978e84730de4cf1e0579ad9e17edb700c67ba6eceac89d1fe3698763a419f7,fc61d5cda7da39530055bae9bd0e92865f995cd9,4e84455d08cacd9f85c432f7838c3be2cb0f000b55edc3487c6dee9520cc0b63
ao_grid,10000,766,test,3.9820575844180093,3.9820575844180093,1.0,True,0.0,2,4159,0,ao_grid_coordinate_codebook,analytical_ris_equal_allocation,"[1.8379834491265603, 3.9820557570474664, 3.9820575844180093]",[],"{""allocation_levels"": 7, ""beta_levels"": 5, ""phase_levels"": 8}",1625.025538,eb978e84730de4cf1e0579ad9e17edb700c67ba6eceac89d1fe3698763a419f7,fc61d5cda7da39530055bae9bd0e92865f995cd9,4e84455d08cacd9f85c432f7838c3be2cb0f000b55edc3487c6dee9520cc0b63
ao_grid,10000,767,test,3.9820565974473174,3.9820565974473174,1.0,True,0.0,2,4159,0,ao_grid_coordinate_codebook,analytical_ris_equal_allocation,"[1.8379871203639864, 3.9820543533547887, 3.9820565974473174]",[],"{""allocation_levels"": 7, ""beta_levels"": 5, ""phase_levels"": 8}",1631.164601,eb978e84730de4cf1e0579ad9e17edb700c67ba6eceac89d1fe3698763a419f7,fc61d5cda7da39530055bae9bd0e92865f995cd9,4e84455d08cacd9f85c432f7838c3be2cb0f000b55edc3487c6dee9520cc0b63
ao_grid,10000,768,test,3.982058449234058,3.982058449234058,1.0,True,0.0,2,4159,0,ao_grid_coordinate_codebook,analytical_ris_equal_allocation,"[1.837985204088496, 3.9820568736146464, 3.982058449234058]",[],"{""allocation_levels"": 7, ""beta_levels"": 5, ""phase_levels"": 8}",1630.55925,eb978e84730de4cf1e0579ad9e17edb700c67ba6eceac89d1fe3698763a419f7,fc61d5cda7da39530055bae9bd0e92865f995cd9,4e84455d08cacd9f85c432f7838c3be2cb0f000b55edc3487c6dee9520cc0b63
ao_grid,10000,769,test,3.982060609554939,3.982060609554939,1.0,True,0.0,2,4159,0,ao_grid_coordinate_codebook,analytical_ris_equal_allocation,"[1.838009621132777, 3.982059689553396, 3.982060609554939]",[],"{""allocation_levels"": 7, ""beta_levels"": 5, ""phase_levels"": 8}",1690.22697,eb978e84730de4cf1e0579ad9e17edb700c67ba6eceac89d1fe3698763a419f7,fc61d5cda7da39530055bae9bd0e92865f995cd9,4e84455d08cacd9f85c432f7838c3be2cb0f000b55edc3487c6dee9520cc0b63
ao_grid,10000,770,test,3.9820581444195544,3.9820581444195544,1.0,True,0.0,2,4159,0,ao_grid_coordinate_codebook,analytical_ris_equal_allocation,"[1.8379944949716864, 3.982057087718588, 3.9820581444195544]",[],"{""allocation_levels"": 7, ""beta_levels"": 5, ""phase_levels"": 8}",1642.018785,eb978e84730de4cf1e0579ad9e17edb700c67ba6eceac89d1fe3698763a419f7,fc61d5cda7da39530055bae9bd0e92865f995cd9,4e84455d08cacd9f85c432f7838c3be2cb0f000b55edc3487c6dee9520cc0b63
ao_grid,10000,771,test,3.982059519728406,3.982059519728406,1.0,True,0.0,2,4159,0,ao_grid_coordinate_codebook,analytical_ris_equal_allocation,"[1.8379855330424846, 3.9820574406810656, 3.982059519728406]",[],"{""allocation_levels"": 7, ""beta_levels"": 5, ""phase_levels"": 8}",1617.605768,eb978e84730de4cf1e0579ad9e17edb700c67ba6eceac89d1fe3698763a419f7,fc61d5cda7da39530055bae9bd0e92865f995cd9,4e84455d08cacd9f85c432f7838c3be2cb0f000b55edc3487c6dee9520cc0b63
ao_grid,10000,772,test,3.982057384181506,3.982057384181506,1.0,True,0.0,2,4159,0,ao_grid_coordinate_codebook,analytical_ris_equal_allocation,"[1.837995436248973, 3.9820554206910326, 3.982057384181506]",[],"{""allocation_levels"": 7, ""beta_levels"": 5, ""phase_levels"": 8}",1644.928887,eb978e84730de4cf1e0579ad9e17edb700c67ba6eceac89d1fe3698763a419f7,fc61d5cda7da39530055bae9bd0e92865f995cd9,4e84455d08cacd9f85c432f7838c3be2cb0f000b55edc3487c6dee9520cc0b63
ao_grid,10000,773,test,3.9820571309309196,3.9820571309309196,1.0,True,0.0,2,4159,0,ao_grid_coordinate_codebook,analytical_ris_equal_allocation,"[1.8379666278399591, 3.9820543099965677, 3.9820571309309196]",[],"{""allocation_levels"": 7, ""beta_levels"": 5, ""phase_levels"": 8}",1632.432231,eb978e84730de4cf1e0579ad9e17edb700c67ba6eceac89d1fe3698763a419f7,fc61d5cda7da39530055bae9bd0e92865f995cd9,4e84455d08cacd9f85c432f7838c3be2cb0f000b55edc3487c6dee9520cc0b63
ao_grid,10000,774,test,3.982057953520387,3.982057953520387,1.0,True,0.0,2,4159,0,ao_grid_coordinate_codebook,analytical_ris_equal_allocation,"[1.8379859979432478, 3.98205565628248, 3.982057953520387]",[],"{""allocation_levels"": 7, ""beta_levels"": 5, ""phase_levels"": 8}",1661.264031,eb978e84730de4cf1e0579ad9e17edb700c67ba6eceac89d1fe3698763a419f7,fc61d5cda7da39530055bae9bd0e92865f995cd9,4e84455d08cacd9f85c432f7838c3be2cb0f000b55edc3487c6dee9520cc0b63
ao_grid,10000,775,test,3.9820620773614186,3.9820620773614186,1.0,True,0.0,2,4159,0,ao_grid_coordinate_codebook,analytical_ris_equal_allocation,"[1.8380002075614337, 3.9820602885052665, 3.9820620773614186]",[],"{""allocation_levels"": 7, ""beta_levels"": 5, ""phase_levels"": 8}",1666.972431,eb978e84730de4cf1e0579ad9e17edb700c67ba6eceac89d1fe3698763a419f7,fc61d5cda7da39530055bae9bd0e92865f995cd9,4e84455d08cacd9f85c432f7838c3be2cb0f000b55edc3487c6dee9520cc0b63
ao_grid,10000,776,test,3.982058225673607,3.982058225673607,1.0,True,0.0,2,4159,0,ao_grid_coordinate_codebook,analytical_ris_equal_allocation,"[1.8380010386027714, 3.982057196478123, 3.982058225673607]",[],"{""allocation_levels"": 7, ""beta_levels"": 5, ""phase_levels"": 8}",1603.974968,eb978e84730de4cf1e0579ad9e17edb700c67ba6eceac89d1fe3698763a419f7,fc61d5cda7da39530055bae9bd0e92865f995cd9,4e84455d08cacd9f85c432f7838c3be2cb0f000b55edc3487c6dee9520cc0b63
ao_grid,10000,777,test,3.9820550634144483,3.9820550634144483,1.0,True,0.0,2,4159,0,ao_grid_coordinate_codebook,analytical_ris_equal_allocation,"[1.8379725891291057, 3.9820515163622616, 3.9820550634144483]",[],"{""allocation_levels"": 7, ""beta_levels"": 5, ""phase_levels"": 8}",1609.154664,eb978e84730de4cf1e0579ad9e17edb700c67ba6eceac89d1fe3698763a419f7,fc61d5cda7da39530055bae9bd0e92865f995cd9,4e84455d08cacd9f85c432f7838c3be2cb0f000b55edc3487c6dee9520cc0b63
ao_grid,10000,778,test,3.9820593343088455,3.9820593343088455,1.0,True,0.0,2,4159,0,ao_grid_coordinate_codebook,analytical_ris_equal_allocation,"[1.8379730277695658, 3.9820527902796243, 3.9820593343088455]",[],"{""allocation_levels"": 7, ""beta_levels"": 5, ""phase_levels"": 8}",1607.700246,eb978e84730de4cf1e0579ad9e17edb700c67ba6eceac89d1fe3698763a419f7,fc61d5cda7da39530055bae9bd0e92865f995cd9,4e84455d08cacd9f85c432f7838c3be2cb0f000b55edc3487c6dee9520cc0b63
ao_grid,10000,779,test,3.98205941862923,3.98205941862923,1.0,True,0.0,2,4159,0,ao_grid_coordinate_codebook,analytical_ris_equal_allocation,"[1.8379960530390536, 3.982058580449177, 3.98205941862923]",[],"{""allocation_levels"": 7, ""beta_levels"": 5, ""phase_levels"": 8}",1607.901236,eb978e84730de4cf1e0579ad9e17edb700c67ba6eceac89d1fe3698763a419f7,fc61d5cda7da39530055bae9bd0e92865f995cd9,4e84455d08cacd9f85c432f7838c3be2cb0f000b55edc3487c6dee9520cc0b63
ao_grid,10000,780,test,3.982057191964267,3.982057191964267,1.0,True,0.0,2,4159,0,ao_grid_coordinate_codebook,analytical_ris_equal_allocation,"[1.837974033130566, 3.9820554181070476, 3.982057191964267]",[],"{""allocation_levels"": 7, ""beta_levels"": 5, ""phase_levels"": 8}",1609.012548,eb978e84730de4cf1e0579ad9e17edb700c67ba6eceac89d1fe3698763a419f7,fc61d5cda7da39530055bae9bd0e92865f995cd9,4e84455d08cacd9f85c432f7838c3be2cb0f000b55edc3487c6dee9520cc0b63
ao_grid,10000,781,test,3.982059199878362,3.982059199878362,1.0,True,0.0,2,4159,0,ao_grid_coordinate_codebook,analytical_ris_equal_allocation,"[1.837980963859967, 3.9820571452794944, 3.982059199878362]",[],"{""allocation_levels"": 7, ""beta_levels"": 5, ""phase_levels"": 8}",1661.300896,eb978e84730de4cf1e0579ad9e17edb700c67ba6eceac89d1fe3698763a419f7,fc61d5cda7da39530055bae9bd0e92865f995cd9,4e84455d08cacd9f85c432f7838c3be2cb0f000b55edc3487c6dee9520cc0b63
ao_grid,10000,782,test,3.9820575800045193,3.9820575800045193,1.0,True,0.0,2,4159,0,ao_grid_coordinate_codebook,analytical_ris_equal_allocation,"[1.8379821124734064, 3.9820557450442937, 3.9820575800045193]",[],"{""allocation_levels"": 7, ""beta_levels"": 5, ""phase_levels"": 8}",1615.714175,eb978e84730de4cf1e0579ad9e17edb700c67ba6eceac89d1fe3698763a419f7,fc61d5cda7da39530055bae9bd0e92865f995cd9,4e84455d08cacd9f85c432f7838c3be2cb0f000b55edc3487c6dee9520cc0b63
ao_grid,10000,783,test,3.9820625289337785,3.9820625289337785,1.0,True,0.0,2,4159,0,ao_grid_coordinate_codebook,analytical_ris_equal_allocation,"[1.838008462129595, 3.9820610410727735, 3.9820625289337785]",[],"{""allocation_levels"": 7, ""beta_levels"": 5, ""phase_levels"": 8}",1626.851637,eb978e84730de4cf1e0579ad9e17edb700c67ba6eceac89d1fe3698763a419f7,fc61d5cda7da39530055bae9bd0e92865f995cd9,4e84455d08cacd9f85c432f7838c3be2cb0f000b55edc3487c6dee9520cc0b63
ao_grid,10000,784,test,3.9820603776952472,3.9820603776952472,1.0,True,0.0,2,4159,0,ao_grid_coordinate_codebook,analytical_ris_equal_allocation,"[1.8379873599137324, 3.982058712884885, 3.9820603776952472]",[],"{""allocation_levels"": 7, ""beta_levels"": 5, ""phase_levels"": 8}",1638.076542,eb978e84730de4cf1e0579ad9e17edb700c67ba6eceac89d1fe3698763a419f7,fc61d5cda7da39530055bae9bd0e92865f995cd9,4e84455d08cacd9f85c432f7838c3be2cb0f000b55edc3487c6dee9520cc0b63
ao_grid,10000,785,test,3.9820554077920916,3.9820554077920916,1.0,True,0.0,2,4159,0,ao_grid_coordinate_codebook,analytical_ris_equal_allocation,"[1.8379806010415491, 3.98205308892998, 3.9820554077920916]",[],"{""allocation_levels"": 7, ""beta_levels"": 5, ""phase_levels"": 8}",1614.76347,eb978e84730de4cf1e0579ad9e17edb700c67ba6eceac89d1fe3698763a419f7,fc61d5cda7da39530055bae9bd0e92865f995cd9,4e84455d08cacd9f85c432f7838c3be2cb0f000b55edc3487c6dee9520cc0b63
ao_grid,10000,786,test,3.982059047300072,3.982059047300072,1.0,True,0.0,2,4159,0,ao_grid_coordinate_codebook,analytical_ris_equal_allocation,"[1.837981712868437, 3.9820568645281367, 3.982059047300072]",[],"{""allocation_levels"": 7, ""beta_levels"": 5, ""phase_levels"": 8}",1649.647999,eb978e84730de4cf1e0579ad9e17edb700c67ba6eceac89d1fe3698763a419f7,fc61d5cda7da39530055bae9bd0e92865f995cd9,4e84455d08cacd9f85c432f7838c3be2cb0f000b55edc3487c6dee9520cc0b63
ao_grid,10000,787,test,3.982057354283478,3.982057354283478,1.0,True,0.0,2,4159,0,ao_grid_coordinate_codebook,analytical_ris_equal_allocation,"[1.837980679223655, 3.9820554150553136, 3.982057354283478]",[],"{""allocation_levels"": 7, ""beta_levels"": 5, ""phase_levels"": 8}",1725.715518,eb978e84730de4cf1e0579ad9e17edb700c67ba6eceac89d1fe3698763a419f7,fc61d5cda7da39530055bae9bd0e92865f995cd9,4e84455d08cacd9f85c432f7838c3be2cb0f000b55edc3487c6dee9520cc0b63
ao_grid,10000,788,test,3.9820612515453497,3.9820612515453497,1.0,True,0.0,2,4159,0,ao_grid_coordinate_codebook,analytical_ris_equal_allocation,"[1.8380073003817143, 3.982059761137703, 3.9820612515453497]",[],"{""allocation_levels"": 7, ""beta_levels"": 5, ""phase_levels"": 8}",1679.682291,eb978e84730de4cf1e0579ad9e17edb700c67ba6eceac89d1fe3698763a419f7,fc61d5cda7da39530055bae9bd0e92865f995cd9,4e84455d08cacd9f85c432f7838c3be2cb0f000b55edc3487c6dee9520cc0b63
ao_grid,10000,789,test,3.982060591268046,3.982060591268046,1.0,True,0.0,2,4159,0,ao_grid_coordinate_codebook,analytical_ris_equal_allocation,"[1.8379675316205317, 3.982056958927201, 3.982060591268046]",[],"{""allocation_levels"": 7, ""beta_levels"": 5, ""phase_levels"": 8}",1695.913714,eb978e84730de4cf1e0579ad9e17edb700c67ba6eceac89d1fe3698763a419f7,fc61d5cda7da39530055bae9bd0e92865f995cd9,4e84455d08cacd9f85c432f7838c3be2cb0f000b55edc3487c6dee9520cc0b63
ao_grid,10000,790,test,3.98205283883876,3.98205283883876,1.0,True,0.0,2,4159,0,ao_grid_coordinate_codebook,analytical_ris_equal_allocation,"[1.8379792935804389, 3.9820512807887267, 3.98205283883876]",[],"{""allocation_levels"": 7, ""beta_levels"": 5, ""phase_levels"": 8}",1732.091259,eb978e84730de4cf1e0579ad9e17edb700c67ba6eceac89d1fe3698763a419f7,fc61d5cda7da39530055bae9bd0e92865f995cd9,4e84455d08cacd9f85c432f7838c3be2cb0f000b55edc3487c6dee9520cc0b63
ao_grid,10000,791,test,3.982055488101766,3.982055488101766,1.0,True,0.0,2,4159,0,ao_grid_coordinate_codebook,analytical_ris_equal_allocation,"[1.8379727023034866, 3.9820529940778524, 3.982055488101766]",[],"{""allocation_levels"": 7, ""beta_levels"": 5, ""phase_levels"": 8}",1787.133748,eb978e84730de4cf1e0579ad9e17edb700c67ba6eceac89d1fe3698763a419f7,fc61d5cda7da39530055bae9bd0e92865f995cd9,4e84455d08cacd9f85c432f7838c3be2cb0f000b55edc3487c6dee9520cc0b63
ao_grid,10000,792,test,3.9820568564347223,3.9820568564347223,1.0,True,0.0,2,4159,0,ao_grid_coordinate_codebook,analytical_ris_equal_allocation,"[1.8379883703783597, 3.982055281413596, 3.9820568564347223]",[],"{""allocation_levels"": 7, ""beta_levels"": 5, ""phase_levels"": 8}",1806.559952,eb978e84730de4cf1e0579ad9e17edb700c67ba6eceac89d1fe3698763a419f7,fc61d5cda7da39530055bae9bd0e92865f995cd9,4e84455d08cacd9f85c432f7838c3be2cb0f000b55edc3487c6dee9520cc0b63
ao_grid,10000,793,test,3.9820593150822123,3.9820593150822123,1.0,True,0.0,2,4159,0,ao_grid_coordinate_codebook,analytical_ris_equal_allocation,"[1.8380067634120683, 3.9820584628407643, 3.9820593150822123]",[],"{""allocation_levels"": 7, ""beta_levels"": 5, ""phase_levels"": 8}",1828.716264,eb978e84730de4cf1e0579ad9e17edb700c67ba6eceac89d1fe3698763a419f7,fc61d5cda7da39530055bae9bd0e92865f995cd9,4e84455d08cacd9f85c432f7838c3be2cb0f000b55edc3487c6dee9520cc0b63
ao_grid,10000,794,test,3.9820605158560882,3.9820605158560882,1.0,True,0.0,2,4159,0,ao_grid_coordinate_codebook,analytical_ris_equal_allocation,"[1.8379894672477282, 3.9820594118321555, 3.9820605158560882]",[],"{""allocation_levels"": 7, ""beta_levels"": 5, ""phase_levels"": 8}",1718.026288,eb978e84730de4cf1e0579ad9e17edb700c67ba6eceac89d1fe3698763a419f7,fc61d5cda7da39530055bae9bd0e92865f995cd9,4e84455d08cacd9f85c432f7838c3be2cb0f000b55edc3487c6dee9520cc0b63
ao_grid,10000,795,test,3.982059424255372,3.982059424255372,1.0,True,0.0,2,4159,0,ao_grid_coordinate_codebook,analytical_ris_equal_allocation,"[1.837997457064619, 3.982057928840042, 3.982059424255372]",[],"{""allocation_levels"": 7, ""beta_levels"": 5, ""phase_levels"": 8}",1735.072792,eb978e84730de4cf1e0579ad9e17edb700c67ba6eceac89d1fe3698763a419f7,fc61d5cda7da39530055bae9bd0e92865f995cd9,4e84455d08cacd9f85c432f7838c3be2cb0f000b55edc3487c6dee9520cc0b63
ao_grid,10000,796,test,3.9820551562911177,3.9820551562911177,1.0,True,0.0,2,4159,0,ao_grid_coordinate_codebook,analytical_ris_equal_allocation,"[1.837973139795897, 3.9820534799951246, 3.9820551562911177]",[],"{""allocation_levels"": 7, ""beta_levels"": 5, ""phase_levels"": 8}",1751.66154,eb978e84730de4cf1e0579ad9e17edb700c67ba6eceac89d1fe3698763a419f7,fc61d5cda7da39530055bae9bd0e92865f995cd9,4e84455d08cacd9f85c432f7838c3be2cb0f000b55edc3487c6dee9520cc0b63
ao_grid,10000,797,test,3.982053110064576,3.982053110064576,1.0,True,0.0,2,4159,0,ao_grid_coordinate_codebook,analytical_ris_equal_allocation,"[1.8379843914851286, 3.982051243536755, 3.982053110064576]",[],"{""allocation_levels"": 7, ""beta_levels"": 5, ""phase_levels"": 8}",1718.403607,eb978e84730de4cf1e0579ad9e17edb700c67ba6eceac89d1fe3698763a419f7,fc61d5cda7da39530055bae9bd0e92865f995cd9,4e84455d08cacd9f85c432f7838c3be2cb0f000b55edc3487c6dee9520cc0b63
ao_grid,10000,798,test,3.9820619128691943,3.9820619128691943,1.0,True,0.0,2,4159,0,ao_grid_coordinate_codebook,analytical_ris_equal_allocation,"[1.8379990164619064, 3.9820602894065003, 3.9820619128691943]",[],"{""allocation_levels"": 7, ""beta_levels"": 5, ""phase_levels"": 8}",1776.869626,eb978e84730de4cf1e0579ad9e17edb700c67ba6eceac89d1fe3698763a419f7,fc61d5cda7da39530055bae9bd0e92865f995cd9,4e84455d08cacd9f85c432f7838c3be2cb0f000b55edc3487c6dee9520cc0b63
ao_grid,10000,799,test,3.9820608536045583,3.9820608536045583,1.0,True,0.0,2,4159,0,ao_grid_coordinate_codebook,analytical_ris_equal_allocation,"[1.8379961773408788, 3.9820601118059553, 3.9820608536045583]",[],"{""allocation_levels"": 7, ""beta_levels"": 5, ""phase_levels"": 8}",1697.952184,eb978e84730de4cf1e0579ad9e17edb700c67ba6eceac89d1fe3698763a419f7,fc61d5cda7da39530055bae9bd0e92865f995cd9,4e84455d08cacd9f85c432f7838c3be2cb0f000b55edc3487c6dee9520cc0b63
ao_grid,10000,800,test,3.9820624525174413,3.9820624525174413,1.0,True,0.0,2,4159,0,ao_grid_coordinate_codebook,analytical_ris_equal_allocation,"[1.8379988836429337, 3.982060223106679, 3.9820624525174413]",[],"{""allocation_levels"": 7, ""beta_levels"": 5, ""phase_levels"": 8}",1732.271399,eb978e84730de4cf1e0579ad9e17edb700c67ba6eceac89d1fe3698763a419f7,fc61d5cda7da39530055bae9bd0e92865f995cd9,4e84455d08cacd9f85c432f7838c3be2cb0f000b55edc3487c6dee9520cc0b63
ao_grid,10000,801,test,3.982058405505967,3.982058405505967,1.0,True,0.0,2,4159,0,ao_grid_coordinate_codebook,analytical_ris_equal_allocation,"[1.8379756015679218, 3.9820570931418073, 3.982058405505967]",[],"{""allocation_levels"": 7, ""beta_levels"": 5, ""phase_levels"": 8}",1709.634125,eb978e84730de4cf1e0579ad9e17edb700c67ba6eceac89d1fe3698763a419f7,fc61d5cda7da39530055bae9bd0e92865f995cd9,4e84455d08cacd9f85c432f7838c3be2cb0f000b55edc3487c6dee9520cc0b63
ao_grid,10000,802,test,3.98206339152353,3.98206339152353,1.0,True,0.0,2,4159,0,ao_grid_coordinate_codebook,analytical_ris_equal_allocation,"[1.8380122103660828, 3.9820625057904318, 3.98206339152353]",[],"{""allocation_levels"": 7, ""beta_levels"": 5, ""phase_levels"": 8}",1684.573948,eb978e84730de4cf1e0579ad9e17edb700c67ba6eceac89d1fe3698763a419f7,fc61d5cda7da39530055bae9bd0e92865f995cd9,4e84455d08cacd9f85c432f7838c3be2cb0f000b55edc3487c6dee9520cc0b63
ao_grid,10000,803,test,3.9820549595749206,3.9820549595749206,1.0,True,0.0,2,4159,0,ao_grid_coordinate_codebook,analytical_ris_equal_allocation,"[1.8379757631286167, 3.982052361131297, 3.9820549595749206]",[],"{""allocation_levels"": 7, ""beta_levels"": 5, ""phase_levels"": 8}",1745.660843,eb978e84730de4cf1e0579ad9e17edb700c67ba6eceac89d1fe3698763a419f7,fc61d5cda7da39530055bae9bd0e92865f995cd9,4e84455d08cacd9f85c432f7838c3be2cb0f000b55edc3487c6dee9520cc0b63
ao_grid,10000,804,test,3.9820609650542345,3.9820609650542345,1.0,True,0.0,2,4159,0,ao_grid_coordinate_codebook,analytical_ris_equal_allocation,"[1.837998530696165, 3.982058978808804, 3.9820609650542345]",[],"{""allocation_levels"": 7, ""beta_levels"": 5, ""phase_levels"": 8}",1766.388722,eb978e84730de4cf1e0579ad9e17edb700c67ba6eceac89d1fe3698763a419f7,fc61d5cda7da39530055bae9bd0e92865f995cd9,4e84455d08cacd9f85c432f7838c3be2cb0f000b55edc3487c6dee9520cc0b63
ao_grid,10000,805,test,3.982060433479346,3.982060433479346,1.0,True,0.0,2,4159,0,ao_grid_coordinate_codebook,analytical_ris_equal_allocation,"[1.8380057017025622, 3.9820592043798753, 3.982060433479346]",[],"{""allocation_levels"": 7, ""beta_levels"": 5, ""phase_levels"": 8}",1697.041443,eb978e84730de4cf1e0579ad9e17edb700c67ba6eceac89d1fe3698763a419f7,fc61d5cda7da39530055bae9bd0e92865f995cd9,4e84455d08cacd9f85c432f7838c3be2cb0f000b55edc3487c6dee9520cc0b63
ao_grid,10000,806,test,3.9820591580471882,3.9820591580471882,1.0,True,0.0,2,4159,0,ao_grid_coordinate_codebook,analytical_ris_equal_allocation,"[1.8379975032157971, 3.9820576351317003, 3.9820591580471882]",[],"{""allocation_levels"": 7, ""beta_levels"": 5, ""phase_levels"": 8}",1703.433832,eb978e84730de4cf1e0579ad9e17edb700c67ba6eceac89d1fe3698763a419f7,fc61d5cda7da39530055bae9bd0e92865f995cd9,4e84455d08cacd9f85c432f7838c3be2cb0f000b55edc3487c6dee9520cc0b63
ao_grid,10000,807,test,3.9820593119599152,3.9820593119599152,1.0,True,0.0,2,4159,0,ao_grid_coordinate_codebook,analytical_ris_equal_allocation,"[1.837992402281576, 3.98205752705894, 3.9820593119599152]",[],"{""allocation_levels"": 7, ""beta_levels"": 5, ""phase_levels"": 8}",1688.014863,eb978e84730de4cf1e0579ad9e17edb700c67ba6eceac89d1fe3698763a419f7,fc61d5cda7da39530055bae9bd0e92865f995cd9,4e84455d08cacd9f85c432f7838c3be2cb0f000b55edc3487c6dee9520cc0b63
ao_grid,10000,808,test,3.9820587544031376,3.9820587544031376,1.0,True,0.0,2,4159,0,ao_grid_coordinate_codebook,analytical_ris_equal_allocation,"[1.8379836446553797, 3.982057407853569, 3.9820587544031376]",[],"{""allocation_levels"": 7, ""beta_levels"": 5, ""phase_levels"": 8}",1726.424478,eb978e84730de4cf1e0579ad9e17edb700c67ba6eceac89d1fe3698763a419f7,fc61d5cda7da39530055bae9bd0e92865f995cd9,4e84455d08cacd9f85c432f7838c3be2cb0f000b55edc3487c6dee9520cc0b63
ao_grid,10000,809,test,3.9820541474885403,3.9820541474885403,1.0,True,0.0,2,4159,0,ao_grid_coordinate_codebook,analytical_ris_equal_allocation,"[1.8379578211827317, 3.982051043536287, 3.9820541474885403]",[],"{""allocation_levels"": 7, ""beta_levels"": 5, ""phase_levels"": 8}",1697.490126,eb978e84730de4cf1e0579ad9e17edb700c67ba6eceac89d1fe3698763a419f7,fc61d5cda7da39530055bae9bd0e92865f995cd9,4e84455d08cacd9f85c432f7838c3be2cb0f000b55edc3487c6dee9520cc0b63
ao_grid,10000,810,test,3.9820604436039484,3.9820604436039484,1.0,True,0.0,2,4159,0,ao_grid_coordinate_codebook,analytical_ris_equal_allocation,"[1.8380080223164768, 3.982058972143608, 3.9820604436039484]",[],"{""allocation_levels"": 7, ""beta_levels"": 5, ""phase_levels"": 8}",1728.219541,eb978e84730de4cf1e0579ad9e17edb700c67ba6eceac89d1fe3698763a419f7,fc61d5cda7da39530055bae9bd0e92865f995cd9,4e84455d08cacd9f85c432f7838c3be2cb0f000b55edc3487c6dee9520cc0b63
ao_grid,10000,811,test,3.9820614647367476,3.9820614647367476,1.0,True,0.0,2,4159,0,ao_grid_coordinate_codebook,analytical_ris_equal_allocation,"[1.8380025465594623, 3.982060657589778, 3.9820614647367476]",[],"{""allocation_levels"": 7, ""beta_levels"": 5, ""phase_levels"": 8}",1708.676339,eb978e84730de4cf1e0579ad9e17edb700c67ba6eceac89d1fe3698763a419f7,fc61d5cda7da39530055bae9bd0e92865f995cd9,4e84455d08cacd9f85c432f7838c3be2cb0f000b55edc3487c6dee9520cc0b63
ao_grid,10000,812,test,3.9820557913252177,3.9820557913252177,1.0,True,0.0,2,4159,0,ao_grid_coordinate_codebook,analytical_ris_equal_allocation,"[1.8379714809162542, 3.9820539003994884, 3.9820557913252177]",[],"{""allocation_levels"": 7, ""beta_levels"": 5, ""phase_levels"": 8}",1714.366762,eb978e84730de4cf1e0579ad9e17edb700c67ba6eceac89d1fe3698763a419f7,fc61d5cda7da39530055bae9bd0e92865f995cd9,4e84455d08cacd9f85c432f7838c3be2cb0f000b55edc3487c6dee9520cc0b63
ao_grid,10000,813,test,3.9820568110734293,3.9820568110734293,1.0,True,0.0,2,4159,0,ao_grid_coordinate_codebook,analytical_ris_equal_allocation,"[1.837956864089745, 3.982053750565155, 3.9820568110734293]",[],"{""allocation_levels"": 7, ""beta_levels"": 5, ""phase_levels"": 8}",1665.714681,eb978e84730de4cf1e0579ad9e17edb700c67ba6eceac89d1fe3698763a419f7,fc61d5cda7da39530055bae9bd0e92865f995cd9,4e84455d08cacd9f85c432f7838c3be2cb0f000b55edc3487c6dee9520cc0b63
ao_grid,10000,814,test,3.982060771082114,3.982060771082114,1.0,True,0.0,2,4159,0,ao_grid_coordinate_codebook,analytical_ris_equal_allocation,"[1.8379935557280518, 3.9820592932571244, 3.982060771082114]",[],"{""allocation_levels"": 7, ""beta_levels"": 5, ""phase_levels"": 8}",1674.627304,eb978e84730de4cf1e0579ad9e17edb700c67ba6eceac89d1fe3698763a419f7,fc61d5cda7da39530055bae9bd0e92865f995cd9,4e84455d08cacd9f85c432f7838c3be2cb0f000b55edc3487c6dee9520cc0b63
ao_grid,10000,815,test,3.9820604449703234,3.9820604449703234,1.0,True,0.0,2,4159,0,ao_grid_coordinate_codebook,analytical_ris_equal_allocation,"[1.8380002041690018, 3.982059305859612, 3.9820604449703234]",[],"{""allocation_levels"": 7, ""beta_levels"": 5, ""phase_levels"": 8}",1723.762265,eb978e84730de4cf1e0579ad9e17edb700c67ba6eceac89d1fe3698763a419f7,fc61d5cda7da39530055bae9bd0e92865f995cd9,4e84455d08cacd9f85c432f7838c3be2cb0f000b55edc3487c6dee9520cc0b63
ao_grid,10000,816,test,3.982058841735664,3.982058841735664,1.0,True,0.0,2,4159,0,ao_grid_coordinate_codebook,analytical_ris_equal_allocation,"[1.8379924535212804, 3.9820573110637305, 3.982058841735664]",[],"{""allocation_levels"": 7, ""beta_levels"": 5, ""phase_levels"": 8}",1712.444967,eb978e84730de4cf1e0579ad9e17edb700c67ba6eceac89d1fe3698763a419f7,fc61d5cda7da39530055bae9bd0e92865f995cd9,4e84455d08cacd9f85c432f7838c3be2cb0f000b55edc3487c6dee9520cc0b63
ao_grid,10000,817,test,3.982052576222129,3.982052576222129,1.0,True,0.0,2,4159,0,ao_grid_coordinate_codebook,analytical_ris_equal_allocation,"[1.8379856598617725, 3.982051437566054, 3.982052576222129]",[],"{""allocation_levels"": 7, ""beta_levels"": 5, ""phase_levels"": 8}",1724.104437,eb978e84730de4cf1e0579ad9e17edb700c67ba6eceac89d1fe3698763a419f7,fc61d5cda7da39530055bae9bd0e92865f995cd9,4e84455d08cacd9f85c432f7838c3be2cb0f000b55edc3487c6dee9520cc0b63
ao_grid,10000,818,test,3.982056410961646,3.982056410961646,1.0,True,0.0,2,4159,0,ao_grid_coordinate_codebook,analytical_ris_equal_allocation,"[1.8379864992814243, 3.98205523152148, 3.982056410961646]",[],"{""allocation_levels"": 7, ""beta_levels"": 5, ""phase_levels"": 8}",1693.179351,eb978e84730de4cf1e0579ad9e17edb700c67ba6eceac89d1fe3698763a419f7,fc61d5cda7da39530055bae9bd0e92865f995cd9,4e84455d08cacd9f85c432f7838c3be2cb0f000b55edc3487c6dee9520cc0b63
ao_grid,10000,819,test,3.982057535261663,3.982057535261663,1.0,True,0.0,2,4159,0,ao_grid_coordinate_codebook,analytical_ris_equal_allocation,"[1.8379913036340558, 3.9820560988935445, 3.982057535261663]",[],"{""allocation_levels"": 7, ""beta_levels"": 5, ""phase_levels"": 8}",1685.014967,eb978e84730de4cf1e0579ad9e17edb700c67ba6eceac89d1fe3698763a419f7,fc61d5cda7da39530055bae9bd0e92865f995cd9,4e84455d08cacd9f85c432f7838c3be2cb0f000b55edc3487c6dee9520cc0b63
ao_grid,10000,820,test,3.98205830261953,3.98205830261953,1.0,True,0.0,2,4159,0,ao_grid_coordinate_codebook,analytical_ris_equal_allocation,"[1.8379779785685186, 3.982056401596269, 3.98205830261953]",[],"{""allocation_levels"": 7, ""beta_levels"": 5, ""phase_levels"": 8}",1674.062965,eb978e84730de4cf1e0579ad9e17edb700c67ba6eceac89d1fe3698763a419f7,fc61d5cda7da39530055bae9bd0e92865f995cd9,4e84455d08cacd9f85c432f7838c3be2cb0f000b55edc3487c6dee9520cc0b63
ao_grid,10000,821,test,3.982062607504686,3.982062607504686,1.0,True,0.0,2,4159,0,ao_grid_coordinate_codebook,analytical_ris_equal_allocation,"[1.8379813713005209, 3.9820603344367163, 3.982062607504686]",[],"{""allocation_levels"": 7, ""beta_levels"": 5, ""phase_levels"": 8}",1761.944188,eb978e84730de4cf1e0579ad9e17edb700c67ba6eceac89d1fe3698763a419f7,fc61d5cda7da39530055bae9bd0e92865f995cd9,4e84455d08cacd9f85c432f7838c3be2cb0f000b55edc3487c6dee9520cc0b63
ao_grid,10000,822,test,3.982059472846236,3.982059472846236,1.0,True,0.0,2,4159,0,ao_grid_coordinate_codebook,analytical_ris_equal_allocation,"[1.8379932181981664, 3.9820574580363624, 3.982059472846236]",[],"{""allocation_levels"": 7, ""beta_levels"": 5, ""phase_levels"": 8}",1715.139747,eb978e84730de4cf1e0579ad9e17edb700c67ba6eceac89d1fe3698763a419f7,fc61d5cda7da39530055bae9bd0e92865f995cd9,4e84455d08cacd9f85c432f7838c3be2cb0f000b55edc3487c6dee9520cc0b63
ao_grid,10000,823,test,3.9820631617078304,3.9820631617078304,1.0,True,0.0,2,4159,0,ao_grid_coordinate_codebook,analytical_ris_equal_allocation,"[1.8379848960762042, 3.98206067559851, 3.9820631617078304]",[],"{""allocation_levels"": 7, ""beta_levels"": 5, ""phase_levels"": 8}",1692.660755,eb978e84730de4cf1e0579ad9e17edb700c67ba6eceac89d1fe3698763a419f7,fc61d5cda7da39530055bae9bd0e92865f995cd9,4e84455d08cacd9f85c432f7838c3be2cb0f000b55edc3487c6dee9520cc0b63
ao_grid,10000,824,test,3.982061581438873,3.982061581438873,1.0,True,0.0,2,4159,0,ao_grid_coordinate_codebook,analytical_ris_equal_allocation,"[1.8380072091642319, 3.9820604220323252, 3.982061581438873]",[],"{""allocation_levels"": 7, ""beta_levels"": 5, ""phase_levels"": 8}",1690.074914,eb978e84730de4cf1e0579ad9e17edb700c67ba6eceac89d1fe3698763a419f7,fc61d5cda7da39530055bae9bd0e92865f995cd9,4e84455d08cacd9f85c432f7838c3be2cb0f000b55edc3487c6dee9520cc0b63
ao_grid,10000,825,test,3.9820616457517097,3.9820616457517097,1.0,True,0.0,2,4159,0,ao_grid_coordinate_codebook,analytical_ris_equal_allocation,"[1.8379870127972555, 3.982059876479579, 3.9820616457517097]",[],"{""allocation_levels"": 7, ""beta_levels"": 5, ""phase_levels"": 8}",1685.029634,eb978e84730de4cf1e0579ad9e17edb700c67ba6eceac89d1fe3698763a419f7,fc61d5cda7da39530055bae9bd0e92865f995cd9,4e84455d08cacd9f85c432f7838c3be2cb0f000b55edc3487c6dee9520cc0b63
ao_grid,10000,826,test,3.9820565045185417,3.9820565045185417,1.0,True,0.0,2,4159,0,ao_grid_coordinate_codebook,analytical_ris_equal_allocation,"[1.8379852192424344, 3.9820533059667405, 3.9820565045185417]",[],"{""allocation_levels"": 7, ""beta_levels"": 5, ""phase_levels"": 8}",1718.56394,eb978e84730de4cf1e0579ad9e17edb700c67ba6eceac89d1fe3698763a419f7,fc61d5cda7da39530055bae9bd0e92865f995cd9,4e84455d08cacd9f85c432f7838c3be2cb0f000b55edc3487c6dee9520cc0b63
ao_grid,10000,827,test,3.982060744766708,3.982060744766708,1.0,True,0.0,2,4159,0,ao_grid_coordinate_codebook,analytical_ris_equal_allocation,"[1.837924708792203, 3.9820572308207414, 3.982060744766708]",[],"{""allocation_levels"": 7, ""beta_levels"": 5, ""phase_levels"": 8}",1731.070628,eb978e84730de4cf1e0579ad9e17edb700c67ba6eceac89d1fe3698763a419f7,fc61d5cda7da39530055bae9bd0e92865f995cd9,4e84455d08cacd9f85c432f7838c3be2cb0f000b55edc3487c6dee9520cc0b63
ao_grid,10000,828,test,3.982056759963085,3.982056759963085,1.0,True,0.0,2,4159,0,ao_grid_coordinate_codebook,analytical_ris_equal_allocation,"[1.8379945459412892, 3.982055754743887, 3.982056759963085]",[],"{""allocation_levels"": 7, ""beta_levels"": 5, ""phase_levels"": 8}",1776.680579,eb978e84730de4cf1e0579ad9e17edb700c67ba6eceac89d1fe3698763a419f7,fc61d5cda7da39530055bae9bd0e92865f995cd9,4e84455d08cacd9f85c432f7838c3be2cb0f000b55edc3487c6dee9520cc0b63
ao_grid,10000,829,test,3.9820590345290143,3.9820590345290143,1.0,True,0.0,2,4159,0,ao_grid_coordinate_codebook,analytical_ris_equal_allocation,"[1.838004205088425, 3.9820577839669884, 3.9820590345290143]",[],"{""allocation_levels"": 7, ""beta_levels"": 5, ""phase_levels"": 8}",1696.343136,eb978e84730de4cf1e0579ad9e17edb700c67ba6eceac89d1fe3698763a419f7,fc61d5cda7da39530055bae9bd0e92865f995cd9,4e84455d08cacd9f85c432f7838c3be2cb0f000b55edc3487c6dee9520cc0b63
ao_grid,10000,830,test,3.982058075551852,3.982058075551852,1.0,True,0.0,2,4159,0,ao_grid_coordinate_codebook,analytical_ris_equal_allocation,"[1.8379874849625848, 3.9820560327650325, 3.982058075551852]",[],"{""allocation_levels"": 7, ""beta_levels"": 5, ""phase_levels"": 8}",1705.927492,eb978e84730de4cf1e0579ad9e17edb700c67ba6eceac89d1fe3698763a419f7,fc61d5cda7da39530055bae9bd0e92865f995cd9,4e84455d08cacd9f85c432f7838c3be2cb0f000b55edc3487c6dee9520cc0b63
ao_grid,10000,831,test,3.982056157345726,3.982056157345726,1.0,True,0.0,2,4159,0,ao_grid_coordinate_codebook,analytical_ris_equal_allocation,"[1.8379882976474358, 3.982053772712282, 3.982056157345726]",[],"{""allocation_levels"": 7, ""beta_levels"": 5, ""phase_levels"": 8}",1732.670556,eb978e84730de4cf1e0579ad9e17edb700c67ba6eceac89d1fe3698763a419f7,fc61d5cda7da39530055bae9bd0e92865f995cd9,4e84455d08cacd9f85c432f7838c3be2cb0f000b55edc3487c6dee9520cc0b63
ao_grid,10000,832,test,3.982061775583322,3.982061775583322,1.0,True,0.0,2,4159,0,ao_grid_coordinate_codebook,analytical_ris_equal_allocation,"[1.83799465419542, 3.982060395269616, 3.982061775583322]",[],"{""allocation_levels"": 7, ""beta_levels"": 5, ""phase_levels"": 8}",1746.374159,eb978e84730de4cf1e0579ad9e17edb700c67ba6eceac89d1fe3698763a419f7,fc61d5cda7da39530055bae9bd0e92865f995cd9,4e84455d08cacd9f85c432f7838c3be2cb0f000b55edc3487c6dee9520cc0b63
ao_grid,10000,833,test,3.9820604517357086,3.9820604517357086,1.0,True,0.0,2,4159,0,ao_grid_coordinate_codebook,analytical_ris_equal_allocation,"[1.8379819512059796, 3.9820583862885868, 3.9820604517357086]",[],"{""allocation_levels"": 7, ""beta_levels"": 5, ""phase_levels"": 8}",1756.688799,eb978e84730de4cf1e0579ad9e17edb700c67ba6eceac89d1fe3698763a419f7,fc61d5cda7da39530055bae9bd0e92865f995cd9,4e84455d08cacd9f85c432f7838c3be2cb0f000b55edc3487c6dee9520cc0b63
ao_grid,10000,834,test,3.9820582515297342,3.9820582515297342,1.0,True,0.0,2,4159,0,ao_grid_coordinate_codebook,analytical_ris_equal_allocation,"[1.83798212220183, 3.982055617394658, 3.9820582515297342]",[],"{""allocation_levels"": 7, ""beta_levels"": 5, ""phase_levels"": 8}",1718.164173,eb978e84730de4cf1e0579ad9e17edb700c67ba6eceac89d1fe3698763a419f7,fc61d5cda7da39530055bae9bd0e92865f995cd9,4e84455d08cacd9f85c432f7838c3be2cb0f000b55edc3487c6dee9520cc0b63
ao_grid,10000,835,test,3.9820584448154115,3.9820584448154115,1.0,True,0.0,2,4159,0,ao_grid_coordinate_codebook,analytical_ris_equal_allocation,"[1.8379848745219076, 3.9820548157670888, 3.9820584448154115]",[],"{""allocation_levels"": 7, ""beta_levels"": 5, ""phase_levels"": 8}",1715.097621,eb978e84730de4cf1e0579ad9e17edb700c67ba6eceac89d1fe3698763a419f7,fc61d5cda7da39530055bae9bd0e92865f995cd9,4e84455d08cacd9f85c432f7838c3be2cb0f000b55edc3487c6dee9520cc0b63
ao_grid,10000,836,test,3.9820576536279804,3.9820576536279804,1.0,True,0.0,2,4159,0,ao_grid_coordinate_codebook,analytical_ris_equal_allocation,"[1.8379749567487944, 3.982055914110374, 3.9820576536279804]",[],"{""allocation_levels"": 7, ""beta_levels"": 5, ""phase_levels"": 8}",1729.999298,eb978e84730de4cf1e0579ad9e17edb700c67ba6eceac89d1fe3698763a419f7,fc61d5cda7da39530055bae9bd0e92865f995cd9,4e84455d08cacd9f85c432f7838c3be2cb0f000b55edc3487c6dee9520cc0b63
ao_grid,10000,837,test,3.9820556322526253,3.9820556322526253,1.0,True,0.0,2,4159,0,ao_grid_coordinate_codebook,analytical_ris_equal_allocation,"[1.8379863897571884, 3.982054948531219, 3.9820556322526253]",[],"{""allocation_levels"": 7, ""beta_levels"": 5, ""phase_levels"": 8}",1706.607472,eb978e84730de4cf1e0579ad9e17edb700c67ba6eceac89d1fe3698763a419f7,fc61d5cda7da39530055bae9bd0e92865f995cd9,4e84455d08cacd9f85c432f7838c3be2cb0f000b55edc3487c6dee9520cc0b63
ao_grid,10000,838,test,3.98205587539253,3.98205587539253,1.0,True,0.0,2,4159,0,ao_grid_coordinate_codebook,analytical_ris_equal_allocation,"[1.8379695967764969, 3.9820511280292075, 3.98205587539253]",[],"{""allocation_levels"": 7, ""beta_levels"": 5, ""phase_levels"": 8}",1835.568592,eb978e84730de4cf1e0579ad9e17edb700c67ba6eceac89d1fe3698763a419f7,fc61d5cda7da39530055bae9bd0e92865f995cd9,4e84455d08cacd9f85c432f7838c3be2cb0f000b55edc3487c6dee9520cc0b63
ao_grid,10000,839,test,3.982062693926789,3.982062693926789,1.0,True,0.0,2,4159,0,ao_grid_coordinate_codebook,analytical_ris_equal_allocation,"[1.8380118148730522, 3.9820617267678964, 3.982062693926789]",[],"{""allocation_levels"": 7, ""beta_levels"": 5, ""phase_levels"": 8}",1720.689535,eb978e84730de4cf1e0579ad9e17edb700c67ba6eceac89d1fe3698763a419f7,fc61d5cda7da39530055bae9bd0e92865f995cd9,4e84455d08cacd9f85c432f7838c3be2cb0f000b55edc3487c6dee9520cc0b63
ao_grid,10000,840,test,3.98205799932399,3.98205799932399,1.0,True,0.0,2,4159,0,ao_grid_coordinate_codebook,analytical_ris_equal_allocation,"[1.8379952452651669, 3.9820567348471707, 3.98205799932399]",[],"{""allocation_levels"": 7, ""beta_levels"": 5, ""phase_levels"": 8}",1706.441848,eb978e84730de4cf1e0579ad9e17edb700c67ba6eceac89d1fe3698763a419f7,fc61d5cda7da39530055bae9bd0e92865f995cd9,4e84455d08cacd9f85c432f7838c3be2cb0f000b55edc3487c6dee9520cc0b63
ao_grid,10000,841,test,3.9820535898470024,3.9820535898470024,1.0,True,0.0,2,4159,0,ao_grid_coordinate_codebook,analytical_ris_equal_allocation,"[1.8379505078016183, 3.9820506708419576, 3.9820535898470024]",[],"{""allocation_levels"": 7, ""beta_levels"": 5, ""phase_levels"": 8}",1673.774986,eb978e84730de4cf1e0579ad9e17edb700c67ba6eceac89d1fe3698763a419f7,fc61d5cda7da39530055bae9bd0e92865f995cd9,4e84455d08cacd9f85c432f7838c3be2cb0f000b55edc3487c6dee9520cc0b63
ao_grid,10000,842,test,3.9820603205556973,3.9820603205556973,1.0,True,0.0,2,4159,0,ao_grid_coordinate_codebook,analytical_ris_equal_allocation,"[1.838004362807114, 3.9820589087627996, 3.9820603205556973]",[],"{""allocation_levels"": 7, ""beta_levels"": 5, ""phase_levels"": 8}",1693.523445,eb978e84730de4cf1e0579ad9e17edb700c67ba6eceac89d1fe3698763a419f7,fc61d5cda7da39530055bae9bd0e92865f995cd9,4e84455d08cacd9f85c432f7838c3be2cb0f000b55edc3487c6dee9520cc0b63
ao_grid,10000,843,test,3.982060098540027,3.982060098540027,1.0,True,0.0,2,4159,0,ao_grid_coordinate_codebook,analytical_ris_equal_allocation,"[1.8379947328000943, 3.98205771202263, 3.982060098540027]",[],"{""allocation_levels"": 7, ""beta_levels"": 5, ""phase_levels"": 8}",1839.262597,eb978e84730de4cf1e0579ad9e17edb700c67ba6eceac89d1fe3698763a419f7,fc61d5cda7da39530055bae9bd0e92865f995cd9,4e84455d08cacd9f85c432f7838c3be2cb0f000b55edc3487c6dee9520cc0b63
ao_grid,10000,844,test,3.982062293502289,3.982062293502289,1.0,True,0.0,2,4159,0,ao_grid_coordinate_codebook,analytical_ris_equal_allocation,"[1.8380041761688966, 3.9820605180346136, 3.982062293502289]",[],"{""allocation_levels"": 7, ""beta_levels"": 5, ""phase_levels"": 8}",1781.476445,eb978e84730de4cf1e0579ad9e17edb700c67ba6eceac89d1fe3698763a419f7,fc61d5cda7da39530055bae9bd0e92865f995cd9,4e84455d08cacd9f85c432f7838c3be2cb0f000b55edc3487c6dee9520cc0b63
ao_grid,10000,845,test,3.9820584922583997,3.9820584922583997,1.0,True,0.0,2,4159,0,ao_grid_coordinate_codebook,analytical_ris_equal_allocation,"[1.8379893207520501, 3.982056745030406, 3.9820584922583997]",[],"{""allocation_levels"": 7, ""beta_levels"": 5, ""phase_levels"": 8}",1684.392603,eb978e84730de4cf1e0579ad9e17edb700c67ba6eceac89d1fe3698763a419f7,fc61d5cda7da39530055bae9bd0e92865f995cd9,4e84455d08cacd9f85c432f7838c3be2cb0f000b55edc3487c6dee9520cc0b63
ao_grid,10000,846,test,3.982061360313586,3.982061360313586,1.0,True,0.0,2,4159,0,ao_grid_coordinate_codebook,analytical_ris_equal_allocation,"[1.8380015539019934, 3.982059350990316, 3.982061360313586]",[],"{""allocation_levels"": 7, ""beta_levels"": 5, ""phase_levels"": 8}",1700.526083,eb978e84730de4cf1e0579ad9e17edb700c67ba6eceac89d1fe3698763a419f7,fc61d5cda7da39530055bae9bd0e92865f995cd9,4e84455d08cacd9f85c432f7838c3be2cb0f000b55edc3487c6dee9520cc0b63
ao_grid,10000,847,test,3.9820602155224085,3.9820602155224085,1.0,True,0.0,2,4159,0,ao_grid_coordinate_codebook,analytical_ris_equal_allocation,"[1.8379858444342725, 3.982056665983874, 3.9820602155224085]",[],"{""allocation_levels"": 7, ""beta_levels"": 5, ""phase_levels"": 8}",1723.426372,eb978e84730de4cf1e0579ad9e17edb700c67ba6eceac89d1fe3698763a419f7,fc61d5cda7da39530055bae9bd0e92865f995cd9,4e84455d08cacd9f85c432f7838c3be2cb0f000b55edc3487c6dee9520cc0b63
ao_grid,10000,848,test,3.9820615917900417,3.9820615917900417,1.0,True,0.0,2,4159,0,ao_grid_coordinate_codebook,analytical_ris_equal_allocation,"[1.8379997278424605, 3.9820603341838092, 3.9820615917900417]",[],"{""allocation_levels"": 7, ""beta_levels"": 5, ""phase_levels"": 8}",1685.26734,eb978e84730de4cf1e0579ad9e17edb700c67ba6eceac89d1fe3698763a419f7,fc61d5cda7da39530055bae9bd0e92865f995cd9,4e84455d08cacd9f85c432f7838c3be2cb0f000b55edc3487c6dee9520cc0b63
ao_grid,10000,849,test,3.9820557163651307,3.9820557163651307,1.0,True,0.0,2,4159,0,ao_grid_coordinate_codebook,analytical_ris_equal_allocation,"[1.8379959836053958, 3.982054610916834, 3.9820557163651307]",[],"{""allocation_levels"": 7, ""beta_levels"": 5, ""phase_levels"": 8}",1760.179337,eb978e84730de4cf1e0579ad9e17edb700c67ba6eceac89d1fe3698763a419f7,fc61d5cda7da39530055bae9bd0e92865f995cd9,4e84455d08cacd9f85c432f7838c3be2cb0f000b55edc3487c6dee9520cc0b63
ao_grid,10000,850,test,3.982060894965354,3.982060894965354,1.0,True,0.0,2,4159,0,ao_grid_coordinate_codebook,analytical_ris_equal_allocation,"[1.837998675901217, 3.9820596210795, 3.982060894965354]",[],"{""allocation_levels"": 7, ""beta_levels"": 5, ""phase_levels"": 8}",1719.96984,eb978e84730de4cf1e0579ad9e17edb700c67ba6eceac89d1fe3698763a419f7,fc61d5cda7da39530055bae9bd0e92865f995cd9,4e84455d08cacd9f85c432f7838c3be2cb0f000b55edc3487c6dee9520cc0b63
ao_grid,10000,851,test,3.982060967307418,3.982060967307418,1.0,True,0.0,2,4159,0,ao_grid_coordinate_codebook,analytical_ris_equal_allocation,"[1.8380033479025746, 3.982058822920774, 3.982060967307418]",[],"{""allocation_levels"": 7, ""beta_levels"": 5, ""phase_levels"": 8}",1694.247545,eb978e84730de4cf1e0579ad9e17edb700c67ba6eceac89d1fe3698763a419f7,fc61d5cda7da39530055bae9bd0e92865f995cd9,4e84455d08cacd9f85c432f7838c3be2cb0f000b55edc3487c6dee9520cc0b63
ao_grid,10000,852,test,3.9820577154285584,3.9820577154285584,1.0,True,0.0,2,4159,0,ao_grid_coordinate_codebook,analytical_ris_equal_allocation,"[1.8379857417460383, 3.982056484417027, 3.9820577154285584]",[],"{""allocation_levels"": 7, ""beta_levels"": 5, ""phase_levels"": 8}",1714.643882,eb978e84730de4cf1e0579ad9e17edb700c67ba6eceac89d1fe3698763a419f7,fc61d5cda7da39530055bae9bd0e92865f995cd9,4e84455d08cacd9f85c432f7838c3be2cb0f000b55edc3487c6dee9520cc0b63
ao_grid,10000,853,test,3.9820588113471995,3.9820588113471995,1.0,True,0.0,2,4159,0,ao_grid_coordinate_codebook,analytical_ris_equal_allocation,"[1.837993869317267, 3.9820579892958854, 3.9820588113471995]",[],"{""allocation_levels"": 7, ""beta_levels"": 5, ""phase_levels"": 8}",1676.477309,eb978e84730de4cf1e0579ad9e17edb700c67ba6eceac89d1fe3698763a419f7,fc61d5cda7da39530055bae9bd0e92865f995cd9,4e84455d08cacd9f85c432f7838c3be2cb0f000b55edc3487c6dee9520cc0b63
ao_grid,10000,854,test,3.982051869536564,3.982051869536564,1.0,True,0.0,2,4159,0,ao_grid_coordinate_codebook,analytical_ris_equal_allocation,"[1.8379588140093508, 3.9820486907948953, 3.982051869536564]",[],"{""allocation_levels"": 7, ""beta_levels"": 5, ""phase_levels"": 8}",1694.851503,eb978e84730de4cf1e0579ad9e17edb700c67ba6eceac89d1fe3698763a419f7,fc61d5cda7da39530055bae9bd0e92865f995cd9,4e84455d08cacd9f85c432f7838c3be2cb0f000b55edc3487c6dee9520cc0b63
ao_grid,10000,855,test,3.9820543922888696,3.9820543922888696,1.0,True,0.0,2,4159,0,ao_grid_coordinate_codebook,analytical_ris_equal_allocation,"[1.8379594987046912, 3.982050326367635, 3.9820543922888696]",[],"{""allocation_levels"": 7, ""beta_levels"": 5, ""phase_levels"": 8}",1742.721731,eb978e84730de4cf1e0579ad9e17edb700c67ba6eceac89d1fe3698763a419f7,fc61d5cda7da39530055bae9bd0e92865f995cd9,4e84455d08cacd9f85c432f7838c3be2cb0f000b55edc3487c6dee9520cc0b63
ao_grid,10000,856,test,3.982057850793633,3.982057850793633,1.0,True,0.0,2,4159,0,ao_grid_coordinate_codebook,analytical_ris_equal_allocation,"[1.8379798980364015, 3.9820560865206978, 3.982057850793633]",[],"{""allocation_levels"": 7, ""beta_levels"": 5, ""phase_levels"": 8}",1730.067444,eb978e84730de4cf1e0579ad9e17edb700c67ba6eceac89d1fe3698763a419f7,fc61d5cda7da39530055bae9bd0e92865f995cd9,4e84455d08cacd9f85c432f7838c3be2cb0f000b55edc3487c6dee9520cc0b63
ao_grid,10000,857,test,3.982061718056297,3.982061718056297,1.0,True,0.0,2,4159,0,ao_grid_coordinate_codebook,analytical_ris_equal_allocation,"[1.8379942316092124, 3.9820600864718587, 3.982061718056297]",[],"{""allocation_levels"": 7, ""beta_levels"": 5, ""phase_levels"": 8}",1705.796932,eb978e84730de4cf1e0579ad9e17edb700c67ba6eceac89d1fe3698763a419f7,fc61d5cda7da39530055bae9bd0e92865f995cd9,4e84455d08cacd9f85c432f7838c3be2cb0f000b55edc3487c6dee9520cc0b63
ao_grid,10000,858,test,3.982056230369513,3.982056230369513,1.0,True,0.0,2,4159,0,ao_grid_coordinate_codebook,analytical_ris_equal_allocation,"[1.8379849704848907, 3.982055032944885, 3.982056230369513]",[],"{""allocation_levels"": 7, ""beta_levels"": 5, ""phase_levels"": 8}",1698.679594,eb978e84730de4cf1e0579ad9e17edb700c67ba6eceac89d1fe3698763a419f7,fc61d5cda7da39530055bae9bd0e92865f995cd9,4e84455d08cacd9f85c432f7838c3be2cb0f000b55edc3487c6dee9520cc0b63
ao_grid,10000,859,test,3.9820522030533487,3.9820522030533487,1.0,True,0.0,2,4159,0,ao_grid_coordinate_codebook,analytical_ris_equal_allocation,"[1.8379424220422604, 3.98204844197078, 3.9820522030533487]",[],"{""allocation_levels"": 7, ""beta_levels"": 5, ""phase_levels"": 8}",1680.942748,eb978e84730de4cf1e0579ad9e17edb700c67ba6eceac89d1fe3698763a419f7,fc61d5cda7da39530055bae9bd0e92865f995cd9,4e84455d08cacd9f85c432f7838c3be2cb0f000b55edc3487c6dee9520cc0b63
ao_grid,10000,860,test,3.982055329627435,3.982055329627435,1.0,True,0.0,2,4159,0,ao_grid_coordinate_codebook,analytical_ris_equal_allocation,"[1.83797770621533, 3.9820537584948523, 3.982055329627435]",[],"{""allocation_levels"": 7, ""beta_levels"": 5, ""phase_levels"": 8}",1730.206233,eb978e84730de4cf1e0579ad9e17edb700c67ba6eceac89d1fe3698763a419f7,fc61d5cda7da39530055bae9bd0e92865f995cd9,4e84455d08cacd9f85c432f7838c3be2cb0f000b55edc3487c6dee9520cc0b63
ao_grid,10000,861,test,3.982058975359972,3.982058975359972,1.0,True,0.0,2,4159,0,ao_grid_coordinate_codebook,analytical_ris_equal_allocation,"[1.837978636192208, 3.9820567950836807, 3.982058975359972]",[],"{""allocation_levels"": 7, ""beta_levels"": 5, ""phase_levels"": 8}",1720.150175,eb978e84730de4cf1e0579ad9e17edb700c67ba6eceac89d1fe3698763a419f7,fc61d5cda7da39530055bae9bd0e92865f995cd9,4e84455d08cacd9f85c432f7838c3be2cb0f000b55edc3487c6dee9520cc0b63
ao_grid,10000,862,test,3.9820582337949344,3.9820582337949344,1.0,True,0.0,2,4159,0,ao_grid_coordinate_codebook,analytical_ris_equal_allocation,"[1.8379900336302224, 3.982057076891254, 3.9820582337949344]",[],"{""allocation_levels"": 7, ""beta_levels"": 5, ""phase_levels"": 8}",1653.576018,eb978e84730de4cf1e0579ad9e17edb700c67ba6eceac89d1fe3698763a419f7,fc61d5cda7da39530055bae9bd0e92865f995cd9,4e84455d08cacd9f85c432f7838c3be2cb0f000b55edc3487c6dee9520cc0b63
ao_grid,10000,863,test,3.982053251713835,3.982053251713835,1.0,True,0.0,2,4159,0,ao_grid_coordinate_codebook,analytical_ris_equal_allocation,"[1.8379800581872765, 3.982051329981044, 3.982053251713835]",[],"{""allocation_levels"": 7, ""beta_levels"": 5, ""phase_levels"": 8}",1692.281367,eb978e84730de4cf1e0579ad9e17edb700c67ba6eceac89d1fe3698763a419f7,fc61d5cda7da39530055bae9bd0e92865f995cd9,4e84455d08cacd9f85c432f7838c3be2cb0f000b55edc3487c6dee9520cc0b63
ao_grid,10000,864,test,3.9820608193429505,3.9820608193429505,1.0,True,0.0,2,4159,0,ao_grid_coordinate_codebook,analytical_ris_equal_allocation,"[1.8380049852376197, 3.982059877612116, 3.9820608193429505]",[],"{""allocation_levels"": 7, ""beta_levels"": 5, ""phase_levels"": 8}",1677.089875,eb978e84730de4cf1e0579ad9e17edb700c67ba6eceac89d1fe3698763a419f7,fc61d5cda7da39530055bae9bd0e92865f995cd9,4e84455d08cacd9f85c432f7838c3be2cb0f000b55edc3487c6dee9520cc0b63
ao_grid,10000,865,test,3.9820602689551907,3.9820602689551907,1.0,True,0.0,2,4159,0,ao_grid_coordinate_codebook,analytical_ris_equal_allocation,"[1.8379968792536252, 3.9820589710258645, 3.9820602689551907]",[],"{""allocation_levels"": 7, ""beta_levels"": 5, ""phase_levels"": 8}",1688.322419,eb978e84730de4cf1e0579ad9e17edb700c67ba6eceac89d1fe3698763a419f7,fc61d5cda7da39530055bae9bd0e92865f995cd9,4e84455d08cacd9f85c432f7838c3be2cb0f000b55edc3487c6dee9520cc0b63
ao_grid,10000,866,test,3.9820574044623354,3.9820574044623354,1.0,True,0.0,2,4159,0,ao_grid_coordinate_codebook,analytical_ris_equal_allocation,"[1.8379943898064646, 3.982055936926641, 3.9820574044623354]",[],"{""allocation_levels"": 7, ""beta_levels"": 5, ""phase_levels"": 8}",1705.887659,eb978e84730de4cf1e0579ad9e17edb700c67ba6eceac89d1fe3698763a419f7,fc61d5cda7da39530055bae9bd0e92865f995cd9,4e84455d08cacd9f85c432f7838c3be2cb0f000b55edc3487c6dee9520cc0b63
ao_grid,10000,867,test,3.9820596264823185,3.9820596264823185,1.0,True,0.0,2,4159,0,ao_grid_coordinate_codebook,analytical_ris_equal_allocation,"[1.8379841244565127, 3.9820559436298177, 3.9820596264823185]",[],"{""allocation_levels"": 7, ""beta_levels"": 5, ""phase_levels"": 8}",1739.584573,eb978e84730de4cf1e0579ad9e17edb700c67ba6eceac89d1fe3698763a419f7,fc61d5cda7da39530055bae9bd0e92865f995cd9,4e84455d08cacd9f85c432f7838c3be2cb0f000b55edc3487c6dee9520cc0b63
ao_grid,10000,868,test,3.982056516271741,3.982056516271741,1.0,True,0.0,2,4159,0,ao_grid_coordinate_codebook,analytical_ris_equal_allocation,"[1.837985297537858, 3.98205482100159, 3.982056516271741]",[],"{""allocation_levels"": 7, ""beta_levels"": 5, ""phase_levels"": 8}",1731.755567,eb978e84730de4cf1e0579ad9e17edb700c67ba6eceac89d1fe3698763a419f7,fc61d5cda7da39530055bae9bd0e92865f995cd9,4e84455d08cacd9f85c432f7838c3be2cb0f000b55edc3487c6dee9520cc0b63
ao_grid,10000,869,test,3.98205774360679,3.98205774360679,1.0,True,0.0,2,4159,0,ao_grid_coordinate_codebook,analytical_ris_equal_allocation,"[1.8379932100042304, 3.982056806732548, 3.98205774360679]",[],"{""allocation_levels"": 7, ""beta_levels"": 5, ""phase_levels"": 8}",1702.383195,eb978e84730de4cf1e0579ad9e17edb700c67ba6eceac89d1fe3698763a419f7,fc61d5cda7da39530055bae9bd0e92865f995cd9,4e84455d08cacd9f85c432f7838c3be2cb0f000b55edc3487c6dee9520cc0b63
ao_grid,10000,870,test,3.982060285480606,3.982060285480606,1.0,True,0.0,2,4159,0,ao_grid_coordinate_codebook,analytical_ris_equal_allocation,"[1.8380000518164186, 3.9820594866411616, 3.982060285480606]",[],"{""allocation_levels"": 7, ""beta_levels"": 5, ""phase_levels"": 8}",1660.156798,eb978e84730de4cf1e0579ad9e17edb700c67ba6eceac89d1fe3698763a419f7,fc61d5cda7da39530055bae9bd0e92865f995cd9,4e84455d08cacd9f85c432f7838c3be2cb0f000b55edc3487c6dee9520cc0b63
ao_grid,10000,871,test,3.9820599077126553,3.9820599077126553,1.0,True,0.0,2,4159,0,ao_grid_coordinate_codebook,analytical_ris_equal_allocation,"[1.8379915197634495, 3.982057704310158, 3.9820599077126553]",[],"{""allocation_levels"": 7, ""beta_levels"": 5, ""phase_levels"": 8}",1672.419968,eb978e84730de4cf1e0579ad9e17edb700c67ba6eceac89d1fe3698763a419f7,fc61d5cda7da39530055bae9bd0e92865f995cd9,4e84455d08cacd9f85c432f7838c3be2cb0f000b55edc3487c6dee9520cc0b63
ao_grid,10000,872,test,3.982058515906512,3.982058515906512,1.0,True,0.0,2,4159,0,ao_grid_coordinate_codebook,analytical_ris_equal_allocation,"[1.837999414765251, 3.982056460591704, 3.982058515906512]",[],"{""allocation_levels"": 7, ""beta_levels"": 5, ""phase_levels"": 8}",1729.636367,eb978e84730de4cf1e0579ad9e17edb700c67ba6eceac89d1fe3698763a419f7,fc61d5cda7da39530055bae9bd0e92865f995cd9,4e84455d08cacd9f85c432f7838c3be2cb0f000b55edc3487c6dee9520cc0b63
ao_grid,10000,873,test,3.9820559150472246,3.9820559150472246,1.0,True,0.0,2,4159,0,ao_grid_coordinate_codebook,analytical_ris_equal_allocation,"[1.8379981590025742, 3.982053919563417, 3.9820559150472246]",[],"{""allocation_levels"": 7, ""beta_levels"": 5, ""phase_levels"": 8}",1698.545283,eb978e84730de4cf1e0579ad9e17edb700c67ba6eceac89d1fe3698763a419f7,fc61d5cda7da39530055bae9bd0e92865f995cd9,4e84455d08cacd9f85c432f7838c3be2cb0f000b55edc3487c6dee9520cc0b63
ao_grid,10000,874,test,3.982060985849844,3.982060985849844,1.0,True,0.0,2,4159,0,ao_grid_coordinate_codebook,analytical_ris_equal_allocation,"[1.8379965752748342, 3.9820595638839213, 3.982060985849844]",[],"{""allocation_levels"": 7, ""beta_levels"": 5, ""phase_levels"": 8}",1695.864329,eb978e84730de4cf1e0579ad9e17edb700c67ba6eceac89d1fe3698763a419f7,fc61d5cda7da39530055bae9bd0e92865f995cd9,4e84455d08cacd9f85c432f7838c3be2cb0f000b55edc3487c6dee9520cc0b63
ao_grid,10000,875,test,3.982053527458458,3.982053527458458,1.0,True,0.0,2,4159,0,ao_grid_coordinate_codebook,analytical_ris_equal_allocation,"[1.8379610115020255, 3.9820500693342136, 3.982053527458458]",[],"{""allocation_levels"": 7, ""beta_levels"": 5, ""phase_levels"": 8}",1669.954769,eb978e84730de4cf1e0579ad9e17edb700c67ba6eceac89d1fe3698763a419f7,fc61d5cda7da39530055bae9bd0e92865f995cd9,4e84455d08cacd9f85c432f7838c3be2cb0f000b55edc3487c6dee9520cc0b63
ao_grid,10000,876,test,3.98205601371734,3.98205601371734,1.0,True,0.0,2,4159,0,ao_grid_coordinate_codebook,analytical_ris_equal_allocation,"[1.8379724465951788, 3.982054438233762, 3.98205601371734]",[],"{""allocation_levels"": 7, ""beta_levels"": 5, ""phase_levels"": 8}",1670.929105,eb978e84730de4cf1e0579ad9e17edb700c67ba6eceac89d1fe3698763a419f7,fc61d5cda7da39530055bae9bd0e92865f995cd9,4e84455d08cacd9f85c432f7838c3be2cb0f000b55edc3487c6dee9520cc0b63
ao_grid,10000,877,test,3.982055621869697,3.982055621869697,1.0,True,0.0,2,4159,0,ao_grid_coordinate_codebook,analytical_ris_equal_allocation,"[1.837962094388512, 3.982051373453503, 3.982055621869697]",[],"{""allocation_levels"": 7, ""beta_levels"": 5, ""phase_levels"": 8}",1687.500961,eb978e84730de4cf1e0579ad9e17edb700c67ba6eceac89d1fe3698763a419f7,fc61d5cda7da39530055bae9bd0e92865f995cd9,4e84455d08cacd9f85c432f7838c3be2cb0f000b55edc3487c6dee9520cc0b63
ao_grid,10000,878,test,3.982058882257316,3.982058882257316,1.0,True,0.0,2,4159,0,ao_grid_coordinate_codebook,analytical_ris_equal_allocation,"[1.8379980351528686, 3.9820577775214137, 3.982058882257316]",[],"{""allocation_levels"": 7, ""beta_levels"": 5, ""phase_levels"": 8}",1716.207881,eb978e84730de4cf1e0579ad9e17edb700c67ba6eceac89d1fe3698763a419f7,fc61d5cda7da39530055bae9bd0e92865f995cd9,4e84455d08cacd9f85c432f7838c3be2cb0f000b55edc3487c6dee9520cc0b63
ao_grid,10000,879,test,3.9820594003193923,3.9820594003193923,1.0,True,0.0,2,4159,0,ao_grid_coordinate_codebook,analytical_ris_equal_allocation,"[1.8379933950404794, 3.982057736069224, 3.9820594003193923]",[],"{""allocation_levels"": 7, ""beta_levels"": 5, ""phase_levels"": 8}",1655.80301,eb978e84730de4cf1e0579ad9e17edb700c67ba6eceac89d1fe3698763a419f7,fc61d5cda7da39530055bae9bd0e92865f995cd9,4e84455d08cacd9f85c432f7838c3be2cb0f000b55edc3487c6dee9520cc0b63
ao_grid,10000,880,test,3.9820593027976896,3.9820593027976896,1.0,True,0.0,2,4159,0,ao_grid_coordinate_codebook,analytical_ris_equal_allocation,"[1.837992624515138, 3.9820576915008083, 3.9820593027976896]",[],"{""allocation_levels"": 7, ""beta_levels"": 5, ""phase_levels"": 8}",1666.254086,eb978e84730de4cf1e0579ad9e17edb700c67ba6eceac89d1fe3698763a419f7,fc61d5cda7da39530055bae9bd0e92865f995cd9,4e84455d08cacd9f85c432f7838c3be2cb0f000b55edc3487c6dee9520cc0b63
ao_grid,10000,881,test,3.982061830400277,3.982061830400277,1.0,True,0.0,2,4159,0,ao_grid_coordinate_codebook,analytical_ris_equal_allocation,"[1.8380110198205264, 3.9820614105223964, 3.982061830400277]",[],"{""allocation_levels"": 7, ""beta_levels"": 5, ""phase_levels"": 8}",1676.318822,eb978e84730de4cf1e0579ad9e17edb700c67ba6eceac89d1fe3698763a419f7,fc61d5cda7da39530055bae9bd0e92865f995cd9,4e84455d08cacd9f85c432f7838c3be2cb0f000b55edc3487c6dee9520cc0b63
ao_grid,10000,882,test,3.9820600284723637,3.9820600284723637,1.0,True,0.0,2,4159,0,ao_grid_coordinate_codebook,analytical_ris_equal_allocation,"[1.8379960393433603, 3.9820585603059433, 3.9820600284723637]",[],"{""allocation_levels"": 7, ""beta_levels"": 5, ""phase_levels"": 8}",1679.557256,eb978e84730de4cf1e0579ad9e17edb700c67ba6eceac89d1fe3698763a419f7,fc61d5cda7da39530055bae9bd0e92865f995cd9,4e84455d08cacd9f85c432f7838c3be2cb0f000b55edc3487c6dee9520cc0b63
ao_grid,10000,883,test,3.9820616805811015,3.9820616805811015,1.0,True,0.0,2,4159,0,ao_grid_coordinate_codebook,analytical_ris_equal_allocation,"[1.838009274317512, 3.982060432163589, 3.9820616805811015]",[],"{""allocation_levels"": 7, ""beta_levels"": 5, ""phase_levels"": 8}",1674.845882,eb978e84730de4cf1e0579ad9e17edb700c67ba6eceac89d1fe3698763a419f7,fc61d5cda7da39530055bae9bd0e92865f995cd9,4e84455d08cacd9f85c432f7838c3be2cb0f000b55edc3487c6dee9520cc0b63
ao_grid,10000,884,test,3.982055971693426,3.982055971693426,1.0,True,0.0,2,4159,0,ao_grid_coordinate_codebook,analytical_ris_equal_allocation,"[1.8379766012655978, 3.9820541348578162, 3.982055971693426]",[],"{""allocation_levels"": 7, ""beta_levels"": 5, ""phase_levels"": 8}",1756.403832,eb978e84730de4cf1e0579ad9e17edb700c67ba6eceac89d1fe3698763a419f7,fc61d5cda7da39530055bae9bd0e92865f995cd9,4e84455d08cacd9f85c432f7838c3be2cb0f000b55edc3487c6dee9520cc0b63
ao_grid,10000,885,test,3.9820583640731537,3.9820583640731537,1.0,True,0.0,2,4159,0,ao_grid_coordinate_codebook,analytical_ris_equal_allocation,"[1.8379956859510402, 3.9820570494487226, 3.9820583640731537]",[],"{""allocation_levels"": 7, ""beta_levels"": 5, ""phase_levels"": 8}",1697.156434,eb978e84730de4cf1e0579ad9e17edb700c67ba6eceac89d1fe3698763a419f7,fc61d5cda7da39530055bae9bd0e92865f995cd9,4e84455d08cacd9f85c432f7838c3be2cb0f000b55edc3487c6dee9520cc0b63
ao_grid,10000,886,test,3.982057786055856,3.982057786055856,1.0,True,0.0,2,4159,0,ao_grid_coordinate_codebook,analytical_ris_equal_allocation,"[1.837970347907609, 3.9820554993581085, 3.982057786055856]",[],"{""allocation_levels"": 7, ""beta_levels"": 5, ""phase_levels"": 8}",1681.749045,eb978e84730de4cf1e0579ad9e17edb700c67ba6eceac89d1fe3698763a419f7,fc61d5cda7da39530055bae9bd0e92865f995cd9,4e84455d08cacd9f85c432f7838c3be2cb0f000b55edc3487c6dee9520cc0b63
ao_grid,10000,887,test,3.982063639662389,3.982063639662389,1.0,True,0.0,2,4159,0,ao_grid_coordinate_codebook,analytical_ris_equal_allocation,"[1.838013079060154, 3.982061791428114, 3.982063639662389]",[],"{""allocation_levels"": 7, ""beta_levels"": 5, ""phase_levels"": 8}",1735.914408,eb978e84730de4cf1e0579ad9e17edb700c67ba6eceac89d1fe3698763a419f7,fc61d5cda7da39530055bae9bd0e92865f995cd9,4e84455d08cacd9f85c432f7838c3be2cb0f000b55edc3487c6dee9520cc0b63
ao_grid,10000,888,test,3.9820560636513918,3.9820560636513918,1.0,True,0.0,2,4159,0,ao_grid_coordinate_codebook,analytical_ris_equal_allocation,"[1.8379960078090192, 3.9820552859597376, 3.9820560636513918]",[],"{""allocation_levels"": 7, ""beta_levels"": 5, ""phase_levels"": 8}",1684.412922,eb978e84730de4cf1e0579ad9e17edb700c67ba6eceac89d1fe3698763a419f7,fc61d5cda7da39530055bae9bd0e92865f995cd9,4e84455d08cacd9f85c432f7838c3be2cb0f000b55edc3487c6dee9520cc0b63
ao_grid,10000,889,test,3.9820584512691575,3.9820584512691575,1.0,True,0.0,2,4159,0,ao_grid_coordinate_codebook,analytical_ris_equal_allocation,"[1.8380011556633382, 3.9820575166634544, 3.9820584512691575]",[],"{""allocation_levels"": 7, ""beta_levels"": 5, ""phase_levels"": 8}",1682.14609,eb978e84730de4cf1e0579ad9e17edb700c67ba6eceac89d1fe3698763a419f7,fc61d5cda7da39530055bae9bd0e92865f995cd9,4e84455d08cacd9f85c432f7838c3be2cb0f000b55edc3487c6dee9520cc0b63
ao_grid,10000,890,test,3.982059332208138,3.982059332208138,1.0,True,0.0,2,4159,0,ao_grid_coordinate_codebook,analytical_ris_equal_allocation,"[1.8379989031656683, 3.982058429239715, 3.982059332208138]",[],"{""allocation_levels"": 7, ""beta_levels"": 5, ""phase_levels"": 8}",1737.626906,eb978e84730de4cf1e0579ad9e17edb700c67ba6eceac89d1fe3698763a419f7,fc61d5cda7da39530055bae9bd0e92865f995cd9,4e84455d08cacd9f85c432f7838c3be2cb0f000b55edc3487c6dee9520cc0b63
ao_grid,10000,891,test,3.982061368623802,3.982061368623802,1.0,True,0.0,2,4159,0,ao_grid_coordinate_codebook,analytical_ris_equal_allocation,"[1.8380013285680183, 3.982060505559121, 3.982061368623802]",[],"{""allocation_levels"": 7, ""beta_levels"": 5, ""phase_levels"": 8}",1689.735007,eb978e84730de4cf1e0579ad9e17edb700c67ba6eceac89d1fe3698763a419f7,fc61d5cda7da39530055bae9bd0e92865f995cd9,4e84455d08cacd9f85c432f7838c3be2cb0f000b55edc3487c6dee9520cc0b63
ao_grid,10000,892,test,3.982062365198188,3.982062365198188,1.0,True,0.0,2,4159,0,ao_grid_coordinate_codebook,analytical_ris_equal_allocation,"[1.83800010019975, 3.9820612463210114, 3.982062365198188]",[],"{""allocation_levels"": 7, ""beta_levels"": 5, ""phase_levels"": 8}",1676.972824,eb978e84730de4cf1e0579ad9e17edb700c67ba6eceac89d1fe3698763a419f7,fc61d5cda7da39530055bae9bd0e92865f995cd9,4e84455d08cacd9f85c432f7838c3be2cb0f000b55edc3487c6dee9520cc0b63
ao_grid,10000,893,test,3.9820593255406025,3.9820593255406025,1.0,True,0.0,2,4159,0,ao_grid_coordinate_codebook,analytical_ris_equal_allocation,"[1.8379872206566137, 3.9820571386103336, 3.9820593255406025]",[],"{""allocation_levels"": 7, ""beta_levels"": 5, ""phase_levels"": 8}",1665.417798,eb978e84730de4cf1e0579ad9e17edb700c67ba6eceac89d1fe3698763a419f7,fc61d5cda7da39530055bae9bd0e92865f995cd9,4e84455d08cacd9f85c432f7838c3be2cb0f000b55edc3487c6dee9520cc0b63
ao_grid,10000,894,test,3.9820599870011075,3.9820599870011075,1.0,True,0.0,2,4159,0,ao_grid_coordinate_codebook,analytical_ris_equal_allocation,"[1.838005870018582, 3.9820585884566277, 3.9820599870011075]",[],"{""allocation_levels"": 7, ""beta_levels"": 5, ""phase_levels"": 8}",1684.295908,eb978e84730de4cf1e0579ad9e17edb700c67ba6eceac89d1fe3698763a419f7,fc61d5cda7da39530055bae9bd0e92865f995cd9,4e84455d08cacd9f85c432f7838c3be2cb0f000b55edc3487c6dee9520cc0b63
ao_grid,10000,895,test,3.9820604161856528,3.9820604161856528,1.0,True,0.0,2,4159,0,ao_grid_coordinate_codebook,analytical_ris_equal_allocation,"[1.8379970374085077, 3.982059434786295, 3.9820604161856528]",[],"{""allocation_levels"": 7, ""beta_levels"": 5, ""phase_levels"": 8}",1709.568474,eb978e84730de4cf1e0579ad9e17edb700c67ba6eceac89d1fe3698763a419f7,fc61d5cda7da39530055bae9bd0e92865f995cd9,4e84455d08cacd9f85c432f7838c3be2cb0f000b55edc3487c6dee9520cc0b63
ao_grid,10000,896,test,3.9820610135240093,3.9820610135240093,1.0,True,0.0,2,4159,0,ao_grid_coordinate_codebook,analytical_ris_equal_allocation,"[1.8380058194153603, 3.9820595425653798, 3.9820610135240093]",[],"{""allocation_levels"": 7, ""beta_levels"": 5, ""phase_levels"": 8}",1742.857341,eb978e84730de4cf1e0579ad9e17edb700c67ba6eceac89d1fe3698763a419f7,fc61d5cda7da39530055bae9bd0e92865f995cd9,4e84455d08cacd9f85c432f7838c3be2cb0f000b55edc3487c6dee9520cc0b63
ao_grid,10000,897,test,3.982061820287793,3.982061820287793,1.0,True,0.0,2,4159,0,ao_grid_coordinate_codebook,analytical_ris_equal_allocation,"[1.8379929722872665, 3.9820603606805784, 3.982061820287793]",[],"{""allocation_levels"": 7, ""beta_levels"": 5, ""phase_levels"": 8}",1676.547129,eb978e84730de4cf1e0579ad9e17edb700c67ba6eceac89d1fe3698763a419f7,fc61d5cda7da39530055bae9bd0e92865f995cd9,4e84455d08cacd9f85c432f7838c3be2cb0f000b55edc3487c6dee9520cc0b63
ao_grid,10000,898,test,3.982058232590151,3.982058232590151,1.0,True,0.0,2,4159,0,ao_grid_coordinate_codebook,analytical_ris_equal_allocation,"[1.837973372346931, 3.9820562687371375, 3.982058232590151]",[],"{""allocation_levels"": 7, ""beta_levels"": 5, ""phase_levels"": 8}",1661.898823,eb978e84730de4cf1e0579ad9e17edb700c67ba6eceac89d1fe3698763a419f7,fc61d5cda7da39530055bae9bd0e92865f995cd9,4e84455d08cacd9f85c432f7838c3be2cb0f000b55edc3487c6dee9520cc0b63
ao_grid,10000,899,test,3.9820588236961454,3.9820588236961454,1.0,True,0.0,2,4159,0,ao_grid_coordinate_codebook,analytical_ris_equal_allocation,"[1.8379704991631434, 3.9820568619638332, 3.9820588236961454]",[],"{""allocation_levels"": 7, ""beta_levels"": 5, ""phase_levels"": 8}",1660.741001,eb978e84730de4cf1e0579ad9e17edb700c67ba6eceac89d1fe3698763a419f7,fc61d5cda7da39530055bae9bd0e92865f995cd9,4e84455d08cacd9f85c432f7838c3be2cb0f000b55edc3487c6dee9520cc0b63
ao_grid,10000,900,test,3.9820621477809777,3.9820621477809777,1.0,True,0.0,2,4159,0,ao_grid_coordinate_codebook,analytical_ris_equal_allocation,"[1.8380116669682265, 3.982061107148689, 3.9820621477809777]",[],"{""allocation_levels"": 7, ""beta_levels"": 5, ""phase_levels"": 8}",1668.571788,eb978e84730de4cf1e0579ad9e17edb700c67ba6eceac89d1fe3698763a419f7,fc61d5cda7da39530055bae9bd0e92865f995cd9,4e84455d08cacd9f85c432f7838c3be2cb0f000b55edc3487c6dee9520cc0b63
ao_grid,10000,901,test,3.9820577318945567,3.9820577318945567,1.0,True,0.0,2,4159,0,ao_grid_coordinate_codebook,analytical_ris_equal_allocation,"[1.8379839419487312, 3.982056234635801, 3.9820577318945567]",[],"{""allocation_levels"": 7, ""beta_levels"": 5, ""phase_levels"": 8}",1721.955616,eb978e84730de4cf1e0579ad9e17edb700c67ba6eceac89d1fe3698763a419f7,fc61d5cda7da39530055bae9bd0e92865f995cd9,4e84455d08cacd9f85c432f7838c3be2cb0f000b55edc3487c6dee9520cc0b63
ao_grid,10000,902,test,3.982056544759006,3.982056544759006,1.0,True,0.0,2,4159,0,ao_grid_coordinate_codebook,analytical_ris_equal_allocation,"[1.8379678149792074, 3.982053571261981, 3.982056544759006]",[],"{""allocation_levels"": 7, ""beta_levels"": 5, ""phase_levels"": 8}",1668.716729,eb978e84730de4cf1e0579ad9e17edb700c67ba6eceac89d1fe3698763a419f7,fc61d5cda7da39530055bae9bd0e92865f995cd9,4e84455d08cacd9f85c432f7838c3be2cb0f000b55edc3487c6dee9520cc0b63
ao_grid,10000,903,test,3.9820618450229732,3.9820618450229732,1.0,True,0.0,2,4159,0,ao_grid_coordinate_codebook,analytical_ris_equal_allocation,"[1.837998972047388, 3.982060620940416, 3.9820618450229732]",[],"{""allocation_levels"": 7, ""beta_levels"": 5, ""phase_levels"": 8}",1700.037111,eb978e84730de4cf1e0579ad9e17edb700c67ba6eceac89d1fe3698763a419f7,fc61d5cda7da39530055bae9bd0e92865f995cd9,4e84455d08cacd9f85c432f7838c3be2cb0f000b55edc3487c6dee9520cc0b63
ao_grid,10000,904,test,3.9820546751110637,3.9820546751110637,1.0,True,0.0,2,4159,0,ao_grid_coordinate_codebook,analytical_ris_equal_allocation,"[1.8379844099989684, 3.9820534104509604, 3.9820546751110637]",[],"{""allocation_levels"": 7, ""beta_levels"": 5, ""phase_levels"": 8}",1693.433165,eb978e84730de4cf1e0579ad9e17edb700c67ba6eceac89d1fe3698763a419f7,fc61d5cda7da39530055bae9bd0e92865f995cd9,4e84455d08cacd9f85c432f7838c3be2cb0f000b55edc3487c6dee9520cc0b63
ao_grid,10000,905,test,3.9820600659528593,3.9820600659528593,1.0,True,0.0,2,4159,0,ao_grid_coordinate_codebook,analytical_ris_equal_allocation,"[1.83799763004942, 3.982058989929926, 3.9820600659528593]",[],"{""allocation_levels"": 7, ""beta_levels"": 5, ""phase_levels"": 8}",1679.774132,eb978e84730de4cf1e0579ad9e17edb700c67ba6eceac89d1fe3698763a419f7,fc61d5cda7da39530055bae9bd0e92865f995cd9,4e84455d08cacd9f85c432f7838c3be2cb0f000b55edc3487c6dee9520cc0b63
ao_grid,10000,906,test,3.9820581966639126,3.9820581966639126,1.0,True,0.0,2,4159,0,ao_grid_coordinate_codebook,analytical_ris_equal_allocation,"[1.8379850377165978, 3.982056222631118, 3.9820581966639126]",[],"{""allocation_levels"": 7, ""beta_levels"": 5, ""phase_levels"": 8}",1708.530865,eb978e84730de4cf1e0579ad9e17edb700c67ba6eceac89d1fe3698763a419f7,fc61d5cda7da39530055bae9bd0e92865f995cd9,4e84455d08cacd9f85c432f7838c3be2cb0f000b55edc3487c6dee9520cc0b63
ao_grid,10000,907,test,3.9820555073158657,3.9820555073158657,1.0,True,0.0,2,4159,0,ao_grid_coordinate_codebook,analytical_ris_equal_allocation,"[1.8379839633847528, 3.982053921491294, 3.9820555073158657]",[],"{""allocation_levels"": 7, ""beta_levels"": 5, ""phase_levels"": 8}",1805.103674,eb978e84730de4cf1e0579ad9e17edb700c67ba6eceac89d1fe3698763a419f7,fc61d5cda7da39530055bae9bd0e92865f995cd9,4e84455d08cacd9f85c432f7838c3be2cb0f000b55edc3487c6dee9520cc0b63
ao_grid,10000,908,test,3.9820637086634894,3.9820637086634894,1.0,True,0.0,2,4159,0,ao_grid_coordinate_codebook,analytical_ris_equal_allocation,"[1.8380094345401987, 3.9820619714504044, 3.9820637086634894]",[],"{""allocation_levels"": 7, ""beta_levels"": 5, ""phase_levels"": 8}",1706.738167,eb978e84730de4cf1e0579ad9e17edb700c67ba6eceac89d1fe3698763a419f7,fc61d5cda7da39530055bae9bd0e92865f995cd9,4e84455d08cacd9f85c432f7838c3be2cb0f000b55edc3487c6dee9520cc0b63
ao_grid,10000,909,test,3.9820577874604073,3.9820577874604073,1.0,True,0.0,2,4159,0,ao_grid_coordinate_codebook,analytical_ris_equal_allocation,"[1.8379916110456382, 3.982055995015311, 3.9820577874604073]",[],"{""allocation_levels"": 7, ""beta_levels"": 5, ""phase_levels"": 8}",1691.5753,eb978e84730de4cf1e0579ad9e17edb700c67ba6eceac89d1fe3698763a419f7,fc61d5cda7da39530055bae9bd0e92865f995cd9,4e84455d08cacd9f85c432f7838c3be2cb0f000b55edc3487c6dee9520cc0b63
ao_grid,10000,910,test,3.982060711257895,3.982060711257895,1.0,True,0.0,2,4159,0,ao_grid_coordinate_codebook,analytical_ris_equal_allocation,"[1.8379958449694462, 3.9820583213201783, 3.982060711257895]",[],"{""allocation_levels"": 7, ""beta_levels"": 5, ""phase_levels"": 8}",1692.188828,eb978e84730de4cf1e0579ad9e17edb700c67ba6eceac89d1fe3698763a419f7,fc61d5cda7da39530055bae9bd0e92865f995cd9,4e84455d08cacd9f85c432f7838c3be2cb0f000b55edc3487c6dee9520cc0b63
ao_grid,10000,911,test,3.9820550942068014,3.9820550942068014,1.0,True,0.0,2,4159,0,ao_grid_coordinate_codebook,analytical_ris_equal_allocation,"[1.8379805747478077, 3.9820535333149127, 3.9820550942068014]",[],"{""allocation_levels"": 7, ""beta_levels"": 5, ""phase_levels"": 8}",1705.610756,eb978e84730de4cf1e0579ad9e17edb700c67ba6eceac89d1fe3698763a419f7,fc61d5cda7da39530055bae9bd0e92865f995cd9,4e84455d08cacd9f85c432f7838c3be2cb0f000b55edc3487c6dee9520cc0b63
ao_grid,10000,912,test,3.9820559291366626,3.9820559291366626,1.0,True,0.0,2,4159,0,ao_grid_coordinate_codebook,analytical_ris_equal_allocation,"[1.8379808097387325, 3.982054253486736, 3.9820559291366626]",[],"{""allocation_levels"": 7, ""beta_levels"": 5, ""phase_levels"": 8}",1729.099124,eb978e84730de4cf1e0579ad9e17edb700c67ba6eceac89d1fe3698763a419f7,fc61d5cda7da39530055bae9bd0e92865f995cd9,4e84455d08cacd9f85c432f7838c3be2cb0f000b55edc3487c6dee9520cc0b63
ao_grid,10000,913,test,3.9820585489597065,3.9820585489597065,1.0,True,0.0,2,4159,0,ao_grid_coordinate_codebook,analytical_ris_equal_allocation,"[1.8379880752900875, 3.9820564914519814, 3.9820585489597065]",[],"{""allocation_levels"": 7, ""beta_levels"": 5, ""phase_levels"": 8}",1762.210475,eb978e84730de4cf1e0579ad9e17edb700c67ba6eceac89d1fe3698763a419f7,fc61d5cda7da39530055bae9bd0e92865f995cd9,4e84455d08cacd9f85c432f7838c3be2cb0f000b55edc3487c6dee9520cc0b63
ao_grid,10000,914,test,3.9820598576883883,3.9820598576883883,1.0,True,0.0,2,4159,0,ao_grid_coordinate_codebook,analytical_ris_equal_allocation,"[1.8379911300249732, 3.9820575723337175, 3.9820598576883883]",[],"{""allocation_levels"": 7, ""beta_levels"": 5, ""phase_levels"": 8}",1692.915241,eb978e84730de4cf1e0579ad9e17edb700c67ba6eceac89d1fe3698763a419f7,fc61d5cda7da39530055bae9bd0e92865f995cd9,4e84455d08cacd9f85c432f7838c3be2cb0f000b55edc3487c6dee9520cc0b63
ao_grid,10000,915,test,3.982057666806652,3.982057666806652,1.0,True,0.0,2,4159,0,ao_grid_coordinate_codebook,analytical_ris_equal_allocation,"[1.8379973698581669, 3.9820567243463842, 3.982057666806652]",[],"{""allocation_levels"": 7, ""beta_levels"": 5, ""phase_levels"": 8}",1674.486953,eb978e84730de4cf1e0579ad9e17edb700c67ba6eceac89d1fe3698763a419f7,fc61d5cda7da39530055bae9bd0e92865f995cd9,4e84455d08cacd9f85c432f7838c3be2cb0f000b55edc3487c6dee9520cc0b63
ao_grid,10000,916,test,3.982055782605121,3.982055782605121,1.0,True,0.0,2,4159,0,ao_grid_coordinate_codebook,analytical_ris_equal_allocation,"[1.83798521148723, 3.9820534789128565, 3.982055782605121]",[],"{""allocation_levels"": 7, ""beta_levels"": 5, ""phase_levels"": 8}",1700.908314,eb978e84730de4cf1e0579ad9e17edb700c67ba6eceac89d1fe3698763a419f7,fc61d5cda7da39530055bae9bd0e92865f995cd9,4e84455d08cacd9f85c432f7838c3be2cb0f000b55edc3487c6dee9520cc0b63
ao_grid,10000,917,test,3.98205822601894,3.98205822601894,1.0,True,0.0,2,4159,0,ao_grid_coordinate_codebook,analytical_ris_equal_allocation,"[1.8379861849587444, 3.9820570186729984, 3.98205822601894]",[],"{""allocation_levels"": 7, ""beta_levels"": 5, ""phase_levels"": 8}",1724.249489,eb978e84730de4cf1e0579ad9e17edb700c67ba6eceac89d1fe3698763a419f7,fc61d5cda7da39530055bae9bd0e92865f995cd9,4e84455d08cacd9f85c432f7838c3be2cb0f000b55edc3487c6dee9520cc0b63
ao_grid,10000,918,test,3.982058213825026,3.982058213825026,1.0,True,0.0,2,4159,0,ao_grid_coordinate_codebook,analytical_ris_equal_allocation,"[1.8379663795194954, 3.9820560332793473, 3.982058213825026]",[],"{""allocation_levels"": 7, ""beta_levels"": 5, ""phase_levels"": 8}",1703.841447,eb978e84730de4cf1e0579ad9e17edb700c67ba6eceac89d1fe3698763a419f7,fc61d5cda7da39530055bae9bd0e92865f995cd9,4e84455d08cacd9f85c432f7838c3be2cb0f000b55edc3487c6dee9520cc0b63
ao_grid,10000,919,test,3.9820585141466722,3.9820585141466722,1.0,True,0.0,2,4159,0,ao_grid_coordinate_codebook,analytical_ris_equal_allocation,"[1.8379937756381102, 3.982057813258913, 3.9820585141466722]",[],"{""allocation_levels"": 7, ""beta_levels"": 5, ""phase_levels"": 8}",1713.345893,eb978e84730de4cf1e0579ad9e17edb700c67ba6eceac89d1fe3698763a419f7,fc61d5cda7da39530055bae9bd0e92865f995cd9,4e84455d08cacd9f85c432f7838c3be2cb0f000b55edc3487c6dee9520cc0b63
ao_grid,10000,920,test,3.9820581640836488,3.9820581640836488,1.0,True,0.0,2,4159,0,ao_grid_coordinate_codebook,analytical_ris_equal_allocation,"[1.8379739861014373, 3.9820559612526925, 3.9820581640836488]",[],"{""allocation_levels"": 7, ""beta_levels"": 5, ""phase_levels"": 8}",1714.30428,eb978e84730de4cf1e0579ad9e17edb700c67ba6eceac89d1fe3698763a419f7,fc61d5cda7da39530055bae9bd0e92865f995cd9,4e84455d08cacd9f85c432f7838c3be2cb0f000b55edc3487c6dee9520cc0b63
ao_grid,10000,921,test,3.9820608410700515,3.9820608410700515,1.0,True,0.0,2,4159,0,ao_grid_coordinate_codebook,analytical_ris_equal_allocation,"[1.8380082800872724, 3.982059924780331, 3.9820608410700515]",[],"{""allocation_levels"": 7, ""beta_levels"": 5, ""phase_levels"": 8}",1687.916028,eb978e84730de4cf1e0579ad9e17edb700c67ba6eceac89d1fe3698763a419f7,fc61d5cda7da39530055bae9bd0e92865f995cd9,4e84455d08cacd9f85c432f7838c3be2cb0f000b55edc3487c6dee9520cc0b63
ao_grid,10000,922,test,3.9820563752824274,3.9820563752824274,1.0,True,0.0,2,4159,0,ao_grid_coordinate_codebook,analytical_ris_equal_allocation,"[1.837989167374046, 3.9820558658217187, 3.9820563752824274]",[],"{""allocation_levels"": 7, ""beta_levels"": 5, ""phase_levels"": 8}",1670.349482,eb978e84730de4cf1e0579ad9e17edb700c67ba6eceac89d1fe3698763a419f7,fc61d5cda7da39530055bae9bd0e92865f995cd9,4e84455d08cacd9f85c432f7838c3be2cb0f000b55edc3487c6dee9520cc0b63
ao_grid,10000,923,test,3.9820630119876763,3.9820630119876763,1.0,True,0.0,2,4159,0,ao_grid_coordinate_codebook,analytical_ris_equal_allocation,"[1.838008392012836, 3.9820616987276836, 3.9820630119876763]",[],"{""allocation_levels"": 7, ""beta_levels"": 5, ""phase_levels"": 8}",1699.751079,eb978e84730de4cf1e0579ad9e17edb700c67ba6eceac89d1fe3698763a419f7,fc61d5cda7da39530055bae9bd0e92865f995cd9,4e84455d08cacd9f85c432f7838c3be2cb0f000b55edc3487c6dee9520cc0b63
ao_grid,10000,924,test,3.9820581137921622,3.9820581137921622,1.0,True,0.0,2,4159,0,ao_grid_coordinate_codebook,analytical_ris_equal_allocation,"[1.8379843892676708, 3.982054800600008, 3.9820581137921622]",[],"{""allocation_levels"": 7, ""beta_levels"": 5, ""phase_levels"": 8}",1808.367337,eb978e84730de4cf1e0579ad9e17edb700c67ba6eceac89d1fe3698763a419f7,fc61d5cda7da39530055bae9bd0e92865f995cd9,4e84455d08cacd9f85c432f7838c3be2cb0f000b55edc3487c6dee9520cc0b63
ao_grid,10000,925,test,3.9820604320175033,3.9820604320175033,1.0,True,0.0,2,4159,0,ao_grid_coordinate_codebook,analytical_ris_equal_allocation,"[1.837985670932052, 3.9820579824280786, 3.9820604320175033]",[],"{""allocation_levels"": 7, ""beta_levels"": 5, ""phase_levels"": 8}",1786.987666,eb978e84730de4cf1e0579ad9e17edb700c67ba6eceac89d1fe3698763a419f7,fc61d5cda7da39530055bae9bd0e92865f995cd9,4e84455d08cacd9f85c432f7838c3be2cb0f000b55edc3487c6dee9520cc0b63
ao_grid,10000,926,test,3.982059156768734,3.982059156768734,1.0,True,0.0,2,4159,0,ao_grid_coordinate_codebook,analytical_ris_equal_allocation,"[1.837988710997448, 3.9820584272018573, 3.982059156768734]",[],"{""allocation_levels"": 7, ""beta_levels"": 5, ""phase_levels"": 8}",1697.962309,eb978e84730de4cf1e0579ad9e17edb700c67ba6eceac89d1fe3698763a419f7,fc61d5cda7da39530055bae9bd0e92865f995cd9,4e84455d08cacd9f85c432f7838c3be2cb0f000b55edc3487c6dee9520cc0b63
ao_grid,10000,927,test,3.9820599259969964,3.9820599259969964,1.0,True,0.0,2,4159,0,ao_grid_coordinate_codebook,analytical_ris_equal_allocation,"[1.8379953806400005, 3.9820584652822975, 3.9820599259969964]",[],"{""allocation_levels"": 7, ""beta_levels"": 5, ""phase_levels"": 8}",1684.502228,eb978e84730de4cf1e0579ad9e17edb700c67ba6eceac89d1fe3698763a419f7,fc61d5cda7da39530055bae9bd0e92865f995cd9,4e84455d08cacd9f85c432f7838c3be2cb0f000b55edc3487c6dee9520cc0b63
ao_grid,10000,928,test,3.9820559037469625,3.9820559037469625,1.0,True,0.0,2,4159,0,ao_grid_coordinate_codebook,analytical_ris_equal_allocation,"[1.8379686299757185, 3.9820537087645205, 3.9820559037469625]",[],"{""allocation_levels"": 7, ""beta_levels"": 5, ""phase_levels"": 8}",1694.799667,eb978e84730de4cf1e0579ad9e17edb700c67ba6eceac89d1fe3698763a419f7,fc61d5cda7da39530055bae9bd0e92865f995cd9,4e84455d08cacd9f85c432f7838c3be2cb0f000b55edc3487c6dee9520cc0b63
ao_grid,10000,929,test,3.9820588335988356,3.9820588335988356,1.0,True,0.0,2,4159,0,ao_grid_coordinate_codebook,analytical_ris_equal_allocation,"[1.8379900936636602, 3.982055706061714, 3.9820588335988356]",[],"{""allocation_levels"": 7, ""beta_levels"": 5, ""phase_levels"": 8}",1703.146104,eb978e84730de4cf1e0579ad9e17edb700c67ba6eceac89d1fe3698763a419f7,fc61d5cda7da39530055bae9bd0e92865f995cd9,4e84455d08cacd9f85c432f7838c3be2cb0f000b55edc3487c6dee9520cc0b63
ao_grid,10000,930,test,3.982061042742769,3.982061042742769,1.0,True,0.0,2,4159,0,ao_grid_coordinate_codebook,analytical_ris_equal_allocation,"[1.8379954892216115, 3.9820601139072043, 3.982061042742769]",[],"{""allocation_levels"": 7, ""beta_levels"": 5, ""phase_levels"": 8}",1741.155263,eb978e84730de4cf1e0579ad9e17edb700c67ba6eceac89d1fe3698763a419f7,fc61d5cda7da39530055bae9bd0e92865f995cd9,4e84455d08cacd9f85c432f7838c3be2cb0f000b55edc3487c6dee9520cc0b63
ao_grid,10000,931,test,3.9820611782739483,3.9820611782739483,1.0,True,0.0,2,4159,0,ao_grid_coordinate_codebook,analytical_ris_equal_allocation,"[1.8380027399365864, 3.982060727901928, 3.9820611782739483]",[],"{""allocation_levels"": 7, ""beta_levels"": 5, ""phase_levels"": 8}",1696.773678,eb978e84730de4cf1e0579ad9e17edb700c67ba6eceac89d1fe3698763a419f7,fc61d5cda7da39530055bae9bd0e92865f995cd9,4e84455d08cacd9f85c432f7838c3be2cb0f000b55edc3487c6dee9520cc0b63
ao_grid,10000,932,test,3.9820567300880896,3.9820567300880896,1.0,True,0.0,2,4159,0,ao_grid_coordinate_codebook,analytical_ris_equal_allocation,"[1.8379843311423845, 3.982054328664254, 3.9820567300880896]",[],"{""allocation_levels"": 7, ""beta_levels"": 5, ""phase_levels"": 8}",1681.123285,eb978e84730de4cf1e0579ad9e17edb700c67ba6eceac89d1fe3698763a419f7,fc61d5cda7da39530055bae9bd0e92865f995cd9,4e84455d08cacd9f85c432f7838c3be2cb0f000b55edc3487c6dee9520cc0b63
ao_grid,10000,933,test,3.9820615370277888,3.9820615370277888,1.0,True,0.0,2,4159,0,ao_grid_coordinate_codebook,analytical_ris_equal_allocation,"[1.837987323728938, 3.982058040566872, 3.9820615370277888]",[],"{""allocation_levels"": 7, ""beta_levels"": 5, ""phase_levels"": 8}",1690.324789,eb978e84730de4cf1e0579ad9e17edb700c67ba6eceac89d1fe3698763a419f7,fc61d5cda7da39530055bae9bd0e92865f995cd9,4e84455d08cacd9f85c432f7838c3be2cb0f000b55edc3487c6dee9520cc0b63
ao_grid,10000,934,test,3.9820601597569327,3.9820601597569327,1.0,True,0.0,2,4159,0,ao_grid_coordinate_codebook,analytical_ris_equal_allocation,"[1.8379998950740635, 3.9820574880284014, 3.9820601597569327]",[],"{""allocation_levels"": 7, ""beta_levels"": 5, ""phase_levels"": 8}",1690.14961,eb978e84730de4cf1e0579ad9e17edb700c67ba6eceac89d1fe3698763a419f7,fc61d5cda7da39530055bae9bd0e92865f995cd9,4e84455d08cacd9f85c432f7838c3be2cb0f000b55edc3487c6dee9520cc0b63
ao_grid,10000,935,test,3.9820568886400403,3.9820568886400403,1.0,True,0.0,2,4159,0,ao_grid_coordinate_codebook,analytical_ris_equal_allocation,"[1.8379967992927646, 3.9820560624098897, 3.9820568886400403]",[],"{""allocation_levels"": 7, ""beta_levels"": 5, ""phase_levels"": 8}",1689.223854,eb978e84730de4cf1e0579ad9e17edb700c67ba6eceac89d1fe3698763a419f7,fc61d5cda7da39530055bae9bd0e92865f995cd9,4e84455d08cacd9f85c432f7838c3be2cb0f000b55edc3487c6dee9520cc0b63
ao_grid,10000,936,test,3.9820598894183012,3.9820598894183012,1.0,True,0.0,2,4159,0,ao_grid_coordinate_codebook,analytical_ris_equal_allocation,"[1.837995719559314, 3.9820586272691587, 3.9820598894183012]",[],"{""allocation_levels"": 7, ""beta_levels"": 5, ""phase_levels"": 8}",1723.594704,eb978e84730de4cf1e0579ad9e17edb700c67ba6eceac89d1fe3698763a419f7,fc61d5cda7da39530055bae9bd0e92865f995cd9,4e84455d08cacd9f85c432f7838c3be2cb0f000b55edc3487c6dee9520cc0b63
ao_grid,10000,937,test,3.982056881157435,3.982056881157435,1.0,True,0.0,2,4159,0,ao_grid_coordinate_codebook,analytical_ris_equal_allocation,"[1.83798377831147, 3.982055578172513, 3.982056881157435]",[],"{""allocation_levels"": 7, ""beta_levels"": 5, ""phase_levels"": 8}",1711.156932,eb978e84730de4cf1e0579ad9e17edb700c67ba6eceac89d1fe3698763a419f7,fc61d5cda7da39530055bae9bd0e92865f995cd9,4e84455d08cacd9f85c432f7838c3be2cb0f000b55edc3487c6dee9520cc0b63
ao_grid,10000,938,test,3.982060586557475,3.982060586557475,1.0,True,0.0,2,4159,0,ao_grid_coordinate_codebook,analytical_ris_equal_allocation,"[1.8379966315481697, 3.9820592581821805, 3.982060586557475]",[],"{""allocation_levels"": 7, ""beta_levels"": 5, ""phase_levels"": 8}",1719.339146,eb978e84730de4cf1e0579ad9e17edb700c67ba6eceac89d1fe3698763a419f7,fc61d5cda7da39530055bae9bd0e92865f995cd9,4e84455d08cacd9f85c432f7838c3be2cb0f000b55edc3487c6dee9520cc0b63
ao_grid,10000,939,test,3.9820618688100233,3.9820618688100233,1.0,True,0.0,2,4159,0,ao_grid_coordinate_codebook,analytical_ris_equal_allocation,"[1.8380117160635594, 3.9820608965760416, 3.9820618688100233]",[],"{""allocation_levels"": 7, ""beta_levels"": 5, ""phase_levels"": 8}",1686.914715,eb978e84730de4cf1e0579ad9e17edb700c67ba6eceac89d1fe3698763a419f7,fc61d5cda7da39530055bae9bd0e92865f995cd9,4e84455d08cacd9f85c432f7838c3be2cb0f000b55edc3487c6dee9520cc0b63
ao_grid,10000,940,test,3.9820584435585733,3.9820584435585733,1.0,True,0.0,2,4159,0,ao_grid_coordinate_codebook,analytical_ris_equal_allocation,"[1.8379739125065784, 3.9820559867670084, 3.9820584435585733]",[],"{""allocation_levels"": 7, ""beta_levels"": 5, ""phase_levels"": 8}",1689.084027,eb978e84730de4cf1e0579ad9e17edb700c67ba6eceac89d1fe3698763a419f7,fc61d5cda7da39530055bae9bd0e92865f995cd9,4e84455d08cacd9f85c432f7838c3be2cb0f000b55edc3487c6dee9520cc0b63
ao_grid,10000,941,test,3.98205584689007,3.98205584689007,1.0,True,0.0,2,4159,0,ao_grid_coordinate_codebook,analytical_ris_equal_allocation,"[1.83797032434919, 3.9820529398824536, 3.98205584689007]",[],"{""allocation_levels"": 7, ""beta_levels"": 5, ""phase_levels"": 8}",1795.373879,eb978e84730de4cf1e0579ad9e17edb700c67ba6eceac89d1fe3698763a419f7,fc61d5cda7da39530055bae9bd0e92865f995cd9,4e84455d08cacd9f85c432f7838c3be2cb0f000b55edc3487c6dee9520cc0b63
ao_grid,10000,942,test,3.982059523754162,3.982059523754162,1.0,True,0.0,2,4159,0,ao_grid_coordinate_codebook,analytical_ris_equal_allocation,"[1.8379278056004393, 3.982054434764281, 3.982059523754162]",[],"{""allocation_levels"": 7, ""beta_levels"": 5, ""phase_levels"": 8}",1708.589578,eb978e84730de4cf1e0579ad9e17edb700c67ba6eceac89d1fe3698763a419f7,fc61d5cda7da39530055bae9bd0e92865f995cd9,4e84455d08cacd9f85c432f7838c3be2cb0f000b55edc3487c6dee9520cc0b63
ao_grid,10000,943,test,3.9820582661090738,3.9820582661090738,1.0,True,0.0,2,4159,0,ao_grid_coordinate_codebook,analytical_ris_equal_allocation,"[1.8379848047940923, 3.9820556402193246, 3.9820582661090738]",[],"{""allocation_levels"": 7, ""beta_levels"": 5, ""phase_levels"": 8}",1724.560147,eb978e84730de4cf1e0579ad9e17edb700c67ba6eceac89d1fe3698763a419f7,fc61d5cda7da39530055bae9bd0e92865f995cd9,4e84455d08cacd9f85c432f7838c3be2cb0f000b55edc3487c6dee9520cc0b63
ao_grid,10000,944,test,3.9820604355466207,3.9820604355466207,1.0,True,0.0,2,4159,0,ao_grid_coordinate_codebook,analytical_ris_equal_allocation,"[1.837990418860318, 3.98205897108779, 3.9820604355466207]",[],"{""allocation_levels"": 7, ""beta_levels"": 5, ""phase_levels"": 8}",1669.00892,eb978e84730de4cf1e0579ad9e17edb700c67ba6eceac89d1fe3698763a419f7,fc61d5cda7da39530055bae9bd0e92865f995cd9,4e84455d08cacd9f85c432f7838c3be2cb0f000b55edc3487c6dee9520cc0b63
ao_grid,10000,945,test,3.982051629733928,3.982051629733928,1.0,True,0.0,2,4159,0,ao_grid_coordinate_codebook,analytical_ris_equal_allocation,"[1.837950882907823, 3.982049233384611, 3.982051629733928]",[],"{""allocation_levels"": 7, ""beta_levels"": 5, ""phase_levels"": 8}",1670.408594,eb978e84730de4cf1e0579ad9e17edb700c67ba6eceac89d1fe3698763a419f7,fc61d5cda7da39530055bae9bd0e92865f995cd9,4e84455d08cacd9f85c432f7838c3be2cb0f000b55edc3487c6dee9520cc0b63
ao_grid,10000,946,test,3.982058640885872,3.982058640885872,1.0,True,0.0,2,4159,0,ao_grid_coordinate_codebook,analytical_ris_equal_allocation,"[1.8379953394047768, 3.982056925863151, 3.982058640885872]",[],"{""allocation_levels"": 7, ""beta_levels"": 5, ""phase_levels"": 8}",1696.962335,eb978e84730de4cf1e0579ad9e17edb700c67ba6eceac89d1fe3698763a419f7,fc61d5cda7da39530055bae9bd0e92865f995cd9,4e84455d08cacd9f85c432f7838c3be2cb0f000b55edc3487c6dee9520cc0b63
ao_grid,10000,947,test,3.9820622787105093,3.9820622787105093,1.0,True,0.0,2,4159,0,ao_grid_coordinate_codebook,analytical_ris_equal_allocation,"[1.8379923191247902, 3.982061487593332, 3.9820622787105093]",[],"{""allocation_levels"": 7, ""beta_levels"": 5, ""phase_levels"": 8}",1751.747712,eb978e84730de4cf1e0579ad9e17edb700c67ba6eceac89d1fe3698763a419f7,fc61d5cda7da39530055bae9bd0e92865f995cd9,4e84455d08cacd9f85c432f7838c3be2cb0f000b55edc3487c6dee9520cc0b63
ao_grid,10000,948,test,3.982056674899213,3.982056674899213,1.0,True,0.0,2,4159,0,ao_grid_coordinate_codebook,analytical_ris_equal_allocation,"[1.8379755183180029, 3.982054575246993, 3.982056674899213]",[],"{""allocation_levels"": 7, ""beta_levels"": 5, ""phase_levels"": 8}",1754.629949,eb978e84730de4cf1e0579ad9e17edb700c67ba6eceac89d1fe3698763a419f7,fc61d5cda7da39530055bae9bd0e92865f995cd9,4e84455d08cacd9f85c432f7838c3be2cb0f000b55edc3487c6dee9520cc0b63
ao_grid,10000,949,test,3.9820586662049084,3.9820586662049084,1.0,True,0.0,2,4159,0,ao_grid_coordinate_codebook,analytical_ris_equal_allocation,"[1.837962150459087, 3.9820553281295874, 3.9820586662049084]",[],"{""allocation_levels"": 7, ""beta_levels"": 5, ""phase_levels"": 8}",1629.230323,eb978e84730de4cf1e0579ad9e17edb700c67ba6eceac89d1fe3698763a419f7,fc61d5cda7da39530055bae9bd0e92865f995cd9,4e84455d08cacd9f85c432f7838c3be2cb0f000b55edc3487c6dee9520cc0b63
ao_grid,10000,950,test,3.9820548559085447,3.9820548559085447,1.0,True,0.0,2,4159,0,ao_grid_coordinate_codebook,analytical_ris_equal_allocation,"[1.8379650678845152, 3.982051179479823, 3.9820548559085447]",[],"{""allocation_levels"": 7, ""beta_levels"": 5, ""phase_levels"": 8}",1652.373281,eb978e84730de4cf1e0579ad9e17edb700c67ba6eceac89d1fe3698763a419f7,fc61d5cda7da39530055bae9bd0e92865f995cd9,4e84455d08cacd9f85c432f7838c3be2cb0f000b55edc3487c6dee9520cc0b63
ao_grid,10000,951,test,3.9820581243758038,3.9820581243758038,1.0,True,0.0,2,4159,0,ao_grid_coordinate_codebook,analytical_ris_equal_allocation,"[1.8379935519401631, 3.9820568131755687, 3.9820581243758038]",[],"{""allocation_levels"": 7, ""beta_levels"": 5, ""phase_levels"": 8}",1675.658704,eb978e84730de4cf1e0579ad9e17edb700c67ba6eceac89d1fe3698763a419f7,fc61d5cda7da39530055bae9bd0e92865f995cd9,4e84455d08cacd9f85c432f7838c3be2cb0f000b55edc3487c6dee9520cc0b63
ao_grid,10000,952,test,3.9820544589741296,3.9820544589741296,1.0,True,0.0,2,4159,0,ao_grid_coordinate_codebook,analytical_ris_equal_allocation,"[1.837984242062505, 3.982052722042926, 3.9820544589741296]",[],"{""allocation_levels"": 7, ""beta_levels"": 5, ""phase_levels"": 8}",1723.124106,eb978e84730de4cf1e0579ad9e17edb700c67ba6eceac89d1fe3698763a419f7,fc61d5cda7da39530055bae9bd0e92865f995cd9,4e84455d08cacd9f85c432f7838c3be2cb0f000b55edc3487c6dee9520cc0b63
ao_grid,10000,953,test,3.9820587638869354,3.9820587638869354,1.0,True,0.0,2,4159,0,ao_grid_coordinate_codebook,analytical_ris_equal_allocation,"[1.8379956664808326, 3.9820574553218044, 3.9820587638869354]",[],"{""allocation_levels"": 7, ""beta_levels"": 5, ""phase_levels"": 8}",1699.066044,eb978e84730de4cf1e0579ad9e17edb700c67ba6eceac89d1fe3698763a419f7,fc61d5cda7da39530055bae9bd0e92865f995cd9,4e84455d08cacd9f85c432f7838c3be2cb0f000b55edc3487c6dee9520cc0b63
ao_grid,10000,954,test,3.982057248712381,3.982057248712381,1.0,True,0.0,2,4159,0,ao_grid_coordinate_codebook,analytical_ris_equal_allocation,"[1.8379921897666096, 3.9820561498434537, 3.982057248712381]",[],"{""allocation_levels"": 7, ""beta_levels"": 5, ""phase_levels"": 8}",1672.653097,eb978e84730de4cf1e0579ad9e17edb700c67ba6eceac89d1fe3698763a419f7,fc61d5cda7da39530055bae9bd0e92865f995cd9,4e84455d08cacd9f85c432f7838c3be2cb0f000b55edc3487c6dee9520cc0b63
ao_grid,10000,955,test,3.9820580427827004,3.9820580427827004,1.0,True,0.0,2,4159,0,ao_grid_coordinate_codebook,analytical_ris_equal_allocation,"[1.837996757510723, 3.9820566070804313, 3.9820580427827004]",[],"{""allocation_levels"": 7, ""beta_levels"": 5, ""phase_levels"": 8}",1662.216618,eb978e84730de4cf1e0579ad9e17edb700c67ba6eceac89d1fe3698763a419f7,fc61d5cda7da39530055bae9bd0e92865f995cd9,4e84455d08cacd9f85c432f7838c3be2cb0f000b55edc3487c6dee9520cc0b63
ao_grid,10000,956,test,3.9820576648410264,3.9820576648410264,1.0,True,0.0,2,4159,0,ao_grid_coordinate_codebook,analytical_ris_equal_allocation,"[1.837934382512729, 3.9820548003940193, 3.9820576648410264]",[],"{""allocation_levels"": 7, ""beta_levels"": 5, ""phase_levels"": 8}",1690.927934,eb978e84730de4cf1e0579ad9e17edb700c67ba6eceac89d1fe3698763a419f7,fc61d5cda7da39530055bae9bd0e92865f995cd9,4e84455d08cacd9f85c432f7838c3be2cb0f000b55edc3487c6dee9520cc0b63
ao_grid,10000,957,test,3.982058575827127,3.982058575827127,1.0,True,0.0,2,4159,0,ao_grid_coordinate_codebook,analytical_ris_equal_allocation,"[1.837990219605115, 3.982057013025054, 3.982058575827127]",[],"{""allocation_levels"": 7, ""beta_levels"": 5, ""phase_levels"": 8}",1652.484932,eb978e84730de4cf1e0579ad9e17edb700c67ba6eceac89d1fe3698763a419f7,fc61d5cda7da39530055bae9bd0e92865f995cd9,4e84455d08cacd9f85c432f7838c3be2cb0f000b55edc3487c6dee9520cc0b63
ao_grid,10000,958,test,3.9820605759463437,3.9820605759463437,1.0,True,0.0,2,4159,0,ao_grid_coordinate_codebook,analytical_ris_equal_allocation,"[1.8379977479361451, 3.9820585065175917, 3.9820605759463437]",[],"{""allocation_levels"": 7, ""beta_levels"": 5, ""phase_levels"": 8}",1679.942983,eb978e84730de4cf1e0579ad9e17edb700c67ba6eceac89d1fe3698763a419f7,fc61d5cda7da39530055bae9bd0e92865f995cd9,4e84455d08cacd9f85c432f7838c3be2cb0f000b55edc3487c6dee9520cc0b63
ao_grid,10000,959,test,3.9820589465001452,3.9820589465001452,1.0,True,0.0,2,4159,0,ao_grid_coordinate_codebook,analytical_ris_equal_allocation,"[1.8379658976183122, 3.9820557386539917, 3.9820589465001452]",[],"{""allocation_levels"": 7, ""beta_levels"": 5, ""phase_levels"": 8}",1713.452337,eb978e84730de4cf1e0579ad9e17edb700c67ba6eceac89d1fe3698763a419f7,fc61d5cda7da39530055bae9bd0e92865f995cd9,4e84455d08cacd9f85c432f7838c3be2cb0f000b55edc3487c6dee9520cc0b63
ao_grid,10000,960,test,3.982057579636513,3.982057579636513,1.0,True,0.0,2,4159,0,ao_grid_coordinate_codebook,analytical_ris_equal_allocation,"[1.8379950934209293, 3.98205608925733, 3.982057579636513]",[],"{""allocation_levels"": 7, ""beta_levels"": 5, ""phase_levels"": 8}",1642.012217,eb978e84730de4cf1e0579ad9e17edb700c67ba6eceac89d1fe3698763a419f7,fc61d5cda7da39530055bae9bd0e92865f995cd9,4e84455d08cacd9f85c432f7838c3be2cb0f000b55edc3487c6dee9520cc0b63
ao_grid,10000,961,test,3.9820600382494815,3.9820600382494815,1.0,True,0.0,2,4159,0,ao_grid_coordinate_codebook,analytical_ris_equal_allocation,"[1.8379737595434065, 3.98205799024042, 3.9820600382494815]",[],"{""allocation_levels"": 7, ""beta_levels"": 5, ""phase_levels"": 8}",1647.059044,eb978e84730de4cf1e0579ad9e17edb700c67ba6eceac89d1fe3698763a419f7,fc61d5cda7da39530055bae9bd0e92865f995cd9,4e84455d08cacd9f85c432f7838c3be2cb0f000b55edc3487c6dee9520cc0b63
ao_grid,10000,962,test,3.9820620434435323,3.9820620434435323,1.0,True,0.0,2,4159,0,ao_grid_coordinate_codebook,analytical_ris_equal_allocation,"[1.8380027146363758, 3.9820608111974103, 3.9820620434435323]",[],"{""allocation_levels"": 7, ""beta_levels"": 5, ""phase_levels"": 8}",1669.523099,eb978e84730de4cf1e0579ad9e17edb700c67ba6eceac89d1fe3698763a419f7,fc61d5cda7da39530055bae9bd0e92865f995cd9,4e84455d08cacd9f85c432f7838c3be2cb0f000b55edc3487c6dee9520cc0b63
ao_grid,10000,963,test,3.982059232747848,3.982059232747848,1.0,True,0.0,2,4159,0,ao_grid_coordinate_codebook,analytical_ris_equal_allocation,"[1.8379822577547922, 3.982057881863615, 3.982059232747848]",[],"{""allocation_levels"": 7, ""beta_levels"": 5, ""phase_levels"": 8}",1721.626274,eb978e84730de4cf1e0579ad9e17edb700c67ba6eceac89d1fe3698763a419f7,fc61d5cda7da39530055bae9bd0e92865f995cd9,4e84455d08cacd9f85c432f7838c3be2cb0f000b55edc3487c6dee9520cc0b63
ao_grid,10000,964,test,3.9820567677233223,3.9820567677233223,1.0,True,0.0,2,4159,0,ao_grid_coordinate_codebook,analytical_ris_equal_allocation,"[1.837986622449489, 3.9820545625468755, 3.9820567677233223]",[],"{""allocation_levels"": 7, ""beta_levels"": 5, ""phase_levels"": 8}",1688.707209,eb978e84730de4cf1e0579ad9e17edb700c67ba6eceac89d1fe3698763a419f7,fc61d5cda7da39530055bae9bd0e92865f995cd9,4e84455d08cacd9f85c432f7838c3be2cb0f000b55edc3487c6dee9520cc0b63
ao_grid,10000,965,test,3.9820609822703306,3.9820609822703306,1.0,True,0.0,2,4159,0,ao_grid_coordinate_codebook,analytical_ris_equal_allocation,"[1.8380032802629995, 3.982060471475606, 3.9820609822703306]",[],"{""allocation_levels"": 7, ""beta_levels"": 5, ""phase_levels"": 8}",1759.473426,eb978e84730de4cf1e0579ad9e17edb700c67ba6eceac89d1fe3698763a419f7,fc61d5cda7da39530055bae9bd0e92865f995cd9,4e84455d08cacd9f85c432f7838c3be2cb0f000b55edc3487c6dee9520cc0b63
ao_grid,10000,966,test,3.9820596329844795,3.9820596329844795,1.0,True,0.0,2,4159,0,ao_grid_coordinate_codebook,analytical_ris_equal_allocation,"[1.8380017359657723, 3.982058113803432, 3.9820596329844795]",[],"{""allocation_levels"": 7, ""beta_levels"": 5, ""phase_levels"": 8}",1715.906103,eb978e84730de4cf1e0579ad9e17edb700c67ba6eceac89d1fe3698763a419f7,fc61d5cda7da39530055bae9bd0e92865f995cd9,4e84455d08cacd9f85c432f7838c3be2cb0f000b55edc3487c6dee9520cc0b63
ao_grid,10000,967,test,3.982058963200496,3.982058963200496,1.0,True,0.0,2,4159,0,ao_grid_coordinate_codebook,analytical_ris_equal_allocation,"[1.8379951138104083, 3.9820580578350255, 3.982058963200496]",[],"{""allocation_levels"": 7, ""beta_levels"": 5, ""phase_levels"": 8}",1681.130204,eb978e84730de4cf1e0579ad9e17edb700c67ba6eceac89d1fe3698763a419f7,fc61d5cda7da39530055bae9bd0e92865f995cd9,4e84455d08cacd9f85c432f7838c3be2cb0f000b55edc3487c6dee9520cc0b63
ao_grid,10000,968,test,3.9820564832319825,3.9820564832319825,1.0,True,0.0,2,4159,0,ao_grid_coordinate_codebook,analytical_ris_equal_allocation,"[1.8379813012210253, 3.9820549173774227, 3.9820564832319825]",[],"{""allocation_levels"": 7, ""beta_levels"": 5, ""phase_levels"": 8}",1661.11228,eb978e84730de4cf1e0579ad9e17edb700c67ba6eceac89d1fe3698763a419f7,fc61d5cda7da39530055bae9bd0e92865f995cd9,4e84455d08cacd9f85c432f7838c3be2cb0f000b55edc3487c6dee9520cc0b63
ao_grid,10000,969,test,3.982059282955822,3.982059282955822,1.0,True,0.0,2,4159,0,ao_grid_coordinate_codebook,analytical_ris_equal_allocation,"[1.837995778721172, 3.9820579079117895, 3.982059282955822]",[],"{""allocation_levels"": 7, ""beta_levels"": 5, ""phase_levels"": 8}",1669.484454,eb978e84730de4cf1e0579ad9e17edb700c67ba6eceac89d1fe3698763a419f7,fc61d5cda7da39530055bae9bd0e92865f995cd9,4e84455d08cacd9f85c432f7838c3be2cb0f000b55edc3487c6dee9520cc0b63
ao_grid,10000,970,test,3.982060880906616,3.982060880906616,1.0,True,0.0,2,4159,0,ao_grid_coordinate_codebook,analytical_ris_equal_allocation,"[1.838007646512099, 3.982059536189507, 3.982060880906616]",[],"{""allocation_levels"": 7, ""beta_levels"": 5, ""phase_levels"": 8}",1734.459954,eb978e84730de4cf1e0579ad9e17edb700c67ba6eceac89d1fe3698763a419f7,fc61d5cda7da39530055bae9bd0e92865f995cd9,4e84455d08cacd9f85c432f7838c3be2cb0f000b55edc3487c6dee9520cc0b63
ao_grid,10000,971,test,3.9820577302896343,3.9820577302896343,1.0,True,0.0,2,4159,0,ao_grid_coordinate_codebook,analytical_ris_equal_allocation,"[1.8379912066102047, 3.982056133206573, 3.9820577302896343]",[],"{""allocation_levels"": 7, ""beta_levels"": 5, ""phase_levels"": 8}",1715.626056,eb978e84730de4cf1e0579ad9e17edb700c67ba6eceac89d1fe3698763a419f7,fc61d5cda7da39530055bae9bd0e92865f995cd9,4e84455d08cacd9f85c432f7838c3be2cb0f000b55edc3487c6dee9520cc0b63
ao_grid,10000,972,test,3.98205828116932,3.98205828116932,1.0,True,0.0,2,4159,0,ao_grid_coordinate_codebook,analytical_ris_equal_allocation,"[1.8379868131840884, 3.982055882302669, 3.98205828116932]",[],"{""allocation_levels"": 7, ""beta_levels"": 5, ""phase_levels"": 8}",1713.008231,eb978e84730de4cf1e0579ad9e17edb700c67ba6eceac89d1fe3698763a419f7,fc61d5cda7da39530055bae9bd0e92865f995cd9,4e84455d08cacd9f85c432f7838c3be2cb0f000b55edc3487c6dee9520cc0b63
ao_grid,10000,973,test,3.9820569802876893,3.9820569802876893,1.0,True,0.0,2,4159,0,ao_grid_coordinate_codebook,analytical_ris_equal_allocation,"[1.837990186760154, 3.9820539738195775, 3.9820569802876893]",[],"{""allocation_levels"": 7, ""beta_levels"": 5, ""phase_levels"": 8}",1678.664253,eb978e84730de4cf1e0579ad9e17edb700c67ba6eceac89d1fe3698763a419f7,fc61d5cda7da39530055bae9bd0e92865f995cd9,4e84455d08cacd9f85c432f7838c3be2cb0f000b55edc3487c6dee9520cc0b63
ao_grid,10000,974,test,3.982053520324709,3.982053520324709,1.0,True,0.0,2,4159,0,ao_grid_coordinate_codebook,analytical_ris_equal_allocation,"[1.837961888383483, 3.982051666583777, 3.982053520324709]",[],"{""allocation_levels"": 7, ""beta_levels"": 5, ""phase_levels"": 8}",1658.43067,eb978e84730de4cf1e0579ad9e17edb700c67ba6eceac89d1fe3698763a419f7,fc61d5cda7da39530055bae9bd0e92865f995cd9,4e84455d08cacd9f85c432f7838c3be2cb0f000b55edc3487c6dee9520cc0b63
ao_grid,10000,975,test,3.982056573210297,3.982056573210297,1.0,True,0.0,2,4159,0,ao_grid_coordinate_codebook,analytical_ris_equal_allocation,"[1.8379906946459128, 3.9820548198181274, 3.982056573210297]",[],"{""allocation_levels"": 7, ""beta_levels"": 5, ""phase_levels"": 8}",1652.895874,eb978e84730de4cf1e0579ad9e17edb700c67ba6eceac89d1fe3698763a419f7,fc61d5cda7da39530055bae9bd0e92865f995cd9,4e84455d08cacd9f85c432f7838c3be2cb0f000b55edc3487c6dee9520cc0b63
ao_grid,10000,976,test,3.9820589891936113,3.9820589891936113,1.0,True,0.0,2,4159,0,ao_grid_coordinate_codebook,analytical_ris_equal_allocation,"[1.8379815366259233, 3.9820569557536265, 3.9820589891936113]",[],"{""allocation_levels"": 7, ""beta_levels"": 5, ""phase_levels"": 8}",1739.390619,eb978e84730de4cf1e0579ad9e17edb700c67ba6eceac89d1fe3698763a419f7,fc61d5cda7da39530055bae9bd0e92865f995cd9,4e84455d08cacd9f85c432f7838c3be2cb0f000b55edc3487c6dee9520cc0b63
ao_grid,10000,977,test,3.9820581644484037,3.9820581644484037,1.0,True,0.0,2,4159,0,ao_grid_coordinate_codebook,analytical_ris_equal_allocation,"[1.8379962037396094, 3.9820573705237083, 3.9820581644484037]",[],"{""allocation_levels"": 7, ""beta_levels"": 5, ""phase_levels"": 8}",1636.26875,eb978e84730de4cf1e0579ad9e17edb700c67ba6eceac89d1fe3698763a419f7,fc61d5cda7da39530055bae9bd0e92865f995cd9,4e84455d08cacd9f85c432f7838c3be2cb0f000b55edc3487c6dee9520cc0b63
ao_grid,10000,978,test,3.982057476317072,3.982057476317072,1.0,True,0.0,2,4159,0,ao_grid_coordinate_codebook,analytical_ris_equal_allocation,"[1.8379732246764533, 3.982054298799205, 3.982057476317072]",[],"{""allocation_levels"": 7, ""beta_levels"": 5, ""phase_levels"": 8}",1605.020518,eb978e84730de4cf1e0579ad9e17edb700c67ba6eceac89d1fe3698763a419f7,fc61d5cda7da39530055bae9bd0e92865f995cd9,4e84455d08cacd9f85c432f7838c3be2cb0f000b55edc3487c6dee9520cc0b63
ao_grid,10000,979,test,3.982057607397126,3.982057607397126,1.0,True,0.0,2,4159,0,ao_grid_coordinate_codebook,analytical_ris_equal_allocation,"[1.8379977504847953, 3.9820563265327973, 3.982057607397126]",[],"{""allocation_levels"": 7, ""beta_levels"": 5, ""phase_levels"": 8}",1619.561793,eb978e84730de4cf1e0579ad9e17edb700c67ba6eceac89d1fe3698763a419f7,fc61d5cda7da39530055bae9bd0e92865f995cd9,4e84455d08cacd9f85c432f7838c3be2cb0f000b55edc3487c6dee9520cc0b63
ao_grid,10000,980,test,3.982062058587732,3.982062058587732,1.0,True,0.0,2,4159,0,ao_grid_coordinate_codebook,analytical_ris_equal_allocation,"[1.8379976591720044, 3.9820602177168536, 3.982062058587732]",[],"{""allocation_levels"": 7, ""beta_levels"": 5, ""phase_levels"": 8}",1631.894843,eb978e84730de4cf1e0579ad9e17edb700c67ba6eceac89d1fe3698763a419f7,fc61d5cda7da39530055bae9bd0e92865f995cd9,4e84455d08cacd9f85c432f7838c3be2cb0f000b55edc3487c6dee9520cc0b63
ao_grid,10000,981,test,3.9820633758288158,3.9820633758288158,1.0,True,0.0,2,4159,0,ao_grid_coordinate_codebook,analytical_ris_equal_allocation,"[1.8380107037817621, 3.9820622871880365, 3.9820633758288158]",[],"{""allocation_levels"": 7, ""beta_levels"": 5, ""phase_levels"": 8}",1618.08521,eb978e84730de4cf1e0579ad9e17edb700c67ba6eceac89d1fe3698763a419f7,fc61d5cda7da39530055bae9bd0e92865f995cd9,4e84455d08cacd9f85c432f7838c3be2cb0f000b55edc3487c6dee9520cc0b63
ao_grid,10000,982,test,3.982054559984035,3.982054559984035,1.0,True,0.0,2,4159,0,ao_grid_coordinate_codebook,analytical_ris_equal_allocation,"[1.8379649145089438, 3.9820525959358517, 3.982054559984035]",[],"{""allocation_levels"": 7, ""beta_levels"": 5, ""phase_levels"": 8}",1710.947542,eb978e84730de4cf1e0579ad9e17edb700c67ba6eceac89d1fe3698763a419f7,fc61d5cda7da39530055bae9bd0e92865f995cd9,4e84455d08cacd9f85c432f7838c3be2cb0f000b55edc3487c6dee9520cc0b63
ao_grid,10000,983,test,3.9820591839826367,3.9820591839826367,1.0,True,0.0,2,4159,0,ao_grid_coordinate_codebook,analytical_ris_equal_allocation,"[1.8380025325496674, 3.982057822786192, 3.9820591839826367]",[],"{""allocation_levels"": 7, ""beta_levels"": 5, ""phase_levels"": 8}",1627.836529,eb978e84730de4cf1e0579ad9e17edb700c67ba6eceac89d1fe3698763a419f7,fc61d5cda7da39530055bae9bd0e92865f995cd9,4e84455d08cacd9f85c432f7838c3be2cb0f000b55edc3487c6dee9520cc0b63
ao_grid,10000,984,test,3.9820542984712475,3.9820542984712475,1.0,True,0.0,2,4159,0,ao_grid_coordinate_codebook,analytical_ris_equal_allocation,"[1.8379569764312673, 3.9820528755706253, 3.9820542984712475]",[],"{""allocation_levels"": 7, ""beta_levels"": 5, ""phase_levels"": 8}",1618.462684,eb978e84730de4cf1e0579ad9e17edb700c67ba6eceac89d1fe3698763a419f7,fc61d5cda7da39530055bae9bd0e92865f995cd9,4e84455d08cacd9f85c432f7838c3be2cb0f000b55edc3487c6dee9520cc0b63
ao_grid,10000,985,test,3.982061805673782,3.982061805673782,1.0,True,0.0,2,4159,0,ao_grid_coordinate_codebook,analytical_ris_equal_allocation,"[1.8379970313684995, 3.982060543975203, 3.982061805673782]",[],"{""allocation_levels"": 7, ""beta_levels"": 5, ""phase_levels"": 8}",1618.806179,eb978e84730de4cf1e0579ad9e17edb700c67ba6eceac89d1fe3698763a419f7,fc61d5cda7da39530055bae9bd0e92865f995cd9,4e84455d08cacd9f85c432f7838c3be2cb0f000b55edc3487c6dee9520cc0b63
ao_grid,10000,986,test,3.9820633957483986,3.9820633957483986,1.0,True,0.0,2,4159,0,ao_grid_coordinate_codebook,analytical_ris_equal_allocation,"[1.838011622519643, 3.9820622341032745, 3.9820633957483986]",[],"{""allocation_levels"": 7, ""beta_levels"": 5, ""phase_levels"": 8}",1614.372479,eb978e84730de4cf1e0579ad9e17edb700c67ba6eceac89d1fe3698763a419f7,fc61d5cda7da39530055bae9bd0e92865f995cd9,4e84455d08cacd9f85c432f7838c3be2cb0f000b55edc3487c6dee9520cc0b63
ao_grid,10000,987,test,3.9820598230965025,3.9820598230965025,1.0,True,0.0,2,4159,0,ao_grid_coordinate_codebook,analytical_ris_equal_allocation,"[1.8379763106881588, 3.9820580367844696, 3.9820598230965025]",[],"{""allocation_levels"": 7, ""beta_levels"": 5, ""phase_levels"": 8}",1643.260884,eb978e84730de4cf1e0579ad9e17edb700c67ba6eceac89d1fe3698763a419f7,fc61d5cda7da39530055bae9bd0e92865f995cd9,4e84455d08cacd9f85c432f7838c3be2cb0f000b55edc3487c6dee9520cc0b63
ao_grid,10000,988,test,3.982058639180265,3.982058639180265,1.0,True,0.0,2,4159,0,ao_grid_coordinate_codebook,analytical_ris_equal_allocation,"[1.8379958609179663, 3.982057245366228, 3.982058639180265]",[],"{""allocation_levels"": 7, ""beta_levels"": 5, ""phase_levels"": 8}",1691.474098,eb978e84730de4cf1e0579ad9e17edb700c67ba6eceac89d1fe3698763a419f7,fc61d5cda7da39530055bae9bd0e92865f995cd9,4e84455d08cacd9f85c432f7838c3be2cb0f000b55edc3487c6dee9520cc0b63
ao_grid,10000,989,test,3.98205731022798,3.98205731022798,1.0,True,0.0,2,4159,0,ao_grid_coordinate_codebook,analytical_ris_equal_allocation,"[1.83797921696375, 3.9820555717852213, 3.98205731022798]",[],"{""allocation_levels"": 7, ""beta_levels"": 5, ""phase_levels"": 8}",1602.893615,eb978e84730de4cf1e0579ad9e17edb700c67ba6eceac89d1fe3698763a419f7,fc61d5cda7da39530055bae9bd0e92865f995cd9,4e84455d08cacd9f85c432f7838c3be2cb0f000b55edc3487c6dee9520cc0b63
ao_grid,10000,990,test,3.982061200110637,3.982061200110637,1.0,True,0.0,2,4159,0,ao_grid_coordinate_codebook,analytical_ris_equal_allocation,"[1.8380042690390854, 3.98206022398445, 3.982061200110637]",[],"{""allocation_levels"": 7, ""beta_levels"": 5, ""phase_levels"": 8}",1579.654695,eb978e84730de4cf1e0579ad9e17edb700c67ba6eceac89d1fe3698763a419f7,fc61d5cda7da39530055bae9bd0e92865f995cd9,4e84455d08cacd9f85c432f7838c3be2cb0f000b55edc3487c6dee9520cc0b63
ao_grid,10000,991,test,3.9820600838882463,3.9820600838882463,1.0,True,0.0,2,4159,0,ao_grid_coordinate_codebook,analytical_ris_equal_allocation,"[1.8379866639754843, 3.982058599676601, 3.9820600838882463]",[],"{""allocation_levels"": 7, ""beta_levels"": 5, ""phase_levels"": 8}",1619.519897,eb978e84730de4cf1e0579ad9e17edb700c67ba6eceac89d1fe3698763a419f7,fc61d5cda7da39530055bae9bd0e92865f995cd9,4e84455d08cacd9f85c432f7838c3be2cb0f000b55edc3487c6dee9520cc0b63
ao_grid,10000,992,test,3.982056721670418,3.982056721670418,1.0,True,0.0,2,4159,0,ao_grid_coordinate_codebook,analytical_ris_equal_allocation,"[1.8379820010460806, 3.9820552482425953, 3.982056721670418]",[],"{""allocation_levels"": 7, ""beta_levels"": 5, ""phase_levels"": 8}",1590.799437,eb978e84730de4cf1e0579ad9e17edb700c67ba6eceac89d1fe3698763a419f7,fc61d5cda7da39530055bae9bd0e92865f995cd9,4e84455d08cacd9f85c432f7838c3be2cb0f000b55edc3487c6dee9520cc0b63
ao_grid,10000,993,test,3.982056330817011,3.982056330817011,1.0,True,0.0,2,4159,0,ao_grid_coordinate_codebook,analytical_ris_equal_allocation,"[1.8379897981159365, 3.9820539722280426, 3.982056330817011]",[],"{""allocation_levels"": 7, ""beta_levels"": 5, ""phase_levels"": 8}",1565.979612,eb978e84730de4cf1e0579ad9e17edb700c67ba6eceac89d1fe3698763a419f7,fc61d5cda7da39530055bae9bd0e92865f995cd9,4e84455d08cacd9f85c432f7838c3be2cb0f000b55edc3487c6dee9520cc0b63
ao_grid,10000,994,test,3.98205891036294,3.98205891036294,1.0,True,0.0,2,4159,0,ao_grid_coordinate_codebook,analytical_ris_equal_allocation,"[1.8379807209938392, 3.982056865017596, 3.98205891036294]",[],"{""allocation_levels"": 7, ""beta_levels"": 5, ""phase_levels"": 8}",1764.241613,eb978e84730de4cf1e0579ad9e17edb700c67ba6eceac89d1fe3698763a419f7,fc61d5cda7da39530055bae9bd0e92865f995cd9,4e84455d08cacd9f85c432f7838c3be2cb0f000b55edc3487c6dee9520cc0b63
ao_grid,10000,995,test,3.9820558592728164,3.9820558592728164,1.0,True,0.0,2,4159,0,ao_grid_coordinate_codebook,analytical_ris_equal_allocation,"[1.8379717863872715, 3.982052960046139, 3.9820558592728164]",[],"{""allocation_levels"": 7, ""beta_levels"": 5, ""phase_levels"": 8}",1796.743908,eb978e84730de4cf1e0579ad9e17edb700c67ba6eceac89d1fe3698763a419f7,fc61d5cda7da39530055bae9bd0e92865f995cd9,4e84455d08cacd9f85c432f7838c3be2cb0f000b55edc3487c6dee9520cc0b63
ao_grid,10000,996,test,3.982059972152232,3.982059972152232,1.0,True,0.0,2,4159,0,ao_grid_coordinate_codebook,analytical_ris_equal_allocation,"[1.8379756304316641, 3.982058489462271, 3.982059972152232]",[],"{""allocation_levels"": 7, ""beta_levels"": 5, ""phase_levels"": 8}",1620.07628,eb978e84730de4cf1e0579ad9e17edb700c67ba6eceac89d1fe3698763a419f7,fc61d5cda7da39530055bae9bd0e92865f995cd9,4e84455d08cacd9f85c432f7838c3be2cb0f000b55edc3487c6dee9520cc0b63
ao_grid,10000,997,test,3.9820588166420325,3.9820588166420325,1.0,True,0.0,2,4159,0,ao_grid_coordinate_codebook,analytical_ris_equal_allocation,"[1.8379802958875882, 3.9820572633414737, 3.9820588166420325]",[],"{""allocation_levels"": 7, ""beta_levels"": 5, ""phase_levels"": 8}",1610.072786,eb978e84730de4cf1e0579ad9e17edb700c67ba6eceac89d1fe3698763a419f7,fc61d5cda7da39530055bae9bd0e92865f995cd9,4e84455d08cacd9f85c432f7838c3be2cb0f000b55edc3487c6dee9520cc0b63
ao_grid,10000,998,test,3.9820606845973545,3.9820606845973545,1.0,True,0.0,2,4159,0,ao_grid_coordinate_codebook,analytical_ris_equal_allocation,"[1.8379936748585997, 3.9820586048827016, 3.9820606845973545]",[],"{""allocation_levels"": 7, ""beta_levels"": 5, ""phase_levels"": 8}",1630.836746,eb978e84730de4cf1e0579ad9e17edb700c67ba6eceac89d1fe3698763a419f7,fc61d5cda7da39530055bae9bd0e92865f995cd9,4e84455d08cacd9f85c432f7838c3be2cb0f000b55edc3487c6dee9520cc0b63
ao_grid,10000,999,test,3.9820539572249896,3.9820539572249896,1.0,True,0.0,2,4159,0,ao_grid_coordinate_codebook,analytical_ris_equal_allocation,"[1.837981465213869, 3.9820524982137004, 3.9820539572249896]",[],"{""allocation_levels"": 7, ""beta_levels"": 5, ""phase_levels"": 8}",1654.330257,eb978e84730de4cf1e0579ad9e17edb700c67ba6eceac89d1fe3698763a419f7,fc61d5cda7da39530055bae9bd0e92865f995cd9,4e84455d08cacd9f85c432f7838c3be2cb0f000b55edc3487c6dee9520cc0b63
