method,seed,scenario,split,sum_rate,reward,qos_fraction,all_qos,violation,iterations,evaluations,accepted_steps,solver,initialization,objective_history,surrogate_records,grid,solve_ms,config_hash,git_commit,bank_checksum
ao_grid,10000,0,test,3.9820552440940027,3.9820552440940027,1.0,True,0.0,2,4159,0,ao_grid_coordinate_codebook,analytical_ris_equal_allocation,"[1.8379798518532569, 3.9820526937103566, 3.9820552440940027]",[],"{""allocation_levels"": 7, ""beta_levels"": 5, ""phase_levels"": 8}",1713.591379,eb978e84730de4cf1e0579ad9e17edb700c67ba6eceac89d1fe3698763a419f7,fc61d5cda7da39530055bae9bd0e92865f995cd9,4e84455d08cacd9f85c432f7838c3be2cb0f000b55edc3487c6dee9520cc0b63
ao_grid,10000,1,test,3.9820637430494354,3.9820637430494354,1.0,True,0.0,2,4159,0,ao_grid_coordinate_codebook,analytical_ris_equal_allocation,"[1.8380126295496957, 3.9820624601553027, 3.9820637430494354]",[],"{""allocation_levels"": 7, ""beta_levels"": 5, ""phase_levels"": 8}",1714.420178,eb978e84730de4cf1e0579ad9e17edb700c67ba6eceac89d1fe3698763a419f7,fc61d5cda7da39530055bae9bd0e92865f995cd9,4e84455d08cacd9f85c432f7838c3be2cb0f000b55edc3487c6dee9520cc0b63
ao_grid,10000,2,test,3.9820589870021887,3.9820589870021887,1.0,True,0.0,2,4159,0,ao_grid_coordinate_codebook,analytical_ris_equal_allocation,"[1.8379898840244278, 3.98205727447921, 3.9820589870021887]",[],"{""allocation_levels"": 7, ""beta_levels"": 5, ""phase_levels"": 8}",1596.996654,eb978e84730de4cf1e0579ad9e17edb700c67ba6eceac89d1fe3698763a419f7,fc61d5cda7da39530055bae9bd0e92865f995cd9,4e84455d08cacd9f85c432f7838c3be2cb0f000b55edc3487c6dee9520cc0b63
ao_grid,10000,3,test,3.9820598273654193,3.9820598273654193,1.0,True,0.0,2,4159,0,ao_grid_coordinate_codebook,analytical_ris_equal_allocation,"[1.8379633090764722, 3.9820592283880907, 3.9820598273654193]",[],"{""allocation_levels"": 7, ""beta_levels"": 5, ""phase_levels"": 8}",1603.875041,eb978e84730de4cf1e0579ad9e17edb700c67ba6eceac89d1fe3698763a419f7,fc61d5cda7da39530055bae9bd0e92865f995cd9,4e84455d08cacd9f85c432f7838c3be2cb0f000b55edc3487c6dee9520cc0b63
ao_grid,10000,4,test,3.9820582931874084,3.9820582931874084,1.0,True,0.0,2,4159,0,ao_grid_coordinate_codebook,analytical_ris_equal_allocation,"[1.8379856365183054, 3.982057173270063, 3.9820582931874084]",[],"{""allocation_levels"": 7, ""beta_levels"": 5, ""phase_levels"": 8}",1656.264994,eb978e84730de4cf1e0579ad9e17edb700c67ba6eceac89d1fe3698763a419f7,fc61d5cda7da39530055bae9bd0e92865f995cd9,4e84455d08cacd9f85c432f7838c3be2cb0f000b55edc3487c6dee9520cc0b63
ao_grid,10000,5,test,3.982057542452793,3.982057542452793,1.0,True,0.0,2,4159,0,ao_grid_coordinate_codebook,analytical_ris_equal_allocation,"[1.8379699371933516, 3.982055473585111, 3.982057542452793]",[],"{""allocation_levels"": 7, ""beta_levels"": 5, ""phase_levels"": 8}",1682.954645,eb978e84730de4cf1e0579ad9e17edb700c67ba6eceac89d1fe3698763a419f7,fc61d5cda7da39530055bae9bd0e92865f995cd9,4e84455d08cacd9f85c432f7838c3be2cb0f000b55edc3487c6dee9520cc0b63
ao_grid,10000,6,test,3.982055560744163,3.982055560744163,1.0,True,0.0,2,4159,0,ao_grid_coordinate_codebook,analytical_ris_equal_allocation,"[1.837987027336315, 3.982054729378085, 3.982055560744163]",[],"{""allocation_levels"": 7, ""beta_levels"": 5, ""phase_levels"": 8}",1627.997582,eb978e84730de4cf1e0579ad9e17edb700c67ba6eceac89d1fe3698763a419f7,fc61d5cda7da39530055bae9bd0e92865f995cd9,4e84455d08cacd9f85c432f7838c3be2cb0f000b55edc3487c6dee9520cc0b63
ao_grid,10000,7,test,3.9820613053710723,3.9820613053710723,1.0,True,0.0,2,4159,0,ao_grid_coordinate_codebook,analytical_ris_equal_allocation,"[1.838011845316654, 3.982059833950763, 3.9820613053710723]",[],"{""allocation_levels"": 7, ""beta_levels"": 5, ""phase_levels"": 8}",1729.629355,eb978e84730de4cf1e0579ad9e17edb700c67ba6eceac89d1fe3698763a419f7,fc61d5cda7da39530055bae9bd0e92865f995cd9,4e84455d08cacd9f85c432f7838c3be2cb0f000b55edc3487c6dee9520cc0b63
ao_grid,10000,8,test,3.9820587862846244,3.9820587862846244,1.0,True,0.0,2,4159,0,ao_grid_coordinate_codebook,analytical_ris_equal_allocation,"[1.8380039555919252, 3.982057628830082, 3.9820587862846244]",[],"{""allocation_levels"": 7, ""beta_levels"": 5, ""phase_levels"": 8}",1611.873087,eb978e84730de4cf1e0579ad9e17edb700c67ba6eceac89d1fe3698763a419f7,fc61d5cda7da39530055bae9bd0e92865f995cd9,4e84455d08cacd9f85c432f7838c3be2cb0f000b55edc3487c6dee9520cc0b63
ao_grid,10000,9,test,3.9820597340468042,3.9820597340468042,1.0,True,0.0,2,4159,0,ao_grid_coordinate_codebook,analytical_ris_equal_allocation,"[1.8380033864487482, 3.98205913317483, 3.9820597340468042]",[],"{""allocation_levels"": 7, ""beta_levels"": 5, ""phase_levels"": 8}",1623.42069,eb978e84730de4cf1e0579ad9e17edb700c67ba6eceac89d1fe3698763a419f7,fc61d5cda7da39530055bae9bd0e92865f995cd9,4e84455d08cacd9f85c432f7838c3be2cb0f000b55edc3487c6dee9520cc0b63
ao_grid,10000,10,test,3.982059061028022,3.982059061028022,1.0,True,0.0,2,4159,0,ao_grid_coordinate_codebook,analytical_ris_equal_allocation,"[1.8379860735116174, 3.982056066774338, 3.982059061028022]",[],"{""allocation_levels"": 7, ""beta_levels"": 5, ""phase_levels"": 8}",1645.267268,eb978e84730de4cf1e0579ad9e17edb700c67ba6eceac89d1fe3698763a419f7,fc61d5cda7da39530055bae9bd0e92865f995cd9,4e84455d08cacd9f85c432f7838c3be2cb0f000b55edc3487c6dee9520cc0b63
ao_grid,10000,11,test,3.9820575862884957,3.9820575862884957,1.0,True,0.0,2,4159,0,ao_grid_coordinate_codebook,analytical_ris_equal_allocation,"[1.8379849698238853, 3.9820556527237003, 3.9820575862884957]",[],"{""allocation_levels"": 7, ""beta_levels"": 5, ""phase_levels"": 8}",1604.224483,eb978e84730de4cf1e0579ad9e17edb700c67ba6eceac89d1fe3698763a419f7,fc61d5cda7da39530055bae9bd0e92865f995cd9,4e84455d08cacd9f85c432f7838c3be2cb0f000b55edc3487c6dee9520cc0b63
ao_grid,10000,12,test,3.9820612529973642,3.9820612529973642,1.0,True,0.0,2,4159,0,ao_grid_coordinate_codebook,analytical_ris_equal_allocation,"[1.8379927769197064, 3.982059527066181, 3.9820612529973642]",[],"{""allocation_levels"": 7, ""beta_levels"": 5, ""phase_levels"": 8}",1669.076094,eb978e84730de4cf1e0579ad9e17edb700c67ba6eceac89d1fe3698763a419f7,fc61d5cda7da39530055bae9bd0e92865f995cd9,4e84455d08cacd9f85c432f7838c3be2cb0f000b55edc3487c6dee9520cc0b63
ao_grid,10000,13,test,3.982060702586082,3.982060702586082,1.0,True,0.0,2,4159,0,ao_grid_coordinate_codebook,analytical_ris_equal_allocation,"[1.837991929464986, 3.9820578432850935, 3.982060702586082]",[],"{""allocation_levels"": 7, ""beta_levels"": 5, ""phase_levels"": 8}",1649.379713,eb978e84730de4cf1e0579ad9e17edb700c67ba6eceac89d1fe3698763a419f7,fc61d5cda7da39530055bae9bd0e92865f995cd9,4e84455d08cacd9f85c432f7838c3be2cb0f000b55edc3487c6dee9520cc0b63
ao_grid,10000,14,test,3.982055562429005,3.982055562429005,1.0,True,0.0,2,4159,0,ao_grid_coordinate_codebook,analytical_ris_equal_allocation,"[1.8379743831450175, 3.9820531926379674, 3.982055562429005]",[],"{""allocation_levels"": 7, ""beta_levels"": 5, ""phase_levels"": 8}",1606.34026,eb978e84730de4cf1e0579ad9e17edb700c67ba6eceac89d1fe3698763a419f7,fc61d5cda7da39530055bae9bd0e92865f995cd9,4e84455d08cacd9f85c432f7838c3be2cb0f000b55edc3487c6dee9520cc0b63
ao_grid,10000,15,test,3.982064375684611,3.982064375684611,1.0,True,0.0,2,4159,0,ao_grid_coordinate_codebook,analytical_ris_equal_allocation,"[1.8380204679283683, 3.9820633616049994, 3.982064375684611]",[],"{""allocation_levels"": 7, ""beta_levels"": 5, ""phase_levels"": 8}",1614.880054,eb978e84730de4cf1e0579ad9e17edb700c67ba6eceac89d1fe3698763a419f7,fc61d5cda7da39530055bae9bd0e92865f995cd9,4e84455d08cacd9f85c432f7838c3be2cb0f000b55edc3487c6dee9520cc0b63
ao_grid,10000,16,test,3.9820588339040306,3.9820588339040306,1.0,True,0.0,2,4159,0,ao_grid_coordinate_codebook,analytical_ris_equal_allocation,"[1.837997799911767, 3.9820577993558963, 3.9820588339040306]",[],"{""allocation_levels"": 7, ""beta_levels"": 5, ""phase_levels"": 8}",1587.677587,eb978e84730de4cf1e0579ad9e17edb700c67ba6eceac89d1fe3698763a419f7,fc61d5cda7da39530055bae9bd0e92865f995cd9,4e84455d08cacd9f85c432f7838c3be2cb0f000b55edc3487c6dee9520cc0b63
ao_grid,10000,17,test,3.9820607156394865,3.9820607156394865,1.0,True,0.0,2,4159,0,ao_grid_coordinate_codebook,analytical_ris_equal_allocation,"[1.8380031516215107, 3.9820583631996413, 3.9820607156394865]",[],"{""allocation_levels"": 7, ""beta_levels"": 5, ""phase_levels"": 8}",1619.0459,eb978e84730de4cf1e0579ad9e17edb700c67ba6eceac89d1fe3698763a419f7,fc61d5cda7da39530055bae9bd0e92865f995cd9,4e84455d08cacd9f85c432f7838c3be2cb0f000b55edc3487c6dee9520cc0b63
ao_grid,10000,18,test,3.9820590004259984,3.9820590004259984,1.0,True,0.0,2,4159,0,ao_grid_coordinate_codebook,analytical_ris_equal_allocation,"[1.8380037981318222, 3.9820583302548775, 3.9820590004259984]",[],"{""allocation_levels"": 7, ""beta_levels"": 5, ""phase_levels"": 8}",1638.294191,eb978e84730de4cf1e0579ad9e17edb700c67ba6eceac89d1fe3698763a419f7,fc61d5cda7da39530055bae9bd0e92865f995cd9,4e84455d08cacd9f85c432f7838c3be2cb0f000b55edc3487c6dee9520cc0b63
ao_grid,10000,19,test,3.9820571125173783,3.9820571125173783,1.0,True,0.0,2,4159,0,ao_grid_coordinate_codebook,analytical_ris_equal_allocation,"[1.8379870626388444, 3.9820558484352606, 3.9820571125173783]",[],"{""allocation_levels"": 7, ""beta_levels"": 5, ""phase_levels"": 8}",1680.184095,eb978e84730de4cf1e0579ad9e17edb700c67ba6eceac89d1fe3698763a419f7,fc61d5cda7da39530055bae9bd0e92865f995cd9,4e84455d08cacd9f85c432f7838c3be2cb0f000b55edc3487c6dee9520cc0b63
ao_grid,10000,20,test,3.9820561114894417,3.9820561114894417,1.0,True,0.0,2,4159,0,ao_grid_coordinate_codebook,analytical_ris_equal_allocation,"[1.8379965336734638, 3.9820544551181074, 3.9820561114894417]",[],"{""allocation_levels"": 7, ""beta_levels"": 5, ""phase_levels"": 8}",1668.183583,eb978e84730de4cf1e0579ad9e17edb700c67ba6eceac89d1fe3698763a419f7,fc61d5cda7da39530055bae9bd0e92865f995cd9,4e84455d08cacd9f85c432f7838c3be2cb0f000b55edc3487c6dee9520cc0b63
ao_grid,10000,21,test,3.982061060091352,3.982061060091352,1.0,True,0.0,2,4159,0,ao_grid_coordinate_codebook,analytical_ris_equal_allocation,"[1.837971000441753, 3.982058456758236, 3.982061060091352]",[],"{""allocation_levels"": 7, ""beta_levels"": 5, ""phase_levels"": 8}",1703.040221,eb978e84730de4cf1e0579ad9e17edb700c67ba6eceac89d1fe3698763a419f7,fc61d5cda7da39530055bae9bd0e92865f995cd9,4e84455d08cacd9f85c432f7838c3be2cb0f000b55edc3487c6dee9520cc0b63
ao_grid,10000,22,test,3.982063560500042,3.982063560500042,1.0,True,0.0,2,4159,0,ao_grid_coordinate_codebook,analytical_ris_equal_allocation,"[1.8380165437621347, 3.982062179525369, 3.982063560500042]",[],"{""allocation_levels"": 7, ""beta_levels"": 5, ""phase_levels"": 8}",1627.898281,eb978e84730de4cf1e0579ad9e17edb700c67ba6eceac89d1fe3698763a419f7,fc61d5cda7da39530055bae9bd0e92865f995cd9,4e84455d08cacd9f85c432f7838c3be2cb0f000b55edc3487c6dee9520cc0b63
ao_grid,10000,23,test,3.982058714477104,3.982058714477104,1.0,True,0.0,2,4159,0,ao_grid_coordinate_codebook,analytical_ris_equal_allocation,"[1.8379940915605169, 3.982056688689611, 3.982058714477104]",[],"{""allocation_levels"": 7, ""beta_levels"": 5, ""phase_levels"": 8}",1633.328822,eb978e84730de4cf1e0579ad9e17edb700c67ba6eceac89d1fe3698763a419f7,fc61d5cda7da39530055bae9bd0e92865f995cd9,4e84455d08cacd9f85c432f7838c3be2cb0f000b55edc3487c6dee9520cc0b63
ao_grid,10000,24,test,3.982058019689508,3.982058019689508,1.0,True,0.0,2,4159,0,ao_grid_coordinate_codebook,analytical_ris_equal_allocation,"[1.8379967477483206, 3.982056979393527, 3.982058019689508]",[],"{""allocation_levels"": 7, ""beta_levels"": 5, ""phase_levels"": 8}",1633.995514,eb978e84730de4cf1e0579ad9e17edb700c67ba6eceac89d1fe3698763a419f7,fc61d5cda7da39530055bae9bd0e92865f995cd9,4e84455d08cacd9f85c432f7838c3be2cb0f000b55edc3487c6dee9520cc0b63
ao_grid,10000,25,test,3.982061072774221,3.982061072774221,1.0,True,0.0,2,4159,0,ao_grid_coordinate_codebook,analytical_ris_equal_allocation,"[1.837998717636067, 3.982059258183384, 3.982061072774221]",[],"{""allocation_levels"": 7, ""beta_levels"": 5, ""phase_levels"": 8}",1708.458861,eb978e84730de4cf1e0579ad9e17edb700c67ba6eceac89d1fe3698763a419f7,fc61d5cda7da39530055bae9bd0e92865f995cd9,4e84455d08cacd9f85c432f7838c3be2cb0f000b55edc3487c6dee9520cc0b63
ao_grid,10000,26,test,3.9820584689070317,3.9820584689070317,1.0,True,0.0,2,4159,0,ao_grid_coordinate_codebook,analytical_ris_equal_allocation,"[1.8380061883250163, 3.982057830700147, 3.9820584689070317]",[],"{""allocation_levels"": 7, ""beta_levels"": 5, ""phase_levels"": 8}",1636.590488,eb978e84730de4cf1e0579ad9e17edb700c67ba6eceac89d1fe3698763a419f7,fc61d5cda7da39530055bae9bd0e92865f995cd9,4e84455d08cacd9f85c432f7838c3be2cb0f000b55edc3487c6dee9520cc0b63
ao_grid,10000,27,test,3.982059805616692,3.982059805616692,1.0,True,0.0,2,4159,0,ao_grid_coordinate_codebook,analytical_ris_equal_allocation,"[1.8379906468711815, 3.9820581070497894, 3.982059805616692]",[],"{""allocation_levels"": 7, ""beta_levels"": 5, ""phase_levels"": 8}",1609.759761,eb978e84730de4cf1e0579ad9e17edb700c67ba6eceac89d1fe3698763a419f7,fc61d5cda7da39530055bae9bd0e92865f995cd9,4e84455d08cacd9f85c432f7838c3be2cb0f000b55edc3487c6dee9520cc0b63
ao_grid,10000,28,test,3.9820597070248436,3.9820597070248436,1.0,True,0.0,2,4159,0,ao_grid_coordinate_codebook,analytical_ris_equal_allocation,"[1.837996847486015, 3.9820582476765956, 3.9820597070248436]",[],"{""allocation_levels"": 7, ""beta_levels"": 5, ""phase_levels"": 8}",1647.817985,eb978e84730de4cf1e0579ad9e17edb700c67ba6eceac89d1fe3698763a419f7,fc61d5cda7da39530055bae9bd0e92865f995cd9,4e84455d08cacd9f85c432f7838c3be2cb0f000b55edc3487c6dee9520cc0b63
ao_grid,10000,29,test,3.982056840561454,3.982056840561454,1.0,True,0.0,2,4159,0,ao_grid_coordinate_codebook,analytical_ris_equal_allocation,"[1.8379737816534025, 3.9820544608721598, 3.982056840561454]",[],"{""allocation_levels"": 7, ""beta_levels"": 5, ""phase_levels"": 8}",1618.882455,eb978e84730de4cf1e0579ad9e17edb700c67ba6eceac89d1fe3698763a419f7,fc61d5cda7da39530055bae9bd0e92865f995cd9,4e84455d08cacd9f85c432f7838c3be2cb0f000b55edc3487c6dee9520cc0b63
ao_grid,10000,30,test,3.982058263872079,3.982058263872079,1.0,True,0.0,2,4159,0,ao_grid_coordinate_codebook,analytical_ris_equal_allocation,"[1.837994666130754, 3.9820573593467596, 3.982058263872079]",[],"{""allocation_levels"": 7, ""beta_levels"": 5, ""phase_levels"": 8}",1668.549437,eb978e84730de4cf1e0579ad9e17edb700c67ba6eceac89d1fe3698763a419f7,fc61d5cda7da39530055bae9bd0e92865f995cd9,4e84455d08cacd9f85c432f7838c3be2cb0f000b55edc3487c6dee9520cc0b63
ao_grid,10000,31,test,3.9820612868096936,3.9820612868096936,1.0,True,0.0,2,4159,0,ao_grid_coordinate_codebook,analytical_ris_equal_allocation,"[1.8380083999783918, 3.9820601718076087, 3.9820612868096936]",[],"{""allocation_levels"": 7, ""beta_levels"": 5, ""phase_levels"": 8}",1667.922279,eb978e84730de4cf1e0579ad9e17edb700c67ba6eceac89d1fe3698763a419f7,fc61d5cda7da39530055bae9bd0e92865f995cd9,4e84455d08cacd9f85c432f7838c3be2cb0f000b55edc3487c6dee9520cc0b63
ao_grid,10000,32,test,3.9820618085288606,3.9820618085288606,1.0,True,0.0,2,4159,0,ao_grid_coordinate_codebook,analytical_ris_equal_allocation,"[1.838007221891176, 3.9820605108448164, 3.9820618085288606]",[],"{""allocation_levels"": 7, ""beta_levels"": 5, ""phase_levels"": 8}",1605.31994,eb978e84730de4cf1e0579ad9e17edb700c67ba6eceac89d1fe3698763a419f7,fc61d5cda7da39530055bae9bd0e92865f995cd9,4e84455d08cacd9f85c432f7838c3be2cb0f000b55edc3487c6dee9520cc0b63
ao_grid,10000,33,test,3.9820588115364908,3.9820588115364908,1.0,True,0.0,2,4159,0,ao_grid_coordinate_codebook,analytical_ris_equal_allocation,"[1.837993530802218, 3.982057393098425, 3.9820588115364908]",[],"{""allocation_levels"": 7, ""beta_levels"": 5, ""phase_levels"": 8}",1618.789569,eb978e84730de4cf1e0579ad9e17edb700c67ba6eceac89d1fe3698763a419f7,fc61d5cda7da39530055bae9bd0e92865f995cd9,4e84455d08cacd9f85c432f7838c3be2cb0f000b55edc3487c6dee9520cc0b63
ao_grid,10000,34,test,3.9820596603184066,3.9820596603184066,1.0,True,0.0,2,4159,0,ao_grid_coordinate_codebook,analytical_ris_equal_allocation,"[1.8379997765427618, 3.9820586331836134, 3.9820596603184066]",[],"{""allocation_levels"": 7, ""beta_levels"": 5, ""phase_levels"": 8}",1602.82994,eb978e84730de4cf1e0579ad9e17edb700c67ba6eceac89d1fe3698763a419f7,fc61d5cda7da39530055bae9bd0e92865f995cd9,4e84455d08cacd9f85c432f7838c3be2cb0f000b55edc3487c6dee9520cc0b63
ao_grid,10000,35,test,3.9820547946386853,3.9820547946386853,1.0,True,0.0,2,4159,0,ao_grid_coordinate_codebook,analytical_ris_equal_allocation,"[1.8379600660769004, 3.98205270781464, 3.9820547946386853]",[],"{""allocation_levels"": 7, ""beta_levels"": 5, ""phase_levels"": 8}",1585.234549,eb978e84730de4cf1e0579ad9e17edb700c67ba6eceac89d1fe3698763a419f7,fc61d5cda7da39530055bae9bd0e92865f995cd9,4e84455d08cacd9f85c432f7838c3be2cb0f000b55edc3487c6dee9520cc0b63
ao_grid,10000,36,test,3.982060304475609,3.982060304475609,1.0,True,0.0,2,4159,0,ao_grid_coordinate_codebook,analytical_ris_equal_allocation,"[1.8379918829933055, 3.982058572062998, 3.982060304475609]",[],"{""allocation_levels"": 7, ""beta_levels"": 5, ""phase_levels"": 8}",1608.070505,eb978e84730de4cf1e0579ad9e17edb700c67ba6eceac89d1fe3698763a419f7,fc61d5cda7da39530055bae9bd0e92865f995cd9,4e84455d08cacd9f85c432f7838c3be2cb0f000b55edc3487c6dee9520cc0b63
ao_grid,10000,37,test,3.982061117970569,3.982061117970569,1.0,True,0.0,2,4159,0,ao_grid_coordinate_codebook,analytical_ris_equal_allocation,"[1.838002173027805, 3.982060047489896, 3.982061117970569]",[],"{""allocation_levels"": 7, ""beta_levels"": 5, ""phase_levels"": 8}",1655.714332,eb978e84730de4cf1e0579ad9e17edb700c67ba6eceac89d1fe3698763a419f7,fc61d5cda7da39530055bae9bd0e92865f995cd9,4e84455d08cacd9f85c432f7838c3be2cb0f000b55edc3487c6dee9520cc0b63
ao_grid,10000,38,test,3.9820572613107608,3.9820572613107608,1.0,True,0.0,2,4159,0,ao_grid_coordinate_codebook,analytical_ris_equal_allocation,"[1.837994982899549, 3.982055965667759, 3.9820572613107608]",[],"{""allocation_levels"": 7, ""beta_levels"": 5, ""phase_levels"": 8}",1612.045286,eb978e84730de4cf1e0579ad9e17edb700c67ba6eceac89d1fe3698763a419f7,fc61d5cda7da39530055bae9bd0e92865f995cd9,4e84455d08cacd9f85c432f7838c3be2cb0f000b55edc3487c6dee9520cc0b63
ao_grid,10000,39,test,3.982058131651989,3.982058131651989,1.0,True,0.0,2,4159,0,ao_grid_coordinate_codebook,analytical_ris_equal_allocation,"[1.8379887739106264, 3.9820561801132195, 3.982058131651989]",[],"{""allocation_levels"": 7, ""beta_levels"": 5, ""phase_levels"": 8}",1632.583679,eb978e84730de4cf1e0579ad9e17edb700c67ba6eceac89d1fe3698763a419f7,fc61d5cda7da39530055bae9bd0e92865f995cd9,4e84455d08cacd9f85c432f7838c3be2cb0f000b55edc3487c6dee9520cc0b63
ao_grid,10000,40,test,3.98205742264372,3.98205742264372,1.0,True,0.0,2,4159,0,ao_grid_coordinate_codebook,analytical_ris_equal_allocation,"[1.8379828756291579, 3.982055316098198, 3.98205742264372]",[],"{""allocation_levels"": 7, ""beta_levels"": 5, ""phase_levels"": 8}",1651.693427,eb978e84730de4cf1e0579ad9e17edb700c67ba6eceac89d1fe3698763a419f7,fc61d5cda7da39530055bae9bd0e92865f995cd9,4e84455d08cacd9f85c432f7838c3be2cb0f000b55edc3487c6dee9520cc0b63
ao_grid,10000,41,test,3.982060394556437,3.982060394556437,1.0,True,0.0,2,4159,0,ao_grid_coordinate_codebook,analytical_ris_equal_allocation,"[1.8379939665658067, 3.982058510610093, 3.982060394556437]",[],"{""allocation_levels"": 7, ""beta_levels"": 5, ""phase_levels"": 8}",1634.390663,eb978e84730de4cf1e0579ad9e17edb700c67ba6eceac89d1fe3698763a419f7,fc61d5cda7da39530055bae9bd0e92865f995cd9,4e84455d08cacd9f85c432f7838c3be2cb0f000b55edc3487c6dee9520cc0b63
ao_grid,10000,42,test,3.982062217468526,3.982062217468526,1.0,True,0.0,2,4159,0,ao_grid_coordinate_codebook,analytical_ris_equal_allocation,"[1.838009346126163, 3.9820613173189043, 3.982062217468526]",[],"{""allocation_levels"": 7, ""beta_levels"": 5, ""phase_levels"": 8}",1666.508426,eb978e84730de4cf1e0579ad9e17edb700c67ba6eceac89d1fe3698763a419f7,fc61d5cda7da39530055bae9bd0e92865f995cd9,4e84455d08cacd9f85c432f7838c3be2cb0f000b55edc3487c6dee9520cc0b63
ao_grid,10000,43,test,3.9820621129443294,3.9820621129443294,1.0,True,0.0,2,4159,0,ao_grid_coordinate_codebook,analytical_ris_equal_allocation,"[1.83800575353255, 3.9820603886029966, 3.9820621129443294]",[],"{""allocation_levels"": 7, ""beta_levels"": 5, ""phase_levels"": 8}",1748.417791,eb978e84730de4cf1e0579ad9e17edb700c67ba6eceac89d1fe3698763a419f7,fc61d5cda7da39530055bae9bd0e92865f995cd9,4e84455d08cacd9f85c432f7838c3be2cb0f000b55edc3487c6dee9520cc0b63
ao_grid,10000,44,test,3.9820602624983894,3.9820602624983894,1.0,True,0.0,2,4159,0,ao_grid_coordinate_codebook,analytical_ris_equal_allocation,"[1.8379880373604385, 3.9820596381788462, 3.9820602624983894]",[],"{""allocation_levels"": 7, ""beta_levels"": 5, ""phase_levels"": 8}",1687.690062,eb978e84730de4cf1e0579ad9e17edb700c67ba6eceac89d1fe3698763a419f7,fc61d5cda7da39530055bae9bd0e92865f995cd9,4e84455d08cacd9f85c432f7838c3be2cb0f000b55edc3487c6dee9520cc0b63
ao_grid,10000,45,test,3.9820596914472386,3.9820596914472386,1.0,True,0.0,2,4159,0,ao_grid_coordinate_codebook,analytical_ris_equal_allocation,"[1.8379998676789784, 3.9820578800274196, 3.9820596914472386]",[],"{""allocation_levels"": 7, ""beta_levels"": 5, ""phase_levels"": 8}",1700.94894,eb978e84730de4cf1e0579ad9e17edb700c67ba6eceac89d1fe3698763a419f7,fc61d5cda7da39530055bae9bd0e92865f995cd9,4e84455d08cacd9f85c432f7838c3be2cb0f000b55edc3487c6dee9520cc0b63
ao_grid,10000,46,test,3.9820584462695914,3.9820584462695914,1.0,True,0.0,2,4159,0,ao_grid_coordinate_codebook,analytical_ris_equal_allocation,"[1.8379834750376518, 3.9820535447277816, 3.9820584462695914]",[],"{""allocation_levels"": 7, ""beta_levels"": 5, ""phase_levels"": 8}",1739.419702,eb978e84730de4cf1e0579ad9e17edb700c67ba6eceac89d1fe3698763a419f7,fc61d5cda7da39530055bae9bd0e92865f995cd9,4e84455d08cacd9f85c432f7838c3be2cb0f000b55edc3487c6dee9520cc0b63
ao_grid,10000,47,test,3.9820614454285823,3.9820614454285823,1.0,True,0.0,2,4159,0,ao_grid_coordinate_codebook,analytical_ris_equal_allocation,"[1.8380024126071306, 3.98205971233586, 3.9820614454285823]",[],"{""allocation_levels"": 7, ""beta_levels"": 5, ""phase_levels"": 8}",1792.854331,eb978e84730de4cf1e0579ad9e17edb700c67ba6eceac89d1fe3698763a419f7,fc61d5cda7da39530055bae9bd0e92865f995cd9,4e84455d08cacd9f85c432f7838c3be2cb0f000b55edc3487c6dee9520cc0b63
ao_grid,10000,48,test,3.982060333204692,3.982060333204692,1.0,True,0.0,2,4159,0,ao_grid_coordinate_codebook,analytical_ris_equal_allocation,"[1.8380020772265242, 3.982059671377125, 3.982060333204692]",[],"{""allocation_levels"": 7, ""beta_levels"": 5, ""phase_levels"": 8}",1811.894597,eb978e84730de4cf1e0579ad9e17edb700c67ba6eceac89d1fe3698763a419f7,fc61d5cda7da39530055bae9bd0e92865f995cd9,4e84455d08cacd9f85c432f7838c3be2cb0f000b55edc3487c6dee9520cc0b63
ao_grid,10000,49,test,3.9820584172345597,3.9820584172345597,1.0,True,0.0,2,4159,0,ao_grid_coordinate_codebook,analytical_ris_equal_allocation,"[1.8379953059073861, 3.982056647279509, 3.9820584172345597]",[],"{""allocation_levels"": 7, ""beta_levels"": 5, ""phase_levels"": 8}",1806.576951,eb978e84730de4cf1e0579ad9e17edb700c67ba6eceac89d1fe3698763a419f7,fc61d5cda7da39530055bae9bd0e92865f995cd9,4e84455d08cacd9f85c432f7838c3be2cb0f000b55edc3487c6dee9520cc0b63
ao_grid,10000,50,test,3.982057220001713,3.982057220001713,1.0,True,0.0,2,4159,0,ao_grid_coordinate_codebook,analytical_ris_equal_allocation,"[1.8379799854100887, 3.9820549793185056, 3.982057220001713]",[],"{""allocation_levels"": 7, ""beta_levels"": 5, ""phase_levels"": 8}",1708.447331,eb978e84730de4cf1e0579ad9e17edb700c67ba6eceac89d1fe3698763a419f7,fc61d5cda7da39530055bae9bd0e92865f995cd9,4e84455d08cacd9f85c432f7838c3be2cb0f000b55edc3487c6dee9520cc0b63
ao_grid,10000,51,test,3.982057832776501,3.982057832776501,1.0,True,0.0,2,4159,0,ao_grid_coordinate_codebook,analytical_ris_equal_allocation,"[1.8379827984902637, 3.9820557389850118, 3.982057832776501]",[],"{""allocation_levels"": 7, ""beta_levels"": 5, ""phase_levels"": 8}",1741.523066,eb978e84730de4cf1e0579ad9e17edb700c67ba6eceac89d1fe3698763a419f7,fc61d5cda7da39530055bae9bd0e92865f995cd9,4e84455d08cacd9f85c432f7838c3be2cb0f000b55edc3487c6dee9520cc0b63
ao_grid,10000,52,test,3.9820579285572943,3.9820579285572943,1.0,True,0.0,2,4159,0,ao_grid_coordinate_codebook,analytical_ris_equal_allocation,"[1.837980172009394, 3.9820559257754775, 3.9820579285572943]",[],"{""allocation_levels"": 7, ""beta_levels"": 5, ""phase_levels"": 8}",1760.15661,eb978e84730de4cf1e0579ad9e17edb700c67ba6eceac89d1fe3698763a419f7,fc61d5cda7da39530055bae9bd0e92865f995cd9,4e84455d08cacd9f85c432f7838c3be2cb0f000b55edc3487c6dee9520cc0b63
ao_grid,10000,53,test,3.9820556026278977,3.9820556026278977,1.0,True,0.0,2,4159,0,ao_grid_coordinate_codebook,analytical_ris_equal_allocation,"[1.8379758248068496, 3.9820527152583756, 3.9820556026278977]",[],"{""allocation_levels"": 7, ""beta_levels"": 5, ""phase_levels"": 8}",1718.192958,eb978e84730de4cf1e0579ad9e17edb700c67ba6eceac89d1fe3698763a419f7,fc61d5cda7da39530055bae9bd0e92865f995cd9,4e84455d08cacd9f85c432f7838c3be2cb0f000b55edc3487c6dee9520cc0b63
ao_grid,10000,54,test,3.982060660871798,3.982060660871798,1.0,True,0.0,2,4159,0,ao_grid_coordinate_codebook,analytical_ris_equal_allocation,"[1.8380042143008284, 3.982059536504442, 3.982060660871798]",[],"{""allocation_levels"": 7, ""beta_levels"": 5, ""phase_levels"": 8}",1767.70685,eb978e84730de4cf1e0579ad9e17edb700c67ba6eceac89d1fe3698763a419f7,fc61d5cda7da39530055bae9bd0e92865f995cd9,4e84455d08cacd9f85c432f7838c3be2cb0f000b55edc3487c6dee9520cc0b63
ao_grid,10000,55,test,3.9820614882878407,3.9820614882878407,1.0,True,0.0,2,4159,0,ao_grid_coordinate_codebook,analytical_ris_equal_allocation,"[1.8379966275913175, 3.982060119494152, 3.9820614882878407]",[],"{""allocation_levels"": 7, ""beta_levels"": 5, ""phase_levels"": 8}",1686.676833,eb978e84730de4cf1e0579ad9e17edb700c67ba6eceac89d1fe3698763a419f7,fc61d5cda7da39530055bae9bd0e92865f995cd9,4e84455d08cacd9f85c432f7838c3be2cb0f000b55edc3487c6dee9520cc0b63
ao_grid,10000,56,test,3.9820601853010826,3.9820601853010826,1.0,True,0.0,2,4159,0,ao_grid_coordinate_codebook,analytical_ris_equal_allocation,"[1.837992377668244, 3.9820594826981814, 3.9820601853010826]",[],"{""allocation_levels"": 7, ""beta_levels"": 5, ""phase_levels"": 8}",1730.884439,eb978e84730de4cf1e0579ad9e17edb700c67ba6eceac89d1fe3698763a419f7,fc61d5cda7da39530055bae9bd0e92865f995cd9,4e84455d08cacd9f85c432f7838c3be2cb0f000b55edc3487c6dee9520cc0b63
ao_grid,10000,57,test,3.9820590654891586,3.9820590654891586,1.0,True,0.0,2,4159,0,ao_grid_coordinate_codebook,analytical_ris_equal_allocation,"[1.837990391768988, 3.982057353102995, 3.9820590654891586]",[],"{""allocation_levels"": 7, ""beta_levels"": 5, ""phase_levels"": 8}",1709.915722,eb978e84730de4cf1e0579ad9e17edb700c67ba6eceac89d1fe3698763a419f7,fc61d5cda7da39530055bae9bd0e92865f995cd9,4e84455d08cacd9f85c432f7838c3be2cb0f000b55edc3487c6dee9520cc0b63
ao_grid,10000,58,test,3.982058112194673,3.982058112194673,1.0,True,0.0,2,4159,0,ao_grid_coordinate_codebook,analytical_ris_equal_allocation,"[1.8379866564481027, 3.98205644226316, 3.982058112194673]",[],"{""allocation_levels"": 7, ""beta_levels"": 5, ""phase_levels"": 8}",1677.202674,eb978e84730de4cf1e0579ad9e17edb700c67ba6eceac89d1fe3698763a419f7,fc61d5cda7da39530055bae9bd0e92865f995cd9,4e84455d08cacd9f85c432f7838c3be2cb0f000b55edc3487c6dee9520cc0b63
ao_grid,10000,59,test,3.982058933918327,3.982058933918327,1.0,True,0.0,2,4159,0,ao_grid_coordinate_codebook,analytical_ris_equal_allocation,"[1.838005139993306, 3.982057695907793, 3.982058933918327]",[],"{""allocation_levels"": 7, ""beta_levels"": 5, ""phase_levels"": 8}",1735.94026,eb978e84730de4cf1e0579ad9e17edb700c67ba6eceac89d1fe3698763a419f7,fc61d5cda7da39530055bae9bd0e92865f995cd9,4e84455d08cacd9f85c432f7838c3be2cb0f000b55edc3487c6dee9520cc0b63
ao_grid,10000,60,test,3.9820616453920685,3.9820616453920685,1.0,True,0.0,2,4159,0,ao_grid_coordinate_codebook,analytical_ris_equal_allocation,"[1.8380010867897922, 3.9820602737517246, 3.9820616453920685]",[],"{""allocation_levels"": 7, ""beta_levels"": 5, ""phase_levels"": 8}",1757.363957,eb978e84730de4cf1e0579ad9e17edb700c67ba6eceac89d1fe3698763a419f7,fc61d5cda7da39530055bae9bd0e92865f995cd9,4e84455d08cacd9f85c432f7838c3be2cb0f000b55edc3487c6dee9520cc0b63
ao_grid,10000,61,test,3.9820599793976665,3.9820599793976665,1.0,True,0.0,2,4159,0,ao_grid_coordinate_codebook,analytical_ris_equal_allocation,"[1.8380010665407869, 3.9820589647460194, 3.9820599793976665]",[],"{""allocation_levels"": 7, ""beta_levels"": 5, ""phase_levels"": 8}",1694.287182,eb978e84730de4cf1e0579ad9e17edb700c67ba6eceac89d1fe3698763a419f7,fc61d5cda7da39530055bae9bd0e92865f995cd9,4e84455d08cacd9f85c432f7838c3be2cb0f000b55edc3487c6dee9520cc0b63
ao_grid,10000,62,test,3.982061896168198,3.982061896168198,1.0,True,0.0,2,4159,0,ao_grid_coordinate_codebook,analytical_ris_equal_allocation,"[1.837980464609916, 3.9820605150509527, 3.982061896168198]",[],"{""allocation_levels"": 7, ""beta_levels"": 5, ""phase_levels"": 8}",1693.575391,eb978e84730de4cf1e0579ad9e17edb700c67ba6eceac89d1fe3698763a419f7,fc61d5cda7da39530055bae9bd0e92865f995cd9,4e84455d08cacd9f85c432f7838c3be2cb0f000b55edc3487c6dee9520cc0b63
ao_grid,10000,63,test,3.982058059231821,3.982058059231821,1.0,True,0.0,2,4159,0,ao_grid_coordinate_codebook,analytical_ris_equal_allocation,"[1.837995535716555, 3.982056755366762, 3.982058059231821]",[],"{""allocation_levels"": 7, ""beta_levels"": 5, ""phase_levels"": 8}",1681.137021,eb978e84730de4cf1e0579ad9e17edb700c67ba6eceac89d1fe3698763a419f7,fc61d5cda7da39530055bae9bd0e92865f995cd9,4e84455d08cacd9f85c432f7838c3be2cb0f000b55edc3487c6dee9520cc0b63
ao_grid,10000,64,test,3.9820629182093796,3.9820629182093796,1.0,True,0.0,2,4159,0,ao_grid_coordinate_codebook,analytical_ris_equal_allocation,"[1.838002257302153, 3.9820619935559947, 3.9820629182093796]",[],"{""allocation_levels"": 7, ""beta_levels"": 5, ""phase_levels"": 8}",1729.859367,eb978e84730de4cf1e0579ad9e17edb700c67ba6eceac89d1fe3698763a419f7,fc61d5cda7da39530055bae9bd0e92865f995cd9,4e84455d08cacd9f85c432f7838c3be2cb0f000b55edc3487c6dee9520cc0b63
ao_grid,10000,65,test,3.9820596165264828,3.9820596165264828,1.0,True,0.0,2,4159,0,ao_grid_coordinate_codebook,analytical_ris_equal_allocation,"[1.8379933407152707, 3.9820582467574392, 3.9820596165264828]",[],"{""allocation_levels"": 7, ""beta_levels"": 5, ""phase_levels"": 8}",1699.520269,eb978e84730de4cf1e0579ad9e17edb700c67ba6eceac89d1fe3698763a419f7,fc61d5cda7da39530055bae9bd0e92865f995cd9,4e84455d08cacd9f85c432f7838c3be2cb0f000b55edc3487c6dee9520cc0b63
ao_grid,10000,66,test,3.982055497286487,3.982055497286487,1.0,True,0.0,2,4159,0,ao_grid_coordinate_codebook,analytical_ris_equal_allocation,"[1.8379732305487928, 3.982053990354284, 3.982055497286487]",[],"{""allocation_levels"": 7, ""beta_levels"": 5, ""phase_levels"": 8}",1740.912546,eb978e84730de4cf1e0579ad9e17edb700c67ba6eceac89d1fe3698763a419f7,fc61d5cda7da39530055bae9bd0e92865f995cd9,4e84455d08cacd9f85c432f7838c3be2cb0f000b55edc3487c6dee9520cc0b63
ao_grid,10000,67,test,3.9820574440268612,3.9820574440268612,1.0,True,0.0,2,4159,0,ao_grid_coordinate_codebook,analytical_ris_equal_allocation,"[1.8379932604670683, 3.982056058580216, 3.9820574440268612]",[],"{""allocation_levels"": 7, ""beta_levels"": 5, ""phase_levels"": 8}",1713.649962,eb978e84730de4cf1e0579ad9e17edb700c67ba6eceac89d1fe3698763a419f7,fc61d5cda7da39530055bae9bd0e92865f995cd9,4e84455d08cacd9f85c432f7838c3be2cb0f000b55edc3487c6dee9520cc0b63
ao_grid,10000,68,test,3.982058800094491,3.982058800094491,1.0,True,0.0,2,4159,0,ao_grid_coordinate_codebook,analytical_ris_equal_allocation,"[1.8379895800117052, 3.982057691494109, 3.982058800094491]",[],"{""allocation_levels"": 7, ""beta_levels"": 5, ""phase_levels"": 8}",1718.483936,eb978e84730de4cf1e0579ad9e17edb700c67ba6eceac89d1fe3698763a419f7,fc61d5cda7da39530055bae9bd0e92865f995cd9,4e84455d08cacd9f85c432f7838c3be2cb0f000b55edc3487c6dee9520cc0b63
ao_grid,10000,69,test,3.9820621281570574,3.9820621281570574,1.0,True,0.0,2,4159,0,ao_grid_coordinate_codebook,analytical_ris_equal_allocation,"[1.8379947947381234, 3.9820601805741136, 3.9820621281570574]",[],"{""allocation_levels"": 7, ""beta_levels"": 5, ""phase_levels"": 8}",1678.95684,eb978e84730de4cf1e0579ad9e17edb700c67ba6eceac89d1fe3698763a419f7,fc61d5cda7da39530055bae9bd0e92865f995cd9,4e84455d08cacd9f85c432f7838c3be2cb0f000b55edc3487c6dee9520cc0b63
ao_grid,10000,70,test,3.9820574475277137,3.9820574475277137,1.0,True,0.0,2,4159,0,ao_grid_coordinate_codebook,analytical_ris_equal_allocation,"[1.8379300299622545, 3.982054058682813, 3.9820574475277137]",[],"{""allocation_levels"": 7, ""beta_levels"": 5, ""phase_levels"": 8}",1684.397931,eb978e84730de4cf1e0579ad9e17edb700c67ba6eceac89d1fe3698763a419f7,fc61d5cda7da39530055bae9bd0e92865f995cd9,4e84455d08cacd9f85c432f7838c3be2cb0f000b55edc3487c6dee9520cc0b63
ao_grid,10000,71,test,3.982063355053737,3.982063355053737,1.0,True,0.0,2,4159,0,ao_grid_coordinate_codebook,analytical_ris_equal_allocation,"[1.8380006025956288, 3.982061878979316, 3.982063355053737]",[],"{""allocation_levels"": 7, ""beta_levels"": 5, ""phase_levels"": 8}",1709.642772,eb978e84730de4cf1e0579ad9e17edb700c67ba6eceac89d1fe3698763a419f7,fc61d5cda7da39530055bae9bd0e92865f995cd9,4e84455d08cacd9f85c432f7838c3be2cb0f000b55edc3487c6dee9520cc0b63
ao_grid,10000,72,test,3.982049357972885,3.982049357972885,1.0,True,0.0,2,4159,0,ao_grid_coordinate_codebook,analytical_ris_equal_allocation,"[1.8379539642809437, 3.9820468127609674, 3.982049357972885]",[],"{""allocation_levels"": 7, ""beta_levels"": 5, ""phase_levels"": 8}",1720.57994,eb978e84730de4cf1e0579ad9e17edb700c67ba6eceac89d1fe3698763a419f7,fc61d5cda7da39530055bae9bd0e92865f995cd9,4e84455d08cacd9f85c432f7838c3be2cb0f000b55edc3487c6dee9520cc0b63
ao_grid,10000,73,test,3.982058280408869,3.982058280408869,1.0,True,0.0,2,4159,0,ao_grid_coordinate_codebook,analytical_ris_equal_allocation,"[1.8380061322698504, 3.9820568143490163, 3.982058280408869]",[],"{""allocation_levels"": 7, ""beta_levels"": 5, ""phase_levels"": 8}",1721.240237,eb978e84730de4cf1e0579ad9e17edb700c67ba6eceac89d1fe3698763a419f7,fc61d5cda7da39530055bae9bd0e92865f995cd9,4e84455d08cacd9f85c432f7838c3be2cb0f000b55edc3487c6dee9520cc0b63
ao_grid,10000,74,test,3.9820567720577342,3.9820567720577342,1.0,True,0.0,2,4159,0,ao_grid_coordinate_codebook,analytical_ris_equal_allocation,"[1.8380003836908627, 3.982054890737257, 3.9820567720577342]",[],"{""allocation_levels"": 7, ""beta_levels"": 5, ""phase_levels"": 8}",1695.709764,eb978e84730de4cf1e0579ad9e17edb700c67ba6eceac89d1fe3698763a419f7,fc61d5cda7da39530055bae9bd0e92865f995cd9,4e84455d08cacd9f85c432f7838c3be2cb0f000b55edc3487c6dee9520cc0b63
ao_grid,10000,75,test,3.9820624375441667,3.9820624375441667,1.0,True,0.0,2,4159,0,ao_grid_coordinate_codebook,analytical_ris_equal_allocation,"[1.8380108413524205, 3.9820614133522083, 3.9820624375441667]",[],"{""allocation_levels"": 7, ""beta_levels"": 5, ""phase_levels"": 8}",1684.909335,eb978e84730de4cf1e0579ad9e17edb700c67ba6eceac89d1fe3698763a419f7,fc61d5cda7da39530055bae9bd0e92865f995cd9,4e84455d08cacd9f85c432f7838c3be2cb0f000b55edc3487c6dee9520cc0b63
ao_grid,10000,76,test,3.9820588811367355,3.9820588811367355,1.0,True,0.0,2,4159,0,ao_grid_coordinate_codebook,analytical_ris_equal_allocation,"[1.8379910289570065, 3.982056563374058, 3.9820588811367355]",[],"{""allocation_levels"": 7, ""beta_levels"": 5, ""phase_levels"": 8}",1677.360886,eb978e84730de4cf1e0579ad9e17edb700c67ba6eceac89d1fe3698763a419f7,fc61d5cda7da39530055bae9bd0e92865f995cd9,4e84455d08cacd9f85c432f7838c3be2cb0f000b55edc3487c6dee9520cc0b63
ao_grid,10000,77,test,3.9820572154574503,3.9820572154574503,1.0,True,0.0,2,4159,0,ao_grid_coordinate_codebook,analytical_ris_equal_allocation,"[1.8379996301738162, 3.9820563069486856, 3.9820572154574503]",[],"{""allocation_levels"": 7, ""beta_levels"": 5, ""phase_levels"": 8}",1751.6145,eb978e84730de4cf1e0579ad9e17edb700c67ba6eceac89d1fe3698763a419f7,fc61d5cda7da39530055bae9bd0e92865f995cd9,4e84455d08cacd9f85c432f7838c3be2cb0f000b55edc3487c6dee9520cc0b63
ao_grid,10000,78,test,3.9820538894359636,3.9820538894359636,1.0,True,0.0,2,4159,0,ao_grid_coordinate_codebook,analytical_ris_equal_allocation,"[1.8379686843955463, 3.982050202079395, 3.9820538894359636]",[],"{""allocation_levels"": 7, ""beta_levels"": 5, ""phase_levels"": 8}",1717.24063,eb978e84730de4cf1e0579ad9e17edb700c67ba6eceac89d1fe3698763a419f7,fc61d5cda7da39530055bae9bd0e92865f995cd9,4e84455d08cacd9f85c432f7838c3be2cb0f000b55edc3487c6dee9520cc0b63
ao_grid,10000,79,test,3.9820605670924283,3.9820605670924283,1.0,True,0.0,2,4159,0,ao_grid_coordinate_codebook,analytical_ris_equal_allocation,"[1.8379984504216897, 3.9820593485263487, 3.9820605670924283]",[],"{""allocation_levels"": 7, ""beta_levels"": 5, ""phase_levels"": 8}",1698.96287,eb978e84730de4cf1e0579ad9e17edb700c67ba6eceac89d1fe3698763a419f7,fc61d5cda7da39530055bae9bd0e92865f995cd9,4e84455d08cacd9f85c432f7838c3be2cb0f000b55edc3487c6dee9520cc0b63
ao_grid,10000,80,test,3.9820606792539315,3.9820606792539315,1.0,True,0.0,2,4159,0,ao_grid_coordinate_codebook,analytical_ris_equal_allocation,"[1.8379997036292446, 3.9820595123354017, 3.9820606792539315]",[],"{""allocation_levels"": 7, ""beta_levels"": 5, ""phase_levels"": 8}",1689.411072,eb978e84730de4cf1e0579ad9e17edb700c67ba6eceac89d1fe3698763a419f7,fc61d5cda7da39530055bae9bd0e92865f995cd9,4e84455d08cacd9f85c432f7838c3be2cb0f000b55edc3487c6dee9520cc0b63
ao_grid,10000,81,test,3.982058651890533,3.982058651890533,1.0,True,0.0,2,4159,0,ao_grid_coordinate_codebook,analytical_ris_equal_allocation,"[1.8379834808437734, 3.9820565922400037, 3.982058651890533]",[],"{""allocation_levels"": 7, ""beta_levels"": 5, ""phase_levels"": 8}",1679.620274,eb978e84730de4cf1e0579ad9e17edb700c67ba6eceac89d1fe3698763a419f7,fc61d5cda7da39530055bae9bd0e92865f995cd9,4e84455d08cacd9f85c432f7838c3be2cb0f000b55edc3487c6dee9520cc0b63
ao_grid,10000,82,test,3.9820605455467355,3.9820605455467355,1.0,True,0.0,2,4159,0,ao_grid_coordinate_codebook,analytical_ris_equal_allocation,"[1.8379984325479297, 3.9820586273439478, 3.9820605455467355]",[],"{""allocation_levels"": 7, ""beta_levels"": 5, ""phase_levels"": 8}",1715.592967,eb978e84730de4cf1e0579ad9e17edb700c67ba6eceac89d1fe3698763a419f7,fc61d5cda7da39530055bae9bd0e92865f995cd9,4e84455d08cacd9f85c432f7838c3be2cb0f000b55edc3487c6dee9520cc0b63
ao_grid,10000,83,test,3.982059634457137,3.982059634457137,1.0,True,0.0,2,4159,0,ao_grid_coordinate_codebook,analytical_ris_equal_allocation,"[1.8379959966646577, 3.982058473129701, 3.982059634457137]",[],"{""allocation_levels"": 7, ""beta_levels"": 5, ""phase_levels"": 8}",1735.190464,eb978e84730de4cf1e0579ad9e17edb700c67ba6eceac89d1fe3698763a419f7,fc61d5cda7da39530055bae9bd0e92865f995cd9,4e84455d08cacd9f85c432f7838c3be2cb0f000b55edc3487c6dee9520cc0b63
ao_grid,10000,84,test,3.982057201646856,3.982057201646856,1.0,True,0.0,2,4159,0,ao_grid_coordinate_codebook,analytical_ris_equal_allocation,"[1.8379899060384495, 3.9820554151724767, 3.982057201646856]",[],"{""allocation_levels"": 7, ""beta_levels"": 5, ""phase_levels"": 8}",1768.612289,eb978e84730de4cf1e0579ad9e17edb700c67ba6eceac89d1fe3698763a419f7,fc61d5cda7da39530055bae9bd0e92865f995cd9,4e84455d08cacd9f85c432f7838c3be2cb0f000b55edc3487c6dee9520cc0b63
ao_grid,10000,85,test,3.9820601486543024,3.9820601486543024,1.0,True,0.0,2,4159,0,ao_grid_coordinate_codebook,analytical_ris_equal_allocation,"[1.838006755806507, 3.982058446795191, 3.9820601486543024]",[],"{""allocation_levels"": 7, ""beta_levels"": 5, ""phase_levels"": 8}",1700.800391,eb978e84730de4cf1e0579ad9e17edb700c67ba6eceac89d1fe3698763a419f7,fc61d5cda7da39530055bae9bd0e92865f995cd9,4e84455d08cacd9f85c432f7838c3be2cb0f000b55edc3487c6dee9520cc0b63
ao_grid,10000,86,test,3.982060246027617,3.982060246027617,1.0,True,0.0,2,4159,0,ao_grid_coordinate_codebook,analytical_ris_equal_allocation,"[1.838007148729446, 3.9820588896357227, 3.982060246027617]",[],"{""allocation_levels"": 7, ""beta_levels"": 5, ""phase_levels"": 8}",1694.843589,eb978e84730de4cf1e0579ad9e17edb700c67ba6eceac89d1fe3698763a419f7,fc61d5cda7da39530055bae9bd0e92865f995cd9,4e84455d08cacd9f85c432f7838c3be2cb0f000b55edc3487c6dee9520cc0b63
ao_grid,10000,87,test,3.9820601778801143,3.9820601778801143,1.0,True,0.0,2,4159,0,ao_grid_coordinate_codebook,analytical_ris_equal_allocation,"[1.8379987971340945, 3.9820591257340716, 3.9820601778801143]",[],"{""allocation_levels"": 7, ""beta_levels"": 5, ""phase_levels"": 8}",1732.263459,eb978e84730de4cf1e0579ad9e17edb700c67ba6eceac89d1fe3698763a419f7,fc61d5cda7da39530055bae9bd0e92865f995cd9,4e84455d08cacd9f85c432f7838c3be2cb0f000b55edc3487c6dee9520cc0b63
ao_grid,10000,88,test,3.98205372169853,3.98205372169853,1.0,True,0.0,2,4159,0,ao_grid_coordinate_codebook,analytical_ris_equal_allocation,"[1.8379813721719995, 3.9820513444814956, 3.98205372169853]",[],"{""allocation_levels"": 7, ""beta_levels"": 5, ""phase_levels"": 8}",1748.035047,eb978e84730de4cf1e0579ad9e17edb700c67ba6eceac89d1fe3698763a419f7,fc61d5cda7da39530055bae9bd0e92865f995cd9,4e84455d08cacd9f85c432f7838c3be2cb0f000b55edc3487c6dee9520cc0b63
ao_grid,10000,89,test,3.9820578225389616,3.9820578225389616,1.0,True,0.0,2,4159,0,ao_grid_coordinate_codebook,analytical_ris_equal_allocation,"[1.8379914694743937, 3.9820565885896215, 3.9820578225389616]",[],"{""allocation_levels"": 7, ""beta_levels"": 5, ""phase_levels"": 8}",1736.156959,eb978e84730de4cf1e0579ad9e17edb700c67ba6eceac89d1fe3698763a419f7,fc61d5cda7da39530055bae9bd0e92865f995cd9,4e84455d08cacd9f85c432f7838c3be2cb0f000b55edc3487c6dee9520cc0b63
ao_grid,10000,90,test,3.9820562338900425,3.9820562338900425,1.0,True,0.0,2,4159,0,ao_grid_coordinate_codebook,analytical_ris_equal_allocation,"[1.8379781118909877, 3.98205363788953, 3.9820562338900425]",[],"{""allocation_levels"": 7, ""beta_levels"": 5, ""phase_levels"": 8}",1716.936109,eb978e84730de4cf1e0579ad9e17edb700c67ba6eceac89d1fe3698763a419f7,fc61d5cda7da39530055bae9bd0e92865f995cd9,4e84455d08cacd9f85c432f7838c3be2cb0f000b55edc3487c6dee9520cc0b63
ao_grid,10000,91,test,3.9820527784103423,3.9820527784103423,1.0,True,0.0,2,4159,0,ao_grid_coordinate_codebook,analytical_ris_equal_allocation,"[1.8379678051961805, 3.9820508536322583, 3.9820527784103423]",[],"{""allocation_levels"": 7, ""beta_levels"": 5, ""phase_levels"": 8}",1710.822327,eb978e84730de4cf1e0579ad9e17edb700c67ba6eceac89d1fe3698763a419f7,fc61d5cda7da39530055bae9bd0e92865f995cd9,4e84455d08cacd9f85c432f7838c3be2cb0f000b55edc3487c6dee9520cc0b63
ao_grid,10000,92,test,3.982058289340775,3.982058289340775,1.0,True,0.0,2,4159,0,ao_grid_coordinate_codebook,analytical_ris_equal_allocation,"[1.8379381294772306, 3.9820559109659057, 3.982058289340775]",[],"{""allocation_levels"": 7, ""beta_levels"": 5, ""phase_levels"": 8}",1720.469987,eb978e84730de4cf1e0579ad9e17edb700c67ba6eceac89d1fe3698763a419f7,fc61d5cda7da39530055bae9bd0e92865f995cd9,4e84455d08cacd9f85c432f7838c3be2cb0f000b55edc3487c6dee9520cc0b63
ao_grid,10000,93,test,3.982060846737235,3.982060846737235,1.0,True,0.0,2,4159,0,ao_grid_coordinate_codebook,analytical_ris_equal_allocation,"[1.8379986796619734, 3.9820595998948267, 3.982060846737235]",[],"{""allocation_levels"": 7, ""beta_levels"": 5, ""phase_levels"": 8}",1700.142441,eb978e84730de4cf1e0579ad9e17edb700c67ba6eceac89d1fe3698763a419f7,fc61d5cda7da39530055bae9bd0e92865f995cd9,4e84455d08cacd9f85c432f7838c3be2cb0f000b55edc3487c6dee9520cc0b63
ao_grid,10000,94,test,3.98205980626695,3.98205980626695,1.0,True,0.0,2,4159,0,ao_grid_coordinate_codebook,analytical_ris_equal_allocation,"[1.8379896713204766, 3.9820575116293058, 3.98205980626695]",[],"{""allocation_levels"": 7, ""beta_levels"": 5, ""phase_levels"": 8}",1776.217537,eb978e84730de4cf1e0579ad9e17edb700c67ba6eceac89d1fe3698763a419f7,fc61d5cda7da39530055bae9bd0e92865f995cd9,4e84455d08cacd9f85c432f7838c3be2cb0f000b55edc3487c6dee9520cc0b63
ao_grid,10000,95,test,3.982062043663447,3.982062043663447,1.0,True,0.0,2,4159,0,ao_grid_coordinate_codebook,analytical_ris_equal_allocation,"[1.8380000036941282, 3.982060656240556, 3.982062043663447]",[],"{""allocation_levels"": 7, ""beta_levels"": 5, ""phase_levels"": 8}",1723.996049,eb978e84730de4cf1e0579ad9e17edb700c67ba6eceac89d1fe3698763a419f7,fc61d5cda7da39530055bae9bd0e92865f995cd9,4e84455d08cacd9f85c432f7838c3be2cb0f000b55edc3487c6dee9520cc0b63
ao_grid,10000,96,test,3.9820610021882334,3.9820610021882334,1.0,True,0.0,2,4159,0,ao_grid_coordinate_codebook,analytical_ris_equal_allocation,"[1.8380076918502861, 3.982059772142148, 3.9820610021882334]",[],"{""allocation_levels"": 7, ""beta_levels"": 5, ""phase_levels"": 8}",1710.317124,eb978e84730de4cf1e0579ad9e17edb700c67ba6eceac89d1fe3698763a419f7,fc61d5cda7da39530055bae9bd0e92865f995cd9,4e84455d08cacd9f85c432f7838c3be2cb0f000b55edc3487c6dee9520cc0b63
ao_grid,10000,97,test,3.982060653131625,3.982060653131625,1.0,True,0.0,2,4159,0,ao_grid_coordinate_codebook,analytical_ris_equal_allocation,"[1.837991930296465, 3.9820578281267203, 3.982060653131625]",[],"{""allocation_levels"": 7, ""beta_levels"": 5, ""phase_levels"": 8}",1676.814037,eb978e84730de4cf1e0579ad9e17edb700c67ba6eceac89d1fe3698763a419f7,fc61d5cda7da39530055bae9bd0e92865f995cd9,4e84455d08cacd9f85c432f7838c3be2cb0f000b55edc3487c6dee9520cc0b63
ao_grid,10000,98,test,3.9820617743137774,3.9820617743137774,1.0,True,0.0,2,4159,0,ao_grid_coordinate_codebook,analytical_ris_equal_allocation,"[1.8380089721764317, 3.9820610292068133, 3.9820617743137774]",[],"{""allocation_levels"": 7, ""beta_levels"": 5, ""phase_levels"": 8}",1687.776136,eb978e84730de4cf1e0579ad9e17edb700c67ba6eceac89d1fe3698763a419f7,fc61d5cda7da39530055bae9bd0e92865f995cd9,4e84455d08cacd9f85c432f7838c3be2cb0f000b55edc3487c6dee9520cc0b63
ao_grid,10000,99,test,3.982059084894029,3.982059084894029,1.0,True,0.0,2,4159,0,ao_grid_coordinate_codebook,analytical_ris_equal_allocation,"[1.8379982647979425, 3.982057726291035, 3.982059084894029]",[],"{""allocation_levels"": 7, ""beta_levels"": 5, ""phase_levels"": 8}",1839.347717,eb978e84730de4cf1e0579ad9e17edb700c67ba6eceac89d1fe3698763a419f7,fc61d5cda7da39530055bae9bd0e92865f995cd9,4e84455d08cacd9f85c432f7838c3be2cb0f000b55edc3487c6dee9520cc0b63
ao_grid,10000,100,test,3.982057884341967,3.982057884341967,1.0,True,0.0,2,4159,0,ao_grid_coordinate_codebook,analytical_ris_equal_allocation,"[1.8379888870661154, 3.9820559817861523, 3.982057884341967]",[],"{""allocation_levels"": 7, ""beta_levels"": 5, ""phase_levels"": 8}",1737.188488,eb978e84730de4cf1e0579ad9e17edb700c67ba6eceac89d1fe3698763a419f7,fc61d5cda7da39530055bae9bd0e92865f995cd9,4e84455d08cacd9f85c432f7838c3be2cb0f000b55edc3487c6dee9520cc0b63
ao_grid,10000,101,test,3.9820583209857396,3.9820583209857396,1.0,True,0.0,2,4159,0,ao_grid_coordinate_codebook,analytical_ris_equal_allocation,"[1.8379968334338994, 3.9820572132026646, 3.9820583209857396]",[],"{""allocation_levels"": 7, ""beta_levels"": 5, ""phase_levels"": 8}",1694.663292,eb978e84730de4cf1e0579ad9e17edb700c67ba6eceac89d1fe3698763a419f7,fc61d5cda7da39530055bae9bd0e92865f995cd9,4e84455d08cacd9f85c432f7838c3be2cb0f000b55edc3487c6dee9520cc0b63
ao_grid,10000,102,test,3.9820497118497276,3.9820497118497276,1.0,True,0.0,2,4159,0,ao_grid_coordinate_codebook,analytical_ris_equal_allocation,"[1.8379288976770427, 3.9820466510826225, 3.9820497118497276]",[],"{""allocation_levels"": 7, ""beta_levels"": 5, ""phase_levels"": 8}",1687.777681,eb978e84730de4cf1e0579ad9e17edb700c67ba6eceac89d1fe3698763a419f7,fc61d5cda7da39530055bae9bd0e92865f995cd9,4e84455d08cacd9f85c432f7838c3be2cb0f000b55edc3487c6dee9520cc0b63
ao_grid,10000,103,test,3.982059031295171,3.982059031295171,1.0,True,0.0,2,4159,0,ao_grid_coordinate_codebook,analytical_ris_equal_allocation,"[1.8379977434350503, 3.982057401057663, 3.982059031295171]",[],"{""allocation_levels"": 7, ""beta_levels"": 5, ""phase_levels"": 8}",1688.500711,eb978e84730de4cf1e0579ad9e17edb700c67ba6eceac89d1fe3698763a419f7,fc61d5cda7da39530055bae9bd0e92865f995cd9,4e84455d08cacd9f85c432f7838c3be2cb0f000b55edc3487c6dee9520cc0b63
ao_grid,10000,104,test,3.982058578302902,3.982058578302902,1.0,True,0.0,2,4159,0,ao_grid_coordinate_codebook,analytical_ris_equal_allocation,"[1.8380025852403745, 3.982057623757815, 3.982058578302902]",[],"{""allocation_levels"": 7, ""beta_levels"": 5, ""phase_levels"": 8}",1692.264165,eb978e84730de4cf1e0579ad9e17edb700c67ba6eceac89d1fe3698763a419f7,fc61d5cda7da39530055bae9bd0e92865f995cd9,4e84455d08cacd9f85c432f7838c3be2cb0f000b55edc3487c6dee9520cc0b63
ao_grid,10000,105,test,3.9820601788992485,3.9820601788992485,1.0,True,0.0,2,4159,0,ao_grid_coordinate_codebook,analytical_ris_equal_allocation,"[1.8379940557972239, 3.9820584125991383, 3.9820601788992485]",[],"{""allocation_levels"": 7, ""beta_levels"": 5, ""phase_levels"": 8}",1746.342369,eb978e84730de4cf1e0579ad9e17edb700c67ba6eceac89d1fe3698763a419f7,fc61d5cda7da39530055bae9bd0e92865f995cd9,4e84455d08cacd9f85c432f7838c3be2cb0f000b55edc3487c6dee9520cc0b63
ao_grid,10000,106,test,3.9820561701275032,3.9820561701275032,1.0,True,0.0,2,4159,0,ao_grid_coordinate_codebook,analytical_ris_equal_allocation,"[1.8379845359412292, 3.9820537559123252, 3.9820561701275032]",[],"{""allocation_levels"": 7, ""beta_levels"": 5, ""phase_levels"": 8}",1725.009472,eb978e84730de4cf1e0579ad9e17edb700c67ba6eceac89d1fe3698763a419f7,fc61d5cda7da39530055bae9bd0e92865f995cd9,4e84455d08cacd9f85c432f7838c3be2cb0f000b55edc3487c6dee9520cc0b63
ao_grid,10000,107,test,3.982057895059649,3.982057895059649,1.0,True,0.0,2,4159,0,ao_grid_coordinate_codebook,analytical_ris_equal_allocation,"[1.8379945120618189, 3.9820560818709483, 3.982057895059649]",[],"{""allocation_levels"": 7, ""beta_levels"": 5, ""phase_levels"": 8}",1684.119004,eb978e84730de4cf1e0579ad9e17edb700c67ba6eceac89d1fe3698763a419f7,fc61d5cda7da39530055bae9bd0e92865f995cd9,4e84455d08cacd9f85c432f7838c3be2cb0f000b55edc3487c6dee9520cc0b63
ao_grid,10000,108,test,3.9820603092841966,3.9820603092841966,1.0,True,0.0,2,4159,0,ao_grid_coordinate_codebook,analytical_ris_equal_allocation,"[1.837995202185767, 3.9820588519752875, 3.9820603092841966]",[],"{""allocation_levels"": 7, ""beta_levels"": 5, ""phase_levels"": 8}",1715.592483,eb978e84730de4cf1e0579ad9e17edb700c67ba6eceac89d1fe3698763a419f7,fc61d5cda7da39530055bae9bd0e92865f995cd9,4e84455d08cacd9f85c432f7838c3be2cb0f000b55edc3487c6dee9520cc0b63
ao_grid,10000,109,test,3.982059398710895,3.982059398710895,1.0,True,0.0,2,4159,0,ao_grid_coordinate_codebook,analytical_ris_equal_allocation,"[1.8379989139013428, 3.982058166666058, 3.982059398710895]",[],"{""allocation_levels"": 7, ""beta_levels"": 5, ""phase_levels"": 8}",1682.38717,eb978e84730de4cf1e0579ad9e17edb700c67ba6eceac89d1fe3698763a419f7,fc61d5cda7da39530055bae9bd0e92865f995cd9,4e84455d08cacd9f85c432f7838c3be2cb0f000b55edc3487c6dee9520cc0b63
ao_grid,10000,110,test,3.9820576487000325,3.9820576487000325,1.0,True,0.0,2,4159,0,ao_grid_coordinate_codebook,analytical_ris_equal_allocation,"[1.837995640850901, 3.982056686292538, 3.9820576487000325]",[],"{""allocation_levels"": 7, ""beta_levels"": 5, ""phase_levels"": 8}",1679.641723,eb978e84730de4cf1e0579ad9e17edb700c67ba6eceac89d1fe3698763a419f7,fc61d5cda7da39530055bae9bd0e92865f995cd9,4e84455d08cacd9f85c432f7838c3be2cb0f000b55edc3487c6dee9520cc0b63
ao_grid,10000,111,test,3.9820641977077695,3.9820641977077695,1.0,True,0.0,2,4159,0,ao_grid_coordinate_codebook,analytical_ris_equal_allocation,"[1.8380087021748954, 3.9820622217002795, 3.9820641977077695]",[],"{""allocation_levels"": 7, ""beta_levels"": 5, ""phase_levels"": 8}",1750.952195,eb978e84730de4cf1e0579ad9e17edb700c67ba6eceac89d1fe3698763a419f7,fc61d5cda7da39530055bae9bd0e92865f995cd9,4e84455d08cacd9f85c432f7838c3be2cb0f000b55edc3487c6dee9520cc0b63
ao_grid,10000,112,test,3.9820610857650336,3.9820610857650336,1.0,True,0.0,2,4159,0,ao_grid_coordinate_codebook,analytical_ris_equal_allocation,"[1.8380054186317607, 3.9820602228801176, 3.9820610857650336]",[],"{""allocation_levels"": 7, ""beta_levels"": 5, ""phase_levels"": 8}",1735.451306,eb978e84730de4cf1e0579ad9e17edb700c67ba6eceac89d1fe3698763a419f7,fc61d5cda7da39530055bae9bd0e92865f995cd9,4e84455d08cacd9f85c432f7838c3be2cb0f000b55edc3487c6dee9520cc0b63
ao_grid,10000,113,test,3.982057541447111,3.982057541447111,1.0,True,0.0,2,4159,0,ao_grid_coordinate_codebook,analytical_ris_equal_allocation,"[1.8379222031830642, 3.9820551661508814, 3.982057541447111]",[],"{""allocation_levels"": 7, ""beta_levels"": 5, ""phase_levels"": 8}",1687.930221,eb978e84730de4cf1e0579ad9e17edb700c67ba6eceac89d1fe3698763a419f7,fc61d5cda7da39530055bae9bd0e92865f995cd9,4e84455d08cacd9f85c432f7838c3be2cb0f000b55edc3487c6dee9520cc0b63
ao_grid,10000,114,test,3.982059076395717,3.982059076395717,1.0,True,0.0,2,4159,0,ao_grid_coordinate_codebook,analytical_ris_equal_allocation,"[1.8379853597272946, 3.982057469855674, 3.982059076395717]",[],"{""allocation_levels"": 7, ""beta_levels"": 5, ""phase_levels"": 8}",1694.010027,eb978e84730de4cf1e0579ad9e17edb700c67ba6eceac89d1fe3698763a419f7,fc61d5cda7da39530055bae9bd0e92865f995cd9,4e84455d08cacd9f85c432f7838c3be2cb0f000b55edc3487c6dee9520cc0b63
ao_grid,10000,115,test,3.9820579549405233,3.9820579549405233,1.0,True,0.0,2,4159,0,ao_grid_coordinate_codebook,analytical_ris_equal_allocation,"[1.8379874235648732, 3.982056734815669, 3.9820579549405233]",[],"{""allocation_levels"": 7, ""beta_levels"": 5, ""phase_levels"": 8}",1704.104981,eb978e84730de4cf1e0579ad9e17edb700c67ba6eceac89d1fe3698763a419f7,fc61d5cda7da39530055bae9bd0e92865f995cd9,4e84455d08cacd9f85c432f7838c3be2cb0f000b55edc3487c6dee9520cc0b63
ao_grid,10000,116,test,3.98206678985306,3.98206678985306,1.0,True,0.0,2,4159,0,ao_grid_coordinate_codebook,analytical_ris_equal_allocation,"[1.8380232577229576, 3.98206648622602, 3.98206678985306]",[],"{""allocation_levels"": 7, ""beta_levels"": 5, ""phase_levels"": 8}",1705.097824,eb978e84730de4cf1e0579ad9e17edb700c67ba6eceac89d1fe3698763a419f7,fc61d5cda7da39530055bae9bd0e92865f995cd9,4e84455d08cacd9f85c432f7838c3be2cb0f000b55edc3487c6dee9520cc0b63
ao_grid,10000,117,test,3.9820607055774957,3.9820607055774957,1.0,True,0.0,2,4159,0,ao_grid_coordinate_codebook,analytical_ris_equal_allocation,"[1.8380019954524611, 3.9820592986510284, 3.9820607055774957]",[],"{""allocation_levels"": 7, ""beta_levels"": 5, ""phase_levels"": 8}",1765.153809,eb978e84730de4cf1e0579ad9e17edb700c67ba6eceac89d1fe3698763a419f7,fc61d5cda7da39530055bae9bd0e92865f995cd9,4e84455d08cacd9f85c432f7838c3be2cb0f000b55edc3487c6dee9520cc0b63
ao_grid,10000,118,test,3.9820606188902516,3.9820606188902516,1.0,True,0.0,2,4159,0,ao_grid_coordinate_codebook,analytical_ris_equal_allocation,"[1.837998058909027, 3.982059104102807, 3.9820606188902516]",[],"{""allocation_levels"": 7, ""beta_levels"": 5, ""phase_levels"": 8}",1645.990757,eb978e84730de4cf1e0579ad9e17edb700c67ba6eceac89d1fe3698763a419f7,fc61d5cda7da39530055bae9bd0e92865f995cd9,4e84455d08cacd9f85c432f7838c3be2cb0f000b55edc3487c6dee9520cc0b63
ao_grid,10000,119,test,3.982057704296408,3.982057704296408,1.0,True,0.0,2,4159,0,ao_grid_coordinate_codebook,analytical_ris_equal_allocation,"[1.8379838028220845, 3.982055658757922, 3.982057704296408]",[],"{""allocation_levels"": 7, ""beta_levels"": 5, ""phase_levels"": 8}",1684.087982,eb978e84730de4cf1e0579ad9e17edb700c67ba6eceac89d1fe3698763a419f7,fc61d5cda7da39530055bae9bd0e92865f995cd9,4e84455d08cacd9f85c432f7838c3be2cb0f000b55edc3487c6dee9520cc0b63
ao_grid,10000,120,test,3.9820578695413107,3.9820578695413107,1.0,True,0.0,2,4159,0,ao_grid_coordinate_codebook,analytical_ris_equal_allocation,"[1.8379912135034688, 3.982056793581676, 3.9820578695413107]",[],"{""allocation_levels"": 7, ""beta_levels"": 5, ""phase_levels"": 8}",1680.768964,eb978e84730de4cf1e0579ad9e17edb700c67ba6eceac89d1fe3698763a419f7,fc61d5cda7da39530055bae9bd0e92865f995cd9,4e84455d08cacd9f85c432f7838c3be2cb0f000b55edc3487c6dee9520cc0b63
ao_grid,10000,121,test,3.9820611205042367,3.9820611205042367,1.0,True,0.0,2,4159,0,ao_grid_coordinate_codebook,analytical_ris_equal_allocation,"[1.837994985752971, 3.982059940268114, 3.9820611205042367]",[],"{""allocation_levels"": 7, ""beta_levels"": 5, ""phase_levels"": 8}",1698.993799,eb978e84730de4cf1e0579ad9e17edb700c67ba6eceac89d1fe3698763a419f7,fc61d5cda7da39530055bae9bd0e92865f995cd9,4e84455d08cacd9f85c432f7838c3be2cb0f000b55edc3487c6dee9520cc0b63
ao_grid,10000,122,test,3.9820545999351973,3.9820545999351973,1.0,True,0.0,2,4159,0,ao_grid_coordinate_codebook,analytical_ris_equal_allocation,"[1.8379554136696892, 3.982049998042929, 3.9820545999351973]",[],"{""allocation_levels"": 7, ""beta_levels"": 5, ""phase_levels"": 8}",1695.50491,eb978e84730de4cf1e0579ad9e17edb700c67ba6eceac89d1fe3698763a419f7,fc61d5cda7da39530055bae9bd0e92865f995cd9,4e84455d08cacd9f85c432f7838c3be2cb0f000b55edc3487c6dee9520cc0b63
ao_grid,10000,123,test,3.98205901135945,3.98205901135945,1.0,True,0.0,2,4159,0,ao_grid_coordinate_codebook,analytical_ris_equal_allocation,"[1.8379957698248754, 3.9820576011954536, 3.98205901135945]",[],"{""allocation_levels"": 7, ""beta_levels"": 5, ""phase_levels"": 8}",1746.494154,eb978e84730de4cf1e0579ad9e17edb700c67ba6eceac89d1fe3698763a419f7,fc61d5cda7da39530055bae9bd0e92865f995cd9,4e84455d08cacd9f85c432f7838c3be2cb0f000b55edc3487c6dee9520cc0b63
ao_grid,10000,124,test,3.9820597869242675,3.9820597869242675,1.0,True,0.0,2,4159,0,ao_grid_coordinate_codebook,analytical_ris_equal_allocation,"[1.8379964853315736, 3.982058578589456, 3.9820597869242675]",[],"{""allocation_levels"": 7, ""beta_levels"": 5, ""phase_levels"": 8}",1743.688311,eb978e84730de4cf1e0579ad9e17edb700c67ba6eceac89d1fe3698763a419f7,fc61d5cda7da39530055bae9bd0e92865f995cd9,4e84455d08cacd9f85c432f7838c3be2cb0f000b55edc3487c6dee9520cc0b63
ao_grid,10000,125,test,3.9820571623306287,3.9820571623306287,1.0,True,0.0,2,4159,0,ao_grid_coordinate_codebook,analytical_ris_equal_allocation,"[1.837986990543479, 3.982055059030788, 3.9820571623306287]",[],"{""allocation_levels"": 7, ""beta_levels"": 5, ""phase_levels"": 8}",1705.866088,eb978e84730de4cf1e0579ad9e17edb700c67ba6eceac89d1fe3698763a419f7,fc61d5cda7da39530055bae9bd0e92865f995cd9,4e84455d08cacd9f85c432f7838c3be2cb0f000b55edc3487c6dee9520cc0b63
ao_grid,10000,126,test,3.9820606117474266,3.9820606117474266,1.0,True,0.0,2,4159,0,ao_grid_coordinate_codebook,analytical_ris_equal_allocation,"[1.8380013245266371, 3.982058880971559, 3.9820606117474266]",[],"{""allocation_levels"": 7, ""beta_levels"": 5, ""phase_levels"": 8}",1681.207588,eb978e84730de4cf1e0579ad9e17edb700c67ba6eceac89d1fe3698763a419f7,fc61d5cda7da39530055bae9bd0e92865f995cd9,4e84455d08cacd9f85c432f7838c3be2cb0f000b55edc3487c6dee9520cc0b63
ao_grid,10000,127,test,3.9820609752856804,3.9820609752856804,1.0,True,0.0,2,4159,0,ao_grid_coordinate_codebook,analytical_ris_equal_allocation,"[1.838001866597912, 3.98205883211212, 3.9820609752856804]",[],"{""allocation_levels"": 7, ""beta_levels"": 5, ""phase_levels"": 8}",1656.199884,eb978e84730de4cf1e0579ad9e17edb700c67ba6eceac89d1fe3698763a419f7,fc61d5cda7da39530055bae9bd0e92865f995cd9,4e84455d08cacd9f85c432f7838c3be2cb0f000b55edc3487c6dee9520cc0b63
ao_grid,10000,128,test,3.9820615822369074,3.9820615822369074,1.0,True,0.0,2,4159,0,ao_grid_coordinate_codebook,analytical_ris_equal_allocation,"[1.8380075077582398, 3.982060649203942, 3.9820615822369074]",[],"{""allocation_levels"": 7, ""beta_levels"": 5, ""phase_levels"": 8}",1719.297483,eb978e84730de4cf1e0579ad9e17edb700c67ba6eceac89d1fe3698763a419f7,fc61d5cda7da39530055bae9bd0e92865f995cd9,4e84455d08cacd9f85c432f7838c3be2cb0f000b55edc3487c6dee9520cc0b63
ao_grid,10000,129,test,3.982061029661346,3.982061029661346,1.0,True,0.0,2,4159,0,ao_grid_coordinate_codebook,analytical_ris_equal_allocation,"[1.8380017364328398, 3.982059142346096, 3.982061029661346]",[],"{""allocation_levels"": 7, ""beta_levels"": 5, ""phase_levels"": 8}",1722.242538,eb978e84730de4cf1e0579ad9e17edb700c67ba6eceac89d1fe3698763a419f7,fc61d5cda7da39530055bae9bd0e92865f995cd9,4e84455d08cacd9f85c432f7838c3be2cb0f000b55edc3487c6dee9520cc0b63
ao_grid,10000,130,test,3.9820599375966337,3.9820599375966337,1.0,True,0.0,2,4159,0,ao_grid_coordinate_codebook,analytical_ris_equal_allocation,"[1.837985584587351, 3.9820575992570646, 3.9820599375966337]",[],"{""allocation_levels"": 7, ""beta_levels"": 5, ""phase_levels"": 8}",1691.565909,eb978e84730de4cf1e0579ad9e17edb700c67ba6eceac89d1fe3698763a419f7,fc61d5cda7da39530055bae9bd0e92865f995cd9,4e84455d08cacd9f85c432f7838c3be2cb0f000b55edc3487c6dee9520cc0b63
ao_grid,10000,131,test,3.98205471852872,3.98205471852872,1.0,True,0.0,2,4159,0,ao_grid_coordinate_codebook,analytical_ris_equal_allocation,"[1.8379655928669196, 3.9820518268525915, 3.98205471852872]",[],"{""allocation_levels"": 7, ""beta_levels"": 5, ""phase_levels"": 8}",1655.819443,eb978e84730de4cf1e0579ad9e17edb700c67ba6eceac89d1fe3698763a419f7,fc61d5cda7da39530055bae9bd0e92865f995cd9,4e84455d08cacd9f85c432f7838c3be2cb0f000b55edc3487c6dee9520cc0b63
ao_grid,10000,132,test,3.9820589054503763,3.9820589054503763,1.0,True,0.0,2,4159,0,ao_grid_coordinate_codebook,analytical_ris_equal_allocation,"[1.8380027869841766, 3.9820576959708722, 3.9820589054503763]",[],"{""allocation_levels"": 7, ""beta_levels"": 5, ""phase_levels"": 8}",1679.31201,eb978e84730de4cf1e0579ad9e17edb700c67ba6eceac89d1fe3698763a419f7,fc61d5cda7da39530055bae9bd0e92865f995cd9,4e84455d08cacd9f85c432f7838c3be2cb0f000b55edc3487c6dee9520cc0b63
ao_grid,10000,133,test,3.982057637161009,3.982057637161009,1.0,True,0.0,2,4159,0,ao_grid_coordinate_codebook,analytical_ris_equal_allocation,"[1.8379854310504014, 3.982056488788115, 3.982057637161009]",[],"{""allocation_levels"": 7, ""beta_levels"": 5, ""phase_levels"": 8}",1672.696339,eb978e84730de4cf1e0579ad9e17edb700c67ba6eceac89d1fe3698763a419f7,fc61d5cda7da39530055bae9bd0e92865f995cd9,4e84455d08cacd9f85c432f7838c3be2cb0f000b55edc3487c6dee9520cc0b63
ao_grid,10000,134,test,3.9820581811947706,3.9820581811947706,1.0,True,0.0,2,4159,0,ao_grid_coordinate_codebook,analytical_ris_equal_allocation,"[1.8379953779912235, 3.9820570165102334, 3.9820581811947706]",[],"{""allocation_levels"": 7, ""beta_levels"": 5, ""phase_levels"": 8}",1713.807422,eb978e84730de4cf1e0579ad9e17edb700c67ba6eceac89d1fe3698763a419f7,fc61d5cda7da39530055bae9bd0e92865f995cd9,4e84455d08cacd9f85c432f7838c3be2cb0f000b55edc3487c6dee9520cc0b63
ao_grid,10000,135,test,3.9820629598028034,3.9820629598028034,1.0,True,0.0,2,4159,0,ao_grid_coordinate_codebook,analytical_ris_equal_allocation,"[1.8380030286048923, 3.982061755151684, 3.9820629598028034]",[],"{""allocation_levels"": 7, ""beta_levels"": 5, ""phase_levels"": 8}",1663.165701,eb978e84730de4cf1e0579ad9e17edb700c67ba6eceac89d1fe3698763a419f7,fc61d5cda7da39530055bae9bd0e92865f995cd9,4e84455d08cacd9f85c432f7838c3be2cb0f000b55edc3487c6dee9520cc0b63
ao_grid,10000,136,test,3.9820568631072124,3.9820568631072124,1.0,True,0.0,2,4159,0,ao_grid_coordinate_codebook,analytical_ris_equal_allocation,"[1.8379870537745218, 3.982055539386627, 3.9820568631072124]",[],"{""allocation_levels"": 7, ""beta_levels"": 5, ""phase_levels"": 8}",1665.498223,eb978e84730de4cf1e0579ad9e17edb700c67ba6eceac89d1fe3698763a419f7,fc61d5cda7da39530055bae9bd0e92865f995cd9,4e84455d08cacd9f85c432f7838c3be2cb0f000b55edc3487c6dee9520cc0b63
ao_grid,10000,137,test,3.982055040117714,3.982055040117714,1.0,True,0.0,2,4159,0,ao_grid_coordinate_codebook,analytical_ris_equal_allocation,"[1.8379609985916245, 3.9820530778828616, 3.982055040117714]",[],"{""allocation_levels"": 7, ""beta_levels"": 5, ""phase_levels"": 8}",1651.668941,eb978e84730de4cf1e0579ad9e17edb700c67ba6eceac89d1fe3698763a419f7,fc61d5cda7da39530055bae9bd0e92865f995cd9,4e84455d08cacd9f85c432f7838c3be2cb0f000b55edc3487c6dee9520cc0b63
ao_grid,10000,138,test,3.9820576408922195,3.9820576408922195,1.0,True,0.0,2,4159,0,ao_grid_coordinate_codebook,analytical_ris_equal_allocation,"[1.8379835714014932, 3.982055486336052, 3.9820576408922195]",[],"{""allocation_levels"": 7, ""beta_levels"": 5, ""phase_levels"": 8}",1697.673818,eb978e84730de4cf1e0579ad9e17edb700c67ba6eceac89d1fe3698763a419f7,fc61d5cda7da39530055bae9bd0e92865f995cd9,4e84455d08cacd9f85c432f7838c3be2cb0f000b55edc3487c6dee9520cc0b63
ao_grid,10000,139,test,3.9820564243311507,3.9820564243311507,1.0,True,0.0,2,4159,0,ao_grid_coordinate_codebook,analytical_ris_equal_allocation,"[1.8379927577188138, 3.982054142188363, 3.9820564243311507]",[],"{""allocation_levels"": 7, ""beta_levels"": 5, ""phase_levels"": 8}",1692.237327,eb978e84730de4cf1e0579ad9e17edb700c67ba6eceac89d1fe3698763a419f7,fc61d5cda7da39530055bae9bd0e92865f995cd9,4e84455d08cacd9f85c432f7838c3be2cb0f000b55edc3487c6dee9520cc0b63
ao_grid,10000,140,test,3.9820582265342477,3.9820582265342477,1.0,True,0.0,2,4159,0,ao_grid_coordinate_codebook,analytical_ris_equal_allocation,"[1.8379548909177281, 3.9820565574079962, 3.9820582265342477]",[],"{""allocation_levels"": 7, ""beta_levels"": 5, ""phase_levels"": 8}",1741.957182,eb978e84730de4cf1e0579ad9e17edb700c67ba6eceac89d1fe3698763a419f7,fc61d5cda7da39530055bae9bd0e92865f995cd9,4e84455d08cacd9f85c432f7838c3be2cb0f000b55edc3487c6dee9520cc0b63
ao_grid,10000,141,test,3.982060401826196,3.982060401826196,1.0,True,0.0,2,4159,0,ao_grid_coordinate_codebook,analytical_ris_equal_allocation,"[1.8380069599057536, 3.982059496949274, 3.982060401826196]",[],"{""allocation_levels"": 7, ""beta_levels"": 5, ""phase_levels"": 8}",1685.867012,eb978e84730de4cf1e0579ad9e17edb700c67ba6eceac89d1fe3698763a419f7,fc61d5cda7da39530055bae9bd0e92865f995cd9,4e84455d08cacd9f85c432f7838c3be2cb0f000b55edc3487c6dee9520cc0b63
ao_grid,10000,142,test,3.9820611283164244,3.9820611283164244,1.0,True,0.0,2,4159,0,ao_grid_coordinate_codebook,analytical_ris_equal_allocation,"[1.8379972157338493, 3.9820587835383665, 3.9820611283164244]",[],"{""allocation_levels"": 7, ""beta_levels"": 5, ""phase_levels"": 8}",1671.07203,eb978e84730de4cf1e0579ad9e17edb700c67ba6eceac89d1fe3698763a419f7,fc61d5cda7da39530055bae9bd0e92865f995cd9,4e84455d08cacd9f85c432f7838c3be2cb0f000b55edc3487c6dee9520cc0b63
ao_grid,10000,143,test,3.982057930662514,3.982057930662514,1.0,True,0.0,2,4159,0,ao_grid_coordinate_codebook,analytical_ris_equal_allocation,"[1.8379846171745118, 3.982055574311263, 3.982057930662514]",[],"{""allocation_levels"": 7, ""beta_levels"": 5, ""phase_levels"": 8}",1730.895296,eb978e84730de4cf1e0579ad9e17edb700c67ba6eceac89d1fe3698763a419f7,fc61d5cda7da39530055bae9bd0e92865f995cd9,4e84455d08cacd9f85c432f7838c3be2cb0f000b55edc3487c6dee9520cc0b63
ao_grid,10000,144,test,3.982062725761387,3.982062725761387,1.0,True,0.0,2,4159,0,ao_grid_coordinate_codebook,analytical_ris_equal_allocation,"[1.8379935761630921, 3.9820608910630115, 3.982062725761387]",[],"{""allocation_levels"": 7, ""beta_levels"": 5, ""phase_levels"": 8}",1683.331267,eb978e84730de4cf1e0579ad9e17edb700c67ba6eceac89d1fe3698763a419f7,fc61d5cda7da39530055bae9bd0e92865f995cd9,4e84455d08cacd9f85c432f7838c3be2cb0f000b55edc3487c6dee9520cc0b63
ao_grid,10000,145,test,3.98205547381601,3.98205547381601,1.0,True,0.0,2,4159,0,ao_grid_coordinate_codebook,analytical_ris_equal_allocation,"[1.8379725684789219, 3.9820517185739788, 3.98205547381601]",[],"{""allocation_levels"": 7, ""beta_levels"": 5, ""phase_levels"": 8}",1683.155596,eb978e84730de4cf1e0579ad9e17edb700c67ba6eceac89d1fe3698763a419f7,fc61d5cda7da39530055bae9bd0e92865f995cd9,4e84455d08cacd9f85c432f7838c3be2cb0f000b55edc3487c6dee9520cc0b63
ao_grid,10000,146,test,3.982058395585769,3.982058395585769,1.0,True,0.0,2,4159,0,ao_grid_coordinate_codebook,analytical_ris_equal_allocation,"[1.8379803762539937, 3.9820559650845313, 3.982058395585769]",[],"{""allocation_levels"": 7, ""beta_levels"": 5, ""phase_levels"": 8}",1700.129477,eb978e84730de4cf1e0579ad9e17edb700c67ba6eceac89d1fe3698763a419f7,fc61d5cda7da39530055bae9bd0e92865f995cd9,4e84455d08cacd9f85c432f7838c3be2cb0f000b55edc3487c6dee9520cc0b63
ao_grid,10000,147,test,3.9820620489341665,3.9820620489341665,1.0,True,0.0,2,4159,0,ao_grid_coordinate_codebook,analytical_ris_equal_allocation,"[1.8380036767253192, 3.982060587030595, 3.9820620489341665]",[],"{""allocation_levels"": 7, ""beta_levels"": 5, ""phase_levels"": 8}",1686.535533,eb978e84730de4cf1e0579ad9e17edb700c67ba6eceac89d1fe3698763a419f7,fc61d5cda7da39530055bae9bd0e92865f995cd9,4e84455d08cacd9f85c432f7838c3be2cb0f000b55edc3487c6dee9520cc0b63
ao_grid,10000,148,test,3.9820631004768514,3.9820631004768514,1.0,True,0.0,2,4159,0,ao_grid_coordinate_codebook,analytical_ris_equal_allocation,"[1.8380076915636987, 3.982061904410659, 3.9820631004768514]",[],"{""allocation_levels"": 7, ""beta_levels"": 5, ""phase_levels"": 8}",1659.229068,eb978e84730de4cf1e0579ad9e17edb700c67ba6eceac89d1fe3698763a419f7,fc61d5cda7da39530055bae9bd0e92865f995cd9,4e84455d08cacd9f85c432f7838c3be2cb0f000b55edc3487c6dee9520cc0b63
ao_grid,10000,149,test,3.9820598097062163,3.9820598097062163,1.0,True,0.0,2,4159,0,ao_grid_coordinate_codebook,analytical_ris_equal_allocation,"[1.8380066269506528, 3.9820589314567822, 3.9820598097062163]",[],"{""allocation_levels"": 7, ""beta_levels"": 5, ""phase_levels"": 8}",1657.840383,eb978e84730de4cf1e0579ad9e17edb700c67ba6eceac89d1fe3698763a419f7,fc61d5cda7da39530055bae9bd0e92865f995cd9,4e84455d08cacd9f85c432f7838c3be2cb0f000b55edc3487c6dee9520cc0b63
ao_grid,10000,150,test,3.9820582633933106,3.9820582633933106,1.0,True,0.0,2,4159,0,ao_grid_coordinate_codebook,analytical_ris_equal_allocation,"[1.837974441242104, 3.9820562740763115, 3.9820582633933106]",[],"{""allocation_levels"": 7, ""beta_levels"": 5, ""phase_levels"": 8}",1681.894957,eb978e84730de4cf1e0579ad9e17edb700c67ba6eceac89d1fe3698763a419f7,fc61d5cda7da39530055bae9bd0e92865f995cd9,4e84455d08cacd9f85c432f7838c3be2cb0f000b55edc3487c6dee9520cc0b63
ao_grid,10000,151,test,3.982054952073748,3.982054952073748,1.0,True,0.0,2,4159,0,ao_grid_coordinate_codebook,analytical_ris_equal_allocation,"[1.8379782542308658, 3.9820532692977264, 3.982054952073748]",[],"{""allocation_levels"": 7, ""beta_levels"": 5, ""phase_levels"": 8}",1687.708279,eb978e84730de4cf1e0579ad9e17edb700c67ba6eceac89d1fe3698763a419f7,fc61d5cda7da39530055bae9bd0e92865f995cd9,4e84455d08cacd9f85c432f7838c3be2cb0f000b55edc3487c6dee9520cc0b63
ao_grid,10000,152,test,3.9820599181902065,3.9820599181902065,1.0,True,0.0,2,4159,0,ao_grid_coordinate_codebook,analytical_ris_equal_allocation,"[1.838002200458775, 3.9820585260690757, 3.9820599181902065]",[],"{""allocation_levels"": 7, ""beta_levels"": 5, ""phase_levels"": 8}",1739.10984,eb978e84730de4cf1e0579ad9e17edb700c67ba6eceac89d1fe3698763a419f7,fc61d5cda7da39530055bae9bd0e92865f995cd9,4e84455d08cacd9f85c432f7838c3be2cb0f000b55edc3487c6dee9520cc0b63
ao_grid,10000,153,test,3.982057471524211,3.982057471524211,1.0,True,0.0,2,4159,0,ao_grid_coordinate_codebook,analytical_ris_equal_allocation,"[1.837993029275646, 3.9820561045480574, 3.982057471524211]",[],"{""allocation_levels"": 7, ""beta_levels"": 5, ""phase_levels"": 8}",1682.728697,eb978e84730de4cf1e0579ad9e17edb700c67ba6eceac89d1fe3698763a419f7,fc61d5cda7da39530055bae9bd0e92865f995cd9,4e84455d08cacd9f85c432f7838c3be2cb0f000b55edc3487c6dee9520cc0b63
ao_grid,10000,154,test,3.9820563759130274,3.9820563759130274,1.0,True,0.0,2,4159,0,ao_grid_coordinate_codebook,analytical_ris_equal_allocation,"[1.837979253755851, 3.982054932484029, 3.9820563759130274]",[],"{""allocation_levels"": 7, ""beta_levels"": 5, ""phase_levels"": 8}",1666.338358,eb978e84730de4cf1e0579ad9e17edb700c67ba6eceac89d1fe3698763a419f7,fc61d5cda7da39530055bae9bd0e92865f995cd9,4e84455d08cacd9f85c432f7838c3be2cb0f000b55edc3487c6dee9520cc0b63
ao_grid,10000,155,test,3.982061113633386,3.982061113633386,1.0,True,0.0,2,4159,0,ao_grid_coordinate_codebook,analytical_ris_equal_allocation,"[1.8379779778997272, 3.982056958202286, 3.982061113633386]",[],"{""allocation_levels"": 7, ""beta_levels"": 5, ""phase_levels"": 8}",1653.09954,eb978e84730de4cf1e0579ad9e17edb700c67ba6eceac89d1fe3698763a419f7,fc61d5cda7da39530055bae9bd0e92865f995cd9,4e84455d08cacd9f85c432f7838c3be2cb0f000b55edc3487c6dee9520cc0b63
ao_grid,10000,156,test,3.982056691196036,3.982056691196036,1.0,True,0.0,2,4159,0,ao_grid_coordinate_codebook,analytical_ris_equal_allocation,"[1.8379850839146774, 3.9820546649424475, 3.982056691196036]",[],"{""allocation_levels"": 7, ""beta_levels"": 5, ""phase_levels"": 8}",1677.376077,eb978e84730de4cf1e0579ad9e17edb700c67ba6eceac89d1fe3698763a419f7,fc61d5cda7da39530055bae9bd0e92865f995cd9,4e84455d08cacd9f85c432f7838c3be2cb0f000b55edc3487c6dee9520cc0b63
ao_grid,10000,157,test,3.982062272642153,3.982062272642153,1.0,True,0.0,2,4159,0,ao_grid_coordinate_codebook,analytical_ris_equal_allocation,"[1.838005955403194, 3.9820608375236883, 3.982062272642153]",[],"{""allocation_levels"": 7, ""beta_levels"": 5, ""phase_levels"": 8}",1696.77641,eb978e84730de4cf1e0579ad9e17edb700c67ba6eceac89d1fe3698763a419f7,fc61d5cda7da39530055bae9bd0e92865f995cd9,4e84455d08cacd9f85c432f7838c3be2cb0f000b55edc3487c6dee9520cc0b63
ao_grid,10000,158,test,3.982056274373293,3.982056274373293,1.0,True,0.0,2,4159,0,ao_grid_coordinate_codebook,analytical_ris_equal_allocation,"[1.8379839719186792, 3.982055158988217, 3.982056274373293]",[],"{""allocation_levels"": 7, ""beta_levels"": 5, ""phase_levels"": 8}",1692.061758,eb978e84730de4cf1e0579ad9e17edb700c67ba6eceac89d1fe3698763a419f7,fc61d5cda7da39530055bae9bd0e92865f995cd9,4e84455d08cacd9f85c432f7838c3be2cb0f000b55edc3487c6dee9520cc0b63
ao_grid,10000,159,test,3.982051395029676,3.982051395029676,1.0,True,0.0,2,4159,0,ao_grid_coordinate_codebook,analytical_ris_equal_allocation,"[1.8379542352928666, 3.982049237229169, 3.982051395029676]",[],"{""allocation_levels"": 7, ""beta_levels"": 5, ""phase_levels"": 8}",1709.175466,eb978e84730de4cf1e0579ad9e17edb700c67ba6eceac89d1fe3698763a419f7,fc61d5cda7da39530055bae9bd0e92865f995cd9,4e84455d08cacd9f85c432f7838c3be2cb0f000b55edc3487c6dee9520cc0b63
ao_grid,10000,160,test,3.9820507882861507,3.9820507882861507,1.0,True,0.0,2,4159,0,ao_grid_coordinate_codebook,analytical_ris_equal_allocation,"[1.8379656981688062, 3.9820482744026022, 3.9820507882861507]",[],"{""allocation_levels"": 7, ""beta_levels"": 5, ""phase_levels"": 8}",1688.563002,eb978e84730de4cf1e0579ad9e17edb700c67ba6eceac89d1fe3698763a419f7,fc61d5cda7da39530055bae9bd0e92865f995cd9,4e84455d08cacd9f85c432f7838c3be2cb0f000b55edc3487c6dee9520cc0b63
ao_grid,10000,161,test,3.9820582896761954,3.9820582896761954,1.0,True,0.0,2,4159,0,ao_grid_coordinate_codebook,analytical_ris_equal_allocation,"[1.8379877681211587, 3.9820574812228187, 3.9820582896761954]",[],"{""allocation_levels"": 7, ""beta_levels"": 5, ""phase_levels"": 8}",1672.490287,eb978e84730de4cf1e0579ad9e17edb700c67ba6eceac89d1fe3698763a419f7,fc61d5cda7da39530055bae9bd0e92865f995cd9,4e84455d08cacd9f85c432f7838c3be2cb0f000b55edc3487c6dee9520cc0b63
ao_grid,10000,162,test,3.9820594913667438,3.9820594913667438,1.0,True,0.0,2,4159,0,ao_grid_coordinate_codebook,analytical_ris_equal_allocation,"[1.8379867903526865, 3.982057391331022, 3.9820594913667438]",[],"{""allocation_levels"": 7, ""beta_levels"": 5, ""phase_levels"": 8}",1711.539074,eb978e84730de4cf1e0579ad9e17edb700c67ba6eceac89d1fe3698763a419f7,fc61d5cda7da39530055bae9bd0e92865f995cd9,4e84455d08cacd9f85c432f7838c3be2cb0f000b55edc3487c6dee9520cc0b63
ao_grid,10000,163,test,3.982059212759144,3.982059212759144,1.0,True,0.0,2,4159,0,ao_grid_coordinate_codebook,analytical_ris_equal_allocation,"[1.8379870007043395, 3.982057741118642, 3.982059212759144]",[],"{""allocation_levels"": 7, ""beta_levels"": 5, ""phase_levels"": 8}",1786.367167,eb978e84730de4cf1e0579ad9e17edb700c67ba6eceac89d1fe3698763a419f7,fc61d5cda7da39530055bae9bd0e92865f995cd9,4e84455d08cacd9f85c432f7838c3be2cb0f000b55edc3487c6dee9520cc0b63
ao_grid,10000,164,test,3.9820551220437883,3.9820551220437883,1.0,True,0.0,2,4159,0,ao_grid_coordinate_codebook,analytical_ris_equal_allocation,"[1.8379853656722542, 3.9820528416897663, 3.9820551220437883]",[],"{""allocation_levels"": 7, ""beta_levels"": 5, ""phase_levels"": 8}",1707.549276,eb978e84730de4cf1e0579ad9e17edb700c67ba6eceac89d1fe3698763a419f7,fc61d5cda7da39530055bae9bd0e92865f995cd9,4e84455d08cacd9f85c432f7838c3be2cb0f000b55edc3487c6dee9520cc0b63
ao_grid,10000,165,test,3.982053686855377,3.982053686855377,1.0,True,0.0,2,4159,0,ao_grid_coordinate_codebook,analytical_ris_equal_allocation,"[1.837983431460238, 3.9820523998890915, 3.982053686855377]",[],"{""allocation_levels"": 7, ""beta_levels"": 5, ""phase_levels"": 8}",1684.428559,eb978e84730de4cf1e0579ad9e17edb700c67ba6eceac89d1fe3698763a419f7,fc61d5cda7da39530055bae9bd0e92865f995cd9,4e84455d08cacd9f85c432f7838c3be2cb0f000b55edc3487c6dee9520cc0b63
ao_grid,10000,166,test,3.9820590980788135,3.9820590980788135,1.0,True,0.0,2,4159,0,ao_grid_coordinate_codebook,analytical_ris_equal_allocation,"[1.837991518681394, 3.9820579755673218, 3.9820590980788135]",[],"{""allocation_levels"": 7, ""beta_levels"": 5, ""phase_levels"": 8}",1701.484742,eb978e84730de4cf1e0579ad9e17edb700c67ba6eceac89d1fe3698763a419f7,fc61d5cda7da39530055bae9bd0e92865f995cd9,4e84455d08cacd9f85c432f7838c3be2cb0f000b55edc3487c6dee9520cc0b63
ao_grid,10000,167,test,3.982059681177013,3.982059681177013,1.0,True,0.0,2,4159,0,ao_grid_coordinate_codebook,analytical_ris_equal_allocation,"[1.8379924614596075, 3.9820573667846677, 3.982059681177013]",[],"{""allocation_levels"": 7, ""beta_levels"": 5, ""phase_levels"": 8}",1711.030357,eb978e84730de4cf1e0579ad9e17edb700c67ba6eceac89d1fe3698763a419f7,fc61d5cda7da39530055bae9bd0e92865f995cd9,4e84455d08cacd9f85c432f7838c3be2cb0f000b55edc3487c6dee9520cc0b63
ao_grid,10000,168,test,3.982054691921437,3.982054691921437,1.0,True,0.0,2,4159,0,ao_grid_coordinate_codebook,analytical_ris_equal_allocation,"[1.837986767189661, 3.9820525889904648, 3.982054691921437]",[],"{""allocation_levels"": 7, ""beta_levels"": 5, ""phase_levels"": 8}",1721.202922,eb978e84730de4cf1e0579ad9e17edb700c67ba6eceac89d1fe3698763a419f7,fc61d5cda7da39530055bae9bd0e92865f995cd9,4e84455d08cacd9f85c432f7838c3be2cb0f000b55edc3487c6dee9520cc0b63
ao_grid,10000,169,test,3.9820609644022005,3.9820609644022005,1.0,True,0.0,2,4159,0,ao_grid_coordinate_codebook,analytical_ris_equal_allocation,"[1.8380018837805372, 3.9820594435070147, 3.9820609644022005]",[],"{""allocation_levels"": 7, ""beta_levels"": 5, ""phase_levels"": 8}",1775.538682,eb978e84730de4cf1e0579ad9e17edb700c67ba6eceac89d1fe3698763a419f7,fc61d5cda7da39530055bae9bd0e92865f995cd9,4e84455d08cacd9f85c432f7838c3be2cb0f000b55edc3487c6dee9520cc0b63
ao_grid,10000,170,test,3.982059740530441,3.982059740530441,1.0,True,0.0,2,4159,0,ao_grid_coordinate_codebook,analytical_ris_equal_allocation,"[1.8379915003615317, 3.9820586259169373, 3.982059740530441]",[],"{""allocation_levels"": 7, ""beta_levels"": 5, ""phase_levels"": 8}",1700.414333,eb978e84730de4cf1e0579ad9e17edb700c67ba6eceac89d1fe3698763a419f7,fc61d5cda7da39530055bae9bd0e92865f995cd9,4e84455d08cacd9f85c432f7838c3be2cb0f000b55edc3487c6dee9520cc0b63
ao_grid,10000,171,test,3.982058904657358,3.982058904657358,1.0,True,0.0,2,4159,0,ao_grid_coordinate_codebook,analytical_ris_equal_allocation,"[1.8379899980314627, 3.982055660940805, 3.982058904657358]",[],"{""allocation_levels"": 7, ""beta_levels"": 5, ""phase_levels"": 8}",1667.200052,eb978e84730de4cf1e0579ad9e17edb700c67ba6eceac89d1fe3698763a419f7,fc61d5cda7da39530055bae9bd0e92865f995cd9,4e84455d08cacd9f85c432f7838c3be2cb0f000b55edc3487c6dee9520cc0b63
ao_grid,10000,172,test,3.982062769698941,3.982062769698941,1.0,True,0.0,2,4159,0,ao_grid_coordinate_codebook,analytical_ris_equal_allocation,"[1.8380039949053997, 3.9820604173565406, 3.982062769698941]",[],"{""allocation_levels"": 7, ""beta_levels"": 5, ""phase_levels"": 8}",1688.217595,eb978e84730de4cf1e0579ad9e17edb700c67ba6eceac89d1fe3698763a419f7,fc61d5cda7da39530055bae9bd0e92865f995cd9,4e84455d08cacd9f85c432f7838c3be2cb0f000b55edc3487c6dee9520cc0b63
ao_grid,10000,173,test,3.9820608972278846,3.9820608972278846,1.0,True,0.0,2,4159,0,ao_grid_coordinate_codebook,analytical_ris_equal_allocation,"[1.838008211618514, 3.9820590551498047, 3.9820608972278846]",[],"{""allocation_levels"": 7, ""beta_levels"": 5, ""phase_levels"": 8}",1738.877293,eb978e84730de4cf1e0579ad9e17edb700c67ba6eceac89d1fe3698763a419f7,fc61d5cda7da39530055bae9bd0e92865f995cd9,4e84455d08cacd9f85c432f7838c3be2cb0f000b55edc3487c6dee9520cc0b63
ao_grid,10000,174,test,3.9820615969117137,3.9820615969117137,1.0,True,0.0,2,4159,0,ao_grid_coordinate_codebook,analytical_ris_equal_allocation,"[1.83798900358941, 3.9820603472849774, 3.9820615969117137]",[],"{""allocation_levels"": 7, ""beta_levels"": 5, ""phase_levels"": 8}",1705.346146,eb978e84730de4cf1e0579ad9e17edb700c67ba6eceac89d1fe3698763a419f7,fc61d5cda7da39530055bae9bd0e92865f995cd9,4e84455d08cacd9f85c432f7838c3be2cb0f000b55edc3487c6dee9520cc0b63
ao_grid,10000,175,test,3.982062718436615,3.982062718436615,1.0,True,0.0,2,4159,0,ao_grid_coordinate_codebook,analytical_ris_equal_allocation,"[1.8380145811330908, 3.982061971268042, 3.982062718436615]",[],"{""allocation_levels"": 7, ""beta_levels"": 5, ""phase_levels"": 8}",1727.718497,eb978e84730de4cf1e0579ad9e17edb700c67ba6eceac89d1fe3698763a419f7,fc61d5cda7da39530055bae9bd0e92865f995cd9,4e84455d08cacd9f85c432f7838c3be2cb0f000b55edc3487c6dee9520cc0b63
ao_grid,10000,176,test,3.9820552377026472,3.9820552377026472,1.0,True,0.0,2,4159,0,ao_grid_coordinate_codebook,analytical_ris_equal_allocation,"[1.8379656419194341, 3.9820530086946615, 3.9820552377026472]",[],"{""allocation_levels"": 7, ""beta_levels"": 5, ""phase_levels"": 8}",1714.660212,eb978e84730de4cf1e0579ad9e17edb700c67ba6eceac89d1fe3698763a419f7,fc61d5cda7da39530055bae9bd0e92865f995cd9,4e84455d08cacd9f85c432f7838c3be2cb0f000b55edc3487c6dee9520cc0b63
ao_grid,10000,177,test,3.9820605844335373,3.9820605844335373,1.0,True,0.0,2,4159,0,ao_grid_coordinate_codebook,analytical_ris_equal_allocation,"[1.8379916064153852, 3.9820591709358633, 3.9820605844335373]",[],"{""allocation_levels"": 7, ""beta_levels"": 5, ""phase_levels"": 8}",1674.117965,eb978e84730de4cf1e0579ad9e17edb700c67ba6eceac89d1fe3698763a419f7,fc61d5cda7da39530055bae9bd0e92865f995cd9,4e84455d08cacd9f85c432f7838c3be2cb0f000b55edc3487c6dee9520cc0b63
ao_grid,10000,178,test,3.982057078006637,3.982057078006637,1.0,True,0.0,2,4159,0,ao_grid_coordinate_codebook,analytical_ris_equal_allocation,"[1.8379774114999126, 3.982055261960502, 3.982057078006637]",[],"{""allocation_levels"": 7, ""beta_levels"": 5, ""phase_levels"": 8}",1685.304231,eb978e84730de4cf1e0579ad9e17edb700c67ba6eceac89d1fe3698763a419f7,fc61d5cda7da39530055bae9bd0e92865f995cd9,4e84455d08cacd9f85c432f7838c3be2cb0f000b55edc3487c6dee9520cc0b63
ao_grid,10000,179,test,3.9820568417412607,3.9820568417412607,1.0,True,0.0,2,4159,0,ao_grid_coordinate_codebook,analytical_ris_equal_allocation,"[1.8379804777916895, 3.9820549498293047, 3.9820568417412607]",[],"{""allocation_levels"": 7, ""beta_levels"": 5, ""phase_levels"": 8}",1680.057736,eb978e84730de4cf1e0579ad9e17edb700c67ba6eceac89d1fe3698763a419f7,fc61d5cda7da39530055bae9bd0e92865f995cd9,4e84455d08cacd9f85c432f7838c3be2cb0f000b55edc3487c6dee9520cc0b63
ao_grid,10000,180,test,3.9820542818388853,3.9820542818388853,1.0,True,0.0,2,4159,0,ao_grid_coordinate_codebook,analytical_ris_equal_allocation,"[1.8379635076270868, 3.982051024185013, 3.9820542818388853]",[],"{""allocation_levels"": 7, ""beta_levels"": 5, ""phase_levels"": 8}",1757.555855,eb978e84730de4cf1e0579ad9e17edb700c67ba6eceac89d1fe3698763a419f7,fc61d5cda7da39530055bae9bd0e92865f995cd9,4e84455d08cacd9f85c432f7838c3be2cb0f000b55edc3487c6dee9520cc0b63
ao_grid,10000,181,test,3.982060869471024,3.982060869471024,1.0,True,0.0,2,4159,0,ao_grid_coordinate_codebook,analytical_ris_equal_allocation,"[1.8379925322798656, 3.9820590646045524, 3.982060869471024]",[],"{""allocation_levels"": 7, ""beta_levels"": 5, ""phase_levels"": 8}",1812.8319,eb978e84730de4cf1e0579ad9e17edb700c67ba6eceac89d1fe3698763a419f7,fc61d5cda7da39530055bae9bd0e92865f995cd9,4e84455d08cacd9f85c432f7838c3be2cb0f000b55edc3487c6dee9520cc0b63
ao_grid,10000,182,test,3.982062036189329,3.982062036189329,1.0,True,0.0,2,4159,0,ao_grid_coordinate_codebook,analytical_ris_equal_allocation,"[1.838004308393991, 3.982060835489243, 3.982062036189329]",[],"{""allocation_levels"": 7, ""beta_levels"": 5, ""phase_levels"": 8}",1703.680003,eb978e84730de4cf1e0579ad9e17edb700c67ba6eceac89d1fe3698763a419f7,fc61d5cda7da39530055bae9bd0e92865f995cd9,4e84455d08cacd9f85c432f7838c3be2cb0f000b55edc3487c6dee9520cc0b63
ao_grid,10000,183,test,3.9820611003942243,3.9820611003942243,1.0,True,0.0,2,4159,0,ao_grid_coordinate_codebook,analytical_ris_equal_allocation,"[1.8379970864772943, 3.9820602471827526, 3.9820611003942243]",[],"{""allocation_levels"": 7, ""beta_levels"": 5, ""phase_levels"": 8}",1681.288855,eb978e84730de4cf1e0579ad9e17edb700c67ba6eceac89d1fe3698763a419f7,fc61d5cda7da39530055bae9bd0e92865f995cd9,4e84455d08cacd9f85c432f7838c3be2cb0f000b55edc3487c6dee9520cc0b63
ao_grid,10000,184,test,3.982057652460135,3.982057652460135,1.0,True,0.0,2,4159,0,ao_grid_coordinate_codebook,analytical_ris_equal_allocation,"[1.8379769316827779, 3.9820551695623316, 3.982057652460135]",[],"{""allocation_levels"": 7, ""beta_levels"": 5, ""phase_levels"": 8}",1704.218752,eb978e84730de4cf1e0579ad9e17edb700c67ba6eceac89d1fe3698763a419f7,fc61d5cda7da39530055bae9bd0e92865f995cd9,4e84455d08cacd9f85c432f7838c3be2cb0f000b55edc3487c6dee9520cc0b63
ao_grid,10000,185,test,3.9820568628890403,3.9820568628890403,1.0,True,0.0,2,4159,0,ao_grid_coordinate_codebook,analytical_ris_equal_allocation,"[1.8379903619811917, 3.9820553529088514, 3.9820568628890403]",[],"{""allocation_levels"": 7, ""beta_levels"": 5, ""phase_levels"": 8}",1705.64514,eb978e84730de4cf1e0579ad9e17edb700c67ba6eceac89d1fe3698763a419f7,fc61d5cda7da39530055bae9bd0e92865f995cd9,4e84455d08cacd9f85c432f7838c3be2cb0f000b55edc3487c6dee9520cc0b63
ao_grid,10000,186,test,3.9820608019510777,3.9820608019510777,1.0,True,0.0,2,4159,0,ao_grid_coordinate_codebook,analytical_ris_equal_allocation,"[1.8379957252231665, 3.982059656048261, 3.9820608019510777]",[],"{""allocation_levels"": 7, ""beta_levels"": 5, ""phase_levels"": 8}",1760.106945,eb978e84730de4cf1e0579ad9e17edb700c67ba6eceac89d1fe3698763a419f7,fc61d5cda7da39530055bae9bd0e92865f995cd9,4e84455d08cacd9f85c432f7838c3be2cb0f000b55edc3487c6dee9520cc0b63
ao_grid,10000,187,test,3.982060602522309,3.982060602522309,1.0,True,0.0,2,4159,0,ao_grid_coordinate_codebook,analytical_ris_equal_allocation,"[1.8380015127565201, 3.982059733844342, 3.982060602522309]",[],"{""allocation_levels"": 7, ""beta_levels"": 5, ""phase_levels"": 8}",1688.673915,eb978e84730de4cf1e0579ad9e17edb700c67ba6eceac89d1fe3698763a419f7,fc61d5cda7da39530055bae9bd0e92865f995cd9,4e84455d08cacd9f85c432f7838c3be2cb0f000b55edc3487c6dee9520cc0b63
ao_grid,10000,188,test,3.9820595174381586,3.9820595174381586,1.0,True,0.0,2,4159,0,ao_grid_coordinate_codebook,analytical_ris_equal_allocation,"[1.8379981813160766, 3.982058555874767, 3.9820595174381586]",[],"{""allocation_levels"": 7, ""beta_levels"": 5, ""phase_levels"": 8}",1693.488428,eb978e84730de4cf1e0579ad9e17edb700c67ba6eceac89d1fe3698763a419f7,fc61d5cda7da39530055bae9bd0e92865f995cd9,4e84455d08cacd9f85c432f7838c3be2cb0f000b55edc3487c6dee9520cc0b63
ao_grid,10000,189,test,3.9820620829121602,3.9820620829121602,1.0,True,0.0,2,4159,0,ao_grid_coordinate_codebook,analytical_ris_equal_allocation,"[1.8380059306822063, 3.9820607681115137, 3.9820620829121602]",[],"{""allocation_levels"": 7, ""beta_levels"": 5, ""phase_levels"": 8}",1683.166017,eb978e84730de4cf1e0579ad9e17edb700c67ba6eceac89d1fe3698763a419f7,fc61d5cda7da39530055bae9bd0e92865f995cd9,4e84455d08cacd9f85c432f7838c3be2cb0f000b55edc3487c6dee9520cc0b63
ao_grid,10000,190,test,3.982055222689277,3.982055222689277,1.0,True,0.0,2,4159,0,ao_grid_coordinate_codebook,analytical_ris_equal_allocation,"[1.8379747998681393, 3.9820537383999395, 3.982055222689277]",[],"{""allocation_levels"": 7, ""beta_levels"": 5, ""phase_levels"": 8}",1693.981043,eb978e84730de4cf1e0579ad9e17edb700c67ba6eceac89d1fe3698763a419f7,fc61d5cda7da39530055bae9bd0e92865f995cd9,4e84455d08cacd9f85c432f7838c3be2cb0f000b55edc3487c6dee9520cc0b63
ao_grid,10000,191,test,3.9820514385723986,3.9820514385723986,1.0,True,0.0,2,4159,0,ao_grid_coordinate_codebook,analytical_ris_equal_allocation,"[1.8379688485872203, 3.98204920498888, 3.9820514385723986]",[],"{""allocation_levels"": 7, ""beta_levels"": 5, ""phase_levels"": 8}",1678.396211,eb978e84730de4cf1e0579ad9e17edb700c67ba6eceac89d1fe3698763a419f7,fc61d5cda7da39530055bae9bd0e92865f995cd9,4e84455d08cacd9f85c432f7838c3be2cb0f000b55edc3487c6dee9520cc0b63
ao_grid,10000,192,test,3.9820613020134967,3.9820613020134967,1.0,True,0.0,2,4159,0,ao_grid_coordinate_codebook,analytical_ris_equal_allocation,"[1.8379961023734612, 3.9820603294707686, 3.9820613020134967]",[],"{""allocation_levels"": 7, ""beta_levels"": 5, ""phase_levels"": 8}",1751.863299,eb978e84730de4cf1e0579ad9e17edb700c67ba6eceac89d1fe3698763a419f7,fc61d5cda7da39530055bae9bd0e92865f995cd9,4e84455d08cacd9f85c432f7838c3be2cb0f000b55edc3487c6dee9520cc0b63
ao_grid,10000,193,test,3.9820590725864164,3.9820590725864164,1.0,True,0.0,2,4159,0,ao_grid_coordinate_codebook,analytical_ris_equal_allocation,"[1.83798436591858, 3.9820581235383683, 3.9820590725864164]",[],"{""allocation_levels"": 7, ""beta_levels"": 5, ""phase_levels"": 8}",1704.720221,eb978e84730de4cf1e0579ad9e17edb700c67ba6eceac89d1fe3698763a419f7,fc61d5cda7da39530055bae9bd0e92865f995cd9,4e84455d08cacd9f85c432f7838c3be2cb0f000b55edc3487c6dee9520cc0b63
ao_grid,10000,194,test,3.982059000989297,3.982059000989297,1.0,True,0.0,2,4159,0,ao_grid_coordinate_codebook,analytical_ris_equal_allocation,"[1.8379846824840003, 3.982056852684268, 3.982059000989297]",[],"{""allocation_levels"": 7, ""beta_levels"": 5, ""phase_levels"": 8}",1698.309534,eb978e84730de4cf1e0579ad9e17edb700c67ba6eceac89d1fe3698763a419f7,fc61d5cda7da39530055bae9bd0e92865f995cd9,4e84455d08cacd9f85c432f7838c3be2cb0f000b55edc3487c6dee9520cc0b63
ao_grid,10000,195,test,3.9820593450657173,3.9820593450657173,1.0,True,0.0,2,4159,0,ao_grid_coordinate_codebook,analytical_ris_equal_allocation,"[1.83799176816781, 3.9820578941166236, 3.9820593450657173]",[],"{""allocation_levels"": 7, ""beta_levels"": 5, ""phase_levels"": 8}",1700.44742,eb978e84730de4cf1e0579ad9e17edb700c67ba6eceac89d1fe3698763a419f7,fc61d5cda7da39530055bae9bd0e92865f995cd9,4e84455d08cacd9f85c432f7838c3be2cb0f000b55edc3487c6dee9520cc0b63
ao_grid,10000,196,test,3.9820636294701517,3.9820636294701517,1.0,True,0.0,2,4159,0,ao_grid_coordinate_codebook,analytical_ris_equal_allocation,"[1.838012977348608, 3.982062301484281, 3.9820636294701517]",[],"{""allocation_levels"": 7, ""beta_levels"": 5, ""phase_levels"": 8}",1678.372812,eb978e84730de4cf1e0579ad9e17edb700c67ba6eceac89d1fe3698763a419f7,fc61d5cda7da39530055bae9bd0e92865f995cd9,4e84455d08cacd9f85c432f7838c3be2cb0f000b55edc3487c6dee9520cc0b63
ao_grid,10000,197,test,3.9820598652775963,3.9820598652775963,1.0,True,0.0,2,4159,0,ao_grid_coordinate_codebook,analytical_ris_equal_allocation,"[1.8379952343400956, 3.9820589254670975, 3.9820598652775963]",[],"{""allocation_levels"": 7, ""beta_levels"": 5, ""phase_levels"": 8}",1701.269161,eb978e84730de4cf1e0579ad9e17edb700c67ba6eceac89d1fe3698763a419f7,fc61d5cda7da39530055bae9bd0e92865f995cd9,4e84455d08cacd9f85c432f7838c3be2cb0f000b55edc3487c6dee9520cc0b63
ao_grid,10000,198,test,3.982056342565021,3.982056342565021,1.0,True,0.0,2,4159,0,ao_grid_coordinate_codebook,analytical_ris_equal_allocation,"[1.8379961075408913, 3.982053929717652, 3.982056342565021]",[],"{""allocation_levels"": 7, ""beta_levels"": 5, ""phase_levels"": 8}",1806.859693,eb978e84730de4cf1e0579ad9e17edb700c67ba6eceac89d1fe3698763a419f7,fc61d5cda7da39530055bae9bd0e92865f995cd9,4e84455d08cacd9f85c432f7838c3be2cb0f000b55edc3487c6dee9520cc0b63
ao_grid,10000,199,test,3.9820598858556813,3.9820598858556813,1.0,True,0.0,2,4159,0,ao_grid_coordinate_codebook,analytical_ris_equal_allocation,"[1.8380004618637484, 3.9820592088933364, 3.9820598858556813]",[],"{""allocation_levels"": 7, ""beta_levels"": 5, ""phase_levels"": 8}",1679.297987,eb978e84730de4cf1e0579ad9e17edb700c67ba6eceac89d1fe3698763a419f7,fc61d5cda7da39530055bae9bd0e92865f995cd9,4e84455d08cacd9f85c432f7838c3be2cb0f000b55edc3487c6dee9520cc0b63
ao_grid,10000,200,test,3.9820589271026696,3.9820589271026696,1.0,True,0.0,2,4159,0,ao_grid_coordinate_codebook,analytical_ris_equal_allocation,"[1.837992808984832, 3.9820572856264245, 3.9820589271026696]",[],"{""allocation_levels"": 7, ""beta_levels"": 5, ""phase_levels"": 8}",1728.825287,eb978e84730de4cf1e0579ad9e17edb700c67ba6eceac89d1fe3698763a419f7,fc61d5cda7da39530055bae9bd0e92865f995cd9,4e84455d08cacd9f85c432f7838c3be2cb0f000b55edc3487c6dee9520cc0b63
ao_grid,10000,201,test,3.9820594362613075,3.9820594362613075,1.0,True,0.0,2,4159,0,ao_grid_coordinate_codebook,analytical_ris_equal_allocation,"[1.8379957213375777, 3.9820582137433584, 3.9820594362613075]",[],"{""allocation_levels"": 7, ""beta_levels"": 5, ""phase_levels"": 8}",1667.942819,eb978e84730de4cf1e0579ad9e17edb700c67ba6eceac89d1fe3698763a419f7,fc61d5cda7da39530055bae9bd0e92865f995cd9,4e84455d08cacd9f85c432f7838c3be2cb0f000b55edc3487c6dee9520cc0b63
ao_grid,10000,202,test,3.9820612922721663,3.9820612922721663,1.0,True,0.0,2,4159,0,ao_grid_coordinate_codebook,analytical_ris_equal_allocation,"[1.8379873705151086, 3.9820591134915517, 3.9820612922721663]",[],"{""allocation_levels"": 7, ""beta_levels"": 5, ""phase_levels"": 8}",1679.52496,eb978e84730de4cf1e0579ad9e17edb700c67ba6eceac89d1fe3698763a419f7,fc61d5cda7da39530055bae9bd0e92865f995cd9,4e84455d08cacd9f85c432f7838c3be2cb0f000b55edc3487c6dee9520cc0b63
ao_grid,10000,203,test,3.9820541258094475,3.9820541258094475,1.0,True,0.0,2,4159,0,ao_grid_coordinate_codebook,analytical_ris_equal_allocation,"[1.8379574815312565, 3.98205015594291, 3.9820541258094475]",[],"{""allocation_levels"": 7, ""beta_levels"": 5, ""phase_levels"": 8}",1713.25698,eb978e84730de4cf1e0579ad9e17edb700c67ba6eceac89d1fe3698763a419f7,fc61d5cda7da39530055bae9bd0e92865f995cd9,4e84455d08cacd9f85c432f7838c3be2cb0f000b55edc3487c6dee9520cc0b63
ao_grid,10000,204,test,3.9820563059132095,3.9820563059132095,1.0,True,0.0,2,4159,0,ao_grid_coordinate_codebook,analytical_ris_equal_allocation,"[1.8379643884847712, 3.9820543248661786, 3.9820563059132095]",[],"{""allocation_levels"": 7, ""beta_levels"": 5, ""phase_levels"": 8}",1808.755586,eb978e84730de4cf1e0579ad9e17edb700c67ba6eceac89d1fe3698763a419f7,fc61d5cda7da39530055bae9bd0e92865f995cd9,4e84455d08cacd9f85c432f7838c3be2cb0f000b55edc3487c6dee9520cc0b63
ao_grid,10000,205,test,3.982054845404356,3.982054845404356,1.0,True,0.0,2,4159,0,ao_grid_coordinate_codebook,analytical_ris_equal_allocation,"[1.8379859034717307, 3.9820534975968607, 3.982054845404356]",[],"{""allocation_levels"": 7, ""beta_levels"": 5, ""phase_levels"": 8}",1617.997817,eb978e84730de4cf1e0579ad9e17edb700c67ba6eceac89d1fe3698763a419f7,fc61d5cda7da39530055bae9bd0e92865f995cd9,4e84455d08cacd9f85c432f7838c3be2cb0f000b55edc3487c6dee9520cc0b63
ao_grid,10000,206,test,3.982055153886633,3.982055153886633,1.0,True,0.0,2,4159,0,ao_grid_coordinate_codebook,analytical_ris_equal_allocation,"[1.8379714526885136, 3.982052469385412, 3.982055153886633]",[],"{""allocation_levels"": 7, ""beta_levels"": 5, ""phase_levels"": 8}",1650.519492,eb978e84730de4cf1e0579ad9e17edb700c67ba6eceac89d1fe3698763a419f7,fc61d5cda7da39530055bae9bd0e92865f995cd9,4e84455d08cacd9f85c432f7838c3be2cb0f000b55edc3487c6dee9520cc0b63
ao_grid,10000,207,test,3.982056772740022,3.982056772740022,1.0,True,0.0,2,4159,0,ao_grid_coordinate_codebook,analytical_ris_equal_allocation,"[1.8379985396747789, 3.982055268760872, 3.982056772740022]",[],"{""allocation_levels"": 7, ""beta_levels"": 5, ""phase_levels"": 8}",1650.006725,eb978e84730de4cf1e0579ad9e17edb700c67ba6eceac89d1fe3698763a419f7,fc61d5cda7da39530055bae9bd0e92865f995cd9,4e84455d08cacd9f85c432f7838c3be2cb0f000b55edc3487c6dee9520cc0b63
ao_grid,10000,208,test,3.9820623668730595,3.9820623668730595,1.0,True,0.0,2,4159,0,ao_grid_coordinate_codebook,analytical_ris_equal_allocation,"[1.8380022329951569, 3.982060754032876, 3.9820623668730595]",[],"{""allocation_levels"": 7, ""beta_levels"": 5, ""phase_levels"": 8}",1720.476853,eb978e84730de4cf1e0579ad9e17edb700c67ba6eceac89d1fe3698763a419f7,fc61d5cda7da39530055bae9bd0e92865f995cd9,4e84455d08cacd9f85c432f7838c3be2cb0f000b55edc3487c6dee9520cc0b63
ao_grid,10000,209,test,3.9820614475162666,3.9820614475162666,1.0,True,0.0,2,4159,0,ao_grid_coordinate_codebook,analytical_ris_equal_allocation,"[1.8380110832241998, 3.98206087446186, 3.9820614475162666]",[],"{""allocation_levels"": 7, ""beta_levels"": 5, ""phase_levels"": 8}",1682.091153,eb978e84730de4cf1e0579ad9e17edb700c67ba6eceac89d1fe3698763a419f7,fc61d5cda7da39530055bae9bd0e92865f995cd9,4e84455d08cacd9f85c432f7838c3be2cb0f000b55edc3487c6dee9520cc0b63
ao_grid,10000,210,test,3.9820630270901187,3.9820630270901187,1.0,True,0.0,2,4159,0,ao_grid_coordinate_codebook,analytical_ris_equal_allocation,"[1.8380063485777365, 3.9820611684302225, 3.9820630270901187]",[],"{""allocation_levels"": 7, ""beta_levels"": 5, ""phase_levels"": 8}",1658.658468,eb978e84730de4cf1e0579ad9e17edb700c67ba6eceac89d1fe3698763a419f7,fc61d5cda7da39530055bae9bd0e92865f995cd9,4e84455d08cacd9f85c432f7838c3be2cb0f000b55edc3487c6dee9520cc0b63
ao_grid,10000,211,test,3.982058853930088,3.982058853930088,1.0,True,0.0,2,4159,0,ao_grid_coordinate_codebook,analytical_ris_equal_allocation,"[1.837976897139566, 3.982056565631815, 3.982058853930088]",[],"{""allocation_levels"": 7, ""beta_levels"": 5, ""phase_levels"": 8}",1662.353685,eb978e84730de4cf1e0579ad9e17edb700c67ba6eceac89d1fe3698763a419f7,fc61d5cda7da39530055bae9bd0e92865f995cd9,4e84455d08cacd9f85c432f7838c3be2cb0f000b55edc3487c6dee9520cc0b63
ao_grid,10000,212,test,3.9820562907129076,3.9820562907129076,1.0,True,0.0,2,4159,0,ao_grid_coordinate_codebook,analytical_ris_equal_allocation,"[1.8379681655001332, 3.9820533750801426, 3.9820562907129076]",[],"{""allocation_levels"": 7, ""beta_levels"": 5, ""phase_levels"": 8}",1672.908007,eb978e84730de4cf1e0579ad9e17edb700c67ba6eceac89d1fe3698763a419f7,fc61d5cda7da39530055bae9bd0e92865f995cd9,4e84455d08cacd9f85c432f7838c3be2cb0f000b55edc3487c6dee9520cc0b63
ao_grid,10000,213,test,3.982064174275033,3.982064174275033,1.0,True,0.0,2,4159,0,ao_grid_coordinate_codebook,analytical_ris_equal_allocation,"[1.8380197796408553, 3.982063922068301, 3.982064174275033]",[],"{""allocation_levels"": 7, ""beta_levels"": 5, ""phase_levels"": 8}",1654.619443,eb978e84730de4cf1e0579ad9e17edb700c67ba6eceac89d1fe3698763a419f7,fc61d5cda7da39530055bae9bd0e92865f995cd9,4e84455d08cacd9f85c432f7838c3be2cb0f000b55edc3487c6dee9520cc0b63
ao_grid,10000,214,test,3.9820542757855977,3.9820542757855977,1.0,True,0.0,2,4159,0,ao_grid_coordinate_codebook,analytical_ris_equal_allocation,"[1.83797704831413, 3.982052396138428, 3.9820542757855977]",[],"{""allocation_levels"": 7, ""beta_levels"": 5, ""phase_levels"": 8}",1675.015605,eb978e84730de4cf1e0579ad9e17edb700c67ba6eceac89d1fe3698763a419f7,fc61d5cda7da39530055bae9bd0e92865f995cd9,4e84455d08cacd9f85c432f7838c3be2cb0f000b55edc3487c6dee9520cc0b63
ao_grid,10000,215,test,3.9820520595893667,3.9820520595893667,1.0,True,0.0,2,4159,0,ao_grid_coordinate_codebook,analytical_ris_equal_allocation,"[1.8379328990551278, 3.9820490088490206, 3.9820520595893667]",[],"{""allocation_levels"": 7, ""beta_levels"": 5, ""phase_levels"": 8}",1688.674694,eb978e84730de4cf1e0579ad9e17edb700c67ba6eceac89d1fe3698763a419f7,fc61d5cda7da39530055bae9bd0e92865f995cd9,4e84455d08cacd9f85c432f7838c3be2cb0f000b55edc3487c6dee9520cc0b63
ao_grid,10000,216,test,3.982059030378685,3.982059030378685,1.0,True,0.0,2,4159,0,ao_grid_coordinate_codebook,analytical_ris_equal_allocation,"[1.8379868157989694, 3.9820562243607935, 3.982059030378685]",[],"{""allocation_levels"": 7, ""beta_levels"": 5, ""phase_levels"": 8}",1664.68944,eb978e84730de4cf1e0579ad9e17edb700c67ba6eceac89d1fe3698763a419f7,fc61d5cda7da39530055bae9bd0e92865f995cd9,4e84455d08cacd9f85c432f7838c3be2cb0f000b55edc3487c6dee9520cc0b63
ao_grid,10000,217,test,3.982061717344207,3.982061717344207,1.0,True,0.0,2,4159,0,ao_grid_coordinate_codebook,analytical_ris_equal_allocation,"[1.8380126767313945, 3.98206095455007, 3.982061717344207]",[],"{""allocation_levels"": 7, ""beta_levels"": 5, ""phase_levels"": 8}",1648.556285,eb978e84730de4cf1e0579ad9e17edb700c67ba6eceac89d1fe3698763a419f7,fc61d5cda7da39530055bae9bd0e92865f995cd9,4e84455d08cacd9f85c432f7838c3be2cb0f000b55edc3487c6dee9520cc0b63
ao_grid,10000,218,test,3.9820561313115257,3.9820561313115257,1.0,True,0.0,2,4159,0,ao_grid_coordinate_codebook,analytical_ris_equal_allocation,"[1.8379754509701043, 3.982054193036289, 3.9820561313115257]",[],"{""allocation_levels"": 7, ""beta_levels"": 5, ""phase_levels"": 8}",1648.506249,eb978e84730de4cf1e0579ad9e17edb700c67ba6eceac89d1fe3698763a419f7,fc61d5cda7da39530055bae9bd0e92865f995cd9,4e84455d08cacd9f85c432f7838c3be2cb0f000b55edc3487c6dee9520cc0b63
ao_grid,10000,219,test,3.982063765675543,3.982063765675543,1.0,True,0.0,2,4159,0,ao_grid_coordinate_codebook,analytical_ris_equal_allocation,"[1.838001799075041, 3.9820609674429175, 3.982063765675543]",[],"{""allocation_levels"": 7, ""beta_levels"": 5, ""phase_levels"": 8}",1726.281603,eb978e84730de4cf1e0579ad9e17edb700c67ba6eceac89d1fe3698763a419f7,fc61d5cda7da39530055bae9bd0e92865f995cd9,4e84455d08cacd9f85c432f7838c3be2cb0f000b55edc3487c6dee9520cc0b63
ao_grid,10000,220,test,3.9820541931523374,3.9820541931523374,1.0,True,0.0,2,4159,0,ao_grid_coordinate_codebook,analytical_ris_equal_allocation,"[1.8379660027849927, 3.9820524622536846, 3.9820541931523374]",[],"{""allocation_levels"": 7, ""beta_levels"": 5, ""phase_levels"": 8}",1678.509801,eb978e84730de4cf1e0579ad9e17edb700c67ba6eceac89d1fe3698763a419f7,fc61d5cda7da39530055bae9bd0e92865f995cd9,4e84455d08cacd9f85c432f7838c3be2cb0f000b55edc3487c6dee9520cc0b63
ao_grid,10000,221,test,3.9820574699492672,3.9820574699492672,1.0,True,0.0,2,4159,0,ao_grid_coordinate_codebook,analytical_ris_equal_allocation,"[1.8379918080074, 3.982055496183973, 3.9820574699492672]",[],"{""allocation_levels"": 7, ""beta_levels"": 5, ""phase_levels"": 8}",1708.067234,eb978e84730de4cf1e0579ad9e17edb700c67ba6eceac89d1fe3698763a419f7,fc61d5cda7da39530055bae9bd0e92865f995cd9,4e84455d08cacd9f85c432f7838c3be2cb0f000b55edc3487c6dee9520cc0b63
ao_grid,10000,222,test,3.9820600930413828,3.9820600930413828,1.0,True,0.0,2,4159,0,ao_grid_coordinate_codebook,analytical_ris_equal_allocation,"[1.8380073216332113, 3.982058626791334, 3.9820600930413828]",[],"{""allocation_levels"": 7, ""beta_levels"": 5, ""phase_levels"": 8}",1708.676998,eb978e84730de4cf1e0579ad9e17edb700c67ba6eceac89d1fe3698763a419f7,fc61d5cda7da39530055bae9bd0e92865f995cd9,4e84455d08cacd9f85c432f7838c3be2cb0f000b55edc3487c6dee9520cc0b63
ao_grid,10000,223,test,3.9820604963935953,3.9820604963935953,1.0,True,0.0,2,4159,0,ao_grid_coordinate_codebook,analytical_ris_equal_allocation,"[1.8379930834260592, 3.9820587165059633, 3.9820604963935953]",[],"{""allocation_levels"": 7, ""beta_levels"": 5, ""phase_levels"": 8}",1725.341058,eb978e84730de4cf1e0579ad9e17edb700c67ba6eceac89d1fe3698763a419f7,fc61d5cda7da39530055bae9bd0e92865f995cd9,4e84455d08cacd9f85c432f7838c3be2cb0f000b55edc3487c6dee9520cc0b63
ao_grid,10000,224,test,3.9820594440662482,3.9820594440662482,1.0,True,0.0,2,4159,0,ao_grid_coordinate_codebook,analytical_ris_equal_allocation,"[1.8379845545149538, 3.982056851110423, 3.9820594440662482]",[],"{""allocation_levels"": 7, ""beta_levels"": 5, ""phase_levels"": 8}",1660.482432,eb978e84730de4cf1e0579ad9e17edb700c67ba6eceac89d1fe3698763a419f7,fc61d5cda7da39530055bae9bd0e92865f995cd9,4e84455d08cacd9f85c432f7838c3be2cb0f000b55edc3487c6dee9520cc0b63
ao_grid,10000,225,test,3.9820556757485246,3.9820556757485246,1.0,True,0.0,2,4159,0,ao_grid_coordinate_codebook,analytical_ris_equal_allocation,"[1.837975690434406, 3.982053757075874, 3.9820556757485246]",[],"{""allocation_levels"": 7, ""beta_levels"": 5, ""phase_levels"": 8}",1658.350354,eb978e84730de4cf1e0579ad9e17edb700c67ba6eceac89d1fe3698763a419f7,fc61d5cda7da39530055bae9bd0e92865f995cd9,4e84455d08cacd9f85c432f7838c3be2cb0f000b55edc3487c6dee9520cc0b63
ao_grid,10000,226,test,3.9820615652015707,3.9820615652015707,1.0,True,0.0,2,4159,0,ao_grid_coordinate_codebook,analytical_ris_equal_allocation,"[1.8379873521019163, 3.9820588804899573, 3.9820615652015707]",[],"{""allocation_levels"": 7, ""beta_levels"": 5, ""phase_levels"": 8}",1695.233631,eb978e84730de4cf1e0579ad9e17edb700c67ba6eceac89d1fe3698763a419f7,fc61d5cda7da39530055bae9bd0e92865f995cd9,4e84455d08cacd9f85c432f7838c3be2cb0f000b55edc3487c6dee9520cc0b63
ao_grid,10000,227,test,3.9820617978389365,3.9820617978389365,1.0,True,0.0,2,4159,0,ao_grid_coordinate_codebook,analytical_ris_equal_allocation,"[1.8380034436139732, 3.9820609422065076, 3.9820617978389365]",[],"{""allocation_levels"": 7, ""beta_levels"": 5, ""phase_levels"": 8}",1742.574353,eb978e84730de4cf1e0579ad9e17edb700c67ba6eceac89d1fe3698763a419f7,fc61d5cda7da39530055bae9bd0e92865f995cd9,4e84455d08cacd9f85c432f7838c3be2cb0f000b55edc3487c6dee9520cc0b63
ao_grid,10000,228,test,3.982060665594686,3.982060665594686,1.0,True,0.0,2,4159,0,ao_grid_coordinate_codebook,analytical_ris_equal_allocation,"[1.838006270999808, 3.9820593473598085, 3.982060665594686]",[],"{""allocation_levels"": 7, ""beta_levels"": 5, ""phase_levels"": 8}",1716.163869,eb978e84730de4cf1e0579ad9e17edb700c67ba6eceac89d1fe3698763a419f7,fc61d5cda7da39530055bae9bd0e92865f995cd9,4e84455d08cacd9f85c432f7838c3be2cb0f000b55edc3487c6dee9520cc0b63
ao_grid,10000,229,test,3.9820563767422295,3.9820563767422295,1.0,True,0.0,2,4159,0,ao_grid_coordinate_codebook,analytical_ris_equal_allocation,"[1.8379858268584104, 3.9820545800596108, 3.9820563767422295]",[],"{""allocation_levels"": 7, ""beta_levels"": 5, ""phase_levels"": 8}",1679.852878,eb978e84730de4cf1e0579ad9e17edb700c67ba6eceac89d1fe3698763a419f7,fc61d5cda7da39530055bae9bd0e92865f995cd9,4e84455d08cacd9f85c432f7838c3be2cb0f000b55edc3487c6dee9520cc0b63
ao_grid,10000,230,test,3.9820577183148647,3.9820577183148647,1.0,True,0.0,2,4159,0,ao_grid_coordinate_codebook,analytical_ris_equal_allocation,"[1.8379856145928088, 3.9820546960532432, 3.9820577183148647]",[],"{""allocation_levels"": 7, ""beta_levels"": 5, ""phase_levels"": 8}",1642.312534,eb978e84730de4cf1e0579ad9e17edb700c67ba6eceac89d1fe3698763a419f7,fc61d5cda7da39530055bae9bd0e92865f995cd9,4e84455d08cacd9f85c432f7838c3be2cb0f000b55edc3487c6dee9520cc0b63
ao_grid,10000,231,test,3.9820520505385697,3.9820520505385697,1.0,True,0.0,2,4159,0,ao_grid_coordinate_codebook,analytical_ris_equal_allocation,"[1.8379415836692203, 3.982046623455738, 3.9820520505385697]",[],"{""allocation_levels"": 7, ""beta_levels"": 5, ""phase_levels"": 8}",1665.278509,eb978e84730de4cf1e0579ad9e17edb700c67ba6eceac89d1fe3698763a419f7,fc61d5cda7da39530055bae9bd0e92865f995cd9,4e84455d08cacd9f85c432f7838c3be2cb0f000b55edc3487c6dee9520cc0b63
ao_grid,10000,232,test,3.9820547558714683,3.9820547558714683,1.0,True,0.0,2,4159,0,ao_grid_coordinate_codebook,analytical_ris_equal_allocation,"[1.8379820083136051, 3.9820521234518855, 3.9820547558714683]",[],"{""allocation_levels"": 7, ""beta_levels"": 5, ""phase_levels"": 8}",1704.410266,eb978e84730de4cf1e0579ad9e17edb700c67ba6eceac89d1fe3698763a419f7,fc61d5cda7da39530055bae9bd0e92865f995cd9,4e84455d08cacd9f85c432f7838c3be2cb0f000b55edc3487c6dee9520cc0b63
ao_grid,10000,233,test,3.982056086818271,3.982056086818271,1.0,True,0.0,2,4159,0,ao_grid_coordinate_codebook,analytical_ris_equal_allocation,"[1.8379849307761813, 3.982055002241717, 3.982056086818271]",[],"{""allocation_levels"": 7, ""beta_levels"": 5, ""phase_levels"": 8}",1649.070881,eb978e84730de4cf1e0579ad9e17edb700c67ba6eceac89d1fe3698763a419f7,fc61d5cda7da39530055bae9bd0e92865f995cd9,4e84455d08cacd9f85c432f7838c3be2cb0f000b55edc3487c6dee9520cc0b63
ao_grid,10000,234,test,3.982059601613433,3.982059601613433,1.0,True,0.0,2,4159,0,ao_grid_coordinate_codebook,analytical_ris_equal_allocation,"[1.8380009141707159, 3.9820584362437836, 3.982059601613433]",[],"{""allocation_levels"": 7, ""beta_levels"": 5, ""phase_levels"": 8}",1630.346348,eb978e84730de4cf1e0579ad9e17edb700c67ba6eceac89d1fe3698763a419f7,fc61d5cda7da39530055bae9bd0e92865f995cd9,4e84455d08cacd9f85c432f7838c3be2cb0f000b55edc3487c6dee9520cc0b63
ao_grid,10000,235,test,3.982057032720377,3.982057032720377,1.0,True,0.0,2,4159,0,ao_grid_coordinate_codebook,analytical_ris_equal_allocation,"[1.8379859678140305, 3.9820545963148373, 3.982057032720377]",[],"{""allocation_levels"": 7, ""beta_levels"": 5, ""phase_levels"": 8}",1616.184309,eb978e84730de4cf1e0579ad9e17edb700c67ba6eceac89d1fe3698763a419f7,fc61d5cda7da39530055bae9bd0e92865f995cd9,4e84455d08cacd9f85c432f7838c3be2cb0f000b55edc3487c6dee9520cc0b63
ao_grid,10000,236,test,3.982055712473416,3.982055712473416,1.0,True,0.0,2,4159,0,ao_grid_coordinate_codebook,analytical_ris_equal_allocation,"[1.8379732697735183, 3.982053930987907, 3.982055712473416]",[],"{""allocation_levels"": 7, ""beta_levels"": 5, ""phase_levels"": 8}",1639.070829,eb978e84730de4cf1e0579ad9e17edb700c67ba6eceac89d1fe3698763a419f7,fc61d5cda7da39530055bae9bd0e92865f995cd9,4e84455d08cacd9f85c432f7838c3be2cb0f000b55edc3487c6dee9520cc0b63
ao_grid,10000,237,test,3.9820555745567887,3.9820555745567887,1.0,True,0.0,2,4159,0,ao_grid_coordinate_codebook,analytical_ris_equal_allocation,"[1.837989900739398, 3.982054514346443, 3.9820555745567887]",[],"{""allocation_levels"": 7, ""beta_levels"": 5, ""phase_levels"": 8}",1636.604657,eb978e84730de4cf1e0579ad9e17edb700c67ba6eceac89d1fe3698763a419f7,fc61d5cda7da39530055bae9bd0e92865f995cd9,4e84455d08cacd9f85c432f7838c3be2cb0f000b55edc3487c6dee9520cc0b63
ao_grid,10000,238,test,3.982057973617945,3.982057973617945,1.0,True,0.0,2,4159,0,ao_grid_coordinate_codebook,analytical_ris_equal_allocation,"[1.8379891556180639, 3.982056280466207, 3.982057973617945]",[],"{""allocation_levels"": 7, ""beta_levels"": 5, ""phase_levels"": 8}",1694.316309,eb978e84730de4cf1e0579ad9e17edb700c67ba6eceac89d1fe3698763a419f7,fc61d5cda7da39530055bae9bd0e92865f995cd9,4e84455d08cacd9f85c432f7838c3be2cb0f000b55edc3487c6dee9520cc0b63
ao_grid,10000,239,test,3.982060195288343,3.982060195288343,1.0,True,0.0,2,4159,0,ao_grid_coordinate_codebook,analytical_ris_equal_allocation,"[1.8379858833049065, 3.982058520138656, 3.982060195288343]",[],"{""allocation_levels"": 7, ""beta_levels"": 5, ""phase_levels"": 8}",1639.501513,eb978e84730de4cf1e0579ad9e17edb700c67ba6eceac89d1fe3698763a419f7,fc61d5cda7da39530055bae9bd0e92865f995cd9,4e84455d08cacd9f85c432f7838c3be2cb0f000b55edc3487c6dee9520cc0b63
ao_grid,10000,240,test,3.9820571070144752,3.9820571070144752,1.0,True,0.0,2,4159,0,ao_grid_coordinate_codebook,analytical_ris_equal_allocation,"[1.8379928541089907, 3.98205597021612, 3.9820571070144752]",[],"{""allocation_levels"": 7, ""beta_levels"": 5, ""phase_levels"": 8}",1629.442153,eb978e84730de4cf1e0579ad9e17edb700c67ba6eceac89d1fe3698763a419f7,fc61d5cda7da39530055bae9bd0e92865f995cd9,4e84455d08cacd9f85c432f7838c3be2cb0f000b55edc3487c6dee9520cc0b63
ao_grid,10000,241,test,3.9820557259331193,3.9820557259331193,1.0,True,0.0,2,4159,0,ao_grid_coordinate_codebook,analytical_ris_equal_allocation,"[1.8379919188702476, 3.982054366726343, 3.9820557259331193]",[],"{""allocation_levels"": 7, ""beta_levels"": 5, ""phase_levels"": 8}",1597.526284,eb978e84730de4cf1e0579ad9e17edb700c67ba6eceac89d1fe3698763a419f7,fc61d5cda7da39530055bae9bd0e92865f995cd9,4e84455d08cacd9f85c432f7838c3be2cb0f000b55edc3487c6dee9520cc0b63
ao_grid,10000,242,test,3.9820590103737414,3.9820590103737414,1.0,True,0.0,2,4159,0,ao_grid_coordinate_codebook,analytical_ris_equal_allocation,"[1.83798744925654, 3.9820570446246575, 3.9820590103737414]",[],"{""allocation_levels"": 7, ""beta_levels"": 5, ""phase_levels"": 8}",1612.382848,eb978e84730de4cf1e0579ad9e17edb700c67ba6eceac89d1fe3698763a419f7,fc61d5cda7da39530055bae9bd0e92865f995cd9,4e84455d08cacd9f85c432f7838c3be2cb0f000b55edc3487c6dee9520cc0b63
ao_grid,10000,243,test,3.9820589517792246,3.9820589517792246,1.0,True,0.0,2,4159,0,ao_grid_coordinate_codebook,analytical_ris_equal_allocation,"[1.8379880285746912, 3.982057557771655, 3.9820589517792246]",[],"{""allocation_levels"": 7, ""beta_levels"": 5, ""phase_levels"": 8}",1645.822956,eb978e84730de4cf1e0579ad9e17edb700c67ba6eceac89d1fe3698763a419f7,fc61d5cda7da39530055bae9bd0e92865f995cd9,4e84455d08cacd9f85c432f7838c3be2cb0f000b55edc3487c6dee9520cc0b63
ao_grid,10000,244,test,3.982051367548409,3.982051367548409,1.0,True,0.0,2,4159,0,ao_grid_coordinate_codebook,analytical_ris_equal_allocation,"[1.8379600378932246, 3.982049952571925, 3.982051367548409]",[],"{""allocation_levels"": 7, ""beta_levels"": 5, ""phase_levels"": 8}",1704.172555,eb978e84730de4cf1e0579ad9e17edb700c67ba6eceac89d1fe3698763a419f7,fc61d5cda7da39530055bae9bd0e92865f995cd9,4e84455d08cacd9f85c432f7838c3be2cb0f000b55edc3487c6dee9520cc0b63
ao_grid,10000,245,test,3.9820619052547244,3.9820619052547244,1.0,True,0.0,2,4159,0,ao_grid_coordinate_codebook,analytical_ris_equal_allocation,"[1.8380051688693055, 3.9820611626881677, 3.9820619052547244]",[],"{""allocation_levels"": 7, ""beta_levels"": 5, ""phase_levels"": 8}",1616.525752,eb978e84730de4cf1e0579ad9e17edb700c67ba6eceac89d1fe3698763a419f7,fc61d5cda7da39530055bae9bd0e92865f995cd9,4e84455d08cacd9f85c432f7838c3be2cb0f000b55edc3487c6dee9520cc0b63
ao_grid,10000,246,test,3.9820592589283565,3.9820592589283565,1.0,True,0.0,2,4159,0,ao_grid_coordinate_codebook,analytical_ris_equal_allocation,"[1.8379889690440723, 3.9820577509219293, 3.9820592589283565]",[],"{""allocation_levels"": 7, ""beta_levels"": 5, ""phase_levels"": 8}",1653.665823,eb978e84730de4cf1e0579ad9e17edb700c67ba6eceac89d1fe3698763a419f7,fc61d5cda7da39530055bae9bd0e92865f995cd9,4e84455d08cacd9f85c432f7838c3be2cb0f000b55edc3487c6dee9520cc0b63
ao_grid,10000,247,test,3.9820640018160542,3.9820640018160542,1.0,True,0.0,2,4159,0,ao_grid_coordinate_codebook,analytical_ris_equal_allocation,"[1.8380047240889523, 3.982062199545673, 3.9820640018160542]",[],"{""allocation_levels"": 7, ""beta_levels"": 5, ""phase_levels"": 8}",1727.356481,eb978e84730de4cf1e0579ad9e17edb700c67ba6eceac89d1fe3698763a419f7,fc61d5cda7da39530055bae9bd0e92865f995cd9,4e84455d08cacd9f85c432f7838c3be2cb0f000b55edc3487c6dee9520cc0b63
ao_grid,10000,248,test,3.9820635067776022,3.9820635067776022,1.0,True,0.0,2,4159,0,ao_grid_coordinate_codebook,analytical_ris_equal_allocation,"[1.8379992635490399, 3.9820611297186845, 3.9820635067776022]",[],"{""allocation_levels"": 7, ""beta_levels"": 5, ""phase_levels"": 8}",1669.406449,eb978e84730de4cf1e0579ad9e17edb700c67ba6eceac89d1fe3698763a419f7,fc61d5cda7da39530055bae9bd0e92865f995cd9,4e84455d08cacd9f85c432f7838c3be2cb0f000b55edc3487c6dee9520cc0b63
ao_grid,10000,249,test,3.9820638981104928,3.9820638981104928,1.0,True,0.0,2,4159,0,ao_grid_coordinate_codebook,analytical_ris_equal_allocation,"[1.838009465351627, 3.9820619544035836, 3.9820638981104928]",[],"{""allocation_levels"": 7, ""beta_levels"": 5, ""phase_levels"": 8}",1678.112536,eb978e84730de4cf1e0579ad9e17edb700c67ba6eceac89d1fe3698763a419f7,fc61d5cda7da39530055bae9bd0e92865f995cd9,4e84455d08cacd9f85c432f7838c3be2cb0f000b55edc3487c6dee9520cc0b63
