method,seed,scenario,split,sum_rate,reward,qos_fraction,all_qos,violation,iterations,evaluations,accepted_steps,solver,initialization,objective_history,surrogate_records,grid,solve_ms,config_hash,git_commit,bank_checksum
ao_grid,10000,0,test,3.9814174690778463,3.9814174690778463,1.0,True,0.0,2,799,0,ao_grid_coordinate_codebook,analytical_ris_equal_allocation,"[1.8306694710280784, 3.981072248222373, 3.9814174690778463]",[],"{""allocation_levels"": 7, ""beta_levels"": 5, ""phase_levels"": 8}",308.077519,ebd605c7656308e79f486476ed71990b8de1f5e7e74875072300d3e4ab7e7ba2,fc61d5cda7da39530055bae9bd0e92865f995cd9,ee98d51d23f2f29facb379bf4250dad3e33d568085dfd332a582372e84151ce7
ao_grid,10000,1,test,3.9808960990519533,3.9808960990519533,1.0,True,0.0,2,799,0,ao_grid_coordinate_codebook,analytical_ris_equal_allocation,"[1.82673541913052, 3.980366126949049, 3.9808960990519533]",[],"{""allocation_levels"": 7, ""beta_levels"": 5, ""phase_levels"": 8}",303.534333,ebd605c7656308e79f486476ed71990b8de1f5e7e74875072300d3e4ab7e7ba2,fc61d5cda7da39530055bae9bd0e92865f995cd9,ee98d51d23f2f29facb379bf4250dad3e33d568085dfd332a582372e84151ce7
ao_grid,10000,2,test,3.9813734251387674,3.9813734251387674,1.0,True,0.0,2,799,0,ao_grid_coordinate_codebook,analytical_ris_equal_allocation,"[1.8300692375800949, 3.9810733399683214, 3.9813734251387674]",[],"{""allocation_levels"": 7, ""beta_levels"": 5, ""phase_levels"": 8}",302.518206,ebd605c7656308e79f486476ed71990b8de1f5e7e74875072300d3e4ab7e7ba2,fc61d5cda7da39530055bae9bd0e92865f995cd9,ee98d51d23f2f29facb379bf4250dad3e33d568085dfd332a582372e84151ce7
ao_grid,10000,3,test,3.9810955180563647,3.9810955180563647,1.0,True,0.0,2,799,0,ao_grid_coordinate_codebook,analytical_ris_equal_allocation,"[1.8309450617466885, 3.9809450464937206, 3.9810955180563647]",[],"{""allocation_levels"": 7, ""beta_levels"": 5, ""phase_levels"": 8}",295.240522,ebd605c7656308e79f486476ed71990b8de1f5e7e74875072300d3e4ab7e7ba2,fc61d5cda7da39530055bae9bd0e92865f995cd9,ee98d51d23f2f29facb379bf4250dad3e33d568085dfd332a582372e84151ce7
ao_grid,10000,4,test,3.981498603220433,3.981498603220433,1.0,True,0.0,2,799,0,ao_grid_coordinate_codebook,analytical_ris_equal_allocation,"[1.8300344682157468, 3.981334093437621, 3.981498603220433]",[],"{""allocation_levels"": 7, ""beta_levels"": 5, ""phase_levels"": 8}",299.203079,ebd605c7656308e79f486476ed71990b8de1f5e7e74875072300d3e4ab7e7ba2,fc61d5cda7da39530055bae9bd0e92865f995cd9,ee98d51d23f2f29facb379bf4250dad3e33d568085dfd332a582372e84151ce7
ao_grid,10000,5,test,3.98147750543706,3.98147750543706,1.0,True,0.0,2,799,0,ao_grid_coordinate_codebook,analytical_ris_equal_allocation,"[1.836392791918246, 3.9814328972821826, 3.98147750543706]",[],"{""allocation_levels"": 7, ""beta_levels"": 5, ""phase_levels"": 8}",302.077303,ebd605c7656308e79f486476ed71990b8de1f5e7e74875072300d3e4ab7e7ba2,fc61d5cda7da39530055bae9bd0e92865f995cd9,ee98d51d23f2f29facb379bf4250dad3e33d568085dfd332a582372e84151ce7
ao_grid,10000,6,test,3.9817658159428175,3.9817658159428175,1.0,True,0.0,2,799,0,ao_grid_coordinate_codebook,analytical_ris_equal_allocation,"[1.8360552884600962, 3.9817359348026073, 3.9817658159428175]",[],"{""allocation_levels"": 7, ""beta_levels"": 5, ""phase_levels"": 8}",305.147553,ebd605c7656308e79f486476ed71990b8de1f5e7e74875072300d3e4ab7e7ba2,fc61d5cda7da39530055bae9bd0e92865f995cd9,ee98d51d23f2f29facb379bf4250dad3e33d568085dfd332a582372e84151ce7
ao_grid,10000,7,test,3.981291654142055,3.981291654142055,1.0,True,0.0,2,799,0,ao_grid_coordinate_codebook,analytical_ris_equal_allocation,"[1.8345576777508759, 3.9812290214180255, 3.981291654142055]",[],"{""allocation_levels"": 7, ""beta_levels"": 5, ""phase_levels"": 8}",299.555054,ebd605c7656308e79f486476ed71990b8de1f5e7e74875072300d3e4ab7e7ba2,fc61d5cda7da39530055bae9bd0e92865f995cd9,ee98d51d23f2f29facb379bf4250dad3e33d568085dfd332a582372e84151ce7
ao_grid,10000,8,test,3.9816681972343746,3.9816681972343746,1.0,True,0.0,2,799,0,ao_grid_coordinate_codebook,analytical_ris_equal_allocation,"[1.836677626864867, 3.9816232797658246, 3.9816681972343746]",[],"{""allocation_levels"": 7, ""beta_levels"": 5, ""phase_levels"": 8}",317.1836,ebd605c7656308e79f486476ed71990b8de1f5e7e74875072300d3e4ab7e7ba2,fc61d5cda7da39530055bae9bd0e92865f995cd9,ee98d51d23f2f29facb379bf4250dad3e33d568085dfd332a582372e84151ce7
ao_grid,10000,9,test,3.9813001199433042,3.9813001199433042,1.0,True,0.0,2,799,0,ao_grid_coordinate_codebook,analytical_ris_equal_allocation,"[1.8341208072471031, 3.9812311520576142, 3.9813001199433042]",[],"{""allocation_levels"": 7, ""beta_levels"": 5, ""phase_levels"": 8}",333.999924,ebd605c7656308e79f486476ed71990b8de1f5e7e74875072300d3e4ab7e7ba2,fc61d5cda7da39530055bae9bd0e92865f995cd9,ee98d51d23f2f29facb379bf4250dad3e33d568085dfd332a582372e84151ce7
ao_grid,10000,10,test,3.9812676395859072,3.9812676395859072,1.0,True,0.0,2,799,0,ao_grid_coordinate_codebook,analytical_ris_equal_allocation,"[1.8346444141145104, 3.981168155452248, 3.9812676395859072]",[],"{""allocation_levels"": 7, ""beta_levels"": 5, ""phase_levels"": 8}",328.530255,ebd605c7656308e79f486476ed71990b8de1f5e7e74875072300d3e4ab7e7ba2,fc61d5cda7da39530055bae9bd0e92865f995cd9,ee98d51d23f2f29facb379bf4250dad3e33d568085dfd332a582372e84151ce7
ao_grid,10000,11,test,3.9814933243515673,3.9814933243515673,1.0,True,0.0,2,799,0,ao_grid_coordinate_codebook,analytical_ris_equal_allocation,"[1.833849839527497, 3.981392090118191, 3.9814933243515673]",[],"{""allocation_levels"": 7, ""beta_levels"": 5, ""phase_levels"": 8}",310.10914,ebd605c7656308e79f486476ed71990b8de1f5e7e74875072300d3e4ab7e7ba2,fc61d5cda7da39530055bae9bd0e92865f995cd9,ee98d51d23f2f29facb379bf4250dad3e33d568085dfd332a582372e84151ce7
ao_grid,10000,12,test,3.980815079170527,3.980815079170527,1.0,True,0.0,2,799,0,ao_grid_coordinate_codebook,analytical_ris_equal_allocation,"[1.8068600317649381, 3.980623795530336, 3.980815079170527]",[],"{""allocation_levels"": 7, ""beta_levels"": 5, ""phase_levels"": 8}",311.066805,ebd605c7656308e79f486476ed71990b8de1f5e7e74875072300d3e4ab7e7ba2,fc61d5cda7da39530055bae9bd0e92865f995cd9,ee98d51d23f2f29facb379bf4250dad3e33d568085dfd332a582372e84151ce7
ao_grid,10000,13,test,3.9812791806067804,3.9812791806067804,1.0,True,0.0,2,799,0,ao_grid_coordinate_codebook,analytical_ris_equal_allocation,"[1.8355686651513035, 3.9811810883509557, 3.9812791806067804]",[],"{""allocation_levels"": 7, ""beta_levels"": 5, ""phase_levels"": 8}",317.298838,ebd605c7656308e79f486476ed71990b8de1f5e7e74875072300d3e4ab7e7ba2,fc61d5cda7da39530055bae9bd0e92865f995cd9,ee98d51d23f2f29facb379bf4250dad3e33d568085dfd332a582372e84151ce7
ao_grid,10000,14,test,3.981021212022001,3.981021212022001,1.0,True,0.0,2,799,0,ao_grid_coordinate_codebook,analytical_ris_equal_allocation,"[1.8332320293584041, 3.980863647443346, 3.981021212022001]",[],"{""allocation_levels"": 7, ""beta_levels"": 5, ""phase_levels"": 8}",349.822648,ebd605c7656308e79f486476ed71990b8de1f5e7e74875072300d3e4ab7e7ba2,fc61d5cda7da39530055bae9bd0e92865f995cd9,ee98d51d23f2f29facb379bf4250dad3e33d568085dfd332a582372e84151ce7
ao_grid,10000,15,test,3.9813294719447234,3.9813294719447234,1.0,True,0.0,2,799,0,ao_grid_coordinate_codebook,analytical_ris_equal_allocation,"[1.835210252114105, 3.9812335018293883, 3.9813294719447234]",[],"{""allocation_levels"": 7, ""beta_levels"": 5, ""phase_levels"": 8}",307.298843,ebd605c7656308e79f486476ed71990b8de1f5e7e74875072300d3e4ab7e7ba2,fc61d5cda7da39530055bae9bd0e92865f995cd9,ee98d51d23f2f29facb379bf4250dad3e33d568085dfd332a582372e84151ce7
ao_grid,10000,16,test,3.9814646256439676,3.9814646256439676,1.0,True,0.0,2,799,0,ao_grid_coordinate_codebook,analytical_ris_equal_allocation,"[1.8359377222373654, 3.9813991203268144, 3.9814646256439676]",[],"{""allocation_levels"": 7, ""beta_levels"": 5, ""phase_levels"": 8}",304.383759,ebd605c7656308e79f486476ed71990b8de1f5e7e74875072300d3e4ab7e7ba2,fc61d5cda7da39530055bae9bd0e92865f995cd9,ee98d51d23f2f29facb379bf4250dad3e33d568085dfd332a582372e84151ce7
ao_grid,10000,17,test,3.981313820027853,3.981313820027853,1.0,True,0.0,2,799,0,ao_grid_coordinate_codebook,analytical_ris_equal_allocation,"[1.8357939104883574, 3.981290171673759, 3.981313820027853]",[],"{""allocation_levels"": 7, ""beta_levels"": 5, ""phase_levels"": 8}",306.743871,ebd605c7656308e79f486476ed71990b8de1f5e7e74875072300d3e4ab7e7ba2,fc61d5cda7da39530055bae9bd0e92865f995cd9,ee98d51d23f2f29facb379bf4250dad3e33d568085dfd332a582372e84151ce7
ao_grid,10000,18,test,3.9813591139015934,3.9813591139015934,1.0,True,0.0,2,799,0,ao_grid_coordinate_codebook,analytical_ris_equal_allocation,"[1.835536598778426, 3.981318351635495, 3.9813591139015934]",[],"{""allocation_levels"": 7, ""beta_levels"": 5, ""phase_levels"": 8}",309.375997,ebd605c7656308e79f486476ed71990b8de1f5e7e74875072300d3e4ab7e7ba2,fc61d5cda7da39530055bae9bd0e92865f995cd9,ee98d51d23f2f29facb379bf4250dad3e33d568085dfd332a582372e84151ce7
ao_grid,10000,19,test,3.9811430910603605,3.9811430910603605,1.0,True,0.0,2,799,0,ao_grid_coordinate_codebook,analytical_ris_equal_allocation,"[1.8128463443611071, 3.9808122928655494, 3.9811430910603605]",[],"{""allocation_levels"": 7, ""beta_levels"": 5, ""phase_levels"": 8}",305.932831,ebd605c7656308e79f486476ed71990b8de1f5e7e74875072300d3e4ab7e7ba2,fc61d5cda7da39530055bae9bd0e92865f995cd9,ee98d51d23f2f29facb379bf4250dad3e33d568085dfd332a582372e84151ce7
ao_grid,10000,20,test,3.98183038822729,3.98183038822729,1.0,True,0.0,2,799,0,ao_grid_coordinate_codebook,analytical_ris_equal_allocation,"[1.8363162682272784, 3.9817873543808955, 3.98183038822729]",[],"{""allocation_levels"": 7, ""beta_levels"": 5, ""phase_levels"": 8}",299.545714,ebd605c7656308e79f486476ed71990b8de1f5e7e74875072300d3e4ab7e7ba2,fc61d5cda7da39530055bae9bd0e92865f995cd9,ee98d51d23f2f29facb379bf4250dad3e33d568085dfd332a582372e84151ce7
ao_grid,10000,21,test,3.981150981445556,3.981150981445556,1.0,True,0.0,2,799,0,ao_grid_coordinate_codebook,analytical_ris_equal_allocation,"[1.8344890940760608, 3.981077390014951, 3.981150981445556]",[],"{""allocation_levels"": 7, ""beta_levels"": 5, ""phase_levels"": 8}",304.057391,ebd605c7656308e79f486476ed71990b8de1f5e7e74875072300d3e4ab7e7ba2,fc61d5cda7da39530055bae9bd0e92865f995cd9,ee98d51d23f2f29facb379bf4250dad3e33d568085dfd332a582372e84151ce7
ao_grid,10000,22,test,3.9813432637412776,3.9813432637412776,1.0,True,0.0,2,799,0,ao_grid_coordinate_codebook,analytical_ris_equal_allocation,"[1.8350517333009235, 3.9812245027726174, 3.9813432637412776]",[],"{""allocation_levels"": 7, ""beta_levels"": 5, ""phase_levels"": 8}",304.504778,ebd605c7656308e79f486476ed71990b8de1f5e7e74875072300d3e4ab7e7ba2,fc61d5cda7da39530055bae9bd0e92865f995cd9,ee98d51d23f2f29facb379bf4250dad3e33d568085dfd332a582372e84151ce7
ao_grid,10000,23,test,3.981527939158253,3.981527939158253,1.0,True,0.0,2,799,0,ao_grid_coordinate_codebook,analytical_ris_equal_allocation,"[1.8360138389462237, 3.9814815750817707, 3.981527939158253]",[],"{""allocation_levels"": 7, ""beta_levels"": 5, ""phase_levels"": 8}",302.811012,ebd605c7656308e79f486476ed71990b8de1f5e7e74875072300d3e4ab7e7ba2,fc61d5cda7da39530055bae9bd0e92865f995cd9,ee98d51d23f2f29facb379bf4250dad3e33d568085dfd332a582372e84151ce7
ao_grid,10000,24,test,3.981409247534695,3.981409247534695,1.0,True,0.0,2,799,0,ao_grid_coordinate_codebook,analytical_ris_equal_allocation,"[1.8365221694622722, 3.9813785671901414, 3.981409247534695]",[],"{""allocation_levels"": 7, ""beta_levels"": 5, ""phase_levels"": 8}",316.069915,ebd605c7656308e79f486476ed71990b8de1f5e7e74875072300d3e4ab7e7ba2,fc61d5cda7da39530055bae9bd0e92865f995cd9,ee98d51d23f2f29facb379bf4250dad3e33d568085dfd332a582372e84151ce7
ao_grid,10000,25,test,3.98120208981554,3.98120208981554,1.0,True,0.0,2,799,0,ao_grid_coordinate_codebook,analytical_ris_equal_allocation,"[1.8330661902915302, 3.981041105640303, 3.98120208981554]",[],"{""allocation_levels"": 7, ""beta_levels"": 5, ""phase_levels"": 8}",316.466772,ebd605c7656308e79f486476ed71990b8de1f5e7e74875072300d3e4ab7e7ba2,fc61d5cda7da39530055bae9bd0e92865f995cd9,ee98d51d23f2f29facb379bf4250dad3e33d568085dfd332a582372e84151ce7
ao_grid,10000,26,test,3.9813169162203383,3.9813169162203383,1.0,True,0.0,2,799,0,ao_grid_coordinate_codebook,analytical_ris_equal_allocation,"[1.8364269398351187, 3.981222764332691, 3.9813169162203383]",[],"{""allocation_levels"": 7, ""beta_levels"": 5, ""phase_levels"": 8}",311.850487,ebd605c7656308e79f486476ed71990b8de1f5e7e74875072300d3e4ab7e7ba2,fc61d5cda7da39530055bae9bd0e92865f995cd9,ee98d51d23f2f29facb379bf4250dad3e33d568085dfd332a582372e84151ce7
ao_grid,10000,27,test,3.981705461415543,3.981705461415543,1.0,True,0.0,2,799,0,ao_grid_coordinate_codebook,analytical_ris_equal_allocation,"[1.8362768535178169, 3.981649225560128, 3.981705461415543]",[],"{""allocation_levels"": 7, ""beta_levels"": 5, ""phase_levels"": 8}",307.115183,ebd605c7656308e79f486476ed71990b8de1f5e7e74875072300d3e4ab7e7ba2,fc61d5cda7da39530055bae9bd0e92865f995cd9,ee98d51d23f2f29facb379bf4250dad3e33d568085dfd332a582372e84151ce7
ao_grid,10000,28,test,3.98132076864348,3.98132076864348,1.0,True,0.0,2,799,0,ao_grid_coordinate_codebook,analytical_ris_equal_allocation,"[1.8346554712242515, 3.98118310458318, 3.98132076864348]",[],"{""allocation_levels"": 7, ""beta_levels"": 5, ""phase_levels"": 8}",311.413089,ebd605c7656308e79f486476ed71990b8de1f5e7e74875072300d3e4ab7e7ba2,fc61d5cda7da39530055bae9bd0e92865f995cd9,ee98d51d23f2f29facb379bf4250dad3e33d568085dfd332a582372e84151ce7
ao_grid,10000,29,test,3.981184505061557,3.981184505061557,1.0,True,0.0,2,799,0,ao_grid_coordinate_codebook,analytical_ris_equal_allocation,"[1.8313986094033707, 3.981086756113509, 3.981184505061557]",[],"{""allocation_levels"": 7, ""beta_levels"": 5, ""phase_levels"": 8}",314.28228,ebd605c7656308e79f486476ed71990b8de1f5e7e74875072300d3e4ab7e7ba2,fc61d5cda7da39530055bae9bd0e92865f995cd9,ee98d51d23f2f29facb379bf4250dad3e33d568085dfd332a582372e84151ce7
ao_grid,10000,30,test,3.9814606847718244,3.9814606847718244,1.0,True,0.0,2,799,0,ao_grid_coordinate_codebook,analytical_ris_equal_allocation,"[1.8342283644996369, 3.9812908682245953, 3.9814606847718244]",[],"{""allocation_levels"": 7, ""beta_levels"": 5, ""phase_levels"": 8}",306.739591,ebd605c7656308e79f486476ed71990b8de1f5e7e74875072300d3e4ab7e7ba2,fc61d5cda7da39530055bae9bd0e92865f995cd9,ee98d51d23f2f29facb379bf4250dad3e33d568085dfd332a582372e84151ce7
ao_grid,10000,31,test,3.9813629007820275,3.9813629007820275,1.0,True,0.0,2,799,0,ao_grid_coordinate_codebook,analytical_ris_equal_allocation,"[1.8353886967227087, 3.9812790715532556, 3.9813629007820275]",[],"{""allocation_levels"": 7, ""beta_levels"": 5, ""phase_levels"": 8}",322.655272,ebd605c7656308e79f486476ed71990b8de1f5e7e74875072300d3e4ab7e7ba2,fc61d5cda7da39530055bae9bd0e92865f995cd9,ee98d51d23f2f29facb379bf4250dad3e33d568085dfd332a582372e84151ce7
ao_grid,10000,32,test,3.981471367450413,3.981471367450413,1.0,True,0.0,2,799,0,ao_grid_coordinate_codebook,analytical_ris_equal_allocation,"[1.834283650146776, 3.9813274886814978, 3.981471367450413]",[],"{""allocation_levels"": 7, ""beta_levels"": 5, ""phase_levels"": 8}",325.240489,ebd605c7656308e79f486476ed71990b8de1f5e7e74875072300d3e4ab7e7ba2,fc61d5cda7da39530055bae9bd0e92865f995cd9,ee98d51d23f2f29facb379bf4250dad3e33d568085dfd332a582372e84151ce7
ao_grid,10000,33,test,3.98115650221004,3.98115650221004,1.0,True,0.0,2,799,0,ao_grid_coordinate_codebook,analytical_ris_equal_allocation,"[1.8344641504503867, 3.981018418833677, 3.98115650221004]",[],"{""allocation_levels"": 7, ""beta_levels"": 5, ""phase_levels"": 8}",314.889702,ebd605c7656308e79f486476ed71990b8de1f5e7e74875072300d3e4ab7e7ba2,fc61d5cda7da39530055bae9bd0e92865f995cd9,ee98d51d23f2f29facb379bf4250dad3e33d568085dfd332a582372e84151ce7
ao_grid,10000,34,test,3.981545646957516,3.981545646957516,1.0,True,0.0,2,799,0,ao_grid_coordinate_codebook,analytical_ris_equal_allocation,"[1.8345582238581173, 3.9814928188766845, 3.981545646957516]",[],"{""allocation_levels"": 7, ""beta_levels"": 5, ""phase_levels"": 8}",309.94915,ebd605c7656308e79f486476ed71990b8de1f5e7e74875072300d3e4ab7e7ba2,fc61d5cda7da39530055bae9bd0e92865f995cd9,ee98d51d23f2f29facb379bf4250dad3e33d568085dfd332a582372e84151ce7
ao_grid,10000,35,test,3.9812092110479895,3.9812092110479895,1.0,True,0.0,2,799,0,ao_grid_coordinate_codebook,analytical_ris_equal_allocation,"[1.8303683635578032, 3.9808262334615954, 3.9812092110479895]",[],"{""allocation_levels"": 7, ""beta_levels"": 5, ""phase_levels"": 8}",310.550656,ebd605c7656308e79f486476ed71990b8de1f5e7e74875072300d3e4ab7e7ba2,fc61d5cda7da39530055bae9bd0e92865f995cd9,ee98d51d23f2f29facb379bf4250dad3e33d568085dfd332a582372e84151ce7
ao_grid,10000,36,test,3.9815812514939344,3.9815812514939344,1.0,True,0.0,2,799,0,ao_grid_coordinate_codebook,analytical_ris_equal_allocation,"[1.8336956823732256, 3.9814700720006764, 3.9815812514939344]",[],"{""allocation_levels"": 7, ""beta_levels"": 5, ""phase_levels"": 8}",306.08409,ebd605c7656308e79f486476ed71990b8de1f5e7e74875072300d3e4ab7e7ba2,fc61d5cda7da39530055bae9bd0e92865f995cd9,ee98d51d23f2f29facb379bf4250dad3e33d568085dfd332a582372e84151ce7
ao_grid,10000,37,test,3.981387209175086,3.981387209175086,1.0,True,0.0,2,799,0,ao_grid_coordinate_codebook,analytical_ris_equal_allocation,"[1.8357560886103235, 3.981249292642893, 3.981387209175086]",[],"{""allocation_levels"": 7, ""beta_levels"": 5, ""phase_levels"": 8}",311.601348,ebd605c7656308e79f486476ed71990b8de1f5e7e74875072300d3e4ab7e7ba2,fc61d5cda7da39530055bae9bd0e92865f995cd9,ee98d51d23f2f29facb379bf4250dad3e33d568085dfd332a582372e84151ce7
ao_grid,10000,38,test,3.9817197588961286,3.9817197588961286,1.0,True,0.0,2,799,0,ao_grid_coordinate_codebook,analytical_ris_equal_allocation,"[1.8323092575275068, 3.9816022629838828, 3.9817197588961286]",[],"{""allocation_levels"": 7, ""beta_levels"": 5, ""phase_levels"": 8}",303.800872,ebd605c7656308e79f486476ed71990b8de1f5e7e74875072300d3e4ab7e7ba2,fc61d5cda7da39530055bae9bd0e92865f995cd9,ee98d51d23f2f29facb379bf4250dad3e33d568085dfd332a582372e84151ce7
ao_grid,10000,39,test,3.9814619484459897,3.9814619484459897,1.0,True,0.0,2,799,0,ao_grid_coordinate_codebook,analytical_ris_equal_allocation,"[1.8355048617625647, 3.9814121425210507, 3.9814619484459897]",[],"{""allocation_levels"": 7, ""beta_levels"": 5, ""phase_levels"": 8}",295.457354,ebd605c7656308e79f486476ed71990b8de1f5e7e74875072300d3e4ab7e7ba2,fc61d5cda7da39530055bae9bd0e92865f995cd9,ee98d51d23f2f29facb379bf4250dad3e33d568085dfd332a582372e84151ce7
ao_grid,10000,40,test,3.9815187650531154,3.9815187650531154,1.0,True,0.0,2,799,0,ao_grid_coordinate_codebook,analytical_ris_equal_allocation,"[1.8358765099095282, 3.9814917115050017, 3.9815187650531154]",[],"{""allocation_levels"": 7, ""beta_levels"": 5, ""phase_levels"": 8}",292.915537,ebd605c7656308e79f486476ed71990b8de1f5e7e74875072300d3e4ab7e7ba2,fc61d5cda7da39530055bae9bd0e92865f995cd9,ee98d51d23f2f29facb379bf4250dad3e33d568085dfd332a582372e84151ce7
ao_grid,10000,41,test,3.9815602634807004,3.9815602634807004,1.0,True,0.0,2,799,0,ao_grid_coordinate_codebook,analytical_ris_equal_allocation,"[1.8346353370875235, 3.9814864046036917, 3.9815602634807004]",[],"{""allocation_levels"": 7, ""beta_levels"": 5, ""phase_levels"": 8}",306.596539,ebd605c7656308e79f486476ed71990b8de1f5e7e74875072300d3e4ab7e7ba2,fc61d5cda7da39530055bae9bd0e92865f995cd9,ee98d51d23f2f29facb379bf4250dad3e33d568085dfd332a582372e84151ce7
ao_grid,10000,42,test,3.981604007581039,3.981604007581039,1.0,True,0.0,2,799,0,ao_grid_coordinate_codebook,analytical_ris_equal_allocation,"[1.8321956902063452, 3.9814487905164624, 3.981604007581039]",[],"{""allocation_levels"": 7, ""beta_levels"": 5, ""phase_levels"": 8}",301.409013,ebd605c7656308e79f486476ed71990b8de1f5e7e74875072300d3e4ab7e7ba2,fc61d5cda7da39530055bae9bd0e92865f995cd9,ee98d51d23f2f29facb379bf4250dad3e33d568085dfd332a582372e84151ce7
ao_grid,10000,43,test,3.980894147271121,3.980894147271121,1.0,True,0.0,2,799,0,ao_grid_coordinate_codebook,analytical_ris_equal_allocation,"[1.8312647033142873, 3.9804102371999877, 3.980894147271121]",[],"{""allocation_levels"": 7, ""beta_levels"": 5, ""phase_levels"": 8}",299.197622,ebd605c7656308e79f486476ed71990b8de1f5e7e74875072300d3e4ab7e7ba2,fc61d5cda7da39530055bae9bd0e92865f995cd9,ee98d51d23f2f29facb379bf4250dad3e33d568085dfd332a582372e84151ce7
ao_grid,10000,44,test,3.9814527896047314,3.9814527896047314,1.0,True,0.0,2,799,0,ao_grid_coordinate_codebook,analytical_ris_equal_allocation,"[1.8342480444583869, 3.9812745065247155, 3.9814527896047314]",[],"{""allocation_levels"": 7, ""beta_levels"": 5, ""phase_levels"": 8}",305.317155,ebd605c7656308e79f486476ed71990b8de1f5e7e74875072300d3e4ab7e7ba2,fc61d5cda7da39530055bae9bd0e92865f995cd9,ee98d51d23f2f29facb379bf4250dad3e33d568085dfd332a582372e84151ce7
ao_grid,10000,45,test,3.9813797925752974,3.9813797925752974,1.0,True,0.0,2,799,0,ao_grid_coordinate_codebook,analytical_ris_equal_allocation,"[1.835792013532157, 3.9813411496034754, 3.9813797925752974]",[],"{""allocation_levels"": 7, ""beta_levels"": 5, ""phase_levels"": 8}",337.532613,ebd605c7656308e79f486476ed71990b8de1f5e7e74875072300d3e4ab7e7ba2,fc61d5cda7da39530055bae9bd0e92865f995cd9,ee98d51d23f2f29facb379bf4250dad3e33d568085dfd332a582372e84151ce7
ao_grid,10000,46,test,3.9811808996657625,3.9811808996657625,1.0,True,0.0,2,799,0,ao_grid_coordinate_codebook,analytical_ris_equal_allocation,"[1.8345114542628682, 3.980981327494095, 3.9811808996657625]",[],"{""allocation_levels"": 7, ""beta_levels"": 5, ""phase_levels"": 8}",363.935814,ebd605c7656308e79f486476ed71990b8de1f5e7e74875072300d3e4ab7e7ba2,fc61d5cda7da39530055bae9bd0e92865f995cd9,ee98d51d23f2f29facb379bf4250dad3e33d568085dfd332a582372e84151ce7
ao_grid,10000,47,test,3.9816856074349953,3.9816856074349953,1.0,True,0.0,2,799,0,ao_grid_coordinate_codebook,analytical_ris_equal_allocation,"[1.8357979869963834, 3.9815862636058643, 3.9816856074349953]",[],"{""allocation_levels"": 7, ""beta_levels"": 5, ""phase_levels"": 8}",305.20172,ebd605c7656308e79f486476ed71990b8de1f5e7e74875072300d3e4ab7e7ba2,fc61d5cda7da39530055bae9bd0e92865f995cd9,ee98d51d23f2f29facb379bf4250dad3e33d568085dfd332a582372e84151ce7
ao_grid,10000,48,test,3.9814946322256497,3.9814946322256497,1.0,True,0.0,2,799,0,ao_grid_coordinate_codebook,analytical_ris_equal_allocation,"[1.834487823323488, 3.981376421812476, 3.9814946322256497]",[],"{""allocation_levels"": 7, ""beta_levels"": 5, ""phase_levels"": 8}",303.034767,ebd605c7656308e79f486476ed71990b8de1f5e7e74875072300d3e4ab7e7ba2,fc61d5cda7da39530055bae9bd0e92865f995cd9,ee98d51d23f2f29facb379bf4250dad3e33d568085dfd332a582372e84151ce7
ao_grid,10000,49,test,3.981255654816253,3.981255654816253,1.0,True,0.0,2,799,0,ao_grid_coordinate_codebook,analytical_ris_equal_allocation,"[1.8355676497934954, 3.9810715357449427, 3.981255654816253]",[],"{""allocation_levels"": 7, ""beta_levels"": 5, ""phase_levels"": 8}",307.867628,ebd605c7656308e79f486476ed71990b8de1f5e7e74875072300d3e4ab7e7ba2,fc61d5cda7da39530055bae9bd0e92865f995cd9,ee98d51d23f2f29facb379bf4250dad3e33d568085dfd332a582372e84151ce7
ao_grid,10000,50,test,3.9816707937093394,3.9816707937093394,1.0,True,0.0,2,799,0,ao_grid_coordinate_codebook,analytical_ris_equal_allocation,"[1.835742720297387, 3.9816324555971256, 3.9816707937093394]",[],"{""allocation_levels"": 7, ""beta_levels"": 5, ""phase_levels"": 8}",315.027166,ebd605c7656308e79f486476ed71990b8de1f5e7e74875072300d3e4ab7e7ba2,fc61d5cda7da39530055bae9bd0e92865f995cd9,ee98d51d23f2f29facb379bf4250dad3e33d568085dfd332a582372e84151ce7
ao_grid,10000,51,test,3.981597242186379,3.981597242186379,1.0,True,0.0,2,799,0,ao_grid_coordinate_codebook,analytical_ris_equal_allocation,"[1.8361344120979664, 3.9815033016184658, 3.981597242186379]",[],"{""allocation_levels"": 7, ""beta_levels"": 5, ""phase_levels"": 8}",307.892356,ebd605c7656308e79f486476ed71990b8de1f5e7e74875072300d3e4ab7e7ba2,fc61d5cda7da39530055bae9bd0e92865f995cd9,ee98d51d23f2f29facb379bf4250dad3e33d568085dfd332a582372e84151ce7
ao_grid,10000,52,test,3.9810797997834344,3.9810797997834344,1.0,True,0.0,2,799,0,ao_grid_coordinate_codebook,analytical_ris_equal_allocation,"[1.8292270881308166, 3.980555057293927, 3.9810797997834344]",[],"{""allocation_levels"": 7, ""beta_levels"": 5, ""phase_levels"": 8}",319.242354,ebd605c7656308e79f486476ed71990b8de1f5e7e74875072300d3e4ab7e7ba2,fc61d5cda7da39530055bae9bd0e92865f995cd9,ee98d51d23f2f29facb379bf4250dad3e33d568085dfd332a582372e84151ce7
ao_grid,10000,53,test,3.9814918099177725,3.9814918099177725,1.0,True,0.0,2,799,0,ao_grid_coordinate_codebook,analytical_ris_equal_allocation,"[1.8275912948927435, 3.9813455436267886, 3.9814918099177725]",[],"{""allocation_levels"": 7, ""beta_levels"": 5, ""phase_levels"": 8}",316.162847,ebd605c7656308e79f486476ed71990b8de1f5e7e74875072300d3e4ab7e7ba2,fc61d5cda7da39530055bae9bd0e92865f995cd9,ee98d51d23f2f29facb379bf4250dad3e33d568085dfd332a582372e84151ce7
ao_grid,10000,54,test,3.9811825869375643,3.9811825869375643,1.0,True,0.0,2,799,0,ao_grid_coordinate_codebook,analytical_ris_equal_allocation,"[1.8333693099755008, 3.9809376749376204, 3.9811825869375643]",[],"{""allocation_levels"": 7, ""beta_levels"": 5, ""phase_levels"": 8}",304.515331,ebd605c7656308e79f486476ed71990b8de1f5e7e74875072300d3e4ab7e7ba2,fc61d5cda7da39530055bae9bd0e92865f995cd9,ee98d51d23f2f29facb379bf4250dad3e33d568085dfd332a582372e84151ce7
ao_grid,10000,55,test,3.98151849013915,3.98151849013915,1.0,True,0.0,2,799,0,ao_grid_coordinate_codebook,analytical_ris_equal_allocation,"[1.8341190109988197, 3.9811876398752863, 3.98151849013915]",[],"{""allocation_levels"": 7, ""beta_levels"": 5, ""phase_levels"": 8}",306.300982,ebd605c7656308e79f486476ed71990b8de1f5e7e74875072300d3e4ab7e7ba2,fc61d5cda7da39530055bae9bd0e92865f995cd9,ee98d51d23f2f29facb379bf4250dad3e33d568085dfd332a582372e84151ce7
ao_grid,10000,56,test,3.981274622085312,3.981274622085312,1.0,True,0.0,2,799,0,ao_grid_coordinate_codebook,analytical_ris_equal_allocation,"[1.834651356435904, 3.981097704437337, 3.981274622085312]",[],"{""allocation_levels"": 7, ""beta_levels"": 5, ""phase_levels"": 8}",309.517574,ebd605c7656308e79f486476ed71990b8de1f5e7e74875072300d3e4ab7e7ba2,fc61d5cda7da39530055bae9bd0e92865f995cd9,ee98d51d23f2f29facb379bf4250dad3e33d568085dfd332a582372e84151ce7
ao_grid,10000,57,test,3.9814546952624976,3.9814546952624976,1.0,True,0.0,2,799,0,ao_grid_coordinate_codebook,analytical_ris_equal_allocation,"[1.835853792020742, 3.9814136624026486, 3.9814546952624976]",[],"{""allocation_levels"": 7, ""beta_levels"": 5, ""phase_levels"": 8}",291.252249,ebd605c7656308e79f486476ed71990b8de1f5e7e74875072300d3e4ab7e7ba2,fc61d5cda7da39530055bae9bd0e92865f995cd9,ee98d51d23f2f29facb379bf4250dad3e33d568085dfd332a582372e84151ce7
ao_grid,10000,58,test,3.9812049209583122,3.9812049209583122,1.0,True,0.0,2,799,0,ao_grid_coordinate_codebook,analytical_ris_equal_allocation,"[1.8327818934756266, 3.9811360181480824, 3.9812049209583122]",[],"{""allocation_levels"": 7, ""beta_levels"": 5, ""phase_levels"": 8}",297.594174,ebd605c7656308e79f486476ed71990b8de1f5e7e74875072300d3e4ab7e7ba2,fc61d5cda7da39530055bae9bd0e92865f995cd9,ee98d51d23f2f29facb379bf4250dad3e33d568085dfd332a582372e84151ce7
ao_grid,10000,59,test,3.981443950234163,3.981443950234163,1.0,True,0.0,2,799,0,ao_grid_coordinate_codebook,analytical_ris_equal_allocation,"[1.8353351088646834, 3.981304903452453, 3.981443950234163]",[],"{""allocation_levels"": 7, ""beta_levels"": 5, ""phase_levels"": 8}",296.408948,ebd605c7656308e79f486476ed71990b8de1f5e7e74875072300d3e4ab7e7ba2,fc61d5cda7da39530055bae9bd0e92865f995cd9,ee98d51d23f2f29facb379bf4250dad3e33d568085dfd332a582372e84151ce7
ao_grid,10000,60,test,3.9813798728492427,3.9813798728492427,1.0,True,0.0,2,799,0,ao_grid_coordinate_codebook,analytical_ris_equal_allocation,"[1.8048899632552484, 3.9812898849765923, 3.9813798728492427]",[],"{""allocation_levels"": 7, ""beta_levels"": 5, ""phase_levels"": 8}",292.549777,ebd605c7656308e79f486476ed71990b8de1f5e7e74875072300d3e4ab7e7ba2,fc61d5cda7da39530055bae9bd0e92865f995cd9,ee98d51d23f2f29facb379bf4250dad3e33d568085dfd332a582372e84151ce7
ao_grid,10000,61,test,3.9816978973467734,3.9816978973467734,1.0,True,0.0,2,799,0,ao_grid_coordinate_codebook,analytical_ris_equal_allocation,"[1.8366420613687926, 3.9816191019988065, 3.9816978973467734]",[],"{""allocation_levels"": 7, ""beta_levels"": 5, ""phase_levels"": 8}",288.770212,ebd605c7656308e79f486476ed71990b8de1f5e7e74875072300d3e4ab7e7ba2,fc61d5cda7da39530055bae9bd0e92865f995cd9,ee98d51d23f2f29facb379bf4250dad3e33d568085dfd332a582372e84151ce7
ao_grid,10000,62,test,3.9815208960146355,3.9815208960146355,1.0,True,0.0,2,799,0,ao_grid_coordinate_codebook,analytical_ris_equal_allocation,"[1.835107809833287, 3.981373070614188, 3.9815208960146355]",[],"{""allocation_levels"": 7, ""beta_levels"": 5, ""phase_levels"": 8}",291.710759,ebd605c7656308e79f486476ed71990b8de1f5e7e74875072300d3e4ab7e7ba2,fc61d5cda7da39530055bae9bd0e92865f995cd9,ee98d51d23f2f29facb379bf4250dad3e33d568085dfd332a582372e84151ce7
ao_grid,10000,63,test,3.9806626486200933,3.9806626486200933,1.0,True,0.0,2,799,0,ao_grid_coordinate_codebook,analytical_ris_equal_allocation,"[1.830690603510526, 3.9805453098182526, 3.9806626486200933]",[],"{""allocation_levels"": 7, ""beta_levels"": 5, ""phase_levels"": 8}",292.706193,ebd605c7656308e79f486476ed71990b8de1f5e7e74875072300d3e4ab7e7ba2,fc61d5cda7da39530055bae9bd0e92865f995cd9,ee98d51d23f2f29facb379bf4250dad3e33d568085dfd332a582372e84151ce7
ao_grid,10000,64,test,3.981424415525731,3.981424415525731,1.0,True,0.0,2,799,0,ao_grid_coordinate_codebook,analytical_ris_equal_allocation,"[1.83566302501562, 3.98139782712728, 3.981424415525731]",[],"{""allocation_levels"": 7, ""beta_levels"": 5, ""phase_levels"": 8}",301.299066,ebd605c7656308e79f486476ed71990b8de1f5e7e74875072300d3e4ab7e7ba2,fc61d5cda7da39530055bae9bd0e92865f995cd9,ee98d51d23f2f29facb379bf4250dad3e33d568085dfd332a582372e84151ce7
ao_grid,10000,65,test,3.981706113039318,3.981706113039318,1.0,True,0.0,2,799,0,ao_grid_coordinate_codebook,analytical_ris_equal_allocation,"[1.833928208564, 3.9815229244485666, 3.981706113039318]",[],"{""allocation_levels"": 7, ""beta_levels"": 5, ""phase_levels"": 8}",302.324866,ebd605c7656308e79f486476ed71990b8de1f5e7e74875072300d3e4ab7e7ba2,fc61d5cda7da39530055bae9bd0e92865f995cd9,ee98d51d23f2f29facb379bf4250dad3e33d568085dfd332a582372e84151ce7
ao_grid,10000,66,test,3.9811522793910563,3.9811522793910563,1.0,True,0.0,2,799,0,ao_grid_coordinate_codebook,analytical_ris_equal_allocation,"[1.8341552778205559, 3.980929263718534, 3.9811522793910563]",[],"{""allocation_levels"": 7, ""beta_levels"": 5, ""phase_levels"": 8}",297.155466,ebd605c7656308e79f486476ed71990b8de1f5e7e74875072300d3e4ab7e7ba2,fc61d5cda7da39530055bae9bd0e92865f995cd9,ee98d51d23f2f29facb379bf4250dad3e33d568085dfd332a582372e84151ce7
ao_grid,10000,67,test,3.9815655633197173,3.9815655633197173,1.0,True,0.0,2,799,0,ao_grid_coordinate_codebook,analytical_ris_equal_allocation,"[1.8343092186219139, 3.981408711361075, 3.9815655633197173]",[],"{""allocation_levels"": 7, ""beta_levels"": 5, ""phase_levels"": 8}",367.162547,ebd605c7656308e79f486476ed71990b8de1f5e7e74875072300d3e4ab7e7ba2,fc61d5cda7da39530055bae9bd0e92865f995cd9,ee98d51d23f2f29facb379bf4250dad3e33d568085dfd332a582372e84151ce7
ao_grid,10000,68,test,3.981351025152926,3.981351025152926,1.0,True,0.0,2,799,0,ao_grid_coordinate_codebook,analytical_ris_equal_allocation,"[1.8312930972694001, 3.981181966606266, 3.981351025152926]",[],"{""allocation_levels"": 7, ""beta_levels"": 5, ""phase_levels"": 8}",312.972077,ebd605c7656308e79f486476ed71990b8de1f5e7e74875072300d3e4ab7e7ba2,fc61d5cda7da39530055bae9bd0e92865f995cd9,ee98d51d23f2f29facb379bf4250dad3e33d568085dfd332a582372e84151ce7
ao_grid,10000,69,test,3.9814440749874755,3.9814440749874755,1.0,True,0.0,2,799,0,ao_grid_coordinate_codebook,analytical_ris_equal_allocation,"[1.8359639566872918, 3.981348982360168, 3.9814440749874755]",[],"{""allocation_levels"": 7, ""beta_levels"": 5, ""phase_levels"": 8}",325.938654,ebd605c7656308e79f486476ed71990b8de1f5e7e74875072300d3e4ab7e7ba2,fc61d5cda7da39530055bae9bd0e92865f995cd9,ee98d51d23f2f29facb379bf4250dad3e33d568085dfd332a582372e84151ce7
ao_grid,10000,70,test,3.9816327067584334,3.9816327067584334,1.0,True,0.0,2,799,0,ao_grid_coordinate_codebook,analytical_ris_equal_allocation,"[1.8366474155506658, 3.981579088617165, 3.9816327067584334]",[],"{""allocation_levels"": 7, ""beta_levels"": 5, ""phase_levels"": 8}",304.112064,ebd605c7656308e79f486476ed71990b8de1f5e7e74875072300d3e4ab7e7ba2,fc61d5cda7da39530055bae9bd0e92865f995cd9,ee98d51d23f2f29facb379bf4250dad3e33d568085dfd332a582372e84151ce7
ao_grid,10000,71,test,3.981380876593008,3.981380876593008,1.0,True,0.0,2,799,0,ao_grid_coordinate_codebook,analytical_ris_equal_allocation,"[1.8360601403725287, 3.981363562103077, 3.981380876593008]",[],"{""allocation_levels"": 7, ""beta_levels"": 5, ""phase_levels"": 8}",297.251213,ebd605c7656308e79f486476ed71990b8de1f5e7e74875072300d3e4ab7e7ba2,fc61d5cda7da39530055bae9bd0e92865f995cd9,ee98d51d23f2f29facb379bf4250dad3e33d568085dfd332a582372e84151ce7
ao_grid,10000,72,test,3.9816204711062992,3.9816204711062992,1.0,True,0.0,2,799,0,ao_grid_coordinate_codebook,analytical_ris_equal_allocation,"[1.8365030718378645, 3.981598917496108, 3.9816204711062992]",[],"{""allocation_levels"": 7, ""beta_levels"": 5, ""phase_levels"": 8}",305.088944,ebd605c7656308e79f486476ed71990b8de1f5e7e74875072300d3e4ab7e7ba2,fc61d5cda7da39530055bae9bd0e92865f995cd9,ee98d51d23f2f29facb379bf4250dad3e33d568085dfd332a582372e84151ce7
ao_grid,10000,73,test,3.981202586575279,3.981202586575279,1.0,True,0.0,2,799,0,ao_grid_coordinate_codebook,analytical_ris_equal_allocation,"[1.8355982561619049, 3.9811421692662554, 3.981202586575279]",[],"{""allocation_levels"": 7, ""beta_levels"": 5, ""phase_levels"": 8}",302.956889,ebd605c7656308e79f486476ed71990b8de1f5e7e74875072300d3e4ab7e7ba2,fc61d5cda7da39530055bae9bd0e92865f995cd9,ee98d51d23f2f29facb379bf4250dad3e33d568085dfd332a582372e84151ce7
ao_grid,10000,74,test,3.9816485001904045,3.9816485001904045,1.0,True,0.0,2,799,0,ao_grid_coordinate_codebook,analytical_ris_equal_allocation,"[1.8151475186796198, 3.981399475048991, 3.9816485001904045]",[],"{""allocation_levels"": 7, ""beta_levels"": 5, ""phase_levels"": 8}",305.77571,ebd605c7656308e79f486476ed71990b8de1f5e7e74875072300d3e4ab7e7ba2,fc61d5cda7da39530055bae9bd0e92865f995cd9,ee98d51d23f2f29facb379bf4250dad3e33d568085dfd332a582372e84151ce7
ao_grid,10000,75,test,3.9814745434378853,3.9814745434378853,1.0,True,0.0,2,799,0,ao_grid_coordinate_codebook,analytical_ris_equal_allocation,"[1.8278390540248586, 3.9813522131743917, 3.9814745434378853]",[],"{""allocation_levels"": 7, ""beta_levels"": 5, ""phase_levels"": 8}",303.405733,ebd605c7656308e79f486476ed71990b8de1f5e7e74875072300d3e4ab7e7ba2,fc61d5cda7da39530055bae9bd0e92865f995cd9,ee98d51d23f2f29facb379bf4250dad3e33d568085dfd332a582372e84151ce7
ao_grid,10000,76,test,3.981222577753969,3.981222577753969,1.0,True,0.0,2,799,0,ao_grid_coordinate_codebook,analytical_ris_equal_allocation,"[1.8353586201977086, 3.981109158758514, 3.981222577753969]",[],"{""allocation_levels"": 7, ""beta_levels"": 5, ""phase_levels"": 8}",308.063916,ebd605c7656308e79f486476ed71990b8de1f5e7e74875072300d3e4ab7e7ba2,fc61d5cda7da39530055bae9bd0e92865f995cd9,ee98d51d23f2f29facb379bf4250dad3e33d568085dfd332a582372e84151ce7
ao_grid,10000,77,test,3.981269767655602,3.981269767655602,1.0,True,0.0,2,799,0,ao_grid_coordinate_codebook,analytical_ris_equal_allocation,"[1.8020072792928965, 3.981144908620906, 3.981269767655602]",[],"{""allocation_levels"": 7, ""beta_levels"": 5, ""phase_levels"": 8}",335.507826,ebd605c7656308e79f486476ed71990b8de1f5e7e74875072300d3e4ab7e7ba2,fc61d5cda7da39530055bae9bd0e92865f995cd9,ee98d51d23f2f29facb379bf4250dad3e33d568085dfd332a582372e84151ce7
ao_grid,10000,78,test,3.9811083728147882,3.9811083728147882,1.0,True,0.0,2,799,0,ao_grid_coordinate_codebook,analytical_ris_equal_allocation,"[1.8338767154374251, 3.9809300082459314, 3.9811083728147882]",[],"{""allocation_levels"": 7, ""beta_levels"": 5, ""phase_levels"": 8}",333.497024,ebd605c7656308e79f486476ed71990b8de1f5e7e74875072300d3e4ab7e7ba2,fc61d5cda7da39530055bae9bd0e92865f995cd9,ee98d51d23f2f29facb379bf4250dad3e33d568085dfd332a582372e84151ce7
ao_grid,10000,79,test,3.9814193594264724,3.9814193594264724,1.0,True,0.0,2,799,0,ao_grid_coordinate_codebook,analytical_ris_equal_allocation,"[1.8345874737592018, 3.9812740004376845, 3.9814193594264724]",[],"{""allocation_levels"": 7, ""beta_levels"": 5, ""phase_levels"": 8}",311.168507,ebd605c7656308e79f486476ed71990b8de1f5e7e74875072300d3e4ab7e7ba2,fc61d5cda7da39530055bae9bd0e92865f995cd9,ee98d51d23f2f29facb379bf4250dad3e33d568085dfd332a582372e84151ce7
ao_grid,10000,80,test,3.9812156343313623,3.9812156343313623,1.0,True,0.0,2,799,0,ao_grid_coordinate_codebook,analytical_ris_equal_allocation,"[1.834546172715974, 3.9810943444765687, 3.9812156343313623]",[],"{""allocation_levels"": 7, ""beta_levels"": 5, ""phase_levels"": 8}",300.203192,ebd605c7656308e79f486476ed71990b8de1f5e7e74875072300d3e4ab7e7ba2,fc61d5cda7da39530055bae9bd0e92865f995cd9,ee98d51d23f2f29facb379bf4250dad3e33d568085dfd332a582372e84151ce7
ao_grid,10000,81,test,3.9812265185039855,3.9812265185039855,1.0,True,0.0,2,799,0,ao_grid_coordinate_codebook,analytical_ris_equal_allocation,"[1.8120176827506163, 3.980938389853499, 3.9812265185039855]",[],"{""allocation_levels"": 7, ""beta_levels"": 5, ""phase_levels"": 8}",296.44118,ebd605c7656308e79f486476ed71990b8de1f5e7e74875072300d3e4ab7e7ba2,fc61d5cda7da39530055bae9bd0e92865f995cd9,ee98d51d23f2f29facb379bf4250dad3e33d568085dfd332a582372e84151ce7
ao_grid,10000,82,test,3.981624275543851,3.981624275543851,1.0,True,0.0,2,799,0,ao_grid_coordinate_codebook,analytical_ris_equal_allocation,"[1.8364569228048346, 3.9815513533602154, 3.981624275543851]",[],"{""allocation_levels"": 7, ""beta_levels"": 5, ""phase_levels"": 8}",296.175655,ebd605c7656308e79f486476ed71990b8de1f5e7e74875072300d3e4ab7e7ba2,fc61d5cda7da39530055bae9bd0e92865f995cd9,ee98d51d23f2f29facb379bf4250dad3e33d568085dfd332a582372e84151ce7
ao_grid,10000,83,test,3.981327717030914,3.981327717030914,1.0,True,0.0,2,799,0,ao_grid_coordinate_codebook,analytical_ris_equal_allocation,"[1.8350947824881199, 3.9809929799303356, 3.981327717030914]",[],"{""allocation_levels"": 7, ""beta_levels"": 5, ""phase_levels"": 8}",325.313598,ebd605c7656308e79f486476ed71990b8de1f5e7e74875072300d3e4ab7e7ba2,fc61d5cda7da39530055bae9bd0e92865f995cd9,ee98d51d23f2f29facb379bf4250dad3e33d568085dfd332a582372e84151ce7
ao_grid,10000,84,test,3.981391172865596,3.981391172865596,1.0,True,0.0,2,799,0,ao_grid_coordinate_codebook,analytical_ris_equal_allocation,"[1.8359035598776754, 3.981332365283809, 3.981391172865596]",[],"{""allocation_levels"": 7, ""beta_levels"": 5, ""phase_levels"": 8}",319.869974,ebd605c7656308e79f486476ed71990b8de1f5e7e74875072300d3e4ab7e7ba2,fc61d5cda7da39530055bae9bd0e92865f995cd9,ee98d51d23f2f29facb379bf4250dad3e33d568085dfd332a582372e84151ce7
ao_grid,10000,85,test,3.981317349223037,3.981317349223037,1.0,True,0.0,2,799,0,ao_grid_coordinate_codebook,analytical_ris_equal_allocation,"[1.8355703611861542, 3.9812517163141177, 3.981317349223037]",[],"{""allocation_levels"": 7, ""beta_levels"": 5, ""phase_levels"": 8}",303.311613,ebd605c7656308e79f486476ed71990b8de1f5e7e74875072300d3e4ab7e7ba2,fc61d5cda7da39530055bae9bd0e92865f995cd9,ee98d51d23f2f29facb379bf4250dad3e33d568085dfd332a582372e84151ce7
ao_grid,10000,86,test,3.9815659090001363,3.9815659090001363,1.0,True,0.0,2,799,0,ao_grid_coordinate_codebook,analytical_ris_equal_allocation,"[1.819366962586899, 3.981329778373669, 3.9815659090001363]",[],"{""allocation_levels"": 7, ""beta_levels"": 5, ""phase_levels"": 8}",299.754239,ebd605c7656308e79f486476ed71990b8de1f5e7e74875072300d3e4ab7e7ba2,fc61d5cda7da39530055bae9bd0e92865f995cd9,ee98d51d23f2f29facb379bf4250dad3e33d568085dfd332a582372e84151ce7
ao_grid,10000,87,test,3.9816455406160864,3.9816455406160864,1.0,True,0.0,2,799,0,ao_grid_coordinate_codebook,analytical_ris_equal_allocation,"[1.8364835163577025, 3.9815721624524008, 3.9816455406160864]",[],"{""allocation_levels"": 7, ""beta_levels"": 5, ""phase_levels"": 8}",310.814686,ebd605c7656308e79f486476ed71990b8de1f5e7e74875072300d3e4ab7e7ba2,fc61d5cda7da39530055bae9bd0e92865f995cd9,ee98d51d23f2f29facb379bf4250dad3e33d568085dfd332a582372e84151ce7
ao_grid,10000,88,test,3.981298123070202,3.981298123070202,1.0,True,0.0,2,799,0,ao_grid_coordinate_codebook,analytical_ris_equal_allocation,"[1.8272982967510187, 3.981095441558283, 3.981298123070202]",[],"{""allocation_levels"": 7, ""beta_levels"": 5, ""phase_levels"": 8}",302.600871,ebd605c7656308e79f486476ed71990b8de1f5e7e74875072300d3e4ab7e7ba2,fc61d5cda7da39530055bae9bd0e92865f995cd9,ee98d51d23f2f29facb379bf4250dad3e33d568085dfd332a582372e84151ce7
ao_grid,10000,89,test,3.980948047967589,3.980948047967589,1.0,True,0.0,2,799,0,ao_grid_coordinate_codebook,analytical_ris_equal_allocation,"[1.8342485910510173, 3.9807950326508603, 3.980948047967589]",[],"{""allocation_levels"": 7, ""beta_levels"": 5, ""phase_levels"": 8}",299.758514,ebd605c7656308e79f486476ed71990b8de1f5e7e74875072300d3e4ab7e7ba2,fc61d5cda7da39530055bae9bd0e92865f995cd9,ee98d51d23f2f29facb379bf4250dad3e33d568085dfd332a582372e84151ce7
ao_grid,10000,90,test,3.9809285324957973,3.9809285324957973,1.0,True,0.0,2,799,0,ao_grid_coordinate_codebook,analytical_ris_equal_allocation,"[1.818218237656717, 3.980425682158281, 3.9809285324957973]",[],"{""allocation_levels"": 7, ""beta_levels"": 5, ""phase_levels"": 8}",301.012507,ebd605c7656308e79f486476ed71990b8de1f5e7e74875072300d3e4ab7e7ba2,fc61d5cda7da39530055bae9bd0e92865f995cd9,ee98d51d23f2f29facb379bf4250dad3e33d568085dfd332a582372e84151ce7
ao_grid,10000,91,test,3.9814964308893086,3.9814964308893086,1.0,True,0.0,2,799,0,ao_grid_coordinate_codebook,analytical_ris_equal_allocation,"[1.8355346881809327, 3.9814508531295556, 3.9814964308893086]",[],"{""allocation_levels"": 7, ""beta_levels"": 5, ""phase_levels"": 8}",300.453357,ebd605c7656308e79f486476ed71990b8de1f5e7e74875072300d3e4ab7e7ba2,fc61d5cda7da39530055bae9bd0e92865f995cd9,ee98d51d23f2f29facb379bf4250dad3e33d568085dfd332a582372e84151ce7
ao_grid,10000,92,test,3.9814373736645274,3.9814373736645274,1.0,True,0.0,2,799,0,ao_grid_coordinate_codebook,analytical_ris_equal_allocation,"[1.8309647283985973, 3.981264481415578, 3.9814373736645274]",[],"{""allocation_levels"": 7, ""beta_levels"": 5, ""phase_levels"": 8}",305.337054,ebd605c7656308e79f486476ed71990b8de1f5e7e74875072300d3e4ab7e7ba2,fc61d5cda7da39530055bae9bd0e92865f995cd9,ee98d51d23f2f29facb379bf4250dad3e33d568085dfd332a582372e84151ce7
ao_grid,10000,93,test,3.981453803865966,3.981453803865966,1.0,True,0.0,2,799,0,ao_grid_coordinate_codebook,analytical_ris_equal_allocation,"[1.8359828493487111, 3.981420668251074, 3.981453803865966]",[],"{""allocation_levels"": 7, ""beta_levels"": 5, ""phase_levels"": 8}",299.53715,ebd605c7656308e79f486476ed71990b8de1f5e7e74875072300d3e4ab7e7ba2,fc61d5cda7da39530055bae9bd0e92865f995cd9,ee98d51d23f2f29facb379bf4250dad3e33d568085dfd332a582372e84151ce7
ao_grid,10000,94,test,3.9814315679395884,3.9814315679395884,1.0,True,0.0,2,799,0,ao_grid_coordinate_codebook,analytical_ris_equal_allocation,"[1.8357071812777923, 3.981408929583245, 3.9814315679395884]",[],"{""allocation_levels"": 7, ""beta_levels"": 5, ""phase_levels"": 8}",299.345619,ebd605c7656308e79f486476ed71990b8de1f5e7e74875072300d3e4ab7e7ba2,fc61d5cda7da39530055bae9bd0e92865f995cd9,ee98d51d23f2f29facb379bf4250dad3e33d568085dfd332a582372e84151ce7
ao_grid,10000,95,test,3.981433063871547,3.981433063871547,1.0,True,0.0,2,799,0,ao_grid_coordinate_codebook,analytical_ris_equal_allocation,"[1.835791292077906, 3.9813031084452537, 3.981433063871547]",[],"{""allocation_levels"": 7, ""beta_levels"": 5, ""phase_levels"": 8}",296.063583,ebd605c7656308e79f486476ed71990b8de1f5e7e74875072300d3e4ab7e7ba2,fc61d5cda7da39530055bae9bd0e92865f995cd9,ee98d51d23f2f29facb379bf4250dad3e33d568085dfd332a582372e84151ce7
ao_grid,10000,96,test,3.9814612550821353,3.9814612550821353,1.0,True,0.0,2,799,0,ao_grid_coordinate_codebook,analytical_ris_equal_allocation,"[1.831504404847003, 3.981187408203222, 3.9814612550821353]",[],"{""allocation_levels"": 7, ""beta_levels"": 5, ""phase_levels"": 8}",300.352729,ebd605c7656308e79f486476ed71990b8de1f5e7e74875072300d3e4ab7e7ba2,fc61d5cda7da39530055bae9bd0e92865f995cd9,ee98d51d23f2f29facb379bf4250dad3e33d568085dfd332a582372e84151ce7
ao_grid,10000,97,test,3.9815251325705887,3.9815251325705887,1.0,True,0.0,2,799,0,ao_grid_coordinate_codebook,analytical_ris_equal_allocation,"[1.8366630275561782, 3.981458103598587, 3.9815251325705887]",[],"{""allocation_levels"": 7, ""beta_levels"": 5, ""phase_levels"": 8}",295.181643,ebd605c7656308e79f486476ed71990b8de1f5e7e74875072300d3e4ab7e7ba2,fc61d5cda7da39530055bae9bd0e92865f995cd9,ee98d51d23f2f29facb379bf4250dad3e33d568085dfd332a582372e84151ce7
ao_grid,10000,98,test,3.9816456673496963,3.9816456673496963,1.0,True,0.0,2,799,0,ao_grid_coordinate_codebook,analytical_ris_equal_allocation,"[1.8355390775063762, 3.9815620625711765, 3.9816456673496963]",[],"{""allocation_levels"": 7, ""beta_levels"": 5, ""phase_levels"": 8}",298.934533,ebd605c7656308e79f486476ed71990b8de1f5e7e74875072300d3e4ab7e7ba2,fc61d5cda7da39530055bae9bd0e92865f995cd9,ee98d51d23f2f29facb379bf4250dad3e33d568085dfd332a582372e84151ce7
ao_grid,10000,99,test,3.981475299990799,3.981475299990799,1.0,True,0.0,2,799,0,ao_grid_coordinate_codebook,analytical_ris_equal_allocation,"[1.836458108694533, 3.9814591331650035, 3.981475299990799]",[],"{""allocation_levels"": 7, ""beta_levels"": 5, ""phase_levels"": 8}",299.011462,ebd605c7656308e79f486476ed71990b8de1f5e7e74875072300d3e4ab7e7ba2,fc61d5cda7da39530055bae9bd0e92865f995cd9,ee98d51d23f2f29facb379bf4250dad3e33d568085dfd332a582372e84151ce7
ao_grid,10000,100,test,3.981697919404945,3.981697919404945,1.0,True,0.0,2,799,0,ao_grid_coordinate_codebook,analytical_ris_equal_allocation,"[1.8352711997877613, 3.981505511358458, 3.981697919404945]",[],"{""allocation_levels"": 7, ""beta_levels"": 5, ""phase_levels"": 8}",291.844588,ebd605c7656308e79f486476ed71990b8de1f5e7e74875072300d3e4ab7e7ba2,fc61d5cda7da39530055bae9bd0e92865f995cd9,ee98d51d23f2f29facb379bf4250dad3e33d568085dfd332a582372e84151ce7
ao_grid,10000,101,test,3.980972283929346,3.980972283929346,1.0,True,0.0,2,799,0,ao_grid_coordinate_codebook,analytical_ris_equal_allocation,"[1.8129982985589652, 3.9807812591020584, 3.980972283929346]",[],"{""allocation_levels"": 7, ""beta_levels"": 5, ""phase_levels"": 8}",300.893835,ebd605c7656308e79f486476ed71990b8de1f5e7e74875072300d3e4ab7e7ba2,fc61d5cda7da39530055bae9bd0e92865f995cd9,ee98d51d23f2f29facb379bf4250dad3e33d568085dfd332a582372e84151ce7
ao_grid,10000,102,test,3.9815886011672936,3.9815886011672936,1.0,True,0.0,2,799,0,ao_grid_coordinate_codebook,analytical_ris_equal_allocation,"[1.836570210504783, 3.981542478928991, 3.9815886011672936]",[],"{""allocation_levels"": 7, ""beta_levels"": 5, ""phase_levels"": 8}",294.724604,ebd605c7656308e79f486476ed71990b8de1f5e7e74875072300d3e4ab7e7ba2,fc61d5cda7da39530055bae9bd0e92865f995cd9,ee98d51d23f2f29facb379bf4250dad3e33d568085dfd332a582372e84151ce7
ao_grid,10000,103,test,3.981162387883911,3.981162387883911,1.0,True,0.0,2,799,0,ao_grid_coordinate_codebook,analytical_ris_equal_allocation,"[1.8351315682687956, 3.981130653138056, 3.981162387883911]",[],"{""allocation_levels"": 7, ""beta_levels"": 5, ""phase_levels"": 8}",290.164525,ebd605c7656308e79f486476ed71990b8de1f5e7e74875072300d3e4ab7e7ba2,fc61d5cda7da39530055bae9bd0e92865f995cd9,ee98d51d23f2f29facb379bf4250dad3e33d568085dfd332a582372e84151ce7
ao_grid,10000,104,test,3.9808782950904416,3.9808782950904416,1.0,True,0.0,2,799,0,ao_grid_coordinate_codebook,analytical_ris_equal_allocation,"[1.517143240636441, 3.979012176085856, 3.9808782950904416]",[],"{""allocation_levels"": 7, ""beta_levels"": 5, ""phase_levels"": 8}",303.237313,ebd605c7656308e79f486476ed71990b8de1f5e7e74875072300d3e4ab7e7ba2,fc61d5cda7da39530055bae9bd0e92865f995cd9,ee98d51d23f2f29facb379bf4250dad3e33d568085dfd332a582372e84151ce7
ao_grid,10000,105,test,3.9810507253563885,3.9810507253563885,1.0,True,0.0,2,799,0,ao_grid_coordinate_codebook,analytical_ris_equal_allocation,"[1.8305998469015172, 3.9806007268127708, 3.9810507253563885]",[],"{""allocation_levels"": 7, ""beta_levels"": 5, ""phase_levels"": 8}",308.06434,ebd605c7656308e79f486476ed71990b8de1f5e7e74875072300d3e4ab7e7ba2,fc61d5cda7da39530055bae9bd0e92865f995cd9,ee98d51d23f2f29facb379bf4250dad3e33d568085dfd332a582372e84151ce7
ao_grid,10000,106,test,3.981604744608299,3.981604744608299,1.0,True,0.0,2,799,0,ao_grid_coordinate_codebook,analytical_ris_equal_allocation,"[1.8360284922968158, 3.981561853993885, 3.981604744608299]",[],"{""allocation_levels"": 7, ""beta_levels"": 5, ""phase_levels"": 8}",307.758808,ebd605c7656308e79f486476ed71990b8de1f5e7e74875072300d3e4ab7e7ba2,fc61d5cda7da39530055bae9bd0e92865f995cd9,ee98d51d23f2f29facb379bf4250dad3e33d568085dfd332a582372e84151ce7
ao_grid,10000,107,test,3.9816070012073954,3.9816070012073954,1.0,True,0.0,2,799,0,ao_grid_coordinate_codebook,analytical_ris_equal_allocation,"[1.8357256154510222, 3.9815892968063835, 3.9816070012073954]",[],"{""allocation_levels"": 7, ""beta_levels"": 5, ""phase_levels"": 8}",298.360501,ebd605c7656308e79f486476ed71990b8de1f5e7e74875072300d3e4ab7e7ba2,fc61d5cda7da39530055bae9bd0e92865f995cd9,ee98d51d23f2f29facb379bf4250dad3e33d568085dfd332a582372e84151ce7
ao_grid,10000,108,test,3.981666784361704,3.981666784361704,1.0,True,0.0,2,799,0,ao_grid_coordinate_codebook,analytical_ris_equal_allocation,"[1.8350331494196053, 3.9815260971349127, 3.981666784361704]",[],"{""allocation_levels"": 7, ""beta_levels"": 5, ""phase_levels"": 8}",297.090718,ebd605c7656308e79f486476ed71990b8de1f5e7e74875072300d3e4ab7e7ba2,fc61d5cda7da39530055bae9bd0e92865f995cd9,ee98d51d23f2f29facb379bf4250dad3e33d568085dfd332a582372e84151ce7
ao_grid,10000,109,test,3.981218889453936,3.981218889453936,1.0,True,0.0,2,799,0,ao_grid_coordinate_codebook,analytical_ris_equal_allocation,"[1.8321945507633546, 3.9810729972127197, 3.981218889453936]",[],"{""allocation_levels"": 7, ""beta_levels"": 5, ""phase_levels"": 8}",306.10621,ebd605c7656308e79f486476ed71990b8de1f5e7e74875072300d3e4ab7e7ba2,fc61d5cda7da39530055bae9bd0e92865f995cd9,ee98d51d23f2f29facb379bf4250dad3e33d568085dfd332a582372e84151ce7
ao_grid,10000,110,test,3.98097770563868,3.98097770563868,1.0,True,0.0,2,799,0,ao_grid_coordinate_codebook,analytical_ris_equal_allocation,"[1.8336408523112944, 3.980718951005598, 3.98097770563868]",[],"{""allocation_levels"": 7, ""beta_levels"": 5, ""phase_levels"": 8}",337.857019,ebd605c7656308e79f486476ed71990b8de1f5e7e74875072300d3e4ab7e7ba2,fc61d5cda7da39530055bae9bd0e92865f995cd9,ee98d51d23f2f29facb379bf4250dad3e33d568085dfd332a582372e84151ce7
ao_grid,10000,111,test,3.981153505223522,3.981153505223522,1.0,True,0.0,2,799,0,ao_grid_coordinate_codebook,analytical_ris_equal_allocation,"[1.834027407057943, 3.981051744099119, 3.981153505223522]",[],"{""allocation_levels"": 7, ""beta_levels"": 5, ""phase_levels"": 8}",305.240568,ebd605c7656308e79f486476ed71990b8de1f5e7e74875072300d3e4ab7e7ba2,fc61d5cda7da39530055bae9bd0e92865f995cd9,ee98d51d23f2f29facb379bf4250dad3e33d568085dfd332a582372e84151ce7
ao_grid,10000,112,test,3.9814177069551997,3.9814177069551997,1.0,True,0.0,2,799,0,ao_grid_coordinate_codebook,analytical_ris_equal_allocation,"[1.8337917149625234, 3.9812918970804887, 3.9814177069551997]",[],"{""allocation_levels"": 7, ""beta_levels"": 5, ""phase_levels"": 8}",305.846245,ebd605c7656308e79f486476ed71990b8de1f5e7e74875072300d3e4ab7e7ba2,fc61d5cda7da39530055bae9bd0e92865f995cd9,ee98d51d23f2f29facb379bf4250dad3e33d568085dfd332a582372e84151ce7
ao_grid,10000,113,test,3.9816872488490227,3.9816872488490227,1.0,True,0.0,2,799,0,ao_grid_coordinate_codebook,analytical_ris_equal_allocation,"[1.8361436143212855, 3.9815890984541538, 3.9816872488490227]",[],"{""allocation_levels"": 7, ""beta_levels"": 5, ""phase_levels"": 8}",299.072933,ebd605c7656308e79f486476ed71990b8de1f5e7e74875072300d3e4ab7e7ba2,fc61d5cda7da39530055bae9bd0e92865f995cd9,ee98d51d23f2f29facb379bf4250dad3e33d568085dfd332a582372e84151ce7
ao_grid,10000,114,test,3.9808528313658975,3.9808528313658975,1.0,True,0.0,2,799,0,ao_grid_coordinate_codebook,analytical_ris_equal_allocation,"[1.8326518429749685, 3.9806323800771457, 3.9808528313658975]",[],"{""allocation_levels"": 7, ""beta_levels"": 5, ""phase_levels"": 8}",304.189312,ebd605c7656308e79f486476ed71990b8de1f5e7e74875072300d3e4ab7e7ba2,fc61d5cda7da39530055bae9bd0e92865f995cd9,ee98d51d23f2f29facb379bf4250dad3e33d568085dfd332a582372e84151ce7
ao_grid,10000,115,test,3.9814137302078914,3.9814137302078914,1.0,True,0.0,2,799,0,ao_grid_coordinate_codebook,analytical_ris_equal_allocation,"[1.8350282606774897, 3.9810832385925035, 3.9814137302078914]",[],"{""allocation_levels"": 7, ""beta_levels"": 5, ""phase_levels"": 8}",313.255077,ebd605c7656308e79f486476ed71990b8de1f5e7e74875072300d3e4ab7e7ba2,fc61d5cda7da39530055bae9bd0e92865f995cd9,ee98d51d23f2f29facb379bf4250dad3e33d568085dfd332a582372e84151ce7
ao_grid,10000,116,test,3.981351374865982,3.981351374865982,1.0,True,0.0,2,799,0,ao_grid_coordinate_codebook,analytical_ris_equal_allocation,"[1.8348006254687341, 3.981234871486384, 3.981351374865982]",[],"{""allocation_levels"": 7, ""beta_levels"": 5, ""phase_levels"": 8}",300.927781,ebd605c7656308e79f486476ed71990b8de1f5e7e74875072300d3e4ab7e7ba2,fc61d5cda7da39530055bae9bd0e92865f995cd9,ee98d51d23f2f29facb379bf4250dad3e33d568085dfd332a582372e84151ce7
ao_grid,10000,117,test,3.9814671525557808,3.9814671525557808,1.0,True,0.0,2,799,0,ao_grid_coordinate_codebook,analytical_ris_equal_allocation,"[1.8351406942525759, 3.981349276734007, 3.9814671525557808]",[],"{""allocation_levels"": 7, ""beta_levels"": 5, ""phase_levels"": 8}",307.002515,ebd605c7656308e79f486476ed71990b8de1f5e7e74875072300d3e4ab7e7ba2,fc61d5cda7da39530055bae9bd0e92865f995cd9,ee98d51d23f2f29facb379bf4250dad3e33d568085dfd332a582372e84151ce7
ao_grid,10000,118,test,3.9814041003933696,3.9814041003933696,1.0,True,0.0,2,799,0,ao_grid_coordinate_codebook,analytical_ris_equal_allocation,"[1.8357654908943062, 3.9813340726226634, 3.9814041003933696]",[],"{""allocation_levels"": 7, ""beta_levels"": 5, ""phase_levels"": 8}",295.785602,ebd605c7656308e79f486476ed71990b8de1f5e7e74875072300d3e4ab7e7ba2,fc61d5cda7da39530055bae9bd0e92865f995cd9,ee98d51d23f2f29facb379bf4250dad3e33d568085dfd332a582372e84151ce7
ao_grid,10000,119,test,3.9814102939655203,3.9814102939655203,1.0,True,0.0,2,799,0,ao_grid_coordinate_codebook,analytical_ris_equal_allocation,"[1.8360122496132223, 3.9813275610704184, 3.9814102939655203]",[],"{""allocation_levels"": 7, ""beta_levels"": 5, ""phase_levels"": 8}",307.544715,ebd605c7656308e79f486476ed71990b8de1f5e7e74875072300d3e4ab7e7ba2,fc61d5cda7da39530055bae9bd0e92865f995cd9,ee98d51d23f2f29facb379bf4250dad3e33d568085dfd332a582372e84151ce7
ao_grid,10000,120,test,3.9804078985529054,3.9804078985529054,1.0,True,0.0,2,799,0,ao_grid_coordinate_codebook,analytical_ris_equal_allocation,"[1.8288280455967951, 3.9802680651857485, 3.9804078985529054]",[],"{""allocation_levels"": 7, ""beta_levels"": 5, ""phase_levels"": 8}",300.818573,ebd605c7656308e79f486476ed71990b8de1f5e7e74875072300d3e4ab7e7ba2,fc61d5cda7da39530055bae9bd0e92865f995cd9,ee98d51d23f2f29facb379bf4250dad3e33d568085dfd332a582372e84151ce7
ao_grid,10000,121,test,3.981566283564363,3.981566283564363,1.0,True,0.0,2,799,0,ao_grid_coordinate_codebook,analytical_ris_equal_allocation,"[1.8363579008121869, 3.981539718594243, 3.981566283564363]",[],"{""allocation_levels"": 7, ""beta_levels"": 5, ""phase_levels"": 8}",308.824403,ebd605c7656308e79f486476ed71990b8de1f5e7e74875072300d3e4ab7e7ba2,fc61d5cda7da39530055bae9bd0e92865f995cd9,ee98d51d23f2f29facb379bf4250dad3e33d568085dfd332a582372e84151ce7
ao_grid,10000,122,test,3.981519494943479,3.981519494943479,1.0,True,0.0,2,799,0,ao_grid_coordinate_codebook,analytical_ris_equal_allocation,"[1.836302335547561, 3.981470651103904, 3.981519494943479]",[],"{""allocation_levels"": 7, ""beta_levels"": 5, ""phase_levels"": 8}",300.581049,ebd605c7656308e79f486476ed71990b8de1f5e7e74875072300d3e4ab7e7ba2,fc61d5cda7da39530055bae9bd0e92865f995cd9,ee98d51d23f2f29facb379bf4250dad3e33d568085dfd332a582372e84151ce7
ao_grid,10000,123,test,3.9817557793787746,3.9817557793787746,1.0,True,0.0,2,799,0,ao_grid_coordinate_codebook,analytical_ris_equal_allocation,"[1.8360905742377094, 3.981678168158859, 3.9817557793787746]",[],"{""allocation_levels"": 7, ""beta_levels"": 5, ""phase_levels"": 8}",302.944329,ebd605c7656308e79f486476ed71990b8de1f5e7e74875072300d3e4ab7e7ba2,fc61d5cda7da39530055bae9bd0e92865f995cd9,ee98d51d23f2f29facb379bf4250dad3e33d568085dfd332a582372e84151ce7
ao_grid,10000,124,test,3.9811274982690614,3.9811274982690614,1.0,True,0.0,2,799,0,ao_grid_coordinate_codebook,analytical_ris_equal_allocation,"[1.834496699299157, 3.9807749031628097, 3.9811274982690614]",[],"{""allocation_levels"": 7, ""beta_levels"": 5, ""phase_levels"": 8}",320.099096,ebd605c7656308e79f486476ed71990b8de1f5e7e74875072300d3e4ab7e7ba2,fc61d5cda7da39530055bae9bd0e92865f995cd9,ee98d51d23f2f29facb379bf4250dad3e33d568085dfd332a582372e84151ce7
ao_grid,10000,125,test,3.9809709365638692,3.9809709365638692,1.0,True,0.0,2,799,0,ao_grid_coordinate_codebook,analytical_ris_equal_allocation,"[1.832697630821506, 3.980812562420976, 3.9809709365638692]",[],"{""allocation_levels"": 7, ""beta_levels"": 5, ""phase_levels"": 8}",301.614134,ebd605c7656308e79f486476ed71990b8de1f5e7e74875072300d3e4ab7e7ba2,fc61d5cda7da39530055bae9bd0e92865f995cd9,ee98d51d23f2f29facb379bf4250dad3e33d568085dfd332a582372e84151ce7
ao_grid,10000,126,test,3.980977079128639,3.980977079128639,1.0,True,0.0,2,799,0,ao_grid_coordinate_codebook,analytical_ris_equal_allocation,"[1.8342113825867687, 3.980508601001451, 3.980977079128639]",[],"{""allocation_levels"": 7, ""beta_levels"": 5, ""phase_levels"": 8}",297.894709,ebd605c7656308e79f486476ed71990b8de1f5e7e74875072300d3e4ab7e7ba2,fc61d5cda7da39530055bae9bd0e92865f995cd9,ee98d51d23f2f29facb379bf4250dad3e33d568085dfd332a582372e84151ce7
ao_grid,10000,127,test,3.981515749271116,3.981515749271116,1.0,True,0.0,2,799,0,ao_grid_coordinate_codebook,analytical_ris_equal_allocation,"[1.8290281095962087, 3.9814368489207057, 3.981515749271116]",[],"{""allocation_levels"": 7, ""beta_levels"": 5, ""phase_levels"": 8}",295.347023,ebd605c7656308e79f486476ed71990b8de1f5e7e74875072300d3e4ab7e7ba2,fc61d5cda7da39530055bae9bd0e92865f995cd9,ee98d51d23f2f29facb379bf4250dad3e33d568085dfd332a582372e84151ce7
ao_grid,10000,128,test,3.981648839135309,3.981648839135309,1.0,True,0.0,2,799,0,ao_grid_coordinate_codebook,analytical_ris_equal_allocation,"[1.8365687613531954, 3.9815867564735505, 3.981648839135309]",[],"{""allocation_levels"": 7, ""beta_levels"": 5, ""phase_levels"": 8}",291.545775,ebd605c7656308e79f486476ed71990b8de1f5e7e74875072300d3e4ab7e7ba2,fc61d5cda7da39530055bae9bd0e92865f995cd9,ee98d51d23f2f29facb379bf4250dad3e33d568085dfd332a582372e84151ce7
ao_grid,10000,129,test,3.9811104128149695,3.9811104128149695,1.0,True,0.0,2,799,0,ao_grid_coordinate_codebook,analytical_ris_equal_allocation,"[1.832760069690708, 3.980732677084617, 3.9811104128149695]",[],"{""allocation_levels"": 7, ""beta_levels"": 5, ""phase_levels"": 8}",286.615289,ebd605c7656308e79f486476ed71990b8de1f5e7e74875072300d3e4ab7e7ba2,fc61d5cda7da39530055bae9bd0e92865f995cd9,ee98d51d23f2f29facb379bf4250dad3e33d568085dfd332a582372e84151ce7
ao_grid,10000,130,test,3.9814039266498717,3.9814039266498717,1.0,True,0.0,2,799,0,ao_grid_coordinate_codebook,analytical_ris_equal_allocation,"[1.8328467169706246, 3.9811766650635514, 3.9814039266498717]",[],"{""allocation_levels"": 7, ""beta_levels"": 5, ""phase_levels"": 8}",292.424299,ebd605c7656308e79f486476ed71990b8de1f5e7e74875072300d3e4ab7e7ba2,fc61d5cda7da39530055bae9bd0e92865f995cd9,ee98d51d23f2f29facb379bf4250dad3e33d568085dfd332a582372e84151ce7
ao_grid,10000,131,test,3.981533737227256,3.981533737227256,1.0,True,0.0,2,799,0,ao_grid_coordinate_codebook,analytical_ris_equal_allocation,"[1.8351983525355229, 3.9813787972310943, 3.981533737227256]",[],"{""allocation_levels"": 7, ""beta_levels"": 5, ""phase_levels"": 8}",295.703523,ebd605c7656308e79f486476ed71990b8de1f5e7e74875072300d3e4ab7e7ba2,fc61d5cda7da39530055bae9bd0e92865f995cd9,ee98d51d23f2f29facb379bf4250dad3e33d568085dfd332a582372e84151ce7
ao_grid,10000,132,test,3.9814751742405816,3.9814751742405816,1.0,True,0.0,2,799,0,ao_grid_coordinate_codebook,analytical_ris_equal_allocation,"[1.833662115341677, 3.9813689231495513, 3.9814751742405816]",[],"{""allocation_levels"": 7, ""beta_levels"": 5, ""phase_levels"": 8}",293.701137,ebd605c7656308e79f486476ed71990b8de1f5e7e74875072300d3e4ab7e7ba2,fc61d5cda7da39530055bae9bd0e92865f995cd9,ee98d51d23f2f29facb379bf4250dad3e33d568085dfd332a582372e84151ce7
ao_grid,10000,133,test,3.9815517365104913,3.9815517365104913,1.0,True,0.0,2,799,0,ao_grid_coordinate_codebook,analytical_ris_equal_allocation,"[1.8357714852589901, 3.981487403879153, 3.9815517365104913]",[],"{""allocation_levels"": 7, ""beta_levels"": 5, ""phase_levels"": 8}",297.119157,ebd605c7656308e79f486476ed71990b8de1f5e7e74875072300d3e4ab7e7ba2,fc61d5cda7da39530055bae9bd0e92865f995cd9,ee98d51d23f2f29facb379bf4250dad3e33d568085dfd332a582372e84151ce7
ao_grid,10000,134,test,3.981481213856395,3.981481213856395,1.0,True,0.0,2,799,0,ao_grid_coordinate_codebook,analytical_ris_equal_allocation,"[1.8356683406819192, 3.981320950109711, 3.981481213856395]",[],"{""allocation_levels"": 7, ""beta_levels"": 5, ""phase_levels"": 8}",301.125265,ebd605c7656308e79f486476ed71990b8de1f5e7e74875072300d3e4ab7e7ba2,fc61d5cda7da39530055bae9bd0e92865f995cd9,ee98d51d23f2f29facb379bf4250dad3e33d568085dfd332a582372e84151ce7
ao_grid,10000,135,test,3.9815007275013743,3.9815007275013743,1.0,True,0.0,2,799,0,ao_grid_coordinate_codebook,analytical_ris_equal_allocation,"[1.8360669809776928, 3.9814105842565883, 3.9815007275013743]",[],"{""allocation_levels"": 7, ""beta_levels"": 5, ""phase_levels"": 8}",295.36829,ebd605c7656308e79f486476ed71990b8de1f5e7e74875072300d3e4ab7e7ba2,fc61d5cda7da39530055bae9bd0e92865f995cd9,ee98d51d23f2f29facb379bf4250dad3e33d568085dfd332a582372e84151ce7
ao_grid,10000,136,test,3.981613484853359,3.981613484853359,1.0,True,0.0,2,799,0,ao_grid_coordinate_codebook,analytical_ris_equal_allocation,"[1.8335181052783367, 3.9815499642199472, 3.981613484853359]",[],"{""allocation_levels"": 7, ""beta_levels"": 5, ""phase_levels"": 8}",297.981262,ebd605c7656308e79f486476ed71990b8de1f5e7e74875072300d3e4ab7e7ba2,fc61d5cda7da39530055bae9bd0e92865f995cd9,ee98d51d23f2f29facb379bf4250dad3e33d568085dfd332a582372e84151ce7
ao_grid,10000,137,test,3.9814044888698863,3.9814044888698863,1.0,True,0.0,2,799,0,ao_grid_coordinate_codebook,analytical_ris_equal_allocation,"[1.8358729825375233, 3.9813740956776096, 3.9814044888698863]",[],"{""allocation_levels"": 7, ""beta_levels"": 5, ""phase_levels"": 8}",299.616935,ebd605c7656308e79f486476ed71990b8de1f5e7e74875072300d3e4ab7e7ba2,fc61d5cda7da39530055bae9bd0e92865f995cd9,ee98d51d23f2f29facb379bf4250dad3e33d568085dfd332a582372e84151ce7
ao_grid,10000,138,test,3.9814009005812845,3.9814009005812845,1.0,True,0.0,2,799,0,ao_grid_coordinate_codebook,analytical_ris_equal_allocation,"[1.836019628917077, 3.9813000552796254, 3.9814009005812845]",[],"{""allocation_levels"": 7, ""beta_levels"": 5, ""phase_levels"": 8}",297.438316,ebd605c7656308e79f486476ed71990b8de1f5e7e74875072300d3e4ab7e7ba2,fc61d5cda7da39530055bae9bd0e92865f995cd9,ee98d51d23f2f29facb379bf4250dad3e33d568085dfd332a582372e84151ce7
ao_grid,10000,139,test,3.9814120396637422,3.9814120396637422,1.0,True,0.0,2,799,0,ao_grid_coordinate_codebook,analytical_ris_equal_allocation,"[1.8353129987712522, 3.9813347828129144, 3.9814120396637422]",[],"{""allocation_levels"": 7, ""beta_levels"": 5, ""phase_levels"": 8}",296.409906,ebd605c7656308e79f486476ed71990b8de1f5e7e74875072300d3e4ab7e7ba2,fc61d5cda7da39530055bae9bd0e92865f995cd9,ee98d51d23f2f29facb379bf4250dad3e33d568085dfd332a582372e84151ce7
ao_grid,10000,140,test,3.9811017661968515,3.9811017661968515,1.0,True,0.0,2,799,0,ao_grid_coordinate_codebook,analytical_ris_equal_allocation,"[1.8337140826171507, 3.9810090735860415, 3.9811017661968515]",[],"{""allocation_levels"": 7, ""beta_levels"": 5, ""phase_levels"": 8}",293.220742,ebd605c7656308e79f486476ed71990b8de1f5e7e74875072300d3e4ab7e7ba2,fc61d5cda7da39530055bae9bd0e92865f995cd9,ee98d51d23f2f29facb379bf4250dad3e33d568085dfd332a582372e84151ce7
ao_grid,10000,141,test,3.981611128901236,3.981611128901236,1.0,True,0.0,2,799,0,ao_grid_coordinate_codebook,analytical_ris_equal_allocation,"[1.8368606752513856, 3.981585094084287, 3.981611128901236]",[],"{""allocation_levels"": 7, ""beta_levels"": 5, ""phase_levels"": 8}",312.177441,ebd605c7656308e79f486476ed71990b8de1f5e7e74875072300d3e4ab7e7ba2,fc61d5cda7da39530055bae9bd0e92865f995cd9,ee98d51d23f2f29facb379bf4250dad3e33d568085dfd332a582372e84151ce7
ao_grid,10000,142,test,3.981422274637082,3.981422274637082,1.0,True,0.0,2,799,0,ao_grid_coordinate_codebook,analytical_ris_equal_allocation,"[1.833243912895193, 3.981101592105139, 3.981422274637082]",[],"{""allocation_levels"": 7, ""beta_levels"": 5, ""phase_levels"": 8}",334.257563,ebd605c7656308e79f486476ed71990b8de1f5e7e74875072300d3e4ab7e7ba2,fc61d5cda7da39530055bae9bd0e92865f995cd9,ee98d51d23f2f29facb379bf4250dad3e33d568085dfd332a582372e84151ce7
ao_grid,10000,143,test,3.9811849991368637,3.9811849991368637,1.0,True,0.0,2,799,0,ao_grid_coordinate_codebook,analytical_ris_equal_allocation,"[1.835152461200107, 3.9811437049129554, 3.9811849991368637]",[],"{""allocation_levels"": 7, ""beta_levels"": 5, ""phase_levels"": 8}",299.742482,ebd605c7656308e79f486476ed71990b8de1f5e7e74875072300d3e4ab7e7ba2,fc61d5cda7da39530055bae9bd0e92865f995cd9,ee98d51d23f2f29facb379bf4250dad3e33d568085dfd332a582372e84151ce7
ao_grid,10000,144,test,3.98149912954571,3.98149912954571,1.0,True,0.0,2,799,0,ao_grid_coordinate_codebook,analytical_ris_equal_allocation,"[1.834174032454226, 3.9813449009557442, 3.98149912954571]",[],"{""allocation_levels"": 7, ""beta_levels"": 5, ""phase_levels"": 8}",306.336957,ebd605c7656308e79f486476ed71990b8de1f5e7e74875072300d3e4ab7e7ba2,fc61d5cda7da39530055bae9bd0e92865f995cd9,ee98d51d23f2f29facb379bf4250dad3e33d568085dfd332a582372e84151ce7
ao_grid,10000,145,test,3.981326066071362,3.981326066071362,1.0,True,0.0,2,799,0,ao_grid_coordinate_codebook,analytical_ris_equal_allocation,"[1.8355689911319235, 3.9812441556265252, 3.981326066071362]",[],"{""allocation_levels"": 7, ""beta_levels"": 5, ""phase_levels"": 8}",305.831608,ebd605c7656308e79f486476ed71990b8de1f5e7e74875072300d3e4ab7e7ba2,fc61d5cda7da39530055bae9bd0e92865f995cd9,ee98d51d23f2f29facb379bf4250dad3e33d568085dfd332a582372e84151ce7
ao_grid,10000,146,test,3.981054973176718,3.981054973176718,1.0,True,0.0,2,799,0,ao_grid_coordinate_codebook,analytical_ris_equal_allocation,"[1.8347802130939013, 3.980887138102937, 3.981054973176718]",[],"{""allocation_levels"": 7, ""beta_levels"": 5, ""phase_levels"": 8}",343.004355,ebd605c7656308e79f486476ed71990b8de1f5e7e74875072300d3e4ab7e7ba2,fc61d5cda7da39530055bae9bd0e92865f995cd9,ee98d51d23f2f29facb379bf4250dad3e33d568085dfd332a582372e84151ce7
ao_grid,10000,147,test,3.9811204324480878,3.9811204324480878,1.0,True,0.0,2,799,0,ao_grid_coordinate_codebook,analytical_ris_equal_allocation,"[1.834238794939788, 3.9809698881133304, 3.9811204324480878]",[],"{""allocation_levels"": 7, ""beta_levels"": 5, ""phase_levels"": 8}",323.643917,ebd605c7656308e79f486476ed71990b8de1f5e7e74875072300d3e4ab7e7ba2,fc61d5cda7da39530055bae9bd0e92865f995cd9,ee98d51d23f2f29facb379bf4250dad3e33d568085dfd332a582372e84151ce7
ao_grid,10000,148,test,3.981071585010067,3.981071585010067,1.0,True,0.0,2,799,0,ao_grid_coordinate_codebook,analytical_ris_equal_allocation,"[1.8267786541010618, 3.980794741336103, 3.981071585010067]",[],"{""allocation_levels"": 7, ""beta_levels"": 5, ""phase_levels"": 8}",316.281123,ebd605c7656308e79f486476ed71990b8de1f5e7e74875072300d3e4ab7e7ba2,fc61d5cda7da39530055bae9bd0e92865f995cd9,ee98d51d23f2f29facb379bf4250dad3e33d568085dfd332a582372e84151ce7
ao_grid,10000,149,test,3.981555176382031,3.981555176382031,1.0,True,0.0,2,799,0,ao_grid_coordinate_codebook,analytical_ris_equal_allocation,"[1.835669967270809, 3.981457794052892, 3.981555176382031]",[],"{""allocation_levels"": 7, ""beta_levels"": 5, ""phase_levels"": 8}",293.838391,ebd605c7656308e79f486476ed71990b8de1f5e7e74875072300d3e4ab7e7ba2,fc61d5cda7da39530055bae9bd0e92865f995cd9,ee98d51d23f2f29facb379bf4250dad3e33d568085dfd332a582372e84151ce7
ao_grid,10000,150,test,3.9809379256252364,3.9809379256252364,1.0,True,0.0,2,799,0,ao_grid_coordinate_codebook,analytical_ris_equal_allocation,"[1.815184277526505, 3.9806529774176065, 3.9809379256252364]",[],"{""allocation_levels"": 7, ""beta_levels"": 5, ""phase_levels"": 8}",304.743511,ebd605c7656308e79f486476ed71990b8de1f5e7e74875072300d3e4ab7e7ba2,fc61d5cda7da39530055bae9bd0e92865f995cd9,ee98d51d23f2f29facb379bf4250dad3e33d568085dfd332a582372e84151ce7
ao_grid,10000,151,test,3.9814819683831466,3.9814819683831466,1.0,True,0.0,2,799,0,ao_grid_coordinate_codebook,analytical_ris_equal_allocation,"[1.8361727193616733, 3.981416468738311, 3.9814819683831466]",[],"{""allocation_levels"": 7, ""beta_levels"": 5, ""phase_levels"": 8}",305.082554,ebd605c7656308e79f486476ed71990b8de1f5e7e74875072300d3e4ab7e7ba2,fc61d5cda7da39530055bae9bd0e92865f995cd9,ee98d51d23f2f29facb379bf4250dad3e33d568085dfd332a582372e84151ce7
ao_grid,10000,152,test,3.981469617276047,3.981469617276047,1.0,True,0.0,2,799,0,ao_grid_coordinate_codebook,analytical_ris_equal_allocation,"[1.8359704042589835, 3.9813920549037096, 3.981469617276047]",[],"{""allocation_levels"": 7, ""beta_levels"": 5, ""phase_levels"": 8}",297.683287,ebd605c7656308e79f486476ed71990b8de1f5e7e74875072300d3e4ab7e7ba2,fc61d5cda7da39530055bae9bd0e92865f995cd9,ee98d51d23f2f29facb379bf4250dad3e33d568085dfd332a582372e84151ce7
ao_grid,10000,153,test,3.981315981238784,3.981315981238784,1.0,True,0.0,2,799,0,ao_grid_coordinate_codebook,analytical_ris_equal_allocation,"[1.8348691505364605, 3.9812375255020376, 3.981315981238784]",[],"{""allocation_levels"": 7, ""beta_levels"": 5, ""phase_levels"": 8}",304.335975,ebd605c7656308e79f486476ed71990b8de1f5e7e74875072300d3e4ab7e7ba2,fc61d5cda7da39530055bae9bd0e92865f995cd9,ee98d51d23f2f29facb379bf4250dad3e33d568085dfd332a582372e84151ce7
ao_grid,10000,154,test,3.9813556207158416,3.9813556207158416,1.0,True,0.0,2,799,0,ao_grid_coordinate_codebook,analytical_ris_equal_allocation,"[1.8359832018095, 3.981311739133892, 3.9813556207158416]",[],"{""allocation_levels"": 7, ""beta_levels"": 5, ""phase_levels"": 8}",296.946513,ebd605c7656308e79f486476ed71990b8de1f5e7e74875072300d3e4ab7e7ba2,fc61d5cda7da39530055bae9bd0e92865f995cd9,ee98d51d23f2f29facb379bf4250dad3e33d568085dfd332a582372e84151ce7
ao_grid,10000,155,test,3.9813873093703904,3.9813873093703904,1.0,True,0.0,2,799,0,ao_grid_coordinate_codebook,analytical_ris_equal_allocation,"[1.8359211036204426, 3.9812860605362905, 3.9813873093703904]",[],"{""allocation_levels"": 7, ""beta_levels"": 5, ""phase_levels"": 8}",298.818002,ebd605c7656308e79f486476ed71990b8de1f5e7e74875072300d3e4ab7e7ba2,fc61d5cda7da39530055bae9bd0e92865f995cd9,ee98d51d23f2f29facb379bf4250dad3e33d568085dfd332a582372e84151ce7
ao_grid,10000,156,test,3.981304455053352,3.981304455053352,1.0,True,0.0,2,799,0,ao_grid_coordinate_codebook,analytical_ris_equal_allocation,"[1.8342826385128852, 3.981201886995847, 3.981304455053352]",[],"{""allocation_levels"": 7, ""beta_levels"": 5, ""phase_levels"": 8}",299.35012,ebd605c7656308e79f486476ed71990b8de1f5e7e74875072300d3e4ab7e7ba2,fc61d5cda7da39530055bae9bd0e92865f995cd9,ee98d51d23f2f29facb379bf4250dad3e33d568085dfd332a582372e84151ce7
ao_grid,10000,157,test,3.981263653397958,3.981263653397958,1.0,True,0.0,2,799,0,ao_grid_coordinate_codebook,analytical_ris_equal_allocation,"[1.8325781039896962, 3.9811586005704456, 3.981263653397958]",[],"{""allocation_levels"": 7, ""beta_levels"": 5, ""phase_levels"": 8}",294.143553,ebd605c7656308e79f486476ed71990b8de1f5e7e74875072300d3e4ab7e7ba2,fc61d5cda7da39530055bae9bd0e92865f995cd9,ee98d51d23f2f29facb379bf4250dad3e33d568085dfd332a582372e84151ce7
ao_grid,10000,158,test,3.981275425722437,3.981275425722437,1.0,True,0.0,2,799,0,ao_grid_coordinate_codebook,analytical_ris_equal_allocation,"[1.8332940504346016, 3.9811453092306985, 3.981275425722437]",[],"{""allocation_levels"": 7, ""beta_levels"": 5, ""phase_levels"": 8}",291.359101,ebd605c7656308e79f486476ed71990b8de1f5e7e74875072300d3e4ab7e7ba2,fc61d5cda7da39530055bae9bd0e92865f995cd9,ee98d51d23f2f29facb379bf4250dad3e33d568085dfd332a582372e84151ce7
ao_grid,10000,159,test,3.9818420459130053,3.9818420459130053,1.0,True,0.0,2,799,0,ao_grid_coordinate_codebook,analytical_ris_equal_allocation,"[1.83708759169954, 3.98178943633419, 3.9818420459130053]",[],"{""allocation_levels"": 7, ""beta_levels"": 5, ""phase_levels"": 8}",294.228812,ebd605c7656308e79f486476ed71990b8de1f5e7e74875072300d3e4ab7e7ba2,fc61d5cda7da39530055bae9bd0e92865f995cd9,ee98d51d23f2f29facb379bf4250dad3e33d568085dfd332a582372e84151ce7
ao_grid,10000,160,test,3.9816545889061494,3.9816545889061494,1.0,True,0.0,2,799,0,ao_grid_coordinate_codebook,analytical_ris_equal_allocation,"[1.8364677070367184, 3.98161792597511, 3.9816545889061494]",[],"{""allocation_levels"": 7, ""beta_levels"": 5, ""phase_levels"": 8}",292.02623,ebd605c7656308e79f486476ed71990b8de1f5e7e74875072300d3e4ab7e7ba2,fc61d5cda7da39530055bae9bd0e92865f995cd9,ee98d51d23f2f29facb379bf4250dad3e33d568085dfd332a582372e84151ce7
ao_grid,10000,161,test,3.9813619444354598,3.9813619444354598,1.0,True,0.0,2,799,0,ao_grid_coordinate_codebook,analytical_ris_equal_allocation,"[1.8356064471303533, 3.9811654597311144, 3.9813619444354598]",[],"{""allocation_levels"": 7, ""beta_levels"": 5, ""phase_levels"": 8}",297.00417,ebd605c7656308e79f486476ed71990b8de1f5e7e74875072300d3e4ab7e7ba2,fc61d5cda7da39530055bae9bd0e92865f995cd9,ee98d51d23f2f29facb379bf4250dad3e33d568085dfd332a582372e84151ce7
ao_grid,10000,162,test,3.9810282976945714,3.9810282976945714,1.0,True,0.0,2,799,0,ao_grid_coordinate_codebook,analytical_ris_equal_allocation,"[1.8237955959306251, 3.9808200212803144, 3.9810282976945714]",[],"{""allocation_levels"": 7, ""beta_levels"": 5, ""phase_levels"": 8}",298.833444,ebd605c7656308e79f486476ed71990b8de1f5e7e74875072300d3e4ab7e7ba2,fc61d5cda7da39530055bae9bd0e92865f995cd9,ee98d51d23f2f29facb379bf4250dad3e33d568085dfd332a582372e84151ce7
ao_grid,10000,163,test,3.9818156712942954,3.9818156712942954,1.0,True,0.0,2,799,0,ao_grid_coordinate_codebook,analytical_ris_equal_allocation,"[1.8369787512523734, 3.9817565087957747, 3.9818156712942954]",[],"{""allocation_levels"": 7, ""beta_levels"": 5, ""phase_levels"": 8}",305.145241,ebd605c7656308e79f486476ed71990b8de1f5e7e74875072300d3e4ab7e7ba2,fc61d5cda7da39530055bae9bd0e92865f995cd9,ee98d51d23f2f29facb379bf4250dad3e33d568085dfd332a582372e84151ce7
ao_grid,10000,164,test,3.981407771272485,3.981407771272485,1.0,True,0.0,2,799,0,ao_grid_coordinate_codebook,analytical_ris_equal_allocation,"[1.8323451861046136, 3.981292048054297, 3.981407771272485]",[],"{""allocation_levels"": 7, ""beta_levels"": 5, ""phase_levels"": 8}",308.634316,ebd605c7656308e79f486476ed71990b8de1f5e7e74875072300d3e4ab7e7ba2,fc61d5cda7da39530055bae9bd0e92865f995cd9,ee98d51d23f2f29facb379bf4250dad3e33d568085dfd332a582372e84151ce7
ao_grid,10000,165,test,3.9811591178632195,3.9811591178632195,1.0,True,0.0,2,799,0,ao_grid_coordinate_codebook,analytical_ris_equal_allocation,"[1.8351545571870398, 3.981136709110058, 3.9811591178632195]",[],"{""allocation_levels"": 7, ""beta_levels"": 5, ""phase_levels"": 8}",311.48701,ebd605c7656308e79f486476ed71990b8de1f5e7e74875072300d3e4ab7e7ba2,fc61d5cda7da39530055bae9bd0e92865f995cd9,ee98d51d23f2f29facb379bf4250dad3e33d568085dfd332a582372e84151ce7
ao_grid,10000,166,test,3.981598903754974,3.981598903754974,1.0,True,0.0,2,799,0,ao_grid_coordinate_codebook,analytical_ris_equal_allocation,"[1.8356198114923052, 3.9814941706403912, 3.981598903754974]",[],"{""allocation_levels"": 7, ""beta_levels"": 5, ""phase_levels"": 8}",300.193518,ebd605c7656308e79f486476ed71990b8de1f5e7e74875072300d3e4ab7e7ba2,fc61d5cda7da39530055bae9bd0e92865f995cd9,ee98d51d23f2f29facb379bf4250dad3e33d568085dfd332a582372e84151ce7
ao_grid,10000,167,test,3.9814475247654335,3.9814475247654335,1.0,True,0.0,2,799,0,ao_grid_coordinate_codebook,analytical_ris_equal_allocation,"[1.8297880110026745, 3.981288168766439, 3.9814475247654335]",[],"{""allocation_levels"": 7, ""beta_levels"": 5, ""phase_levels"": 8}",297.088649,ebd605c7656308e79f486476ed71990b8de1f5e7e74875072300d3e4ab7e7ba2,fc61d5cda7da39530055bae9bd0e92865f995cd9,ee98d51d23f2f29facb379bf4250dad3e33d568085dfd332a582372e84151ce7
ao_grid,10000,168,test,3.9798606071299685,3.9798606071299685,1.0,True,0.0,2,799,0,ao_grid_coordinate_codebook,analytical_ris_equal_allocation,"[1.7996106400393659, 3.9789328265440798, 3.9798606071299685]",[],"{""allocation_levels"": 7, ""beta_levels"": 5, ""phase_levels"": 8}",299.545275,ebd605c7656308e79f486476ed71990b8de1f5e7e74875072300d3e4ab7e7ba2,fc61d5cda7da39530055bae9bd0e92865f995cd9,ee98d51d23f2f29facb379bf4250dad3e33d568085dfd332a582372e84151ce7
ao_grid,10000,169,test,3.9811652068932304,3.9811652068932304,1.0,True,0.0,2,799,0,ao_grid_coordinate_codebook,analytical_ris_equal_allocation,"[1.7104643394523742, 3.9807558138785755, 3.9811652068932304]",[],"{""allocation_levels"": 7, ""beta_levels"": 5, ""phase_levels"": 8}",301.473973,ebd605c7656308e79f486476ed71990b8de1f5e7e74875072300d3e4ab7e7ba2,fc61d5cda7da39530055bae9bd0e92865f995cd9,ee98d51d23f2f29facb379bf4250dad3e33d568085dfd332a582372e84151ce7
ao_grid,10000,170,test,3.9814356830840776,3.9814356830840776,1.0,True,0.0,2,799,0,ao_grid_coordinate_codebook,analytical_ris_equal_allocation,"[1.8343465107801067, 3.9811985395343386, 3.9814356830840776]",[],"{""allocation_levels"": 7, ""beta_levels"": 5, ""phase_levels"": 8}",303.468374,ebd605c7656308e79f486476ed71990b8de1f5e7e74875072300d3e4ab7e7ba2,fc61d5cda7da39530055bae9bd0e92865f995cd9,ee98d51d23f2f29facb379bf4250dad3e33d568085dfd332a582372e84151ce7
ao_grid,10000,171,test,3.9815795158786758,3.9815795158786758,1.0,True,0.0,2,799,0,ao_grid_coordinate_codebook,analytical_ris_equal_allocation,"[1.8367760861450833, 3.981563586346168, 3.9815795158786758]",[],"{""allocation_levels"": 7, ""beta_levels"": 5, ""phase_levels"": 8}",302.080596,ebd605c7656308e79f486476ed71990b8de1f5e7e74875072300d3e4ab7e7ba2,fc61d5cda7da39530055bae9bd0e92865f995cd9,ee98d51d23f2f29facb379bf4250dad3e33d568085dfd332a582372e84151ce7
ao_grid,10000,172,test,3.9814793450761736,3.9814793450761736,1.0,True,0.0,2,799,0,ao_grid_coordinate_codebook,analytical_ris_equal_allocation,"[1.835431767107258, 3.9813482054537848, 3.9814793450761736]",[],"{""allocation_levels"": 7, ""beta_levels"": 5, ""phase_levels"": 8}",294.441254,ebd605c7656308e79f486476ed71990b8de1f5e7e74875072300d3e4ab7e7ba2,fc61d5cda7da39530055bae9bd0e92865f995cd9,ee98d51d23f2f29facb379bf4250dad3e33d568085dfd332a582372e84151ce7
ao_grid,10000,173,test,3.9816463285142003,3.9816463285142003,1.0,True,0.0,2,799,0,ao_grid_coordinate_codebook,analytical_ris_equal_allocation,"[1.8360252573728848, 3.9815687028304825, 3.9816463285142003]",[],"{""allocation_levels"": 7, ""beta_levels"": 5, ""phase_levels"": 8}",312.996757,ebd605c7656308e79f486476ed71990b8de1f5e7e74875072300d3e4ab7e7ba2,fc61d5cda7da39530055bae9bd0e92865f995cd9,ee98d51d23f2f29facb379bf4250dad3e33d568085dfd332a582372e84151ce7
ao_grid,10000,174,test,3.9816394865900193,3.9816394865900193,1.0,True,0.0,2,799,0,ao_grid_coordinate_codebook,analytical_ris_equal_allocation,"[1.8356135573320294, 3.981527243646141, 3.9816394865900193]",[],"{""allocation_levels"": 7, ""beta_levels"": 5, ""phase_levels"": 8}",332.278407,ebd605c7656308e79f486476ed71990b8de1f5e7e74875072300d3e4ab7e7ba2,fc61d5cda7da39530055bae9bd0e92865f995cd9,ee98d51d23f2f29facb379bf4250dad3e33d568085dfd332a582372e84151ce7
ao_grid,10000,175,test,3.9814472883795906,3.9814472883795906,1.0,True,0.0,2,799,0,ao_grid_coordinate_codebook,analytical_ris_equal_allocation,"[1.834376357295722, 3.9813405192129676, 3.9814472883795906]",[],"{""allocation_levels"": 7, ""beta_levels"": 5, ""phase_levels"": 8}",301.73002,ebd605c7656308e79f486476ed71990b8de1f5e7e74875072300d3e4ab7e7ba2,fc61d5cda7da39530055bae9bd0e92865f995cd9,ee98d51d23f2f29facb379bf4250dad3e33d568085dfd332a582372e84151ce7
ao_grid,10000,176,test,3.9810319561512797,3.9810319561512797,1.0,True,0.0,2,799,0,ao_grid_coordinate_codebook,analytical_ris_equal_allocation,"[1.8335811775024369, 3.980951388705023, 3.9810319561512797]",[],"{""allocation_levels"": 7, ""beta_levels"": 5, ""phase_levels"": 8}",299.572159,ebd605c7656308e79f486476ed71990b8de1f5e7e74875072300d3e4ab7e7ba2,fc61d5cda7da39530055bae9bd0e92865f995cd9,ee98d51d23f2f29facb379bf4250dad3e33d568085dfd332a582372e84151ce7
ao_grid,10000,177,test,3.98147091816457,3.98147091816457,1.0,True,0.0,2,799,0,ao_grid_coordinate_codebook,analytical_ris_equal_allocation,"[1.8360185504102118, 3.981398703350678, 3.98147091816457]",[],"{""allocation_levels"": 7, ""beta_levels"": 5, ""phase_levels"": 8}",296.06091,ebd605c7656308e79f486476ed71990b8de1f5e7e74875072300d3e4ab7e7ba2,fc61d5cda7da39530055bae9bd0e92865f995cd9,ee98d51d23f2f29facb379bf4250dad3e33d568085dfd332a582372e84151ce7
ao_grid,10000,178,test,3.981540980689635,3.981540980689635,1.0,True,0.0,2,799,0,ao_grid_coordinate_codebook,analytical_ris_equal_allocation,"[1.8360970096018938, 3.9814665642921376, 3.981540980689635]",[],"{""allocation_levels"": 7, ""beta_levels"": 5, ""phase_levels"": 8}",300.498764,ebd605c7656308e79f486476ed71990b8de1f5e7e74875072300d3e4ab7e7ba2,fc61d5cda7da39530055bae9bd0e92865f995cd9,ee98d51d23f2f29facb379bf4250dad3e33d568085dfd332a582372e84151ce7
ao_grid,10000,179,test,3.981518414805649,3.981518414805649,1.0,True,0.0,2,799,0,ao_grid_coordinate_codebook,analytical_ris_equal_allocation,"[1.8343301059114827, 3.9814321078793706, 3.981518414805649]",[],"{""allocation_levels"": 7, ""beta_levels"": 5, ""phase_levels"": 8}",300.484123,ebd605c7656308e79f486476ed71990b8de1f5e7e74875072300d3e4ab7e7ba2,fc61d5cda7da39530055bae9bd0e92865f995cd9,ee98d51d23f2f29facb379bf4250dad3e33d568085dfd332a582372e84151ce7
ao_grid,10000,180,test,3.981368594248488,3.981368594248488,1.0,True,0.0,2,799,0,ao_grid_coordinate_codebook,analytical_ris_equal_allocation,"[1.8349122708258265, 3.9813074895325413, 3.981368594248488]",[],"{""allocation_levels"": 7, ""beta_levels"": 5, ""phase_levels"": 8}",313.378163,ebd605c7656308e79f486476ed71990b8de1f5e7e74875072300d3e4ab7e7ba2,fc61d5cda7da39530055bae9bd0e92865f995cd9,ee98d51d23f2f29facb379bf4250dad3e33d568085dfd332a582372e84151ce7
ao_grid,10000,181,test,3.9816264220597777,3.9816264220597777,1.0,True,0.0,2,799,0,ao_grid_coordinate_codebook,analytical_ris_equal_allocation,"[1.8353850324602639, 3.981557852640421, 3.9816264220597777]",[],"{""allocation_levels"": 7, ""beta_levels"": 5, ""phase_levels"": 8}",303.550538,ebd605c7656308e79f486476ed71990b8de1f5e7e74875072300d3e4ab7e7ba2,fc61d5cda7da39530055bae9bd0e92865f995cd9,ee98d51d23f2f29facb379bf4250dad3e33d568085dfd332a582372e84151ce7
ao_grid,10000,182,test,3.981634125029049,3.981634125029049,1.0,True,0.0,2,799,0,ao_grid_coordinate_codebook,analytical_ris_equal_allocation,"[1.8364072146599406, 3.981512032289741, 3.981634125029049]",[],"{""allocation_levels"": 7, ""beta_levels"": 5, ""phase_levels"": 8}",300.836909,ebd605c7656308e79f486476ed71990b8de1f5e7e74875072300d3e4ab7e7ba2,fc61d5cda7da39530055bae9bd0e92865f995cd9,ee98d51d23f2f29facb379bf4250dad3e33d568085dfd332a582372e84151ce7
ao_grid,10000,183,test,3.9815693670030434,3.9815693670030434,1.0,True,0.0,2,799,0,ao_grid_coordinate_codebook,analytical_ris_equal_allocation,"[1.8344818145887523, 3.981500768843688, 3.9815693670030434]",[],"{""allocation_levels"": 7, ""beta_levels"": 5, ""phase_levels"": 8}",300.638357,ebd605c7656308e79f486476ed71990b8de1f5e7e74875072300d3e4ab7e7ba2,fc61d5cda7da39530055bae9bd0e92865f995cd9,ee98d51d23f2f29facb379bf4250dad3e33d568085dfd332a582372e84151ce7
ao_grid,10000,184,test,3.9812981800548375,3.9812981800548375,1.0,True,0.0,2,799,0,ao_grid_coordinate_codebook,analytical_ris_equal_allocation,"[1.8345270171560026, 3.981152641459669, 3.9812981800548375]",[],"{""allocation_levels"": 7, ""beta_levels"": 5, ""phase_levels"": 8}",300.563897,ebd605c7656308e79f486476ed71990b8de1f5e7e74875072300d3e4ab7e7ba2,fc61d5cda7da39530055bae9bd0e92865f995cd9,ee98d51d23f2f29facb379bf4250dad3e33d568085dfd332a582372e84151ce7
ao_grid,10000,185,test,3.9812650660810465,3.9812650660810465,1.0,True,0.0,2,799,0,ao_grid_coordinate_codebook,analytical_ris_equal_allocation,"[1.8346470480808628, 3.981179943469483, 3.9812650660810465]",[],"{""allocation_levels"": 7, ""beta_levels"": 5, ""phase_levels"": 8}",289.308479,ebd605c7656308e79f486476ed71990b8de1f5e7e74875072300d3e4ab7e7ba2,fc61d5cda7da39530055bae9bd0e92865f995cd9,ee98d51d23f2f29facb379bf4250dad3e33d568085dfd332a582372e84151ce7
ao_grid,10000,186,test,3.9816225233378937,3.9816225233378937,1.0,True,0.0,2,799,0,ao_grid_coordinate_codebook,analytical_ris_equal_allocation,"[1.836234073799805, 3.981609837213534, 3.9816225233378937]",[],"{""allocation_levels"": 7, ""beta_levels"": 5, ""phase_levels"": 8}",291.323007,ebd605c7656308e79f486476ed71990b8de1f5e7e74875072300d3e4ab7e7ba2,fc61d5cda7da39530055bae9bd0e92865f995cd9,ee98d51d23f2f29facb379bf4250dad3e33d568085dfd332a582372e84151ce7
ao_grid,10000,187,test,3.981356444054912,3.981356444054912,1.0,True,0.0,2,799,0,ao_grid_coordinate_codebook,analytical_ris_equal_allocation,"[1.8322652545781433, 3.9811037604553112, 3.981356444054912]",[],"{""allocation_levels"": 7, ""beta_levels"": 5, ""phase_levels"": 8}",285.014195,ebd605c7656308e79f486476ed71990b8de1f5e7e74875072300d3e4ab7e7ba2,fc61d5cda7da39530055bae9bd0e92865f995cd9,ee98d51d23f2f29facb379bf4250dad3e33d568085dfd332a582372e84151ce7
ao_grid,10000,188,test,3.9818058868169177,3.9818058868169177,1.0,True,0.0,2,799,0,ao_grid_coordinate_codebook,analytical_ris_equal_allocation,"[1.8326788797032878, 3.9817494901807318, 3.9818058868169177]",[],"{""allocation_levels"": 7, ""beta_levels"": 5, ""phase_levels"": 8}",286.773946,ebd605c7656308e79f486476ed71990b8de1f5e7e74875072300d3e4ab7e7ba2,fc61d5cda7da39530055bae9bd0e92865f995cd9,ee98d51d23f2f29facb379bf4250dad3e33d568085dfd332a582372e84151ce7
ao_grid,10000,189,test,3.9814693293141294,3.9814693293141294,1.0,True,0.0,2,799,0,ao_grid_coordinate_codebook,analytical_ris_equal_allocation,"[1.8361341639864939, 3.9814176353635933, 3.9814693293141294]",[],"{""allocation_levels"": 7, ""beta_levels"": 5, ""phase_levels"": 8}",289.56985,ebd605c7656308e79f486476ed71990b8de1f5e7e74875072300d3e4ab7e7ba2,fc61d5cda7da39530055bae9bd0e92865f995cd9,ee98d51d23f2f29facb379bf4250dad3e33d568085dfd332a582372e84151ce7
ao_grid,10000,190,test,3.981592117049171,3.981592117049171,1.0,True,0.0,2,799,0,ao_grid_coordinate_codebook,analytical_ris_equal_allocation,"[1.8369015145942404, 3.9815158212052353, 3.981592117049171]",[],"{""allocation_levels"": 7, ""beta_levels"": 5, ""phase_levels"": 8}",299.469246,ebd605c7656308e79f486476ed71990b8de1f5e7e74875072300d3e4ab7e7ba2,fc61d5cda7da39530055bae9bd0e92865f995cd9,ee98d51d23f2f29facb379bf4250dad3e33d568085dfd332a582372e84151ce7
ao_grid,10000,191,test,3.9816215287909795,3.9816215287909795,1.0,True,0.0,2,799,0,ao_grid_coordinate_codebook,analytical_ris_equal_allocation,"[1.8355318112430616, 3.981567889190621, 3.9816215287909795]",[],"{""allocation_levels"": 7, ""beta_levels"": 5, ""phase_levels"": 8}",289.199275,ebd605c7656308e79f486476ed71990b8de1f5e7e74875072300d3e4ab7e7ba2,fc61d5cda7da39530055bae9bd0e92865f995cd9,ee98d51d23f2f29facb379bf4250dad3e33d568085dfd332a582372e84151ce7
ao_grid,10000,192,test,3.9810867736642814,3.9810867736642814,1.0,True,0.0,2,799,0,ao_grid_coordinate_codebook,analytical_ris_equal_allocation,"[1.8323461538731447, 3.9809163567547823, 3.9810867736642814]",[],"{""allocation_levels"": 7, ""beta_levels"": 5, ""phase_levels"": 8}",297.901631,ebd605c7656308e79f486476ed71990b8de1f5e7e74875072300d3e4ab7e7ba2,fc61d5cda7da39530055bae9bd0e92865f995cd9,ee98d51d23f2f29facb379bf4250dad3e33d568085dfd332a582372e84151ce7
ao_grid,10000,193,test,3.9814230868159104,3.9814230868159104,1.0,True,0.0,2,799,0,ao_grid_coordinate_codebook,analytical_ris_equal_allocation,"[1.8352015827696533, 3.9812830620395023, 3.9814230868159104]",[],"{""allocation_levels"": 7, ""beta_levels"": 5, ""phase_levels"": 8}",296.861836,ebd605c7656308e79f486476ed71990b8de1f5e7e74875072300d3e4ab7e7ba2,fc61d5cda7da39530055bae9bd0e92865f995cd9,ee98d51d23f2f29facb379bf4250dad3e33d568085dfd332a582372e84151ce7
ao_grid,10000,194,test,3.9813440794727657,3.9813440794727657,1.0,True,0.0,2,799,0,ao_grid_coordinate_codebook,analytical_ris_equal_allocation,"[1.8305098613635875, 3.981142139007493, 3.9813440794727657]",[],"{""allocation_levels"": 7, ""beta_levels"": 5, ""phase_levels"": 8}",298.375271,ebd605c7656308e79f486476ed71990b8de1f5e7e74875072300d3e4ab7e7ba2,fc61d5cda7da39530055bae9bd0e92865f995cd9,ee98d51d23f2f29facb379bf4250dad3e33d568085dfd332a582372e84151ce7
ao_grid,10000,195,test,3.9810531352228127,3.9810531352228127,1.0,True,0.0,2,799,0,ao_grid_coordinate_codebook,analytical_ris_equal_allocation,"[1.8319864723357722, 3.980902390968769, 3.9810531352228127]",[],"{""allocation_levels"": 7, ""beta_levels"": 5, ""phase_levels"": 8}",301.750979,ebd605c7656308e79f486476ed71990b8de1f5e7e74875072300d3e4ab7e7ba2,fc61d5cda7da39530055bae9bd0e92865f995cd9,ee98d51d23f2f29facb379bf4250dad3e33d568085dfd332a582372e84151ce7
ao_grid,10000,196,test,3.981455732986048,3.981455732986048,1.0,True,0.0,2,799,0,ao_grid_coordinate_codebook,analytical_ris_equal_allocation,"[1.8355960979135153, 3.981342361764617, 3.981455732986048]",[],"{""allocation_levels"": 7, ""beta_levels"": 5, ""phase_levels"": 8}",298.057676,ebd605c7656308e79f486476ed71990b8de1f5e7e74875072300d3e4ab7e7ba2,fc61d5cda7da39530055bae9bd0e92865f995cd9,ee98d51d23f2f29facb379bf4250dad3e33d568085dfd332a582372e84151ce7
ao_grid,10000,197,test,3.981584825532023,3.981584825532023,1.0,True,0.0,2,799,0,ao_grid_coordinate_codebook,analytical_ris_equal_allocation,"[1.8362468191282688, 3.9815362460734516, 3.981584825532023]",[],"{""allocation_levels"": 7, ""beta_levels"": 5, ""phase_levels"": 8}",304.143359,ebd605c7656308e79f486476ed71990b8de1f5e7e74875072300d3e4ab7e7ba2,fc61d5cda7da39530055bae9bd0e92865f995cd9,ee98d51d23f2f29facb379bf4250dad3e33d568085dfd332a582372e84151ce7
ao_grid,10000,198,test,3.9816070863746127,3.9816070863746127,1.0,True,0.0,2,799,0,ao_grid_coordinate_codebook,analytical_ris_equal_allocation,"[1.8341561710517928, 3.9815248345856338, 3.9816070863746127]",[],"{""allocation_levels"": 7, ""beta_levels"": 5, ""phase_levels"": 8}",301.908131,ebd605c7656308e79f486476ed71990b8de1f5e7e74875072300d3e4ab7e7ba2,fc61d5cda7da39530055bae9bd0e92865f995cd9,ee98d51d23f2f29facb379bf4250dad3e33d568085dfd332a582372e84151ce7
ao_grid,10000,199,test,3.9815547785124403,3.9815547785124403,1.0,True,0.0,2,799,0,ao_grid_coordinate_codebook,analytical_ris_equal_allocation,"[1.8337789293191613, 3.981412779337189, 3.9815547785124403]",[],"{""allocation_levels"": 7, ""beta_levels"": 5, ""phase_levels"": 8}",302.129437,ebd605c7656308e79f486476ed71990b8de1f5e7e74875072300d3e4ab7e7ba2,fc61d5cda7da39530055bae9bd0e92865f995cd9,ee98d51d23f2f29facb379bf4250dad3e33d568085dfd332a582372e84151ce7
ao_grid,10000,200,test,3.981261184390077,3.981261184390077,1.0,True,0.0,2,799,0,ao_grid_coordinate_codebook,analytical_ris_equal_allocation,"[1.8338155839781256, 3.9805608115194584, 3.981261184390077]",[],"{""allocation_levels"": 7, ""beta_levels"": 5, ""phase_levels"": 8}",299.13778,ebd605c7656308e79f486476ed71990b8de1f5e7e74875072300d3e4ab7e7ba2,fc61d5cda7da39530055bae9bd0e92865f995cd9,ee98d51d23f2f29facb379bf4250dad3e33d568085dfd332a582372e84151ce7
ao_grid,10000,201,test,3.9813428304462772,3.9813428304462772,1.0,True,0.0,2,799,0,ao_grid_coordinate_codebook,analytical_ris_equal_allocation,"[1.834167654760246, 3.9812082382513734, 3.9813428304462772]",[],"{""allocation_levels"": 7, ""beta_levels"": 5, ""phase_levels"": 8}",302.111461,ebd605c7656308e79f486476ed71990b8de1f5e7e74875072300d3e4ab7e7ba2,fc61d5cda7da39530055bae9bd0e92865f995cd9,ee98d51d23f2f29facb379bf4250dad3e33d568085dfd332a582372e84151ce7
ao_grid,10000,202,test,3.9813247827139087,3.9813247827139087,1.0,True,0.0,2,799,0,ao_grid_coordinate_codebook,analytical_ris_equal_allocation,"[1.8353781037184957, 3.981248170641945, 3.9813247827139087]",[],"{""allocation_levels"": 7, ""beta_levels"": 5, ""phase_levels"": 8}",306.026485,ebd605c7656308e79f486476ed71990b8de1f5e7e74875072300d3e4ab7e7ba2,fc61d5cda7da39530055bae9bd0e92865f995cd9,ee98d51d23f2f29facb379bf4250dad3e33d568085dfd332a582372e84151ce7
ao_grid,10000,203,test,3.9814735039112343,3.9814735039112343,1.0,True,0.0,2,799,0,ao_grid_coordinate_codebook,analytical_ris_equal_allocation,"[1.8350212639957009, 3.981321606003075, 3.9814735039112343]",[],"{""allocation_levels"": 7, ""beta_levels"": 5, ""phase_levels"": 8}",305.598075,ebd605c7656308e79f486476ed71990b8de1f5e7e74875072300d3e4ab7e7ba2,fc61d5cda7da39530055bae9bd0e92865f995cd9,ee98d51d23f2f29facb379bf4250dad3e33d568085dfd332a582372e84151ce7
ao_grid,10000,204,test,3.981198110488596,3.981198110488596,1.0,True,0.0,2,799,0,ao_grid_coordinate_codebook,analytical_ris_equal_allocation,"[1.835268485335192, 3.981073809010927, 3.981198110488596]",[],"{""allocation_levels"": 7, ""beta_levels"": 5, ""phase_levels"": 8}",297.624779,ebd605c7656308e79f486476ed71990b8de1f5e7e74875072300d3e4ab7e7ba2,fc61d5cda7da39530055bae9bd0e92865f995cd9,ee98d51d23f2f29facb379bf4250dad3e33d568085dfd332a582372e84151ce7
ao_grid,10000,205,test,3.981194592982617,3.981194592982617,1.0,True,0.0,2,799,0,ao_grid_coordinate_codebook,analytical_ris_equal_allocation,"[1.8266830913217216, 3.9810430994175063, 3.981194592982617]",[],"{""allocation_levels"": 7, ""beta_levels"": 5, ""phase_levels"": 8}",293.256321,ebd605c7656308e79f486476ed71990b8de1f5e7e74875072300d3e4ab7e7ba2,fc61d5cda7da39530055bae9bd0e92865f995cd9,ee98d51d23f2f29facb379bf4250dad3e33d568085dfd332a582372e84151ce7
ao_grid,10000,206,test,3.9813134831023174,3.9813134831023174,1.0,True,0.0,2,799,0,ao_grid_coordinate_codebook,analytical_ris_equal_allocation,"[1.8262251627706942, 3.9809872612586905, 3.9813134831023174]",[],"{""allocation_levels"": 7, ""beta_levels"": 5, ""phase_levels"": 8}",296.963173,ebd605c7656308e79f486476ed71990b8de1f5e7e74875072300d3e4ab7e7ba2,fc61d5cda7da39530055bae9bd0e92865f995cd9,ee98d51d23f2f29facb379bf4250dad3e33d568085dfd332a582372e84151ce7
ao_grid,10000,207,test,3.9816006846698047,3.9816006846698047,1.0,True,0.0,2,799,0,ao_grid_coordinate_codebook,analytical_ris_equal_allocation,"[1.8360427276018236, 3.981536074461619, 3.9816006846698047]",[],"{""allocation_levels"": 7, ""beta_levels"": 5, ""phase_levels"": 8}",343.448521,ebd605c7656308e79f486476ed71990b8de1f5e7e74875072300d3e4ab7e7ba2,fc61d5cda7da39530055bae9bd0e92865f995cd9,ee98d51d23f2f29facb379bf4250dad3e33d568085dfd332a582372e84151ce7
ao_grid,10000,208,test,3.9813515573436726,3.9813515573436726,1.0,True,0.0,2,799,0,ao_grid_coordinate_codebook,analytical_ris_equal_allocation,"[1.8171228967413777, 3.981087704653828, 3.9813515573436726]",[],"{""allocation_levels"": 7, ""beta_levels"": 5, ""phase_levels"": 8}",290.377026,ebd605c7656308e79f486476ed71990b8de1f5e7e74875072300d3e4ab7e7ba2,fc61d5cda7da39530055bae9bd0e92865f995cd9,ee98d51d23f2f29facb379bf4250dad3e33d568085dfd332a582372e84151ce7
ao_grid,10000,209,test,3.981612760724075,3.981612760724075,1.0,True,0.0,2,799,0,ao_grid_coordinate_codebook,analytical_ris_equal_allocation,"[1.834782545659289, 3.9815570580435486, 3.981612760724075]",[],"{""allocation_levels"": 7, ""beta_levels"": 5, ""phase_levels"": 8}",297.995098,ebd605c7656308e79f486476ed71990b8de1f5e7e74875072300d3e4ab7e7ba2,fc61d5cda7da39530055bae9bd0e92865f995cd9,ee98d51d23f2f29facb379bf4250dad3e33d568085dfd332a582372e84151ce7
ao_grid,10000,210,test,3.9814228839861636,3.9814228839861636,1.0,True,0.0,2,799,0,ao_grid_coordinate_codebook,analytical_ris_equal_allocation,"[1.834957887931285, 3.981208551614798, 3.9814228839861636]",[],"{""allocation_levels"": 7, ""beta_levels"": 5, ""phase_levels"": 8}",301.216068,ebd605c7656308e79f486476ed71990b8de1f5e7e74875072300d3e4ab7e7ba2,fc61d5cda7da39530055bae9bd0e92865f995cd9,ee98d51d23f2f29facb379bf4250dad3e33d568085dfd332a582372e84151ce7
ao_grid,10000,211,test,3.9814255992562884,3.9814255992562884,1.0,True,0.0,2,799,0,ao_grid_coordinate_codebook,analytical_ris_equal_allocation,"[1.8363679379664624, 3.9813676949296966, 3.9814255992562884]",[],"{""allocation_levels"": 7, ""beta_levels"": 5, ""phase_levels"": 8}",297.009289,ebd605c7656308e79f486476ed71990b8de1f5e7e74875072300d3e4ab7e7ba2,fc61d5cda7da39530055bae9bd0e92865f995cd9,ee98d51d23f2f29facb379bf4250dad3e33d568085dfd332a582372e84151ce7
ao_grid,10000,212,test,3.9813057817361512,3.9813057817361512,1.0,True,0.0,2,799,0,ao_grid_coordinate_codebook,analytical_ris_equal_allocation,"[1.834410378883227, 3.9811500351598585, 3.9813057817361512]",[],"{""allocation_levels"": 7, ""beta_levels"": 5, ""phase_levels"": 8}",296.788149,ebd605c7656308e79f486476ed71990b8de1f5e7e74875072300d3e4ab7e7ba2,fc61d5cda7da39530055bae9bd0e92865f995cd9,ee98d51d23f2f29facb379bf4250dad3e33d568085dfd332a582372e84151ce7
ao_grid,10000,213,test,3.981571810833432,3.981571810833432,1.0,True,0.0,2,799,0,ao_grid_coordinate_codebook,analytical_ris_equal_allocation,"[1.8360970108297743, 3.981477577625143, 3.981571810833432]",[],"{""allocation_levels"": 7, ""beta_levels"": 5, ""phase_levels"": 8}",329.057054,ebd605c7656308e79f486476ed71990b8de1f5e7e74875072300d3e4ab7e7ba2,fc61d5cda7da39530055bae9bd0e92865f995cd9,ee98d51d23f2f29facb379bf4250dad3e33d568085dfd332a582372e84151ce7
ao_grid,10000,214,test,3.9815976944641296,3.9815976944641296,1.0,True,0.0,2,799,0,ao_grid_coordinate_codebook,analytical_ris_equal_allocation,"[1.8363238841226237, 3.9814185573877965, 3.9815976944641296]",[],"{""allocation_levels"": 7, ""beta_levels"": 5, ""phase_levels"": 8}",298.513231,ebd605c7656308e79f486476ed71990b8de1f5e7e74875072300d3e4ab7e7ba2,fc61d5cda7da39530055bae9bd0e92865f995cd9,ee98d51d23f2f29facb379bf4250dad3e33d568085dfd332a582372e84151ce7
ao_grid,10000,215,test,3.981320540622095,3.981320540622095,1.0,True,0.0,2,799,0,ao_grid_coordinate_codebook,analytical_ris_equal_allocation,"[1.8283019253948734, 3.98121974332153, 3.981320540622095]",[],"{""allocation_levels"": 7, ""beta_levels"": 5, ""phase_levels"": 8}",309.604071,ebd605c7656308e79f486476ed71990b8de1f5e7e74875072300d3e4ab7e7ba2,fc61d5cda7da39530055bae9bd0e92865f995cd9,ee98d51d23f2f29facb379bf4250dad3e33d568085dfd332a582372e84151ce7
ao_grid,10000,216,test,3.981368126210337,3.981368126210337,1.0,True,0.0,2,799,0,ao_grid_coordinate_codebook,analytical_ris_equal_allocation,"[1.8353487369708334, 3.981287682844836, 3.981368126210337]",[],"{""allocation_levels"": 7, ""beta_levels"": 5, ""phase_levels"": 8}",309.765933,ebd605c7656308e79f486476ed71990b8de1f5e7e74875072300d3e4ab7e7ba2,fc61d5cda7da39530055bae9bd0e92865f995cd9,ee98d51d23f2f29facb379bf4250dad3e33d568085dfd332a582372e84151ce7
ao_grid,10000,217,test,3.981610596436799,3.981610596436799,1.0,True,0.0,2,799,0,ao_grid_coordinate_codebook,analytical_ris_equal_allocation,"[1.8351664042416458, 3.981552810115981, 3.981610596436799]",[],"{""allocation_levels"": 7, ""beta_levels"": 5, ""phase_levels"": 8}",309.978452,ebd605c7656308e79f486476ed71990b8de1f5e7e74875072300d3e4ab7e7ba2,fc61d5cda7da39530055bae9bd0e92865f995cd9,ee98d51d23f2f29facb379bf4250dad3e33d568085dfd332a582372e84151ce7
ao_grid,10000,218,test,3.9815025556877623,3.9815025556877623,1.0,True,0.0,2,799,0,ao_grid_coordinate_codebook,analytical_ris_equal_allocation,"[1.8356657397333282, 3.9813788092197693, 3.9815025556877623]",[],"{""allocation_levels"": 7, ""beta_levels"": 5, ""phase_levels"": 8}",315.700936,ebd605c7656308e79f486476ed71990b8de1f5e7e74875072300d3e4ab7e7ba2,fc61d5cda7da39530055bae9bd0e92865f995cd9,ee98d51d23f2f29facb379bf4250dad3e33d568085dfd332a582372e84151ce7
ao_grid,10000,219,test,3.9814618844698604,3.9814618844698604,1.0,True,0.0,2,799,0,ao_grid_coordinate_codebook,analytical_ris_equal_allocation,"[1.834258524695731, 3.9814259040610134, 3.9814618844698604]",[],"{""allocation_levels"": 7, ""beta_levels"": 5, ""phase_levels"": 8}",354.474657,ebd605c7656308e79f486476ed71990b8de1f5e7e74875072300d3e4ab7e7ba2,fc61d5cda7da39530055bae9bd0e92865f995cd9,ee98d51d23f2f29facb379bf4250dad3e33d568085dfd332a582372e84151ce7
ao_grid,10000,220,test,3.9813489524219428,3.9813489524219428,1.0,True,0.0,2,799,0,ao_grid_coordinate_codebook,analytical_ris_equal_allocation,"[1.8359216313049616, 3.9813101502634987, 3.9813489524219428]",[],"{""allocation_levels"": 7, ""beta_levels"": 5, ""phase_levels"": 8}",313.260833,ebd605c7656308e79f486476ed71990b8de1f5e7e74875072300d3e4ab7e7ba2,fc61d5cda7da39530055bae9bd0e92865f995cd9,ee98d51d23f2f29facb379bf4250dad3e33d568085dfd332a582372e84151ce7
ao_grid,10000,221,test,3.9816702539182267,3.9816702539182267,1.0,True,0.0,2,799,0,ao_grid_coordinate_codebook,analytical_ris_equal_allocation,"[1.8358189178576207, 3.9816218575621316, 3.9816702539182267]",[],"{""allocation_levels"": 7, ""beta_levels"": 5, ""phase_levels"": 8}",334.756307,ebd605c7656308e79f486476ed71990b8de1f5e7e74875072300d3e4ab7e7ba2,fc61d5cda7da39530055bae9bd0e92865f995cd9,ee98d51d23f2f29facb379bf4250dad3e33d568085dfd332a582372e84151ce7
ao_grid,10000,222,test,3.9812896782035434,3.9812896782035434,1.0,True,0.0,2,799,0,ao_grid_coordinate_codebook,analytical_ris_equal_allocation,"[1.8341335860875394, 3.9811861197532386, 3.9812896782035434]",[],"{""allocation_levels"": 7, ""beta_levels"": 5, ""phase_levels"": 8}",315.409361,ebd605c7656308e79f486476ed71990b8de1f5e7e74875072300d3e4ab7e7ba2,fc61d5cda7da39530055bae9bd0e92865f995cd9,ee98d51d23f2f29facb379bf4250dad3e33d568085dfd332a582372e84151ce7
ao_grid,10000,223,test,3.981320565109467,3.981320565109467,1.0,True,0.0,2,799,0,ao_grid_coordinate_codebook,analytical_ris_equal_allocation,"[1.8348745932584862, 3.981250670480728, 3.981320565109467]",[],"{""allocation_levels"": 7, ""beta_levels"": 5, ""phase_levels"": 8}",305.468709,ebd605c7656308e79f486476ed71990b8de1f5e7e74875072300d3e4ab7e7ba2,fc61d5cda7da39530055bae9bd0e92865f995cd9,ee98d51d23f2f29facb379bf4250dad3e33d568085dfd332a582372e84151ce7
ao_grid,10000,224,test,3.9815226041380423,3.9815226041380423,1.0,True,0.0,2,799,0,ao_grid_coordinate_codebook,analytical_ris_equal_allocation,"[1.8361425134354101, 3.981476922272638, 3.9815226041380423]",[],"{""allocation_levels"": 7, ""beta_levels"": 5, ""phase_levels"": 8}",305.055326,ebd605c7656308e79f486476ed71990b8de1f5e7e74875072300d3e4ab7e7ba2,fc61d5cda7da39530055bae9bd0e92865f995cd9,ee98d51d23f2f29facb379bf4250dad3e33d568085dfd332a582372e84151ce7
ao_grid,10000,225,test,3.9813007714062802,3.9813007714062802,1.0,True,0.0,2,799,0,ao_grid_coordinate_codebook,analytical_ris_equal_allocation,"[1.8349460775319568, 3.981233326476075, 3.9813007714062802]",[],"{""allocation_levels"": 7, ""beta_levels"": 5, ""phase_levels"": 8}",304.122601,ebd605c7656308e79f486476ed71990b8de1f5e7e74875072300d3e4ab7e7ba2,fc61d5cda7da39530055bae9bd0e92865f995cd9,ee98d51d23f2f29facb379bf4250dad3e33d568085dfd332a582372e84151ce7
ao_grid,10000,226,test,3.9814896511548383,3.9814896511548383,1.0,True,0.0,2,799,0,ao_grid_coordinate_codebook,analytical_ris_equal_allocation,"[1.832514484656628, 3.9814536580112367, 3.9814896511548383]",[],"{""allocation_levels"": 7, ""beta_levels"": 5, ""phase_levels"": 8}",301.633572,ebd605c7656308e79f486476ed71990b8de1f5e7e74875072300d3e4ab7e7ba2,fc61d5cda7da39530055bae9bd0e92865f995cd9,ee98d51d23f2f29facb379bf4250dad3e33d568085dfd332a582372e84151ce7
ao_grid,10000,227,test,3.9811474163166944,3.9811474163166944,1.0,True,0.0,2,799,0,ao_grid_coordinate_codebook,analytical_ris_equal_allocation,"[1.8327614288653375, 3.98101066340176, 3.9811474163166944]",[],"{""allocation_levels"": 7, ""beta_levels"": 5, ""phase_levels"": 8}",302.754825,ebd605c7656308e79f486476ed71990b8de1f5e7e74875072300d3e4ab7e7ba2,fc61d5cda7da39530055bae9bd0e92865f995cd9,ee98d51d23f2f29facb379bf4250dad3e33d568085dfd332a582372e84151ce7
ao_grid,10000,228,test,3.98080767336591,3.98080767336591,1.0,True,0.0,2,799,0,ao_grid_coordinate_codebook,analytical_ris_equal_allocation,"[1.8328406429812698, 3.9806479214085524, 3.98080767336591]",[],"{""allocation_levels"": 7, ""beta_levels"": 5, ""phase_levels"": 8}",302.549988,ebd605c7656308e79f486476ed71990b8de1f5e7e74875072300d3e4ab7e7ba2,fc61d5cda7da39530055bae9bd0e92865f995cd9,ee98d51d23f2f29facb379bf4250dad3e33d568085dfd332a582372e84151ce7
ao_grid,10000,229,test,3.981445388746618,3.981445388746618,1.0,True,0.0,2,799,0,ao_grid_coordinate_codebook,analytical_ris_equal_allocation,"[1.8354289486245683, 3.981377683011152, 3.981445388746618]",[],"{""allocation_levels"": 7, ""beta_levels"": 5, ""phase_levels"": 8}",301.132251,ebd605c7656308e79f486476ed71990b8de1f5e7e74875072300d3e4ab7e7ba2,fc61d5cda7da39530055bae9bd0e92865f995cd9,ee98d51d23f2f29facb379bf4250dad3e33d568085dfd332a582372e84151ce7
ao_grid,10000,230,test,3.981321157124427,3.981321157124427,1.0,True,0.0,2,799,0,ao_grid_coordinate_codebook,analytical_ris_equal_allocation,"[1.8348633958343046, 3.9810517108060965, 3.981321157124427]",[],"{""allocation_levels"": 7, ""beta_levels"": 5, ""phase_levels"": 8}",309.185529,ebd605c7656308e79f486476ed71990b8de1f5e7e74875072300d3e4ab7e7ba2,fc61d5cda7da39530055bae9bd0e92865f995cd9,ee98d51d23f2f29facb379bf4250dad3e33d568085dfd332a582372e84151ce7
ao_grid,10000,231,test,3.9814448152828117,3.9814448152828117,1.0,True,0.0,2,799,0,ao_grid_coordinate_codebook,analytical_ris_equal_allocation,"[1.8353363323012997, 3.98133779888492, 3.9814448152828117]",[],"{""allocation_levels"": 7, ""beta_levels"": 5, ""phase_levels"": 8}",310.397563,ebd605c7656308e79f486476ed71990b8de1f5e7e74875072300d3e4ab7e7ba2,fc61d5cda7da39530055bae9bd0e92865f995cd9,ee98d51d23f2f29facb379bf4250dad3e33d568085dfd332a582372e84151ce7
ao_grid,10000,232,test,3.981660928907898,3.981660928907898,1.0,True,0.0,2,799,0,ao_grid_coordinate_codebook,analytical_ris_equal_allocation,"[1.8330648005272085, 3.9814668906839827, 3.981660928907898]",[],"{""allocation_levels"": 7, ""beta_levels"": 5, ""phase_levels"": 8}",303.153244,ebd605c7656308e79f486476ed71990b8de1f5e7e74875072300d3e4ab7e7ba2,fc61d5cda7da39530055bae9bd0e92865f995cd9,ee98d51d23f2f29facb379bf4250dad3e33d568085dfd332a582372e84151ce7
ao_grid,10000,233,test,3.981325060737313,3.981325060737313,1.0,True,0.0,2,799,0,ao_grid_coordinate_codebook,analytical_ris_equal_allocation,"[1.8355147128044011, 3.981037129928523, 3.981325060737313]",[],"{""allocation_levels"": 7, ""beta_levels"": 5, ""phase_levels"": 8}",295.882202,ebd605c7656308e79f486476ed71990b8de1f5e7e74875072300d3e4ab7e7ba2,fc61d5cda7da39530055bae9bd0e92865f995cd9,ee98d51d23f2f29facb379bf4250dad3e33d568085dfd332a582372e84151ce7
ao_grid,10000,234,test,3.9815691817975303,3.9815691817975303,1.0,True,0.0,2,799,0,ao_grid_coordinate_codebook,analytical_ris_equal_allocation,"[1.830120663001673, 3.981547834723587, 3.9815691817975303]",[],"{""allocation_levels"": 7, ""beta_levels"": 5, ""phase_levels"": 8}",306.972686,ebd605c7656308e79f486476ed71990b8de1f5e7e74875072300d3e4ab7e7ba2,fc61d5cda7da39530055bae9bd0e92865f995cd9,ee98d51d23f2f29facb379bf4250dad3e33d568085dfd332a582372e84151ce7
ao_grid,10000,235,test,3.981682762399408,3.981682762399408,1.0,True,0.0,2,799,0,ao_grid_coordinate_codebook,analytical_ris_equal_allocation,"[1.835867842331443, 3.9815916161766323, 3.981682762399408]",[],"{""allocation_levels"": 7, ""beta_levels"": 5, ""phase_levels"": 8}",304.0274,ebd605c7656308e79f486476ed71990b8de1f5e7e74875072300d3e4ab7e7ba2,fc61d5cda7da39530055bae9bd0e92865f995cd9,ee98d51d23f2f29facb379bf4250dad3e33d568085dfd332a582372e84151ce7
ao_grid,10000,236,test,3.9812860404261423,3.9812860404261423,1.0,True,0.0,2,799,0,ao_grid_coordinate_codebook,analytical_ris_equal_allocation,"[1.8347217530279092, 3.981125738916323, 3.9812860404261423]",[],"{""allocation_levels"": 7, ""beta_levels"": 5, ""phase_levels"": 8}",301.0231,ebd605c7656308e79f486476ed71990b8de1f5e7e74875072300d3e4ab7e7ba2,fc61d5cda7da39530055bae9bd0e92865f995cd9,ee98d51d23f2f29facb379bf4250dad3e33d568085dfd332a582372e84151ce7
ao_grid,10000,237,test,3.981529250303849,3.981529250303849,1.0,True,0.0,2,799,0,ao_grid_coordinate_codebook,analytical_ris_equal_allocation,"[1.8354392679424265, 3.9814447198842755, 3.981529250303849]",[],"{""allocation_levels"": 7, ""beta_levels"": 5, ""phase_levels"": 8}",298.29729,ebd605c7656308e79f486476ed71990b8de1f5e7e74875072300d3e4ab7e7ba2,fc61d5cda7da39530055bae9bd0e92865f995cd9,ee98d51d23f2f29facb379bf4250dad3e33d568085dfd332a582372e84151ce7
ao_grid,10000,238,test,3.981335720400857,3.981335720400857,1.0,True,0.0,2,799,0,ao_grid_coordinate_codebook,analytical_ris_equal_allocation,"[1.8359493482293499, 3.9812761285913814, 3.981335720400857]",[],"{""allocation_levels"": 7, ""beta_levels"": 5, ""phase_levels"": 8}",381.734865,ebd605c7656308e79f486476ed71990b8de1f5e7e74875072300d3e4ab7e7ba2,fc61d5cda7da39530055bae9bd0e92865f995cd9,ee98d51d23f2f29facb379bf4250dad3e33d568085dfd332a582372e84151ce7
ao_grid,10000,239,test,3.9813708320902044,3.9813708320902044,1.0,True,0.0,2,799,0,ao_grid_coordinate_codebook,analytical_ris_equal_allocation,"[1.820655420535705, 3.981142058588437, 3.9813708320902044]",[],"{""allocation_levels"": 7, ""beta_levels"": 5, ""phase_levels"": 8}",293.779598,ebd605c7656308e79f486476ed71990b8de1f5e7e74875072300d3e4ab7e7ba2,fc61d5cda7da39530055bae9bd0e92865f995cd9,ee98d51d23f2f29facb379bf4250dad3e33d568085dfd332a582372e84151ce7
ao_grid,10000,240,test,3.980883063940034,3.980883063940034,1.0,True,0.0,2,799,0,ao_grid_coordinate_codebook,analytical_ris_equal_allocation,"[1.8347629020450018, 3.9807763366807114, 3.980883063940034]",[],"{""allocation_levels"": 7, ""beta_levels"": 5, ""phase_levels"": 8}",296.538055,ebd605c7656308e79f486476ed71990b8de1f5e7e74875072300d3e4ab7e7ba2,fc61d5cda7da39530055bae9bd0e92865f995cd9,ee98d51d23f2f29facb379bf4250dad3e33d568085dfd332a582372e84151ce7
ao_grid,10000,241,test,3.9815273221760874,3.9815273221760874,1.0,True,0.0,2,799,0,ao_grid_coordinate_codebook,analytical_ris_equal_allocation,"[1.835918666139942, 3.9813716048603434, 3.9815273221760874]",[],"{""allocation_levels"": 7, ""beta_levels"": 5, ""phase_levels"": 8}",298.919734,ebd605c7656308e79f486476ed71990b8de1f5e7e74875072300d3e4ab7e7ba2,fc61d5cda7da39530055bae9bd0e92865f995cd9,ee98d51d23f2f29facb379bf4250dad3e33d568085dfd332a582372e84151ce7
ao_grid,10000,242,test,3.981640004922006,3.981640004922006,1.0,True,0.0,2,799,0,ao_grid_coordinate_codebook,analytical_ris_equal_allocation,"[1.8357575368493124, 3.981593728871042, 3.981640004922006]",[],"{""allocation_levels"": 7, ""beta_levels"": 5, ""phase_levels"": 8}",299.029027,ebd605c7656308e79f486476ed71990b8de1f5e7e74875072300d3e4ab7e7ba2,fc61d5cda7da39530055bae9bd0e92865f995cd9,ee98d51d23f2f29facb379bf4250dad3e33d568085dfd332a582372e84151ce7
ao_grid,10000,243,test,3.980992296969487,3.980992296969487,1.0,True,0.0,2,799,0,ao_grid_coordinate_codebook,analytical_ris_equal_allocation,"[1.8312772322894084, 3.980806930274114, 3.980992296969487]",[],"{""allocation_levels"": 7, ""beta_levels"": 5, ""phase_levels"": 8}",298.098053,ebd605c7656308e79f486476ed71990b8de1f5e7e74875072300d3e4ab7e7ba2,fc61d5cda7da39530055bae9bd0e92865f995cd9,ee98d51d23f2f29facb379bf4250dad3e33d568085dfd332a582372e84151ce7
ao_grid,10000,244,test,3.9816987690436063,3.9816987690436063,1.0,True,0.0,2,799,0,ao_grid_coordinate_codebook,analytical_ris_equal_allocation,"[1.835980265774114, 3.981624368045482, 3.9816987690436063]",[],"{""allocation_levels"": 7, ""beta_levels"": 5, ""phase_levels"": 8}",309.793893,ebd605c7656308e79f486476ed71990b8de1f5e7e74875072300d3e4ab7e7ba2,fc61d5cda7da39530055bae9bd0e92865f995cd9,ee98d51d23f2f29facb379bf4250dad3e33d568085dfd332a582372e84151ce7
ao_grid,10000,245,test,3.9815032331334645,3.9815032331334645,1.0,True,0.0,2,799,0,ao_grid_coordinate_codebook,analytical_ris_equal_allocation,"[1.836177737425901, 3.9814612851000173, 3.9815032331334645]",[],"{""allocation_levels"": 7, ""beta_levels"": 5, ""phase_levels"": 8}",310.596736,ebd605c7656308e79f486476ed71990b8de1f5e7e74875072300d3e4ab7e7ba2,fc61d5cda7da39530055bae9bd0e92865f995cd9,ee98d51d23f2f29facb379bf4250dad3e33d568085dfd332a582372e84151ce7
ao_grid,10000,246,test,3.9813865699069595,3.9813865699069595,1.0,True,0.0,2,799,0,ao_grid_coordinate_codebook,analytical_ris_equal_allocation,"[1.835422731908331, 3.981296315214238, 3.9813865699069595]",[],"{""allocation_levels"": 7, ""beta_levels"": 5, ""phase_levels"": 8}",300.18598,ebd605c7656308e79f486476ed71990b8de1f5e7e74875072300d3e4ab7e7ba2,fc61d5cda7da39530055bae9bd0e92865f995cd9,ee98d51d23f2f29facb379bf4250dad3e33d568085dfd332a582372e84151ce7
ao_grid,10000,247,test,3.9816175075094105,3.9816175075094105,1.0,True,0.0,2,799,0,ao_grid_coordinate_codebook,analytical_ris_equal_allocation,"[1.8365123775125443, 3.9815184520806715, 3.9816175075094105]",[],"{""allocation_levels"": 7, ""beta_levels"": 5, ""phase_levels"": 8}",297.412686,ebd605c7656308e79f486476ed71990b8de1f5e7e74875072300d3e4ab7e7ba2,fc61d5cda7da39530055bae9bd0e92865f995cd9,ee98d51d23f2f29facb379bf4250dad3e33d568085dfd332a582372e84151ce7
ao_grid,10000,248,test,3.981657573014345,3.981657573014345,1.0,True,0.0,2,799,0,ao_grid_coordinate_codebook,analytical_ris_equal_allocation,"[1.8364432622938383, 3.9816462366131242, 3.981657573014345]",[],"{""allocation_levels"": 7, ""beta_levels"": 5, ""phase_levels"": 8}",292.03572,ebd605c7656308e79f486476ed71990b8de1f5e7e74875072300d3e4ab7e7ba2,fc61d5cda7da39530055bae9bd0e92865f995cd9,ee98d51d23f2f29facb379bf4250dad3e33d568085dfd332a582372e84151ce7
ao_grid,10000,249,test,3.981601869193703,3.981601869193703,1.0,True,0.0,2,799,0,ao_grid_coordinate_codebook,analytical_ris_equal_allocation,"[1.8353303582077762, 3.9815494553722743, 3.981601869193703]",[],"{""allocation_levels"": 7, ""beta_levels"": 5, ""phase_levels"": 8}",261.626363,ebd605c7656308e79f486476ed71990b8de1f5e7e74875072300d3e4ab7e7ba2,fc61d5cda7da39530055bae9bd0e92865f995cd9,ee98d51d23f2f29facb379bf4250dad3e33d568085dfd332a582372e84151ce7
