method,n_ris,seed,scenario,split,sum_rate,reward,qos_fraction,all_qos,violation,iterations,evaluations,accepted_steps,solver,initialization,objective_history,surrogate_records,grid,solve_ms,config_hash,git_commit,bank_checksum
ao_sca,64,10000,0,test,17.763042761410148,17.763042761410148,1.0,True,0.0,15,6100,22,ao_sca_proximal_physical,analytical_ris_equal_allocation,"[1.8378481357530474, 16.64902743672373, 17.11995405795019, 17.169865356633807, 17.179158654531733, 17.183771997251636, 17.351134361544034, 17.417631109928813, 17.5706550273255, 17.58452599906524, 17.643636068045325, 17.749755951627144, 17.75450506259278, 17.75714003559259, 17.76165614807917, 17.763042761410148]","[{""block"": ""rsma"", ""rho"": 1.0, ""gain"": 14.576695108514949}, {""block"": ""star_ris"", ""rho"": 2.0, ""gain"": 0.23448419245573504}, {""block"": ""rsma"", ""rho"": 1.0, ""gain"": 0.0}, {""block"": ""star_ris"", ""rho"": 1.0, ""gain"": 0.47092662122645734}, {""block"": ""rsma"", ""rho"": 1.0, ""gain"": -3.552713678800501e-15}, {""block"": ""star_ris"", ""rho"": 32.0, ""gain"": 0.04991129868362165}, {""block"": ""rsma"", ""rho"": 1.0, ""gain"": 0.0}, {""block"": ""star_ris"", ""rho"": 64.0, ""gain"": 0.009293297897926323}, {""block"": ""rsma"", ""rho"": 1.0, ""gain"": 0.0}, {""block"": ""star_ris"", ""rho"": 128.0, ""gain"": 0.004613342719903102}, {""block"": ""rsma"", ""rho"": 1.0, ""gain"": -3.552713678800501e-15}, {""block"": ""star_ris"", ""rho"": 1.0, ""gain"": 0.16736236429240137}, {""block"": ""rsma"", ""rho"": 1.0, ""gain"": 0.0}, {""block"": ""star_ris"", ""rho"": 1.0, ""gain"": 0.06649674838477893}, {""block"": ""rsma"", ""rho"": 1.0, ""gain"": 3.552713678800501e-15}, {""block"": ""star_ris"", ""rho"": 1.0, ""gain"": 0.15302391739668408}, {""block"": ""rsma"", ""rho"": 1.0, ""gain"": 0.0}, {""block"": ""star_ris"", ""rho"": 4.0, ""gain"": 0.01387097173973828}, {""block"": ""rsma"", ""rho"": 1.0, ""gain"": 0.0}, {""block"": ""star_ris"", ""rho"": 2.0, ""gain"": 0.05911006898008608}, {""block"": ""rsma"", ""rho"": 1.0, ""gain"": 0.0}, {""block"": ""star_ris"", ""rho"": 4.0, ""gain"": 0.1061198835818189}, {""block"": ""rsma"", ""rho"": 1.0, ""gain"": 0.0}, {""block"": ""star_ris"", ""rho"": 256.0, ""gain"": 0.004749110965637016}, {""block"": ""rsma"", ""rho"": 1.0, ""gain"": 0.0}, {""block"": ""star_ris"", ""rho"": 1.0, ""gain"": 0.0026349729998109694}, {""block"": ""rsma"", ""rho"": 1.0, ""gain"": 0.0}, {""block"": ""star_ris"", ""rho"": 64.0, ""gain"": 0.0045161124865771285}, {""block"": ""rsma"", ""rho"": 1.0, ""gain"": 0.0}, {""block"": ""star_ris"", ""rho"": 2.0, ""gain"": 0.001386613330979003}]",{},3511.225977,1a480db47c5efa1cc1a63abf6aef552d6bf21ecebd475a7bc99d509c20d9fb0d,fc61d5cda7da39530055bae9bd0e92865f995cd9,ae41070d268d283dcc283b0aaf9b960eae1f4ddd22d423577b272c18802a3aae
ao_sca,64,10000,1,test,18.114464682724275,18.114464682724275,1.0,True,0.0,12,4881,22,ao_sca_proximal_physical,analytical_ris_equal_allocation,"[1.8378985505102703, 17.269036464777773, 17.36543033920358, 17.4666029956473, 17.812577314156687, 17.82586497263145, 18.022541671722863, 18.056097766980418, 18.058089637276534, 18.084361533675725, 18.111069361612664, 18.114402582182684, 18.114464682724275]","[{""block"": ""rsma"", ""rho"": 1.0, ""gain"": 14.69256153348794}, {""block"": ""star_ris"", ""rho"": 1.0, ""gain"": 0.7385763807795627}, {""block"": ""rsma"", ""rho"": 1.0, ""gain"": 0.0}, {""block"": ""star_ris"", ""rho"": 1.0, ""gain"": 0.09639387442580727}, {""block"": ""rsma"", ""rho"": 1.0, ""gain"": 0.0}, {""block"": ""star_ris"", ""rho"": 2.0, ""gain"": 0.10117265644371898}, {""block"": ""rsma"", ""rho"": 1.0, ""gain"": -3.552713678800501e-15}, {""block"": ""star_ris"", ""rho"": 1.0, ""gain"": 0.3459743185093913}, {""block"": ""rsma"", ""rho"": 1.0, ""gain"": -3.552713678800501e-15}, {""block"": ""star_ris"", ""rho"": 2.0, ""gain"": 0.013287658474766317}, {""block"": ""rsma"", ""rho"": 1.0, ""gain"": 0.0}, {""block"": ""star_ris"", ""rho"": 2.0, ""gain"": 0.1966766990914124}, {""block"": ""rsma"", ""rho"": 1.0, ""gain"": 0.0}, {""block"": ""star_ris"", ""rho"": 4.0, ""gain"": 0.03355609525755554}, {""block"": ""rsma"", ""rho"": 1.0, ""gain"": 0.0}, {""block"": ""star_ris"", ""rho"": 128.0, ""gain"": 0.0019918702961163604}, {""block"": ""rsma"", ""rho"": 1.0, ""gain"": 0.0}, {""block"": ""star_ris"", ""rho"": 8.0, ""gain"": 0.02627189639919081}, {""block"": ""rsma"", ""rho"": 1.0, ""gain"": 0.0}, {""block"": ""star_ris"", ""rho"": 16.0, ""gain"": 0.0267078279369386}, {""block"": ""rsma"", ""rho"": 1.0, ""gain"": 0.0}, {""block"": ""star_ris"", ""rho"": 64.0, ""gain"": 0.003333220570020501}, {""block"": ""rsma"", ""rho"": 1.0, ""gain"": -3.552713678800501e-15}, {""block"": ""star_ris"", ""rho"": 128.0, ""gain"": 6.210054159438982e-05}]",{},2686.937652,1a480db47c5efa1cc1a63abf6aef552d6bf21ecebd475a7bc99d509c20d9fb0d,fc61d5cda7da39530055bae9bd0e92865f995cd9,ae41070d268d283dcc283b0aaf9b960eae1f4ddd22d423577b272c18802a3aae
ao_sca,64,10000,2,test,18.27210590621397,18.27210590621397,1.0,True,0.0,20,8121,36,ao_sca_proximal_physical,analytical_ris_equal_allocation,"[1.8379370087879783, 17.52410681911858, 17.618520819433623, 17.679798542735114, 17.831996903080967, 17.911001117802005, 17.940295731285136, 17.962329075387412, 17.984226645029175, 18.006586420857065, 18.051416630083118, 18.08544008164487, 18.130851712687225, 18.146250446212942, 18.17220893156741, 18.175893702076518, 18.21351684973813, 18.21846032933227, 18.221469804773033, 18.258914253235734, 18.272105906213966]","[{""block"": ""rsma"", ""rho"": 1.0, ""gain"": 15.581936729814277}, {""block"": ""star_ris"", ""rho"": 1.0, ""gain"": 0.10423308051632318}, {""block"": ""rsma"", ""rho"": 1.0, ""gain"": 0.0}, {""block"": ""star_ris"", ""rho"": 2.0, ""gain"": 0.09441400031504443}, {""block"": ""rsma"", ""rho"": 1.0, ""gain"": 0.0}, {""block"": ""star_ris"", ""rho"": 1.0, ""gain"": 0.06127772330149028}, {""block"": ""rsma"", ""rho"": 1.0, ""gain"": 0.0}, {""block"": ""star_ris"", ""rho"": 1.0, ""gain"": 0.152198360345853}, {""block"": ""rsma"", ""rho"": 1.0, ""gain"": 0.0}, {""block"": ""star_ris"", ""rho"": 4.0, ""gain"": 0.07900421472103858}, {""block"": ""rsma"", ""rho"": 1.0, ""gain"": 0.0}, {""block"": ""star_ris"", ""rho"": 8.0, ""gain"": 0.029294613483131116}, {""block"": ""rsma"", ""rho"": 1.0, ""gain"": 0.0}, {""block"": ""star_ris"", ""rho"": 32.0, ""gain"": 0.022033344102275976}, {""block"": ""rsma"", ""rho"": 1.0, ""gain"": 0.0}, {""block"": ""star_ris"", ""rho"": 4.0, ""gain"": 0.02189756964176226}, {""block"": ""rsma"", ""rho"": 1.0, ""gain"": 0.0}, {""block"": ""star_ris"", ""rho"": 4.0, ""gain"": 0.022359775827890616}, {""block"": ""rsma"", ""rho"": 1.0, ""gain"": -3.552713678800501e-15}, {""block"": ""star_ris"", ""rho"": 2.0, ""gain"": 0.044830209226056184}, {""block"": ""rsma"", ""rho"": 1.0, ""gain"": 0.0}, {""block"": ""star_ris"", ""rho"": 4.0, ""gain"": 0.03402345156175102}, {""block"": ""rsma"", ""rho"": 1.0, ""gain"": 0.0}, {""block"": ""star_ris"", ""rho"": 2.0, ""gain"": 0.04541163104235579}, {""block"": ""rsma"", ""rho"": 1.0, ""gain"": 0.0}, {""block"": ""star_ris"", ""rho"": 2.0, ""gain"": 0.015398733525717745}, {""block"": ""rsma"", ""rho"": 1.0, ""gain"": 0.0}, {""block"": ""star_ris"", ""rho"": 2.0, ""gain"": 0.025958485354468763}, {""block"": ""rsma"", ""rho"": 1.0, ""gain"": 0.0}, {""block"": ""star_ris"", ""rho"": 16.0, ""gain"": 0.0036847705091069827}, {""block"": ""rsma"", ""rho"": 1.0, ""gain"": 0.0}, {""block"": ""star_ris"", ""rho"": 16.0, ""gain"": 0.03762314766161268}, {""block"": ""rsma"", ""rho"": 1.0, ""gain"": 0.0}, {""block"": ""star_ris"", ""rho"": 32.0, ""gain"": 0.004943479594139433}, {""block"": ""rsma"", ""rho"": 1.0, ""gain"": 0.0}, {""block"": ""star_ris"", ""rho"": 4.0, ""gain"": 0.003009475440762799}, {""block"": ""rsma"", ""rho"": 1.0, ""gain"": -3.552713678800501e-15}, {""block"": ""star_ris"", ""rho"": 2.0, ""gain"": 0.037444448462704116}, {""block"": ""rsma"", ""rho"": 1.0, ""gain"": 3.552713678800501e-15}, {""block"": ""star_ris"", ""rho"": 8.0, ""gain"": 0.013191652978228774}]",{},4553.738338,1a480db47c5efa1cc1a63abf6aef552d6bf21ecebd475a7bc99d509c20d9fb0d,fc61d5cda7da39530055bae9bd0e92865f995cd9,ae41070d268d283dcc283b0aaf9b960eae1f4ddd22d423577b272c18802a3aae
ao_sca,64,10000,3,test,18.11702277439041,18.11702277439041,1.0,True,0.0,19,7720,32,ao_sca_proximal_physical,analytical_ris_equal_allocation,"[1.837927941035201, 17.576090066701827, 17.77717308127057, 17.80047986733637, 17.804775590157227, 17.82476502161549, 17.82806907950132, 17.830950971545903, 17.92943244446969, 17.945043871298974, 17.95599024757275, 18.002618097146815, 18.016164302291617, 18.060964116383193, 18.071509725282656, 18.07654096147744, 18.100518769032384, 18.10437513104101, 18.116619396308415, 18.11702277439041]","[{""block"": ""rsma"", ""rho"": 1.0, ""gain"": 15.280728921970795}, {""block"": ""star_ris"", ""rho"": 1.0, ""gain"": 0.45743320369583174}, {""block"": ""rsma"", ""rho"": 1.0, ""gain"": 0.0}, {""block"": ""star_ris"", ""rho"": 4.0, ""gain"": 0.20108301456874145}, {""block"": ""rsma"", ""rho"": 1.0, ""gain"": 0.0}, {""block"": ""star_ris"", ""rho"": 32.0, ""gain"": 0.0233067860658025}, {""block"": ""rsma"", ""rho"": 1.0, ""gain"": 0.0}, {""block"": ""star_ris"", ""rho"": 2.0, ""gain"": 0.00429572282085644}, {""block"": ""rsma"", ""rho"": 1.0, ""gain"": 0.0}, {""block"": ""star_ris"", ""rho"": 2.0, ""gain"": 0.019989431458263596}, {""block"": ""rsma"", ""rho"": 1.0, ""gain"": 3.552713678800501e-15}, {""block"": ""star_ris"", ""rho"": 16.0, ""gain"": 0.0033040578858241076}, {""block"": ""rsma"", ""rho"": 1.0, ""gain"": 3.552713678800501e-15}, {""block"": ""star_ris"", ""rho"": 8.0, ""gain"": 0.0028818920445807805}, {""block"": ""rsma"", ""rho"": 1.0, ""gain"": -3.552713678800501e-15}, {""block"": ""star_ris"", ""rho"": 2.0, ""gain"": 0.09848147292379039}, {""block"": ""rsma"", ""rho"": 1.0, ""gain"": 0.0}, {""block"": ""star_ris"", ""rho"": 2.0, ""gain"": 0.015611426829284625}, {""block"": ""rsma"", ""rho"": 1.0, ""gain"": -3.552713678800501e-15}, {""block"": ""star_ris"", ""rho"": 2.0, ""gain"": 0.010946376273778924}, {""block"": ""rsma"", ""rho"": 1.0, ""gain"": 0.0}, {""block"": ""star_ris"", ""rho"": 4.0, ""gain"": 0.046627849574065294}, {""block"": ""rsma"", ""rho"": 1.0, ""gain"": 7.105427357601002e-15}, {""block"": ""star_ris"", ""rho"": 2.0, ""gain"": 0.01354620514479521}, {""block"": ""rsma"", ""rho"": 1.0, ""gain"": -3.552713678800501e-15}, {""block"": ""star_ris"", ""rho"": 8.0, ""gain"": 0.04479981409157929}, {""block"": ""rsma"", ""rho"": 1.0, ""gain"": 0.0}, {""block"": ""star_ris"", ""rho"": 4.0, ""gain"": 0.010545608899462877}, {""block"": ""rsma"", ""rho"": 1.0, ""gain"": 3.552713678800501e-15}, {""block"": ""star_ris"", ""rho"": 8.0, ""gain"": 0.005031236194781741}, {""block"": ""rsma"", ""rho"": 1.0, ""gain"": 0.0}, {""block"": ""star_ris"", ""rho"": 8.0, ""gain"": 0.023977807554942387}, {""block"": ""rsma"", ""rho"": 1.0, ""gain"": 0.0}, {""block"": ""star_ris"", ""rho"": 16.0, ""gain"": 0.0038563620086264905}, {""block"": ""rsma"", ""rho"": 1.0, ""gain"": -7.105427357601002e-15}, {""block"": ""star_ris"", ""rho"": 8.0, ""gain"": 0.012244265267412402}, {""block"": ""rsma"", ""rho"": 1.0, ""gain"": 0.0}, {""block"": ""star_ris"", ""rho"": 8.0, ""gain"": 0.00040337808199453207}]",{},4138.801147,1a480db47c5efa1cc1a63abf6aef552d6bf21ecebd475a7bc99d509c20d9fb0d,fc61d5cda7da39530055bae9bd0e92865f995cd9,ae41070d268d283dcc283b0aaf9b960eae1f4ddd22d423577b272c18802a3aae
ao_sca,64,10000,4,test,17.232136835373826,17.232136835373826,1.0,True,0.0,7,2839,14,ao_sca_proximal_physical,analytical_ris_equal_allocation,"[1.8378638587374108, 16.905807158647196, 16.928941208807895, 16.962344366978304, 17.055298714682813, 17.18959964327418, 17.230898352465033, 17.232136835373826]","[{""block"": ""rsma"", ""rho"": 1.0, ""gain"": 14.81221478231516}, {""block"": ""star_ris"", ""rho"": 1.0, ""gain"": 0.2557285175946262}, {""block"": ""rsma"", ""rho"": 1.0, ""gain"": 0.0}, {""block"": ""star_ris"", ""rho"": 4.0, ""gain"": 0.02313405016069936}, {""block"": ""rsma"", ""rho"": 1.0, ""gain"": 0.0}, {""block"": ""star_ris"", ""rho"": 2.0, ""gain"": 0.033403158170408176}, {""block"": ""rsma"", ""rho"": 1.0, ""gain"": 0.0}, {""block"": ""star_ris"", ""rho"": 1.0, ""gain"": 0.09295434770450939}, {""block"": ""rsma"", ""rho"": 1.0, ""gain"": 0.0}, {""block"": ""star_ris"", ""rho"": 1.0, ""gain"": 0.13430092859136877}, {""block"": ""rsma"", ""rho"": 1.0, ""gain"": 0.0}, {""block"": ""star_ris"", ""rho"": 4.0, ""gain"": 0.04129870919085121}, {""block"": ""rsma"", ""rho"": 1.0, ""gain"": 3.552713678800501e-15}, {""block"": ""star_ris"", ""rho"": 32.0, ""gain"": 0.0012384829087892513}]",{},1500.349446,1a480db47c5efa1cc1a63abf6aef552d6bf21ecebd475a7bc99d509c20d9fb0d,fc61d5cda7da39530055bae9bd0e92865f995cd9,ae41070d268d283dcc283b0aaf9b960eae1f4ddd22d423577b272c18802a3aae
ao_sca,64,10000,5,test,18.235942606975904,18.235942606975904,1.0,True,0.0,13,5276,19,ao_sca_proximal_physical,analytical_ris_equal_allocation,"[1.8379491284891851, 17.627209524803472, 17.917049365093042, 17.98155253662194, 18.10486673437782, 18.14240676909845, 18.14734059960375, 18.167785879827463, 18.188666885947576, 18.206730410909188, 18.210274096904897, 18.225882723570262, 18.235888826334644, 18.235942606975904]","[{""block"": ""rsma"", ""rho"": 1.0, ""gain"": 15.77909214532579}, {""block"": ""star_ris"", ""rho"": 1.0, ""gain"": 0.010168250988495942}, {""block"": ""rsma"", ""rho"": 1.0, ""gain"": 3.552713678800501e-15}, {""block"": ""star_ris"", ""rho"": 1.0, ""gain"": 0.28983984028956655}, {""block"": ""rsma"", ""rho"": 1.0, ""gain"": 0.0}, {""block"": ""star_ris"", ""rho"": 2.0, ""gain"": 0.06450317152889795}, {""block"": ""rsma"", ""rho"": 1.0, ""gain"": 0.0}, {""block"": ""star_ris"", ""rho"": 16.0, ""gain"": 0.12331419775587804}, {""block"": ""rsma"", ""rho"": 1.0, ""gain"": -3.552713678800501e-15}, {""block"": ""star_ris"", ""rho"": 4.0, ""gain"": 0.03754003472063516}, {""block"": ""rsma"", ""rho"": 1.0, ""gain"": 7.105427357601002e-15}, {""block"": ""star_ris"", ""rho"": 8.0, ""gain"": 0.004933830505294168}, {""block"": ""rsma"", ""rho"": 1.0, ""gain"": 0.0}, {""block"": ""star_ris"", ""rho"": 4.0, ""gain"": 0.020445280223711393}, {""block"": ""rsma"", ""rho"": 1.0, ""gain"": 3.552713678800501e-15}, {""block"": ""star_ris"", ""rho"": 2.0, ""gain"": 0.020881006120109902}, {""block"": ""rsma"", ""rho"": 1.0, ""gain"": 0.0}, {""block"": ""star_ris"", ""rho"": 4.0, ""gain"": 0.018063524961611677}, {""block"": ""rsma"", ""rho"": 1.0, ""gain"": 0.0}, {""block"": ""star_ris"", ""rho"": 4.0, ""gain"": 0.0035436859957087563}, {""block"": ""rsma"", ""rho"": 1.0, ""gain"": 0.0}, {""block"": ""star_ris"", ""rho"": 1.0, ""gain"": 0.015608626665365222}, {""block"": ""rsma"", ""rho"": 1.0, ""gain"": 0.0}, {""block"": ""star_ris"", ""rho"": 2.0, ""gain"": 0.010006102764382518}, {""block"": ""rsma"", ""rho"": 1.0, ""gain"": 0.0}, {""block"": ""star_ris"", ""rho"": 32.0, ""gain"": 5.378064125949322e-05}]",{},2746.681809,1a480db47c5efa1cc1a63abf6aef552d6bf21ecebd475a7bc99d509c20d9fb0d,fc61d5cda7da39530055bae9bd0e92865f995cd9,ae41070d268d283dcc283b0aaf9b960eae1f4ddd22d423577b272c18802a3aae
ao_sca,64,10000,6,test,17.252351524815623,17.252351524815623,1.0,True,0.0,4,1628,8,ao_sca_proximal_physical,analytical_ris_equal_allocation,"[1.8378898613377939, 17.097524601010637, 17.201902093921717, 17.250895238506228, 17.252351524815623]","[{""block"": ""rsma"", ""rho"": 1.0, ""gain"": 14.684031877871446}, {""block"": ""star_ris"", ""rho"": 2.0, ""gain"": 0.5756028618013964}, {""block"": ""rsma"", ""rho"": 1.0, ""gain"": -3.552713678800501e-15}, {""block"": ""star_ris"", ""rho"": 8.0, ""gain"": 0.10437749291108389}, {""block"": ""rsma"", ""rho"": 1.0, ""gain"": 0.0}, {""block"": ""star_ris"", ""rho"": 16.0, ""gain"": 0.04899314458451087}, {""block"": ""rsma"", ""rho"": 1.0, ""gain"": 0.0}, {""block"": ""star_ris"", ""rho"": 8.0, ""gain"": 0.001456286309394983}]",{},867.005292,1a480db47c5efa1cc1a63abf6aef552d6bf21ecebd475a7bc99d509c20d9fb0d,fc61d5cda7da39530055bae9bd0e92865f995cd9,ae41070d268d283dcc283b0aaf9b960eae1f4ddd22d423577b272c18802a3aae
ao_sca,64,10000,7,test,18.1029104302252,18.1029104302252,1.0,True,0.0,17,6900,31,ao_sca_proximal_physical,analytical_ris_equal_allocation,"[1.8379152238084582, 17.05375994200814, 17.084905000035835, 17.2827865905958, 17.304660043703983, 17.515407238094046, 17.54333213018247, 17.56238719550028, 17.599764680893045, 17.72660982796711, 17.759661053767175, 17.881224906083183, 17.889493677143967, 18.041819410349913, 18.080517579496064, 18.087355813919608, 18.10279280601154, 18.102910430225197]","[{""block"": ""rsma"", ""rho"": 1.0, ""gain"": 15.042370711294726}, {""block"": ""star_ris"", ""rho"": 4.0, ""gain"": 0.17347400690495363}, {""block"": ""rsma"", ""rho"": 1.0, ""gain"": 0.0}, {""block"": ""star_ris"", ""rho"": 2.0, ""gain"": 0.031145058027696848}, {""block"": ""rsma"", ""rho"": 1.0, ""gain"": 0.0}, {""block"": ""star_ris"", ""rho"": 4.0, ""gain"": 0.19788159055996601}, {""block"": ""rsma"", ""rho"": 1.0, ""gain"": -3.552713678800501e-15}, {""block"": ""star_ris"", ""rho"": 32.0, ""gain"": 0.021873453108185004}, {""block"": ""rsma"", ""rho"": 1.0, ""gain"": 0.0}, {""block"": ""star_ris"", ""rho"": 1.0, ""gain"": 0.21074719439006273}, {""block"": ""rsma"", ""rho"": 1.0, ""gain"": 0.0}, {""block"": ""star_ris"", ""rho"": 32.0, ""gain"": 0.02792489208842497}, {""block"": ""rsma"", ""rho"": 1.0, ""gain"": 0.0}, {""block"": ""star_ris"", ""rho"": 4.0, ""gain"": 0.019055065317807873}, {""block"": ""rsma"", ""rho"": 1.0, ""gain"": 0.0}, {""block"": ""star_ris"", ""rho"": 2.0, ""gain"": 0.037377485392767085}, {""block"": ""rsma"", ""rho"": 1.0, ""gain"": -3.552713678800501e-15}, {""block"": ""star_ris"", ""rho"": 1.0, ""gain"": 0.1268451470740679}, {""block"": ""rsma"", ""rho"": 1.0, ""gain"": 0.0}, {""block"": ""star_ris"", ""rho"": 2.0, ""gain"": 0.033051225800065254}, {""block"": ""rsma"", ""rho"": 1.0, ""gain"": 0.0}, {""block"": ""star_ris"", ""rho"": 8.0, ""gain"": 0.12156385231600808}, {""block"": ""rsma"", ""rho"": 1.0, ""gain"": -7.105427357601002e-15}, {""block"": ""star_ris"", ""rho"": 2.0, ""gain"": 0.00826877106079138}, {""block"": ""rsma"", ""rho"": 1.0, ""gain"": 0.0}, {""block"": ""star_ris"", ""rho"": 1.0, ""gain"": 0.1523257332059451}, {""block"": ""rsma"", ""rho"": 1.0, ""gain"": 3.552713678800501e-15}, {""block"": ""star_ris"", ""rho"": 2.0, ""gain"": 0.038698169146147876}, {""block"": ""rsma"", ""rho"": 1.0, ""gain"": -3.552713678800501e-15}, {""block"": ""star_ris"", ""rho"": 1.0, ""gain"": 0.0068382344235473624}, {""block"": ""rsma"", ""rho"": 1.0, ""gain"": 7.105427357601002e-15}, {""block"": ""star_ris"", ""rho"": 8.0, ""gain"": 0.015436992091924395}, {""block"": ""rsma"", ""rho"": 1.0, ""gain"": -3.552713678800501e-15}, {""block"": ""star_ris"", ""rho"": 16.0, ""gain"": 0.00011762421366157128}]",{},3838.621383,1a480db47c5efa1cc1a63abf6aef552d6bf21ecebd475a7bc99d509c20d9fb0d,fc61d5cda7da39530055bae9bd0e92865f995cd9,ae41070d268d283dcc283b0aaf9b960eae1f4ddd22d423577b272c18802a3aae
ao_sca,64,10000,8,test,17.678026676619496,17.678026676619496,1.0,True,0.0,12,4883,21,ao_sca_proximal_physical,analytical_ris_equal_allocation,"[1.837837762530056, 16.501836870623467, 17.224561120106905, 17.273027779044256, 17.291619930455198, 17.328858718042376, 17.330645638175255, 17.339184796875056, 17.39416514101446, 17.42231926906143, 17.60196563898597, 17.677783647884546, 17.678026676619496]","[{""block"": ""rsma"", ""rho"": 1.0, ""gain"": 14.310715414837356}, {""block"": ""star_ris"", ""rho"": 1.0, ""gain"": 0.35328369325605635}, {""block"": ""rsma"", ""rho"": 1.0, ""gain"": 3.552713678800501e-15}, {""block"": ""star_ris"", ""rho"": 2.0, ""gain"": 0.7227242494834343}, {""block"": ""rsma"", ""rho"": 1.0, ""gain"": 0.0}, {""block"": ""star_ris"", ""rho"": 4.0, ""gain"": 0.04846665893735036}, {""block"": ""rsma"", ""rho"": 1.0, ""gain"": 0.0}, {""block"": ""star_ris"", ""rho"": 8.0, ""gain"": 0.018592151410942392}, {""block"": ""rsma"", ""rho"": 1.0, ""gain"": 0.0}, {""block"": ""star_ris"", ""rho"": 1.0, ""gain"": 0.037238787587178024}, {""block"": ""rsma"", ""rho"": 1.0, ""gain"": 0.0}, {""block"": ""star_ris"", ""rho"": 32.0, ""gain"": 0.0017869201328792883}, {""block"": ""rsma"", ""rho"": 1.0, ""gain"": 0.0}, {""block"": ""star_ris"", ""rho"": 64.0, ""gain"": 0.008539158699800709}, {""block"": ""rsma"", ""rho"": 1.0, ""gain"": 0.0}, {""block"": ""star_ris"", ""rho"": 4.0, ""gain"": 0.054980344139405446}, {""block"": ""rsma"", ""rho"": 1.0, ""gain"": 0.0}, {""block"": ""star_ris"", ""rho"": 2.0, ""gain"": 0.028154128046967486}, {""block"": ""rsma"", ""rho"": 1.0, ""gain"": -3.552713678800501e-15}, {""block"": ""star_ris"", ""rho"": 4.0, ""gain"": 0.1796463699245443}, {""block"": ""rsma"", ""rho"": 1.0, ""gain"": 0.0}, {""block"": ""star_ris"", ""rho"": 8.0, ""gain"": 0.07581800889857604}, {""block"": ""rsma"", ""rho"": 1.0, ""gain"": 0.0}, {""block"": ""star_ris"", ""rho"": 512.0, ""gain"": 0.0002430287349497462}]",{},2707.105065,1a480db47c5efa1cc1a63abf6aef552d6bf21ecebd475a7bc99d509c20d9fb0d,fc61d5cda7da39530055bae9bd0e92865f995cd9,ae41070d268d283dcc283b0aaf9b960eae1f4ddd22d423577b272c18802a3aae
ao_sca,64,10000,9,test,17.337599890186354,17.337599890186354,1.0,True,0.0,10,4066,19,ao_sca_proximal_physical,analytical_ris_equal_allocation,"[1.8378231665644913, 16.28777840549412, 16.97136725395753, 16.978299584386388, 17.22740175136905, 17.241288405345152, 17.244274759922508, 17.278982368562392, 17.33035668911001, 17.336074899098072, 17.337599890186354]","[{""block"": ""rsma"", ""rho"": 1.0, ""gain"": 14.418851322943649}, {""block"": ""star_ris"", ""rho"": 2.0, ""gain"": 0.03110391598598028}, {""block"": ""rsma"", ""rho"": 1.0, ""gain"": -3.552713678800501e-15}, {""block"": ""star_ris"", ""rho"": 1.0, ""gain"": 0.6835888484634154}, {""block"": ""rsma"", ""rho"": 1.0, ""gain"": 0.0}, {""block"": ""star_ris"", ""rho"": 2.0, ""gain"": 0.006932330428856659}, {""block"": ""rsma"", ""rho"": 1.0, ""gain"": 0.0}, {""block"": ""star_ris"", ""rho"": 4.0, ""gain"": 0.24910216698266296}, {""block"": ""rsma"", ""rho"": 1.0, ""gain"": 0.0}, {""block"": ""star_ris"", ""rho"": 64.0, ""gain"": 0.013886653976101115}, {""block"": ""rsma"", ""rho"": 1.0, ""gain"": 0.0}, {""block"": ""star_ris"", ""rho"": 1.0, ""gain"": 0.002986354577355854}, {""block"": ""rsma"", ""rho"": 1.0, ""gain"": 0.0}, {""block"": ""star_ris"", ""rho"": 8.0, ""gain"": 0.03470760863988431}, {""block"": ""rsma"", ""rho"": 1.0, ""gain"": 0.0}, {""block"": ""star_ris"", ""rho"": 16.0, ""gain"": 0.05137432054761604}, {""block"": ""rsma"", ""rho"": 1.0, ""gain"": 3.552713678800501e-15}, {""block"": ""star_ris"", ""rho"": 32.0, ""gain"": 0.005718209988060607}, {""block"": ""rsma"", ""rho"": 1.0, ""gain"": 0.0}, {""block"": ""star_ris"", ""rho"": 8.0, ""gain"": 0.0015249910882815243}]",{},2245.082959,1a480db47c5efa1cc1a63abf6aef552d6bf21ecebd475a7bc99d509c20d9fb0d,fc61d5cda7da39530055bae9bd0e92865f995cd9,ae41070d268d283dcc283b0aaf9b960eae1f4ddd22d423577b272c18802a3aae
ao_sca,64,10000,10,test,17.776229145165324,17.776229145165324,1.0,True,0.0,3,1220,4,ao_sca_proximal_physical,analytical_ris_equal_allocation,"[1.8379495865616018, 17.70397519154934, 17.774834202471183, 17.776229145165324]","[{""block"": ""rsma"", ""rho"": 1.0, ""gain"": 15.82395900286357}, {""block"": ""star_ris"", ""rho"": 1.0, ""gain"": 0.04206660212416935}, {""block"": ""rsma"", ""rho"": 1.0, ""gain"": 0.0}, {""block"": ""star_ris"", ""rho"": 2.0, ""gain"": 0.07085901092184343}, {""block"": ""rsma"", ""rho"": 1.0, ""gain"": 0.0}, {""block"": ""star_ris"", ""rho"": 64.0, ""gain"": 0.001394942694140866}]",{},683.773076,1a480db47c5efa1cc1a63abf6aef552d6bf21ecebd475a7bc99d509c20d9fb0d,fc61d5cda7da39530055bae9bd0e92865f995cd9,ae41070d268d283dcc283b0aaf9b960eae1f4ddd22d423577b272c18802a3aae
ao_sca,64,10000,11,test,17.333802663622063,17.333802663622063,1.0,True,0.0,17,6917,32,ao_sca_proximal_physical,analytical_ris_equal_allocation,"[1.8378369843770694, 16.27184778059007, 16.895080761312137, 16.947402836592683, 16.978307116072777, 16.982518764838257, 16.98704385723015, 17.036902716474827, 17.04049716373304, 17.067022669553857, 17.113696514320072, 17.11584690659457, 17.13472495766077, 17.226650465522397, 17.26355399410992, 17.323000134512988, 17.333738903207248, 17.333802663622063]","[{""block"": ""rsma"", ""rho"": 1.0, ""gain"": 14.387837445391686}, {""block"": ""star_ris"", ""rho"": 32.0, ""gain"": 0.04617335082131291}, {""block"": ""rsma"", ""rho"": 1.0, ""gain"": 0.0}, {""block"": ""star_ris"", ""rho"": 1.0, ""gain"": 0.6232329807220687}, {""block"": ""rsma"", ""rho"": 1.0, ""gain"": 0.0}, {""block"": ""star_ris"", ""rho"": 1.0, ""gain"": 0.05232207528054644}, {""block"": ""rsma"", ""rho"": 1.0, ""gain"": 3.552713678800501e-15}, {""block"": ""star_ris"", ""rho"": 32.0, ""gain"": 0.030904279480090224}, {""block"": ""rsma"", ""rho"": 1.0, ""gain"": 0.0}, {""block"": ""star_ris"", ""rho"": 64.0, ""gain"": 0.0042116487654801915}, {""block"": ""rsma"", ""rho"": 1.0, ""gain"": 0.0}, {""block"": ""star_ris"", ""rho"": 16.0, ""gain"": 0.004525092391894248}, {""block"": ""rsma"", ""rho"": 1.0, ""gain"": 0.0}, {""block"": ""star_ris"", ""rho"": 16.0, ""gain"": 0.04985885924467581}, {""block"": ""rsma"", ""rho"": 1.0, ""gain"": -3.552713678800501e-15}, {""block"": ""star_ris"", ""rho"": 16.0, ""gain"": 0.0035944472582158937}, {""block"": ""rsma"", ""rho"": 1.0, ""gain"": 0.0}, {""block"": ""star_ris"", ""rho"": 4.0, ""gain"": 0.026525505820817585}, {""block"": ""rsma"", ""rho"": 1.0, ""gain"": 0.0}, {""block"": ""star_ris"", ""rho"": 4.0, ""gain"": 0.0466738447662145}, {""block"": ""rsma"", ""rho"": 1.0, ""gain"": 0.0}, {""block"": ""star_ris"", ""rho"": 1.0, ""gain"": 0.002150392274497648}, {""block"": ""rsma"", ""rho"": 1.0, ""gain"": 0.0}, {""block"": ""star_ris"", ""rho"": 2.0, ""gain"": 0.01887805106619922}, {""block"": ""rsma"", ""rho"": 1.0, ""gain"": 0.0}, {""block"": ""star_ris"", ""rho"": 4.0, ""gain"": 0.09192550786162812}, {""block"": ""rsma"", ""rho"": 1.0, ""gain"": -3.552713678800501e-15}, {""block"": ""star_ris"", ""rho"": 1.0, ""gain"": 0.036903528587526324}, {""block"": ""rsma"", ""rho"": 1.0, ""gain"": 0.0}, {""block"": ""star_ris"", ""rho"": 32.0, ""gain"": 0.05944614040306817}, {""block"": ""rsma"", ""rho"": 1.0, ""gain"": 0.0}, {""block"": ""star_ris"", ""rho"": 64.0, ""gain"": 0.010738768694260159}, {""block"": ""rsma"", ""rho"": 1.0, ""gain"": 0.0}, {""block"": ""star_ris"", ""rho"": 4.0, ""gain"": 6.376041481459538e-05}]",{},3753.996413,1a480db47c5efa1cc1a63abf6aef552d6bf21ecebd475a7bc99d509c20d9fb0d,fc61d5cda7da39530055bae9bd0e92865f995cd9,ae41070d268d283dcc283b0aaf9b960eae1f4ddd22d423577b272c18802a3aae
ao_sca,64,10000,12,test,17.793586292946323,17.793586292946323,1.0,True,0.0,9,3651,17,ao_sca_proximal_physical,analytical_ris_equal_allocation,"[1.8379226384023426, 17.266404960601115, 17.50358367765422, 17.556080947334678, 17.6313254320336, 17.696721874176042, 17.70899685815531, 17.72866862501145, 17.79208547622563, 17.793586292946323]","[{""block"": ""rsma"", ""rho"": 1.0, ""gain"": 15.3801413873196}, {""block"": ""star_ris"", ""rho"": 2.0, ""gain"": 0.048340934879171016}, {""block"": ""rsma"", ""rho"": 1.0, ""gain"": -3.552713678800501e-15}, {""block"": ""star_ris"", ""rho"": 2.0, ""gain"": 0.23717871705310856}, {""block"": ""rsma"", ""rho"": 1.0, ""gain"": 0.0}, {""block"": ""star_ris"", ""rho"": 2.0, ""gain"": 0.0524972696804582}, {""block"": ""rsma"", ""rho"": 1.0, ""gain"": 0.0}, {""block"": ""star_ris"", ""rho"": 8.0, ""gain"": 0.07524448469892064}, {""block"": ""rsma"", ""rho"": 1.0, ""gain"": 0.0}, {""block"": ""star_ris"", ""rho"": 2.0, ""gain"": 0.06539644214244333}, {""block"": ""rsma"", ""rho"": 1.0, ""gain"": 0.0}, {""block"": ""star_ris"", ""rho"": 4.0, ""gain"": 0.012274983979267517}, {""block"": ""rsma"", ""rho"": 1.0, ""gain"": 0.0}, {""block"": ""star_ris"", ""rho"": 4.0, ""gain"": 0.019671766856141915}, {""block"": ""rsma"", ""rho"": 1.0, ""gain"": 0.0}, {""block"": ""star_ris"", ""rho"": 2.0, ""gain"": 0.0634168512141784}, {""block"": ""rsma"", ""rho"": 1.0, ""gain"": 0.0}, {""block"": ""star_ris"", ""rho"": 4.0, ""gain"": 0.0015008167206929102}]",{},1846.02117,1a480db47c5efa1cc1a63abf6aef552d6bf21ecebd475a7bc99d509c20d9fb0d,fc61d5cda7da39530055bae9bd0e92865f995cd9,ae41070d268d283dcc283b0aaf9b960eae1f4ddd22d423577b272c18802a3aae
ao_sca,64,10000,13,test,18.27554230445647,18.27554230445647,1.0,True,0.0,9,3671,17,ao_sca_proximal_physical,analytical_ris_equal_allocation,"[1.8379608829498566, 18.0813825583525, 18.174109078862358, 18.180808350730125, 18.21745753789796, 18.258155039247995, 18.263080472512996, 18.265532486832072, 18.274176629718404, 18.27554230445647]","[{""block"": ""rsma"", ""rho"": 1.0, ""gain"": 15.567740160872232}, {""block"": ""star_ris"", ""rho"": 1.0, ""gain"": 0.6756815145304138}, {""block"": ""rsma"", ""rho"": 1.0, ""gain"": 0.0}, {""block"": ""star_ris"", ""rho"": 4.0, ""gain"": 0.09272652050985641}, {""block"": ""rsma"", ""rho"": 1.0, ""gain"": 0.0}, {""block"": ""star_ris"", ""rho"": 8.0, ""gain"": 0.006699271867766754}, {""block"": ""rsma"", ""rho"": 1.0, ""gain"": 0.0}, {""block"": ""star_ris"", ""rho"": 4.0, ""gain"": 0.036649187167835606}, {""block"": ""rsma"", ""rho"": 1.0, ""gain"": 0.0}, {""block"": ""star_ris"", ""rho"": 16.0, ""gain"": 0.040697501350035026}, {""block"": ""rsma"", ""rho"": 1.0, ""gain"": 0.0}, {""block"": ""star_ris"", ""rho"": 128.0, ""gain"": 0.004925433265000834}, {""block"": ""rsma"", ""rho"": 1.0, ""gain"": 0.0}, {""block"": ""star_ris"", ""rho"": 256.0, ""gain"": 0.0024520143190756016}, {""block"": ""rsma"", ""rho"": 1.0, ""gain"": 3.552713678800501e-15}, {""block"": ""star_ris"", ""rho"": 32.0, ""gain"": 0.008644142886328865}, {""block"": ""rsma"", ""rho"": 1.0, ""gain"": 0.0}, {""block"": ""star_ris"", ""rho"": 8.0, ""gain"": 0.0013656747380643708}]",{},1911.834346,1a480db47c5efa1cc1a63abf6aef552d6bf21ecebd475a7bc99d509c20d9fb0d,fc61d5cda7da39530055bae9bd0e92865f995cd9,ae41070d268d283dcc283b0aaf9b960eae1f4ddd22d423577b272c18802a3aae
ao_sca,64,10000,14,test,17.751830203938383,17.751830203938383,1.0,True,0.0,13,5278,23,ao_sca_proximal_physical,analytical_ris_equal_allocation,"[1.8378802953436537, 16.644644796523554, 17.182087413774347, 17.36562260156259, 17.497853029327366, 17.51379977079072, 17.565989856160193, 17.622855190548982, 17.637886436758205, 17.701888989263022, 17.719799889304312, 17.729668438474896, 17.751806653395413, 17.751830203938383]","[{""block"": ""rsma"", ""rho"": 1.0, ""gain"": 14.78636434230278}, {""block"": ""star_ris"", ""rho"": 1.0, ""gain"": 0.02040015887711988}, {""block"": ""rsma"", ""rho"": 1.0, ""gain"": 0.0}, {""block"": ""star_ris"", ""rho"": 1.0, ""gain"": 0.5374426172507931}, {""block"": ""rsma"", ""rho"": 1.0, ""gain"": 0.0}, {""block"": ""star_ris"", ""rho"": 1.0, ""gain"": 0.18353518778824096}, {""block"": ""rsma"", ""rho"": 1.0, ""gain"": 0.0}, {""block"": ""star_ris"", ""rho"": 1.0, ""gain"": 0.1322304277647781}, {""block"": ""rsma"", ""rho"": 1.0, ""gain"": -3.552713678800501e-15}, {""block"": ""star_ris"", ""rho"": 16.0, ""gain"": 0.015946741463356062}, {""block"": ""rsma"", ""rho"": 1.0, ""gain"": 0.0}, {""block"": ""star_ris"", ""rho"": 4.0, ""gain"": 0.05219008536947456}, {""block"": ""rsma"", ""rho"": 1.0, ""gain"": 0.0}, {""block"": ""star_ris"", ""rho"": 4.0, ""gain"": 0.056865334388788824}, {""block"": ""rsma"", ""rho"": 1.0, ""gain"": 0.0}, {""block"": ""star_ris"", ""rho"": 2.0, ""gain"": 0.01503124620922236}, {""block"": ""rsma"", ""rho"": 1.0, ""gain"": 0.0}, {""block"": ""star_ris"", ""rho"": 1.0, ""gain"": 0.06400255250481734}, {""block"": ""rsma"", ""rho"": 1.0, ""gain"": 0.0}, {""block"": ""star_ris"", ""rho"": 16.0, ""gain"": 0.017910900041290034}, {""block"": ""rsma"", ""rho"": 1.0, ""gain"": 0.0}, {""block"": ""star_ris"", ""rho"": 32.0, ""gain"": 0.009868549170583663}, {""block"": ""rsma"", ""rho"": 1.0, ""gain"": 0.0}, {""block"": ""star_ris"", ""rho"": 4.0, ""gain"": 0.02213821492051693}, {""block"": ""rsma"", ""rho"": 1.0, ""gain"": 3.552713678800501e-15}, {""block"": ""star_ris"", ""rho"": 32.0, ""gain"": 2.3550542966432886e-05}]",{},2730.389069,1a480db47c5efa1cc1a63abf6aef552d6bf21ecebd475a7bc99d509c20d9fb0d,fc61d5cda7da39530055bae9bd0e92865f995cd9,ae41070d268d283dcc283b0aaf9b960eae1f4ddd22d423577b272c18802a3aae
ao_sca,64,10000,15,test,17.76834643840386,17.76834643840386,1.0,True,0.0,9,3661,17,ao_sca_proximal_physical,analytical_ris_equal_allocation,"[1.8379044912086575, 17.228641423398184, 17.416057293032555, 17.49889789124159, 17.518606103933053, 17.528337987316426, 17.619250469579157, 17.66646112570814, 17.7678530987744, 17.76834643840386]","[{""block"": ""rsma"", ""rho"": 1.0, ""gain"": 14.853185089236042}, {""block"": ""star_ris"", ""rho"": 2.0, ""gain"": 0.5375518429534836}, {""block"": ""rsma"", ""rho"": 1.0, ""gain"": 3.552713678800501e-15}, {""block"": ""star_ris"", ""rho"": 4.0, ""gain"": 0.18741586963436774}, {""block"": ""rsma"", ""rho"": 1.0, ""gain"": 0.0}, {""block"": ""star_ris"", ""rho"": 8.0, ""gain"": 0.08284059820903522}, {""block"": ""rsma"", ""rho"": 1.0, ""gain"": 0.0}, {""block"": ""star_ris"", ""rho"": 32.0, ""gain"": 0.01970821269146228}, {""block"": ""rsma"", ""rho"": 1.0, ""gain"": 3.552713678800501e-15}, {""block"": ""star_ris"", ""rho"": 64.0, ""gain"": 0.009731883383370388}, {""block"": ""rsma"", ""rho"": 1.0, ""gain"": -3.552713678800501e-15}, {""block"": ""star_ris"", ""rho"": 1.0, ""gain"": 0.09091248226273407}, {""block"": ""rsma"", ""rho"": 1.0, ""gain"": 0.0}, {""block"": ""star_ris"", ""rho"": 2.0, ""gain"": 0.04721065612898201}, {""block"": ""rsma"", ""rho"": 1.0, ""gain"": 0.0}, {""block"": ""star_ris"", ""rho"": 1.0, ""gain"": 0.10139197306626002}, {""block"": ""rsma"", ""rho"": 1.0, ""gain"": 3.552713678800501e-15}, {""block"": ""star_ris"", ""rho"": 64.0, ""gain"": 0.0004933396294575232}]",{},1991.298427,1a480db47c5efa1cc1a63abf6aef552d6bf21ecebd475a7bc99d509c20d9fb0d,fc61d5cda7da39530055bae9bd0e92865f995cd9,ae41070d268d283dcc283b0aaf9b960eae1f4ddd22d423577b272c18802a3aae
ao_sca,64,10000,16,test,17.599082600836997,17.599082600836997,1.0,True,0.0,7,2844,12,ao_sca_proximal_physical,analytical_ris_equal_allocation,"[1.8378680942817103, 16.72582057637699, 17.325019744133456, 17.35938590004436, 17.39233987397877, 17.418793109221895, 17.59892192652392, 17.599082600836997]","[{""block"": ""rsma"", ""rho"": 1.0, ""gain"": 14.582294600118242}, {""block"": ""star_ris"", ""rho"": 1.0, ""gain"": 0.30565788197703725}, {""block"": ""rsma"", ""rho"": 1.0, ""gain"": -3.552713678800501e-15}, {""block"": ""star_ris"", ""rho"": 2.0, ""gain"": 0.5991991677564705}, {""block"": ""rsma"", ""rho"": 1.0, ""gain"": 0.0}, {""block"": ""star_ris"", ""rho"": 16.0, ""gain"": 0.03436615591090231}, {""block"": ""rsma"", ""rho"": 1.0, ""gain"": -7.105427357601002e-15}, {""block"": ""star_ris"", ""rho"": 4.0, ""gain"": 0.03295397393441846}, {""block"": ""rsma"", ""rho"": 1.0, ""gain"": 0.0}, {""block"": ""star_ris"", ""rho"": 32.0, ""gain"": 0.026453235243124595}, {""block"": ""rsma"", ""rho"": 1.0, ""gain"": -3.552713678800501e-15}, {""block"": ""star_ris"", ""rho"": 1.0, ""gain"": 0.18012881730203034}, {""block"": ""rsma"", ""rho"": 1.0, ""gain"": 0.0}, {""block"": ""star_ris"", ""rho"": 8.0, ""gain"": 0.0001606743130757593}]",{},1490.438068,1a480db47c5efa1cc1a63abf6aef552d6bf21ecebd475a7bc99d509c20d9fb0d,fc61d5cda7da39530055bae9bd0e92865f995cd9,ae41070d268d283dcc283b0aaf9b960eae1f4ddd22d423577b272c18802a3aae
ao_sca,64,10000,17,test,17.830343417912754,17.830343417912754,1.0,True,0.0,20,8129,31,ao_sca_proximal_physical,analytical_ris_equal_allocation,"[1.8379105714578847, 17.19798948163567, 17.228403448274804, 17.233603885513165, 17.27730220054527, 17.280389103142692, 17.312258259480195, 17.349989159859497, 17.38868890712796, 17.397002721345093, 17.413395239886977, 17.46576615256098, 17.53382438404553, 17.62564296549821, 17.668106431860302, 17.68579974858067, 17.722331719845734, 17.78732415179054, 17.78960998552784, 17.79150629795121, 17.830343417912754]","[{""block"": ""rsma"", ""rho"": 1.0, ""gain"": 15.340348392165899}, {""block"": ""star_ris"", ""rho"": 8.0, ""gain"": 0.019730518011886744}, {""block"": ""rsma"", ""rho"": 1.0, ""gain"": 0.0}, {""block"": ""star_ris"", ""rho"": 16.0, ""gain"": 0.030413966639134316}, {""block"": ""rsma"", ""rho"": 1.0, ""gain"": 0.0}, {""block"": ""star_ris"", ""rho"": 4.0, ""gain"": 0.005200437238361388}, {""block"": ""rsma"", ""rho"": 1.0, ""gain"": -3.552713678800501e-15}, {""block"": ""star_ris"", ""rho"": 16.0, ""gain"": 0.04369831503210975}, {""block"": ""rsma"", ""rho"": 1.0, ""gain"": -3.552713678800501e-15}, {""block"": ""star_ris"", ""rho"": 8.0, ""gain"": 0.003086902597424057}, {""block"": ""rsma"", ""rho"": 1.0, ""gain"": 0.0}, {""block"": ""star_ris"", ""rho"": 32.0, ""gain"": 0.03186915633750331}, {""block"": ""rsma"", ""rho"": 1.0, ""gain"": 0.0}, {""block"": ""star_ris"", ""rho"": 4.0, ""gain"": 0.0377309003793016}, {""block"": ""rsma"", ""rho"": 1.0, ""gain"": 7.105427357601002e-15}, {""block"": ""star_ris"", ""rho"": 1.0, ""gain"": 0.038699747268456264}, {""block"": ""rsma"", ""rho"": 1.0, ""gain"": 0.0}, {""block"": ""star_ris"", ""rho"": 16.0, ""gain"": 0.008313814217132176}, {""block"": ""rsma"", ""rho"": 1.0, ""gain"": 0.0}, {""block"": ""star_ris"", ""rho"": 4.0, ""gain"": 0.016392518541884726}, {""block"": ""rsma"", ""rho"": 1.0, ""gain"": -3.552713678800501e-15}, {""block"": ""star_ris"", ""rho"": 1.0, ""gain"": 0.052370912674007286}, {""block"": ""rsma"", ""rho"": 1.0, ""gain"": 0.0}, {""block"": ""star_ris"", ""rho"": 1.0, ""gain"": 0.06805823148454948}, {""block"": ""rsma"", ""rho"": 1.0, ""gain"": 0.0}, {""block"": ""star_ris"", ""rho"": 4.0, ""gain"": 0.09181858145267796}, {""block"": ""rsma"", ""rho"": 1.0, ""gain"": 0.0}, {""block"": ""star_ris"", ""rho"": 1.0, ""gain"": 0.04246346636209353}, {""block"": ""rsma"", ""rho"": 1.0, ""gain"": 0.0}, {""block"": ""star_ris"", ""rho"": 4.0, ""gain"": 0.017693316720368557}, {""block"": ""rsma"", ""rho"": 1.0, ""gain"": 0.0}, {""block"": ""star_ris"", ""rho"": 32.0, ""gain"": 0.036531971265063135}, {""block"": ""rsma"", ""rho"": 1.0, ""gain"": 0.0}, {""block"": ""star_ris"", ""rho"": 2.0, ""gain"": 0.06499243194480542}, {""block"": ""rsma"", ""rho"": 1.0, ""gain"": 3.552713678800501e-15}, {""block"": ""star_ris"", ""rho"": 32.0, ""gain"": 0.0022858337372966275}, {""block"": ""rsma"", ""rho"": 1.0, ""gain"": -3.552713678800501e-15}, {""block"": ""star_ris"", ""rho"": 8.0, ""gain"": 0.0018963124233728479}, {""block"": ""rsma"", ""rho"": 1.0, ""gain"": 0.0}, {""block"": ""star_ris"", ""rho"": 2.0, ""gain"": 0.038837119961545596}]",{},4263.050825,1a480db47c5efa1cc1a63abf6aef552d6bf21ecebd475a7bc99d509c20d9fb0d,fc61d5cda7da39530055bae9bd0e92865f995cd9,ae41070d268d283dcc283b0aaf9b960eae1f4ddd22d423577b272c18802a3aae
ao_sca,64,10000,18,test,17.5915731999765,17.5915731999765,1.0,True,0.0,6,2435,11,ao_sca_proximal_physical,analytical_ris_equal_allocation,"[1.8378720248884828, 16.58788343611242, 17.091049308636244, 17.34999648581935, 17.581891233204864, 17.59049504119198, 17.5915731999765]","[{""block"": ""rsma"", ""rho"": 1.0, ""gain"": 14.618600411070158}, {""block"": ""star_ris"", ""rho"": 2.0, ""gain"": 0.13141100015377916}, {""block"": ""rsma"", ""rho"": 1.0, ""gain"": 0.0}, {""block"": ""star_ris"", ""rho"": 1.0, ""gain"": 0.503165872523823}, {""block"": ""rsma"", ""rho"": 1.0, ""gain"": -3.552713678800501e-15}, {""block"": ""star_ris"", ""rho"": 4.0, ""gain"": 0.25894717718311}, {""block"": ""rsma"", ""rho"": 1.0, ""gain"": 3.552713678800501e-15}, {""block"": ""star_ris"", ""rho"": 4.0, ""gain"": 0.2318947473855104}, {""block"": ""rsma"", ""rho"": 1.0, ""gain"": 0.0}, {""block"": ""star_ris"", ""rho"": 8.0, ""gain"": 0.008603807987114465}, {""block"": ""rsma"", ""rho"": 1.0, ""gain"": 0.0}, {""block"": ""star_ris"", ""rho"": 4.0, ""gain"": 0.0010781587845229978}]",{},1302.079015,1a480db47c5efa1cc1a63abf6aef552d6bf21ecebd475a7bc99d509c20d9fb0d,fc61d5cda7da39530055bae9bd0e92865f995cd9,ae41070d268d283dcc283b0aaf9b960eae1f4ddd22d423577b272c18802a3aae
ao_sca,64,10000,19,test,17.911169132177157,17.911169132177157,1.0,True,0.0,6,2441,11,ao_sca_proximal_physical,analytical_ris_equal_allocation,"[1.837921530398416, 17.82292372778667, 17.84347368812896, 17.848937513822847, 17.851913402057498, 17.909593605635063, 17.911169132177157]","[{""block"": ""rsma"", ""rho"": 1.0, ""gain"": 14.957676193274695}, {""block"": ""star_ris"", ""rho"": 1.0, ""gain"": 1.027326004113558}, {""block"": ""rsma"", ""rho"": 1.0, ""gain"": 0.0}, {""block"": ""star_ris"", ""rho"": 2.0, ""gain"": 0.020549960342290063}, {""block"": ""rsma"", ""rho"": 1.0, ""gain"": 0.0}, {""block"": ""star_ris"", ""rho"": 1.0, ""gain"": 0.005463825693887259}, {""block"": ""rsma"", ""rho"": 1.0, ""gain"": 0.0}, {""block"": ""star_ris"", ""rho"": 32.0, ""gain"": 0.002975888234651336}, {""block"": ""rsma"", ""rho"": 1.0, ""gain"": 0.0}, {""block"": ""star_ris"", ""rho"": 2.0, ""gain"": 0.05768020357756498}, {""block"": ""rsma"", ""rho"": 1.0, ""gain"": 0.0}, {""block"": ""star_ris"", ""rho"": 512.0, ""gain"": 0.0015755265420942521}]",{},1381.595757,1a480db47c5efa1cc1a63abf6aef552d6bf21ecebd475a7bc99d509c20d9fb0d,fc61d5cda7da39530055bae9bd0e92865f995cd9,ae41070d268d283dcc283b0aaf9b960eae1f4ddd22d423577b272c18802a3aae
ao_sca,64,10000,20,test,17.789209971501272,17.789209971501272,1.0,True,0.0,8,3244,14,ao_sca_proximal_physical,analytical_ris_equal_allocation,"[1.8378763604879738, 16.718486621536695, 17.415111712220423, 17.450531898164243, 17.64820871014446, 17.663945111097537, 17.769824510926355, 17.78748823193815, 17.789209971501272]","[{""block"": ""rsma"", ""rho"": 1.0, ""gain"": 14.775913503317936}, {""block"": ""star_ris"", ""rho"": 1.0, ""gain"": 0.10469675773078535}, {""block"": ""rsma"", ""rho"": 1.0, ""gain"": 0.0}, {""block"": ""star_ris"", ""rho"": 1.0, ""gain"": 0.6966250906837281}, {""block"": ""rsma"", ""rho"": 1.0, ""gain"": 0.0}, {""block"": ""star_ris"", ""rho"": 4.0, ""gain"": 0.03542018594382057}, {""block"": ""rsma"", ""rho"": 1.0, ""gain"": 0.0}, {""block"": ""star_ris"", ""rho"": 2.0, ""gain"": 0.19767681198021592}, {""block"": ""rsma"", ""rho"": 1.0, ""gain"": 3.552713678800501e-15}, {""block"": ""star_ris"", ""rho"": 4.0, ""gain"": 0.015736400953073826}, {""block"": ""rsma"", ""rho"": 1.0, ""gain"": -3.552713678800501e-15}, {""block"": ""star_ris"", ""rho"": 4.0, ""gain"": 0.10587939982882233}, {""block"": ""rsma"", ""rho"": 1.0, ""gain"": 0.0}, {""block"": ""star_ris"", ""rho"": 4.0, ""gain"": 0.017663721011793143}, {""block"": ""rsma"", ""rho"": 1.0, ""gain"": 0.0}, {""block"": ""star_ris"", ""rho"": 4.0, ""gain"": 0.0017217395631234922}]",{},1814.36826,1a480db47c5efa1cc1a63abf6aef552d6bf21ecebd475a7bc99d509c20d9fb0d,fc61d5cda7da39530055bae9bd0e92865f995cd9,ae41070d268d283dcc283b0aaf9b960eae1f4ddd22d423577b272c18802a3aae
ao_sca,64,10000,21,test,17.488938733155354,17.488938733155354,1.0,True,0.0,20,8137,37,ao_sca_proximal_physical,analytical_ris_equal_allocation,"[1.8378191176982146, 16.439862753178957, 16.852438746735608, 16.893025382547535, 16.912784780339322, 16.922536751127332, 16.924960225242945, 17.081699356482268, 17.12541079315164, 17.177126180899123, 17.271524885549983, 17.275344797022658, 17.33112145186408, 17.34424347040826, 17.357731688261463, 17.446861990141063, 17.453991676481376, 17.458299468723247, 17.477873589629105, 17.484277974925586, 17.488938733155354]","[{""block"": ""rsma"", ""rho"": 1.0, ""gain"": 13.969445253116929}, {""block"": ""star_ris"", ""rho"": 2.0, ""gain"": 0.6325983823638133}, {""block"": ""rsma"", ""rho"": 1.0, ""gain"": 0.0}, {""block"": ""star_ris"", ""rho"": 2.0, ""gain"": 0.41257599355665064}, {""block"": ""rsma"", ""rho"": 1.0, ""gain"": -3.552713678800501e-15}, {""block"": ""star_ris"", ""rho"": 16.0, ""gain"": 0.04058663581193045}, {""block"": ""rsma"", ""rho"": 1.0, ""gain"": 0.0}, {""block"": ""star_ris"", ""rho"": 32.0, ""gain"": 0.019759397791787592}, {""block"": ""rsma"", ""rho"": 1.0, ""gain"": 0.0}, {""block"": ""star_ris"", ""rho"": 64.0, ""gain"": 0.0097519707880096}, {""block"": ""rsma"", ""rho"": 1.0, ""gain"": -3.552713678800501e-15}, {""block"": ""star_ris"", ""rho"": 256.0, ""gain"": 0.0024234741156163864}, {""block"": ""rsma"", ""rho"": 1.0, ""gain"": 3.552713678800501e-15}, {""block"": ""star_ris"", ""rho"": 2.0, ""gain"": 0.15673913123931982}, {""block"": ""rsma"", ""rho"": 1.0, ""gain"": 0.0}, {""block"": ""star_ris"", ""rho"": 2.0, ""gain"": 0.043711436669372716}, {""block"": ""rsma"", ""rho"": 1.0, ""gain"": 3.552713678800501e-15}, {""block"": ""star_ris"", ""rho"": 2.0, ""gain"": 0.0517153877474783}, {""block"": ""rsma"", ""rho"": 1.0, ""gain"": 0.0}, {""block"": ""star_ris"", ""rho"": 2.0, ""gain"": 0.09439870465086031}, {""block"": ""rsma"", ""rho"": 1.0, ""gain"": 0.0}, {""block"": ""star_ris"", ""rho"": 16.0, ""gain"": 0.0038199114726751304}, {""block"": ""rsma"", ""rho"": 1.0, ""gain"": -3.552713678800501e-15}, {""block"": ""star_ris"", ""rho"": 4.0, ""gain"": 0.05577665484142713}, {""block"": ""rsma"", ""rho"": 1.0, ""gain"": 0.0}, {""block"": ""star_ris"", ""rho"": 4.0, ""gain"": 0.013122018544176939}, {""block"": ""rsma"", ""rho"": 1.0, ""gain"": -3.552713678800501e-15}, {""block"": ""star_ris"", ""rho"": 32.0, ""gain"": 0.013488217853208084}, {""block"": ""rsma"", ""rho"": 1.0, ""gain"": 0.0}, {""block"": ""star_ris"", ""rho"": 2.0, ""gain"": 0.08913030187959947}, {""block"": ""rsma"", ""rho"": 1.0, ""gain"": 0.0}, {""block"": ""star_ris"", ""rho"": 16.0, ""gain"": 0.0071296863403134125}, {""block"": ""rsma"", ""rho"": 1.0, ""gain"": -7.105427357601002e-15}, {""block"": ""star_ris"", ""rho"": 4.0, ""gain"": 0.004307792241878161}, {""block"": ""rsma"", ""rho"": 1.0, ""gain"": 3.552713678800501e-15}, {""block"": ""star_ris"", ""rho"": 4.0, ""gain"": 0.01957412090585464}, {""block"": ""rsma"", ""rho"": 1.0, ""gain"": 0.0}, {""block"": ""star_ris"", ""rho"": 8.0, ""gain"": 0.006404385296480797}, {""block"": ""rsma"", ""rho"": 1.0, ""gain"": 0.0}, {""block"": ""star_ris"", ""rho"": 4.0, ""gain"": 0.0046607582297681915}]",{},4432.517308,1a480db47c5efa1cc1a63abf6aef552d6bf21ecebd475a7bc99d509c20d9fb0d,fc61d5cda7da39530055bae9bd0e92865f995cd9,ae41070d268d283dcc283b0aaf9b960eae1f4ddd22d423577b272c18802a3aae
ao_sca,64,10000,22,test,17.72113282751102,17.72113282751102,1.0,True,0.0,18,7321,34,ao_sca_proximal_physical,analytical_ris_equal_allocation,"[1.837869673294686, 16.94221249386376, 17.045583592298083, 17.153355054430275, 17.46933265660047, 17.493903631906793, 17.504225992757867, 17.520122158068084, 17.553533914344996, 17.673099300942297, 17.67668749102676, 17.683142796136483, 17.68782399860182, 17.69081904607223, 17.696035231928754, 17.703942539991694, 17.716185998034504, 17.7209300448013, 17.72113282751102]","[{""block"": ""rsma"", ""rho"": 1.0, ""gain"": 14.993158500125373}, {""block"": ""star_ris"", ""rho"": 1.0, ""gain"": 0.11118432044370152}, {""block"": ""rsma"", ""rho"": 1.0, ""gain"": 0.0}, {""block"": ""star_ris"", ""rho"": 1.0, ""gain"": 0.10337109843432302}, {""block"": ""rsma"", ""rho"": 1.0, ""gain"": 3.552713678800501e-15}, {""block"": ""star_ris"", ""rho"": 1.0, ""gain"": 0.10777146213218813}, {""block"": ""rsma"", ""rho"": 1.0, ""gain"": 3.552713678800501e-15}, {""block"": ""star_ris"", ""rho"": 1.0, ""gain"": 0.315977602170193}, {""block"": ""rsma"", ""rho"": 1.0, ""gain"": 0.0}, {""block"": ""star_ris"", ""rho"": 16.0, ""gain"": 0.024570975306321685}, {""block"": ""rsma"", ""rho"": 1.0, ""gain"": 0.0}, {""block"": ""star_ris"", ""rho"": 64.0, ""gain"": 0.010322360851073853}, {""block"": ""rsma"", ""rho"": 1.0, ""gain"": -3.552713678800501e-15}, {""block"": ""star_ris"", ""rho"": 2.0, ""gain"": 0.01589616531022031}, {""block"": ""rsma"", ""rho"": 1.0, ""gain"": 0.0}, {""block"": ""star_ris"", ""rho"": 2.0, ""gain"": 0.033411756276912286}, {""block"": ""rsma"", ""rho"": 1.0, ""gain"": 0.0}, {""block"": ""star_ris"", ""rho"": 2.0, ""gain"": 0.11956538659730143}, {""block"": ""rsma"", ""rho"": 1.0, ""gain"": -3.552713678800501e-15}, {""block"": ""star_ris"", ""rho"": 32.0, ""gain"": 0.0035881900844678682}, {""block"": ""rsma"", ""rho"": 1.0, ""gain"": 7.105427357601002e-15}, {""block"": ""star_ris"", ""rho"": 16.0, ""gain"": 0.00645530510971426}, {""block"": ""rsma"", ""rho"": 1.0, ""gain"": 0.0}, {""block"": ""star_ris"", ""rho"": 128.0, ""gain"": 0.00468120246533843}, {""block"": ""rsma"", ""rho"": 1.0, ""gain"": 0.0}, {""block"": ""star_ris"", ""rho"": 8.0, ""gain"": 0.002995047470410128}, {""block"": ""rsma"", ""rho"": 1.0, ""gain"": 0.0}, {""block"": ""star_ris"", ""rho"": 16.0, ""gain"": 0.00521618585652206}, {""block"": ""rsma"", ""rho"": 1.0, ""gain"": 0.0}, {""block"": ""star_ris"", ""rho"": 8.0, ""gain"": 0.007907308062939933}, {""block"": ""rsma"", ""rho"": 1.0, ""gain"": 0.0}, {""block"": ""star_ris"", ""rho"": 8.0, ""gain"": 0.012243458042810573}, {""block"": ""rsma"", ""rho"": 1.0, ""gain"": -3.552713678800501e-15}, {""block"": ""star_ris"", ""rho"": 16.0, ""gain"": 0.004744046766798959}, {""block"": ""rsma"", ""rho"": 1.0, ""gain"": 0.0}, {""block"": ""star_ris"", ""rho"": 4.0, ""gain"": 0.0002027827097208501}]",{},4106.600924,1a480db47c5efa1cc1a63abf6aef552d6bf21ecebd475a7bc99d509c20d9fb0d,fc61d5cda7da39530055bae9bd0e92865f995cd9,ae41070d268d283dcc283b0aaf9b960eae1f4ddd22d423577b272c18802a3aae
ao_sca,64,10000,23,test,17.781057704736007,17.781057704736007,1.0,True,0.0,20,8126,36,ao_sca_proximal_physical,analytical_ris_equal_allocation,"[1.837776217136998, 17.406336133806498, 17.41155201912781, 17.419166534790154, 17.4327651323918, 17.480579205676342, 17.52602765202735, 17.53339081973049, 17.537567791400974, 17.54651946992083, 17.649863700889288, 17.655831345096644, 17.660538154945964, 17.675407516719503, 17.72287697587855, 17.732697086700163, 17.73969481180338, 17.74266551785407, 17.745416771194783, 17.77405429296103, 17.781057704736007]","[{""block"": ""rsma"", ""rho"": 1.0, ""gain"": 13.508581877695176}, {""block"": ""star_ris"", ""rho"": 1.0, ""gain"": 2.0599780389743234}, {""block"": ""rsma"", ""rho"": 1.0, ""gain"": 0.0}, {""block"": ""star_ris"", ""rho"": 4.0, ""gain"": 0.005215885321312896}, {""block"": ""rsma"", ""rho"": 1.0, ""gain"": 0.0}, {""block"": ""star_ris"", ""rho"": 32.0, ""gain"": 0.00761451566234328}, {""block"": ""rsma"", ""rho"": 1.0, ""gain"": 0.0}, {""block"": ""star_ris"", ""rho"": 8.0, ""gain"": 0.01359859760164639}, {""block"": ""rsma"", ""rho"": 1.0, ""gain"": -7.105427357601002e-15}, {""block"": ""star_ris"", ""rho"": 4.0, ""gain"": 0.0478140732845489}, {""block"": ""rsma"", ""rho"": 1.0, ""gain"": -3.552713678800501e-15}, {""block"": ""star_ris"", ""rho"": 4.0, ""gain"": 0.045448446351009864}, {""block"": ""rsma"", ""rho"": 1.0, ""gain"": 0.0}, {""block"": ""star_ris"", ""rho"": 8.0, ""gain"": 0.00736316770314005}, {""block"": ""rsma"", ""rho"": 1.0, ""gain"": 0.0}, {""block"": ""star_ris"", ""rho"": 2.0, ""gain"": 0.004176971670485585}, {""block"": ""rsma"", ""rho"": 1.0, ""gain"": -3.552713678800501e-15}, {""block"": ""star_ris"", ""rho"": 4.0, ""gain"": 0.008951678519860451}, {""block"": ""rsma"", ""rho"": 1.0, ""gain"": 0.0}, {""block"": ""star_ris"", ""rho"": 2.0, ""gain"": 0.10334423096845669}, {""block"": ""rsma"", ""rho"": 1.0, ""gain"": 3.552713678800501e-15}, {""block"": ""star_ris"", ""rho"": 4.0, ""gain"": 0.005967644207352407}, {""block"": ""rsma"", ""rho"": 1.0, ""gain"": 0.0}, {""block"": ""star_ris"", ""rho"": 16.0, ""gain"": 0.004706809849320592}, {""block"": ""rsma"", ""rho"": 1.0, ""gain"": -3.552713678800501e-15}, {""block"": ""star_ris"", ""rho"": 8.0, ""gain"": 0.014869361773541812}, {""block"": ""rsma"", ""rho"": 1.0, ""gain"": 7.105427357601002e-15}, {""block"": ""star_ris"", ""rho"": 4.0, ""gain"": 0.04746945915903922}, {""block"": ""rsma"", ""rho"": 1.0, ""gain"": -7.105427357601002e-15}, {""block"": ""star_ris"", ""rho"": 4.0, ""gain"": 0.009820110821621597}, {""block"": ""rsma"", ""rho"": 1.0, ""gain"": 0.0}, {""block"": ""star_ris"", ""rho"": 4.0, ""gain"": 0.006997725103214947}, {""block"": ""rsma"", ""rho"": 1.0, ""gain"": 0.0}, {""block"": ""star_ris"", ""rho"": 4.0, ""gain"": 0.0029707060506929395}, {""block"": ""rsma"", ""rho"": 1.0, ""gain"": 0.0}, {""block"": ""star_ris"", ""rho"": 8.0, ""gain"": 0.002751253340711912}, {""block"": ""rsma"", ""rho"": 1.0, ""gain"": 3.552713678800501e-15}, {""block"": ""star_ris"", ""rho"": 2.0, ""gain"": 0.028637521766242457}, {""block"": ""rsma"", ""rho"": 1.0, ""gain"": 3.552713678800501e-15}, {""block"": ""star_ris"", ""rho"": 8.0, ""gain"": 0.007003411774974211}]",{},4324.888113,1a480db47c5efa1cc1a63abf6aef552d6bf21ecebd475a7bc99d509c20d9fb0d,fc61d5cda7da39530055bae9bd0e92865f995cd9,ae41070d268d283dcc283b0aaf9b960eae1f4ddd22d423577b272c18802a3aae
ao_sca,64,10000,24,test,17.66157843893702,17.66157843893702,1.0,True,0.0,17,6904,33,ao_sca_proximal_physical,analytical_ris_equal_allocation,"[1.8378807908108636, 16.956680859966884, 17.300691966680464, 17.365494705148112, 17.436022772506604, 17.441397614142517, 17.448506092178068, 17.451517032363917, 17.481669833681465, 17.483894130614917, 17.488552699189988, 17.536611675167688, 17.58910591347281, 17.631266736222155, 17.636768617253313, 17.656956926703472, 17.66068303019353, 17.66157843893702]","[{""block"": ""rsma"", ""rho"": 1.0, ""gain"": 14.799062102284331}, {""block"": ""star_ris"", ""rho"": 1.0, ""gain"": 0.31973796687168843}, {""block"": ""rsma"", ""rho"": 1.0, ""gain"": 3.552713678800501e-15}, {""block"": ""star_ris"", ""rho"": 1.0, ""gain"": 0.3440111067135767}, {""block"": ""rsma"", ""rho"": 1.0, ""gain"": 3.552713678800501e-15}, {""block"": ""star_ris"", ""rho"": 2.0, ""gain"": 0.06480273846764462}, {""block"": ""rsma"", ""rho"": 1.0, ""gain"": 0.0}, {""block"": ""star_ris"", ""rho"": 16.0, ""gain"": 0.0705280673584916}, {""block"": ""rsma"", ""rho"": 1.0, ""gain"": 0.0}, {""block"": ""star_ris"", ""rho"": 2.0, ""gain"": 0.0053748416359127305}, {""block"": ""rsma"", ""rho"": 1.0, ""gain"": -7.105427357601002e-15}, {""block"": ""star_ris"", ""rho"": 64.0, ""gain"": 0.007108478035558363}, {""block"": ""rsma"", ""rho"": 1.0, ""gain"": 3.552713678800501e-15}, {""block"": ""star_ris"", ""rho"": 4.0, ""gain"": 0.0030109401858453566}, {""block"": ""rsma"", ""rho"": 1.0, ""gain"": 3.552713678800501e-15}, {""block"": ""star_ris"", ""rho"": 1.0, ""gain"": 0.03015280131754494}, {""block"": ""rsma"", ""rho"": 1.0, ""gain"": 0.0}, {""block"": ""star_ris"", ""rho"": 16.0, ""gain"": 0.0022242969334520524}, {""block"": ""rsma"", ""rho"": 1.0, ""gain"": 0.0}, {""block"": ""star_ris"", ""rho"": 4.0, ""gain"": 0.004658568575070632}, {""block"": ""rsma"", ""rho"": 1.0, ""gain"": 0.0}, {""block"": ""star_ris"", ""rho"": 2.0, ""gain"": 0.0480589759776997}, {""block"": ""rsma"", ""rho"": 1.0, ""gain"": 0.0}, {""block"": ""star_ris"", ""rho"": 2.0, ""gain"": 0.052494238305122565}, {""block"": ""rsma"", ""rho"": 1.0, ""gain"": 0.0}, {""block"": ""star_ris"", ""rho"": 4.0, ""gain"": 0.04216082274934507}, {""block"": ""rsma"", ""rho"": 1.0, ""gain"": 0.0}, {""block"": ""star_ris"", ""rho"": 8.0, ""gain"": 0.005501881031158007}, {""block"": ""rsma"", ""rho"": 1.0, ""gain"": 0.0}, {""block"": ""star_ris"", ""rho"": 4.0, ""gain"": 0.020188309450158926}, {""block"": ""rsma"", ""rho"": 1.0, ""gain"": 0.0}, {""block"": ""star_ris"", ""rho"": 1.0, ""gain"": 0.0037261034900559764}, {""block"": ""rsma"", ""rho"": 1.0, ""gain"": 0.0}, {""block"": ""star_ris"", ""rho"": 64.0, ""gain"": 0.0008954087434922542}]",{},3634.512164,1a480db47c5efa1cc1a63abf6aef552d6bf21ecebd475a7bc99d509c20d9fb0d,fc61d5cda7da39530055bae9bd0e92865f995cd9,ae41070d268d283dcc283b0aaf9b960eae1f4ddd22d423577b272c18802a3aae
ao_sca,64,10000,25,test,17.73979173038848,17.73979173038848,1.0,True,0.0,17,6917,28,ao_sca_proximal_physical,analytical_ris_equal_allocation,"[1.8378649389187356, 16.7968565703135, 16.855027556753836, 16.88308141304634, 16.88998281053885, 17.283828680478067, 17.391026004552465, 17.396753274253147, 17.47815701464377, 17.498446416570186, 17.535679682969644, 17.55384593835435, 17.596910736740277, 17.64589290925126, 17.679804518116633, 17.686806542121307, 17.73830094976321, 17.73979173038848]","[{""block"": ""rsma"", ""rho"": 1.0, ""gain"": 14.266078334858884}, {""block"": ""star_ris"", ""rho"": 2.0, ""gain"": 0.6929132965358811}, {""block"": ""rsma"", ""rho"": 1.0, ""gain"": 0.0}, {""block"": ""star_ris"", ""rho"": 16.0, ""gain"": 0.05817098644033436}, {""block"": ""rsma"", ""rho"": 1.0, ""gain"": 3.552713678800501e-15}, {""block"": ""star_ris"", ""rho"": 32.0, ""gain"": 0.028053856292501678}, {""block"": ""rsma"", ""rho"": 1.0, ""gain"": 0.0}, {""block"": ""star_ris"", ""rho"": 128.0, ""gain"": 0.006901397492509176}, {""block"": ""rsma"", ""rho"": 1.0, ""gain"": 0.0}, {""block"": ""star_ris"", ""rho"": 2.0, ""gain"": 0.39384586993921644}, {""block"": ""rsma"", ""rho"": 1.0, ""gain"": 0.0}, {""block"": ""star_ris"", ""rho"": 4.0, ""gain"": 0.10719732407439864}, {""block"": ""rsma"", ""rho"": 1.0, ""gain"": -3.552713678800501e-15}, {""block"": ""star_ris"", ""rho"": 2.0, ""gain"": 0.005727269700685156}, {""block"": ""rsma"", ""rho"": 1.0, ""gain"": 0.0}, {""block"": ""star_ris"", ""rho"": 8.0, ""gain"": 0.08140374039062337}, {""block"": ""rsma"", ""rho"": 1.0, ""gain"": 0.0}, {""block"": ""star_ris"", ""rho"": 32.0, ""gain"": 0.020289401926415707}, {""block"": ""rsma"", ""rho"": 1.0, ""gain"": 3.552713678800501e-15}, {""block"": ""star_ris"", ""rho"": 1.0, ""gain"": 0.037233266399454124}, {""block"": ""rsma"", ""rho"": 1.0, ""gain"": 0.0}, {""block"": ""star_ris"", ""rho"": 32.0, ""gain"": 0.018166255384706176}, {""block"": ""rsma"", ""rho"": 1.0, ""gain"": 0.0}, {""block"": ""star_ris"", ""rho"": 2.0, ""gain"": 0.04306479838592736}, {""block"": ""rsma"", ""rho"": 1.0, ""gain"": 0.0}, {""block"": ""star_ris"", ""rho"": 4.0, ""gain"": 0.048982172510982025}, {""block"": ""rsma"", ""rho"": 1.0, ""gain"": 0.0}, {""block"": ""star_ris"", ""rho"": 4.0, ""gain"": 0.03391160886537392}, {""block"": ""rsma"", ""rho"": 1.0, ""gain"": -7.105427357601002e-15}, {""block"": ""star_ris"", ""rho"": 2.0, ""gain"": 0.007002024004680862}, {""block"": ""rsma"", ""rho"": 1.0, ""gain"": 3.552713678800501e-15}, {""block"": ""star_ris"", ""rho"": 4.0, ""gain"": 0.05149440764190061}, {""block"": ""rsma"", ""rho"": 1.0, ""gain"": 0.0}, {""block"": ""star_ris"", ""rho"": 64.0, ""gain"": 0.0014907806252679734}]",{},3753.20629,1a480db47c5efa1cc1a63abf6aef552d6bf21ecebd475a7bc99d509c20d9fb0d,fc61d5cda7da39530055bae9bd0e92865f995cd9,ae41070d268d283dcc283b0aaf9b960eae1f4ddd22d423577b272c18802a3aae
ao_sca,64,10000,26,test,18.17409813918212,18.17409813918212,1.0,True,0.0,14,5696,26,ao_sca_proximal_physical,analytical_ris_equal_allocation,"[1.8379417993578393, 17.49210014431936, 17.518170769561838, 17.565125564842514, 17.58784464043409, 17.599026386517547, 17.66046853709433, 17.729509911193635, 17.848318375009136, 17.85649428474362, 17.978536660900758, 18.074051095420277, 18.14225186166751, 18.17398517109019, 18.174098139182117]","[{""block"": ""rsma"", ""rho"": 1.0, ""gain"": 15.501344576666362}, {""block"": ""star_ris"", ""rho"": 4.0, ""gain"": 0.15281376829515736}, {""block"": ""rsma"", ""rho"": 1.0, ""gain"": 0.0}, {""block"": ""star_ris"", ""rho"": 4.0, ""gain"": 0.02607062524247894}, {""block"": ""rsma"", ""rho"": 1.0, ""gain"": 0.0}, {""block"": ""star_ris"", ""rho"": 16.0, ""gain"": 0.046954795280676365}, {""block"": ""rsma"", ""rho"": 1.0, ""gain"": 0.0}, {""block"": ""star_ris"", ""rho"": 32.0, ""gain"": 0.022719075591574267}, {""block"": ""rsma"", ""rho"": 1.0, ""gain"": 0.0}, {""block"": ""star_ris"", ""rho"": 64.0, ""gain"": 0.011181746083458677}, {""block"": ""rsma"", ""rho"": 1.0, ""gain"": 0.0}, {""block"": ""star_ris"", ""rho"": 2.0, ""gain"": 0.06144215057678437}, {""block"": ""rsma"", ""rho"": 1.0, ""gain"": -3.552713678800501e-15}, {""block"": ""star_ris"", ""rho"": 2.0, ""gain"": 0.06904137409930655}, {""block"": ""rsma"", ""rho"": 1.0, ""gain"": 0.0}, {""block"": ""star_ris"", ""rho"": 1.0, ""gain"": 0.11880846381550114}, {""block"": ""rsma"", ""rho"": 1.0, ""gain"": 0.0}, {""block"": ""star_ris"", ""rho"": 1.0, ""gain"": 0.0081759097344829}, {""block"": ""rsma"", ""rho"": 1.0, ""gain"": 0.0}, {""block"": ""star_ris"", ""rho"": 8.0, ""gain"": 0.12204237615713964}, {""block"": ""rsma"", ""rho"": 1.0, ""gain"": 0.0}, {""block"": ""star_ris"", ""rho"": 8.0, ""gain"": 0.09551443451951869}, {""block"": ""rsma"", ""rho"": 1.0, ""gain"": 0.0}, {""block"": ""star_ris"", ""rho"": 8.0, ""gain"": 0.0682007662472337}, {""block"": ""rsma"", ""rho"": 1.0, ""gain"": 0.0}, {""block"": ""star_ris"", ""rho"": 16.0, ""gain"": 0.03173330942268038}, {""block"": ""rsma"", ""rho"": 1.0, ""gain"": 0.0}, {""block"": ""star_ris"", ""rho"": 32.0, ""gain"": 0.00011296809192629098}]",{},3051.516608,1a480db47c5efa1cc1a63abf6aef552d6bf21ecebd475a7bc99d509c20d9fb0d,fc61d5cda7da39530055bae9bd0e92865f995cd9,ae41070d268d283dcc283b0aaf9b960eae1f4ddd22d423577b272c18802a3aae
ao_sca,64,10000,27,test,17.48505539988514,17.48505539988514,1.0,True,0.0,13,5316,21,ao_sca_proximal_physical,analytical_ris_equal_allocation,"[1.8376599321337668, 15.501402319465525, 15.533483202908087, 16.563066601203886, 16.650513733138837, 17.025599787508373, 17.211140796469078, 17.32373272744764, 17.360707881435765, 17.372437848868906, 17.42618346075828, 17.45155396699444, 17.484159851920126, 17.48505539988514]","[{""block"": ""rsma"", ""rho"": 1.0, ""gain"": 12.867673414858343}, {""block"": ""star_ris"", ""rho"": 4.0, ""gain"": 0.7960689724734156}, {""block"": ""rsma"", ""rho"": 65536.0, ""gain"": 0.0}, {""block"": ""star_ris"", ""rho"": 64.0, ""gain"": 0.032080883442562325}, {""block"": ""rsma"", ""rho"": 65536.0, ""gain"": 0.0}, {""block"": ""star_ris"", ""rho"": 1.0, ""gain"": 1.0295833982957987}, {""block"": ""rsma"", ""rho"": 1.0, ""gain"": 0.0}, {""block"": ""star_ris"", ""rho"": 1.0, ""gain"": 0.08744713193495102}, {""block"": ""rsma"", ""rho"": 1.0, ""gain"": 0.0}, {""block"": ""star_ris"", ""rho"": 1.0, ""gain"": 0.375086054369536}, {""block"": ""rsma"", ""rho"": 1.0, ""gain"": 0.0}, {""block"": ""star_ris"", ""rho"": 32.0, ""gain"": 0.1855410089607048}, {""block"": ""rsma"", ""rho"": 1.0, ""gain"": 0.0}, {""block"": ""star_ris"", ""rho"": 2.0, ""gain"": 0.11259193097856368}, {""block"": ""rsma"", ""rho"": 1.0, ""gain"": 0.0}, {""block"": ""star_ris"", ""rho"": 8.0, ""gain"": 0.036975153988123566}, {""block"": ""rsma"", ""rho"": 1.0, ""gain"": 0.0}, {""block"": ""star_ris"", ""rho"": 4.0, ""gain"": 0.011729967433140587}, {""block"": ""rsma"", ""rho"": 1.0, ""gain"": 0.0}, {""block"": ""star_ris"", ""rho"": 16.0, ""gain"": 0.053745611889375766}, {""block"": ""rsma"", ""rho"": 1.0, ""gain"": 0.0}, {""block"": ""star_ris"", ""rho"": 8.0, ""gain"": 0.025370506236157553}, {""block"": ""rsma"", ""rho"": 1.0, ""gain"": 3.552713678800501e-15}, {""block"": ""star_ris"", ""rho"": 8.0, ""gain"": 0.03260588492568317}, {""block"": ""rsma"", ""rho"": 1.0, ""gain"": 0.0}, {""block"": ""star_ris"", ""rho"": 16.0, ""gain"": 0.000895547965015453}]",{},2860.249847,1a480db47c5efa1cc1a63abf6aef552d6bf21ecebd475a7bc99d509c20d9fb0d,fc61d5cda7da39530055bae9bd0e92865f995cd9,ae41070d268d283dcc283b0aaf9b960eae1f4ddd22d423577b272c18802a3aae
ao_sca,64,10000,28,test,17.73735983790131,17.73735983790131,1.0,True,0.0,15,6104,27,ao_sca_proximal_physical,analytical_ris_equal_allocation,"[1.8379095663447251, 17.132001129647726, 17.561646649924654, 17.564611677782764, 17.598664348986567, 17.603293130228963, 17.613264926278, 17.676405629195525, 17.682409267246705, 17.68686627536401, 17.70194200109639, 17.709397493720587, 17.726035749803334, 17.73436939978736, 17.73656731196497, 17.73735983790131]","[{""block"": ""rsma"", ""rho"": 1.0, ""gain"": 15.135478106460008}, {""block"": ""star_ris"", ""rho"": 1.0, ""gain"": 0.15861345684299266}, {""block"": ""rsma"", ""rho"": 1.0, ""gain"": -3.552713678800501e-15}, {""block"": ""star_ris"", ""rho"": 1.0, ""gain"": 0.4296455202769316}, {""block"": ""rsma"", ""rho"": 1.0, ""gain"": 0.0}, {""block"": ""star_ris"", ""rho"": 8.0, ""gain"": 0.0029650278581101475}, {""block"": ""rsma"", ""rho"": 1.0, ""gain"": 0.0}, {""block"": ""star_ris"", ""rho"": 4.0, ""gain"": 0.03405267120380273}, {""block"": ""rsma"", ""rho"": 1.0, ""gain"": 0.0}, {""block"": ""star_ris"", ""rho"": 16.0, ""gain"": 0.004628781242395519}, {""block"": ""rsma"", ""rho"": 1.0, ""gain"": 0.0}, {""block"": ""star_ris"", ""rho"": 4.0, ""gain"": 0.00997179604903664}, {""block"": ""rsma"", ""rho"": 1.0, ""gain"": 0.0}, {""block"": ""star_ris"", ""rho"": 8.0, ""gain"": 0.06314070291752572}, {""block"": ""rsma"", ""rho"": 1.0, ""gain"": 0.0}, {""block"": ""star_ris"", ""rho"": 16.0, ""gain"": 0.0060036380511796494}, {""block"": ""rsma"", ""rho"": 1.0, ""gain"": 0.0}, {""block"": ""star_ris"", ""rho"": 8.0, ""gain"": 0.004457008117306316}, {""block"": ""rsma"", ""rho"": 1.0, ""gain"": 3.552713678800501e-15}, {""block"": ""star_ris"", ""rho"": 32.0, ""gain"": 0.01507572573237681}, {""block"": ""rsma"", ""rho"": 1.0, ""gain"": 0.0}, {""block"": ""star_ris"", ""rho"": 64.0, ""gain"": 0.00745549262419587}, {""block"": ""rsma"", ""rho"": 1.0, ""gain"": 0.0}, {""block"": ""star_ris"", ""rho"": 4.0, ""gain"": 0.016638256082746494}, {""block"": ""rsma"", ""rho"": 1.0, ""gain"": 0.0}, {""block"": ""star_ris"", ""rho"": 8.0, ""gain"": 0.008333649984027858}, {""block"": ""rsma"", ""rho"": 1.0, ""gain"": -3.552713678800501e-15}, {""block"": ""star_ris"", ""rho"": 2.0, ""gain"": 0.0021979121776105615}, {""block"": ""rsma"", ""rho"": 1.0, ""gain"": 0.0}, {""block"": ""star_ris"", ""rho"": 32.0, ""gain"": 0.0007925259363403825}]",{},3320.194444,1a480db47c5efa1cc1a63abf6aef552d6bf21ecebd475a7bc99d509c20d9fb0d,fc61d5cda7da39530055bae9bd0e92865f995cd9,ae41070d268d283dcc283b0aaf9b960eae1f4ddd22d423577b272c18802a3aae
ao_sca,64,10000,29,test,17.647568286614238,17.647568286614238,1.0,True,0.0,20,8115,38,ao_sca_proximal_physical,analytical_ris_equal_allocation,"[1.8378578194596769, 16.79927981677804, 16.965592724863868, 17.006201650857783, 17.034756897698372, 17.08538730559823, 17.0880924734779, 17.097258523944646, 17.133515993083243, 17.207335390020898, 17.258267806109053, 17.36907641950459, 17.385131310408262, 17.394033729267058, 17.437596097793236, 17.54965865077442, 17.600880850661433, 17.61457741769399, 17.636399686480676, 17.643301762151616, 17.647568286614238]","[{""block"": ""rsma"", ""rho"": 1.0, ""gain"": 14.872137557388962}, {""block"": ""star_ris"", ""rho"": 2.0, ""gain"": 0.0892844399294006}, {""block"": ""rsma"", ""rho"": 1.0, ""gain"": 0.0}, {""block"": ""star_ris"", ""rho"": 4.0, ""gain"": 0.16631290808582833}, {""block"": ""rsma"", ""rho"": 1.0, ""gain"": -3.552713678800501e-15}, {""block"": ""star_ris"", ""rho"": 2.0, ""gain"": 0.04060892599391863}, {""block"": ""rsma"", ""rho"": 1.0, ""gain"": 0.0}, {""block"": ""star_ris"", ""rho"": 32.0, ""gain"": 0.028555246840589632}, {""block"": ""rsma"", ""rho"": 1.0, ""gain"": 0.0}, {""block"": ""star_ris"", ""rho"": 1.0, ""gain"": 0.05063040789985607}, {""block"": ""rsma"", ""rho"": 1.0, ""gain"": -3.552713678800501e-15}, {""block"": ""star_ris"", ""rho"": 16.0, ""gain"": 0.00270516787967523}, {""block"": ""rsma"", ""rho"": 1.0, ""gain"": 0.0}, {""block"": ""star_ris"", ""rho"": 2.0, ""gain"": 0.0091660504667459}, {""block"": ""rsma"", ""rho"": 1.0, ""gain"": 7.105427357601002e-15}, {""block"": ""star_ris"", ""rho"": 1.0, ""gain"": 0.03625746913859018}, {""block"": ""rsma"", ""rho"": 1.0, ""gain"": -3.552713678800501e-15}, {""block"": ""star_ris"", ""rho"": 1.0, ""gain"": 0.07381939693765815}, {""block"": ""rsma"", ""rho"": 1.0, ""gain"": 0.0}, {""block"": ""star_ris"", ""rho"": 4.0, ""gain"": 0.05093241608815546}, {""block"": ""rsma"", ""rho"": 1.0, ""gain"": 0.0}, {""block"": ""star_ris"", ""rho"": 1.0, ""gain"": 0.11080861339553749}, {""block"": ""rsma"", ""rho"": 1.0, ""gain"": -3.552713678800501e-15}, {""block"": ""star_ris"", ""rho"": 4.0, ""gain"": 0.016054890903674846}, {""block"": ""rsma"", ""rho"": 1.0, ""gain"": -3.552713678800501e-15}, {""block"": ""star_ris"", ""rho"": 1.0, ""gain"": 0.008902418858799166}, {""block"": ""rsma"", ""rho"": 1.0, ""gain"": 0.0}, {""block"": ""star_ris"", ""rho"": 2.0, ""gain"": 0.04356236852617812}, {""block"": ""rsma"", ""rho"": 1.0, ""gain"": 0.0}, {""block"": ""star_ris"", ""rho"": 2.0, ""gain"": 0.1120625529811825}, {""block"": ""rsma"", ""rho"": 1.0, ""gain"": 0.0}, {""block"": ""star_ris"", ""rho"": 2.0, ""gain"": 0.0512221998870146}, {""block"": ""rsma"", ""rho"": 1.0, ""gain"": 0.0}, {""block"": ""star_ris"", ""rho"": 4.0, ""gain"": 0.013696567032557283}, {""block"": ""rsma"", ""rho"": 1.0, ""gain"": 0.0}, {""block"": ""star_ris"", ""rho"": 1.0, ""gain"": 0.021822268786685584}, {""block"": ""rsma"", ""rho"": 1.0, ""gain"": 0.0}, {""block"": ""star_ris"", ""rho"": 4.0, ""gain"": 0.006902075670939922}, {""block"": ""rsma"", ""rho"": 1.0, ""gain"": 0.0}, {""block"": ""star_ris"", ""rho"": 512.0, ""gain"": 0.004266524462622101}]",{},4270.970345,1a480db47c5efa1cc1a63abf6aef552d6bf21ecebd475a7bc99d509c20d9fb0d,fc61d5cda7da39530055bae9bd0e92865f995cd9,ae41070d268d283dcc283b0aaf9b960eae1f4ddd22d423577b272c18802a3aae
ao_sca,64,10000,30,test,17.819593166760857,17.819593166760857,1.0,True,0.0,20,8130,33,ao_sca_proximal_physical,analytical_ris_equal_allocation,"[1.8379109934084101, 17.320116403965947, 17.36513905765163, 17.498978173687874, 17.54196692862417, 17.655078641112482, 17.657228528963422, 17.664632509246438, 17.690990143769056, 17.703886217722268, 17.72068669952772, 17.736377720852516, 17.74764781574206, 17.750234068037997, 17.756224627327455, 17.768379109466615, 17.78925916172062, 17.792774771815733, 17.814971617308952, 17.819235134025497, 17.819593166760857]","[{""block"": ""rsma"", ""rho"": 1.0, ""gain"": 15.312755620899395}, {""block"": ""star_ris"", ""rho"": 1.0, ""gain"": 0.16944978965814173}, {""block"": ""rsma"", ""rho"": 1.0, ""gain"": -3.552713678800501e-15}, {""block"": ""star_ris"", ""rho"": 2.0, ""gain"": 0.04502265368568459}, {""block"": ""rsma"", ""rho"": 1.0, ""gain"": -3.552713678800501e-15}, {""block"": ""star_ris"", ""rho"": 2.0, ""gain"": 0.1338391160362491}, {""block"": ""rsma"", ""rho"": 1.0, ""gain"": 0.0}, {""block"": ""star_ris"", ""rho"": 2.0, ""gain"": 0.04298875493629595}, {""block"": ""rsma"", ""rho"": 1.0, ""gain"": 3.552713678800501e-15}, {""block"": ""star_ris"", ""rho"": 4.0, ""gain"": 0.11311171248830831}, {""block"": ""rsma"", ""rho"": 1.0, ""gain"": 0.0}, {""block"": ""star_ris"", ""rho"": 8.0, ""gain"": 0.0021498878509405017}, {""block"": ""rsma"", ""rho"": 1.0, ""gain"": 0.0}, {""block"": ""star_ris"", ""rho"": 2.0, ""gain"": 0.007403980283015699}, {""block"": ""rsma"", ""rho"": 1.0, ""gain"": 0.0}, {""block"": ""star_ris"", ""rho"": 16.0, ""gain"": 0.02635763452261841}, {""block"": ""rsma"", ""rho"": 1.0, ""gain"": 0.0}, {""block"": ""star_ris"", ""rho"": 32.0, ""gain"": 0.012896073953211129}, {""block"": ""rsma"", ""rho"": 1.0, ""gain"": 0.0}, {""block"": ""star_ris"", ""rho"": 8.0, ""gain"": 0.016800481805454126}, {""block"": ""rsma"", ""rho"": 1.0, ""gain"": -3.552713678800501e-15}, {""block"": ""star_ris"", ""rho"": 8.0, ""gain"": 0.01569102132479827}, {""block"": ""rsma"", ""rho"": 1.0, ""gain"": 3.552713678800501e-15}, {""block"": ""star_ris"", ""rho"": 4.0, ""gain"": 0.01127009488953945}, {""block"": ""rsma"", ""rho"": 1.0, ""gain"": -3.552713678800501e-15}, {""block"": ""star_ris"", ""rho"": 32.0, ""gain"": 0.002586252295941449}, {""block"": ""rsma"", ""rho"": 1.0, ""gain"": 0.0}, {""block"": ""star_ris"", ""rho"": 16.0, ""gain"": 0.0059905592894580195}, {""block"": ""rsma"", ""rho"": 1.0, ""gain"": 0.0}, {""block"": ""star_ris"", ""rho"": 8.0, ""gain"": 0.012154482139159484}, {""block"": ""rsma"", ""rho"": 1.0, ""gain"": 3.552713678800501e-15}, {""block"": ""star_ris"", ""rho"": 4.0, ""gain"": 0.020880052254000248}, {""block"": ""rsma"", ""rho"": 1.0, ""gain"": 0.0}, {""block"": ""star_ris"", ""rho"": 8.0, ""gain"": 0.003515610095114141}, {""block"": ""rsma"", ""rho"": 1.0, ""gain"": 0.0}, {""block"": ""star_ris"", ""rho"": 4.0, ""gain"": 0.02219684549321954}, {""block"": ""rsma"", ""rho"": 1.0, ""gain"": 0.0}, {""block"": ""star_ris"", ""rho"": 2.0, ""gain"": 0.004263516716545013}, {""block"": ""rsma"", ""rho"": 1.0, ""gain"": -3.552713678800501e-15}, {""block"": ""star_ris"", ""rho"": 8.0, ""gain"": 0.0003580327353631674}]",{},4290.958679,1a480db47c5efa1cc1a63abf6aef552d6bf21ecebd475a7bc99d509c20d9fb0d,fc61d5cda7da39530055bae9bd0e92865f995cd9,ae41070d268d283dcc283b0aaf9b960eae1f4ddd22d423577b272c18802a3aae
ao_sca,64,10000,31,test,17.548349006836343,17.548349006836343,1.0,True,0.0,5,2038,9,ao_sca_proximal_physical,analytical_ris_equal_allocation,"[1.8379273500330073, 17.481041119997162, 17.511372639551727, 17.530817844833873, 17.547659307338712, 17.548349006836343]","[{""block"": ""rsma"", ""rho"": 1.0, ""gain"": 15.612869014123453}, {""block"": ""star_ris"", ""rho"": 4.0, ""gain"": 0.030244755840701742}, {""block"": ""rsma"", ""rho"": 1.0, ""gain"": 0.0}, {""block"": ""star_ris"", ""rho"": 16.0, ""gain"": 0.030331519554565034}, {""block"": ""rsma"", ""rho"": 1.0, ""gain"": 3.552713678800501e-15}, {""block"": ""star_ris"", ""rho"": 32.0, ""gain"": 0.019445205282142553}, {""block"": ""rsma"", ""rho"": 1.0, ""gain"": 0.0}, {""block"": ""star_ris"", ""rho"": 2.0, ""gain"": 0.0168414625048392}, {""block"": ""rsma"", ""rho"": 1.0, ""gain"": 0.0}, {""block"": ""star_ris"", ""rho"": 32.0, ""gain"": 0.000689699497630869}]",{},1102.513803,1a480db47c5efa1cc1a63abf6aef552d6bf21ecebd475a7bc99d509c20d9fb0d,fc61d5cda7da39530055bae9bd0e92865f995cd9,ae41070d268d283dcc283b0aaf9b960eae1f4ddd22d423577b272c18802a3aae
ao_sca,64,10000,32,test,17.965336793286923,17.965336793286923,1.0,True,0.0,15,6108,25,ao_sca_proximal_physical,analytical_ris_equal_allocation,"[1.837892517411845, 17.084976631446033, 17.412185335082917, 17.69716656869257, 17.714544884569392, 17.774461462469873, 17.81819435053686, 17.86893278173431, 17.871233116222445, 17.877852210052033, 17.92605183862095, 17.93219181380207, 17.937007475131303, 17.939902134433023, 17.964418511371676, 17.965336793286923]","[{""block"": ""rsma"", ""rho"": 1.0, ""gain"": 14.808483661554657}, {""block"": ""star_ris"", ""rho"": 2.0, ""gain"": 0.4386004524795304}, {""block"": ""rsma"", ""rho"": 1.0, ""gain"": 0.0}, {""block"": ""star_ris"", ""rho"": 1.0, ""gain"": 0.3272087036368845}, {""block"": ""rsma"", ""rho"": 1.0, ""gain"": -3.552713678800501e-15}, {""block"": ""star_ris"", ""rho"": 2.0, ""gain"": 0.2849812336096562}, {""block"": ""rsma"", ""rho"": 1.0, ""gain"": 0.0}, {""block"": ""star_ris"", ""rho"": 4.0, ""gain"": 0.01737831587682237}, {""block"": ""rsma"", ""rho"": 1.0, ""gain"": -3.552713678800501e-15}, {""block"": ""star_ris"", ""rho"": 8.0, ""gain"": 0.059916577900484214}, {""block"": ""rsma"", ""rho"": 1.0, ""gain"": 0.0}, {""block"": ""star_ris"", ""rho"": 2.0, ""gain"": 0.043732888066987385}, {""block"": ""rsma"", ""rho"": 1.0, ""gain"": 0.0}, {""block"": ""star_ris"", ""rho"": 16.0, ""gain"": 0.050738431197448364}, {""block"": ""rsma"", ""rho"": 1.0, ""gain"": -3.552713678800501e-15}, {""block"": ""star_ris"", ""rho"": 32.0, ""gain"": 0.0023003344881402654}, {""block"": ""rsma"", ""rho"": 1.0, ""gain"": 0.0}, {""block"": ""star_ris"", ""rho"": 4.0, ""gain"": 0.006619093829588252}, {""block"": ""rsma"", ""rho"": 1.0, ""gain"": 3.552713678800501e-15}, {""block"": ""star_ris"", ""rho"": 16.0, ""gain"": 0.0481996285689128}, {""block"": ""rsma"", ""rho"": 1.0, ""gain"": 0.0}, {""block"": ""star_ris"", ""rho"": 32.0, ""gain"": 0.00613997518112086}, {""block"": ""rsma"", ""rho"": 1.0, ""gain"": 0.0}, {""block"": ""star_ris"", ""rho"": 16.0, ""gain"": 0.004815661329232057}, {""block"": ""rsma"", ""rho"": 1.0, ""gain"": 0.0}, {""block"": ""star_ris"", ""rho"": 256.0, ""gain"": 0.0028946593017202815}, {""block"": ""rsma"", ""rho"": 1.0, ""gain"": 0.0}, {""block"": ""star_ris"", ""rho"": 8.0, ""gain"": 0.02451637693865294}, {""block"": ""rsma"", ""rho"": 1.0, ""gain"": 0.0}, {""block"": ""star_ris"", ""rho"": 16.0, ""gain"": 0.0009182819152471211}]",{},3280.536214,1a480db47c5efa1cc1a63abf6aef552d6bf21ecebd475a7bc99d509c20d9fb0d,fc61d5cda7da39530055bae9bd0e92865f995cd9,ae41070d268d283dcc283b0aaf9b960eae1f4ddd22d423577b272c18802a3aae
ao_sca,64,10000,33,test,17.933341294021467,17.933341294021467,1.0,True,0.0,6,2437,12,ao_sca_proximal_physical,analytical_ris_equal_allocation,"[1.837902978765071, 17.62226554458737, 17.862221864475178, 17.880255058899667, 17.92942230735805, 17.93228204243221, 17.933341294021467]","[{""block"": ""rsma"", ""rho"": 1.0, ""gain"": 14.691462461104381}, {""block"": ""star_ris"", ""rho"": 1.0, ""gain"": 1.0929001047179199}, {""block"": ""rsma"", ""rho"": 1.0, ""gain"": 0.0}, {""block"": ""star_ris"", ""rho"": 2.0, ""gain"": 0.2399563198878063}, {""block"": ""rsma"", ""rho"": 1.0, ""gain"": 0.0}, {""block"": ""star_ris"", ""rho"": 8.0, ""gain"": 0.018033194424489807}, {""block"": ""rsma"", ""rho"": 1.0, ""gain"": 0.0}, {""block"": ""star_ris"", ""rho"": 4.0, ""gain"": 0.04916724845838161}, {""block"": ""rsma"", ""rho"": 1.0, ""gain"": 3.552713678800501e-15}, {""block"": ""star_ris"", ""rho"": 16.0, ""gain"": 0.0028597350741570438}, {""block"": ""rsma"", ""rho"": 1.0, ""gain"": -3.552713678800501e-15}, {""block"": ""star_ris"", ""rho"": 4.0, ""gain"": 0.0010592515892611232}]",{},1304.915081,1a480db47c5efa1cc1a63abf6aef552d6bf21ecebd475a7bc99d509c20d9fb0d,fc61d5cda7da39530055bae9bd0e92865f995cd9,ae41070d268d283dcc283b0aaf9b960eae1f4ddd22d423577b272c18802a3aae
ao_sca,64,10000,34,test,17.832697877607835,17.832697877607835,1.0,True,0.0,7,2849,13,ao_sca_proximal_physical,analytical_ris_equal_allocation,"[1.8379223214711626, 17.18756923241036, 17.24606239599477, 17.274073852269147, 17.28779263109667, 17.630232833629847, 17.831155851221936, 17.832697877607835]","[{""block"": ""rsma"", ""rho"": 1.0, ""gain"": 15.065274098646379}, {""block"": ""star_ris"", ""rho"": 4.0, ""gain"": 0.2843728122928191}, {""block"": ""rsma"", ""rho"": 1.0, ""gain"": 0.0}, {""block"": ""star_ris"", ""rho"": 16.0, ""gain"": 0.05849316358440859}, {""block"": ""rsma"", ""rho"": 1.0, ""gain"": 0.0}, {""block"": ""star_ris"", ""rho"": 32.0, ""gain"": 0.028011456274377622}, {""block"": ""rsma"", ""rho"": 1.0, ""gain"": 0.0}, {""block"": ""star_ris"", ""rho"": 64.0, ""gain"": 0.013718778827524147}, {""block"": ""rsma"", ""rho"": 1.0, ""gain"": -3.552713678800501e-15}, {""block"": ""star_ris"", ""rho"": 1.0, ""gain"": 0.3424402025331794}, {""block"": ""rsma"", ""rho"": 1.0, ""gain"": -3.552713678800501e-15}, {""block"": ""star_ris"", ""rho"": 1.0, ""gain"": 0.20092301759209263}, {""block"": ""rsma"", ""rho"": 1.0, ""gain"": 0.0}, {""block"": ""star_ris"", ""rho"": 8.0, ""gain"": 0.0015420263858985095}]",{},1483.566351,1a480db47c5efa1cc1a63abf6aef552d6bf21ecebd475a7bc99d509c20d9fb0d,fc61d5cda7da39530055bae9bd0e92865f995cd9,ae41070d268d283dcc283b0aaf9b960eae1f4ddd22d423577b272c18802a3aae
ao_sca,64,10000,35,test,18.121201385238955,18.121201385238955,1.0,True,0.0,18,7317,28,ao_sca_proximal_physical,analytical_ris_equal_allocation,"[1.8379159283895474, 17.17097891964258, 17.38028179760896, 17.428845688411222, 17.46317703748236, 17.50585080880053, 17.52653415364406, 17.547819127841326, 17.73045292221009, 17.74300230226485, 17.769519336639203, 17.789721617648198, 17.799486078587794, 18.00193375046818, 18.00702923512842, 18.021345527524083, 18.070276616542657, 18.11964578985736, 18.121201385238955]","[{""block"": ""rsma"", ""rho"": 1.0, ""gain"": 15.329186490737824}, {""block"": ""star_ris"", ""rho"": 2.0, ""gain"": 0.003876500515207937}, {""block"": ""rsma"", ""rho"": 1.0, ""gain"": 0.0}, {""block"": ""star_ris"", ""rho"": 4.0, ""gain"": 0.2093028779663797}, {""block"": ""rsma"", ""rho"": 1.0, ""gain"": 0.0}, {""block"": ""star_ris"", ""rho"": 8.0, ""gain"": 0.04856389080226364}, {""block"": ""rsma"", ""rho"": 1.0, ""gain"": 3.552713678800501e-15}, {""block"": ""star_ris"", ""rho"": 2.0, ""gain"": 0.034331349071134554}, {""block"": ""rsma"", ""rho"": 1.0, ""gain"": 3.552713678800501e-15}, {""block"": ""star_ris"", ""rho"": 16.0, ""gain"": 0.0426737713181673}, {""block"": ""rsma"", ""rho"": 1.0, ""gain"": 0.0}, {""block"": ""star_ris"", ""rho"": 32.0, ""gain"": 0.02068334484352974}, {""block"": ""rsma"", ""rho"": 1.0, ""gain"": 3.552713678800501e-15}, {""block"": ""star_ris"", ""rho"": 2.0, ""gain"": 0.021284974197261164}, {""block"": ""rsma"", ""rho"": 1.0, ""gain"": 3.552713678800501e-15}, {""block"": ""star_ris"", ""rho"": 1.0, ""gain"": 0.18263379436876193}, {""block"": ""rsma"", ""rho"": 1.0, ""gain"": 0.0}, {""block"": ""star_ris"", ""rho"": 8.0, ""gain"": 0.012549380054757364}, {""block"": ""rsma"", ""rho"": 1.0, ""gain"": -3.552713678800501e-15}, {""block"": ""star_ris"", ""rho"": 1.0, ""gain"": 0.026517034374357706}, {""block"": ""rsma"", ""rho"": 1.0, ""gain"": 0.0}, {""block"": ""star_ris"", ""rho"": 32.0, ""gain"": 0.020202281008995016}, {""block"": ""rsma"", ""rho"": 1.0, ""gain"": 0.0}, {""block"": ""star_ris"", ""rho"": 64.0, ""gain"": 0.009764460939596376}, {""block"": ""rsma"", ""rho"": 1.0, ""gain"": 0.0}, {""block"": ""star_ris"", ""rho"": 1.0, ""gain"": 0.20244767188038537}, {""block"": ""rsma"", ""rho"": 1.0, ""gain"": 0.0}, {""block"": ""star_ris"", ""rho"": 16.0, ""gain"": 0.005095484660241567}, {""block"": ""rsma"", ""rho"": 1.0, ""gain"": 0.0}, {""block"": ""star_ris"", ""rho"": 8.0, ""gain"": 0.014316292395662344}, {""block"": ""rsma"", ""rho"": 1.0, ""gain"": 0.0}, {""block"": ""star_ris"", ""rho"": 2.0, ""gain"": 0.04893108901857346}, {""block"": ""rsma"", ""rho"": 1.0, ""gain"": 0.0}, {""block"": ""star_ris"", ""rho"": 1.0, ""gain"": 0.0493691733147017}, {""block"": ""rsma"", ""rho"": 1.0, ""gain"": 0.0}, {""block"": ""star_ris"", ""rho"": 32.0, ""gain"": 0.0015555953815962198}]",{},3825.350403,1a480db47c5efa1cc1a63abf6aef552d6bf21ecebd475a7bc99d509c20d9fb0d,fc61d5cda7da39530055bae9bd0e92865f995cd9,ae41070d268d283dcc283b0aaf9b960eae1f4ddd22d423577b272c18802a3aae
ao_sca,64,10000,36,test,17.883687015335934,17.883687015335934,1.0,True,0.0,13,5276,23,ao_sca_proximal_physical,analytical_ris_equal_allocation,"[1.8379099923550082, 17.176146886427166, 17.220956492013386, 17.41663206200605, 17.45976931560759, 17.493321616148467, 17.535807514085757, 17.61772282420826, 17.753323579939078, 17.774386005327468, 17.83226269906328, 17.869526026460907, 17.882024830281907, 17.883687015335934]","[{""block"": ""rsma"", ""rho"": 1.0, ""gain"": 15.284225898851705}, {""block"": ""star_ris"", ""rho"": 1.0, ""gain"": 0.05401099522045172}, {""block"": ""rsma"", ""rho"": 1.0, ""gain"": 0.0}, {""block"": ""star_ris"", ""rho"": 2.0, ""gain"": 0.04480960558622016}, {""block"": ""rsma"", ""rho"": 1.0, ""gain"": 0.0}, {""block"": ""star_ris"", ""rho"": 4.0, ""gain"": 0.195675569992666}, {""block"": ""rsma"", ""rho"": 1.0, ""gain"": 0.0}, {""block"": ""star_ris"", ""rho"": 16.0, ""gain"": 0.04313725360153953}, {""block"": ""rsma"", ""rho"": 1.0, ""gain"": 3.552713678800501e-15}, {""block"": ""star_ris"", ""rho"": 4.0, ""gain"": 0.03355230054087244}, {""block"": ""rsma"", ""rho"": 1.0, ""gain"": 0.0}, {""block"": ""star_ris"", ""rho"": 2.0, ""gain"": 0.04248589793728996}, {""block"": ""rsma"", ""rho"": 1.0, ""gain"": 0.0}, {""block"": ""star_ris"", ""rho"": 1.0, ""gain"": 0.08191531012250408}, {""block"": ""rsma"", ""rho"": 1.0, ""gain"": 3.552713678800501e-15}, {""block"": ""star_ris"", ""rho"": 2.0, ""gain"": 0.1356007557308132}, {""block"": ""rsma"", ""rho"": 1.0, ""gain"": 0.0}, {""block"": ""star_ris"", ""rho"": 8.0, ""gain"": 0.021062425388389983}, {""block"": ""rsma"", ""rho"": 1.0, ""gain"": -3.552713678800501e-15}, {""block"": ""star_ris"", ""rho"": 2.0, ""gain"": 0.057876693735813944}, {""block"": ""rsma"", ""rho"": 1.0, ""gain"": 0.0}, {""block"": ""star_ris"", ""rho"": 2.0, ""gain"": 0.03726332739762839}, {""block"": ""rsma"", ""rho"": 1.0, ""gain"": 3.552713678800501e-15}, {""block"": ""star_ris"", ""rho"": 16.0, ""gain"": 0.01249880382099633}, {""block"": ""rsma"", ""rho"": 1.0, ""gain"": 0.0}, {""block"": ""star_ris"", ""rho"": 8.0, ""gain"": 0.0016621850540268213}]",{},2787.922595,1a480db47c5efa1cc1a63abf6aef552d6bf21ecebd475a7bc99d509c20d9fb0d,fc61d5cda7da39530055bae9bd0e92865f995cd9,ae41070d268d283dcc283b0aaf9b960eae1f4ddd22d423577b272c18802a3aae
ao_sca,64,10000,37,test,18.436333334370456,18.436333334370456,1.0,True,0.0,20,8121,34,ao_sca_proximal_physical,analytical_ris_equal_allocation,"[1.8379406683138109, 17.409503734069535, 17.550248067492653, 17.58064531210703, 17.826999487431124, 17.972198423898305, 18.062071191809892, 18.150139333153646, 18.283141819580635, 18.289641149176166, 18.29701506291384, 18.307661277527856, 18.323224790345172, 18.33959688635482, 18.358726595107512, 18.372345886268064, 18.37679666558144, 18.382088302055678, 18.40987911552893, 18.43288034655696, 18.436333334370456]","[{""block"": ""rsma"", ""rho"": 1.0, ""gain"": 15.469885458927864}, {""block"": ""star_ris"", ""rho"": 2.0, ""gain"": 0.10167760682785953}, {""block"": ""rsma"", ""rho"": 1.0, ""gain"": 3.552713678800501e-15}, {""block"": ""star_ris"", ""rho"": 2.0, ""gain"": 0.14074433342311465}, {""block"": ""rsma"", ""rho"": 1.0, ""gain"": 0.0}, {""block"": ""star_ris"", ""rho"": 1.0, ""gain"": 0.030397244614377428}, {""block"": ""rsma"", ""rho"": 1.0, ""gain"": 0.0}, {""block"": ""star_ris"", ""rho"": 1.0, ""gain"": 0.2463541753240932}, {""block"": ""rsma"", ""rho"": 1.0, ""gain"": -3.552713678800501e-15}, {""block"": ""star_ris"", ""rho"": 1.0, ""gain"": 0.1451989364671853}, {""block"": ""rsma"", ""rho"": 1.0, ""gain"": 0.0}, {""block"": ""star_ris"", ""rho"": 2.0, ""gain"": 0.08987276791158649}, {""block"": ""rsma"", ""rho"": 1.0, ""gain"": 0.0}, {""block"": ""star_ris"", ""rho"": 1.0, ""gain"": 0.08806814134375429}, {""block"": ""rsma"", ""rho"": 1.0, ""gain"": 3.552713678800501e-15}, {""block"": ""star_ris"", ""rho"": 2.0, ""gain"": 0.1330024864269852}, {""block"": ""rsma"", ""rho"": 1.0, ""gain"": -7.105427357601002e-15}, {""block"": ""star_ris"", ""rho"": 16.0, ""gain"": 0.006499329595538228}, {""block"": ""rsma"", ""rho"": 1.0, ""gain"": -3.552713678800501e-15}, {""block"": ""star_ris"", ""rho"": 16.0, ""gain"": 0.007373913737676929}, {""block"": ""rsma"", ""rho"": 1.0, ""gain"": 3.552713678800501e-15}, {""block"": ""star_ris"", ""rho"": 8.0, ""gain"": 0.01064621461401316}, {""block"": ""rsma"", ""rho"": 1.0, ""gain"": -3.552713678800501e-15}, {""block"": ""star_ris"", ""rho"": 8.0, ""gain"": 0.015563512817319491}, {""block"": ""rsma"", ""rho"": 1.0, ""gain"": 0.0}, {""block"": ""star_ris"", ""rho"": 4.0, ""gain"": 0.016372096009646953}, {""block"": ""rsma"", ""rho"": 1.0, ""gain"": 0.0}, {""block"": ""star_ris"", ""rho"": 4.0, ""gain"": 0.019129708752693375}, {""block"": ""rsma"", ""rho"": 1.0, ""gain"": 0.0}, {""block"": ""star_ris"", ""rho"": 8.0, ""gain"": 0.013619291160551938}, {""block"": ""rsma"", ""rho"": 1.0, ""gain"": -3.552713678800501e-15}, {""block"": ""star_ris"", ""rho"": 8.0, ""gain"": 0.0044507793133803375}, {""block"": ""rsma"", ""rho"": 1.0, ""gain"": 0.0}, {""block"": ""star_ris"", ""rho"": 4.0, ""gain"": 0.005291636474236583}, {""block"": ""rsma"", ""rho"": 1.0, ""gain"": 0.0}, {""block"": ""star_ris"", ""rho"": 4.0, ""gain"": 0.02779081347325274}, {""block"": ""rsma"", ""rho"": 1.0, ""gain"": -3.552713678800501e-15}, {""block"": ""star_ris"", ""rho"": 8.0, ""gain"": 0.023001231028032976}, {""block"": ""rsma"", ""rho"": 1.0, ""gain"": 3.552713678800501e-15}, {""block"": ""star_ris"", ""rho"": 32.0, ""gain"": 0.0034529878134925696}]",{},4219.870094,1a480db47c5efa1cc1a63abf6aef552d6bf21ecebd475a7bc99d509c20d9fb0d,fc61d5cda7da39530055bae9bd0e92865f995cd9,ae41070d268d283dcc283b0aaf9b960eae1f4ddd22d423577b272c18802a3aae
ao_sca,64,10000,38,test,17.363708620404417,17.363708620404417,1.0,True,0.0,11,4479,21,ao_sca_proximal_physical,analytical_ris_equal_allocation,"[1.8376840841027127, 16.55598836741369, 16.777045311833398, 16.871760926293828, 16.88296169323934, 16.892216588238306, 17.208444053874658, 17.27738857314494, 17.332975056570618, 17.352649274886087, 17.363562467550494, 17.363708620404417]","[{""block"": ""rsma"", ""rho"": 1.0, ""gain"": 13.168082207918026}, {""block"": ""star_ris"", ""rho"": 1.0, ""gain"": 1.550222075392952}, {""block"": ""rsma"", ""rho"": 1.0, ""gain"": -3.552713678800501e-15}, {""block"": ""star_ris"", ""rho"": 4.0, ""gain"": 0.22105694441971124}, {""block"": ""rsma"", ""rho"": 1.0, ""gain"": 0.0}, {""block"": ""star_ris"", ""rho"": 8.0, ""gain"": 0.09471561446042998}, {""block"": ""rsma"", ""rho"": 1.0, ""gain"": 0.0}, {""block"": ""star_ris"", ""rho"": 64.0, ""gain"": 0.011200766945513863}, {""block"": ""rsma"", ""rho"": 1.0, ""gain"": 0.0}, {""block"": ""star_ris"", ""rho"": 1.0, ""gain"": 0.009254894998964147}, {""block"": ""rsma"", ""rho"": 1.0, ""gain"": 0.0}, {""block"": ""star_ris"", ""rho"": 1.0, ""gain"": 0.3162274656363522}, {""block"": ""rsma"", ""rho"": 1.0, ""gain"": 0.0}, {""block"": ""star_ris"", ""rho"": 32.0, ""gain"": 0.068944519270282}, {""block"": ""rsma"", ""rho"": 1.0, ""gain"": 0.0}, {""block"": ""star_ris"", ""rho"": 16.0, ""gain"": 0.05558648342567807}, {""block"": ""rsma"", ""rho"": 1.0, ""gain"": 0.0}, {""block"": ""star_ris"", ""rho"": 32.0, ""gain"": 0.019674218315469005}, {""block"": ""rsma"", ""rho"": 1.0, ""gain"": 3.552713678800501e-15}, {""block"": ""star_ris"", ""rho"": 16.0, ""gain"": 0.010913192664403937}, {""block"": ""rsma"", ""rho"": 1.0, ""gain"": 0.0}, {""block"": ""star_ris"", ""rho"": 32.0, ""gain"": 0.00014615285392238775}]",{},2439.539228,1a480db47c5efa1cc1a63abf6aef552d6bf21ecebd475a7bc99d509c20d9fb0d,fc61d5cda7da39530055bae9bd0e92865f995cd9,ae41070d268d283dcc283b0aaf9b960eae1f4ddd22d423577b272c18802a3aae
ao_sca,64,10000,39,test,17.702323276056198,17.702323276056198,1.0,True,0.0,15,6108,29,ao_sca_proximal_physical,analytical_ris_equal_allocation,"[1.8378949465286836, 17.335402152804242, 17.413103709590636, 17.415885258041865, 17.41770502306286, 17.432267578823833, 17.436611343098498, 17.48830599586669, 17.516453344085235, 17.620201013544538, 17.622546737998544, 17.627870178767196, 17.68895520722927, 17.696237067368113, 17.702282520082537, 17.702323276056198]","[{""block"": ""rsma"", ""rho"": 1.0, ""gain"": 14.710577553220647}, {""block"": ""star_ris"", ""rho"": 1.0, ""gain"": 0.7869296530549121}, {""block"": ""rsma"", ""rho"": 1.0, ""gain"": -3.552713678800501e-15}, {""block"": ""star_ris"", ""rho"": 2.0, ""gain"": 0.07770155678639767}, {""block"": ""rsma"", ""rho"": 1.0, ""gain"": 0.0}, {""block"": ""star_ris"", ""rho"": 64.0, ""gain"": 0.002781548451228133}, {""block"": ""rsma"", ""rho"": 1.0, ""gain"": 0.0}, {""block"": ""star_ris"", ""rho"": 64.0, ""gain"": 0.0018197650209970107}, {""block"": ""rsma"", ""rho"": 1.0, ""gain"": 0.0}, {""block"": ""star_ris"", ""rho"": 16.0, ""gain"": 0.014562555760971208}, {""block"": ""rsma"", ""rho"": 1.0, ""gain"": 0.0}, {""block"": ""star_ris"", ""rho"": 16.0, ""gain"": 0.004343764274665318}, {""block"": ""rsma"", ""rho"": 1.0, ""gain"": 3.552713678800501e-15}, {""block"": ""star_ris"", ""rho"": 4.0, ""gain"": 0.05169465276818741}, {""block"": ""rsma"", ""rho"": 1.0, ""gain"": 3.552713678800501e-15}, {""block"": ""star_ris"", ""rho"": 4.0, ""gain"": 0.02814734821854259}, {""block"": ""rsma"", ""rho"": 1.0, ""gain"": 0.0}, {""block"": ""star_ris"", ""rho"": 2.0, ""gain"": 0.10374766945930247}, {""block"": ""rsma"", ""rho"": 1.0, ""gain"": 0.0}, {""block"": ""star_ris"", ""rho"": 32.0, ""gain"": 0.0023457244540061595}, {""block"": ""rsma"", ""rho"": 1.0, ""gain"": 0.0}, {""block"": ""star_ris"", ""rho"": 8.0, ""gain"": 0.005323440768652432}, {""block"": ""rsma"", ""rho"": 1.0, ""gain"": 0.0}, {""block"": ""star_ris"", ""rho"": 4.0, ""gain"": 0.061085028462073865}, {""block"": ""rsma"", ""rho"": 1.0, ""gain"": 0.0}, {""block"": ""star_ris"", ""rho"": 4.0, ""gain"": 0.0072818601388426885}, {""block"": ""rsma"", ""rho"": 1.0, ""gain"": 0.0}, {""block"": ""star_ris"", ""rho"": 2.0, ""gain"": 0.006045452714424471}, {""block"": ""rsma"", ""rho"": 1.0, ""gain"": 0.0}, {""block"": ""star_ris"", ""rho"": 256.0, ""gain"": 4.0755973660822065e-05}]",{},3208.16128,1a480db47c5efa1cc1a63abf6aef552d6bf21ecebd475a7bc99d509c20d9fb0d,fc61d5cda7da39530055bae9bd0e92865f995cd9,ae41070d268d283dcc283b0aaf9b960eae1f4ddd22d423577b272c18802a3aae
ao_sca,64,10000,40,test,17.573402858066558,17.573402858066558,1.0,True,0.0,17,6911,30,ao_sca_proximal_physical,analytical_ris_equal_allocation,"[1.8378670225921745, 16.720000026438058, 16.78372104992106, 17.06209958209199, 17.103885178210167, 17.296850267375135, 17.382325564042546, 17.418103357169223, 17.420396830082744, 17.430305297477656, 17.435862720208938, 17.475037306168467, 17.477552094140634, 17.51039251582104, 17.550265435429306, 17.553192377683974, 17.572971327827016, 17.573402858066558]","[{""block"": ""rsma"", ""rho"": 1.0, ""gain"": 14.794419981255007}, {""block"": ""star_ris"", ""rho"": 1.0, ""gain"": 0.08771302259087577}, {""block"": ""rsma"", ""rho"": 1.0, ""gain"": 0.0}, {""block"": ""star_ris"", ""rho"": 2.0, ""gain"": 0.06372102348300146}, {""block"": ""rsma"", ""rho"": 1.0, ""gain"": 0.0}, {""block"": ""star_ris"", ""rho"": 1.0, ""gain"": 0.27837853217092956}, {""block"": ""rsma"", ""rho"": 1.0, ""gain"": 0.0}, {""block"": ""star_ris"", ""rho"": 1.0, ""gain"": 0.04178559611817789}, {""block"": ""rsma"", ""rho"": 1.0, ""gain"": 0.0}, {""block"": ""star_ris"", ""rho"": 4.0, ""gain"": 0.1929650891649679}, {""block"": ""rsma"", ""rho"": 1.0, ""gain"": 0.0}, {""block"": ""star_ris"", ""rho"": 8.0, ""gain"": 0.08547529666741127}, {""block"": ""rsma"", ""rho"": 1.0, ""gain"": -3.552713678800501e-15}, {""block"": ""star_ris"", ""rho"": 16.0, ""gain"": 0.03577779312668028}, {""block"": ""rsma"", ""rho"": 1.0, ""gain"": 0.0}, {""block"": ""star_ris"", ""rho"": 16.0, ""gain"": 0.002293472913521555}, {""block"": ""rsma"", ""rho"": 1.0, ""gain"": 0.0}, {""block"": ""star_ris"", ""rho"": 4.0, ""gain"": 0.009908467394911469}, {""block"": ""rsma"", ""rho"": 1.0, ""gain"": 0.0}, {""block"": ""star_ris"", ""rho"": 4.0, ""gain"": 0.0055574227312824576}, {""block"": ""rsma"", ""rho"": 1.0, ""gain"": 0.0}, {""block"": ""star_ris"", ""rho"": 32.0, ""gain"": 0.03917458595952894}, {""block"": ""rsma"", ""rho"": 1.0, ""gain"": 0.0}, {""block"": ""star_ris"", ""rho"": 4.0, ""gain"": 0.0025147879721671984}, {""block"": ""rsma"", ""rho"": 1.0, ""gain"": 0.0}, {""block"": ""star_ris"", ""rho"": 4.0, ""gain"": 0.032840421680404575}, {""block"": ""rsma"", ""rho"": 1.0, ""gain"": 0.0}, {""block"": ""star_ris"", ""rho"": 4.0, ""gain"": 0.039872919608267665}, {""block"": ""rsma"", ""rho"": 1.0, ""gain"": 0.0}, {""block"": ""star_ris"", ""rho"": 16.0, ""gain"": 0.0029269422546676083}, {""block"": ""rsma"", ""rho"": 1.0, ""gain"": 3.552713678800501e-15}, {""block"": ""star_ris"", ""rho"": 8.0, ""gain"": 0.019778950143038543}, {""block"": ""rsma"", ""rho"": 1.0, ""gain"": 0.0}, {""block"": ""star_ris"", ""rho"": 64.0, ""gain"": 0.0004315302395418996}]",{},3675.889886,1a480db47c5efa1cc1a63abf6aef552d6bf21ecebd475a7bc99d509c20d9fb0d,fc61d5cda7da39530055bae9bd0e92865f995cd9,ae41070d268d283dcc283b0aaf9b960eae1f4ddd22d423577b272c18802a3aae
ao_sca,64,10000,41,test,17.55305079888208,17.55305079888208,1.0,True,0.0,8,3247,13,ao_sca_proximal_physical,analytical_ris_equal_allocation,"[1.837914100451186, 17.309037134275847, 17.330147345795645, 17.452432967845883, 17.481466077141835, 17.504061402310423, 17.5463201038217, 17.55242533557611, 17.55305079888208]","[{""block"": ""rsma"", ""rho"": 1.0, ""gain"": 15.370931865297308}, {""block"": ""star_ris"", ""rho"": 2.0, ""gain"": 0.10019116852735266}, {""block"": ""rsma"", ""rho"": 1.0, ""gain"": 0.0}, {""block"": ""star_ris"", ""rho"": 1.0, ""gain"": 0.021110211519797417}, {""block"": ""rsma"", ""rho"": 1.0, ""gain"": 0.0}, {""block"": ""star_ris"", ""rho"": 4.0, ""gain"": 0.12228562205023863}, {""block"": ""rsma"", ""rho"": 1.0, ""gain"": 3.552713678800501e-15}, {""block"": ""star_ris"", ""rho"": 4.0, ""gain"": 0.02903310929594838}, {""block"": ""rsma"", ""rho"": 1.0, ""gain"": 0.0}, {""block"": ""star_ris"", ""rho"": 8.0, ""gain"": 0.022595325168587976}, {""block"": ""rsma"", ""rho"": 1.0, ""gain"": 0.0}, {""block"": ""star_ris"", ""rho"": 1.0, ""gain"": 0.04225870151127609}, {""block"": ""rsma"", ""rho"": 1.0, ""gain"": 0.0}, {""block"": ""star_ris"", ""rho"": 16.0, ""gain"": 0.006105231754411022}, {""block"": ""rsma"", ""rho"": 1.0, ""gain"": 0.0}, {""block"": ""star_ris"", ""rho"": 4.0, ""gain"": 0.0006254633059690207}]",{},1729.0486,1a480db47c5efa1cc1a63abf6aef552d6bf21ecebd475a7bc99d509c20d9fb0d,fc61d5cda7da39530055bae9bd0e92865f995cd9,ae41070d268d283dcc283b0aaf9b960eae1f4ddd22d423577b272c18802a3aae
ao_sca,64,10000,42,test,18.031284537877312,18.031284537877312,1.0,True,0.0,20,8106,35,ao_sca_proximal_physical,analytical_ris_equal_allocation,"[1.8379114013501034, 17.194567288282972, 17.306163376947612, 17.505866579918724, 17.51492688976196, 17.577544805003946, 17.59362552227811, 17.637608615078623, 17.738034430337535, 17.770541387907514, 17.869404747958185, 17.890924776812227, 17.89290566322649, 17.922086882527584, 17.928601669364454, 17.94825187482021, 17.96422582918789, 17.99930533203274, 18.021874625402152, 18.02754046326541, 18.031284537877312]","[{""block"": ""rsma"", ""rho"": 1.0, ""gain"": 15.145864068054228}, {""block"": ""star_ris"", ""rho"": 1.0, ""gain"": 0.21079181887863996}, {""block"": ""rsma"", ""rho"": 1.0, ""gain"": 0.0}, {""block"": ""star_ris"", ""rho"": 1.0, ""gain"": 0.11159608866464055}, {""block"": ""rsma"", ""rho"": 1.0, ""gain"": 3.552713678800501e-15}, {""block"": ""star_ris"", ""rho"": 1.0, ""gain"": 0.19970320297110788}, {""block"": ""rsma"", ""rho"": 1.0, ""gain"": 0.0}, {""block"": ""star_ris"", ""rho"": 2.0, ""gain"": 0.009060309843235359}, {""block"": ""rsma"", ""rho"": 1.0, ""gain"": 0.0}, {""block"": ""star_ris"", ""rho"": 1.0, ""gain"": 0.06261791524198657}, {""block"": ""rsma"", ""rho"": 1.0, ""gain"": -3.552713678800501e-15}, {""block"": ""star_ris"", ""rho"": 1.0, ""gain"": 0.01608071727416771}, {""block"": ""rsma"", ""rho"": 1.0, ""gain"": 0.0}, {""block"": ""star_ris"", ""rho"": 2.0, ""gain"": 0.043983092800512935}, {""block"": ""rsma"", ""rho"": 1.0, ""gain"": 0.0}, {""block"": ""star_ris"", ""rho"": 1.0, ""gain"": 0.10042581525891237}, {""block"": ""rsma"", ""rho"": 1.0, ""gain"": 0.0}, {""block"": ""star_ris"", ""rho"": 1.0, ""gain"": 0.03250695756997857}, {""block"": ""rsma"", ""rho"": 1.0, ""gain"": 0.0}, {""block"": ""star_ris"", ""rho"": 1.0, ""gain"": 0.09886336005067164}, {""block"": ""rsma"", ""rho"": 1.0, ""gain"": 0.0}, {""block"": ""star_ris"", ""rho"": 2.0, ""gain"": 0.021520028854041584}, {""block"": ""rsma"", ""rho"": 1.0, ""gain"": -3.552713678800501e-15}, {""block"": ""star_ris"", ""rho"": 4.0, ""gain"": 0.001980886414266081}, {""block"": ""rsma"", ""rho"": 1.0, ""gain"": 0.0}, {""block"": ""star_ris"", ""rho"": 2.0, ""gain"": 0.029181219301094075}, {""block"": ""rsma"", ""rho"": 1.0, ""gain"": 0.0}, {""block"": ""star_ris"", ""rho"": 8.0, ""gain"": 0.0065147868368704565}, {""block"": ""rsma"", ""rho"": 1.0, ""gain"": 3.552713678800501e-15}, {""block"": ""star_ris"", ""rho"": 4.0, ""gain"": 0.01965020545575058}, {""block"": ""rsma"", ""rho"": 1.0, ""gain"": 0.0}, {""block"": ""star_ris"", ""rho"": 2.0, ""gain"": 0.015973954367680676}, {""block"": ""rsma"", ""rho"": 1.0, ""gain"": 0.0}, {""block"": ""star_ris"", ""rho"": 4.0, ""gain"": 0.03507950284485162}, {""block"": ""rsma"", ""rho"": 1.0, ""gain"": 0.0}, {""block"": ""star_ris"", ""rho"": 2.0, ""gain"": 0.02256929336941127}, {""block"": ""rsma"", ""rho"": 1.0, ""gain"": -3.552713678800501e-15}, {""block"": ""star_ris"", ""rho"": 32.0, ""gain"": 0.005665837863261913}, {""block"": ""rsma"", ""rho"": 1.0, ""gain"": 0.0}, {""block"": ""star_ris"", ""rho"": 32.0, ""gain"": 0.0037440746119017376}]",{},4422.343661,1a480db47c5efa1cc1a63abf6aef552d6bf21ecebd475a7bc99d509c20d9fb0d,fc61d5cda7da39530055bae9bd0e92865f995cd9,ae41070d268d283dcc283b0aaf9b960eae1f4ddd22d423577b272c18802a3aae
ao_sca,64,10000,43,test,17.490214424644766,17.490214424644766,1.0,True,0.0,2,815,3,ao_sca_proximal_physical,analytical_ris_equal_allocation,"[1.8379346145480824, 17.489485455513485, 17.490214424644766]","[{""block"": ""rsma"", ""rho"": 1.0, ""gain"": 15.606932160002795}, {""block"": ""star_ris"", ""rho"": 16.0, ""gain"": 0.044618680962607016}, {""block"": ""rsma"", ""rho"": 1.0, ""gain"": 0.0}, {""block"": ""star_ris"", ""rho"": 4.0, ""gain"": 0.0007289691312806212}]",{},418.710644,1a480db47c5efa1cc1a63abf6aef552d6bf21ecebd475a7bc99d509c20d9fb0d,fc61d5cda7da39530055bae9bd0e92865f995cd9,ae41070d268d283dcc283b0aaf9b960eae1f4ddd22d423577b272c18802a3aae
ao_sca,64,10000,44,test,17.843932752163862,17.843932752163862,1.0,True,0.0,14,5699,27,ao_sca_proximal_physical,analytical_ris_equal_allocation,"[1.8379061365758362, 17.32764434188859, 17.340159865957848, 17.36791461585446, 17.46845319454297, 17.515594450245068, 17.526789380833495, 17.530454075575996, 17.53616289839789, 17.598668515871303, 17.68247842432156, 17.698385995781102, 17.70671077055132, 17.843654967657045, 17.843932752163862]","[{""block"": ""rsma"", ""rho"": 1.0, ""gain"": 14.895689084551865}, {""block"": ""star_ris"", ""rho"": 2.0, ""gain"": 0.5940491207608893}, {""block"": ""rsma"", ""rho"": 1.0, ""gain"": 0.0}, {""block"": ""star_ris"", ""rho"": 4.0, ""gain"": 0.012515524069257822}, {""block"": ""rsma"", ""rho"": 1.0, ""gain"": 0.0}, {""block"": ""star_ris"", ""rho"": 1.0, ""gain"": 0.027754749896612196}, {""block"": ""rsma"", ""rho"": 1.0, ""gain"": 0.0}, {""block"": ""star_ris"", ""rho"": 8.0, ""gain"": 0.10053857868851068}, {""block"": ""rsma"", ""rho"": 1.0, ""gain"": 0.0}, {""block"": ""star_ris"", ""rho"": 16.0, ""gain"": 0.047141255702097595}, {""block"": ""rsma"", ""rho"": 1.0, ""gain"": 0.0}, {""block"": ""star_ris"", ""rho"": 32.0, ""gain"": 0.011194930588427354}, {""block"": ""rsma"", ""rho"": 1.0, ""gain"": 0.0}, {""block"": ""star_ris"", ""rho"": 8.0, ""gain"": 0.0036646947425005294}, {""block"": ""rsma"", ""rho"": 1.0, ""gain"": -3.552713678800501e-15}, {""block"": ""star_ris"", ""rho"": 128.0, ""gain"": 0.005708822821897996}, {""block"": ""rsma"", ""rho"": 1.0, ""gain"": 3.552713678800501e-15}, {""block"": ""star_ris"", ""rho"": 4.0, ""gain"": 0.0625056174734091}, {""block"": ""rsma"", ""rho"": 1.0, ""gain"": 0.0}, {""block"": ""star_ris"", ""rho"": 8.0, ""gain"": 0.08380990845025593}, {""block"": ""rsma"", ""rho"": 1.0, ""gain"": -3.552713678800501e-15}, {""block"": ""star_ris"", ""rho"": 16.0, ""gain"": 0.015907571459546688}, {""block"": ""rsma"", ""rho"": 1.0, ""gain"": 0.0}, {""block"": ""star_ris"", ""rho"": 4.0, ""gain"": 0.008324774770219534}, {""block"": ""rsma"", ""rho"": 1.0, ""gain"": -3.552713678800501e-15}, {""block"": ""star_ris"", ""rho"": 1.0, ""gain"": 0.13694419710572703}, {""block"": ""rsma"", ""rho"": 1.0, ""gain"": 0.0}, {""block"": ""star_ris"", ""rho"": 64.0, ""gain"": 0.000277784506817369}]",{},2998.252296,1a480db47c5efa1cc1a63abf6aef552d6bf21ecebd475a7bc99d509c20d9fb0d,fc61d5cda7da39530055bae9bd0e92865f995cd9,ae41070d268d283dcc283b0aaf9b960eae1f4ddd22d423577b272c18802a3aae
ao_sca,64,10000,45,test,17.469799402171965,17.469799402171965,1.0,True,0.0,10,4076,16,ao_sca_proximal_physical,analytical_ris_equal_allocation,"[1.8378697367143282, 16.942500956187192, 17.02232286988492, 17.303089944172516, 17.398526008164165, 17.42088552654856, 17.431885157794945, 17.453468965702275, 17.464093929404584, 17.469365889077128, 17.469799402171965]","[{""block"": ""rsma"", ""rho"": 1.0, ""gain"": 14.850958819777038}, {""block"": ""star_ris"", ""rho"": 1.0, ""gain"": 0.25367239969582656}, {""block"": ""rsma"", ""rho"": 1.0, ""gain"": 0.0}, {""block"": ""star_ris"", ""rho"": 2.0, ""gain"": 0.07982191369772806}, {""block"": ""rsma"", ""rho"": 1.0, ""gain"": 0.0}, {""block"": ""star_ris"", ""rho"": 1.0, ""gain"": 0.2807670742875956}, {""block"": ""rsma"", ""rho"": 1.0, ""gain"": 0.0}, {""block"": ""star_ris"", ""rho"": 8.0, ""gain"": 0.09543606399164872}, {""block"": ""rsma"", ""rho"": 1.0, ""gain"": 3.552713678800501e-15}, {""block"": ""star_ris"", ""rho"": 32.0, ""gain"": 0.022359518384391208}, {""block"": ""rsma"", ""rho"": 1.0, ""gain"": 0.0}, {""block"": ""star_ris"", ""rho"": 64.0, ""gain"": 0.010999631246384922}, {""block"": ""rsma"", ""rho"": 1.0, ""gain"": 0.0}, {""block"": ""star_ris"", ""rho"": 32.0, ""gain"": 0.021583807907330055}, {""block"": ""rsma"", ""rho"": 1.0, ""gain"": 0.0}, {""block"": ""star_ris"", ""rho"": 64.0, ""gain"": 0.010624963702309032}, {""block"": ""rsma"", ""rho"": 1.0, ""gain"": 0.0}, {""block"": ""star_ris"", ""rho"": 128.0, ""gain"": 0.005271959672544568}, {""block"": ""rsma"", ""rho"": 1.0, ""gain"": 0.0}, {""block"": ""star_ris"", ""rho"": 4.0, ""gain"": 0.0004335130948369681}]",{},2145.062058,1a480db47c5efa1cc1a63abf6aef552d6bf21ecebd475a7bc99d509c20d9fb0d,fc61d5cda7da39530055bae9bd0e92865f995cd9,ae41070d268d283dcc283b0aaf9b960eae1f4ddd22d423577b272c18802a3aae
ao_sca,64,10000,46,test,17.768421387962572,17.768421387962572,1.0,True,0.0,8,3244,16,ao_sca_proximal_physical,analytical_ris_equal_allocation,"[1.8378721368798376, 17.167398502262156, 17.414756142014248, 17.530739484456006, 17.56403987590813, 17.744025852803926, 17.754418301622042, 17.76752396151824, 17.768421387962572]","[{""block"": ""rsma"", ""rho"": 1.0, ""gain"": 14.559450246243866}, {""block"": ""star_ris"", ""rho"": 1.0, ""gain"": 0.7700761191384515}, {""block"": ""rsma"", ""rho"": 1.0, ""gain"": 0.0}, {""block"": ""star_ris"", ""rho"": 1.0, ""gain"": 0.24735763975209224}, {""block"": ""rsma"", ""rho"": 1.0, ""gain"": -3.552713678800501e-15}, {""block"": ""star_ris"", ""rho"": 1.0, ""gain"": 0.115983342441762}, {""block"": ""rsma"", ""rho"": 1.0, ""gain"": 0.0}, {""block"": ""star_ris"", ""rho"": 2.0, ""gain"": 0.033300391452122824}, {""block"": ""rsma"", ""rho"": 1.0, ""gain"": 0.0}, {""block"": ""star_ris"", ""rho"": 1.0, ""gain"": 0.17998597689579654}, {""block"": ""rsma"", ""rho"": 1.0, ""gain"": -3.552713678800501e-15}, {""block"": ""star_ris"", ""rho"": 4.0, ""gain"": 0.01039244881811996}, {""block"": ""rsma"", ""rho"": 1.0, ""gain"": 0.0}, {""block"": ""star_ris"", ""rho"": 4.0, ""gain"": 0.013105659896197608}, {""block"": ""rsma"", ""rho"": 1.0, ""gain"": 0.0}, {""block"": ""star_ris"", ""rho"": 64.0, ""gain"": 0.0008974264443324387}]",{},1777.8305,1a480db47c5efa1cc1a63abf6aef552d6bf21ecebd475a7bc99d509c20d9fb0d,fc61d5cda7da39530055bae9bd0e92865f995cd9,ae41070d268d283dcc283b0aaf9b960eae1f4ddd22d423577b272c18802a3aae
ao_sca,64,10000,47,test,17.93739148021547,17.93739148021547,1.0,True,0.0,17,6915,30,ao_sca_proximal_physical,analytical_ris_equal_allocation,"[1.8379176747304484, 17.504362579911742, 17.56381340083315, 17.648588875519636, 17.662121470881484, 17.763930048954496, 17.776255161849292, 17.78756199208739, 17.810632455117407, 17.833247386438934, 17.851259176217713, 17.858183413581376, 17.899598642294272, 17.91050193272185, 17.921672921743113, 17.92759438361417, 17.93692101725906, 17.93739148021547]","[{""block"": ""rsma"", ""rho"": 1.0, ""gain"": 15.018656501292778}, {""block"": ""star_ris"", ""rho"": 1.0, ""gain"": 0.6477884038885158}, {""block"": ""rsma"", ""rho"": 1.0, ""gain"": 0.0}, {""block"": ""star_ris"", ""rho"": 4.0, ""gain"": 0.059450820921409075}, {""block"": ""rsma"", ""rho"": 1.0, ""gain"": 3.552713678800501e-15}, {""block"": ""star_ris"", ""rho"": 2.0, ""gain"": 0.08477547468648083}, {""block"": ""rsma"", ""rho"": 1.0, ""gain"": 0.0}, {""block"": ""star_ris"", ""rho"": 4.0, ""gain"": 0.013532595361848365}, {""block"": ""rsma"", ""rho"": 1.0, ""gain"": 0.0}, {""block"": ""star_ris"", ""rho"": 8.0, ""gain"": 0.1018085780730118}, {""block"": ""rsma"", ""rho"": 1.0, ""gain"": 0.0}, {""block"": ""star_ris"", ""rho"": 16.0, ""gain"": 0.01232511289479632}, {""block"": ""rsma"", ""rho"": 1.0, ""gain"": 0.0}, {""block"": ""star_ris"", ""rho"": 4.0, ""gain"": 0.011306830238098087}, {""block"": ""rsma"", ""rho"": 1.0, ""gain"": 0.0}, {""block"": ""star_ris"", ""rho"": 32.0, ""gain"": 0.023070463030016697}, {""block"": ""rsma"", ""rho"": 1.0, ""gain"": 0.0}, {""block"": ""star_ris"", ""rho"": 32.0, ""gain"": 0.022614931321527365}, {""block"": ""rsma"", ""rho"": 1.0, ""gain"": -3.552713678800501e-15}, {""block"": ""star_ris"", ""rho"": 4.0, ""gain"": 0.018011789778782372}, {""block"": ""rsma"", ""rho"": 1.0, ""gain"": 0.0}, {""block"": ""star_ris"", ""rho"": 8.0, ""gain"": 0.006924237363662655}, {""block"": ""rsma"", ""rho"": 1.0, ""gain"": 0.0}, {""block"": ""star_ris"", ""rho"": 4.0, ""gain"": 0.04141522871289638}, {""block"": ""rsma"", ""rho"": 1.0, ""gain"": 0.0}, {""block"": ""star_ris"", ""rho"": 8.0, ""gain"": 0.010903290427577872}, {""block"": ""rsma"", ""rho"": 1.0, ""gain"": 0.0}, {""block"": ""star_ris"", ""rho"": 8.0, ""gain"": 0.011170989021263011}, {""block"": ""rsma"", ""rho"": 1.0, ""gain"": 0.0}, {""block"": ""star_ris"", ""rho"": 4.0, ""gain"": 0.005921461871057687}, {""block"": ""rsma"", ""rho"": 1.0, ""gain"": 0.0}, {""block"": ""star_ris"", ""rho"": 16.0, ""gain"": 0.00932663364488917}, {""block"": ""rsma"", ""rho"": 1.0, ""gain"": -3.552713678800501e-15}, {""block"": ""star_ris"", ""rho"": 8.0, ""gain"": 0.00047046295641450797}]",{},3667.679566,1a480db47c5efa1cc1a63abf6aef552d6bf21ecebd475a7bc99d509c20d9fb0d,fc61d5cda7da39530055bae9bd0e92865f995cd9,ae41070d268d283dcc283b0aaf9b960eae1f4ddd22d423577b272c18802a3aae
ao_sca,64,10000,48,test,17.6305261302755,17.6305261302755,1.0,True,0.0,9,3648,14,ao_sca_proximal_physical,analytical_ris_equal_allocation,"[1.8378653778375718, 16.86352846723421, 16.97862831409647, 17.156768720368603, 17.359604600569742, 17.539277627899722, 17.599158854223898, 17.60157736031666, 17.630515125120304, 17.6305261302755]","[{""block"": ""rsma"", ""rho"": 1.0, ""gain"": 14.680885081495619}, {""block"": ""star_ris"", ""rho"": 1.0, ""gain"": 0.3447780079010201}, {""block"": ""rsma"", ""rho"": 1.0, ""gain"": 0.0}, {""block"": ""star_ris"", ""rho"": 2.0, ""gain"": 0.1150998468622575}, {""block"": ""rsma"", ""rho"": 1.0, ""gain"": 0.0}, {""block"": ""star_ris"", ""rho"": 1.0, ""gain"": 0.178140406272135}, {""block"": ""rsma"", ""rho"": 1.0, ""gain"": 0.0}, {""block"": ""star_ris"", ""rho"": 1.0, ""gain"": 0.20283588020113896}, {""block"": ""rsma"", ""rho"": 1.0, ""gain"": -3.552713678800501e-15}, {""block"": ""star_ris"", ""rho"": 1.0, ""gain"": 0.17967302732998292}, {""block"": ""rsma"", ""rho"": 1.0, ""gain"": 3.552713678800501e-15}, {""block"": ""star_ris"", ""rho"": 2.0, ""gain"": 0.05988122632417259}, {""block"": ""rsma"", ""rho"": 1.0, ""gain"": 0.0}, {""block"": ""star_ris"", ""rho"": 1.0, ""gain"": 0.00241850609276284}, {""block"": ""rsma"", ""rho"": 1.0, ""gain"": 0.0}, {""block"": ""star_ris"", ""rho"": 8.0, ""gain"": 0.028937764803643518}, {""block"": ""rsma"", ""rho"": 1.0, ""gain"": 0.0}, {""block"": ""star_ris"", ""rho"": 64.0, ""gain"": 1.1005155194254712e-05}]",{},1941.25057,1a480db47c5efa1cc1a63abf6aef552d6bf21ecebd475a7bc99d509c20d9fb0d,fc61d5cda7da39530055bae9bd0e92865f995cd9,ae41070d268d283dcc283b0aaf9b960eae1f4ddd22d423577b272c18802a3aae
ao_sca,64,10000,49,test,18.296652467444183,18.296652467444183,1.0,True,0.0,12,4873,21,ao_sca_proximal_physical,analytical_ris_equal_allocation,"[1.8379455469050683, 17.585637397261845, 17.619967599843505, 17.692358555635494, 17.697969266315486, 17.744703119179448, 17.767224220640372, 17.829888955428032, 17.84636892565618, 17.929137484349777, 18.052202582092058, 18.295175394307048, 18.296652467444183]","[{""block"": ""rsma"", ""rho"": 1.0, ""gain"": 15.589015409417499}, {""block"": ""star_ris"", ""rho"": 4.0, ""gain"": 0.1586764409392778}, {""block"": ""rsma"", ""rho"": 1.0, ""gain"": 0.0}, {""block"": ""star_ris"", ""rho"": 2.0, ""gain"": 0.03433020258166053}, {""block"": ""rsma"", ""rho"": 1.0, ""gain"": 0.0}, {""block"": ""star_ris"", ""rho"": 8.0, ""gain"": 0.07239095579198818}, {""block"": ""rsma"", ""rho"": 1.0, ""gain"": 0.0}, {""block"": ""star_ris"", ""rho"": 4.0, ""gain"": 0.005610710679992081}, {""block"": ""rsma"", ""rho"": 1.0, ""gain"": 0.0}, {""block"": ""star_ris"", ""rho"": 16.0, ""gain"": 0.046733852863962255}, {""block"": ""rsma"", ""rho"": 1.0, ""gain"": 0.0}, {""block"": ""star_ris"", ""rho"": 32.0, ""gain"": 0.022521101460924342}, {""block"": ""rsma"", ""rho"": 1.0, ""gain"": -3.552713678800501e-15}, {""block"": ""star_ris"", ""rho"": 4.0, ""gain"": 0.06266473478766343}, {""block"": ""rsma"", ""rho"": 1.0, ""gain"": 0.0}, {""block"": ""star_ris"", ""rho"": 1.0, ""gain"": 0.016479970228147067}, {""block"": ""rsma"", ""rho"": 1.0, ""gain"": 0.0}, {""block"": ""star_ris"", ""rho"": 8.0, ""gain"": 0.08276855869359778}, {""block"": ""rsma"", ""rho"": 1.0, ""gain"": 3.552713678800501e-15}, {""block"": ""star_ris"", ""rho"": 1.0, ""gain"": 0.12306509774227692}, {""block"": ""rsma"", ""rho"": 1.0, ""gain"": 0.0}, {""block"": ""star_ris"", ""rho"": 1.0, ""gain"": 0.24297281221499034}, {""block"": ""rsma"", ""rho"": 1.0, ""gain"": 0.0}, {""block"": ""star_ris"", ""rho"": 4.0, ""gain"": 0.0014770731371349655}]",{},2639.721779,1a480db47c5efa1cc1a63abf6aef552d6bf21ecebd475a7bc99d509c20d9fb0d,fc61d5cda7da39530055bae9bd0e92865f995cd9,ae41070d268d283dcc283b0aaf9b960eae1f4ddd22d423577b272c18802a3aae
ao_sca,64,10000,50,test,17.887616444890384,17.887616444890384,1.0,True,0.0,14,5687,24,ao_sca_proximal_physical,analytical_ris_equal_allocation,"[1.8379227067667507, 17.561784573270515, 17.689804979523018, 17.692553781134748, 17.723373924285937, 17.796251131038968, 17.800048613544824, 17.803884998460354, 17.811342275539605, 17.832755007148375, 17.83546002174847, 17.844254818294615, 17.8570701882511, 17.887585432484475, 17.887616444890384]","[{""block"": ""rsma"", ""rho"": 1.0, ""gain"": 15.124487215237728}, {""block"": ""star_ris"", ""rho"": 1.0, ""gain"": 0.5993746512660358}, {""block"": ""rsma"", ""rho"": 1.0, ""gain"": 0.0}, {""block"": ""star_ris"", ""rho"": 4.0, ""gain"": 0.128020406252503}, {""block"": ""rsma"", ""rho"": 1.0, ""gain"": 0.0}, {""block"": ""star_ris"", ""rho"": 2.0, ""gain"": 0.0027488016117303005}, {""block"": ""rsma"", ""rho"": 1.0, ""gain"": 0.0}, {""block"": ""star_ris"", ""rho"": 4.0, ""gain"": 0.030820143151188972}, {""block"": ""rsma"", ""rho"": 1.0, ""gain"": 0.0}, {""block"": ""star_ris"", ""rho"": 8.0, ""gain"": 0.07287720675303078}, {""block"": ""rsma"", ""rho"": 1.0, ""gain"": 0.0}, {""block"": ""star_ris"", ""rho"": 32.0, ""gain"": 0.003797482505856209}, {""block"": ""rsma"", ""rho"": 1.0, ""gain"": 0.0}, {""block"": ""star_ris"", ""rho"": 16.0, ""gain"": 0.0038363849155302887}, {""block"": ""rsma"", ""rho"": 1.0, ""gain"": 0.0}, {""block"": ""star_ris"", ""rho"": 8.0, ""gain"": 0.0074572770792507015}, {""block"": ""rsma"", ""rho"": 1.0, ""gain"": 0.0}, {""block"": ""star_ris"", ""rho"": 4.0, ""gain"": 0.021412731608769775}, {""block"": ""rsma"", ""rho"": 1.0, ""gain"": 0.0}, {""block"": ""star_ris"", ""rho"": 4.0, ""gain"": 0.0027050146000959785}, {""block"": ""rsma"", ""rho"": 1.0, ""gain"": 0.0}, {""block"": ""star_ris"", ""rho"": 2.0, ""gain"": 0.008794796546144568}, {""block"": ""rsma"", ""rho"": 1.0, ""gain"": 0.0}, {""block"": ""star_ris"", ""rho"": 4.0, ""gain"": 0.012815369956484801}, {""block"": ""rsma"", ""rho"": 1.0, ""gain"": -3.552713678800501e-15}, {""block"": ""star_ris"", ""rho"": 4.0, ""gain"": 0.030515244233377814}, {""block"": ""rsma"", ""rho"": 1.0, ""gain"": 0.0}, {""block"": ""star_ris"", ""rho"": 2.0, ""gain"": 3.101240590908105e-05}]",{},3074.660067,1a480db47c5efa1cc1a63abf6aef552d6bf21ecebd475a7bc99d509c20d9fb0d,fc61d5cda7da39530055bae9bd0e92865f995cd9,ae41070d268d283dcc283b0aaf9b960eae1f4ddd22d423577b272c18802a3aae
ao_sca,64,10000,51,test,17.62331401741364,17.62331401741364,1.0,True,0.0,6,2441,12,ao_sca_proximal_physical,analytical_ris_equal_allocation,"[1.8378370499968273, 16.859782540311137, 17.03410757169232, 17.055986249943835, 17.541143016933304, 17.62304617699085, 17.62331401741364]","[{""block"": ""rsma"", ""rho"": 1.0, ""gain"": 13.826985967727113}, {""block"": ""star_ris"", ""rho"": 2.0, ""gain"": 1.1949595225871974}, {""block"": ""rsma"", ""rho"": 1.0, ""gain"": 0.0}, {""block"": ""star_ris"", ""rho"": 8.0, ""gain"": 0.1743250313811835}, {""block"": ""rsma"", ""rho"": 1.0, ""gain"": 0.0}, {""block"": ""star_ris"", ""rho"": 64.0, ""gain"": 0.02187867825151457}, {""block"": ""rsma"", ""rho"": 1.0, ""gain"": 0.0}, {""block"": ""star_ris"", ""rho"": 1.0, ""gain"": 0.4851567669894692}, {""block"": ""rsma"", ""rho"": 1.0, ""gain"": 0.0}, {""block"": ""star_ris"", ""rho"": 1.0, ""gain"": 0.08190316005754639}, {""block"": ""rsma"", ""rho"": 1.0, ""gain"": 0.0}, {""block"": ""star_ris"", ""rho"": 64.0, ""gain"": 0.0002678404227900444}]",{},1304.853346,1a480db47c5efa1cc1a63abf6aef552d6bf21ecebd475a7bc99d509c20d9fb0d,fc61d5cda7da39530055bae9bd0e92865f995cd9,ae41070d268d283dcc283b0aaf9b960eae1f4ddd22d423577b272c18802a3aae
ao_sca,64,10000,52,test,17.27867888438238,17.27867888438238,1.0,True,0.0,4,1629,7,ao_sca_proximal_physical,analytical_ris_equal_allocation,"[1.8379013105275364, 17.19377524352455, 17.204357434098824, 17.276952656775634, 17.27867888438238]","[{""block"": ""rsma"", ""rho"": 1.0, ""gain"": 15.33850222480005}, {""block"": ""star_ris"", ""rho"": 16.0, ""gain"": 0.017371708196961322}, {""block"": ""rsma"", ""rho"": 1.0, ""gain"": 3.552713678800501e-15}, {""block"": ""star_ris"", ""rho"": 4.0, ""gain"": 0.010582190574272232}, {""block"": ""rsma"", ""rho"": 1.0, ""gain"": 0.0}, {""block"": ""star_ris"", ""rho"": 8.0, ""gain"": 0.07259522267681007}, {""block"": ""rsma"", ""rho"": 1.0, ""gain"": -7.105427357601002e-15}, {""block"": ""star_ris"", ""rho"": 8.0, ""gain"": 0.0017262276067526727}]",{},863.592762,1a480db47c5efa1cc1a63abf6aef552d6bf21ecebd475a7bc99d509c20d9fb0d,fc61d5cda7da39530055bae9bd0e92865f995cd9,ae41070d268d283dcc283b0aaf9b960eae1f4ddd22d423577b272c18802a3aae
ao_sca,64,10000,53,test,17.618244023291343,17.618244023291343,1.0,True,0.0,20,8134,39,ao_sca_proximal_physical,analytical_ris_equal_allocation,"[1.837828735116391, 16.491842984648287, 16.60058737208016, 16.651540172881234, 16.676264910120974, 16.688450860821312, 17.32151777828816, 17.369262819678696, 17.445476223276444, 17.4527954813599, 17.471037490574588, 17.493449523045843, 17.505323100070463, 17.512292816379823, 17.53656749601535, 17.573463229111944, 17.586476620822737, 17.606705827314425, 17.60883640185755, 17.613372637419058, 17.618244023291343]","[{""block"": ""rsma"", ""rho"": 1.0, ""gain"": 14.033837337100712}, {""block"": ""star_ris"", ""rho"": 2.0, ""gain"": 0.6201769124311838}, {""block"": ""rsma"", ""rho"": 1.0, ""gain"": 0.0}, {""block"": ""star_ris"", ""rho"": 8.0, ""gain"": 0.10874438743187298}, {""block"": ""rsma"", ""rho"": 1.0, ""gain"": 0.0}, {""block"": ""star_ris"", ""rho"": 16.0, ""gain"": 0.050952800801074005}, {""block"": ""rsma"", ""rho"": 1.0, ""gain"": 0.0}, {""block"": ""star_ris"", ""rho"": 32.0, ""gain"": 0.024724737239740335}, {""block"": ""rsma"", ""rho"": 1.0, ""gain"": 0.0}, {""block"": ""star_ris"", ""rho"": 64.0, ""gain"": 0.012185950700338566}, {""block"": ""rsma"", ""rho"": 1.0, ""gain"": 0.0}, {""block"": ""star_ris"", ""rho"": 1.0, ""gain"": 0.6330669174668486}, {""block"": ""rsma"", ""rho"": 1.0, ""gain"": 0.0}, {""block"": ""star_ris"", ""rho"": 2.0, ""gain"": 0.04774504139053448}, {""block"": ""rsma"", ""rho"": 1.0, ""gain"": 0.0}, {""block"": ""star_ris"", ""rho"": 2.0, ""gain"": 0.0762134035977482}, {""block"": ""rsma"", ""rho"": 1.0, ""gain"": 0.0}, {""block"": ""star_ris"", ""rho"": 8.0, ""gain"": 0.007319258083455793}, {""block"": ""rsma"", ""rho"": 1.0, ""gain"": -3.552713678800501e-15}, {""block"": ""star_ris"", ""rho"": 4.0, ""gain"": 0.01824200921469199}, {""block"": ""rsma"", ""rho"": 1.0, ""gain"": 0.0}, {""block"": ""star_ris"", ""rho"": 2.0, ""gain"": 0.022412032471255117}, {""block"": ""rsma"", ""rho"": 1.0, ""gain"": 0.0}, {""block"": ""star_ris"", ""rho"": 8.0, ""gain"": 0.011873577024619664}, {""block"": ""rsma"", ""rho"": 1.0, ""gain"": 3.552713678800501e-15}, {""block"": ""star_ris"", ""rho"": 4.0, ""gain"": 0.0069697163093564996}, {""block"": ""rsma"", ""rho"": 1.0, ""gain"": 3.552713678800501e-15}, {""block"": ""star_ris"", ""rho"": 2.0, ""gain"": 0.024274679635524876}, {""block"": ""rsma"", ""rho"": 1.0, ""gain"": 0.0}, {""block"": ""star_ris"", ""rho"": 4.0, ""gain"": 0.036895733096592664}, {""block"": ""rsma"", ""rho"": 1.0, ""gain"": -7.105427357601002e-15}, {""block"": ""star_ris"", ""rho"": 16.0, ""gain"": 0.013013391710799738}, {""block"": ""rsma"", ""rho"": 1.0, ""gain"": -3.552713678800501e-15}, {""block"": ""star_ris"", ""rho"": 4.0, ""gain"": 0.020229206491691798}, {""block"": ""rsma"", ""rho"": 1.0, ""gain"": 0.0}, {""block"": ""star_ris"", ""rho"": 32.0, ""gain"": 0.002130574543123487}, {""block"": ""rsma"", ""rho"": 1.0, ""gain"": 3.552713678800501e-15}, {""block"": ""star_ris"", ""rho"": 16.0, ""gain"": 0.0045362355615061745}, {""block"": ""rsma"", ""rho"": 1.0, ""gain"": 0.0}, {""block"": ""star_ris"", ""rho"": 8.0, ""gain"": 0.004871385872284861}]",{},4309.766266,1a480db47c5efa1cc1a63abf6aef552d6bf21ecebd475a7bc99d509c20d9fb0d,fc61d5cda7da39530055bae9bd0e92865f995cd9,ae41070d268d283dcc283b0aaf9b960eae1f4ddd22d423577b272c18802a3aae
ao_sca,64,10000,54,test,17.84857804535797,17.84857804535797,1.0,True,0.0,11,4466,18,ao_sca_proximal_physical,analytical_ris_equal_allocation,"[1.837901709074709, 17.12568569392412, 17.25264589136315, 17.36491685128925, 17.664149449696403, 17.71996314565864, 17.729689867278953, 17.7335387067654, 17.827879107386245, 17.8454462095433, 17.848243813901085, 17.84857804535797]","[{""block"": ""rsma"", ""rho"": 1.0, ""gain"": 15.211137632261034}, {""block"": ""star_ris"", ""rho"": 1.0, ""gain"": 0.07664635258837649}, {""block"": ""rsma"", ""rho"": 1.0, ""gain"": -7.105427357601002e-15}, {""block"": ""star_ris"", ""rho"": 1.0, ""gain"": 0.12696019743903975}, {""block"": ""rsma"", ""rho"": 1.0, ""gain"": 0.0}, {""block"": ""star_ris"", ""rho"": 1.0, ""gain"": 0.11227095992610003}, {""block"": ""rsma"", ""rho"": 1.0, ""gain"": 0.0}, {""block"": ""star_ris"", ""rho"": 1.0, ""gain"": 0.29923259840715133}, {""block"": ""rsma"", ""rho"": 1.0, ""gain"": 0.0}, {""block"": ""star_ris"", ""rho"": 1.0, ""gain"": 0.055813695962235954}, {""block"": ""rsma"", ""rho"": 1.0, ""gain"": 0.0}, {""block"": ""star_ris"", ""rho"": 4.0, ""gain"": 0.009726721620314294}, {""block"": ""rsma"", ""rho"": 1.0, ""gain"": 3.552713678800501e-15}, {""block"": ""star_ris"", ""rho"": 2.0, ""gain"": 0.003848839486444433}, {""block"": ""rsma"", ""rho"": 1.0, ""gain"": 0.0}, {""block"": ""star_ris"", ""rho"": 2.0, ""gain"": 0.09434040062084392}, {""block"": ""rsma"", ""rho"": 1.0, ""gain"": -3.552713678800501e-15}, {""block"": ""star_ris"", ""rho"": 1.0, ""gain"": 0.017567102157059367}, {""block"": ""rsma"", ""rho"": 1.0, ""gain"": 3.552713678800501e-15}, {""block"": ""star_ris"", ""rho"": 256.0, ""gain"": 0.0027976043577808696}, {""block"": ""rsma"", ""rho"": 1.0, ""gain"": 0.0}, {""block"": ""star_ris"", ""rho"": 512.0, ""gain"": 0.0003342314568861582}]",{},2421.690276,1a480db47c5efa1cc1a63abf6aef552d6bf21ecebd475a7bc99d509c20d9fb0d,fc61d5cda7da39530055bae9bd0e92865f995cd9,ae41070d268d283dcc283b0aaf9b960eae1f4ddd22d423577b272c18802a3aae
ao_sca,64,10000,55,test,17.763004622479876,17.763004622479876,1.0,True,0.0,14,5673,26,ao_sca_proximal_physical,analytical_ris_equal_allocation,"[1.8378939236984533, 17.056061775154703, 17.24071988391475, 17.370432851646772, 17.38438326328773, 17.399139515167956, 17.558194618651033, 17.565235069446555, 17.681394491233135, 17.719429945459215, 17.728735902547008, 17.73664855821901, 17.75565137585407, 17.76171269173893, 17.763004622479876]","[{""block"": ""rsma"", ""rho"": 1.0, ""gain"": 15.0111420142954}, {""block"": ""star_ris"", ""rho"": 1.0, ""gain"": 0.20702583716084888}, {""block"": ""rsma"", ""rho"": 1.0, ""gain"": 0.0}, {""block"": ""star_ris"", ""rho"": 1.0, ""gain"": 0.18465810876004696}, {""block"": ""rsma"", ""rho"": 1.0, ""gain"": 0.0}, {""block"": ""star_ris"", ""rho"": 1.0, ""gain"": 0.12971296773202212}, {""block"": ""rsma"", ""rho"": 1.0, ""gain"": 0.0}, {""block"": ""star_ris"", ""rho"": 8.0, ""gain"": 0.013950411640959004}, {""block"": ""rsma"", ""rho"": 1.0, ""gain"": 0.0}, {""block"": ""star_ris"", ""rho"": 2.0, ""gain"": 0.014756251880225335}, {""block"": ""rsma"", ""rho"": 1.0, ""gain"": 0.0}, {""block"": ""star_ris"", ""rho"": 2.0, ""gain"": 0.15905510348307672}, {""block"": ""rsma"", ""rho"": 1.0, ""gain"": 0.0}, {""block"": ""star_ris"", ""rho"": 1.0, ""gain"": 0.0070404507955217355}, {""block"": ""rsma"", ""rho"": 1.0, ""gain"": 0.0}, {""block"": ""star_ris"", ""rho"": 2.0, ""gain"": 0.11615942178658045}, {""block"": ""rsma"", ""rho"": 1.0, ""gain"": 0.0}, {""block"": ""star_ris"", ""rho"": 4.0, ""gain"": 0.03803545422607968}, {""block"": ""rsma"", ""rho"": 1.0, ""gain"": 0.0}, {""block"": ""star_ris"", ""rho"": 2.0, ""gain"": 0.00930595708779336}, {""block"": ""rsma"", ""rho"": 1.0, ""gain"": 0.0}, {""block"": ""star_ris"", ""rho"": 4.0, ""gain"": 0.007912655672001279}, {""block"": ""rsma"", ""rho"": 1.0, ""gain"": 0.0}, {""block"": ""star_ris"", ""rho"": 1.0, ""gain"": 0.019002817635062286}, {""block"": ""rsma"", ""rho"": 1.0, ""gain"": 3.552713678800501e-15}, {""block"": ""star_ris"", ""rho"": 4.0, ""gain"": 0.006061315884853258}, {""block"": ""rsma"", ""rho"": 1.0, ""gain"": 3.552713678800501e-15}, {""block"": ""star_ris"", ""rho"": 8.0, ""gain"": 0.001291930740944025}]",{},2970.982181,1a480db47c5efa1cc1a63abf6aef552d6bf21ecebd475a7bc99d509c20d9fb0d,fc61d5cda7da39530055bae9bd0e92865f995cd9,ae41070d268d283dcc283b0aaf9b960eae1f4ddd22d423577b272c18802a3aae
ao_sca,64,10000,56,test,17.446960349236385,17.446960349236385,1.0,True,0.0,6,2450,10,ao_sca_proximal_physical,analytical_ris_equal_allocation,"[1.8379154967341547, 17.23505668779448, 17.26368757562483, 17.42175876149464, 17.438323217563735, 17.446451400255707, 17.446960349236385]","[{""block"": ""rsma"", ""rho"": 1.0, ""gain"": 15.320624047014949}, {""block"": ""star_ris"", ""rho"": 1.0, ""gain"": 0.07651714404537557}, {""block"": ""rsma"", ""rho"": 1.0, ""gain"": 0.0}, {""block"": ""star_ris"", ""rho"": 4.0, ""gain"": 0.028630887830349394}, {""block"": ""rsma"", ""rho"": 1.0, ""gain"": 0.0}, {""block"": ""star_ris"", ""rho"": 8.0, ""gain"": 0.15807118586981161}, {""block"": ""rsma"", ""rho"": 1.0, ""gain"": 0.0}, {""block"": ""star_ris"", ""rho"": 64.0, ""gain"": 0.01656445606909429}, {""block"": ""rsma"", ""rho"": 1.0, ""gain"": 0.0}, {""block"": ""star_ris"", ""rho"": 128.0, ""gain"": 0.008128182691972796}, {""block"": ""rsma"", ""rho"": 1.0, ""gain"": 0.0}, {""block"": ""star_ris"", ""rho"": 128.0, ""gain"": 0.0005089489806771041}]",{},1313.554345,1a480db47c5efa1cc1a63abf6aef552d6bf21ecebd475a7bc99d509c20d9fb0d,fc61d5cda7da39530055bae9bd0e92865f995cd9,ae41070d268d283dcc283b0aaf9b960eae1f4ddd22d423577b272c18802a3aae
ao_sca,64,10000,57,test,17.357897821968386,17.357897821968386,1.0,True,0.0,8,3262,15,ao_sca_proximal_physical,analytical_ris_equal_allocation,"[1.8378860851876415, 16.987959210284746, 17.000339320187965, 17.02148566752482, 17.0435617754281, 17.054430271320886, 17.05712820021453, 17.35764594701692, 17.357897821968386]","[{""block"": ""rsma"", ""rho"": 1.0, ""gain"": 14.652067613191502}, {""block"": ""star_ris"", ""rho"": 2.0, ""gain"": 0.49800551190560327}, {""block"": ""rsma"", ""rho"": 1.0, ""gain"": 0.0}, {""block"": ""star_ris"", ""rho"": 8.0, ""gain"": 0.01238010990321925}, {""block"": ""rsma"", ""rho"": 1.0, ""gain"": 0.0}, {""block"": ""star_ris"", ""rho"": 2.0, ""gain"": 0.021146347336856053}, {""block"": ""rsma"", ""rho"": 1.0, ""gain"": 0.0}, {""block"": ""star_ris"", ""rho"": 32.0, ""gain"": 0.02207610790327763}, {""block"": ""rsma"", ""rho"": 1.0, ""gain"": 0.0}, {""block"": ""star_ris"", ""rho"": 64.0, ""gain"": 0.010868495892786711}, {""block"": ""rsma"", ""rho"": 1.0, ""gain"": 0.0}, {""block"": ""star_ris"", ""rho"": 256.0, ""gain"": 0.002697928893645951}, {""block"": ""rsma"", ""rho"": 1.0, ""gain"": 3.552713678800501e-15}, {""block"": ""star_ris"", ""rho"": 2.0, ""gain"": 0.3005177468023845}, {""block"": ""rsma"", ""rho"": 1.0, ""gain"": -3.552713678800501e-15}, {""block"": ""star_ris"", ""rho"": 16.0, ""gain"": 0.00025187495146994365}]",{},1738.384469,1a480db47c5efa1cc1a63abf6aef552d6bf21ecebd475a7bc99d509c20d9fb0d,fc61d5cda7da39530055bae9bd0e92865f995cd9,ae41070d268d283dcc283b0aaf9b960eae1f4ddd22d423577b272c18802a3aae
ao_sca,64,10000,58,test,17.99813773011186,17.99813773011186,1.0,True,0.0,20,8136,33,ao_sca_proximal_physical,analytical_ris_equal_allocation,"[1.8379014257779522, 16.937023705845224, 17.00976911458769, 17.018402869591277, 17.065139412172147, 17.24518740578445, 17.248974245263447, 17.7293511889715, 17.805234314456563, 17.80878652165047, 17.84733197270021, 17.85619368950674, 17.877595275721692, 17.911158303393954, 17.933069175717456, 17.943825738509375, 17.950389115922263, 17.961329278609597, 17.983853838619535, 17.99476510240053, 17.99813773011186]","[{""block"": ""rsma"", ""rho"": 1.0, ""gain"": 14.946481314897847}, {""block"": ""star_ris"", ""rho"": 4.0, ""gain"": 0.15264096516942516}, {""block"": ""rsma"", ""rho"": 1.0, ""gain"": 3.552713678800501e-15}, {""block"": ""star_ris"", ""rho"": 16.0, ""gain"": 0.07274540874246327}, {""block"": ""rsma"", ""rho"": 1.0, ""gain"": 0.0}, {""block"": ""star_ris"", ""rho"": 128.0, ""gain"": 0.00863375500358643}, {""block"": ""rsma"", ""rho"": 1.0, ""gain"": 0.0}, {""block"": ""star_ris"", ""rho"": 2.0, ""gain"": 0.04673654258087012}, {""block"": ""rsma"", ""rho"": 1.0, ""gain"": 0.0}, {""block"": ""star_ris"", ""rho"": 1.0, ""gain"": 0.18004799361230184}, {""block"": ""rsma"", ""rho"": 1.0, ""gain"": 0.0}, {""block"": ""star_ris"", ""rho"": 256.0, ""gain"": 0.0037868394789981608}, {""block"": ""rsma"", ""rho"": 1.0, ""gain"": 0.0}, {""block"": ""star_ris"", ""rho"": 1.0, ""gain"": 0.48037694370805184}, {""block"": ""rsma"", ""rho"": 1.0, ""gain"": -3.552713678800501e-15}, {""block"": ""star_ris"", ""rho"": 2.0, ""gain"": 0.07588312548506693}, {""block"": ""rsma"", ""rho"": 1.0, ""gain"": 0.0}, {""block"": ""star_ris"", ""rho"": 8.0, ""gain"": 0.0035522071939091404}, {""block"": ""rsma"", ""rho"": 1.0, ""gain"": 0.0}, {""block"": ""star_ris"", ""rho"": 4.0, ""gain"": 0.038545451049738944}, {""block"": ""rsma"", ""rho"": 1.0, ""gain"": 0.0}, {""block"": ""star_ris"", ""rho"": 2.0, ""gain"": 0.008861716806528364}, {""block"": ""rsma"", ""rho"": 1.0, ""gain"": 0.0}, {""block"": ""star_ris"", ""rho"": 16.0, ""gain"": 0.021401586214953028}, {""block"": ""rsma"", ""rho"": 1.0, ""gain"": 0.0}, {""block"": ""star_ris"", ""rho"": 4.0, ""gain"": 0.033563027672261825}, {""block"": ""rsma"", ""rho"": 1.0, ""gain"": 0.0}, {""block"": ""star_ris"", ""rho"": 1.0, ""gain"": 0.021910872323502417}, {""block"": ""rsma"", ""rho"": 1.0, ""gain"": 0.0}, {""block"": ""star_ris"", ""rho"": 16.0, ""gain"": 0.010756562791918611}, {""block"": ""rsma"", ""rho"": 1.0, ""gain"": 0.0}, {""block"": ""star_ris"", ""rho"": 16.0, ""gain"": 0.0065633774128883715}, {""block"": ""rsma"", ""rho"": 1.0, ""gain"": -3.552713678800501e-15}, {""block"": ""star_ris"", ""rho"": 8.0, ""gain"": 0.010940162687337107}, {""block"": ""rsma"", ""rho"": 1.0, ""gain"": 0.0}, {""block"": ""star_ris"", ""rho"": 8.0, ""gain"": 0.022524560009937744}, {""block"": ""rsma"", ""rho"": 1.0, ""gain"": 0.0}, {""block"": ""star_ris"", ""rho"": 4.0, ""gain"": 0.01091126378099716}, {""block"": ""rsma"", ""rho"": 1.0, ""gain"": 0.0}, {""block"": ""star_ris"", ""rho"": 16.0, ""gain"": 0.003372627711328846}]",{},4518.699717,1a480db47c5efa1cc1a63abf6aef552d6bf21ecebd475a7bc99d509c20d9fb0d,fc61d5cda7da39530055bae9bd0e92865f995cd9,ae41070d268d283dcc283b0aaf9b960eae1f4ddd22d423577b272c18802a3aae
ao_sca,64,10000,59,test,17.135220308985296,17.135220308985296,1.0,True,0.0,3,1219,6,ao_sca_proximal_physical,analytical_ris_equal_allocation,"[1.8378692745182035, 17.023158248809594, 17.133563512039316, 17.135220308985296]","[{""block"": ""rsma"", ""rho"": 1.0, ""gain"": 14.709541754995742}, {""block"": ""star_ris"", ""rho"": 2.0, ""gain"": 0.47574721929564845}, {""block"": ""rsma"", ""rho"": 1.0, ""gain"": 0.0}, {""block"": ""star_ris"", ""rho"": 4.0, ""gain"": 0.11040526322972255}, {""block"": ""rsma"", ""rho"": 1.0, ""gain"": 0.0}, {""block"": ""star_ris"", ""rho"": 8.0, ""gain"": 0.001656796945979977}]",{},644.650545,1a480db47c5efa1cc1a63abf6aef552d6bf21ecebd475a7bc99d509c20d9fb0d,fc61d5cda7da39530055bae9bd0e92865f995cd9,ae41070d268d283dcc283b0aaf9b960eae1f4ddd22d423577b272c18802a3aae
ao_sca,64,10000,60,test,18.02917066411413,18.02917066411413,1.0,True,0.0,17,6889,28,ao_sca_proximal_physical,analytical_ris_equal_allocation,"[1.83786144717379, 17.093273268930187, 17.281696494747344, 17.288872695423457, 17.358829639672795, 17.541839461850675, 17.570856520027853, 17.641366506201905, 17.858264457497835, 17.89061072492118, 17.911063478981617, 17.92106938326837, 17.929835811205123, 17.934732947696705, 17.940748170858868, 17.995721685426673, 18.027804455536067, 18.029170664114126]","[{""block"": ""rsma"", ""rho"": 1.0, ""gain"": 14.409347084189964}, {""block"": ""star_ris"", ""rho"": 1.0, ""gain"": 0.846064737566433}, {""block"": ""rsma"", ""rho"": 1.0, ""gain"": 3.552713678800501e-15}, {""block"": ""star_ris"", ""rho"": 1.0, ""gain"": 0.18842322581715365}, {""block"": ""rsma"", ""rho"": 1.0, ""gain"": -7.105427357601002e-15}, {""block"": ""star_ris"", ""rho"": 8.0, ""gain"": 0.007176200676120459}, {""block"": ""rsma"", ""rho"": 1.0, ""gain"": 3.552713678800501e-15}, {""block"": ""star_ris"", ""rho"": 2.0, ""gain"": 0.06995694424933419}, {""block"": ""rsma"", ""rho"": 1.0, ""gain"": 0.0}, {""block"": ""star_ris"", ""rho"": 1.0, ""gain"": 0.18300982217787976}, {""block"": ""rsma"", ""rho"": 1.0, ""gain"": 0.0}, {""block"": ""star_ris"", ""rho"": 1.0, ""gain"": 0.029017058177178257}, {""block"": ""rsma"", ""rho"": 1.0, ""gain"": 0.0}, {""block"": ""star_ris"", ""rho"": 2.0, ""gain"": 0.07050998617405213}, {""block"": ""rsma"", ""rho"": 1.0, ""gain"": 0.0}, {""block"": ""star_ris"", ""rho"": 1.0, ""gain"": 0.21689795129593037}, {""block"": ""rsma"", ""rho"": 1.0, ""gain"": 0.0}, {""block"": ""star_ris"", ""rho"": 2.0, ""gain"": 0.03234626742334612}, {""block"": ""rsma"", ""rho"": 1.0, ""gain"": 7.105427357601002e-15}, {""block"": ""star_ris"", ""rho"": 8.0, ""gain"": 0.0204527540604289}, {""block"": ""rsma"", ""rho"": 1.0, ""gain"": 3.552713678800501e-15}, {""block"": ""star_ris"", ""rho"": 8.0, ""gain"": 0.010005904286749967}, {""block"": ""rsma"", ""rho"": 1.0, ""gain"": -3.552713678800501e-15}, {""block"": ""star_ris"", ""rho"": 2.0, ""gain"": 0.00876642793675586}, {""block"": ""rsma"", ""rho"": 1.0, ""gain"": 0.0}, {""block"": ""star_ris"", ""rho"": 2.0, ""gain"": 0.004897136491582188}, {""block"": ""rsma"", ""rho"": 1.0, ""gain"": 3.552713678800501e-15}, {""block"": ""star_ris"", ""rho"": 2.0, ""gain"": 0.006015223162158634}, {""block"": ""rsma"", ""rho"": 1.0, ""gain"": 0.0}, {""block"": ""star_ris"", ""rho"": 2.0, ""gain"": 0.05497351456780564}, {""block"": ""rsma"", ""rho"": 1.0, ""gain"": 3.552713678800501e-15}, {""block"": ""star_ris"", ""rho"": 1.0, ""gain"": 0.032082770109390424}, {""block"": ""rsma"", ""rho"": 1.0, ""gain"": 0.0}, {""block"": ""star_ris"", ""rho"": 16.0, ""gain"": 0.001366208578058803}]",{},3746.159528,1a480db47c5efa1cc1a63abf6aef552d6bf21ecebd475a7bc99d509c20d9fb0d,fc61d5cda7da39530055bae9bd0e92865f995cd9,ae41070d268d283dcc283b0aaf9b960eae1f4ddd22d423577b272c18802a3aae
ao_sca,64,10000,61,test,17.786817210630055,17.786817210630055,1.0,True,0.0,8,3250,16,ao_sca_proximal_physical,analytical_ris_equal_allocation,"[1.837881371354416, 16.794432856472504, 16.959302356330216, 16.978041385103186, 17.3665642408105, 17.556432766478903, 17.781277924659086, 17.78678548423488, 17.786817210630055]","[{""block"": ""rsma"", ""rho"": 1.0, ""gain"": 14.52459725489959}, {""block"": ""star_ris"", ""rho"": 4.0, ""gain"": 0.43195423021849777}, {""block"": ""rsma"", ""rho"": 1.0, ""gain"": 0.0}, {""block"": ""star_ris"", ""rho"": 8.0, ""gain"": 0.16486949985771204}, {""block"": ""rsma"", ""rho"": 1.0, ""gain"": 0.0}, {""block"": ""star_ris"", ""rho"": 64.0, ""gain"": 0.018739028772969846}, {""block"": ""rsma"", ""rho"": 1.0, ""gain"": 0.0}, {""block"": ""star_ris"", ""rho"": 1.0, ""gain"": 0.3885228557073148}, {""block"": ""rsma"", ""rho"": 1.0, ""gain"": 0.0}, {""block"": ""star_ris"", ""rho"": 1.0, ""gain"": 0.18986852566840184}, {""block"": ""rsma"", ""rho"": 1.0, ""gain"": 0.0}, {""block"": ""star_ris"", ""rho"": 2.0, ""gain"": 0.2248451581801838}, {""block"": ""rsma"", ""rho"": 1.0, ""gain"": 3.552713678800501e-15}, {""block"": ""star_ris"", ""rho"": 32.0, ""gain"": 0.0055075595757898554}, {""block"": ""rsma"", ""rho"": 1.0, ""gain"": 0.0}, {""block"": ""star_ris"", ""rho"": 1.0, ""gain"": 3.172639517501352e-05}]",{},1836.709092,1a480db47c5efa1cc1a63abf6aef552d6bf21ecebd475a7bc99d509c20d9fb0d,fc61d5cda7da39530055bae9bd0e92865f995cd9,ae41070d268d283dcc283b0aaf9b960eae1f4ddd22d423577b272c18802a3aae
ao_sca,64,10000,62,test,17.943681010101276,17.943681010101276,1.0,True,0.0,18,7320,34,ao_sca_proximal_physical,analytical_ris_equal_allocation,"[1.837912533531673, 17.04184775348083, 17.488907154080422, 17.493833765479508, 17.50426731653033, 17.510275088987235, 17.54458068539099, 17.574715975861164, 17.67449865970923, 17.68645293490452, 17.744710949485075, 17.8292685872254, 17.868659034157044, 17.887754266933097, 17.897163269829896, 17.900877185452558, 17.925716834523516, 17.943462826930734, 17.943681010101276]","[{""block"": ""rsma"", ""rho"": 1.0, ""gain"": 15.155029105453833}, {""block"": ""star_ris"", ""rho"": 1.0, ""gain"": 0.048906114495324005}, {""block"": ""rsma"", ""rho"": 1.0, ""gain"": 0.0}, {""block"": ""star_ris"", ""rho"": 1.0, ""gain"": 0.44705940059959204}, {""block"": ""rsma"", ""rho"": 1.0, ""gain"": 0.0}, {""block"": ""star_ris"", ""rho"": 4.0, ""gain"": 0.0049266113990853455}, {""block"": ""rsma"", ""rho"": 1.0, ""gain"": 0.0}, {""block"": ""star_ris"", ""rho"": 1.0, ""gain"": 0.010433551050823553}, {""block"": ""rsma"", ""rho"": 1.0, ""gain"": 0.0}, {""block"": ""star_ris"", ""rho"": 64.0, ""gain"": 0.0060077724569040925}, {""block"": ""rsma"", ""rho"": 1.0, ""gain"": 0.0}, {""block"": ""star_ris"", ""rho"": 8.0, ""gain"": 0.034305596403754635}, {""block"": ""rsma"", ""rho"": 1.0, ""gain"": 0.0}, {""block"": ""star_ris"", ""rho"": 4.0, ""gain"": 0.030135290470173715}, {""block"": ""rsma"", ""rho"": 1.0, ""gain"": 0.0}, {""block"": ""star_ris"", ""rho"": 1.0, ""gain"": 0.09978268384806555}, {""block"": ""rsma"", ""rho"": 1.0, ""gain"": 0.0}, {""block"": ""star_ris"", ""rho"": 16.0, ""gain"": 0.01195427519528991}, {""block"": ""rsma"", ""rho"": 1.0, ""gain"": 0.0}, {""block"": ""star_ris"", ""rho"": 16.0, ""gain"": 0.058258014580555795}, {""block"": ""rsma"", ""rho"": 1.0, ""gain"": 0.0}, {""block"": ""star_ris"", ""rho"": 8.0, ""gain"": 0.08455763774032476}, {""block"": ""rsma"", ""rho"": 1.0, ""gain"": 0.0}, {""block"": ""star_ris"", ""rho"": 16.0, ""gain"": 0.03939044693164462}, {""block"": ""rsma"", ""rho"": 1.0, ""gain"": 0.0}, {""block"": ""star_ris"", ""rho"": 32.0, ""gain"": 0.01909523277605274}, {""block"": ""rsma"", ""rho"": 1.0, ""gain"": 0.0}, {""block"": ""star_ris"", ""rho"": 64.0, ""gain"": 0.009409002896799024}, {""block"": ""rsma"", ""rho"": 1.0, ""gain"": 0.0}, {""block"": ""star_ris"", ""rho"": 4.0, ""gain"": 0.0037139156226615455}, {""block"": ""rsma"", ""rho"": 1.0, ""gain"": 0.0}, {""block"": ""star_ris"", ""rho"": 2.0, ""gain"": 0.024839649070958814}, {""block"": ""rsma"", ""rho"": 1.0, ""gain"": -3.552713678800501e-15}, {""block"": ""star_ris"", ""rho"": 2.0, ""gain"": 0.017745992407220967}, {""block"": ""rsma"", ""rho"": 1.0, ""gain"": 0.0}, {""block"": ""star_ris"", ""rho"": 16.0, ""gain"": 0.0002181831705421189}]",{},4048.546245,1a480db47c5efa1cc1a63abf6aef552d6bf21ecebd475a7bc99d509c20d9fb0d,fc61d5cda7da39530055bae9bd0e92865f995cd9,ae41070d268d283dcc283b0aaf9b960eae1f4ddd22d423577b272c18802a3aae
ao_sca,64,10000,63,test,17.499982142917844,17.499982142917844,1.0,True,0.0,2,813,4,ao_sca_proximal_physical,analytical_ris_equal_allocation,"[1.837914110552032, 17.498635775475876, 17.499982142917844]","[{""block"": ""rsma"", ""rho"": 1.0, ""gain"": 15.145272771324166}, {""block"": ""star_ris"", ""rho"": 1.0, ""gain"": 0.5154488935996788}, {""block"": ""rsma"", ""rho"": 1.0, ""gain"": -3.552713678800501e-15}, {""block"": ""star_ris"", ""rho"": 16.0, ""gain"": 0.0013463674419718075}]",{},430.620057,1a480db47c5efa1cc1a63abf6aef552d6bf21ecebd475a7bc99d509c20d9fb0d,fc61d5cda7da39530055bae9bd0e92865f995cd9,ae41070d268d283dcc283b0aaf9b960eae1f4ddd22d423577b272c18802a3aae
ao_sca,64,10000,64,test,18.4427593003258,18.4427593003258,1.0,True,0.0,17,6909,30,ao_sca_proximal_physical,analytical_ris_equal_allocation,"[1.8379507335621064, 17.673078282163683, 17.769225978652187, 17.81360535949186, 17.83499997795444, 17.845511631493284, 17.90826451435491, 17.946241031236656, 17.96610303025409, 18.106442520775374, 18.19592717222934, 18.221133764365185, 18.329650548479236, 18.34386832413484, 18.355608158024644, 18.423395506146313, 18.44195175188283, 18.442759300325797]","[{""block"": ""rsma"", ""rho"": 1.0, ""gain"": 15.823158409737655}, {""block"": ""star_ris"", ""rho"": 1.0, ""gain"": 0.011969138863921813}, {""block"": ""rsma"", ""rho"": 1.0, ""gain"": 3.552713678800501e-15}, {""block"": ""star_ris"", ""rho"": 8.0, ""gain"": 0.09614769648850086}, {""block"": ""rsma"", ""rho"": 1.0, ""gain"": 0.0}, {""block"": ""star_ris"", ""rho"": 16.0, ""gain"": 0.04437938083967197}, {""block"": ""rsma"", ""rho"": 1.0, ""gain"": 3.552713678800501e-15}, {""block"": ""star_ris"", ""rho"": 32.0, ""gain"": 0.021394618462576176}, {""block"": ""rsma"", ""rho"": 1.0, ""gain"": 0.0}, {""block"": ""star_ris"", ""rho"": 64.0, ""gain"": 0.010511653538845422}, {""block"": ""rsma"", ""rho"": 1.0, ""gain"": 0.0}, {""block"": ""star_ris"", ""rho"": 2.0, ""gain"": 0.06275288286162706}, {""block"": ""rsma"", ""rho"": 1.0, ""gain"": -3.552713678800501e-15}, {""block"": ""star_ris"", ""rho"": 1.0, ""gain"": 0.03797651688174852}, {""block"": ""rsma"", ""rho"": 1.0, ""gain"": 3.552713678800501e-15}, {""block"": ""star_ris"", ""rho"": 2.0, ""gain"": 0.019861999017429355}, {""block"": ""rsma"", ""rho"": 1.0, ""gain"": 0.0}, {""block"": ""star_ris"", ""rho"": 1.0, ""gain"": 0.14033949052128492}, {""block"": ""rsma"", ""rho"": 1.0, ""gain"": 0.0}, {""block"": ""star_ris"", ""rho"": 2.0, ""gain"": 0.08948465145396511}, {""block"": ""rsma"", ""rho"": 1.0, ""gain"": 0.0}, {""block"": ""star_ris"", ""rho"": 4.0, ""gain"": 0.025206592135845085}, {""block"": ""rsma"", ""rho"": 1.0, ""gain"": 0.0}, {""block"": ""star_ris"", ""rho"": 2.0, ""gain"": 0.10851678411405175}, {""block"": ""rsma"", ""rho"": 1.0, ""gain"": -3.552713678800501e-15}, {""block"": ""star_ris"", ""rho"": 8.0, ""gain"": 0.014217775655605891}, {""block"": ""rsma"", ""rho"": 1.0, ""gain"": -7.105427357601002e-15}, {""block"": ""star_ris"", ""rho"": 4.0, ""gain"": 0.0117398338898127}, {""block"": ""rsma"", ""rho"": 1.0, ""gain"": 0.0}, {""block"": ""star_ris"", ""rho"": 4.0, ""gain"": 0.06778734812166931}, {""block"": ""rsma"", ""rho"": 1.0, ""gain"": 7.105427357601002e-15}, {""block"": ""star_ris"", ""rho"": 4.0, ""gain"": 0.018556245736508714}, {""block"": ""rsma"", ""rho"": 1.0, ""gain"": -7.105427357601002e-15}, {""block"": ""star_ris"", ""rho"": 128.0, ""gain"": 0.0008075484429745927}]",{},3660.196745,1a480db47c5efa1cc1a63abf6aef552d6bf21ecebd475a7bc99d509c20d9fb0d,fc61d5cda7da39530055bae9bd0e92865f995cd9,ae41070d268d283dcc283b0aaf9b960eae1f4ddd22d423577b272c18802a3aae
ao_sca,64,10000,65,test,18.0561357399048,18.0561357399048,1.0,True,0.0,15,6088,23,ao_sca_proximal_physical,analytical_ris_equal_allocation,"[1.8379154442182217, 17.29487188149876, 17.703609086123482, 17.70748482945233, 17.75267352016149, 17.778597742631327, 17.839344171393172, 17.85679847855122, 17.91592897618743, 17.938608355419507, 17.944088202878277, 17.96536519788483, 17.96775786439521, 18.039221545006086, 18.05596942341555, 18.056135739904796]","[{""block"": ""rsma"", ""rho"": 1.0, ""gain"": 15.057170750387339}, {""block"": ""star_ris"", ""rho"": 1.0, ""gain"": 0.3997856868931997}, {""block"": ""rsma"", ""rho"": 1.0, ""gain"": 0.0}, {""block"": ""star_ris"", ""rho"": 2.0, ""gain"": 0.4087372046247211}, {""block"": ""rsma"", ""rho"": 1.0, ""gain"": 0.0}, {""block"": ""star_ris"", ""rho"": 1.0, ""gain"": 0.0038757433288481025}, {""block"": ""rsma"", ""rho"": 1.0, ""gain"": 3.552713678800501e-15}, {""block"": ""star_ris"", ""rho"": 16.0, ""gain"": 0.04518869070915699}, {""block"": ""rsma"", ""rho"": 1.0, ""gain"": 0.0}, {""block"": ""star_ris"", ""rho"": 4.0, ""gain"": 0.025924222469836167}, {""block"": ""rsma"", ""rho"": 1.0, ""gain"": 0.0}, {""block"": ""star_ris"", ""rho"": 2.0, ""gain"": 0.06074642876184555}, {""block"": ""rsma"", ""rho"": 1.0, ""gain"": 0.0}, {""block"": ""star_ris"", ""rho"": 2.0, ""gain"": 0.0174543071580473}, {""block"": ""rsma"", ""rho"": 1.0, ""gain"": 0.0}, {""block"": ""star_ris"", ""rho"": 8.0, ""gain"": 0.05913049763621103}, {""block"": ""rsma"", ""rho"": 1.0, ""gain"": 0.0}, {""block"": ""star_ris"", ""rho"": 4.0, ""gain"": 0.022679379232076968}, {""block"": ""rsma"", ""rho"": 1.0, ""gain"": 0.0}, {""block"": ""star_ris"", ""rho"": 2.0, ""gain"": 0.0054798474587691715}, {""block"": ""rsma"", ""rho"": 1.0, ""gain"": -3.552713678800501e-15}, {""block"": ""star_ris"", ""rho"": 2.0, ""gain"": 0.021276995006555666}, {""block"": ""rsma"", ""rho"": 1.0, ""gain"": 0.0}, {""block"": ""star_ris"", ""rho"": 4.0, ""gain"": 0.0023926665103815026}, {""block"": ""rsma"", ""rho"": 1.0, ""gain"": 0.0}, {""block"": ""star_ris"", ""rho"": 4.0, ""gain"": 0.07146368061087571}, {""block"": ""rsma"", ""rho"": 1.0, ""gain"": 0.0}, {""block"": ""star_ris"", ""rho"": 2.0, ""gain"": 0.01674787840946479}, {""block"": ""rsma"", ""rho"": 1.0, ""gain"": 0.0}, {""block"": ""star_ris"", ""rho"": 64.0, ""gain"": 0.00016631648924558817}]",{},3249.406804,1a480db47c5efa1cc1a63abf6aef552d6bf21ecebd475a7bc99d509c20d9fb0d,fc61d5cda7da39530055bae9bd0e92865f995cd9,ae41070d268d283dcc283b0aaf9b960eae1f4ddd22d423577b272c18802a3aae
ao_sca,64,10000,66,test,17.609399002418517,17.609399002418517,1.0,True,0.0,7,2850,11,ao_sca_proximal_physical,analytical_ris_equal_allocation,"[1.8379169035741072, 17.463332753319346, 17.46694696793921, 17.482294339084103, 17.493990563291263, 17.572148651991867, 17.60904331200006, 17.609399002418517]","[{""block"": ""rsma"", ""rho"": 1.0, ""gain"": 15.239747312567896}, {""block"": ""star_ris"", ""rho"": 2.0, ""gain"": 0.3856685371773416}, {""block"": ""rsma"", ""rho"": 1.0, ""gain"": 0.0}, {""block"": ""star_ris"", ""rho"": 16.0, ""gain"": 0.0036142146198656633}, {""block"": ""rsma"", ""rho"": 1.0, ""gain"": 0.0}, {""block"": ""star_ris"", ""rho"": 4.0, ""gain"": 0.015347371144891042}, {""block"": ""rsma"", ""rho"": 1.0, ""gain"": 0.0}, {""block"": ""star_ris"", ""rho"": 1.0, ""gain"": 0.0116962242071601}, {""block"": ""rsma"", ""rho"": 1.0, ""gain"": 0.0}, {""block"": ""star_ris"", ""rho"": 8.0, ""gain"": 0.07815808870060437}, {""block"": ""rsma"", ""rho"": 1.0, ""gain"": -3.552713678800501e-15}, {""block"": ""star_ris"", ""rho"": 16.0, ""gain"": 0.03689466000819763}, {""block"": ""rsma"", ""rho"": 1.0, ""gain"": 0.0}, {""block"": ""star_ris"", ""rho"": 128.0, ""gain"": 0.0003556904184556231}]",{},1494.502979,1a480db47c5efa1cc1a63abf6aef552d6bf21ecebd475a7bc99d509c20d9fb0d,fc61d5cda7da39530055bae9bd0e92865f995cd9,ae41070d268d283dcc283b0aaf9b960eae1f4ddd22d423577b272c18802a3aae
ao_sca,64,10000,67,test,18.253608801533492,18.253608801533492,1.0,True,0.0,17,6918,27,ao_sca_proximal_physical,analytical_ris_equal_allocation,"[1.8379328567064286, 17.014714581057614, 17.023371632617714, 17.0276750472548, 17.48244776569856, 17.821321724189836, 18.009065922976532, 18.047346562630096, 18.070973471169676, 18.0888084245978, 18.099982463801265, 18.134367359538928, 18.164592396127354, 18.195879194332836, 18.22072650725216, 18.225256322542826, 18.25307958070618, 18.253608801533495]","[{""block"": ""rsma"", ""rho"": 1.0, ""gain"": 15.104448322147315}, {""block"": ""star_ris"", ""rho"": 16.0, ""gain"": 0.07233340220387063}, {""block"": ""rsma"", ""rho"": 1.0, ""gain"": 0.0}, {""block"": ""star_ris"", ""rho"": 128.0, ""gain"": 0.00865705156009966}, {""block"": ""rsma"", ""rho"": 1.0, ""gain"": 0.0}, {""block"": ""star_ris"", ""rho"": 256.0, ""gain"": 0.004303414637085723}, {""block"": ""rsma"", ""rho"": 1.0, ""gain"": 3.552713678800501e-15}, {""block"": ""star_ris"", ""rho"": 1.0, ""gain"": 0.4547727184437562}, {""block"": ""rsma"", ""rho"": 1.0, ""gain"": 0.0}, {""block"": ""star_ris"", ""rho"": 1.0, ""gain"": 0.338873958491277}, {""block"": ""rsma"", ""rho"": 1.0, ""gain"": 0.0}, {""block"": ""star_ris"", ""rho"": 2.0, ""gain"": 0.1877441987866959}, {""block"": ""rsma"", ""rho"": 1.0, ""gain"": 0.0}, {""block"": ""star_ris"", ""rho"": 4.0, ""gain"": 0.03828063965356421}, {""block"": ""rsma"", ""rho"": 1.0, ""gain"": 0.0}, {""block"": ""star_ris"", ""rho"": 4.0, ""gain"": 0.023626908539579716}, {""block"": ""rsma"", ""rho"": 1.0, ""gain"": 0.0}, {""block"": ""star_ris"", ""rho"": 2.0, ""gain"": 0.017834953428124578}, {""block"": ""rsma"", ""rho"": 1.0, ""gain"": -3.552713678800501e-15}, {""block"": ""star_ris"", ""rho"": 8.0, ""gain"": 0.0111740392034676}, {""block"": ""rsma"", ""rho"": 1.0, ""gain"": 0.0}, {""block"": ""star_ris"", ""rho"": 4.0, ""gain"": 0.0343848957376629}, {""block"": ""rsma"", ""rho"": 1.0, ""gain"": 0.0}, {""block"": ""star_ris"", ""rho"": 4.0, ""gain"": 0.030225036588426235}, {""block"": ""rsma"", ""rho"": 1.0, ""gain"": -3.552713678800501e-15}, {""block"": ""star_ris"", ""rho"": 4.0, ""gain"": 0.03128679820548541}, {""block"": ""rsma"", ""rho"": 1.0, ""gain"": 0.0}, {""block"": ""star_ris"", ""rho"": 4.0, ""gain"": 0.024847312919323628}, {""block"": ""rsma"", ""rho"": 1.0, ""gain"": 0.0}, {""block"": ""star_ris"", ""rho"": 8.0, ""gain"": 0.004529815290666761}, {""block"": ""rsma"", ""rho"": 1.0, ""gain"": -3.552713678800501e-15}, {""block"": ""star_ris"", ""rho"": 4.0, ""gain"": 0.027823258163358844}, {""block"": ""rsma"", ""rho"": 1.0, ""gain"": 0.0}, {""block"": ""star_ris"", ""rho"": 256.0, ""gain"": 0.000529220827313992}]",{},3632.298157,1a480db47c5efa1cc1a63abf6aef552d6bf21ecebd475a7bc99d509c20d9fb0d,fc61d5cda7da39530055bae9bd0e92865f995cd9,ae41070d268d283dcc283b0aaf9b960eae1f4ddd22d423577b272c18802a3aae
ao_sca,64,10000,68,test,18.092872674714684,18.092872674714684,1.0,True,0.0,19,7706,35,ao_sca_proximal_physical,analytical_ris_equal_allocation,"[1.8379006101361641, 17.129777824139417, 17.217231845149854, 17.370091743111782, 17.637520090861194, 17.64998711412867, 17.691098426080686, 17.8237546160154, 17.8705478961272, 17.88430191504533, 17.94171788965843, 17.975404433898667, 18.032408584048532, 18.035323439300324, 18.043988233301764, 18.04740190993776, 18.049501516980982, 18.085477174961085, 18.09151206489333, 18.092872674714684]","[{""block"": ""rsma"", ""rho"": 1.0, ""gain"": 15.288872384876047}, {""block"": ""star_ris"", ""rho"": 1.0, ""gain"": 0.0030048291272066763}, {""block"": ""rsma"", ""rho"": 1.0, ""gain"": 0.0}, {""block"": ""star_ris"", ""rho"": 1.0, ""gain"": 0.08745402101043709}, {""block"": ""rsma"", ""rho"": 1.0, ""gain"": 0.0}, {""block"": ""star_ris"", ""rho"": 1.0, ""gain"": 0.15285989796192823}, {""block"": ""rsma"", ""rho"": 1.0, ""gain"": 0.0}, {""block"": ""star_ris"", ""rho"": 1.0, ""gain"": 0.26742834774941215}, {""block"": ""rsma"", ""rho"": 1.0, ""gain"": 0.0}, {""block"": ""star_ris"", ""rho"": 8.0, ""gain"": 0.012467023267475952}, {""block"": ""rsma"", ""rho"": 1.0, ""gain"": 7.105427357601002e-15}, {""block"": ""star_ris"", ""rho"": 2.0, ""gain"": 0.04111131195200812}, {""block"": ""rsma"", ""rho"": 1.0, ""gain"": 0.0}, {""block"": ""star_ris"", ""rho"": 1.0, ""gain"": 0.13265618993471406}, {""block"": ""rsma"", ""rho"": 1.0, ""gain"": 3.552713678800501e-15}, {""block"": ""star_ris"", ""rho"": 8.0, ""gain"": 0.046793280111796065}, {""block"": ""rsma"", ""rho"": 1.0, ""gain"": 0.0}, {""block"": ""star_ris"", ""rho"": 1.0, ""gain"": 0.01375401891813155}, {""block"": ""rsma"", ""rho"": 1.0, ""gain"": 3.552713678800501e-15}, {""block"": ""star_ris"", ""rho"": 2.0, ""gain"": 0.057415974613096665}, {""block"": ""rsma"", ""rho"": 1.0, ""gain"": 0.0}, {""block"": ""star_ris"", ""rho"": 4.0, ""gain"": 0.033686544240236316}, {""block"": ""rsma"", ""rho"": 1.0, ""gain"": 0.0}, {""block"": ""star_ris"", ""rho"": 2.0, ""gain"": 0.05700415014986504}, {""block"": ""rsma"", ""rho"": 1.0, ""gain"": -3.552713678800501e-15}, {""block"": ""star_ris"", ""rho"": 4.0, ""gain"": 0.0029148552517952453}, {""block"": ""rsma"", ""rho"": 1.0, ""gain"": 3.552713678800501e-15}, {""block"": ""star_ris"", ""rho"": 1.0, ""gain"": 0.008664794001436604}, {""block"": ""rsma"", ""rho"": 1.0, ""gain"": -3.552713678800501e-15}, {""block"": ""star_ris"", ""rho"": 16.0, ""gain"": 0.003413676636000673}, {""block"": ""rsma"", ""rho"": 1.0, ""gain"": 0.0}, {""block"": ""star_ris"", ""rho"": 8.0, ""gain"": 0.0020996070432204306}, {""block"": ""rsma"", ""rho"": 1.0, ""gain"": 0.0}, {""block"": ""star_ris"", ""rho"": 4.0, ""gain"": 0.03597565798010294}, {""block"": ""rsma"", ""rho"": 1.0, ""gain"": 0.0}, {""block"": ""star_ris"", ""rho"": 8.0, ""gain"": 0.00603488993224488}, {""block"": ""rsma"", ""rho"": 1.0, ""gain"": 0.0}, {""block"": ""star_ris"", ""rho"": 16.0, ""gain"": 0.0013606098213543305}]",{},4060.226449,1a480db47c5efa1cc1a63abf6aef552d6bf21ecebd475a7bc99d509c20d9fb0d,fc61d5cda7da39530055bae9bd0e92865f995cd9,ae41070d268d283dcc283b0aaf9b960eae1f4ddd22d423577b272c18802a3aae
ao_sca,64,10000,69,test,17.928855223884206,17.928855223884206,1.0,True,0.0,18,7305,32,ao_sca_proximal_physical,analytical_ris_equal_allocation,"[1.8378749021004726, 16.7015194684849, 17.285996352319792, 17.45703037361634, 17.525508216096412, 17.527304862958506, 17.612387212320975, 17.62056706374104, 17.651566477105032, 17.677079708435958, 17.710467956405175, 17.742342192296114, 17.75801329972122, 17.851334383493892, 17.881297851838703, 17.88866401016835, 17.896472150088435, 17.92857036289113, 17.928855223884206]","[{""block"": ""rsma"", ""rho"": 1.0, ""gain"": 14.798299997268503}, {""block"": ""star_ris"", ""rho"": 1.0, ""gain"": 0.06534456911592557}, {""block"": ""rsma"", ""rho"": 1.0, ""gain"": 0.0}, {""block"": ""star_ris"", ""rho"": 1.0, ""gain"": 0.5844768838348919}, {""block"": ""rsma"", ""rho"": 1.0, ""gain"": 0.0}, {""block"": ""star_ris"", ""rho"": 1.0, ""gain"": 0.1710340212965491}, {""block"": ""rsma"", ""rho"": 1.0, ""gain"": 0.0}, {""block"": ""star_ris"", ""rho"": 2.0, ""gain"": 0.06847784248007116}, {""block"": ""rsma"", ""rho"": 1.0, ""gain"": 0.0}, {""block"": ""star_ris"", ""rho"": 2.0, ""gain"": 0.001796646862093354}, {""block"": ""rsma"", ""rho"": 1.0, ""gain"": 7.105427357601002e-15}, {""block"": ""star_ris"", ""rho"": 8.0, ""gain"": 0.0850823493624624}, {""block"": ""rsma"", ""rho"": 1.0, ""gain"": 0.0}, {""block"": ""star_ris"", ""rho"": 1.0, ""gain"": 0.0081798514200635}, {""block"": ""rsma"", ""rho"": 1.0, ""gain"": -3.552713678800501e-15}, {""block"": ""star_ris"", ""rho"": 8.0, ""gain"": 0.03099941336399681}, {""block"": ""rsma"", ""rho"": 1.0, ""gain"": -3.552713678800501e-15}, {""block"": ""star_ris"", ""rho"": 4.0, ""gain"": 0.025513231330929642}, {""block"": ""rsma"", ""rho"": 1.0, ""gain"": -3.552713678800501e-15}, {""block"": ""star_ris"", ""rho"": 2.0, ""gain"": 0.033388247969220686}, {""block"": ""rsma"", ""rho"": 1.0, ""gain"": 0.0}, {""block"": ""star_ris"", ""rho"": 1.0, ""gain"": 0.03187423589093896}, {""block"": ""rsma"", ""rho"": 1.0, ""gain"": 0.0}, {""block"": ""star_ris"", ""rho"": 4.0, ""gain"": 0.015671107425106356}, {""block"": ""rsma"", ""rho"": 1.0, ""gain"": 0.0}, {""block"": ""star_ris"", ""rho"": 1.0, ""gain"": 0.0933210837726719}, {""block"": ""rsma"", ""rho"": 1.0, ""gain"": 0.0}, {""block"": ""star_ris"", ""rho"": 4.0, ""gain"": 0.02996346834481045}, {""block"": ""rsma"", ""rho"": 1.0, ""gain"": 0.0}, {""block"": ""star_ris"", ""rho"": 16.0, ""gain"": 0.0073661583296456}, {""block"": ""rsma"", ""rho"": 1.0, ""gain"": 0.0}, {""block"": ""star_ris"", ""rho"": 8.0, ""gain"": 0.007808139920086887}, {""block"": ""rsma"", ""rho"": 1.0, ""gain"": 7.105427357601002e-15}, {""block"": ""star_ris"", ""rho"": 4.0, ""gain"": 0.03209821280268699}, {""block"": ""rsma"", ""rho"": 1.0, ""gain"": 0.0}, {""block"": ""star_ris"", ""rho"": 256.0, ""gain"": 0.0002848609930765633}]",{},3959.477734,1a480db47c5efa1cc1a63abf6aef552d6bf21ecebd475a7bc99d509c20d9fb0d,fc61d5cda7da39530055bae9bd0e92865f995cd9,ae41070d268d283dcc283b0aaf9b960eae1f4ddd22d423577b272c18802a3aae
ao_sca,64,10000,70,test,17.42822041613918,17.42822041613918,1.0,True,0.0,5,2028,10,ao_sca_proximal_physical,analytical_ris_equal_allocation,"[1.8378924868220525, 17.122996241571908, 17.347055600018038, 17.39090724774012, 17.42728717447205, 17.42822041613918]","[{""block"": ""rsma"", ""rho"": 1.0, ""gain"": 14.908180276478912}, {""block"": ""star_ris"", ""rho"": 1.0, ""gain"": 0.3769234782709425}, {""block"": ""rsma"", ""rho"": 1.0, ""gain"": 0.0}, {""block"": ""star_ris"", ""rho"": 2.0, ""gain"": 0.22405935844613012}, {""block"": ""rsma"", ""rho"": 1.0, ""gain"": -3.552713678800501e-15}, {""block"": ""star_ris"", ""rho"": 2.0, ""gain"": 0.04385164772208583}, {""block"": ""rsma"", ""rho"": 1.0, ""gain"": 0.0}, {""block"": ""star_ris"", ""rho"": 2.0, ""gain"": 0.03637992673192869}, {""block"": ""rsma"", ""rho"": 1.0, ""gain"": 0.0}, {""block"": ""star_ris"", ""rho"": 16.0, ""gain"": 0.0009332416671306021}]",{},1090.675315,1a480db47c5efa1cc1a63abf6aef552d6bf21ecebd475a7bc99d509c20d9fb0d,fc61d5cda7da39530055bae9bd0e92865f995cd9,ae41070d268d283dcc283b0aaf9b960eae1f4ddd22d423577b272c18802a3aae
ao_sca,64,10000,71,test,18.17625816547568,18.17625816547568,1.0,True,0.0,16,6497,26,ao_sca_proximal_physical,analytical_ris_equal_allocation,"[1.8379222293515511, 17.520745646447764, 17.52910346053862, 17.593936939430947, 17.607879032411216, 17.80407378758337, 17.818295943591814, 17.867196929157657, 17.914713143523695, 17.93090190557991, 18.014451474842367, 18.072803370747067, 18.100977115224776, 18.10952174823416, 18.15712252215251, 18.175672900906818, 18.17625816547568]","[{""block"": ""rsma"", ""rho"": 1.0, ""gain"": 15.247749747093675}, {""block"": ""star_ris"", ""rho"": 2.0, ""gain"": 0.43507367000253794}, {""block"": ""rsma"", ""rho"": 1.0, ""gain"": -3.552713678800501e-15}, {""block"": ""star_ris"", ""rho"": 4.0, ""gain"": 0.008357814090860671}, {""block"": ""rsma"", ""rho"": 1.0, ""gain"": 0.0}, {""block"": ""star_ris"", ""rho"": 2.0, ""gain"": 0.06483347889232505}, {""block"": ""rsma"", ""rho"": 1.0, ""gain"": 3.552713678800501e-15}, {""block"": ""star_ris"", ""rho"": 2.0, ""gain"": 0.013942092980265386}, {""block"": ""rsma"", ""rho"": 1.0, ""gain"": 3.552713678800501e-15}, {""block"": ""star_ris"", ""rho"": 1.0, ""gain"": 0.1961947551721508}, {""block"": ""rsma"", ""rho"": 1.0, ""gain"": 0.0}, {""block"": ""star_ris"", ""rho"": 64.0, ""gain"": 0.014222156008443676}, {""block"": ""rsma"", ""rho"": 1.0, ""gain"": -3.552713678800501e-15}, {""block"": ""star_ris"", ""rho"": 1.0, ""gain"": 0.04890098556584732}, {""block"": ""rsma"", ""rho"": 1.0, ""gain"": 3.552713678800501e-15}, {""block"": ""star_ris"", ""rho"": 2.0, ""gain"": 0.04751621436603415}, {""block"": ""rsma"", ""rho"": 1.0, ""gain"": 0.0}, {""block"": ""star_ris"", ""rho"": 32.0, ""gain"": 0.016188762056213335}, {""block"": ""rsma"", ""rho"": 1.0, ""gain"": 0.0}, {""block"": ""star_ris"", ""rho"": 1.0, ""gain"": 0.08354956926245904}, {""block"": ""rsma"", ""rho"": 1.0, ""gain"": -7.105427357601002e-15}, {""block"": ""star_ris"", ""rho"": 8.0, ""gain"": 0.05835189590470691}, {""block"": ""rsma"", ""rho"": 1.0, ""gain"": 0.0}, {""block"": ""star_ris"", ""rho"": 8.0, ""gain"": 0.028173744477708595}, {""block"": ""rsma"", ""rho"": 1.0, ""gain"": 0.0}, {""block"": ""star_ris"", ""rho"": 4.0, ""gain"": 0.008544633009385905}, {""block"": ""rsma"", ""rho"": 1.0, ""gain"": 3.552713678800501e-15}, {""block"": ""star_ris"", ""rho"": 2.0, ""gain"": 0.04760077391834372}, {""block"": ""rsma"", ""rho"": 1.0, ""gain"": 0.0}, {""block"": ""star_ris"", ""rho"": 2.0, ""gain"": 0.018550378754309094}, {""block"": ""rsma"", ""rho"": 1.0, ""gain"": 0.0}, {""block"": ""star_ris"", ""rho"": 32.0, ""gain"": 0.0005852645688619873}]",{},3424.455605,1a480db47c5efa1cc1a63abf6aef552d6bf21ecebd475a7bc99d509c20d9fb0d,fc61d5cda7da39530055bae9bd0e92865f995cd9,ae41070d268d283dcc283b0aaf9b960eae1f4ddd22d423577b272c18802a3aae
ao_sca,64,10000,72,test,18.371747705992902,18.371747705992902,1.0,True,0.0,20,8131,33,ao_sca_proximal_physical,analytical_ris_equal_allocation,"[1.8379563138801582, 17.724964794549567, 17.767645648640624, 17.816303015057063, 17.834595631986133, 17.85298311367998, 17.941967298554193, 17.98261595566113, 18.002166650553548, 18.005733282774, 18.060991492909174, 18.06833036393296, 18.220507427597322, 18.238775822461985, 18.258508007629445, 18.27042658494032, 18.301937198391133, 18.320591566949922, 18.362285504773745, 18.368213349803423, 18.371747705992906]","[{""block"": ""rsma"", ""rho"": 1.0, ""gain"": 15.886396160996084}, {""block"": ""star_ris"", ""rho"": 8.0, ""gain"": 0.0006123196733263114}, {""block"": ""rsma"", ""rho"": 1.0, ""gain"": 3.552713678800501e-15}, {""block"": ""star_ris"", ""rho"": 4.0, ""gain"": 0.04268085409105282}, {""block"": ""rsma"", ""rho"": 1.0, ""gain"": 0.0}, {""block"": ""star_ris"", ""rho"": 2.0, ""gain"": 0.04865736641643892}, {""block"": ""rsma"", ""rho"": 1.0, ""gain"": 0.0}, {""block"": ""star_ris"", ""rho"": 1.0, ""gain"": 0.01829261692907025}, {""block"": ""rsma"", ""rho"": 1.0, ""gain"": 3.552713678800501e-15}, {""block"": ""star_ris"", ""rho"": 1.0, ""gain"": 0.018387481693842744}, {""block"": ""rsma"", ""rho"": 1.0, ""gain"": 0.0}, {""block"": ""star_ris"", ""rho"": 8.0, ""gain"": 0.08898418487421367}, {""block"": ""rsma"", ""rho"": 1.0, ""gain"": 0.0}, {""block"": ""star_ris"", ""rho"": 16.0, ""gain"": 0.04064865710693866}, {""block"": ""rsma"", ""rho"": 1.0, ""gain"": 0.0}, {""block"": ""star_ris"", ""rho"": 32.0, ""gain"": 0.01955069489241623}, {""block"": ""rsma"", ""rho"": 1.0, ""gain"": 0.0}, {""block"": ""star_ris"", ""rho"": 4.0, ""gain"": 0.0035666322204512824}, {""block"": ""rsma"", ""rho"": 1.0, ""gain"": 0.0}, {""block"": ""star_ris"", ""rho"": 2.0, ""gain"": 0.05525821013517529}, {""block"": ""rsma"", ""rho"": 1.0, ""gain"": 0.0}, {""block"": ""star_ris"", ""rho"": 1.0, ""gain"": 0.0073388710237871635}, {""block"": ""rsma"", ""rho"": 1.0, ""gain"": 0.0}, {""block"": ""star_ris"", ""rho"": 1.0, ""gain"": 0.1521770636643609}, {""block"": ""rsma"", ""rho"": 1.0, ""gain"": 0.0}, {""block"": ""star_ris"", ""rho"": 32.0, ""gain"": 0.018268394864662696}, {""block"": ""rsma"", ""rho"": 1.0, ""gain"": 0.0}, {""block"": ""star_ris"", ""rho"": 16.0, ""gain"": 0.01973218516745945}, {""block"": ""rsma"", ""rho"": 1.0, ""gain"": 0.0}, {""block"": ""star_ris"", ""rho"": 8.0, ""gain"": 0.011918577310876088}, {""block"": ""rsma"", ""rho"": 1.0, ""gain"": 0.0}, {""block"": ""star_ris"", ""rho"": 4.0, ""gain"": 0.03151061345081274}, {""block"": ""rsma"", ""rho"": 1.0, ""gain"": 0.0}, {""block"": ""star_ris"", ""rho"": 8.0, ""gain"": 0.018654368558788548}, {""block"": ""rsma"", ""rho"": 1.0, ""gain"": 0.0}, {""block"": ""star_ris"", ""rho"": 8.0, ""gain"": 0.04169393782382258}, {""block"": ""rsma"", ""rho"": 1.0, ""gain"": 3.552713678800501e-15}, {""block"": ""star_ris"", ""rho"": 32.0, ""gain"": 0.005927845029674472}, {""block"": ""rsma"", ""rho"": 1.0, ""gain"": 0.0}, {""block"": ""star_ris"", ""rho"": 16.0, ""gain"": 0.0035343561894833897}]",{},4321.964273,1a480db47c5efa1cc1a63abf6aef552d6bf21ecebd475a7bc99d509c20d9fb0d,fc61d5cda7da39530055bae9bd0e92865f995cd9,ae41070d268d283dcc283b0aaf9b960eae1f4ddd22d423577b272c18802a3aae
ao_sca,64,10000,73,test,17.508467883800026,17.508467883800026,1.0,True,0.0,6,2435,11,ao_sca_proximal_physical,analytical_ris_equal_allocation,"[1.8378839253504402, 16.767755278658246, 17.26501112529666, 17.29007198052642, 17.2930241989618, 17.50682627644342, 17.508467883800026]","[{""block"": ""rsma"", ""rho"": 1.0, ""gain"": 14.775078255978741}, {""block"": ""star_ris"", ""rho"": 1.0, ""gain"": 0.15479309732906543}, {""block"": ""rsma"", ""rho"": 1.0, ""gain"": 0.0}, {""block"": ""star_ris"", ""rho"": 1.0, ""gain"": 0.4972558466384136}, {""block"": ""rsma"", ""rho"": 1.0, ""gain"": 0.0}, {""block"": ""star_ris"", ""rho"": 1.0, ""gain"": 0.025060855229760648}, {""block"": ""rsma"", ""rho"": 1.0, ""gain"": 0.0}, {""block"": ""star_ris"", ""rho"": 128.0, ""gain"": 0.0029522184353787395}, {""block"": ""rsma"", ""rho"": 1.0, ""gain"": 0.0}, {""block"": ""star_ris"", ""rho"": 1.0, ""gain"": 0.2138020774816205}, {""block"": ""rsma"", ""rho"": 1.0, ""gain"": -3.552713678800501e-15}, {""block"": ""star_ris"", ""rho"": 8.0, ""gain"": 0.0016416073566105638}]",{},1282.221505,1a480db47c5efa1cc1a63abf6aef552d6bf21ecebd475a7bc99d509c20d9fb0d,fc61d5cda7da39530055bae9bd0e92865f995cd9,ae41070d268d283dcc283b0aaf9b960eae1f4ddd22d423577b272c18802a3aae
ao_sca,64,10000,74,test,17.79020539463789,17.79020539463789,1.0,True,0.0,17,6909,29,ao_sca_proximal_physical,analytical_ris_equal_allocation,"[1.837919808733926, 17.257700619410492, 17.327332320994984, 17.406531047378024, 17.414105771972896, 17.461058943715223, 17.472407795478343, 17.47803274705967, 17.484449152584588, 17.50710667401224, 17.51330055105096, 17.546182111332577, 17.590997039864327, 17.664121133938973, 17.66819455795634, 17.687106089816922, 17.788964916505158, 17.79020539463789]","[{""block"": ""rsma"", ""rho"": 1.0, ""gain"": 15.362162929719403}, {""block"": ""star_ris"", ""rho"": 4.0, ""gain"": 0.05761788095716369}, {""block"": ""rsma"", ""rho"": 1.0, ""gain"": 0.0}, {""block"": ""star_ris"", ""rho"": 2.0, ""gain"": 0.06963170158449117}, {""block"": ""rsma"", ""rho"": 1.0, ""gain"": 0.0}, {""block"": ""star_ris"", ""rho"": 8.0, ""gain"": 0.07919872638304071}, {""block"": ""rsma"", ""rho"": 1.0, ""gain"": 0.0}, {""block"": ""star_ris"", ""rho"": 8.0, ""gain"": 0.007574724594871185}, {""block"": ""rsma"", ""rho"": 1.0, ""gain"": -3.552713678800501e-15}, {""block"": ""star_ris"", ""rho"": 16.0, ""gain"": 0.046953171742330824}, {""block"": ""rsma"", ""rho"": 1.0, ""gain"": 0.0}, {""block"": ""star_ris"", ""rho"": 64.0, ""gain"": 0.011348851763120393}, {""block"": ""rsma"", ""rho"": 1.0, ""gain"": 3.552713678800501e-15}, {""block"": ""star_ris"", ""rho"": 128.0, ""gain"": 0.005624951581324922}, {""block"": ""rsma"", ""rho"": 1.0, ""gain"": 0.0}, {""block"": ""star_ris"", ""rho"": 8.0, ""gain"": 0.006416405524916513}, {""block"": ""rsma"", ""rho"": 1.0, ""gain"": 3.552713678800501e-15}, {""block"": ""star_ris"", ""rho"": 2.0, ""gain"": 0.022657521427646543}, {""block"": ""rsma"", ""rho"": 1.0, ""gain"": 0.0}, {""block"": ""star_ris"", ""rho"": 8.0, ""gain"": 0.006193877038722206}, {""block"": ""rsma"", ""rho"": 1.0, ""gain"": 0.0}, {""block"": ""star_ris"", ""rho"": 4.0, ""gain"": 0.03288156028161637}, {""block"": ""rsma"", ""rho"": 1.0, ""gain"": 0.0}, {""block"": ""star_ris"", ""rho"": 2.0, ""gain"": 0.04481492853174984}, {""block"": ""rsma"", ""rho"": 1.0, ""gain"": 0.0}, {""block"": ""star_ris"", ""rho"": 1.0, ""gain"": 0.0731240940746467}, {""block"": ""rsma"", ""rho"": 1.0, ""gain"": -3.552713678800501e-15}, {""block"": ""star_ris"", ""rho"": 4.0, ""gain"": 0.004073424017370542}, {""block"": ""rsma"", ""rho"": 1.0, ""gain"": 7.105427357601002e-15}, {""block"": ""star_ris"", ""rho"": 1.0, ""gain"": 0.01891153186057437}, {""block"": ""rsma"", ""rho"": 1.0, ""gain"": 0.0}, {""block"": ""star_ris"", ""rho"": 1.0, ""gain"": 0.10185882668823609}, {""block"": ""rsma"", ""rho"": 1.0, ""gain"": 0.0}, {""block"": ""star_ris"", ""rho"": 4.0, ""gain"": 0.0012404781327326475}]",{},3571.579631,1a480db47c5efa1cc1a63abf6aef552d6bf21ecebd475a7bc99d509c20d9fb0d,fc61d5cda7da39530055bae9bd0e92865f995cd9,ae41070d268d283dcc283b0aaf9b960eae1f4ddd22d423577b272c18802a3aae
ao_sca,64,10000,75,test,17.76886322639577,17.76886322639577,1.0,True,0.0,6,2435,12,ao_sca_proximal_physical,analytical_ris_equal_allocation,"[1.8379239018586069, 17.484035313358156, 17.611670738467883, 17.641609644210767, 17.708251983736634, 17.768547506012165, 17.76886322639577]","[{""block"": ""rsma"", ""rho"": 1.0, ""gain"": 15.023222969503548}, {""block"": ""star_ris"", ""rho"": 1.0, ""gain"": 0.6228884419960004}, {""block"": ""rsma"", ""rho"": 1.0, ""gain"": 0.0}, {""block"": ""star_ris"", ""rho"": 2.0, ""gain"": 0.1276354251097267}, {""block"": ""rsma"", ""rho"": 1.0, ""gain"": 0.0}, {""block"": ""star_ris"", ""rho"": 2.0, ""gain"": 0.029938905742884714}, {""block"": ""rsma"", ""rho"": 1.0, ""gain"": 3.552713678800501e-15}, {""block"": ""star_ris"", ""rho"": 2.0, ""gain"": 0.06664233952586329}, {""block"": ""rsma"", ""rho"": 1.0, ""gain"": 0.0}, {""block"": ""star_ris"", ""rho"": 8.0, ""gain"": 0.060295522275531255}, {""block"": ""rsma"", ""rho"": 1.0, ""gain"": 0.0}, {""block"": ""star_ris"", ""rho"": 16.0, ""gain"": 0.0003157203836039457}]",{},1229.689228,1a480db47c5efa1cc1a63abf6aef552d6bf21ecebd475a7bc99d509c20d9fb0d,fc61d5cda7da39530055bae9bd0e92865f995cd9,ae41070d268d283dcc283b0aaf9b960eae1f4ddd22d423577b272c18802a3aae
ao_sca,64,10000,76,test,17.598263664454436,17.598263664454436,1.0,True,0.0,10,4079,20,ao_sca_proximal_physical,analytical_ris_equal_allocation,"[1.8379251818835218, 17.469027194256416, 17.475406051841137, 17.515598520894603, 17.528002645116327, 17.53636261207976, 17.540067569771672, 17.54934169260298, 17.555087504203843, 17.598104260169308, 17.598263664454436]","[{""block"": ""rsma"", ""rho"": 1.0, ""gain"": 15.484321145129483}, {""block"": ""star_ris"", ""rho"": 4.0, ""gain"": 0.146780867243411}, {""block"": ""rsma"", ""rho"": 1.0, ""gain"": 0.0}, {""block"": ""star_ris"", ""rho"": 8.0, ""gain"": 0.006378857584721231}, {""block"": ""rsma"", ""rho"": 1.0, ""gain"": 3.552713678800501e-15}, {""block"": ""star_ris"", ""rho"": 16.0, ""gain"": 0.04019246905346208}, {""block"": ""rsma"", ""rho"": 1.0, ""gain"": 3.552713678800501e-15}, {""block"": ""star_ris"", ""rho"": 32.0, ""gain"": 0.012404124221720991}, {""block"": ""rsma"", ""rho"": 1.0, ""gain"": 0.0}, {""block"": ""star_ris"", ""rho"": 8.0, ""gain"": 0.008359966963432441}, {""block"": ""rsma"", ""rho"": 1.0, ""gain"": 3.552713678800501e-15}, {""block"": ""star_ris"", ""rho"": 32.0, ""gain"": 0.0037049576919088167}, {""block"": ""rsma"", ""rho"": 1.0, ""gain"": 0.0}, {""block"": ""star_ris"", ""rho"": 16.0, ""gain"": 0.009274122831307352}, {""block"": ""rsma"", ""rho"": 1.0, ""gain"": 3.552713678800501e-15}, {""block"": ""star_ris"", ""rho"": 8.0, ""gain"": 0.0057458116008604065}, {""block"": ""rsma"", ""rho"": 1.0, ""gain"": -3.552713678800501e-15}, {""block"": ""star_ris"", ""rho"": 4.0, ""gain"": 0.04301675596546772}, {""block"": ""rsma"", ""rho"": 1.0, ""gain"": 7.105427357601002e-15}, {""block"": ""star_ris"", ""rho"": 128.0, ""gain"": 0.0001594042851209565}]",{},2183.806857,1a480db47c5efa1cc1a63abf6aef552d6bf21ecebd475a7bc99d509c20d9fb0d,fc61d5cda7da39530055bae9bd0e92865f995cd9,ae41070d268d283dcc283b0aaf9b960eae1f4ddd22d423577b272c18802a3aae
ao_sca,64,10000,77,test,17.09610797088756,17.09610797088756,1.0,True,0.0,7,2857,13,ao_sca_proximal_physical,analytical_ris_equal_allocation,"[1.8378464323105257, 16.86296364973115, 16.9159178053251, 17.056910851977925, 17.083872415746548, 17.08635966304357, 17.094763758606724, 17.09610797088756]","[{""block"": ""rsma"", ""rho"": 1.0, ""gain"": 14.193406349342554}, {""block"": ""star_ris"", ""rho"": 2.0, ""gain"": 0.8317108680780692}, {""block"": ""rsma"", ""rho"": 1.0, ""gain"": 0.0}, {""block"": ""star_ris"", ""rho"": 4.0, ""gain"": 0.05295415559395167}, {""block"": ""rsma"", ""rho"": 1.0, ""gain"": 0.0}, {""block"": ""star_ris"", ""rho"": 8.0, ""gain"": 0.14099304665282375}, {""block"": ""rsma"", ""rho"": 1.0, ""gain"": 0.0}, {""block"": ""star_ris"", ""rho"": 32.0, ""gain"": 0.02696156376862291}, {""block"": ""rsma"", ""rho"": 1.0, ""gain"": 0.0}, {""block"": ""star_ris"", ""rho"": 64.0, ""gain"": 0.0024872472970223214}, {""block"": ""rsma"", ""rho"": 1.0, ""gain"": 3.552713678800501e-15}, {""block"": ""star_ris"", ""rho"": 64.0, ""gain"": 0.008404095563150804}, {""block"": ""rsma"", ""rho"": 1.0, ""gain"": 0.0}, {""block"": ""star_ris"", ""rho"": 32.0, ""gain"": 0.001344212280834256}]",{},1522.502505,1a480db47c5efa1cc1a63abf6aef552d6bf21ecebd475a7bc99d509c20d9fb0d,fc61d5cda7da39530055bae9bd0e92865f995cd9,ae41070d268d283dcc283b0aaf9b960eae1f4ddd22d423577b272c18802a3aae
ao_sca,64,10000,78,test,18.393169434788103,18.393169434788103,1.0,True,0.0,9,3660,17,ao_sca_proximal_physical,analytical_ris_equal_allocation,"[1.8379797567153557, 18.241301239468246, 18.25001475457462, 18.267236216178045, 18.296373680301425, 18.307033549704382, 18.358679827722057, 18.380154412919303, 18.39140775637903, 18.393169434788103]","[{""block"": ""rsma"", ""rho"": 1.0, ""gain"": 16.200362120109084}, {""block"": ""star_ris"", ""rho"": 1.0, ""gain"": 0.20295936264380643}, {""block"": ""rsma"", ""rho"": 1.0, ""gain"": 0.0}, {""block"": ""star_ris"", ""rho"": 16.0, ""gain"": 0.008713515106375525}, {""block"": ""rsma"", ""rho"": 1.0, ""gain"": 0.0}, {""block"": ""star_ris"", ""rho"": 8.0, ""gain"": 0.017221461603423194}, {""block"": ""rsma"", ""rho"": 1.0, ""gain"": 0.0}, {""block"": ""star_ris"", ""rho"": 4.0, ""gain"": 0.02913746412338014}, {""block"": ""rsma"", ""rho"": 1.0, ""gain"": 0.0}, {""block"": ""star_ris"", ""rho"": 4.0, ""gain"": 0.010659869402957156}, {""block"": ""rsma"", ""rho"": 1.0, ""gain"": -3.552713678800501e-15}, {""block"": ""star_ris"", ""rho"": 1.0, ""gain"": 0.05164627801767807}, {""block"": ""rsma"", ""rho"": 1.0, ""gain"": 0.0}, {""block"": ""star_ris"", ""rho"": 32.0, ""gain"": 0.021474585197246654}, {""block"": ""rsma"", ""rho"": 1.0, ""gain"": 0.0}, {""block"": ""star_ris"", ""rho"": 4.0, ""gain"": 0.011253343459728171}, {""block"": ""rsma"", ""rho"": 1.0, ""gain"": 0.0}, {""block"": ""star_ris"", ""rho"": 32.0, ""gain"": 0.0017616784090712656}]",{},1957.814276,1a480db47c5efa1cc1a63abf6aef552d6bf21ecebd475a7bc99d509c20d9fb0d,fc61d5cda7da39530055bae9bd0e92865f995cd9,ae41070d268d283dcc283b0aaf9b960eae1f4ddd22d423577b272c18802a3aae
ao_sca,64,10000,79,test,17.95959928920063,17.95959928920063,1.0,True,0.0,20,8126,38,ao_sca_proximal_physical,analytical_ris_equal_allocation,"[1.8378932687893328, 16.792357195225534, 16.92157069624101, 16.980567156937354, 17.396056298289693, 17.475596872620507, 17.51324966296955, 17.59268791697289, 17.773766226279037, 17.778625430660703, 17.801759375028094, 17.830999231267974, 17.83530285328222, 17.844026516455482, 17.850415349191998, 17.85532472935865, 17.859087803355205, 17.867713318243602, 17.89436581451552, 17.92336399895951, 17.95959928920063]","[{""block"": ""rsma"", ""rho"": 1.0, ""gain"": 14.629611494519644}, {""block"": ""star_ris"", ""rho"": 4.0, ""gain"": 0.32485243191655755}, {""block"": ""rsma"", ""rho"": 1.0, ""gain"": 0.0}, {""block"": ""star_ris"", ""rho"": 8.0, ""gain"": 0.12921350101547446}, {""block"": ""rsma"", ""rho"": 1.0, ""gain"": -3.552713678800501e-15}, {""block"": ""star_ris"", ""rho"": 16.0, ""gain"": 0.05899646069634912}, {""block"": ""rsma"", ""rho"": 1.0, ""gain"": 0.0}, {""block"": ""star_ris"", ""rho"": 2.0, ""gain"": 0.4154891413523387}, {""block"": ""rsma"", ""rho"": 1.0, ""gain"": 0.0}, {""block"": ""star_ris"", ""rho"": 8.0, ""gain"": 0.07954057433081374}, {""block"": ""rsma"", ""rho"": 1.0, ""gain"": 0.0}, {""block"": ""star_ris"", ""rho"": 16.0, ""gain"": 0.037652790349042675}, {""block"": ""rsma"", ""rho"": 1.0, ""gain"": 0.0}, {""block"": ""star_ris"", ""rho"": 2.0, ""gain"": 0.07943825400333893}, {""block"": ""rsma"", ""rho"": 1.0, ""gain"": -3.552713678800501e-15}, {""block"": ""star_ris"", ""rho"": 4.0, ""gain"": 0.18107830930615165}, {""block"": ""rsma"", ""rho"": 1.0, ""gain"": 0.0}, {""block"": ""star_ris"", ""rho"": 8.0, ""gain"": 0.004859204381666871}, {""block"": ""rsma"", ""rho"": 1.0, ""gain"": 0.0}, {""block"": ""star_ris"", ""rho"": 4.0, ""gain"": 0.023133944367391024}, {""block"": ""rsma"", ""rho"": 1.0, ""gain"": 0.0}, {""block"": ""star_ris"", ""rho"": 2.0, ""gain"": 0.029239856239879458}, {""block"": ""rsma"", ""rho"": 1.0, ""gain"": -7.105427357601002e-15}, {""block"": ""star_ris"", ""rho"": 16.0, ""gain"": 0.004303622014251829}, {""block"": ""rsma"", ""rho"": 1.0, ""gain"": 0.0}, {""block"": ""star_ris"", ""rho"": 8.0, ""gain"": 0.008723663173263674}, {""block"": ""rsma"", ""rho"": 1.0, ""gain"": 0.0}, {""block"": ""star_ris"", ""rho"": 2.0, ""gain"": 0.006388832736515582}, {""block"": ""rsma"", ""rho"": 1.0, ""gain"": 0.0}, {""block"": ""star_ris"", ""rho"": 16.0, ""gain"": 0.004909380166651545}, {""block"": ""rsma"", ""rho"": 1.0, ""gain"": -3.552713678800501e-15}, {""block"": ""star_ris"", ""rho"": 4.0, ""gain"": 0.003763073996559285}, {""block"": ""rsma"", ""rho"": 1.0, ""gain"": 0.0}, {""block"": ""star_ris"", ""rho"": 1.0, ""gain"": 0.008625514888397134}, {""block"": ""rsma"", ""rho"": 1.0, ""gain"": 0.0}, {""block"": ""star_ris"", ""rho"": 8.0, ""gain"": 0.026652496271918125}, {""block"": ""rsma"", ""rho"": 1.0, ""gain"": 0.0}, {""block"": ""star_ris"", ""rho"": 2.0, ""gain"": 0.028998184443988606}, {""block"": ""rsma"", ""rho"": 1.0, ""gain"": 0.0}, {""block"": ""star_ris"", ""rho"": 2.0, ""gain"": 0.0362352902411196}]",{},4339.439195,1a480db47c5efa1cc1a63abf6aef552d6bf21ecebd475a7bc99d509c20d9fb0d,fc61d5cda7da39530055bae9bd0e92865f995cd9,ae41070d268d283dcc283b0aaf9b960eae1f4ddd22d423577b272c18802a3aae
ao_sca,64,10000,80,test,17.703012988615946,17.703012988615946,1.0,True,0.0,7,2842,12,ao_sca_proximal_physical,analytical_ris_equal_allocation,"[1.8379068842511088, 17.405799154749907, 17.427184794150115, 17.56257228247392, 17.588490452551078, 17.657372884910917, 17.702872796398637, 17.703012988615946]","[{""block"": ""rsma"", ""rho"": 1.0, ""gain"": 15.095510930243588}, {""block"": ""star_ris"", ""rho"": 2.0, ""gain"": 0.47238134025521106}, {""block"": ""rsma"", ""rho"": 1.0, ""gain"": -3.552713678800501e-15}, {""block"": ""star_ris"", ""rho"": 2.0, ""gain"": 0.02138563940021143}, {""block"": ""rsma"", ""rho"": 1.0, ""gain"": 0.0}, {""block"": ""star_ris"", ""rho"": 2.0, ""gain"": 0.1353874883238042}, {""block"": ""rsma"", ""rho"": 1.0, ""gain"": 0.0}, {""block"": ""star_ris"", ""rho"": 8.0, ""gain"": 0.025918170077158464}, {""block"": ""rsma"", ""rho"": 1.0, ""gain"": 0.0}, {""block"": ""star_ris"", ""rho"": 4.0, ""gain"": 0.06888243235983893}, {""block"": ""rsma"", ""rho"": 1.0, ""gain"": -3.552713678800501e-15}, {""block"": ""star_ris"", ""rho"": 8.0, ""gain"": 0.04549991148772392}, {""block"": ""rsma"", ""rho"": 1.0, ""gain"": 0.0}, {""block"": ""star_ris"", ""rho"": 4.0, ""gain"": 0.00014019221730876552}]",{},1588.11487,1a480db47c5efa1cc1a63abf6aef552d6bf21ecebd475a7bc99d509c20d9fb0d,fc61d5cda7da39530055bae9bd0e92865f995cd9,ae41070d268d283dcc283b0aaf9b960eae1f4ddd22d423577b272c18802a3aae
ao_sca,64,10000,81,test,17.504103565934418,17.504103565934418,1.0,True,0.0,5,2034,9,ao_sca_proximal_physical,analytical_ris_equal_allocation,"[1.837896873521092, 16.986430246678555, 17.339152464598115, 17.377215046354223, 17.50278894127991, 17.504103565934418]","[{""block"": ""rsma"", ""rho"": 1.0, ""gain"": 14.993721948598427}, {""block"": ""star_ris"", ""rho"": 1.0, ""gain"": 0.15481142455903552}, {""block"": ""rsma"", ""rho"": 1.0, ""gain"": 0.0}, {""block"": ""star_ris"", ""rho"": 4.0, ""gain"": 0.3527222179195597}, {""block"": ""rsma"", ""rho"": 1.0, ""gain"": 0.0}, {""block"": ""star_ris"", ""rho"": 4.0, ""gain"": 0.038062581756108216}, {""block"": ""rsma"", ""rho"": 1.0, ""gain"": 3.552713678800501e-15}, {""block"": ""star_ris"", ""rho"": 8.0, ""gain"": 0.12557389492568305}, {""block"": ""rsma"", ""rho"": 1.0, ""gain"": -3.552713678800501e-15}, {""block"": ""star_ris"", ""rho"": 64.0, ""gain"": 0.0013146246545119311}]",{},1061.236926,1a480db47c5efa1cc1a63abf6aef552d6bf21ecebd475a7bc99d509c20d9fb0d,fc61d5cda7da39530055bae9bd0e92865f995cd9,ae41070d268d283dcc283b0aaf9b960eae1f4ddd22d423577b272c18802a3aae
ao_sca,64,10000,82,test,17.846691702732812,17.846691702732812,1.0,True,0.0,10,4067,18,ao_sca_proximal_physical,analytical_ris_equal_allocation,"[1.8379214962832113, 17.330140179265044, 17.455966652978912, 17.473224063525986, 17.481688228848476, 17.514964502318275, 17.680720108281996, 17.759691895019223, 17.810335709359368, 17.845926489187555, 17.846691702732812]","[{""block"": ""rsma"", ""rho"": 1.0, ""gain"": 15.26098448678059}, {""block"": ""star_ris"", ""rho"": 1.0, ""gain"": 0.23123419620124253}, {""block"": ""rsma"", ""rho"": 1.0, ""gain"": 0.0}, {""block"": ""star_ris"", ""rho"": 4.0, ""gain"": 0.12582647371386813}, {""block"": ""rsma"", ""rho"": 1.0, ""gain"": 0.0}, {""block"": ""star_ris"", ""rho"": 64.0, ""gain"": 0.017257410547074414}, {""block"": ""rsma"", ""rho"": 1.0, ""gain"": 0.0}, {""block"": ""star_ris"", ""rho"": 128.0, ""gain"": 0.008464165322489947}, {""block"": ""rsma"", ""rho"": 1.0, ""gain"": 0.0}, {""block"": ""star_ris"", ""rho"": 1.0, ""gain"": 0.03327627346979867}, {""block"": ""rsma"", ""rho"": 1.0, ""gain"": 0.0}, {""block"": ""star_ris"", ""rho"": 1.0, ""gain"": 0.16575560596372085}, {""block"": ""rsma"", ""rho"": 1.0, ""gain"": 0.0}, {""block"": ""star_ris"", ""rho"": 1.0, ""gain"": 0.07897178673722749}, {""block"": ""rsma"", ""rho"": 1.0, ""gain"": 0.0}, {""block"": ""star_ris"", ""rho"": 4.0, ""gain"": 0.050643814340144644}, {""block"": ""rsma"", ""rho"": 1.0, ""gain"": 3.552713678800501e-15}, {""block"": ""star_ris"", ""rho"": 2.0, ""gain"": 0.03559077982818337}, {""block"": ""rsma"", ""rho"": 1.0, ""gain"": 0.0}, {""block"": ""star_ris"", ""rho"": 256.0, ""gain"": 0.0007652135452573816}]",{},2154.144619,1a480db47c5efa1cc1a63abf6aef552d6bf21ecebd475a7bc99d509c20d9fb0d,fc61d5cda7da39530055bae9bd0e92865f995cd9,ae41070d268d283dcc283b0aaf9b960eae1f4ddd22d423577b272c18802a3aae
ao_sca,64,10000,83,test,17.240341595118764,17.240341595118764,1.0,True,0.0,3,1220,6,ao_sca_proximal_physical,analytical_ris_equal_allocation,"[1.837776051208914, 17.160075337214245, 17.238940648582055, 17.240341595118764]","[{""block"": ""rsma"", ""rho"": 1.0, ""gain"": 13.610778572716688}, {""block"": ""star_ris"", ""rho"": 1.0, ""gain"": 1.7115207132886425}, {""block"": ""rsma"", ""rho"": 1.0, ""gain"": 7.105427357601002e-15}, {""block"": ""star_ris"", ""rho"": 2.0, ""gain"": 0.07886531136780306}, {""block"": ""rsma"", ""rho"": 1.0, ""gain"": 0.0}, {""block"": ""star_ris"", ""rho"": 64.0, ""gain"": 0.001400946536708858}]",{},651.003144,1a480db47c5efa1cc1a63abf6aef552d6bf21ecebd475a7bc99d509c20d9fb0d,fc61d5cda7da39530055bae9bd0e92865f995cd9,ae41070d268d283dcc283b0aaf9b960eae1f4ddd22d423577b272c18802a3aae
ao_sca,64,10000,84,test,18.13260980649863,18.13260980649863,1.0,True,0.0,20,8129,30,ao_sca_proximal_physical,analytical_ris_equal_allocation,"[1.8379263411507951, 17.47175380463575, 17.549729550886227, 17.56889111902138, 17.691652391595017, 17.70475287856621, 17.76744685916831, 17.786107482509713, 17.8601053971744, 17.92127502589205, 17.985595611111428, 18.01589929094345, 18.071101063998064, 18.075688194193788, 18.07789370061466, 18.090849351761214, 18.094101879214186, 18.098044126622646, 18.10858277730877, 18.124658625987298, 18.13260980649863]","[{""block"": ""rsma"", ""rho"": 1.0, ""gain"": 15.412581918788863}, {""block"": ""star_ris"", ""rho"": 2.0, ""gain"": 0.22124554469609237}, {""block"": ""rsma"", ""rho"": 1.0, ""gain"": 0.0}, {""block"": ""star_ris"", ""rho"": 2.0, ""gain"": 0.07797574625047687}, {""block"": ""rsma"", ""rho"": 1.0, ""gain"": 0.0}, {""block"": ""star_ris"", ""rho"": 1.0, ""gain"": 0.019161568135153573}, {""block"": ""rsma"", ""rho"": 1.0, ""gain"": 0.0}, {""block"": ""star_ris"", ""rho"": 1.0, ""gain"": 0.12276127257363711}, {""block"": ""rsma"", ""rho"": 1.0, ""gain"": 0.0}, {""block"": ""star_ris"", ""rho"": 8.0, ""gain"": 0.013100486971193703}, {""block"": ""rsma"", ""rho"": 1.0, ""gain"": 0.0}, {""block"": ""star_ris"", ""rho"": 4.0, ""gain"": 0.06269398060209852}, {""block"": ""rsma"", ""rho"": 1.0, ""gain"": -3.552713678800501e-15}, {""block"": ""star_ris"", ""rho"": 4.0, ""gain"": 0.0186606233414075}, {""block"": ""rsma"", ""rho"": 1.0, ""gain"": 0.0}, {""block"": ""star_ris"", ""rho"": 2.0, ""gain"": 0.07399791466468741}, {""block"": ""rsma"", ""rho"": 1.0, ""gain"": 0.0}, {""block"": ""star_ris"", ""rho"": 2.0, ""gain"": 0.06116962871764997}, {""block"": ""rsma"", ""rho"": 1.0, ""gain"": -3.552713678800501e-15}, {""block"": ""star_ris"", ""rho"": 8.0, ""gain"": 0.06432058521938089}, {""block"": ""rsma"", ""rho"": 1.0, ""gain"": 0.0}, {""block"": ""star_ris"", ""rho"": 16.0, ""gain"": 0.030303679832023533}, {""block"": ""rsma"", ""rho"": 1.0, ""gain"": 0.0}, {""block"": ""star_ris"", ""rho"": 2.0, ""gain"": 0.0552017730546126}, {""block"": ""rsma"", ""rho"": 1.0, ""gain"": 3.552713678800501e-15}, {""block"": ""star_ris"", ""rho"": 16.0, ""gain"": 0.0045871301957198796}, {""block"": ""rsma"", ""rho"": 1.0, ""gain"": -3.552713678800501e-15}, {""block"": ""star_ris"", ""rho"": 16.0, ""gain"": 0.0022055064208750252}, {""block"": ""rsma"", ""rho"": 1.0, ""gain"": 0.0}, {""block"": ""star_ris"", ""rho"": 8.0, ""gain"": 0.01295565114655517}, {""block"": ""rsma"", ""rho"": 1.0, ""gain"": 0.0}, {""block"": ""star_ris"", ""rho"": 32.0, ""gain"": 0.0032525274529717763}, {""block"": ""rsma"", ""rho"": 1.0, ""gain"": 0.0}, {""block"": ""star_ris"", ""rho"": 16.0, ""gain"": 0.0039422474084602754}, {""block"": ""rsma"", ""rho"": 1.0, ""gain"": 0.0}, {""block"": ""star_ris"", ""rho"": 8.0, ""gain"": 0.010538650686122253}, {""block"": ""rsma"", ""rho"": 1.0, ""gain"": 0.0}, {""block"": ""star_ris"", ""rho"": 4.0, ""gain"": 0.01607584867852907}, {""block"": ""rsma"", ""rho"": 1.0, ""gain"": 0.0}, {""block"": ""star_ris"", ""rho"": 16.0, ""gain"": 0.007951180511330591}]",{},4321.961918,1a480db47c5efa1cc1a63abf6aef552d6bf21ecebd475a7bc99d509c20d9fb0d,fc61d5cda7da39530055bae9bd0e92865f995cd9,ae41070d268d283dcc283b0aaf9b960eae1f4ddd22d423577b272c18802a3aae
ao_sca,64,10000,85,test,17.814953345957086,17.814953345957086,1.0,True,0.0,7,2839,10,ao_sca_proximal_physical,analytical_ris_equal_allocation,"[1.8379100630391405, 17.70678275603483, 17.709243925404316, 17.712443072509565, 17.730268916153136, 17.735052851206536, 17.813854589908075, 17.814953345957086]","[{""block"": ""rsma"", ""rho"": 1.0, ""gain"": 14.919774983888049}, {""block"": ""star_ris"", ""rho"": 1.0, ""gain"": 0.9490977091076402}, {""block"": ""rsma"", ""rho"": 1.0, ""gain"": 0.0}, {""block"": ""star_ris"", ""rho"": 8.0, ""gain"": 0.002461169369485816}, {""block"": ""rsma"", ""rho"": 1.0, ""gain"": 0.0}, {""block"": ""star_ris"", ""rho"": 1.0, ""gain"": 0.003199147105249267}, {""block"": ""rsma"", ""rho"": 1.0, ""gain"": -3.552713678800501e-15}, {""block"": ""star_ris"", ""rho"": 4.0, ""gain"": 0.017825843643574757}, {""block"": ""rsma"", ""rho"": 1.0, ""gain"": 0.0}, {""block"": ""star_ris"", ""rho"": 8.0, ""gain"": 0.0047839350533998015}, {""block"": ""rsma"", ""rho"": 1.0, ""gain"": 0.0}, {""block"": ""star_ris"", ""rho"": 1.0, ""gain"": 0.07880173870153939}, {""block"": ""rsma"", ""rho"": 1.0, ""gain"": 0.0}, {""block"": ""star_ris"", ""rho"": 4.0, ""gain"": 0.001098756049010774}]",{},1619.095568,1a480db47c5efa1cc1a63abf6aef552d6bf21ecebd475a7bc99d509c20d9fb0d,fc61d5cda7da39530055bae9bd0e92865f995cd9,ae41070d268d283dcc283b0aaf9b960eae1f4ddd22d423577b272c18802a3aae
ao_sca,64,10000,86,test,17.699396649489923,17.699396649489923,1.0,True,0.0,15,6109,29,ao_sca_proximal_physical,analytical_ris_equal_allocation,"[1.8378374450920287, 16.440378781139295, 16.606433223448906, 16.681105056725954, 16.716707262617593, 16.979257646781196, 16.99345704529555, 17.00049466357141, 17.024905229721494, 17.242506643049992, 17.259553876395355, 17.26255419678914, 17.64697977842168, 17.654107473044533, 17.697786029687393, 17.699396649489923]","[{""block"": ""rsma"", ""rho"": 1.0, ""gain"": 14.161831200455536}, {""block"": ""star_ris"", ""rho"": 4.0, ""gain"": 0.4407101355917291}, {""block"": ""rsma"", ""rho"": 1.0, ""gain"": -3.552713678800501e-15}, {""block"": ""star_ris"", ""rho"": 8.0, ""gain"": 0.16605444230961552}, {""block"": ""rsma"", ""rho"": 1.0, ""gain"": 0.0}, {""block"": ""star_ris"", ""rho"": 16.0, ""gain"": 0.07467183327704774}, {""block"": ""rsma"", ""rho"": 1.0, ""gain"": 0.0}, {""block"": ""star_ris"", ""rho"": 32.0, ""gain"": 0.03560220589163876}, {""block"": ""rsma"", ""rho"": 1.0, ""gain"": 0.0}, {""block"": ""star_ris"", ""rho"": 4.0, ""gain"": 0.2625503841636032}, {""block"": ""rsma"", ""rho"": 1.0, ""gain"": -3.552713678800501e-15}, {""block"": ""star_ris"", ""rho"": 64.0, ""gain"": 0.014199398514357142}, {""block"": ""rsma"", ""rho"": 1.0, ""gain"": 0.0}, {""block"": ""star_ris"", ""rho"": 128.0, ""gain"": 0.007037618275859359}, {""block"": ""rsma"", ""rho"": 1.0, ""gain"": -3.552713678800501e-15}, {""block"": ""star_ris"", ""rho"": 2.0, ""gain"": 0.024410566150088187}, {""block"": ""rsma"", ""rho"": 1.0, ""gain"": 0.0}, {""block"": ""star_ris"", ""rho"": 1.0, ""gain"": 0.2176014133284987}, {""block"": ""rsma"", ""rho"": 1.0, ""gain"": 0.0}, {""block"": ""star_ris"", ""rho"": 1.0, ""gain"": 0.0170472333453624}, {""block"": ""rsma"", ""rho"": 1.0, ""gain"": 0.0}, {""block"": ""star_ris"", ""rho"": 512.0, ""gain"": 0.0030003203937845058}, {""block"": ""rsma"", ""rho"": 1.0, ""gain"": 0.0}, {""block"": ""star_ris"", ""rho"": 1.0, ""gain"": 0.3844255816325415}, {""block"": ""rsma"", ""rho"": 1.0, ""gain"": 0.0}, {""block"": ""star_ris"", ""rho"": 16.0, ""gain"": 0.007127694622852232}, {""block"": ""rsma"", ""rho"": 1.0, ""gain"": 0.0}, {""block"": ""star_ris"", ""rho"": 16.0, ""gain"": 0.04367855664285969}, {""block"": ""rsma"", ""rho"": 1.0, ""gain"": 0.0}, {""block"": ""star_ris"", ""rho"": 2.0, ""gain"": 0.0016106198025305218}]",{},3284.271341,1a480db47c5efa1cc1a63abf6aef552d6bf21ecebd475a7bc99d509c20d9fb0d,fc61d5cda7da39530055bae9bd0e92865f995cd9,ae41070d268d283dcc283b0aaf9b960eae1f4ddd22d423577b272c18802a3aae
ao_sca,64,10000,87,test,17.647515635778287,17.647515635778287,1.0,True,0.0,12,4883,22,ao_sca_proximal_physical,analytical_ris_equal_allocation,"[1.8378610106162858, 16.566649338404993, 16.73962492279031, 16.848367597893688, 17.195238598824215, 17.27122666177901, 17.317152533521813, 17.57189837717072, 17.597459687386213, 17.62174104366003, 17.63734104510035, 17.647098713003643, 17.647515635778287]","[{""block"": ""rsma"", ""rho"": 1.0, ""gain"": 14.525825868578014}, {""block"": ""star_ris"", ""rho"": 8.0, ""gain"": 0.202962459210692}, {""block"": ""rsma"", ""rho"": 1.0, ""gain"": 0.0}, {""block"": ""star_ris"", ""rho"": 8.0, ""gain"": 0.17297558438531624}, {""block"": ""rsma"", ""rho"": 1.0, ""gain"": 0.0}, {""block"": ""star_ris"", ""rho"": 2.0, ""gain"": 0.10874267510337887}, {""block"": ""rsma"", ""rho"": 1.0, ""gain"": 0.0}, {""block"": ""star_ris"", ""rho"": 4.0, ""gain"": 0.3468710009305269}, {""block"": ""rsma"", ""rho"": 1.0, ""gain"": 0.0}, {""block"": ""star_ris"", ""rho"": 16.0, ""gain"": 0.07598806295479577}, {""block"": ""rsma"", ""rho"": 1.0, ""gain"": 0.0}, {""block"": ""star_ris"", ""rho"": 4.0, ""gain"": 0.045925871742802826}, {""block"": ""rsma"", ""rho"": 1.0, ""gain"": 0.0}, {""block"": ""star_ris"", ""rho"": 2.0, ""gain"": 0.2547458436489052}, {""block"": ""rsma"", ""rho"": 1.0, ""gain"": 0.0}, {""block"": ""star_ris"", ""rho"": 16.0, ""gain"": 0.025561310215493904}, {""block"": ""rsma"", ""rho"": 1.0, ""gain"": 0.0}, {""block"": ""star_ris"", ""rho"": 4.0, ""gain"": 0.024281356273817778}, {""block"": ""rsma"", ""rho"": 1.0, ""gain"": 3.552713678800501e-15}, {""block"": ""star_ris"", ""rho"": 32.0, ""gain"": 0.01560000144031548}, {""block"": ""rsma"", ""rho"": 1.0, ""gain"": -3.552713678800501e-15}, {""block"": ""star_ris"", ""rho"": 32.0, ""gain"": 0.009757667903297573}, {""block"": ""rsma"", ""rho"": 1.0, ""gain"": 0.0}, {""block"": ""star_ris"", ""rho"": 4.0, ""gain"": 0.0004169227746437798}]",{},2615.455109,1a480db47c5efa1cc1a63abf6aef552d6bf21ecebd475a7bc99d509c20d9fb0d,fc61d5cda7da39530055bae9bd0e92865f995cd9,ae41070d268d283dcc283b0aaf9b960eae1f4ddd22d423577b272c18802a3aae
ao_sca,64,10000,88,test,17.820678667725897,17.820678667725897,1.0,True,0.0,7,2849,13,ao_sca_proximal_physical,analytical_ris_equal_allocation,"[1.8379099176476197, 17.40566839390848, 17.607132836518034, 17.617693793658955, 17.62926220216746, 17.782804214392243, 17.818924291331857, 17.820678667725897]","[{""block"": ""rsma"", ""rho"": 1.0, ""gain"": 14.950355341171965}, {""block"": ""star_ris"", ""rho"": 1.0, ""gain"": 0.617403135088896}, {""block"": ""rsma"", ""rho"": 1.0, ""gain"": 0.0}, {""block"": ""star_ris"", ""rho"": 1.0, ""gain"": 0.2014644426095522}, {""block"": ""rsma"", ""rho"": 1.0, ""gain"": -3.552713678800501e-15}, {""block"": ""star_ris"", ""rho"": 8.0, ""gain"": 0.010560957140924643}, {""block"": ""rsma"", ""rho"": 1.0, ""gain"": -3.552713678800501e-15}, {""block"": ""star_ris"", ""rho"": 4.0, ""gain"": 0.011568408508509265}, {""block"": ""rsma"", ""rho"": 1.0, ""gain"": 0.0}, {""block"": ""star_ris"", ""rho"": 4.0, ""gain"": 0.1535420122247828}, {""block"": ""rsma"", ""rho"": 1.0, ""gain"": 3.552713678800501e-15}, {""block"": ""star_ris"", ""rho"": 32.0, ""gain"": 0.03612007693961061}, {""block"": ""rsma"", ""rho"": 1.0, ""gain"": 3.552713678800501e-15}, {""block"": ""star_ris"", ""rho"": 256.0, ""gain"": 0.0017543763940359725}]",{},1472.992162,1a480db47c5efa1cc1a63abf6aef552d6bf21ecebd475a7bc99d509c20d9fb0d,fc61d5cda7da39530055bae9bd0e92865f995cd9,ae41070d268d283dcc283b0aaf9b960eae1f4ddd22d423577b272c18802a3aae
ao_sca,64,10000,89,test,18.25913295271505,18.25913295271505,1.0,True,0.0,18,7328,33,ao_sca_proximal_physical,analytical_ris_equal_allocation,"[1.8379233346742099, 16.944758841706793, 17.059537321334822, 17.112513999011675, 17.138043272032284, 17.144321048539357, 17.59430720311957, 17.727615691825083, 17.841043817576963, 17.867024187616344, 17.879796959511523, 17.886130500286484, 17.910390148342227, 18.027121708976086, 18.110143053445764, 18.144785709540805, 18.19706151815012, 18.258328178268535, 18.25913295271505]","[{""block"": ""rsma"", ""rho"": 1.0, ""gain"": 14.82769706625412}, {""block"": ""star_ris"", ""rho"": 4.0, ""gain"": 0.27913844077846406}, {""block"": ""rsma"", ""rho"": 1.0, ""gain"": 0.0}, {""block"": ""star_ris"", ""rho"": 8.0, ""gain"": 0.11477847962802912}, {""block"": ""rsma"", ""rho"": 1.0, ""gain"": -3.552713678800501e-15}, {""block"": ""star_ris"", ""rho"": 16.0, ""gain"": 0.0529766776768561}, {""block"": ""rsma"", ""rho"": 1.0, ""gain"": -3.552713678800501e-15}, {""block"": ""star_ris"", ""rho"": 32.0, ""gain"": 0.02552927302061292}, {""block"": ""rsma"", ""rho"": 1.0, ""gain"": 0.0}, {""block"": ""star_ris"", ""rho"": 128.0, ""gain"": 0.00627777650707273}, {""block"": ""rsma"", ""rho"": 1.0, ""gain"": 0.0}, {""block"": ""star_ris"", ""rho"": 1.0, ""gain"": 0.4499861545802126}, {""block"": ""rsma"", ""rho"": 1.0, ""gain"": 0.0}, {""block"": ""star_ris"", ""rho"": 1.0, ""gain"": 0.13330848870551293}, {""block"": ""rsma"", ""rho"": 1.0, ""gain"": 0.0}, {""block"": ""star_ris"", ""rho"": 4.0, ""gain"": 0.11342812575188077}, {""block"": ""rsma"", ""rho"": 1.0, ""gain"": 0.0}, {""block"": ""star_ris"", ""rho"": 16.0, ""gain"": 0.02598037003938103}, {""block"": ""rsma"", ""rho"": 1.0, ""gain"": 0.0}, {""block"": ""star_ris"", ""rho"": 32.0, ""gain"": 0.012772771895178892}, {""block"": ""rsma"", ""rho"": 1.0, ""gain"": 0.0}, {""block"": ""star_ris"", ""rho"": 64.0, ""gain"": 0.006333540774960511}, {""block"": ""rsma"", ""rho"": 1.0, ""gain"": 0.0}, {""block"": ""star_ris"", ""rho"": 1.0, ""gain"": 0.0242596480557431}, {""block"": ""rsma"", ""rho"": 1.0, ""gain"": -3.552713678800501e-15}, {""block"": ""star_ris"", ""rho"": 8.0, ""gain"": 0.11673156063386259}, {""block"": ""rsma"", ""rho"": 1.0, ""gain"": 3.552713678800501e-15}, {""block"": ""star_ris"", ""rho"": 1.0, ""gain"": 0.08302134446967457}, {""block"": ""rsma"", ""rho"": 1.0, ""gain"": -3.552713678800501e-15}, {""block"": ""star_ris"", ""rho"": 4.0, ""gain"": 0.0346426560950448}, {""block"": ""rsma"", ""rho"": 1.0, ""gain"": 0.0}, {""block"": ""star_ris"", ""rho"": 8.0, ""gain"": 0.05227580860931624}, {""block"": ""rsma"", ""rho"": 1.0, ""gain"": 0.0}, {""block"": ""star_ris"", ""rho"": 8.0, ""gain"": 0.061266660118413085}, {""block"": ""rsma"", ""rho"": 1.0, ""gain"": 0.0}, {""block"": ""star_ris"", ""rho"": 64.0, ""gain"": 0.0008047744465145001}]",{},3939.906722,1a480db47c5efa1cc1a63abf6aef552d6bf21ecebd475a7bc99d509c20d9fb0d,fc61d5cda7da39530055bae9bd0e92865f995cd9,ae41070d268d283dcc283b0aaf9b960eae1f4ddd22d423577b272c18802a3aae
ao_sca,64,10000,90,test,18.416961916229525,18.416961916229525,1.0,True,0.0,14,5679,27,ao_sca_proximal_physical,analytical_ris_equal_allocation,"[1.837941860888662, 17.447411843102824, 17.7485615753466, 17.770345094580655, 17.866292198879442, 18.064007247594994, 18.120366670957257, 18.122862942892837, 18.280234799151327, 18.353689639957672, 18.37632499970505, 18.380465993809274, 18.41298805580591, 18.416161653900183, 18.416961916229525]","[{""block"": ""rsma"", ""rho"": 1.0, ""gain"": 15.483742513847563}, {""block"": ""star_ris"", ""rho"": 1.0, ""gain"": 0.12572746836659832}, {""block"": ""rsma"", ""rho"": 1.0, ""gain"": -3.552713678800501e-15}, {""block"": ""star_ris"", ""rho"": 1.0, ""gain"": 0.30114973224377906}, {""block"": ""rsma"", ""rho"": 1.0, ""gain"": -3.552713678800501e-15}, {""block"": ""star_ris"", ""rho"": 2.0, ""gain"": 0.021783519234059412}, {""block"": ""rsma"", ""rho"": 1.0, ""gain"": 0.0}, {""block"": ""star_ris"", ""rho"": 1.0, ""gain"": 0.09594710429878717}, {""block"": ""rsma"", ""rho"": 1.0, ""gain"": 0.0}, {""block"": ""star_ris"", ""rho"": 1.0, ""gain"": 0.19771504871555123}, {""block"": ""rsma"", ""rho"": 1.0, ""gain"": 3.552713678800501e-15}, {""block"": ""star_ris"", ""rho"": 1.0, ""gain"": 0.05635942336225952}, {""block"": ""rsma"", ""rho"": 1.0, ""gain"": -3.552713678800501e-15}, {""block"": ""star_ris"", ""rho"": 128.0, ""gain"": 0.0024962719355841045}, {""block"": ""rsma"", ""rho"": 1.0, ""gain"": 0.0}, {""block"": ""star_ris"", ""rho"": 1.0, ""gain"": 0.15737185625848937}, {""block"": ""rsma"", ""rho"": 1.0, ""gain"": -3.552713678800501e-15}, {""block"": ""star_ris"", ""rho"": 2.0, ""gain"": 0.0734548408063489}, {""block"": ""rsma"", ""rho"": 1.0, ""gain"": 3.552713678800501e-15}, {""block"": ""star_ris"", ""rho"": 4.0, ""gain"": 0.02263535974737607}, {""block"": ""rsma"", ""rho"": 1.0, ""gain"": 0.0}, {""block"": ""star_ris"", ""rho"": 4.0, ""gain"": 0.0041409941042225284}, {""block"": ""rsma"", ""rho"": 1.0, ""gain"": 0.0}, {""block"": ""star_ris"", ""rho"": 2.0, ""gain"": 0.03252206199663732}, {""block"": ""rsma"", ""rho"": 1.0, ""gain"": 0.0}, {""block"": ""star_ris"", ""rho"": 16.0, ""gain"": 0.0031735980942713127}, {""block"": ""rsma"", ""rho"": 1.0, ""gain"": 0.0}, {""block"": ""star_ris"", ""rho"": 16.0, ""gain"": 0.0008002623293421607}]",{},2988.624162,1a480db47c5efa1cc1a63abf6aef552d6bf21ecebd475a7bc99d509c20d9fb0d,fc61d5cda7da39530055bae9bd0e92865f995cd9,ae41070d268d283dcc283b0aaf9b960eae1f4ddd22d423577b272c18802a3aae
ao_sca,64,10000,91,test,18.17201124586764,18.17201124586764,1.0,True,0.0,8,3250,15,ao_sca_proximal_physical,analytical_ris_equal_allocation,"[1.837918624251575, 17.436406260197966, 17.518401049596935, 17.86245204839714, 18.117446849526274, 18.121768195382522, 18.143169885354922, 18.171862851603464, 18.17201124586764]","[{""block"": ""rsma"", ""rho"": 1.0, ""gain"": 15.125069335790112}, {""block"": ""star_ris"", ""rho"": 1.0, ""gain"": 0.47341830015627906}, {""block"": ""rsma"", ""rho"": 1.0, ""gain"": 0.0}, {""block"": ""star_ris"", ""rho"": 1.0, ""gain"": 0.0819947893989692}, {""block"": ""rsma"", ""rho"": 1.0, ""gain"": 0.0}, {""block"": ""star_ris"", ""rho"": 1.0, ""gain"": 0.3440509988002063}, {""block"": ""rsma"", ""rho"": 1.0, ""gain"": -3.552713678800501e-15}, {""block"": ""star_ris"", ""rho"": 2.0, ""gain"": 0.2549948011291363}, {""block"": ""rsma"", ""rho"": 1.0, ""gain"": 0.0}, {""block"": ""star_ris"", ""rho"": 4.0, ""gain"": 0.00432134585624766}, {""block"": ""rsma"", ""rho"": 1.0, ""gain"": 0.0}, {""block"": ""star_ris"", ""rho"": 16.0, ""gain"": 0.021401689972400106}, {""block"": ""rsma"", ""rho"": 1.0, ""gain"": 3.552713678800501e-15}, {""block"": ""star_ris"", ""rho"": 16.0, ""gain"": 0.028692966248538454}, {""block"": ""rsma"", ""rho"": 1.0, ""gain"": 3.552713678800501e-15}, {""block"": ""star_ris"", ""rho"": 64.0, ""gain"": 0.00014839426417267987}]",{},1680.237792,1a480db47c5efa1cc1a63abf6aef552d6bf21ecebd475a7bc99d509c20d9fb0d,fc61d5cda7da39530055bae9bd0e92865f995cd9,ae41070d268d283dcc283b0aaf9b960eae1f4ddd22d423577b272c18802a3aae
ao_sca,64,10000,92,test,17.84512118276598,17.84512118276598,1.0,True,0.0,7,2848,11,ao_sca_proximal_physical,analytical_ris_equal_allocation,"[1.8379340662080066, 17.409039048395787, 17.619374703461745, 17.70781356988261, 17.789412109641862, 17.82406754838431, 17.84383684498802, 17.84512118276598]","[{""block"": ""rsma"", ""rho"": 1.0, ""gain"": 15.413769373610247}, {""block"": ""star_ris"", ""rho"": 1.0, ""gain"": 0.15733560857753304}, {""block"": ""rsma"", ""rho"": 1.0, ""gain"": 0.0}, {""block"": ""star_ris"", ""rho"": 4.0, ""gain"": 0.21033565506595764}, {""block"": ""rsma"", ""rho"": 1.0, ""gain"": 0.0}, {""block"": ""star_ris"", ""rho"": 8.0, ""gain"": 0.08843886642086574}, {""block"": ""rsma"", ""rho"": 1.0, ""gain"": 0.0}, {""block"": ""star_ris"", ""rho"": 8.0, ""gain"": 0.08159853975925202}, {""block"": ""rsma"", ""rho"": 1.0, ""gain"": 3.552713678800501e-15}, {""block"": ""star_ris"", ""rho"": 8.0, ""gain"": 0.034655438742444034}, {""block"": ""rsma"", ""rho"": 1.0, ""gain"": 0.0}, {""block"": ""star_ris"", ""rho"": 8.0, ""gain"": 0.019769296603708852}, {""block"": ""rsma"", ""rho"": 1.0, ""gain"": 0.0}, {""block"": ""star_ris"", ""rho"": 32.0, ""gain"": 0.0012843377779603316}]",{},1491.584545,1a480db47c5efa1cc1a63abf6aef552d6bf21ecebd475a7bc99d509c20d9fb0d,fc61d5cda7da39530055bae9bd0e92865f995cd9,ae41070d268d283dcc283b0aaf9b960eae1f4ddd22d423577b272c18802a3aae
ao_sca,64,10000,93,test,18.03966589173229,18.03966589173229,1.0,True,0.0,20,8114,33,ao_sca_proximal_physical,analytical_ris_equal_allocation,"[1.8379145958877392, 17.369753649448242, 17.503855441834716, 17.539064782893732, 17.56130255184019, 17.564063861595834, 17.566169817213066, 17.576813284668937, 17.586254841727133, 17.62276971707816, 17.741136365080422, 17.75355413248328, 17.76830447863208, 17.778170105428234, 17.78225267466352, 17.881628129299823, 17.96391856213331, 17.983100900217217, 18.005323046458976, 18.012769990184395, 18.03966589173229]","[{""block"": ""rsma"", ""rho"": 1.0, ""gain"": 15.17776295522711}, {""block"": ""star_ris"", ""rho"": 1.0, ""gain"": 0.35407609833339393}, {""block"": ""rsma"", ""rho"": 1.0, ""gain"": 0.0}, {""block"": ""star_ris"", ""rho"": 4.0, ""gain"": 0.13410179238647402}, {""block"": ""rsma"", ""rho"": 1.0, ""gain"": 0.0}, {""block"": ""star_ris"", ""rho"": 4.0, ""gain"": 0.03520934105901574}, {""block"": ""rsma"", ""rho"": 1.0, ""gain"": 0.0}, {""block"": ""star_ris"", ""rho"": 4.0, ""gain"": 0.022237768946457237}, {""block"": ""rsma"", ""rho"": 1.0, ""gain"": 0.0}, {""block"": ""star_ris"", ""rho"": 1.0, ""gain"": 0.002761309755644703}, {""block"": ""rsma"", ""rho"": 1.0, ""gain"": 0.0}, {""block"": ""star_ris"", ""rho"": 32.0, ""gain"": 0.002105955617231814}, {""block"": ""rsma"", ""rho"": 1.0, ""gain"": 0.0}, {""block"": ""star_ris"", ""rho"": 8.0, ""gain"": 0.010643467455871303}, {""block"": ""rsma"", ""rho"": 1.0, ""gain"": 0.0}, {""block"": ""star_ris"", ""rho"": 2.0, ""gain"": 0.009441557058195826}, {""block"": ""rsma"", ""rho"": 1.0, ""gain"": 0.0}, {""block"": ""star_ris"", ""rho"": 2.0, ""gain"": 0.0365148753510276}, {""block"": ""rsma"", ""rho"": 1.0, ""gain"": 0.0}, {""block"": ""star_ris"", ""rho"": 2.0, ""gain"": 0.1183666480022616}, {""block"": ""rsma"", ""rho"": 1.0, ""gain"": 0.0}, {""block"": ""star_ris"", ""rho"": 8.0, ""gain"": 0.012417767402858715}, {""block"": ""rsma"", ""rho"": 1.0, ""gain"": 3.552713678800501e-15}, {""block"": ""star_ris"", ""rho"": 2.0, ""gain"": 0.014750346148794335}, {""block"": ""rsma"", ""rho"": 1.0, ""gain"": 0.0}, {""block"": ""star_ris"", ""rho"": 1.0, ""gain"": 0.00986562679615588}, {""block"": ""rsma"", ""rho"": 1.0, ""gain"": 3.552713678800501e-15}, {""block"": ""star_ris"", ""rho"": 2.0, ""gain"": 0.004082569235283273}, {""block"": ""rsma"", ""rho"": 1.0, ""gain"": 0.0}, {""block"": ""star_ris"", ""rho"": 1.0, ""gain"": 0.09937545463630215}, {""block"": ""rsma"", ""rho"": 1.0, ""gain"": -3.552713678800501e-15}, {""block"": ""star_ris"", ""rho"": 2.0, ""gain"": 0.08229043283348858}, {""block"": ""rsma"", ""rho"": 1.0, ""gain"": 7.105427357601002e-15}, {""block"": ""star_ris"", ""rho"": 8.0, ""gain"": 0.01918233808390113}, {""block"": ""rsma"", ""rho"": 1.0, ""gain"": 0.0}, {""block"": ""star_ris"", ""rho"": 8.0, ""gain"": 0.022222146241759333}, {""block"": ""rsma"", ""rho"": 1.0, ""gain"": 0.0}, {""block"": ""star_ris"", ""rho"": 4.0, ""gain"": 0.00744694372541943}, {""block"": ""rsma"", ""rho"": 1.0, ""gain"": 0.0}, {""block"": ""star_ris"", ""rho"": 4.0, ""gain"": 0.026895901547895562}]",{},4322.594675,1a480db47c5efa1cc1a63abf6aef552d6bf21ecebd475a7bc99d509c20d9fb0d,fc61d5cda7da39530055bae9bd0e92865f995cd9,ae41070d268d283dcc283b0aaf9b960eae1f4ddd22d423577b272c18802a3aae
ao_sca,64,10000,94,test,17.866629479592888,17.866629479592888,1.0,True,0.0,12,4869,22,ao_sca_proximal_physical,analytical_ris_equal_allocation,"[1.8378912027199346, 17.203001452570334, 17.218110172300836, 17.254143999710074, 17.432919669132538, 17.43574699461497, 17.499793816485948, 17.54502981481346, 17.77080653736185, 17.780969322058624, 17.83823194908117, 17.86643591011417, 17.866629479592888]","[{""block"": ""rsma"", ""rho"": 1.0, ""gain"": 14.865530411238623}, {""block"": ""star_ris"", ""rho"": 1.0, ""gain"": 0.49957983861177624}, {""block"": ""rsma"", ""rho"": 1.0, ""gain"": -3.552713678800501e-15}, {""block"": ""star_ris"", ""rho"": 8.0, ""gain"": 0.015108719730505982}, {""block"": ""rsma"", ""rho"": 1.0, ""gain"": 0.0}, {""block"": ""star_ris"", ""rho"": 2.0, ""gain"": 0.03603382740923777}, {""block"": ""rsma"", ""rho"": 1.0, ""gain"": 0.0}, {""block"": ""star_ris"", ""rho"": 1.0, ""gain"": 0.17877566942246403}, {""block"": ""rsma"", ""rho"": 1.0, ""gain"": 0.0}, {""block"": ""star_ris"", ""rho"": 4.0, ""gain"": 0.0028273254824320304}, {""block"": ""rsma"", ""rho"": 1.0, ""gain"": 0.0}, {""block"": ""star_ris"", ""rho"": 2.0, ""gain"": 0.06404682187097777}, {""block"": ""rsma"", ""rho"": 1.0, ""gain"": 0.0}, {""block"": ""star_ris"", ""rho"": 1.0, ""gain"": 0.045235998327513016}, {""block"": ""rsma"", ""rho"": 1.0, ""gain"": 0.0}, {""block"": ""star_ris"", ""rho"": 1.0, ""gain"": 0.22577672254838888}, {""block"": ""rsma"", ""rho"": 1.0, ""gain"": 0.0}, {""block"": ""star_ris"", ""rho"": 8.0, ""gain"": 0.010162784696774452}, {""block"": ""rsma"", ""rho"": 1.0, ""gain"": 0.0}, {""block"": ""star_ris"", ""rho"": 4.0, ""gain"": 0.05726262702254559}, {""block"": ""rsma"", ""rho"": 1.0, ""gain"": 0.0}, {""block"": ""star_ris"", ""rho"": 4.0, ""gain"": 0.02820396103300027}, {""block"": ""rsma"", ""rho"": 1.0, ""gain"": 0.0}, {""block"": ""star_ris"", ""rho"": 64.0, ""gain"": 0.0001935694787178477}]",{},2634.108526,1a480db47c5efa1cc1a63abf6aef552d6bf21ecebd475a7bc99d509c20d9fb0d,fc61d5cda7da39530055bae9bd0e92865f995cd9,ae41070d268d283dcc283b0aaf9b960eae1f4ddd22d423577b272c18802a3aae
ao_sca,64,10000,95,test,17.92443618178718,17.92443618178718,1.0,True,0.0,14,5688,25,ao_sca_proximal_physical,analytical_ris_equal_allocation,"[1.8379140524552238, 17.12728689011542, 17.249688830109914, 17.5931131902417, 17.715875846665757, 17.720039314173142, 17.824076813304387, 17.848490615971116, 17.877132156002446, 17.885132821728117, 17.887355396290644, 17.895821316742186, 17.916111865287345, 17.92271748595667, 17.92443618178718]","[{""block"": ""rsma"", ""rho"": 1.0, ""gain"": 15.28861140885151}, {""block"": ""star_ris"", ""rho"": 4.0, ""gain"": 0.0007614288086870147}, {""block"": ""rsma"", ""rho"": 1.0, ""gain"": 0.0}, {""block"": ""star_ris"", ""rho"": 1.0, ""gain"": 0.12240193999449289}, {""block"": ""rsma"", ""rho"": 1.0, ""gain"": 0.0}, {""block"": ""star_ris"", ""rho"": 1.0, ""gain"": 0.34342436013178457}, {""block"": ""rsma"", ""rho"": 1.0, ""gain"": -3.552713678800501e-15}, {""block"": ""star_ris"", ""rho"": 2.0, ""gain"": 0.12276265642406159}, {""block"": ""rsma"", ""rho"": 1.0, ""gain"": -3.552713678800501e-15}, {""block"": ""star_ris"", ""rho"": 4.0, ""gain"": 0.0041634675073893845}, {""block"": ""rsma"", ""rho"": 1.0, ""gain"": 0.0}, {""block"": ""star_ris"", ""rho"": 2.0, ""gain"": 0.10403749913124472}, {""block"": ""rsma"", ""rho"": 1.0, ""gain"": 0.0}, {""block"": ""star_ris"", ""rho"": 8.0, ""gain"": 0.024413802666728657}, {""block"": ""rsma"", ""rho"": 1.0, ""gain"": 0.0}, {""block"": ""star_ris"", ""rho"": 8.0, ""gain"": 0.028641540031330237}, {""block"": ""rsma"", ""rho"": 1.0, ""gain"": 0.0}, {""block"": ""star_ris"", ""rho"": 4.0, ""gain"": 0.008000665725671041}, {""block"": ""rsma"", ""rho"": 1.0, ""gain"": -3.552713678800501e-15}, {""block"": ""star_ris"", ""rho"": 16.0, ""gain"": 0.0022225745625306104}, {""block"": ""rsma"", ""rho"": 1.0, ""gain"": 0.0}, {""block"": ""star_ris"", ""rho"": 4.0, ""gain"": 0.00846592045154182}, {""block"": ""rsma"", ""rho"": 1.0, ""gain"": 0.0}, {""block"": ""star_ris"", ""rho"": 8.0, ""gain"": 0.02029054854515877}, {""block"": ""rsma"", ""rho"": 1.0, ""gain"": 0.0}, {""block"": ""star_ris"", ""rho"": 8.0, ""gain"": 0.006605620669326129}, {""block"": ""rsma"", ""rho"": 1.0, ""gain"": 0.0}, {""block"": ""star_ris"", ""rho"": 32.0, ""gain"": 0.00171869583050821}]",{},3059.273703,1a480db47c5efa1cc1a63abf6aef552d6bf21ecebd475a7bc99d509c20d9fb0d,fc61d5cda7da39530055bae9bd0e92865f995cd9,ae41070d268d283dcc283b0aaf9b960eae1f4ddd22d423577b272c18802a3aae
ao_sca,64,10000,96,test,17.528536242931523,17.528536242931523,1.0,True,0.0,2,818,3,ao_sca_proximal_physical,analytical_ris_equal_allocation,"[1.8379481959630826, 17.52833464600775, 17.528536242931523]","[{""block"": ""rsma"", ""rho"": 1.0, ""gain"": 15.684324659357664}, {""block"": ""star_ris"", ""rho"": 64.0, ""gain"": 0.006061790687002855}, {""block"": ""rsma"", ""rho"": 1.0, ""gain"": 0.0}, {""block"": ""star_ris"", ""rho"": 8.0, ""gain"": 0.00020159692377319516}]",{},464.952911,1a480db47c5efa1cc1a63abf6aef552d6bf21ecebd475a7bc99d509c20d9fb0d,fc61d5cda7da39530055bae9bd0e92865f995cd9,ae41070d268d283dcc283b0aaf9b960eae1f4ddd22d423577b272c18802a3aae
ao_sca,64,10000,97,test,18.0224446464054,18.0224446464054,1.0,True,0.0,18,7320,32,ao_sca_proximal_physical,analytical_ris_equal_allocation,"[1.8379131586157, 17.229246374048966, 17.55959861630743, 17.80924622678796, 17.84336789002642, 17.870856043272195, 17.89651426935321, 17.9044699868103, 17.91054391127833, 17.944756398352943, 17.95113682754382, 17.9841957384618, 17.987271531253263, 17.989588104841413, 18.000234362294886, 18.003238349087674, 18.00567882860744, 18.02120487189504, 18.022444646405397]","[{""block"": ""rsma"", ""rho"": 1.0, ""gain"": 15.161838276292071}, {""block"": ""star_ris"", ""rho"": 1.0, ""gain"": 0.229494939141194}, {""block"": ""rsma"", ""rho"": 1.0, ""gain"": 0.0}, {""block"": ""star_ris"", ""rho"": 1.0, ""gain"": 0.3303522422584635}, {""block"": ""rsma"", ""rho"": 1.0, ""gain"": -3.552713678800501e-15}, {""block"": ""star_ris"", ""rho"": 1.0, ""gain"": 0.2496476104805332}, {""block"": ""rsma"", ""rho"": 1.0, ""gain"": -7.105427357601002e-15}, {""block"": ""star_ris"", ""rho"": 8.0, ""gain"": 0.034121663238469324}, {""block"": ""rsma"", ""rho"": 1.0, ""gain"": 0.0}, {""block"": ""star_ris"", ""rho"": 32.0, ""gain"": 0.02748815324577336}, {""block"": ""rsma"", ""rho"": 1.0, ""gain"": 0.0}, {""block"": ""star_ris"", ""rho"": 4.0, ""gain"": 0.025658226081016977}, {""block"": ""rsma"", ""rho"": 1.0, ""gain"": -7.105427357601002e-15}, {""block"": ""star_ris"", ""rho"": 4.0, ""gain"": 0.007955717457097222}, {""block"": ""rsma"", ""rho"": 1.0, ""gain"": 3.552713678800501e-15}, {""block"": ""star_ris"", ""rho"": 16.0, ""gain"": 0.006073924468026348}, {""block"": ""rsma"", ""rho"": 1.0, ""gain"": 0.0}, {""block"": ""star_ris"", ""rho"": 8.0, ""gain"": 0.034212487074611886}, {""block"": ""rsma"", ""rho"": 1.0, ""gain"": 0.0}, {""block"": ""star_ris"", ""rho"": 8.0, ""gain"": 0.006380429190876669}, {""block"": ""rsma"", ""rho"": 1.0, ""gain"": 0.0}, {""block"": ""star_ris"", ""rho"": 4.0, ""gain"": 0.033058910917979745}, {""block"": ""rsma"", ""rho"": 1.0, ""gain"": 0.0}, {""block"": ""star_ris"", ""rho"": 8.0, ""gain"": 0.0030757927914635275}, {""block"": ""rsma"", ""rho"": 1.0, ""gain"": 0.0}, {""block"": ""star_ris"", ""rho"": 16.0, ""gain"": 0.0023165735881498506}, {""block"": ""rsma"", ""rho"": 1.0, ""gain"": 0.0}, {""block"": ""star_ris"", ""rho"": 4.0, ""gain"": 0.01064625745347314}, {""block"": ""rsma"", ""rho"": 1.0, ""gain"": 3.552713678800501e-15}, {""block"": ""star_ris"", ""rho"": 16.0, ""gain"": 0.003003986792784019}, {""block"": ""rsma"", ""rho"": 1.0, ""gain"": 0.0}, {""block"": ""star_ris"", ""rho"": 8.0, ""gain"": 0.0024404795197661144}, {""block"": ""rsma"", ""rho"": 1.0, ""gain"": 3.552713678800501e-15}, {""block"": ""star_ris"", ""rho"": 2.0, ""gain"": 0.015526043287596991}, {""block"": ""rsma"", ""rho"": 1.0, ""gain"": 0.0}, {""block"": ""star_ris"", ""rho"": 64.0, ""gain"": 0.001239774510356284}]",{},4017.219154,1a480db47c5efa1cc1a63abf6aef552d6bf21ecebd475a7bc99d509c20d9fb0d,fc61d5cda7da39530055bae9bd0e92865f995cd9,ae41070d268d283dcc283b0aaf9b960eae1f4ddd22d423577b272c18802a3aae
ao_sca,64,10000,98,test,17.876820534152642,17.876820534152642,1.0,True,0.0,20,8132,38,ao_sca_proximal_physical,analytical_ris_equal_allocation,"[1.8379091140952133, 17.27519349551507, 17.35557123183873, 17.36314174683963, 17.378763237384216, 17.399085042384066, 17.409104501200233, 17.451138771779334, 17.530953101205565, 17.597409081034787, 17.65416888661809, 17.72549048956506, 17.74638494258233, 17.772547137386873, 17.77927654211479, 17.783200656712875, 17.804847695903163, 17.864346570434133, 17.871953503225456, 17.874468978597744, 17.876820534152642]","[{""block"": ""rsma"", ""rho"": 1.0, ""gain"": 15.415450823109643}, {""block"": ""star_ris"", ""rho"": 2.0, ""gain"": 0.021833558310213164}, {""block"": ""rsma"", ""rho"": 1.0, ""gain"": -3.552713678800501e-15}, {""block"": ""star_ris"", ""rho"": 1.0, ""gain"": 0.08037773632366552}, {""block"": ""rsma"", ""rho"": 1.0, ""gain"": 0.0}, {""block"": ""star_ris"", ""rho"": 16.0, ""gain"": 0.007570515000900002}, {""block"": ""rsma"", ""rho"": 1.0, ""gain"": 0.0}, {""block"": ""star_ris"", ""rho"": 4.0, ""gain"": 0.015621490544585726}, {""block"": ""rsma"", ""rho"": 1.0, ""gain"": 0.0}, {""block"": ""star_ris"", ""rho"": 32.0, ""gain"": 0.020321804999849036}, {""block"": ""rsma"", ""rho"": 1.0, ""gain"": 3.552713678800501e-15}, {""block"": ""star_ris"", ""rho"": 64.0, ""gain"": 0.010019458816163507}, {""block"": ""rsma"", ""rho"": 1.0, ""gain"": 0.0}, {""block"": ""star_ris"", ""rho"": 2.0, ""gain"": 0.042034270579101474}, {""block"": ""rsma"", ""rho"": 1.0, ""gain"": 0.0}, {""block"": ""star_ris"", ""rho"": 1.0, ""gain"": 0.07981432942623101}, {""block"": ""rsma"", ""rho"": 1.0, ""gain"": 0.0}, {""block"": ""star_ris"", ""rho"": 4.0, ""gain"": 0.06645597982922169}, {""block"": ""rsma"", ""rho"": 1.0, ""gain"": 0.0}, {""block"": ""star_ris"", ""rho"": 2.0, ""gain"": 0.05675980558330451}, {""block"": ""rsma"", ""rho"": 1.0, ""gain"": 3.552713678800501e-15}, {""block"": ""star_ris"", ""rho"": 8.0, ""gain"": 0.07132160294696632}, {""block"": ""rsma"", ""rho"": 1.0, ""gain"": 0.0}, {""block"": ""star_ris"", ""rho"": 1.0, ""gain"": 0.02089445301727011}, {""block"": ""rsma"", ""rho"": 1.0, ""gain"": 0.0}, {""block"": ""star_ris"", ""rho"": 1.0, ""gain"": 0.026162194804541627}, {""block"": ""rsma"", ""rho"": 1.0, ""gain"": 0.0}, {""block"": ""star_ris"", ""rho"": 16.0, ""gain"": 0.006729404727916943}, {""block"": ""rsma"", ""rho"": 1.0, ""gain"": 0.0}, {""block"": ""star_ris"", ""rho"": 8.0, ""gain"": 0.003924114598085282}, {""block"": ""rsma"", ""rho"": 1.0, ""gain"": 3.552713678800501e-15}, {""block"": ""star_ris"", ""rho"": 4.0, ""gain"": 0.021647039190284545}, {""block"": ""rsma"", ""rho"": 1.0, ""gain"": -3.552713678800501e-15}, {""block"": ""star_ris"", ""rho"": 8.0, ""gain"": 0.05949887453097347}, {""block"": ""rsma"", ""rho"": 1.0, ""gain"": 0.0}, {""block"": ""star_ris"", ""rho"": 32.0, ""gain"": 0.007606932791322407}, {""block"": ""rsma"", ""rho"": 1.0, ""gain"": -3.552713678800501e-15}, {""block"": ""star_ris"", ""rho"": 32.0, ""gain"": 0.0025154753722915757}, {""block"": ""rsma"", ""rho"": 1.0, ""gain"": 0.0}, {""block"": ""star_ris"", ""rho"": 16.0, ""gain"": 0.0023515555548989653}]",{},4328.938045,1a480db47c5efa1cc1a63abf6aef552d6bf21ecebd475a7bc99d509c20d9fb0d,fc61d5cda7da39530055bae9bd0e92865f995cd9,ae41070d268d283dcc283b0aaf9b960eae1f4ddd22d423577b272c18802a3aae
ao_sca,64,10000,99,test,17.924082018400618,17.924082018400618,1.0,True,0.0,3,1217,6,ao_sca_proximal_physical,analytical_ris_equal_allocation,"[1.8379478384127215, 17.715809049308422, 17.92275653055888, 17.924082018400618]","[{""block"": ""rsma"", ""rho"": 1.0, ""gain"": 15.332348345505627}, {""block"": ""star_ris"", ""rho"": 1.0, ""gain"": 0.5455128653900729}, {""block"": ""rsma"", ""rho"": 1.0, ""gain"": 0.0}, {""block"": ""star_ris"", ""rho"": 4.0, ""gain"": 0.20694748125045592}, {""block"": ""rsma"", ""rho"": 1.0, ""gain"": 0.0}, {""block"": ""star_ris"", ""rho"": 4.0, ""gain"": 0.001325487841739914}]",{},640.656924,1a480db47c5efa1cc1a63abf6aef552d6bf21ecebd475a7bc99d509c20d9fb0d,fc61d5cda7da39530055bae9bd0e92865f995cd9,ae41070d268d283dcc283b0aaf9b960eae1f4ddd22d423577b272c18802a3aae
ao_sca,64,10000,100,test,17.544425165809415,17.544425165809415,1.0,True,0.0,9,3665,17,ao_sca_proximal_physical,analytical_ris_equal_allocation,"[1.8379043845365897, 16.99559082350462, 17.37157688491593, 17.37658716644609, 17.4546278212216, 17.535084851697306, 17.53709849760898, 17.540839881040768, 17.543068823674357, 17.544425165809415]","[{""block"": ""rsma"", ""rho"": 1.0, ""gain"": 15.065913518675803}, {""block"": ""star_ris"", ""rho"": 1.0, ""gain"": 0.09177292029222883}, {""block"": ""rsma"", ""rho"": 1.0, ""gain"": 0.0}, {""block"": ""star_ris"", ""rho"": 2.0, ""gain"": 0.37598606141131086}, {""block"": ""rsma"", ""rho"": 1.0, ""gain"": 0.0}, {""block"": ""star_ris"", ""rho"": 4.0, ""gain"": 0.005010281530157812}, {""block"": ""rsma"", ""rho"": 1.0, ""gain"": 3.552713678800501e-15}, {""block"": ""star_ris"", ""rho"": 8.0, ""gain"": 0.07804065477550637}, {""block"": ""rsma"", ""rho"": 1.0, ""gain"": 0.0}, {""block"": ""star_ris"", ""rho"": 2.0, ""gain"": 0.0804570304757064}, {""block"": ""rsma"", ""rho"": 1.0, ""gain"": -3.552713678800501e-15}, {""block"": ""star_ris"", ""rho"": 64.0, ""gain"": 0.0020136459116777417}, {""block"": ""rsma"", ""rho"": 1.0, ""gain"": 0.0}, {""block"": ""star_ris"", ""rho"": 64.0, ""gain"": 0.003741383431787426}, {""block"": ""rsma"", ""rho"": 1.0, ""gain"": 0.0}, {""block"": ""star_ris"", ""rho"": 32.0, ""gain"": 0.0022289426335895257}, {""block"": ""rsma"", ""rho"": 1.0, ""gain"": 0.0}, {""block"": ""star_ris"", ""rho"": 16.0, ""gain"": 0.001356342135057531}]",{},1947.156128,1a480db47c5efa1cc1a63abf6aef552d6bf21ecebd475a7bc99d509c20d9fb0d,fc61d5cda7da39530055bae9bd0e92865f995cd9,ae41070d268d283dcc283b0aaf9b960eae1f4ddd22d423577b272c18802a3aae
ao_sca,64,10000,101,test,17.404879246167003,17.404879246167003,1.0,True,0.0,8,3253,15,ao_sca_proximal_physical,analytical_ris_equal_allocation,"[1.8378762990880049, 17.110616874898327, 17.138259281914458, 17.26987343112253, 17.29875435954373, 17.313214221057535, 17.3960360166759, 17.403166927858482, 17.404879246167003]","[{""block"": ""rsma"", ""rho"": 1.0, ""gain"": 14.591604998539204}, {""block"": ""star_ris"", ""rho"": 2.0, ""gain"": 0.6811355772711174}, {""block"": ""rsma"", ""rho"": 1.0, ""gain"": 0.0}, {""block"": ""star_ris"", ""rho"": 32.0, ""gain"": 0.027642407016131187}, {""block"": ""rsma"", ""rho"": 1.0, ""gain"": 0.0}, {""block"": ""star_ris"", ""rho"": 4.0, ""gain"": 0.13161414920807246}, {""block"": ""rsma"", ""rho"": 1.0, ""gain"": 0.0}, {""block"": ""star_ris"", ""rho"": 1.0, ""gain"": 0.028880928421198604}, {""block"": ""rsma"", ""rho"": 1.0, ""gain"": 0.0}, {""block"": ""star_ris"", ""rho"": 8.0, ""gain"": 0.014459861513806516}, {""block"": ""rsma"", ""rho"": 1.0, ""gain"": 0.0}, {""block"": ""star_ris"", ""rho"": 8.0, ""gain"": 0.082821795618365}, {""block"": ""rsma"", ""rho"": 1.0, ""gain"": -7.105427357601002e-15}, {""block"": ""star_ris"", ""rho"": 16.0, ""gain"": 0.007130911182589017}, {""block"": ""rsma"", ""rho"": 1.0, ""gain"": 3.552713678800501e-15}, {""block"": ""star_ris"", ""rho"": 4.0, ""gain"": 0.0017123183085168137}]",{},1775.506684,1a480db47c5efa1cc1a63abf6aef552d6bf21ecebd475a7bc99d509c20d9fb0d,fc61d5cda7da39530055bae9bd0e92865f995cd9,ae41070d268d283dcc283b0aaf9b960eae1f4ddd22d423577b272c18802a3aae
ao_sca,64,10000,102,test,17.51644764499395,17.51644764499395,1.0,True,0.0,4,1622,7,ao_sca_proximal_physical,analytical_ris_equal_allocation,"[1.837914675243776, 17.359472849188187, 17.454214825104756, 17.51644311971696, 17.51644764499395]","[{""block"": ""rsma"", ""rho"": 1.0, ""gain"": 15.230747628241097}, {""block"": ""star_ris"", ""rho"": 1.0, ""gain"": 0.29081054570331233}, {""block"": ""rsma"", ""rho"": 1.0, ""gain"": 0.0}, {""block"": ""star_ris"", ""rho"": 8.0, ""gain"": 0.09474197591656974}, {""block"": ""rsma"", ""rho"": 1.0, ""gain"": 0.0}, {""block"": ""star_ris"", ""rho"": 2.0, ""gain"": 0.06222829461220414}, {""block"": ""rsma"", ""rho"": 1.0, ""gain"": 3.552713678800501e-15}, {""block"": ""star_ris"", ""rho"": 2.0, ""gain"": 4.5252769851344965e-06}]",{},877.383422,1a480db47c5efa1cc1a63abf6aef552d6bf21ecebd475a7bc99d509c20d9fb0d,fc61d5cda7da39530055bae9bd0e92865f995cd9,ae41070d268d283dcc283b0aaf9b960eae1f4ddd22d423577b272c18802a3aae
ao_sca,64,10000,103,test,17.812550266587117,17.812550266587117,1.0,True,0.0,6,2433,12,ao_sca_proximal_physical,analytical_ris_equal_allocation,"[1.8379293655602287, 17.487594069742535, 17.496451921609744, 17.506235632453013, 17.62974192598695, 17.81141487871358, 17.812550266587117]","[{""block"": ""rsma"", ""rho"": 1.0, ""gain"": 15.443512916065043}, {""block"": ""star_ris"", ""rho"": 1.0, ""gain"": 0.2061517881172641}, {""block"": ""rsma"", ""rho"": 1.0, ""gain"": 0.0}, {""block"": ""star_ris"", ""rho"": 8.0, ""gain"": 0.008857851867208666}, {""block"": ""rsma"", ""rho"": 1.0, ""gain"": 0.0}, {""block"": ""star_ris"", ""rho"": 2.0, ""gain"": 0.009783710843269233}, {""block"": ""rsma"", ""rho"": 1.0, ""gain"": 0.0}, {""block"": ""star_ris"", ""rho"": 1.0, ""gain"": 0.12350629353393572}, {""block"": ""rsma"", ""rho"": 1.0, ""gain"": -3.552713678800501e-15}, {""block"": ""star_ris"", ""rho"": 1.0, ""gain"": 0.18167295272663608}, {""block"": ""rsma"", ""rho"": 1.0, ""gain"": 3.552713678800501e-15}, {""block"": ""star_ris"", ""rho"": 16.0, ""gain"": 0.0011353878735320677}]",{},1252.688821,1a480db47c5efa1cc1a63abf6aef552d6bf21ecebd475a7bc99d509c20d9fb0d,fc61d5cda7da39530055bae9bd0e92865f995cd9,ae41070d268d283dcc283b0aaf9b960eae1f4ddd22d423577b272c18802a3aae
ao_sca,64,10000,104,test,18.15082440848519,18.15082440848519,1.0,True,0.0,15,6098,25,ao_sca_proximal_physical,analytical_ris_equal_allocation,"[1.8379365015181472, 17.61490795443732, 17.84970048921859, 17.9059733998843, 17.915743757883867, 17.986355254688736, 17.99861125273089, 18.028859762795722, 18.046382699039878, 18.051675867229996, 18.061787086975063, 18.133704946765533, 18.13597034500784, 18.14554947726358, 18.150304392864882, 18.15082440848519]","[{""block"": ""rsma"", ""rho"": 1.0, ""gain"": 15.279330882268649}, {""block"": ""star_ris"", ""rho"": 1.0, ""gain"": 0.4976405706505247}, {""block"": ""rsma"", ""rho"": 1.0, ""gain"": 0.0}, {""block"": ""star_ris"", ""rho"": 2.0, ""gain"": 0.2347925347812705}, {""block"": ""rsma"", ""rho"": 1.0, ""gain"": 0.0}, {""block"": ""star_ris"", ""rho"": 1.0, ""gain"": 0.056272910665708054}, {""block"": ""rsma"", ""rho"": 1.0, ""gain"": 3.552713678800501e-15}, {""block"": ""star_ris"", ""rho"": 4.0, ""gain"": 0.009770357999563828}, {""block"": ""rsma"", ""rho"": 1.0, ""gain"": 0.0}, {""block"": ""star_ris"", ""rho"": 2.0, ""gain"": 0.07061149680486878}, {""block"": ""rsma"", ""rho"": 1.0, ""gain"": 0.0}, {""block"": ""star_ris"", ""rho"": 2.0, ""gain"": 0.012255998042153493}, {""block"": ""rsma"", ""rho"": 1.0, ""gain"": 0.0}, {""block"": ""star_ris"", ""rho"": 1.0, ""gain"": 0.03024851006483331}, {""block"": ""rsma"", ""rho"": 1.0, ""gain"": 0.0}, {""block"": ""star_ris"", ""rho"": 2.0, ""gain"": 0.017522936244155574}, {""block"": ""rsma"", ""rho"": 1.0, ""gain"": -7.105427357601002e-15}, {""block"": ""star_ris"", ""rho"": 16.0, ""gain"": 0.0052931681901249306}, {""block"": ""rsma"", ""rho"": 1.0, ""gain"": 0.0}, {""block"": ""star_ris"", ""rho"": 4.0, ""gain"": 0.01011121974506679}, {""block"": ""rsma"", ""rho"": 1.0, ""gain"": 0.0}, {""block"": ""star_ris"", ""rho"": 8.0, ""gain"": 0.07191785979047083}, {""block"": ""rsma"", ""rho"": 1.0, ""gain"": 0.0}, {""block"": ""star_ris"", ""rho"": 16.0, ""gain"": 0.002265398242307981}, {""block"": ""rsma"", ""rho"": 1.0, ""gain"": 0.0}, {""block"": ""star_ris"", ""rho"": 64.0, ""gain"": 0.009579132255737477}, {""block"": ""rsma"", ""rho"": 1.0, ""gain"": -3.552713678800501e-15}, {""block"": ""star_ris"", ""rho"": 128.0, ""gain"": 0.004754915601306919}, {""block"": ""rsma"", ""rho"": 1.0, ""gain"": 0.0}, {""block"": ""star_ris"", ""rho"": 32.0, ""gain"": 0.0005200156203066797}]",{},3274.481775,1a480db47c5efa1cc1a63abf6aef552d6bf21ecebd475a7bc99d509c20d9fb0d,fc61d5cda7da39530055bae9bd0e92865f995cd9,ae41070d268d283dcc283b0aaf9b960eae1f4ddd22d423577b272c18802a3aae
ao_sca,64,10000,105,test,18.00580588973752,18.00580588973752,1.0,True,0.0,19,7739,36,ao_sca_proximal_physical,analytical_ris_equal_allocation,"[1.8379311895683175, 17.310683578193565, 17.355165863448647, 17.376683330956162, 17.387271071906248, 17.392523346173505, 17.423503581591042, 17.590504618833833, 17.745414426951335, 17.768466898088928, 17.778673295330563, 17.81233005324175, 17.828488660734415, 17.83642087675015, 17.87041830549079, 17.87409726694025, 17.908341584936014, 17.917382410356957, 18.004258648901263, 18.00580588973752]","[{""block"": ""rsma"", ""rho"": 1.0, ""gain"": 15.377253673141526}, {""block"": ""star_ris"", ""rho"": 8.0, ""gain"": 0.09549871548372124}, {""block"": ""rsma"", ""rho"": 1.0, ""gain"": 0.0}, {""block"": ""star_ris"", ""rho"": 16.0, ""gain"": 0.04448228525508213}, {""block"": ""rsma"", ""rho"": 1.0, ""gain"": 0.0}, {""block"": ""star_ris"", ""rho"": 32.0, ""gain"": 0.02151746750751471}, {""block"": ""rsma"", ""rho"": 1.0, ""gain"": 0.0}, {""block"": ""star_ris"", ""rho"": 64.0, ""gain"": 0.0105877409500863}, {""block"": ""rsma"", ""rho"": 1.0, ""gain"": 0.0}, {""block"": ""star_ris"", ""rho"": 128.0, ""gain"": 0.005252274267256496}, {""block"": ""rsma"", ""rho"": 1.0, ""gain"": 0.0}, {""block"": ""star_ris"", ""rho"": 1.0, ""gain"": 0.03098023541753747}, {""block"": ""rsma"", ""rho"": 1.0, ""gain"": 3.552713678800501e-15}, {""block"": ""star_ris"", ""rho"": 1.0, ""gain"": 0.16700103724278748}, {""block"": ""rsma"", ""rho"": 1.0, ""gain"": 0.0}, {""block"": ""star_ris"", ""rho"": 1.0, ""gain"": 0.15490980811750177}, {""block"": ""rsma"", ""rho"": 1.0, ""gain"": 0.0}, {""block"": ""star_ris"", ""rho"": 8.0, ""gain"": 0.02305247113759279}, {""block"": ""rsma"", ""rho"": 1.0, ""gain"": 3.552713678800501e-15}, {""block"": ""star_ris"", ""rho"": 4.0, ""gain"": 0.010206397241631748}, {""block"": ""rsma"", ""rho"": 1.0, ""gain"": -3.552713678800501e-15}, {""block"": ""star_ris"", ""rho"": 16.0, ""gain"": 0.03365675791119216}, {""block"": ""rsma"", ""rho"": 1.0, ""gain"": 0.0}, {""block"": ""star_ris"", ""rho"": 32.0, ""gain"": 0.01615860749266318}, {""block"": ""rsma"", ""rho"": 1.0, ""gain"": 0.0}, {""block"": ""star_ris"", ""rho"": 64.0, ""gain"": 0.00793221601573535}, {""block"": ""rsma"", ""rho"": 1.0, ""gain"": 0.0}, {""block"": ""star_ris"", ""rho"": 1.0, ""gain"": 0.0339974287406406}, {""block"": ""rsma"", ""rho"": 1.0, ""gain"": 0.0}, {""block"": ""star_ris"", ""rho"": 8.0, ""gain"": 0.0036789614494594503}, {""block"": ""rsma"", ""rho"": 1.0, ""gain"": 0.0}, {""block"": ""star_ris"", ""rho"": 8.0, ""gain"": 0.034244317995764106}, {""block"": ""rsma"", ""rho"": 1.0, ""gain"": 0.0}, {""block"": ""star_ris"", ""rho"": 8.0, ""gain"": 0.009040825420942866}, {""block"": ""rsma"", ""rho"": 1.0, ""gain"": 0.0}, {""block"": ""star_ris"", ""rho"": 8.0, ""gain"": 0.08687623854430626}, {""block"": ""rsma"", ""rho"": 1.0, ""gain"": 0.0}, {""block"": ""star_ris"", ""rho"": 32.0, ""gain"": 0.0015472408362562362}]",{},4243.041699,1a480db47c5efa1cc1a63abf6aef552d6bf21ecebd475a7bc99d509c20d9fb0d,fc61d5cda7da39530055bae9bd0e92865f995cd9,ae41070d268d283dcc283b0aaf9b960eae1f4ddd22d423577b272c18802a3aae
ao_sca,64,10000,106,test,18.05131898990092,18.05131898990092,1.0,True,0.0,15,6106,28,ao_sca_proximal_physical,analytical_ris_equal_allocation,"[1.8379165632816414, 17.397914934617905, 17.496433838545574, 17.519289603458553, 17.652163927671953, 17.665982592646, 17.71972246318571, 17.889214313444842, 17.925570847032443, 17.931439390940213, 17.9512901846962, 17.982298178361333, 18.036858353990027, 18.044612232831962, 18.04984402172597, 18.05131898990092]","[{""block"": ""rsma"", ""rho"": 1.0, ""gain"": 15.003114179479471}, {""block"": ""star_ris"", ""rho"": 1.0, ""gain"": 0.5568841918567919}, {""block"": ""rsma"", ""rho"": 1.0, ""gain"": 0.0}, {""block"": ""star_ris"", ""rho"": 1.0, ""gain"": 0.09851890392766904}, {""block"": ""rsma"", ""rho"": 1.0, ""gain"": 3.552713678800501e-15}, {""block"": ""star_ris"", ""rho"": 4.0, ""gain"": 0.022855764912975474}, {""block"": ""rsma"", ""rho"": 1.0, ""gain"": 0.0}, {""block"": ""star_ris"", ""rho"": 1.0, ""gain"": 0.13287432421340029}, {""block"": ""rsma"", ""rho"": 1.0, ""gain"": -3.552713678800501e-15}, {""block"": ""star_ris"", ""rho"": 1.0, ""gain"": 0.01381866497404971}, {""block"": ""rsma"", ""rho"": 1.0, ""gain"": -3.552713678800501e-15}, {""block"": ""star_ris"", ""rho"": 1.0, ""gain"": 0.053739870539715184}, {""block"": ""rsma"", ""rho"": 1.0, ""gain"": 0.0}, {""block"": ""star_ris"", ""rho"": 2.0, ""gain"": 0.16949185025913138}, {""block"": ""rsma"", ""rho"": 1.0, ""gain"": 0.0}, {""block"": ""star_ris"", ""rho"": 16.0, ""gain"": 0.03635653358760038}, {""block"": ""rsma"", ""rho"": 1.0, ""gain"": 0.0}, {""block"": ""star_ris"", ""rho"": 4.0, ""gain"": 0.005868543907769919}, {""block"": ""rsma"", ""rho"": 1.0, ""gain"": 0.0}, {""block"": ""star_ris"", ""rho"": 2.0, ""gain"": 0.01985079375598886}, {""block"": ""rsma"", ""rho"": 1.0, ""gain"": 3.552713678800501e-15}, {""block"": ""star_ris"", ""rho"": 16.0, ""gain"": 0.031007993665127742}, {""block"": ""rsma"", ""rho"": 1.0, ""gain"": 0.0}, {""block"": ""star_ris"", ""rho"": 1.0, ""gain"": 0.054560175628694196}, {""block"": ""rsma"", ""rho"": 1.0, ""gain"": -3.552713678800501e-15}, {""block"": ""star_ris"", ""rho"": 2048.0, ""gain"": 0.007753878841938899}, {""block"": ""rsma"", ""rho"": 1.0, ""gain"": 0.0}, {""block"": ""star_ris"", ""rho"": 512.0, ""gain"": 0.005231788894008105}, {""block"": ""rsma"", ""rho"": 1.0, ""gain"": 0.0}, {""block"": ""star_ris"", ""rho"": 2048.0, ""gain"": 0.0014749681749499644}]",{},3238.98751,1a480db47c5efa1cc1a63abf6aef552d6bf21ecebd475a7bc99d509c20d9fb0d,fc61d5cda7da39530055bae9bd0e92865f995cd9,ae41070d268d283dcc283b0aaf9b960eae1f4ddd22d423577b272c18802a3aae
ao_sca,64,10000,107,test,17.575723473099288,17.575723473099288,1.0,True,0.0,6,2442,12,ao_sca_proximal_physical,analytical_ris_equal_allocation,"[1.8378872135720494, 16.99710621606611, 17.17480407806463, 17.423680078018602, 17.544790045720635, 17.574366655689076, 17.575723473099288]","[{""block"": ""rsma"", ""rho"": 1.0, ""gain"": 14.787875195172024}, {""block"": ""star_ris"", ""rho"": 1.0, ""gain"": 0.3713438073220381}, {""block"": ""rsma"", ""rho"": 1.0, ""gain"": 0.0}, {""block"": ""star_ris"", ""rho"": 2.0, ""gain"": 0.17769786199851723}, {""block"": ""rsma"", ""rho"": 1.0, ""gain"": 0.0}, {""block"": ""star_ris"", ""rho"": 4.0, ""gain"": 0.2488759999539738}, {""block"": ""rsma"", ""rho"": 1.0, ""gain"": 0.0}, {""block"": ""star_ris"", ""rho"": 8.0, ""gain"": 0.12110996770203286}, {""block"": ""rsma"", ""rho"": 1.0, ""gain"": 3.552713678800501e-15}, {""block"": ""star_ris"", ""rho"": 32.0, ""gain"": 0.02957660996843714}, {""block"": ""rsma"", ""rho"": 1.0, ""gain"": 0.0}, {""block"": ""star_ris"", ""rho"": 64.0, ""gain"": 0.0013568174102118746}]",{},1286.512994,1a480db47c5efa1cc1a63abf6aef552d6bf21ecebd475a7bc99d509c20d9fb0d,fc61d5cda7da39530055bae9bd0e92865f995cd9,ae41070d268d283dcc283b0aaf9b960eae1f4ddd22d423577b272c18802a3aae
ao_sca,64,10000,108,test,17.582771986888364,17.582771986888364,1.0,True,0.0,20,8125,34,ao_sca_proximal_physical,analytical_ris_equal_allocation,"[1.837877608314074, 17.192196474930554, 17.194816098887944, 17.231353574134744, 17.25224301762471, 17.274925743094343, 17.289200119529454, 17.307607467500546, 17.312565685717075, 17.326131479316068, 17.338551687413297, 17.354976115991068, 17.363207035948527, 17.365750818783617, 17.384910214516765, 17.41072551771435, 17.483156612550033, 17.50081610277592, 17.521121963093087, 17.557170439857114, 17.582771986888364]","[{""block"": ""rsma"", ""rho"": 1.0, ""gain"": 14.769058497950077}, {""block"": ""star_ris"", ""rho"": 1.0, ""gain"": 0.585260368666404}, {""block"": ""rsma"", ""rho"": 1.0, ""gain"": 0.0}, {""block"": ""star_ris"", ""rho"": 8.0, ""gain"": 0.002619623957389905}, {""block"": ""rsma"", ""rho"": 1.0, ""gain"": 0.0}, {""block"": ""star_ris"", ""rho"": 4.0, ""gain"": 0.03653747524679929}, {""block"": ""rsma"", ""rho"": 1.0, ""gain"": 3.552713678800501e-15}, {""block"": ""star_ris"", ""rho"": 2.0, ""gain"": 0.020889443489963355}, {""block"": ""rsma"", ""rho"": 1.0, ""gain"": 0.0}, {""block"": ""star_ris"", ""rho"": 8.0, ""gain"": 0.02268272546963246}, {""block"": ""rsma"", ""rho"": 1.0, ""gain"": 0.0}, {""block"": ""star_ris"", ""rho"": 8.0, ""gain"": 0.01427437643511098}, {""block"": ""rsma"", ""rho"": 1.0, ""gain"": 0.0}, {""block"": ""star_ris"", ""rho"": 8.0, ""gain"": 0.01840734797109178}, {""block"": ""rsma"", ""rho"": 1.0, ""gain"": 0.0}, {""block"": ""star_ris"", ""rho"": 4.0, ""gain"": 0.004958218216529531}, {""block"": ""rsma"", ""rho"": 1.0, ""gain"": 0.0}, {""block"": ""star_ris"", ""rho"": 4.0, ""gain"": 0.01356579359899257}, {""block"": ""rsma"", ""rho"": 1.0, ""gain"": 0.0}, {""block"": ""star_ris"", ""rho"": 2.0, ""gain"": 0.01242020809722888}, {""block"": ""rsma"", ""rho"": 1.0, ""gain"": 0.0}, {""block"": ""star_ris"", ""rho"": 32.0, ""gain"": 0.016424428577771266}, {""block"": ""rsma"", ""rho"": 1.0, ""gain"": 0.0}, {""block"": ""star_ris"", ""rho"": 64.0, ""gain"": 0.008230919957458838}, {""block"": ""rsma"", ""rho"": 1.0, ""gain"": 0.0}, {""block"": ""star_ris"", ""rho"": 4.0, ""gain"": 0.002543782835090269}, {""block"": ""rsma"", ""rho"": 1.0, ""gain"": 0.0}, {""block"": ""star_ris"", ""rho"": 2.0, ""gain"": 0.019159395733147733}, {""block"": ""rsma"", ""rho"": 1.0, ""gain"": 0.0}, {""block"": ""star_ris"", ""rho"": 2.0, ""gain"": 0.025815303197585848}, {""block"": ""rsma"", ""rho"": 1.0, ""gain"": 3.552713678800501e-15}, {""block"": ""star_ris"", ""rho"": 2.0, ""gain"": 0.07243109483567878}, {""block"": ""rsma"", ""rho"": 1.0, ""gain"": 0.0}, {""block"": ""star_ris"", ""rho"": 4.0, ""gain"": 0.01765949022588842}, {""block"": ""rsma"", ""rho"": 1.0, ""gain"": -3.552713678800501e-15}, {""block"": ""star_ris"", ""rho"": 4.0, ""gain"": 0.020305860317169078}, {""block"": ""rsma"", ""rho"": 1.0, ""gain"": 0.0}, {""block"": ""star_ris"", ""rho"": 4.0, ""gain"": 0.03604847676402656}, {""block"": ""rsma"", ""rho"": 1.0, ""gain"": 3.552713678800501e-15}, {""block"": ""star_ris"", ""rho"": 4.0, ""gain"": 0.025601547031246952}]",{},4421.080132,1a480db47c5efa1cc1a63abf6aef552d6bf21ecebd475a7bc99d509c20d9fb0d,fc61d5cda7da39530055bae9bd0e92865f995cd9,ae41070d268d283dcc283b0aaf9b960eae1f4ddd22d423577b272c18802a3aae
ao_sca,64,10000,109,test,17.62158235477197,17.62158235477197,1.0,True,0.0,9,3662,14,ao_sca_proximal_physical,analytical_ris_equal_allocation,"[1.8378834585687893, 16.66873411317716, 16.761951448196253, 16.902341891634833, 17.282627813302632, 17.346611205456966, 17.555079086808952, 17.61661294510521, 17.62150936987567, 17.62158235477197]","[{""block"": ""rsma"", ""rho"": 1.0, ""gain"": 14.729983613835383}, {""block"": ""star_ris"", ""rho"": 16.0, ""gain"": 0.10086704077298592}, {""block"": ""rsma"", ""rho"": 1.0, ""gain"": 0.0}, {""block"": ""star_ris"", ""rho"": 16.0, ""gain"": 0.09321733501909435}, {""block"": ""rsma"", ""rho"": 1.0, ""gain"": 3.552713678800501e-15}, {""block"": ""star_ris"", ""rho"": 1.0, ""gain"": 0.14039044343857654}, {""block"": ""rsma"", ""rho"": 1.0, ""gain"": -7.105427357601002e-15}, {""block"": ""star_ris"", ""rho"": 2.0, ""gain"": 0.38028592166780584}, {""block"": ""rsma"", ""rho"": 1.0, ""gain"": 7.105427357601002e-15}, {""block"": ""star_ris"", ""rho"": 2.0, ""gain"": 0.06398339215432713}, {""block"": ""rsma"", ""rho"": 1.0, ""gain"": 0.0}, {""block"": ""star_ris"", ""rho"": 4.0, ""gain"": 0.2084678813519858}, {""block"": ""rsma"", ""rho"": 1.0, ""gain"": 0.0}, {""block"": ""star_ris"", ""rho"": 8.0, ""gain"": 0.061533858296257904}, {""block"": ""rsma"", ""rho"": 1.0, ""gain"": 0.0}, {""block"": ""star_ris"", ""rho"": 8.0, ""gain"": 0.004896424770461039}, {""block"": ""rsma"", ""rho"": 1.0, ""gain"": 0.0}, {""block"": ""star_ris"", ""rho"": 128.0, ""gain"": 7.298489629903315e-05}]",{},1964.398906,1a480db47c5efa1cc1a63abf6aef552d6bf21ecebd475a7bc99d509c20d9fb0d,fc61d5cda7da39530055bae9bd0e92865f995cd9,ae41070d268d283dcc283b0aaf9b960eae1f4ddd22d423577b272c18802a3aae
ao_sca,64,10000,110,test,17.59624661570711,17.59624661570711,1.0,True,0.0,19,7722,34,ao_sca_proximal_physical,analytical_ris_equal_allocation,"[1.8378407192159327, 16.568295564953857, 16.646278231387615, 16.668175970799105, 16.724085044795828, 17.038377887172466, 17.070953445726534, 17.10151818711902, 17.138148638654243, 17.204518468343387, 17.270612333533094, 17.339040929945565, 17.393043767737645, 17.493343582087704, 17.501429753992024, 17.561269456477273, 17.582539087175395, 17.59291839354865, 17.595402557212505, 17.59624661570711]","[{""block"": ""rsma"", ""rho"": 1.0, ""gain"": 14.594876151464781}, {""block"": ""star_ris"", ""rho"": 8.0, ""gain"": 0.13557869427314273}, {""block"": ""rsma"", ""rho"": 1.0, ""gain"": 0.0}, {""block"": ""star_ris"", ""rho"": 1.0, ""gain"": 0.0779826664337584}, {""block"": ""rsma"", ""rho"": 1.0, ""gain"": 0.0}, {""block"": ""star_ris"", ""rho"": 64.0, ""gain"": 0.021897739411489425}, {""block"": ""rsma"", ""rho"": 1.0, ""gain"": 0.0}, {""block"": ""star_ris"", ""rho"": 2.0, ""gain"": 0.05590907399672318}, {""block"": ""rsma"", ""rho"": 1.0, ""gain"": 0.0}, {""block"": ""star_ris"", ""rho"": 1.0, ""gain"": 0.3142928423766378}, {""block"": ""rsma"", ""rho"": 1.0, ""gain"": -3.552713678800501e-15}, {""block"": ""star_ris"", ""rho"": 1.0, ""gain"": 0.032575558554071904}, {""block"": ""rsma"", ""rho"": 1.0, ""gain"": 0.0}, {""block"": ""star_ris"", ""rho"": 2.0, ""gain"": 0.030564741392485217}, {""block"": ""rsma"", ""rho"": 1.0, ""gain"": -3.552713678800501e-15}, {""block"": ""star_ris"", ""rho"": 1.0, ""gain"": 0.03663045153522759}, {""block"": ""rsma"", ""rho"": 1.0, ""gain"": 0.0}, {""block"": ""star_ris"", ""rho"": 4.0, ""gain"": 0.06636982968914396}, {""block"": ""rsma"", ""rho"": 1.0, ""gain"": 0.0}, {""block"": ""star_ris"", ""rho"": 4.0, ""gain"": 0.06609386518970695}, {""block"": ""rsma"", ""rho"": 1.0, ""gain"": 0.0}, {""block"": ""star_ris"", ""rho"": 1.0, ""gain"": 0.06842859641247045}, {""block"": ""rsma"", ""rho"": 1.0, ""gain"": 0.0}, {""block"": ""star_ris"", ""rho"": 1.0, ""gain"": 0.054002837792079816}, {""block"": ""rsma"", ""rho"": 1.0, ""gain"": 0.0}, {""block"": ""star_ris"", ""rho"": 8.0, ""gain"": 0.10029981435005908}, {""block"": ""rsma"", ""rho"": 1.0, ""gain"": 0.0}, {""block"": ""star_ris"", ""rho"": 8.0, ""gain"": 0.008086171904320594}, {""block"": ""rsma"", ""rho"": 1.0, ""gain"": 0.0}, {""block"": ""star_ris"", ""rho"": 16.0, ""gain"": 0.059839702485248836}, {""block"": ""rsma"", ""rho"": 1.0, ""gain"": 0.0}, {""block"": ""star_ris"", ""rho"": 32.0, ""gain"": 0.02126963069812149}, {""block"": ""rsma"", ""rho"": 1.0, ""gain"": 0.0}, {""block"": ""star_ris"", ""rho"": 64.0, ""gain"": 0.010379306373256014}, {""block"": ""rsma"", ""rho"": 1.0, ""gain"": 0.0}, {""block"": ""star_ris"", ""rho"": 8.0, ""gain"": 0.0024841636638548437}, {""block"": ""rsma"", ""rho"": 1.0, ""gain"": 0.0}, {""block"": ""star_ris"", ""rho"": 64.0, ""gain"": 0.0008440584946036722}]",{},4159.403157,1a480db47c5efa1cc1a63abf6aef552d6bf21ecebd475a7bc99d509c20d9fb0d,fc61d5cda7da39530055bae9bd0e92865f995cd9,ae41070d268d283dcc283b0aaf9b960eae1f4ddd22d423577b272c18802a3aae
ao_sca,64,10000,111,test,17.951103352991733,17.951103352991733,1.0,True,0.0,20,8115,35,ao_sca_proximal_physical,analytical_ris_equal_allocation,"[1.8379133565593715, 17.294381756706862, 17.301855452990765, 17.321054354107495, 17.376363586275147, 17.41182291665261, 17.414923433778746, 17.461608129790964, 17.639579904558662, 17.663451722841693, 17.701977549086685, 17.776598056907545, 17.79508016122483, 17.797887375829376, 17.805040746754997, 17.82394165694447, 17.876448080299067, 17.89273803058853, 17.922112613031743, 17.92861816395571, 17.951103352991733]","[{""block"": ""rsma"", ""rho"": 1.0, ""gain"": 15.455824958565044}, {""block"": ""star_ris"", ""rho"": 16.0, ""gain"": 0.0006434415824472239}, {""block"": ""rsma"", ""rho"": 1.0, ""gain"": 0.0}, {""block"": ""star_ris"", ""rho"": 2.0, ""gain"": 0.007473696283902598}, {""block"": ""rsma"", ""rho"": 1.0, ""gain"": 0.0}, {""block"": ""star_ris"", ""rho"": 2.0, ""gain"": 0.019198901116730838}, {""block"": ""rsma"", ""rho"": 1.0, ""gain"": 3.552713678800501e-15}, {""block"": ""star_ris"", ""rho"": 1.0, ""gain"": 0.05530923216764805}, {""block"": ""rsma"", ""rho"": 1.0, ""gain"": -7.105427357601002e-15}, {""block"": ""star_ris"", ""rho"": 1.0, ""gain"": 0.03545933037747062}, {""block"": ""rsma"", ""rho"": 1.0, ""gain"": 0.0}, {""block"": ""star_ris"", ""rho"": 8.0, ""gain"": 0.0031005171261355713}, {""block"": ""rsma"", ""rho"": 1.0, ""gain"": 0.0}, {""block"": ""star_ris"", ""rho"": 2.0, ""gain"": 0.046684696012217586}, {""block"": ""rsma"", ""rho"": 1.0, ""gain"": -3.552713678800501e-15}, {""block"": ""star_ris"", ""rho"": 1.0, ""gain"": 0.17797177476770187}, {""block"": ""rsma"", ""rho"": 1.0, ""gain"": 0.0}, {""block"": ""star_ris"", ""rho"": 4.0, ""gain"": 0.02387181828303042}, {""block"": ""rsma"", ""rho"": 1.0, ""gain"": 0.0}, {""block"": ""star_ris"", ""rho"": 2.0, ""gain"": 0.038525826244992345}, {""block"": ""rsma"", ""rho"": 1.0, ""gain"": 0.0}, {""block"": ""star_ris"", ""rho"": 1.0, ""gain"": 0.07462050782086038}, {""block"": ""rsma"", ""rho"": 1.0, ""gain"": 0.0}, {""block"": ""star_ris"", ""rho"": 4.0, ""gain"": 0.01848210431728603}, {""block"": ""rsma"", ""rho"": 1.0, ""gain"": -3.552713678800501e-15}, {""block"": ""star_ris"", ""rho"": 32.0, ""gain"": 0.002807214604548136}, {""block"": ""rsma"", ""rho"": 1.0, ""gain"": 0.0}, {""block"": ""star_ris"", ""rho"": 2.0, ""gain"": 0.007153370925621516}, {""block"": ""rsma"", ""rho"": 1.0, ""gain"": 0.0}, {""block"": ""star_ris"", ""rho"": 2.0, ""gain"": 0.018900910189472597}, {""block"": ""rsma"", ""rho"": 1.0, ""gain"": 0.0}, {""block"": ""star_ris"", ""rho"": 1.0, ""gain"": 0.052506423354596876}, {""block"": ""rsma"", ""rho"": 1.0, ""gain"": 0.0}, {""block"": ""star_ris"", ""rho"": 8.0, ""gain"": 0.016289950289461785}, {""block"": ""rsma"", ""rho"": 1.0, ""gain"": 0.0}, {""block"": ""star_ris"", ""rho"": 8.0, ""gain"": 0.029374582443214337}, {""block"": ""rsma"", ""rho"": 1.0, ""gain"": 0.0}, {""block"": ""star_ris"", ""rho"": 8.0, ""gain"": 0.006505550923968428}, {""block"": ""rsma"", ""rho"": 1.0, ""gain"": -7.105427357601002e-15}, {""block"": ""star_ris"", ""rho"": 8.0, ""gain"": 0.02248518903602914}]",{},4387.12123,1a480db47c5efa1cc1a63abf6aef552d6bf21ecebd475a7bc99d509c20d9fb0d,fc61d5cda7da39530055bae9bd0e92865f995cd9,ae41070d268d283dcc283b0aaf9b960eae1f4ddd22d423577b272c18802a3aae
ao_sca,64,10000,112,test,17.803496010699615,17.803496010699615,1.0,True,0.0,20,8137,37,ao_sca_proximal_physical,analytical_ris_equal_allocation,"[1.837889478982557, 17.194059414964297, 17.204042223331903, 17.211235359155047, 17.42802079048042, 17.44077763972279, 17.495101349851616, 17.52099356489143, 17.52733399029261, 17.550786629830654, 17.653103888085283, 17.675855004733393, 17.68700247211186, 17.709660575777995, 17.75691638153903, 17.76838226335678, 17.772902084752868, 17.790395158841438, 17.79574501041295, 17.803425996099065, 17.803496010699615]","[{""block"": ""rsma"", ""rho"": 1.0, ""gain"": 14.759306292398279}, {""block"": ""star_ris"", ""rho"": 2.0, ""gain"": 0.5968636435834611}, {""block"": ""rsma"", ""rho"": 1.0, ""gain"": 0.0}, {""block"": ""star_ris"", ""rho"": 2.0, ""gain"": 0.009982808367606566}, {""block"": ""rsma"", ""rho"": 1.0, ""gain"": 0.0}, {""block"": ""star_ris"", ""rho"": 1.0, ""gain"": 0.007193135823143848}, {""block"": ""rsma"", ""rho"": 1.0, ""gain"": 3.552713678800501e-15}, {""block"": ""star_ris"", ""rho"": 4.0, ""gain"": 0.21678543132536987}, {""block"": ""rsma"", ""rho"": 1.0, ""gain"": -3.552713678800501e-15}, {""block"": ""star_ris"", ""rho"": 4.0, ""gain"": 0.01275684924237197}, {""block"": ""rsma"", ""rho"": 1.0, ""gain"": 0.0}, {""block"": ""star_ris"", ""rho"": 16.0, ""gain"": 0.054323710128826974}, {""block"": ""rsma"", ""rho"": 1.0, ""gain"": 0.0}, {""block"": ""star_ris"", ""rho"": 32.0, ""gain"": 0.025892215039814204}, {""block"": ""rsma"", ""rho"": 1.0, ""gain"": -3.552713678800501e-15}, {""block"": ""star_ris"", ""rho"": 128.0, ""gain"": 0.006340425401184291}, {""block"": ""rsma"", ""rho"": 1.0, ""gain"": 3.552713678800501e-15}, {""block"": ""star_ris"", ""rho"": 4.0, ""gain"": 0.02345263953803922}, {""block"": ""rsma"", ""rho"": 1.0, ""gain"": 0.0}, {""block"": ""star_ris"", ""rho"": 2.0, ""gain"": 0.10231725825462945}, {""block"": ""rsma"", ""rho"": 1.0, ""gain"": 0.0}, {""block"": ""star_ris"", ""rho"": 32.0, ""gain"": 0.02275111664810936}, {""block"": ""rsma"", ""rho"": 1.0, ""gain"": 0.0}, {""block"": ""star_ris"", ""rho"": 64.0, ""gain"": 0.011147467378467724}, {""block"": ""rsma"", ""rho"": 1.0, ""gain"": 0.0}, {""block"": ""star_ris"", ""rho"": 1.0, ""gain"": 0.022658103666135077}, {""block"": ""rsma"", ""rho"": 1.0, ""gain"": -3.552713678800501e-15}, {""block"": ""star_ris"", ""rho"": 4.0, ""gain"": 0.047255805761036385}, {""block"": ""rsma"", ""rho"": 1.0, ""gain"": 0.0}, {""block"": ""star_ris"", ""rho"": 8.0, ""gain"": 0.011465881817752432}, {""block"": ""rsma"", ""rho"": 1.0, ""gain"": 0.0}, {""block"": ""star_ris"", ""rho"": 16.0, ""gain"": 0.004519821396087309}, {""block"": ""rsma"", ""rho"": 1.0, ""gain"": 0.0}, {""block"": ""star_ris"", ""rho"": 8.0, ""gain"": 0.017493074088569927}, {""block"": ""rsma"", ""rho"": 1.0, ""gain"": 0.0}, {""block"": ""star_ris"", ""rho"": 4.0, ""gain"": 0.005349851571512687}, {""block"": ""rsma"", ""rho"": 1.0, ""gain"": 0.0}, {""block"": ""star_ris"", ""rho"": 16.0, ""gain"": 0.007680985686114639}, {""block"": ""rsma"", ""rho"": 1.0, ""gain"": 0.0}, {""block"": ""star_ris"", ""rho"": 4.0, ""gain"": 7.001460054922859e-05}]",{},4435.568238,1a480db47c5efa1cc1a63abf6aef552d6bf21ecebd475a7bc99d509c20d9fb0d,fc61d5cda7da39530055bae9bd0e92865f995cd9,ae41070d268d283dcc283b0aaf9b960eae1f4ddd22d423577b272c18802a3aae
ao_sca,64,10000,113,test,17.5928664083073,17.5928664083073,1.0,True,0.0,6,2436,11,ao_sca_proximal_physical,analytical_ris_equal_allocation,"[1.8379000847700513, 17.481396568899118, 17.51416072038631, 17.522692765789174, 17.57359134706104, 17.59210060317558, 17.5928664083073]","[{""block"": ""rsma"", ""rho"": 1.0, ""gain"": 14.74056466175669}, {""block"": ""star_ris"", ""rho"": 1.0, ""gain"": 0.902931822372377}, {""block"": ""rsma"", ""rho"": 1.0, ""gain"": 0.0}, {""block"": ""star_ris"", ""rho"": 2.0, ""gain"": 0.032764151487192805}, {""block"": ""rsma"", ""rho"": 1.0, ""gain"": 0.0}, {""block"": ""star_ris"", ""rho"": 4.0, ""gain"": 0.008532045402862565}, {""block"": ""rsma"", ""rho"": 1.0, ""gain"": 0.0}, {""block"": ""star_ris"", ""rho"": 1.0, ""gain"": 0.050898581271866306}, {""block"": ""rsma"", ""rho"": 1.0, ""gain"": 0.0}, {""block"": ""star_ris"", ""rho"": 32.0, ""gain"": 0.018509256114541017}, {""block"": ""rsma"", ""rho"": 1.0, ""gain"": 0.0}, {""block"": ""star_ris"", ""rho"": 8.0, ""gain"": 0.0007658051317207537}]",{},1272.95158,1a480db47c5efa1cc1a63abf6aef552d6bf21ecebd475a7bc99d509c20d9fb0d,fc61d5cda7da39530055bae9bd0e92865f995cd9,ae41070d268d283dcc283b0aaf9b960eae1f4ddd22d423577b272c18802a3aae
ao_sca,64,10000,114,test,17.33562677812404,17.33562677812404,1.0,True,0.0,2,817,4,ao_sca_proximal_physical,analytical_ris_equal_allocation,"[1.8378777613853015, 17.335140834659224, 17.33562677812404]","[{""block"": ""rsma"", ""rho"": 1.0, ""gain"": 14.371330839109296}, {""block"": ""star_ris"", ""rho"": 1.0, ""gain"": 1.125932234164626}, {""block"": ""rsma"", ""rho"": 1.0, ""gain"": 0.0}, {""block"": ""star_ris"", ""rho"": 256.0, ""gain"": 0.00048594346481678485}]",{},423.030382,1a480db47c5efa1cc1a63abf6aef552d6bf21ecebd475a7bc99d509c20d9fb0d,fc61d5cda7da39530055bae9bd0e92865f995cd9,ae41070d268d283dcc283b0aaf9b960eae1f4ddd22d423577b272c18802a3aae
ao_sca,64,10000,115,test,18.11329651598261,18.11329651598261,1.0,True,0.0,20,8147,37,ao_sca_proximal_physical,analytical_ris_equal_allocation,"[1.8379072063577098, 16.920489498316353, 17.39913088718134, 17.66202838191985, 17.741177857656115, 17.9062446914948, 17.948607767488873, 17.960985064808874, 17.988646804408162, 18.002280511319253, 18.009055541753444, 18.012433626594124, 18.0181619397802, 18.025102135917017, 18.063040807665306, 18.07315260813875, 18.078302125490623, 18.105536362976377, 18.10742884502319, 18.11170564192142, 18.113296515982615]","[{""block"": ""rsma"", ""rho"": 1.0, ""gain"": 15.040695812679644}, {""block"": ""star_ris"", ""rho"": 2.0, ""gain"": 0.041886479279000355}, {""block"": ""rsma"", ""rho"": 1.0, ""gain"": 3.552713678800501e-15}, {""block"": ""star_ris"", ""rho"": 1.0, ""gain"": 0.47864138886498253}, {""block"": ""rsma"", ""rho"": 1.0, ""gain"": 3.552713678800501e-15}, {""block"": ""star_ris"", ""rho"": 1.0, ""gain"": 0.26289749473850677}, {""block"": ""rsma"", ""rho"": 1.0, ""gain"": 0.0}, {""block"": ""star_ris"", ""rho"": 2.0, ""gain"": 0.07914947573626563}, {""block"": ""rsma"", ""rho"": 1.0, ""gain"": 0.0}, {""block"": ""star_ris"", ""rho"": 2.0, ""gain"": 0.16506683383868292}, {""block"": ""rsma"", ""rho"": 1.0, ""gain"": 0.0}, {""block"": ""star_ris"", ""rho"": 4.0, ""gain"": 0.04236307599407496}, {""block"": ""rsma"", ""rho"": 1.0, ""gain"": 0.0}, {""block"": ""star_ris"", ""rho"": 32.0, ""gain"": 0.01237729732000048}, {""block"": ""rsma"", ""rho"": 1.0, ""gain"": 0.0}, {""block"": ""star_ris"", ""rho"": 16.0, ""gain"": 0.027661739599288637}, {""block"": ""rsma"", ""rho"": 1.0, ""gain"": 0.0}, {""block"": ""star_ris"", ""rho"": 32.0, ""gain"": 0.013633706911090115}, {""block"": ""rsma"", ""rho"": 1.0, ""gain"": 0.0}, {""block"": ""star_ris"", ""rho"": 64.0, ""gain"": 0.006775030434191365}, {""block"": ""rsma"", ""rho"": 1.0, ""gain"": 0.0}, {""block"": ""star_ris"", ""rho"": 128.0, ""gain"": 0.003378084840679918}, {""block"": ""rsma"", ""rho"": 1.0, ""gain"": 0.0}, {""block"": ""star_ris"", ""rho"": 4.0, ""gain"": 0.005728313186075695}, {""block"": ""rsma"", ""rho"": 1.0, ""gain"": 3.552713678800501e-15}, {""block"": ""star_ris"", ""rho"": 8.0, ""gain"": 0.006940196136813626}, {""block"": ""rsma"", ""rho"": 1.0, ""gain"": 0.0}, {""block"": ""star_ris"", ""rho"": 16.0, ""gain"": 0.037938671748289465}, {""block"": ""rsma"", ""rho"": 1.0, ""gain"": 0.0}, {""block"": ""star_ris"", ""rho"": 8.0, ""gain"": 0.0101118004734424}, {""block"": ""rsma"", ""rho"": 1.0, ""gain"": 0.0}, {""block"": ""star_ris"", ""rho"": 16.0, ""gain"": 0.005149517351874522}, {""block"": ""rsma"", ""rho"": 1.0, ""gain"": 0.0}, {""block"": ""star_ris"", ""rho"": 16.0, ""gain"": 0.02723423748575371}, {""block"": ""rsma"", ""rho"": 1.0, ""gain"": 3.552713678800501e-15}, {""block"": ""star_ris"", ""rho"": 32.0, ""gain"": 0.0018924820468093628}, {""block"": ""rsma"", ""rho"": 1.0, ""gain"": 3.552713678800501e-15}, {""block"": ""star_ris"", ""rho"": 32.0, ""gain"": 0.004276796898228241}, {""block"": ""rsma"", ""rho"": 1.0, ""gain"": -3.552713678800501e-15}, {""block"": ""star_ris"", ""rho"": 16.0, ""gain"": 0.0015908740611969563}]",{},4393.324009,1a480db47c5efa1cc1a63abf6aef552d6bf21ecebd475a7bc99d509c20d9fb0d,fc61d5cda7da39530055bae9bd0e92865f995cd9,ae41070d268d283dcc283b0aaf9b960eae1f4ddd22d423577b272c18802a3aae
ao_sca,64,10000,116,test,16.822438577031377,16.822438577031377,1.0,True,0.0,2,824,4,ao_sca_proximal_physical,analytical_ris_equal_allocation,"[1.8378731487724906, 16.821349327811028, 16.822438577031377]","[{""block"": ""rsma"", ""rho"": 1.0, ""gain"": 14.982346664387784}, {""block"": ""star_ris"", ""rho"": 256.0, ""gain"": 0.0011295146507528386}, {""block"": ""rsma"", ""rho"": 1.0, ""gain"": -7.105427357601002e-15}, {""block"": ""star_ris"", ""rho"": 128.0, ""gain"": 0.0010892492203566917}]",{},432.520776,1a480db47c5efa1cc1a63abf6aef552d6bf21ecebd475a7bc99d509c20d9fb0d,fc61d5cda7da39530055bae9bd0e92865f995cd9,ae41070d268d283dcc283b0aaf9b960eae1f4ddd22d423577b272c18802a3aae
ao_sca,64,10000,117,test,17.646562040261813,17.646562040261813,1.0,True,0.0,20,8134,34,ao_sca_proximal_physical,analytical_ris_equal_allocation,"[1.8378364123307853, 16.91286964538119, 17.03119158789743, 17.065864065722266, 17.130411078239607, 17.19135479191893, 17.224202154093707, 17.234058410788823, 17.243045775505074, 17.268179548674354, 17.311817303756676, 17.31420667635896, 17.318606524435303, 17.322608159207938, 17.39665221284108, 17.430501260102048, 17.4511572242252, 17.54847700695166, 17.599742743077137, 17.645577969604023, 17.646562040261813]","[{""block"": ""rsma"", ""rho"": 1.0, ""gain"": 14.448003552030722}, {""block"": ""star_ris"", ""rho"": 1.0, ""gain"": 0.6270296810196818}, {""block"": ""rsma"", ""rho"": 1.0, ""gain"": 0.0}, {""block"": ""star_ris"", ""rho"": 2.0, ""gain"": 0.11832194251623918}, {""block"": ""rsma"", ""rho"": 1.0, ""gain"": 0.0}, {""block"": ""star_ris"", ""rho"": 4.0, ""gain"": 0.034672477824837955}, {""block"": ""rsma"", ""rho"": 1.0, ""gain"": 0.0}, {""block"": ""star_ris"", ""rho"": 16.0, ""gain"": 0.06454701251734107}, {""block"": ""rsma"", ""rho"": 1.0, ""gain"": 0.0}, {""block"": ""star_ris"", ""rho"": 16.0, ""gain"": 0.06094371367932183}, {""block"": ""rsma"", ""rho"": 1.0, ""gain"": 0.0}, {""block"": ""star_ris"", ""rho"": 1.0, ""gain"": 0.03284736217477757}, {""block"": ""rsma"", ""rho"": 1.0, ""gain"": 3.552713678800501e-15}, {""block"": ""star_ris"", ""rho"": 32.0, ""gain"": 0.009856256695112364}, {""block"": ""rsma"", ""rho"": 1.0, ""gain"": -3.552713678800501e-15}, {""block"": ""star_ris"", ""rho"": 16.0, ""gain"": 0.008987364716254831}, {""block"": ""rsma"", ""rho"": 1.0, ""gain"": 0.0}, {""block"": ""star_ris"", ""rho"": 8.0, ""gain"": 0.025133773169280005}, {""block"": ""rsma"", ""rho"": 1.0, ""gain"": 3.552713678800501e-15}, {""block"": ""star_ris"", ""rho"": 4.0, ""gain"": 0.04363775508231882}, {""block"": ""rsma"", ""rho"": 1.0, ""gain"": -3.552713678800501e-15}, {""block"": ""star_ris"", ""rho"": 1.0, ""gain"": 0.002389372602287665}, {""block"": ""rsma"", ""rho"": 1.0, ""gain"": 0.0}, {""block"": ""star_ris"", ""rho"": 64.0, ""gain"": 0.0043998480763427494}, {""block"": ""rsma"", ""rho"": 1.0, ""gain"": 0.0}, {""block"": ""star_ris"", ""rho"": 2.0, ""gain"": 0.004001634772635043}, {""block"": ""rsma"", ""rho"": 1.0, ""gain"": -3.552713678800501e-15}, {""block"": ""star_ris"", ""rho"": 16.0, ""gain"": 0.07404405363314481}, {""block"": ""rsma"", ""rho"": 1.0, ""gain"": 0.0}, {""block"": ""star_ris"", ""rho"": 32.0, ""gain"": 0.03384904726096849}, {""block"": ""rsma"", ""rho"": 1.0, ""gain"": 0.0}, {""block"": ""star_ris"", ""rho"": 2.0, ""gain"": 0.02065596412315074}, {""block"": ""rsma"", ""rho"": 1.0, ""gain"": 0.0}, {""block"": ""star_ris"", ""rho"": 4.0, ""gain"": 0.09731978272646202}, {""block"": ""rsma"", ""rho"": 1.0, ""gain"": 0.0}, {""block"": ""star_ris"", ""rho"": 2.0, ""gain"": 0.051265736125476025}, {""block"": ""rsma"", ""rho"": 1.0, ""gain"": 0.0}, {""block"": ""star_ris"", ""rho"": 4.0, ""gain"": 0.04583522652688643}, {""block"": ""rsma"", ""rho"": 1.0, ""gain"": 3.552713678800501e-15}, {""block"": ""star_ris"", ""rho"": 64.0, ""gain"": 0.0009840706577861624}]",{},4286.362438,1a480db47c5efa1cc1a63abf6aef552d6bf21ecebd475a7bc99d509c20d9fb0d,fc61d5cda7da39530055bae9bd0e92865f995cd9,ae41070d268d283dcc283b0aaf9b960eae1f4ddd22d423577b272c18802a3aae
ao_sca,64,10000,118,test,18.19118047658477,18.19118047658477,1.0,True,0.0,12,4872,21,ao_sca_proximal_physical,analytical_ris_equal_allocation,"[1.837906480960066, 17.37493374594604, 17.499942057825265, 17.63307638885314, 17.674411669989997, 17.96044862855915, 18.080212707126066, 18.086117398340406, 18.094405093554762, 18.116243826857744, 18.164305116909915, 18.190631586006802, 18.19118047658477]","[{""block"": ""rsma"", ""rho"": 1.0, ""gain"": 14.82795728914226}, {""block"": ""star_ris"", ""rho"": 1.0, ""gain"": 0.7090699758437147}, {""block"": ""rsma"", ""rho"": 1.0, ""gain"": 0.0}, {""block"": ""star_ris"", ""rho"": 1.0, ""gain"": 0.125008311879224}, {""block"": ""rsma"", ""rho"": 1.0, ""gain"": 0.0}, {""block"": ""star_ris"", ""rho"": 16.0, ""gain"": 0.13313433102787542}, {""block"": ""rsma"", ""rho"": 1.0, ""gain"": 0.0}, {""block"": ""star_ris"", ""rho"": 1.0, ""gain"": 0.04133528113685614}, {""block"": ""rsma"", ""rho"": 1.0, ""gain"": 0.0}, {""block"": ""star_ris"", ""rho"": 1.0, ""gain"": 0.28603695856915223}, {""block"": ""rsma"", ""rho"": 1.0, ""gain"": 0.0}, {""block"": ""star_ris"", ""rho"": 4.0, ""gain"": 0.11976407856691651}, {""block"": ""rsma"", ""rho"": 1.0, ""gain"": 0.0}, {""block"": ""star_ris"", ""rho"": 8.0, ""gain"": 0.005904691214340119}, {""block"": ""rsma"", ""rho"": 1.0, ""gain"": 0.0}, {""block"": ""star_ris"", ""rho"": 64.0, ""gain"": 0.00828769521435646}, {""block"": ""rsma"", ""rho"": 1.0, ""gain"": -3.552713678800501e-15}, {""block"": ""star_ris"", ""rho"": 4.0, ""gain"": 0.021838733302985247}, {""block"": ""rsma"", ""rho"": 1.0, ""gain"": 0.0}, {""block"": ""star_ris"", ""rho"": 2.0, ""gain"": 0.0480612900521713}, {""block"": ""rsma"", ""rho"": 1.0, ""gain"": 0.0}, {""block"": ""star_ris"", ""rho"": 1.0, ""gain"": 0.02632646909688674}, {""block"": ""rsma"", ""rho"": 1.0, ""gain"": 0.0}, {""block"": ""star_ris"", ""rho"": 32.0, ""gain"": 0.0005488905779671427}]",{},2603.852938,1a480db47c5efa1cc1a63abf6aef552d6bf21ecebd475a7bc99d509c20d9fb0d,fc61d5cda7da39530055bae9bd0e92865f995cd9,ae41070d268d283dcc283b0aaf9b960eae1f4ddd22d423577b272c18802a3aae
ao_sca,64,10000,119,test,17.983255084792788,17.983255084792788,1.0,True,0.0,12,4881,22,ao_sca_proximal_physical,analytical_ris_equal_allocation,"[1.8379180709662264, 17.491644684164505, 17.495190328176804, 17.51053076944183, 17.566307284588333, 17.582178991462637, 17.611949417034616, 17.619248091762408, 17.690961230889577, 17.86311977467095, 17.868352090493172, 17.981813145197727, 17.983255084792788]","[{""block"": ""rsma"", ""rho"": 1.0, ""gain"": 15.341436877853495}, {""block"": ""star_ris"", ""rho"": 1.0, ""gain"": 0.312289735344784}, {""block"": ""rsma"", ""rho"": 1.0, ""gain"": 0.0}, {""block"": ""star_ris"", ""rho"": 8.0, ""gain"": 0.00354564401229851}, {""block"": ""rsma"", ""rho"": 1.0, ""gain"": -3.552713678800501e-15}, {""block"": ""star_ris"", ""rho"": 1.0, ""gain"": 0.015340441265028204}, {""block"": ""rsma"", ""rho"": 1.0, ""gain"": 0.0}, {""block"": ""star_ris"", ""rho"": 8.0, ""gain"": 0.055776515146504835}, {""block"": ""rsma"", ""rho"": 1.0, ""gain"": 0.0}, {""block"": ""star_ris"", ""rho"": 32.0, ""gain"": 0.015871706874303726}, {""block"": ""rsma"", ""rho"": 1.0, ""gain"": 0.0}, {""block"": ""star_ris"", ""rho"": 32.0, ""gain"": 0.02977042557197862}, {""block"": ""rsma"", ""rho"": 1.0, ""gain"": 0.0}, {""block"": ""star_ris"", ""rho"": 128.0, ""gain"": 0.007298674727792331}, {""block"": ""rsma"", ""rho"": 1.0, ""gain"": 0.0}, {""block"": ""star_ris"", ""rho"": 2.0, ""gain"": 0.07171313912716926}, {""block"": ""rsma"", ""rho"": 1.0, ""gain"": -3.552713678800501e-15}, {""block"": ""star_ris"", ""rho"": 2.0, ""gain"": 0.17215854378137507}, {""block"": ""rsma"", ""rho"": 1.0, ""gain"": 0.0}, {""block"": ""star_ris"", ""rho"": 1.0, ""gain"": 0.005232315822222944}, {""block"": ""rsma"", ""rho"": 1.0, ""gain"": 0.0}, {""block"": ""star_ris"", ""rho"": 4.0, ""gain"": 0.1134610547045547}, {""block"": ""rsma"", ""rho"": 1.0, ""gain"": 7.105427357601002e-15}, {""block"": ""star_ris"", ""rho"": 32.0, ""gain"": 0.0014419395950540093}]",{},2670.50719,1a480db47c5efa1cc1a63abf6aef552d6bf21ecebd475a7bc99d509c20d9fb0d,fc61d5cda7da39530055bae9bd0e92865f995cd9,ae41070d268d283dcc283b0aaf9b960eae1f4ddd22d423577b272c18802a3aae
ao_sca,64,10000,120,test,17.59635667042197,17.59635667042197,1.0,True,0.0,10,4062,18,ao_sca_proximal_physical,analytical_ris_equal_allocation,"[1.8378742791096288, 17.333560069256123, 17.352244091633636, 17.418378991855004, 17.43350235928534, 17.458103292736645, 17.46784292395949, 17.529885640689628, 17.56405531063061, 17.59471336198674, 17.59635667042197]","[{""block"": ""rsma"", ""rho"": 1.0, ""gain"": 14.546918255872923}, {""block"": ""star_ris"", ""rho"": 1.0, ""gain"": 0.9487675342735713}, {""block"": ""rsma"", ""rho"": 1.0, ""gain"": 0.0}, {""block"": ""star_ris"", ""rho"": 4.0, ""gain"": 0.018684022377513543}, {""block"": ""rsma"", ""rho"": 1.0, ""gain"": 3.552713678800501e-15}, {""block"": ""star_ris"", ""rho"": 16.0, ""gain"": 0.06613490022136403}, {""block"": ""rsma"", ""rho"": 1.0, ""gain"": 0.0}, {""block"": ""star_ris"", ""rho"": 64.0, ""gain"": 0.015123367430337709}, {""block"": ""rsma"", ""rho"": 1.0, ""gain"": 0.0}, {""block"": ""star_ris"", ""rho"": 2.0, ""gain"": 0.02460093345130332}, {""block"": ""rsma"", ""rho"": 1.0, ""gain"": 0.0}, {""block"": ""star_ris"", ""rho"": 2.0, ""gain"": 0.009739631222846157}, {""block"": ""rsma"", ""rho"": 1.0, ""gain"": 0.0}, {""block"": ""star_ris"", ""rho"": 1.0, ""gain"": 0.062042716730136505}, {""block"": ""rsma"", ""rho"": 1.0, ""gain"": 3.552713678800501e-15}, {""block"": ""star_ris"", ""rho"": 16.0, ""gain"": 0.034169669940979475}, {""block"": ""rsma"", ""rho"": 1.0, ""gain"": 0.0}, {""block"": ""star_ris"", ""rho"": 2.0, ""gain"": 0.030658051356130755}, {""block"": ""rsma"", ""rho"": 1.0, ""gain"": -7.105427357601002e-15}, {""block"": ""star_ris"", ""rho"": 4.0, ""gain"": 0.001643308435234303}]",{},2210.89089,1a480db47c5efa1cc1a63abf6aef552d6bf21ecebd475a7bc99d509c20d9fb0d,fc61d5cda7da39530055bae9bd0e92865f995cd9,ae41070d268d283dcc283b0aaf9b960eae1f4ddd22d423577b272c18802a3aae
ao_sca,64,10000,121,test,18.09089504377215,18.09089504377215,1.0,True,0.0,20,8126,37,ao_sca_proximal_physical,analytical_ris_equal_allocation,"[1.8379306809146048, 17.363079530252683, 17.368818248775717, 17.514332466323157, 17.572687322273282, 17.586439859830893, 17.59321774774584, 17.610107237695583, 17.678140401591964, 17.68381828422391, 17.78881091780648, 17.82304050642328, 17.854866466883536, 17.866418333540175, 17.908097574930963, 17.96810726208514, 18.008191609103044, 18.04675943875658, 18.050953022368134, 18.055050410878668, 18.09089504377215]","[{""block"": ""rsma"", ""rho"": 1.0, ""gain"": 15.522923753216295}, {""block"": ""star_ris"", ""rho"": 1.0, ""gain"": 0.002225096121783565}, {""block"": ""rsma"", ""rho"": 1.0, ""gain"": 0.0}, {""block"": ""star_ris"", ""rho"": 1.0, ""gain"": 0.005738718523033981}, {""block"": ""rsma"", ""rho"": 1.0, ""gain"": 0.0}, {""block"": ""star_ris"", ""rho"": 8.0, ""gain"": 0.14551421754743998}, {""block"": ""rsma"", ""rho"": 1.0, ""gain"": 0.0}, {""block"": ""star_ris"", ""rho"": 16.0, ""gain"": 0.05835485595012457}, {""block"": ""rsma"", ""rho"": 1.0, ""gain"": -3.552713678800501e-15}, {""block"": ""star_ris"", ""rho"": 64.0, ""gain"": 0.01375253755761463}, {""block"": ""rsma"", ""rho"": 1.0, ""gain"": 0.0}, {""block"": ""star_ris"", ""rho"": 128.0, ""gain"": 0.00677788791494649}, {""block"": ""rsma"", ""rho"": 1.0, ""gain"": -3.552713678800501e-15}, {""block"": ""star_ris"", ""rho"": 4.0, ""gain"": 0.01688948994974737}, {""block"": ""rsma"", ""rho"": 1.0, ""gain"": 0.0}, {""block"": ""star_ris"", ""rho"": 2.0, ""gain"": 0.0680331638963807}, {""block"": ""rsma"", ""rho"": 1.0, ""gain"": 0.0}, {""block"": ""star_ris"", ""rho"": 1.0, ""gain"": 0.005677882631946574}, {""block"": ""rsma"", ""rho"": 1.0, ""gain"": 0.0}, {""block"": ""star_ris"", ""rho"": 2.0, ""gain"": 0.10499263358256883}, {""block"": ""rsma"", ""rho"": 1.0, ""gain"": 0.0}, {""block"": ""star_ris"", ""rho"": 1.0, ""gain"": 0.03422958861679959}, {""block"": ""rsma"", ""rho"": 1.0, ""gain"": 0.0}, {""block"": ""star_ris"", ""rho"": 1.0, ""gain"": 0.03182596046025665}, {""block"": ""rsma"", ""rho"": 1.0, ""gain"": 0.0}, {""block"": ""star_ris"", ""rho"": 8.0, ""gain"": 0.011551866656638765}, {""block"": ""rsma"", ""rho"": 1.0, ""gain"": 3.552713678800501e-15}, {""block"": ""star_ris"", ""rho"": 4.0, ""gain"": 0.04167924139078494}, {""block"": ""rsma"", ""rho"": 1.0, ""gain"": 0.0}, {""block"": ""star_ris"", ""rho"": 4.0, ""gain"": 0.06000968715417798}, {""block"": ""rsma"", ""rho"": 1.0, ""gain"": 0.0}, {""block"": ""star_ris"", ""rho"": 4.0, ""gain"": 0.040084347017902644}, {""block"": ""rsma"", ""rho"": 1.0, ""gain"": 0.0}, {""block"": ""star_ris"", ""rho"": 4.0, ""gain"": 0.038567829653537444}, {""block"": ""rsma"", ""rho"": 1.0, ""gain"": -3.552713678800501e-15}, {""block"": ""star_ris"", ""rho"": 16.0, ""gain"": 0.004193583611556306}, {""block"": ""rsma"", ""rho"": 1.0, ""gain"": 0.0}, {""block"": ""star_ris"", ""rho"": 8.0, ""gain"": 0.0040973885105337615}, {""block"": ""rsma"", ""rho"": 1.0, ""gain"": 0.0}, {""block"": ""star_ris"", ""rho"": 8.0, ""gain"": 0.0358446328934825}]",{},4348.595088,1a480db47c5efa1cc1a63abf6aef552d6bf21ecebd475a7bc99d509c20d9fb0d,fc61d5cda7da39530055bae9bd0e92865f995cd9,ae41070d268d283dcc283b0aaf9b960eae1f4ddd22d423577b272c18802a3aae
ao_sca,64,10000,122,test,18.14740626655013,18.14740626655013,1.0,True,0.0,20,8117,36,ao_sca_proximal_physical,analytical_ris_equal_allocation,"[1.8379106970334265, 17.287519376362425, 17.396573951520814, 17.532167150208892, 17.547632729630685, 17.561516819656575, 17.591548997918693, 17.659161089032104, 17.791430739688636, 17.811116415547243, 17.821319222099632, 17.835812953878285, 17.949737842114533, 17.9725480406006, 17.98937339478855, 17.994144604747614, 18.00091250980169, 18.06080756060185, 18.135159562750573, 18.13759042595315, 18.14740626655013]","[{""block"": ""rsma"", ""rho"": 1.0, ""gain"": 15.319407562113692}, {""block"": ""star_ris"", ""rho"": 2.0, ""gain"": 0.13020111721530725}, {""block"": ""rsma"", ""rho"": 1.0, ""gain"": 0.0}, {""block"": ""star_ris"", ""rho"": 1.0, ""gain"": 0.1090545751583889}, {""block"": ""rsma"", ""rho"": 1.0, ""gain"": 0.0}, {""block"": ""star_ris"", ""rho"": 8.0, ""gain"": 0.13559319868807762}, {""block"": ""rsma"", ""rho"": 1.0, ""gain"": 0.0}, {""block"": ""star_ris"", ""rho"": 64.0, ""gain"": 0.015465579421793052}, {""block"": ""rsma"", ""rho"": 1.0, ""gain"": 0.0}, {""block"": ""star_ris"", ""rho"": 8.0, ""gain"": 0.013884090025889861}, {""block"": ""rsma"", ""rho"": 1.0, ""gain"": 0.0}, {""block"": ""star_ris"", ""rho"": 2.0, ""gain"": 0.030032178262118236}, {""block"": ""rsma"", ""rho"": 1.0, ""gain"": 0.0}, {""block"": ""star_ris"", ""rho"": 1.0, ""gain"": 0.0676120911134106}, {""block"": ""rsma"", ""rho"": 1.0, ""gain"": 0.0}, {""block"": ""star_ris"", ""rho"": 4.0, ""gain"": 0.13226965065653218}, {""block"": ""rsma"", ""rho"": 1.0, ""gain"": 0.0}, {""block"": ""star_ris"", ""rho"": 8.0, ""gain"": 0.019685675858607254}, {""block"": ""rsma"", ""rho"": 1.0, ""gain"": -3.552713678800501e-15}, {""block"": ""star_ris"", ""rho"": 2.0, ""gain"": 0.010202806552392474}, {""block"": ""rsma"", ""rho"": 1.0, ""gain"": -3.552713678800501e-15}, {""block"": ""star_ris"", ""rho"": 4.0, ""gain"": 0.014493731778657093}, {""block"": ""rsma"", ""rho"": 1.0, ""gain"": 3.552713678800501e-15}, {""block"": ""star_ris"", ""rho"": 4.0, ""gain"": 0.11392488823624447}, {""block"": ""rsma"", ""rho"": 1.0, ""gain"": 3.552713678800501e-15}, {""block"": ""star_ris"", ""rho"": 8.0, ""gain"": 0.022810198486062916}, {""block"": ""rsma"", ""rho"": 1.0, ""gain"": 0.0}, {""block"": ""star_ris"", ""rho"": 4.0, ""gain"": 0.016825354187950836}, {""block"": ""rsma"", ""rho"": 1.0, ""gain"": 0.0}, {""block"": ""star_ris"", ""rho"": 1.0, ""gain"": 0.004771209959063327}, {""block"": ""rsma"", ""rho"": 1.0, ""gain"": 0.0}, {""block"": ""star_ris"", ""rho"": 2.0, ""gain"": 0.0067679050540760954}, {""block"": ""rsma"", ""rho"": 1.0, ""gain"": -3.552713678800501e-15}, {""block"": ""star_ris"", ""rho"": 1.0, ""gain"": 0.059895050800164995}, {""block"": ""rsma"", ""rho"": 1.0, ""gain"": 0.0}, {""block"": ""star_ris"", ""rho"": 1.0, ""gain"": 0.0743520021487214}, {""block"": ""rsma"", ""rho"": 1.0, ""gain"": 0.0}, {""block"": ""star_ris"", ""rho"": 4.0, ""gain"": 0.002430863202576461}, {""block"": ""rsma"", ""rho"": 1.0, ""gain"": 0.0}, {""block"": ""star_ris"", ""rho"": 16.0, ""gain"": 0.009815840596981928}]",{},4410.900054,1a480db47c5efa1cc1a63abf6aef552d6bf21ecebd475a7bc99d509c20d9fb0d,fc61d5cda7da39530055bae9bd0e92865f995cd9,ae41070d268d283dcc283b0aaf9b960eae1f4ddd22d423577b272c18802a3aae
ao_sca,64,10000,123,test,17.263808995740657,17.263808995740657,1.0,True,0.0,7,2854,9,ao_sca_proximal_physical,analytical_ris_equal_allocation,"[1.8378887458942896, 17.13088900182913, 17.15565966035347, 17.223679063902736, 17.25372605916133, 17.25643101369241, 17.262816762624677, 17.263808995740657]","[{""block"": ""rsma"", ""rho"": 1.0, ""gain"": 14.832178171796507}, {""block"": ""star_ris"", ""rho"": 2.0, ""gain"": 0.46082208413833214}, {""block"": ""rsma"", ""rho"": 1.0, ""gain"": 3.552713678800501e-15}, {""block"": ""star_ris"", ""rho"": 8.0, ""gain"": 0.02477065852433924}, {""block"": ""rsma"", ""rho"": 1.0, ""gain"": 0.0}, {""block"": ""star_ris"", ""rho"": 8.0, ""gain"": 0.06801940354926472}, {""block"": ""rsma"", ""rho"": 1.0, ""gain"": 0.0}, {""block"": ""star_ris"", ""rho"": 16.0, ""gain"": 0.030046995258594222}, {""block"": ""rsma"", ""rho"": 1.0, ""gain"": 0.0}, {""block"": ""star_ris"", ""rho"": 32.0, ""gain"": 0.002704954531079551}, {""block"": ""rsma"", ""rho"": 1.0, ""gain"": 0.0}, {""block"": ""star_ris"", ""rho"": 16.0, ""gain"": 0.006385748932267177}, {""block"": ""rsma"", ""rho"": 1.0, ""gain"": 0.0}, {""block"": ""star_ris"", ""rho"": 32.0, ""gain"": 0.000992233115979957}]",{},1530.434922,1a480db47c5efa1cc1a63abf6aef552d6bf21ecebd475a7bc99d509c20d9fb0d,fc61d5cda7da39530055bae9bd0e92865f995cd9,ae41070d268d283dcc283b0aaf9b960eae1f4ddd22d423577b272c18802a3aae
ao_sca,64,10000,124,test,17.676118935427056,17.676118935427056,1.0,True,0.0,8,3253,12,ao_sca_proximal_physical,analytical_ris_equal_allocation,"[1.837853604068298, 16.657146113030326, 16.79661349405484, 17.088488453656733, 17.45037078573865, 17.612413925460206, 17.625184845938772, 17.67544638469054, 17.676118935427056]","[{""block"": ""rsma"", ""rho"": 1.0, ""gain"": 14.750782334999352}, {""block"": ""star_ris"", ""rho"": 2.0, ""gain"": 0.06851017396267522}, {""block"": ""rsma"", ""rho"": 1.0, ""gain"": 0.0}, {""block"": ""star_ris"", ""rho"": 1.0, ""gain"": 0.13946738102451306}, {""block"": ""rsma"", ""rho"": 1.0, ""gain"": 0.0}, {""block"": ""star_ris"", ""rho"": 1.0, ""gain"": 0.2918749596018948}, {""block"": ""rsma"", ""rho"": 1.0, ""gain"": 0.0}, {""block"": ""star_ris"", ""rho"": 1.0, ""gain"": 0.36188233208191534}, {""block"": ""rsma"", ""rho"": 1.0, ""gain"": 0.0}, {""block"": ""star_ris"", ""rho"": 1.0, ""gain"": 0.1620431397215576}, {""block"": ""rsma"", ""rho"": 1.0, ""gain"": 0.0}, {""block"": ""star_ris"", ""rho"": 256.0, ""gain"": 0.012770920478565984}, {""block"": ""rsma"", ""rho"": 1.0, ""gain"": -3.552713678800501e-15}, {""block"": ""star_ris"", ""rho"": 16.0, ""gain"": 0.05026153875177286}, {""block"": ""rsma"", ""rho"": 1.0, ""gain"": 0.0}, {""block"": ""star_ris"", ""rho"": 128.0, ""gain"": 0.0006725507365139549}]",{},1714.016054,1a480db47c5efa1cc1a63abf6aef552d6bf21ecebd475a7bc99d509c20d9fb0d,fc61d5cda7da39530055bae9bd0e92865f995cd9,ae41070d268d283dcc283b0aaf9b960eae1f4ddd22d423577b272c18802a3aae
ao_sca,64,10000,125,test,17.916365927882012,17.916365927882012,1.0,True,0.0,12,4876,23,ao_sca_proximal_physical,analytical_ris_equal_allocation,"[1.837923868076401, 17.356610528720022, 17.429708395836418, 17.549080940991924, 17.664141615385287, 17.688764084449993, 17.735508224120323, 17.860311668559444, 17.864274317796188, 17.890307873763042, 17.91074552789653, 17.914902192787316, 17.916365927882012]","[{""block"": ""rsma"", ""rho"": 1.0, ""gain"": 15.48450066383596}, {""block"": ""star_ris"", ""rho"": 2.0, ""gain"": 0.03418599680766121}, {""block"": ""rsma"", ""rho"": 1.0, ""gain"": 3.552713678800501e-15}, {""block"": ""star_ris"", ""rho"": 2.0, ""gain"": 0.07309786711639177}, {""block"": ""rsma"", ""rho"": 1.0, ""gain"": 0.0}, {""block"": ""star_ris"", ""rho"": 1.0, ""gain"": 0.11937254515550677}, {""block"": ""rsma"", ""rho"": 1.0, ""gain"": -3.552713678800501e-15}, {""block"": ""star_ris"", ""rho"": 2.0, ""gain"": 0.11506067439336576}, {""block"": ""rsma"", ""rho"": 1.0, ""gain"": 0.0}, {""block"": ""star_ris"", ""rho"": 2.0, ""gain"": 0.02462246906470611}, {""block"": ""rsma"", ""rho"": 1.0, ""gain"": 0.0}, {""block"": ""star_ris"", ""rho"": 4.0, ""gain"": 0.04674413967033075}, {""block"": ""rsma"", ""rho"": 1.0, ""gain"": 0.0}, {""block"": ""star_ris"", ""rho"": 4.0, ""gain"": 0.12480344443912017}, {""block"": ""rsma"", ""rho"": 1.0, ""gain"": 0.0}, {""block"": ""star_ris"", ""rho"": 16.0, ""gain"": 0.0039626492367439425}, {""block"": ""rsma"", ""rho"": 1.0, ""gain"": 0.0}, {""block"": ""star_ris"", ""rho"": 8.0, ""gain"": 0.02603355596685475}, {""block"": ""rsma"", ""rho"": 1.0, ""gain"": 0.0}, {""block"": ""star_ris"", ""rho"": 8.0, ""gain"": 0.02043765413348808}, {""block"": ""rsma"", ""rho"": 1.0, ""gain"": 0.0}, {""block"": ""star_ris"", ""rho"": 32.0, ""gain"": 0.004156664890786033}, {""block"": ""rsma"", ""rho"": 1.0, ""gain"": -3.552713678800501e-15}, {""block"": ""star_ris"", ""rho"": 16.0, ""gain"": 0.0014637350946991035}]",{},2590.719206,1a480db47c5efa1cc1a63abf6aef552d6bf21ecebd475a7bc99d509c20d9fb0d,fc61d5cda7da39530055bae9bd0e92865f995cd9,ae41070d268d283dcc283b0aaf9b960eae1f4ddd22d423577b272c18802a3aae
ao_sca,64,10000,126,test,17.815384789163627,17.815384789163627,1.0,True,0.0,15,6122,29,ao_sca_proximal_physical,analytical_ris_equal_allocation,"[1.8378757334157112, 16.90746756047652, 17.296047719282598, 17.611578194016182, 17.665101282377904, 17.67065999286324, 17.700397579285934, 17.724954346928524, 17.73945750100903, 17.741388616401032, 17.752601104828592, 17.76672897217068, 17.79924662626429, 17.81255601329535, 17.81536609729414, 17.815384789163627]","[{""block"": ""rsma"", ""rho"": 1.0, ""gain"": 14.632837471099304}, {""block"": ""star_ris"", ""rho"": 2.0, ""gain"": 0.43675435596150436}, {""block"": ""rsma"", ""rho"": 1.0, ""gain"": 0.0}, {""block"": ""star_ris"", ""rho"": 1.0, ""gain"": 0.38858015880607866}, {""block"": ""rsma"", ""rho"": 1.0, ""gain"": 0.0}, {""block"": ""star_ris"", ""rho"": 2.0, ""gain"": 0.31553047473358475}, {""block"": ""rsma"", ""rho"": 1.0, ""gain"": 0.0}, {""block"": ""star_ris"", ""rho"": 1.0, ""gain"": 0.053523088361721705}, {""block"": ""rsma"", ""rho"": 1.0, ""gain"": 0.0}, {""block"": ""star_ris"", ""rho"": 128.0, ""gain"": 0.005558710485335183}, {""block"": ""rsma"", ""rho"": 1.0, ""gain"": 3.552713678800501e-15}, {""block"": ""star_ris"", ""rho"": 8.0, ""gain"": 0.029737586422690754}, {""block"": ""rsma"", ""rho"": 1.0, ""gain"": 3.552713678800501e-15}, {""block"": ""star_ris"", ""rho"": 64.0, ""gain"": 0.024556767642586408}, {""block"": ""rsma"", ""rho"": 1.0, ""gain"": 0.0}, {""block"": ""star_ris"", ""rho"": 32.0, ""gain"": 0.01450315408050784}, {""block"": ""rsma"", ""rho"": 1.0, ""gain"": 3.552713678800501e-15}, {""block"": ""star_ris"", ""rho"": 32.0, ""gain"": 0.0019311153919971957}, {""block"": ""rsma"", ""rho"": 1.0, ""gain"": -7.105427357601002e-15}, {""block"": ""star_ris"", ""rho"": 16.0, ""gain"": 0.01121248842756728}, {""block"": ""rsma"", ""rho"": 1.0, ""gain"": 0.0}, {""block"": ""star_ris"", ""rho"": 16.0, ""gain"": 0.014127867342086375}, {""block"": ""rsma"", ""rho"": 1.0, ""gain"": 0.0}, {""block"": ""star_ris"", ""rho"": 32.0, ""gain"": 0.03251765409360985}, {""block"": ""rsma"", ""rho"": 1.0, ""gain"": 0.0}, {""block"": ""star_ris"", ""rho"": 64.0, ""gain"": 0.013309387031060993}, {""block"": ""rsma"", ""rho"": 1.0, ""gain"": 0.0}, {""block"": ""star_ris"", ""rho"": 128.0, ""gain"": 0.0028100839987921233}, {""block"": ""rsma"", ""rho"": 1.0, ""gain"": 0.0}, {""block"": ""star_ris"", ""rho"": 128.0, ""gain"": 1.8691869485110146e-05}]",{},3292.188652,1a480db47c5efa1cc1a63abf6aef552d6bf21ecebd475a7bc99d509c20d9fb0d,fc61d5cda7da39530055bae9bd0e92865f995cd9,ae41070d268d283dcc283b0aaf9b960eae1f4ddd22d423577b272c18802a3aae
ao_sca,64,10000,127,test,17.99067556628112,17.99067556628112,1.0,True,0.0,5,2031,8,ao_sca_proximal_physical,analytical_ris_equal_allocation,"[1.8379338471053963, 17.803415385364076, 17.830638289260804, 17.89317674372309, 17.99028769816102, 17.99067556628112]","[{""block"": ""rsma"", ""rho"": 1.0, ""gain"": 14.987859329915999}, {""block"": ""star_ris"", ""rho"": 1.0, ""gain"": 0.9776222083426802}, {""block"": ""rsma"", ""rho"": 1.0, ""gain"": 0.0}, {""block"": ""star_ris"", ""rho"": 2.0, ""gain"": 0.027222903896728212}, {""block"": ""rsma"", ""rho"": 1.0, ""gain"": 0.0}, {""block"": ""star_ris"", ""rho"": 8.0, ""gain"": 0.06253845446228468}, {""block"": ""rsma"", ""rho"": 1.0, ""gain"": 0.0}, {""block"": ""star_ris"", ""rho"": 4.0, ""gain"": 0.09711095443793027}, {""block"": ""rsma"", ""rho"": 1.0, ""gain"": 0.0}, {""block"": ""star_ris"", ""rho"": 16.0, ""gain"": 0.00038786812010016547}]",{},1089.362492,1a480db47c5efa1cc1a63abf6aef552d6bf21ecebd475a7bc99d509c20d9fb0d,fc61d5cda7da39530055bae9bd0e92865f995cd9,ae41070d268d283dcc283b0aaf9b960eae1f4ddd22d423577b272c18802a3aae
ao_sca,64,10000,128,test,17.712463804061137,17.712463804061137,1.0,True,0.0,10,4064,19,ao_sca_proximal_physical,analytical_ris_equal_allocation,"[1.837913599068543, 17.360702811389547, 17.517655061569297, 17.546662144115476, 17.61795259232922, 17.631466190384703, 17.634054963409586, 17.65814152692696, 17.6745562415189, 17.7114506610669, 17.712463804061137]","[{""block"": ""rsma"", ""rho"": 1.0, ""gain"": 15.174685704737435}, {""block"": ""star_ris"", ""rho"": 1.0, ""gain"": 0.3481035075835699}, {""block"": ""rsma"", ""rho"": 1.0, ""gain"": -3.552713678800501e-15}, {""block"": ""star_ris"", ""rho"": 2.0, ""gain"": 0.1569522501797529}, {""block"": ""rsma"", ""rho"": 1.0, ""gain"": 3.552713678800501e-15}, {""block"": ""star_ris"", ""rho"": 32.0, ""gain"": 0.02900708254617612}, {""block"": ""rsma"", ""rho"": 1.0, ""gain"": 0.0}, {""block"": ""star_ris"", ""rho"": 2.0, ""gain"": 0.07129044821374464}, {""block"": ""rsma"", ""rho"": 1.0, ""gain"": -3.552713678800501e-15}, {""block"": ""star_ris"", ""rho"": 4.0, ""gain"": 0.013513598055485687}, {""block"": ""rsma"", ""rho"": 1.0, ""gain"": -3.552713678800501e-15}, {""block"": ""star_ris"", ""rho"": 8.0, ""gain"": 0.0025887730248861374}, {""block"": ""rsma"", ""rho"": 1.0, ""gain"": 0.0}, {""block"": ""star_ris"", ""rho"": 32.0, ""gain"": 0.02408656351737548}, {""block"": ""rsma"", ""rho"": 1.0, ""gain"": 0.0}, {""block"": ""star_ris"", ""rho"": 4.0, ""gain"": 0.01641471459193866}, {""block"": ""rsma"", ""rho"": 1.0, ""gain"": 0.0}, {""block"": ""star_ris"", ""rho"": 2.0, ""gain"": 0.036894419547998325}, {""block"": ""rsma"", ""rho"": 1.0, ""gain"": 0.0}, {""block"": ""star_ris"", ""rho"": 8.0, ""gain"": 0.0010131429942390469}]",{},2150.05791,1a480db47c5efa1cc1a63abf6aef552d6bf21ecebd475a7bc99d509c20d9fb0d,fc61d5cda7da39530055bae9bd0e92865f995cd9,ae41070d268d283dcc283b0aaf9b960eae1f4ddd22d423577b272c18802a3aae
ao_sca,64,10000,129,test,17.556204618822754,17.556204618822754,1.0,True,0.0,4,1630,8,ao_sca_proximal_physical,analytical_ris_equal_allocation,"[1.8379263183348902, 17.27660127107726, 17.54135890303977, 17.555045009049778, 17.556204618822754]","[{""block"": ""rsma"", ""rho"": 1.0, ""gain"": 15.297105889297296}, {""block"": ""star_ris"", ""rho"": 2.0, ""gain"": 0.14156906344507547}, {""block"": ""rsma"", ""rho"": 1.0, ""gain"": 3.552713678800501e-15}, {""block"": ""star_ris"", ""rho"": 4.0, ""gain"": 0.2647576319625067}, {""block"": ""rsma"", ""rho"": 1.0, ""gain"": 0.0}, {""block"": ""star_ris"", ""rho"": 64.0, ""gain"": 0.013686106010005972}, {""block"": ""rsma"", ""rho"": 1.0, ""gain"": 0.0}, {""block"": ""star_ris"", ""rho"": 16.0, ""gain"": 0.0011596097729764665}]",{},877.186627,1a480db47c5efa1cc1a63abf6aef552d6bf21ecebd475a7bc99d509c20d9fb0d,fc61d5cda7da39530055bae9bd0e92865f995cd9,ae41070d268d283dcc283b0aaf9b960eae1f4ddd22d423577b272c18802a3aae
ao_sca,64,10000,130,test,17.705206515789808,17.705206515789808,1.0,True,0.0,11,4482,18,ao_sca_proximal_physical,analytical_ris_equal_allocation,"[1.837910624228527, 17.301285815259988, 17.355686386956485, 17.585123606892697, 17.64028906851392, 17.646084309348243, 17.676881352523424, 17.683706365086586, 17.694866803631513, 17.700394192733597, 17.703558529866424, 17.705206515789808]","[{""block"": ""rsma"", ""rho"": 1.0, ""gain"": 14.819551545902566}, {""block"": ""star_ris"", ""rho"": 1.0, ""gain"": 0.6438236451288937}, {""block"": ""rsma"", ""rho"": 1.0, ""gain"": -7.105427357601002e-15}, {""block"": ""star_ris"", ""rho"": 2.0, ""gain"": 0.054400571696504585}, {""block"": ""rsma"", ""rho"": 1.0, ""gain"": 0.0}, {""block"": ""star_ris"", ""rho"": 2.0, ""gain"": 0.22943721993621224}, {""block"": ""rsma"", ""rho"": 1.0, ""gain"": 0.0}, {""block"": ""star_ris"", ""rho"": 4.0, ""gain"": 0.05516546162122182}, {""block"": ""rsma"", ""rho"": 1.0, ""gain"": 0.0}, {""block"": ""star_ris"", ""rho"": 32.0, ""gain"": 0.005795240834324034}, {""block"": ""rsma"", ""rho"": 1.0, ""gain"": 0.0}, {""block"": ""star_ris"", ""rho"": 8.0, ""gain"": 0.030797043175180505}, {""block"": ""rsma"", ""rho"": 1.0, ""gain"": 7.105427357601002e-15}, {""block"": ""star_ris"", ""rho"": 16.0, ""gain"": 0.006825012563155042}, {""block"": ""rsma"", ""rho"": 1.0, ""gain"": 3.552713678800501e-15}, {""block"": ""star_ris"", ""rho"": 32.0, ""gain"": 0.011160438544923323}, {""block"": ""rsma"", ""rho"": 1.0, ""gain"": 0.0}, {""block"": ""star_ris"", ""rho"": 64.0, ""gain"": 0.005527389102084612}, {""block"": ""rsma"", ""rho"": 1.0, ""gain"": 0.0}, {""block"": ""star_ris"", ""rho"": 32.0, ""gain"": 0.003164337132826489}, {""block"": ""rsma"", ""rho"": 1.0, ""gain"": 0.0}, {""block"": ""star_ris"", ""rho"": 32.0, ""gain"": 0.0016479859233839989}]",{},2401.777736,1a480db47c5efa1cc1a63abf6aef552d6bf21ecebd475a7bc99d509c20d9fb0d,fc61d5cda7da39530055bae9bd0e92865f995cd9,ae41070d268d283dcc283b0aaf9b960eae1f4ddd22d423577b272c18802a3aae
ao_sca,64,10000,131,test,17.772350772135788,17.772350772135788,1.0,True,0.0,14,5723,27,ao_sca_proximal_physical,analytical_ris_equal_allocation,"[1.837866348835811, 16.698387182509098, 17.517052081766273, 17.601170571319813, 17.60539329355896, 17.616855083319024, 17.710989002391706, 17.726071345749922, 17.743176335593834, 17.750896538954134, 17.755413985033826, 17.764010863840557, 17.767458721424966, 17.77133989016242, 17.772350772135788]","[{""block"": ""rsma"", ""rho"": 1.0, ""gain"": 14.501190316076887}, {""block"": ""star_ris"", ""rho"": 1.0, ""gain"": 0.3593305175964012}, {""block"": ""rsma"", ""rho"": 1.0, ""gain"": -3.552713678800501e-15}, {""block"": ""star_ris"", ""rho"": 1.0, ""gain"": 0.818664899257179}, {""block"": ""rsma"", ""rho"": 1.0, ""gain"": 0.0}, {""block"": ""star_ris"", ""rho"": 1.0, ""gain"": 0.08411848955353918}, {""block"": ""rsma"", ""rho"": 1.0, ""gain"": 0.0}, {""block"": ""star_ris"", ""rho"": 4.0, ""gain"": 0.0042227222391488795}, {""block"": ""rsma"", ""rho"": 1.0, ""gain"": 0.0}, {""block"": ""star_ris"", ""rho"": 2.0, ""gain"": 0.011461789760062402}, {""block"": ""rsma"", ""rho"": 1.0, ""gain"": -3.552713678800501e-15}, {""block"": ""star_ris"", ""rho"": 1.0, ""gain"": 0.09413391907268576}, {""block"": ""rsma"", ""rho"": 1.0, ""gain"": 0.0}, {""block"": ""star_ris"", ""rho"": 8.0, ""gain"": 0.015082343358216121}, {""block"": ""rsma"", ""rho"": 1.0, ""gain"": -3.552713678800501e-15}, {""block"": ""star_ris"", ""rho"": 512.0, ""gain"": 0.017104989843915064}, {""block"": ""rsma"", ""rho"": 1.0, ""gain"": 0.0}, {""block"": ""star_ris"", ""rho"": 64.0, ""gain"": 0.007720203360300104}, {""block"": ""rsma"", ""rho"": 1.0, ""gain"": 0.0}, {""block"": ""star_ris"", ""rho"": 512.0, ""gain"": 0.004517446079692178}, {""block"": ""rsma"", ""rho"": 1.0, ""gain"": 0.0}, {""block"": ""star_ris"", ""rho"": 128.0, ""gain"": 0.008596878806731212}, {""block"": ""rsma"", ""rho"": 1.0, ""gain"": 0.0}, {""block"": ""star_ris"", ""rho"": 512.0, ""gain"": 0.0034478575844083537}, {""block"": ""rsma"", ""rho"": 1.0, ""gain"": 0.0}, {""block"": ""star_ris"", ""rho"": 512.0, ""gain"": 0.0038811687374540327}, {""block"": ""rsma"", ""rho"": 1.0, ""gain"": -3.552713678800501e-15}, {""block"": ""star_ris"", ""rho"": 2048.0, ""gain"": 0.0010108819733716246}]",{},3184.269954,1a480db47c5efa1cc1a63abf6aef552d6bf21ecebd475a7bc99d509c20d9fb0d,fc61d5cda7da39530055bae9bd0e92865f995cd9,ae41070d268d283dcc283b0aaf9b960eae1f4ddd22d423577b272c18802a3aae
ao_sca,64,10000,132,test,17.44160815919343,17.44160815919343,1.0,True,0.0,11,4473,22,ao_sca_proximal_physical,analytical_ris_equal_allocation,"[1.8378223625528005, 16.422638522531237, 16.843797619293575, 17.055182237155616, 17.22002066800741, 17.307798189829654, 17.36408912659625, 17.37639832589948, 17.38311863832269, 17.387244132613795, 17.44056039263417, 17.44160815919343]","[{""block"": ""rsma"", ""rho"": 1.0, ""gain"": 14.254863446388145}, {""block"": ""star_ris"", ""rho"": 4.0, ""gain"": 0.3299527135902913}, {""block"": ""rsma"", ""rho"": 1.0, ""gain"": 0.0}, {""block"": ""star_ris"", ""rho"": 1.0, ""gain"": 0.421159096762338}, {""block"": ""rsma"", ""rho"": 1.0, ""gain"": 3.552713678800501e-15}, {""block"": ""star_ris"", ""rho"": 2.0, ""gain"": 0.21138461786203777}, {""block"": ""rsma"", ""rho"": 1.0, ""gain"": 0.0}, {""block"": ""star_ris"", ""rho"": 1.0, ""gain"": 0.16483843085179473}, {""block"": ""rsma"", ""rho"": 1.0, ""gain"": 0.0}, {""block"": ""star_ris"", ""rho"": 1.0, ""gain"": 0.08777752182224319}, {""block"": ""rsma"", ""rho"": 1.0, ""gain"": 0.0}, {""block"": ""star_ris"", ""rho"": 32.0, ""gain"": 0.056290936766597355}, {""block"": ""rsma"", ""rho"": 1.0, ""gain"": 0.0}, {""block"": ""star_ris"", ""rho"": 64.0, ""gain"": 0.012309199303228269}, {""block"": ""rsma"", ""rho"": 1.0, ""gain"": -3.552713678800501e-15}, {""block"": ""star_ris"", ""rho"": 8.0, ""gain"": 0.006720312423212249}, {""block"": ""rsma"", ""rho"": 1.0, ""gain"": -3.552713678800501e-15}, {""block"": ""star_ris"", ""rho"": 16.0, ""gain"": 0.004125494291109533}, {""block"": ""rsma"", ""rho"": 1.0, ""gain"": -3.552713678800501e-15}, {""block"": ""star_ris"", ""rho"": 8.0, ""gain"": 0.05331626002037737}, {""block"": ""rsma"", ""rho"": 1.0, ""gain"": 3.552713678800501e-15}, {""block"": ""star_ris"", ""rho"": 16.0, ""gain"": 0.0010477665592567575}]",{},2433.143864,1a480db47c5efa1cc1a63abf6aef552d6bf21ecebd475a7bc99d509c20d9fb0d,fc61d5cda7da39530055bae9bd0e92865f995cd9,ae41070d268d283dcc283b0aaf9b960eae1f4ddd22d423577b272c18802a3aae
ao_sca,64,10000,133,test,17.96284446511021,17.96284446511021,1.0,True,0.0,10,4049,18,ao_sca_proximal_physical,analytical_ris_equal_allocation,"[1.8379253878395614, 17.511901569020935, 17.60349769484325, 17.608617081536465, 17.63218191347321, 17.734804796686873, 17.784730202055428, 17.8028899569644, 17.8684500041591, 17.96194621799622, 17.96284446511021]","[{""block"": ""rsma"", ""rho"": 1.0, ""gain"": 15.246686364492863}, {""block"": ""star_ris"", ""rho"": 1.0, ""gain"": 0.4272898166885106}, {""block"": ""rsma"", ""rho"": 1.0, ""gain"": 0.0}, {""block"": ""star_ris"", ""rho"": 1.0, ""gain"": 0.09159612582231347}, {""block"": ""rsma"", ""rho"": 1.0, ""gain"": 0.0}, {""block"": ""star_ris"", ""rho"": 2.0, ""gain"": 0.005119386693216654}, {""block"": ""rsma"", ""rho"": 1.0, ""gain"": 0.0}, {""block"": ""star_ris"", ""rho"": 2.0, ""gain"": 0.023564831936745634}, {""block"": ""rsma"", ""rho"": 1.0, ""gain"": 0.0}, {""block"": ""star_ris"", ""rho"": 1.0, ""gain"": 0.10262288321366242}, {""block"": ""rsma"", ""rho"": 1.0, ""gain"": 0.0}, {""block"": ""star_ris"", ""rho"": 4.0, ""gain"": 0.04992540536855472}, {""block"": ""rsma"", ""rho"": 1.0, ""gain"": -3.552713678800501e-15}, {""block"": ""star_ris"", ""rho"": 2.0, ""gain"": 0.018159754908975145}, {""block"": ""rsma"", ""rho"": 1.0, ""gain"": 0.0}, {""block"": ""star_ris"", ""rho"": 2.0, ""gain"": 0.0655600471947011}, {""block"": ""rsma"", ""rho"": 1.0, ""gain"": 3.552713678800501e-15}, {""block"": ""star_ris"", ""rho"": 1.0, ""gain"": 0.09349621383711693}, {""block"": ""rsma"", ""rho"": 1.0, ""gain"": 0.0}, {""block"": ""star_ris"", ""rho"": 4.0, ""gain"": 0.0008982471139873383}]",{},2208.088781,1a480db47c5efa1cc1a63abf6aef552d6bf21ecebd475a7bc99d509c20d9fb0d,fc61d5cda7da39530055bae9bd0e92865f995cd9,ae41070d268d283dcc283b0aaf9b960eae1f4ddd22d423577b272c18802a3aae
ao_sca,64,10000,134,test,17.64676463906921,17.64676463906921,1.0,True,0.0,9,3652,16,ao_sca_proximal_physical,analytical_ris_equal_allocation,"[1.837880764866487, 17.056411042493096, 17.14974952341185, 17.321774115185846, 17.371339346964987, 17.376809433485427, 17.396921008093507, 17.489708501680816, 17.646225127509023, 17.64676463906921]","[{""block"": ""rsma"", ""rho"": 1.0, ""gain"": 14.836850077744824}, {""block"": ""star_ris"", ""rho"": 1.0, ""gain"": 0.38168019988178514}, {""block"": ""rsma"", ""rho"": 1.0, ""gain"": 0.0}, {""block"": ""star_ris"", ""rho"": 2.0, ""gain"": 0.09333848091875296}, {""block"": ""rsma"", ""rho"": 1.0, ""gain"": 0.0}, {""block"": ""star_ris"", ""rho"": 1.0, ""gain"": 0.17202459177399732}, {""block"": ""rsma"", ""rho"": 1.0, ""gain"": 0.0}, {""block"": ""star_ris"", ""rho"": 1.0, ""gain"": 0.04956523177914107}, {""block"": ""rsma"", ""rho"": 1.0, ""gain"": -3.552713678800501e-15}, {""block"": ""star_ris"", ""rho"": 16.0, ""gain"": 0.005470086520443118}, {""block"": ""rsma"", ""rho"": 1.0, ""gain"": 0.0}, {""block"": ""star_ris"", ""rho"": 4.0, ""gain"": 0.020111574608080218}, {""block"": ""rsma"", ""rho"": 1.0, ""gain"": -3.552713678800501e-15}, {""block"": ""star_ris"", ""rho"": 2.0, ""gain"": 0.09278749358731275}, {""block"": ""rsma"", ""rho"": 1.0, ""gain"": 0.0}, {""block"": ""star_ris"", ""rho"": 1.0, ""gain"": 0.1565166258282069}, {""block"": ""rsma"", ""rho"": 1.0, ""gain"": 0.0}, {""block"": ""star_ris"", ""rho"": 128.0, ""gain"": 0.0005395115601878331}]",{},1997.864538,1a480db47c5efa1cc1a63abf6aef552d6bf21ecebd475a7bc99d509c20d9fb0d,fc61d5cda7da39530055bae9bd0e92865f995cd9,ae41070d268d283dcc283b0aaf9b960eae1f4ddd22d423577b272c18802a3aae
ao_sca,64,10000,135,test,17.775365515509588,17.775365515509588,1.0,True,0.0,13,5388,21,ao_sca_proximal_physical,analytical_ris_equal_allocation,"[1.8378193486189625, 15.921281310398303, 15.976093790056678, 16.002560689378495, 16.015572291874502, 16.022024141100545, 17.270952811264447, 17.501431916684933, 17.669672639529303, 17.747940825963557, 17.751140681248714, 17.772273084244897, 17.77468193787438, 17.775365515509588]","[{""block"": ""rsma"", ""rho"": 1.0, ""gain"": 13.829037937442777}, {""block"": ""star_ris"", ""rho"": 8.0, ""gain"": 0.2544240243365632}, {""block"": ""rsma"", ""rho"": 65536.0, ""gain"": 0.0}, {""block"": ""star_ris"", ""rho"": 32.0, ""gain"": 0.054812479658375324}, {""block"": ""rsma"", ""rho"": 65536.0, ""gain"": 0.0}, {""block"": ""star_ris"", ""rho"": 64.0, ""gain"": 0.02646689932181623}, {""block"": ""rsma"", ""rho"": 65536.0, ""gain"": 0.0}, {""block"": ""star_ris"", ""rho"": 128.0, ""gain"": 0.013011602496007413}, {""block"": ""rsma"", ""rho"": 65536.0, ""gain"": 0.0}, {""block"": ""star_ris"", ""rho"": 256.0, ""gain"": 0.006451849226042583}, {""block"": ""rsma"", ""rho"": 65536.0, ""gain"": 0.0}, {""block"": ""star_ris"", ""rho"": 1.0, ""gain"": 1.2489286701639024}, {""block"": ""rsma"", ""rho"": 1.0, ""gain"": 0.0}, {""block"": ""star_ris"", ""rho"": 1.0, ""gain"": 0.23047910542048555}, {""block"": ""rsma"", ""rho"": 1.0, ""gain"": 3.552713678800501e-15}, {""block"": ""star_ris"", ""rho"": 16.0, ""gain"": 0.16824072284436653}, {""block"": ""rsma"", ""rho"": 1.0, ""gain"": 0.0}, {""block"": ""star_ris"", ""rho"": 4.0, ""gain"": 0.07826818643425426}, {""block"": ""rsma"", ""rho"": 1.0, ""gain"": 0.0}, {""block"": ""star_ris"", ""rho"": 128.0, ""gain"": 0.003199855285156872}, {""block"": ""rsma"", ""rho"": 1.0, ""gain"": 0.0}, {""block"": ""star_ris"", ""rho"": 32.0, ""gain"": 0.021132402996183686}, {""block"": ""rsma"", ""rho"": 1.0, ""gain"": 3.552713678800501e-15}, {""block"": ""star_ris"", ""rho"": 32.0, ""gain"": 0.0024088536294790686}, {""block"": ""rsma"", ""rho"": 1.0, ""gain"": 0.0}, {""block"": ""star_ris"", ""rho"": 256.0, ""gain"": 0.000683577635207655}]",{},3068.102015,1a480db47c5efa1cc1a63abf6aef552d6bf21ecebd475a7bc99d509c20d9fb0d,fc61d5cda7da39530055bae9bd0e92865f995cd9,ae41070d268d283dcc283b0aaf9b960eae1f4ddd22d423577b272c18802a3aae
ao_sca,64,10000,136,test,17.422873557805186,17.422873557805186,1.0,True,0.0,11,4472,19,ao_sca_proximal_physical,analytical_ris_equal_allocation,"[1.8378718086556955, 17.141292833943652, 17.164998086530343, 17.189381812042512, 17.246723223284537, 17.315279436383864, 17.318424841101624, 17.3265539638586, 17.38220207295579, 17.393517167685765, 17.421829208314698, 17.422873557805186]","[{""block"": ""rsma"", ""rho"": 1.0, ""gain"": 14.700684254644873}, {""block"": ""star_ris"", ""rho"": 2.0, ""gain"": 0.6027367706430837}, {""block"": ""rsma"", ""rho"": 1.0, ""gain"": 0.0}, {""block"": ""star_ris"", ""rho"": 32.0, ""gain"": 0.02370525258669076}, {""block"": ""rsma"", ""rho"": 1.0, ""gain"": -3.552713678800501e-15}, {""block"": ""star_ris"", ""rho"": 2.0, ""gain"": 0.02438372551217327}, {""block"": ""rsma"", ""rho"": 1.0, ""gain"": 0.0}, {""block"": ""star_ris"", ""rho"": 4.0, ""gain"": 0.05734141124202452}, {""block"": ""rsma"", ""rho"": 1.0, ""gain"": 0.0}, {""block"": ""star_ris"", ""rho"": 4.0, ""gain"": 0.06855621309932758}, {""block"": ""rsma"", ""rho"": 1.0, ""gain"": 0.0}, {""block"": ""star_ris"", ""rho"": 16.0, ""gain"": 0.0031454047177597033}, {""block"": ""rsma"", ""rho"": 1.0, ""gain"": 0.0}, {""block"": ""star_ris"", ""rho"": 4.0, ""gain"": 0.008129122756976415}, {""block"": ""rsma"", ""rho"": 1.0, ""gain"": 0.0}, {""block"": ""star_ris"", ""rho"": 2.0, ""gain"": 0.05564810909718787}, {""block"": ""rsma"", ""rho"": 1.0, ""gain"": 3.552713678800501e-15}, {""block"": ""star_ris"", ""rho"": 8.0, ""gain"": 0.011315094729972941}, {""block"": ""rsma"", ""rho"": 1.0, ""gain"": 0.0}, {""block"": ""star_ris"", ""rho"": 8.0, ""gain"": 0.028312040628932778}, {""block"": ""rsma"", ""rho"": 1.0, ""gain"": 0.0}, {""block"": ""star_ris"", ""rho"": 8.0, ""gain"": 0.0010443494904883721}]",{},2491.248521,1a480db47c5efa1cc1a63abf6aef552d6bf21ecebd475a7bc99d509c20d9fb0d,fc61d5cda7da39530055bae9bd0e92865f995cd9,ae41070d268d283dcc283b0aaf9b960eae1f4ddd22d423577b272c18802a3aae
ao_sca,64,10000,137,test,17.881352336866364,17.881352336866364,1.0,True,0.0,7,2837,13,ao_sca_proximal_physical,analytical_ris_equal_allocation,"[1.8379363974963379, 17.40342085160434, 17.633994553456464, 17.665136542915935, 17.757197753470457, 17.763363773637895, 17.880406590183426, 17.881352336866364]","[{""block"": ""rsma"", ""rho"": 1.0, ""gain"": 15.501368638787527}, {""block"": ""star_ris"", ""rho"": 2.0, ""gain"": 0.06411581532047705}, {""block"": ""rsma"", ""rho"": 1.0, ""gain"": 0.0}, {""block"": ""star_ris"", ""rho"": 2.0, ""gain"": 0.23057370185212278}, {""block"": ""rsma"", ""rho"": 1.0, ""gain"": 0.0}, {""block"": ""star_ris"", ""rho"": 2.0, ""gain"": 0.031141989459470665}, {""block"": ""rsma"", ""rho"": 1.0, ""gain"": 0.0}, {""block"": ""star_ris"", ""rho"": 2.0, ""gain"": 0.09206121055452243}, {""block"": ""rsma"", ""rho"": 1.0, ""gain"": 0.0}, {""block"": ""star_ris"", ""rho"": 2.0, ""gain"": 0.006166020167437836}, {""block"": ""rsma"", ""rho"": 1.0, ""gain"": 0.0}, {""block"": ""star_ris"", ""rho"": 1.0, ""gain"": 0.11704281654553128}, {""block"": ""rsma"", ""rho"": 1.0, ""gain"": 3.552713678800501e-15}, {""block"": ""star_ris"", ""rho"": 8.0, ""gain"": 0.0009457466829339012}]",{},1640.719523,1a480db47c5efa1cc1a63abf6aef552d6bf21ecebd475a7bc99d509c20d9fb0d,fc61d5cda7da39530055bae9bd0e92865f995cd9,ae41070d268d283dcc283b0aaf9b960eae1f4ddd22d423577b272c18802a3aae
ao_sca,64,10000,138,test,17.67527004912994,17.67527004912994,1.0,True,0.0,5,2036,8,ao_sca_proximal_physical,analytical_ris_equal_allocation,"[1.8379020853854084, 17.27609061158746, 17.551377062465498, 17.64955331975709, 17.673945776994863, 17.67527004912994]","[{""block"": ""rsma"", ""rho"": 1.0, ""gain"": 14.605843712196766}, {""block"": ""star_ris"", ""rho"": 2.0, ""gain"": 0.8323448140052854}, {""block"": ""rsma"", ""rho"": 1.0, ""gain"": 0.0}, {""block"": ""star_ris"", ""rho"": 4.0, ""gain"": 0.2752864508780384}, {""block"": ""rsma"", ""rho"": 1.0, ""gain"": 0.0}, {""block"": ""star_ris"", ""rho"": 8.0, ""gain"": 0.09817625729159118}, {""block"": ""rsma"", ""rho"": 1.0, ""gain"": 0.0}, {""block"": ""star_ris"", ""rho"": 32.0, ""gain"": 0.024392457237773613}, {""block"": ""rsma"", ""rho"": 1.0, ""gain"": 0.0}, {""block"": ""star_ris"", ""rho"": 16.0, ""gain"": 0.001324272135075688}]",{},1121.690943,1a480db47c5efa1cc1a63abf6aef552d6bf21ecebd475a7bc99d509c20d9fb0d,fc61d5cda7da39530055bae9bd0e92865f995cd9,ae41070d268d283dcc283b0aaf9b960eae1f4ddd22d423577b272c18802a3aae
ao_sca,64,10000,139,test,17.9469674574412,17.9469674574412,1.0,True,0.0,16,6509,28,ao_sca_proximal_physical,analytical_ris_equal_allocation,"[1.8378874629160638, 16.92722940655824, 16.954557682221495, 17.504611392656606, 17.544398877955746, 17.65041716978244, 17.686417905704225, 17.74176939257392, 17.806944645643068, 17.859271699827815, 17.880712326509286, 17.90830155618372, 17.912742573138196, 17.927439708115802, 17.93083296957507, 17.946311762847806, 17.9469674574412]","[{""block"": ""rsma"", ""rho"": 1.0, ""gain"": 14.475590655804842}, {""block"": ""star_ris"", ""rho"": 2.0, ""gain"": 0.613751287837335}, {""block"": ""rsma"", ""rho"": 1.0, ""gain"": 3.552713678800501e-15}, {""block"": ""star_ris"", ""rho"": 32.0, ""gain"": 0.027328275663251134}, {""block"": ""rsma"", ""rho"": 1.0, ""gain"": 0.0}, {""block"": ""star_ris"", ""rho"": 1.0, ""gain"": 0.5500537104351118}, {""block"": ""rsma"", ""rho"": 1.0, ""gain"": -3.552713678800501e-15}, {""block"": ""star_ris"", ""rho"": 1.0, ""gain"": 0.039787485299143555}, {""block"": ""rsma"", ""rho"": 1.0, ""gain"": 3.552713678800501e-15}, {""block"": ""star_ris"", ""rho"": 2.0, ""gain"": 0.10601829182668965}, {""block"": ""rsma"", ""rho"": 1.0, ""gain"": 0.0}, {""block"": ""star_ris"", ""rho"": 1.0, ""gain"": 0.03600073592178532}, {""block"": ""rsma"", ""rho"": 1.0, ""gain"": -7.105427357601002e-15}, {""block"": ""star_ris"", ""rho"": 2.0, ""gain"": 0.05535148686970359}, {""block"": ""rsma"", ""rho"": 1.0, ""gain"": 0.0}, {""block"": ""star_ris"", ""rho"": 16.0, ""gain"": 0.06517525306914607}, {""block"": ""rsma"", ""rho"": 1.0, ""gain"": 0.0}, {""block"": ""star_ris"", ""rho"": 4.0, ""gain"": 0.05232705418474737}, {""block"": ""rsma"", ""rho"": 1.0, ""gain"": 0.0}, {""block"": ""star_ris"", ""rho"": 16.0, ""gain"": 0.021440626681471286}, {""block"": ""rsma"", ""rho"": 1.0, ""gain"": 0.0}, {""block"": ""star_ris"", ""rho"": 16.0, ""gain"": 0.027589229674433113}, {""block"": ""rsma"", ""rho"": 1.0, ""gain"": 3.552713678800501e-15}, {""block"": ""star_ris"", ""rho"": 8.0, ""gain"": 0.004441016954473298}, {""block"": ""rsma"", ""rho"": 1.0, ""gain"": -7.105427357601002e-15}, {""block"": ""star_ris"", ""rho"": 8.0, ""gain"": 0.014697134977613047}, {""block"": ""rsma"", ""rho"": 1.0, ""gain"": 3.552713678800501e-15}, {""block"": ""star_ris"", ""rho"": 32.0, ""gain"": 0.003393261459265773}, {""block"": ""rsma"", ""rho"": 1.0, ""gain"": -3.552713678800501e-15}, {""block"": ""star_ris"", ""rho"": 32.0, ""gain"": 0.015478793272738045}, {""block"": ""rsma"", ""rho"": 1.0, ""gain"": 3.552713678800501e-15}, {""block"": ""star_ris"", ""rho"": 64.0, ""gain"": 0.0006556945933908764}]",{},3714.825966,1a480db47c5efa1cc1a63abf6aef552d6bf21ecebd475a7bc99d509c20d9fb0d,fc61d5cda7da39530055bae9bd0e92865f995cd9,ae41070d268d283dcc283b0aaf9b960eae1f4ddd22d423577b272c18802a3aae
ao_sca,64,10000,140,test,17.62323778990757,17.62323778990757,1.0,True,0.0,6,2440,11,ao_sca_proximal_physical,analytical_ris_equal_allocation,"[1.8379082514036558, 17.175089853117637, 17.2329715963985, 17.284343894957313, 17.34150595630249, 17.62177419202703, 17.62323778990757]","[{""block"": ""rsma"", ""rho"": 1.0, ""gain"": 15.211186195548924}, {""block"": ""star_ris"", ""rho"": 8.0, ""gain"": 0.12599540616505678}, {""block"": ""rsma"", ""rho"": 1.0, ""gain"": 0.0}, {""block"": ""star_ris"", ""rho"": 16.0, ""gain"": 0.05788174328086271}, {""block"": ""rsma"", ""rho"": 1.0, ""gain"": 0.0}, {""block"": ""star_ris"", ""rho"": 1.0, ""gain"": 0.05137229855881387}, {""block"": ""rsma"", ""rho"": 1.0, ""gain"": 0.0}, {""block"": ""star_ris"", ""rho"": 2.0, ""gain"": 0.05716206134517776}, {""block"": ""rsma"", ""rho"": 1.0, ""gain"": 0.0}, {""block"": ""star_ris"", ""rho"": 4.0, ""gain"": 0.2802682357245381}, {""block"": ""rsma"", ""rho"": 1.0, ""gain"": 0.0}, {""block"": ""star_ris"", ""rho"": 32.0, ""gain"": 0.0014635978805408456}]",{},1353.374935,1a480db47c5efa1cc1a63abf6aef552d6bf21ecebd475a7bc99d509c20d9fb0d,fc61d5cda7da39530055bae9bd0e92865f995cd9,ae41070d268d283dcc283b0aaf9b960eae1f4ddd22d423577b272c18802a3aae
ao_sca,64,10000,141,test,17.694801117998814,17.694801117998814,1.0,True,0.0,15,6089,27,ao_sca_proximal_physical,analytical_ris_equal_allocation,"[1.8379102941874006, 17.230064488383025, 17.24060451503388, 17.249961521331237, 17.362143221808015, 17.365743731154268, 17.384403791194156, 17.44650186196794, 17.556416966280686, 17.563488634712968, 17.582273614266555, 17.59348317196079, 17.622599704774586, 17.67295585119678, 17.69480032321506, 17.694801117998814]","[{""block"": ""rsma"", ""rho"": 1.0, ""gain"": 15.360035766020511}, {""block"": ""star_ris"", ""rho"": 4.0, ""gain"": 0.03211842817511368}, {""block"": ""rsma"", ""rho"": 1.0, ""gain"": 0.0}, {""block"": ""star_ris"", ""rho"": 2.0, ""gain"": 0.010540026650854628}, {""block"": ""rsma"", ""rho"": 1.0, ""gain"": 0.0}, {""block"": ""star_ris"", ""rho"": 2.0, ""gain"": 0.009357006297356918}, {""block"": ""rsma"", ""rho"": 1.0, ""gain"": 0.0}, {""block"": ""star_ris"", ""rho"": 1.0, ""gain"": 0.11218170047677845}, {""block"": ""rsma"", ""rho"": 1.0, ""gain"": 3.552713678800501e-15}, {""block"": ""star_ris"", ""rho"": 8.0, ""gain"": 0.0036005093462492255}, {""block"": ""rsma"", ""rho"": 1.0, ""gain"": -3.552713678800501e-15}, {""block"": ""star_ris"", ""rho"": 4.0, ""gain"": 0.018660060039891846}, {""block"": ""rsma"", ""rho"": 1.0, ""gain"": 0.0}, {""block"": ""star_ris"", ""rho"": 2.0, ""gain"": 0.062098070773782155}, {""block"": ""rsma"", ""rho"": 1.0, ""gain"": 0.0}, {""block"": ""star_ris"", ""rho"": 1.0, ""gain"": 0.10991510431274776}, {""block"": ""rsma"", ""rho"": 1.0, ""gain"": 3.552713678800501e-15}, {""block"": ""star_ris"", ""rho"": 8.0, ""gain"": 0.007071668432278244}, {""block"": ""rsma"", ""rho"": 1.0, ""gain"": 0.0}, {""block"": ""star_ris"", ""rho"": 4.0, ""gain"": 0.018784979553586822}, {""block"": ""rsma"", ""rho"": 1.0, ""gain"": 3.552713678800501e-15}, {""block"": ""star_ris"", ""rho"": 4.0, ""gain"": 0.011209557694233041}, {""block"": ""rsma"", ""rho"": 1.0, ""gain"": 0.0}, {""block"": ""star_ris"", ""rho"": 4.0, ""gain"": 0.029116532813795004}, {""block"": ""rsma"", ""rho"": 1.0, ""gain"": 0.0}, {""block"": ""star_ris"", ""rho"": 4.0, ""gain"": 0.05035614642219244}, {""block"": ""rsma"", ""rho"": 1.0, ""gain"": 0.0}, {""block"": ""star_ris"", ""rho"": 2.0, ""gain"": 0.021844472018280214}, {""block"": ""rsma"", ""rho"": 1.0, ""gain"": 0.0}, {""block"": ""star_ris"", ""rho"": 64.0, ""gain"": 7.947837552535475e-07}]",{},3382.13594,1a480db47c5efa1cc1a63abf6aef552d6bf21ecebd475a7bc99d509c20d9fb0d,fc61d5cda7da39530055bae9bd0e92865f995cd9,ae41070d268d283dcc283b0aaf9b960eae1f4ddd22d423577b272c18802a3aae
ao_sca,64,10000,142,test,18.42225548210851,18.42225548210851,1.0,True,0.0,11,4483,20,ao_sca_proximal_physical,analytical_ris_equal_allocation,"[1.8379491554639324, 17.426910157144995, 17.987495365830974, 18.19296257955757, 18.34095849245122, 18.360343890937738, 18.363657271323465, 18.368504866981127, 18.391821123570423, 18.418745585213692, 18.421197392957453, 18.42225548210851]","[{""block"": ""rsma"", ""rho"": 1.0, ""gain"": 15.393639883608337}, {""block"": ""star_ris"", ""rho"": 1.0, ""gain"": 0.19532111807272656}, {""block"": ""rsma"", ""rho"": 1.0, ""gain"": 0.0}, {""block"": ""star_ris"", ""rho"": 1.0, ""gain"": 0.5605852086859784}, {""block"": ""rsma"", ""rho"": 1.0, ""gain"": 0.0}, {""block"": ""star_ris"", ""rho"": 1.0, ""gain"": 0.20546721372659604}, {""block"": ""rsma"", ""rho"": 1.0, ""gain"": 0.0}, {""block"": ""star_ris"", ""rho"": 2.0, ""gain"": 0.1479959128936521}, {""block"": ""rsma"", ""rho"": 1.0, ""gain"": 0.0}, {""block"": ""star_ris"", ""rho"": 64.0, ""gain"": 0.019385398486516436}, {""block"": ""rsma"", ""rho"": 1.0, ""gain"": -3.552713678800501e-15}, {""block"": ""star_ris"", ""rho"": 16.0, ""gain"": 0.003313380385730369}, {""block"": ""rsma"", ""rho"": 1.0, ""gain"": 0.0}, {""block"": ""star_ris"", ""rho"": 8.0, ""gain"": 0.004847595657661685}, {""block"": ""rsma"", ""rho"": 1.0, ""gain"": 0.0}, {""block"": ""star_ris"", ""rho"": 8.0, ""gain"": 0.023316256589296813}, {""block"": ""rsma"", ""rho"": 1.0, ""gain"": -3.552713678800501e-15}, {""block"": ""star_ris"", ""rho"": 2.0, ""gain"": 0.026924461643272224}, {""block"": ""rsma"", ""rho"": 1.0, ""gain"": 0.0}, {""block"": ""star_ris"", ""rho"": 1024.0, ""gain"": 0.0024518077437605257}, {""block"": ""rsma"", ""rho"": 1.0, ""gain"": 0.0}, {""block"": ""star_ris"", ""rho"": 1024.0, ""gain"": 0.0010580891510585388}]",{},2502.652655,1a480db47c5efa1cc1a63abf6aef552d6bf21ecebd475a7bc99d509c20d9fb0d,fc61d5cda7da39530055bae9bd0e92865f995cd9,ae41070d268d283dcc283b0aaf9b960eae1f4ddd22d423577b272c18802a3aae
ao_sca,64,10000,143,test,17.73270057314492,17.73270057314492,1.0,True,0.0,13,5296,20,ao_sca_proximal_physical,analytical_ris_equal_allocation,"[1.837918979986963, 17.17360998858744, 17.207905757139976, 17.212113058622478, 17.268151179301427, 17.43646057304732, 17.56654307918067, 17.601060490839494, 17.700437986140038, 17.711805639354928, 17.718068229766, 17.72821508678853, 17.73092928252195, 17.73270057314492]","[{""block"": ""rsma"", ""rho"": 1.0, ""gain"": 15.264054160474455}, {""block"": ""star_ris"", ""rho"": 16.0, ""gain"": 0.07163684812602256}, {""block"": ""rsma"", ""rho"": 1.0, ""gain"": 3.552713678800501e-15}, {""block"": ""star_ris"", ""rho"": 32.0, ""gain"": 0.034295768552532024}, {""block"": ""rsma"", ""rho"": 1.0, ""gain"": 0.0}, {""block"": ""star_ris"", ""rho"": 256.0, ""gain"": 0.004207301482502146}, {""block"": ""rsma"", ""rho"": 1.0, ""gain"": 0.0}, {""block"": ""star_ris"", ""rho"": 1.0, ""gain"": 0.056038120678948644}, {""block"": ""rsma"", ""rho"": 1.0, ""gain"": -3.552713678800501e-15}, {""block"": ""star_ris"", ""rho"": 2.0, ""gain"": 0.16830939374589704}, {""block"": ""rsma"", ""rho"": 1.0, ""gain"": 0.0}, {""block"": ""star_ris"", ""rho"": 2.0, ""gain"": 0.13008250613334837}, {""block"": ""rsma"", ""rho"": 1.0, ""gain"": 0.0}, {""block"": ""star_ris"", ""rho"": 4.0, ""gain"": 0.03451741165882538}, {""block"": ""rsma"", ""rho"": 1.0, ""gain"": 0.0}, {""block"": ""star_ris"", ""rho"": 8.0, ""gain"": 0.09937749530054418}, {""block"": ""rsma"", ""rho"": 1.0, ""gain"": 0.0}, {""block"": ""star_ris"", ""rho"": 64.0, ""gain"": 0.011367653214890083}, {""block"": ""rsma"", ""rho"": 1.0, ""gain"": 0.0}, {""block"": ""star_ris"", ""rho"": 16.0, ""gain"": 0.006262590411072466}, {""block"": ""rsma"", ""rho"": 1.0, ""gain"": 0.0}, {""block"": ""star_ris"", ""rho"": 8.0, ""gain"": 0.010146857022530043}, {""block"": ""rsma"", ""rho"": 1.0, ""gain"": -3.552713678800501e-15}, {""block"": ""star_ris"", ""rho"": 16.0, ""gain"": 0.002714195733421576}, {""block"": ""rsma"", ""rho"": 1.0, ""gain"": 0.0}, {""block"": ""star_ris"", ""rho"": 4.0, ""gain"": 0.0017712906229725434}]",{},3089.352244,1a480db47c5efa1cc1a63abf6aef552d6bf21ecebd475a7bc99d509c20d9fb0d,fc61d5cda7da39530055bae9bd0e92865f995cd9,ae41070d268d283dcc283b0aaf9b960eae1f4ddd22d423577b272c18802a3aae
ao_sca,64,10000,144,test,18.22459172510983,18.22459172510983,1.0,True,0.0,20,8123,37,ao_sca_proximal_physical,analytical_ris_equal_allocation,"[1.8378775910345884, 17.41985990580967, 17.59386553010263, 17.656162452244637, 17.66771211779281, 17.695430175610184, 17.698844980105754, 17.76890206443056, 17.799584083586648, 17.823790000086213, 17.94602196471242, 17.958526495025104, 18.001375130958664, 18.06161911568975, 18.07998218098448, 18.15878453303502, 18.186092035621954, 18.190862705384824, 18.204438605071147, 18.217348659109067, 18.22459172510983]","[{""block"": ""rsma"", ""rho"": 1.0, ""gain"": 14.473600453504313}, {""block"": ""star_ris"", ""rho"": 1.0, ""gain"": 1.108381861270768}, {""block"": ""rsma"", ""rho"": 1.0, ""gain"": 0.0}, {""block"": ""star_ris"", ""rho"": 2.0, ""gain"": 0.17400562429295974}, {""block"": ""rsma"", ""rho"": 1.0, ""gain"": 0.0}, {""block"": ""star_ris"", ""rho"": 1.0, ""gain"": 0.062296922142007105}, {""block"": ""rsma"", ""rho"": 1.0, ""gain"": -3.552713678800501e-15}, {""block"": ""star_ris"", ""rho"": 2.0, ""gain"": 0.011549665548177046}, {""block"": ""rsma"", ""rho"": 1.0, ""gain"": 0.0}, {""block"": ""star_ris"", ""rho"": 32.0, ""gain"": 0.02771805781737413}, {""block"": ""rsma"", ""rho"": 1.0, ""gain"": 0.0}, {""block"": ""star_ris"", ""rho"": 256.0, ""gain"": 0.0034148044955699675}, {""block"": ""rsma"", ""rho"": 1.0, ""gain"": 0.0}, {""block"": ""star_ris"", ""rho"": 1.0, ""gain"": 0.07005708432480517}, {""block"": ""rsma"", ""rho"": 1.0, ""gain"": 3.552713678800501e-15}, {""block"": ""star_ris"", ""rho"": 8.0, ""gain"": 0.03068201915608526}, {""block"": ""rsma"", ""rho"": 1.0, ""gain"": -3.552713678800501e-15}, {""block"": ""star_ris"", ""rho"": 8.0, ""gain"": 0.024205916499568048}, {""block"": ""rsma"", ""rho"": 1.0, ""gain"": 0.0}, {""block"": ""star_ris"", ""rho"": 1.0, ""gain"": 0.12223196462620578}, {""block"": ""rsma"", ""rho"": 1.0, ""gain"": 3.552713678800501e-15}, {""block"": ""star_ris"", ""rho"": 2.0, ""gain"": 0.012504530312682505}, {""block"": ""rsma"", ""rho"": 1.0, ""gain"": -7.105427357601002e-15}, {""block"": ""star_ris"", ""rho"": 1.0, ""gain"": 0.04284863593356647}, {""block"": ""rsma"", ""rho"": 1.0, ""gain"": 0.0}, {""block"": ""star_ris"", ""rho"": 16.0, ""gain"": 0.06024398473108761}, {""block"": ""rsma"", ""rho"": 1.0, ""gain"": 0.0}, {""block"": ""star_ris"", ""rho"": 2.0, ""gain"": 0.018363065294728642}, {""block"": ""rsma"", ""rho"": 1.0, ""gain"": 0.0}, {""block"": ""star_ris"", ""rho"": 2.0, ""gain"": 0.0788023520505412}, {""block"": ""rsma"", ""rho"": 1.0, ""gain"": 3.552713678800501e-15}, {""block"": ""star_ris"", ""rho"": 8.0, ""gain"": 0.027307502586928933}, {""block"": ""rsma"", ""rho"": 1.0, ""gain"": 0.0}, {""block"": ""star_ris"", ""rho"": 16.0, ""gain"": 0.0047706697628697725}, {""block"": ""rsma"", ""rho"": 1.0, ""gain"": 0.0}, {""block"": ""star_ris"", ""rho"": 8.0, ""gain"": 0.013575899686323112}, {""block"": ""rsma"", ""rho"": 1.0, ""gain"": 0.0}, {""block"": ""star_ris"", ""rho"": 4.0, ""gain"": 0.01291005403792056}, {""block"": ""rsma"", ""rho"": 1.0, ""gain"": 0.0}, {""block"": ""star_ris"", ""rho"": 4.0, ""gain"": 0.007243066000761189}]",{},4555.552962,1a480db47c5efa1cc1a63abf6aef552d6bf21ecebd475a7bc99d509c20d9fb0d,fc61d5cda7da39530055bae9bd0e92865f995cd9,ae41070d268d283dcc283b0aaf9b960eae1f4ddd22d423577b272c18802a3aae
ao_sca,64,10000,145,test,17.409583714896655,17.409583714896655,1.0,True,0.0,14,5702,23,ao_sca_proximal_physical,analytical_ris_equal_allocation,"[1.8377620037163862, 16.157414456530624, 16.352471235445343, 16.374248588570655, 16.37962213776927, 16.3993669945693, 16.483503847805764, 16.510985286903374, 16.844658471031757, 17.17051533662232, 17.299377636321054, 17.389399996887615, 17.394586592357705, 17.408925608082768, 17.409583714896655]","[{""block"": ""rsma"", ""rho"": 1.0, ""gain"": 13.765264324521535}, {""block"": ""star_ris"", ""rho"": 4.0, ""gain"": 0.5543881282927021}, {""block"": ""rsma"", ""rho"": 1.0, ""gain"": 0.0}, {""block"": ""star_ris"", ""rho"": 8.0, ""gain"": 0.19505677891471862}, {""block"": ""rsma"", ""rho"": 1.0, ""gain"": 3.552713678800501e-15}, {""block"": ""star_ris"", ""rho"": 64.0, ""gain"": 0.021777353125308707}, {""block"": ""rsma"", ""rho"": 1.0, ""gain"": 3.552713678800501e-15}, {""block"": ""star_ris"", ""rho"": 256.0, ""gain"": 0.005373549198612437}, {""block"": ""rsma"", ""rho"": 1.0, ""gain"": -3.552713678800501e-15}, {""block"": ""star_ris"", ""rho"": 2.0, ""gain"": 0.01974485680003113}, {""block"": ""rsma"", ""rho"": 1.0, ""gain"": 0.0}, {""block"": ""star_ris"", ""rho"": 1.0, ""gain"": 0.08413685323646547}, {""block"": ""rsma"", ""rho"": 1.0, ""gain"": 0.0}, {""block"": ""star_ris"", ""rho"": 2.0, ""gain"": 0.027481439097609694}, {""block"": ""rsma"", ""rho"": 1.0, ""gain"": 0.0}, {""block"": ""star_ris"", ""rho"": 1.0, ""gain"": 0.33367318412838287}, {""block"": ""rsma"", ""rho"": 1.0, ""gain"": 0.0}, {""block"": ""star_ris"", ""rho"": 1.0, ""gain"": 0.3258568655905627}, {""block"": ""rsma"", ""rho"": 1.0, ""gain"": 0.0}, {""block"": ""star_ris"", ""rho"": 2.0, ""gain"": 0.12886229969873497}, {""block"": ""rsma"", ""rho"": 1.0, ""gain"": 3.552713678800501e-15}, {""block"": ""star_ris"", ""rho"": 2.0, ""gain"": 0.09002236056655732}, {""block"": ""rsma"", ""rho"": 1.0, ""gain"": 0.0}, {""block"": ""star_ris"", ""rho"": 256.0, ""gain"": 0.005186595470089372}, {""block"": ""rsma"", ""rho"": 1.0, ""gain"": 0.0}, {""block"": ""star_ris"", ""rho"": 64.0, ""gain"": 0.014339015725063575}, {""block"": ""rsma"", ""rho"": 1.0, ""gain"": 0.0}, {""block"": ""star_ris"", ""rho"": 256.0, ""gain"": 0.000658106813887116}]",{},3162.898616,1a480db47c5efa1cc1a63abf6aef552d6bf21ecebd475a7bc99d509c20d9fb0d,fc61d5cda7da39530055bae9bd0e92865f995cd9,ae41070d268d283dcc283b0aaf9b960eae1f4ddd22d423577b272c18802a3aae
ao_sca,64,10000,146,test,17.646908500255826,17.646908500255826,1.0,True,0.0,12,4910,18,ao_sca_proximal_physical,analytical_ris_equal_allocation,"[1.8378388056089932, 16.1402765063938, 16.15496629089075, 16.95316538392037, 17.081176344896402, 17.198779233907118, 17.2311622669771, 17.26088977708541, 17.277124074371386, 17.361555448479336, 17.441409712788946, 17.645584032724404, 17.646908500255826]","[{""block"": ""rsma"", ""rho"": 1.0, ""gain"": 14.03041423862725}, {""block"": ""star_ris"", ""rho"": 8.0, ""gain"": 0.27202346215755746}, {""block"": ""rsma"", ""rho"": 65536.0, ""gain"": 0.0}, {""block"": ""star_ris"", ""rho"": 128.0, ""gain"": 0.014689784496951575}, {""block"": ""rsma"", ""rho"": 65536.0, ""gain"": 0.0}, {""block"": ""star_ris"", ""rho"": 2.0, ""gain"": 0.7981990930296199}, {""block"": ""rsma"", ""rho"": 1.0, ""gain"": 0.0}, {""block"": ""star_ris"", ""rho"": 8.0, ""gain"": 0.12801096097603093}, {""block"": ""rsma"", ""rho"": 1.0, ""gain"": -3.552713678800501e-15}, {""block"": ""star_ris"", ""rho"": 8.0, ""gain"": 0.11760288901071903}, {""block"": ""rsma"", ""rho"": 1.0, ""gain"": 3.552713678800501e-15}, {""block"": ""star_ris"", ""rho"": 2.0, ""gain"": 0.032383033069979916}, {""block"": ""rsma"", ""rho"": 1.0, ""gain"": 0.0}, {""block"": ""star_ris"", ""rho"": 1.0, ""gain"": 0.029727510108308763}, {""block"": ""rsma"", ""rho"": 1.0, ""gain"": 0.0}, {""block"": ""star_ris"", ""rho"": 1.0, ""gain"": 0.01623429728597614}, {""block"": ""rsma"", ""rho"": 1.0, ""gain"": 0.0}, {""block"": ""star_ris"", ""rho"": 8.0, ""gain"": 0.08443137410795032}, {""block"": ""rsma"", ""rho"": 1.0, ""gain"": 0.0}, {""block"": ""star_ris"", ""rho"": 2.0, ""gain"": 0.07985426430960985}, {""block"": ""rsma"", ""rho"": 1.0, ""gain"": 0.0}, {""block"": ""star_ris"", ""rho"": 4.0, ""gain"": 0.20417431993545776}, {""block"": ""rsma"", ""rho"": 1.0, ""gain"": 0.0}, {""block"": ""star_ris"", ""rho"": 128.0, ""gain"": 0.0013244675314219023}]",{},2837.016519,1a480db47c5efa1cc1a63abf6aef552d6bf21ecebd475a7bc99d509c20d9fb0d,fc61d5cda7da39530055bae9bd0e92865f995cd9,ae41070d268d283dcc283b0aaf9b960eae1f4ddd22d423577b272c18802a3aae
ao_sca,64,10000,147,test,20.219671754733444,20.219671754733444,1.0,True,0.0,20,8396,23,ao_sca_proximal_physical,analytical_ris_equal_allocation,"[1.8378056666691034, 15.5912095329509, 15.602114204757594, 15.607529336336922, 15.912875603280282, 15.977005672266056, 16.00781670506523, 16.451811456904416, 17.793206597735686, 19.305262381192613, 19.534271065915018, 19.68765438391345, 19.811307011489216, 19.90799715326273, 19.988692874490553, 20.006646585554726, 20.015363269477213, 20.08721966125003, 20.141307613552296, 20.182696985033793, 20.219671754733444]","[{""block"": ""rsma"", ""rho"": 1.0, ""gain"": 13.661569033959653}, {""block"": ""star_ris"", ""rho"": 32.0, ""gain"": 0.09183483232214407}, {""block"": ""rsma"", ""rho"": 65536.0, ""gain"": 0.0}, {""block"": ""star_ris"", ""rho"": 256.0, ""gain"": 0.010904671806693855}, {""block"": ""rsma"", ""rho"": 65536.0, ""gain"": 0.0}, {""block"": ""star_ris"", ""rho"": 512.0, ""gain"": 0.0054151315793280475}, {""block"": ""rsma"", ""rho"": 65536.0, ""gain"": 0.0}, {""block"": ""star_ris"", ""rho"": 8.0, ""gain"": 0.30534626694336}, {""block"": ""rsma"", ""rho"": 65536.0, ""gain"": 0.0}, {""block"": ""star_ris"", ""rho"": 32.0, ""gain"": 0.064130068985774}, {""block"": ""rsma"", ""rho"": 65536.0, ""gain"": 0.0}, {""block"": ""star_ris"", ""rho"": 64.0, ""gain"": 0.030811032799174853}, {""block"": ""rsma"", ""rho"": 65536.0, ""gain"": 0.0}, {""block"": ""star_ris"", ""rho"": 4.0, ""gain"": 0.4439947518391847}, {""block"": ""rsma"", ""rho"": 1024.0, ""gain"": 0.8102381427562797}, {""block"": ""star_ris"", ""rho"": 1.0, ""gain"": 0.5311569980749908}, {""block"": ""rsma"", ""rho"": 128.0, ""gain"": 1.1876896861594268}, {""block"": ""star_ris"", ""rho"": 1.0, ""gain"": 0.3243660972974993}, {""block"": ""rsma"", ""rho"": 65536.0, ""gain"": 0.0}, {""block"": ""star_ris"", ""rho"": 1.0, ""gain"": 0.22900868472240532}, {""block"": ""rsma"", ""rho"": 65536.0, ""gain"": 0.0}, {""block"": ""star_ris"", ""rho"": 1.0, ""gain"": 0.15338331799843274}, {""block"": ""rsma"", ""rho"": 65536.0, ""gain"": 0.0}, {""block"": ""star_ris"", ""rho"": 1.0, ""gain"": 0.12365262757576545}, {""block"": ""rsma"", ""rho"": 65536.0, ""gain"": 0.0}, {""block"": ""star_ris"", ""rho"": 1.0, ""gain"": 0.09669014177351443}, {""block"": ""rsma"", ""rho"": 65536.0, ""gain"": 0.0}, {""block"": ""star_ris"", ""rho"": 1.0, ""gain"": 0.08069572122782276}, {""block"": ""rsma"", ""rho"": 65536.0, ""gain"": 0.0}, {""block"": ""star_ris"", ""rho"": 4.0, ""gain"": 0.017953711064173206}, {""block"": ""rsma"", ""rho"": 65536.0, ""gain"": 0.0}, {""block"": ""star_ris"", ""rho"": 8.0, ""gain"": 0.008716683922486368}, {""block"": ""rsma"", ""rho"": 65536.0, ""gain"": 0.0}, {""block"": ""star_ris"", ""rho"": 1.0, ""gain"": 0.07185639177281544}, {""block"": ""rsma"", ""rho"": 65536.0, ""gain"": 0.0}, {""block"": ""star_ris"", ""rho"": 1.0, ""gain"": 0.05408795230226815}, {""block"": ""rsma"", ""rho"": 65536.0, ""gain"": 0.0}, {""block"": ""star_ris"", ""rho"": 1.0, ""gain"": 0.041389371481496795}, {""block"": ""rsma"", ""rho"": 65536.0, ""gain"": 0.0}, {""block"": ""star_ris"", ""rho"": 1.0, ""gain"": 0.03697476969965052}]",{},4727.643841,1a480db47c5efa1cc1a63abf6aef552d6bf21ecebd475a7bc99d509c20d9fb0d,fc61d5cda7da39530055bae9bd0e92865f995cd9,ae41070d268d283dcc283b0aaf9b960eae1f4ddd22d423577b272c18802a3aae
ao_sca,64,10000,148,test,18.00263944200904,18.00263944200904,1.0,True,0.0,20,8150,39,ao_sca_proximal_physical,analytical_ris_equal_allocation,"[1.8378797710389692, 16.707217936526867, 17.01306944116216, 17.029545792025964, 17.1583558925451, 17.220303064799804, 17.25109493816548, 17.266529302567033, 17.39200086118308, 17.427609973338683, 17.49998629468837, 17.590639978180157, 17.653797478901495, 17.6769029811426, 17.688568715729442, 17.783515916850874, 17.9194554245517, 17.939842068391183, 17.990001918429396, 17.998134849477808, 18.00263944200904]","[{""block"": ""rsma"", ""rho"": 1.0, ""gain"": 14.703942039494988}, {""block"": ""star_ris"", ""rho"": 1.0, ""gain"": 0.16539612599290976}, {""block"": ""rsma"", ""rho"": 1.0, ""gain"": 0.0}, {""block"": ""star_ris"", ""rho"": 4.0, ""gain"": 0.3058515046352923}, {""block"": ""rsma"", ""rho"": 1.0, ""gain"": 3.552713678800501e-15}, {""block"": ""star_ris"", ""rho"": 64.0, ""gain"": 0.01647635086380106}, {""block"": ""rsma"", ""rho"": 1.0, ""gain"": 3.552713678800501e-15}, {""block"": ""star_ris"", ""rho"": 8.0, ""gain"": 0.12881010051913222}, {""block"": ""rsma"", ""rho"": 1.0, ""gain"": -3.552713678800501e-15}, {""block"": ""star_ris"", ""rho"": 16.0, ""gain"": 0.06194717225470825}, {""block"": ""rsma"", ""rho"": 1.0, ""gain"": 0.0}, {""block"": ""star_ris"", ""rho"": 32.0, ""gain"": 0.03079187336567557}, {""block"": ""rsma"", ""rho"": 1.0, ""gain"": 0.0}, {""block"": ""star_ris"", ""rho"": 64.0, ""gain"": 0.015434364401553324}, {""block"": ""rsma"", ""rho"": 1.0, ""gain"": 0.0}, {""block"": ""star_ris"", ""rho"": 8.0, ""gain"": 0.12547155861604864}, {""block"": ""rsma"", ""rho"": 1.0, ""gain"": -3.552713678800501e-15}, {""block"": ""star_ris"", ""rho"": 32.0, ""gain"": 0.035609112155604805}, {""block"": ""rsma"", ""rho"": 1.0, ""gain"": 0.0}, {""block"": ""star_ris"", ""rho"": 2.0, ""gain"": 0.07237632134968663}, {""block"": ""rsma"", ""rho"": 1.0, ""gain"": 0.0}, {""block"": ""star_ris"", ""rho"": 16.0, ""gain"": 0.09065368349178726}, {""block"": ""rsma"", ""rho"": 1.0, ""gain"": 0.0}, {""block"": ""star_ris"", ""rho"": 4.0, ""gain"": 0.06315750072133852}, {""block"": ""rsma"", ""rho"": 1.0, ""gain"": 0.0}, {""block"": ""star_ris"", ""rho"": 2.0, ""gain"": 0.02310550224110486}, {""block"": ""rsma"", ""rho"": 1.0, ""gain"": 0.0}, {""block"": ""star_ris"", ""rho"": 2.0, ""gain"": 0.011665734586841836}, {""block"": ""rsma"", ""rho"": 1.0, ""gain"": 0.0}, {""block"": ""star_ris"", ""rho"": 1.0, ""gain"": 0.09494720112143185}, {""block"": ""rsma"", ""rho"": 1.0, ""gain"": 0.0}, {""block"": ""star_ris"", ""rho"": 4.0, ""gain"": 0.13593950770082586}, {""block"": ""rsma"", ""rho"": 1.0, ""gain"": 0.0}, {""block"": ""star_ris"", ""rho"": 4.0, ""gain"": 0.0203866438394833}, {""block"": ""rsma"", ""rho"": 1.0, ""gain"": 0.0}, {""block"": ""star_ris"", ""rho"": 2.0, ""gain"": 0.050159850038212994}, {""block"": ""rsma"", ""rho"": 1.0, ""gain"": 0.0}, {""block"": ""star_ris"", ""rho"": 2048.0, ""gain"": 0.008132931048411507}, {""block"": ""rsma"", ""rho"": 1.0, ""gain"": 0.0}, {""block"": ""star_ris"", ""rho"": 1024.0, ""gain"": 0.004504592531233698}]",{},4649.117429,1a480db47c5efa1cc1a63abf6aef552d6bf21ecebd475a7bc99d509c20d9fb0d,fc61d5cda7da39530055bae9bd0e92865f995cd9,ae41070d268d283dcc283b0aaf9b960eae1f4ddd22d423577b272c18802a3aae
ao_sca,64,10000,149,test,17.648361116245635,17.648361116245635,1.0,True,0.0,8,3257,16,ao_sca_proximal_physical,analytical_ris_equal_allocation,"[1.8378878086121735, 16.729143471012737, 16.978825885050302, 16.982213943516538, 17.53584357738349, 17.5475662027177, 17.584893071360366, 17.64719979449138, 17.648361116245635]","[{""block"": ""rsma"", ""rho"": 1.0, ""gain"": 14.57956526646408}, {""block"": ""star_ris"", ""rho"": 4.0, ""gain"": 0.31169039593648407}, {""block"": ""rsma"", ""rho"": 1.0, ""gain"": 0.0}, {""block"": ""star_ris"", ""rho"": 4.0, ""gain"": 0.24968241403756508}, {""block"": ""rsma"", ""rho"": 1.0, ""gain"": 0.0}, {""block"": ""star_ris"", ""rho"": 256.0, ""gain"": 0.0033880584662355773}, {""block"": ""rsma"", ""rho"": 1.0, ""gain"": 0.0}, {""block"": ""star_ris"", ""rho"": 1.0, ""gain"": 0.5536296338669509}, {""block"": ""rsma"", ""rho"": 1.0, ""gain"": 0.0}, {""block"": ""star_ris"", ""rho"": 8.0, ""gain"": 0.011722625334211756}, {""block"": ""rsma"", ""rho"": 1.0, ""gain"": 0.0}, {""block"": ""star_ris"", ""rho"": 1.0, ""gain"": 0.037326868642665545}, {""block"": ""rsma"", ""rho"": 1.0, ""gain"": 3.552713678800501e-15}, {""block"": ""star_ris"", ""rho"": 16.0, ""gain"": 0.062306723131012376}, {""block"": ""rsma"", ""rho"": 1.0, ""gain"": 0.0}, {""block"": ""star_ris"", ""rho"": 32.0, ""gain"": 0.0011613217542532084}]",{},1809.102976,1a480db47c5efa1cc1a63abf6aef552d6bf21ecebd475a7bc99d509c20d9fb0d,fc61d5cda7da39530055bae9bd0e92865f995cd9,ae41070d268d283dcc283b0aaf9b960eae1f4ddd22d423577b272c18802a3aae
ao_sca,64,10000,150,test,17.911310251750123,17.911310251750123,1.0,True,0.0,20,8141,31,ao_sca_proximal_physical,analytical_ris_equal_allocation,"[1.8379149609989107, 17.273703831478052, 17.27747255506182, 17.341483396645305, 17.37217376471161, 17.383321965167525, 17.500060972792788, 17.554098508717686, 17.58017073391253, 17.592984682083824, 17.64624125422156, 17.66342879474748, 17.694935223663084, 17.756400412069233, 17.8457304859766, 17.851068623659813, 17.856246103440355, 17.860767554371222, 17.89414845516602, 17.896511675732576, 17.911310251750123]","[{""block"": ""rsma"", ""rho"": 1.0, ""gain"": 15.313969691808763}, {""block"": ""star_ris"", ""rho"": 8.0, ""gain"": 0.12181917867037839}, {""block"": ""rsma"", ""rho"": 1.0, ""gain"": 0.0}, {""block"": ""star_ris"", ""rho"": 2.0, ""gain"": 0.0037687235837680078}, {""block"": ""rsma"", ""rho"": 1.0, ""gain"": 0.0}, {""block"": ""star_ris"", ""rho"": 16.0, ""gain"": 0.06401084158348525}, {""block"": ""rsma"", ""rho"": 1.0, ""gain"": 0.0}, {""block"": ""star_ris"", ""rho"": 32.0, ""gain"": 0.030690368066306206}, {""block"": ""rsma"", ""rho"": 1.0, ""gain"": 0.0}, {""block"": ""star_ris"", ""rho"": 2.0, ""gain"": 0.011148200455913582}, {""block"": ""rsma"", ""rho"": 1.0, ""gain"": -7.105427357601002e-15}, {""block"": ""star_ris"", ""rho"": 8.0, ""gain"": 0.11673900762527012}, {""block"": ""rsma"", ""rho"": 1.0, ""gain"": -3.552713678800501e-15}, {""block"": ""star_ris"", ""rho"": 16.0, ""gain"": 0.0540375359249019}, {""block"": ""rsma"", ""rho"": 1.0, ""gain"": 0.0}, {""block"": ""star_ris"", ""rho"": 32.0, ""gain"": 0.02607222519484509}, {""block"": ""rsma"", ""rho"": 1.0, ""gain"": 3.552713678800501e-15}, {""block"": ""star_ris"", ""rho"": 64.0, ""gain"": 0.012813948171288558}, {""block"": ""rsma"", ""rho"": 1.0, ""gain"": 0.0}, {""block"": ""star_ris"", ""rho"": 4.0, ""gain"": 0.05325657213773738}, {""block"": ""rsma"", ""rho"": 1.0, ""gain"": 0.0}, {""block"": ""star_ris"", ""rho"": 2.0, ""gain"": 0.017187540525920753}, {""block"": ""rsma"", ""rho"": 1.0, ""gain"": 7.105427357601002e-15}, {""block"": ""star_ris"", ""rho"": 2.0, ""gain"": 0.03150642891559485}, {""block"": ""rsma"", ""rho"": 1.0, ""gain"": 0.0}, {""block"": ""star_ris"", ""rho"": 4.0, ""gain"": 0.06146518840614945}, {""block"": ""rsma"", ""rho"": 1.0, ""gain"": 0.0}, {""block"": ""star_ris"", ""rho"": 8.0, ""gain"": 0.08933007390736591}, {""block"": ""rsma"", ""rho"": 1.0, ""gain"": 0.0}, {""block"": ""star_ris"", ""rho"": 128.0, ""gain"": 0.005338137683214228}, {""block"": ""rsma"", ""rho"": 1.0, ""gain"": 0.0}, {""block"": ""star_ris"", ""rho"": 1.0, ""gain"": 0.005177479780542171}, {""block"": ""rsma"", ""rho"": 1.0, ""gain"": 0.0}, {""block"": ""star_ris"", ""rho"": 8.0, ""gain"": 0.004521450930866422}, {""block"": ""rsma"", ""rho"": 1.0, ""gain"": -7.105427357601002e-15}, {""block"": ""star_ris"", ""rho"": 8.0, ""gain"": 0.033380900794806934}, {""block"": ""rsma"", ""rho"": 1.0, ""gain"": 3.552713678800501e-15}, {""block"": ""star_ris"", ""rho"": 16.0, ""gain"": 0.0023632205665506945}, {""block"": ""rsma"", ""rho"": 1.0, ""gain"": -3.552713678800501e-15}, {""block"": ""star_ris"", ""rho"": 4.0, ""gain"": 0.014798576017550857}]",{},4551.418066,1a480db47c5efa1cc1a63abf6aef552d6bf21ecebd475a7bc99d509c20d9fb0d,fc61d5cda7da39530055bae9bd0e92865f995cd9,ae41070d268d283dcc283b0aaf9b960eae1f4ddd22d423577b272c18802a3aae
ao_sca,64,10000,151,test,20.05011857576609,20.05011857576609,1.0,True,0.0,17,7137,19,ao_sca_proximal_physical,analytical_ris_equal_allocation,"[1.837836315651498, 16.506649955462855, 18.949840928103267, 19.037493392243, 19.05776849262938, 19.06771294133421, 19.072638528861102, 19.341944851228813, 19.520349327936213, 19.66263031729197, 19.778843985967114, 19.877480450093145, 19.920889462883235, 19.99589096221199, 20.028631949296827, 20.044313684455204, 20.048187482862136, 20.050118575766092]","[{""block"": ""rsma"", ""rho"": 1.0, ""gain"": 14.065213507145046}, {""block"": ""star_ris"", ""rho"": 2.0, ""gain"": 0.6036001326663101}, {""block"": ""rsma"", ""rho"": 2048.0, ""gain"": 2.227346701851012}, {""block"": ""star_ris"", ""rho"": 2.0, ""gain"": 0.21584427078940038}, {""block"": ""rsma"", ""rho"": 65536.0, ""gain"": 0.0}, {""block"": ""star_ris"", ""rho"": 4.0, ""gain"": 0.08765246413973315}, {""block"": ""rsma"", ""rho"": 65536.0, ""gain"": 0.0}, {""block"": ""star_ris"", ""rho"": 16.0, ""gain"": 0.020275100386378142}, {""block"": ""rsma"", ""rho"": 65536.0, ""gain"": 0.0}, {""block"": ""star_ris"", ""rho"": 32.0, ""gain"": 0.009944448704832354}, {""block"": ""rsma"", ""rho"": 65536.0, ""gain"": 0.0}, {""block"": ""star_ris"", ""rho"": 64.0, ""gain"": 0.004925587526891206}, {""block"": ""rsma"", ""rho"": 65536.0, ""gain"": 0.0}, {""block"": ""star_ris"", ""rho"": 1.0, ""gain"": 0.26930632236771146}, {""block"": ""rsma"", ""rho"": 65536.0, ""gain"": 0.0}, {""block"": ""star_ris"", ""rho"": 1.0, ""gain"": 0.17840447670739934}, {""block"": ""rsma"", ""rho"": 65536.0, ""gain"": 0.0}, {""block"": ""star_ris"", ""rho"": 1.0, ""gain"": 0.14228098935575773}, {""block"": ""rsma"", ""rho"": 65536.0, ""gain"": 0.0}, {""block"": ""star_ris"", ""rho"": 1.0, ""gain"": 0.11621366867514382}, {""block"": ""rsma"", ""rho"": 65536.0, ""gain"": 0.0}, {""block"": ""star_ris"", ""rho"": 1.0, ""gain"": 0.09863646412603089}, {""block"": ""rsma"", ""rho"": 65536.0, ""gain"": 0.0}, {""block"": ""star_ris"", ""rho"": 2.0, ""gain"": 0.04340901279008946}, {""block"": ""rsma"", ""rho"": 65536.0, ""gain"": 0.0}, {""block"": ""star_ris"", ""rho"": 1.0, ""gain"": 0.07500149932875644}, {""block"": ""rsma"", ""rho"": 65536.0, ""gain"": 0.0}, {""block"": ""star_ris"", ""rho"": 2.0, ""gain"": 0.03274098708483564}, {""block"": ""rsma"", ""rho"": 65536.0, ""gain"": 0.0}, {""block"": ""star_ris"", ""rho"": 4.0, ""gain"": 0.015681735158377563}, {""block"": ""rsma"", ""rho"": 65536.0, ""gain"": 0.0}, {""block"": ""star_ris"", ""rho"": 16.0, ""gain"": 0.0038737984069321385}, {""block"": ""rsma"", ""rho"": 65536.0, ""gain"": 0.0}, {""block"": ""star_ris"", ""rho"": 32.0, ""gain"": 0.0019310929039555447}]",{},4118.588062,1a480db47c5efa1cc1a63abf6aef552d6bf21ecebd475a7bc99d509c20d9fb0d,fc61d5cda7da39530055bae9bd0e92865f995cd9,ae41070d268d283dcc283b0aaf9b960eae1f4ddd22d423577b272c18802a3aae
ao_sca,64,10000,152,test,17.90287514891576,17.90287514891576,1.0,True,0.0,19,7718,33,ao_sca_proximal_physical,analytical_ris_equal_allocation,"[1.8378808398543127, 16.844596327934134, 17.29188493496968, 17.329221738449355, 17.378072553290785, 17.714155173799725, 17.752274925925278, 17.75625538480714, 17.772512516487197, 17.81227110020402, 17.817103429334036, 17.8208889901902, 17.829520882251146, 17.835165957775118, 17.844332072643606, 17.854751887620473, 17.873733529358965, 17.89029968272204, 17.901697771620277, 17.90287514891576]","[{""block"": ""rsma"", ""rho"": 1.0, ""gain"": 14.728641035330957}, {""block"": ""star_ris"", ""rho"": 1.0, ""gain"": 0.27807445274886433}, {""block"": ""rsma"", ""rho"": 1.0, ""gain"": 3.552713678800501e-15}, {""block"": ""star_ris"", ""rho"": 1.0, ""gain"": 0.4472886070355422}, {""block"": ""rsma"", ""rho"": 1.0, ""gain"": 0.0}, {""block"": ""star_ris"", ""rho"": 1.0, ""gain"": 0.037336803479675496}, {""block"": ""rsma"", ""rho"": 1.0, ""gain"": 0.0}, {""block"": ""star_ris"", ""rho"": 1.0, ""gain"": 0.048850814841429724}, {""block"": ""rsma"", ""rho"": 1.0, ""gain"": 0.0}, {""block"": ""star_ris"", ""rho"": 1.0, ""gain"": 0.33608262050893956}, {""block"": ""rsma"", ""rho"": 1.0, ""gain"": 0.0}, {""block"": ""star_ris"", ""rho"": 4.0, ""gain"": 0.038119752125552964}, {""block"": ""rsma"", ""rho"": 1.0, ""gain"": 0.0}, {""block"": ""star_ris"", ""rho"": 8.0, ""gain"": 0.003980458881862603}, {""block"": ""rsma"", ""rho"": 1.0, ""gain"": 0.0}, {""block"": ""star_ris"", ""rho"": 4.0, ""gain"": 0.016257131680056602}, {""block"": ""rsma"", ""rho"": 1.0, ""gain"": 0.0}, {""block"": ""star_ris"", ""rho"": 2.0, ""gain"": 0.039758583716821505}, {""block"": ""rsma"", ""rho"": 1.0, ""gain"": 3.552713678800501e-15}, {""block"": ""star_ris"", ""rho"": 32.0, ""gain"": 0.004832329130014301}, {""block"": ""rsma"", ""rho"": 1.0, ""gain"": 3.552713678800501e-15}, {""block"": ""star_ris"", ""rho"": 16.0, ""gain"": 0.003785560856158554}, {""block"": ""rsma"", ""rho"": 1.0, ""gain"": 0.0}, {""block"": ""star_ris"", ""rho"": 8.0, ""gain"": 0.008631892060947166}, {""block"": ""rsma"", ""rho"": 1.0, ""gain"": 0.0}, {""block"": ""star_ris"", ""rho"": 16.0, ""gain"": 0.005645075523972309}, {""block"": ""rsma"", ""rho"": 1.0, ""gain"": -3.552713678800501e-15}, {""block"": ""star_ris"", ""rho"": 8.0, ""gain"": 0.009166114868492059}, {""block"": ""rsma"", ""rho"": 1.0, ""gain"": 0.0}, {""block"": ""star_ris"", ""rho"": 4.0, ""gain"": 0.010419814976867059}, {""block"": ""rsma"", ""rho"": 1.0, ""gain"": -3.552713678800501e-15}, {""block"": ""star_ris"", ""rho"": 4.0, ""gain"": 0.01898164173849537}, {""block"": ""rsma"", ""rho"": 1.0, ""gain"": 0.0}, {""block"": ""star_ris"", ""rho"": 8.0, ""gain"": 0.016566153363076097}, {""block"": ""rsma"", ""rho"": 1.0, ""gain"": 3.552713678800501e-15}, {""block"": ""star_ris"", ""rho"": 8.0, ""gain"": 0.011398088898232572}, {""block"": ""rsma"", ""rho"": 1.0, ""gain"": 0.0}, {""block"": ""star_ris"", ""rho"": 16.0, ""gain"": 0.00117737729548395}]",{},4351.945118,1a480db47c5efa1cc1a63abf6aef552d6bf21ecebd475a7bc99d509c20d9fb0d,fc61d5cda7da39530055bae9bd0e92865f995cd9,ae41070d268d283dcc283b0aaf9b960eae1f4ddd22d423577b272c18802a3aae
ao_sca,64,10000,153,test,20.05157339515477,20.05157339515477,1.0,True,0.0,20,8376,23,ao_sca_proximal_physical,analytical_ris_equal_allocation,"[1.8378172582753767, 16.235060701784995, 16.455186510224554, 18.58784516101342, 19.2469350762769, 19.284784141394542, 19.303052074521567, 19.31203100130251, 19.449136580704685, 19.567654548559165, 19.670751079348044, 19.681495291444328, 19.684153141507146, 19.758584725901734, 19.819335975100834, 19.872000507794212, 19.918366459342113, 19.958634645915108, 19.99499520556562, 20.026969660192833, 20.05157339515477]","[{""block"": ""rsma"", ""rho"": 1.0, ""gain"": 13.775186010097626}, {""block"": ""star_ris"", ""rho"": 4.0, ""gain"": 0.6220574334119924}, {""block"": ""rsma"", ""rho"": 65536.0, ""gain"": 0.0}, {""block"": ""star_ris"", ""rho"": 8.0, ""gain"": 0.2201258084395583}, {""block"": ""rsma"", ""rho"": 2048.0, ""gain"": 1.7907130172790353}, {""block"": ""star_ris"", ""rho"": 1.0, ""gain"": 0.3419456335098303}, {""block"": ""rsma"", ""rho"": 128.0, ""gain"": 0.47397869717819674}, {""block"": ""star_ris"", ""rho"": 1.0, ""gain"": 0.1851112180852823}, {""block"": ""rsma"", ""rho"": 65536.0, ""gain"": 0.0}, {""block"": ""star_ris"", ""rho"": 4.0, ""gain"": 0.03784906511764419}, {""block"": ""rsma"", ""rho"": 65536.0, ""gain"": 0.0}, {""block"": ""star_ris"", ""rho"": 8.0, ""gain"": 0.01826793312702435}, {""block"": ""rsma"", ""rho"": 65536.0, ""gain"": 0.0}, {""block"": ""star_ris"", ""rho"": 16.0, ""gain"": 0.008978926780944363}, {""block"": ""rsma"", ""rho"": 65536.0, ""gain"": 0.0}, {""block"": ""star_ris"", ""rho"": 1.0, ""gain"": 0.13710557940217427}, {""block"": ""rsma"", ""rho"": 65536.0, ""gain"": 0.0}, {""block"": ""star_ris"", ""rho"": 1.0, ""gain"": 0.11851796785447988}, {""block"": ""rsma"", ""rho"": 65536.0, ""gain"": 0.0}, {""block"": ""star_ris"", ""rho"": 1.0, ""gain"": 0.10309653078887848}, {""block"": ""rsma"", ""rho"": 65536.0, ""gain"": 0.0}, {""block"": ""star_ris"", ""rho"": 8.0, ""gain"": 0.0107442120962844}, {""block"": ""rsma"", ""rho"": 65536.0, ""gain"": 0.0}, {""block"": ""star_ris"", ""rho"": 32.0, ""gain"": 0.0026578500628176016}, {""block"": ""rsma"", ""rho"": 65536.0, ""gain"": 0.0}, {""block"": ""star_ris"", ""rho"": 1.0, ""gain"": 0.07443158439458841}, {""block"": ""rsma"", ""rho"": 65536.0, ""gain"": 0.0}, {""block"": ""star_ris"", ""rho"": 1.0, ""gain"": 0.06075124919910024}, {""block"": ""rsma"", ""rho"": 65536.0, ""gain"": 0.0}, {""block"": ""star_ris"", ""rho"": 1.0, ""gain"": 0.05266453269337745}, {""block"": ""rsma"", ""rho"": 65536.0, ""gain"": 0.0}, {""block"": ""star_ris"", ""rho"": 1.0, ""gain"": 0.046365951547901574}, {""block"": ""rsma"", ""rho"": 65536.0, ""gain"": 0.0}, {""block"": ""star_ris"", ""rho"": 1.0, ""gain"": 0.04026818657299458}, {""block"": ""rsma"", ""rho"": 65536.0, ""gain"": 0.0}, {""block"": ""star_ris"", ""rho"": 1.0, ""gain"": 0.03636055965051099}, {""block"": ""rsma"", ""rho"": 65536.0, ""gain"": 0.0}, {""block"": ""star_ris"", ""rho"": 1.0, ""gain"": 0.031974454627214044}, {""block"": ""rsma"", ""rho"": 65536.0, ""gain"": 0.0}, {""block"": ""star_ris"", ""rho"": 1.0, ""gain"": 0.024603734961935686}]",{},4718.894968,1a480db47c5efa1cc1a63abf6aef552d6bf21ecebd475a7bc99d509c20d9fb0d,fc61d5cda7da39530055bae9bd0e92865f995cd9,ae41070d268d283dcc283b0aaf9b960eae1f4ddd22d423577b272c18802a3aae
ao_sca,64,10000,154,test,17.91048349751179,17.91048349751179,1.0,True,0.0,11,4482,18,ao_sca_proximal_physical,analytical_ris_equal_allocation,"[1.8379165665911, 17.2575557322607, 17.447806184521106, 17.620509595088976, 17.63776329738185, 17.64202432940415, 17.754055646675937, 17.85868529801977, 17.870888171942372, 17.902315861708335, 17.9102201204677, 17.91048349751179]","[{""block"": ""rsma"", ""rho"": 1.0, ""gain"": 15.195422053639176}, {""block"": ""star_ris"", ""rho"": 2.0, ""gain"": 0.2242171120304235}, {""block"": ""rsma"", ""rho"": 1.0, ""gain"": 0.0}, {""block"": ""star_ris"", ""rho"": 1.0, ""gain"": 0.1902504522604076}, {""block"": ""rsma"", ""rho"": 1.0, ""gain"": 0.0}, {""block"": ""star_ris"", ""rho"": 4.0, ""gain"": 0.17270341056786975}, {""block"": ""rsma"", ""rho"": 1.0, ""gain"": -3.552713678800501e-15}, {""block"": ""star_ris"", ""rho"": 32.0, ""gain"": 0.017253702292876483}, {""block"": ""rsma"", ""rho"": 1.0, ""gain"": 3.552713678800501e-15}, {""block"": ""star_ris"", ""rho"": 128.0, ""gain"": 0.004261032022299105}, {""block"": ""rsma"", ""rho"": 1.0, ""gain"": 0.0}, {""block"": ""star_ris"", ""rho"": 2.0, ""gain"": 0.11203131727178572}, {""block"": ""rsma"", ""rho"": 1.0, ""gain"": -7.105427357601002e-15}, {""block"": ""star_ris"", ""rho"": 4.0, ""gain"": 0.1046296513438385}, {""block"": ""rsma"", ""rho"": 1.0, ""gain"": 0.0}, {""block"": ""star_ris"", ""rho"": 16.0, ""gain"": 0.012202873922603885}, {""block"": ""rsma"", ""rho"": 1.0, ""gain"": 0.0}, {""block"": ""star_ris"", ""rho"": 8.0, ""gain"": 0.03142768976596244}, {""block"": ""rsma"", ""rho"": 1.0, ""gain"": -3.552713678800501e-15}, {""block"": ""star_ris"", ""rho"": 8.0, ""gain"": 0.007904258759367622}, {""block"": ""rsma"", ""rho"": 1.0, ""gain"": 0.0}, {""block"": ""star_ris"", ""rho"": 512.0, ""gain"": 0.00026337704409229445}]",{},2493.0118,1a480db47c5efa1cc1a63abf6aef552d6bf21ecebd475a7bc99d509c20d9fb0d,fc61d5cda7da39530055bae9bd0e92865f995cd9,ae41070d268d283dcc283b0aaf9b960eae1f4ddd22d423577b272c18802a3aae
ao_sca,64,10000,155,test,19.793746312852328,19.793746312852328,1.0,True,0.0,20,8378,22,ao_sca_proximal_physical,analytical_ris_equal_allocation,"[1.8377823286624828, 15.870173771361294, 18.126505724161795, 18.230522652763806, 18.23663315119259, 18.600040574442282, 18.640473493328795, 18.929080268796834, 19.095206133705293, 19.238065814061443, 19.356421241460904, 19.44611384339027, 19.52087729366579, 19.576107242429753, 19.624644375765637, 19.6665325639885, 19.701484794572384, 19.729763668647998, 19.753467177816827, 19.774618335218463, 19.793746312852328]","[{""block"": ""rsma"", ""rho"": 1.0, ""gain"": 13.754051950930693}, {""block"": ""star_ris"", ""rho"": 8.0, ""gain"": 0.27833949176811856}, {""block"": ""rsma"", ""rho"": 4096.0, ""gain"": 2.0079988046964736}, {""block"": ""star_ris"", ""rho"": 2.0, ""gain"": 0.2483331481040274}, {""block"": ""rsma"", ""rho"": 65536.0, ""gain"": 0.0}, {""block"": ""star_ris"", ""rho"": 4.0, ""gain"": 0.10401692860201095}, {""block"": ""rsma"", ""rho"": 65536.0, ""gain"": 0.0}, {""block"": ""star_ris"", ""rho"": 64.0, ""gain"": 0.006110498428782307}, {""block"": ""rsma"", ""rho"": 65536.0, ""gain"": 0.0}, {""block"": ""star_ris"", ""rho"": 1.0, ""gain"": 0.36340742324969355}, {""block"": ""rsma"", ""rho"": 65536.0, ""gain"": 0.0}, {""block"": ""star_ris"", ""rho"": 8.0, ""gain"": 0.04043291888651268}, {""block"": ""rsma"", ""rho"": 65536.0, ""gain"": 0.0}, {""block"": ""star_ris"", ""rho"": 1.0, ""gain"": 0.2886067754680397}, {""block"": ""rsma"", ""rho"": 65536.0, ""gain"": 0.0}, {""block"": ""star_ris"", ""rho"": 1.0, ""gain"": 0.1661258649084587}, {""block"": ""rsma"", ""rho"": 65536.0, ""gain"": 0.0}, {""block"": ""star_ris"", ""rho"": 1.0, ""gain"": 0.1428596803561497}, {""block"": ""rsma"", ""rho"": 65536.0, ""gain"": 0.0}, {""block"": ""star_ris"", ""rho"": 1.0, ""gain"": 0.11835542739946092}, {""block"": ""rsma"", ""rho"": 65536.0, ""gain"": 0.0}, {""block"": ""star_ris"", ""rho"": 1.0, ""gain"": 0.08969260192936446}, {""block"": ""rsma"", ""rho"": 65536.0, ""gain"": 0.0}, {""block"": ""star_ris"", ""rho"": 1.0, ""gain"": 0.07476345027552256}, {""block"": ""rsma"", ""rho"": 65536.0, ""gain"": 0.0}, {""block"": ""star_ris"", ""rho"": 1.0, ""gain"": 0.055229948763962255}, {""block"": ""rsma"", ""rho"": 65536.0, ""gain"": 0.0}, {""block"": ""star_ris"", ""rho"": 1.0, ""gain"": 0.048537133335884164}, {""block"": ""rsma"", ""rho"": 65536.0, ""gain"": 0.0}, {""block"": ""star_ris"", ""rho"": 1.0, ""gain"": 0.04188818822286322}, {""block"": ""rsma"", ""rho"": 65536.0, ""gain"": 0.0}, {""block"": ""star_ris"", ""rho"": 1.0, ""gain"": 0.03495223058388319}, {""block"": ""rsma"", ""rho"": 65536.0, ""gain"": 0.0}, {""block"": ""star_ris"", ""rho"": 1.0, ""gain"": 0.028278874075613913}, {""block"": ""rsma"", ""rho"": 65536.0, ""gain"": 0.0}, {""block"": ""star_ris"", ""rho"": 1.0, ""gain"": 0.02370350916882913}, {""block"": ""rsma"", ""rho"": 65536.0, ""gain"": 0.0}, {""block"": ""star_ris"", ""rho"": 1.0, ""gain"": 0.02115115740163631}, {""block"": ""rsma"", ""rho"": 65536.0, ""gain"": 0.0}, {""block"": ""star_ris"", ""rho"": 1.0, ""gain"": 0.019127977633864646}]",{},4753.856218,1a480db47c5efa1cc1a63abf6aef552d6bf21ecebd475a7bc99d509c20d9fb0d,fc61d5cda7da39530055bae9bd0e92865f995cd9,ae41070d268d283dcc283b0aaf9b960eae1f4ddd22d423577b272c18802a3aae
ao_sca,64,10000,156,test,17.990599018674438,17.990599018674438,1.0,True,0.0,20,8129,39,ao_sca_proximal_physical,analytical_ris_equal_allocation,"[1.8379027147530016, 16.908338603950632, 16.964212518517623, 16.990988710341462, 16.99755709892412, 17.023302817047714, 17.334412072910425, 17.5654394193865, 17.582397001544557, 17.717951324246936, 17.749837664508682, 17.754665588439856, 17.767964179506546, 17.78623699488124, 17.801386728867364, 17.833137727914107, 17.837425950923972, 17.839265923085527, 17.873920644730802, 17.944755647249057, 17.990599018674438]","[{""block"": ""rsma"", ""rho"": 1.0, ""gain"": 14.80014033144535}, {""block"": ""star_ris"", ""rho"": 4.0, ""gain"": 0.27029555775228076}, {""block"": ""rsma"", ""rho"": 1.0, ""gain"": 0.0}, {""block"": ""star_ris"", ""rho"": 16.0, ""gain"": 0.05587391456699109}, {""block"": ""rsma"", ""rho"": 1.0, ""gain"": 0.0}, {""block"": ""star_ris"", ""rho"": 32.0, ""gain"": 0.026776191823838502}, {""block"": ""rsma"", ""rho"": 1.0, ""gain"": 0.0}, {""block"": ""star_ris"", ""rho"": 128.0, ""gain"": 0.006568388582657292}, {""block"": ""rsma"", ""rho"": 1.0, ""gain"": -3.552713678800501e-15}, {""block"": ""star_ris"", ""rho"": 32.0, ""gain"": 0.025745718123598493}, {""block"": ""rsma"", ""rho"": 1.0, ""gain"": -3.552713678800501e-15}, {""block"": ""star_ris"", ""rho"": 1.0, ""gain"": 0.3111092558627142}, {""block"": ""rsma"", ""rho"": 1.0, ""gain"": -3.552713678800501e-15}, {""block"": ""star_ris"", ""rho"": 1.0, ""gain"": 0.23102734647607903}, {""block"": ""rsma"", ""rho"": 1.0, ""gain"": 0.0}, {""block"": ""star_ris"", ""rho"": 4.0, ""gain"": 0.01695758215805654}, {""block"": ""rsma"", ""rho"": 1.0, ""gain"": 0.0}, {""block"": ""star_ris"", ""rho"": 2.0, ""gain"": 0.13555432270237944}, {""block"": ""rsma"", ""rho"": 1.0, ""gain"": 3.552713678800501e-15}, {""block"": ""star_ris"", ""rho"": 2.0, ""gain"": 0.03188634026174242}, {""block"": ""rsma"", ""rho"": 1.0, ""gain"": 0.0}, {""block"": ""star_ris"", ""rho"": 64.0, ""gain"": 0.0048279239311739275}, {""block"": ""rsma"", ""rho"": 1.0, ""gain"": 0.0}, {""block"": ""star_ris"", ""rho"": 8.0, ""gain"": 0.013298591066689625}, {""block"": ""rsma"", ""rho"": 1.0, ""gain"": 0.0}, {""block"": ""star_ris"", ""rho"": 8.0, ""gain"": 0.018272815374693607}, {""block"": ""rsma"", ""rho"": 1.0, ""gain"": 3.552713678800501e-15}, {""block"": ""star_ris"", ""rho"": 2.0, ""gain"": 0.01514973398612085}, {""block"": ""rsma"", ""rho"": 1.0, ""gain"": 0.0}, {""block"": ""star_ris"", ""rho"": 2.0, ""gain"": 0.031750999046742834}, {""block"": ""rsma"", ""rho"": 1.0, ""gain"": 3.552713678800501e-15}, {""block"": ""star_ris"", ""rho"": 4.0, ""gain"": 0.00428822300986198}, {""block"": ""rsma"", ""rho"": 1.0, ""gain"": 0.0}, {""block"": ""star_ris"", ""rho"": 2.0, ""gain"": 0.0018399721615551812}, {""block"": ""rsma"", ""rho"": 1.0, ""gain"": 0.0}, {""block"": ""star_ris"", ""rho"": 2.0, ""gain"": 0.03465472164527483}, {""block"": ""rsma"", ""rho"": 1.0, ""gain"": 0.0}, {""block"": ""star_ris"", ""rho"": 4.0, ""gain"": 0.0708350025182547}, {""block"": ""rsma"", ""rho"": 1.0, ""gain"": -3.552713678800501e-15}, {""block"": ""star_ris"", ""rho"": 2.0, ""gain"": 0.045843371425384305}]",{},4600.08098,1a480db47c5efa1cc1a63abf6aef552d6bf21ecebd475a7bc99d509c20d9fb0d,fc61d5cda7da39530055bae9bd0e92865f995cd9,ae41070d268d283dcc283b0aaf9b960eae1f4ddd22d423577b272c18802a3aae
ao_sca,64,10000,157,test,18.176622061123844,18.176622061123844,1.0,True,0.0,15,6095,28,ao_sca_proximal_physical,analytical_ris_equal_allocation,"[1.8379287364927706, 17.253800722610862, 17.51799674684487, 17.533885234718923, 17.639080201226648, 17.75011880849258, 17.81316397707181, 17.945065891499276, 17.999267103109332, 18.0311889621685, 18.06671002011266, 18.14799882775137, 18.17046552114936, 18.173443330805, 18.176165116134158, 18.176622061123844]","[{""block"": ""rsma"", ""rho"": 1.0, ""gain"": 15.400529121877327}, {""block"": ""star_ris"", ""rho"": 2.0, ""gain"": 0.015342864240764698}, {""block"": ""rsma"", ""rho"": 1.0, ""gain"": 0.0}, {""block"": ""star_ris"", ""rho"": 1.0, ""gain"": 0.2641960242340069}, {""block"": ""rsma"", ""rho"": 1.0, ""gain"": 3.552713678800501e-15}, {""block"": ""star_ris"", ""rho"": 4.0, ""gain"": 0.01588848787405084}, {""block"": ""rsma"", ""rho"": 1.0, ""gain"": -3.552713678800501e-15}, {""block"": ""star_ris"", ""rho"": 2.0, ""gain"": 0.10519496650772808}, {""block"": ""rsma"", ""rho"": 1.0, ""gain"": 0.0}, {""block"": ""star_ris"", ""rho"": 2.0, ""gain"": 0.1110386072659324}, {""block"": ""rsma"", ""rho"": 1.0, ""gain"": 3.552713678800501e-15}, {""block"": ""star_ris"", ""rho"": 1.0, ""gain"": 0.06304516857922593}, {""block"": ""rsma"", ""rho"": 1.0, ""gain"": -3.552713678800501e-15}, {""block"": ""star_ris"", ""rho"": 4.0, ""gain"": 0.1319019144274698}, {""block"": ""rsma"", ""rho"": 1.0, ""gain"": -3.552713678800501e-15}, {""block"": ""star_ris"", ""rho"": 1.0, ""gain"": 0.054201211610060085}, {""block"": ""rsma"", ""rho"": 1.0, ""gain"": -3.552713678800501e-15}, {""block"": ""star_ris"", ""rho"": 4.0, ""gain"": 0.031921859059171}, {""block"": ""rsma"", ""rho"": 1.0, ""gain"": 0.0}, {""block"": ""star_ris"", ""rho"": 2.0, ""gain"": 0.03552105794415894}, {""block"": ""rsma"", ""rho"": 1.0, ""gain"": 0.0}, {""block"": ""star_ris"", ""rho"": 4.0, ""gain"": 0.08128880763871038}, {""block"": ""rsma"", ""rho"": 1.0, ""gain"": 0.0}, {""block"": ""star_ris"", ""rho"": 16.0, ""gain"": 0.022466693397991122}, {""block"": ""rsma"", ""rho"": 1.0, ""gain"": 0.0}, {""block"": ""star_ris"", ""rho"": 64.0, ""gain"": 0.0029778096556398737}, {""block"": ""rsma"", ""rho"": 1.0, ""gain"": 0.0}, {""block"": ""star_ris"", ""rho"": 64.0, ""gain"": 0.0027217853291574556}, {""block"": ""rsma"", ""rho"": 1.0, ""gain"": -3.552713678800501e-15}, {""block"": ""star_ris"", ""rho"": 64.0, ""gain"": 0.00045694498968984476}]",{},3390.4713,1a480db47c5efa1cc1a63abf6aef552d6bf21ecebd475a7bc99d509c20d9fb0d,fc61d5cda7da39530055bae9bd0e92865f995cd9,ae41070d268d283dcc283b0aaf9b960eae1f4ddd22d423577b272c18802a3aae
ao_sca,64,10000,158,test,17.90692486926627,17.90692486926627,1.0,True,0.0,20,8190,34,ao_sca_proximal_physical,analytical_ris_equal_allocation,"[1.8377287233535615, 15.23783335609126, 15.26916986482592, 15.276857370044802, 16.703304765914137, 17.044047261395853, 17.088480757660992, 17.1003477799692, 17.42998794010159, 17.54607100401228, 17.63363752628363, 17.674383100540496, 17.685434092088652, 17.691340430769284, 17.696660108796788, 17.733676933776678, 17.803420123663344, 17.81581843188496, 17.86784604041573, 17.889477415438606, 17.90692486926627]","[{""block"": ""rsma"", ""rho"": 1.0, ""gain"": 13.264079444402714}, {""block"": ""star_ris"", ""rho"": 32.0, ""gain"": 0.13602518833498323}, {""block"": ""rsma"", ""rho"": 65536.0, ""gain"": 0.0}, {""block"": ""star_ris"", ""rho"": 128.0, ""gain"": 0.031336508734661095}, {""block"": ""rsma"", ""rho"": 65536.0, ""gain"": 0.0}, {""block"": ""star_ris"", ""rho"": 512.0, ""gain"": 0.00768750521888073}, {""block"": ""rsma"", ""rho"": 65536.0, ""gain"": 0.0}, {""block"": ""star_ris"", ""rho"": 2.0, ""gain"": 1.426447395869335}, {""block"": ""rsma"", ""rho"": 1.0, ""gain"": 0.0}, {""block"": ""star_ris"", ""rho"": 4.0, ""gain"": 0.34074249548171665}, {""block"": ""rsma"", ""rho"": 1.0, ""gain"": 3.552713678800501e-15}, {""block"": ""star_ris"", ""rho"": 32.0, ""gain"": 0.044433496265135375}, {""block"": ""rsma"", ""rho"": 1.0, ""gain"": 0.0}, {""block"": ""star_ris"", ""rho"": 128.0, ""gain"": 0.01186702230820913}, {""block"": ""rsma"", ""rho"": 1.0, ""gain"": 0.0}, {""block"": ""star_ris"", ""rho"": 4.0, ""gain"": 0.3296401601323886}, {""block"": ""rsma"", ""rho"": 1.0, ""gain"": 0.0}, {""block"": ""star_ris"", ""rho"": 4.0, ""gain"": 0.11608306391068979}, {""block"": ""rsma"", ""rho"": 1.0, ""gain"": 0.0}, {""block"": ""star_ris"", ""rho"": 1.0, ""gain"": 0.08756652227134865}, {""block"": ""rsma"", ""rho"": 1.0, ""gain"": 0.0}, {""block"": ""star_ris"", ""rho"": 16.0, ""gain"": 0.0407455742568672}, {""block"": ""rsma"", ""rho"": 1.0, ""gain"": 0.0}, {""block"": ""star_ris"", ""rho"": 1.0, ""gain"": 0.011050991548156475}, {""block"": ""rsma"", ""rho"": 1.0, ""gain"": 3.552713678800501e-15}, {""block"": ""star_ris"", ""rho"": 2.0, ""gain"": 0.005906338680627954}, {""block"": ""rsma"", ""rho"": 1.0, ""gain"": -3.552713678800501e-15}, {""block"": ""star_ris"", ""rho"": 4.0, ""gain"": 0.00531967802750799}, {""block"": ""rsma"", ""rho"": 1.0, ""gain"": 0.0}, {""block"": ""star_ris"", ""rho"": 32.0, ""gain"": 0.03701682497989012}, {""block"": ""rsma"", ""rho"": 1.0, ""gain"": -7.105427357601002e-15}, {""block"": ""star_ris"", ""rho"": 4.0, ""gain"": 0.0697431898866725}, {""block"": ""rsma"", ""rho"": 1.0, ""gain"": 0.0}, {""block"": ""star_ris"", ""rho"": 8.0, ""gain"": 0.012398308221616361}, {""block"": ""rsma"", ""rho"": 1.0, ""gain"": 3.552713678800501e-15}, {""block"": ""star_ris"", ""rho"": 4.0, ""gain"": 0.05202760853076782}, {""block"": ""rsma"", ""rho"": 1.0, ""gain"": 0.0}, {""block"": ""star_ris"", ""rho"": 8.0, ""gain"": 0.021631375022874266}, {""block"": ""rsma"", ""rho"": 1.0, ""gain"": 0.0}, {""block"": ""star_ris"", ""rho"": 4.0, ""gain"": 0.017447453827664106}]",{},4665.681433,1a480db47c5efa1cc1a63abf6aef552d6bf21ecebd475a7bc99d509c20d9fb0d,fc61d5cda7da39530055bae9bd0e92865f995cd9,ae41070d268d283dcc283b0aaf9b960eae1f4ddd22d423577b272c18802a3aae
ao_sca,64,10000,159,test,17.77338136003098,17.77338136003098,1.0,True,0.0,11,4473,21,ao_sca_proximal_physical,analytical_ris_equal_allocation,"[1.837905068597072, 17.34124156544415, 17.347891380525027, 17.379930150002647, 17.401434920599936, 17.452188174615294, 17.558698550642664, 17.58164444090047, 17.626454964224344, 17.637369502317405, 17.773160501925584, 17.77338136003098]","[{""block"": ""rsma"", ""rho"": 1.0, ""gain"": 15.292294342840078}, {""block"": ""star_ris"", ""rho"": 1.0, ""gain"": 0.211042154007}, {""block"": ""rsma"", ""rho"": 1.0, ""gain"": 0.0}, {""block"": ""star_ris"", ""rho"": 4.0, ""gain"": 0.00664981508087692}, {""block"": ""rsma"", ""rho"": 1.0, ""gain"": 0.0}, {""block"": ""star_ris"", ""rho"": 1.0, ""gain"": 0.03203876947761941}, {""block"": ""rsma"", ""rho"": 1.0, ""gain"": 3.552713678800501e-15}, {""block"": ""star_ris"", ""rho"": 4.0, ""gain"": 0.021504770597285727}, {""block"": ""rsma"", ""rho"": 1.0, ""gain"": 3.552713678800501e-15}, {""block"": ""star_ris"", ""rho"": 1.0, ""gain"": 0.0507532540153548}, {""block"": ""rsma"", ""rho"": 1.0, ""gain"": 0.0}, {""block"": ""star_ris"", ""rho"": 1.0, ""gain"": 0.10651037602736935}, {""block"": ""rsma"", ""rho"": 1.0, ""gain"": 0.0}, {""block"": ""star_ris"", ""rho"": 32.0, ""gain"": 0.022945890257805246}, {""block"": ""rsma"", ""rho"": 1.0, ""gain"": 0.0}, {""block"": ""star_ris"", ""rho"": 16.0, ""gain"": 0.04481052332387492}, {""block"": ""rsma"", ""rho"": 1.0, ""gain"": 0.0}, {""block"": ""star_ris"", ""rho"": 64.0, ""gain"": 0.01091453809306131}, {""block"": ""rsma"", ""rho"": 1.0, ""gain"": -3.552713678800501e-15}, {""block"": ""star_ris"", ""rho"": 1.0, ""gain"": 0.13579099960818297}, {""block"": ""rsma"", ""rho"": 1.0, ""gain"": 0.0}, {""block"": ""star_ris"", ""rho"": 512.0, ""gain"": 0.0002208581053970704}]",{},2451.644268,1a480db47c5efa1cc1a63abf6aef552d6bf21ecebd475a7bc99d509c20d9fb0d,fc61d5cda7da39530055bae9bd0e92865f995cd9,ae41070d268d283dcc283b0aaf9b960eae1f4ddd22d423577b272c18802a3aae
ao_sca,64,10000,160,test,17.706386281367436,17.706386281367436,1.0,True,0.0,5,2035,7,ao_sca_proximal_physical,analytical_ris_equal_allocation,"[1.8378795795380554, 17.384079353401543, 17.689006503452582, 17.699398406976144, 17.70497600108809, 17.706386281367436]","[{""block"": ""rsma"", ""rho"": 1.0, ""gain"": 14.422764595447104}, {""block"": ""star_ris"", ""rho"": 1.0, ""gain"": 1.1234351784163827}, {""block"": ""rsma"", ""rho"": 1.0, ""gain"": 0.0}, {""block"": ""star_ris"", ""rho"": 1.0, ""gain"": 0.3049271500510393}, {""block"": ""rsma"", ""rho"": 1.0, ""gain"": 0.0}, {""block"": ""star_ris"", ""rho"": 1.0, ""gain"": 0.010391903523562007}, {""block"": ""rsma"", ""rho"": 1.0, ""gain"": 0.0}, {""block"": ""star_ris"", ""rho"": 16.0, ""gain"": 0.005577594111947803}, {""block"": ""rsma"", ""rho"": 1.0, ""gain"": 0.0}, {""block"": ""star_ris"", ""rho"": 1024.0, ""gain"": 0.0014102802793445335}]",{},1114.985109,1a480db47c5efa1cc1a63abf6aef552d6bf21ecebd475a7bc99d509c20d9fb0d,fc61d5cda7da39530055bae9bd0e92865f995cd9,ae41070d268d283dcc283b0aaf9b960eae1f4ddd22d423577b272c18802a3aae
ao_sca,64,10000,161,test,17.964683101554506,17.964683101554506,1.0,True,0.0,3,1219,6,ao_sca_proximal_physical,analytical_ris_equal_allocation,"[1.837951332423905, 17.66954432241734, 17.963270500957826, 17.964683101554506]","[{""block"": ""rsma"", ""rho"": 1.0, ""gain"": 15.41597232752924}, {""block"": ""star_ris"", ""rho"": 2.0, ""gain"": 0.41562066246419604}, {""block"": ""rsma"", ""rho"": 1.0, ""gain"": -3.552713678800501e-15}, {""block"": ""star_ris"", ""rho"": 2.0, ""gain"": 0.29372617854048855}, {""block"": ""rsma"", ""rho"": 1.0, ""gain"": 3.552713678800501e-15}, {""block"": ""star_ris"", ""rho"": 16.0, ""gain"": 0.0014126005966765831}]",{},682.964016,1a480db47c5efa1cc1a63abf6aef552d6bf21ecebd475a7bc99d509c20d9fb0d,fc61d5cda7da39530055bae9bd0e92865f995cd9,ae41070d268d283dcc283b0aaf9b960eae1f4ddd22d423577b272c18802a3aae
ao_sca,64,10000,162,test,17.529016632947616,17.529016632947616,1.0,True,0.0,11,4485,21,ao_sca_proximal_physical,analytical_ris_equal_allocation,"[1.837912575486359, 17.265043592020863, 17.294611367459, 17.326468846428977, 17.34372306124976, 17.36864066776085, 17.402886194232323, 17.415822375566744, 17.429553666021558, 17.524884170483507, 17.52894830156634, 17.529016632947616]","[{""block"": ""rsma"", ""rho"": 1.0, ""gain"": 15.1397141054944}, {""block"": ""star_ris"", ""rho"": 4.0, ""gain"": 0.28741691104010414}, {""block"": ""rsma"", ""rho"": 1.0, ""gain"": 0.0}, {""block"": ""star_ris"", ""rho"": 32.0, ""gain"": 0.02956777543813871}, {""block"": ""rsma"", ""rho"": 1.0, ""gain"": 0.0}, {""block"": ""star_ris"", ""rho"": 8.0, ""gain"": 0.03185747896997526}, {""block"": ""rsma"", ""rho"": 1.0, ""gain"": 0.0}, {""block"": ""star_ris"", ""rho"": 8.0, ""gain"": 0.017254214820784597}, {""block"": ""rsma"", ""rho"": 1.0, ""gain"": -3.552713678800501e-15}, {""block"": ""star_ris"", ""rho"": 8.0, ""gain"": 0.024917606511092316}, {""block"": ""rsma"", ""rho"": 1.0, ""gain"": 3.552713678800501e-15}, {""block"": ""star_ris"", ""rho"": 4.0, ""gain"": 0.03424552647146939}, {""block"": ""rsma"", ""rho"": 1.0, ""gain"": 0.0}, {""block"": ""star_ris"", ""rho"": 16.0, ""gain"": 0.012936181334421093}, {""block"": ""rsma"", ""rho"": 1.0, ""gain"": 0.0}, {""block"": ""star_ris"", ""rho"": 8.0, ""gain"": 0.013731290454813916}, {""block"": ""rsma"", ""rho"": 1.0, ""gain"": 3.552713678800501e-15}, {""block"": ""star_ris"", ""rho"": 8.0, ""gain"": 0.0953305044619448}, {""block"": ""rsma"", ""rho"": 1.0, ""gain"": 3.552713678800501e-15}, {""block"": ""star_ris"", ""rho"": 32.0, ""gain"": 0.004064131082831324}, {""block"": ""rsma"", ""rho"": 1.0, ""gain"": 0.0}, {""block"": ""star_ris"", ""rho"": 128.0, ""gain"": 6.833138127504412e-05}]",{},2570.71194,1a480db47c5efa1cc1a63abf6aef552d6bf21ecebd475a7bc99d509c20d9fb0d,fc61d5cda7da39530055bae9bd0e92865f995cd9,ae41070d268d283dcc283b0aaf9b960eae1f4ddd22d423577b272c18802a3aae
ao_sca,64,10000,163,test,18.062156414459626,18.062156414459626,1.0,True,0.0,15,6085,27,ao_sca_proximal_physical,analytical_ris_equal_allocation,"[1.8379288854401752, 17.360314575174613, 17.68152188505789, 17.68948643999901, 17.73281370613129, 17.736419698002337, 17.754826170860305, 17.904370244933915, 17.918666855382504, 17.976595463090113, 17.98564432101662, 17.99371984195558, 18.00186999615187, 18.02303255424043, 18.06056334502948, 18.062156414459622]","[{""block"": ""rsma"", ""rho"": 1.0, ""gain"": 15.352353237985579}, {""block"": ""star_ris"", ""rho"": 1.0, ""gain"": 0.17003245174885961}, {""block"": ""rsma"", ""rho"": 1.0, ""gain"": 3.552713678800501e-15}, {""block"": ""star_ris"", ""rho"": 1.0, ""gain"": 0.32120730988327395}, {""block"": ""rsma"", ""rho"": 1.0, ""gain"": -3.552713678800501e-15}, {""block"": ""star_ris"", ""rho"": 4.0, ""gain"": 0.007964554941121804}, {""block"": ""rsma"", ""rho"": 1.0, ""gain"": 0.0}, {""block"": ""star_ris"", ""rho"": 1.0, ""gain"": 0.04332726613228033}, {""block"": ""rsma"", ""rho"": 1.0, ""gain"": 0.0}, {""block"": ""star_ris"", ""rho"": 8.0, ""gain"": 0.00360599187104782}, {""block"": ""rsma"", ""rho"": 1.0, ""gain"": 0.0}, {""block"": ""star_ris"", ""rho"": 2.0, ""gain"": 0.01840647285796848}, {""block"": ""rsma"", ""rho"": 1.0, ""gain"": 0.0}, {""block"": ""star_ris"", ""rho"": 8.0, ""gain"": 0.14954407407361003}, {""block"": ""rsma"", ""rho"": 1.0, ""gain"": 0.0}, {""block"": ""star_ris"", ""rho"": 2.0, ""gain"": 0.01429661044858932}, {""block"": ""rsma"", ""rho"": 1.0, ""gain"": 0.0}, {""block"": ""star_ris"", ""rho"": 2.0, ""gain"": 0.0579286077076091}, {""block"": ""rsma"", ""rho"": 1.0, ""gain"": 3.552713678800501e-15}, {""block"": ""star_ris"", ""rho"": 8.0, ""gain"": 0.009048857926501341}, {""block"": ""rsma"", ""rho"": 1.0, ""gain"": 3.552713678800501e-15}, {""block"": ""star_ris"", ""rho"": 4.0, ""gain"": 0.008075520938959357}, {""block"": ""rsma"", ""rho"": 1.0, ""gain"": 0.0}, {""block"": ""star_ris"", ""rho"": 2.0, ""gain"": 0.00815015419629006}, {""block"": ""rsma"", ""rho"": 1.0, ""gain"": 3.552713678800501e-15}, {""block"": ""star_ris"", ""rho"": 4.0, ""gain"": 0.021162558088555272}, {""block"": ""rsma"", ""rho"": 1.0, ""gain"": 0.0}, {""block"": ""star_ris"", ""rho"": 1.0, ""gain"": 0.03753079078904875}, {""block"": ""rsma"", ""rho"": 1.0, ""gain"": 0.0}, {""block"": ""star_ris"", ""rho"": 32.0, ""gain"": 0.0015930694301431458}]",{},3502.098452,1a480db47c5efa1cc1a63abf6aef552d6bf21ecebd475a7bc99d509c20d9fb0d,fc61d5cda7da39530055bae9bd0e92865f995cd9,ae41070d268d283dcc283b0aaf9b960eae1f4ddd22d423577b272c18802a3aae
ao_sca,64,10000,164,test,17.278135861619575,17.278135861619575,1.0,True,0.0,10,4077,18,ao_sca_proximal_physical,analytical_ris_equal_allocation,"[1.837866397869923, 16.756356047652766, 16.788365442629207, 16.804051964061326, 16.874028545324848, 16.96697084463502, 16.988922147989584, 17.185345610546946, 17.187173344990075, 17.277896186499138, 17.278135861619575]","[{""block"": ""rsma"", ""rho"": 1.0, ""gain"": 14.77968927759376}, {""block"": ""star_ris"", ""rho"": 8.0, ""gain"": 0.13880037218908114}, {""block"": ""rsma"", ""rho"": 1.0, ""gain"": 0.0}, {""block"": ""star_ris"", ""rho"": 32.0, ""gain"": 0.032009394976441286}, {""block"": ""rsma"", ""rho"": 1.0, ""gain"": 0.0}, {""block"": ""star_ris"", ""rho"": 64.0, ""gain"": 0.01568652143211935}, {""block"": ""rsma"", ""rho"": 1.0, ""gain"": 0.0}, {""block"": ""star_ris"", ""rho"": 2.0, ""gain"": 0.06997658126352135}, {""block"": ""rsma"", ""rho"": 1.0, ""gain"": 0.0}, {""block"": ""star_ris"", ""rho"": 16.0, ""gain"": 0.09294229931017384}, {""block"": ""rsma"", ""rho"": 1.0, ""gain"": 0.0}, {""block"": ""star_ris"", ""rho"": 64.0, ""gain"": 0.021951303354562413}, {""block"": ""rsma"", ""rho"": 1.0, ""gain"": 0.0}, {""block"": ""star_ris"", ""rho"": 4.0, ""gain"": 0.19642346255736243}, {""block"": ""rsma"", ""rho"": 1.0, ""gain"": 0.0}, {""block"": ""star_ris"", ""rho"": 4.0, ""gain"": 0.0018277344431290032}, {""block"": ""rsma"", ""rho"": 1.0, ""gain"": 3.552713678800501e-15}, {""block"": ""star_ris"", ""rho"": 8.0, ""gain"": 0.0907228415090593}, {""block"": ""rsma"", ""rho"": 1.0, ""gain"": 0.0}, {""block"": ""star_ris"", ""rho"": 16.0, ""gain"": 0.00023967512043654438}]",{},2313.641031,1a480db47c5efa1cc1a63abf6aef552d6bf21ecebd475a7bc99d509c20d9fb0d,fc61d5cda7da39530055bae9bd0e92865f995cd9,ae41070d268d283dcc283b0aaf9b960eae1f4ddd22d423577b272c18802a3aae
ao_sca,64,10000,165,test,17.726619624578735,17.726619624578735,1.0,True,0.0,13,5288,22,ao_sca_proximal_physical,analytical_ris_equal_allocation,"[1.8379128922989487, 17.17002818515971, 17.22478057459579, 17.36775221598706, 17.398214284383698, 17.40875513132623, 17.413983885785132, 17.435561019202495, 17.476305107566684, 17.639631516527324, 17.648462988732895, 17.652141661653378, 17.726555301404122, 17.726619624578735]","[{""block"": ""rsma"", ""rho"": 1.0, ""gain"": 15.29358840777384}, {""block"": ""star_ris"", ""rho"": 4.0, ""gain"": 0.03852688508692026}, {""block"": ""rsma"", ""rho"": 1.0, ""gain"": 0.0}, {""block"": ""star_ris"", ""rho"": 2.0, ""gain"": 0.05475238943608218}, {""block"": ""rsma"", ""rho"": 1.0, ""gain"": 0.0}, {""block"": ""star_ris"", ""rho"": 2.0, ""gain"": 0.14297164139127005}, {""block"": ""rsma"", ""rho"": 1.0, ""gain"": 0.0}, {""block"": ""star_ris"", ""rho"": 1.0, ""gain"": 0.030462068396637676}, {""block"": ""rsma"", ""rho"": 1.0, ""gain"": 0.0}, {""block"": ""star_ris"", ""rho"": 64.0, ""gain"": 0.010540846942532767}, {""block"": ""rsma"", ""rho"": 1.0, ""gain"": 0.0}, {""block"": ""star_ris"", ""rho"": 128.0, ""gain"": 0.0052287544589013635}, {""block"": ""rsma"", ""rho"": 1.0, ""gain"": 0.0}, {""block"": ""star_ris"", ""rho"": 4.0, ""gain"": 0.021577133417363115}, {""block"": ""rsma"", ""rho"": 1.0, ""gain"": 0.0}, {""block"": ""star_ris"", ""rho"": 2.0, ""gain"": 0.04074408836418897}, {""block"": ""rsma"", ""rho"": 1.0, ""gain"": 0.0}, {""block"": ""star_ris"", ""rho"": 2.0, ""gain"": 0.1633264089606392}, {""block"": ""rsma"", ""rho"": 1.0, ""gain"": 0.0}, {""block"": ""star_ris"", ""rho"": 16.0, ""gain"": 0.008831472205571345}, {""block"": ""rsma"", ""rho"": 1.0, ""gain"": 0.0}, {""block"": ""star_ris"", ""rho"": 4.0, ""gain"": 0.0036786729204827395}, {""block"": ""rsma"", ""rho"": 1.0, ""gain"": 0.0}, {""block"": ""star_ris"", ""rho"": 4.0, ""gain"": 0.07441363975074466}, {""block"": ""rsma"", ""rho"": 1.0, ""gain"": 0.0}, {""block"": ""star_ris"", ""rho"": 64.0, ""gain"": 6.432317461246839e-05}]",{},3045.958325,1a480db47c5efa1cc1a63abf6aef552d6bf21ecebd475a7bc99d509c20d9fb0d,fc61d5cda7da39530055bae9bd0e92865f995cd9,ae41070d268d283dcc283b0aaf9b960eae1f4ddd22d423577b272c18802a3aae
ao_sca,64,10000,166,test,18.05024958289505,18.05024958289505,1.0,True,0.0,14,5693,28,ao_sca_proximal_physical,analytical_ris_equal_allocation,"[1.837912520250056, 17.450723791146142, 17.47181984476536, 17.66909229477048, 17.68175332776248, 17.81352531323065, 17.938192021758496, 17.961832515025236, 17.97093615834293, 17.97429302065454, 17.990121938562027, 18.02802495975727, 18.037368397238566, 18.04992873635507, 18.05024958289505]","[{""block"": ""rsma"", ""rho"": 1.0, ""gain"": 15.137280096944215}, {""block"": ""star_ris"", ""rho"": 1.0, ""gain"": 0.4755311739518717}, {""block"": ""rsma"", ""rho"": 1.0, ""gain"": 0.0}, {""block"": ""star_ris"", ""rho"": 2.0, ""gain"": 0.021096053619217514}, {""block"": ""rsma"", ""rho"": 1.0, ""gain"": 0.0}, {""block"": ""star_ris"", ""rho"": 1.0, ""gain"": 0.19727245000511928}, {""block"": ""rsma"", ""rho"": 1.0, ""gain"": -3.552713678800501e-15}, {""block"": ""star_ris"", ""rho"": 2.0, ""gain"": 0.012661032992003385}, {""block"": ""rsma"", ""rho"": 1.0, ""gain"": 0.0}, {""block"": ""star_ris"", ""rho"": 2.0, ""gain"": 0.13177198546816982}, {""block"": ""rsma"", ""rho"": 1.0, ""gain"": 0.0}, {""block"": ""star_ris"", ""rho"": 1.0, ""gain"": 0.12466670852784745}, {""block"": ""rsma"", ""rho"": 1.0, ""gain"": 0.0}, {""block"": ""star_ris"", ""rho"": 8.0, ""gain"": 0.02364049326673978}, {""block"": ""rsma"", ""rho"": 1.0, ""gain"": 0.0}, {""block"": ""star_ris"", ""rho"": 32.0, ""gain"": 0.009103643317693866}, {""block"": ""rsma"", ""rho"": 1.0, ""gain"": 0.0}, {""block"": ""star_ris"", ""rho"": 8.0, ""gain"": 0.0033568623116089213}, {""block"": ""rsma"", ""rho"": 1.0, ""gain"": 0.0}, {""block"": ""star_ris"", ""rho"": 8.0, ""gain"": 0.01582891790748775}, {""block"": ""rsma"", ""rho"": 1.0, ""gain"": 0.0}, {""block"": ""star_ris"", ""rho"": 8.0, ""gain"": 0.03790302119524469}, {""block"": ""rsma"", ""rho"": 1.0, ""gain"": 3.552713678800501e-15}, {""block"": ""star_ris"", ""rho"": 32.0, ""gain"": 0.009343437481291517}, {""block"": ""rsma"", ""rho"": 1.0, ""gain"": -3.552713678800501e-15}, {""block"": ""star_ris"", ""rho"": 8.0, ""gain"": 0.01256033911650789}, {""block"": ""rsma"", ""rho"": 1.0, ""gain"": 3.552713678800501e-15}, {""block"": ""star_ris"", ""rho"": 256.0, ""gain"": 0.0003208465399744398}]",{},3299.356655,1a480db47c5efa1cc1a63abf6aef552d6bf21ecebd475a7bc99d509c20d9fb0d,fc61d5cda7da39530055bae9bd0e92865f995cd9,ae41070d268d283dcc283b0aaf9b960eae1f4ddd22d423577b272c18802a3aae
ao_sca,64,10000,167,test,17.90641190664612,17.90641190664612,1.0,True,0.0,3,1218,6,ao_sca_proximal_physical,analytical_ris_equal_allocation,"[1.8379007280502115, 17.558887366777125, 17.905914981395718, 17.90641190664612]","[{""block"": ""rsma"", ""rho"": 1.0, ""gain"": 14.792635058970468}, {""block"": ""star_ris"", ""rho"": 1.0, ""gain"": 0.9283515797564448}, {""block"": ""rsma"", ""rho"": 1.0, ""gain"": 0.0}, {""block"": ""star_ris"", ""rho"": 2.0, ""gain"": 0.3470276146185931}, {""block"": ""rsma"", ""rho"": 1.0, ""gain"": 0.0}, {""block"": ""star_ris"", ""rho"": 16.0, ""gain"": 0.000496925250402569}]",{},725.006894,1a480db47c5efa1cc1a63abf6aef552d6bf21ecebd475a7bc99d509c20d9fb0d,fc61d5cda7da39530055bae9bd0e92865f995cd9,ae41070d268d283dcc283b0aaf9b960eae1f4ddd22d423577b272c18802a3aae
ao_sca,64,10000,168,test,19.824785523713867,19.824785523713867,1.0,True,0.0,17,7127,19,ao_sca_proximal_physical,analytical_ris_equal_allocation,"[1.8377867763553375, 15.952622668241755, 18.001411619518244, 18.035132767479528, 18.05156139419933, 18.51756266423724, 18.839452845701324, 19.090154535007876, 19.293912711104806, 19.42098916673983, 19.52429499199627, 19.620632548709274, 19.687673501505, 19.741620464286886, 19.784594231643396, 19.821556067849315, 19.82371196952636, 19.824785523713867]","[{""block"": ""rsma"", ""rho"": 1.0, ""gain"": 13.911161541859748}, {""block"": ""star_ris"", ""rho"": 8.0, ""gain"": 0.20367435002667023}, {""block"": ""rsma"", ""rho"": 1024.0, ""gain"": 1.8984739062721339}, {""block"": ""star_ris"", ""rho"": 4.0, ""gain"": 0.15031504500435489}, {""block"": ""rsma"", ""rho"": 65536.0, ""gain"": 0.0}, {""block"": ""star_ris"", ""rho"": 16.0, ""gain"": 0.033721147961284004}, {""block"": ""rsma"", ""rho"": 65536.0, ""gain"": 0.0}, {""block"": ""star_ris"", ""rho"": 32.0, ""gain"": 0.016428626719800832}, {""block"": ""rsma"", ""rho"": 65536.0, ""gain"": 0.0}, {""block"": ""star_ris"", ""rho"": 1.0, ""gain"": 0.4660012700379106}, {""block"": ""rsma"", ""rho"": 65536.0, ""gain"": 0.0}, {""block"": ""star_ris"", ""rho"": 1.0, ""gain"": 0.32189018146408443}, {""block"": ""rsma"", ""rho"": 65536.0, ""gain"": 0.0}, {""block"": ""star_ris"", ""rho"": 1.0, ""gain"": 0.25070168930655257}, {""block"": ""rsma"", ""rho"": 65536.0, ""gain"": 0.0}, {""block"": ""star_ris"", ""rho"": 1.0, ""gain"": 0.2037581760969296}, {""block"": ""rsma"", ""rho"": 65536.0, ""gain"": 0.0}, {""block"": ""star_ris"", ""rho"": 1.0, ""gain"": 0.12707645563502368}, {""block"": ""rsma"", ""rho"": 65536.0, ""gain"": 0.0}, {""block"": ""star_ris"", ""rho"": 1.0, ""gain"": 0.10330582525644161}, {""block"": ""rsma"", ""rho"": 65536.0, ""gain"": 0.0}, {""block"": ""star_ris"", ""rho"": 1.0, ""gain"": 0.09633755671300293}, {""block"": ""rsma"", ""rho"": 65536.0, ""gain"": 0.0}, {""block"": ""star_ris"", ""rho"": 1.0, ""gain"": 0.06704095279572542}, {""block"": ""rsma"", ""rho"": 65536.0, ""gain"": 0.0}, {""block"": ""star_ris"", ""rho"": 1.0, ""gain"": 0.05394696278188604}, {""block"": ""rsma"", ""rho"": 65536.0, ""gain"": 0.0}, {""block"": ""star_ris"", ""rho"": 1.0, ""gain"": 0.042973767356510706}, {""block"": ""rsma"", ""rho"": 65536.0, ""gain"": 0.0}, {""block"": ""star_ris"", ""rho"": 1.0, ""gain"": 0.03696183620591853}, {""block"": ""rsma"", ""rho"": 65536.0, ""gain"": 0.0}, {""block"": ""star_ris"", ""rho"": 16.0, ""gain"": 0.002155901677046046}, {""block"": ""rsma"", ""rho"": 65536.0, ""gain"": 0.0}, {""block"": ""star_ris"", ""rho"": 32.0, ""gain"": 0.0010735541875064314}]",{},4051.964106,1a480db47c5efa1cc1a63abf6aef552d6bf21ecebd475a7bc99d509c20d9fb0d,fc61d5cda7da39530055bae9bd0e92865f995cd9,ae41070d268d283dcc283b0aaf9b960eae1f4ddd22d423577b272c18802a3aae
ao_sca,64,10000,169,test,17.632452418586897,17.632452418586897,1.0,True,0.0,6,2439,11,ao_sca_proximal_physical,analytical_ris_equal_allocation,"[1.8379080522959363, 17.336458034548443, 17.48961006257469, 17.573423493455337, 17.61252835541186, 17.631630862255275, 17.632452418586897]","[{""block"": ""rsma"", ""rho"": 1.0, ""gain"": 15.086968215012554}, {""block"": ""star_ris"", ""rho"": 1.0, ""gain"": 0.41158176723995155}, {""block"": ""rsma"", ""rho"": 1.0, ""gain"": 0.0}, {""block"": ""star_ris"", ""rho"": 2.0, ""gain"": 0.1531520280262484}, {""block"": ""rsma"", ""rho"": 1.0, ""gain"": 0.0}, {""block"": ""star_ris"", ""rho"": 1.0, ""gain"": 0.08381343088064597}, {""block"": ""rsma"", ""rho"": 1.0, ""gain"": 3.552713678800501e-15}, {""block"": ""star_ris"", ""rho"": 16.0, ""gain"": 0.03910486195652041}, {""block"": ""rsma"", ""rho"": 1.0, ""gain"": 0.0}, {""block"": ""star_ris"", ""rho"": 32.0, ""gain"": 0.019102506843413636}, {""block"": ""rsma"", ""rho"": 1.0, ""gain"": -3.552713678800501e-15}, {""block"": ""star_ris"", ""rho"": 16.0, ""gain"": 0.000821556331626283}]",{},1371.949586,1a480db47c5efa1cc1a63abf6aef552d6bf21ecebd475a7bc99d509c20d9fb0d,fc61d5cda7da39530055bae9bd0e92865f995cd9,ae41070d268d283dcc283b0aaf9b960eae1f4ddd22d423577b272c18802a3aae
ao_sca,64,10000,170,test,17.39941144056575,17.39941144056575,1.0,True,0.0,7,2934,8,ao_sca_proximal_physical,analytical_ris_equal_allocation,"[1.8377950966904435, 15.671742403306673, 15.750095485789295, 15.78726731337946, 15.805395306210954, 15.814349644710045, 17.398793866117458, 17.39941144056575]","[{""block"": ""rsma"", ""rho"": 1.0, ""gain"": 13.657632042558655}, {""block"": ""star_ris"", ""rho"": 16.0, ""gain"": 0.1763152640575747}, {""block"": ""rsma"", ""rho"": 65536.0, ""gain"": 0.0}, {""block"": ""star_ris"", ""rho"": 32.0, ""gain"": 0.07835308248262152}, {""block"": ""rsma"", ""rho"": 65536.0, ""gain"": 0.0}, {""block"": ""star_ris"", ""rho"": 64.0, ""gain"": 0.03717182759016424}, {""block"": ""rsma"", ""rho"": 65536.0, ""gain"": 0.0}, {""block"": ""star_ris"", ""rho"": 128.0, ""gain"": 0.01812799283149502}, {""block"": ""rsma"", ""rho"": 65536.0, ""gain"": 0.0}, {""block"": ""star_ris"", ""rho"": 256.0, ""gain"": 0.008954338499091108}, {""block"": ""rsma"", ""rho"": 65536.0, ""gain"": 0.0}, {""block"": ""star_ris"", ""rho"": 1.0, ""gain"": 1.5844442214074128}, {""block"": ""rsma"", ""rho"": 1.0, ""gain"": 0.0}, {""block"": ""star_ris"", ""rho"": 1.0, ""gain"": 0.0006175744482916912}]",{},1644.914407,1a480db47c5efa1cc1a63abf6aef552d6bf21ecebd475a7bc99d509c20d9fb0d,fc61d5cda7da39530055bae9bd0e92865f995cd9,ae41070d268d283dcc283b0aaf9b960eae1f4ddd22d423577b272c18802a3aae
ao_sca,64,10000,171,test,17.55194098316829,17.55194098316829,1.0,True,0.0,14,5710,25,ao_sca_proximal_physical,analytical_ris_equal_allocation,"[1.8378283056086093, 16.34366367119401, 16.391346505926222, 16.414413144909226, 17.042092257141505, 17.04549864956743, 17.098253537832527, 17.123675156835922, 17.136161974174037, 17.395400669339285, 17.438269803715787, 17.44377457310931, 17.47229736275917, 17.551503024554016, 17.55194098316829]","[{""block"": ""rsma"", ""rho"": 1.0, ""gain"": 13.979791763890391}, {""block"": ""star_ris"", ""rho"": 4.0, ""gain"": 0.5260436016950116}, {""block"": ""rsma"", ""rho"": 1.0, ""gain"": 0.0}, {""block"": ""star_ris"", ""rho"": 32.0, ""gain"": 0.047682834732210466}, {""block"": ""rsma"", ""rho"": 1.0, ""gain"": 0.0}, {""block"": ""star_ris"", ""rho"": 64.0, ""gain"": 0.02306663898300343}, {""block"": ""rsma"", ""rho"": 1.0, ""gain"": 0.0}, {""block"": ""star_ris"", ""rho"": 2.0, ""gain"": 0.6276791122322791}, {""block"": ""rsma"", ""rho"": 1.0, ""gain"": 0.0}, {""block"": ""star_ris"", ""rho"": 256.0, ""gain"": 0.003406392425926441}, {""block"": ""rsma"", ""rho"": 1.0, ""gain"": 0.0}, {""block"": ""star_ris"", ""rho"": 16.0, ""gain"": 0.052754888265095445}, {""block"": ""rsma"", ""rho"": 1.0, ""gain"": 0.0}, {""block"": ""star_ris"", ""rho"": 32.0, ""gain"": 0.02542161900339579}, {""block"": ""rsma"", ""rho"": 1.0, ""gain"": 0.0}, {""block"": ""star_ris"", ""rho"": 64.0, ""gain"": 0.01248681733811452}, {""block"": ""rsma"", ""rho"": 1.0, ""gain"": 0.0}, {""block"": ""star_ris"", ""rho"": 2.0, ""gain"": 0.2592386951652479}, {""block"": ""rsma"", ""rho"": 1.0, ""gain"": 0.0}, {""block"": ""star_ris"", ""rho"": 4.0, ""gain"": 0.042869134376502416}, {""block"": ""rsma"", ""rho"": 1.0, ""gain"": -3.552713678800501e-15}, {""block"": ""star_ris"", ""rho"": 4.0, ""gain"": 0.005504769393525066}, {""block"": ""rsma"", ""rho"": 1.0, ""gain"": 0.0}, {""block"": ""star_ris"", ""rho"": 4.0, ""gain"": 0.028522789649862546}, {""block"": ""rsma"", ""rho"": 1.0, ""gain"": 0.0}, {""block"": ""star_ris"", ""rho"": 4.0, ""gain"": 0.07920566179484467}, {""block"": ""rsma"", ""rho"": 1.0, ""gain"": 0.0}, {""block"": ""star_ris"", ""rho"": 128.0, ""gain"": 0.0004379586142739811}]",{},3237.02636,1a480db47c5efa1cc1a63abf6aef552d6bf21ecebd475a7bc99d509c20d9fb0d,fc61d5cda7da39530055bae9bd0e92865f995cd9,ae41070d268d283dcc283b0aaf9b960eae1f4ddd22d423577b272c18802a3aae
ao_sca,64,10000,172,test,18.001224122155374,18.001224122155374,1.0,True,0.0,10,4058,19,ao_sca_proximal_physical,analytical_ris_equal_allocation,"[1.8378992744014229, 17.394091049551772, 17.54731013198956, 17.6664456269533, 17.748449977917556, 17.77933150525307, 17.78654036369942, 17.98155084788257, 17.989665146203482, 17.999610157689748, 18.001224122155374]","[{""block"": ""rsma"", ""rho"": 1.0, ""gain"": 14.592686665361427}, {""block"": ""star_ris"", ""rho"": 1.0, ""gain"": 0.9635051097889225}, {""block"": ""rsma"", ""rho"": 1.0, ""gain"": 0.0}, {""block"": ""star_ris"", ""rho"": 1.0, ""gain"": 0.15321908243778637}, {""block"": ""rsma"", ""rho"": 1.0, ""gain"": 0.0}, {""block"": ""star_ris"", ""rho"": 1.0, ""gain"": 0.11913549496374287}, {""block"": ""rsma"", ""rho"": 1.0, ""gain"": 3.552713678800501e-15}, {""block"": ""star_ris"", ""rho"": 1.0, ""gain"": 0.08200435096425096}, {""block"": ""rsma"", ""rho"": 1.0, ""gain"": 0.0}, {""block"": ""star_ris"", ""rho"": 2.0, ""gain"": 0.03088152733551297}, {""block"": ""rsma"", ""rho"": 1.0, ""gain"": 0.0}, {""block"": ""star_ris"", ""rho"": 1.0, ""gain"": 0.007208858446350774}, {""block"": ""rsma"", ""rho"": 1.0, ""gain"": 0.0}, {""block"": ""star_ris"", ""rho"": 8.0, ""gain"": 0.19501048418315037}, {""block"": ""rsma"", ""rho"": 1.0, ""gain"": 0.0}, {""block"": ""star_ris"", ""rho"": 16.0, ""gain"": 0.008114298320911928}, {""block"": ""rsma"", ""rho"": 1.0, ""gain"": 0.0}, {""block"": ""star_ris"", ""rho"": 64.0, ""gain"": 0.009945011486266253}, {""block"": ""rsma"", ""rho"": 1.0, ""gain"": 0.0}, {""block"": ""star_ris"", ""rho"": 8.0, ""gain"": 0.0016139644656263386}]",{},2252.679732,1a480db47c5efa1cc1a63abf6aef552d6bf21ecebd475a7bc99d509c20d9fb0d,fc61d5cda7da39530055bae9bd0e92865f995cd9,ae41070d268d283dcc283b0aaf9b960eae1f4ddd22d423577b272c18802a3aae
ao_sca,64,10000,173,test,18.20731905130755,18.20731905130755,1.0,True,0.0,12,4875,22,ao_sca_proximal_physical,analytical_ris_equal_allocation,"[1.8379390915684222, 17.657243100425553, 17.729329761905248, 17.884694077228033, 17.97752031032067, 18.01727435454346, 18.082472320779843, 18.093434565700562, 18.163216898331708, 18.196880235366606, 18.200007385844, 18.2070226829929, 18.20731905130755]","[{""block"": ""rsma"", ""rho"": 1.0, ""gain"": 15.300288741680536}, {""block"": ""star_ris"", ""rho"": 1.0, ""gain"": 0.5190152671765951}, {""block"": ""rsma"", ""rho"": 1.0, ""gain"": 0.0}, {""block"": ""star_ris"", ""rho"": 1.0, ""gain"": 0.07208666147969467}, {""block"": ""rsma"", ""rho"": 1.0, ""gain"": 0.0}, {""block"": ""star_ris"", ""rho"": 2.0, ""gain"": 0.15536431532278527}, {""block"": ""rsma"", ""rho"": 1.0, ""gain"": 0.0}, {""block"": ""star_ris"", ""rho"": 2.0, ""gain"": 0.09282623309263727}, {""block"": ""rsma"", ""rho"": 1.0, ""gain"": 0.0}, {""block"": ""star_ris"", ""rho"": 4.0, ""gain"": 0.039754044222789275}, {""block"": ""rsma"", ""rho"": 1.0, ""gain"": 0.0}, {""block"": ""star_ris"", ""rho"": 2.0, ""gain"": 0.06519796623638285}, {""block"": ""rsma"", ""rho"": 1.0, ""gain"": 0.0}, {""block"": ""star_ris"", ""rho"": 4.0, ""gain"": 0.0109622449207194}, {""block"": ""rsma"", ""rho"": 1.0, ""gain"": 0.0}, {""block"": ""star_ris"", ""rho"": 8.0, ""gain"": 0.06978233263114575}, {""block"": ""rsma"", ""rho"": 1.0, ""gain"": 3.552713678800501e-15}, {""block"": ""star_ris"", ""rho"": 16.0, ""gain"": 0.03366333703489488}, {""block"": ""rsma"", ""rho"": 1.0, ""gain"": 0.0}, {""block"": ""star_ris"", ""rho"": 8.0, ""gain"": 0.0031271504773933145}, {""block"": ""rsma"", ""rho"": 1.0, ""gain"": 0.0}, {""block"": ""star_ris"", ""rho"": 16.0, ""gain"": 0.007015297148900146}, {""block"": ""rsma"", ""rho"": 1.0, ""gain"": 0.0}, {""block"": ""star_ris"", ""rho"": 32.0, ""gain"": 0.00029636831465040814}]",{},2724.536796,1a480db47c5efa1cc1a63abf6aef552d6bf21ecebd475a7bc99d509c20d9fb0d,fc61d5cda7da39530055bae9bd0e92865f995cd9,ae41070d268d283dcc283b0aaf9b960eae1f4ddd22d423577b272c18802a3aae
ao_sca,64,10000,174,test,17.521052595650502,17.521052595650502,1.0,True,0.0,9,3660,16,ao_sca_proximal_physical,analytical_ris_equal_allocation,"[1.8378106383154666, 17.021431166387526, 17.056990692613773, 17.19358241253048, 17.261396212074864, 17.277070525361587, 17.43596073360618, 17.502262801858798, 17.519373140956986, 17.521052595650502]","[{""block"": ""rsma"", ""rho"": 1.0, ""gain"": 13.701704238770734}, {""block"": ""star_ris"", ""rho"": 1.0, ""gain"": 1.4819162893013242}, {""block"": ""rsma"", ""rho"": 1.0, ""gain"": 0.0}, {""block"": ""star_ris"", ""rho"": 2.0, ""gain"": 0.035559526226247584}, {""block"": ""rsma"", ""rho"": 1.0, ""gain"": 0.0}, {""block"": ""star_ris"", ""rho"": 32.0, ""gain"": 0.13659171991670505}, {""block"": ""rsma"", ""rho"": 1.0, ""gain"": 0.0}, {""block"": ""star_ris"", ""rho"": 4.0, ""gain"": 0.06781379954438549}, {""block"": ""rsma"", ""rho"": 1.0, ""gain"": 0.0}, {""block"": ""star_ris"", ""rho"": 4.0, ""gain"": 0.015674313286723418}, {""block"": ""rsma"", ""rho"": 1.0, ""gain"": 0.0}, {""block"": ""star_ris"", ""rho"": 1.0, ""gain"": 0.15889020824459266}, {""block"": ""rsma"", ""rho"": 1.0, ""gain"": -3.552713678800501e-15}, {""block"": ""star_ris"", ""rho"": 1.0, ""gain"": 0.06630206825262164}, {""block"": ""rsma"", ""rho"": 1.0, ""gain"": 0.0}, {""block"": ""star_ris"", ""rho"": 16.0, ""gain"": 0.017110339098188376}, {""block"": ""rsma"", ""rho"": 1.0, ""gain"": 0.0}, {""block"": ""star_ris"", ""rho"": 512.0, ""gain"": 0.001679454693515936}]",{},2044.677954,1a480db47c5efa1cc1a63abf6aef552d6bf21ecebd475a7bc99d509c20d9fb0d,fc61d5cda7da39530055bae9bd0e92865f995cd9,ae41070d268d283dcc283b0aaf9b960eae1f4ddd22d423577b272c18802a3aae
ao_sca,64,10000,175,test,17.791231882967942,17.791231882967942,1.0,True,0.0,6,2434,12,ao_sca_proximal_physical,analytical_ris_equal_allocation,"[1.8379094377002947, 17.661239852834562, 17.725819101241843, 17.74515699504286, 17.775402343410054, 17.79018113220833, 17.791231882967942]","[{""block"": ""rsma"", ""rho"": 1.0, ""gain"": 14.904996934589812}, {""block"": ""star_ris"", ""rho"": 1.0, ""gain"": 0.9183334805444545}, {""block"": ""rsma"", ""rho"": 1.0, ""gain"": 0.0}, {""block"": ""star_ris"", ""rho"": 8.0, ""gain"": 0.06457924840728069}, {""block"": ""rsma"", ""rho"": 1.0, ""gain"": 0.0}, {""block"": ""star_ris"", ""rho"": 2.0, ""gain"": 0.019337893801015582}, {""block"": ""rsma"", ""rho"": 1.0, ""gain"": 0.0}, {""block"": ""star_ris"", ""rho"": 2.0, ""gain"": 0.03024534836719539}, {""block"": ""rsma"", ""rho"": 1.0, ""gain"": 0.0}, {""block"": ""star_ris"", ""rho"": 8.0, ""gain"": 0.014778788798274434}, {""block"": ""rsma"", ""rho"": 1.0, ""gain"": 0.0}, {""block"": ""star_ris"", ""rho"": 2.0, ""gain"": 0.0010507507596138055}]",{},1322.437348,1a480db47c5efa1cc1a63abf6aef552d6bf21ecebd475a7bc99d509c20d9fb0d,fc61d5cda7da39530055bae9bd0e92865f995cd9,ae41070d268d283dcc283b0aaf9b960eae1f4ddd22d423577b272c18802a3aae
ao_sca,64,10000,176,test,17.471684304592237,17.471684304592237,1.0,True,0.0,6,2448,11,ao_sca_proximal_physical,analytical_ris_equal_allocation,"[1.837825596902084, 17.398706355687942, 17.405182166154077, 17.410636180762168, 17.419130902204756, 17.471191416887294, 17.471684304592237]","[{""block"": ""rsma"", ""rho"": 1.0, ""gain"": 13.904662431338517}, {""block"": ""star_ris"", ""rho"": 1.0, ""gain"": 1.6562183274473412}, {""block"": ""rsma"", ""rho"": 1.0, ""gain"": 0.0}, {""block"": ""star_ris"", ""rho"": 4.0, ""gain"": 0.006475810466135101}, {""block"": ""rsma"", ""rho"": 1.0, ""gain"": 0.0}, {""block"": ""star_ris"", ""rho"": 16.0, ""gain"": 0.005454014608091029}, {""block"": ""rsma"", ""rho"": 1.0, ""gain"": 0.0}, {""block"": ""star_ris"", ""rho"": 64.0, ""gain"": 0.008494721442588116}, {""block"": ""rsma"", ""rho"": 1.0, ""gain"": 0.0}, {""block"": ""star_ris"", ""rho"": 16.0, ""gain"": 0.05206051468253747}, {""block"": ""rsma"", ""rho"": 1.0, ""gain"": 0.0}, {""block"": ""star_ris"", ""rho"": 128.0, ""gain"": 0.0004928877049437119}]",{},1398.912096,1a480db47c5efa1cc1a63abf6aef552d6bf21ecebd475a7bc99d509c20d9fb0d,fc61d5cda7da39530055bae9bd0e92865f995cd9,ae41070d268d283dcc283b0aaf9b960eae1f4ddd22d423577b272c18802a3aae
ao_sca,64,10000,177,test,18.07002854755282,18.07002854755282,1.0,True,0.0,12,4856,19,ao_sca_proximal_physical,analytical_ris_equal_allocation,"[1.8379037036406227, 16.98889856207738, 17.337268093501724, 17.5364620043644, 17.59947444501219, 17.78842217718932, 17.80603767875929, 17.895194104866082, 17.90023648049229, 17.93833966753874, 17.995203765469547, 18.068577873458537, 18.07002854755282]","[{""block"": ""rsma"", ""rho"": 1.0, ""gain"": 15.137678784539842}, {""block"": ""star_ris"", ""rho"": 1.0, ""gain"": 0.013316073896916691}, {""block"": ""rsma"", ""rho"": 1.0, ""gain"": 0.0}, {""block"": ""star_ris"", ""rho"": 1.0, ""gain"": 0.3483695314243427}, {""block"": ""rsma"", ""rho"": 1.0, ""gain"": 0.0}, {""block"": ""star_ris"", ""rho"": 1.0, ""gain"": 0.19919391086267524}, {""block"": ""rsma"", ""rho"": 1.0, ""gain"": 0.0}, {""block"": ""star_ris"", ""rho"": 1.0, ""gain"": 0.06301244064779254}, {""block"": ""rsma"", ""rho"": 1.0, ""gain"": -3.552713678800501e-15}, {""block"": ""star_ris"", ""rho"": 1.0, ""gain"": 0.1889477321771338}, {""block"": ""rsma"", ""rho"": 1.0, ""gain"": 0.0}, {""block"": ""star_ris"", ""rho"": 2.0, ""gain"": 0.01761550156996705}, {""block"": ""rsma"", ""rho"": 1.0, ""gain"": 0.0}, {""block"": ""star_ris"", ""rho"": 1.0, ""gain"": 0.08915642610679342}, {""block"": ""rsma"", ""rho"": 1.0, ""gain"": 0.0}, {""block"": ""star_ris"", ""rho"": 4.0, ""gain"": 0.0050423756262070185}, {""block"": ""rsma"", ""rho"": 1.0, ""gain"": 0.0}, {""block"": ""star_ris"", ""rho"": 1.0, ""gain"": 0.03810318704645255}, {""block"": ""rsma"", ""rho"": 1.0, ""gain"": 0.0}, {""block"": ""star_ris"", ""rho"": 2.0, ""gain"": 0.05686409793080571}, {""block"": ""rsma"", ""rho"": 1.0, ""gain"": 0.0}, {""block"": ""star_ris"", ""rho"": 4.0, ""gain"": 0.07337410798898958}, {""block"": ""rsma"", ""rho"": 1.0, ""gain"": 0.0}, {""block"": ""star_ris"", ""rho"": 2.0, ""gain"": 0.001450674094282789}]",{},2740.56266,1a480db47c5efa1cc1a63abf6aef552d6bf21ecebd475a7bc99d509c20d9fb0d,fc61d5cda7da39530055bae9bd0e92865f995cd9,ae41070d268d283dcc283b0aaf9b960eae1f4ddd22d423577b272c18802a3aae
ao_sca,64,10000,178,test,17.351718416797812,17.351718416797812,1.0,True,0.0,9,3660,16,ao_sca_proximal_physical,analytical_ris_equal_allocation,"[1.8378332049376551, 16.666503114411498, 16.668595651348802, 16.79011385031197, 17.304027198903345, 17.30733313922741, 17.30921583519889, 17.316867685254383, 17.35159128647338, 17.351718416797812]","[{""block"": ""rsma"", ""rho"": 1.0, ""gain"": 14.6349486551802}, {""block"": ""star_ris"", ""rho"": 1.0, ""gain"": 0.19372125429364218}, {""block"": ""rsma"", ""rho"": 1.0, ""gain"": -3.552713678800501e-15}, {""block"": ""star_ris"", ""rho"": 4.0, ""gain"": 0.0020925369373081537}, {""block"": ""rsma"", ""rho"": 1.0, ""gain"": -3.552713678800501e-15}, {""block"": ""star_ris"", ""rho"": 1.0, ""gain"": 0.12151819896316951}, {""block"": ""rsma"", ""rho"": 1.0, ""gain"": 3.552713678800501e-15}, {""block"": ""star_ris"", ""rho"": 1.0, ""gain"": 0.5139133485913732}, {""block"": ""rsma"", ""rho"": 1.0, ""gain"": 0.0}, {""block"": ""star_ris"", ""rho"": 32.0, ""gain"": 0.0033059403240649488}, {""block"": ""rsma"", ""rho"": 1.0, ""gain"": 0.0}, {""block"": ""star_ris"", ""rho"": 32.0, ""gain"": 0.0018826959714814961}, {""block"": ""rsma"", ""rho"": 1.0, ""gain"": 0.0}, {""block"": ""star_ris"", ""rho"": 4.0, ""gain"": 0.007651850055491849}, {""block"": ""rsma"", ""rho"": 1.0, ""gain"": -3.552713678800501e-15}, {""block"": ""star_ris"", ""rho"": 2.0, ""gain"": 0.034723601218999534}, {""block"": ""rsma"", ""rho"": 1.0, ""gain"": 3.552713678800501e-15}, {""block"": ""star_ris"", ""rho"": 256.0, ""gain"": 0.0001271303244294586}]",{},2061.780827,1a480db47c5efa1cc1a63abf6aef552d6bf21ecebd475a7bc99d509c20d9fb0d,fc61d5cda7da39530055bae9bd0e92865f995cd9,ae41070d268d283dcc283b0aaf9b960eae1f4ddd22d423577b272c18802a3aae
ao_sca,64,10000,179,test,18.11672390578046,18.11672390578046,1.0,True,0.0,16,6497,31,ao_sca_proximal_physical,analytical_ris_equal_allocation,"[1.837945475300589, 17.47594839935863, 17.659619795142056, 17.6889339072775, 17.73810616618128, 17.816011663327835, 17.882393038365485, 17.892380663650272, 17.97275620974902, 17.977450386985762, 18.01390934053769, 18.04504768376325, 18.05549222772749, 18.105496297013044, 18.111029981967967, 18.11522755049787, 18.11672390578046]","[{""block"": ""rsma"", ""rho"": 1.0, ""gain"": 15.385460807406922}, {""block"": ""star_ris"", ""rho"": 1.0, ""gain"": 0.25254211665111725}, {""block"": ""rsma"", ""rho"": 1.0, ""gain"": 0.0}, {""block"": ""star_ris"", ""rho"": 1.0, ""gain"": 0.18367139578342773}, {""block"": ""rsma"", ""rho"": 1.0, ""gain"": 0.0}, {""block"": ""star_ris"", ""rho"": 2.0, ""gain"": 0.029314112135445214}, {""block"": ""rsma"", ""rho"": 1.0, ""gain"": 0.0}, {""block"": ""star_ris"", ""rho"": 1.0, ""gain"": 0.04917225890377708}, {""block"": ""rsma"", ""rho"": 1.0, ""gain"": 0.0}, {""block"": ""star_ris"", ""rho"": 1.0, ""gain"": 0.07790549714655626}, {""block"": ""rsma"", ""rho"": 1.0, ""gain"": 0.0}, {""block"": ""star_ris"", ""rho"": 2.0, ""gain"": 0.06638137503765051}, {""block"": ""rsma"", ""rho"": 1.0, ""gain"": 0.0}, {""block"": ""star_ris"", ""rho"": 64.0, ""gain"": 0.009987625284786361}, {""block"": ""rsma"", ""rho"": 1.0, ""gain"": 0.0}, {""block"": ""star_ris"", ""rho"": 1.0, ""gain"": 0.08037554609874675}, {""block"": ""rsma"", ""rho"": 1.0, ""gain"": 0.0}, {""block"": ""star_ris"", ""rho"": 8.0, ""gain"": 0.004694177236743258}, {""block"": ""rsma"", ""rho"": 1.0, ""gain"": 0.0}, {""block"": ""star_ris"", ""rho"": 16.0, ""gain"": 0.03645895355192863}, {""block"": ""rsma"", ""rho"": 1.0, ""gain"": 0.0}, {""block"": ""star_ris"", ""rho"": 2.0, ""gain"": 0.031138343225560305}, {""block"": ""rsma"", ""rho"": 1.0, ""gain"": 0.0}, {""block"": ""star_ris"", ""rho"": 8.0, ""gain"": 0.010444543964240438}, {""block"": ""rsma"", ""rho"": 1.0, ""gain"": 0.0}, {""block"": ""star_ris"", ""rho"": 2.0, ""gain"": 0.05000406928555279}, {""block"": ""rsma"", ""rho"": 1.0, ""gain"": 0.0}, {""block"": ""star_ris"", ""rho"": 1.0, ""gain"": 0.005533684954922791}, {""block"": ""rsma"", ""rho"": 1.0, ""gain"": 7.105427357601002e-15}, {""block"": ""star_ris"", ""rho"": 64.0, ""gain"": 0.0041975685298965}, {""block"": ""rsma"", ""rho"": 1.0, ""gain"": 0.0}, {""block"": ""star_ris"", ""rho"": 64.0, ""gain"": 0.0014963552825904003}]",{},3639.14112,1a480db47c5efa1cc1a63abf6aef552d6bf21ecebd475a7bc99d509c20d9fb0d,fc61d5cda7da39530055bae9bd0e92865f995cd9,ae41070d268d283dcc283b0aaf9b960eae1f4ddd22d423577b272c18802a3aae
ao_sca,64,10000,180,test,17.574916451534303,17.574916451534303,1.0,True,0.0,20,8164,35,ao_sca_proximal_physical,analytical_ris_equal_allocation,"[1.8378818427437011, 16.75410250434527, 16.790862953926943, 16.82659192518974, 17.173635657560755, 17.34140051266216, 17.386130818106015, 17.399133474294143, 17.402767950145762, 17.421425514255745, 17.46684572000673, 17.48412160429421, 17.511180784184514, 17.522278808658978, 17.52689143385844, 17.540897032714295, 17.55708372236053, 17.563249971552327, 17.56654073492095, 17.571601867987134, 17.574916451534303]","[{""block"": ""rsma"", ""rho"": 1.0, ""gain"": 14.753444502239986}, {""block"": ""star_ris"", ""rho"": 8.0, ""gain"": 0.16277615936158085}, {""block"": ""rsma"", ""rho"": 1.0, ""gain"": 0.0}, {""block"": ""star_ris"", ""rho"": 32.0, ""gain"": 0.03676044958167424}, {""block"": ""rsma"", ""rho"": 1.0, ""gain"": -3.552713678800501e-15}, {""block"": ""star_ris"", ""rho"": 32.0, ""gain"": 0.035728971262798837}, {""block"": ""rsma"", ""rho"": 1.0, ""gain"": 0.0}, {""block"": ""star_ris"", ""rho"": 2.0, ""gain"": 0.3470437323710165}, {""block"": ""rsma"", ""rho"": 1.0, ""gain"": -3.552713678800501e-15}, {""block"": ""star_ris"", ""rho"": 4.0, ""gain"": 0.16776485510141015}, {""block"": ""rsma"", ""rho"": 1.0, ""gain"": 0.0}, {""block"": ""star_ris"", ""rho"": 4.0, ""gain"": 0.044730305443852814}, {""block"": ""rsma"", ""rho"": 1.0, ""gain"": 7.105427357601002e-15}, {""block"": ""star_ris"", ""rho"": 32.0, ""gain"": 0.013002656188120909}, {""block"": ""rsma"", ""rho"": 1.0, ""gain"": 0.0}, {""block"": ""star_ris"", ""rho"": 16.0, ""gain"": 0.0036344758516193565}, {""block"": ""rsma"", ""rho"": 1.0, ""gain"": -3.552713678800501e-15}, {""block"": ""star_ris"", ""rho"": 4.0, ""gain"": 0.018657564109986424}, {""block"": ""rsma"", ""rho"": 1.0, ""gain"": 0.0}, {""block"": ""star_ris"", ""rho"": 16.0, ""gain"": 0.04542020575098604}, {""block"": ""rsma"", ""rho"": 1.0, ""gain"": 0.0}, {""block"": ""star_ris"", ""rho"": 1.0, ""gain"": 0.017275884287478505}, {""block"": ""rsma"", ""rho"": 1.0, ""gain"": 0.0}, {""block"": ""star_ris"", ""rho"": 16.0, ""gain"": 0.02705917989030482}, {""block"": ""rsma"", ""rho"": 1.0, ""gain"": 0.0}, {""block"": ""star_ris"", ""rho"": 8.0, ""gain"": 0.011098024474463841}, {""block"": ""rsma"", ""rho"": 1.0, ""gain"": 0.0}, {""block"": ""star_ris"", ""rho"": 64.0, ""gain"": 0.004612625199463594}, {""block"": ""rsma"", ""rho"": 1.0, ""gain"": 0.0}, {""block"": ""star_ris"", ""rho"": 64.0, ""gain"": 0.014005598855852952}, {""block"": ""rsma"", ""rho"": 1.0, ""gain"": 0.0}, {""block"": ""star_ris"", ""rho"": 32.0, ""gain"": 0.016186689646236374}, {""block"": ""rsma"", ""rho"": 1.0, ""gain"": 0.0}, {""block"": ""star_ris"", ""rho"": 128.0, ""gain"": 0.006166249191796425}, {""block"": ""rsma"", ""rho"": 1.0, ""gain"": 0.0}, {""block"": ""star_ris"", ""rho"": 64.0, ""gain"": 0.003290763368621441}, {""block"": ""rsma"", ""rho"": 1.0, ""gain"": 0.0}, {""block"": ""star_ris"", ""rho"": 128.0, ""gain"": 0.005061133066185164}, {""block"": ""rsma"", ""rho"": 1.0, ""gain"": 0.0}, {""block"": ""star_ris"", ""rho"": 64.0, ""gain"": 0.003314583547169292}]",{},4625.688365,1a480db47c5efa1cc1a63abf6aef552d6bf21ecebd475a7bc99d509c20d9fb0d,fc61d5cda7da39530055bae9bd0e92865f995cd9,ae41070d268d283dcc283b0aaf9b960eae1f4ddd22d423577b272c18802a3aae
ao_sca,64,10000,181,test,17.85399283355853,17.85399283355853,1.0,True,0.0,20,8135,33,ao_sca_proximal_physical,analytical_ris_equal_allocation,"[1.8378932583918022, 16.787405448162996, 16.855763430586727, 16.99314542114834, 17.278992162400996, 17.46007142252845, 17.485550704218912, 17.498147860386126, 17.501534699150977, 17.506594657371792, 17.579722343887603, 17.59711907053208, 17.732780379273727, 17.73811774717467, 17.763846947316082, 17.771900507340472, 17.781063298195633, 17.792301159842182, 17.79429660942001, 17.809451883742675, 17.85399283355853]","[{""block"": ""rsma"", ""rho"": 1.0, ""gain"": 14.798855441798157}, {""block"": ""star_ris"", ""rho"": 8.0, ""gain"": 0.15065674797303785}, {""block"": ""rsma"", ""rho"": 1.0, ""gain"": 0.0}, {""block"": ""star_ris"", ""rho"": 16.0, ""gain"": 0.06835798242373059}, {""block"": ""rsma"", ""rho"": 1.0, ""gain"": 3.552713678800501e-15}, {""block"": ""star_ris"", ""rho"": 2.0, ""gain"": 0.13738199056161093}, {""block"": ""rsma"", ""rho"": 1.0, ""gain"": 0.0}, {""block"": ""star_ris"", ""rho"": 2.0, ""gain"": 0.2858467412526551}, {""block"": ""rsma"", ""rho"": 1.0, ""gain"": 0.0}, {""block"": ""star_ris"", ""rho"": 2.0, ""gain"": 0.18107926012745423}, {""block"": ""rsma"", ""rho"": 1.0, ""gain"": 0.0}, {""block"": ""star_ris"", ""rho"": 32.0, ""gain"": 0.025479281690461875}, {""block"": ""rsma"", ""rho"": 1.0, ""gain"": 0.0}, {""block"": ""star_ris"", ""rho"": 64.0, ""gain"": 0.012597156167213797}, {""block"": ""rsma"", ""rho"": 1.0, ""gain"": 0.0}, {""block"": ""star_ris"", ""rho"": 2.0, ""gain"": 0.003386838764850353}, {""block"": ""rsma"", ""rho"": 1.0, ""gain"": 0.0}, {""block"": ""star_ris"", ""rho"": 2.0, ""gain"": 0.00505995822081573}, {""block"": ""rsma"", ""rho"": 1.0, ""gain"": 0.0}, {""block"": ""star_ris"", ""rho"": 8.0, ""gain"": 0.07312768651581081}, {""block"": ""rsma"", ""rho"": 1.0, ""gain"": 0.0}, {""block"": ""star_ris"", ""rho"": 32.0, ""gain"": 0.017396726644477667}, {""block"": ""rsma"", ""rho"": 1.0, ""gain"": -3.552713678800501e-15}, {""block"": ""star_ris"", ""rho"": 2.0, ""gain"": 0.13566130874164983}, {""block"": ""rsma"", ""rho"": 1.0, ""gain"": 3.552713678800501e-15}, {""block"": ""star_ris"", ""rho"": 8.0, ""gain"": 0.005337367900938972}, {""block"": ""rsma"", ""rho"": 1.0, ""gain"": 0.0}, {""block"": ""star_ris"", ""rho"": 2.0, ""gain"": 0.02572920014141289}, {""block"": ""rsma"", ""rho"": 1.0, ""gain"": 0.0}, {""block"": ""star_ris"", ""rho"": 16.0, ""gain"": 0.008053560024389839}, {""block"": ""rsma"", ""rho"": 1.0, ""gain"": 3.552713678800501e-15}, {""block"": ""star_ris"", ""rho"": 8.0, ""gain"": 0.009162790855157255}, {""block"": ""rsma"", ""rho"": 1.0, ""gain"": 0.0}, {""block"": ""star_ris"", ""rho"": 4.0, ""gain"": 0.011237861646549163}, {""block"": ""rsma"", ""rho"": 1.0, ""gain"": 0.0}, {""block"": ""star_ris"", ""rho"": 2.0, ""gain"": 0.0019954495778264913}, {""block"": ""rsma"", ""rho"": 1.0, ""gain"": 0.0}, {""block"": ""star_ris"", ""rho"": 64.0, ""gain"": 0.015155274322665946}, {""block"": ""rsma"", ""rho"": 1.0, ""gain"": 0.0}, {""block"": ""star_ris"", ""rho"": 4.0, ""gain"": 0.04454094981585399}]",{},4515.766003,1a480db47c5efa1cc1a63abf6aef552d6bf21ecebd475a7bc99d509c20d9fb0d,fc61d5cda7da39530055bae9bd0e92865f995cd9,ae41070d268d283dcc283b0aaf9b960eae1f4ddd22d423577b272c18802a3aae
ao_sca,64,10000,182,test,17.907159597226325,17.907159597226325,1.0,True,0.0,20,8121,35,ao_sca_proximal_physical,analytical_ris_equal_allocation,"[1.8379244800762704, 17.3032106299225, 17.383372841173557, 17.42059496985535, 17.436469464837934, 17.539436774740675, 17.563427889935106, 17.589188286432808, 17.59263432241131, 17.649613696114756, 17.694483793811045, 17.73256455338935, 17.777425211326044, 17.81082896981021, 17.821581098596592, 17.863288525686052, 17.86612506603367, 17.87093731912465, 17.885150669644343, 17.889624852482445, 17.907159597226325]","[{""block"": ""rsma"", ""rho"": 1.0, ""gain"": 15.422306366129764}, {""block"": ""star_ris"", ""rho"": 4.0, ""gain"": 0.04297978371646494}, {""block"": ""rsma"", ""rho"": 1.0, ""gain"": 0.0}, {""block"": ""star_ris"", ""rho"": 4.0, ""gain"": 0.08016221125105716}, {""block"": ""rsma"", ""rho"": 1.0, ""gain"": 0.0}, {""block"": ""star_ris"", ""rho"": 16.0, ""gain"": 0.037222128681793976}, {""block"": ""rsma"", ""rho"": 1.0, ""gain"": 0.0}, {""block"": ""star_ris"", ""rho"": 2.0, ""gain"": 0.015874494982583087}, {""block"": ""rsma"", ""rho"": 1.0, ""gain"": 0.0}, {""block"": ""star_ris"", ""rho"": 8.0, ""gain"": 0.10296730990274128}, {""block"": ""rsma"", ""rho"": 1.0, ""gain"": 3.552713678800501e-15}, {""block"": ""star_ris"", ""rho"": 32.0, ""gain"": 0.023991115194426982}, {""block"": ""rsma"", ""rho"": 1.0, ""gain"": 0.0}, {""block"": ""star_ris"", ""rho"": 2.0, ""gain"": 0.02576039649770223}, {""block"": ""rsma"", ""rho"": 1.0, ""gain"": 0.0}, {""block"": ""star_ris"", ""rho"": 4.0, ""gain"": 0.0034460359785022376}, {""block"": ""rsma"", ""rho"": 1.0, ""gain"": 0.0}, {""block"": ""star_ris"", ""rho"": 2.0, ""gain"": 0.05697937370344519}, {""block"": ""rsma"", ""rho"": 1.0, ""gain"": 0.0}, {""block"": ""star_ris"", ""rho"": 1.0, ""gain"": 0.04487009769628969}, {""block"": ""rsma"", ""rho"": 1.0, ""gain"": 0.0}, {""block"": ""star_ris"", ""rho"": 2.0, ""gain"": 0.03808075957830326}, {""block"": ""rsma"", ""rho"": 1.0, ""gain"": 0.0}, {""block"": ""star_ris"", ""rho"": 4.0, ""gain"": 0.04486065793669525}, {""block"": ""rsma"", ""rho"": 1.0, ""gain"": 3.552713678800501e-15}, {""block"": ""star_ris"", ""rho"": 4.0, ""gain"": 0.03340375848416244}, {""block"": ""rsma"", ""rho"": 1.0, ""gain"": -3.552713678800501e-15}, {""block"": ""star_ris"", ""rho"": 2.0, ""gain"": 0.010752128786386095}, {""block"": ""rsma"", ""rho"": 1.0, ""gain"": 3.552713678800501e-15}, {""block"": ""star_ris"", ""rho"": 2.0, ""gain"": 0.04170742708945596}, {""block"": ""rsma"", ""rho"": 1.0, ""gain"": 3.552713678800501e-15}, {""block"": ""star_ris"", ""rho"": 32.0, ""gain"": 0.0028365403476158235}, {""block"": ""rsma"", ""rho"": 1.0, ""gain"": 0.0}, {""block"": ""star_ris"", ""rho"": 8.0, ""gain"": 0.004812253090978658}, {""block"": ""rsma"", ""rho"": 1.0, ""gain"": -3.552713678800501e-15}, {""block"": ""star_ris"", ""rho"": 4.0, ""gain"": 0.014213350519696633}, {""block"": ""rsma"", ""rho"": 1.0, ""gain"": 0.0}, {""block"": ""star_ris"", ""rho"": 1.0, ""gain"": 0.004474182838102081}, {""block"": ""rsma"", ""rho"": 1.0, ""gain"": -3.552713678800501e-15}, {""block"": ""star_ris"", ""rho"": 4.0, ""gain"": 0.017534744743883834}]",{},4671.379683,1a480db47c5efa1cc1a63abf6aef552d6bf21ecebd475a7bc99d509c20d9fb0d,fc61d5cda7da39530055bae9bd0e92865f995cd9,ae41070d268d283dcc283b0aaf9b960eae1f4ddd22d423577b272c18802a3aae
ao_sca,64,10000,183,test,17.186868201311903,17.186868201311903,1.0,True,0.0,2,812,4,ao_sca_proximal_physical,analytical_ris_equal_allocation,"[1.8379067413617065, 17.185558312759294, 17.186868201311903]","[{""block"": ""rsma"", ""rho"": 1.0, ""gain"": 15.335533614624573}, {""block"": ""star_ris"", ""rho"": 4.0, ""gain"": 0.012117956773014527}, {""block"": ""rsma"", ""rho"": 1.0, ""gain"": 0.0}, {""block"": ""star_ris"", ""rho"": 2.0, ""gain"": 0.0013098885526083848}]",{},450.228126,1a480db47c5efa1cc1a63abf6aef552d6bf21ecebd475a7bc99d509c20d9fb0d,fc61d5cda7da39530055bae9bd0e92865f995cd9,ae41070d268d283dcc283b0aaf9b960eae1f4ddd22d423577b272c18802a3aae
ao_sca,64,10000,184,test,17.138350944472684,17.138350944472684,1.0,True,0.0,5,2033,8,ao_sca_proximal_physical,analytical_ris_equal_allocation,"[1.8378627958900096, 16.9916967533216, 17.024610889182917, 17.116694070671244, 17.137725191003156, 17.138350944472684]","[{""block"": ""rsma"", ""rho"": 1.0, ""gain"": 14.87806812759751}, {""block"": ""star_ris"", ""rho"": 2.0, ""gain"": 0.27576582983408215}, {""block"": ""rsma"", ""rho"": 1.0, ""gain"": 0.0}, {""block"": ""star_ris"", ""rho"": 4.0, ""gain"": 0.032914135861314975}, {""block"": ""rsma"", ""rho"": 1.0, ""gain"": 0.0}, {""block"": ""star_ris"", ""rho"": 2.0, ""gain"": 0.09208318148832717}, {""block"": ""rsma"", ""rho"": 1.0, ""gain"": 0.0}, {""block"": ""star_ris"", ""rho"": 8.0, ""gain"": 0.021031120331912234}, {""block"": ""rsma"", ""rho"": 1.0, ""gain"": 0.0}, {""block"": ""star_ris"", ""rho"": 32.0, ""gain"": 0.0006257534695279787}]",{},1121.898526,1a480db47c5efa1cc1a63abf6aef552d6bf21ecebd475a7bc99d509c20d9fb0d,fc61d5cda7da39530055bae9bd0e92865f995cd9,ae41070d268d283dcc283b0aaf9b960eae1f4ddd22d423577b272c18802a3aae
ao_sca,64,10000,185,test,17.794213757128908,17.794213757128908,1.0,True,0.0,19,7724,36,ao_sca_proximal_physical,analytical_ris_equal_allocation,"[1.837904385819806, 17.24680115811953, 17.260799330902657, 17.266185208762746, 17.30570331018896, 17.44789940067301, 17.47101502212469, 17.499516490657427, 17.53826028403935, 17.5570667686315, 17.558862408285492, 17.561112945438527, 17.566052489552874, 17.57735878476246, 17.581667182602864, 17.637884997122175, 17.699563839890697, 17.710787490858767, 17.79416040666675, 17.794213757128908]","[{""block"": ""rsma"", ""rho"": 1.0, ""gain"": 15.325560528642322}, {""block"": ""star_ris"", ""rho"": 1.0, ""gain"": 0.08333624365740278}, {""block"": ""rsma"", ""rho"": 1.0, ""gain"": 0.0}, {""block"": ""star_ris"", ""rho"": 2.0, ""gain"": 0.01399817278312554}, {""block"": ""rsma"", ""rho"": 1.0, ""gain"": 0.0}, {""block"": ""star_ris"", ""rho"": 8.0, ""gain"": 0.005385877860089039}, {""block"": ""rsma"", ""rho"": 1.0, ""gain"": 3.552713678800501e-15}, {""block"": ""star_ris"", ""rho"": 2.0, ""gain"": 0.039518101426210706}, {""block"": ""rsma"", ""rho"": 1.0, ""gain"": 0.0}, {""block"": ""star_ris"", ""rho"": 1.0, ""gain"": 0.1421960904840489}, {""block"": ""rsma"", ""rho"": 1.0, ""gain"": -3.552713678800501e-15}, {""block"": ""star_ris"", ""rho"": 8.0, ""gain"": 0.023115621451683666}, {""block"": ""rsma"", ""rho"": 1.0, ""gain"": 0.0}, {""block"": ""star_ris"", ""rho"": 1.0, ""gain"": 0.028501468532738272}, {""block"": ""rsma"", ""rho"": 1.0, ""gain"": 0.0}, {""block"": ""star_ris"", ""rho"": 16.0, ""gain"": 0.03874379338192213}, {""block"": ""rsma"", ""rho"": 1.0, ""gain"": 0.0}, {""block"": ""star_ris"", ""rho"": 32.0, ""gain"": 0.01880648459215095}, {""block"": ""rsma"", ""rho"": 1.0, ""gain"": 3.552713678800501e-15}, {""block"": ""star_ris"", ""rho"": 64.0, ""gain"": 0.0017956396539879904}, {""block"": ""rsma"", ""rho"": 1.0, ""gain"": 0.0}, {""block"": ""star_ris"", ""rho"": 32.0, ""gain"": 0.002250537153035026}, {""block"": ""rsma"", ""rho"": 1.0, ""gain"": 3.552713678800501e-15}, {""block"": ""star_ris"", ""rho"": 16.0, ""gain"": 0.004939544114343164}, {""block"": ""rsma"", ""rho"": 1.0, ""gain"": 0.0}, {""block"": ""star_ris"", ""rho"": 8.0, ""gain"": 0.011306295209585926}, {""block"": ""rsma"", ""rho"": 1.0, ""gain"": 0.0}, {""block"": ""star_ris"", ""rho"": 4.0, ""gain"": 0.0043083978404041545}, {""block"": ""rsma"", ""rho"": 1.0, ""gain"": 0.0}, {""block"": ""star_ris"", ""rho"": 2.0, ""gain"": 0.05621781451931085}, {""block"": ""rsma"", ""rho"": 1.0, ""gain"": 3.552713678800501e-15}, {""block"": ""star_ris"", ""rho"": 2.0, ""gain"": 0.06167884276851865}, {""block"": ""rsma"", ""rho"": 1.0, ""gain"": 0.0}, {""block"": ""star_ris"", ""rho"": 4.0, ""gain"": 0.011223650968069876}, {""block"": ""rsma"", ""rho"": 1.0, ""gain"": 3.552713678800501e-15}, {""block"": ""star_ris"", ""rho"": 2.0, ""gain"": 0.08337291580798123}, {""block"": ""rsma"", ""rho"": 1.0, ""gain"": -3.552713678800501e-15}, {""block"": ""star_ris"", ""rho"": 32.0, ""gain"": 5.3350462160040024e-05}]",{},4332.406401,1a480db47c5efa1cc1a63abf6aef552d6bf21ecebd475a7bc99d509c20d9fb0d,fc61d5cda7da39530055bae9bd0e92865f995cd9,ae41070d268d283dcc283b0aaf9b960eae1f4ddd22d423577b272c18802a3aae
ao_sca,64,10000,186,test,17.298809183046252,17.298809183046252,1.0,True,0.0,10,4074,20,ao_sca_proximal_physical,analytical_ris_equal_allocation,"[1.8378474506883131, 16.571292914884587, 16.644326366682563, 16.67891680625783, 16.695773168839633, 17.008958459052018, 17.05336050677448, 17.170691284098, 17.225627256228584, 17.298428462909314, 17.298809183046252]","[{""block"": ""rsma"", ""rho"": 1.0, ""gain"": 14.568408360010325}, {""block"": ""star_ris"", ""rho"": 8.0, ""gain"": 0.16503710418594864}, {""block"": ""rsma"", ""rho"": 1.0, ""gain"": 0.0}, {""block"": ""star_ris"", ""rho"": 16.0, ""gain"": 0.0730334517979756}, {""block"": ""rsma"", ""rho"": 1.0, ""gain"": 3.552713678800501e-15}, {""block"": ""star_ris"", ""rho"": 32.0, ""gain"": 0.03459043957526475}, {""block"": ""rsma"", ""rho"": 1.0, ""gain"": 0.0}, {""block"": ""star_ris"", ""rho"": 64.0, ""gain"": 0.016856362581801676}, {""block"": ""rsma"", ""rho"": 1.0, ""gain"": 0.0}, {""block"": ""star_ris"", ""rho"": 1.0, ""gain"": 0.3131852902123846}, {""block"": ""rsma"", ""rho"": 1.0, ""gain"": 0.0}, {""block"": ""star_ris"", ""rho"": 2.0, ""gain"": 0.04440204772246403}, {""block"": ""rsma"", ""rho"": 1.0, ""gain"": 0.0}, {""block"": ""star_ris"", ""rho"": 8.0, ""gain"": 0.11733077732352015}, {""block"": ""rsma"", ""rho"": 1.0, ""gain"": 3.552713678800501e-15}, {""block"": ""star_ris"", ""rho"": 16.0, ""gain"": 0.0549359721305791}, {""block"": ""rsma"", ""rho"": 1.0, ""gain"": 0.0}, {""block"": ""star_ris"", ""rho"": 2.0, ""gain"": 0.07280120668072954}, {""block"": ""rsma"", ""rho"": 1.0, ""gain"": 0.0}, {""block"": ""star_ris"", ""rho"": 64.0, ""gain"": 0.0003807201369383506}]",{},2322.9452,1a480db47c5efa1cc1a63abf6aef552d6bf21ecebd475a7bc99d509c20d9fb0d,fc61d5cda7da39530055bae9bd0e92865f995cd9,ae41070d268d283dcc283b0aaf9b960eae1f4ddd22d423577b272c18802a3aae
ao_sca,64,10000,187,test,17.61921551076229,17.61921551076229,1.0,True,0.0,4,1632,7,ao_sca_proximal_physical,analytical_ris_equal_allocation,"[1.8379298447271697, 17.559261786252744, 17.606332206012375, 17.617768343937144, 17.61921551076229]","[{""block"": ""rsma"", ""rho"": 1.0, ""gain"": 15.22136877379223}, {""block"": ""star_ris"", ""rho"": 2.0, ""gain"": 0.4999631677333447}, {""block"": ""rsma"", ""rho"": 1.0, ""gain"": 0.0}, {""block"": ""star_ris"", ""rho"": 16.0, ""gain"": 0.04707041975963122}, {""block"": ""rsma"", ""rho"": 1.0, ""gain"": 0.0}, {""block"": ""star_ris"", ""rho"": 64.0, ""gain"": 0.011436137924768275}, {""block"": ""rsma"", ""rho"": 1.0, ""gain"": 0.0}, {""block"": ""star_ris"", ""rho"": 16.0, ""gain"": 0.0014471668251481162}]",{},894.33538,1a480db47c5efa1cc1a63abf6aef552d6bf21ecebd475a7bc99d509c20d9fb0d,fc61d5cda7da39530055bae9bd0e92865f995cd9,ae41070d268d283dcc283b0aaf9b960eae1f4ddd22d423577b272c18802a3aae
ao_sca,64,10000,188,test,18.076386352853334,18.076386352853334,1.0,True,0.0,20,8109,36,ao_sca_proximal_physical,analytical_ris_equal_allocation,"[1.8378722511481655, 17.444624735356626, 17.449259418519816, 17.4571086316, 17.537515994259774, 17.539670788547443, 17.584968425506386, 17.817517132918834, 17.824713962035965, 17.84020003366769, 17.926693838894117, 17.929841944465394, 17.935932880187146, 17.944230596463534, 17.95556126322241, 17.998228470132492, 18.001070073521248, 18.02301071884467, 18.048313621128464, 18.052604886647437, 18.076386352853334]","[{""block"": ""rsma"", ""rho"": 1.0, ""gain"": 14.462038701139793}, {""block"": ""star_ris"", ""rho"": 1.0, ""gain"": 1.1447137830686671}, {""block"": ""rsma"", ""rho"": 1.0, ""gain"": 0.0}, {""block"": ""star_ris"", ""rho"": 1.0, ""gain"": 0.004634683163189379}, {""block"": ""rsma"", ""rho"": 1.0, ""gain"": 0.0}, {""block"": ""star_ris"", ""rho"": 2.0, ""gain"": 0.007849213080184825}, {""block"": ""rsma"", ""rho"": 1.0, ""gain"": 0.0}, {""block"": ""star_ris"", ""rho"": 2.0, ""gain"": 0.08040736265977344}, {""block"": ""rsma"", ""rho"": 1.0, ""gain"": 0.0}, {""block"": ""star_ris"", ""rho"": 2.0, ""gain"": 0.0021547942876694037}, {""block"": ""rsma"", ""rho"": 1.0, ""gain"": 0.0}, {""block"": ""star_ris"", ""rho"": 1.0, ""gain"": 0.04529763695894218}, {""block"": ""rsma"", ""rho"": 1.0, ""gain"": 0.0}, {""block"": ""star_ris"", ""rho"": 1.0, ""gain"": 0.23254870741244815}, {""block"": ""rsma"", ""rho"": 1.0, ""gain"": -3.552713678800501e-15}, {""block"": ""star_ris"", ""rho"": 64.0, ""gain"": 0.0071968291171344845}, {""block"": ""rsma"", ""rho"": 1.0, ""gain"": -3.552713678800501e-15}, {""block"": ""star_ris"", ""rho"": 2.0, ""gain"": 0.015486071631727327}, {""block"": ""rsma"", ""rho"": 1.0, ""gain"": 0.0}, {""block"": ""star_ris"", ""rho"": 1.0, ""gain"": 0.08649380522642858}, {""block"": ""rsma"", ""rho"": 1.0, ""gain"": 0.0}, {""block"": ""star_ris"", ""rho"": 16.0, ""gain"": 0.0031481055712774264}, {""block"": ""rsma"", ""rho"": 1.0, ""gain"": 0.0}, {""block"": ""star_ris"", ""rho"": 4.0, ""gain"": 0.006090935721751123}, {""block"": ""rsma"", ""rho"": 1.0, ""gain"": 0.0}, {""block"": ""star_ris"", ""rho"": 8.0, ""gain"": 0.0082977162763882}, {""block"": ""rsma"", ""rho"": 1.0, ""gain"": -3.552713678800501e-15}, {""block"": ""star_ris"", ""rho"": 4.0, ""gain"": 0.01133066675888017}, {""block"": ""rsma"", ""rho"": 1.0, ""gain"": 0.0}, {""block"": ""star_ris"", ""rho"": 2.0, ""gain"": 0.042667206910081745}, {""block"": ""rsma"", ""rho"": 1.0, ""gain"": 0.0}, {""block"": ""star_ris"", ""rho"": 8.0, ""gain"": 0.002841603388755942}, {""block"": ""rsma"", ""rho"": 1.0, ""gain"": 0.0}, {""block"": ""star_ris"", ""rho"": 2.0, ""gain"": 0.021940645323422103}, {""block"": ""rsma"", ""rho"": 1.0, ""gain"": 0.0}, {""block"": ""star_ris"", ""rho"": 2.0, ""gain"": 0.025302902283794282}, {""block"": ""rsma"", ""rho"": 1.0, ""gain"": 0.0}, {""block"": ""star_ris"", ""rho"": 1.0, ""gain"": 0.004291265518972409}, {""block"": ""rsma"", ""rho"": 1.0, ""gain"": 3.552713678800501e-15}, {""block"": ""star_ris"", ""rho"": 2.0, ""gain"": 0.023781466205893054}]",{},4448.4045,1a480db47c5efa1cc1a63abf6aef552d6bf21ecebd475a7bc99d509c20d9fb0d,fc61d5cda7da39530055bae9bd0e92865f995cd9,ae41070d268d283dcc283b0aaf9b960eae1f4ddd22d423577b272c18802a3aae
ao_sca,64,10000,189,test,17.908449712978765,17.908449712978765,1.0,True,0.0,14,5701,24,ao_sca_proximal_physical,analytical_ris_equal_allocation,"[1.8379255011520523, 17.140316177444664, 17.149656815817053, 17.55032402933249, 17.564545699707487, 17.58581891267695, 17.588444995834866, 17.606607542437096, 17.713019669798, 17.718999760179003, 17.80347185296756, 17.843144751728758, 17.862410264924844, 17.908003490517025, 17.908449712978765]","[{""block"": ""rsma"", ""rho"": 1.0, ""gain"": 15.281605820072949}, {""block"": ""star_ris"", ""rho"": 8.0, ""gain"": 0.020784856219663084}, {""block"": ""rsma"", ""rho"": 1.0, ""gain"": 0.0}, {""block"": ""star_ris"", ""rho"": 2.0, ""gain"": 0.00934063837238952}, {""block"": ""rsma"", ""rho"": 1.0, ""gain"": 0.0}, {""block"": ""star_ris"", ""rho"": 2.0, ""gain"": 0.40066721351543677}, {""block"": ""rsma"", ""rho"": 1.0, ""gain"": 0.0}, {""block"": ""star_ris"", ""rho"": 8.0, ""gain"": 0.01422167037499733}, {""block"": ""rsma"", ""rho"": 1.0, ""gain"": 0.0}, {""block"": ""star_ris"", ""rho"": 32.0, ""gain"": 0.021273212969461497}, {""block"": ""rsma"", ""rho"": 1.0, ""gain"": 0.0}, {""block"": ""star_ris"", ""rho"": 256.0, ""gain"": 0.002626083157917236}, {""block"": ""rsma"", ""rho"": 1.0, ""gain"": 0.0}, {""block"": ""star_ris"", ""rho"": 4.0, ""gain"": 0.01816254660223038}, {""block"": ""rsma"", ""rho"": 1.0, ""gain"": 0.0}, {""block"": ""star_ris"", ""rho"": 4.0, ""gain"": 0.10641212736090466}, {""block"": ""rsma"", ""rho"": 1.0, ""gain"": 0.0}, {""block"": ""star_ris"", ""rho"": 2.0, ""gain"": 0.005980090381001446}, {""block"": ""rsma"", ""rho"": 1.0, ""gain"": 0.0}, {""block"": ""star_ris"", ""rho"": 8.0, ""gain"": 0.08447209278855894}, {""block"": ""rsma"", ""rho"": 1.0, ""gain"": -3.552713678800501e-15}, {""block"": ""star_ris"", ""rho"": 16.0, ""gain"": 0.03967289876120006}, {""block"": ""rsma"", ""rho"": 1.0, ""gain"": 0.0}, {""block"": ""star_ris"", ""rho"": 32.0, ""gain"": 0.019265513196085493}, {""block"": ""rsma"", ""rho"": 1.0, ""gain"": 0.0}, {""block"": ""star_ris"", ""rho"": 2.0, ""gain"": 0.0455932255921816}, {""block"": ""rsma"", ""rho"": 1.0, ""gain"": 0.0}, {""block"": ""star_ris"", ""rho"": 32.0, ""gain"": 0.0004462224617398647}]",{},3299.704658,1a480db47c5efa1cc1a63abf6aef552d6bf21ecebd475a7bc99d509c20d9fb0d,fc61d5cda7da39530055bae9bd0e92865f995cd9,ae41070d268d283dcc283b0aaf9b960eae1f4ddd22d423577b272c18802a3aae
ao_sca,64,10000,190,test,18.373756957094777,18.373756957094777,1.0,True,0.0,18,7294,34,ao_sca_proximal_physical,analytical_ris_equal_allocation,"[1.8379092344559655, 17.692065301582705, 17.797949438244217, 17.909835975562512, 17.91614742200913, 18.010945283803622, 18.070540479629077, 18.100697252922075, 18.135989634851832, 18.15722724980262, 18.18869281066404, 18.222467549155244, 18.28285294326778, 18.312415798075055, 18.32773416487728, 18.351756069968427, 18.37132539808382, 18.37340946624723, 18.373756957094777]","[{""block"": ""rsma"", ""rho"": 1.0, ""gain"": 14.771321231497035}, {""block"": ""star_ris"", ""rho"": 1.0, ""gain"": 1.0828348356297042}, {""block"": ""rsma"", ""rho"": 1.0, ""gain"": 0.0}, {""block"": ""star_ris"", ""rho"": 1.0, ""gain"": 0.10588413666151197}, {""block"": ""rsma"", ""rho"": 1.0, ""gain"": 0.0}, {""block"": ""star_ris"", ""rho"": 1.0, ""gain"": 0.1118865373182949}, {""block"": ""rsma"", ""rho"": 1.0, ""gain"": 0.0}, {""block"": ""star_ris"", ""rho"": 4.0, ""gain"": 0.006311446446616742}, {""block"": ""rsma"", ""rho"": 1.0, ""gain"": 0.0}, {""block"": ""star_ris"", ""rho"": 2.0, ""gain"": 0.09479786179449334}, {""block"": ""rsma"", ""rho"": 1.0, ""gain"": 0.0}, {""block"": ""star_ris"", ""rho"": 1.0, ""gain"": 0.05959519582545525}, {""block"": ""rsma"", ""rho"": 1.0, ""gain"": 0.0}, {""block"": ""star_ris"", ""rho"": 4.0, ""gain"": 0.030156773292997485}, {""block"": ""rsma"", ""rho"": 1.0, ""gain"": 0.0}, {""block"": ""star_ris"", ""rho"": 4.0, ""gain"": 0.035292381929757255}, {""block"": ""rsma"", ""rho"": 1.0, ""gain"": 0.0}, {""block"": ""star_ris"", ""rho"": 2.0, ""gain"": 0.02123761495078824}, {""block"": ""rsma"", ""rho"": 1.0, ""gain"": 0.0}, {""block"": ""star_ris"", ""rho"": 1.0, ""gain"": 0.03146556086142027}, {""block"": ""rsma"", ""rho"": 1.0, ""gain"": -3.552713678800501e-15}, {""block"": ""star_ris"", ""rho"": 2.0, ""gain"": 0.033774738491207046}, {""block"": ""rsma"", ""rho"": 1.0, ""gain"": 0.0}, {""block"": ""star_ris"", ""rho"": 2.0, ""gain"": 0.06038539411253652}, {""block"": ""rsma"", ""rho"": 1.0, ""gain"": -3.552713678800501e-15}, {""block"": ""star_ris"", ""rho"": 1.0, ""gain"": 0.029562854807277716}, {""block"": ""rsma"", ""rho"": 1.0, ""gain"": 3.552713678800501e-15}, {""block"": ""star_ris"", ""rho"": 8.0, ""gain"": 0.015318366802222982}, {""block"": ""rsma"", ""rho"": 1.0, ""gain"": 0.0}, {""block"": ""star_ris"", ""rho"": 4.0, ""gain"": 0.024021905091146323}, {""block"": ""rsma"", ""rho"": 1.0, ""gain"": 0.0}, {""block"": ""star_ris"", ""rho"": 8.0, ""gain"": 0.01956932811539147}, {""block"": ""rsma"", ""rho"": 1.0, ""gain"": -7.105427357601002e-15}, {""block"": ""star_ris"", ""rho"": 4.0, ""gain"": 0.002084068163419772}, {""block"": ""rsma"", ""rho"": 1.0, ""gain"": 0.0}, {""block"": ""star_ris"", ""rho"": 2.0, ""gain"": 0.00034749084754537307}]",{},4057.389417,1a480db47c5efa1cc1a63abf6aef552d6bf21ecebd475a7bc99d509c20d9fb0d,fc61d5cda7da39530055bae9bd0e92865f995cd9,ae41070d268d283dcc283b0aaf9b960eae1f4ddd22d423577b272c18802a3aae
ao_sca,64,10000,191,test,18.0900688964084,18.0900688964084,1.0,True,0.0,10,4065,17,ao_sca_proximal_physical,analytical_ris_equal_allocation,"[1.8379159900386162, 17.55817490938659, 17.792720678411705, 17.80549921232464, 17.880327201620435, 17.938584627906096, 17.982761737252506, 18.03362339378939, 18.06568354876552, 18.08862729688842, 18.090068896408397]","[{""block"": ""rsma"", ""rho"": 1.0, ""gain"": 14.92230383779362}, {""block"": ""star_ris"", ""rho"": 1.0, ""gain"": 0.7979550815543526}, {""block"": ""rsma"", ""rho"": 1.0, ""gain"": 0.0}, {""block"": ""star_ris"", ""rho"": 1.0, ""gain"": 0.23454576902511448}, {""block"": ""rsma"", ""rho"": 1.0, ""gain"": 0.0}, {""block"": ""star_ris"", ""rho"": 4.0, ""gain"": 0.012778533912936041}, {""block"": ""rsma"", ""rho"": 1.0, ""gain"": 0.0}, {""block"": ""star_ris"", ""rho"": 2.0, ""gain"": 0.0748279892957946}, {""block"": ""rsma"", ""rho"": 1.0, ""gain"": 3.552713678800501e-15}, {""block"": ""star_ris"", ""rho"": 2.0, ""gain"": 0.05825742628565678}, {""block"": ""rsma"", ""rho"": 1.0, ""gain"": 0.0}, {""block"": ""star_ris"", ""rho"": 1.0, ""gain"": 0.044177109346410504}, {""block"": ""rsma"", ""rho"": 1.0, ""gain"": 0.0}, {""block"": ""star_ris"", ""rho"": 2.0, ""gain"": 0.05086165653688468}, {""block"": ""rsma"", ""rho"": 1.0, ""gain"": -3.552713678800501e-15}, {""block"": ""star_ris"", ""rho"": 256.0, ""gain"": 0.03206015497613279}, {""block"": ""rsma"", ""rho"": 1.0, ""gain"": 0.0}, {""block"": ""star_ris"", ""rho"": 8.0, ""gain"": 0.022943748122898455}, {""block"": ""rsma"", ""rho"": 1.0, ""gain"": 0.0}, {""block"": ""star_ris"", ""rho"": 256.0, ""gain"": 0.0014415995199783538}]",{},2253.450607,1a480db47c5efa1cc1a63abf6aef552d6bf21ecebd475a7bc99d509c20d9fb0d,fc61d5cda7da39530055bae9bd0e92865f995cd9,ae41070d268d283dcc283b0aaf9b960eae1f4ddd22d423577b272c18802a3aae
ao_sca,64,10000,192,test,18.188278471451905,18.188278471451905,1.0,True,0.0,8,3242,13,ao_sca_proximal_physical,analytical_ris_equal_allocation,"[1.8379154858269033, 17.290601671489007, 17.603370253098255, 17.65797717521659, 17.69597600774022, 18.152706329449728, 18.17815236722603, 18.18714160328986, 18.188278471451905]","[{""block"": ""rsma"", ""rho"": 1.0, ""gain"": 14.86266662192997}, {""block"": ""star_ris"", ""rho"": 1.0, ""gain"": 0.5900195637321346}, {""block"": ""rsma"", ""rho"": 1.0, ""gain"": 0.0}, {""block"": ""star_ris"", ""rho"": 1.0, ""gain"": 0.31276858160924803}, {""block"": ""rsma"", ""rho"": 1.0, ""gain"": 0.0}, {""block"": ""star_ris"", ""rho"": 1.0, ""gain"": 0.05460692211833518}, {""block"": ""rsma"", ""rho"": 1.0, ""gain"": 0.0}, {""block"": ""star_ris"", ""rho"": 1.0, ""gain"": 0.037998832523630455}, {""block"": ""rsma"", ""rho"": 1.0, ""gain"": 0.0}, {""block"": ""star_ris"", ""rho"": 1.0, ""gain"": 0.45673032170950734}, {""block"": ""rsma"", ""rho"": 1.0, ""gain"": 0.0}, {""block"": ""star_ris"", ""rho"": 8.0, ""gain"": 0.025446037776301722}, {""block"": ""rsma"", ""rho"": 1.0, ""gain"": 3.552713678800501e-15}, {""block"": ""star_ris"", ""rho"": 4.0, ""gain"": 0.008989236063825956}, {""block"": ""rsma"", ""rho"": 1.0, ""gain"": 0.0}, {""block"": ""star_ris"", ""rho"": 16.0, ""gain"": 0.0011368681620460563}]",{},1798.892087,1a480db47c5efa1cc1a63abf6aef552d6bf21ecebd475a7bc99d509c20d9fb0d,fc61d5cda7da39530055bae9bd0e92865f995cd9,ae41070d268d283dcc283b0aaf9b960eae1f4ddd22d423577b272c18802a3aae
ao_sca,64,10000,193,test,17.92133384169592,17.92133384169592,1.0,True,0.0,12,4869,21,ao_sca_proximal_physical,analytical_ris_equal_allocation,"[1.8379080847801137, 17.084171488062367, 17.449900085550553, 17.48318761247824, 17.51507601877774, 17.58320928041113, 17.701169730697735, 17.727403333531253, 17.813423061550303, 17.84063597027733, 17.917409119798823, 17.919586085, 17.92133384169592]","[{""block"": ""rsma"", ""rho"": 1.0, ""gain"": 15.209754546524021}, {""block"": ""star_ris"", ""rho"": 1.0, ""gain"": 0.0365088567582319}, {""block"": ""rsma"", ""rho"": 1.0, ""gain"": 0.0}, {""block"": ""star_ris"", ""rho"": 1.0, ""gain"": 0.36572859748818587}, {""block"": ""rsma"", ""rho"": 1.0, ""gain"": 0.0}, {""block"": ""star_ris"", ""rho"": 4.0, ""gain"": 0.033287526927686883}, {""block"": ""rsma"", ""rho"": 1.0, ""gain"": 0.0}, {""block"": ""star_ris"", ""rho"": 1.0, ""gain"": 0.03188840629950107}, {""block"": ""rsma"", ""rho"": 1.0, ""gain"": 3.552713678800501e-15}, {""block"": ""star_ris"", ""rho"": 1.0, ""gain"": 0.06813326163338473}, {""block"": ""rsma"", ""rho"": 1.0, ""gain"": 0.0}, {""block"": ""star_ris"", ""rho"": 4.0, ""gain"": 0.11796045028660629}, {""block"": ""rsma"", ""rho"": 1.0, ""gain"": -3.552713678800501e-15}, {""block"": ""star_ris"", ""rho"": 4.0, ""gain"": 0.026233602833521275}, {""block"": ""rsma"", ""rho"": 1.0, ""gain"": -3.552713678800501e-15}, {""block"": ""star_ris"", ""rho"": 8.0, ""gain"": 0.08601972801905333}, {""block"": ""rsma"", ""rho"": 1.0, ""gain"": -3.552713678800501e-15}, {""block"": ""star_ris"", ""rho"": 4.0, ""gain"": 0.027212908727030083}, {""block"": ""rsma"", ""rho"": 1.0, ""gain"": 0.0}, {""block"": ""star_ris"", ""rho"": 4.0, ""gain"": 0.07677314952149317}, {""block"": ""rsma"", ""rho"": 1.0, ""gain"": -3.552713678800501e-15}, {""block"": ""star_ris"", ""rho"": 32.0, ""gain"": 0.0021769652011798257}, {""block"": ""rsma"", ""rho"": 1.0, ""gain"": -3.552713678800501e-15}, {""block"": ""star_ris"", ""rho"": 4.0, ""gain"": 0.0017477566959236412}]",{},2830.959543,1a480db47c5efa1cc1a63abf6aef552d6bf21ecebd475a7bc99d509c20d9fb0d,fc61d5cda7da39530055bae9bd0e92865f995cd9,ae41070d268d283dcc283b0aaf9b960eae1f4ddd22d423577b272c18802a3aae
ao_sca,64,10000,194,test,18.02745189516364,18.02745189516364,1.0,True,0.0,14,5690,26,ao_sca_proximal_physical,analytical_ris_equal_allocation,"[1.8379297678911592, 17.304337118322458, 17.37742288569877, 17.390969514393735, 17.397657913311782, 17.400981449484664, 17.52347487688239, 17.54582719859282, 17.59627314732051, 17.697306328798973, 17.845278308798434, 17.86590323242687, 18.014339622963938, 18.02740029624833, 18.027451895163637]","[{""block"": ""rsma"", ""rho"": 1.0, ""gain"": 15.430050365104472}, {""block"": ""star_ris"", ""rho"": 4.0, ""gain"": 0.036356985326825964}, {""block"": ""rsma"", ""rho"": 1.0, ""gain"": 0.0}, {""block"": ""star_ris"", ""rho"": 2.0, ""gain"": 0.07308576737631256}, {""block"": ""rsma"", ""rho"": 1.0, ""gain"": 0.0}, {""block"": ""star_ris"", ""rho"": 64.0, ""gain"": 0.013546628694964369}, {""block"": ""rsma"", ""rho"": 1.0, ""gain"": 0.0}, {""block"": ""star_ris"", ""rho"": 128.0, ""gain"": 0.006688398918047511}, {""block"": ""rsma"", ""rho"": 1.0, ""gain"": 3.552713678800501e-15}, {""block"": ""star_ris"", ""rho"": 256.0, ""gain"": 0.003323536172878505}, {""block"": ""rsma"", ""rho"": 1.0, ""gain"": 0.0}, {""block"": ""star_ris"", ""rho"": 2.0, ""gain"": 0.12249342739772473}, {""block"": ""rsma"", ""rho"": 1.0, ""gain"": 0.0}, {""block"": ""star_ris"", ""rho"": 2.0, ""gain"": 0.02235232171043222}, {""block"": ""rsma"", ""rho"": 1.0, ""gain"": 0.0}, {""block"": ""star_ris"", ""rho"": 1.0, ""gain"": 0.05044594872768826}, {""block"": ""rsma"", ""rho"": 1.0, ""gain"": 0.0}, {""block"": ""star_ris"", ""rho"": 2.0, ""gain"": 0.10103318147846352}, {""block"": ""rsma"", ""rho"": 1.0, ""gain"": 0.0}, {""block"": ""star_ris"", ""rho"": 2.0, ""gain"": 0.1479719799994612}, {""block"": ""rsma"", ""rho"": 1.0, ""gain"": -3.552713678800501e-15}, {""block"": ""star_ris"", ""rho"": 2.0, ""gain"": 0.020624923628439262}, {""block"": ""rsma"", ""rho"": 1.0, ""gain"": -3.552713678800501e-15}, {""block"": ""star_ris"", ""rho"": 2.0, ""gain"": 0.14843639053707136}, {""block"": ""rsma"", ""rho"": 1.0, ""gain"": 0.0}, {""block"": ""star_ris"", ""rho"": 4.0, ""gain"": 0.013060673284392976}, {""block"": ""rsma"", ""rho"": 1.0, ""gain"": 0.0}, {""block"": ""star_ris"", ""rho"": 2.0, ""gain"": 5.159891530581717e-05}]",{},3116.667154,1a480db47c5efa1cc1a63abf6aef552d6bf21ecebd475a7bc99d509c20d9fb0d,fc61d5cda7da39530055bae9bd0e92865f995cd9,ae41070d268d283dcc283b0aaf9b960eae1f4ddd22d423577b272c18802a3aae
ao_sca,64,10000,195,test,18.07230236610443,18.07230236610443,1.0,True,0.0,13,5290,25,ao_sca_proximal_physical,analytical_ris_equal_allocation,"[1.8379302780313613, 17.41344872540032, 17.55895057644618, 17.58935136323382, 17.737687217966197, 17.743800809028325, 17.75522985566591, 17.761510214178355, 17.793203523146314, 17.915599250374648, 18.011192762919098, 18.015353315889058, 18.072192428210546, 18.07230236610443]","[{""block"": ""rsma"", ""rho"": 1.0, ""gain"": 15.210577654833013}, {""block"": ""star_ris"", ""rho"": 2.0, ""gain"": 0.36494079253594336}, {""block"": ""rsma"", ""rho"": 1.0, ""gain"": 3.552713678800501e-15}, {""block"": ""star_ris"", ""rho"": 4.0, ""gain"": 0.14550185104585722}, {""block"": ""rsma"", ""rho"": 1.0, ""gain"": 0.0}, {""block"": ""star_ris"", ""rho"": 4.0, ""gain"": 0.030400786787641465}, {""block"": ""rsma"", ""rho"": 1.0, ""gain"": -3.552713678800501e-15}, {""block"": ""star_ris"", ""rho"": 4.0, ""gain"": 0.1483358547323803}, {""block"": ""rsma"", ""rho"": 1.0, ""gain"": -3.552713678800501e-15}, {""block"": ""star_ris"", ""rho"": 32.0, ""gain"": 0.006113591062131718}, {""block"": ""rsma"", ""rho"": 1.0, ""gain"": 0.0}, {""block"": ""star_ris"", ""rho"": 8.0, ""gain"": 0.01142904663758415}, {""block"": ""rsma"", ""rho"": 1.0, ""gain"": 0.0}, {""block"": ""star_ris"", ""rho"": 1.0, ""gain"": 0.006280358512444906}, {""block"": ""rsma"", ""rho"": 1.0, ""gain"": 0.0}, {""block"": ""star_ris"", ""rho"": 2.0, ""gain"": 0.03169330896795941}, {""block"": ""rsma"", ""rho"": 1.0, ""gain"": 0.0}, {""block"": ""star_ris"", ""rho"": 2.0, ""gain"": 0.12239572722833358}, {""block"": ""rsma"", ""rho"": 1.0, ""gain"": -7.105427357601002e-15}, {""block"": ""star_ris"", ""rho"": 4.0, ""gain"": 0.09559351254445758}, {""block"": ""rsma"", ""rho"": 1.0, ""gain"": 3.552713678800501e-15}, {""block"": ""star_ris"", ""rho"": 32.0, ""gain"": 0.004160552969956655}, {""block"": ""rsma"", ""rho"": 1.0, ""gain"": -3.552713678800501e-15}, {""block"": ""star_ris"", ""rho"": 8.0, ""gain"": 0.05683911232149086}, {""block"": ""rsma"", ""rho"": 1.0, ""gain"": -3.552713678800501e-15}, {""block"": ""star_ris"", ""rho"": 1024.0, ""gain"": 0.00010993789388891173}]",{},2927.068768,1a480db47c5efa1cc1a63abf6aef552d6bf21ecebd475a7bc99d509c20d9fb0d,fc61d5cda7da39530055bae9bd0e92865f995cd9,ae41070d268d283dcc283b0aaf9b960eae1f4ddd22d423577b272c18802a3aae
ao_sca,64,10000,196,test,17.774483136762125,17.774483136762125,1.0,True,0.0,20,8119,33,ao_sca_proximal_physical,analytical_ris_equal_allocation,"[1.837885983637685, 17.053417606070244, 17.098492559511058, 17.111523213181048, 17.171175419369085, 17.30213386006859, 17.335982739672975, 17.359846773942916, 17.506531345965968, 17.56300053181899, 17.674414246364076, 17.687441115392502, 17.69244431251132, 17.69433992605247, 17.70237910336838, 17.737128753599485, 17.744157916758372, 17.760382523128918, 17.762379870008488, 17.771182756279085, 17.774483136762125]","[{""block"": ""rsma"", ""rho"": 1.0, ""gain"": 15.100937256057607}, {""block"": ""star_ris"", ""rho"": 1.0, ""gain"": 0.11459436637495202}, {""block"": ""rsma"", ""rho"": 1.0, ""gain"": 0.0}, {""block"": ""star_ris"", ""rho"": 1.0, ""gain"": 0.045074953440813914}, {""block"": ""rsma"", ""rho"": 1.0, ""gain"": 0.0}, {""block"": ""star_ris"", ""rho"": 8.0, ""gain"": 0.013030653669989789}, {""block"": ""rsma"", ""rho"": 1.0, ""gain"": 0.0}, {""block"": ""star_ris"", ""rho"": 2.0, ""gain"": 0.05965220618803713}, {""block"": ""rsma"", ""rho"": 1.0, ""gain"": 0.0}, {""block"": ""star_ris"", ""rho"": 1.0, ""gain"": 0.13095844069950502}, {""block"": ""rsma"", ""rho"": 1.0, ""gain"": 0.0}, {""block"": ""star_ris"", ""rho"": 1.0, ""gain"": 0.03384887960438476}, {""block"": ""rsma"", ""rho"": 1.0, ""gain"": 3.552713678800501e-15}, {""block"": ""star_ris"", ""rho"": 2.0, ""gain"": 0.023864034269937662}, {""block"": ""rsma"", ""rho"": 1.0, ""gain"": 0.0}, {""block"": ""star_ris"", ""rho"": 1.0, ""gain"": 0.14668457202305163}, {""block"": ""rsma"", ""rho"": 1.0, ""gain"": -3.552713678800501e-15}, {""block"": ""star_ris"", ""rho"": 2.0, ""gain"": 0.056469185853025294}, {""block"": ""rsma"", ""rho"": 1.0, ""gain"": 0.0}, {""block"": ""star_ris"", ""rho"": 2.0, ""gain"": 0.11141371454508686}, {""block"": ""rsma"", ""rho"": 1.0, ""gain"": -3.552713678800501e-15}, {""block"": ""star_ris"", ""rho"": 8.0, ""gain"": 0.013026869028429644}, {""block"": ""rsma"", ""rho"": 1.0, ""gain"": 0.0}, {""block"": ""star_ris"", ""rho"": 2.0, ""gain"": 0.005003197118817582}, {""block"": ""rsma"", ""rho"": 1.0, ""gain"": 0.0}, {""block"": ""star_ris"", ""rho"": 32.0, ""gain"": 0.0018956135411514197}, {""block"": ""rsma"", ""rho"": 1.0, ""gain"": 0.0}, {""block"": ""star_ris"", ""rho"": 8.0, ""gain"": 0.008039177315907864}, {""block"": ""rsma"", ""rho"": 1.0, ""gain"": 0.0}, {""block"": ""star_ris"", ""rho"": 4.0, ""gain"": 0.03474965023110599}, {""block"": ""rsma"", ""rho"": 1.0, ""gain"": 0.0}, {""block"": ""star_ris"", ""rho"": 16.0, ""gain"": 0.0070291631588865755}, {""block"": ""rsma"", ""rho"": 1.0, ""gain"": 3.552713678800501e-15}, {""block"": ""star_ris"", ""rho"": 4.0, ""gain"": 0.01622460637054246}, {""block"": ""rsma"", ""rho"": 1.0, ""gain"": 0.0}, {""block"": ""star_ris"", ""rho"": 16.0, ""gain"": 0.0019973468795697613}, {""block"": ""rsma"", ""rho"": 1.0, ""gain"": 0.0}, {""block"": ""star_ris"", ""rho"": 4.0, ""gain"": 0.008802886270597554}, {""block"": ""rsma"", ""rho"": 1.0, ""gain"": 3.552713678800501e-15}, {""block"": ""star_ris"", ""rho"": 32.0, ""gain"": 0.0033003804830364913}]",{},4596.256244,1a480db47c5efa1cc1a63abf6aef552d6bf21ecebd475a7bc99d509c20d9fb0d,fc61d5cda7da39530055bae9bd0e92865f995cd9,ae41070d268d283dcc283b0aaf9b960eae1f4ddd22d423577b272c18802a3aae
ao_sca,64,10000,197,test,16.821206910717063,16.821206910717063,1.0,True,0.0,9,3679,15,ao_sca_proximal_physical,analytical_ris_equal_allocation,"[1.8377618586411328, 16.287117768366578, 16.481041415091568, 16.57068698716362, 16.767751404115035, 16.793327548472, 16.811513630824347, 16.819141046674538, 16.820926945888857, 16.821206910717063]","[{""block"": ""rsma"", ""rho"": 1.0, ""gain"": 13.844517675619251}, {""block"": ""star_ris"", ""rho"": 2.0, ""gain"": 0.6048382341061931}, {""block"": ""rsma"", ""rho"": 1.0, ""gain"": 0.0}, {""block"": ""star_ris"", ""rho"": 4.0, ""gain"": 0.19392364672498985}, {""block"": ""rsma"", ""rho"": 1.0, ""gain"": 0.0}, {""block"": ""star_ris"", ""rho"": 4.0, ""gain"": 0.08964557207205104}, {""block"": ""rsma"", ""rho"": 1.0, ""gain"": 0.0}, {""block"": ""star_ris"", ""rho"": 2.0, ""gain"": 0.19706441695141663}, {""block"": ""rsma"", ""rho"": 1.0, ""gain"": 0.0}, {""block"": ""star_ris"", ""rho"": 64.0, ""gain"": 0.025576144356964647}, {""block"": ""rsma"", ""rho"": 1.0, ""gain"": 0.0}, {""block"": ""star_ris"", ""rho"": 64.0, ""gain"": 0.0181860823523472}, {""block"": ""rsma"", ""rho"": 1.0, ""gain"": 3.552713678800501e-15}, {""block"": ""star_ris"", ""rho"": 128.0, ""gain"": 0.007627415850187447}, {""block"": ""rsma"", ""rho"": 1.0, ""gain"": 0.0}, {""block"": ""star_ris"", ""rho"": 512.0, ""gain"": 0.0017858992143189312}, {""block"": ""rsma"", ""rho"": 1.0, ""gain"": 0.0}, {""block"": ""star_ris"", ""rho"": 256.0, ""gain"": 0.00027996482820569213}]",{},2043.77288,1a480db47c5efa1cc1a63abf6aef552d6bf21ecebd475a7bc99d509c20d9fb0d,fc61d5cda7da39530055bae9bd0e92865f995cd9,ae41070d268d283dcc283b0aaf9b960eae1f4ddd22d423577b272c18802a3aae
ao_sca,64,10000,198,test,17.915361880996333,17.915361880996333,1.0,True,0.0,8,3253,14,ao_sca_proximal_physical,analytical_ris_equal_allocation,"[1.8379098439060408, 17.189710078424042, 17.7366043003256, 17.833550725166653, 17.858776631443988, 17.903818656226637, 17.909878688821095, 17.91398502869933, 17.915361880996333]","[{""block"": ""rsma"", ""rho"": 1.0, ""gain"": 15.033758949475988}, {""block"": ""star_ris"", ""rho"": 1.0, ""gain"": 0.318041285042014}, {""block"": ""rsma"", ""rho"": 1.0, ""gain"": 0.0}, {""block"": ""star_ris"", ""rho"": 2.0, ""gain"": 0.5468942219015567}, {""block"": ""rsma"", ""rho"": 1.0, ""gain"": 0.0}, {""block"": ""star_ris"", ""rho"": 2.0, ""gain"": 0.09694642484105387}, {""block"": ""rsma"", ""rho"": 1.0, ""gain"": -7.105427357601002e-15}, {""block"": ""star_ris"", ""rho"": 8.0, ""gain"": 0.025225906277341892}, {""block"": ""rsma"", ""rho"": 1.0, ""gain"": 0.0}, {""block"": ""star_ris"", ""rho"": 16.0, ""gain"": 0.04504202478264929}, {""block"": ""rsma"", ""rho"": 1.0, ""gain"": -3.552713678800501e-15}, {""block"": ""star_ris"", ""rho"": 32.0, ""gain"": 0.006060032594461973}, {""block"": ""rsma"", ""rho"": 1.0, ""gain"": -7.105427357601002e-15}, {""block"": ""star_ris"", ""rho"": 16.0, ""gain"": 0.004106339878241272}, {""block"": ""rsma"", ""rho"": 1.0, ""gain"": 7.105427357601002e-15}, {""block"": ""star_ris"", ""rho"": 4.0, ""gain"": 0.0013768522969961339}]",{},1785.91573,1a480db47c5efa1cc1a63abf6aef552d6bf21ecebd475a7bc99d509c20d9fb0d,fc61d5cda7da39530055bae9bd0e92865f995cd9,ae41070d268d283dcc283b0aaf9b960eae1f4ddd22d423577b272c18802a3aae
ao_sca,64,10000,199,test,17.67552125427053,17.67552125427053,1.0,True,0.0,13,5315,23,ao_sca_proximal_physical,analytical_ris_equal_allocation,"[1.8378934841724912, 16.805460774385143, 16.8394022138247, 16.904675682310096, 16.935876017483334, 16.951145171116487, 16.958700167963215, 16.9624581493876, 17.229207338921135, 17.585426141875008, 17.652501490647563, 17.668435794318214, 17.674792940428514, 17.67552125427053]","[{""block"": ""rsma"", ""rho"": 1.0, ""gain"": 14.932672558187432}, {""block"": ""star_ris"", ""rho"": 32.0, ""gain"": 0.034894732025218644}, {""block"": ""rsma"", ""rho"": 1.0, ""gain"": -3.552713678800501e-15}, {""block"": ""star_ris"", ""rho"": 32.0, ""gain"": 0.033941439439562515}, {""block"": ""rsma"", ""rho"": 1.0, ""gain"": 3.552713678800501e-15}, {""block"": ""star_ris"", ""rho"": 16.0, ""gain"": 0.0652734684853904}, {""block"": ""rsma"", ""rho"": 1.0, ""gain"": 0.0}, {""block"": ""star_ris"", ""rho"": 32.0, ""gain"": 0.031200335173238614}, {""block"": ""rsma"", ""rho"": 1.0, ""gain"": 3.552713678800501e-15}, {""block"": ""star_ris"", ""rho"": 64.0, ""gain"": 0.015269153633148846}, {""block"": ""rsma"", ""rho"": 1.0, ""gain"": -3.552713678800501e-15}, {""block"": ""star_ris"", ""rho"": 128.0, ""gain"": 0.007554996846732109}, {""block"": ""rsma"", ""rho"": 1.0, ""gain"": 0.0}, {""block"": ""star_ris"", ""rho"": 256.0, ""gain"": 0.003757981424385548}, {""block"": ""rsma"", ""rho"": 1.0, ""gain"": 0.0}, {""block"": ""star_ris"", ""rho"": 1.0, ""gain"": 0.26674918953353455}, {""block"": ""rsma"", ""rho"": 1.0, ""gain"": 0.0}, {""block"": ""star_ris"", ""rho"": 2.0, ""gain"": 0.3562188029538724}, {""block"": ""rsma"", ""rho"": 1.0, ""gain"": 3.552713678800501e-15}, {""block"": ""star_ris"", ""rho"": 8.0, ""gain"": 0.06707534877255128}, {""block"": ""rsma"", ""rho"": 1.0, ""gain"": 0.0}, {""block"": ""star_ris"", ""rho"": 32.0, ""gain"": 0.015934303670650962}, {""block"": ""rsma"", ""rho"": 1.0, ""gain"": -3.552713678800501e-15}, {""block"": ""star_ris"", ""rho"": 64.0, ""gain"": 0.006357146110303802}, {""block"": ""rsma"", ""rho"": 1.0, ""gain"": -3.552713678800501e-15}, {""block"": ""star_ris"", ""rho"": 128.0, ""gain"": 0.000728313842021322}]",{},2913.846098,1a480db47c5efa1cc1a63abf6aef552d6bf21ecebd475a7bc99d509c20d9fb0d,fc61d5cda7da39530055bae9bd0e92865f995cd9,ae41070d268d283dcc283b0aaf9b960eae1f4ddd22d423577b272c18802a3aae
ao_sca,64,10000,200,test,18.032529944628514,18.032529944628514,1.0,True,0.0,8,3252,16,ao_sca_proximal_physical,analytical_ris_equal_allocation,"[1.8379263092443536, 17.192178913927172, 17.738437282795605, 17.818610290515647, 17.901045616618138, 17.933376463526187, 18.002444547652736, 18.031575086744574, 18.032529944628514]","[{""block"": ""rsma"", ""rho"": 1.0, ""gain"": 15.175263041271675}, {""block"": ""star_ris"", ""rho"": 1.0, ""gain"": 0.17898956341114314}, {""block"": ""rsma"", ""rho"": 1.0, ""gain"": -3.552713678800501e-15}, {""block"": ""star_ris"", ""rho"": 1.0, ""gain"": 0.5462583688684362}, {""block"": ""rsma"", ""rho"": 1.0, ""gain"": 3.552713678800501e-15}, {""block"": ""star_ris"", ""rho"": 2.0, ""gain"": 0.08017300772003821}, {""block"": ""rsma"", ""rho"": 1.0, ""gain"": 0.0}, {""block"": ""star_ris"", ""rho"": 2.0, ""gain"": 0.08243532610249105}, {""block"": ""rsma"", ""rho"": 1.0, ""gain"": 0.0}, {""block"": ""star_ris"", ""rho"": 4.0, ""gain"": 0.03233084690804944}, {""block"": ""rsma"", ""rho"": 1.0, ""gain"": 0.0}, {""block"": ""star_ris"", ""rho"": 2.0, ""gain"": 0.06906808412654897}, {""block"": ""rsma"", ""rho"": 1.0, ""gain"": 0.0}, {""block"": ""star_ris"", ""rho"": 16.0, ""gain"": 0.02913053909183816}, {""block"": ""rsma"", ""rho"": 1.0, ""gain"": -3.552713678800501e-15}, {""block"": ""star_ris"", ""rho"": 1024.0, ""gain"": 0.0009548578839435606}]",{},1819.178627,1a480db47c5efa1cc1a63abf6aef552d6bf21ecebd475a7bc99d509c20d9fb0d,fc61d5cda7da39530055bae9bd0e92865f995cd9,ae41070d268d283dcc283b0aaf9b960eae1f4ddd22d423577b272c18802a3aae
ao_sca,64,10000,201,test,18.199009498508303,18.199009498508303,1.0,True,0.0,16,6501,29,ao_sca_proximal_physical,analytical_ris_equal_allocation,"[1.837946364127638, 17.599932494538393, 17.657327911682803, 17.671249000707565, 17.674090526646847, 17.726727310804684, 17.762770113811694, 17.851057155032606, 17.89244870868806, 17.949957551584227, 17.97130463231518, 17.990683450674318, 18.114930692157895, 18.16007781370552, 18.168932031179665, 18.19892932014934, 18.199009498508303]","[{""block"": ""rsma"", ""rho"": 1.0, ""gain"": 15.493872630809612}, {""block"": ""star_ris"", ""rho"": 4.0, ""gain"": 0.2681134996011423}, {""block"": ""rsma"", ""rho"": 1.0, ""gain"": 0.0}, {""block"": ""star_ris"", ""rho"": 16.0, ""gain"": 0.05739541714440932}, {""block"": ""rsma"", ""rho"": 1.0, ""gain"": 0.0}, {""block"": ""star_ris"", ""rho"": 64.0, ""gain"": 0.013921089024762523}, {""block"": ""rsma"", ""rho"": 1.0, ""gain"": 0.0}, {""block"": ""star_ris"", ""rho"": 8.0, ""gain"": 0.002841525939281553}, {""block"": ""rsma"", ""rho"": 1.0, ""gain"": 0.0}, {""block"": ""star_ris"", ""rho"": 2.0, ""gain"": 0.05263678415783701}, {""block"": ""rsma"", ""rho"": 1.0, ""gain"": 0.0}, {""block"": ""star_ris"", ""rho"": 1.0, ""gain"": 0.03604280300701035}, {""block"": ""rsma"", ""rho"": 1.0, ""gain"": 0.0}, {""block"": ""star_ris"", ""rho"": 2.0, ""gain"": 0.08828704122091224}, {""block"": ""rsma"", ""rho"": 1.0, ""gain"": 0.0}, {""block"": ""star_ris"", ""rho"": 4.0, ""gain"": 0.04139155365545477}, {""block"": ""rsma"", ""rho"": 1.0, ""gain"": 3.552713678800501e-15}, {""block"": ""star_ris"", ""rho"": 2.0, ""gain"": 0.05750884289616209}, {""block"": ""rsma"", ""rho"": 1.0, ""gain"": 0.0}, {""block"": ""star_ris"", ""rho"": 2.0, ""gain"": 0.021347080730954815}, {""block"": ""rsma"", ""rho"": 1.0, ""gain"": 0.0}, {""block"": ""star_ris"", ""rho"": 2.0, ""gain"": 0.019378818359136574}, {""block"": ""rsma"", ""rho"": 1.0, ""gain"": 0.0}, {""block"": ""star_ris"", ""rho"": 8.0, ""gain"": 0.12424724148357669}, {""block"": ""rsma"", ""rho"": 1.0, ""gain"": -3.552713678800501e-15}, {""block"": ""star_ris"", ""rho"": 2.0, ""gain"": 0.0451471215476289}, {""block"": ""rsma"", ""rho"": 1.0, ""gain"": -7.105427357601002e-15}, {""block"": ""star_ris"", ""rho"": 8.0, ""gain"": 0.008854217474151937}, {""block"": ""rsma"", ""rho"": 1.0, ""gain"": 0.0}, {""block"": ""star_ris"", ""rho"": 4.0, ""gain"": 0.029997288969674685}, {""block"": ""rsma"", ""rho"": 1.0, ""gain"": 7.105427357601002e-15}, {""block"": ""star_ris"", ""rho"": 32.0, ""gain"": 8.017835895657299e-05}]",{},3510.18546,1a480db47c5efa1cc1a63abf6aef552d6bf21ecebd475a7bc99d509c20d9fb0d,fc61d5cda7da39530055bae9bd0e92865f995cd9,ae41070d268d283dcc283b0aaf9b960eae1f4ddd22d423577b272c18802a3aae
ao_sca,64,10000,202,test,17.88947088794404,17.88947088794404,1.0,True,0.0,13,5281,25,ao_sca_proximal_physical,analytical_ris_equal_allocation,"[1.8379040047494941, 17.227304160877438, 17.283530296413133, 17.452246982744413, 17.52922100336354, 17.6348717667112, 17.64538248047334, 17.69203722043428, 17.703266411593198, 17.716804461313604, 17.71903297162921, 17.818950202302823, 17.888296205232283, 17.88947088794404]","[{""block"": ""rsma"", ""rho"": 1.0, ""gain"": 15.145091957072214}, {""block"": ""star_ris"", ""rho"": 1.0, ""gain"": 0.2443081990557303}, {""block"": ""rsma"", ""rho"": 1.0, ""gain"": 3.552713678800501e-15}, {""block"": ""star_ris"", ""rho"": 1.0, ""gain"": 0.05622613553569167}, {""block"": ""rsma"", ""rho"": 1.0, ""gain"": 0.0}, {""block"": ""star_ris"", ""rho"": 4.0, ""gain"": 0.16871668633127967}, {""block"": ""rsma"", ""rho"": 1.0, ""gain"": 0.0}, {""block"": ""star_ris"", ""rho"": 1.0, ""gain"": 0.07697402061912584}, {""block"": ""rsma"", ""rho"": 1.0, ""gain"": 0.0}, {""block"": ""star_ris"", ""rho"": 8.0, ""gain"": 0.10565076334766133}, {""block"": ""rsma"", ""rho"": 1.0, ""gain"": 3.552713678800501e-15}, {""block"": ""star_ris"", ""rho"": 4.0, ""gain"": 0.010510713762137414}, {""block"": ""rsma"", ""rho"": 1.0, ""gain"": 0.0}, {""block"": ""star_ris"", ""rho"": 16.0, ""gain"": 0.04665473996093894}, {""block"": ""rsma"", ""rho"": 1.0, ""gain"": 0.0}, {""block"": ""star_ris"", ""rho"": 64.0, ""gain"": 0.011229191158918184}, {""block"": ""rsma"", ""rho"": 1.0, ""gain"": 0.0}, {""block"": ""star_ris"", ""rho"": 2.0, ""gain"": 0.013538049720406065}, {""block"": ""rsma"", ""rho"": 1.0, ""gain"": 0.0}, {""block"": ""star_ris"", ""rho"": 2.0, ""gain"": 0.002228510315607224}, {""block"": ""rsma"", ""rho"": 1.0, ""gain"": 0.0}, {""block"": ""star_ris"", ""rho"": 2.0, ""gain"": 0.09991723067361136}, {""block"": ""rsma"", ""rho"": 1.0, ""gain"": 0.0}, {""block"": ""star_ris"", ""rho"": 4.0, ""gain"": 0.06934600292946058}, {""block"": ""rsma"", ""rho"": 1.0, ""gain"": 0.0}, {""block"": ""star_ris"", ""rho"": 64.0, ""gain"": 0.0011746827117562475}]",{},2867.386851,1a480db47c5efa1cc1a63abf6aef552d6bf21ecebd475a7bc99d509c20d9fb0d,fc61d5cda7da39530055bae9bd0e92865f995cd9,ae41070d268d283dcc283b0aaf9b960eae1f4ddd22d423577b272c18802a3aae
ao_sca,64,10000,203,test,18.035056511411423,18.035056511411423,1.0,True,0.0,20,8124,28,ao_sca_proximal_physical,analytical_ris_equal_allocation,"[1.837916805684941, 17.356359920904406, 17.56308183365647, 17.60807090474038, 17.62984305960062, 17.640558090223273, 17.69698733621727, 17.73685127944161, 17.74813706225197, 17.758885021338692, 17.785397354677762, 17.800670673715693, 17.867871442966266, 17.870124010273408, 17.886128421348097, 17.912847002833317, 17.93362907220184, 17.936719962242474, 17.94077484360095, 17.964806680654913, 18.035056511411426]","[{""block"": ""rsma"", ""rho"": 1.0, ""gain"": 15.08161414558785}, {""block"": ""star_ris"", ""rho"": 1.0, ""gain"": 0.4368289696316161}, {""block"": ""rsma"", ""rho"": 1.0, ""gain"": 0.0}, {""block"": ""star_ris"", ""rho"": 4.0, ""gain"": 0.2067219127520623}, {""block"": ""rsma"", ""rho"": 1.0, ""gain"": 0.0}, {""block"": ""star_ris"", ""rho"": 16.0, ""gain"": 0.04498907108391137}, {""block"": ""rsma"", ""rho"": 1.0, ""gain"": 0.0}, {""block"": ""star_ris"", ""rho"": 32.0, ""gain"": 0.021772154860240533}, {""block"": ""rsma"", ""rho"": 1.0, ""gain"": 0.0}, {""block"": ""star_ris"", ""rho"": 64.0, ""gain"": 0.010715030622652222}, {""block"": ""rsma"", ""rho"": 1.0, ""gain"": 0.0}, {""block"": ""star_ris"", ""rho"": 1.0, ""gain"": 0.056429245993996346}, {""block"": ""rsma"", ""rho"": 1.0, ""gain"": 0.0}, {""block"": ""star_ris"", ""rho"": 1.0, ""gain"": 0.03986394322433995}, {""block"": ""rsma"", ""rho"": 1.0, ""gain"": 0.0}, {""block"": ""star_ris"", ""rho"": 16.0, ""gain"": 0.011285782810361411}, {""block"": ""rsma"", ""rho"": 1.0, ""gain"": 0.0}, {""block"": ""star_ris"", ""rho"": 64.0, ""gain"": 0.010747959086721437}, {""block"": ""rsma"", ""rho"": 1.0, ""gain"": 0.0}, {""block"": ""star_ris"", ""rho"": 8.0, ""gain"": 0.026512333339070437}, {""block"": ""rsma"", ""rho"": 1.0, ""gain"": 0.0}, {""block"": ""star_ris"", ""rho"": 8.0, ""gain"": 0.015273319037930833}, {""block"": ""rsma"", ""rho"": 1.0, ""gain"": 0.0}, {""block"": ""star_ris"", ""rho"": 2.0, ""gain"": 0.06720076925057228}, {""block"": ""rsma"", ""rho"": 1.0, ""gain"": 0.0}, {""block"": ""star_ris"", ""rho"": 2.0, ""gain"": 0.0022525673071420727}, {""block"": ""rsma"", ""rho"": 1.0, ""gain"": 0.0}, {""block"": ""star_ris"", ""rho"": 2.0, ""gain"": 0.01600441107468953}, {""block"": ""rsma"", ""rho"": 1.0, ""gain"": -3.552713678800501e-15}, {""block"": ""star_ris"", ""rho"": 2.0, ""gain"": 0.026718581485223325}, {""block"": ""rsma"", ""rho"": 1.0, ""gain"": 0.0}, {""block"": ""star_ris"", ""rho"": 2.0, ""gain"": 0.020782069368522116}, {""block"": ""rsma"", ""rho"": 1.0, ""gain"": 0.0}, {""block"": ""star_ris"", ""rho"": 1.0, ""gain"": 0.00309089004063523}, {""block"": ""rsma"", ""rho"": 1.0, ""gain"": 0.0}, {""block"": ""star_ris"", ""rho"": 2.0, ""gain"": 0.004054881358474205}, {""block"": ""rsma"", ""rho"": 1.0, ""gain"": 0.0}, {""block"": ""star_ris"", ""rho"": 2.0, ""gain"": 0.024031837053964722}, {""block"": ""rsma"", ""rho"": 1.0, ""gain"": -3.552713678800501e-15}, {""block"": ""star_ris"", ""rho"": 8.0, ""gain"": 0.07024983075651647}]",{},4402.480998,1a480db47c5efa1cc1a63abf6aef552d6bf21ecebd475a7bc99d509c20d9fb0d,fc61d5cda7da39530055bae9bd0e92865f995cd9,ae41070d268d283dcc283b0aaf9b960eae1f4ddd22d423577b272c18802a3aae
ao_sca,64,10000,204,test,17.453568763929496,17.453568763929496,1.0,True,0.0,11,4464,20,ao_sca_proximal_physical,analytical_ris_equal_allocation,"[1.837855334053411, 16.796582192991835, 16.889194325317725, 16.89980774481134, 17.045063805527576, 17.074208841450883, 17.127072537156778, 17.208763069702243, 17.258066022112878, 17.449642727508273, 17.45200164806733, 17.453568763929496]","[{""block"": ""rsma"", ""rho"": 1.0, ""gain"": 14.466950085501395}, {""block"": ""star_ris"", ""rho"": 4.0, ""gain"": 0.49177677343702797}, {""block"": ""rsma"", ""rho"": 1.0, ""gain"": 0.0}, {""block"": ""star_ris"", ""rho"": 16.0, ""gain"": 0.09261213232588972}, {""block"": ""rsma"", ""rho"": 1.0, ""gain"": 0.0}, {""block"": ""star_ris"", ""rho"": 4.0, ""gain"": 0.01061341949361605}, {""block"": ""rsma"", ""rho"": 1.0, ""gain"": 0.0}, {""block"": ""star_ris"", ""rho"": 2.0, ""gain"": 0.14525606071623542}, {""block"": ""rsma"", ""rho"": 1.0, ""gain"": 0.0}, {""block"": ""star_ris"", ""rho"": 2.0, ""gain"": 0.02914503592330675}, {""block"": ""rsma"", ""rho"": 1.0, ""gain"": 0.0}, {""block"": ""star_ris"", ""rho"": 2.0, ""gain"": 0.052863695705895}, {""block"": ""rsma"", ""rho"": 1.0, ""gain"": -3.552713678800501e-15}, {""block"": ""star_ris"", ""rho"": 1.0, ""gain"": 0.0816905325454691}, {""block"": ""rsma"", ""rho"": 1.0, ""gain"": 0.0}, {""block"": ""star_ris"", ""rho"": 1.0, ""gain"": 0.04930295241063476}, {""block"": ""rsma"", ""rho"": 1.0, ""gain"": 0.0}, {""block"": ""star_ris"", ""rho"": 4.0, ""gain"": 0.19157670539539495}, {""block"": ""rsma"", ""rho"": 1.0, ""gain"": 0.0}, {""block"": ""star_ris"", ""rho"": 16.0, ""gain"": 0.002358920559057509}, {""block"": ""rsma"", ""rho"": 1.0, ""gain"": 3.552713678800501e-15}, {""block"": ""star_ris"", ""rho"": 4.0, ""gain"": 0.0015671158621621828}]",{},2426.038761,1a480db47c5efa1cc1a63abf6aef552d6bf21ecebd475a7bc99d509c20d9fb0d,fc61d5cda7da39530055bae9bd0e92865f995cd9,ae41070d268d283dcc283b0aaf9b960eae1f4ddd22d423577b272c18802a3aae
ao_sca,64,10000,205,test,17.35171637133297,17.35171637133297,1.0,True,0.0,4,1634,8,ao_sca_proximal_physical,analytical_ris_equal_allocation,"[1.8379150590566427, 17.278615135652448, 17.34361234775346, 17.35144086931495, 17.35171637133297]","[{""block"": ""rsma"", ""rho"": 1.0, ""gain"": 15.308360866108307}, {""block"": ""star_ris"", ""rho"": 2.0, ""gain"": 0.13233921048749764}, {""block"": ""rsma"", ""rho"": 1.0, ""gain"": 3.552713678800501e-15}, {""block"": ""star_ris"", ""rho"": 16.0, ""gain"": 0.06499721210100873}, {""block"": ""rsma"", ""rho"": 1.0, ""gain"": 0.0}, {""block"": ""star_ris"", ""rho"": 128.0, ""gain"": 0.007828521561489055}, {""block"": ""rsma"", ""rho"": 1.0, ""gain"": 0.0}, {""block"": ""star_ris"", ""rho"": 32.0, ""gain"": 0.0002755020180202905}]",{},873.70111,1a480db47c5efa1cc1a63abf6aef552d6bf21ecebd475a7bc99d509c20d9fb0d,fc61d5cda7da39530055bae9bd0e92865f995cd9,ae41070d268d283dcc283b0aaf9b960eae1f4ddd22d423577b272c18802a3aae
ao_sca,64,10000,206,test,17.699451451626224,17.699451451626224,1.0,True,0.0,9,3652,15,ao_sca_proximal_physical,analytical_ris_equal_allocation,"[1.837886514080058, 16.823830058086333, 17.033354558405403, 17.07142677611295, 17.31821392875284, 17.3551814680936, 17.60120066432629, 17.603764531120927, 17.699365460037328, 17.699451451626224]","[{""block"": ""rsma"", ""rho"": 1.0, ""gain"": 14.949742999087661}, {""block"": ""star_ris"", ""rho"": 2.0, ""gain"": 0.03620054491861424}, {""block"": ""rsma"", ""rho"": 1.0, ""gain"": 0.0}, {""block"": ""star_ris"", ""rho"": 1.0, ""gain"": 0.20952450031906977}, {""block"": ""rsma"", ""rho"": 1.0, ""gain"": 0.0}, {""block"": ""star_ris"", ""rho"": 2.0, ""gain"": 0.03807221770754765}, {""block"": ""rsma"", ""rho"": 1.0, ""gain"": 0.0}, {""block"": ""star_ris"", ""rho"": 1.0, ""gain"": 0.24678715263988948}, {""block"": ""rsma"", ""rho"": 1.0, ""gain"": 0.0}, {""block"": ""star_ris"", ""rho"": 2.0, ""gain"": 0.036967539340761135}, {""block"": ""rsma"", ""rho"": 1.0, ""gain"": 3.552713678800501e-15}, {""block"": ""star_ris"", ""rho"": 1.0, ""gain"": 0.24601919623268387}, {""block"": ""rsma"", ""rho"": 1.0, ""gain"": 0.0}, {""block"": ""star_ris"", ""rho"": 4.0, ""gain"": 0.002563866794638159}, {""block"": ""rsma"", ""rho"": 1.0, ""gain"": 0.0}, {""block"": ""star_ris"", ""rho"": 2.0, ""gain"": 0.09560092891640082}, {""block"": ""rsma"", ""rho"": 1.0, ""gain"": 0.0}, {""block"": ""star_ris"", ""rho"": 512.0, ""gain"": 8.599158889666114e-05}]",{},2025.122479,1a480db47c5efa1cc1a63abf6aef552d6bf21ecebd475a7bc99d509c20d9fb0d,fc61d5cda7da39530055bae9bd0e92865f995cd9,ae41070d268d283dcc283b0aaf9b960eae1f4ddd22d423577b272c18802a3aae
ao_sca,64,10000,207,test,17.219423907739436,17.219423907739436,1.0,True,0.0,4,1622,8,ao_sca_proximal_physical,analytical_ris_equal_allocation,"[1.8378924209734109, 17.142741737011217, 17.15016122982488, 17.219154627757078, 17.219423907739436]","[{""block"": ""rsma"", ""rho"": 1.0, ""gain"": 15.303598988366481}, {""block"": ""star_ris"", ""rho"": 4.0, ""gain"": 0.0012503276713253797}, {""block"": ""rsma"", ""rho"": 1.0, ""gain"": 0.0}, {""block"": ""star_ris"", ""rho"": 1.0, ""gain"": 0.007419492813664164}, {""block"": ""rsma"", ""rho"": 1.0, ""gain"": 0.0}, {""block"": ""star_ris"", ""rho"": 1.0, ""gain"": 0.06899339793219639}, {""block"": ""rsma"", ""rho"": 1.0, ""gain"": 3.552713678800501e-15}, {""block"": ""star_ris"", ""rho"": 8.0, ""gain"": 0.0002692799823549308}]",{},893.244004,1a480db47c5efa1cc1a63abf6aef552d6bf21ecebd475a7bc99d509c20d9fb0d,fc61d5cda7da39530055bae9bd0e92865f995cd9,ae41070d268d283dcc283b0aaf9b960eae1f4ddd22d423577b272c18802a3aae
ao_sca,64,10000,208,test,17.701615528598566,17.701615528598566,1.0,True,0.0,18,7335,31,ao_sca_proximal_physical,analytical_ris_equal_allocation,"[1.837917348457267, 17.402602316097905, 17.44881112185474, 17.45945479915059, 17.49999775928596, 17.506901574125664, 17.622209979794743, 17.63288414733121, 17.636406247856943, 17.63843081069954, 17.643143011928437, 17.649193321289214, 17.66608509792943, 17.683538534484676, 17.691484707943072, 17.69364893754535, 17.69717439473947, 17.700637396553294, 17.701615528598566]","[{""block"": ""rsma"", ""rho"": 1.0, ""gain"": 15.484982918301675}, {""block"": ""star_ris"", ""rho"": 2.0, ""gain"": 0.07970204933896241}, {""block"": ""rsma"", ""rho"": 1.0, ""gain"": 0.0}, {""block"": ""star_ris"", ""rho"": 4.0, ""gain"": 0.046208805756833726}, {""block"": ""rsma"", ""rho"": 1.0, ""gain"": 0.0}, {""block"": ""star_ris"", ""rho"": 8.0, ""gain"": 0.010643677295849585}, {""block"": ""rsma"", ""rho"": 1.0, ""gain"": 3.552713678800501e-15}, {""block"": ""star_ris"", ""rho"": 4.0, ""gain"": 0.040542960135368844}, {""block"": ""rsma"", ""rho"": 1.0, ""gain"": 0.0}, {""block"": ""star_ris"", ""rho"": 4.0, ""gain"": 0.006903814839702704}, {""block"": ""rsma"", ""rho"": 1.0, ""gain"": 0.0}, {""block"": ""star_ris"", ""rho"": 4.0, ""gain"": 0.1153084056690794}, {""block"": ""rsma"", ""rho"": 1.0, ""gain"": 0.0}, {""block"": ""star_ris"", ""rho"": 8.0, ""gain"": 0.010674167536468104}, {""block"": ""rsma"", ""rho"": 1.0, ""gain"": 0.0}, {""block"": ""star_ris"", ""rho"": 16.0, ""gain"": 0.003522100525731986}, {""block"": ""rsma"", ""rho"": 1.0, ""gain"": 0.0}, {""block"": ""star_ris"", ""rho"": 8.0, ""gain"": 0.0020245628425961115}, {""block"": ""rsma"", ""rho"": 1.0, ""gain"": 0.0}, {""block"": ""star_ris"", ""rho"": 128.0, ""gain"": 0.004712201228898039}, {""block"": ""rsma"", ""rho"": 1.0, ""gain"": -3.552713678800501e-15}, {""block"": ""star_ris"", ""rho"": 16.0, ""gain"": 0.006050309360780659}, {""block"": ""rsma"", ""rho"": 1.0, ""gain"": -3.552713678800501e-15}, {""block"": ""star_ris"", ""rho"": 8.0, ""gain"": 0.016891776640218126}, {""block"": ""rsma"", ""rho"": 1.0, ""gain"": 0.0}, {""block"": ""star_ris"", ""rho"": 4.0, ""gain"": 0.017453436555246782}, {""block"": ""rsma"", ""rho"": 1.0, ""gain"": 0.0}, {""block"": ""star_ris"", ""rho"": 64.0, ""gain"": 0.007946173458396544}, {""block"": ""rsma"", ""rho"": 1.0, ""gain"": 0.0}, {""block"": ""star_ris"", ""rho"": 16.0, ""gain"": 0.002164229602279022}, {""block"": ""rsma"", ""rho"": 1.0, ""gain"": 0.0}, {""block"": ""star_ris"", ""rho"": 32.0, ""gain"": 0.0035254571941187862}, {""block"": ""rsma"", ""rho"": 1.0, ""gain"": 0.0}, {""block"": ""star_ris"", ""rho"": 16.0, ""gain"": 0.0034630018138237517}, {""block"": ""rsma"", ""rho"": 1.0, ""gain"": 0.0}, {""block"": ""star_ris"", ""rho"": 32.0, ""gain"": 0.0009781320452724174}]",{},4067.287086,1a480db47c5efa1cc1a63abf6aef552d6bf21ecebd475a7bc99d509c20d9fb0d,fc61d5cda7da39530055bae9bd0e92865f995cd9,ae41070d268d283dcc283b0aaf9b960eae1f4ddd22d423577b272c18802a3aae
ao_sca,64,10000,209,test,17.528487523377045,17.528487523377045,1.0,True,0.0,7,2840,12,ao_sca_proximal_physical,analytical_ris_equal_allocation,"[1.8378502781481665, 16.492377598575914, 17.425539661500064, 17.486988160980683, 17.490728909546473, 17.513329091295226, 17.52683336192204, 17.528487523377045]","[{""block"": ""rsma"", ""rho"": 1.0, ""gain"": 14.485655451160387}, {""block"": ""star_ris"", ""rho"": 1.0, ""gain"": 0.16887186926735964}, {""block"": ""rsma"", ""rho"": 1.0, ""gain"": 0.0}, {""block"": ""star_ris"", ""rho"": 1.0, ""gain"": 0.9331620629241506}, {""block"": ""rsma"", ""rho"": 1.0, ""gain"": -3.552713678800501e-15}, {""block"": ""star_ris"", ""rho"": 16.0, ""gain"": 0.06144849948062259}, {""block"": ""rsma"", ""rho"": 1.0, ""gain"": 0.0}, {""block"": ""star_ris"", ""rho"": 4.0, ""gain"": 0.0037407485657894313}, {""block"": ""rsma"", ""rho"": 1.0, ""gain"": 0.0}, {""block"": ""star_ris"", ""rho"": 4.0, ""gain"": 0.022600181748753556}, {""block"": ""rsma"", ""rho"": 1.0, ""gain"": 3.552713678800501e-15}, {""block"": ""star_ris"", ""rho"": 2.0, ""gain"": 0.013504270626810921}, {""block"": ""rsma"", ""rho"": 1.0, ""gain"": 3.552713678800501e-15}, {""block"": ""star_ris"", ""rho"": 4.0, ""gain"": 0.0016541614550007466}]",{},1524.310545,1a480db47c5efa1cc1a63abf6aef552d6bf21ecebd475a7bc99d509c20d9fb0d,fc61d5cda7da39530055bae9bd0e92865f995cd9,ae41070d268d283dcc283b0aaf9b960eae1f4ddd22d423577b272c18802a3aae
ao_sca,64,10000,210,test,17.730909508420446,17.730909508420446,1.0,True,0.0,20,8142,34,ao_sca_proximal_physical,analytical_ris_equal_allocation,"[1.8378716808575568, 16.616526334057824, 16.747136679692122, 16.777312367232888, 17.004431251789516, 17.102934442192208, 17.149297351785712, 17.154948998859656, 17.23770422790634, 17.40486658945246, 17.54426508773816, 17.56309279015627, 17.595365283048032, 17.606079584955207, 17.614474952937247, 17.622298931779383, 17.639734683744866, 17.66801226121739, 17.71797601178153, 17.72071308155457, 17.730909508420446]","[{""block"": ""rsma"", ""rho"": 1.0, ""gain"": 14.45661758251416}, {""block"": ""star_ris"", ""rho"": 4.0, ""gain"": 0.32203707068610754}, {""block"": ""rsma"", ""rho"": 1.0, ""gain"": 0.0}, {""block"": ""star_ris"", ""rho"": 8.0, ""gain"": 0.13061034563429885}, {""block"": ""rsma"", ""rho"": 1.0, ""gain"": 0.0}, {""block"": ""star_ris"", ""rho"": 32.0, ""gain"": 0.030175687540765495}, {""block"": ""rsma"", ""rho"": 1.0, ""gain"": 0.0}, {""block"": ""star_ris"", ""rho"": 4.0, ""gain"": 0.22711888455662788}, {""block"": ""rsma"", ""rho"": 1.0, ""gain"": 0.0}, {""block"": ""star_ris"", ""rho"": 8.0, ""gain"": 0.09850319040269184}, {""block"": ""rsma"", ""rho"": 1.0, ""gain"": -3.552713678800501e-15}, {""block"": ""star_ris"", ""rho"": 16.0, ""gain"": 0.046362909593508306}, {""block"": ""rsma"", ""rho"": 1.0, ""gain"": 0.0}, {""block"": ""star_ris"", ""rho"": 128.0, ""gain"": 0.005651647073943167}, {""block"": ""rsma"", ""rho"": 1.0, ""gain"": 0.0}, {""block"": ""star_ris"", ""rho"": 1.0, ""gain"": 0.0827552290466862}, {""block"": ""rsma"", ""rho"": 1.0, ""gain"": 0.0}, {""block"": ""star_ris"", ""rho"": 2.0, ""gain"": 0.16716236154611863}, {""block"": ""rsma"", ""rho"": 1.0, ""gain"": 0.0}, {""block"": ""star_ris"", ""rho"": 2.0, ""gain"": 0.1393984982857006}, {""block"": ""rsma"", ""rho"": 1.0, ""gain"": 0.0}, {""block"": ""star_ris"", ""rho"": 32.0, ""gain"": 0.018827702418107606}, {""block"": ""rsma"", ""rho"": 1.0, ""gain"": 0.0}, {""block"": ""star_ris"", ""rho"": 1.0, ""gain"": 0.032272492891763704}, {""block"": ""rsma"", ""rho"": 1.0, ""gain"": 0.0}, {""block"": ""star_ris"", ""rho"": 16.0, ""gain"": 0.010714301907174928}, {""block"": ""rsma"", ""rho"": 1.0, ""gain"": 0.0}, {""block"": ""star_ris"", ""rho"": 32.0, ""gain"": 0.008395367982039659}, {""block"": ""rsma"", ""rho"": 1.0, ""gain"": 0.0}, {""block"": ""star_ris"", ""rho"": 8.0, ""gain"": 0.00782397884213637}, {""block"": ""rsma"", ""rho"": 1.0, ""gain"": 0.0}, {""block"": ""star_ris"", ""rho"": 8.0, ""gain"": 0.017435751965482638}, {""block"": ""rsma"", ""rho"": 1.0, ""gain"": 0.0}, {""block"": ""star_ris"", ""rho"": 4.0, ""gain"": 0.028277577472525905}, {""block"": ""rsma"", ""rho"": 1.0, ""gain"": 0.0}, {""block"": ""star_ris"", ""rho"": 4.0, ""gain"": 0.04996375056413882}, {""block"": ""rsma"", ""rho"": 1.0, ""gain"": 0.0}, {""block"": ""star_ris"", ""rho"": 32.0, ""gain"": 0.002737069773040446}, {""block"": ""rsma"", ""rho"": 1.0, ""gain"": 0.0}, {""block"": ""star_ris"", ""rho"": 16.0, ""gain"": 0.010196426865874741}]",{},4435.459885,1a480db47c5efa1cc1a63abf6aef552d6bf21ecebd475a7bc99d509c20d9fb0d,fc61d5cda7da39530055bae9bd0e92865f995cd9,ae41070d268d283dcc283b0aaf9b960eae1f4ddd22d423577b272c18802a3aae
ao_sca,64,10000,211,test,18.06153966879138,18.06153966879138,1.0,True,0.0,13,5287,24,ao_sca_proximal_physical,analytical_ris_equal_allocation,"[1.8379053279132405, 17.15211683233671, 17.21863923687906, 17.41797681610648, 17.47341650543593, 17.86155753520643, 17.869539334397484, 17.97662452144437, 18.025769849125545, 18.04016274606847, 18.04360515648672, 18.05541424212106, 18.061311084341426, 18.06153966879138]","[{""block"": ""rsma"", ""rho"": 1.0, ""gain"": 15.238099376823953}, {""block"": ""star_ris"", ""rho"": 1.0, ""gain"": 0.07611212759951513}, {""block"": ""rsma"", ""rho"": 1.0, ""gain"": 0.0}, {""block"": ""star_ris"", ""rho"": 1.0, ""gain"": 0.0665224045423507}, {""block"": ""rsma"", ""rho"": 1.0, ""gain"": 0.0}, {""block"": ""star_ris"", ""rho"": 1.0, ""gain"": 0.19933757922742146}, {""block"": ""rsma"", ""rho"": 1.0, ""gain"": 0.0}, {""block"": ""star_ris"", ""rho"": 1.0, ""gain"": 0.055439689329450204}, {""block"": ""rsma"", ""rho"": 1.0, ""gain"": -3.552713678800501e-15}, {""block"": ""star_ris"", ""rho"": 4.0, ""gain"": 0.3881410297705017}, {""block"": ""rsma"", ""rho"": 1.0, ""gain"": 0.0}, {""block"": ""star_ris"", ""rho"": 2.0, ""gain"": 0.007981799191053796}, {""block"": ""rsma"", ""rho"": 1.0, ""gain"": 0.0}, {""block"": ""star_ris"", ""rho"": 8.0, ""gain"": 0.10708518704688785}, {""block"": ""rsma"", ""rho"": 1.0, ""gain"": 0.0}, {""block"": ""star_ris"", ""rho"": 16.0, ""gain"": 0.04914532768117397}, {""block"": ""rsma"", ""rho"": 1.0, ""gain"": 0.0}, {""block"": ""star_ris"", ""rho"": 4.0, ""gain"": 0.014392896942926114}, {""block"": ""rsma"", ""rho"": 1.0, ""gain"": 0.0}, {""block"": ""star_ris"", ""rho"": 16.0, ""gain"": 0.0034424104182484427}, {""block"": ""rsma"", ""rho"": 1.0, ""gain"": 0.0}, {""block"": ""star_ris"", ""rho"": 32.0, ""gain"": 0.011809085634340022}, {""block"": ""rsma"", ""rho"": 1.0, ""gain"": 0.0}, {""block"": ""star_ris"", ""rho"": 16.0, ""gain"": 0.0058968422203662385}, {""block"": ""rsma"", ""rho"": 1.0, ""gain"": -3.552713678800501e-15}, {""block"": ""star_ris"", ""rho"": 512.0, ""gain"": 0.00022858444995677019}]",{},2888.936035,1a480db47c5efa1cc1a63abf6aef552d6bf21ecebd475a7bc99d509c20d9fb0d,fc61d5cda7da39530055bae9bd0e92865f995cd9,ae41070d268d283dcc283b0aaf9b960eae1f4ddd22d423577b272c18802a3aae
ao_sca,64,10000,212,test,17.46892992115631,17.46892992115631,1.0,True,0.0,5,2036,10,ao_sca_proximal_physical,analytical_ris_equal_allocation,"[1.8379104518943001, 17.214337787992385, 17.35598209319647, 17.46189954031325, 17.46814436990808, 17.46892992115631]","[{""block"": ""rsma"", ""rho"": 1.0, ""gain"": 15.021811547133732}, {""block"": ""star_ris"", ""rho"": 2.0, ""gain"": 0.3546157889643524}, {""block"": ""rsma"", ""rho"": 1.0, ""gain"": 7.105427357601002e-15}, {""block"": ""star_ris"", ""rho"": 2.0, ""gain"": 0.14164430520407834}, {""block"": ""rsma"", ""rho"": 1.0, ""gain"": 0.0}, {""block"": ""star_ris"", ""rho"": 8.0, ""gain"": 0.10591744711678075}, {""block"": ""rsma"", ""rho"": 1.0, ""gain"": 3.552713678800501e-15}, {""block"": ""star_ris"", ""rho"": 128.0, ""gain"": 0.006244829594827195}, {""block"": ""rsma"", ""rho"": 1.0, ""gain"": 0.0}, {""block"": ""star_ris"", ""rho"": 8.0, ""gain"": 0.0007855512482279892}]",{},1064.325143,1a480db47c5efa1cc1a63abf6aef552d6bf21ecebd475a7bc99d509c20d9fb0d,fc61d5cda7da39530055bae9bd0e92865f995cd9,ae41070d268d283dcc283b0aaf9b960eae1f4ddd22d423577b272c18802a3aae
ao_sca,64,10000,213,test,17.480457982295675,17.480457982295675,1.0,True,0.0,10,4063,15,ao_sca_proximal_physical,analytical_ris_equal_allocation,"[1.8378601001490658, 16.99022190414884, 17.02495149710783, 17.12910545483191, 17.135304303096074, 17.15087278741772, 17.25341898850009, 17.26073942951475, 17.39903415790191, 17.48016417370515, 17.480457982295675]","[{""block"": ""rsma"", ""rho"": 1.0, ""gain"": 14.747557666060423}, {""block"": ""star_ris"", ""rho"": 1.0, ""gain"": 0.404804137939351}, {""block"": ""rsma"", ""rho"": 1.0, ""gain"": 0.0}, {""block"": ""star_ris"", ""rho"": 2.0, ""gain"": 0.03472959295898903}, {""block"": ""rsma"", ""rho"": 1.0, ""gain"": 0.0}, {""block"": ""star_ris"", ""rho"": 8.0, ""gain"": 0.10415395772408331}, {""block"": ""rsma"", ""rho"": 1.0, ""gain"": 0.0}, {""block"": ""star_ris"", ""rho"": 16.0, ""gain"": 0.006198848264162393}, {""block"": ""rsma"", ""rho"": 1.0, ""gain"": 0.0}, {""block"": ""star_ris"", ""rho"": 8.0, ""gain"": 0.01556848432164415}, {""block"": ""rsma"", ""rho"": 1.0, ""gain"": 0.0}, {""block"": ""star_ris"", ""rho"": 2.0, ""gain"": 0.10254620108237233}, {""block"": ""rsma"", ""rho"": 1.0, ""gain"": -3.552713678800501e-15}, {""block"": ""star_ris"", ""rho"": 2.0, ""gain"": 0.007320441014663004}, {""block"": ""rsma"", ""rho"": 1.0, ""gain"": 0.0}, {""block"": ""star_ris"", ""rho"": 1.0, ""gain"": 0.13829472838715873}, {""block"": ""rsma"", ""rho"": 1.0, ""gain"": 0.0}, {""block"": ""star_ris"", ""rho"": 8.0, ""gain"": 0.08113001580323953}, {""block"": ""rsma"", ""rho"": 1.0, ""gain"": 0.0}, {""block"": ""star_ris"", ""rho"": 64.0, ""gain"": 0.0002938085905270782}]",{},2172.493111,1a480db47c5efa1cc1a63abf6aef552d6bf21ecebd475a7bc99d509c20d9fb0d,fc61d5cda7da39530055bae9bd0e92865f995cd9,ae41070d268d283dcc283b0aaf9b960eae1f4ddd22d423577b272c18802a3aae
ao_sca,64,10000,214,test,17.674007333313675,17.674007333313675,1.0,True,0.0,20,8148,33,ao_sca_proximal_physical,analytical_ris_equal_allocation,"[1.8378562680538253, 16.542336533728893, 16.56420842908798, 16.797183078583707, 16.9825973094655, 17.084312522065076, 17.100409916315087, 17.1407956115354, 17.187047592443115, 17.595796547609375, 17.6044047987045, 17.610943809640997, 17.624844431145256, 17.630238923264738, 17.63686690171383, 17.640992752650988, 17.645722749844253, 17.651381253621405, 17.658072557386838, 17.663791856879552, 17.674007333313675]","[{""block"": ""rsma"", ""rho"": 1.0, ""gain"": 14.611954797410535}, {""block"": ""star_ris"", ""rho"": 16.0, ""gain"": 0.09252546826453312}, {""block"": ""rsma"", ""rho"": 1.0, ""gain"": 0.0}, {""block"": ""star_ris"", ""rho"": 64.0, ""gain"": 0.02187189535908729}, {""block"": ""rsma"", ""rho"": 1.0, ""gain"": 0.0}, {""block"": ""star_ris"", ""rho"": 2.0, ""gain"": 0.232974649495727}, {""block"": ""rsma"", ""rho"": 1.0, ""gain"": 0.0}, {""block"": ""star_ris"", ""rho"": 1.0, ""gain"": 0.18541423088179343}, {""block"": ""rsma"", ""rho"": 1.0, ""gain"": 0.0}, {""block"": ""star_ris"", ""rho"": 8.0, ""gain"": 0.10171521259957572}, {""block"": ""rsma"", ""rho"": 1.0, ""gain"": 0.0}, {""block"": ""star_ris"", ""rho"": 4.0, ""gain"": 0.016097394250010666}, {""block"": ""rsma"", ""rho"": 1.0, ""gain"": 0.0}, {""block"": ""star_ris"", ""rho"": 32.0, ""gain"": 0.0403856952203121}, {""block"": ""rsma"", ""rho"": 1.0, ""gain"": 0.0}, {""block"": ""star_ris"", ""rho"": 2.0, ""gain"": 0.04625198090771576}, {""block"": ""rsma"", ""rho"": 1.0, ""gain"": -3.552713678800501e-15}, {""block"": ""star_ris"", ""rho"": 2.0, ""gain"": 0.40874895516626353}, {""block"": ""rsma"", ""rho"": 1.0, ""gain"": -3.552713678800501e-15}, {""block"": ""star_ris"", ""rho"": 16.0, ""gain"": 0.008608251095129305}, {""block"": ""rsma"", ""rho"": 1.0, ""gain"": 0.0}, {""block"": ""star_ris"", ""rho"": 8.0, ""gain"": 0.006539010936496226}, {""block"": ""rsma"", ""rho"": 1.0, ""gain"": 0.0}, {""block"": ""star_ris"", ""rho"": 64.0, ""gain"": 0.013900621504259192}, {""block"": ""rsma"", ""rho"": 1.0, ""gain"": 0.0}, {""block"": ""star_ris"", ""rho"": 32.0, ""gain"": 0.005394492119481953}, {""block"": ""rsma"", ""rho"": 1.0, ""gain"": 0.0}, {""block"": ""star_ris"", ""rho"": 16.0, ""gain"": 0.006627978449092353}, {""block"": ""rsma"", ""rho"": 1.0, ""gain"": 0.0}, {""block"": ""star_ris"", ""rho"": 4.0, ""gain"": 0.004125850937157338}, {""block"": ""rsma"", ""rho"": 1.0, ""gain"": 7.105427357601002e-15}, {""block"": ""star_ris"", ""rho"": 32.0, ""gain"": 0.004729997193258839}, {""block"": ""rsma"", ""rho"": 1.0, ""gain"": 0.0}, {""block"": ""star_ris"", ""rho"": 64.0, ""gain"": 0.005658503777151935}, {""block"": ""rsma"", ""rho"": 1.0, ""gain"": 0.0}, {""block"": ""star_ris"", ""rho"": 4.0, ""gain"": 0.006691303765432366}, {""block"": ""rsma"", ""rho"": 1.0, ""gain"": -3.552713678800501e-15}, {""block"": ""star_ris"", ""rho"": 16.0, ""gain"": 0.0057192994927177665}, {""block"": ""rsma"", ""rho"": 1.0, ""gain"": 0.0}, {""block"": ""star_ris"", ""rho"": 8.0, ""gain"": 0.010215476434122905}]",{},4293.004969,1a480db47c5efa1cc1a63abf6aef552d6bf21ecebd475a7bc99d509c20d9fb0d,fc61d5cda7da39530055bae9bd0e92865f995cd9,ae41070d268d283dcc283b0aaf9b960eae1f4ddd22d423577b272c18802a3aae
ao_sca,64,10000,215,test,17.706961141057082,17.706961141057082,1.0,True,0.0,11,4480,20,ao_sca_proximal_physical,analytical_ris_equal_allocation,"[1.8378880658962822, 17.208000146746283, 17.310931179766648, 17.525073880058518, 17.546965848840763, 17.618072696175595, 17.65585821562994, 17.680757996744358, 17.69284395317647, 17.69583658896759, 17.70615207277055, 17.706961141057082]","[{""block"": ""rsma"", ""rho"": 1.0, ""gain"": 14.685291385170045}, {""block"": ""star_ris"", ""rho"": 2.0, ""gain"": 0.6848206956799565}, {""block"": ""rsma"", ""rho"": 1.0, ""gain"": 3.552713678800501e-15}, {""block"": ""star_ris"", ""rho"": 4.0, ""gain"": 0.10293103302036144}, {""block"": ""rsma"", ""rho"": 1.0, ""gain"": -3.552713678800501e-15}, {""block"": ""star_ris"", ""rho"": 4.0, ""gain"": 0.2141427002918732}, {""block"": ""rsma"", ""rho"": 1.0, ""gain"": 3.552713678800501e-15}, {""block"": ""star_ris"", ""rho"": 8.0, ""gain"": 0.02189196878224209}, {""block"": ""rsma"", ""rho"": 1.0, ""gain"": 0.0}, {""block"": ""star_ris"", ""rho"": 8.0, ""gain"": 0.07110684733483197}, {""block"": ""rsma"", ""rho"": 1.0, ""gain"": -3.552713678800501e-15}, {""block"": ""star_ris"", ""rho"": 16.0, ""gain"": 0.03778551945434927}, {""block"": ""rsma"", ""rho"": 1.0, ""gain"": 0.0}, {""block"": ""star_ris"", ""rho"": 2.0, ""gain"": 0.024899781114417152}, {""block"": ""rsma"", ""rho"": 1.0, ""gain"": 0.0}, {""block"": ""star_ris"", ""rho"": 64.0, ""gain"": 0.012085956432112965}, {""block"": ""rsma"", ""rho"": 1.0, ""gain"": 0.0}, {""block"": ""star_ris"", ""rho"": 256.0, ""gain"": 0.0029926357911200796}, {""block"": ""rsma"", ""rho"": 1.0, ""gain"": 3.552713678800501e-15}, {""block"": ""star_ris"", ""rho"": 2.0, ""gain"": 0.010315483802955328}, {""block"": ""rsma"", ""rho"": 1.0, ""gain"": 0.0}, {""block"": ""star_ris"", ""rho"": 16.0, ""gain"": 0.0008090682865322663}]",{},2406.658019,1a480db47c5efa1cc1a63abf6aef552d6bf21ecebd475a7bc99d509c20d9fb0d,fc61d5cda7da39530055bae9bd0e92865f995cd9,ae41070d268d283dcc283b0aaf9b960eae1f4ddd22d423577b272c18802a3aae
ao_sca,64,10000,216,test,18.35375212943838,18.35375212943838,1.0,True,0.0,11,4473,21,ao_sca_proximal_physical,analytical_ris_equal_allocation,"[1.837939910761797, 17.171185326147015, 18.047363241400756, 18.049442963514934, 18.1261048011836, 18.147059852336135, 18.19867037357191, 18.24343222518774, 18.297895427306432, 18.33398945776297, 18.3535912728876, 18.35375212943838]","[{""block"": ""rsma"", ""rho"": 1.0, ""gain"": 14.993969398057239}, {""block"": ""star_ris"", ""rho"": 4.0, ""gain"": 0.33927601732797896}, {""block"": ""rsma"", ""rho"": 1.0, ""gain"": 0.0}, {""block"": ""star_ris"", ""rho"": 1.0, ""gain"": 0.8761779152537414}, {""block"": ""rsma"", ""rho"": 1.0, ""gain"": 0.0}, {""block"": ""star_ris"", ""rho"": 2.0, ""gain"": 0.002079722114178395}, {""block"": ""rsma"", ""rho"": 1.0, ""gain"": 0.0}, {""block"": ""star_ris"", ""rho"": 8.0, ""gain"": 0.07666183766866652}, {""block"": ""rsma"", ""rho"": 1.0, ""gain"": 0.0}, {""block"": ""star_ris"", ""rho"": 4.0, ""gain"": 0.0209550511525336}, {""block"": ""rsma"", ""rho"": 1.0, ""gain"": 0.0}, {""block"": ""star_ris"", ""rho"": 2.0, ""gain"": 0.051610521235776474}, {""block"": ""rsma"", ""rho"": 1.0, ""gain"": -3.552713678800501e-15}, {""block"": ""star_ris"", ""rho"": 2.0, ""gain"": 0.04476185161583146}, {""block"": ""rsma"", ""rho"": 1.0, ""gain"": 0.0}, {""block"": ""star_ris"", ""rho"": 8.0, ""gain"": 0.05446320211869349}, {""block"": ""rsma"", ""rho"": 1.0, ""gain"": 0.0}, {""block"": ""star_ris"", ""rho"": 16.0, ""gain"": 0.03609403045653892}, {""block"": ""rsma"", ""rho"": 1.0, ""gain"": 0.0}, {""block"": ""star_ris"", ""rho"": 32.0, ""gain"": 0.01960181512462711}, {""block"": ""rsma"", ""rho"": 1.0, ""gain"": 0.0}, {""block"": ""star_ris"", ""rho"": 64.0, ""gain"": 0.00016085655078157401}]",{},2387.842489,1a480db47c5efa1cc1a63abf6aef552d6bf21ecebd475a7bc99d509c20d9fb0d,fc61d5cda7da39530055bae9bd0e92865f995cd9,ae41070d268d283dcc283b0aaf9b960eae1f4ddd22d423577b272c18802a3aae
ao_sca,64,10000,217,test,17.596061085563548,17.596061085563548,1.0,True,0.0,10,4071,17,ao_sca_proximal_physical,analytical_ris_equal_allocation,"[1.8379048921691232, 17.152813427327168, 17.31276654754496, 17.325293940104235, 17.376041556581278, 17.429388160182633, 17.461195481401173, 17.549254239101128, 17.59063851928379, 17.595912741909018, 17.596061085563548]","[{""block"": ""rsma"", ""rho"": 1.0, ""gain"": 15.034263111756383}, {""block"": ""star_ris"", ""rho"": 2.0, ""gain"": 0.280645423401662}, {""block"": ""rsma"", ""rho"": 1.0, ""gain"": 0.0}, {""block"": ""star_ris"", ""rho"": 1.0, ""gain"": 0.15995312021779284}, {""block"": ""rsma"", ""rho"": 1.0, ""gain"": -3.552713678800501e-15}, {""block"": ""star_ris"", ""rho"": 8.0, ""gain"": 0.012527392559277928}, {""block"": ""rsma"", ""rho"": 1.0, ""gain"": 3.552713678800501e-15}, {""block"": ""star_ris"", ""rho"": 4.0, ""gain"": 0.050747616477039514}, {""block"": ""rsma"", ""rho"": 1.0, ""gain"": 0.0}, {""block"": ""star_ris"", ""rho"": 16.0, ""gain"": 0.053346603601355014}, {""block"": ""rsma"", ""rho"": 1.0, ""gain"": -3.552713678800501e-15}, {""block"": ""star_ris"", ""rho"": 4.0, ""gain"": 0.031807321218543905}, {""block"": ""rsma"", ""rho"": 1.0, ""gain"": 0.0}, {""block"": ""star_ris"", ""rho"": 8.0, ""gain"": 0.08805875769995453}, {""block"": ""rsma"", ""rho"": 1.0, ""gain"": 0.0}, {""block"": ""star_ris"", ""rho"": 16.0, ""gain"": 0.041384280182661826}, {""block"": ""rsma"", ""rho"": 1.0, ""gain"": 0.0}, {""block"": ""star_ris"", ""rho"": 64.0, ""gain"": 0.005274222625228475}, {""block"": ""rsma"", ""rho"": 1.0, ""gain"": 0.0}, {""block"": ""star_ris"", ""rho"": 32.0, ""gain"": 0.000148343654529981}]",{},2122.803696,1a480db47c5efa1cc1a63abf6aef552d6bf21ecebd475a7bc99d509c20d9fb0d,fc61d5cda7da39530055bae9bd0e92865f995cd9,ae41070d268d283dcc283b0aaf9b960eae1f4ddd22d423577b272c18802a3aae
ao_sca,64,10000,218,test,16.886238794924076,16.886238794924076,1.0,True,0.0,3,1226,5,ao_sca_proximal_physical,analytical_ris_equal_allocation,"[1.8378845433110877, 16.88236640823367, 16.885602846955845, 16.886238794924076]","[{""block"": ""rsma"", ""rho"": 1.0, ""gain"": 14.898450361963391}, {""block"": ""star_ris"", ""rho"": 8.0, ""gain"": 0.14603150295918965}, {""block"": ""rsma"", ""rho"": 1.0, ""gain"": 0.0}, {""block"": ""star_ris"", ""rho"": 64.0, ""gain"": 0.0032364387221761604}, {""block"": ""rsma"", ""rho"": 1.0, ""gain"": 0.0}, {""block"": ""star_ris"", ""rho"": 16.0, ""gain"": 0.0006359479682309654}]",{},650.117559,1a480db47c5efa1cc1a63abf6aef552d6bf21ecebd475a7bc99d509c20d9fb0d,fc61d5cda7da39530055bae9bd0e92865f995cd9,ae41070d268d283dcc283b0aaf9b960eae1f4ddd22d423577b272c18802a3aae
ao_sca,64,10000,219,test,17.509714455063556,17.509714455063556,1.0,True,0.0,8,3252,16,ao_sca_proximal_physical,analytical_ris_equal_allocation,"[1.8378716348628128, 16.631323621333372, 16.837971564132303, 17.052283766789316, 17.20822687867447, 17.285659268865306, 17.489584516106024, 17.508233757780282, 17.509714455063556]","[{""block"": ""rsma"", ""rho"": 1.0, ""gain"": 14.779743409812683}, {""block"": ""star_ris"", ""rho"": 4.0, ""gain"": 0.013708576657876392}, {""block"": ""rsma"", ""rho"": 1.0, ""gain"": 0.0}, {""block"": ""star_ris"", ""rho"": 1.0, ""gain"": 0.20664794279893073}, {""block"": ""rsma"", ""rho"": 1.0, ""gain"": 0.0}, {""block"": ""star_ris"", ""rho"": 2.0, ""gain"": 0.21431220265701256}, {""block"": ""rsma"", ""rho"": 1.0, ""gain"": 0.0}, {""block"": ""star_ris"", ""rho"": 2.0, ""gain"": 0.1559431118851542}, {""block"": ""rsma"", ""rho"": 1.0, ""gain"": 3.552713678800501e-15}, {""block"": ""star_ris"", ""rho"": 2.0, ""gain"": 0.07743239019083248}, {""block"": ""rsma"", ""rho"": 1.0, ""gain"": -3.552713678800501e-15}, {""block"": ""star_ris"", ""rho"": 1.0, ""gain"": 0.20392524724072203}, {""block"": ""rsma"", ""rho"": 1.0, ""gain"": 0.0}, {""block"": ""star_ris"", ""rho"": 128.0, ""gain"": 0.01864924167425741}, {""block"": ""rsma"", ""rho"": 1.0, ""gain"": 0.0}, {""block"": ""star_ris"", ""rho"": 128.0, ""gain"": 0.001480697283273713}]",{},1752.725825,1a480db47c5efa1cc1a63abf6aef552d6bf21ecebd475a7bc99d509c20d9fb0d,fc61d5cda7da39530055bae9bd0e92865f995cd9,ae41070d268d283dcc283b0aaf9b960eae1f4ddd22d423577b272c18802a3aae
ao_sca,64,10000,220,test,17.927119256170208,17.927119256170208,1.0,True,0.0,14,5703,27,ao_sca_proximal_physical,analytical_ris_equal_allocation,"[1.8379139358939969, 17.22034778154012, 17.366703929960998, 17.43098464663032, 17.46142724920637, 17.4688616963015, 17.790331622852335, 17.80532185025826, 17.81124615809734, 17.824324019487612, 17.835239634380418, 17.887316807954473, 17.9041942446945, 17.92668215502079, 17.927119256170208]","[{""block"": ""rsma"", ""rho"": 1.0, ""gain"": 15.089157383780798}, {""block"": ""star_ris"", ""rho"": 1.0, ""gain"": 0.2932764618653252}, {""block"": ""rsma"", ""rho"": 1.0, ""gain"": 0.0}, {""block"": ""star_ris"", ""rho"": 8.0, ""gain"": 0.14635614842087818}, {""block"": ""rsma"", ""rho"": 1.0, ""gain"": 0.0}, {""block"": ""star_ris"", ""rho"": 16.0, ""gain"": 0.06428071666932311}, {""block"": ""rsma"", ""rho"": 1.0, ""gain"": 0.0}, {""block"": ""star_ris"", ""rho"": 32.0, ""gain"": 0.030442602576048472}, {""block"": ""rsma"", ""rho"": 1.0, ""gain"": 0.0}, {""block"": ""star_ris"", ""rho"": 128.0, ""gain"": 0.00743444709512886}, {""block"": ""rsma"", ""rho"": 1.0, ""gain"": 3.552713678800501e-15}, {""block"": ""star_ris"", ""rho"": 2.0, ""gain"": 0.32146992655083295}, {""block"": ""rsma"", ""rho"": 1.0, ""gain"": 0.0}, {""block"": ""star_ris"", ""rho"": 4.0, ""gain"": 0.014990227405924372}, {""block"": ""rsma"", ""rho"": 1.0, ""gain"": 0.0}, {""block"": ""star_ris"", ""rho"": 16.0, ""gain"": 0.005924307839080711}, {""block"": ""rsma"", ""rho"": 1.0, ""gain"": -3.552713678800501e-15}, {""block"": ""star_ris"", ""rho"": 8.0, ""gain"": 0.013077861390275558}, {""block"": ""rsma"", ""rho"": 1.0, ""gain"": 0.0}, {""block"": ""star_ris"", ""rho"": 4.0, ""gain"": 0.010915614892805792}, {""block"": ""rsma"", ""rho"": 1.0, ""gain"": 0.0}, {""block"": ""star_ris"", ""rho"": 4.0, ""gain"": 0.05207717357405528}, {""block"": ""rsma"", ""rho"": 1.0, ""gain"": -3.552713678800501e-15}, {""block"": ""star_ris"", ""rho"": 32.0, ""gain"": 0.016877436740031726}, {""block"": ""rsma"", ""rho"": 1.0, ""gain"": 0.0}, {""block"": ""star_ris"", ""rho"": 4.0, ""gain"": 0.022487910326287164}, {""block"": ""rsma"", ""rho"": 1.0, ""gain"": -3.552713678800501e-15}, {""block"": ""star_ris"", ""rho"": 64.0, ""gain"": 0.00043710114942285827}]",{},3100.615502,1a480db47c5efa1cc1a63abf6aef552d6bf21ecebd475a7bc99d509c20d9fb0d,fc61d5cda7da39530055bae9bd0e92865f995cd9,ae41070d268d283dcc283b0aaf9b960eae1f4ddd22d423577b272c18802a3aae
ao_sca,64,10000,221,test,17.71382491533186,17.71382491533186,1.0,True,0.0,16,6518,27,ao_sca_proximal_physical,analytical_ris_equal_allocation,"[1.8378883989196744, 17.06590288858751, 17.249078376159257, 17.2644027600366, 17.305101194274044, 17.324963314407892, 17.367908991178115, 17.595459621701657, 17.683361688653463, 17.686406957606284, 17.689019064781608, 17.691971708850495, 17.6973088638001, 17.701967433331777, 17.70441073362561, 17.71341867231993, 17.71382491533186]","[{""block"": ""rsma"", ""rho"": 1.0, ""gain"": 14.6935502507988}, {""block"": ""star_ris"", ""rho"": 2.0, ""gain"": 0.5344642388690346}, {""block"": ""rsma"", ""rho"": 1.0, ""gain"": 0.0}, {""block"": ""star_ris"", ""rho"": 2.0, ""gain"": 0.18317548757174862}, {""block"": ""rsma"", ""rho"": 1.0, ""gain"": 3.552713678800501e-15}, {""block"": ""star_ris"", ""rho"": 1.0, ""gain"": 0.015324383877338477}, {""block"": ""rsma"", ""rho"": 1.0, ""gain"": 0.0}, {""block"": ""star_ris"", ""rho"": 16.0, ""gain"": 0.040698434237445014}, {""block"": ""rsma"", ""rho"": 1.0, ""gain"": 0.0}, {""block"": ""star_ris"", ""rho"": 32.0, ""gain"": 0.019862120133847583}, {""block"": ""rsma"", ""rho"": 1.0, ""gain"": -3.552713678800501e-15}, {""block"": ""star_ris"", ""rho"": 1.0, ""gain"": 0.04294567677022698}, {""block"": ""rsma"", ""rho"": 1.0, ""gain"": 0.0}, {""block"": ""star_ris"", ""rho"": 2.0, ""gain"": 0.22755063052354174}, {""block"": ""rsma"", ""rho"": 1.0, ""gain"": -3.552713678800501e-15}, {""block"": ""star_ris"", ""rho"": 16.0, ""gain"": 0.08790206695180913}, {""block"": ""rsma"", ""rho"": 1.0, ""gain"": 0.0}, {""block"": ""star_ris"", ""rho"": 64.0, ""gain"": 0.0030452689528210897}, {""block"": ""rsma"", ""rho"": 1.0, ""gain"": 0.0}, {""block"": ""star_ris"", ""rho"": 64.0, ""gain"": 0.0026121071753237857}, {""block"": ""rsma"", ""rho"": 1.0, ""gain"": 0.0}, {""block"": ""star_ris"", ""rho"": 32.0, ""gain"": 0.002952644068887622}, {""block"": ""rsma"", ""rho"": 1.0, ""gain"": 0.0}, {""block"": ""star_ris"", ""rho"": 32.0, ""gain"": 0.005337154949604184}, {""block"": ""rsma"", ""rho"": 1.0, ""gain"": 0.0}, {""block"": ""star_ris"", ""rho"": 16.0, ""gain"": 0.00465856953167787}, {""block"": ""rsma"", ""rho"": 1.0, ""gain"": 3.552713678800501e-15}, {""block"": ""star_ris"", ""rho"": 8.0, ""gain"": 0.0024433002938302195}, {""block"": ""rsma"", ""rho"": 1.0, ""gain"": 0.0}, {""block"": ""star_ris"", ""rho"": 32.0, ""gain"": 0.009007938694317374}, {""block"": ""rsma"", ""rho"": 1.0, ""gain"": 3.552713678800501e-15}, {""block"": ""star_ris"", ""rho"": 8.0, ""gain"": 0.00040624301192693224}]",{},3475.528107,1a480db47c5efa1cc1a63abf6aef552d6bf21ecebd475a7bc99d509c20d9fb0d,fc61d5cda7da39530055bae9bd0e92865f995cd9,ae41070d268d283dcc283b0aaf9b960eae1f4ddd22d423577b272c18802a3aae
ao_sca,64,10000,222,test,18.36054125751692,18.36054125751692,1.0,True,0.0,11,4466,21,ao_sca_proximal_physical,analytical_ris_equal_allocation,"[1.8379308274278636, 17.3825000519781, 17.60100173876542, 17.6546346789431, 17.72444871918528, 17.98506574265756, 18.07240295858173, 18.164902156605205, 18.23714891026732, 18.352170497740865, 18.35945292650946, 18.36054125751692]","[{""block"": ""rsma"", ""rho"": 1.0, ""gain"": 14.982272676587295}, {""block"": ""star_ris"", ""rho"": 1.0, ""gain"": 0.5622965479629407}, {""block"": ""rsma"", ""rho"": 1.0, ""gain"": -3.552713678800501e-15}, {""block"": ""star_ris"", ""rho"": 1.0, ""gain"": 0.21850168678732373}, {""block"": ""rsma"", ""rho"": 1.0, ""gain"": 0.0}, {""block"": ""star_ris"", ""rho"": 16.0, ""gain"": 0.05363294017768183}, {""block"": ""rsma"", ""rho"": 1.0, ""gain"": 0.0}, {""block"": ""star_ris"", ""rho"": 2.0, ""gain"": 0.06981404024217852}, {""block"": ""rsma"", ""rho"": 1.0, ""gain"": 0.0}, {""block"": ""star_ris"", ""rho"": 1.0, ""gain"": 0.2606170234722818}, {""block"": ""rsma"", ""rho"": 1.0, ""gain"": 0.0}, {""block"": ""star_ris"", ""rho"": 2.0, ""gain"": 0.08733721592416899}, {""block"": ""rsma"", ""rho"": 1.0, ""gain"": 0.0}, {""block"": ""star_ris"", ""rho"": 2.0, ""gain"": 0.09249919802347506}, {""block"": ""rsma"", ""rho"": 1.0, ""gain"": 0.0}, {""block"": ""star_ris"", ""rho"": 1.0, ""gain"": 0.07224675366211386}, {""block"": ""rsma"", ""rho"": 1.0, ""gain"": 3.552713678800501e-15}, {""block"": ""star_ris"", ""rho"": 2.0, ""gain"": 0.1150215874735423}, {""block"": ""rsma"", ""rho"": 1.0, ""gain"": 0.0}, {""block"": ""star_ris"", ""rho"": 2.0, ""gain"": 0.007282428768593974}, {""block"": ""rsma"", ""rho"": 1.0, ""gain"": 0.0}, {""block"": ""star_ris"", ""rho"": 4096.0, ""gain"": 0.0010883310074625285}]",{},2338.626947,1a480db47c5efa1cc1a63abf6aef552d6bf21ecebd475a7bc99d509c20d9fb0d,fc61d5cda7da39530055bae9bd0e92865f995cd9,ae41070d268d283dcc283b0aaf9b960eae1f4ddd22d423577b272c18802a3aae
ao_sca,64,10000,223,test,17.49180782584201,17.49180782584201,1.0,True,0.0,2,812,4,ao_sca_proximal_physical,analytical_ris_equal_allocation,"[1.8379222926135683, 17.490149203793063, 17.49180782584201]","[{""block"": ""rsma"", ""rho"": 1.0, ""gain"": 15.286321794172538}, {""block"": ""star_ris"", ""rho"": 2.0, ""gain"": 0.3659051170069567}, {""block"": ""rsma"", ""rho"": 1.0, ""gain"": -3.552713678800501e-15}, {""block"": ""star_ris"", ""rho"": 4.0, ""gain"": 0.0016586220489500647}]",{},419.438957,1a480db47c5efa1cc1a63abf6aef552d6bf21ecebd475a7bc99d509c20d9fb0d,fc61d5cda7da39530055bae9bd0e92865f995cd9,ae41070d268d283dcc283b0aaf9b960eae1f4ddd22d423577b272c18802a3aae
ao_sca,64,10000,224,test,17.365456634146824,17.365456634146824,1.0,True,0.0,9,3651,17,ao_sca_proximal_physical,analytical_ris_equal_allocation,"[1.8378755124687025, 16.95021880342111, 17.23388062955467, 17.243284797898042, 17.263464499085096, 17.301375472634152, 17.308016396212196, 17.356609009525613, 17.364364603354602, 17.365456634146824]","[{""block"": ""rsma"", ""rho"": 1.0, ""gain"": 14.622628347513732}, {""block"": ""star_ris"", ""rho"": 1.0, ""gain"": 0.48971494343867406}, {""block"": ""rsma"", ""rho"": 1.0, ""gain"": 0.0}, {""block"": ""star_ris"", ""rho"": 1.0, ""gain"": 0.28366182613356017}, {""block"": ""rsma"", ""rho"": 1.0, ""gain"": 0.0}, {""block"": ""star_ris"", ""rho"": 8.0, ""gain"": 0.009404168343372987}, {""block"": ""rsma"", ""rho"": 1.0, ""gain"": -7.105427357601002e-15}, {""block"": ""star_ris"", ""rho"": 4.0, ""gain"": 0.020179701187061028}, {""block"": ""rsma"", ""rho"": 1.0, ""gain"": 0.0}, {""block"": ""star_ris"", ""rho"": 4.0, ""gain"": 0.03791097354905659}, {""block"": ""rsma"", ""rho"": 1.0, ""gain"": -3.552713678800501e-15}, {""block"": ""star_ris"", ""rho"": 2.0, ""gain"": 0.006640923578046909}, {""block"": ""rsma"", ""rho"": 1.0, ""gain"": 0.0}, {""block"": ""star_ris"", ""rho"": 2.0, ""gain"": 0.04859261331341713}, {""block"": ""rsma"", ""rho"": 1.0, ""gain"": 7.105427357601002e-15}, {""block"": ""star_ris"", ""rho"": 1.0, ""gain"": 0.007755593828981944}, {""block"": ""rsma"", ""rho"": 1.0, ""gain"": 0.0}, {""block"": ""star_ris"", ""rho"": 32.0, ""gain"": 0.0010920307922219763}]",{},1900.30848,1a480db47c5efa1cc1a63abf6aef552d6bf21ecebd475a7bc99d509c20d9fb0d,fc61d5cda7da39530055bae9bd0e92865f995cd9,ae41070d268d283dcc283b0aaf9b960eae1f4ddd22d423577b272c18802a3aae
ao_sca,64,10000,225,test,17.812722908360964,17.812722908360964,1.0,True,0.0,14,5703,26,ao_sca_proximal_physical,analytical_ris_equal_allocation,"[1.8378141245093231, 17.423332553984036, 17.575760940704807, 17.60813959457456, 17.6725089465648, 17.679258125924985, 17.705564587799323, 17.727056867634282, 17.742401451662058, 17.763684397976913, 17.797156276455, 17.800591343163454, 17.807931140229904, 17.81164501430888, 17.812722908360964]","[{""block"": ""rsma"", ""rho"": 1.0, ""gain"": 13.78297136892746}, {""block"": ""star_ris"", ""rho"": 1.0, ""gain"": 1.8025470605472513}, {""block"": ""rsma"", ""rho"": 1.0, ""gain"": 0.0}, {""block"": ""star_ris"", ""rho"": 8.0, ""gain"": 0.1524283867207714}, {""block"": ""rsma"", ""rho"": 1.0, ""gain"": 0.0}, {""block"": ""star_ris"", ""rho"": 2.0, ""gain"": 0.03237865386975258}, {""block"": ""rsma"", ""rho"": 1.0, ""gain"": 0.0}, {""block"": ""star_ris"", ""rho"": 4.0, ""gain"": 0.06436935199024063}, {""block"": ""rsma"", ""rho"": 1.0, ""gain"": 3.552713678800501e-15}, {""block"": ""star_ris"", ""rho"": 1.0, ""gain"": 0.006749179360181046}, {""block"": ""rsma"", ""rho"": 1.0, ""gain"": 3.552713678800501e-15}, {""block"": ""star_ris"", ""rho"": 4.0, ""gain"": 0.026306461874334275}, {""block"": ""rsma"", ""rho"": 1.0, ""gain"": 0.0}, {""block"": ""star_ris"", ""rho"": 64.0, ""gain"": 0.02149227983495905}, {""block"": ""rsma"", ""rho"": 1.0, ""gain"": 0.0}, {""block"": ""star_ris"", ""rho"": 8.0, ""gain"": 0.015344584027776165}, {""block"": ""rsma"", ""rho"": 1.0, ""gain"": 0.0}, {""block"": ""star_ris"", ""rho"": 32.0, ""gain"": 0.021282946314855167}, {""block"": ""rsma"", ""rho"": 1.0, ""gain"": 0.0}, {""block"": ""star_ris"", ""rho"": 16.0, ""gain"": 0.033471878478085415}, {""block"": ""rsma"", ""rho"": 1.0, ""gain"": 0.0}, {""block"": ""star_ris"", ""rho"": 32.0, ""gain"": 0.003435066708455281}, {""block"": ""rsma"", ""rho"": 1.0, ""gain"": 0.0}, {""block"": ""star_ris"", ""rho"": 8.0, ""gain"": 0.00733979706645016}, {""block"": ""rsma"", ""rho"": 1.0, ""gain"": 0.0}, {""block"": ""star_ris"", ""rho"": 64.0, ""gain"": 0.0037138740789757207}, {""block"": ""rsma"", ""rho"": 1.0, ""gain"": 0.0}, {""block"": ""star_ris"", ""rho"": 64.0, ""gain"": 0.0010778940520843605}]",{},3054.886012,1a480db47c5efa1cc1a63abf6aef552d6bf21ecebd475a7bc99d509c20d9fb0d,fc61d5cda7da39530055bae9bd0e92865f995cd9,ae41070d268d283dcc283b0aaf9b960eae1f4ddd22d423577b272c18802a3aae
ao_sca,64,10000,226,test,18.056834905213897,18.056834905213897,1.0,True,0.0,20,8123,31,ao_sca_proximal_physical,analytical_ris_equal_allocation,"[1.837926280210525, 17.35802560364926, 17.647553727800116, 17.692213945925843, 17.709158806714367, 17.736591743640034, 17.74989776223978, 17.793488820954025, 17.81719214082854, 17.82364528234648, 17.890027826506042, 17.941694011179322, 17.944607947551166, 17.977356489170468, 17.99852418024295, 18.006996806388, 18.02257260419755, 18.025392753089804, 18.041342464333376, 18.05133118302115, 18.056834905213897]","[{""block"": ""rsma"", ""rho"": 1.0, ""gain"": 15.212528660990426}, {""block"": ""star_ris"", ""rho"": 1.0, ""gain"": 0.30757066244830966}, {""block"": ""rsma"", ""rho"": 1.0, ""gain"": -7.105427357601002e-15}, {""block"": ""star_ris"", ""rho"": 1.0, ""gain"": 0.2895281241508627}, {""block"": ""rsma"", ""rho"": 1.0, ""gain"": 0.0}, {""block"": ""star_ris"", ""rho"": 2.0, ""gain"": 0.044660218125727624}, {""block"": ""rsma"", ""rho"": 1.0, ""gain"": 0.0}, {""block"": ""star_ris"", ""rho"": 4.0, ""gain"": 0.01694486078852364}, {""block"": ""rsma"", ""rho"": 1.0, ""gain"": 0.0}, {""block"": ""star_ris"", ""rho"": 32.0, ""gain"": 0.02743293692566695}, {""block"": ""rsma"", ""rho"": 1.0, ""gain"": 3.552713678800501e-15}, {""block"": ""star_ris"", ""rho"": 64.0, ""gain"": 0.013306018599742231}, {""block"": ""rsma"", ""rho"": 1.0, ""gain"": 0.0}, {""block"": ""star_ris"", ""rho"": 2.0, ""gain"": 0.04359105871424518}, {""block"": ""rsma"", ""rho"": 1.0, ""gain"": 0.0}, {""block"": ""star_ris"", ""rho"": 2.0, ""gain"": 0.023703319874513795}, {""block"": ""rsma"", ""rho"": 1.0, ""gain"": 0.0}, {""block"": ""star_ris"", ""rho"": 4.0, ""gain"": 0.0064531415179409635}, {""block"": ""rsma"", ""rho"": 1.0, ""gain"": 0.0}, {""block"": ""star_ris"", ""rho"": 2.0, ""gain"": 0.06638254415956268}, {""block"": ""rsma"", ""rho"": 1.0, ""gain"": -7.105427357601002e-15}, {""block"": ""star_ris"", ""rho"": 2.0, ""gain"": 0.05166618467328732}, {""block"": ""rsma"", ""rho"": 1.0, ""gain"": -3.552713678800501e-15}, {""block"": ""star_ris"", ""rho"": 4.0, ""gain"": 0.0029139363718471145}, {""block"": ""rsma"", ""rho"": 1.0, ""gain"": -3.552713678800501e-15}, {""block"": ""star_ris"", ""rho"": 4.0, ""gain"": 0.03274854161930563}, {""block"": ""rsma"", ""rho"": 1.0, ""gain"": 3.552713678800501e-15}, {""block"": ""star_ris"", ""rho"": 4.0, ""gain"": 0.021167691072477623}, {""block"": ""rsma"", ""rho"": 1.0, ""gain"": 3.552713678800501e-15}, {""block"": ""star_ris"", ""rho"": 2.0, ""gain"": 0.008472626145046291}, {""block"": ""rsma"", ""rho"": 1.0, ""gain"": 0.0}, {""block"": ""star_ris"", ""rho"": 8.0, ""gain"": 0.015575797809550096}, {""block"": ""rsma"", ""rho"": 1.0, ""gain"": 0.0}, {""block"": ""star_ris"", ""rho"": 16.0, ""gain"": 0.0028201488922547924}, {""block"": ""rsma"", ""rho"": 1.0, ""gain"": 0.0}, {""block"": ""star_ris"", ""rho"": 2.0, ""gain"": 0.015949711243571585}, {""block"": ""rsma"", ""rho"": 1.0, ""gain"": 0.0}, {""block"": ""star_ris"", ""rho"": 4.0, ""gain"": 0.009988718687775844}, {""block"": ""rsma"", ""rho"": 1.0, ""gain"": 0.0}, {""block"": ""star_ris"", ""rho"": 32.0, ""gain"": 0.0055037221927456415}]",{},4242.139006,1a480db47c5efa1cc1a63abf6aef552d6bf21ecebd475a7bc99d509c20d9fb0d,fc61d5cda7da39530055bae9bd0e92865f995cd9,ae41070d268d283dcc283b0aaf9b960eae1f4ddd22d423577b272c18802a3aae
ao_sca,64,10000,227,test,17.54054877132144,17.54054877132144,1.0,True,0.0,13,5282,22,ao_sca_proximal_physical,analytical_ris_equal_allocation,"[1.8378265142214143, 16.622660112104224, 16.84504174304636, 16.86152344482565, 16.905880922485544, 17.1613244922588, 17.168687917939334, 17.385575849683505, 17.42795753264046, 17.433929398822077, 17.499493650096596, 17.516212981874272, 17.538998492689235, 17.54054877132144]","[{""block"": ""rsma"", ""rho"": 1.0, ""gain"": 14.250583637156018}, {""block"": ""star_ris"", ""rho"": 1.0, ""gain"": 0.5342499607267932}, {""block"": ""rsma"", ""rho"": 1.0, ""gain"": 0.0}, {""block"": ""star_ris"", ""rho"": 1.0, ""gain"": 0.22238163094213448}, {""block"": ""rsma"", ""rho"": 1.0, ""gain"": 0.0}, {""block"": ""star_ris"", ""rho"": 32.0, ""gain"": 0.016481701779291313}, {""block"": ""rsma"", ""rho"": 1.0, ""gain"": 0.0}, {""block"": ""star_ris"", ""rho"": 1.0, ""gain"": 0.04435747765989362}, {""block"": ""rsma"", ""rho"": 1.0, ""gain"": 0.0}, {""block"": ""star_ris"", ""rho"": 1.0, ""gain"": 0.2554435697732558}, {""block"": ""rsma"", ""rho"": 1.0, ""gain"": -3.552713678800501e-15}, {""block"": ""star_ris"", ""rho"": 2.0, ""gain"": 0.007363425680537716}, {""block"": ""rsma"", ""rho"": 1.0, ""gain"": 0.0}, {""block"": ""star_ris"", ""rho"": 1.0, ""gain"": 0.21688793174417142}, {""block"": ""rsma"", ""rho"": 1.0, ""gain"": 0.0}, {""block"": ""star_ris"", ""rho"": 16.0, ""gain"": 0.04238168295695388}, {""block"": ""rsma"", ""rho"": 1.0, ""gain"": 3.552713678800501e-15}, {""block"": ""star_ris"", ""rho"": 64.0, ""gain"": 0.0059718661816141605}, {""block"": ""rsma"", ""rho"": 1.0, ""gain"": 0.0}, {""block"": ""star_ris"", ""rho"": 4.0, ""gain"": 0.06556425127451959}, {""block"": ""rsma"", ""rho"": 1.0, ""gain"": 0.0}, {""block"": ""star_ris"", ""rho"": 2.0, ""gain"": 0.016719331777675706}, {""block"": ""rsma"", ""rho"": 1.0, ""gain"": 0.0}, {""block"": ""star_ris"", ""rho"": 16.0, ""gain"": 0.022785510814962606}, {""block"": ""rsma"", ""rho"": 1.0, ""gain"": 3.552713678800501e-15}, {""block"": ""star_ris"", ""rho"": 64.0, ""gain"": 0.001550278632201696}]",{},2809.837059,1a480db47c5efa1cc1a63abf6aef552d6bf21ecebd475a7bc99d509c20d9fb0d,fc61d5cda7da39530055bae9bd0e92865f995cd9,ae41070d268d283dcc283b0aaf9b960eae1f4ddd22d423577b272c18802a3aae
ao_sca,64,10000,228,test,18.423360449736272,18.423360449736272,1.0,True,0.0,15,6082,28,ao_sca_proximal_physical,analytical_ris_equal_allocation,"[1.8379443001096833, 17.749737368722098, 17.894435027469456, 17.938556279858428, 17.99484153908203, 18.18851561903801, 18.208105263739572, 18.21869026233692, 18.23677881854629, 18.280627250748747, 18.342117125374223, 18.349975536622047, 18.37145382502854, 18.38409542830214, 18.42161111609585, 18.423360449736272]","[{""block"": ""rsma"", ""rho"": 1.0, ""gain"": 15.517982634535919}, {""block"": ""star_ris"", ""rho"": 1.0, ""gain"": 0.39381043407649585}, {""block"": ""rsma"", ""rho"": 1.0, ""gain"": 0.0}, {""block"": ""star_ris"", ""rho"": 1.0, ""gain"": 0.14469765874735785}, {""block"": ""rsma"", ""rho"": 1.0, ""gain"": 0.0}, {""block"": ""star_ris"", ""rho"": 1.0, ""gain"": 0.044121252388972465}, {""block"": ""rsma"", ""rho"": 1.0, ""gain"": 0.0}, {""block"": ""star_ris"", ""rho"": 1.0, ""gain"": 0.05628525922360339}, {""block"": ""rsma"", ""rho"": 1.0, ""gain"": 0.0}, {""block"": ""star_ris"", ""rho"": 1.0, ""gain"": 0.1936740799559793}, {""block"": ""rsma"", ""rho"": 1.0, ""gain"": 0.0}, {""block"": ""star_ris"", ""rho"": 4.0, ""gain"": 0.019589644701561326}, {""block"": ""rsma"", ""rho"": 1.0, ""gain"": 0.0}, {""block"": ""star_ris"", ""rho"": 4.0, ""gain"": 0.010584998597348516}, {""block"": ""rsma"", ""rho"": 1.0, ""gain"": 0.0}, {""block"": ""star_ris"", ""rho"": 2.0, ""gain"": 0.018088556209370665}, {""block"": ""rsma"", ""rho"": 1.0, ""gain"": 0.0}, {""block"": ""star_ris"", ""rho"": 2.0, ""gain"": 0.04384843220245571}, {""block"": ""rsma"", ""rho"": 1.0, ""gain"": 3.552713678800501e-15}, {""block"": ""star_ris"", ""rho"": 2.0, ""gain"": 0.061489874625472396}, {""block"": ""rsma"", ""rho"": 1.0, ""gain"": 0.0}, {""block"": ""star_ris"", ""rho"": 4.0, ""gain"": 0.007858411247823938}, {""block"": ""rsma"", ""rho"": 1.0, ""gain"": -3.552713678800501e-15}, {""block"": ""star_ris"", ""rho"": 8.0, ""gain"": 0.02147828840649524}, {""block"": ""rsma"", ""rho"": 1.0, ""gain"": 0.0}, {""block"": ""star_ris"", ""rho"": 4.0, ""gain"": 0.01264160327360031}, {""block"": ""rsma"", ""rho"": 1.0, ""gain"": 0.0}, {""block"": ""star_ris"", ""rho"": 8.0, ""gain"": 0.03751568779371084}, {""block"": ""rsma"", ""rho"": 1.0, ""gain"": 0.0}, {""block"": ""star_ris"", ""rho"": 16.0, ""gain"": 0.0017493336404221793}]",{},3244.495122,1a480db47c5efa1cc1a63abf6aef552d6bf21ecebd475a7bc99d509c20d9fb0d,fc61d5cda7da39530055bae9bd0e92865f995cd9,ae41070d268d283dcc283b0aaf9b960eae1f4ddd22d423577b272c18802a3aae
ao_sca,64,10000,229,test,17.588947799634497,17.588947799634497,1.0,True,0.0,2,819,4,ao_sca_proximal_physical,analytical_ris_equal_allocation,"[1.837941710718068, 17.5888837399788, 17.588947799634497]","[{""block"": ""rsma"", ""rho"": 1.0, ""gain"": 15.600978387968476}, {""block"": ""star_ris"", ""rho"": 2.0, ""gain"": 0.14996364129225626}, {""block"": ""rsma"", ""rho"": 1.0, ""gain"": 0.0}, {""block"": ""star_ris"", ""rho"": 512.0, ""gain"": 6.40596556955586e-05}]",{},430.390663,1a480db47c5efa1cc1a63abf6aef552d6bf21ecebd475a7bc99d509c20d9fb0d,fc61d5cda7da39530055bae9bd0e92865f995cd9,ae41070d268d283dcc283b0aaf9b960eae1f4ddd22d423577b272c18802a3aae
ao_sca,64,10000,230,test,17.217534041979118,17.217534041979118,1.0,True,0.0,5,2030,9,ao_sca_proximal_physical,analytical_ris_equal_allocation,"[1.837878972324811, 16.94089150455896, 17.106574998829686, 17.14519210356096, 17.216751535370445, 17.217534041979118]","[{""block"": ""rsma"", ""rho"": 1.0, ""gain"": 15.033603808768481}, {""block"": ""star_ris"", ""rho"": 2.0, ""gain"": 0.06940872346566707}, {""block"": ""rsma"", ""rho"": 1.0, ""gain"": 0.0}, {""block"": ""star_ris"", ""rho"": 1.0, ""gain"": 0.16568349427072704}, {""block"": ""rsma"", ""rho"": 1.0, ""gain"": 0.0}, {""block"": ""star_ris"", ""rho"": 4.0, ""gain"": 0.03861710473127289}, {""block"": ""rsma"", ""rho"": 1.0, ""gain"": 0.0}, {""block"": ""star_ris"", ""rho"": 4.0, ""gain"": 0.07155943180948654}, {""block"": ""rsma"", ""rho"": 1.0, ""gain"": 0.0}, {""block"": ""star_ris"", ""rho"": 16.0, ""gain"": 0.0007825066086724064}]",{},1066.349175,1a480db47c5efa1cc1a63abf6aef552d6bf21ecebd475a7bc99d509c20d9fb0d,fc61d5cda7da39530055bae9bd0e92865f995cd9,ae41070d268d283dcc283b0aaf9b960eae1f4ddd22d423577b272c18802a3aae
ao_sca,64,10000,231,test,17.337608364761607,17.337608364761607,1.0,True,0.0,3,1218,6,ao_sca_proximal_physical,analytical_ris_equal_allocation,"[1.8379102842889607, 17.316510778444492, 17.336403788986853, 17.337608364761607]","[{""block"": ""rsma"", ""rho"": 1.0, ""gain"": 15.237283889454242}, {""block"": ""star_ris"", ""rho"": 1.0, ""gain"": 0.24131660470128935}, {""block"": ""rsma"", ""rho"": 1.0, ""gain"": 0.0}, {""block"": ""star_ris"", ""rho"": 8.0, ""gain"": 0.019893010542361367}, {""block"": ""rsma"", ""rho"": 1.0, ""gain"": 0.0}, {""block"": ""star_ris"", ""rho"": 4.0, ""gain"": 0.0012045757747536356}]",{},658.527662,1a480db47c5efa1cc1a63abf6aef552d6bf21ecebd475a7bc99d509c20d9fb0d,fc61d5cda7da39530055bae9bd0e92865f995cd9,ae41070d268d283dcc283b0aaf9b960eae1f4ddd22d423577b272c18802a3aae
ao_sca,64,10000,232,test,17.46055562528837,17.46055562528837,1.0,True,0.0,20,8161,34,ao_sca_proximal_physical,analytical_ris_equal_allocation,"[1.8378346940854187, 16.393630488908542, 16.44165405396032, 16.464923409295398, 16.470659011928205, 16.509824196444217, 16.528897774114466, 16.538312874520493, 16.542990659204968, 16.61467137604761, 16.643619952337826, 16.88388113309994, 16.982264508115907, 16.984046257975216, 16.993329925268824, 17.010841933378558, 17.02475209674658, 17.222274389137347, 17.25480271145328, 17.394544805299546, 17.46055562528837]","[{""block"": ""rsma"", ""rho"": 1.0, ""gain"": 14.453079581628653}, {""block"": ""star_ris"", ""rho"": 16.0, ""gain"": 0.10271621319446922}, {""block"": ""rsma"", ""rho"": 1.0, ""gain"": 0.0}, {""block"": ""star_ris"", ""rho"": 32.0, ""gain"": 0.048023565051778405}, {""block"": ""rsma"", ""rho"": 1.0, ""gain"": 0.0}, {""block"": ""star_ris"", ""rho"": 64.0, ""gain"": 0.02326935533507779}, {""block"": ""rsma"", ""rho"": 1.0, ""gain"": 3.552713678800501e-15}, {""block"": ""star_ris"", ""rho"": 256.0, ""gain"": 0.005735602632803705}, {""block"": ""rsma"", ""rho"": 1.0, ""gain"": 0.0}, {""block"": ""star_ris"", ""rho"": 32.0, ""gain"": 0.03916518451601192}, {""block"": ""rsma"", ""rho"": 1.0, ""gain"": 3.552713678800501e-15}, {""block"": ""star_ris"", ""rho"": 64.0, ""gain"": 0.019073577670244646}, {""block"": ""rsma"", ""rho"": 1.0, ""gain"": 0.0}, {""block"": ""star_ris"", ""rho"": 128.0, ""gain"": 0.009415100406027221}, {""block"": ""rsma"", ""rho"": 1.0, ""gain"": 0.0}, {""block"": ""star_ris"", ""rho"": 256.0, ""gain"": 0.004677784684474773}, {""block"": ""rsma"", ""rho"": 1.0, ""gain"": 0.0}, {""block"": ""star_ris"", ""rho"": 16.0, ""gain"": 0.07168071684264277}, {""block"": ""rsma"", ""rho"": 1.0, ""gain"": 0.0}, {""block"": ""star_ris"", ""rho"": 2.0, ""gain"": 0.0289485762902153}, {""block"": ""rsma"", ""rho"": 1.0, ""gain"": 0.0}, {""block"": ""star_ris"", ""rho"": 4.0, ""gain"": 0.2402611807621149}, {""block"": ""rsma"", ""rho"": 1.0, ""gain"": 0.0}, {""block"": ""star_ris"", ""rho"": 8.0, ""gain"": 0.09838337501596683}, {""block"": ""rsma"", ""rho"": 1.0, ""gain"": 0.0}, {""block"": ""star_ris"", ""rho"": 2.0, ""gain"": 0.0017817498593082348}, {""block"": ""rsma"", ""rho"": 1.0, ""gain"": 0.0}, {""block"": ""star_ris"", ""rho"": 16.0, ""gain"": 0.009283667293608744}, {""block"": ""rsma"", ""rho"": 1.0, ""gain"": 0.0}, {""block"": ""star_ris"", ""rho"": 1.0, ""gain"": 0.0175120081097333}, {""block"": ""rsma"", ""rho"": 1.0, ""gain"": -3.552713678800501e-15}, {""block"": ""star_ris"", ""rho"": 64.0, ""gain"": 0.01391016336802764}, {""block"": ""rsma"", ""rho"": 1.0, ""gain"": 0.0}, {""block"": ""star_ris"", ""rho"": 4.0, ""gain"": 0.19752229239076513}, {""block"": ""rsma"", ""rho"": 1.0, ""gain"": 0.0}, {""block"": ""star_ris"", ""rho"": 2.0, ""gain"": 0.03252832231593317}, {""block"": ""rsma"", ""rho"": 1.0, ""gain"": 0.0}, {""block"": ""star_ris"", ""rho"": 8.0, ""gain"": 0.1397420938462659}, {""block"": ""rsma"", ""rho"": 1.0, ""gain"": 0.0}, {""block"": ""star_ris"", ""rho"": 16.0, ""gain"": 0.06601081998882563}]",{},4293.924523,1a480db47c5efa1cc1a63abf6aef552d6bf21ecebd475a7bc99d509c20d9fb0d,fc61d5cda7da39530055bae9bd0e92865f995cd9,ae41070d268d283dcc283b0aaf9b960eae1f4ddd22d423577b272c18802a3aae
ao_sca,64,10000,233,test,17.142942162198,17.142942162198,1.0,True,0.0,20,8137,32,ao_sca_proximal_physical,analytical_ris_equal_allocation,"[1.8377439445356418, 16.399138357772188, 16.479607649489992, 16.547273419686917, 16.5674540525214, 16.60454533884438, 16.709725316345757, 16.757105945946904, 16.760460578422595, 16.771646505058687, 16.781757027549045, 16.824630048500303, 16.86222335182757, 16.93198316508322, 16.958531035972044, 16.960719237448316, 16.975619395449286, 17.012598562896894, 17.017076425770455, 17.098745150484476, 17.142942162198]","[{""block"": ""rsma"", ""rho"": 1.0, ""gain"": 13.548861220303081}, {""block"": ""star_ris"", ""rho"": 2.0, ""gain"": 1.0125331929334642}, {""block"": ""rsma"", ""rho"": 1.0, ""gain"": 0.0}, {""block"": ""star_ris"", ""rho"": 16.0, ""gain"": 0.08046929171780448}, {""block"": ""rsma"", ""rho"": 1.0, ""gain"": 0.0}, {""block"": ""star_ris"", ""rho"": 8.0, ""gain"": 0.06766577019692477}, {""block"": ""rsma"", ""rho"": 1.0, ""gain"": 0.0}, {""block"": ""star_ris"", ""rho"": 8.0, ""gain"": 0.02018063283448157}, {""block"": ""rsma"", ""rho"": 1.0, ""gain"": 0.0}, {""block"": ""star_ris"", ""rho"": 4.0, ""gain"": 0.03709128632298331}, {""block"": ""rsma"", ""rho"": 1.0, ""gain"": 0.0}, {""block"": ""star_ris"", ""rho"": 4.0, ""gain"": 0.10517997750137553}, {""block"": ""rsma"", ""rho"": 1.0, ""gain"": 0.0}, {""block"": ""star_ris"", ""rho"": 2.0, ""gain"": 0.04738062960114675}, {""block"": ""rsma"", ""rho"": 1.0, ""gain"": 0.0}, {""block"": ""star_ris"", ""rho"": 64.0, ""gain"": 0.0033546324756912327}, {""block"": ""rsma"", ""rho"": 1.0, ""gain"": 0.0}, {""block"": ""star_ris"", ""rho"": 32.0, ""gain"": 0.011185926636091637}, {""block"": ""rsma"", ""rho"": 1.0, ""gain"": 0.0}, {""block"": ""star_ris"", ""rho"": 16.0, ""gain"": 0.01011052249035771}, {""block"": ""rsma"", ""rho"": 1.0, ""gain"": 0.0}, {""block"": ""star_ris"", ""rho"": 8.0, ""gain"": 0.04287302095125867}, {""block"": ""rsma"", ""rho"": 1.0, ""gain"": 0.0}, {""block"": ""star_ris"", ""rho"": 4.0, ""gain"": 0.037593303327266625}, {""block"": ""rsma"", ""rho"": 1.0, ""gain"": 0.0}, {""block"": ""star_ris"", ""rho"": 2.0, ""gain"": 0.06975981325565073}, {""block"": ""rsma"", ""rho"": 1.0, ""gain"": 0.0}, {""block"": ""star_ris"", ""rho"": 16.0, ""gain"": 0.026547870888823155}, {""block"": ""rsma"", ""rho"": 1.0, ""gain"": -3.552713678800501e-15}, {""block"": ""star_ris"", ""rho"": 16.0, ""gain"": 0.002188201476275964}, {""block"": ""rsma"", ""rho"": 1.0, ""gain"": 0.0}, {""block"": ""star_ris"", ""rho"": 8.0, ""gain"": 0.014900158000969554}, {""block"": ""rsma"", ""rho"": 1.0, ""gain"": 3.552713678800501e-15}, {""block"": ""star_ris"", ""rho"": 8.0, ""gain"": 0.036979167447604766}, {""block"": ""rsma"", ""rho"": 1.0, ""gain"": 0.0}, {""block"": ""star_ris"", ""rho"": 4.0, ""gain"": 0.004477862873560667}, {""block"": ""rsma"", ""rho"": 1.0, ""gain"": 0.0}, {""block"": ""star_ris"", ""rho"": 4.0, ""gain"": 0.08166872471402087}, {""block"": ""rsma"", ""rho"": 1.0, ""gain"": 0.0}, {""block"": ""star_ris"", ""rho"": 2.0, ""gain"": 0.04419701171352486}]",{},4321.210242,1a480db47c5efa1cc1a63abf6aef552d6bf21ecebd475a7bc99d509c20d9fb0d,fc61d5cda7da39530055bae9bd0e92865f995cd9,ae41070d268d283dcc283b0aaf9b960eae1f4ddd22d423577b272c18802a3aae
ao_sca,64,10000,234,test,17.359588493397855,17.359588493397855,1.0,True,0.0,9,3655,16,ao_sca_proximal_physical,analytical_ris_equal_allocation,"[1.837868555554407, 16.829424837330503, 16.941882112429653, 17.022677448033, 17.101178569170283, 17.19956710087376, 17.229896410667227, 17.323825166161996, 17.359353291109343, 17.359588493397855]","[{""block"": ""rsma"", ""rho"": 1.0, ""gain"": 14.985372748015644}, {""block"": ""star_ris"", ""rho"": 2.0, ""gain"": 0.006183533760452775}, {""block"": ""rsma"", ""rho"": 1.0, ""gain"": 0.0}, {""block"": ""star_ris"", ""rho"": 1.0, ""gain"": 0.11245727509914971}, {""block"": ""rsma"", ""rho"": 1.0, ""gain"": 3.552713678800501e-15}, {""block"": ""star_ris"", ""rho"": 1.0, ""gain"": 0.0807953356033444}, {""block"": ""rsma"", ""rho"": 1.0, ""gain"": 0.0}, {""block"": ""star_ris"", ""rho"": 16.0, ""gain"": 0.07850112113728258}, {""block"": ""rsma"", ""rho"": 1.0, ""gain"": 0.0}, {""block"": ""star_ris"", ""rho"": 4.0, ""gain"": 0.09838853170347761}, {""block"": ""rsma"", ""rho"": 1.0, ""gain"": 3.552713678800501e-15}, {""block"": ""star_ris"", ""rho"": 2.0, ""gain"": 0.030329309793462045}, {""block"": ""rsma"", ""rho"": 1.0, ""gain"": 3.552713678800501e-15}, {""block"": ""star_ris"", ""rho"": 8.0, ""gain"": 0.09392875549476543}, {""block"": ""rsma"", ""rho"": 1.0, ""gain"": 3.552713678800501e-15}, {""block"": ""star_ris"", ""rho"": 16.0, ""gain"": 0.03552812494734425}, {""block"": ""rsma"", ""rho"": 1.0, ""gain"": 0.0}, {""block"": ""star_ris"", ""rho"": 8.0, ""gain"": 0.00023520228851126035}]",{},1920.275104,1a480db47c5efa1cc1a63abf6aef552d6bf21ecebd475a7bc99d509c20d9fb0d,fc61d5cda7da39530055bae9bd0e92865f995cd9,ae41070d268d283dcc283b0aaf9b960eae1f4ddd22d423577b272c18802a3aae
ao_sca,64,10000,235,test,17.8300714211048,17.8300714211048,1.0,True,0.0,6,2432,11,ao_sca_proximal_physical,analytical_ris_equal_allocation,"[1.8378773615145272, 17.279599279155093, 17.334313102180708, 17.336051405397505, 17.49926674516008, 17.828929170118872, 17.8300714211048]","[{""block"": ""rsma"", ""rho"": 1.0, ""gain"": 14.680915502845137}, {""block"": ""star_ris"", ""rho"": 1.0, ""gain"": 0.7608064147954288}, {""block"": ""rsma"", ""rho"": 1.0, ""gain"": 0.0}, {""block"": ""star_ris"", ""rho"": 1.0, ""gain"": 0.05471382302561523}, {""block"": ""rsma"", ""rho"": 1.0, ""gain"": 0.0}, {""block"": ""star_ris"", ""rho"": 1.0, ""gain"": 0.0017383032167970214}, {""block"": ""rsma"", ""rho"": 1.0, ""gain"": 0.0}, {""block"": ""star_ris"", ""rho"": 1.0, ""gain"": 0.1632153397625764}, {""block"": ""rsma"", ""rho"": 1.0, ""gain"": 0.0}, {""block"": ""star_ris"", ""rho"": 2.0, ""gain"": 0.3296624249587907}, {""block"": ""rsma"", ""rho"": 1.0, ""gain"": 0.0}, {""block"": ""star_ris"", ""rho"": 64.0, ""gain"": 0.0011422509859286833}]",{},1263.898926,1a480db47c5efa1cc1a63abf6aef552d6bf21ecebd475a7bc99d509c20d9fb0d,fc61d5cda7da39530055bae9bd0e92865f995cd9,ae41070d268d283dcc283b0aaf9b960eae1f4ddd22d423577b272c18802a3aae
ao_sca,64,10000,236,test,20.087672736311383,20.087672736311383,1.0,True,0.0,20,8363,22,ao_sca_proximal_physical,analytical_ris_equal_allocation,"[1.837830311143764, 16.297443648067354, 18.76793136244008, 19.064460879445388, 19.286713200141637, 19.450805425277366, 19.556332527789788, 19.57811204448594, 19.65651806377177, 19.727229749901625, 19.778915114816616, 19.826337592870072, 19.86711990274149, 19.90454803936039, 19.939026114241432, 19.96941439779782, 19.998451710588693, 20.02764894018371, 20.050338764480163, 20.07004683787597, 20.087672736311383]","[{""block"": ""rsma"", ""rho"": 1.0, ""gain"": 14.265652676932914}, {""block"": ""star_ris"", ""rho"": 1.0, ""gain"": 0.19396065999067602}, {""block"": ""rsma"", ""rho"": 1024.0, ""gain"": 1.977364243257174}, {""block"": ""star_ris"", ""rho"": 1.0, ""gain"": 0.49312347111555255}, {""block"": ""rsma"", ""rho"": 65536.0, ""gain"": 0.0}, {""block"": ""star_ris"", ""rho"": 1.0, ""gain"": 0.2965295170053075}, {""block"": ""rsma"", ""rho"": 65536.0, ""gain"": 0.0}, {""block"": ""star_ris"", ""rho"": 1.0, ""gain"": 0.22225232069624923}, {""block"": ""rsma"", ""rho"": 65536.0, ""gain"": 0.0}, {""block"": ""star_ris"", ""rho"": 1.0, ""gain"": 0.16409222513572885}, {""block"": ""rsma"", ""rho"": 65536.0, ""gain"": 0.0}, {""block"": ""star_ris"", ""rho"": 1.0, ""gain"": 0.10552710251242203}, {""block"": ""rsma"", ""rho"": 65536.0, ""gain"": 0.0}, {""block"": ""star_ris"", ""rho"": 4.0, ""gain"": 0.021779516696152967}, {""block"": ""rsma"", ""rho"": 65536.0, ""gain"": 0.0}, {""block"": ""star_ris"", ""rho"": 1.0, ""gain"": 0.07840601928582913}, {""block"": ""rsma"", ""rho"": 65536.0, ""gain"": 0.0}, {""block"": ""star_ris"", ""rho"": 1.0, ""gain"": 0.07071168612985446}, {""block"": ""rsma"", ""rho"": 65536.0, ""gain"": 0.0}, {""block"": ""star_ris"", ""rho"": 1.0, ""gain"": 0.05168536491499154}, {""block"": ""rsma"", ""rho"": 65536.0, ""gain"": 0.0}, {""block"": ""star_ris"", ""rho"": 1.0, ""gain"": 0.04742247805345556}, {""block"": ""rsma"", ""rho"": 65536.0, ""gain"": 0.0}, {""block"": ""star_ris"", ""rho"": 1.0, ""gain"": 0.04078230987141751}, {""block"": ""rsma"", ""rho"": 65536.0, ""gain"": 0.0}, {""block"": ""star_ris"", ""rho"": 1.0, ""gain"": 0.03742813661889954}, {""block"": ""rsma"", ""rho"": 65536.0, ""gain"": 0.0}, {""block"": ""star_ris"", ""rho"": 1.0, ""gain"": 0.0344780748810436}, {""block"": ""rsma"", ""rho"": 65536.0, ""gain"": 0.0}, {""block"": ""star_ris"", ""rho"": 1.0, ""gain"": 0.030388283556387563}, {""block"": ""rsma"", ""rho"": 65536.0, ""gain"": 0.0}, {""block"": ""star_ris"", ""rho"": 1.0, ""gain"": 0.02903731279087296}, {""block"": ""rsma"", ""rho"": 65536.0, ""gain"": 0.0}, {""block"": ""star_ris"", ""rho"": 1.0, ""gain"": 0.029197229595016694}, {""block"": ""rsma"", ""rho"": 65536.0, ""gain"": 0.0}, {""block"": ""star_ris"", ""rho"": 1.0, ""gain"": 0.022689824296453054}, {""block"": ""rsma"", ""rho"": 65536.0, ""gain"": 0.0}, {""block"": ""star_ris"", ""rho"": 1.0, ""gain"": 0.019708073395808157}, {""block"": ""rsma"", ""rho"": 65536.0, ""gain"": 0.0}, {""block"": ""star_ris"", ""rho"": 1.0, ""gain"": 0.01762589843541207}]",{},4513.36585,1a480db47c5efa1cc1a63abf6aef552d6bf21ecebd475a7bc99d509c20d9fb0d,fc61d5cda7da39530055bae9bd0e92865f995cd9,ae41070d268d283dcc283b0aaf9b960eae1f4ddd22d423577b272c18802a3aae
ao_sca,64,10000,237,test,17.90784287096229,17.90784287096229,1.0,True,0.0,18,7327,34,ao_sca_proximal_physical,analytical_ris_equal_allocation,"[1.8379345241724587, 17.56358637213224, 17.589482946362644, 17.625308718557125, 17.658331354533278, 17.665848108702566, 17.677206824370227, 17.692689049934536, 17.702525674637634, 17.79520392767453, 17.800695740159025, 17.812798467138716, 17.820609593885994, 17.856806343676325, 17.88807265145772, 17.896310007850996, 17.904957477863647, 17.906799631749482, 17.90784287096229]","[{""block"": ""rsma"", ""rho"": 1.0, ""gain"": 15.701727238024754}, {""block"": ""star_ris"", ""rho"": 2.0, ""gain"": 0.023924609935026098}, {""block"": ""rsma"", ""rho"": 1.0, ""gain"": 0.0}, {""block"": ""star_ris"", ""rho"": 8.0, ""gain"": 0.025896574230404923}, {""block"": ""rsma"", ""rho"": 1.0, ""gain"": 0.0}, {""block"": ""star_ris"", ""rho"": 8.0, ""gain"": 0.035825772194481686}, {""block"": ""rsma"", ""rho"": 1.0, ""gain"": 3.552713678800501e-15}, {""block"": ""star_ris"", ""rho"": 8.0, ""gain"": 0.03302263597614896}, {""block"": ""rsma"", ""rho"": 1.0, ""gain"": 0.0}, {""block"": ""star_ris"", ""rho"": 16.0, ""gain"": 0.007516754169287765}, {""block"": ""rsma"", ""rho"": 1.0, ""gain"": 0.0}, {""block"": ""star_ris"", ""rho"": 4.0, ""gain"": 0.011358715667661556}, {""block"": ""rsma"", ""rho"": 1.0, ""gain"": 0.0}, {""block"": ""star_ris"", ""rho"": 8.0, ""gain"": 0.015482225564309005}, {""block"": ""rsma"", ""rho"": 1.0, ""gain"": 0.0}, {""block"": ""star_ris"", ""rho"": 4.0, ""gain"": 0.009836624703098096}, {""block"": ""rsma"", ""rho"": 1.0, ""gain"": 0.0}, {""block"": ""star_ris"", ""rho"": 4.0, ""gain"": 0.09267825303689747}, {""block"": ""rsma"", ""rho"": 1.0, ""gain"": 0.0}, {""block"": ""star_ris"", ""rho"": 4.0, ""gain"": 0.005491812484493153}, {""block"": ""rsma"", ""rho"": 1.0, ""gain"": 0.0}, {""block"": ""star_ris"", ""rho"": 4.0, ""gain"": 0.01210272697969117}, {""block"": ""rsma"", ""rho"": 1.0, ""gain"": 3.552713678800501e-15}, {""block"": ""star_ris"", ""rho"": 8.0, ""gain"": 0.007811126747274244}, {""block"": ""rsma"", ""rho"": 1.0, ""gain"": 0.0}, {""block"": ""star_ris"", ""rho"": 4.0, ""gain"": 0.036196749790331495}, {""block"": ""rsma"", ""rho"": 1.0, ""gain"": 7.105427357601002e-15}, {""block"": ""star_ris"", ""rho"": 2.0, ""gain"": 0.031266307781386615}, {""block"": ""rsma"", ""rho"": 1.0, ""gain"": -3.552713678800501e-15}, {""block"": ""star_ris"", ""rho"": 16.0, ""gain"": 0.008237356393280493}, {""block"": ""rsma"", ""rho"": 1.0, ""gain"": 0.0}, {""block"": ""star_ris"", ""rho"": 8.0, ""gain"": 0.00864747001265087}, {""block"": ""rsma"", ""rho"": 1.0, ""gain"": 0.0}, {""block"": ""star_ris"", ""rho"": 128.0, ""gain"": 0.001842153885835529}, {""block"": ""rsma"", ""rho"": 1.0, ""gain"": -3.552713678800501e-15}, {""block"": ""star_ris"", ""rho"": 128.0, ""gain"": 0.0010432392128123524}]",{},3809.122871,1a480db47c5efa1cc1a63abf6aef552d6bf21ecebd475a7bc99d509c20d9fb0d,fc61d5cda7da39530055bae9bd0e92865f995cd9,ae41070d268d283dcc283b0aaf9b960eae1f4ddd22d423577b272c18802a3aae
ao_sca,64,10000,238,test,17.761551882336953,17.761551882336953,1.0,True,0.0,18,7321,31,ao_sca_proximal_physical,analytical_ris_equal_allocation,"[1.8378933340066286, 16.91523466146461, 16.961290831287798, 17.054249479867885, 17.135800321744558, 17.146233475982118, 17.16536185402945, 17.497608430188293, 17.515240676363938, 17.521449016444958, 17.540223746673465, 17.617642156309874, 17.62024715570019, 17.643557795018992, 17.715950482283453, 17.7195090182683, 17.75645887656149, 17.760767526471113, 17.761551882336953]","[{""block"": ""rsma"", ""rho"": 1.0, ""gain"": 15.071769800290115}, {""block"": ""star_ris"", ""rho"": 8.0, ""gain"": 0.0055715271678664635}, {""block"": ""rsma"", ""rho"": 1.0, ""gain"": 0.0}, {""block"": ""star_ris"", ""rho"": 4.0, ""gain"": 0.0460561698231885}, {""block"": ""rsma"", ""rho"": 1.0, ""gain"": 0.0}, {""block"": ""star_ris"", ""rho"": 2.0, ""gain"": 0.09295864858008684}, {""block"": ""rsma"", ""rho"": 1.0, ""gain"": 0.0}, {""block"": ""star_ris"", ""rho"": 1.0, ""gain"": 0.08155084187667327}, {""block"": ""rsma"", ""rho"": 1.0, ""gain"": -3.552713678800501e-15}, {""block"": ""star_ris"", ""rho"": 8.0, ""gain"": 0.010433154237563969}, {""block"": ""rsma"", ""rho"": 1.0, ""gain"": -3.552713678800501e-15}, {""block"": ""star_ris"", ""rho"": 2.0, ""gain"": 0.019128378047334138}, {""block"": ""rsma"", ""rho"": 1.0, ""gain"": 0.0}, {""block"": ""star_ris"", ""rho"": 2.0, ""gain"": 0.3322465761588447}, {""block"": ""rsma"", ""rho"": 1.0, ""gain"": 0.0}, {""block"": ""star_ris"", ""rho"": 8.0, ""gain"": 0.017632246175644184}, {""block"": ""rsma"", ""rho"": 1.0, ""gain"": 0.0}, {""block"": ""star_ris"", ""rho"": 2.0, ""gain"": 0.006208340081020225}, {""block"": ""rsma"", ""rho"": 1.0, ""gain"": 0.0}, {""block"": ""star_ris"", ""rho"": 32.0, ""gain"": 0.018774730228507508}, {""block"": ""rsma"", ""rho"": 1.0, ""gain"": 0.0}, {""block"": ""star_ris"", ""rho"": 8.0, ""gain"": 0.07741840963640811}, {""block"": ""rsma"", ""rho"": 1.0, ""gain"": -3.552713678800501e-15}, {""block"": ""star_ris"", ""rho"": 16.0, ""gain"": 0.0026049993903214386}, {""block"": ""rsma"", ""rho"": 1.0, ""gain"": 0.0}, {""block"": ""star_ris"", ""rho"": 4.0, ""gain"": 0.023310639318800952}, {""block"": ""rsma"", ""rho"": 1.0, ""gain"": 0.0}, {""block"": ""star_ris"", ""rho"": 2.0, ""gain"": 0.07239268726446113}, {""block"": ""rsma"", ""rho"": 1.0, ""gain"": 7.105427357601002e-15}, {""block"": ""star_ris"", ""rho"": 2.0, ""gain"": 0.0035585359848404607}, {""block"": ""rsma"", ""rho"": 1.0, ""gain"": 0.0}, {""block"": ""star_ris"", ""rho"": 8.0, ""gain"": 0.03694985829318753}, {""block"": ""rsma"", ""rho"": 1.0, ""gain"": 0.0}, {""block"": ""star_ris"", ""rho"": 32.0, ""gain"": 0.004308649909624762}, {""block"": ""rsma"", ""rho"": 1.0, ""gain"": 0.0}, {""block"": ""star_ris"", ""rho"": 512.0, ""gain"": 0.000784355865839359}]",{},3826.870661,1a480db47c5efa1cc1a63abf6aef552d6bf21ecebd475a7bc99d509c20d9fb0d,fc61d5cda7da39530055bae9bd0e92865f995cd9,ae41070d268d283dcc283b0aaf9b960eae1f4ddd22d423577b272c18802a3aae
ao_sca,64,10000,239,test,17.35142827364943,17.35142827364943,1.0,True,0.0,12,4887,22,ao_sca_proximal_physical,analytical_ris_equal_allocation,"[1.8378406329685584, 16.772182445688696, 17.006291254559926, 17.1938624050627, 17.19759229475468, 17.208784104519477, 17.21619979037594, 17.227226822499105, 17.253974193054177, 17.340525920662067, 17.343102585444036, 17.350460815534, 17.35142827364943]","[{""block"": ""rsma"", ""rho"": 1.0, ""gain"": 14.239299910278561}, {""block"": ""star_ris"", ""rho"": 2.0, ""gain"": 0.6950419024415773}, {""block"": ""rsma"", ""rho"": 1.0, ""gain"": 3.552713678800501e-15}, {""block"": ""star_ris"", ""rho"": 4.0, ""gain"": 0.23410880887122687}, {""block"": ""rsma"", ""rho"": 1.0, ""gain"": 0.0}, {""block"": ""star_ris"", ""rho"": 4.0, ""gain"": 0.18757115050277307}, {""block"": ""rsma"", ""rho"": 1.0, ""gain"": 0.0}, {""block"": ""star_ris"", ""rho"": 16.0, ""gain"": 0.00372988969198218}, {""block"": ""rsma"", ""rho"": 1.0, ""gain"": -3.552713678800501e-15}, {""block"": ""star_ris"", ""rho"": 64.0, ""gain"": 0.011191809764799387}, {""block"": ""rsma"", ""rho"": 1.0, ""gain"": 3.552713678800501e-15}, {""block"": ""star_ris"", ""rho"": 8.0, ""gain"": 0.007415685856457799}, {""block"": ""rsma"", ""rho"": 1.0, ""gain"": -3.552713678800501e-15}, {""block"": ""star_ris"", ""rho"": 2.0, ""gain"": 0.011027032123170244}, {""block"": ""rsma"", ""rho"": 1.0, ""gain"": 0.0}, {""block"": ""star_ris"", ""rho"": 4.0, ""gain"": 0.02674737055507137}, {""block"": ""rsma"", ""rho"": 1.0, ""gain"": 0.0}, {""block"": ""star_ris"", ""rho"": 8.0, ""gain"": 0.08655172760789043}, {""block"": ""rsma"", ""rho"": 1.0, ""gain"": 0.0}, {""block"": ""star_ris"", ""rho"": 4.0, ""gain"": 0.0025766647819693844}, {""block"": ""rsma"", ""rho"": 1.0, ""gain"": -7.105427357601002e-15}, {""block"": ""star_ris"", ""rho"": 64.0, ""gain"": 0.007358230089970164}, {""block"": ""rsma"", ""rho"": 1.0, ""gain"": 7.105427357601002e-15}, {""block"": ""star_ris"", ""rho"": 64.0, ""gain"": 0.000967458115422204}]",{},2817.534422,1a480db47c5efa1cc1a63abf6aef552d6bf21ecebd475a7bc99d509c20d9fb0d,fc61d5cda7da39530055bae9bd0e92865f995cd9,ae41070d268d283dcc283b0aaf9b960eae1f4ddd22d423577b272c18802a3aae
ao_sca,64,10000,240,test,17.803238986560814,17.803238986560814,1.0,True,0.0,11,4473,22,ao_sca_proximal_physical,analytical_ris_equal_allocation,"[1.8378837576965892, 16.9402249945866, 17.156360480102457, 17.247599692201256, 17.290355665350152, 17.451271049300317, 17.46941989378066, 17.517632296417617, 17.533179295612015, 17.567905050677446, 17.802871512571386, 17.803238986560814]","[{""block"": ""rsma"", ""rho"": 1.0, ""gain"": 14.429622018725572}, {""block"": ""star_ris"", ""rho"": 2.0, ""gain"": 0.6727192181644384}, {""block"": ""rsma"", ""rho"": 1.0, ""gain"": 0.0}, {""block"": ""star_ris"", ""rho"": 4.0, ""gain"": 0.21613548551585637}, {""block"": ""rsma"", ""rho"": 1.0, ""gain"": 0.0}, {""block"": ""star_ris"", ""rho"": 8.0, ""gain"": 0.09123921209879882}, {""block"": ""rsma"", ""rho"": 1.0, ""gain"": 0.0}, {""block"": ""star_ris"", ""rho"": 16.0, ""gain"": 0.04275597314889623}, {""block"": ""rsma"", ""rho"": 1.0, ""gain"": 0.0}, {""block"": ""star_ris"", ""rho"": 4.0, ""gain"": 0.16091538395016514}, {""block"": ""rsma"", ""rho"": 1.0, ""gain"": 0.0}, {""block"": ""star_ris"", ""rho"": 32.0, ""gain"": 0.018148844480343485}, {""block"": ""rsma"", ""rho"": 1.0, ""gain"": -3.552713678800501e-15}, {""block"": ""star_ris"", ""rho"": 4.0, ""gain"": 0.048212402636959695}, {""block"": ""rsma"", ""rho"": 1.0, ""gain"": 0.0}, {""block"": ""star_ris"", ""rho"": 2.0, ""gain"": 0.015546999194398836}, {""block"": ""rsma"", ""rho"": 1.0, ""gain"": 0.0}, {""block"": ""star_ris"", ""rho"": 16.0, ""gain"": 0.03472575506543052}, {""block"": ""rsma"", ""rho"": 1.0, ""gain"": 0.0}, {""block"": ""star_ris"", ""rho"": 2.0, ""gain"": 0.23496646189394}, {""block"": ""rsma"", ""rho"": 1.0, ""gain"": 0.0}, {""block"": ""star_ris"", ""rho"": 8.0, ""gain"": 0.0003674739894279355}]",{},2452.055482,1a480db47c5efa1cc1a63abf6aef552d6bf21ecebd475a7bc99d509c20d9fb0d,fc61d5cda7da39530055bae9bd0e92865f995cd9,ae41070d268d283dcc283b0aaf9b960eae1f4ddd22d423577b272c18802a3aae
ao_sca,64,10000,241,test,18.08445285169162,18.08445285169162,1.0,True,0.0,11,4452,19,ao_sca_proximal_physical,analytical_ris_equal_allocation,"[1.8379428508394067, 17.657595674217774, 17.683644633725166, 17.78463531805604, 17.795714825324886, 17.826099164743, 18.051060216351964, 18.053996925443787, 18.060134268561324, 18.065933617966333, 18.08417149118943, 18.08445285169162]","[{""block"": ""rsma"", ""rho"": 1.0, ""gain"": 15.50724649857681}, {""block"": ""star_ris"", ""rho"": 1.0, ""gain"": 0.3124063248015574}, {""block"": ""rsma"", ""rho"": 1.0, ""gain"": 3.552713678800501e-15}, {""block"": ""star_ris"", ""rho"": 2.0, ""gain"": 0.026048959507388503}, {""block"": ""rsma"", ""rho"": 1.0, ""gain"": 0.0}, {""block"": ""star_ris"", ""rho"": 1.0, ""gain"": 0.1009906843308741}, {""block"": ""rsma"", ""rho"": 1.0, ""gain"": 0.0}, {""block"": ""star_ris"", ""rho"": 1.0, ""gain"": 0.0110795072688461}, {""block"": ""rsma"", ""rho"": 1.0, ""gain"": -7.105427357601002e-15}, {""block"": ""star_ris"", ""rho"": 4.0, ""gain"": 0.03038433941812002}, {""block"": ""rsma"", ""rho"": 1.0, ""gain"": 0.0}, {""block"": ""star_ris"", ""rho"": 2.0, ""gain"": 0.22496105160896462}, {""block"": ""rsma"", ""rho"": 1.0, ""gain"": 0.0}, {""block"": ""star_ris"", ""rho"": 1.0, ""gain"": 0.0029367090918235306}, {""block"": ""rsma"", ""rho"": 1.0, ""gain"": -3.552713678800501e-15}, {""block"": ""star_ris"", ""rho"": 1.0, ""gain"": 0.006137343117540439}, {""block"": ""rsma"", ""rho"": 1.0, ""gain"": 3.552713678800501e-15}, {""block"": ""star_ris"", ""rho"": 4.0, ""gain"": 0.005799349405005927}, {""block"": ""rsma"", ""rho"": 1.0, ""gain"": 0.0}, {""block"": ""star_ris"", ""rho"": 2.0, ""gain"": 0.018237873223096557}, {""block"": ""rsma"", ""rho"": 1.0, ""gain"": 0.0}, {""block"": ""star_ris"", ""rho"": 1.0, ""gain"": 0.0002813605021891874}]",{},2404.150413,1a480db47c5efa1cc1a63abf6aef552d6bf21ecebd475a7bc99d509c20d9fb0d,fc61d5cda7da39530055bae9bd0e92865f995cd9,ae41070d268d283dcc283b0aaf9b960eae1f4ddd22d423577b272c18802a3aae
ao_sca,64,10000,242,test,17.82103649386015,17.82103649386015,1.0,True,0.0,3,1226,5,ao_sca_proximal_physical,analytical_ris_equal_allocation,"[1.8379593336740776, 17.79933214891475, 17.820769369120253, 17.82103649386015]","[{""block"": ""rsma"", ""rho"": 1.0, ""gain"": 15.768237391056132}, {""block"": ""star_ris"", ""rho"": 4.0, ""gain"": 0.19313542418453977}, {""block"": ""rsma"", ""rho"": 1.0, ""gain"": 0.0}, {""block"": ""star_ris"", ""rho"": 32.0, ""gain"": 0.021437220205502427}, {""block"": ""rsma"", ""rho"": 1.0, ""gain"": -3.552713678800501e-15}, {""block"": ""star_ris"", ""rho"": 64.0, ""gain"": 0.00026712473989931595}]",{},683.072978,1a480db47c5efa1cc1a63abf6aef552d6bf21ecebd475a7bc99d509c20d9fb0d,fc61d5cda7da39530055bae9bd0e92865f995cd9,ae41070d268d283dcc283b0aaf9b960eae1f4ddd22d423577b272c18802a3aae
ao_sca,64,10000,243,test,17.54063489106728,17.54063489106728,1.0,True,0.0,9,3667,17,ao_sca_proximal_physical,analytical_ris_equal_allocation,"[1.8379099781744468, 17.487442614877402, 17.4951951065241, 17.501873656180805, 17.518552269024486, 17.52597673784876, 17.534193980285202, 17.537071685753084, 17.540558119214325, 17.54063489106728]","[{""block"": ""rsma"", ""rho"": 1.0, ""gain"": 15.181728676788365}, {""block"": ""star_ris"", ""rho"": 2.0, ""gain"": 0.46780395991459045}, {""block"": ""rsma"", ""rho"": 1.0, ""gain"": 3.552713678800501e-15}, {""block"": ""star_ris"", ""rho"": 8.0, ""gain"": 0.007752491646694892}, {""block"": ""rsma"", ""rho"": 1.0, ""gain"": -3.552713678800501e-15}, {""block"": ""star_ris"", ""rho"": 4.0, ""gain"": 0.0066785496567085545}, {""block"": ""rsma"", ""rho"": 1.0, ""gain"": 0.0}, {""block"": ""star_ris"", ""rho"": 4.0, ""gain"": 0.01667861284368044}, {""block"": ""rsma"", ""rho"": 1.0, ""gain"": -3.552713678800501e-15}, {""block"": ""star_ris"", ""rho"": 32.0, ""gain"": 0.007424468824279273}, {""block"": ""rsma"", ""rho"": 1.0, ""gain"": 0.0}, {""block"": ""star_ris"", ""rho"": 32.0, ""gain"": 0.008217242436440841}, {""block"": ""rsma"", ""rho"": 1.0, ""gain"": 0.0}, {""block"": ""star_ris"", ""rho"": 32.0, ""gain"": 0.002877705467881242}, {""block"": ""rsma"", ""rho"": 1.0, ""gain"": 0.0}, {""block"": ""star_ris"", ""rho"": 16.0, ""gain"": 0.003486433461240779}, {""block"": ""rsma"", ""rho"": 1.0, ""gain"": 0.0}, {""block"": ""star_ris"", ""rho"": 8.0, ""gain"": 7.677185295662525e-05}]",{},2051.83789,1a480db47c5efa1cc1a63abf6aef552d6bf21ecebd475a7bc99d509c20d9fb0d,fc61d5cda7da39530055bae9bd0e92865f995cd9,ae41070d268d283dcc283b0aaf9b960eae1f4ddd22d423577b272c18802a3aae
ao_sca,64,10000,244,test,17.672977938449336,17.672977938449336,1.0,True,0.0,3,1215,6,ao_sca_proximal_physical,analytical_ris_equal_allocation,"[1.8379380451701472, 17.42871850303976, 17.672775393967452, 17.672977938449336]","[{""block"": ""rsma"", ""rho"": 1.0, ""gain"": 15.555439276252407}, {""block"": ""star_ris"", ""rho"": 2.0, ""gain"": 0.035341181617205564}, {""block"": ""rsma"", ""rho"": 1.0, ""gain"": 0.0}, {""block"": ""star_ris"", ""rho"": 1.0, ""gain"": 0.24405689092769123}, {""block"": ""rsma"", ""rho"": 1.0, ""gain"": 3.552713678800501e-15}, {""block"": ""star_ris"", ""rho"": 2.0, ""gain"": 0.00020254448187984053}]",{},669.20566,1a480db47c5efa1cc1a63abf6aef552d6bf21ecebd475a7bc99d509c20d9fb0d,fc61d5cda7da39530055bae9bd0e92865f995cd9,ae41070d268d283dcc283b0aaf9b960eae1f4ddd22d423577b272c18802a3aae
ao_sca,64,10000,245,test,17.966114466223395,17.966114466223395,1.0,True,0.0,20,8109,33,ao_sca_proximal_physical,analytical_ris_equal_allocation,"[1.837845358136667, 17.25316708794449, 17.380460434844867, 17.436898323132002, 17.498702109771717, 17.559449106694245, 17.595899337765115, 17.660166946782162, 17.665804331056606, 17.70542599680386, 17.721220920563866, 17.73140655591138, 17.74532987508883, 17.766526012191783, 17.772006269112083, 17.860089773548836, 17.884934491664712, 17.888276298286534, 17.90070785616083, 17.95229983132876, 17.966114466223395]","[{""block"": ""rsma"", ""rho"": 1.0, ""gain"": 14.187765761651528}, {""block"": ""star_ris"", ""rho"": 1.0, ""gain"": 1.2275559681562953}, {""block"": ""rsma"", ""rho"": 1.0, ""gain"": 0.0}, {""block"": ""star_ris"", ""rho"": 1.0, ""gain"": 0.12729334690037675}, {""block"": ""rsma"", ""rho"": 1.0, ""gain"": 0.0}, {""block"": ""star_ris"", ""rho"": 2.0, ""gain"": 0.05643788828713525}, {""block"": ""rsma"", ""rho"": 1.0, ""gain"": 3.552713678800501e-15}, {""block"": ""star_ris"", ""rho"": 8.0, ""gain"": 0.06180378663971098}, {""block"": ""rsma"", ""rho"": 1.0, ""gain"": 0.0}, {""block"": ""star_ris"", ""rho"": 2.0, ""gain"": 0.060746996922528496}, {""block"": ""rsma"", ""rho"": 1.0, ""gain"": 0.0}, {""block"": ""star_ris"", ""rho"": 2.0, ""gain"": 0.03645023107086942}, {""block"": ""rsma"", ""rho"": 1.0, ""gain"": 0.0}, {""block"": ""star_ris"", ""rho"": 8.0, ""gain"": 0.06426760901704753}, {""block"": ""rsma"", ""rho"": 1.0, ""gain"": 0.0}, {""block"": ""star_ris"", ""rho"": 2.0, ""gain"": 0.005637384274443491}, {""block"": ""rsma"", ""rho"": 1.0, ""gain"": 0.0}, {""block"": ""star_ris"", ""rho"": 1.0, ""gain"": 0.03962166574725501}, {""block"": ""rsma"", ""rho"": 1.0, ""gain"": 0.0}, {""block"": ""star_ris"", ""rho"": 4.0, ""gain"": 0.01579492376000502}, {""block"": ""rsma"", ""rho"": 1.0, ""gain"": 0.0}, {""block"": ""star_ris"", ""rho"": 2.0, ""gain"": 0.010185635347514932}, {""block"": ""rsma"", ""rho"": 1.0, ""gain"": 3.552713678800501e-15}, {""block"": ""star_ris"", ""rho"": 1.0, ""gain"": 0.013923319177447269}, {""block"": ""rsma"", ""rho"": 1.0, ""gain"": 0.0}, {""block"": ""star_ris"", ""rho"": 1.0, ""gain"": 0.021196137102950985}, {""block"": ""rsma"", ""rho"": 1.0, ""gain"": 0.0}, {""block"": ""star_ris"", ""rho"": 4.0, ""gain"": 0.005480256920300519}, {""block"": ""rsma"", ""rho"": 1.0, ""gain"": 3.552713678800501e-15}, {""block"": ""star_ris"", ""rho"": 4.0, ""gain"": 0.0880835044367494}, {""block"": ""rsma"", ""rho"": 1.0, ""gain"": 0.0}, {""block"": ""star_ris"", ""rho"": 1.0, ""gain"": 0.024844718115875963}, {""block"": ""rsma"", ""rho"": 1.0, ""gain"": 0.0}, {""block"": ""star_ris"", ""rho"": 32.0, ""gain"": 0.003341806621822485}, {""block"": ""rsma"", ""rho"": 1.0, ""gain"": 0.0}, {""block"": ""star_ris"", ""rho"": 4.0, ""gain"": 0.012431557874297283}, {""block"": ""rsma"", ""rho"": 1.0, ""gain"": 0.0}, {""block"": ""star_ris"", ""rho"": 2.0, ""gain"": 0.05159197516792702}, {""block"": ""rsma"", ""rho"": 1.0, ""gain"": 0.0}, {""block"": ""star_ris"", ""rho"": 8.0, ""gain"": 0.013814634894636413}]",{},4524.136985,1a480db47c5efa1cc1a63abf6aef552d6bf21ecebd475a7bc99d509c20d9fb0d,fc61d5cda7da39530055bae9bd0e92865f995cd9,ae41070d268d283dcc283b0aaf9b960eae1f4ddd22d423577b272c18802a3aae
ao_sca,64,10000,246,test,18.054549084471653,18.054549084471653,1.0,True,0.0,20,8117,35,ao_sca_proximal_physical,analytical_ris_equal_allocation,"[1.8379024282714145, 17.340341589623666, 17.39094743542308, 17.40325310368217, 17.410231645804906, 17.677135700401138, 17.680304381932515, 17.694963997932998, 17.780076006879757, 17.82415570475929, 17.84682795334072, 17.872281603832832, 17.904101262579495, 17.922309210737303, 17.938645876590368, 17.954952843563625, 17.965833362685093, 17.979341745613446, 17.99927311398818, 18.053411302839955, 18.054549084471653]","[{""block"": ""rsma"", ""rho"": 1.0, ""gain"": 15.107520311441425}, {""block"": ""star_ris"", ""rho"": 1.0, ""gain"": 0.3949188499108267}, {""block"": ""rsma"", ""rho"": 1.0, ""gain"": 0.0}, {""block"": ""star_ris"", ""rho"": 2.0, ""gain"": 0.05060584579941363}, {""block"": ""rsma"", ""rho"": 1.0, ""gain"": 0.0}, {""block"": ""star_ris"", ""rho"": 8.0, ""gain"": 0.012305668259092073}, {""block"": ""rsma"", ""rho"": 1.0, ""gain"": 0.0}, {""block"": ""star_ris"", ""rho"": 2.0, ""gain"": 0.00697854212273441}, {""block"": ""rsma"", ""rho"": 1.0, ""gain"": 0.0}, {""block"": ""star_ris"", ""rho"": 1.0, ""gain"": 0.2669040545962318}, {""block"": ""rsma"", ""rho"": 1.0, ""gain"": 0.0}, {""block"": ""star_ris"", ""rho"": 4.0, ""gain"": 0.003168681531377615}, {""block"": ""rsma"", ""rho"": 1.0, ""gain"": 0.0}, {""block"": ""star_ris"", ""rho"": 2.0, ""gain"": 0.0146596160004826}, {""block"": ""rsma"", ""rho"": 1.0, ""gain"": 0.0}, {""block"": ""star_ris"", ""rho"": 2.0, ""gain"": 0.08511200894675852}, {""block"": ""rsma"", ""rho"": 1.0, ""gain"": 0.0}, {""block"": ""star_ris"", ""rho"": 1.0, ""gain"": 0.04407969787953192}, {""block"": ""rsma"", ""rho"": 1.0, ""gain"": 0.0}, {""block"": ""star_ris"", ""rho"": 4.0, ""gain"": 0.022672248581432797}, {""block"": ""rsma"", ""rho"": 1.0, ""gain"": -3.552713678800501e-15}, {""block"": ""star_ris"", ""rho"": 32.0, ""gain"": 0.02545365049211412}, {""block"": ""rsma"", ""rho"": 1.0, ""gain"": 0.0}, {""block"": ""star_ris"", ""rho"": 4.0, ""gain"": 0.03181965874666304}, {""block"": ""rsma"", ""rho"": 1.0, ""gain"": 0.0}, {""block"": ""star_ris"", ""rho"": 4.0, ""gain"": 0.018207948157808573}, {""block"": ""rsma"", ""rho"": 1.0, ""gain"": 0.0}, {""block"": ""star_ris"", ""rho"": 8.0, ""gain"": 0.016336665853064147}, {""block"": ""rsma"", ""rho"": 1.0, ""gain"": 0.0}, {""block"": ""star_ris"", ""rho"": 2.0, ""gain"": 0.016306966973257175}, {""block"": ""rsma"", ""rho"": 1.0, ""gain"": 0.0}, {""block"": ""star_ris"", ""rho"": 16.0, ""gain"": 0.010880519121467813}, {""block"": ""rsma"", ""rho"": 1.0, ""gain"": 0.0}, {""block"": ""star_ris"", ""rho"": 8.0, ""gain"": 0.013508382928353768}, {""block"": ""rsma"", ""rho"": 1.0, ""gain"": 0.0}, {""block"": ""star_ris"", ""rho"": 4.0, ""gain"": 0.01993136837473486}, {""block"": ""rsma"", ""rho"": 1.0, ""gain"": 0.0}, {""block"": ""star_ris"", ""rho"": 2.0, ""gain"": 0.05413818885177335}, {""block"": ""rsma"", ""rho"": 1.0, ""gain"": 0.0}, {""block"": ""star_ris"", ""rho"": 4.0, ""gain"": 0.001137781631697976}]",{},4510.917279,1a480db47c5efa1cc1a63abf6aef552d6bf21ecebd475a7bc99d509c20d9fb0d,fc61d5cda7da39530055bae9bd0e92865f995cd9,ae41070d268d283dcc283b0aaf9b960eae1f4ddd22d423577b272c18802a3aae
ao_sca,64,10000,247,test,17.926692917956867,17.926692917956867,1.0,True,0.0,12,4868,23,ao_sca_proximal_physical,analytical_ris_equal_allocation,"[1.837853872166604, 17.341354868335653, 17.732099224337393, 17.766510478017356, 17.82819146917348, 17.83530138248294, 17.839976230254102, 17.85001869357716, 17.87915666838275, 17.909701998291844, 17.919730153529727, 17.926414772183588, 17.926692917956867]","[{""block"": ""rsma"", ""rho"": 1.0, ""gain"": 14.07338663623366}, {""block"": ""star_ris"", ""rho"": 1.0, ""gain"": 1.4301143599353878}, {""block"": ""rsma"", ""rho"": 1.0, ""gain"": 0.0}, {""block"": ""star_ris"", ""rho"": 1.0, ""gain"": 0.39074435600173985}, {""block"": ""rsma"", ""rho"": 1.0, ""gain"": 3.552713678800501e-15}, {""block"": ""star_ris"", ""rho"": 4.0, ""gain"": 0.03441125367995923}, {""block"": ""rsma"", ""rho"": 1.0, ""gain"": 0.0}, {""block"": ""star_ris"", ""rho"": 4.0, ""gain"": 0.061680991156123355}, {""block"": ""rsma"", ""rho"": 1.0, ""gain"": 3.552713678800501e-15}, {""block"": ""star_ris"", ""rho"": 4.0, ""gain"": 0.007109913309456317}, {""block"": ""rsma"", ""rho"": 1.0, ""gain"": 0.0}, {""block"": ""star_ris"", ""rho"": 4.0, ""gain"": 0.004674847771163115}, {""block"": ""rsma"", ""rho"": 1.0, ""gain"": 0.0}, {""block"": ""star_ris"", ""rho"": 1.0, ""gain"": 0.010042463323056694}, {""block"": ""rsma"", ""rho"": 1.0, ""gain"": 3.552713678800501e-15}, {""block"": ""star_ris"", ""rho"": 4.0, ""gain"": 0.029137974805585998}, {""block"": ""rsma"", ""rho"": 1.0, ""gain"": 0.0}, {""block"": ""star_ris"", ""rho"": 2.0, ""gain"": 0.030545329909095642}, {""block"": ""rsma"", ""rho"": 1.0, ""gain"": 0.0}, {""block"": ""star_ris"", ""rho"": 64.0, ""gain"": 0.01002815523788314}, {""block"": ""rsma"", ""rho"": 1.0, ""gain"": 0.0}, {""block"": ""star_ris"", ""rho"": 2.0, ""gain"": 0.006684618653860497}, {""block"": ""rsma"", ""rho"": 1.0, ""gain"": 0.0}, {""block"": ""star_ris"", ""rho"": 2.0, ""gain"": 0.0002781457732794479}]",{},2705.873636,1a480db47c5efa1cc1a63abf6aef552d6bf21ecebd475a7bc99d509c20d9fb0d,fc61d5cda7da39530055bae9bd0e92865f995cd9,ae41070d268d283dcc283b0aaf9b960eae1f4ddd22d423577b272c18802a3aae
ao_sca,64,10000,248,test,18.24495366651784,18.24495366651784,1.0,True,0.0,14,5675,27,ao_sca_proximal_physical,analytical_ris_equal_allocation,"[1.8379350176795497, 17.43269848913605, 17.537905986924056, 17.652466869176113, 17.701437732116407, 17.726958765318173, 17.885245370113033, 17.904578017622434, 17.921776417725873, 18.00575796165719, 18.169554630536265, 18.20453774084968, 18.213433569309757, 18.243222476207567, 18.24495366651784]","[{""block"": ""rsma"", ""rho"": 1.0, ""gain"": 15.373780278295078}, {""block"": ""star_ris"", ""rho"": 1.0, ""gain"": 0.22098319316142323}, {""block"": ""rsma"", ""rho"": 1.0, ""gain"": 0.0}, {""block"": ""star_ris"", ""rho"": 1.0, ""gain"": 0.10520749778800464}, {""block"": ""rsma"", ""rho"": 1.0, ""gain"": 0.0}, {""block"": ""star_ris"", ""rho"": 1.0, ""gain"": 0.11456088225205718}, {""block"": ""rsma"", ""rho"": 1.0, ""gain"": 0.0}, {""block"": ""star_ris"", ""rho"": 1.0, ""gain"": 0.04897086294029407}, {""block"": ""rsma"", ""rho"": 1.0, ""gain"": 0.0}, {""block"": ""star_ris"", ""rho"": 1.0, ""gain"": 0.02552103320176613}, {""block"": ""rsma"", ""rho"": 1.0, ""gain"": -3.552713678800501e-15}, {""block"": ""star_ris"", ""rho"": 1.0, ""gain"": 0.15828660479486345}, {""block"": ""rsma"", ""rho"": 1.0, ""gain"": 0.0}, {""block"": ""star_ris"", ""rho"": 16.0, ""gain"": 0.019332647509401113}, {""block"": ""rsma"", ""rho"": 1.0, ""gain"": 0.0}, {""block"": ""star_ris"", ""rho"": 4.0, ""gain"": 0.01719840010343887}, {""block"": ""rsma"", ""rho"": 1.0, ""gain"": 0.0}, {""block"": ""star_ris"", ""rho"": 1.0, ""gain"": 0.08398154393131563}, {""block"": ""rsma"", ""rho"": 1.0, ""gain"": 0.0}, {""block"": ""star_ris"", ""rho"": 1.0, ""gain"": 0.16379666887907618}, {""block"": ""rsma"", ""rho"": 1.0, ""gain"": 0.0}, {""block"": ""star_ris"", ""rho"": 8.0, ""gain"": 0.03498311031341572}, {""block"": ""rsma"", ""rho"": 1.0, ""gain"": 0.0}, {""block"": ""star_ris"", ""rho"": 8.0, ""gain"": 0.008895828460076416}, {""block"": ""rsma"", ""rho"": 1.0, ""gain"": 0.0}, {""block"": ""star_ris"", ""rho"": 8.0, ""gain"": 0.029788906897810108}, {""block"": ""rsma"", ""rho"": 1.0, ""gain"": 0.0}, {""block"": ""star_ris"", ""rho"": 8.0, ""gain"": 0.0017311903102736892}]",{},3055.869203,1a480db47c5efa1cc1a63abf6aef552d6bf21ecebd475a7bc99d509c20d9fb0d,fc61d5cda7da39530055bae9bd0e92865f995cd9,ae41070d268d283dcc283b0aaf9b960eae1f4ddd22d423577b272c18802a3aae
ao_sca,64,10000,249,test,18.049281583099532,18.049281583099532,1.0,True,0.0,15,6092,29,ao_sca_proximal_physical,analytical_ris_equal_allocation,"[1.8378955973117725, 17.243388570196117, 17.740640603877637, 17.76228274765644, 17.830026057022877, 17.85136985305084, 17.862173694726696, 17.90696282013213, 17.929458267941126, 17.94404857002618, 17.95178714146074, 17.987465155486383, 18.009744488547955, 18.04172596921581, 18.04857418388687, 18.049281583099535]","[{""block"": ""rsma"", ""rho"": 1.0, ""gain"": 14.43233892075286}, {""block"": ""star_ris"", ""rho"": 1.0, ""gain"": 0.9731540521314841}, {""block"": ""rsma"", ""rho"": 1.0, ""gain"": 0.0}, {""block"": ""star_ris"", ""rho"": 1.0, ""gain"": 0.4972520336815194}, {""block"": ""rsma"", ""rho"": 1.0, ""gain"": 0.0}, {""block"": ""star_ris"", ""rho"": 2.0, ""gain"": 0.021642143778802136}, {""block"": ""rsma"", ""rho"": 1.0, ""gain"": 0.0}, {""block"": ""star_ris"", ""rho"": 16.0, ""gain"": 0.06774330936643835}, {""block"": ""rsma"", ""rho"": 1.0, ""gain"": 0.0}, {""block"": ""star_ris"", ""rho"": 1.0, ""gain"": 0.021343796027963435}, {""block"": ""rsma"", ""rho"": 1.0, ""gain"": 0.0}, {""block"": ""star_ris"", ""rho"": 8.0, ""gain"": 0.010803841675855352}, {""block"": ""rsma"", ""rho"": 1.0, ""gain"": 0.0}, {""block"": ""star_ris"", ""rho"": 8.0, ""gain"": 0.04478912540543334}, {""block"": ""rsma"", ""rho"": 1.0, ""gain"": 0.0}, {""block"": ""star_ris"", ""rho"": 4.0, ""gain"": 0.02249544780899626}, {""block"": ""rsma"", ""rho"": 1.0, ""gain"": 0.0}, {""block"": ""star_ris"", ""rho"": 4.0, ""gain"": 0.014590302085053963}, {""block"": ""rsma"", ""rho"": 1.0, ""gain"": 3.552713678800501e-15}, {""block"": ""star_ris"", ""rho"": 2.0, ""gain"": 0.007738571434558139}, {""block"": ""rsma"", ""rho"": 1.0, ""gain"": 0.0}, {""block"": ""star_ris"", ""rho"": 8.0, ""gain"": 0.03567801402564186}, {""block"": ""rsma"", ""rho"": 1.0, ""gain"": 0.0}, {""block"": ""star_ris"", ""rho"": 8.0, ""gain"": 0.02227933306157226}, {""block"": ""rsma"", ""rho"": 1.0, ""gain"": 3.552713678800501e-15}, {""block"": ""star_ris"", ""rho"": 8.0, ""gain"": 0.031981480667852225}, {""block"": ""rsma"", ""rho"": 1.0, ""gain"": 0.0}, {""block"": ""star_ris"", ""rho"": 16.0, ""gain"": 0.006848214671059338}, {""block"": ""rsma"", ""rho"": 1.0, ""gain"": -3.552713678800501e-15}, {""block"": ""star_ris"", ""rho"": 4.0, ""gain"": 0.0007073992126684914}]",{},3274.616798,1a480db47c5efa1cc1a63abf6aef552d6bf21ecebd475a7bc99d509c20d9fb0d,fc61d5cda7da39530055bae9bd0e92865f995cd9,ae41070d268d283dcc283b0aaf9b960eae1f4ddd22d423577b272c18802a3aae
