method,seed,scenario,split,sum_rate,reward,qos_fraction,all_qos,violation,iterations,evaluations,accepted_steps,solver,initialization,objective_history,surrogate_records,grid,solve_ms,config_hash,git_commit,bank_checksum
ao_grid,10000,250,test,3.9818600381865927,3.9818600381865927,1.0,True,0.0,2,1471,0,ao_grid_coordinate_codebook,analytical_ris_equal_allocation,"[1.8368769297060998, 3.981806011696902, 3.9818600381865927]",[],"{""allocation_levels"": 7, ""beta_levels"": 5, ""phase_levels"": 8}",552.415073,2a8450eb5d4f6f05c03681c57cc71c0590f449be523644dbfde0384d2f23053d,fc61d5cda7da39530055bae9bd0e92865f995cd9,6ec54735c1c2c35cd253d9d3d23295783293b6d64c65204dfcab16b2d59ebbef
ao_grid,10000,251,test,3.981951712688894,3.981951712688894,1.0,True,0.0,2,1471,0,ao_grid_coordinate_codebook,analytical_ris_equal_allocation,"[1.837476878262868, 3.981936880384814, 3.981951712688894]",[],"{""allocation_levels"": 7, ""beta_levels"": 5, ""phase_levels"": 8}",560.301948,2a8450eb5d4f6f05c03681c57cc71c0590f449be523644dbfde0384d2f23053d,fc61d5cda7da39530055bae9bd0e92865f995cd9,6ec54735c1c2c35cd253d9d3d23295783293b6d64c65204dfcab16b2d59ebbef
ao_grid,10000,252,test,3.981913393442007,3.981913393442007,1.0,True,0.0,2,1471,0,ao_grid_coordinate_codebook,analytical_ris_equal_allocation,"[1.8375345855388385, 3.981899376034545, 3.981913393442007]",[],"{""allocation_levels"": 7, ""beta_levels"": 5, ""phase_levels"": 8}",697.979969,2a8450eb5d4f6f05c03681c57cc71c0590f449be523644dbfde0384d2f23053d,fc61d5cda7da39530055bae9bd0e92865f995cd9,6ec54735c1c2c35cd253d9d3d23295783293b6d64c65204dfcab16b2d59ebbef
ao_grid,10000,253,test,3.9818941746436365,3.9818941746436365,1.0,True,0.0,2,1471,0,ao_grid_coordinate_codebook,analytical_ris_equal_allocation,"[1.8372457028758782, 3.9818849026128778, 3.9818941746436365]",[],"{""allocation_levels"": 7, ""beta_levels"": 5, ""phase_levels"": 8}",539.197737,2a8450eb5d4f6f05c03681c57cc71c0590f449be523644dbfde0384d2f23053d,fc61d5cda7da39530055bae9bd0e92865f995cd9,6ec54735c1c2c35cd253d9d3d23295783293b6d64c65204dfcab16b2d59ebbef
ao_grid,10000,254,test,3.9819136918869393,3.9819136918869393,1.0,True,0.0,2,1471,0,ao_grid_coordinate_codebook,analytical_ris_equal_allocation,"[1.8373813098605616, 3.9818898611037152, 3.9819136918869393]",[],"{""allocation_levels"": 7, ""beta_levels"": 5, ""phase_levels"": 8}",544.773761,2a8450eb5d4f6f05c03681c57cc71c0590f449be523644dbfde0384d2f23053d,fc61d5cda7da39530055bae9bd0e92865f995cd9,6ec54735c1c2c35cd253d9d3d23295783293b6d64c65204dfcab16b2d59ebbef
ao_grid,10000,255,test,3.9819135034609685,3.9819135034609685,1.0,True,0.0,2,1471,0,ao_grid_coordinate_codebook,analytical_ris_equal_allocation,"[1.8373388423010146, 3.981899208457646, 3.9819135034609685]",[],"{""allocation_levels"": 7, ""beta_levels"": 5, ""phase_levels"": 8}",529.546115,2a8450eb5d4f6f05c03681c57cc71c0590f449be523644dbfde0384d2f23053d,fc61d5cda7da39530055bae9bd0e92865f995cd9,6ec54735c1c2c35cd253d9d3d23295783293b6d64c65204dfcab16b2d59ebbef
ao_grid,10000,256,test,3.981965033377721,3.981965033377721,1.0,True,0.0,2,1471,0,ao_grid_coordinate_codebook,analytical_ris_equal_allocation,"[1.837558404372461, 3.981949726631284, 3.981965033377721]",[],"{""allocation_levels"": 7, ""beta_levels"": 5, ""phase_levels"": 8}",541.935906,2a8450eb5d4f6f05c03681c57cc71c0590f449be523644dbfde0384d2f23053d,fc61d5cda7da39530055bae9bd0e92865f995cd9,6ec54735c1c2c35cd253d9d3d23295783293b6d64c65204dfcab16b2d59ebbef
ao_grid,10000,257,test,3.9819287732393196,3.9819287732393196,1.0,True,0.0,2,1471,0,ao_grid_coordinate_codebook,analytical_ris_equal_allocation,"[1.836773403838777, 3.981902843639082, 3.9819287732393196]",[],"{""allocation_levels"": 7, ""beta_levels"": 5, ""phase_levels"": 8}",542.885213,2a8450eb5d4f6f05c03681c57cc71c0590f449be523644dbfde0384d2f23053d,fc61d5cda7da39530055bae9bd0e92865f995cd9,6ec54735c1c2c35cd253d9d3d23295783293b6d64c65204dfcab16b2d59ebbef
ao_grid,10000,258,test,3.9818819015674944,3.9818819015674944,1.0,True,0.0,2,1471,0,ao_grid_coordinate_codebook,analytical_ris_equal_allocation,"[1.8368057104366946, 3.98185707605732, 3.9818819015674944]",[],"{""allocation_levels"": 7, ""beta_levels"": 5, ""phase_levels"": 8}",542.443555,2a8450eb5d4f6f05c03681c57cc71c0590f449be523644dbfde0384d2f23053d,fc61d5cda7da39530055bae9bd0e92865f995cd9,6ec54735c1c2c35cd253d9d3d23295783293b6d64c65204dfcab16b2d59ebbef
ao_grid,10000,259,test,3.9819350296674507,3.9819350296674507,1.0,True,0.0,2,1471,0,ao_grid_coordinate_codebook,analytical_ris_equal_allocation,"[1.8376135383918886, 3.9819169077763816, 3.9819350296674507]",[],"{""allocation_levels"": 7, ""beta_levels"": 5, ""phase_levels"": 8}",540.935425,2a8450eb5d4f6f05c03681c57cc71c0590f449be523644dbfde0384d2f23053d,fc61d5cda7da39530055bae9bd0e92865f995cd9,6ec54735c1c2c35cd253d9d3d23295783293b6d64c65204dfcab16b2d59ebbef
ao_grid,10000,260,test,3.98194451653897,3.98194451653897,1.0,True,0.0,2,1471,0,ao_grid_coordinate_codebook,analytical_ris_equal_allocation,"[1.8374998295782563, 3.9819293252901273, 3.98194451653897]",[],"{""allocation_levels"": 7, ""beta_levels"": 5, ""phase_levels"": 8}",530.25082,2a8450eb5d4f6f05c03681c57cc71c0590f449be523644dbfde0384d2f23053d,fc61d5cda7da39530055bae9bd0e92865f995cd9,6ec54735c1c2c35cd253d9d3d23295783293b6d64c65204dfcab16b2d59ebbef
ao_grid,10000,261,test,3.9818454122710802,3.9818454122710802,1.0,True,0.0,2,1471,0,ao_grid_coordinate_codebook,analytical_ris_equal_allocation,"[1.8368376302872482, 3.981812748897057, 3.9818454122710802]",[],"{""allocation_levels"": 7, ""beta_levels"": 5, ""phase_levels"": 8}",540.354924,2a8450eb5d4f6f05c03681c57cc71c0590f449be523644dbfde0384d2f23053d,fc61d5cda7da39530055bae9bd0e92865f995cd9,6ec54735c1c2c35cd253d9d3d23295783293b6d64c65204dfcab16b2d59ebbef
ao_grid,10000,262,test,3.98187052149812,3.98187052149812,1.0,True,0.0,2,1471,0,ao_grid_coordinate_codebook,analytical_ris_equal_allocation,"[1.8370472946785668, 3.9818513915068827, 3.98187052149812]",[],"{""allocation_levels"": 7, ""beta_levels"": 5, ""phase_levels"": 8}",540.609129,2a8450eb5d4f6f05c03681c57cc71c0590f449be523644dbfde0384d2f23053d,fc61d5cda7da39530055bae9bd0e92865f995cd9,6ec54735c1c2c35cd253d9d3d23295783293b6d64c65204dfcab16b2d59ebbef
ao_grid,10000,263,test,3.98193367267835,3.98193367267835,1.0,True,0.0,2,1471,0,ao_grid_coordinate_codebook,analytical_ris_equal_allocation,"[1.8374603314796845, 3.981922832061, 3.98193367267835]",[],"{""allocation_levels"": 7, ""beta_levels"": 5, ""phase_levels"": 8}",544.000099,2a8450eb5d4f6f05c03681c57cc71c0590f449be523644dbfde0384d2f23053d,fc61d5cda7da39530055bae9bd0e92865f995cd9,6ec54735c1c2c35cd253d9d3d23295783293b6d64c65204dfcab16b2d59ebbef
ao_grid,10000,264,test,3.9819203030034194,3.9819203030034194,1.0,True,0.0,2,1471,0,ao_grid_coordinate_codebook,analytical_ris_equal_allocation,"[1.8374635673486632, 3.9819001504809663, 3.9819203030034194]",[],"{""allocation_levels"": 7, ""beta_levels"": 5, ""phase_levels"": 8}",543.001406,2a8450eb5d4f6f05c03681c57cc71c0590f449be523644dbfde0384d2f23053d,fc61d5cda7da39530055bae9bd0e92865f995cd9,6ec54735c1c2c35cd253d9d3d23295783293b6d64c65204dfcab16b2d59ebbef
ao_grid,10000,265,test,3.9819126997102328,3.9819126997102328,1.0,True,0.0,2,1471,0,ao_grid_coordinate_codebook,analytical_ris_equal_allocation,"[1.8373816090320174, 3.981897276548599, 3.9819126997102328]",[],"{""allocation_levels"": 7, ""beta_levels"": 5, ""phase_levels"": 8}",542.244795,2a8450eb5d4f6f05c03681c57cc71c0590f449be523644dbfde0384d2f23053d,fc61d5cda7da39530055bae9bd0e92865f995cd9,6ec54735c1c2c35cd253d9d3d23295783293b6d64c65204dfcab16b2d59ebbef
ao_grid,10000,266,test,3.981933347234145,3.981933347234145,1.0,True,0.0,2,1471,0,ao_grid_coordinate_codebook,analytical_ris_equal_allocation,"[1.8372323131195458, 3.981908491392393, 3.981933347234145]",[],"{""allocation_levels"": 7, ""beta_levels"": 5, ""phase_levels"": 8}",546.877411,2a8450eb5d4f6f05c03681c57cc71c0590f449be523644dbfde0384d2f23053d,fc61d5cda7da39530055bae9bd0e92865f995cd9,6ec54735c1c2c35cd253d9d3d23295783293b6d64c65204dfcab16b2d59ebbef
ao_grid,10000,267,test,3.981939972207818,3.981939972207818,1.0,True,0.0,2,1471,0,ao_grid_coordinate_codebook,analytical_ris_equal_allocation,"[1.8374733672770915, 3.9819244911453353, 3.981939972207818]",[],"{""allocation_levels"": 7, ""beta_levels"": 5, ""phase_levels"": 8}",550.450345,2a8450eb5d4f6f05c03681c57cc71c0590f449be523644dbfde0384d2f23053d,fc61d5cda7da39530055bae9bd0e92865f995cd9,6ec54735c1c2c35cd253d9d3d23295783293b6d64c65204dfcab16b2d59ebbef
ao_grid,10000,268,test,3.9819020505559135,3.9819020505559135,1.0,True,0.0,2,1471,0,ao_grid_coordinate_codebook,analytical_ris_equal_allocation,"[1.837356528127904, 3.981876954951877, 3.9819020505559135]",[],"{""allocation_levels"": 7, ""beta_levels"": 5, ""phase_levels"": 8}",559.617609,2a8450eb5d4f6f05c03681c57cc71c0590f449be523644dbfde0384d2f23053d,fc61d5cda7da39530055bae9bd0e92865f995cd9,6ec54735c1c2c35cd253d9d3d23295783293b6d64c65204dfcab16b2d59ebbef
ao_grid,10000,269,test,3.981737009194669,3.981737009194669,1.0,True,0.0,2,1471,0,ao_grid_coordinate_codebook,analytical_ris_equal_allocation,"[1.8367637262203167, 3.981687381874889, 3.981737009194669]",[],"{""allocation_levels"": 7, ""beta_levels"": 5, ""phase_levels"": 8}",558.5823,2a8450eb5d4f6f05c03681c57cc71c0590f449be523644dbfde0384d2f23053d,fc61d5cda7da39530055bae9bd0e92865f995cd9,6ec54735c1c2c35cd253d9d3d23295783293b6d64c65204dfcab16b2d59ebbef
ao_grid,10000,270,test,3.9818169333595934,3.9818169333595934,1.0,True,0.0,2,1471,0,ao_grid_coordinate_codebook,analytical_ris_equal_allocation,"[1.836959547732963, 3.981786237062943, 3.9818169333595934]",[],"{""allocation_levels"": 7, ""beta_levels"": 5, ""phase_levels"": 8}",603.371621,2a8450eb5d4f6f05c03681c57cc71c0590f449be523644dbfde0384d2f23053d,fc61d5cda7da39530055bae9bd0e92865f995cd9,6ec54735c1c2c35cd253d9d3d23295783293b6d64c65204dfcab16b2d59ebbef
ao_grid,10000,271,test,3.9820012618985325,3.9820012618985325,1.0,True,0.0,2,1471,0,ao_grid_coordinate_codebook,analytical_ris_equal_allocation,"[1.8378046237677659, 3.9819888859332035, 3.9820012618985325]",[],"{""allocation_levels"": 7, ""beta_levels"": 5, ""phase_levels"": 8}",552.999037,2a8450eb5d4f6f05c03681c57cc71c0590f449be523644dbfde0384d2f23053d,fc61d5cda7da39530055bae9bd0e92865f995cd9,6ec54735c1c2c35cd253d9d3d23295783293b6d64c65204dfcab16b2d59ebbef
ao_grid,10000,272,test,3.98196195163351,3.98196195163351,1.0,True,0.0,2,1471,0,ao_grid_coordinate_codebook,analytical_ris_equal_allocation,"[1.8377589992829928, 3.9819551307482928, 3.98196195163351]",[],"{""allocation_levels"": 7, ""beta_levels"": 5, ""phase_levels"": 8}",547.828518,2a8450eb5d4f6f05c03681c57cc71c0590f449be523644dbfde0384d2f23053d,fc61d5cda7da39530055bae9bd0e92865f995cd9,6ec54735c1c2c35cd253d9d3d23295783293b6d64c65204dfcab16b2d59ebbef
ao_grid,10000,273,test,3.981934881485917,3.981934881485917,1.0,True,0.0,2,1471,0,ao_grid_coordinate_codebook,analytical_ris_equal_allocation,"[1.8375062397392765, 3.981911314097979, 3.981934881485917]",[],"{""allocation_levels"": 7, ""beta_levels"": 5, ""phase_levels"": 8}",535.05667,2a8450eb5d4f6f05c03681c57cc71c0590f449be523644dbfde0384d2f23053d,fc61d5cda7da39530055bae9bd0e92865f995cd9,6ec54735c1c2c35cd253d9d3d23295783293b6d64c65204dfcab16b2d59ebbef
ao_grid,10000,274,test,3.981935173689619,3.981935173689619,1.0,True,0.0,2,1471,0,ao_grid_coordinate_codebook,analytical_ris_equal_allocation,"[1.8365979180685548, 3.9818971288979705, 3.981935173689619]",[],"{""allocation_levels"": 7, ""beta_levels"": 5, ""phase_levels"": 8}",550.695979,2a8450eb5d4f6f05c03681c57cc71c0590f449be523644dbfde0384d2f23053d,fc61d5cda7da39530055bae9bd0e92865f995cd9,6ec54735c1c2c35cd253d9d3d23295783293b6d64c65204dfcab16b2d59ebbef
ao_grid,10000,275,test,3.9818687413688822,3.9818687413688822,1.0,True,0.0,2,1471,0,ao_grid_coordinate_codebook,analytical_ris_equal_allocation,"[1.8371640176830013, 3.98185221833962, 3.9818687413688822]",[],"{""allocation_levels"": 7, ""beta_levels"": 5, ""phase_levels"": 8}",542.411891,2a8450eb5d4f6f05c03681c57cc71c0590f449be523644dbfde0384d2f23053d,fc61d5cda7da39530055bae9bd0e92865f995cd9,6ec54735c1c2c35cd253d9d3d23295783293b6d64c65204dfcab16b2d59ebbef
ao_grid,10000,276,test,3.981857472923092,3.981857472923092,1.0,True,0.0,2,1471,0,ao_grid_coordinate_codebook,analytical_ris_equal_allocation,"[1.8371619832926613, 3.9818318514008597, 3.981857472923092]",[],"{""allocation_levels"": 7, ""beta_levels"": 5, ""phase_levels"": 8}",541.314086,2a8450eb5d4f6f05c03681c57cc71c0590f449be523644dbfde0384d2f23053d,fc61d5cda7da39530055bae9bd0e92865f995cd9,6ec54735c1c2c35cd253d9d3d23295783293b6d64c65204dfcab16b2d59ebbef
ao_grid,10000,277,test,3.9819615155708012,3.9819615155708012,1.0,True,0.0,2,1471,0,ao_grid_coordinate_codebook,analytical_ris_equal_allocation,"[1.8376590999294908, 3.981926222015006, 3.9819615155708012]",[],"{""allocation_levels"": 7, ""beta_levels"": 5, ""phase_levels"": 8}",546.697952,2a8450eb5d4f6f05c03681c57cc71c0590f449be523644dbfde0384d2f23053d,fc61d5cda7da39530055bae9bd0e92865f995cd9,6ec54735c1c2c35cd253d9d3d23295783293b6d64c65204dfcab16b2d59ebbef
ao_grid,10000,278,test,3.9819297865513743,3.9819297865513743,1.0,True,0.0,2,1471,0,ao_grid_coordinate_codebook,analytical_ris_equal_allocation,"[1.8372906828011264, 3.9819015544361744, 3.9819297865513743]",[],"{""allocation_levels"": 7, ""beta_levels"": 5, ""phase_levels"": 8}",554.557603,2a8450eb5d4f6f05c03681c57cc71c0590f449be523644dbfde0384d2f23053d,fc61d5cda7da39530055bae9bd0e92865f995cd9,6ec54735c1c2c35cd253d9d3d23295783293b6d64c65204dfcab16b2d59ebbef
ao_grid,10000,279,test,3.981940643231672,3.981940643231672,1.0,True,0.0,2,1471,0,ao_grid_coordinate_codebook,analytical_ris_equal_allocation,"[1.8376121153359912, 3.9819269134355864, 3.981940643231672]",[],"{""allocation_levels"": 7, ""beta_levels"": 5, ""phase_levels"": 8}",546.643349,2a8450eb5d4f6f05c03681c57cc71c0590f449be523644dbfde0384d2f23053d,fc61d5cda7da39530055bae9bd0e92865f995cd9,6ec54735c1c2c35cd253d9d3d23295783293b6d64c65204dfcab16b2d59ebbef
ao_grid,10000,280,test,3.98192723351636,3.98192723351636,1.0,True,0.0,2,1471,0,ao_grid_coordinate_codebook,analytical_ris_equal_allocation,"[1.8370846719669445, 3.981895585779193, 3.98192723351636]",[],"{""allocation_levels"": 7, ""beta_levels"": 5, ""phase_levels"": 8}",554.44006,2a8450eb5d4f6f05c03681c57cc71c0590f449be523644dbfde0384d2f23053d,fc61d5cda7da39530055bae9bd0e92865f995cd9,6ec54735c1c2c35cd253d9d3d23295783293b6d64c65204dfcab16b2d59ebbef
ao_grid,10000,281,test,3.9819326026911597,3.9819326026911597,1.0,True,0.0,2,1471,0,ao_grid_coordinate_codebook,analytical_ris_equal_allocation,"[1.8372334568042084, 3.9819022916436513, 3.9819326026911597]",[],"{""allocation_levels"": 7, ""beta_levels"": 5, ""phase_levels"": 8}",563.472165,2a8450eb5d4f6f05c03681c57cc71c0590f449be523644dbfde0384d2f23053d,fc61d5cda7da39530055bae9bd0e92865f995cd9,6ec54735c1c2c35cd253d9d3d23295783293b6d64c65204dfcab16b2d59ebbef
ao_grid,10000,282,test,3.9819238129820045,3.9819238129820045,1.0,True,0.0,2,1471,0,ao_grid_coordinate_codebook,analytical_ris_equal_allocation,"[1.8373112969784395, 3.9819080569517333, 3.9819238129820045]",[],"{""allocation_levels"": 7, ""beta_levels"": 5, ""phase_levels"": 8}",552.607135,2a8450eb5d4f6f05c03681c57cc71c0590f449be523644dbfde0384d2f23053d,fc61d5cda7da39530055bae9bd0e92865f995cd9,6ec54735c1c2c35cd253d9d3d23295783293b6d64c65204dfcab16b2d59ebbef
ao_grid,10000,283,test,3.9818222942241444,3.9818222942241444,1.0,True,0.0,2,1471,0,ao_grid_coordinate_codebook,analytical_ris_equal_allocation,"[1.8362745751563452, 3.981784451365578, 3.9818222942241444]",[],"{""allocation_levels"": 7, ""beta_levels"": 5, ""phase_levels"": 8}",577.138284,2a8450eb5d4f6f05c03681c57cc71c0590f449be523644dbfde0384d2f23053d,fc61d5cda7da39530055bae9bd0e92865f995cd9,6ec54735c1c2c35cd253d9d3d23295783293b6d64c65204dfcab16b2d59ebbef
ao_grid,10000,284,test,3.981938082862029,3.981938082862029,1.0,True,0.0,2,1471,0,ao_grid_coordinate_codebook,analytical_ris_equal_allocation,"[1.8374709088544456, 3.9819210346459704, 3.981938082862029]",[],"{""allocation_levels"": 7, ""beta_levels"": 5, ""phase_levels"": 8}",561.30088,2a8450eb5d4f6f05c03681c57cc71c0590f449be523644dbfde0384d2f23053d,fc61d5cda7da39530055bae9bd0e92865f995cd9,6ec54735c1c2c35cd253d9d3d23295783293b6d64c65204dfcab16b2d59ebbef
ao_grid,10000,285,test,3.9818792574458053,3.9818792574458053,1.0,True,0.0,2,1471,0,ao_grid_coordinate_codebook,analytical_ris_equal_allocation,"[1.8372946379233024, 3.981833737611419, 3.9818792574458053]",[],"{""allocation_levels"": 7, ""beta_levels"": 5, ""phase_levels"": 8}",545.329663,2a8450eb5d4f6f05c03681c57cc71c0590f449be523644dbfde0384d2f23053d,fc61d5cda7da39530055bae9bd0e92865f995cd9,6ec54735c1c2c35cd253d9d3d23295783293b6d64c65204dfcab16b2d59ebbef
ao_grid,10000,286,test,3.9818642386381535,3.9818642386381535,1.0,True,0.0,2,1471,0,ao_grid_coordinate_codebook,analytical_ris_equal_allocation,"[1.8373327841567626, 3.9818378827904657, 3.9818642386381535]",[],"{""allocation_levels"": 7, ""beta_levels"": 5, ""phase_levels"": 8}",533.222371,2a8450eb5d4f6f05c03681c57cc71c0590f449be523644dbfde0384d2f23053d,fc61d5cda7da39530055bae9bd0e92865f995cd9,6ec54735c1c2c35cd253d9d3d23295783293b6d64c65204dfcab16b2d59ebbef
ao_grid,10000,287,test,3.981933568605325,3.981933568605325,1.0,True,0.0,2,1471,0,ao_grid_coordinate_codebook,analytical_ris_equal_allocation,"[1.8374390468222053, 3.981912961393018, 3.981933568605325]",[],"{""allocation_levels"": 7, ""beta_levels"": 5, ""phase_levels"": 8}",582.88615,2a8450eb5d4f6f05c03681c57cc71c0590f449be523644dbfde0384d2f23053d,fc61d5cda7da39530055bae9bd0e92865f995cd9,6ec54735c1c2c35cd253d9d3d23295783293b6d64c65204dfcab16b2d59ebbef
ao_grid,10000,288,test,3.9819436589846307,3.9819436589846307,1.0,True,0.0,2,1471,0,ao_grid_coordinate_codebook,analytical_ris_equal_allocation,"[1.83769585715862, 3.981934151360445, 3.9819436589846307]",[],"{""allocation_levels"": 7, ""beta_levels"": 5, ""phase_levels"": 8}",579.737709,2a8450eb5d4f6f05c03681c57cc71c0590f449be523644dbfde0384d2f23053d,fc61d5cda7da39530055bae9bd0e92865f995cd9,6ec54735c1c2c35cd253d9d3d23295783293b6d64c65204dfcab16b2d59ebbef
ao_grid,10000,289,test,3.9819418278202825,3.9819418278202825,1.0,True,0.0,2,1471,0,ao_grid_coordinate_codebook,analytical_ris_equal_allocation,"[1.837565416086189, 3.981931813179835, 3.9819418278202825]",[],"{""allocation_levels"": 7, ""beta_levels"": 5, ""phase_levels"": 8}",539.882295,2a8450eb5d4f6f05c03681c57cc71c0590f449be523644dbfde0384d2f23053d,fc61d5cda7da39530055bae9bd0e92865f995cd9,6ec54735c1c2c35cd253d9d3d23295783293b6d64c65204dfcab16b2d59ebbef
ao_grid,10000,290,test,3.981923919854715,3.981923919854715,1.0,True,0.0,2,1471,0,ao_grid_coordinate_codebook,analytical_ris_equal_allocation,"[1.8373451253920907, 3.9818862463056557, 3.981923919854715]",[],"{""allocation_levels"": 7, ""beta_levels"": 5, ""phase_levels"": 8}",542.873999,2a8450eb5d4f6f05c03681c57cc71c0590f449be523644dbfde0384d2f23053d,fc61d5cda7da39530055bae9bd0e92865f995cd9,6ec54735c1c2c35cd253d9d3d23295783293b6d64c65204dfcab16b2d59ebbef
ao_grid,10000,291,test,3.981861963920873,3.981861963920873,1.0,True,0.0,2,1471,0,ao_grid_coordinate_codebook,analytical_ris_equal_allocation,"[1.8370423658362827, 3.9818394415512004, 3.981861963920873]",[],"{""allocation_levels"": 7, ""beta_levels"": 5, ""phase_levels"": 8}",539.189144,2a8450eb5d4f6f05c03681c57cc71c0590f449be523644dbfde0384d2f23053d,fc61d5cda7da39530055bae9bd0e92865f995cd9,6ec54735c1c2c35cd253d9d3d23295783293b6d64c65204dfcab16b2d59ebbef
ao_grid,10000,292,test,3.981859565652245,3.981859565652245,1.0,True,0.0,2,1471,0,ao_grid_coordinate_codebook,analytical_ris_equal_allocation,"[1.836995316239483, 3.9818279893382487, 3.981859565652245]",[],"{""allocation_levels"": 7, ""beta_levels"": 5, ""phase_levels"": 8}",540.030805,2a8450eb5d4f6f05c03681c57cc71c0590f449be523644dbfde0384d2f23053d,fc61d5cda7da39530055bae9bd0e92865f995cd9,6ec54735c1c2c35cd253d9d3d23295783293b6d64c65204dfcab16b2d59ebbef
ao_grid,10000,293,test,3.9818904164938234,3.9818904164938234,1.0,True,0.0,2,1471,0,ao_grid_coordinate_codebook,analytical_ris_equal_allocation,"[1.837049420643446, 3.981862360128118, 3.9818904164938234]",[],"{""allocation_levels"": 7, ""beta_levels"": 5, ""phase_levels"": 8}",547.583833,2a8450eb5d4f6f05c03681c57cc71c0590f449be523644dbfde0384d2f23053d,fc61d5cda7da39530055bae9bd0e92865f995cd9,6ec54735c1c2c35cd253d9d3d23295783293b6d64c65204dfcab16b2d59ebbef
ao_grid,10000,294,test,3.98192376952047,3.98192376952047,1.0,True,0.0,2,1471,0,ao_grid_coordinate_codebook,analytical_ris_equal_allocation,"[1.8374383622979409, 3.9819133847218193, 3.98192376952047]",[],"{""allocation_levels"": 7, ""beta_levels"": 5, ""phase_levels"": 8}",549.954986,2a8450eb5d4f6f05c03681c57cc71c0590f449be523644dbfde0384d2f23053d,fc61d5cda7da39530055bae9bd0e92865f995cd9,6ec54735c1c2c35cd253d9d3d23295783293b6d64c65204dfcab16b2d59ebbef
ao_grid,10000,295,test,3.9818160594897747,3.9818160594897747,1.0,True,0.0,2,1471,0,ao_grid_coordinate_codebook,analytical_ris_equal_allocation,"[1.8369847123593388, 3.98178192239926, 3.9818160594897747]",[],"{""allocation_levels"": 7, ""beta_levels"": 5, ""phase_levels"": 8}",544.529159,2a8450eb5d4f6f05c03681c57cc71c0590f449be523644dbfde0384d2f23053d,fc61d5cda7da39530055bae9bd0e92865f995cd9,6ec54735c1c2c35cd253d9d3d23295783293b6d64c65204dfcab16b2d59ebbef
ao_grid,10000,296,test,3.9818845215680385,3.9818845215680385,1.0,True,0.0,2,1471,0,ao_grid_coordinate_codebook,analytical_ris_equal_allocation,"[1.837362983274066, 3.9818645669755743, 3.9818845215680385]",[],"{""allocation_levels"": 7, ""beta_levels"": 5, ""phase_levels"": 8}",541.969332,2a8450eb5d4f6f05c03681c57cc71c0590f449be523644dbfde0384d2f23053d,fc61d5cda7da39530055bae9bd0e92865f995cd9,6ec54735c1c2c35cd253d9d3d23295783293b6d64c65204dfcab16b2d59ebbef
ao_grid,10000,297,test,3.9819303733987956,3.9819303733987956,1.0,True,0.0,2,1471,0,ao_grid_coordinate_codebook,analytical_ris_equal_allocation,"[1.8374296287211616, 3.981896582548904, 3.9819303733987956]",[],"{""allocation_levels"": 7, ""beta_levels"": 5, ""phase_levels"": 8}",556.094034,2a8450eb5d4f6f05c03681c57cc71c0590f449be523644dbfde0384d2f23053d,fc61d5cda7da39530055bae9bd0e92865f995cd9,6ec54735c1c2c35cd253d9d3d23295783293b6d64c65204dfcab16b2d59ebbef
ao_grid,10000,298,test,3.9818678003966745,3.9818678003966745,1.0,True,0.0,2,1471,0,ao_grid_coordinate_codebook,analytical_ris_equal_allocation,"[1.8372868577678192, 3.9818593636090736, 3.9818678003966745]",[],"{""allocation_levels"": 7, ""beta_levels"": 5, ""phase_levels"": 8}",553.371565,2a8450eb5d4f6f05c03681c57cc71c0590f449be523644dbfde0384d2f23053d,fc61d5cda7da39530055bae9bd0e92865f995cd9,6ec54735c1c2c35cd253d9d3d23295783293b6d64c65204dfcab16b2d59ebbef
ao_grid,10000,299,test,3.9819152840056518,3.9819152840056518,1.0,True,0.0,2,1471,0,ao_grid_coordinate_codebook,analytical_ris_equal_allocation,"[1.837560947372114, 3.981898779025374, 3.9819152840056518]",[],"{""allocation_levels"": 7, ""beta_levels"": 5, ""phase_levels"": 8}",572.12252,2a8450eb5d4f6f05c03681c57cc71c0590f449be523644dbfde0384d2f23053d,fc61d5cda7da39530055bae9bd0e92865f995cd9,6ec54735c1c2c35cd253d9d3d23295783293b6d64c65204dfcab16b2d59ebbef
ao_grid,10000,300,test,3.9818669623750376,3.9818669623750376,1.0,True,0.0,2,1471,0,ao_grid_coordinate_codebook,analytical_ris_equal_allocation,"[1.8373996159913992, 3.9818588475676466, 3.9818669623750376]",[],"{""allocation_levels"": 7, ""beta_levels"": 5, ""phase_levels"": 8}",554.166056,2a8450eb5d4f6f05c03681c57cc71c0590f449be523644dbfde0384d2f23053d,fc61d5cda7da39530055bae9bd0e92865f995cd9,6ec54735c1c2c35cd253d9d3d23295783293b6d64c65204dfcab16b2d59ebbef
ao_grid,10000,301,test,3.9818100873123887,3.9818100873123887,1.0,True,0.0,2,1471,0,ao_grid_coordinate_codebook,analytical_ris_equal_allocation,"[1.8364661991645779, 3.981782302012248, 3.9818100873123887]",[],"{""allocation_levels"": 7, ""beta_levels"": 5, ""phase_levels"": 8}",539.641203,2a8450eb5d4f6f05c03681c57cc71c0590f449be523644dbfde0384d2f23053d,fc61d5cda7da39530055bae9bd0e92865f995cd9,6ec54735c1c2c35cd253d9d3d23295783293b6d64c65204dfcab16b2d59ebbef
ao_grid,10000,302,test,3.9818672179203,3.9818672179203,1.0,True,0.0,2,1471,0,ao_grid_coordinate_codebook,analytical_ris_equal_allocation,"[1.8374423991025033, 3.9818614908963523, 3.9818672179203]",[],"{""allocation_levels"": 7, ""beta_levels"": 5, ""phase_levels"": 8}",538.430549,2a8450eb5d4f6f05c03681c57cc71c0590f449be523644dbfde0384d2f23053d,fc61d5cda7da39530055bae9bd0e92865f995cd9,6ec54735c1c2c35cd253d9d3d23295783293b6d64c65204dfcab16b2d59ebbef
ao_grid,10000,303,test,3.9819400074191016,3.9819400074191016,1.0,True,0.0,2,1471,0,ao_grid_coordinate_codebook,analytical_ris_equal_allocation,"[1.8374277126593477, 3.9819050302221637, 3.9819400074191016]",[],"{""allocation_levels"": 7, ""beta_levels"": 5, ""phase_levels"": 8}",524.784311,2a8450eb5d4f6f05c03681c57cc71c0590f449be523644dbfde0384d2f23053d,fc61d5cda7da39530055bae9bd0e92865f995cd9,6ec54735c1c2c35cd253d9d3d23295783293b6d64c65204dfcab16b2d59ebbef
ao_grid,10000,304,test,3.9819624625371155,3.9819624625371155,1.0,True,0.0,2,1471,0,ao_grid_coordinate_codebook,analytical_ris_equal_allocation,"[1.8373909915370978, 3.9819423225181048, 3.9819624625371155]",[],"{""allocation_levels"": 7, ""beta_levels"": 5, ""phase_levels"": 8}",541.082216,2a8450eb5d4f6f05c03681c57cc71c0590f449be523644dbfde0384d2f23053d,fc61d5cda7da39530055bae9bd0e92865f995cd9,6ec54735c1c2c35cd253d9d3d23295783293b6d64c65204dfcab16b2d59ebbef
ao_grid,10000,305,test,3.981928024579233,3.981928024579233,1.0,True,0.0,2,1471,0,ao_grid_coordinate_codebook,analytical_ris_equal_allocation,"[1.837434756392746, 3.981894584522134, 3.981928024579233]",[],"{""allocation_levels"": 7, ""beta_levels"": 5, ""phase_levels"": 8}",596.64881,2a8450eb5d4f6f05c03681c57cc71c0590f449be523644dbfde0384d2f23053d,fc61d5cda7da39530055bae9bd0e92865f995cd9,6ec54735c1c2c35cd253d9d3d23295783293b6d64c65204dfcab16b2d59ebbef
ao_grid,10000,306,test,3.98189347853473,3.98189347853473,1.0,True,0.0,2,1471,0,ao_grid_coordinate_codebook,analytical_ris_equal_allocation,"[1.836743270216189, 3.9818613315119276, 3.98189347853473]",[],"{""allocation_levels"": 7, ""beta_levels"": 5, ""phase_levels"": 8}",548.535871,2a8450eb5d4f6f05c03681c57cc71c0590f449be523644dbfde0384d2f23053d,fc61d5cda7da39530055bae9bd0e92865f995cd9,6ec54735c1c2c35cd253d9d3d23295783293b6d64c65204dfcab16b2d59ebbef
ao_grid,10000,307,test,3.9818460757630465,3.9818460757630465,1.0,True,0.0,2,1471,0,ao_grid_coordinate_codebook,analytical_ris_equal_allocation,"[1.8368809494020426, 3.98178666211474, 3.9818460757630465]",[],"{""allocation_levels"": 7, ""beta_levels"": 5, ""phase_levels"": 8}",559.550418,2a8450eb5d4f6f05c03681c57cc71c0590f449be523644dbfde0384d2f23053d,fc61d5cda7da39530055bae9bd0e92865f995cd9,6ec54735c1c2c35cd253d9d3d23295783293b6d64c65204dfcab16b2d59ebbef
ao_grid,10000,308,test,3.981881093788826,3.981881093788826,1.0,True,0.0,2,1471,0,ao_grid_coordinate_codebook,analytical_ris_equal_allocation,"[1.837227560794268, 3.9818526990839724, 3.981881093788826]",[],"{""allocation_levels"": 7, ""beta_levels"": 5, ""phase_levels"": 8}",559.024485,2a8450eb5d4f6f05c03681c57cc71c0590f449be523644dbfde0384d2f23053d,fc61d5cda7da39530055bae9bd0e92865f995cd9,6ec54735c1c2c35cd253d9d3d23295783293b6d64c65204dfcab16b2d59ebbef
ao_grid,10000,309,test,3.9818504299994926,3.9818504299994926,1.0,True,0.0,2,1471,0,ao_grid_coordinate_codebook,analytical_ris_equal_allocation,"[1.836918118229103, 3.9818140703897233, 3.9818504299994926]",[],"{""allocation_levels"": 7, ""beta_levels"": 5, ""phase_levels"": 8}",557.559338,2a8450eb5d4f6f05c03681c57cc71c0590f449be523644dbfde0384d2f23053d,fc61d5cda7da39530055bae9bd0e92865f995cd9,6ec54735c1c2c35cd253d9d3d23295783293b6d64c65204dfcab16b2d59ebbef
ao_grid,10000,310,test,3.981917401226631,3.981917401226631,1.0,True,0.0,2,1471,0,ao_grid_coordinate_codebook,analytical_ris_equal_allocation,"[1.8372523650057404, 3.9819045555029384, 3.981917401226631]",[],"{""allocation_levels"": 7, ""beta_levels"": 5, ""phase_levels"": 8}",556.01473,2a8450eb5d4f6f05c03681c57cc71c0590f449be523644dbfde0384d2f23053d,fc61d5cda7da39530055bae9bd0e92865f995cd9,6ec54735c1c2c35cd253d9d3d23295783293b6d64c65204dfcab16b2d59ebbef
ao_grid,10000,311,test,3.9819039256127744,3.9819039256127744,1.0,True,0.0,2,1471,0,ao_grid_coordinate_codebook,analytical_ris_equal_allocation,"[1.8375897961079874, 3.9818873467496214, 3.9819039256127744]",[],"{""allocation_levels"": 7, ""beta_levels"": 5, ""phase_levels"": 8}",543.243511,2a8450eb5d4f6f05c03681c57cc71c0590f449be523644dbfde0384d2f23053d,fc61d5cda7da39530055bae9bd0e92865f995cd9,6ec54735c1c2c35cd253d9d3d23295783293b6d64c65204dfcab16b2d59ebbef
ao_grid,10000,312,test,3.9819521037621053,3.9819521037621053,1.0,True,0.0,2,1471,0,ao_grid_coordinate_codebook,analytical_ris_equal_allocation,"[1.8375573889223924, 3.9819349247479856, 3.9819521037621053]",[],"{""allocation_levels"": 7, ""beta_levels"": 5, ""phase_levels"": 8}",543.934456,2a8450eb5d4f6f05c03681c57cc71c0590f449be523644dbfde0384d2f23053d,fc61d5cda7da39530055bae9bd0e92865f995cd9,6ec54735c1c2c35cd253d9d3d23295783293b6d64c65204dfcab16b2d59ebbef
ao_grid,10000,313,test,3.9818710726682482,3.9818710726682482,1.0,True,0.0,2,1471,0,ao_grid_coordinate_codebook,analytical_ris_equal_allocation,"[1.8372469696014984, 3.9818417333398726, 3.9818710726682482]",[],"{""allocation_levels"": 7, ""beta_levels"": 5, ""phase_levels"": 8}",542.491394,2a8450eb5d4f6f05c03681c57cc71c0590f449be523644dbfde0384d2f23053d,fc61d5cda7da39530055bae9bd0e92865f995cd9,6ec54735c1c2c35cd253d9d3d23295783293b6d64c65204dfcab16b2d59ebbef
ao_grid,10000,314,test,3.981928339592879,3.981928339592879,1.0,True,0.0,2,1471,0,ao_grid_coordinate_codebook,analytical_ris_equal_allocation,"[1.8374327408595437, 3.9818919943570816, 3.981928339592879]",[],"{""allocation_levels"": 7, ""beta_levels"": 5, ""phase_levels"": 8}",532.563015,2a8450eb5d4f6f05c03681c57cc71c0590f449be523644dbfde0384d2f23053d,fc61d5cda7da39530055bae9bd0e92865f995cd9,6ec54735c1c2c35cd253d9d3d23295783293b6d64c65204dfcab16b2d59ebbef
ao_grid,10000,315,test,3.9819270698293785,3.9819270698293785,1.0,True,0.0,2,1471,0,ao_grid_coordinate_codebook,analytical_ris_equal_allocation,"[1.8375075875021072, 3.9819100682034287, 3.9819270698293785]",[],"{""allocation_levels"": 7, ""beta_levels"": 5, ""phase_levels"": 8}",550.756804,2a8450eb5d4f6f05c03681c57cc71c0590f449be523644dbfde0384d2f23053d,fc61d5cda7da39530055bae9bd0e92865f995cd9,6ec54735c1c2c35cd253d9d3d23295783293b6d64c65204dfcab16b2d59ebbef
ao_grid,10000,316,test,3.981895444809334,3.981895444809334,1.0,True,0.0,2,1471,0,ao_grid_coordinate_codebook,analytical_ris_equal_allocation,"[1.8367913344410454, 3.9818704120587647, 3.981895444809334]",[],"{""allocation_levels"": 7, ""beta_levels"": 5, ""phase_levels"": 8}",539.327428,2a8450eb5d4f6f05c03681c57cc71c0590f449be523644dbfde0384d2f23053d,fc61d5cda7da39530055bae9bd0e92865f995cd9,6ec54735c1c2c35cd253d9d3d23295783293b6d64c65204dfcab16b2d59ebbef
ao_grid,10000,317,test,3.9819402148278114,3.9819402148278114,1.0,True,0.0,2,1471,0,ao_grid_coordinate_codebook,analytical_ris_equal_allocation,"[1.8376246109033532, 3.981910943476034, 3.9819402148278114]",[],"{""allocation_levels"": 7, ""beta_levels"": 5, ""phase_levels"": 8}",530.868557,2a8450eb5d4f6f05c03681c57cc71c0590f449be523644dbfde0384d2f23053d,fc61d5cda7da39530055bae9bd0e92865f995cd9,6ec54735c1c2c35cd253d9d3d23295783293b6d64c65204dfcab16b2d59ebbef
ao_grid,10000,318,test,3.981914587000122,3.981914587000122,1.0,True,0.0,2,1471,0,ao_grid_coordinate_codebook,analytical_ris_equal_allocation,"[1.8372268925728341, 3.981908620663097, 3.981914587000122]",[],"{""allocation_levels"": 7, ""beta_levels"": 5, ""phase_levels"": 8}",548.826809,2a8450eb5d4f6f05c03681c57cc71c0590f449be523644dbfde0384d2f23053d,fc61d5cda7da39530055bae9bd0e92865f995cd9,6ec54735c1c2c35cd253d9d3d23295783293b6d64c65204dfcab16b2d59ebbef
ao_grid,10000,319,test,3.9819023495001327,3.9819023495001327,1.0,True,0.0,2,1471,0,ao_grid_coordinate_codebook,analytical_ris_equal_allocation,"[1.8372295387220885, 3.981878958281942, 3.9819023495001327]",[],"{""allocation_levels"": 7, ""beta_levels"": 5, ""phase_levels"": 8}",550.003396,2a8450eb5d4f6f05c03681c57cc71c0590f449be523644dbfde0384d2f23053d,fc61d5cda7da39530055bae9bd0e92865f995cd9,6ec54735c1c2c35cd253d9d3d23295783293b6d64c65204dfcab16b2d59ebbef
ao_grid,10000,320,test,3.981899642357919,3.981899642357919,1.0,True,0.0,2,1471,0,ao_grid_coordinate_codebook,analytical_ris_equal_allocation,"[1.8374681899562961, 3.9818827600134883, 3.981899642357919]",[],"{""allocation_levels"": 7, ""beta_levels"": 5, ""phase_levels"": 8}",553.363471,2a8450eb5d4f6f05c03681c57cc71c0590f449be523644dbfde0384d2f23053d,fc61d5cda7da39530055bae9bd0e92865f995cd9,6ec54735c1c2c35cd253d9d3d23295783293b6d64c65204dfcab16b2d59ebbef
ao_grid,10000,321,test,3.9819549152094917,3.9819549152094917,1.0,True,0.0,2,1471,0,ao_grid_coordinate_codebook,analytical_ris_equal_allocation,"[1.8372758886186515, 3.9819166085684614, 3.9819549152094917]",[],"{""allocation_levels"": 7, ""beta_levels"": 5, ""phase_levels"": 8}",556.838101,2a8450eb5d4f6f05c03681c57cc71c0590f449be523644dbfde0384d2f23053d,fc61d5cda7da39530055bae9bd0e92865f995cd9,6ec54735c1c2c35cd253d9d3d23295783293b6d64c65204dfcab16b2d59ebbef
ao_grid,10000,322,test,3.9819375821215415,3.9819375821215415,1.0,True,0.0,2,1471,0,ao_grid_coordinate_codebook,analytical_ris_equal_allocation,"[1.8375972955106623, 3.981928620280607, 3.9819375821215415]",[],"{""allocation_levels"": 7, ""beta_levels"": 5, ""phase_levels"": 8}",564.766331,2a8450eb5d4f6f05c03681c57cc71c0590f449be523644dbfde0384d2f23053d,fc61d5cda7da39530055bae9bd0e92865f995cd9,6ec54735c1c2c35cd253d9d3d23295783293b6d64c65204dfcab16b2d59ebbef
ao_grid,10000,323,test,3.9819059494119804,3.9819059494119804,1.0,True,0.0,2,1471,0,ao_grid_coordinate_codebook,analytical_ris_equal_allocation,"[1.8365132129456925, 3.981848458070816, 3.9819059494119804]",[],"{""allocation_levels"": 7, ""beta_levels"": 5, ""phase_levels"": 8}",599.661564,2a8450eb5d4f6f05c03681c57cc71c0590f449be523644dbfde0384d2f23053d,fc61d5cda7da39530055bae9bd0e92865f995cd9,6ec54735c1c2c35cd253d9d3d23295783293b6d64c65204dfcab16b2d59ebbef
ao_grid,10000,324,test,3.981863845278913,3.981863845278913,1.0,True,0.0,2,1471,0,ao_grid_coordinate_codebook,analytical_ris_equal_allocation,"[1.837280420299892, 3.981828673001888, 3.981863845278913]",[],"{""allocation_levels"": 7, ""beta_levels"": 5, ""phase_levels"": 8}",543.627408,2a8450eb5d4f6f05c03681c57cc71c0590f449be523644dbfde0384d2f23053d,fc61d5cda7da39530055bae9bd0e92865f995cd9,6ec54735c1c2c35cd253d9d3d23295783293b6d64c65204dfcab16b2d59ebbef
ao_grid,10000,325,test,3.981913356585991,3.981913356585991,1.0,True,0.0,2,1471,0,ao_grid_coordinate_codebook,analytical_ris_equal_allocation,"[1.8373187228113061, 3.9818535405294857, 3.981913356585991]",[],"{""allocation_levels"": 7, ""beta_levels"": 5, ""phase_levels"": 8}",556.225326,2a8450eb5d4f6f05c03681c57cc71c0590f449be523644dbfde0384d2f23053d,fc61d5cda7da39530055bae9bd0e92865f995cd9,6ec54735c1c2c35cd253d9d3d23295783293b6d64c65204dfcab16b2d59ebbef
ao_grid,10000,326,test,3.9818745287304305,3.9818745287304305,1.0,True,0.0,2,1471,0,ao_grid_coordinate_codebook,analytical_ris_equal_allocation,"[1.8374528466314033, 3.9818617437089707, 3.9818745287304305]",[],"{""allocation_levels"": 7, ""beta_levels"": 5, ""phase_levels"": 8}",545.775183,2a8450eb5d4f6f05c03681c57cc71c0590f449be523644dbfde0384d2f23053d,fc61d5cda7da39530055bae9bd0e92865f995cd9,6ec54735c1c2c35cd253d9d3d23295783293b6d64c65204dfcab16b2d59ebbef
ao_grid,10000,327,test,3.9819548443168715,3.9819548443168715,1.0,True,0.0,2,1471,0,ao_grid_coordinate_codebook,analytical_ris_equal_allocation,"[1.8366409612037082, 3.981929124596382, 3.9819548443168715]",[],"{""allocation_levels"": 7, ""beta_levels"": 5, ""phase_levels"": 8}",548.581949,2a8450eb5d4f6f05c03681c57cc71c0590f449be523644dbfde0384d2f23053d,fc61d5cda7da39530055bae9bd0e92865f995cd9,6ec54735c1c2c35cd253d9d3d23295783293b6d64c65204dfcab16b2d59ebbef
ao_grid,10000,328,test,3.981948002968922,3.981948002968922,1.0,True,0.0,2,1471,0,ao_grid_coordinate_codebook,analytical_ris_equal_allocation,"[1.837472609877723, 3.981924968124409, 3.981948002968922]",[],"{""allocation_levels"": 7, ""beta_levels"": 5, ""phase_levels"": 8}",557.108966,2a8450eb5d4f6f05c03681c57cc71c0590f449be523644dbfde0384d2f23053d,fc61d5cda7da39530055bae9bd0e92865f995cd9,6ec54735c1c2c35cd253d9d3d23295783293b6d64c65204dfcab16b2d59ebbef
ao_grid,10000,329,test,3.9819112967890558,3.9819112967890558,1.0,True,0.0,2,1471,0,ao_grid_coordinate_codebook,analytical_ris_equal_allocation,"[1.8373399071239456, 3.981877096091564, 3.9819112967890558]",[],"{""allocation_levels"": 7, ""beta_levels"": 5, ""phase_levels"": 8}",557.599625,2a8450eb5d4f6f05c03681c57cc71c0590f449be523644dbfde0384d2f23053d,fc61d5cda7da39530055bae9bd0e92865f995cd9,6ec54735c1c2c35cd253d9d3d23295783293b6d64c65204dfcab16b2d59ebbef
ao_grid,10000,330,test,3.981946381624073,3.981946381624073,1.0,True,0.0,2,1471,0,ao_grid_coordinate_codebook,analytical_ris_equal_allocation,"[1.8376034068891216, 3.9819245180919682, 3.981946381624073]",[],"{""allocation_levels"": 7, ""beta_levels"": 5, ""phase_levels"": 8}",556.270852,2a8450eb5d4f6f05c03681c57cc71c0590f449be523644dbfde0384d2f23053d,fc61d5cda7da39530055bae9bd0e92865f995cd9,6ec54735c1c2c35cd253d9d3d23295783293b6d64c65204dfcab16b2d59ebbef
ao_grid,10000,331,test,3.981887028196405,3.981887028196405,1.0,True,0.0,2,1471,0,ao_grid_coordinate_codebook,analytical_ris_equal_allocation,"[1.8365276482700095, 3.981842424468062, 3.981887028196405]",[],"{""allocation_levels"": 7, ""beta_levels"": 5, ""phase_levels"": 8}",550.244062,2a8450eb5d4f6f05c03681c57cc71c0590f449be523644dbfde0384d2f23053d,fc61d5cda7da39530055bae9bd0e92865f995cd9,6ec54735c1c2c35cd253d9d3d23295783293b6d64c65204dfcab16b2d59ebbef
ao_grid,10000,332,test,3.9818250767842427,3.9818250767842427,1.0,True,0.0,2,1471,0,ao_grid_coordinate_codebook,analytical_ris_equal_allocation,"[1.837017297478672, 3.9817941418260965, 3.9818250767842427]",[],"{""allocation_levels"": 7, ""beta_levels"": 5, ""phase_levels"": 8}",532.736802,2a8450eb5d4f6f05c03681c57cc71c0590f449be523644dbfde0384d2f23053d,fc61d5cda7da39530055bae9bd0e92865f995cd9,6ec54735c1c2c35cd253d9d3d23295783293b6d64c65204dfcab16b2d59ebbef
ao_grid,10000,333,test,3.981865773467383,3.981865773467383,1.0,True,0.0,2,1471,0,ao_grid_coordinate_codebook,analytical_ris_equal_allocation,"[1.8370648896035382, 3.981827719620701, 3.981865773467383]",[],"{""allocation_levels"": 7, ""beta_levels"": 5, ""phase_levels"": 8}",547.863252,2a8450eb5d4f6f05c03681c57cc71c0590f449be523644dbfde0384d2f23053d,fc61d5cda7da39530055bae9bd0e92865f995cd9,6ec54735c1c2c35cd253d9d3d23295783293b6d64c65204dfcab16b2d59ebbef
ao_grid,10000,334,test,3.9818865827407643,3.9818865827407643,1.0,True,0.0,2,1471,0,ao_grid_coordinate_codebook,analytical_ris_equal_allocation,"[1.8374640927200045, 3.9818664069627774, 3.9818865827407643]",[],"{""allocation_levels"": 7, ""beta_levels"": 5, ""phase_levels"": 8}",550.381961,2a8450eb5d4f6f05c03681c57cc71c0590f449be523644dbfde0384d2f23053d,fc61d5cda7da39530055bae9bd0e92865f995cd9,6ec54735c1c2c35cd253d9d3d23295783293b6d64c65204dfcab16b2d59ebbef
ao_grid,10000,335,test,3.98191964835534,3.98191964835534,1.0,True,0.0,2,1471,0,ao_grid_coordinate_codebook,analytical_ris_equal_allocation,"[1.8374558679402373, 3.9819004209898035, 3.98191964835534]",[],"{""allocation_levels"": 7, ""beta_levels"": 5, ""phase_levels"": 8}",538.585345,2a8450eb5d4f6f05c03681c57cc71c0590f449be523644dbfde0384d2f23053d,fc61d5cda7da39530055bae9bd0e92865f995cd9,6ec54735c1c2c35cd253d9d3d23295783293b6d64c65204dfcab16b2d59ebbef
ao_grid,10000,336,test,3.9818950157611934,3.9818950157611934,1.0,True,0.0,2,1471,0,ao_grid_coordinate_codebook,analytical_ris_equal_allocation,"[1.8373286688111052, 3.9818750729680112, 3.9818950157611934]",[],"{""allocation_levels"": 7, ""beta_levels"": 5, ""phase_levels"": 8}",556.276265,2a8450eb5d4f6f05c03681c57cc71c0590f449be523644dbfde0384d2f23053d,fc61d5cda7da39530055bae9bd0e92865f995cd9,6ec54735c1c2c35cd253d9d3d23295783293b6d64c65204dfcab16b2d59ebbef
ao_grid,10000,337,test,3.98189437076887,3.98189437076887,1.0,True,0.0,2,1471,0,ao_grid_coordinate_codebook,analytical_ris_equal_allocation,"[1.837189743604753, 3.9818743444109854, 3.98189437076887]",[],"{""allocation_levels"": 7, ""beta_levels"": 5, ""phase_levels"": 8}",538.082106,2a8450eb5d4f6f05c03681c57cc71c0590f449be523644dbfde0384d2f23053d,fc61d5cda7da39530055bae9bd0e92865f995cd9,6ec54735c1c2c35cd253d9d3d23295783293b6d64c65204dfcab16b2d59ebbef
ao_grid,10000,338,test,3.981792866818713,3.981792866818713,1.0,True,0.0,2,1471,0,ao_grid_coordinate_codebook,analytical_ris_equal_allocation,"[1.8370280805253634, 3.9817826512849654, 3.981792866818713]",[],"{""allocation_levels"": 7, ""beta_levels"": 5, ""phase_levels"": 8}",552.709994,2a8450eb5d4f6f05c03681c57cc71c0590f449be523644dbfde0384d2f23053d,fc61d5cda7da39530055bae9bd0e92865f995cd9,6ec54735c1c2c35cd253d9d3d23295783293b6d64c65204dfcab16b2d59ebbef
ao_grid,10000,339,test,3.9818901062990055,3.9818901062990055,1.0,True,0.0,2,1471,0,ao_grid_coordinate_codebook,analytical_ris_equal_allocation,"[1.837278062624989, 3.9818647383886985, 3.9818901062990055]",[],"{""allocation_levels"": 7, ""beta_levels"": 5, ""phase_levels"": 8}",543.492593,2a8450eb5d4f6f05c03681c57cc71c0590f449be523644dbfde0384d2f23053d,fc61d5cda7da39530055bae9bd0e92865f995cd9,6ec54735c1c2c35cd253d9d3d23295783293b6d64c65204dfcab16b2d59ebbef
ao_grid,10000,340,test,3.981919299801358,3.981919299801358,1.0,True,0.0,2,1471,0,ao_grid_coordinate_codebook,analytical_ris_equal_allocation,"[1.8371846351818668, 3.9819076529864863, 3.981919299801358]",[],"{""allocation_levels"": 7, ""beta_levels"": 5, ""phase_levels"": 8}",635.823929,2a8450eb5d4f6f05c03681c57cc71c0590f449be523644dbfde0384d2f23053d,fc61d5cda7da39530055bae9bd0e92865f995cd9,6ec54735c1c2c35cd253d9d3d23295783293b6d64c65204dfcab16b2d59ebbef
ao_grid,10000,341,test,3.9819405874445755,3.9819405874445755,1.0,True,0.0,2,1471,0,ao_grid_coordinate_codebook,analytical_ris_equal_allocation,"[1.8364382436662323, 3.9818974119792045, 3.9819405874445755]",[],"{""allocation_levels"": 7, ""beta_levels"": 5, ""phase_levels"": 8}",559.325191,2a8450eb5d4f6f05c03681c57cc71c0590f449be523644dbfde0384d2f23053d,fc61d5cda7da39530055bae9bd0e92865f995cd9,6ec54735c1c2c35cd253d9d3d23295783293b6d64c65204dfcab16b2d59ebbef
ao_grid,10000,342,test,3.9819346943319758,3.9819346943319758,1.0,True,0.0,2,1471,0,ao_grid_coordinate_codebook,analytical_ris_equal_allocation,"[1.837575772309096, 3.9819188164827657, 3.9819346943319758]",[],"{""allocation_levels"": 7, ""beta_levels"": 5, ""phase_levels"": 8}",550.146022,2a8450eb5d4f6f05c03681c57cc71c0590f449be523644dbfde0384d2f23053d,fc61d5cda7da39530055bae9bd0e92865f995cd9,6ec54735c1c2c35cd253d9d3d23295783293b6d64c65204dfcab16b2d59ebbef
ao_grid,10000,343,test,3.9818958290943307,3.9818958290943307,1.0,True,0.0,2,1471,0,ao_grid_coordinate_codebook,analytical_ris_equal_allocation,"[1.8373795499057695, 3.9818829227653563, 3.9818958290943307]",[],"{""allocation_levels"": 7, ""beta_levels"": 5, ""phase_levels"": 8}",551.552775,2a8450eb5d4f6f05c03681c57cc71c0590f449be523644dbfde0384d2f23053d,fc61d5cda7da39530055bae9bd0e92865f995cd9,6ec54735c1c2c35cd253d9d3d23295783293b6d64c65204dfcab16b2d59ebbef
ao_grid,10000,344,test,3.981927898923535,3.981927898923535,1.0,True,0.0,2,1471,0,ao_grid_coordinate_codebook,analytical_ris_equal_allocation,"[1.8376786310271758, 3.9819185703580473, 3.981927898923535]",[],"{""allocation_levels"": 7, ""beta_levels"": 5, ""phase_levels"": 8}",601.708858,2a8450eb5d4f6f05c03681c57cc71c0590f449be523644dbfde0384d2f23053d,fc61d5cda7da39530055bae9bd0e92865f995cd9,6ec54735c1c2c35cd253d9d3d23295783293b6d64c65204dfcab16b2d59ebbef
ao_grid,10000,345,test,3.9819084632479855,3.9819084632479855,1.0,True,0.0,2,1471,0,ao_grid_coordinate_codebook,analytical_ris_equal_allocation,"[1.8373451853806904, 3.981882860334153, 3.9819084632479855]",[],"{""allocation_levels"": 7, ""beta_levels"": 5, ""phase_levels"": 8}",592.408236,2a8450eb5d4f6f05c03681c57cc71c0590f449be523644dbfde0384d2f23053d,fc61d5cda7da39530055bae9bd0e92865f995cd9,6ec54735c1c2c35cd253d9d3d23295783293b6d64c65204dfcab16b2d59ebbef
ao_grid,10000,346,test,3.981847400174074,3.981847400174074,1.0,True,0.0,2,1471,0,ao_grid_coordinate_codebook,analytical_ris_equal_allocation,"[1.8363495063859916, 3.9817922304677977, 3.981847400174074]",[],"{""allocation_levels"": 7, ""beta_levels"": 5, ""phase_levels"": 8}",520.017018,2a8450eb5d4f6f05c03681c57cc71c0590f449be523644dbfde0384d2f23053d,fc61d5cda7da39530055bae9bd0e92865f995cd9,6ec54735c1c2c35cd253d9d3d23295783293b6d64c65204dfcab16b2d59ebbef
ao_grid,10000,347,test,3.981916696433869,3.981916696433869,1.0,True,0.0,2,1471,0,ao_grid_coordinate_codebook,analytical_ris_equal_allocation,"[1.8369148660212642, 3.9818983003054185, 3.981916696433869]",[],"{""allocation_levels"": 7, ""beta_levels"": 5, ""phase_levels"": 8}",519.146583,2a8450eb5d4f6f05c03681c57cc71c0590f449be523644dbfde0384d2f23053d,fc61d5cda7da39530055bae9bd0e92865f995cd9,6ec54735c1c2c35cd253d9d3d23295783293b6d64c65204dfcab16b2d59ebbef
ao_grid,10000,348,test,3.9819829181915436,3.9819829181915436,1.0,True,0.0,2,1471,0,ao_grid_coordinate_codebook,analytical_ris_equal_allocation,"[1.8375801045146365, 3.981974295541594, 3.9819829181915436]",[],"{""allocation_levels"": 7, ""beta_levels"": 5, ""phase_levels"": 8}",528.580317,2a8450eb5d4f6f05c03681c57cc71c0590f449be523644dbfde0384d2f23053d,fc61d5cda7da39530055bae9bd0e92865f995cd9,6ec54735c1c2c35cd253d9d3d23295783293b6d64c65204dfcab16b2d59ebbef
ao_grid,10000,349,test,3.9819087700156457,3.9819087700156457,1.0,True,0.0,2,1471,0,ao_grid_coordinate_codebook,analytical_ris_equal_allocation,"[1.8370783224755178, 3.981870683570654, 3.9819087700156457]",[],"{""allocation_levels"": 7, ""beta_levels"": 5, ""phase_levels"": 8}",547.438315,2a8450eb5d4f6f05c03681c57cc71c0590f449be523644dbfde0384d2f23053d,fc61d5cda7da39530055bae9bd0e92865f995cd9,6ec54735c1c2c35cd253d9d3d23295783293b6d64c65204dfcab16b2d59ebbef
ao_grid,10000,350,test,3.9819802080437388,3.9819802080437388,1.0,True,0.0,2,1471,0,ao_grid_coordinate_codebook,analytical_ris_equal_allocation,"[1.8377196413160766, 3.9819749616872606, 3.9819802080437388]",[],"{""allocation_levels"": 7, ""beta_levels"": 5, ""phase_levels"": 8}",562.302915,2a8450eb5d4f6f05c03681c57cc71c0590f449be523644dbfde0384d2f23053d,fc61d5cda7da39530055bae9bd0e92865f995cd9,6ec54735c1c2c35cd253d9d3d23295783293b6d64c65204dfcab16b2d59ebbef
ao_grid,10000,351,test,3.9819017891040063,3.9819017891040063,1.0,True,0.0,2,1471,0,ao_grid_coordinate_codebook,analytical_ris_equal_allocation,"[1.8373503880603648, 3.981868852139666, 3.9819017891040063]",[],"{""allocation_levels"": 7, ""beta_levels"": 5, ""phase_levels"": 8}",545.479676,2a8450eb5d4f6f05c03681c57cc71c0590f449be523644dbfde0384d2f23053d,fc61d5cda7da39530055bae9bd0e92865f995cd9,6ec54735c1c2c35cd253d9d3d23295783293b6d64c65204dfcab16b2d59ebbef
ao_grid,10000,352,test,3.981904429612622,3.981904429612622,1.0,True,0.0,2,1471,0,ao_grid_coordinate_codebook,analytical_ris_equal_allocation,"[1.8367619600566982, 3.981755830485408, 3.981904429612622]",[],"{""allocation_levels"": 7, ""beta_levels"": 5, ""phase_levels"": 8}",551.145781,2a8450eb5d4f6f05c03681c57cc71c0590f449be523644dbfde0384d2f23053d,fc61d5cda7da39530055bae9bd0e92865f995cd9,6ec54735c1c2c35cd253d9d3d23295783293b6d64c65204dfcab16b2d59ebbef
ao_grid,10000,353,test,3.981921805344428,3.981921805344428,1.0,True,0.0,2,1471,0,ao_grid_coordinate_codebook,analytical_ris_equal_allocation,"[1.837511265376341, 3.98189593421052, 3.981921805344428]",[],"{""allocation_levels"": 7, ""beta_levels"": 5, ""phase_levels"": 8}",546.648316,2a8450eb5d4f6f05c03681c57cc71c0590f449be523644dbfde0384d2f23053d,fc61d5cda7da39530055bae9bd0e92865f995cd9,6ec54735c1c2c35cd253d9d3d23295783293b6d64c65204dfcab16b2d59ebbef
ao_grid,10000,354,test,3.9819749270737805,3.9819749270737805,1.0,True,0.0,2,1471,0,ao_grid_coordinate_codebook,analytical_ris_equal_allocation,"[1.8375582556643835, 3.9819568538464196, 3.9819749270737805]",[],"{""allocation_levels"": 7, ""beta_levels"": 5, ""phase_levels"": 8}",546.906382,2a8450eb5d4f6f05c03681c57cc71c0590f449be523644dbfde0384d2f23053d,fc61d5cda7da39530055bae9bd0e92865f995cd9,6ec54735c1c2c35cd253d9d3d23295783293b6d64c65204dfcab16b2d59ebbef
ao_grid,10000,355,test,3.981843009847406,3.981843009847406,1.0,True,0.0,2,1471,0,ao_grid_coordinate_codebook,analytical_ris_equal_allocation,"[1.837303992515098, 3.981826212268401, 3.981843009847406]",[],"{""allocation_levels"": 7, ""beta_levels"": 5, ""phase_levels"": 8}",546.201447,2a8450eb5d4f6f05c03681c57cc71c0590f449be523644dbfde0384d2f23053d,fc61d5cda7da39530055bae9bd0e92865f995cd9,6ec54735c1c2c35cd253d9d3d23295783293b6d64c65204dfcab16b2d59ebbef
ao_grid,10000,356,test,3.9819234689577936,3.9819234689577936,1.0,True,0.0,2,1471,0,ao_grid_coordinate_codebook,analytical_ris_equal_allocation,"[1.8373055211270786, 3.981901513429281, 3.9819234689577936]",[],"{""allocation_levels"": 7, ""beta_levels"": 5, ""phase_levels"": 8}",549.062425,2a8450eb5d4f6f05c03681c57cc71c0590f449be523644dbfde0384d2f23053d,fc61d5cda7da39530055bae9bd0e92865f995cd9,6ec54735c1c2c35cd253d9d3d23295783293b6d64c65204dfcab16b2d59ebbef
ao_grid,10000,357,test,3.981875073000051,3.981875073000051,1.0,True,0.0,2,1471,0,ao_grid_coordinate_codebook,analytical_ris_equal_allocation,"[1.835795587244134, 3.981798598347293, 3.981875073000051]",[],"{""allocation_levels"": 7, ""beta_levels"": 5, ""phase_levels"": 8}",557.559932,2a8450eb5d4f6f05c03681c57cc71c0590f449be523644dbfde0384d2f23053d,fc61d5cda7da39530055bae9bd0e92865f995cd9,6ec54735c1c2c35cd253d9d3d23295783293b6d64c65204dfcab16b2d59ebbef
ao_grid,10000,358,test,3.9819057528365267,3.9819057528365267,1.0,True,0.0,2,1471,0,ao_grid_coordinate_codebook,analytical_ris_equal_allocation,"[1.8365942429896411, 3.9818469545006545, 3.9819057528365267]",[],"{""allocation_levels"": 7, ""beta_levels"": 5, ""phase_levels"": 8}",586.817841,2a8450eb5d4f6f05c03681c57cc71c0590f449be523644dbfde0384d2f23053d,fc61d5cda7da39530055bae9bd0e92865f995cd9,6ec54735c1c2c35cd253d9d3d23295783293b6d64c65204dfcab16b2d59ebbef
ao_grid,10000,359,test,3.981883607375408,3.981883607375408,1.0,True,0.0,2,1471,0,ao_grid_coordinate_codebook,analytical_ris_equal_allocation,"[1.8371963683638202, 3.98187179515712, 3.981883607375408]",[],"{""allocation_levels"": 7, ""beta_levels"": 5, ""phase_levels"": 8}",535.006849,2a8450eb5d4f6f05c03681c57cc71c0590f449be523644dbfde0384d2f23053d,fc61d5cda7da39530055bae9bd0e92865f995cd9,6ec54735c1c2c35cd253d9d3d23295783293b6d64c65204dfcab16b2d59ebbef
ao_grid,10000,360,test,3.9819357824216324,3.9819357824216324,1.0,True,0.0,2,1471,0,ao_grid_coordinate_codebook,analytical_ris_equal_allocation,"[1.8372687600070692, 3.9818954680163396, 3.9819357824216324]",[],"{""allocation_levels"": 7, ""beta_levels"": 5, ""phase_levels"": 8}",534.45261,2a8450eb5d4f6f05c03681c57cc71c0590f449be523644dbfde0384d2f23053d,fc61d5cda7da39530055bae9bd0e92865f995cd9,6ec54735c1c2c35cd253d9d3d23295783293b6d64c65204dfcab16b2d59ebbef
ao_grid,10000,361,test,3.9819057207300097,3.9819057207300097,1.0,True,0.0,2,1471,0,ao_grid_coordinate_codebook,analytical_ris_equal_allocation,"[1.8367925116801107, 3.9818878014173062, 3.9819057207300097]",[],"{""allocation_levels"": 7, ""beta_levels"": 5, ""phase_levels"": 8}",529.187618,2a8450eb5d4f6f05c03681c57cc71c0590f449be523644dbfde0384d2f23053d,fc61d5cda7da39530055bae9bd0e92865f995cd9,6ec54735c1c2c35cd253d9d3d23295783293b6d64c65204dfcab16b2d59ebbef
ao_grid,10000,362,test,3.981962429494349,3.981962429494349,1.0,True,0.0,2,1471,0,ao_grid_coordinate_codebook,analytical_ris_equal_allocation,"[1.8375365723440598, 3.981948490119408, 3.981962429494349]",[],"{""allocation_levels"": 7, ""beta_levels"": 5, ""phase_levels"": 8}",524.524535,2a8450eb5d4f6f05c03681c57cc71c0590f449be523644dbfde0384d2f23053d,fc61d5cda7da39530055bae9bd0e92865f995cd9,6ec54735c1c2c35cd253d9d3d23295783293b6d64c65204dfcab16b2d59ebbef
ao_grid,10000,363,test,3.9819321159718477,3.9819321159718477,1.0,True,0.0,2,1471,0,ao_grid_coordinate_codebook,analytical_ris_equal_allocation,"[1.8375391805302852, 3.9819197431598603, 3.9819321159718477]",[],"{""allocation_levels"": 7, ""beta_levels"": 5, ""phase_levels"": 8}",534.261914,2a8450eb5d4f6f05c03681c57cc71c0590f449be523644dbfde0384d2f23053d,fc61d5cda7da39530055bae9bd0e92865f995cd9,6ec54735c1c2c35cd253d9d3d23295783293b6d64c65204dfcab16b2d59ebbef
ao_grid,10000,364,test,3.9819128349939534,3.9819128349939534,1.0,True,0.0,2,1471,0,ao_grid_coordinate_codebook,analytical_ris_equal_allocation,"[1.8373318589010654, 3.981896950850701, 3.9819128349939534]",[],"{""allocation_levels"": 7, ""beta_levels"": 5, ""phase_levels"": 8}",540.365629,2a8450eb5d4f6f05c03681c57cc71c0590f449be523644dbfde0384d2f23053d,fc61d5cda7da39530055bae9bd0e92865f995cd9,6ec54735c1c2c35cd253d9d3d23295783293b6d64c65204dfcab16b2d59ebbef
ao_grid,10000,365,test,3.9818168463640182,3.9818168463640182,1.0,True,0.0,2,1471,0,ao_grid_coordinate_codebook,analytical_ris_equal_allocation,"[1.8372020108280536, 3.9817965582060753, 3.9818168463640182]",[],"{""allocation_levels"": 7, ""beta_levels"": 5, ""phase_levels"": 8}",546.947739,2a8450eb5d4f6f05c03681c57cc71c0590f449be523644dbfde0384d2f23053d,fc61d5cda7da39530055bae9bd0e92865f995cd9,6ec54735c1c2c35cd253d9d3d23295783293b6d64c65204dfcab16b2d59ebbef
ao_grid,10000,366,test,3.981923048814871,3.981923048814871,1.0,True,0.0,2,1471,0,ao_grid_coordinate_codebook,analytical_ris_equal_allocation,"[1.8375061002615642, 3.981917759025983, 3.981923048814871]",[],"{""allocation_levels"": 7, ""beta_levels"": 5, ""phase_levels"": 8}",549.951299,2a8450eb5d4f6f05c03681c57cc71c0590f449be523644dbfde0384d2f23053d,fc61d5cda7da39530055bae9bd0e92865f995cd9,6ec54735c1c2c35cd253d9d3d23295783293b6d64c65204dfcab16b2d59ebbef
ao_grid,10000,367,test,3.981919116448619,3.981919116448619,1.0,True,0.0,2,1471,0,ao_grid_coordinate_codebook,analytical_ris_equal_allocation,"[1.8375379634551565, 3.9819009535641, 3.981919116448619]",[],"{""allocation_levels"": 7, ""beta_levels"": 5, ""phase_levels"": 8}",555.344672,2a8450eb5d4f6f05c03681c57cc71c0590f449be523644dbfde0384d2f23053d,fc61d5cda7da39530055bae9bd0e92865f995cd9,6ec54735c1c2c35cd253d9d3d23295783293b6d64c65204dfcab16b2d59ebbef
ao_grid,10000,368,test,3.9819282766342683,3.9819282766342683,1.0,True,0.0,2,1471,0,ao_grid_coordinate_codebook,analytical_ris_equal_allocation,"[1.8374929470045767, 3.981918313223396, 3.9819282766342683]",[],"{""allocation_levels"": 7, ""beta_levels"": 5, ""phase_levels"": 8}",546.69789,2a8450eb5d4f6f05c03681c57cc71c0590f449be523644dbfde0384d2f23053d,fc61d5cda7da39530055bae9bd0e92865f995cd9,6ec54735c1c2c35cd253d9d3d23295783293b6d64c65204dfcab16b2d59ebbef
ao_grid,10000,369,test,3.981898813985299,3.981898813985299,1.0,True,0.0,2,1471,0,ao_grid_coordinate_codebook,analytical_ris_equal_allocation,"[1.837319895221456, 3.9818619120397676, 3.981898813985299]",[],"{""allocation_levels"": 7, ""beta_levels"": 5, ""phase_levels"": 8}",531.010502,2a8450eb5d4f6f05c03681c57cc71c0590f449be523644dbfde0384d2f23053d,fc61d5cda7da39530055bae9bd0e92865f995cd9,6ec54735c1c2c35cd253d9d3d23295783293b6d64c65204dfcab16b2d59ebbef
ao_grid,10000,370,test,3.981935901312675,3.981935901312675,1.0,True,0.0,2,1471,0,ao_grid_coordinate_codebook,analytical_ris_equal_allocation,"[1.8373337590552123, 3.981913138162337, 3.981935901312675]",[],"{""allocation_levels"": 7, ""beta_levels"": 5, ""phase_levels"": 8}",546.85888,2a8450eb5d4f6f05c03681c57cc71c0590f449be523644dbfde0384d2f23053d,fc61d5cda7da39530055bae9bd0e92865f995cd9,6ec54735c1c2c35cd253d9d3d23295783293b6d64c65204dfcab16b2d59ebbef
ao_grid,10000,371,test,3.9818605762049097,3.9818605762049097,1.0,True,0.0,2,1471,0,ao_grid_coordinate_codebook,analytical_ris_equal_allocation,"[1.8372678560649807, 3.981832892471567, 3.9818605762049097]",[],"{""allocation_levels"": 7, ""beta_levels"": 5, ""phase_levels"": 8}",549.407816,2a8450eb5d4f6f05c03681c57cc71c0590f449be523644dbfde0384d2f23053d,fc61d5cda7da39530055bae9bd0e92865f995cd9,6ec54735c1c2c35cd253d9d3d23295783293b6d64c65204dfcab16b2d59ebbef
ao_grid,10000,372,test,3.9819620657333124,3.9819620657333124,1.0,True,0.0,2,1471,0,ao_grid_coordinate_codebook,analytical_ris_equal_allocation,"[1.8375641716052225, 3.9819409398781103, 3.9819620657333124]",[],"{""allocation_levels"": 7, ""beta_levels"": 5, ""phase_levels"": 8}",546.256719,2a8450eb5d4f6f05c03681c57cc71c0590f449be523644dbfde0384d2f23053d,fc61d5cda7da39530055bae9bd0e92865f995cd9,6ec54735c1c2c35cd253d9d3d23295783293b6d64c65204dfcab16b2d59ebbef
ao_grid,10000,373,test,3.9818855156661184,3.9818855156661184,1.0,True,0.0,2,1471,0,ao_grid_coordinate_codebook,analytical_ris_equal_allocation,"[1.8372663642162592, 3.9818521406939977, 3.9818855156661184]",[],"{""allocation_levels"": 7, ""beta_levels"": 5, ""phase_levels"": 8}",561.527259,2a8450eb5d4f6f05c03681c57cc71c0590f449be523644dbfde0384d2f23053d,fc61d5cda7da39530055bae9bd0e92865f995cd9,6ec54735c1c2c35cd253d9d3d23295783293b6d64c65204dfcab16b2d59ebbef
ao_grid,10000,374,test,3.9818972106889374,3.9818972106889374,1.0,True,0.0,2,1471,0,ao_grid_coordinate_codebook,analytical_ris_equal_allocation,"[1.8373110176760048, 3.981869013738699, 3.9818972106889374]",[],"{""allocation_levels"": 7, ""beta_levels"": 5, ""phase_levels"": 8}",547.069273,2a8450eb5d4f6f05c03681c57cc71c0590f449be523644dbfde0384d2f23053d,fc61d5cda7da39530055bae9bd0e92865f995cd9,6ec54735c1c2c35cd253d9d3d23295783293b6d64c65204dfcab16b2d59ebbef
ao_grid,10000,375,test,3.981962138115046,3.981962138115046,1.0,True,0.0,2,1471,0,ao_grid_coordinate_codebook,analytical_ris_equal_allocation,"[1.8376725990192073, 3.981954623793233, 3.981962138115046]",[],"{""allocation_levels"": 7, ""beta_levels"": 5, ""phase_levels"": 8}",543.039139,2a8450eb5d4f6f05c03681c57cc71c0590f449be523644dbfde0384d2f23053d,fc61d5cda7da39530055bae9bd0e92865f995cd9,6ec54735c1c2c35cd253d9d3d23295783293b6d64c65204dfcab16b2d59ebbef
ao_grid,10000,376,test,3.9819234043000233,3.9819234043000233,1.0,True,0.0,2,1471,0,ao_grid_coordinate_codebook,analytical_ris_equal_allocation,"[1.837486971579751, 3.981917299934828, 3.9819234043000233]",[],"{""allocation_levels"": 7, ""beta_levels"": 5, ""phase_levels"": 8}",606.929105,2a8450eb5d4f6f05c03681c57cc71c0590f449be523644dbfde0384d2f23053d,fc61d5cda7da39530055bae9bd0e92865f995cd9,6ec54735c1c2c35cd253d9d3d23295783293b6d64c65204dfcab16b2d59ebbef
ao_grid,10000,377,test,3.981919536092055,3.981919536092055,1.0,True,0.0,2,1471,0,ao_grid_coordinate_codebook,analytical_ris_equal_allocation,"[1.8375873336624087, 3.9819078625648903, 3.981919536092055]",[],"{""allocation_levels"": 7, ""beta_levels"": 5, ""phase_levels"": 8}",550.102449,2a8450eb5d4f6f05c03681c57cc71c0590f449be523644dbfde0384d2f23053d,fc61d5cda7da39530055bae9bd0e92865f995cd9,6ec54735c1c2c35cd253d9d3d23295783293b6d64c65204dfcab16b2d59ebbef
ao_grid,10000,378,test,3.981953028151004,3.981953028151004,1.0,True,0.0,2,1471,0,ao_grid_coordinate_codebook,analytical_ris_equal_allocation,"[1.8375494028310984, 3.981945468026777, 3.981953028151004]",[],"{""allocation_levels"": 7, ""beta_levels"": 5, ""phase_levels"": 8}",545.539463,2a8450eb5d4f6f05c03681c57cc71c0590f449be523644dbfde0384d2f23053d,fc61d5cda7da39530055bae9bd0e92865f995cd9,6ec54735c1c2c35cd253d9d3d23295783293b6d64c65204dfcab16b2d59ebbef
ao_grid,10000,379,test,3.9819129717474606,3.9819129717474606,1.0,True,0.0,2,1471,0,ao_grid_coordinate_codebook,analytical_ris_equal_allocation,"[1.83741621813886, 3.981884988852398, 3.9819129717474606]",[],"{""allocation_levels"": 7, ""beta_levels"": 5, ""phase_levels"": 8}",547.100137,2a8450eb5d4f6f05c03681c57cc71c0590f449be523644dbfde0384d2f23053d,fc61d5cda7da39530055bae9bd0e92865f995cd9,6ec54735c1c2c35cd253d9d3d23295783293b6d64c65204dfcab16b2d59ebbef
ao_grid,10000,380,test,3.9819633061820356,3.9819633061820356,1.0,True,0.0,2,1471,0,ao_grid_coordinate_codebook,analytical_ris_equal_allocation,"[1.8377127399131938, 3.9819588423775882, 3.9819633061820356]",[],"{""allocation_levels"": 7, ""beta_levels"": 5, ""phase_levels"": 8}",551.439037,2a8450eb5d4f6f05c03681c57cc71c0590f449be523644dbfde0384d2f23053d,fc61d5cda7da39530055bae9bd0e92865f995cd9,6ec54735c1c2c35cd253d9d3d23295783293b6d64c65204dfcab16b2d59ebbef
ao_grid,10000,381,test,3.9819100209663296,3.9819100209663296,1.0,True,0.0,2,1471,0,ao_grid_coordinate_codebook,analytical_ris_equal_allocation,"[1.8374593010338158, 3.981903485765687, 3.9819100209663296]",[],"{""allocation_levels"": 7, ""beta_levels"": 5, ""phase_levels"": 8}",582.913054,2a8450eb5d4f6f05c03681c57cc71c0590f449be523644dbfde0384d2f23053d,fc61d5cda7da39530055bae9bd0e92865f995cd9,6ec54735c1c2c35cd253d9d3d23295783293b6d64c65204dfcab16b2d59ebbef
ao_grid,10000,382,test,3.9818747940311625,3.9818747940311625,1.0,True,0.0,2,1471,0,ao_grid_coordinate_codebook,analytical_ris_equal_allocation,"[1.8372186231744896, 3.981842498711907, 3.9818747940311625]",[],"{""allocation_levels"": 7, ""beta_levels"": 5, ""phase_levels"": 8}",555.939453,2a8450eb5d4f6f05c03681c57cc71c0590f449be523644dbfde0384d2f23053d,fc61d5cda7da39530055bae9bd0e92865f995cd9,6ec54735c1c2c35cd253d9d3d23295783293b6d64c65204dfcab16b2d59ebbef
ao_grid,10000,383,test,3.981955581597272,3.981955581597272,1.0,True,0.0,2,1471,0,ao_grid_coordinate_codebook,analytical_ris_equal_allocation,"[1.837572935347018, 3.981948059809466, 3.981955581597272]",[],"{""allocation_levels"": 7, ""beta_levels"": 5, ""phase_levels"": 8}",547.333311,2a8450eb5d4f6f05c03681c57cc71c0590f449be523644dbfde0384d2f23053d,fc61d5cda7da39530055bae9bd0e92865f995cd9,6ec54735c1c2c35cd253d9d3d23295783293b6d64c65204dfcab16b2d59ebbef
ao_grid,10000,384,test,3.981984360697302,3.981984360697302,1.0,True,0.0,2,1471,0,ao_grid_coordinate_codebook,analytical_ris_equal_allocation,"[1.8377558114463577, 3.981982323877275, 3.981984360697302]",[],"{""allocation_levels"": 7, ""beta_levels"": 5, ""phase_levels"": 8}",534.441368,2a8450eb5d4f6f05c03681c57cc71c0590f449be523644dbfde0384d2f23053d,fc61d5cda7da39530055bae9bd0e92865f995cd9,6ec54735c1c2c35cd253d9d3d23295783293b6d64c65204dfcab16b2d59ebbef
ao_grid,10000,385,test,3.9818446222055766,3.9818446222055766,1.0,True,0.0,2,1471,0,ao_grid_coordinate_codebook,analytical_ris_equal_allocation,"[1.8370285897420058, 3.9818145439111268, 3.9818446222055766]",[],"{""allocation_levels"": 7, ""beta_levels"": 5, ""phase_levels"": 8}",533.472991,2a8450eb5d4f6f05c03681c57cc71c0590f449be523644dbfde0384d2f23053d,fc61d5cda7da39530055bae9bd0e92865f995cd9,6ec54735c1c2c35cd253d9d3d23295783293b6d64c65204dfcab16b2d59ebbef
ao_grid,10000,386,test,3.9819117917794955,3.9819117917794955,1.0,True,0.0,2,1471,0,ao_grid_coordinate_codebook,analytical_ris_equal_allocation,"[1.8374961759853776, 3.9819021340068184, 3.9819117917794955]",[],"{""allocation_levels"": 7, ""beta_levels"": 5, ""phase_levels"": 8}",539.998347,2a8450eb5d4f6f05c03681c57cc71c0590f449be523644dbfde0384d2f23053d,fc61d5cda7da39530055bae9bd0e92865f995cd9,6ec54735c1c2c35cd253d9d3d23295783293b6d64c65204dfcab16b2d59ebbef
ao_grid,10000,387,test,3.981879324298586,3.981879324298586,1.0,True,0.0,2,1471,0,ao_grid_coordinate_codebook,analytical_ris_equal_allocation,"[1.8374309506629887, 3.9818640141432526, 3.981879324298586]",[],"{""allocation_levels"": 7, ""beta_levels"": 5, ""phase_levels"": 8}",548.151684,2a8450eb5d4f6f05c03681c57cc71c0590f449be523644dbfde0384d2f23053d,fc61d5cda7da39530055bae9bd0e92865f995cd9,6ec54735c1c2c35cd253d9d3d23295783293b6d64c65204dfcab16b2d59ebbef
ao_grid,10000,388,test,3.981930233795198,3.981930233795198,1.0,True,0.0,2,1471,0,ao_grid_coordinate_codebook,analytical_ris_equal_allocation,"[1.8375626441531197, 3.981920364186281, 3.981930233795198]",[],"{""allocation_levels"": 7, ""beta_levels"": 5, ""phase_levels"": 8}",534.816955,2a8450eb5d4f6f05c03681c57cc71c0590f449be523644dbfde0384d2f23053d,fc61d5cda7da39530055bae9bd0e92865f995cd9,6ec54735c1c2c35cd253d9d3d23295783293b6d64c65204dfcab16b2d59ebbef
ao_grid,10000,389,test,3.9818825257334574,3.9818825257334574,1.0,True,0.0,2,1471,0,ao_grid_coordinate_codebook,analytical_ris_equal_allocation,"[1.8372546032523724, 3.9818556858911496, 3.9818825257334574]",[],"{""allocation_levels"": 7, ""beta_levels"": 5, ""phase_levels"": 8}",533.160639,2a8450eb5d4f6f05c03681c57cc71c0590f449be523644dbfde0384d2f23053d,fc61d5cda7da39530055bae9bd0e92865f995cd9,6ec54735c1c2c35cd253d9d3d23295783293b6d64c65204dfcab16b2d59ebbef
ao_grid,10000,390,test,3.981893877971033,3.981893877971033,1.0,True,0.0,2,1471,0,ao_grid_coordinate_codebook,analytical_ris_equal_allocation,"[1.8371824304984505, 3.9818041634838477, 3.981893877971033]",[],"{""allocation_levels"": 7, ""beta_levels"": 5, ""phase_levels"": 8}",546.633499,2a8450eb5d4f6f05c03681c57cc71c0590f449be523644dbfde0384d2f23053d,fc61d5cda7da39530055bae9bd0e92865f995cd9,6ec54735c1c2c35cd253d9d3d23295783293b6d64c65204dfcab16b2d59ebbef
ao_grid,10000,391,test,3.981943769768317,3.981943769768317,1.0,True,0.0,2,1471,0,ao_grid_coordinate_codebook,analytical_ris_equal_allocation,"[1.8376342910298264, 3.981933749892372, 3.981943769768317]",[],"{""allocation_levels"": 7, ""beta_levels"": 5, ""phase_levels"": 8}",549.338638,2a8450eb5d4f6f05c03681c57cc71c0590f449be523644dbfde0384d2f23053d,fc61d5cda7da39530055bae9bd0e92865f995cd9,6ec54735c1c2c35cd253d9d3d23295783293b6d64c65204dfcab16b2d59ebbef
ao_grid,10000,392,test,3.981919285992615,3.981919285992615,1.0,True,0.0,2,1471,0,ao_grid_coordinate_codebook,analytical_ris_equal_allocation,"[1.8375734643412742, 3.9819097113928463, 3.981919285992615]",[],"{""allocation_levels"": 7, ""beta_levels"": 5, ""phase_levels"": 8}",542.244341,2a8450eb5d4f6f05c03681c57cc71c0590f449be523644dbfde0384d2f23053d,fc61d5cda7da39530055bae9bd0e92865f995cd9,6ec54735c1c2c35cd253d9d3d23295783293b6d64c65204dfcab16b2d59ebbef
ao_grid,10000,393,test,3.9818489327863142,3.9818489327863142,1.0,True,0.0,2,1471,0,ao_grid_coordinate_codebook,analytical_ris_equal_allocation,"[1.8369435279772157, 3.981749046393963, 3.9818489327863142]",[],"{""allocation_levels"": 7, ""beta_levels"": 5, ""phase_levels"": 8}",545.705774,2a8450eb5d4f6f05c03681c57cc71c0590f449be523644dbfde0384d2f23053d,fc61d5cda7da39530055bae9bd0e92865f995cd9,6ec54735c1c2c35cd253d9d3d23295783293b6d64c65204dfcab16b2d59ebbef
ao_grid,10000,394,test,3.981891795583043,3.981891795583043,1.0,True,0.0,2,1471,0,ao_grid_coordinate_codebook,analytical_ris_equal_allocation,"[1.8370157506277864, 3.9818633967447425, 3.981891795583043]",[],"{""allocation_levels"": 7, ""beta_levels"": 5, ""phase_levels"": 8}",590.678014,2a8450eb5d4f6f05c03681c57cc71c0590f449be523644dbfde0384d2f23053d,fc61d5cda7da39530055bae9bd0e92865f995cd9,6ec54735c1c2c35cd253d9d3d23295783293b6d64c65204dfcab16b2d59ebbef
ao_grid,10000,395,test,3.9819274673763756,3.9819274673763756,1.0,True,0.0,2,1471,0,ao_grid_coordinate_codebook,analytical_ris_equal_allocation,"[1.8374623400794714, 3.9819016909401164, 3.9819274673763756]",[],"{""allocation_levels"": 7, ""beta_levels"": 5, ""phase_levels"": 8}",539.641434,2a8450eb5d4f6f05c03681c57cc71c0590f449be523644dbfde0384d2f23053d,fc61d5cda7da39530055bae9bd0e92865f995cd9,6ec54735c1c2c35cd253d9d3d23295783293b6d64c65204dfcab16b2d59ebbef
ao_grid,10000,396,test,3.981937219797811,3.981937219797811,1.0,True,0.0,2,1471,0,ao_grid_coordinate_codebook,analytical_ris_equal_allocation,"[1.8374551813240851, 3.981926684290375, 3.981937219797811]",[],"{""allocation_levels"": 7, ""beta_levels"": 5, ""phase_levels"": 8}",546.858106,2a8450eb5d4f6f05c03681c57cc71c0590f449be523644dbfde0384d2f23053d,fc61d5cda7da39530055bae9bd0e92865f995cd9,6ec54735c1c2c35cd253d9d3d23295783293b6d64c65204dfcab16b2d59ebbef
ao_grid,10000,397,test,3.981953450521755,3.981953450521755,1.0,True,0.0,2,1471,0,ao_grid_coordinate_codebook,analytical_ris_equal_allocation,"[1.837417301895411, 3.9819267243157874, 3.981953450521755]",[],"{""allocation_levels"": 7, ""beta_levels"": 5, ""phase_levels"": 8}",543.107559,2a8450eb5d4f6f05c03681c57cc71c0590f449be523644dbfde0384d2f23053d,fc61d5cda7da39530055bae9bd0e92865f995cd9,6ec54735c1c2c35cd253d9d3d23295783293b6d64c65204dfcab16b2d59ebbef
ao_grid,10000,398,test,3.981876517080199,3.981876517080199,1.0,True,0.0,2,1471,0,ao_grid_coordinate_codebook,analytical_ris_equal_allocation,"[1.8373964338049449, 3.9818435731571453, 3.981876517080199]",[],"{""allocation_levels"": 7, ""beta_levels"": 5, ""phase_levels"": 8}",538.159795,2a8450eb5d4f6f05c03681c57cc71c0590f449be523644dbfde0384d2f23053d,fc61d5cda7da39530055bae9bd0e92865f995cd9,6ec54735c1c2c35cd253d9d3d23295783293b6d64c65204dfcab16b2d59ebbef
ao_grid,10000,399,test,3.9818386911325403,3.9818386911325403,1.0,True,0.0,2,1471,0,ao_grid_coordinate_codebook,analytical_ris_equal_allocation,"[1.8370544461554554, 3.981809190936568, 3.9818386911325403]",[],"{""allocation_levels"": 7, ""beta_levels"": 5, ""phase_levels"": 8}",580.379845,2a8450eb5d4f6f05c03681c57cc71c0590f449be523644dbfde0384d2f23053d,fc61d5cda7da39530055bae9bd0e92865f995cd9,6ec54735c1c2c35cd253d9d3d23295783293b6d64c65204dfcab16b2d59ebbef
ao_grid,10000,400,test,3.9819330786337597,3.9819330786337597,1.0,True,0.0,2,1471,0,ao_grid_coordinate_codebook,analytical_ris_equal_allocation,"[1.8372863247330018, 3.981897351277561, 3.9819330786337597]",[],"{""allocation_levels"": 7, ""beta_levels"": 5, ""phase_levels"": 8}",576.881022,2a8450eb5d4f6f05c03681c57cc71c0590f449be523644dbfde0384d2f23053d,fc61d5cda7da39530055bae9bd0e92865f995cd9,6ec54735c1c2c35cd253d9d3d23295783293b6d64c65204dfcab16b2d59ebbef
ao_grid,10000,401,test,3.9819318199880462,3.9819318199880462,1.0,True,0.0,2,1471,0,ao_grid_coordinate_codebook,analytical_ris_equal_allocation,"[1.8375940271216786, 3.9819179052239826, 3.9819318199880462]",[],"{""allocation_levels"": 7, ""beta_levels"": 5, ""phase_levels"": 8}",549.109339,2a8450eb5d4f6f05c03681c57cc71c0590f449be523644dbfde0384d2f23053d,fc61d5cda7da39530055bae9bd0e92865f995cd9,6ec54735c1c2c35cd253d9d3d23295783293b6d64c65204dfcab16b2d59ebbef
ao_grid,10000,402,test,3.9819282172447528,3.9819282172447528,1.0,True,0.0,2,1471,0,ao_grid_coordinate_codebook,analytical_ris_equal_allocation,"[1.8374670300253588, 3.981906317396583, 3.9819282172447528]",[],"{""allocation_levels"": 7, ""beta_levels"": 5, ""phase_levels"": 8}",544.704123,2a8450eb5d4f6f05c03681c57cc71c0590f449be523644dbfde0384d2f23053d,fc61d5cda7da39530055bae9bd0e92865f995cd9,6ec54735c1c2c35cd253d9d3d23295783293b6d64c65204dfcab16b2d59ebbef
ao_grid,10000,403,test,3.981858691351388,3.981858691351388,1.0,True,0.0,2,1471,0,ao_grid_coordinate_codebook,analytical_ris_equal_allocation,"[1.8374164901729462, 3.9818516137261675, 3.981858691351388]",[],"{""allocation_levels"": 7, ""beta_levels"": 5, ""phase_levels"": 8}",544.327208,2a8450eb5d4f6f05c03681c57cc71c0590f449be523644dbfde0384d2f23053d,fc61d5cda7da39530055bae9bd0e92865f995cd9,6ec54735c1c2c35cd253d9d3d23295783293b6d64c65204dfcab16b2d59ebbef
ao_grid,10000,404,test,3.9819415355371857,3.9819415355371857,1.0,True,0.0,2,1471,0,ao_grid_coordinate_codebook,analytical_ris_equal_allocation,"[1.837611576402225, 3.9819323361652246, 3.9819415355371857]",[],"{""allocation_levels"": 7, ""beta_levels"": 5, ""phase_levels"": 8}",545.685734,2a8450eb5d4f6f05c03681c57cc71c0590f449be523644dbfde0384d2f23053d,fc61d5cda7da39530055bae9bd0e92865f995cd9,6ec54735c1c2c35cd253d9d3d23295783293b6d64c65204dfcab16b2d59ebbef
ao_grid,10000,405,test,3.981846920815311,3.981846920815311,1.0,True,0.0,2,1471,0,ao_grid_coordinate_codebook,analytical_ris_equal_allocation,"[1.8373808631542385, 3.981828128755068, 3.981846920815311]",[],"{""allocation_levels"": 7, ""beta_levels"": 5, ""phase_levels"": 8}",564.844957,2a8450eb5d4f6f05c03681c57cc71c0590f449be523644dbfde0384d2f23053d,fc61d5cda7da39530055bae9bd0e92865f995cd9,6ec54735c1c2c35cd253d9d3d23295783293b6d64c65204dfcab16b2d59ebbef
ao_grid,10000,406,test,3.981930817739036,3.981930817739036,1.0,True,0.0,2,1471,0,ao_grid_coordinate_codebook,analytical_ris_equal_allocation,"[1.8372109950136948, 3.981916385739279, 3.981930817739036]",[],"{""allocation_levels"": 7, ""beta_levels"": 5, ""phase_levels"": 8}",558.727479,2a8450eb5d4f6f05c03681c57cc71c0590f449be523644dbfde0384d2f23053d,fc61d5cda7da39530055bae9bd0e92865f995cd9,6ec54735c1c2c35cd253d9d3d23295783293b6d64c65204dfcab16b2d59ebbef
ao_grid,10000,407,test,3.981877908560791,3.981877908560791,1.0,True,0.0,2,1471,0,ao_grid_coordinate_codebook,analytical_ris_equal_allocation,"[1.837378578912216, 3.9818599717907404, 3.981877908560791]",[],"{""allocation_levels"": 7, ""beta_levels"": 5, ""phase_levels"": 8}",562.829768,2a8450eb5d4f6f05c03681c57cc71c0590f449be523644dbfde0384d2f23053d,fc61d5cda7da39530055bae9bd0e92865f995cd9,6ec54735c1c2c35cd253d9d3d23295783293b6d64c65204dfcab16b2d59ebbef
ao_grid,10000,408,test,3.9819361143071066,3.9819361143071066,1.0,True,0.0,2,1471,0,ao_grid_coordinate_codebook,analytical_ris_equal_allocation,"[1.8369808671305365, 3.981918100812389, 3.9819361143071066]",[],"{""allocation_levels"": 7, ""beta_levels"": 5, ""phase_levels"": 8}",557.277973,2a8450eb5d4f6f05c03681c57cc71c0590f449be523644dbfde0384d2f23053d,fc61d5cda7da39530055bae9bd0e92865f995cd9,6ec54735c1c2c35cd253d9d3d23295783293b6d64c65204dfcab16b2d59ebbef
ao_grid,10000,409,test,3.9819073190229455,3.9819073190229455,1.0,True,0.0,2,1471,0,ao_grid_coordinate_codebook,analytical_ris_equal_allocation,"[1.8375165249410697, 3.9818821777948186, 3.9819073190229455]",[],"{""allocation_levels"": 7, ""beta_levels"": 5, ""phase_levels"": 8}",573.380948,2a8450eb5d4f6f05c03681c57cc71c0590f449be523644dbfde0384d2f23053d,fc61d5cda7da39530055bae9bd0e92865f995cd9,6ec54735c1c2c35cd253d9d3d23295783293b6d64c65204dfcab16b2d59ebbef
ao_grid,10000,410,test,3.9819220172830567,3.9819220172830567,1.0,True,0.0,2,1471,0,ao_grid_coordinate_codebook,analytical_ris_equal_allocation,"[1.8375257887445242, 3.981889719536497, 3.9819220172830567]",[],"{""allocation_levels"": 7, ""beta_levels"": 5, ""phase_levels"": 8}",544.575926,2a8450eb5d4f6f05c03681c57cc71c0590f449be523644dbfde0384d2f23053d,fc61d5cda7da39530055bae9bd0e92865f995cd9,6ec54735c1c2c35cd253d9d3d23295783293b6d64c65204dfcab16b2d59ebbef
ao_grid,10000,411,test,3.9818584793979217,3.9818584793979217,1.0,True,0.0,2,1471,0,ao_grid_coordinate_codebook,analytical_ris_equal_allocation,"[1.8373348894350932, 3.9818279164231405, 3.9818584793979217]",[],"{""allocation_levels"": 7, ""beta_levels"": 5, ""phase_levels"": 8}",599.761823,2a8450eb5d4f6f05c03681c57cc71c0590f449be523644dbfde0384d2f23053d,fc61d5cda7da39530055bae9bd0e92865f995cd9,6ec54735c1c2c35cd253d9d3d23295783293b6d64c65204dfcab16b2d59ebbef
ao_grid,10000,412,test,3.981819941415412,3.981819941415412,1.0,True,0.0,2,1471,0,ao_grid_coordinate_codebook,analytical_ris_equal_allocation,"[1.8371732059439252, 3.9817926315781262, 3.981819941415412]",[],"{""allocation_levels"": 7, ""beta_levels"": 5, ""phase_levels"": 8}",548.716853,2a8450eb5d4f6f05c03681c57cc71c0590f449be523644dbfde0384d2f23053d,fc61d5cda7da39530055bae9bd0e92865f995cd9,6ec54735c1c2c35cd253d9d3d23295783293b6d64c65204dfcab16b2d59ebbef
ao_grid,10000,413,test,3.9818643613985163,3.9818643613985163,1.0,True,0.0,2,1471,0,ao_grid_coordinate_codebook,analytical_ris_equal_allocation,"[1.83700553324297, 3.9818185189400244, 3.9818643613985163]",[],"{""allocation_levels"": 7, ""beta_levels"": 5, ""phase_levels"": 8}",546.425064,2a8450eb5d4f6f05c03681c57cc71c0590f449be523644dbfde0384d2f23053d,fc61d5cda7da39530055bae9bd0e92865f995cd9,6ec54735c1c2c35cd253d9d3d23295783293b6d64c65204dfcab16b2d59ebbef
ao_grid,10000,414,test,3.9819376270833606,3.9819376270833606,1.0,True,0.0,2,1471,0,ao_grid_coordinate_codebook,analytical_ris_equal_allocation,"[1.8374432128049856, 3.9819115676802785, 3.9819376270833606]",[],"{""allocation_levels"": 7, ""beta_levels"": 5, ""phase_levels"": 8}",553.876353,2a8450eb5d4f6f05c03681c57cc71c0590f449be523644dbfde0384d2f23053d,fc61d5cda7da39530055bae9bd0e92865f995cd9,6ec54735c1c2c35cd253d9d3d23295783293b6d64c65204dfcab16b2d59ebbef
ao_grid,10000,415,test,3.9817680469239285,3.9817680469239285,1.0,True,0.0,2,1471,0,ao_grid_coordinate_codebook,analytical_ris_equal_allocation,"[1.8361381249393862, 3.981704962206239, 3.9817680469239285]",[],"{""allocation_levels"": 7, ""beta_levels"": 5, ""phase_levels"": 8}",550.674293,2a8450eb5d4f6f05c03681c57cc71c0590f449be523644dbfde0384d2f23053d,fc61d5cda7da39530055bae9bd0e92865f995cd9,6ec54735c1c2c35cd253d9d3d23295783293b6d64c65204dfcab16b2d59ebbef
ao_grid,10000,416,test,3.981928993938965,3.981928993938965,1.0,True,0.0,2,1471,0,ao_grid_coordinate_codebook,analytical_ris_equal_allocation,"[1.8375966362112623, 3.981917364459158, 3.981928993938965]",[],"{""allocation_levels"": 7, ""beta_levels"": 5, ""phase_levels"": 8}",545.602899,2a8450eb5d4f6f05c03681c57cc71c0590f449be523644dbfde0384d2f23053d,fc61d5cda7da39530055bae9bd0e92865f995cd9,6ec54735c1c2c35cd253d9d3d23295783293b6d64c65204dfcab16b2d59ebbef
ao_grid,10000,417,test,3.9818748846417766,3.9818748846417766,1.0,True,0.0,2,1471,0,ao_grid_coordinate_codebook,analytical_ris_equal_allocation,"[1.8369084115326826, 3.981859049461928, 3.9818748846417766]",[],"{""allocation_levels"": 7, ""beta_levels"": 5, ""phase_levels"": 8}",584.724909,2a8450eb5d4f6f05c03681c57cc71c0590f449be523644dbfde0384d2f23053d,fc61d5cda7da39530055bae9bd0e92865f995cd9,6ec54735c1c2c35cd253d9d3d23295783293b6d64c65204dfcab16b2d59ebbef
ao_grid,10000,418,test,3.981962968530841,3.981962968530841,1.0,True,0.0,2,1471,0,ao_grid_coordinate_codebook,analytical_ris_equal_allocation,"[1.8373679639714988, 3.9819516860089923, 3.981962968530841]",[],"{""allocation_levels"": 7, ""beta_levels"": 5, ""phase_levels"": 8}",555.110084,2a8450eb5d4f6f05c03681c57cc71c0590f449be523644dbfde0384d2f23053d,fc61d5cda7da39530055bae9bd0e92865f995cd9,6ec54735c1c2c35cd253d9d3d23295783293b6d64c65204dfcab16b2d59ebbef
ao_grid,10000,419,test,3.9819160463648604,3.9819160463648604,1.0,True,0.0,2,1471,0,ao_grid_coordinate_codebook,analytical_ris_equal_allocation,"[1.83728095578776, 3.9818921440967117, 3.9819160463648604]",[],"{""allocation_levels"": 7, ""beta_levels"": 5, ""phase_levels"": 8}",534.099341,2a8450eb5d4f6f05c03681c57cc71c0590f449be523644dbfde0384d2f23053d,fc61d5cda7da39530055bae9bd0e92865f995cd9,6ec54735c1c2c35cd253d9d3d23295783293b6d64c65204dfcab16b2d59ebbef
ao_grid,10000,420,test,3.9819511556104574,3.9819511556104574,1.0,True,0.0,2,1471,0,ao_grid_coordinate_codebook,analytical_ris_equal_allocation,"[1.837528102863892, 3.9819389977771245, 3.9819511556104574]",[],"{""allocation_levels"": 7, ""beta_levels"": 5, ""phase_levels"": 8}",539.06365,2a8450eb5d4f6f05c03681c57cc71c0590f449be523644dbfde0384d2f23053d,fc61d5cda7da39530055bae9bd0e92865f995cd9,6ec54735c1c2c35cd253d9d3d23295783293b6d64c65204dfcab16b2d59ebbef
ao_grid,10000,421,test,3.9819474474701417,3.9819474474701417,1.0,True,0.0,2,1471,0,ao_grid_coordinate_codebook,analytical_ris_equal_allocation,"[1.8375841528570265, 3.981942363340536, 3.9819474474701417]",[],"{""allocation_levels"": 7, ""beta_levels"": 5, ""phase_levels"": 8}",543.855211,2a8450eb5d4f6f05c03681c57cc71c0590f449be523644dbfde0384d2f23053d,fc61d5cda7da39530055bae9bd0e92865f995cd9,6ec54735c1c2c35cd253d9d3d23295783293b6d64c65204dfcab16b2d59ebbef
ao_grid,10000,422,test,3.981865013459779,3.981865013459779,1.0,True,0.0,2,1471,0,ao_grid_coordinate_codebook,analytical_ris_equal_allocation,"[1.8371195405419567, 3.981836166900078, 3.981865013459779]",[],"{""allocation_levels"": 7, ""beta_levels"": 5, ""phase_levels"": 8}",551.872794,2a8450eb5d4f6f05c03681c57cc71c0590f449be523644dbfde0384d2f23053d,fc61d5cda7da39530055bae9bd0e92865f995cd9,6ec54735c1c2c35cd253d9d3d23295783293b6d64c65204dfcab16b2d59ebbef
ao_grid,10000,423,test,3.9819108537779417,3.9819108537779417,1.0,True,0.0,2,1471,0,ao_grid_coordinate_codebook,analytical_ris_equal_allocation,"[1.8363553867867413, 3.9818668400411363, 3.9819108537779417]",[],"{""allocation_levels"": 7, ""beta_levels"": 5, ""phase_levels"": 8}",545.901232,2a8450eb5d4f6f05c03681c57cc71c0590f449be523644dbfde0384d2f23053d,fc61d5cda7da39530055bae9bd0e92865f995cd9,6ec54735c1c2c35cd253d9d3d23295783293b6d64c65204dfcab16b2d59ebbef
ao_grid,10000,424,test,3.9817672714775774,3.9817672714775774,1.0,True,0.0,2,1471,0,ao_grid_coordinate_codebook,analytical_ris_equal_allocation,"[1.8359171067343203, 3.981701240180913, 3.9817672714775774]",[],"{""allocation_levels"": 7, ""beta_levels"": 5, ""phase_levels"": 8}",555.456562,2a8450eb5d4f6f05c03681c57cc71c0590f449be523644dbfde0384d2f23053d,fc61d5cda7da39530055bae9bd0e92865f995cd9,6ec54735c1c2c35cd253d9d3d23295783293b6d64c65204dfcab16b2d59ebbef
ao_grid,10000,425,test,3.981937554340016,3.981937554340016,1.0,True,0.0,2,1471,0,ao_grid_coordinate_codebook,analytical_ris_equal_allocation,"[1.837341185352253, 3.9819222678334705, 3.981937554340016]",[],"{""allocation_levels"": 7, ""beta_levels"": 5, ""phase_levels"": 8}",550.610263,2a8450eb5d4f6f05c03681c57cc71c0590f449be523644dbfde0384d2f23053d,fc61d5cda7da39530055bae9bd0e92865f995cd9,6ec54735c1c2c35cd253d9d3d23295783293b6d64c65204dfcab16b2d59ebbef
ao_grid,10000,426,test,3.9818933905000904,3.9818933905000904,1.0,True,0.0,2,1471,0,ao_grid_coordinate_codebook,analytical_ris_equal_allocation,"[1.837520749672188, 3.981887498366789, 3.9818933905000904]",[],"{""allocation_levels"": 7, ""beta_levels"": 5, ""phase_levels"": 8}",563.337359,2a8450eb5d4f6f05c03681c57cc71c0590f449be523644dbfde0384d2f23053d,fc61d5cda7da39530055bae9bd0e92865f995cd9,6ec54735c1c2c35cd253d9d3d23295783293b6d64c65204dfcab16b2d59ebbef
ao_grid,10000,427,test,3.981941494761795,3.981941494761795,1.0,True,0.0,2,1471,0,ao_grid_coordinate_codebook,analytical_ris_equal_allocation,"[1.8373761082656137, 3.9819112268597188, 3.981941494761795]",[],"{""allocation_levels"": 7, ""beta_levels"": 5, ""phase_levels"": 8}",557.933275,2a8450eb5d4f6f05c03681c57cc71c0590f449be523644dbfde0384d2f23053d,fc61d5cda7da39530055bae9bd0e92865f995cd9,6ec54735c1c2c35cd253d9d3d23295783293b6d64c65204dfcab16b2d59ebbef
ao_grid,10000,428,test,3.9818580175146194,3.9818580175146194,1.0,True,0.0,2,1471,0,ao_grid_coordinate_codebook,analytical_ris_equal_allocation,"[1.8369200544325552, 3.9818007563049695, 3.9818580175146194]",[],"{""allocation_levels"": 7, ""beta_levels"": 5, ""phase_levels"": 8}",551.301154,2a8450eb5d4f6f05c03681c57cc71c0590f449be523644dbfde0384d2f23053d,fc61d5cda7da39530055bae9bd0e92865f995cd9,6ec54735c1c2c35cd253d9d3d23295783293b6d64c65204dfcab16b2d59ebbef
ao_grid,10000,429,test,3.9819267017479274,3.9819267017479274,1.0,True,0.0,2,1471,0,ao_grid_coordinate_codebook,analytical_ris_equal_allocation,"[1.837567571812767, 3.9819151878458063, 3.9819267017479274]",[],"{""allocation_levels"": 7, ""beta_levels"": 5, ""phase_levels"": 8}",568.963115,2a8450eb5d4f6f05c03681c57cc71c0590f449be523644dbfde0384d2f23053d,fc61d5cda7da39530055bae9bd0e92865f995cd9,6ec54735c1c2c35cd253d9d3d23295783293b6d64c65204dfcab16b2d59ebbef
ao_grid,10000,430,test,3.9818812767768703,3.9818812767768703,1.0,True,0.0,2,1471,0,ao_grid_coordinate_codebook,analytical_ris_equal_allocation,"[1.8373241484224168, 3.981854254227432, 3.9818812767768703]",[],"{""allocation_levels"": 7, ""beta_levels"": 5, ""phase_levels"": 8}",552.767246,2a8450eb5d4f6f05c03681c57cc71c0590f449be523644dbfde0384d2f23053d,fc61d5cda7da39530055bae9bd0e92865f995cd9,6ec54735c1c2c35cd253d9d3d23295783293b6d64c65204dfcab16b2d59ebbef
ao_grid,10000,431,test,3.9819386294617596,3.9819386294617596,1.0,True,0.0,2,1471,0,ao_grid_coordinate_codebook,analytical_ris_equal_allocation,"[1.8375743952464652, 3.981909741248863, 3.9819386294617596]",[],"{""allocation_levels"": 7, ""beta_levels"": 5, ""phase_levels"": 8}",563.768435,2a8450eb5d4f6f05c03681c57cc71c0590f449be523644dbfde0384d2f23053d,fc61d5cda7da39530055bae9bd0e92865f995cd9,6ec54735c1c2c35cd253d9d3d23295783293b6d64c65204dfcab16b2d59ebbef
ao_grid,10000,432,test,3.9818576081397326,3.9818576081397326,1.0,True,0.0,2,1471,0,ao_grid_coordinate_codebook,analytical_ris_equal_allocation,"[1.8371803438839645, 3.9818159391124612, 3.9818576081397326]",[],"{""allocation_levels"": 7, ""beta_levels"": 5, ""phase_levels"": 8}",546.076347,2a8450eb5d4f6f05c03681c57cc71c0590f449be523644dbfde0384d2f23053d,fc61d5cda7da39530055bae9bd0e92865f995cd9,6ec54735c1c2c35cd253d9d3d23295783293b6d64c65204dfcab16b2d59ebbef
ao_grid,10000,433,test,3.981929499675407,3.981929499675407,1.0,True,0.0,2,1471,0,ao_grid_coordinate_codebook,analytical_ris_equal_allocation,"[1.837426203853454, 3.981915586272932, 3.981929499675407]",[],"{""allocation_levels"": 7, ""beta_levels"": 5, ""phase_levels"": 8}",561.461864,2a8450eb5d4f6f05c03681c57cc71c0590f449be523644dbfde0384d2f23053d,fc61d5cda7da39530055bae9bd0e92865f995cd9,6ec54735c1c2c35cd253d9d3d23295783293b6d64c65204dfcab16b2d59ebbef
ao_grid,10000,434,test,3.9819749604631776,3.9819749604631776,1.0,True,0.0,2,1471,0,ao_grid_coordinate_codebook,analytical_ris_equal_allocation,"[1.8376447643813847, 3.98195021823351, 3.9819749604631776]",[],"{""allocation_levels"": 7, ""beta_levels"": 5, ""phase_levels"": 8}",562.162603,2a8450eb5d4f6f05c03681c57cc71c0590f449be523644dbfde0384d2f23053d,fc61d5cda7da39530055bae9bd0e92865f995cd9,6ec54735c1c2c35cd253d9d3d23295783293b6d64c65204dfcab16b2d59ebbef
ao_grid,10000,435,test,3.981929042912945,3.981929042912945,1.0,True,0.0,2,1471,0,ao_grid_coordinate_codebook,analytical_ris_equal_allocation,"[1.837165720808809, 3.9818972530037153, 3.981929042912945]",[],"{""allocation_levels"": 7, ""beta_levels"": 5, ""phase_levels"": 8}",554.23981,2a8450eb5d4f6f05c03681c57cc71c0590f449be523644dbfde0384d2f23053d,fc61d5cda7da39530055bae9bd0e92865f995cd9,6ec54735c1c2c35cd253d9d3d23295783293b6d64c65204dfcab16b2d59ebbef
ao_grid,10000,436,test,3.981846307400813,3.981846307400813,1.0,True,0.0,2,1471,0,ao_grid_coordinate_codebook,analytical_ris_equal_allocation,"[1.8372687425451006, 3.9818180760350326, 3.981846307400813]",[],"{""allocation_levels"": 7, ""beta_levels"": 5, ""phase_levels"": 8}",547.498387,2a8450eb5d4f6f05c03681c57cc71c0590f449be523644dbfde0384d2f23053d,fc61d5cda7da39530055bae9bd0e92865f995cd9,6ec54735c1c2c35cd253d9d3d23295783293b6d64c65204dfcab16b2d59ebbef
ao_grid,10000,437,test,3.9819042344249107,3.9819042344249107,1.0,True,0.0,2,1471,0,ao_grid_coordinate_codebook,analytical_ris_equal_allocation,"[1.836176498928791, 3.9818725371816868, 3.9819042344249107]",[],"{""allocation_levels"": 7, ""beta_levels"": 5, ""phase_levels"": 8}",543.595947,2a8450eb5d4f6f05c03681c57cc71c0590f449be523644dbfde0384d2f23053d,fc61d5cda7da39530055bae9bd0e92865f995cd9,6ec54735c1c2c35cd253d9d3d23295783293b6d64c65204dfcab16b2d59ebbef
ao_grid,10000,438,test,3.9818988617852105,3.9818988617852105,1.0,True,0.0,2,1471,0,ao_grid_coordinate_codebook,analytical_ris_equal_allocation,"[1.8373149489301868, 3.9818696531811986, 3.9818988617852105]",[],"{""allocation_levels"": 7, ""beta_levels"": 5, ""phase_levels"": 8}",541.939154,2a8450eb5d4f6f05c03681c57cc71c0590f449be523644dbfde0384d2f23053d,fc61d5cda7da39530055bae9bd0e92865f995cd9,6ec54735c1c2c35cd253d9d3d23295783293b6d64c65204dfcab16b2d59ebbef
ao_grid,10000,439,test,3.981961955875506,3.981961955875506,1.0,True,0.0,2,1471,0,ao_grid_coordinate_codebook,analytical_ris_equal_allocation,"[1.8377169577020278, 3.9819516486573407, 3.981961955875506]",[],"{""allocation_levels"": 7, ""beta_levels"": 5, ""phase_levels"": 8}",547.656928,2a8450eb5d4f6f05c03681c57cc71c0590f449be523644dbfde0384d2f23053d,fc61d5cda7da39530055bae9bd0e92865f995cd9,6ec54735c1c2c35cd253d9d3d23295783293b6d64c65204dfcab16b2d59ebbef
ao_grid,10000,440,test,3.981867940747178,3.981867940747178,1.0,True,0.0,2,1471,0,ao_grid_coordinate_codebook,analytical_ris_equal_allocation,"[1.8368072842427159, 3.9818213755862883, 3.981867940747178]",[],"{""allocation_levels"": 7, ""beta_levels"": 5, ""phase_levels"": 8}",547.440079,2a8450eb5d4f6f05c03681c57cc71c0590f449be523644dbfde0384d2f23053d,fc61d5cda7da39530055bae9bd0e92865f995cd9,6ec54735c1c2c35cd253d9d3d23295783293b6d64c65204dfcab16b2d59ebbef
ao_grid,10000,441,test,3.981902478507038,3.981902478507038,1.0,True,0.0,2,1471,0,ao_grid_coordinate_codebook,analytical_ris_equal_allocation,"[1.8374767159233332, 3.9818856945751175, 3.981902478507038]",[],"{""allocation_levels"": 7, ""beta_levels"": 5, ""phase_levels"": 8}",543.011464,2a8450eb5d4f6f05c03681c57cc71c0590f449be523644dbfde0384d2f23053d,fc61d5cda7da39530055bae9bd0e92865f995cd9,6ec54735c1c2c35cd253d9d3d23295783293b6d64c65204dfcab16b2d59ebbef
ao_grid,10000,442,test,3.9818514161786815,3.9818514161786815,1.0,True,0.0,2,1471,0,ao_grid_coordinate_codebook,analytical_ris_equal_allocation,"[1.8374183518090266, 3.9818244944746057, 3.9818514161786815]",[],"{""allocation_levels"": 7, ""beta_levels"": 5, ""phase_levels"": 8}",560.119803,2a8450eb5d4f6f05c03681c57cc71c0590f449be523644dbfde0384d2f23053d,fc61d5cda7da39530055bae9bd0e92865f995cd9,6ec54735c1c2c35cd253d9d3d23295783293b6d64c65204dfcab16b2d59ebbef
ao_grid,10000,443,test,3.9818566716358887,3.9818566716358887,1.0,True,0.0,2,1471,0,ao_grid_coordinate_codebook,analytical_ris_equal_allocation,"[1.8372273918156472, 3.9818348549317752, 3.9818566716358887]",[],"{""allocation_levels"": 7, ""beta_levels"": 5, ""phase_levels"": 8}",538.477295,2a8450eb5d4f6f05c03681c57cc71c0590f449be523644dbfde0384d2f23053d,fc61d5cda7da39530055bae9bd0e92865f995cd9,6ec54735c1c2c35cd253d9d3d23295783293b6d64c65204dfcab16b2d59ebbef
ao_grid,10000,444,test,3.9818922148671954,3.9818922148671954,1.0,True,0.0,2,1471,0,ao_grid_coordinate_codebook,analytical_ris_equal_allocation,"[1.837416145195721, 3.9818737896548537, 3.9818922148671954]",[],"{""allocation_levels"": 7, ""beta_levels"": 5, ""phase_levels"": 8}",559.587,2a8450eb5d4f6f05c03681c57cc71c0590f449be523644dbfde0384d2f23053d,fc61d5cda7da39530055bae9bd0e92865f995cd9,6ec54735c1c2c35cd253d9d3d23295783293b6d64c65204dfcab16b2d59ebbef
ao_grid,10000,445,test,3.9819390428170767,3.9819390428170767,1.0,True,0.0,2,1471,0,ao_grid_coordinate_codebook,analytical_ris_equal_allocation,"[1.8376576766438535, 3.981928572558866, 3.9819390428170767]",[],"{""allocation_levels"": 7, ""beta_levels"": 5, ""phase_levels"": 8}",546.988418,2a8450eb5d4f6f05c03681c57cc71c0590f449be523644dbfde0384d2f23053d,fc61d5cda7da39530055bae9bd0e92865f995cd9,6ec54735c1c2c35cd253d9d3d23295783293b6d64c65204dfcab16b2d59ebbef
ao_grid,10000,446,test,3.981880840739274,3.981880840739274,1.0,True,0.0,2,1471,0,ao_grid_coordinate_codebook,analytical_ris_equal_allocation,"[1.8357415800979937, 3.9817734799621354, 3.981880840739274]",[],"{""allocation_levels"": 7, ""beta_levels"": 5, ""phase_levels"": 8}",588.270762,2a8450eb5d4f6f05c03681c57cc71c0590f449be523644dbfde0384d2f23053d,fc61d5cda7da39530055bae9bd0e92865f995cd9,6ec54735c1c2c35cd253d9d3d23295783293b6d64c65204dfcab16b2d59ebbef
ao_grid,10000,447,test,3.981952814969442,3.981952814969442,1.0,True,0.0,2,1471,0,ao_grid_coordinate_codebook,analytical_ris_equal_allocation,"[1.8375749536783796, 3.9819388806168696, 3.981952814969442]",[],"{""allocation_levels"": 7, ""beta_levels"": 5, ""phase_levels"": 8}",551.906564,2a8450eb5d4f6f05c03681c57cc71c0590f449be523644dbfde0384d2f23053d,fc61d5cda7da39530055bae9bd0e92865f995cd9,6ec54735c1c2c35cd253d9d3d23295783293b6d64c65204dfcab16b2d59ebbef
ao_grid,10000,448,test,3.9819007483111974,3.9819007483111974,1.0,True,0.0,2,1471,0,ao_grid_coordinate_codebook,analytical_ris_equal_allocation,"[1.8370420584559204, 3.9818749709698187, 3.9819007483111974]",[],"{""allocation_levels"": 7, ""beta_levels"": 5, ""phase_levels"": 8}",553.522902,2a8450eb5d4f6f05c03681c57cc71c0590f449be523644dbfde0384d2f23053d,fc61d5cda7da39530055bae9bd0e92865f995cd9,6ec54735c1c2c35cd253d9d3d23295783293b6d64c65204dfcab16b2d59ebbef
ao_grid,10000,449,test,3.9819672214454167,3.9819672214454167,1.0,True,0.0,2,1471,0,ao_grid_coordinate_codebook,analytical_ris_equal_allocation,"[1.8376569426854863, 3.9819578722078965, 3.9819672214454167]",[],"{""allocation_levels"": 7, ""beta_levels"": 5, ""phase_levels"": 8}",532.647842,2a8450eb5d4f6f05c03681c57cc71c0590f449be523644dbfde0384d2f23053d,fc61d5cda7da39530055bae9bd0e92865f995cd9,6ec54735c1c2c35cd253d9d3d23295783293b6d64c65204dfcab16b2d59ebbef
ao_grid,10000,450,test,3.981923621961121,3.981923621961121,1.0,True,0.0,2,1471,0,ao_grid_coordinate_codebook,analytical_ris_equal_allocation,"[1.8374422994674369, 3.981909386529998, 3.981923621961121]",[],"{""allocation_levels"": 7, ""beta_levels"": 5, ""phase_levels"": 8}",545.021119,2a8450eb5d4f6f05c03681c57cc71c0590f449be523644dbfde0384d2f23053d,fc61d5cda7da39530055bae9bd0e92865f995cd9,6ec54735c1c2c35cd253d9d3d23295783293b6d64c65204dfcab16b2d59ebbef
ao_grid,10000,451,test,3.9820038486719906,3.9820038486719906,1.0,True,0.0,2,1471,0,ao_grid_coordinate_codebook,analytical_ris_equal_allocation,"[1.8378184341812658, 3.9819986194507804, 3.9820038486719906]",[],"{""allocation_levels"": 7, ""beta_levels"": 5, ""phase_levels"": 8}",532.076144,2a8450eb5d4f6f05c03681c57cc71c0590f449be523644dbfde0384d2f23053d,fc61d5cda7da39530055bae9bd0e92865f995cd9,6ec54735c1c2c35cd253d9d3d23295783293b6d64c65204dfcab16b2d59ebbef
ao_grid,10000,452,test,3.9819114341657995,3.9819114341657995,1.0,True,0.0,2,1471,0,ao_grid_coordinate_codebook,analytical_ris_equal_allocation,"[1.837534666765397, 3.9818919779081403, 3.9819114341657995]",[],"{""allocation_levels"": 7, ""beta_levels"": 5, ""phase_levels"": 8}",527.7195,2a8450eb5d4f6f05c03681c57cc71c0590f449be523644dbfde0384d2f23053d,fc61d5cda7da39530055bae9bd0e92865f995cd9,6ec54735c1c2c35cd253d9d3d23295783293b6d64c65204dfcab16b2d59ebbef
ao_grid,10000,453,test,3.9819344921705526,3.9819344921705526,1.0,True,0.0,2,1471,0,ao_grid_coordinate_codebook,analytical_ris_equal_allocation,"[1.837499966541996, 3.9819183965892013, 3.9819344921705526]",[],"{""allocation_levels"": 7, ""beta_levels"": 5, ""phase_levels"": 8}",536.735459,2a8450eb5d4f6f05c03681c57cc71c0590f449be523644dbfde0384d2f23053d,fc61d5cda7da39530055bae9bd0e92865f995cd9,6ec54735c1c2c35cd253d9d3d23295783293b6d64c65204dfcab16b2d59ebbef
ao_grid,10000,454,test,3.9818043282163638,3.9818043282163638,1.0,True,0.0,2,1471,0,ao_grid_coordinate_codebook,analytical_ris_equal_allocation,"[1.837044847359304, 3.981779974608778, 3.9818043282163638]",[],"{""allocation_levels"": 7, ""beta_levels"": 5, ""phase_levels"": 8}",544.747225,2a8450eb5d4f6f05c03681c57cc71c0590f449be523644dbfde0384d2f23053d,fc61d5cda7da39530055bae9bd0e92865f995cd9,6ec54735c1c2c35cd253d9d3d23295783293b6d64c65204dfcab16b2d59ebbef
ao_grid,10000,455,test,3.981840921450599,3.981840921450599,1.0,True,0.0,2,1471,0,ao_grid_coordinate_codebook,analytical_ris_equal_allocation,"[1.8371864809648053, 3.9818205702358123, 3.981840921450599]",[],"{""allocation_levels"": 7, ""beta_levels"": 5, ""phase_levels"": 8}",544.744903,2a8450eb5d4f6f05c03681c57cc71c0590f449be523644dbfde0384d2f23053d,fc61d5cda7da39530055bae9bd0e92865f995cd9,6ec54735c1c2c35cd253d9d3d23295783293b6d64c65204dfcab16b2d59ebbef
ao_grid,10000,456,test,3.9819095706377263,3.9819095706377263,1.0,True,0.0,2,1471,0,ao_grid_coordinate_codebook,analytical_ris_equal_allocation,"[1.8374809783080488, 3.981888974641566, 3.9819095706377263]",[],"{""allocation_levels"": 7, ""beta_levels"": 5, ""phase_levels"": 8}",543.910402,2a8450eb5d4f6f05c03681c57cc71c0590f449be523644dbfde0384d2f23053d,fc61d5cda7da39530055bae9bd0e92865f995cd9,6ec54735c1c2c35cd253d9d3d23295783293b6d64c65204dfcab16b2d59ebbef
ao_grid,10000,457,test,3.981922575158491,3.981922575158491,1.0,True,0.0,2,1471,0,ao_grid_coordinate_codebook,analytical_ris_equal_allocation,"[1.8371307469586808, 3.9818747774212606, 3.981922575158491]",[],"{""allocation_levels"": 7, ""beta_levels"": 5, ""phase_levels"": 8}",550.377198,2a8450eb5d4f6f05c03681c57cc71c0590f449be523644dbfde0384d2f23053d,fc61d5cda7da39530055bae9bd0e92865f995cd9,6ec54735c1c2c35cd253d9d3d23295783293b6d64c65204dfcab16b2d59ebbef
ao_grid,10000,458,test,3.981864364781239,3.981864364781239,1.0,True,0.0,2,1471,0,ao_grid_coordinate_codebook,analytical_ris_equal_allocation,"[1.8373447763433455, 3.9818546974853124, 3.981864364781239]",[],"{""allocation_levels"": 7, ""beta_levels"": 5, ""phase_levels"": 8}",571.042951,2a8450eb5d4f6f05c03681c57cc71c0590f449be523644dbfde0384d2f23053d,fc61d5cda7da39530055bae9bd0e92865f995cd9,6ec54735c1c2c35cd253d9d3d23295783293b6d64c65204dfcab16b2d59ebbef
ao_grid,10000,459,test,3.98186418658872,3.98186418658872,1.0,True,0.0,2,1471,0,ao_grid_coordinate_codebook,analytical_ris_equal_allocation,"[1.8372713908086127, 3.981830102024572, 3.98186418658872]",[],"{""allocation_levels"": 7, ""beta_levels"": 5, ""phase_levels"": 8}",559.553958,2a8450eb5d4f6f05c03681c57cc71c0590f449be523644dbfde0384d2f23053d,fc61d5cda7da39530055bae9bd0e92865f995cd9,6ec54735c1c2c35cd253d9d3d23295783293b6d64c65204dfcab16b2d59ebbef
ao_grid,10000,460,test,3.9818578711595185,3.9818578711595185,1.0,True,0.0,2,1471,0,ao_grid_coordinate_codebook,analytical_ris_equal_allocation,"[1.8354142525013302, 3.9817762702997115, 3.9818578711595185]",[],"{""allocation_levels"": 7, ""beta_levels"": 5, ""phase_levels"": 8}",565.766998,2a8450eb5d4f6f05c03681c57cc71c0590f449be523644dbfde0384d2f23053d,fc61d5cda7da39530055bae9bd0e92865f995cd9,6ec54735c1c2c35cd253d9d3d23295783293b6d64c65204dfcab16b2d59ebbef
ao_grid,10000,461,test,3.9819121353283284,3.9819121353283284,1.0,True,0.0,2,1471,0,ao_grid_coordinate_codebook,analytical_ris_equal_allocation,"[1.8373035809425717, 3.9818867720302253, 3.9819121353283284]",[],"{""allocation_levels"": 7, ""beta_levels"": 5, ""phase_levels"": 8}",539.273729,2a8450eb5d4f6f05c03681c57cc71c0590f449be523644dbfde0384d2f23053d,fc61d5cda7da39530055bae9bd0e92865f995cd9,6ec54735c1c2c35cd253d9d3d23295783293b6d64c65204dfcab16b2d59ebbef
ao_grid,10000,462,test,3.9818396972698236,3.9818396972698236,1.0,True,0.0,2,1471,0,ao_grid_coordinate_codebook,analytical_ris_equal_allocation,"[1.8371057682010632, 3.9817930753857165, 3.9818396972698236]",[],"{""allocation_levels"": 7, ""beta_levels"": 5, ""phase_levels"": 8}",553.17462,2a8450eb5d4f6f05c03681c57cc71c0590f449be523644dbfde0384d2f23053d,fc61d5cda7da39530055bae9bd0e92865f995cd9,6ec54735c1c2c35cd253d9d3d23295783293b6d64c65204dfcab16b2d59ebbef
ao_grid,10000,463,test,3.9819363177448306,3.9819363177448306,1.0,True,0.0,2,1471,0,ao_grid_coordinate_codebook,analytical_ris_equal_allocation,"[1.8370948538009784, 3.981907698659385, 3.9819363177448306]",[],"{""allocation_levels"": 7, ""beta_levels"": 5, ""phase_levels"": 8}",556.866102,2a8450eb5d4f6f05c03681c57cc71c0590f449be523644dbfde0384d2f23053d,fc61d5cda7da39530055bae9bd0e92865f995cd9,6ec54735c1c2c35cd253d9d3d23295783293b6d64c65204dfcab16b2d59ebbef
ao_grid,10000,464,test,3.9819213359489214,3.9819213359489214,1.0,True,0.0,2,1471,0,ao_grid_coordinate_codebook,analytical_ris_equal_allocation,"[1.8370975515634562, 3.9818829555800765, 3.9819213359489214]",[],"{""allocation_levels"": 7, ""beta_levels"": 5, ""phase_levels"": 8}",622.361,2a8450eb5d4f6f05c03681c57cc71c0590f449be523644dbfde0384d2f23053d,fc61d5cda7da39530055bae9bd0e92865f995cd9,6ec54735c1c2c35cd253d9d3d23295783293b6d64c65204dfcab16b2d59ebbef
ao_grid,10000,465,test,3.981896787093942,3.981896787093942,1.0,True,0.0,2,1471,0,ao_grid_coordinate_codebook,analytical_ris_equal_allocation,"[1.8375503330562926, 3.98188051980041, 3.981896787093942]",[],"{""allocation_levels"": 7, ""beta_levels"": 5, ""phase_levels"": 8}",527.402703,2a8450eb5d4f6f05c03681c57cc71c0590f449be523644dbfde0384d2f23053d,fc61d5cda7da39530055bae9bd0e92865f995cd9,6ec54735c1c2c35cd253d9d3d23295783293b6d64c65204dfcab16b2d59ebbef
ao_grid,10000,466,test,3.981881465426371,3.981881465426371,1.0,True,0.0,2,1471,0,ao_grid_coordinate_codebook,analytical_ris_equal_allocation,"[1.837101095010925, 3.981851298412837, 3.981881465426371]",[],"{""allocation_levels"": 7, ""beta_levels"": 5, ""phase_levels"": 8}",538.099966,2a8450eb5d4f6f05c03681c57cc71c0590f449be523644dbfde0384d2f23053d,fc61d5cda7da39530055bae9bd0e92865f995cd9,6ec54735c1c2c35cd253d9d3d23295783293b6d64c65204dfcab16b2d59ebbef
ao_grid,10000,467,test,3.981909390125889,3.981909390125889,1.0,True,0.0,2,1471,0,ao_grid_coordinate_codebook,analytical_ris_equal_allocation,"[1.8375927591311307, 3.981895863668398, 3.981909390125889]",[],"{""allocation_levels"": 7, ""beta_levels"": 5, ""phase_levels"": 8}",536.898067,2a8450eb5d4f6f05c03681c57cc71c0590f449be523644dbfde0384d2f23053d,fc61d5cda7da39530055bae9bd0e92865f995cd9,6ec54735c1c2c35cd253d9d3d23295783293b6d64c65204dfcab16b2d59ebbef
ao_grid,10000,468,test,3.9818732574230307,3.9818732574230307,1.0,True,0.0,2,1471,0,ao_grid_coordinate_codebook,analytical_ris_equal_allocation,"[1.837450841059667, 3.981854144169747, 3.9818732574230307]",[],"{""allocation_levels"": 7, ""beta_levels"": 5, ""phase_levels"": 8}",538.639942,2a8450eb5d4f6f05c03681c57cc71c0590f449be523644dbfde0384d2f23053d,fc61d5cda7da39530055bae9bd0e92865f995cd9,6ec54735c1c2c35cd253d9d3d23295783293b6d64c65204dfcab16b2d59ebbef
ao_grid,10000,469,test,3.981920387671037,3.981920387671037,1.0,True,0.0,2,1471,0,ao_grid_coordinate_codebook,analytical_ris_equal_allocation,"[1.8374790814448443, 3.9819115868306936, 3.981920387671037]",[],"{""allocation_levels"": 7, ""beta_levels"": 5, ""phase_levels"": 8}",537.690115,2a8450eb5d4f6f05c03681c57cc71c0590f449be523644dbfde0384d2f23053d,fc61d5cda7da39530055bae9bd0e92865f995cd9,6ec54735c1c2c35cd253d9d3d23295783293b6d64c65204dfcab16b2d59ebbef
ao_grid,10000,470,test,3.981845410762439,3.981845410762439,1.0,True,0.0,2,1471,0,ao_grid_coordinate_codebook,analytical_ris_equal_allocation,"[1.836361802635511, 3.9817680034210685, 3.981845410762439]",[],"{""allocation_levels"": 7, ""beta_levels"": 5, ""phase_levels"": 8}",552.199832,2a8450eb5d4f6f05c03681c57cc71c0590f449be523644dbfde0384d2f23053d,fc61d5cda7da39530055bae9bd0e92865f995cd9,6ec54735c1c2c35cd253d9d3d23295783293b6d64c65204dfcab16b2d59ebbef
ao_grid,10000,471,test,3.9817647112112913,3.9817647112112913,1.0,True,0.0,2,1471,0,ao_grid_coordinate_codebook,analytical_ris_equal_allocation,"[1.8364705884409935, 3.981725393370571, 3.9817647112112913]",[],"{""allocation_levels"": 7, ""beta_levels"": 5, ""phase_levels"": 8}",553.618021,2a8450eb5d4f6f05c03681c57cc71c0590f449be523644dbfde0384d2f23053d,fc61d5cda7da39530055bae9bd0e92865f995cd9,6ec54735c1c2c35cd253d9d3d23295783293b6d64c65204dfcab16b2d59ebbef
ao_grid,10000,472,test,3.9818880788041033,3.9818880788041033,1.0,True,0.0,2,1471,0,ao_grid_coordinate_codebook,analytical_ris_equal_allocation,"[1.8372578573281153, 3.9818749374352578, 3.9818880788041033]",[],"{""allocation_levels"": 7, ""beta_levels"": 5, ""phase_levels"": 8}",554.162392,2a8450eb5d4f6f05c03681c57cc71c0590f449be523644dbfde0384d2f23053d,fc61d5cda7da39530055bae9bd0e92865f995cd9,6ec54735c1c2c35cd253d9d3d23295783293b6d64c65204dfcab16b2d59ebbef
ao_grid,10000,473,test,3.981809229028314,3.981809229028314,1.0,True,0.0,2,1471,0,ao_grid_coordinate_codebook,analytical_ris_equal_allocation,"[1.8370365066422603, 3.9817639864334926, 3.981809229028314]",[],"{""allocation_levels"": 7, ""beta_levels"": 5, ""phase_levels"": 8}",544.219856,2a8450eb5d4f6f05c03681c57cc71c0590f449be523644dbfde0384d2f23053d,fc61d5cda7da39530055bae9bd0e92865f995cd9,6ec54735c1c2c35cd253d9d3d23295783293b6d64c65204dfcab16b2d59ebbef
ao_grid,10000,474,test,3.9819234178122573,3.9819234178122573,1.0,True,0.0,2,1471,0,ao_grid_coordinate_codebook,analytical_ris_equal_allocation,"[1.8373426421751906, 3.98190320721064, 3.9819234178122573]",[],"{""allocation_levels"": 7, ""beta_levels"": 5, ""phase_levels"": 8}",546.395178,2a8450eb5d4f6f05c03681c57cc71c0590f449be523644dbfde0384d2f23053d,fc61d5cda7da39530055bae9bd0e92865f995cd9,6ec54735c1c2c35cd253d9d3d23295783293b6d64c65204dfcab16b2d59ebbef
ao_grid,10000,475,test,3.9818530201474003,3.9818530201474003,1.0,True,0.0,2,1471,0,ao_grid_coordinate_codebook,analytical_ris_equal_allocation,"[1.8369270628234764, 3.9818153303182964, 3.9818530201474003]",[],"{""allocation_levels"": 7, ""beta_levels"": 5, ""phase_levels"": 8}",555.894049,2a8450eb5d4f6f05c03681c57cc71c0590f449be523644dbfde0384d2f23053d,fc61d5cda7da39530055bae9bd0e92865f995cd9,6ec54735c1c2c35cd253d9d3d23295783293b6d64c65204dfcab16b2d59ebbef
ao_grid,10000,476,test,3.981942055169677,3.981942055169677,1.0,True,0.0,2,1471,0,ao_grid_coordinate_codebook,analytical_ris_equal_allocation,"[1.8374997823548969, 3.9819253303517286, 3.981942055169677]",[],"{""allocation_levels"": 7, ""beta_levels"": 5, ""phase_levels"": 8}",549.255436,2a8450eb5d4f6f05c03681c57cc71c0590f449be523644dbfde0384d2f23053d,fc61d5cda7da39530055bae9bd0e92865f995cd9,6ec54735c1c2c35cd253d9d3d23295783293b6d64c65204dfcab16b2d59ebbef
ao_grid,10000,477,test,3.9819265872542733,3.9819265872542733,1.0,True,0.0,2,1471,0,ao_grid_coordinate_codebook,analytical_ris_equal_allocation,"[1.8376270888859796, 3.9819119067799535, 3.9819265872542733]",[],"{""allocation_levels"": 7, ""beta_levels"": 5, ""phase_levels"": 8}",554.117384,2a8450eb5d4f6f05c03681c57cc71c0590f449be523644dbfde0384d2f23053d,fc61d5cda7da39530055bae9bd0e92865f995cd9,6ec54735c1c2c35cd253d9d3d23295783293b6d64c65204dfcab16b2d59ebbef
ao_grid,10000,478,test,3.9819149131438296,3.9819149131438296,1.0,True,0.0,2,1471,0,ao_grid_coordinate_codebook,analytical_ris_equal_allocation,"[1.8367881698380424, 3.98188032411689, 3.9819149131438296]",[],"{""allocation_levels"": 7, ""beta_levels"": 5, ""phase_levels"": 8}",540.748584,2a8450eb5d4f6f05c03681c57cc71c0590f449be523644dbfde0384d2f23053d,fc61d5cda7da39530055bae9bd0e92865f995cd9,6ec54735c1c2c35cd253d9d3d23295783293b6d64c65204dfcab16b2d59ebbef
ao_grid,10000,479,test,3.981913405809034,3.981913405809034,1.0,True,0.0,2,1471,0,ao_grid_coordinate_codebook,analytical_ris_equal_allocation,"[1.8373809883472498, 3.9818953498911, 3.981913405809034]",[],"{""allocation_levels"": 7, ""beta_levels"": 5, ""phase_levels"": 8}",552.079635,2a8450eb5d4f6f05c03681c57cc71c0590f449be523644dbfde0384d2f23053d,fc61d5cda7da39530055bae9bd0e92865f995cd9,6ec54735c1c2c35cd253d9d3d23295783293b6d64c65204dfcab16b2d59ebbef
ao_grid,10000,480,test,3.98187681757309,3.98187681757309,1.0,True,0.0,2,1471,0,ao_grid_coordinate_codebook,analytical_ris_equal_allocation,"[1.8372856382403533, 3.9818566830526523, 3.98187681757309]",[],"{""allocation_levels"": 7, ""beta_levels"": 5, ""phase_levels"": 8}",557.161773,2a8450eb5d4f6f05c03681c57cc71c0590f449be523644dbfde0384d2f23053d,fc61d5cda7da39530055bae9bd0e92865f995cd9,6ec54735c1c2c35cd253d9d3d23295783293b6d64c65204dfcab16b2d59ebbef
ao_grid,10000,481,test,3.981884004028352,3.981884004028352,1.0,True,0.0,2,1471,0,ao_grid_coordinate_codebook,analytical_ris_equal_allocation,"[1.837208592638816, 3.9818633140515445, 3.981884004028352]",[],"{""allocation_levels"": 7, ""beta_levels"": 5, ""phase_levels"": 8}",544.838919,2a8450eb5d4f6f05c03681c57cc71c0590f449be523644dbfde0384d2f23053d,fc61d5cda7da39530055bae9bd0e92865f995cd9,6ec54735c1c2c35cd253d9d3d23295783293b6d64c65204dfcab16b2d59ebbef
ao_grid,10000,482,test,3.9819464761243744,3.9819464761243744,1.0,True,0.0,2,1471,0,ao_grid_coordinate_codebook,analytical_ris_equal_allocation,"[1.8375876311997366, 3.9819257155489405, 3.9819464761243744]",[],"{""allocation_levels"": 7, ""beta_levels"": 5, ""phase_levels"": 8}",583.556063,2a8450eb5d4f6f05c03681c57cc71c0590f449be523644dbfde0384d2f23053d,fc61d5cda7da39530055bae9bd0e92865f995cd9,6ec54735c1c2c35cd253d9d3d23295783293b6d64c65204dfcab16b2d59ebbef
ao_grid,10000,483,test,3.9818852710745936,3.9818852710745936,1.0,True,0.0,2,1471,0,ao_grid_coordinate_codebook,analytical_ris_equal_allocation,"[1.8353286142750271, 3.981824609148007, 3.9818852710745936]",[],"{""allocation_levels"": 7, ""beta_levels"": 5, ""phase_levels"": 8}",558.213912,2a8450eb5d4f6f05c03681c57cc71c0590f449be523644dbfde0384d2f23053d,fc61d5cda7da39530055bae9bd0e92865f995cd9,6ec54735c1c2c35cd253d9d3d23295783293b6d64c65204dfcab16b2d59ebbef
ao_grid,10000,484,test,3.98176798053247,3.98176798053247,1.0,True,0.0,2,1471,0,ao_grid_coordinate_codebook,analytical_ris_equal_allocation,"[1.8360850076624264, 3.9816824209529047, 3.98176798053247]",[],"{""allocation_levels"": 7, ""beta_levels"": 5, ""phase_levels"": 8}",563.730801,2a8450eb5d4f6f05c03681c57cc71c0590f449be523644dbfde0384d2f23053d,fc61d5cda7da39530055bae9bd0e92865f995cd9,6ec54735c1c2c35cd253d9d3d23295783293b6d64c65204dfcab16b2d59ebbef
ao_grid,10000,485,test,3.981952825828489,3.981952825828489,1.0,True,0.0,2,1471,0,ao_grid_coordinate_codebook,analytical_ris_equal_allocation,"[1.8375042960108328, 3.981940611864162, 3.981952825828489]",[],"{""allocation_levels"": 7, ""beta_levels"": 5, ""phase_levels"": 8}",559.175664,2a8450eb5d4f6f05c03681c57cc71c0590f449be523644dbfde0384d2f23053d,fc61d5cda7da39530055bae9bd0e92865f995cd9,6ec54735c1c2c35cd253d9d3d23295783293b6d64c65204dfcab16b2d59ebbef
ao_grid,10000,486,test,3.981944568056517,3.981944568056517,1.0,True,0.0,2,1471,0,ao_grid_coordinate_codebook,analytical_ris_equal_allocation,"[1.8374976266769856, 3.9819194976667918, 3.981944568056517]",[],"{""allocation_levels"": 7, ""beta_levels"": 5, ""phase_levels"": 8}",547.985747,2a8450eb5d4f6f05c03681c57cc71c0590f449be523644dbfde0384d2f23053d,fc61d5cda7da39530055bae9bd0e92865f995cd9,6ec54735c1c2c35cd253d9d3d23295783293b6d64c65204dfcab16b2d59ebbef
ao_grid,10000,487,test,3.981882647934594,3.981882647934594,1.0,True,0.0,2,1471,0,ao_grid_coordinate_codebook,analytical_ris_equal_allocation,"[1.8372972830588221, 3.981859943414981, 3.981882647934594]",[],"{""allocation_levels"": 7, ""beta_levels"": 5, ""phase_levels"": 8}",533.039401,2a8450eb5d4f6f05c03681c57cc71c0590f449be523644dbfde0384d2f23053d,fc61d5cda7da39530055bae9bd0e92865f995cd9,6ec54735c1c2c35cd253d9d3d23295783293b6d64c65204dfcab16b2d59ebbef
ao_grid,10000,488,test,3.981920885558451,3.981920885558451,1.0,True,0.0,2,1471,0,ao_grid_coordinate_codebook,analytical_ris_equal_allocation,"[1.8368259981975055, 3.981891022049587, 3.981920885558451]",[],"{""allocation_levels"": 7, ""beta_levels"": 5, ""phase_levels"": 8}",549.334395,2a8450eb5d4f6f05c03681c57cc71c0590f449be523644dbfde0384d2f23053d,fc61d5cda7da39530055bae9bd0e92865f995cd9,6ec54735c1c2c35cd253d9d3d23295783293b6d64c65204dfcab16b2d59ebbef
ao_grid,10000,489,test,3.981899132053642,3.981899132053642,1.0,True,0.0,2,1471,0,ao_grid_coordinate_codebook,analytical_ris_equal_allocation,"[1.837149686719707, 3.9818790482650344, 3.981899132053642]",[],"{""allocation_levels"": 7, ""beta_levels"": 5, ""phase_levels"": 8}",537.196034,2a8450eb5d4f6f05c03681c57cc71c0590f449be523644dbfde0384d2f23053d,fc61d5cda7da39530055bae9bd0e92865f995cd9,6ec54735c1c2c35cd253d9d3d23295783293b6d64c65204dfcab16b2d59ebbef
ao_grid,10000,490,test,3.981950103973631,3.981950103973631,1.0,True,0.0,2,1471,0,ao_grid_coordinate_codebook,analytical_ris_equal_allocation,"[1.8376456338988119, 3.981937699027664, 3.981950103973631]",[],"{""allocation_levels"": 7, ""beta_levels"": 5, ""phase_levels"": 8}",536.272237,2a8450eb5d4f6f05c03681c57cc71c0590f449be523644dbfde0384d2f23053d,fc61d5cda7da39530055bae9bd0e92865f995cd9,6ec54735c1c2c35cd253d9d3d23295783293b6d64c65204dfcab16b2d59ebbef
ao_grid,10000,491,test,3.9819449559611106,3.9819449559611106,1.0,True,0.0,2,1471,0,ao_grid_coordinate_codebook,analytical_ris_equal_allocation,"[1.837614617677733, 3.9819123599853397, 3.9819449559611106]",[],"{""allocation_levels"": 7, ""beta_levels"": 5, ""phase_levels"": 8}",535.042323,2a8450eb5d4f6f05c03681c57cc71c0590f449be523644dbfde0384d2f23053d,fc61d5cda7da39530055bae9bd0e92865f995cd9,6ec54735c1c2c35cd253d9d3d23295783293b6d64c65204dfcab16b2d59ebbef
ao_grid,10000,492,test,3.9818839854686034,3.9818839854686034,1.0,True,0.0,2,1471,0,ao_grid_coordinate_codebook,analytical_ris_equal_allocation,"[1.8361100912118642, 3.981848249986742, 3.9818839854686034]",[],"{""allocation_levels"": 7, ""beta_levels"": 5, ""phase_levels"": 8}",531.884165,2a8450eb5d4f6f05c03681c57cc71c0590f449be523644dbfde0384d2f23053d,fc61d5cda7da39530055bae9bd0e92865f995cd9,6ec54735c1c2c35cd253d9d3d23295783293b6d64c65204dfcab16b2d59ebbef
ao_grid,10000,493,test,3.981890547541226,3.981890547541226,1.0,True,0.0,2,1471,0,ao_grid_coordinate_codebook,analytical_ris_equal_allocation,"[1.8365855535425675, 3.9818537927057136, 3.981890547541226]",[],"{""allocation_levels"": 7, ""beta_levels"": 5, ""phase_levels"": 8}",545.368431,2a8450eb5d4f6f05c03681c57cc71c0590f449be523644dbfde0384d2f23053d,fc61d5cda7da39530055bae9bd0e92865f995cd9,6ec54735c1c2c35cd253d9d3d23295783293b6d64c65204dfcab16b2d59ebbef
ao_grid,10000,494,test,3.9819081834137653,3.9819081834137653,1.0,True,0.0,2,1471,0,ao_grid_coordinate_codebook,analytical_ris_equal_allocation,"[1.8374471162629873, 3.981896614449907, 3.9819081834137653]",[],"{""allocation_levels"": 7, ""beta_levels"": 5, ""phase_levels"": 8}",551.575946,2a8450eb5d4f6f05c03681c57cc71c0590f449be523644dbfde0384d2f23053d,fc61d5cda7da39530055bae9bd0e92865f995cd9,6ec54735c1c2c35cd253d9d3d23295783293b6d64c65204dfcab16b2d59ebbef
ao_grid,10000,495,test,3.9819528915394957,3.9819528915394957,1.0,True,0.0,2,1471,0,ao_grid_coordinate_codebook,analytical_ris_equal_allocation,"[1.8374226733782992, 3.981932786691788, 3.9819528915394957]",[],"{""allocation_levels"": 7, ""beta_levels"": 5, ""phase_levels"": 8}",546.202023,2a8450eb5d4f6f05c03681c57cc71c0590f449be523644dbfde0384d2f23053d,fc61d5cda7da39530055bae9bd0e92865f995cd9,6ec54735c1c2c35cd253d9d3d23295783293b6d64c65204dfcab16b2d59ebbef
ao_grid,10000,496,test,3.981815872886946,3.981815872886946,1.0,True,0.0,2,1471,0,ao_grid_coordinate_codebook,analytical_ris_equal_allocation,"[1.836677328221073, 3.9817844278934658, 3.981815872886946]",[],"{""allocation_levels"": 7, ""beta_levels"": 5, ""phase_levels"": 8}",546.777392,2a8450eb5d4f6f05c03681c57cc71c0590f449be523644dbfde0384d2f23053d,fc61d5cda7da39530055bae9bd0e92865f995cd9,6ec54735c1c2c35cd253d9d3d23295783293b6d64c65204dfcab16b2d59ebbef
ao_grid,10000,497,test,3.9819364230308025,3.9819364230308025,1.0,True,0.0,2,1471,0,ao_grid_coordinate_codebook,analytical_ris_equal_allocation,"[1.8375092731285416, 3.9819012503526903, 3.9819364230308025]",[],"{""allocation_levels"": 7, ""beta_levels"": 5, ""phase_levels"": 8}",557.015078,2a8450eb5d4f6f05c03681c57cc71c0590f449be523644dbfde0384d2f23053d,fc61d5cda7da39530055bae9bd0e92865f995cd9,6ec54735c1c2c35cd253d9d3d23295783293b6d64c65204dfcab16b2d59ebbef
ao_grid,10000,498,test,3.9819512202830434,3.9819512202830434,1.0,True,0.0,2,1471,0,ao_grid_coordinate_codebook,analytical_ris_equal_allocation,"[1.8375156234393786, 3.981931274734076, 3.9819512202830434]",[],"{""allocation_levels"": 7, ""beta_levels"": 5, ""phase_levels"": 8}",561.16255,2a8450eb5d4f6f05c03681c57cc71c0590f449be523644dbfde0384d2f23053d,fc61d5cda7da39530055bae9bd0e92865f995cd9,6ec54735c1c2c35cd253d9d3d23295783293b6d64c65204dfcab16b2d59ebbef
ao_grid,10000,499,test,3.9819399971105094,3.9819399971105094,1.0,True,0.0,2,1471,0,ao_grid_coordinate_codebook,analytical_ris_equal_allocation,"[1.837548721823078, 3.9819183550126542, 3.9819399971105094]",[],"{""allocation_levels"": 7, ""beta_levels"": 5, ""phase_levels"": 8}",507.595212,2a8450eb5d4f6f05c03681c57cc71c0590f449be523644dbfde0384d2f23053d,fc61d5cda7da39530055bae9bd0e92865f995cd9,6ec54735c1c2c35cd253d9d3d23295783293b6d64c65204dfcab16b2d59ebbef
